Pass;Result;Profit;Expected Payoff;Profit Factor;Recovery Factor;Sharpe Ratio;Custom;Equity DD %;Trades;InpMA1Period;InpMA2Period;InpADXPeriod;InpADXThreshold;InpTPPoints;InpSLPoints
1;100,00;308,82;0,00;0,00;0,00;0,31;0,00;0,00;342;37;181;24;16;525;131
2;31,71;-441,53;0,00;0,00;0,00;-0,44;0,00;0,00;468;159;111;20;39;645;272
3;0,00;-731,78;0,00;0,00;0,00;-0,73;0,00;0,00;395;162;185;13;24;818;483
4;24,60;-402,52;0,00;0,00;0,00;-0,40;0,00;0,00;199;145;113;48;34;622;693
5;31,19;-326,28;0,00;0,00;0,00;-0,33;0,00;0,00;473;163;62;40;28;417;198
6;55,13;-150,74;0,00;0,00;0,00;-0,15;0,00;0,00;378;181;130;32;17;879;183
7;74,32;33,68;0,00;0,00;0,00;0,03;0,00;0,00;464;42;135;13;34;797;138
8;72,97;61,13;0,00;0,00;0,00;0,06;0,00;0,00;281;28;133;46;30;332;408
9;82,49;65,09;0,00;0,00;0,00;0,07;0,00;0,00;407;46;151;31;17;685;424
10;22,43;-477,04;0,00;0,00;0,00;-0,48;0,00;0,00;225;134;107;12;22;854;332
11;13,43;-465,66;0,00;0,00;0,00;-0,47;0,00;0,00;232;28;89;33;39;423;165
12;53,16;-185,40;0,00;0,00;0,00;-0,19;0,00;0,00;481;151;13;15;35;124;871
13;30,36;-419,21;0,00;0,00;0,00;-0,42;0,00;0,00;144;85;136;39;20;821;397
14;42,26;-186,58;0,00;0,00;0,00;-0,19;0,00;0,00;14;89;157;26;24;384;380
15;76,90;86,36;0,00;0,00;0,00;0,09;0,00;0,00;70;13;190;48;15;385;548
16;54,84;-202,86;0,00;0,00;0,00;-0,20;0,00;0,00;10;113;156;48;31;796;179
17;18,33;-493,80;0,00;0,00;0,00;-0,49;0,00;0,00;89;103;95;35;27;895;794
18;50,60;-182,01;0,00;0,00;0,00;-0,18;0,00;0,00;246;150;128;29;20;701;788
19;47,86;-209,62;0,00;0,00;0,00;-0,21;0,00;0,00;32;58;73;47;31;518;225
20;36,98;-361,43;0,00;0,00;0,00;-0,36;0,00;0,00;119;121;61;29;16;750;171
21;86,92;128,68;0,00;0,00;0,00;0,13;0,00;0,00;54;153;67;17;18;324;153
22;57,69;-96,25;0,00;0,00;0,00;-0,10;0,00;0,00;65;186;146;30;21;507;893
23;49,32;-268,46;0,00;0,00;0,00;-0,27;0,00;0,00;488;100;151;39;23;163;787
24;76,37;38,80;0,00;0,00;0,00;0,04;0,00;0,00;435;96;36;44;23;764;474
25;44,71;-293,88;0,00;0,00;0,00;-0,29;0,00;0,00;470;34;103;23;36;639;826
26;79,12;136,03;0,00;0,00;0,00;0,14;0,00;0,00;94;134;14;25;34;549;328
27;95,49;322,97;0,00;0,00;0,00;0,32;0,00;0,00;105;30;142;37;26;513;541
28;50,94;-202,64;0,00;0,00;0,00;-0,20;0,00;0,00;363;98;65;13;29;166;425
29;42,36;-236,19;0,00;0,00;0,00;-0,24;0,00;0,00;248;63;194;26;29;554;716
30;74,57;68,72;0,00;0,00;0,00;0,07;0,00;0,00;443;57;167;47;29;269;648
31;36,20;-272,78;0,00;0,00;0,00;-0,27;0,00;0,00;122;40;79;39;27;633;109
32;51,14;-181,98;0,00;0,00;0,00;-0,18;0,00;0,00;240;197;26;18;21;235;974
33;67,13;-64,89;0,00;0,00;0,00;-0,06;0,00;0,00;208;135;143;17;34;868;582
34;12,02;-585,71;0,00;0,00;0,00;-0,59;0,00;0,00;311;70;39;43;39;347;851
35;59,59;-59,61;0,00;0,00;0,00;-0,06;0,00;0,00;124;95;45;15;17;737;418
36;34,16;-342,35;0,00;0,00;0,00;-0,34;0,00;0,00;182;80;116;22;23;817;422
37;67,59;-55,89;0,00;0,00;0,00;-0,06;0,00;0,00;165;117;173;23;37;718;703
38;42,64;-187,24;0,00;0,00;0,00;-0,19;0,00;0,00;412;129;108;15;16;411;662
39;35,89;-327,49;0,00;0,00;0,00;-0,33;0,00;0,00;452;182;108;30;31;429;198
40;0,00;-663,88;0,00;0,00;0,00;-0,66;0,00;0,00;311;81;154;21;21;781;998
41;17,08;-517,26;0,00;0,00;0,00;-0,52;0,00;0,00;125;57;18;17;37;632;515
42;21,41;-457,32;0,00;0,00;0,00;-0,46;0,00;0,00;399;119;36;26;34;798;594
43;17,54;-517,72;0,00;0,00;0,00;-0,52;0,00;0,00;419;25;53;33;30;697;637
44;0,00;-707,42;0,00;0,00;0,00;-0,71;0,00;0,00;46;179;155;24;38;813;396
45;46,92;-267,36;0,00;0,00;0,00;-0,27;0,00;0,00;210;150;164;13;24;730;805
46;46,09;-208,90;0,00;0,00;0,00;-0,21;0,00;0,00;266;139;138;25;21;739;420
47;65,20;-115,74;0,00;0,00;0,00;-0,12;0,00;0,00;420;87;150;43;19;230;144
48;59,44;-127,56;0,00;0,00;0,00;-0,13;0,00;0,00;482;77;104;45;21;828;592
49;42,58;-223,12;0,00;0,00;0,00;-0,22;0,00;0,00;350;180;25;16;19;915;958
50;35,51;-284,22;0,00;0,00;0,00;-0,28;0,00;0,00;160;100;73;49;27;931;925
51;0,00;-636,96;0,00;0,00;0,00;-0,64;0,00;0,00;368;120;196;32;34;550;147
52;36,32;-310,00;0,00;0,00;0,00;-0,31;0,00;0,00;223;35;150;39;19;702;770
53;51,47;-126,38;0,00;0,00;0,00;-0,13;0,00;0,00;437;119;15;15;21;325;711
54;52,21;-224,96;0,00;0,00;0,00;-0,22;0,00;0,00;106;157;97;15;34;959;459
55;13,13;-598,23;0,00;0,00;0,00;-0,60;0,00;0,00;53;171;170;36;35;665;550
56;59,32;-79,07;0,00;0,00;0,00;-0,08;0,00;0,00;185;151;105;26;26;361;215
57;68,59;-29,97;0,00;0,00;0,00;-0,03;0,00;0,00;312;18;56;17;27;932;854
58;33,82;-335,86;0,00;0,00;0,00;-0,34;0,00;0,00;358;63;51;18;19;464;291
59;0,00;-761,58;0,00;0,00;0,00;-0,76;0,00;0,00;183;87;119;30;30;174;136
60;79,91;173,45;0,00;0,00;0,00;0,17;0,00;0,00;108;105;19;43;19;355;605
61;0,00;-698,50;0,00;0,00;0,00;-0,70;0,00;0,00;35;167;147;48;30;152;159
62;37,41;-263,47;0,00;0,00;0,00;-0,26;0,00;0,00;287;188;87;33;15;541;112
63;64,16;-103,80;0,00;0,00;0,00;-0,10;0,00;0,00;233;84;150;33;21;588;834
64;68,49;-51,54;0,00;0,00;0,00;-0,05;0,00;0,00;74;171;198;29;18;843;924
65;8,29;-653,70;0,00;0,00;0,00;-0,65;0,00;0,00;204;38;166;37;31;294;488
66;0,00;-698,02;0,00;0,00;0,00;-0,70;0,00;0,00;470;179;144;27;17;901;444
67;18,93;-485,74;0,00;0,00;0,00;-0,49;0,00;0,00;219;188;166;13;32;993;881
68;31,88;-344,56;0,00;0,00;0,00;-0,34;0,00;0,00;492;32;191;43;39;182;924
69;83,29;124,53;0,00;0,00;0,00;0,12;0,00;0,00;143;144;164;20;30;638;142
70;84,39;174,23;0,00;0,00;0,00;0,17;0,00;0,00;218;137;127;45;30;807;377
71;48,34;-164,00;0,00;0,00;0,00;-0,16;0,00;0,00;336;118;160;44;15;658;945
72;29,38;-513,05;0,00;0,00;0,00;-0,51;0,00;0,00;499;181;78;46;25;681;751
73;54,39;-118,51;0,00;0,00;0,00;-0,12;0,00;0,00;378;18;19;47;25;435;741
74;83,51;99,32;0,00;0,00;0,00;0,10;0,00;0,00;361;92;144;11;25;491;672
75;29,11;-402,55;0,00;0,00;0,00;-0,40;0,00;0,00;159;18;196;40;19;580;304
76;27,64;-515,35;0,00;0,00;0,00;-0,52;0,00;0,00;35;143;130;10;36;602;491
77;23,72;-479,61;0,00;0,00;0,00;-0,48;0,00;0,00;64;165;141;21;17;607;732
78;43,14;-306,66;0,00;0,00;0,00;-0,31;0,00;0,00;161;194;172;48;22;803;503
79;90,44;198,44;0,00;0,00;0,00;0,20;0,00;0,00;129;195;30;34;20;857;604
80;66,84;27,31;0,00;0,00;0,00;0,03;0,00;0,00;208;69;135;45;30;459;798
81;55,53;-155,10;0,00;0,00;0,00;-0,16;0,00;0,00;53;120;92;38;31;834;922
82;43,58;-288,37;0,00;0,00;0,00;-0,29;0,00;0,00;279;158;124;41;23;862;739
83;52,12;-272,81;0,00;0,00;0,00;-0,27;0,00;0,00;19;174;26;15;28;786;617
84;65,62;-13,77;0,00;0,00;0,00;-0,01;0,00;0,00;477;82;135;35;35;291;467
85;83,40;131,67;0,00;0,00;0,00;0,13;0,00;0,00;282;92;44;43;38;797;181
86;43,25;-212,95;0,00;0,00;0,00;-0,21;0,00;0,00;316;170;196;13;34;121;746
87;69,01;34,60;0,00;0,00;0,00;0,03;0,00;0,00;478;63;22;16;37;477;472
88;45,19;-218,91;0,00;0,00;0,00;-0,22;0,00;0,00;209;80;187;13;38;189;798
89;33,50;-351,45;0,00;0,00;0,00;-0,35;0,00;0,00;465;97;87;24;28;535;541
90;12,96;-573,87;0,00;0,00;0,00;-0,57;0,00;0,00;220;21;168;47;36;453;923
91;63,31;-78,78;0,00;0,00;0,00;-0,08;0,00;0,00;484;95;110;46;32;989;390
92;96,77;249,34;0,00;0,00;0,00;0,25;0,00;0,00;83;199;86;12;26;112;297
93;54,72;-73,62;0,00;0,00;0,00;-0,07;0,00;0,00;232;182;10;28;30;710;965
94;36,17;-455,13;0,00;0,00;0,00;-0,46;0,00;0,00;150;143;186;29;28;734;253
95;61,76;-68,62;0,00;0,00;0,00;-0,07;0,00;0,00;209;163;140;42;34;403;627
96;64,05;-19,64;0,00;0,00;0,00;-0,02;0,00;0,00;363;136;179;35;23;865;553
97;91,46;233,25;0,00;0,00;0,00;0,23;0,00;0,00;138;74;197;39;19;729;633
98;24,85;-399,49;0,00;0,00;0,00;-0,40;0,00;0,00;367;136;134;45;33;480;176
99;17,25;-511,95;0,00;0,00;0,00;-0,51;0,00;0,00;109;85;53;22;33;154;655
100;25,14;-459,55;0,00;0,00;0,00;-0,46;0,00;0,00;149;133;168;43;37;760;198
101;72,47;-33,82;0,00;0,00;0,00;-0,03;0,00;0,00;192;83;140;10;20;951;747
102;23,88;-444,98;0,00;0,00;0,00;-0,44;0,00;0,00;129;167;97;24;39;516;247
103;78,79;69,51;0,00;0,00;0,00;0,07;0,00;0,00;207;181;133;33;35;759;407
104;53,77;-313,37;0,00;0,00;0,00;-0,31;0,00;0,00;449;20;156;20;19;736;125
105;59,60;-56,40;0,00;0,00;0,00;-0,06;0,00;0,00;262;156;107;26;37;252;158
106;50,18;-199,94;0,00;0,00;0,00;-0,20;0,00;0,00;136;111;10;32;18;202;633
107;62,37;-3,12;0,00;0,00;0,00;-0,00;0,00;0,00;35;114;161;43;37;271;330
108;26,45;-497,06;0,00;0,00;0,00;-0,50;0,00;0,00;110;36;128;28;15;758;376
109;71,88;-23,62;0,00;0,00;0,00;-0,02;0,00;0,00;70;173;148;19;18;803;733
110;85,62;279,17;0,00;0,00;0,00;0,28;0,00;0,00;497;103;193;36;37;271;996
111;0,00;-641,17;0,00;0,00;0,00;-0,64;0,00;0,00;109;177;23;16;29;377;565
112;62,64;-95,54;0,00;0,00;0,00;-0,10;0,00;0,00;390;145;41;15;37;978;737
113;13,20;-672,42;0,00;0,00;0,00;-0,67;0,00;0,00;437;188;144;38;28;230;119
114;19,75;-496,07;0,00;0,00;0,00;-0,50;0,00;0,00;427;54;131;40;24;922;562
115;75,28;-56,69;0,00;0,00;0,00;-0,06;0,00;0,00;391;187;103;35;15;913;336
116;74,76;9,35;0,00;0,00;0,00;0,01;0,00;0,00;143;179;110;37;34;206;411
117;51,77;-133,66;0,00;0,00;0,00;-0,13;0,00;0,00;285;77;19;49;23;996;207
118;46,44;-255,27;0,00;0,00;0,00;-0,26;0,00;0,00;177;19;41;25;37;499;385
119;62,29;-36,12;0,00;0,00;0,00;-0,04;0,00;0,00;454;111;57;15;15;503;198
120;64,08;-104,99;0,00;0,00;0,00;-0,10;0,00;0,00;300;156;194;21;38;896;204
121;6,63;-676,82;0,00;0,00;0,00;-0,68;0,00;0,00;197;16;73;42;25;958;584
122;48,26;-136,90;0,00;0,00;0,00;-0,14;0,00;0,00;464;19;108;13;22;244;470
123;49,90;-219,51;0,00;0,00;0,00;-0,22;0,00;0,00;343;21;77;31;37;628;392
124;75,17;-6,25;0,00;0,00;0,00;-0,01;0,00;0,00;360;183;154;14;37;672;494
125;70,54;34,25;0,00;0,00;0,00;0,03;0,00;0,00;395;30;50;12;33;324;667
126;56,19;-105,07;0,00;0,00;0,00;-0,11;0,00;0,00;298;20;115;43;23;792;318
127;39,62;-293,80;0,00;0,00;0,00;-0,29;0,00;0,00;412;199;110;27;27;844;690
128;2,65;-585,64;0,00;0,00;0,00;-0,59;0,00;0,00;433;187;106;49;33;306;809
129;59,80;-51,81;0,00;0,00;0,00;-0,05;0,00;0,00;475;187;113;18;25;312;194
130;39,17;-314,81;0,00;0,00;0,00;-0,31;0,00;0,00;170;76;125;41;25;829;408
131;84,62;93,23;0,00;0,00;0,00;0,09;0,00;0,00;386;95;42;17;39;608;520
132;16,00;-529,28;0,00;0,00;0,00;-0,53;0,00;0,00;80;153;151;20;17;131;586
133;17,77;-515,45;0,00;0,00;0,00;-0,52;0,00;0,00;251;131;167;37;24;488;147
134;85,65;123,43;0,00;0,00;0,00;0,12;0,00;0,00;439;105;147;13;20;876;957
135;63,23;-50,60;0,00;0,00;0,00;-0,05;0,00;0,00;244;176;83;27;32;989;622
136;57,17;-32,63;0,00;0,00;0,00;-0,03;0,00;0,00;239;101;125;34;18;841;429
137;50,12;-185,91;0,00;0,00;0,00;-0,19;0,00;0,00;441;114;101;43;26;708;941
138;83,05;178,10;0,00;0,00;0,00;0,18;0,00;0,00;284;190;98;48;21;617;126
139;84,50;155,61;0,00;0,00;0,00;0,16;0,00;0,00;281;153;187;48;36;452;829
140;58,33;-111,11;0,00;0,00;0,00;-0,11;0,00;0,00;260;199;194;32;39;376;939
141;62,67;-75,09;0,00;0,00;0,00;-0,08;0,00;0,00;189;90;47;20;19;749;234
142;66,41;-53,29;0,00;0,00;0,00;-0,05;0,00;0,00;57;113;187;23;23;395;976
143;40,30;-435,75;0,00;0,00;0,00;-0,44;0,00;0,00;485;68;15;31;27;972;641
144;38,16;-233,47;0,00;0,00;0,00;-0,23;0,00;0,00;217;81;162;45;29;404;977
145;50,60;-196,55;0,00;0,00;0,00;-0,20;0,00;0,00;141;135;122;48;36;790;684
146;90,05;159,39;0,00;0,00;0,00;0,16;0,00;0,00;243;19;30;20;30;193;929
147;62,85;-31,62;0,00;0,00;0,00;-0,03;0,00;0,00;162;99;125;47;35;587;552
148;14,20;-576,20;0,00;0,00;0,00;-0,58;0,00;0,00;431;133;12;19;37;474;421
149;30,31;-402,76;0,00;0,00;0,00;-0,40;0,00;0,00;485;59;157;24;39;678;640
150;69,99;-49,32;0,00;0,00;0,00;-0,05;0,00;0,00;311;49;69;44;21;754;420
151;0,00;-721,16;0,00;0,00;0,00;-0,72;0,00;0,00;189;22;139;15;27;332;829
152;7,94;-572,67;0,00;0,00;0,00;-0,57;0,00;0,00;216;26;180;29;25;935;261
153;54,40;-172,35;0,00;0,00;0,00;-0,17;0,00;0,00;375;85;95;38;22;834;413
154;55,05;-165,39;0,00;0,00;0,00;-0,17;0,00;0,00;233;94;170;21;28;934;761
155;16,96;-579,36;0,00;0,00;0,00;-0,58;0,00;0,00;249;30;190;47;25;578;924
156;25,28;-393,80;0,00;0,00;0,00;-0,39;0,00;0,00;130;142;127;22;18;332;133
157;74,99;51,85;0,00;0,00;0,00;0,05;0,00;0,00;495;60;147;44;32;193;468
158;23,98;-381,20;0,00;0,00;0,00;-0,38;0,00;0,00;217;49;103;36;30;755;855
159;6,86;-609,19;0,00;0,00;0,00;-0,61;0,00;0,00;50;83;94;21;25;227;959
160;49,46;-228,77;0,00;0,00;0,00;-0,23;0,00;0,00;45;83;83;49;22;912;480
161;65,94;-99,20;0,00;0,00;0,00;-0,10;0,00;0,00;286;34;31;28;15;249;527
162;30,64;-381,88;0,00;0,00;0,00;-0,38;0,00;0,00;27;10;93;19;31;898;442
163;69,53;21,98;0,00;0,00;0,00;0,02;0,00;0,00;396;16;40;32;27;811;193
164;81,36;27,45;0,00;0,00;0,00;0,03;0,00;0,00;167;129;124;19;31;458;455
165;53,56;-95,36;0,00;0,00;0,00;-0,10;0,00;0,00;196;39;13;23;23;337;812
166;50,07;-218,61;0,00;0,00;0,00;-0,22;0,00;0,00;271;54;178;29;36;760;703
167;67,50;-72,00;0,00;0,00;0,00;-0,07;0,00;0,00;468;70;54;28;37;823;816
168;75,31;-21,25;0,00;0,00;0,00;-0,02;0,00;0,00;340;193;93;45;16;101;452
169;16,38;-547,58;0,00;0,00;0,00;-0,55;0,00;0,00;432;66;165;45;21;845;161
170;63,55;-129,41;0,00;0,00;0,00;-0,13;0,00;0,00;344;196;165;42;38;280;792
171;25,57;-349,63;0,00;0,00;0,00;-0,35;0,00;0,00;26;53;107;34;19;593;984
172;0,00;-760,04;0,00;0,00;0,00;-0,76;0,00;0,00;415;103;28;31;31;728;785
173;86,25;186,48;0,00;0,00;0,00;0,19;0,00;0,00;26;70;152;49;28;880;998
174;38,27;-276,58;0,00;0,00;0,00;-0,28;0,00;0,00;359;119;188;49;26;995;881
175;33,23;-292,03;0,00;0,00;0,00;-0,29;0,00;0,00;183;42;112;14;32;945;326
176;56,55;-78,60;0,00;0,00;0,00;-0,08;0,00;0,00;437;42;25;12;39;719;922
177;62,32;-120,98;0,00;0,00;0,00;-0,12;0,00;0,00;54;184;137;12;25;805;662
178;57,52;-231,89;0,00;0,00;0,00;-0,23;0,00;0,00;427;103;147;19;24;172;203
179;42,42;-357,63;0,00;0,00;0,00;-0,36;0,00;0,00;134;75;88;12;27;716;648
180;33,77;-365,89;0,00;0,00;0,00;-0,37;0,00;0,00;157;45;112;34;30;695;696
181;41,77;-250,73;0,00;0,00;0,00;-0,25;0,00;0,00;64;179;23;46;25;541;246
182;0,00;-743,47;0,00;0,00;0,00;-0,74;0,00;0,00;220;116;83;48;22;947;534
183;69,59;-50,61;0,00;0,00;0,00;-0,05;0,00;0,00;75;142;144;18;21;424;635
184;29,28;-353,91;0,00;0,00;0,00;-0,35;0,00;0,00;393;53;80;25;34;766;371
185;47,96;-266,94;0,00;0,00;0,00;-0,27;0,00;0,00;263;193;119;47;28;512;270
186;90,08;169,88;0,00;0,00;0,00;0,17;0,00;0,00;194;112;36;42;30;105;299
187;52,54;-184,99;0,00;0,00;0,00;-0,18;0,00;0,00;209;99;39;18;32;519;759
188;45,00;-234,03;0,00;0,00;0,00;-0,23;0,00;0,00;413;33;43;23;32;427;902
189;38,42;-246,91;0,00;0,00;0,00;-0,25;0,00;0,00;160;128;152;19;36;283;658
190;16,30;-525,29;0,00;0,00;0,00;-0,53;0,00;0,00;492;162;137;33;29;888;728
191;17,93;-453,74;0,00;0,00;0,00;-0,45;0,00;0,00;124;59;46;37;23;191;641
192;61,88;-37,55;0,00;0,00;0,00;-0,04;0,00;0,00;261;140;12;37;39;237;921
193;20,12;-573,99;0,00;0,00;0,00;-0,57;0,00;0,00;453;105;31;16;30;713;365
194;43,45;-294,64;0,00;0,00;0,00;-0,29;0,00;0,00;118;182;132;21;17;809;675
195;89,40;239,80;0,00;0,00;0,00;0,24;0,00;0,00;150;18;187;30;18;472;543
196;82,59;127,90;0,00;0,00;0,00;0,13;0,00;0,00;95;133;129;47;38;865;690
197;35,74;-346,25;0,00;0,00;0,00;-0,35;0,00;0,00;258;129;49;36;33;652;495
198;50,17;-211,90;0,00;0,00;0,00;-0,21;0,00;0,00;59;153;167;43;25;417;281
199;66,28;15,89;0,00;0,00;0,00;0,02;0,00;0,00;422;139;107;28;34;852;967
200;78,27;119,48;0,00;0,00;0,00;0,12;0,00;0,00;130;37;38;20;39;270;260
201;28,93;-421,80;0,00;0,00;0,00;-0,42;0,00;0,00;353;45;149;13;31;969;727
202;27,06;-399,38;0,00;0,00;0,00;-0,40;0,00;0,00;314;97;197;34;15;785;271
203;13,24;-595,04;0,00;0,00;0,00;-0,60;0,00;0,00;386;36;148;18;19;301;592
204;26,63;-473,99;0,00;0,00;0,00;-0,47;0,00;0,00;386;35;62;20;23;858;239
205;73,94;39,86;0,00;0,00;0,00;0,04;0,00;0,00;308;123;76;18;16;757;847
206;12,71;-536,60;0,00;0,00;0,00;-0,54;0,00;0,00;495;142;175;22;35;392;495
207;49,77;-199,81;0,00;0,00;0,00;-0,20;0,00;0,00;471;195;45;24;36;463;282
208;75,49;76,49;0,00;0,00;0,00;0,08;0,00;0,00;446;132;11;18;38;219;310
209;68,33;-7,14;0,00;0,00;0,00;-0,01;0,00;0,00;357;143;197;35;36;959;122
210;73,33;2,22;0,00;0,00;0,00;0,00;0,00;0,00;467;106;11;26;28;805;972
211;29,91;-413,22;0,00;0,00;0,00;-0,41;0,00;0,00;250;102;100;33;20;362;421
212;40,58;-270,64;0,00;0,00;0,00;-0,27;0,00;0,00;375;195;50;37;25;725;404
213;49,80;-250,39;0,00;0,00;0,00;-0,25;0,00;0,00;340;117;112;31;39;527;488
214;0,00;-757,33;0,00;0,00;0,00;-0,76;0,00;0,00;117;15;137;36;17;535;877
215;38,40;-241,95;0,00;0,00;0,00;-0,24;0,00;0,00;344;57;144;47;18;906;903
216;33,59;-457,40;0,00;0,00;0,00;-0,46;0,00;0,00;425;124;137;12;21;124;698
217;48,45;-161,63;0,00;0,00;0,00;-0,16;0,00;0,00;96;183;25;45;33;196;960
218;48,52;-296,06;0,00;0,00;0,00;-0,30;0,00;0,00;159;167;152;44;21;271;488
219;57,21;-127,72;0,00;0,00;0,00;-0,13;0,00;0,00;53;168;146;34;33;641;175
220;54,52;-228,02;0,00;0,00;0,00;-0,23;0,00;0,00;479;36;90;38;28;269;503
221;23,57;-437,85;0,00;0,00;0,00;-0,44;0,00;0,00;376;19;67;17;31;637;637
222;87,40;140,42;0,00;0,00;0,00;0,14;0,00;0,00;21;95;44;33;20;581;854
223;11,48;-577,19;0,00;0,00;0,00;-0,58;0,00;0,00;453;27;116;11;36;328;372
224;42,66;-385,74;0,00;0,00;0,00;-0,39;0,00;0,00;476;44;76;48;35;261;973
225;55,79;-128,21;0,00;0,00;0,00;-0,13;0,00;0,00;57;109;113;22;16;937;888
226;1,93;-677,24;0,00;0,00;0,00;-0,68;0,00;0,00;144;42;176;17;38;100;346
227;57,71;-175,26;0,00;0,00;0,00;-0,18;0,00;0,00;418;71;195;27;27;264;221
228;30,13;-398,99;0,00;0,00;0,00;-0,40;0,00;0,00;127;144;134;21;25;994;348
229;51,12;-91,34;0,00;0,00;0,00;-0,09;0,00;0,00;407;103;99;38;37;777;104
230;21,08;-486,26;0,00;0,00;0,00;-0,49;0,00;0,00;471;33;103;44;37;786;714
231;58,53;-84,26;0,00;0,00;0,00;-0,08;0,00;0,00;306;163;14;31;28;712;556
232;26,58;-373,84;0,00;0,00;0,00;-0,37;0,00;0,00;73;168;48;33;17;388;495
233;74,31;29,79;0,00;0,00;0,00;0,03;0,00;0,00;457;124;129;36;29;169;238
234;26,21;-486,17;0,00;0,00;0,00;-0,49;0,00;0,00;315;30;23;48;34;675;766
235;13,55;-585,30;0,00;0,00;0,00;-0,59;0,00;0,00;213;44;183;43;38;924;362
236;29,44;-405,85;0,00;0,00;0,00;-0,41;0,00;0,00;241;31;126;18;37;630;903
237;69,91;56,71;0,00;0,00;0,00;0,06;0,00;0,00;433;73;15;18;27;213;211
238;37,88;-349,71;0,00;0,00;0,00;-0,35;0,00;0,00;204;163;151;13;20;309;610
239;26,92;-354,93;0,00;0,00;0,00;-0,35;0,00;0,00;256;153;175;42;15;560;273
240;38,26;-312,10;0,00;0,00;0,00;-0,31;0,00;0,00;432;66;189;30;27;321;328
241;37,39;-311,87;0,00;0,00;0,00;-0,31;0,00;0,00;368;94;186;40;22;226;458
242;38,87;-337,94;0,00;0,00;0,00;-0,34;0,00;0,00;322;153;115;25;39;191;187
243;72,41;-15,65;0,00;0,00;0,00;-0,02;0,00;0,00;428;62;54;49;17;344;152
244;26,39;-395,94;0,00;0,00;0,00;-0,40;0,00;0,00;252;36;92;24;36;490;383
245;41,64;-228,51;0,00;0,00;0,00;-0,23;0,00;0,00;265;74;61;47;30;292;789
246;32,34;-332,46;0,00;0,00;0,00;-0,33;0,00;0,00;474;192;46;28;21;203;577
247;74,48;188,60;0,00;0,00;0,00;0,19;0,00;0,00;102;75;110;37;27;175;486
248;27,79;-414,13;0,00;0,00;0,00;-0,41;0,00;0,00;337;33;65;32;27;827;953
249;34,09;-360,74;0,00;0,00;0,00;-0,36;0,00;0,00;391;60;135;48;38;121;733
250;30,67;-346,45;0,00;0,00;0,00;-0,35;0,00;0,00;401;79;84;26;29;765;799
251;16,65;-539,81;0,00;0,00;0,00;-0,54;0,00;0,00;107;63;185;29;22;159;506
252;81,81;104,19;0,00;0,00;0,00;0,10;0,00;0,00;358;19;179;10;29;764;995
253;36,35;-357,31;0,00;0,00;0,00;-0,36;0,00;0,00;359;141;22;32;25;615;564
254;34,37;-334,00;0,00;0,00;0,00;-0,33;0,00;0,00;31;122;165;26;30;950;236
255;44,51;-289,73;0,00;0,00;0,00;-0,29;0,00;0,00;412;52;14;30;29;734;715
256;17,32;-563,60;0,00;0,00;0,00;-0,56;0,00;0,00;324;137;143;21;33;851;386
257;68,24;61,40;0,00;0,00;0,00;0,06;0,00;0,00;161;10;151;12;38;728;527
258;25,48;-432,04;0,00;0,00;0,00;-0,43;0,00;0,00;455;46;104;14;16;467;526
259;55,31;-104,64;0,00;0,00;0,00;-0,10;0,00;0,00;370;48;28;19;38;190;244
260;42,51;-237,94;0,00;0,00;0,00;-0,24;0,00;0,00;274;85;48;22;21;131;198
261;28,62;-367,27;0,00;0,00;0,00;-0,37;0,00;0,00;226;114;17;48;27;227;853
262;58,78;-107,24;0,00;0,00;0,00;-0,11;0,00;0,00;62;177;29;44;31;576;700
263;49,39;-252,43;0,00;0,00;0,00;-0,25;0,00;0,00;407;110;123;32;22;333;285
264;71,46;69,17;0,00;0,00;0,00;0,07;0,00;0,00;164;73;32;49;36;239;481
265;70,49;5,57;0,00;0,00;0,00;0,01;0,00;0,00;414;85;97;35;29;707;976
266;87,16;115,22;0,00;0,00;0,00;0,12;0,00;0,00;349;14;191;40;32;635;440
267;68,75;-6,89;0,00;0,00;0,00;-0,01;0,00;0,00;65;133;94;20;37;634;518
268;64,25;-59,68;0,00;0,00;0,00;-0,06;0,00;0,00;27;118;182;18;21;822;976
269;77,60;87,56;0,00;0,00;0,00;0,09;0,00;0,00;135;177;117;34;31;253;228
270;41,40;-256,47;0,00;0,00;0,00;-0,26;0,00;0,00;303;115;195;34;17;699;858
271;38,85;-306,93;0,00;0,00;0,00;-0,31;0,00;0,00;442;86;37;36;23;497;793
272;20,55;-533,16;0,00;0,00;0,00;-0,53;0,00;0,00;262;66;71;46;26;605;892
273;13,92;-486,65;0,00;0,00;0,00;-0,49;0,00;0,00;153;54;58;27;32;981;676
274;72,87;11,80;0,00;0,00;0,00;0,01;0,00;0,00;338;44;118;30;20;725;661
275;48,29;-197,47;0,00;0,00;0,00;-0,20;0,00;0,00;93;35;62;28;29;334;821
276;33,97;-368,26;0,00;0,00;0,00;-0,37;0,00;0,00;14;174;169;15;24;203;299
277;41,02;-300,99;0,00;0,00;0,00;-0,30;0,00;0,00;340;36;149;18;19;507;290
278;31,06;-378,76;0,00;0,00;0,00;-0,38;0,00;0,00;106;89;45;44;19;879;452
279;77,68;11,11;0,00;0,00;0,00;0,01;0,00;0,00;86;186;121;19;18;243;957
280;63,89;-21,90;0,00;0,00;0,00;-0,02;0,00;0,00;202;108;18;36;21;520;299
281;93,89;189,38;0,00;0,00;0,00;0,19;0,00;0,00;468;166;123;47;32;707;579
282;77,31;91,98;0,00;0,00;0,00;0,09;0,00;0,00;371;52;155;23;22;467;284
283;84,46;192,83;0,00;0,00;0,00;0,19;0,00;0,00;251;87;101;15;15;386;625
284;72,51;131,34;0,00;0,00;0,00;0,13;0,00;0,00;189;49;98;10;37;610;780
285;20,64;-566,37;0,00;0,00;0,00;-0,57;0,00;0,00;201;14;184;31;34;100;907
286;100,00;293,22;0,00;0,00;0,00;0,29;0,00;0,00;316;136;103;10;29;516;531
287;35,03;-295,63;0,00;0,00;0,00;-0,30;0,00;0,00;203;165;186;25;16;893;206
288;59,85;-25,98;0,00;0,00;0,00;-0,03;0,00;0,00;368;15;169;15;36;823;135
289;34,04;-376,47;0,00;0,00;0,00;-0,38;0,00;0,00;264;14;97;33;26;866;502
290;72,31;36,25;0,00;0,00;0,00;0,04;0,00;0,00;312;173;199;29;16;752;708
291;49,24;-88,02;0,00;0,00;0,00;-0,09;0,00;0,00;172;144;189;37;28;351;324
292;12,54;-573,59;0,00;0,00;0,00;-0,57;0,00;0,00;27;72;154;14;35;764;831
293;64,13;-93,66;0,00;0,00;0,00;-0,09;0,00;0,00;40;120;89;11;21;909;828
294;65,94;4,21;0,00;0,00;0,00;0,00;0,00;0,00;148;87;190;39;30;529;837
295;1,43;-691,59;0,00;0,00;0,00;-0,69;0,00;0,00;70;181;171;10;38;344;698
296;53,59;-144,51;0,00;0,00;0,00;-0,14;0,00;0,00;127;105;51;41;31;143;573
297;51,56;-200,14;0,00;0,00;0,00;-0,20;0,00;0,00;248;146;30;10;22;886;694
298;75,93;131,55;0,00;0,00;0,00;0,13;0,00;0,00;273;57;74;21;17;776;707
299;30,56;-306,84;0,00;0,00;0,00;-0,31;0,00;0,00;64;185;18;46;25;312;684
300;67,86;48,37;0,00;0,00;0,00;0,05;0,00;0,00;145;161;29;39;37;362;860
301;36,47;-350,75;0,00;0,00;0,00;-0,35;0,00;0,00;19;19;149;15;17;382;165
302;43,22;-219,50;0,00;0,00;0,00;-0,22;0,00;0,00;105;197;84;16;25;479;908
303;72,51;32,32;0,00;0,00;0,00;0,03;0,00;0,00;34;90;116;18;38;446;509
304;56,43;-127,00;0,00;0,00;0,00;-0,13;0,00;0,00;200;145;81;47;37;951;336
305;8,44;-621,96;0,00;0,00;0,00;-0,62;0,00;0,00;443;190;66;37;15;731;156
306;37,53;-190,31;0,00;0,00;0,00;-0,19;0,00;0,00;499;101;34;42;25;726;414
307;47,28;-244,73;0,00;0,00;0,00;-0,24;0,00;0,00;208;154;110;20;35;617;497
308;34,55;-398,44;0,00;0,00;0,00;-0,40;0,00;0,00;93;98;22;26;27;448;156
309;64,98;13,39;0,00;0,00;0,00;0,01;0,00;0,00;191;136;105;47;30;535;754
310;52,38;-193,75;0,00;0,00;0,00;-0,19;0,00;0,00;110;25;94;38;38;439;500
311;57,30;-236,99;0,00;0,00;0,00;-0,24;0,00;0,00;439;28;125;21;33;256;509
312;79,07;111,22;0,00;0,00;0,00;0,11;0,00;0,00;268;171;130;44;31;184;148
313;45,46;-146,91;0,00;0,00;0,00;-0,15;0,00;0,00;466;120;24;41;20;773;491
314;26,06;-509,65;0,00;0,00;0,00;-0,51;0,00;0,00;121;68;50;32;29;825;492
315;72,22;33,51;0,00;0,00;0,00;0,03;0,00;0,00;466;69;187;33;29;530;555
316;83,61;57,83;0,00;0,00;0,00;0,06;0,00;0,00;391;124;146;14;27;452;452
317;27,02;-395,36;0,00;0,00;0,00;-0,40;0,00;0,00;371;65;96;40;36;278;870
318;0,00;-650,21;0,00;0,00;0,00;-0,65;0,00;0,00;133;12;85;10;17;509;160
319;21,47;-528,07;0,00;0,00;0,00;-0,53;0,00;0,00;214;143;82;24;15;135;753
320;40,81;-296,77;0,00;0,00;0,00;-0,30;0,00;0,00;48;182;69;44;33;584;286
321;54,76;-104,59;0,00;0,00;0,00;-0,10;0,00;0,00;469;175;98;45;23;222;161
322;41,56;-308,60;0,00;0,00;0,00;-0,31;0,00;0,00;86;184;21;41;18;348;297
323;37,36;-306,08;0,00;0,00;0,00;-0,31;0,00;0,00;305;160;171;44;37;466;929
324;26,82;-377,85;0,00;0,00;0,00;-0,38;0,00;0,00;459;121;160;41;26;340;169
325;61,08;-138,42;0,00;0,00;0,00;-0,14;0,00;0,00;296;55;57;32;29;946;985
326;21,86;-433,55;0,00;0,00;0,00;-0,43;0,00;0,00;176;133;59;44;17;377;824
327;26,01;-359,30;0,00;0,00;0,00;-0,36;0,00;0,00;66;137;79;38;35;405;201
328;36,05;-278,52;0,00;0,00;0,00;-0,28;0,00;0,00;272;127;80;17;16;364;445
329;42,36;-237,68;0,00;0,00;0,00;-0,24;0,00;0,00;79;53;56;27;17;418;243
330;42,36;-282,78;0,00;0,00;0,00;-0,28;0,00;0,00;63;137;182;12;17;102;547
331;0,00;-639,76;0,00;0,00;0,00;-0,64;0,00;0,00;190;90;178;46;31;656;328
332;61,19;-120,32;0,00;0,00;0,00;-0,12;0,00;0,00;456;81;129;26;22;997;270
333;40,91;-227,79;0,00;0,00;0,00;-0,23;0,00;0,00;98;179;42;29;28;971;688
334;92,08;184,97;0,00;0,00;0,00;0,18;0,00;0,00;234;23;118;34;18;392;324
335;67,37;-14,64;0,00;0,00;0,00;-0,01;0,00;0,00;347;195;86;29;31;618;410
336;100,00;315,97;0,00;0,00;0,00;0,32;0,00;0,00;480;97;184;47;36;511;157
337;55,00;-180,67;0,00;0,00;0,00;-0,18;0,00;0,00;427;15;138;19;39;627;177
338;55,57;-88,92;0,00;0,00;0,00;-0,09;0,00;0,00;196;65;110;25;26;263;189
339;34,83;-345,93;0,00;0,00;0,00;-0,35;0,00;0,00;244;88;19;47;21;550;502
340;58,98;-48,83;0,00;0,00;0,00;-0,05;0,00;0,00;162;50;151;29;30;347;223
341;42,58;-271,86;0,00;0,00;0,00;-0,27;0,00;0,00;34;74;178;29;18;278;714
342;23,96;-526,34;0,00;0,00;0,00;-0,53;0,00;0,00;452;181;186;33;24;163;769
343;70,01;-41,78;0,00;0,00;0,00;-0,04;0,00;0,00;132;86;67;27;36;236;803
344;40,85;-261,51;0,00;0,00;0,00;-0,26;0,00;0,00;409;110;137;31;28;998;150
345;25,60;-456,83;0,00;0,00;0,00;-0,46;0,00;0,00;285;175;111;24;25;477;315
346;78,08;110,29;0,00;0,00;0,00;0,11;0,00;0,00;367;148;23;21;22;312;878
347;69,70;6,55;0,00;0,00;0,00;0,01;0,00;0,00;321;132;195;26;34;652;575
348;24,50;-395,32;0,00;0,00;0,00;-0,40;0,00;0,00;364;11;57;41;34;313;537
349;43,34;-281,71;0,00;0,00;0,00;-0,28;0,00;0,00;149;93;114;16;31;337;888
350;69,59;37,50;0,00;0,00;0,00;0,04;0,00;0,00;291;40;50;33;25;808;911
351;13,21;-596,44;0,00;0,00;0,00;-0,60;0,00;0,00;403;165;95;11;28;242;287
352;62,22;-9,00;0,00;0,00;0,00;-0,01;0,00;0,00;301;33;101;46;33;161;406
353;97,13;302,54;0,00;0,00;0,00;0,30;0,00;0,00;222;74;101;35;19;921;844
354;100,00;364,65;0,00;0,00;0,00;0,36;0,00;0,00;488;57;158;36;25;686;820
355;73,98;46,26;0,00;0,00;0,00;0,05;0,00;0,00;427;27;181;17;36;555;886
356;64,48;4,80;0,00;0,00;0,00;0,00;0,00;0,00;48;180;118;12;28;416;216
357;55,33;-122,06;0,00;0,00;0,00;-0,12;0,00;0,00;476;37;64;30;32;216;675
358;41,25;-286,64;0,00;0,00;0,00;-0,29;0,00;0,00;423;158;134;28;38;891;459
359;17,26;-476,99;0,00;0,00;0,00;-0,48;0,00;0,00;361;83;138;33;31;735;584
360;57,89;-189,50;0,00;0,00;0,00;-0,19;0,00;0,00;148;114;43;14;21;866;486
361;15,18;-518,52;0,00;0,00;0,00;-0,52;0,00;0,00;226;169;184;24;35;161;983
362;48,94;-194,14;0,00;0,00;0,00;-0,19;0,00;0,00;160;37;82;30;31;343;187
363;0,00;-645,75;0,00;0,00;0,00;-0,65;0,00;0,00;477;168;66;12;16;633;780
364;100,00;270,10;0,00;0,00;0,00;0,27;0,00;0,00;321;129;181;27;27;102;546
365;42,33;-338,79;0,00;0,00;0,00;-0,34;0,00;0,00;118;190;117;42;29;379;498
366;76,68;138,08;0,00;0,00;0,00;0,14;0,00;0,00;401;149;63;37;27;411;933
367;57,32;-111,47;0,00;0,00;0,00;-0,11;0,00;0,00;167;92;81;47;25;903;976
368;45,57;-296,16;0,00;0,00;0,00;-0,30;0,00;0,00;358;98;74;30;30;623;859
369;77,42;81,64;0,00;0,00;0,00;0,08;0,00;0,00;308;59;67;28;37;551;246
370;71,50;4,68;0,00;0,00;0,00;0,00;0,00;0,00;498;63;49;26;35;391;475
371;69,41;-37,03;0,00;0,00;0,00;-0,04;0,00;0,00;91;79;10;38;34;784;915
372;64,43;-41,51;0,00;0,00;0,00;-0,04;0,00;0,00;393;119;155;34;36;929;413
373;47,99;-309,91;0,00;0,00;0,00;-0,31;0,00;0,00;76;51;61;17;25;983;780
374;29,84;-384,49;0,00;0,00;0,00;-0,38;0,00;0,00;148;22;16;39;18;908;419
375;51,39;-139,11;0,00;0,00;0,00;-0,14;0,00;0,00;423;54;64;47;17;164;352
376;98,01;327,19;0,00;0,00;0,00;0,33;0,00;0,00;403;20;57;49;35;337;164
377;49,91;-237,66;0,00;0,00;0,00;-0,24;0,00;0,00;14;35;172;23;23;585;632
378;43,60;-319,63;0,00;0,00;0,00;-0,32;0,00;0,00;63;181;196;27;32;239;103
379;35,55;-296,00;0,00;0,00;0,00;-0,30;0,00;0,00;194;98;105;43;24;900;788
380;64,73;-44,46;0,00;0,00;0,00;-0,04;0,00;0,00;246;30;32;34;22;796;329
381;40,90;-320,49;0,00;0,00;0,00;-0,32;0,00;0,00;154;42;60;25;27;146;652
382;49,20;-185,98;0,00;0,00;0,00;-0,19;0,00;0,00;490;86;73;22;19;625;955
383;39,12;-215,23;0,00;0,00;0,00;-0,22;0,00;0,00;322;152;197;31;17;651;235
384;31,80;-415,25;0,00;0,00;0,00;-0,42;0,00;0,00;134;80;188;19;28;350;153
385;37,46;-388,61;0,00;0,00;0,00;-0,39;0,00;0,00;373;107;101;27;23;333;196
386;81,25;168,80;0,00;0,00;0,00;0,17;0,00;0,00;346;16;97;11;37;301;783
387;55,30;-178,77;0,00;0,00;0,00;-0,18;0,00;0,00;102;74;166;48;38;182;684
388;79,21;20,98;0,00;0,00;0,00;0,02;0,00;0,00;245;180;108;24;16;976;655
389;35,76;-393,78;0,00;0,00;0,00;-0,39;0,00;0,00;380;121;93;33;37;113;624
390;31,55;-409,95;0,00;0,00;0,00;-0,41;0,00;0,00;18;191;15;41;33;497;193
391;34,20;-416,06;0,00;0,00;0,00;-0,42;0,00;0,00;27;167;36;20;15;520;638
392;69,15;-54,27;0,00;0,00;0,00;-0,05;0,00;0,00;261;161;181;25;36;450;701
393;52,04;-168,16;0,00;0,00;0,00;-0,17;0,00;0,00;67;22;104;48;33;282;856
394;66,71;-105,53;0,00;0,00;0,00;-0,11;0,00;0,00;237;92;164;36;30;927;885
395;81,41;41,86;0,00;0,00;0,00;0,04;0,00;0,00;324;124;27;13;35;173;412
396;38,01;-347,19;0,00;0,00;0,00;-0,35;0,00;0,00;452;184;140;30;20;753;507
397;36,56;-318,09;0,00;0,00;0,00;-0,32;0,00;0,00;180;125;52;16;23;423;217
398;42,41;-259,16;0,00;0,00;0,00;-0,26;0,00;0,00;97;183;151;14;31;355;842
399;23,81;-434,93;0,00;0,00;0,00;-0,43;0,00;0,00;340;41;81;40;20;841;828
400;78,56;152,47;0,00;0,00;0,00;0,15;0,00;0,00;332;146;133;11;21;461;408
401;13,96;-538,08;0,00;0,00;0,00;-0,54;0,00;0,00;370;16;114;11;16;888;533
402;96,18;308,07;0,00;0,00;0,00;0,31;0,00;0,00;154;189;181;44;21;191;916
403;7,88;-607,60;0,00;0,00;0,00;-0,61;0,00;0,00;243;14;187;38;19;570;375
404;64,16;-110,10;0,00;0,00;0,00;-0,11;0,00;0,00;75;39;78;23;36;450;360
405;34,49;-334,36;0,00;0,00;0,00;-0,33;0,00;0,00;13;156;38;47;34;736;355
406;59,14;-134,77;0,00;0,00;0,00;-0,13;0,00;0,00;494;125;193;26;28;272;110
407;51,92;-109,82;0,00;0,00;0,00;-0,11;0,00;0,00;256;183;45;12;39;421;239
408;33,35;-354,72;0,00;0,00;0,00;-0,35;0,00;0,00;224;55;136;47;23;651;257
409;47,09;-251,22;0,00;0,00;0,00;-0,25;0,00;0,00;106;95;199;45;25;730;678
410;0,00;-659,50;0,00;0,00;0,00;-0,66;0,00;0,00;183;108;97;12;32;164;282
411;44,09;-271,63;0,00;0,00;0,00;-0,27;0,00;0,00;173;53;169;21;17;616;212
412;54,49;-138,95;0,00;0,00;0,00;-0,14;0,00;0,00;53;69;156;24;30;853;294
413;46,23;-246,30;0,00;0,00;0,00;-0,25;0,00;0,00;180;71;83;47;26;526;592
414;49,84;-259,70;0,00;0,00;0,00;-0,26;0,00;0,00;249;87;193;45;33;887;546
415;34,64;-419,01;0,00;0,00;0,00;-0,42;0,00;0,00;24;183;127;33;35;321;652
416;61,55;-116,43;0,00;0,00;0,00;-0,12;0,00;0,00;377;80;126;35;20;576;771
417;38,43;-245,69;0,00;0,00;0,00;-0,25;0,00;0,00;103;147;104;11;37;763;296
418;100,00;204,69;0,00;0,00;0,00;0,20;0,00;0,00;349;119;127;31;37;872;309
419;82,74;187,56;0,00;0,00;0,00;0,19;0,00;0,00;145;52;129;47;36;121;794
420;46,41;-293,38;0,00;0,00;0,00;-0,29;0,00;0,00;437;81;28;20;32;625;185
421;20,80;-541,71;0,00;0,00;0,00;-0,54;0,00;0,00;224;14;14;18;27;530;358
422;48,86;-216,76;0,00;0,00;0,00;-0,22;0,00;0,00;159;82;166;33;15;834;717
423;85,97;148,56;0,00;0,00;0,00;0,15;0,00;0,00;408;54;121;40;26;942;723
424;48,38;-317,61;0,00;0,00;0,00;-0,32;0,00;0,00;368;178;16;49;35;233;986
425;82,57;156,43;0,00;0,00;0,00;0,16;0,00;0,00;98;86;16;23;27;329;770
426;53,83;-156,72;0,00;0,00;0,00;-0,16;0,00;0,00;62;58;191;27;26;320;248
427;40,06;-212,40;0,00;0,00;0,00;-0,21;0,00;0,00;238;159;39;38;33;884;490
428;53,92;-124,22;0,00;0,00;0,00;-0,12;0,00;0,00;445;105;137;19;21;770;432
429;84,45;86,96;0,00;0,00;0,00;0,09;0,00;0,00;156;55;17;25;20;452;332
430;40,31;-326,15;0,00;0,00;0,00;-0,33;0,00;0,00;127;122;46;45;32;484;561
431;49,53;-221,81;0,00;0,00;0,00;-0,22;0,00;0,00;23;163;80;34;36;113;609
432;67,93;-53,87;0,00;0,00;0,00;-0,05;0,00;0,00;198;190;10;22;34;900;666
433;36,93;-280,31;0,00;0,00;0,00;-0,28;0,00;0,00;180;177;172;10;24;895;942
434;91,80;240,05;0,00;0,00;0,00;0,24;0,00;0,00;48;149;52;16;17;732;826
435;60,38;-106,65;0,00;0,00;0,00;-0,11;0,00;0,00;226;125;124;16;15;520;785
436;56,80;-137,01;0,00;0,00;0,00;-0,14;0,00;0,00;362;56;171;49;28;342;579
437;60,87;-131,90;0,00;0,00;0,00;-0,13;0,00;0,00;113;196;162;48;38;377;713
438;60,20;-62,00;0,00;0,00;0,00;-0,06;0,00;0,00;93;67;82;39;36;848;581
439;67,28;76,56;0,00;0,00;0,00;0,08;0,00;0,00;163;64;137;31;21;339;870
440;22,58;-415,52;0,00;0,00;0,00;-0,42;0,00;0,00;234;166;193;37;26;671;752
441;69,58;10,90;0,00;0,00;0,00;0,01;0,00;0,00;84;119;102;47;26;527;961
442;23,49;-502,75;0,00;0,00;0,00;-0,50;0,00;0,00;29;88;15;11;17;402;519
443;39,91;-352,16;0,00;0,00;0,00;-0,35;0,00;0,00;302;66;187;17;38;989;760
444;32,52;-330,26;0,00;0,00;0,00;-0,33;0,00;0,00;36;110;189;24;16;867;591
445;60,44;-143,48;0,00;0,00;0,00;-0,14;0,00;0,00;74;11;88;30;29;299;512
446;0,00;-681,00;0,00;0,00;0,00;-0,68;0,00;0,00;86;100;147;31;38;652;697
447;98,41;307,78;0,00;0,00;0,00;0,31;0,00;0,00;79;109;194;14;39;602;139
448;49,20;-215,59;0,00;0,00;0,00;-0,22;0,00;0,00;96;52;186;32;38;144;342
449;95,41;177,90;0,00;0,00;0,00;0,18;0,00;0,00;397;11;29;31;37;856;681
450;49,03;-229,51;0,00;0,00;0,00;-0,23;0,00;0,00;70;105;96;24;25;110;300
451;0,00;-703,14;0,00;0,00;0,00;-0,70;0,00;0,00;397;180;23;16;20;552;309
452;33,70;-349,08;0,00;0,00;0,00;-0,35;0,00;0,00;497;63;23;35;36;159;912
453;52,77;-176,70;0,00;0,00;0,00;-0,18;0,00;0,00;226;119;126;36;37;159;493
454;7,12;-705,54;0,00;0,00;0,00;-0,71;0,00;0,00;261;95;60;48;19;399;740
455;91,85;343,65;0,00;0,00;0,00;0,34;0,00;0,00;119;22;138;39;29;696;309
456;68,63;6,58;0,00;0,00;0,00;0,01;0,00;0,00;457;48;39;13;27;521;591
457;50,97;-166,72;0,00;0,00;0,00;-0,17;0,00;0,00;132;19;23;24;27;271;399
458;16,62;-509,09;0,00;0,00;0,00;-0,51;0,00;0,00;109;93;196;14;32;876;857
459;62,62;-117,94;0,00;0,00;0,00;-0,12;0,00;0,00;324;185;117;27;19;249;263
460;82,72;99,53;0,00;0,00;0,00;0,10;0,00;0,00;394;72;56;45;15;440;972
461;57,79;-171,83;0,00;0,00;0,00;-0,17;0,00;0,00;440;59;90;39;28;759;699
462;90,75;159,37;0,00;0,00;0,00;0,16;0,00;0,00;175;85;26;37;22;304;113
463;0,26;-656,97;0,00;0,00;0,00;-0,66;0,00;0,00;498;105;140;46;26;956;663
464;44,05;-347,57;0,00;0,00;0,00;-0,35;0,00;0,00;165;157;168;16;25;549;618
465;42,28;-183,15;0,00;0,00;0,00;-0,18;0,00;0,00;446;168;160;13;16;199;991
466;52,89;-214,25;0,00;0,00;0,00;-0,21;0,00;0,00;18;126;163;37;37;871;937
467;63,33;-58,61;0,00;0,00;0,00;-0,06;0,00;0,00;284;168;50;34;35;221;158
468;31,78;-325,36;0,00;0,00;0,00;-0,33;0,00;0,00;278;123;142;33;31;546;338
469;79,32;5,47;0,00;0,00;0,00;0,01;0,00;0,00;181;195;72;25;15;638;759
470;58,91;-12,08;0,00;0,00;0,00;-0,01;0,00;0,00;26;83;144;10;30;653;624
471;8,99;-623,21;0,00;0,00;0,00;-0,62;0,00;0,00;404;181;33;16;37;850;125
472;60,00;-136,44;0,00;0,00;0,00;-0,14;0,00;0,00;380;188;45;47;15;422;271
473;81,63;74,79;0,00;0,00;0,00;0,07;0,00;0,00;28;140;139;45;15;703;111
474;44,57;-329,83;0,00;0,00;0,00;-0,33;0,00;0,00;123;170;67;43;27;924;807
475;21,73;-512,81;0,00;0,00;0,00;-0,51;0,00;0,00;352;111;29;46;18;128;888
476;12,14;-608,98;0,00;0,00;0,00;-0,61;0,00;0,00;350;90;156;13;17;812;946
477;51,62;-174,72;0,00;0,00;0,00;-0,17;0,00;0,00;150;43;96;21;21;105;178
478;33,61;-383,58;0,00;0,00;0,00;-0,38;0,00;0,00;372;94;56;32;39;653;594
479;80,52;124,83;0,00;0,00;0,00;0,12;0,00;0,00;65;15;24;16;18;100;884
480;24,73;-473,58;0,00;0,00;0,00;-0,47;0,00;0,00;484;147;37;44;21;685;193
481;91,59;259,73;0,00;0,00;0,00;0,26;0,00;0,00;227;114;22;19;37;993;933
482;40,25;-292,76;0,00;0,00;0,00;-0,29;0,00;0,00;333;67;96;40;38;621;540
483;63,88;-122,59;0,00;0,00;0,00;-0,12;0,00;0,00;374;25;151;24;17;849;509
484;41,43;-365,73;0,00;0,00;0,00;-0,37;0,00;0,00;109;52;33;35;23;589;376
485;35,55;-294,02;0,00;0,00;0,00;-0,29;0,00;0,00;294;79;106;15;21;473;659
486;17,21;-570,07;0,00;0,00;0,00;-0,57;0,00;0,00;372;97;28;18;27;621;774
487;33,22;-318,75;0,00;0,00;0,00;-0,32;0,00;0,00;442;88;60;49;22;527;326
488;28,19;-330,70;0,00;0,00;0,00;-0,33;0,00;0,00;193;46;108;17;15;635;719
489;7,90;-573,20;0,00;0,00;0,00;-0,57;0,00;0,00;305;128;39;40;23;916;950
490;44,82;-192,50;0,00;0,00;0,00;-0,19;0,00;0,00;87;49;90;23;27;724;843
491;59,25;5,35;0,00;0,00;0,00;0,01;0,00;0,00;28;87;171;16;34;476;984
492;62,93;-123,81;0,00;0,00;0,00;-0,12;0,00;0,00;315;14;163;17;34;115;592
493;61,34;-90,52;0,00;0,00;0,00;-0,09;0,00;0,00;193;99;97;42;19;594;878
494;35,46;-310,15;0,00;0,00;0,00;-0,31;0,00;0,00;487;86;168;44;30;437;179
495;66,81;-122,30;0,00;0,00;0,00;-0,12;0,00;0,00;318;124;155;40;34;904;248
496;21,28;-430,04;0,00;0,00;0,00;-0,43;0,00;0,00;261;103;173;17;17;274;996
497;74,61;70,43;0,00;0,00;0,00;0,07;0,00;0,00;394;100;97;17;16;432;321
498;18,44;-514,85;0,00;0,00;0,00;-0,51;0,00;0,00;492;182;79;40;29;468;472
499;39,93;-216,32;0,00;0,00;0,00;-0,22;0,00;0,00;316;110;31;36;17;967;304
500;28,64;-490,38;0,00;0,00;0,00;-0,49;0,00;0,00;416;127;193;45;29;446;307
501;27,74;-387,90;0,00;0,00;0,00;-0,39;0,00;0,00;239;184;72;25;15;856;367
502;88,34;124,83;0,00;0,00;0,00;0,12;0,00;0,00;461;133;71;16;22;894;609
503;88,83;213,44;0,00;0,00;0,00;0,21;0,00;0,00;32;83;16;45;24;128;392
504;81,52;151,86;0,00;0,00;0,00;0,15;0,00;0,00;273;77;12;35;29;440;544
505;16,47;-580,19;0,00;0,00;0,00;-0,58;0,00;0,00;292;144;30;27;37;620;928
506;39,70;-243,55;0,00;0,00;0,00;-0,24;0,00;0,00;304;49;150;17;19;811;425
507;56,67;-111,60;0,00;0,00;0,00;-0,11;0,00;0,00;489;127;183;22;19;687;131
508;0,00;-629,49;0,00;0,00;0,00;-0,63;0,00;0,00;313;188;48;14;30;717;186
509;30,04;-313,86;0,00;0,00;0,00;-0,31;0,00;0,00;73;44;86;29;17;603;783
510;56,09;-240,38;0,00;0,00;0,00;-0,24;0,00;0,00;102;98;146;42;38;533;548
511;38,19;-332,33;0,00;0,00;0,00;-0,33;0,00;0,00;40;173;60;25;20;953;563
512;53,89;-211,26;0,00;0,00;0,00;-0,21;0,00;0,00;108;49;93;30;28;341;544
513;16,16;-575,17;0,00;0,00;0,00;-0,58;0,00;0,00;148;11;31;11;21;978;230
514;21,89;-474,89;0,00;0,00;0,00;-0,47;0,00;0,00;44;13;127;30;36;405;222
515;25,60;-446,19;0,00;0,00;0,00;-0,45;0,00;0,00;230;107;88;10;28;893;216
516;53,06;-191,12;0,00;0,00;0,00;-0,19;0,00;0,00;220;30;95;15;36;349;423
517;62,75;-133,69;0,00;0,00;0,00;-0,13;0,00;0,00;419;188;87;14;37;782;192
518;17,85;-559,90;0,00;0,00;0,00;-0,56;0,00;0,00;32;150;197;33;26;838;675
519;95,89;320,09;0,00;0,00;0,00;0,32;0,00;0,00;429;133;149;10;23;855;410
520;60,40;-74,41;0,00;0,00;0,00;-0,07;0,00;0,00;255;183;67;24;27;697;915
521;60,11;-52,74;0,00;0,00;0,00;-0,05;0,00;0,00;319;72;58;36;38;262;556
522;18,80;-586,70;0,00;0,00;0,00;-0,59;0,00;0,00;300;173;82;37;24;391;983
523;44,27;-229,98;0,00;0,00;0,00;-0,23;0,00;0,00;214;179;23;19;31;168;891
524;55,75;-231,61;0,00;0,00;0,00;-0,23;0,00;0,00;345;161;127;23;15;927;805
525;40,84;-336,01;0,00;0,00;0,00;-0,34;0,00;0,00;240;24;38;14;28;496;309
526;12,85;-577,12;0,00;0,00;0,00;-0,58;0,00;0,00;87;140;180;30;22;137;297
527;61,76;-79,60;0,00;0,00;0,00;-0,08;0,00;0,00;157;185;63;27;37;575;451
528;40,81;-274,56;0,00;0,00;0,00;-0,27;0,00;0,00;18;72;130;41;36;335;461
529;30,17;-423,97;0,00;0,00;0,00;-0,42;0,00;0,00;475;20;50;15;18;459;725
530;18,62;-455,74;0,00;0,00;0,00;-0,46;0,00;0,00;421;169;130;30;29;322;749
531;32,27;-361,40;0,00;0,00;0,00;-0,36;0,00;0,00;270;176;189;10;31;632;712
532;40,38;-339,44;0,00;0,00;0,00;-0,34;0,00;0,00;347;176;18;28;31;745;208
533;16,21;-583,11;0,00;0,00;0,00;-0,58;0,00;0,00;245;72;197;47;30;259;783
534;88,04;190,32;0,00;0,00;0,00;0,19;0,00;0,00;148;27;42;40;19;335;931
535;89,11;221,82;0,00;0,00;0,00;0,22;0,00;0,00;260;127;122;21;32;645;566
536;87,91;125,25;0,00;0,00;0,00;0,13;0,00;0,00;169;136;163;27;27;184;236
537;42,65;-284,28;0,00;0,00;0,00;-0,28;0,00;0,00;105;64;83;26;39;182;653
538;49,36;-84,50;0,00;0,00;0,00;-0,08;0,00;0,00;423;26;161;43;39;298;123
539;26,14;-534,76;0,00;0,00;0,00;-0,53;0,00;0,00;343;39;90;20;30;266;931
540;100,00;206,16;0,00;0,00;0,00;0,21;0,00;0,00;413;66;45;35;28;472;675
541;21,02;-509,55;0,00;0,00;0,00;-0,51;0,00;0,00;102;45;111;17;26;452;915
542;35,64;-387,25;0,00;0,00;0,00;-0,39;0,00;0,00;131;131;130;36;37;518;603
543;77,24;40,94;0,00;0,00;0,00;0,04;0,00;0,00;206;33;69;26;31;137;104
544;45,75;-168,49;0,00;0,00;0,00;-0,17;0,00;0,00;310;186;178;15;18;628;256
545;28,24;-412,20;0,00;0,00;0,00;-0,41;0,00;0,00;400;25;138;18;23;684;454
546;37,70;-309,95;0,00;0,00;0,00;-0,31;0,00;0,00;160;38;34;36;17;863;765
547;52,28;-175,47;0,00;0,00;0,00;-0,18;0,00;0,00;223;177;128;21;33;547;477
548;86,50;136,77;0,00;0,00;0,00;0,14;0,00;0,00;465;82;141;31;38;368;925
549;49,97;-244,61;0,00;0,00;0,00;-0,24;0,00;0,00;300;83;176;32;16;517;755
550;77,04;108,39;0,00;0,00;0,00;0,11;0,00;0,00;439;75;191;36;39;789;492
551;7,08;-585,82;0,00;0,00;0,00;-0,59;0,00;0,00;175;163;47;19;15;206;882
552;22,95;-509,46;0,00;0,00;0,00;-0,51;0,00;0,00;299;180;130;21;32;470;439
553;47,76;-273,49;0,00;0,00;0,00;-0,27;0,00;0,00;486;174;123;35;21;152;692
554;67,66;-47,04;0,00;0,00;0,00;-0,05;0,00;0,00;401;147;152;44;27;260;908
555;47,26;-242,63;0,00;0,00;0,00;-0,24;0,00;0,00;89;146;36;11;18;454;513
556;100,00;294,05;0,00;0,00;0,00;0,29;0,00;0,00;57;76;78;43;24;630;368
557;63,46;-8,08;0,00;0,00;0,00;-0,01;0,00;0,00;101;126;167;39;17;949;779
558;67,05;-71,21;0,00;0,00;0,00;-0,07;0,00;0,00;119;141;122;36;19;144;866
559;73,01;-2,26;0,00;0,00;0,00;-0,00;0,00;0,00;498;169;156;19;29;733;371
560;21,84;-623,02;0,00;0,00;0,00;-0,62;0,00;0,00;106;186;56;31;28;610;450
561;52,09;-209,61;0,00;0,00;0,00;-0,21;0,00;0,00;239;62;42;47;16;110;101
562;44,61;-273,49;0,00;0,00;0,00;-0,27;0,00;0,00;67;93;70;24;30;750;981
563;67,46;-153,79;0,00;0,00;0,00;-0,15;0,00;0,00;161;136;31;34;32;844;470
564;36,77;-348,58;0,00;0,00;0,00;-0,35;0,00;0,00;34;89;63;23;16;717;190
565;24,49;-404,00;0,00;0,00;0,00;-0,40;0,00;0,00;419;67;110;49;19;771;907
566;57,40;-58,54;0,00;0,00;0,00;-0,06;0,00;0,00;162;19;167;35;38;906;803
567;4,77;-532,46;0,00;0,00;0,00;-0,53;0,00;0,00;159;121;53;26;29;403;202
568;92,63;220,73;0,00;0,00;0,00;0,22;0,00;0,00;255;139;65;33;33;809;970
569;60,29;-119,47;0,00;0,00;0,00;-0,12;0,00;0,00;147;199;134;28;24;920;902
570;71,31;74,23;0,00;0,00;0,00;0,07;0,00;0,00;438;116;40;13;34;935;751
571;14,70;-551,22;0,00;0,00;0,00;-0,55;0,00;0,00;273;148;45;35;21;708;227
572;60,67;-90,96;0,00;0,00;0,00;-0,09;0,00;0,00;101;187;135;24;35;934;663
573;47,46;-169,09;0,00;0,00;0,00;-0,17;0,00;0,00;71;130;45;42;23;106;144
574;54,32;-184,26;0,00;0,00;0,00;-0,18;0,00;0,00;442;37;60;24;33;629;519
575;41,52;-255,40;0,00;0,00;0,00;-0,26;0,00;0,00;134;100;141;45;35;235;974
576;72,77;27,56;0,00;0,00;0,00;0,03;0,00;0,00;222;194;157;42;38;616;586
577;85,47;73,75;0,00;0,00;0,00;0,07;0,00;0,00;435;32;174;41;24;761;637
578;58,43;-92,37;0,00;0,00;0,00;-0,09;0,00;0,00;281;12;149;22;19;273;314
579;55,03;-215,43;0,00;0,00;0,00;-0,22;0,00;0,00;145;137;78;29;28;169;664
580;86,47;255,68;0,00;0,00;0,00;0,26;0,00;0,00;50;57;133;20;36;622;834
581;75,08;56,67;0,00;0,00;0,00;0,06;0,00;0,00;111;45;72;28;35;535;397
582;85,96;116,03;0,00;0,00;0,00;0,12;0,00;0,00;337;13;81;21;19;450;635
583;65,96;-97,49;0,00;0,00;0,00;-0,10;0,00;0,00;62;112;46;32;34;104;602
584;46,26;-256,99;0,00;0,00;0,00;-0,26;0,00;0,00;401;112;151;36;38;912;110
585;31,48;-431,87;0,00;0,00;0,00;-0,43;0,00;0,00;54;91;120;27;15;930;143
586;65,87;-12,85;0,00;0,00;0,00;-0,01;0,00;0,00;72;148;61;16;29;538;338
587;66,24;-65,31;0,00;0,00;0,00;-0,07;0,00;0,00;220;18;148;25;38;882;954
588;70,90;57,35;0,00;0,00;0,00;0,06;0,00;0,00;333;126;195;13;26;873;798
589;69,65;3,31;0,00;0,00;0,00;0,00;0,00;0,00;184;127;138;19;17;399;105
590;62,12;-59,59;0,00;0,00;0,00;-0,06;0,00;0,00;477;195;124;18;31;188;652
591;75,18;5,05;0,00;0,00;0,00;0,01;0,00;0,00;93;60;94;13;18;789;327
592;47,78;-226,54;0,00;0,00;0,00;-0,23;0,00;0,00;248;77;26;13;32;129;698
593;81,61;93,73;0,00;0,00;0,00;0,09;0,00;0,00;362;91;137;30;34;645;353
594;91,95;135,04;0,00;0,00;0,00;0,14;0,00;0,00;101;81;110;11;19;899;572
595;74,05;53,85;0,00;0,00;0,00;0,05;0,00;0,00;341;73;21;49;22;600;984
596;46,40;-198,84;0,00;0,00;0,00;-0,20;0,00;0,00;219;80;34;38;18;483;361
597;52,32;-159,64;0,00;0,00;0,00;-0,16;0,00;0,00;334;66;181;20;24;837;428
598;43,89;-285,82;0,00;0,00;0,00;-0,29;0,00;0,00;475;116;115;23;35;526;292
599;83,14;175,88;0,00;0,00;0,00;0,18;0,00;0,00;377;168;195;41;34;330;403
600;28,75;-376,26;0,00;0,00;0,00;-0,38;0,00;0,00;215;19;135;11;25;330;703
601;26,19;-469,28;0,00;0,00;0,00;-0,47;0,00;0,00;303;100;19;43;22;538;103
602;42,97;-258,82;0,00;0,00;0,00;-0,26;0,00;0,00;142;77;191;15;15;138;243
603;82,39;153,71;0,00;0,00;0,00;0,15;0,00;0,00;177;125;32;39;36;676;401
604;23,42;-535,11;0,00;0,00;0,00;-0,54;0,00;0,00;50;138;151;30;39;805;820
605;23,79;-448,98;0,00;0,00;0,00;-0,45;0,00;0,00;288;152;84;29;35;877;325
606;51,66;-222,34;0,00;0,00;0,00;-0,22;0,00;0,00;278;186;73;17;30;622;702
607;55,09;-129,37;0,00;0,00;0,00;-0,13;0,00;0,00;184;103;86;42;35;337;699
608;23,65;-471,98;0,00;0,00;0,00;-0,47;0,00;0,00;397;60;62;39;23;807;682
609;66,88;-29,86;0,00;0,00;0,00;-0,03;0,00;0,00;438;151;129;32;36;748;390
610;34,38;-360,86;0,00;0,00;0,00;-0,36;0,00;0,00;124;110;172;28;20;577;195
611;56,51;-213,13;0,00;0,00;0,00;-0,21;0,00;0,00;488;44;133;26;30;946;879
612;77,17;44,50;0,00;0,00;0,00;0,04;0,00;0,00;109;27;25;48;37;571;904
613;2,71;-677,00;0,00;0,00;0,00;-0,68;0,00;0,00;361;133;106;23;30;300;725
614;7,18;-630,74;0,00;0,00;0,00;-0,63;0,00;0,00;414;151;26;30;23;707;125
615;49,77;-130,11;0,00;0,00;0,00;-0,13;0,00;0,00;145;169;54;29;30;688;681
616;43,60;-256,66;0,00;0,00;0,00;-0,26;0,00;0,00;479;22;153;42;31;805;127
617;57,16;-151,64;0,00;0,00;0,00;-0,15;0,00;0,00;241;162;187;30;30;528;750
618;18,26;-492,16;0,00;0,00;0,00;-0,49;0,00;0,00;69;14;131;32;26;406;945
619;38,69;-294,56;0,00;0,00;0,00;-0,29;0,00;0,00;126;10;80;11;22;809;968
620;89,09;217,17;0,00;0,00;0,00;0,22;0,00;0,00;139;105;50;21;16;891;424
621;58,34;-101,69;0,00;0,00;0,00;-0,10;0,00;0,00;280;167;187;46;38;249;773
622;64,38;-12,26;0,00;0,00;0,00;-0,01;0,00;0,00;226;196;101;35;27;426;108
623;49,69;-200,97;0,00;0,00;0,00;-0,20;0,00;0,00;369;15;171;19;18;651;755
624;13,31;-482,28;0,00;0,00;0,00;-0,48;0,00;0,00;416;55;168;34;29;944;963
625;79,58;147,36;0,00;0,00;0,00;0,15;0,00;0,00;195;148;12;42;27;304;738
626;74,28;-3,78;0,00;0,00;0,00;-0,00;0,00;0,00;66;90;127;35;36;576;991
627;69,07;-79,14;0,00;0,00;0,00;-0,08;0,00;0,00;92;147;166;12;27;588;618
628;52,06;-106,09;0,00;0,00;0,00;-0,11;0,00;0,00;93;40;165;24;31;281;321
629;26,08;-423,00;0,00;0,00;0,00;-0,42;0,00;0,00;35;169;159;12;28;214;666
630;71,00;42,29;0,00;0,00;0,00;0,04;0,00;0,00;301;44;170;16;30;502;852
631;58,72;-123,10;0,00;0,00;0,00;-0,12;0,00;0,00;296;172;130;49;26;832;156
632;38,86;-289,08;0,00;0,00;0,00;-0,29;0,00;0,00;458;196;114;32;35;663;709
633;31,12;-324,62;0,00;0,00;0,00;-0,32;0,00;0,00;313;11;73;19;17;215;843
634;96,11;262,79;0,00;0,00;0,00;0,26;0,00;0,00;296;129;172;22;15;615;620
635;47,27;-247,40;0,00;0,00;0,00;-0,25;0,00;0,00;319;38;156;34;22;933;802
636;81,37;97,62;0,00;0,00;0,00;0,10;0,00;0,00;407;193;33;16;16;699;660
637;83,30;124,45;0,00;0,00;0,00;0,12;0,00;0,00;359;175;34;39;17;150;860
638;38,93;-315,56;0,00;0,00;0,00;-0,32;0,00;0,00;486;114;92;21;35;715;568
639;44,34;-304,99;0,00;0,00;0,00;-0,30;0,00;0,00;488;80;170;25;26;809;687
640;54,32;-174,30;0,00;0,00;0,00;-0,17;0,00;0,00;108;158;126;10;28;600;890
641;69,36;-19,06;0,00;0,00;0,00;-0,02;0,00;0,00;221;73;50;16;36;242;815
642;100,00;183,29;0,00;0,00;0,00;0,18;0,00;0,00;316;83;172;16;33;615;516
643;55,42;-112,09;0,00;0,00;0,00;-0,11;0,00;0,00;384;41;93;20;21;447;818
644;100,00;210,60;0,00;0,00;0,00;0,21;0,00;0,00;166;65;41;46;27;955;482
645;52,68;-271,14;0,00;0,00;0,00;-0,27;0,00;0,00;64;70;189;48;34;725;545
646;68,49;-74,47;0,00;0,00;0,00;-0,07;0,00;0,00;471;59;173;12;37;958;729
647;72,10;-10,37;0,00;0,00;0,00;-0,01;0,00;0,00;227;167;170;35;15;515;723
648;15,09;-575,80;0,00;0,00;0,00;-0,58;0,00;0,00;476;42;47;45;37;501;100
649;39,67;-248,50;0,00;0,00;0,00;-0,25;0,00;0,00;456;33;18;23;15;167;184
650;50,68;-161,39;0,00;0,00;0,00;-0,16;0,00;0,00;434;58;188;42;35;782;214
651;75,60;65,16;0,00;0,00;0,00;0,07;0,00;0,00;13;48;10;20;19;363;180
652;31,69;-392,38;0,00;0,00;0,00;-0,39;0,00;0,00;498;114;156;49;35;717;970
653;72,87;120,72;0,00;0,00;0,00;0,12;0,00;0,00;47;57;108;28;20;446;441
654;94,80;248,17;0,00;0,00;0,00;0,25;0,00;0,00;137;151;93;35;21;893;811
655;61,08;-114,56;0,00;0,00;0,00;-0,11;0,00;0,00;199;103;95;11;24;419;606
656;88,30;106,08;0,00;0,00;0,00;0,11;0,00;0,00;108;132;45;44;22;537;662
657;30,70;-397,06;0,00;0,00;0,00;-0,40;0,00;0,00;173;187;144;43;16;590;997
658;41,31;-303,56;0,00;0,00;0,00;-0,30;0,00;0,00;413;47;164;13;23;639;634
659;49,09;-248,20;0,00;0,00;0,00;-0,25;0,00;0,00;289;122;44;32;18;887;223
660;28,16;-392,67;0,00;0,00;0,00;-0,39;0,00;0,00;20;171;105;25;17;635;261
661;0,00;-793,25;0,00;0,00;0,00;-0,79;0,00;0,00;497;159;106;22;39;955;466
662;29,60;-402,73;0,00;0,00;0,00;-0,40;0,00;0,00;22;103;80;26;16;872;192
663;35,14;-404,18;0,00;0,00;0,00;-0,40;0,00;0,00;160;180;139;17;39;190;332
664;10,31;-626,83;0,00;0,00;0,00;-0,63;0,00;0,00;312;166;26;28;36;741;421
665;0,00;-689,63;0,00;0,00;0,00;-0,69;0,00;0,00;84;152;127;36;32;344;595
666;48,16;-184,34;0,00;0,00;0,00;-0,18;0,00;0,00;279;186;178;22;15;955;679
667;45,11;-226,07;0,00;0,00;0,00;-0,23;0,00;0,00;444;68;196;15;29;398;927
668;90,64;320,03;0,00;0,00;0,00;0,32;0,00;0,00;424;16;178;37;36;311;569
669;32,68;-371,95;0,00;0,00;0,00;-0,37;0,00;0,00;343;97;192;13;38;847;803
670;0,00;-693,53;0,00;0,00;0,00;-0,69;0,00;0,00;194;33;179;30;28;299;704
671;91,13;177,28;0,00;0,00;0,00;0,18;0,00;0,00;393;193;82;20;32;446;535
672;14,16;-571,30;0,00;0,00;0,00;-0,57;0,00;0,00;372;153;69;31;38;805;882
673;28,22;-365,83;0,00;0,00;0,00;-0,37;0,00;0,00;266;169;119;24;26;722;298
674;6,52;-653,31;0,00;0,00;0,00;-0,65;0,00;0,00;45;187;67;35;26;273;154
675;67,96;-23,82;0,00;0,00;0,00;-0,02;0,00;0,00;223;36;14;16;30;652;700
676;60,71;-92,37;0,00;0,00;0,00;-0,09;0,00;0,00;146;182;75;47;29;555;107
677;100,00;341,95;0,00;0,00;0,00;0,34;0,00;0,00;17;159;147;46;35;948;151
678;46,70;-212,38;0,00;0,00;0,00;-0,21;0,00;0,00;208;36;113;13;23;573;137
679;80,11;133,32;0,00;0,00;0,00;0,13;0,00;0,00;41;31;152;47;17;501;514
680;66,66;36,18;0,00;0,00;0,00;0,04;0,00;0,00;16;121;77;26;33;441;525
681;60,60;-72,13;0,00;0,00;0,00;-0,07;0,00;0,00;114;43;183;11;24;422;477
682;86,48;186,36;0,00;0,00;0,00;0,19;0,00;0,00;211;118;165;26;33;952;811
683;65,18;-78,64;0,00;0,00;0,00;-0,08;0,00;0,00;273;126;48;32;18;668;711
684;13,16;-535,86;0,00;0,00;0,00;-0,54;0,00;0,00;32;147;21;21;22;717;579
685;40,24;-318,50;0,00;0,00;0,00;-0,32;0,00;0,00;181;96;183;38;21;472;882
686;65,74;-68,81;0,00;0,00;0,00;-0,07;0,00;0,00;31;10;170;21;24;909;915
687;28,77;-356,16;0,00;0,00;0,00;-0,36;0,00;0,00;153;146;167;41;30;350;324
688;60,80;-104,13;0,00;0,00;0,00;-0,10;0,00;0,00;83;77;29;11;18;139;793
689;61,07;-36,73;0,00;0,00;0,00;-0,04;0,00;0,00;358;54;166;49;39;248;213
690;71,36;-35,99;0,00;0,00;0,00;-0,04;0,00;0,00;395;93;72;10;37;114;367
691;43,61;-282,68;0,00;0,00;0,00;-0,28;0,00;0,00;244;168;66;49;28;995;629
692;31,90;-430,99;0,00;0,00;0,00;-0,43;0,00;0,00;75;86;192;49;19;720;944
693;28,99;-363,97;0,00;0,00;0,00;-0,36;0,00;0,00;36;91;38;33;38;876;360
694;37,46;-348,73;0,00;0,00;0,00;-0,35;0,00;0,00;209;131;95;33;38;452;727
695;100,00;272,83;0,00;0,00;0,00;0,27;0,00;0,00;167;55;154;18;39;621;944
696;67,68;-20,27;0,00;0,00;0,00;-0,02;0,00;0,00;393;61;193;14;18;570;397
697;38,65;-430,72;0,00;0,00;0,00;-0,43;0,00;0,00;422;39;107;25;20;816;547
698;66,69;-17,11;0,00;0,00;0,00;-0,02;0,00;0,00;242;57;85;12;27;407;466
699;54,51;-122,35;0,00;0,00;0,00;-0,12;0,00;0,00;444;152;37;42;26;658;425
700;21,73;-580,37;0,00;0,00;0,00;-0,58;0,00;0,00;489;133;114;17;17;530;300
701;50,07;-90,19;0,00;0,00;0,00;-0,09;0,00;0,00;330;22;160;20;29;574;108
702;53,83;-103,47;0,00;0,00;0,00;-0,10;0,00;0,00;423;150;73;33;15;737;701
703;22,41;-436,77;0,00;0,00;0,00;-0,44;0,00;0,00;376;128;145;10;29;389;584
704;17,66;-461,29;0,00;0,00;0,00;-0,46;0,00;0,00;215;111;89;34;31;991;677
705;62,19;-34,01;0,00;0,00;0,00;-0,03;0,00;0,00;83;194;45;40;18;497;946
706;44,32;-228,40;0,00;0,00;0,00;-0,23;0,00;0,00;488;98;155;19;17;296;206
707;33,29;-406,84;0,00;0,00;0,00;-0,41;0,00;0,00;433;113;15;41;16;174;227
708;53,83;-140,36;0,00;0,00;0,00;-0,14;0,00;0,00;462;84;194;41;19;369;265
709;74,69;-17,09;0,00;0,00;0,00;-0,02;0,00;0,00;213;194;166;41;23;513;538
710;84,10;127,93;0,00;0,00;0,00;0,13;0,00;0,00;423;141;54;18;26;526;531
711;15,48;-540,70;0,00;0,00;0,00;-0,54;0,00;0,00;250;58;173;34;15;859;452
712;55,57;-121,18;0,00;0,00;0,00;-0,12;0,00;0,00;286;100;167;41;15;934;683
713;28,34;-358,16;0,00;0,00;0,00;-0,36;0,00;0,00;292;132;148;47;24;917;470
714;32,36;-381,40;0,00;0,00;0,00;-0,38;0,00;0,00;87;84;100;49;30;537;327
715;69,88;77,19;0,00;0,00;0,00;0,08;0,00;0,00;477;111;59;19;32;909;169
716;43,95;-248,25;0,00;0,00;0,00;-0,25;0,00;0,00;275;191;33;30;33;142;118
717;36,12;-361,95;0,00;0,00;0,00;-0,36;0,00;0,00;172;77;127;42;37;836;275
718;47,11;-195,88;0,00;0,00;0,00;-0,20;0,00;0,00;18;158;90;43;31;433;236
719;68,43;25,22;0,00;0,00;0,00;0,03;0,00;0,00;132;33;194;14;21;814;904
720;14,04;-516,89;0,00;0,00;0,00;-0,52;0,00;0,00;227;60;137;48;28;508;263
721;52,92;-252,54;0,00;0,00;0,00;-0,25;0,00;0,00;281;172;147;41;30;970;620
722;10,86;-666,68;0,00;0,00;0,00;-0,67;0,00;0,00;185;38;19;46;38;885;407
723;77,10;56,19;0,00;0,00;0,00;0,06;0,00;0,00;231;107;159;30;25;575;620
724;76,61;133,28;0,00;0,00;0,00;0,13;0,00;0,00;411;55;174;14;30;875;650
725;57,13;-173,63;0,00;0,00;0,00;-0,17;0,00;0,00;11;19;78;32;21;474;230
726;36,89;-328,10;0,00;0,00;0,00;-0,33;0,00;0,00;355;164;95;26;36;858;450
727;46,88;-232,37;0,00;0,00;0,00;-0,23;0,00;0,00;478;156;11;33;30;810;580
728;73,10;-9,33;0,00;0,00;0,00;-0,01;0,00;0,00;388;90;156;36;23;153;492
729;81,85;61,99;0,00;0,00;0,00;0,06;0,00;0,00;24;148;129;20;36;835;623
730;49,94;-191,58;0,00;0,00;0,00;-0,19;0,00;0,00;140;46;89;46;30;670;281
731;51,79;-131,95;0,00;0,00;0,00;-0,13;0,00;0,00;18;137;36;40;15;605;760
732;72,69;55,20;0,00;0,00;0,00;0,06;0,00;0,00;217;199;198;14;36;373;678
733;35,68;-336,72;0,00;0,00;0,00;-0,34;0,00;0,00;315;97;91;27;38;591;789
734;63,10;-39,44;0,00;0,00;0,00;-0,04;0,00;0,00;332;108;43;41;19;693;495
735;69,35;-15,26;0,00;0,00;0,00;-0,02;0,00;0,00;491;101;107;40;37;659;211
736;36,52;-301,07;0,00;0,00;0,00;-0,30;0,00;0,00;452;22;163;44;32;886;825
737;38,57;-370,63;0,00;0,00;0,00;-0,37;0,00;0,00;286;26;136;13;15;784;882
738;0,00;-706,55;0,00;0,00;0,00;-0,71;0,00;0,00;193;169;100;26;25;996;850
739;25,56;-459,72;0,00;0,00;0,00;-0,46;0,00;0,00;266;78;35;25;33;475;947
740;1,37;-712,86;0,00;0,00;0,00;-0,71;0,00;0,00;482;166;184;41;39;485;913
741;42,73;-288,87;0,00;0,00;0,00;-0,29;0,00;0,00;206;149;162;43;17;614;262
742;7,54;-615,09;0,00;0,00;0,00;-0,62;0,00;0,00;219;48;165;33;31;497;270
743;55,07;-215,06;0,00;0,00;0,00;-0,22;0,00;0,00;358;84;45;35;27;260;401
744;100,00;292,33;0,00;0,00;0,00;0,29;0,00;0,00;122;120;129;34;22;824;150
745;64,15;-32,63;0,00;0,00;0,00;-0,03;0,00;0,00;38;162;118;27;23;427;702
746;59,90;-169,95;0,00;0,00;0,00;-0,17;0,00;0,00;449;62;48;48;34;928;684
747;22,65;-464,41;0,00;0,00;0,00;-0,46;0,00;0,00;304;96;130;24;18;732;454
748;27,29;-459,79;0,00;0,00;0,00;-0,46;0,00;0,00;135;45;166;20;23;345;758
749;94,40;235,21;0,00;0,00;0,00;0,24;0,00;0,00;318;13;121;32;29;902;973
750;51,97;-195,74;0,00;0,00;0,00;-0,20;0,00;0,00;102;179;142;13;37;866;643
751;7,36;-633,96;0,00;0,00;0,00;-0,63;0,00;0,00;15;184;195;32;38;972;583
752;66,09;-38,67;0,00;0,00;0,00;-0,04;0,00;0,00;285;95;117;23;23;249;250
753;37,85;-333,07;0,00;0,00;0,00;-0,33;0,00;0,00;320;92;158;27;35;336;874
754;40,34;-365,50;0,00;0,00;0,00;-0,37;0,00;0,00;37;87;45;32;26;978;861
755;73,77;109,99;0,00;0,00;0,00;0,11;0,00;0,00;282;144;194;38;36;185;452
756;100,00;320,93;0,00;0,00;0,00;0,32;0,00;0,00;349;93;102;16;31;357;224
757;71,39;25,67;0,00;0,00;0,00;0,03;0,00;0,00;353;161;59;11;28;757;779
758;57,35;-112,45;0,00;0,00;0,00;-0,11;0,00;0,00;108;86;182;23;28;136;491
759;76,45;125,71;0,00;0,00;0,00;0,13;0,00;0,00;139;41;136;38;39;322;704
760;60,02;-113,70;0,00;0,00;0,00;-0,11;0,00;0,00;50;161;98;41;22;340;966
761;60,77;-59,55;0,00;0,00;0,00;-0,06;0,00;0,00;189;30;48;30;21;503;625
762;74,93;20,36;0,00;0,00;0,00;0,02;0,00;0,00;231;160;103;10;18;799;761
763;30,61;-219,48;0,00;0,00;0,00;-0,22;0,00;0,00;53;196;72;49;39;711;761
764;45,22;-280,15;0,00;0,00;0,00;-0,28;0,00;0,00;427;86;30;10;38;928;408
765;42,45;-254,57;0,00;0,00;0,00;-0,25;0,00;0,00;29;96;12;40;38;260;190
766;67,80;23,38;0,00;0,00;0,00;0,02;0,00;0,00;343;75;124;44;32;163;444
767;60,07;-150,69;0,00;0,00;0,00;-0,15;0,00;0,00;390;33;84;32;22;348;460
768;98,26;178,28;0,00;0,00;0,00;0,18;0,00;0,00;131;104;186;25;27;728;655
769;65,37;10,16;0,00;0,00;0,00;0,01;0,00;0,00;371;29;82;27;36;820;271
770;74,11;-39,25;0,00;0,00;0,00;-0,04;0,00;0,00;125;131;199;40;24;918;883
771;29,09;-409,29;0,00;0,00;0,00;-0,41;0,00;0,00;343;103;126;15;29;606;711
772;73,64;28,69;0,00;0,00;0,00;0,03;0,00;0,00;209;156;199;33;31;958;362
773;34,53;-288,96;0,00;0,00;0,00;-0,29;0,00;0,00;387;47;102;44;30;282;145
774;77,75;60,56;0,00;0,00;0,00;0,06;0,00;0,00;491;198;56;13;30;646;258
775;57,64;-120,03;0,00;0,00;0,00;-0,12;0,00;0,00;234;34;157;18;29;511;178
776;59,31;-76,69;0,00;0,00;0,00;-0,08;0,00;0,00;436;179;194;18;35;479;665
777;37,16;-333,45;0,00;0,00;0,00;-0,33;0,00;0,00;348;186;73;38;26;913;705
778;24,08;-498,50;0,00;0,00;0,00;-0,50;0,00;0,00;227;65;55;13;20;402;664
779;14,55;-489,76;0,00;0,00;0,00;-0,49;0,00;0,00;447;120;175;14;15;380;584
780;58,15;-120,15;0,00;0,00;0,00;-0,12;0,00;0,00;162;59;49;19;20;230;878
781;67,83;-77,32;0,00;0,00;0,00;-0,08;0,00;0,00;246;32;117;47;32;914;370
782;30,26;-409,56;0,00;0,00;0,00;-0,41;0,00;0,00;225;156;34;28;38;821;505
783;57,73;-217,40;0,00;0,00;0,00;-0,22;0,00;0,00;474;178;181;22;15;583;602
784;0,00;-687,57;0,00;0,00;0,00;-0,69;0,00;0,00;283;180;132;13;23;745;994
785;60,15;-43,16;0,00;0,00;0,00;-0,04;0,00;0,00;379;100;124;44;25;537;726
786;62,61;-107,33;0,00;0,00;0,00;-0,11;0,00;0,00;262;77;102;47;33;644;389
787;49,49;-217,53;0,00;0,00;0,00;-0,22;0,00;0,00;234;13;157;35;31;272;984
788;75,99;1,08;0,00;0,00;0,00;0,00;0,00;0,00;409;109;122;34;20;995;394
789;33,34;-414,31;0,00;0,00;0,00;-0,41;0,00;0,00;18;45;116;39;39;686;131
790;44,46;-198,61;0,00;0,00;0,00;-0,20;0,00;0,00;435;28;157;46;17;929;335
791;70,18;14,35;0,00;0,00;0,00;0,01;0,00;0,00;264;48;73;26;17;432;881
792;25,59;-416,03;0,00;0,00;0,00;-0,42;0,00;0,00;31;73;32;33;33;324;485
793;8,17;-618,24;0,00;0,00;0,00;-0,62;0,00;0,00;116;44;196;19;18;273;396
794;24,51;-429,31;0,00;0,00;0,00;-0,43;0,00;0,00;187;74;65;49;24;274;332
795;80,63;92,05;0,00;0,00;0,00;0,09;0,00;0,00;457;98;175;33;26;427;437
796;21,27;-517,50;0,00;0,00;0,00;-0,52;0,00;0,00;281;146;81;46;20;208;524
797;20,65;-482,17;0,00;0,00;0,00;-0,48;0,00;0,00;292;88;125;48;23;684;359
798;64,56;-96,07;0,00;0,00;0,00;-0,10;0,00;0,00;39;144;63;45;34;915;731
799;30,80;-360,40;0,00;0,00;0,00;-0,36;0,00;0,00;461;25;59;30;19;436;563
800;71,50;16,46;0,00;0,00;0,00;0,02;0,00;0,00;48;58;11;43;22;538;853
801;20,94;-515,86;0,00;0,00;0,00;-0,52;0,00;0,00;335;33;23;29;38;194;565
802;26,48;-387,95;0,00;0,00;0,00;-0,39;0,00;0,00;453;167;35;45;38;178;448
803;93,08;262,04;0,00;0,00;0,00;0,26;0,00;0,00;461;48;41;25;33;511;755
804;69,49;103,92;0,00;0,00;0,00;0,10;0,00;0,00;33;145;61;40;35;773;237
805;0,00;-700,41;0,00;0,00;0,00;-0,70;0,00;0,00;311;63;46;31;18;103;741
806;11,95;-613,62;0,00;0,00;0,00;-0,61;0,00;0,00;218;65;116;28;26;484;497
807;78,23;158,94;0,00;0,00;0,00;0,16;0,00;0,00;195;194;28;16;23;650;418
808;40,11;-285,50;0,00;0,00;0,00;-0,29;0,00;0,00;263;14;12;30;35;442;929
809;85,52;159,01;0,00;0,00;0,00;0,16;0,00;0,00;342;189;55;26;34;605;194
810;74,54;36,39;0,00;0,00;0,00;0,04;0,00;0,00;173;50;34;32;24;669;676
811;100,00;320,90;0,00;0,00;0,00;0,32;0,00;0,00;216;96;117;33;26;445;230
812;25,18;-515,92;0,00;0,00;0,00;-0,52;0,00;0,00;317;155;192;21;27;130;576
813;18,14;-481,51;0,00;0,00;0,00;-0,48;0,00;0,00;274;68;109;40;22;467;641
814;62,14;-60,65;0,00;0,00;0,00;-0,06;0,00;0,00;175;154;78;32;27;806;558
815;56,01;-134,81;0,00;0,00;0,00;-0,13;0,00;0,00;333;158;197;40;19;786;462
816;26,03;-404,44;0,00;0,00;0,00;-0,40;0,00;0,00;50;137;43;23;32;122;958
817;45,13;-224,01;0,00;0,00;0,00;-0,22;0,00;0,00;141;47;118;42;18;142;929
818;83,08;153,66;0,00;0,00;0,00;0,15;0,00;0,00;331;84;73;49;27;142;455
819;87,20;77,68;0,00;0,00;0,00;0,08;0,00;0,00;188;156;67;12;24;940;552
820;45,76;-257,80;0,00;0,00;0,00;-0,26;0,00;0,00;451;58;63;31;25;650;278
821;75,29;70,22;0,00;0,00;0,00;0,07;0,00;0,00;467;170;165;31;37;408;416
822;76,35;108,17;0,00;0,00;0,00;0,11;0,00;0,00;453;103;106;38;15;514;190
823;65,12;-51,59;0,00;0,00;0,00;-0,05;0,00;0,00;83;155;184;23;22;206;692
824;44,17;-177,64;0,00;0,00;0,00;-0,18;0,00;0,00;350;125;97;18;23;916;837
825;27,22;-371,23;0,00;0,00;0,00;-0,37;0,00;0,00;256;165;18;29;20;990;988
826;58,41;-199,63;0,00;0,00;0,00;-0,20;0,00;0,00;218;118;21;11;38;303;835
827;62,33;-85,79;0,00;0,00;0,00;-0,09;0,00;0,00;263;11;126;48;30;355;783
828;54,70;-158,81;0,00;0,00;0,00;-0,16;0,00;0,00;479;162;29;31;16;723;430
829;62,52;-153,60;0,00;0,00;0,00;-0,15;0,00;0,00;165;138;37;34;31;438;311
830;0,00;-651,98;0,00;0,00;0,00;-0,65;0,00;0,00;235;148;17;18;22;263;506
831;0,00;-740,82;0,00;0,00;0,00;-0,74;0,00;0,00;291;158;163;12;31;571;330
832;49,26;-201,75;0,00;0,00;0,00;-0,20;0,00;0,00;475;95;90;28;31;520;591
833;60,06;-58,28;0,00;0,00;0,00;-0,06;0,00;0,00;147;190;96;23;38;996;253
834;52,49;-198,42;0,00;0,00;0,00;-0,20;0,00;0,00;334;25;44;28;27;826;881
835;26,85;-479,52;0,00;0,00;0,00;-0,48;0,00;0,00;160;156;27;30;39;266;857
836;35,68;-348,18;0,00;0,00;0,00;-0,35;0,00;0,00;174;146;18;14;20;267;370
837;76,60;187,72;0,00;0,00;0,00;0,19;0,00;0,00;434;119;114;29;29;409;953
838;28,36;-465,24;0,00;0,00;0,00;-0,47;0,00;0,00;383;79;24;32;24;269;243
839;17,92;-499,07;0,00;0,00;0,00;-0,50;0,00;0,00;411;166;160;49;29;463;576
840;51,65;-191,88;0,00;0,00;0,00;-0,19;0,00;0,00;92;137;79;15;20;713;176
841;19,29;-564,02;0,00;0,00;0,00;-0,56;0,00;0,00;82;164;191;10;36;775;393
842;49,09;-141,93;0,00;0,00;0,00;-0,14;0,00;0,00;372;77;156;13;39;746;425
843;0,00;-695,29;0,00;0,00;0,00;-0,70;0,00;0,00;81;55;53;35;32;348;477
844;78,39;84,96;0,00;0,00;0,00;0,08;0,00;0,00;218;181;135;26;30;341;967
845;68,52;-47,75;0,00;0,00;0,00;-0,05;0,00;0,00;462;35;81;24;37;660;371
846;94,90;269,80;0,00;0,00;0,00;0,27;0,00;0,00;293;110;62;30;16;577;935
847;53,09;-193,65;0,00;0,00;0,00;-0,19;0,00;0,00;469;128;113;32;25;459;641
848;13,37;-558,44;0,00;0,00;0,00;-0,56;0,00;0,00;481;175;29;32;34;254;444
849;60,54;-161,12;0,00;0,00;0,00;-0,16;0,00;0,00;400;91;90;12;35;514;267
850;51,45;-102,14;0,00;0,00;0,00;-0,10;0,00;0,00;119;119;177;15;38;487;607
851;49,54;-219,46;0,00;0,00;0,00;-0,22;0,00;0,00;439;109;98;15;28;681;990
852;51,98;-240,22;0,00;0,00;0,00;-0,24;0,00;0,00;353;31;118;45;26;852;683
853;68,39;-37,97;0,00;0,00;0,00;-0,04;0,00;0,00;381;31;140;10;23;164;497
854;33,13;-537,45;0,00;0,00;0,00;-0,54;0,00;0,00;22;13;84;33;15;772;421
855;36,80;-371,54;0,00;0,00;0,00;-0,37;0,00;0,00;182;45;115;27;26;850;378
856;59,95;-69,96;0,00;0,00;0,00;-0,07;0,00;0,00;63;165;64;16;21;374;375
857;31,08;-505,81;0,00;0,00;0,00;-0,51;0,00;0,00;185;163;166;44;25;778;859
858;21,40;-487,92;0,00;0,00;0,00;-0,49;0,00;0,00;266;43;192;28;20;172;669
859;39,91;-304,73;0,00;0,00;0,00;-0,30;0,00;0,00;446;110;158;20;33;876;882
860;60,00;-51,49;0,00;0,00;0,00;-0,05;0,00;0,00;201;130;30;14;33;489;553
861;84,26;241,09;0,00;0,00;0,00;0,24;0,00;0,00;61;113;175;47;22;960;261
862;8,06;-630,78;0,00;0,00;0,00;-0,63;0,00;0,00;274;189;96;15;38;447;265
863;56,82;-83,93;0,00;0,00;0,00;-0,08;0,00;0,00;98;159;145;28;34;304;953
864;100,00;303,21;0,00;0,00;0,00;0,30;0,00;0,00;51;153;188;31;15;141;414
865;38,36;-339,15;0,00;0,00;0,00;-0,34;0,00;0,00;146;73;154;48;34;262;288
866;28,84;-372,06;0,00;0,00;0,00;-0,37;0,00;0,00;199;173;19;35;22;821;617
867;0,00;-627,26;0,00;0,00;0,00;-0,63;0,00;0,00;151;14;146;45;36;796;618
868;69,00;93,97;0,00;0,00;0,00;0,09;0,00;0,00;464;70;105;46;21;611;303
869;68,29;-68,07;0,00;0,00;0,00;-0,07;0,00;0,00;66;152;65;41;27;281;355
870;24,63;-544,91;0,00;0,00;0,00;-0,54;0,00;0,00;487;153;23;13;38;295;498
871;52,26;-188,34;0,00;0,00;0,00;-0,19;0,00;0,00;377;29;95;21;15;795;859
872;54,84;-142,84;0,00;0,00;0,00;-0,14;0,00;0,00;486;42;133;42;37;289;244
873;70,52;-49,82;0,00;0,00;0,00;-0,05;0,00;0,00;295;15;96;15;21;929;626
874;64,00;-50,19;0,00;0,00;0,00;-0,05;0,00;0,00;365;188;102;10;36;907;275
875;43,18;-227,67;0,00;0,00;0,00;-0,23;0,00;0,00;290;196;87;31;18;586;786
876;68,31;-26,79;0,00;0,00;0,00;-0,03;0,00;0,00;108;112;61;32;34;439;136
877;91,55;165,04;0,00;0,00;0,00;0,17;0,00;0,00;371;110;11;15;19;338;221
878;41,93;-264,21;0,00;0,00;0,00;-0,26;0,00;0,00;402;79;66;42;24;772;292
879;0,00;-696,43;0,00;0,00;0,00;-0,70;0,00;0,00;421;188;154;13;30;802;607
880;88,85;230,23;0,00;0,00;0,00;0,23;0,00;0,00;25;144;52;46;29;785;383
881;18,50;-543,08;0,00;0,00;0,00;-0,54;0,00;0,00;403;135;105;18;19;791;962
882;52,38;-131,91;0,00;0,00;0,00;-0,13;0,00;0,00;275;156;138;17;19;855;235
883;49,42;-215,94;0,00;0,00;0,00;-0,22;0,00;0,00;115;74;33;10;33;892;106
884;19,59;-532,35;0,00;0,00;0,00;-0,53;0,00;0,00;127;191;85;33;20;593;191
885;17,41;-540,35;0,00;0,00;0,00;-0,54;0,00;0,00;376;105;182;49;33;487;926
886;44,44;-343,22;0,00;0,00;0,00;-0,34;0,00;0,00;353;126;115;10;18;178;303
887;100,00;319,12;0,00;0,00;0,00;0,32;0,00;0,00;294;117;19;45;27;573;468
888;24,61;-457,51;0,00;0,00;0,00;-0,46;0,00;0,00;111;39;182;22;37;147;914
889;0,00;-713,21;0,00;0,00;0,00;-0,71;0,00;0,00;186;181;55;49;36;363;277
890;34,53;-297,83;0,00;0,00;0,00;-0,30;0,00;0,00;254;187;86;41;25;345;455
891;80,25;71,83;0,00;0,00;0,00;0,07;0,00;0,00;135;25;21;19;17;758;593
892;62,41;-44,71;0,00;0,00;0,00;-0,04;0,00;0,00;357;66;115;27;37;848;215
893;77,05;88,03;0,00;0,00;0,00;0,09;0,00;0,00;46;184;173;28;29;660;234
894;16,57;-446,83;0,00;0,00;0,00;-0,45;0,00;0,00;316;93;67;37;17;495;944
895;56,66;-245,99;0,00;0,00;0,00;-0,25;0,00;0,00;322;50;10;45;25;733;810
896;70,12;-37,63;0,00;0,00;0,00;-0,04;0,00;0,00;483;101;173;46;21;363;955
897;35,85;-264,62;0,00;0,00;0,00;-0,26;0,00;0,00;201;17;189;13;15;581;425
898;15,96;-567,60;0,00;0,00;0,00;-0,57;0,00;0,00;424;14;86;30;30;701;639
899;60,08;-37,31;0,00;0,00;0,00;-0,04;0,00;0,00;456;132;64;30;24;893;432
900;97,24;269,30;0,00;0,00;0,00;0,27;0,00;0,00;243;128;160;32;32;411;912
901;57,59;-262,75;0,00;0,00;0,00;-0,26;0,00;0,00;16;183;148;23;39;543;917
902;75,07;-3,77;0,00;0,00;0,00;-0,00;0,00;0,00;20;91;14;22;21;652;237
903;48,31;-230,91;0,00;0,00;0,00;-0,23;0,00;0,00;130;84;125;23;36;989;464
904;65,97;-12,42;0,00;0,00;0,00;-0,01;0,00;0,00;290;183;28;26;22;808;726
905;61,86;-101,09;0,00;0,00;0,00;-0,10;0,00;0,00;30;107;116;22;27;187;385
906;80,83;59,48;0,00;0,00;0,00;0,06;0,00;0,00;156;143;136;12;17;706;831
907;22,36;-452,04;0,00;0,00;0,00;-0,45;0,00;0,00;384;64;88;26;23;864;447
908;88,05;151,76;0,00;0,00;0,00;0,15;0,00;0,00;303;169;151;35;38;833;357
909;5,32;-628,23;0,00;0,00;0,00;-0,63;0,00;0,00;78;130;55;38;24;226;416
910;0,00;-690,66;0,00;0,00;0,00;-0,69;0,00;0,00;22;53;50;38;15;270;897
911;54,52;-137,56;0,00;0,00;0,00;-0,14;0,00;0,00;367;125;119;43;19;216;737
912;51,71;-150,92;0,00;0,00;0,00;-0,15;0,00;0,00;380;110;48;17;17;889;480
913;6,83;-567,60;0,00;0,00;0,00;-0,57;0,00;0,00;101;80;150;21;38;604;394
914;83,65;178,85;0,00;0,00;0,00;0,18;0,00;0,00;305;18;169;19;32;317;369
915;94,61;323,87;0,00;0,00;0,00;0,32;0,00;0,00;91;81;43;36;27;133;534
916;87,35;58,32;0,00;0,00;0,00;0,06;0,00;0,00;310;178;45;21;31;210;445
917;36,88;-331,47;0,00;0,00;0,00;-0,33;0,00;0,00;259;86;135;19;37;443;270
918;26,05;-467,87;0,00;0,00;0,00;-0,47;0,00;0,00;163;87;173;38;18;642;610
919;70,92;86,58;0,00;0,00;0,00;0,09;0,00;0,00;135;104;132;49;21;595;390
920;34,78;-357,59;0,00;0,00;0,00;-0,36;0,00;0,00;473;129;185;25;17;509;704
921;33,39;-389,49;0,00;0,00;0,00;-0,39;0,00;0,00;182;40;23;18;18;924;576
922;37,35;-376,23;0,00;0,00;0,00;-0,38;0,00;0,00;82;106;56;11;28;643;642
923;46,19;-258,24;0,00;0,00;0,00;-0,26;0,00;0,00;10;42;143;23;31;412;842
924;44,11;-258,59;0,00;0,00;0,00;-0,26;0,00;0,00;259;92;36;45;34;240;847
925;49,55;-268,46;0,00;0,00;0,00;-0,27;0,00;0,00;161;85;37;19;15;836;143
926;48,39;-252,48;0,00;0,00;0,00;-0,25;0,00;0,00;162;127;39;15;20;201;104
927;100,00;389,63;0,00;0,00;0,00;0,39;0,00;0,00;206;25;80;15;16;780;239
928;27,61;-369,13;0,00;0,00;0,00;-0,37;0,00;0,00;427;32;77;46;18;143;531
929;44,57;-208,05;0,00;0,00;0,00;-0,21;0,00;0,00;445;45;124;36;31;377;323
930;31,40;-363,91;0,00;0,00;0,00;-0,36;0,00;0,00;472;46;101;41;31;680;852
931;18,14;-461,23;0,00;0,00;0,00;-0,46;0,00;0,00;398;151;187;18;36;716;636
932;28,94;-388,00;0,00;0,00;0,00;-0,39;0,00;0,00;186;170;34;46;21;461;935
933;62,79;-147,07;0,00;0,00;0,00;-0,15;0,00;0,00;228;131;45;34;15;598;626
934;0,00;-703,28;0,00;0,00;0,00;-0,70;0,00;0,00;178;177;82;25;26;739;188
935;100,00;281,80;0,00;0,00;0,00;0,28;0,00;0,00;476;154;178;34;23;342;949
936;76,33;86,07;0,00;0,00;0,00;0,09;0,00;0,00;373;187;22;21;32;127;110
937;63,67;-83,30;0,00;0,00;0,00;-0,08;0,00;0,00;211;34;90;22;32;249;391
938;80,85;131,69;0,00;0,00;0,00;0,13;0,00;0,00;226;18;43;32;25;408;731
939;35,12;-352,73;0,00;0,00;0,00;-0,35;0,00;0,00;377;47;166;49;36;662;668
940;53,61;-192,68;0,00;0,00;0,00;-0,19;0,00;0,00;397;170;123;16;29;255;735
941;10,88;-596,83;0,00;0,00;0,00;-0,60;0,00;0,00;224;145;32;28;21;556;591
942;29,23;-393,21;0,00;0,00;0,00;-0,39;0,00;0,00;354;82;172;13;35;917;820
943;41,67;-274,47;0,00;0,00;0,00;-0,27;0,00;0,00;363;32;118;16;39;636;913
944;40,33;-293,72;0,00;0,00;0,00;-0,29;0,00;0,00;111;145;69;23;37;876;678
945;22,95;-509,79;0,00;0,00;0,00;-0,51;0,00;0,00;170;88;49;24;36;200;549
946;33,21;-338,46;0,00;0,00;0,00;-0,34;0,00;0,00;165;130;183;45;35;169;473
947;43,34;-269,38;0,00;0,00;0,00;-0,27;0,00;0,00;339;133;45;15;17;789;899
948;83,90;182,95;0,00;0,00;0,00;0,18;0,00;0,00;383;68;78;18;29;611;232
949;60,68;-131,44;0,00;0,00;0,00;-0,13;0,00;0,00;132;48;33;42;18;433;205
950;66,97;20,33;0,00;0,00;0,00;0,02;0,00;0,00;259;37;190;14;33;761;642
951;51,14;-110,44;0,00;0,00;0,00;-0,11;0,00;0,00;172;30;55;25;21;569;939
952;53,94;-164,33;0,00;0,00;0,00;-0,16;0,00;0,00;107;150;152;11;19;963;387
953;78,98;42,16;0,00;0,00;0,00;0,04;0,00;0,00;267;144;96;13;16;486;730
954;97,15;364,00;0,00;0,00;0,00;0,36;0,00;0,00;304;124;25;19;31;782;482
955;7,87;-638,80;0,00;0,00;0,00;-0,64;0,00;0,00;36;167;72;16;33;447;965
956;68,38;-50,37;0,00;0,00;0,00;-0,05;0,00;0,00;329;131;47;30;20;484;720
957;74,37;-34,86;0,00;0,00;0,00;-0,03;0,00;0,00;395;23;44;29;36;638;309
958;58,88;-14,81;0,00;0,00;0,00;-0,01;0,00;0,00;194;62;102;24;37;774;561
959;65,02;-47,57;0,00;0,00;0,00;-0,05;0,00;0,00;347;49;138;34;31;722;837
960;52,97;-219,84;0,00;0,00;0,00;-0,22;0,00;0,00;230;76;97;35;33;568;249
961;77,86;92,14;0,00;0,00;0,00;0,09;0,00;0,00;139;148;13;32;22;686;979
962;0,00;-686,76;0,00;0,00;0,00;-0,69;0,00;0,00;355;182;164;42;29;944;472
963;23,95;-445,84;0,00;0,00;0,00;-0,45;0,00;0,00;202;116;188;22;36;844;495
964;95,96;351,98;0,00;0,00;0,00;0,35;0,00;0,00;232;112;47;31;18;475;747
965;37,53;-249,66;0,00;0,00;0,00;-0,25;0,00;0,00;252;123;165;33;18;113;372
966;43,82;-216,15;0,00;0,00;0,00;-0,22;0,00;0,00;387;166;63;26;33;371;148
967;56,46;-177,94;0,00;0,00;0,00;-0,18;0,00;0,00;199;54;129;29;35;142;344
968;33,17;-328,63;0,00;0,00;0,00;-0,33;0,00;0,00;342;31;180;18;36;221;342
969;50,28;-179,68;0,00;0,00;0,00;-0,18;0,00;0,00;452;32;116;11;29;483;378
970;48,57;-181,92;0,00;0,00;0,00;-0,18;0,00;0,00;491;190;102;23;38;107;403
971;6,77;-639,87;0,00;0,00;0,00;-0,64;0,00;0,00;156;170;93;16;26;967;756
972;0,00;-822,34;0,00;0,00;0,00;-0,82;0,00;0,00;244;55;140;41;17;114;428
973;43,11;-264,73;0,00;0,00;0,00;-0,26;0,00;0,00;466;116;10;18;38;397;843
974;72,09;27,12;0,00;0,00;0,00;0,03;0,00;0,00;169;156;140;12;17;122;933
975;23,30;-402,57;0,00;0,00;0,00;-0,40;0,00;0,00;363;93;174;32;17;917;160
976;58,93;-60,08;0,00;0,00;0,00;-0,06;0,00;0,00;461;66;124;17;35;863;715
977;66,82;-82,78;0,00;0,00;0,00;-0,08;0,00;0,00;120;12;93;48;33;934;817
978;95,56;189,07;0,00;0,00;0,00;0,19;0,00;0,00;13;166;142;35;33;622;508
979;58,49;-114,48;0,00;0,00;0,00;-0,11;0,00;0,00;196;162;91;46;37;326;109
980;52,88;-202,62;0,00;0,00;0,00;-0,20;0,00;0,00;154;158;143;19;36;785;201
981;71,36;-1,15;0,00;0,00;0,00;-0,00;0,00;0,00;355;43;17;21;38;725;136
982;49,28;-107,00;0,00;0,00;0,00;-0,11;0,00;0,00;300;143;86;22;30;613;525
983;46,67;-145,83;0,00;0,00;0,00;-0,15;0,00;0,00;283;146;198;37;34;815;824
984;21,26;-506,28;0,00;0,00;0,00;-0,51;0,00;0,00;115;140;87;48;30;724;699
985;66,85;-33,93;0,00;0,00;0,00;-0,03;0,00;0,00;423;54;42;46;20;601;725
986;61,79;-78,47;0,00;0,00;0,00;-0,08;0,00;0,00;361;159;37;19;19;956;695
987;73,48;156,97;0,00;0,00;0,00;0,16;0,00;0,00;404;13;132;43;17;820;261
988;42,47;-267,33;0,00;0,00;0,00;-0,27;0,00;0,00;254;148;23;25;35;622;467
989;53,52;-138,94;0,00;0,00;0,00;-0,14;0,00;0,00;474;87;98;10;15;135;380
990;42,72;-228,91;0,00;0,00;0,00;-0,23;0,00;0,00;482;85;105;21;30;749;204
991;62,33;-81,76;0,00;0,00;0,00;-0,08;0,00;0,00;492;121;69;47;27;767;245
992;46,58;-244,76;0,00;0,00;0,00;-0,24;0,00;0,00;180;87;174;41;31;184;538
993;79,29;84,56;0,00;0,00;0,00;0,08;0,00;0,00;147;165;139;39;35;526;379
994;44,96;-327,49;0,00;0,00;0,00;-0,33;0,00;0,00;464;153;191;24;35;121;115
995;39,89;-291,94;0,00;0,00;0,00;-0,29;0,00;0,00;98;73;94;26;38;314;222
996;53,85;-152,02;0,00;0,00;0,00;-0,15;0,00;0,00;437;134;47;18;21;353;425
997;86,85;152,74;0,00;0,00;0,00;0,15;0,00;0,00;360;63;139;45;23;927;125
998;33,15;-339,40;0,00;0,00;0,00;-0,34;0,00;0,00;25;112;161;45;25;275;639
999;33,93;-399,07;0,00;0,00;0,00;-0,40;0,00;0,00;139;114;158;31;34;622;946
1000;79,41;74,27;0,00;0,00;0,00;0,07;0,00;0,00;10;169;124;43;16;399;121
1001;92,58;239,16;0,00;0,00;0,00;0,24;0,00;0,00;198;144;94;19;29;782;681
1002;41,09;-222,76;0,00;0,00;0,00;-0,22;0,00;0,00;490;151;81;48;27;338;733
1003;79,65;158,40;0,00;0,00;0,00;0,16;0,00;0,00;161;148;150;26;29;921;180
1004;26,28;-460,71;0,00;0,00;0,00;-0,46;0,00;0,00;303;153;63;24;30;616;295
1005;34,80;-339,79;0,00;0,00;0,00;-0,34;0,00;0,00;315;151;142;46;36;946;894
1006;35,60;-266,84;0,00;0,00;0,00;-0,27;0,00;0,00;230;198;106;40;33;856;640
1007;81,22;124,04;0,00;0,00;0,00;0,12;0,00;0,00;189;24;13;34;28;643;463
1008;33,58;-412,50;0,00;0,00;0,00;-0,41;0,00;0,00;344;136;82;13;20;156;904
1009;5,97;-674,01;0,00;0,00;0,00;-0,67;0,00;0,00;409;50;102;49;21;987;327
1010;65,82;-75,58;0,00;0,00;0,00;-0,08;0,00;0,00;294;119;189;31;23;941;986
1011;63,74;-27,85;0,00;0,00;0,00;-0,03;0,00;0,00;342;157;43;22;37;396;754
1012;53,18;-194,79;0,00;0,00;0,00;-0,19;0,00;0,00;340;59;19;27;27;616;668
1013;31,01;-347,55;0,00;0,00;0,00;-0,35;0,00;0,00;409;176;88;44;22;463;136
1014;26,11;-439,21;0,00;0,00;0,00;-0,44;0,00;0,00;186;15;194;43;18;329;264
1015;24,43;-493,69;0,00;0,00;0,00;-0,49;0,00;0,00;89;162;141;42;20;681;168
1016;39,97;-356,71;0,00;0,00;0,00;-0,36;0,00;0,00;298;39;33;12;35;964;632
1017;13,52;-655,13;0,00;0,00;0,00;-0,66;0,00;0,00;385;142;158;12;20;654;323
1018;38,17;-353,89;0,00;0,00;0,00;-0,35;0,00;0,00;171;140;196;28;24;835;796
1019;0,00;-701,40;0,00;0,00;0,00;-0,70;0,00;0,00;181;177;60;43;26;879;822
1020;67,13;50,58;0,00;0,00;0,00;0,05;0,00;0,00;359;124;86;31;27;829;419
1021;52,01;-225,20;0,00;0,00;0,00;-0,23;0,00;0,00;285;72;20;36;31;128;864
1022;48,42;-185,35;0,00;0,00;0,00;-0,19;0,00;0,00;478;188;46;28;36;735;287
1023;74,46;-8,33;0,00;0,00;0,00;-0,01;0,00;0,00;224;86;192;39;26;415;475
1024;7,77;-613,33;0,00;0,00;0,00;-0,61;0,00;0,00;224;143;151;35;20;233;756
1025;49,28;-315,37;0,00;0,00;0,00;-0,32;0,00;0,00;316;184;74;43;25;424;341
1026;52,73;-222,95;0,00;0,00;0,00;-0,22;0,00;0,00;499;88;100;25;34;273;501
1027;8,49;-657,03;0,00;0,00;0,00;-0,66;0,00;0,00;251;137;20;45;15;109;577
1028;57,52;-45,96;0,00;0,00;0,00;-0,05;0,00;0,00;97;103;130;23;24;609;903
1029;62,50;-99,50;0,00;0,00;0,00;-0,10;0,00;0,00;395;159;190;16;29;415;374
1030;13,61;-584,59;0,00;0,00;0,00;-0,58;0,00;0,00;441;130;66;17;18;675;258
1031;21,63;-433,69;0,00;0,00;0,00;-0,43;0,00;0,00;72;184;97;48;32;692;464
1032;40,97;-276,07;0,00;0,00;0,00;-0,28;0,00;0,00;58;90;114;34;29;556;785
1033;11,12;-565,25;0,00;0,00;0,00;-0,57;0,00;0,00;128;170;62;17;21;770;634
1034;54,23;-101,72;0,00;0,00;0,00;-0,10;0,00;0,00;474;195;15;23;15;893;238
1035;100,00;396,31;0,00;0,00;0,00;0,40;0,00;0,00;428;72;27;13;36;371;248
1036;73,50;83,77;0,00;0,00;0,00;0,08;0,00;0,00;172;88;148;32;29;232;814
1037;76,12;74,44;0,00;0,00;0,00;0,07;0,00;0,00;253;53;138;23;36;165;268
1038;66,61;-85,72;0,00;0,00;0,00;-0,09;0,00;0,00;367;99;188;37;28;991;836
1039;81,84;74,57;0,00;0,00;0,00;0,07;0,00;0,00;191;38;13;25;16;173;276
1040;34,96;-254,58;0,00;0,00;0,00;-0,25;0,00;0,00;188;174;126;38;32;737;682
1041;90,18;203,49;0,00;0,00;0,00;0,20;0,00;0,00;248;31;74;28;19;864;413
1042;50,37;-170,29;0,00;0,00;0,00;-0,17;0,00;0,00;243;170;79;32;37;921;468
1043;58,54;-122,52;0,00;0,00;0,00;-0,12;0,00;0,00;273;26;61;30;28;785;572
1044;64,09;-130,67;0,00;0,00;0,00;-0,13;0,00;0,00;285;42;83;47;19;598;735
1045;28,20;-473,25;0,00;0,00;0,00;-0,47;0,00;0,00;143;12;75;49;15;903;722
1046;52,37;-178,92;0,00;0,00;0,00;-0,18;0,00;0,00;189;193;192;19;33;866;531
1047;62,61;-52,09;0,00;0,00;0,00;-0,05;0,00;0,00;382;160;41;19;15;626;461
1048;42,52;-186,10;0,00;0,00;0,00;-0,19;0,00;0,00;254;181;135;17;25;424;550
1049;42,36;-329,64;0,00;0,00;0,00;-0,33;0,00;0,00;227;32;119;19;37;439;727
1050;30,30;-360,28;0,00;0,00;0,00;-0,36;0,00;0,00;72;100;165;49;28;328;241
1051;88,07;202,99;0,00;0,00;0,00;0,20;0,00;0,00;166;54;14;32;16;787;665
1052;43,64;-305,04;0,00;0,00;0,00;-0,31;0,00;0,00;448;64;192;33;23;538;371
1053;36,54;-307,94;0,00;0,00;0,00;-0,31;0,00;0,00;494;53;162;49;37;231;456
1054;59,68;-133,97;0,00;0,00;0,00;-0,13;0,00;0,00;352;61;141;40;32;794;626
1055;32,69;-391,32;0,00;0,00;0,00;-0,39;0,00;0,00;267;21;75;47;28;273;881
1056;7,25;-604,35;0,00;0,00;0,00;-0,60;0,00;0,00;225;164;59;45;39;205;374
1057;32,41;-341,61;0,00;0,00;0,00;-0,34;0,00;0,00;43;21;48;18;38;562;298
1058;41,54;-283,07;0,00;0,00;0,00;-0,28;0,00;0,00;273;157;122;17;33;330;735
1059;57,64;-154,88;0,00;0,00;0,00;-0,15;0,00;0,00;298;138;199;17;18;131;678
1060;18,35;-512,32;0,00;0,00;0,00;-0,51;0,00;0,00;181;55;18;42;18;488;673
1061;40,72;-262,18;0,00;0,00;0,00;-0,26;0,00;0,00;14;66;168;18;22;626;228
1062;100,00;328,83;0,00;0,00;0,00;0,33;0,00;0,00;281;191;180;29;35;119;301
1063;54,78;-38,54;0,00;0,00;0,00;-0,04;0,00;0,00;135;171;76;48;34;682;794
1064;10,56;-568,05;0,00;0,00;0,00;-0,57;0,00;0,00;13;129;61;21;17;798;734
1065;49,24;-276,43;0,00;0,00;0,00;-0,28;0,00;0,00;492;43;15;47;15;570;278
1066;56,32;-209,73;0,00;0,00;0,00;-0,21;0,00;0,00;409;101;25;49;23;854;133
1067;28,11;-390,46;0,00;0,00;0,00;-0,39;0,00;0,00;229;192;94;45;30;351;370
1068;41,22;-258,46;0,00;0,00;0,00;-0,26;0,00;0,00;22;74;91;30;27;779;779
1069;28,51;-480,81;0,00;0,00;0,00;-0,48;0,00;0,00;259;122;88;25;23;561;457
1070;51,97;-283,38;0,00;0,00;0,00;-0,28;0,00;0,00;314;177;171;34;33;757;296
1071;33,75;-341,37;0,00;0,00;0,00;-0,34;0,00;0,00;298;76;141;26;31;881;385
1072;35,47;-354,15;0,00;0,00;0,00;-0,35;0,00;0,00;443;67;17;46;19;614;253
1073;70,26;-62,27;0,00;0,00;0,00;-0,06;0,00;0,00;93;175;134;34;37;946;454
1074;19,77;-440,65;0,00;0,00;0,00;-0,44;0,00;0,00;199;154;37;27;35;529;372
1075;100,00;339,89;0,00;0,00;0,00;0,34;0,00;0,00;362;158;165;38;15;344;856
1076;100,00;313,00;0,00;0,00;0,00;0,31;0,00;0,00;451;27;124;17;17;461;216
1077;44,35;-346,32;0,00;0,00;0,00;-0,35;0,00;0,00;286;186;28;13;30;292;207
1078;37,86;-362,88;0,00;0,00;0,00;-0,36;0,00;0,00;177;71;184;26;17;676;440
1079;37,82;-357,90;0,00;0,00;0,00;-0,36;0,00;0,00;167;49;95;10;33;747;185
1080;17,86;-519,03;0,00;0,00;0,00;-0,52;0,00;0,00;180;115;107;22;24;791;851
1081;83,25;145,94;0,00;0,00;0,00;0,15;0,00;0,00;186;94;123;40;26;551;458
1082;33,01;-425,29;0,00;0,00;0,00;-0,43;0,00;0,00;414;123;131;37;39;476;630
1083;53,30;-147,04;0,00;0,00;0,00;-0,15;0,00;0,00;73;26;138;31;39;676;167
1084;67,26;-81,66;0,00;0,00;0,00;-0,08;0,00;0,00;451;31;14;28;16;829;910
1085;71,86;76,27;0,00;0,00;0,00;0,08;0,00;0,00;70;111;18;32;15;187;990
1086;0,00;-665,33;0,00;0,00;0,00;-0,67;0,00;0,00;347;170;183;28;22;307;245
1087;16,84;-467,56;0,00;0,00;0,00;-0,47;0,00;0,00;148;76;151;30;33;993;428
1088;69,67;-36,34;0,00;0,00;0,00;-0,04;0,00;0,00;320;99;39;34;23;528;919
1089;64,39;-92,08;0,00;0,00;0,00;-0,09;0,00;0,00;388;177;55;41;33;335;318
1090;35,66;-370,41;0,00;0,00;0,00;-0,37;0,00;0,00;209;95;73;21;31;405;420
1091;41,17;-211,81;0,00;0,00;0,00;-0,21;0,00;0,00;348;30;95;29;36;363;543
1092;53,97;-57,88;0,00;0,00;0,00;-0,06;0,00;0,00;353;196;177;24;31;913;280
1093;64,26;-61,10;0,00;0,00;0,00;-0,06;0,00;0,00;201;197;189;32;36;852;576
1094;81,27;101,58;0,00;0,00;0,00;0,10;0,00;0,00;169;83;115;31;18;946;130
1095;79,48;127,35;0,00;0,00;0,00;0,13;0,00;0,00;329;154;185;48;31;886;139
1096;57,30;-163,77;0,00;0,00;0,00;-0,16;0,00;0,00;332;170;91;38;26;368;726
1097;57,26;-111,78;0,00;0,00;0,00;-0,11;0,00;0,00;66;145;61;49;25;565;838
1098;36,04;-332,31;0,00;0,00;0,00;-0,33;0,00;0,00;181;100;21;40;25;104;966
1099;37,88;-370,58;0,00;0,00;0,00;-0,37;0,00;0,00;128;136;126;48;15;906;631
1100;33,55;-423,55;0,00;0,00;0,00;-0,42;0,00;0,00;130;112;95;13;36;750;979
1101;42,46;-255,02;0,00;0,00;0,00;-0,26;0,00;0,00;388;137;117;36;31;165;268
1102;77,58;92,64;0,00;0,00;0,00;0,09;0,00;0,00;175;86;19;27;24;953;481
1103;54,48;-114,58;0,00;0,00;0,00;-0,11;0,00;0,00;117;85;191;25;32;534;299
1104;34,23;-383,04;0,00;0,00;0,00;-0,38;0,00;0,00;35;32;81;30;24;150;593
1105;60,87;-80,84;0,00;0,00;0,00;-0,08;0,00;0,00;419;95;82;25;18;934;598
1106;29,51;-401,01;0,00;0,00;0,00;-0,40;0,00;0,00;167;50;43;22;30;273;297
1107;68,65;12,71;0,00;0,00;0,00;0,01;0,00;0,00;484;85;123;23;21;169;127
1108;60,62;-54,25;0,00;0,00;0,00;-0,05;0,00;0,00;176;98;107;16;21;913;892
1109;31,17;-417,60;0,00;0,00;0,00;-0,42;0,00;0,00;226;161;120;19;22;923;306
1110;66,76;-76,43;0,00;0,00;0,00;-0,08;0,00;0,00;316;27;63;24;16;326;240
1111;54,75;-112,69;0,00;0,00;0,00;-0,11;0,00;0,00;414;93;20;31;21;636;568
1112;67,62;-38,46;0,00;0,00;0,00;-0,04;0,00;0,00;235;182;20;26;28;854;299
1113;64,09;-62,46;0,00;0,00;0,00;-0,06;0,00;0,00;286;70;67;35;27;160;313
1114;35,25;-309,34;0,00;0,00;0,00;-0,31;0,00;0,00;356;157;117;20;15;664;586
1115;54,13;-221,98;0,00;0,00;0,00;-0,22;0,00;0,00;404;25;30;49;16;695;501
1116;69,22;-26,56;0,00;0,00;0,00;-0,03;0,00;0,00;496;147;149;49;29;150;784
1117;79,90;58,89;0,00;0,00;0,00;0,06;0,00;0,00;238;50;44;32;24;162;156
1118;64,94;-77,83;0,00;0,00;0,00;-0,08;0,00;0,00;497;28;168;27;29;670;879
1119;65,11;-44,65;0,00;0,00;0,00;-0,04;0,00;0,00;136;75;103;40;24;730;883
1120;37,41;-342,50;0,00;0,00;0,00;-0,34;0,00;0,00;171;92;50;15;33;166;932
1121;44,88;-251,79;0,00;0,00;0,00;-0,25;0,00;0,00;26;30;96;23;38;787;878
1122;42,07;-324,46;0,00;0,00;0,00;-0,32;0,00;0,00;269;168;179;33;25;188;469
1123;8,86;-608,18;0,00;0,00;0,00;-0,61;0,00;0,00;224;129;182;48;31;240;502
1124;22,10;-475,97;0,00;0,00;0,00;-0,48;0,00;0,00;463;97;181;40;30;151;321
1125;11,84;-558,70;0,00;0,00;0,00;-0,56;0,00;0,00;190;165;153;32;19;906;101
1126;64,09;-51,34;0,00;0,00;0,00;-0,05;0,00;0,00;480;45;88;27;29;286;412
1127;90,74;219,87;0,00;0,00;0,00;0,22;0,00;0,00;114;87;17;36;35;446;132
1128;41,44;-306,66;0,00;0,00;0,00;-0,31;0,00;0,00;356;151;157;13;15;195;854
1129;23,30;-480,47;0,00;0,00;0,00;-0,48;0,00;0,00;364;12;160;32;35;238;959
1130;26,68;-447,59;0,00;0,00;0,00;-0,45;0,00;0,00;244;40;109;29;33;750;632
1131;71,91;-27,93;0,00;0,00;0,00;-0,03;0,00;0,00;395;133;69;16;37;910;200
1132;100,00;296,47;0,00;0,00;0,00;0,30;0,00;0,00;23;196;41;31;23;367;913
1133;92,56;187,29;0,00;0,00;0,00;0,19;0,00;0,00;234;61;19;18;35;130;321
1134;60,93;-74,08;0,00;0,00;0,00;-0,07;0,00;0,00;271;196;120;25;16;879;407
1135;40,58;-401,26;0,00;0,00;0,00;-0,40;0,00;0,00;368;173;53;12;34;834;588
1136;61,95;-59,25;0,00;0,00;0,00;-0,06;0,00;0,00;448;162;20;41;29;563;826
1137;56,54;-166,46;0,00;0,00;0,00;-0,17;0,00;0,00;51;16;62;31;23;120;915
1138;48,59;-224,11;0,00;0,00;0,00;-0,22;0,00;0,00;237;148;72;46;33;374;274
1139;73,63;-77,77;0,00;0,00;0,00;-0,08;0,00;0,00;19;149;179;18;18;839;542
1140;71,35;119,29;0,00;0,00;0,00;0,12;0,00;0,00;301;36;146;42;31;139;944
1141;35,94;-242,53;0,00;0,00;0,00;-0,24;0,00;0,00;413;40;186;49;24;454;677
1142;52,14;-282,58;0,00;0,00;0,00;-0,28;0,00;0,00;370;53;14;39;39;397;236
1143;44,82;-310,55;0,00;0,00;0,00;-0,31;0,00;0,00;427;138;86;19;29;463;125
1144;21,22;-544,96;0,00;0,00;0,00;-0,54;0,00;0,00;29;80;113;33;20;700;560
1145;7,54;-612,29;0,00;0,00;0,00;-0,61;0,00;0,00;159;171;137;40;18;509;103
1146;68,60;-10,01;0,00;0,00;0,00;-0,01;0,00;0,00;111;145;48;39;33;111;239
1147;19,48;-544,18;0,00;0,00;0,00;-0,54;0,00;0,00;272;29;168;36;29;330;712
1148;53,19;-184,01;0,00;0,00;0,00;-0,18;0,00;0,00;224;146;124;34;38;424;611
1149;100,00;338,73;0,00;0,00;0,00;0,34;0,00;0,00;111;171;173;47;37;663;628
1150;59,21;-20,17;0,00;0,00;0,00;-0,02;0,00;0,00;94;133;187;21;19;382;866
1151;6,01;-667,71;0,00;0,00;0,00;-0,67;0,00;0,00;433;195;21;14;19;483;158
1152;100,00;243,78;0,00;0,00;0,00;0,24;0,00;0,00;271;64;14;44;15;868;804
1153;53,63;-209,76;0,00;0,00;0,00;-0,21;0,00;0,00;498;168;76;43;31;854;301
1154;52,80;-170,95;0,00;0,00;0,00;-0,17;0,00;0,00;154;62;72;33;16;270;973
1155;47,93;-221,02;0,00;0,00;0,00;-0,22;0,00;0,00;499;111;113;25;16;434;327
1156;60,06;-22,61;0,00;0,00;0,00;-0,02;0,00;0,00;345;130;65;49;30;321;198
1157;25,76;-422,71;0,00;0,00;0,00;-0,42;0,00;0,00;231;57;10;21;17;285;275
1158;8,49;-619,18;0,00;0,00;0,00;-0,62;0,00;0,00;207;144;13;25;16;887;307
1159;51,73;-179,75;0,00;0,00;0,00;-0,18;0,00;0,00;380;144;121;10;25;861;335
1160;17,74;-516,61;0,00;0,00;0,00;-0,52;0,00;0,00;108;32;47;26;18;842;841
1161;45,91;-264,03;0,00;0,00;0,00;-0,26;0,00;0,00;249;165;155;16;37;517;302
1162;54,02;-161,72;0,00;0,00;0,00;-0,16;0,00;0,00;420;132;100;40;27;407;884
1163;36,91;-277,52;0,00;0,00;0,00;-0,28;0,00;0,00;394;16;87;21;16;288;198
1164;28,00;-396,89;0,00;0,00;0,00;-0,40;0,00;0,00;488;195;40;28;21;122;866
1165;71,57;90,76;0,00;0,00;0,00;0,09;0,00;0,00;405;74;157;26;17;759;208
1166;60,54;-103,87;0,00;0,00;0,00;-0,10;0,00;0,00;211;17;95;10;32;936;298
1167;100,00;343,75;0,00;0,00;0,00;0,34;0,00;0,00;458;90;155;24;20;332;235
1168;0,00;-615,75;0,00;0,00;0,00;-0,62;0,00;0,00;225;39;115;28;16;632;477
1169;31,16;-481,37;0,00;0,00;0,00;-0,48;0,00;0,00;136;122;93;31;28;468;875
1170;56,50;-134,04;0,00;0,00;0,00;-0,13;0,00;0,00;187;175;107;30;34;557;818
1171;21,96;-462,86;0,00;0,00;0,00;-0,46;0,00;0,00;133;176;191;48;30;833;242
1172;40,85;-287,29;0,00;0,00;0,00;-0,29;0,00;0,00;175;13;149;24;39;607;366
1173;3,96;-713,11;0,00;0,00;0,00;-0,71;0,00;0,00;215;29;76;37;15;185;613
1174;100,00;201,17;0,00;0,00;0,00;0,20;0,00;0,00;137;81;102;49;20;169;186
1175;48,43;-258,64;0,00;0,00;0,00;-0,26;0,00;0,00;278;170;105;48;38;225;228
1176;39,31;-297,54;0,00;0,00;0,00;-0,30;0,00;0,00;406;101;138;16;18;819;866
1177;4,51;-625,21;0,00;0,00;0,00;-0,63;0,00;0,00;480;135;35;41;35;882;428
1178;8,38;-633,04;0,00;0,00;0,00;-0,63;0,00;0,00;197;161;69;27;19;295;616
1179;51,57;-234,61;0,00;0,00;0,00;-0,23;0,00;0,00;169;190;181;19;21;284;609
1180;63,09;-192,08;0,00;0,00;0,00;-0,19;0,00;0,00;405;12;83;21;24;141;411
1181;40,97;-293,99;0,00;0,00;0,00;-0,29;0,00;0,00;90;64;105;43;21;999;429
1182;41,57;-283,61;0,00;0,00;0,00;-0,28;0,00;0,00;288;43;160;14;39;110;358
1183;64,21;-75,17;0,00;0,00;0,00;-0,08;0,00;0,00;302;78;75;26;29;869;806
1184;61,16;-50,88;0,00;0,00;0,00;-0,05;0,00;0,00;474;15;155;16;18;921;536
1185;43,40;-299,97;0,00;0,00;0,00;-0,30;0,00;0,00;439;18;75;27;21;735;925
1186;0,40;-749,02;0,00;0,00;0,00;-0,75;0,00;0,00;192;118;16;37;36;253;282
1187;33,17;-395,46;0,00;0,00;0,00;-0,40;0,00;0,00;156;18;199;42;35;262;420
1188;74,42;110,81;0,00;0,00;0,00;0,11;0,00;0,00;211;188;136;23;34;504;451
1189;40,31;-327,44;0,00;0,00;0,00;-0,33;0,00;0,00;459;132;107;35;31;513;297
1190;100,00;266,11;0,00;0,00;0,00;0,27;0,00;0,00;98;73;80;11;26;573;990
1191;50,70;-186,37;0,00;0,00;0,00;-0,19;0,00;0,00;222;177;131;40;26;807;689
1192;67,44;-14,26;0,00;0,00;0,00;-0,01;0,00;0,00;245;23;19;13;20;435;939
1193;9,49;-674,04;0,00;0,00;0,00;-0,67;0,00;0,00;471;44;44;18;27;754;730
1194;47,22;-217,54;0,00;0,00;0,00;-0,22;0,00;0,00;255;21;172;46;33;324;345
1195;0,00;-746,17;0,00;0,00;0,00;-0,75;0,00;0,00;332;166;116;49;20;168;782
1196;78,65;8,49;0,00;0,00;0,00;0,01;0,00;0,00;69;94;51;26;30;228;208
1197;67,00;-43,75;0,00;0,00;0,00;-0,04;0,00;0,00;378;61;191;36;39;549;659
1198;34,44;-403,98;0,00;0,00;0,00;-0,40;0,00;0,00;385;64;136;38;15;334;775
1199;78,72;112,66;0,00;0,00;0,00;0,11;0,00;0,00;21;98;105;38;25;223;727
1200;70,16;-18,67;0,00;0,00;0,00;-0,02;0,00;0,00;238;61;124;37;31;550;391
1201;13,22;-544,51;0,00;0,00;0,00;-0,54;0,00;0,00;92;175;180;31;32;862;359
1202;100,00;364,88;0,00;0,00;0,00;0,36;0,00;0,00;181;114;164;15;23;243;663
1203;1,75;-707,33;0,00;0,00;0,00;-0,71;0,00;0,00;474;22;57;32;28;393;384
1204;41,67;-270,86;0,00;0,00;0,00;-0,27;0,00;0,00;266;42;182;35;24;218;977
1205;6,58;-603,12;0,00;0,00;0,00;-0,60;0,00;0,00;15;35;19;13;18;684;429
1206;65,79;-68,34;0,00;0,00;0,00;-0,07;0,00;0,00;353;185;165;38;38;196;894
1207;43,97;-323,42;0,00;0,00;0,00;-0,32;0,00;0,00;144;157;75;46;23;559;534
1208;44,79;-152,98;0,00;0,00;0,00;-0,15;0,00;0,00;141;160;57;30;19;329;124
1209;100,00;309,09;0,00;0,00;0,00;0,31;0,00;0,00;488;179;68;38;35;286;518
1210;23,48;-501,03;0,00;0,00;0,00;-0,50;0,00;0,00;487;78;65;40;30;214;521
1211;69,22;-73,42;0,00;0,00;0,00;-0,07;0,00;0,00;248;70;168;24;29;960;585
1212;57,87;-127,42;0,00;0,00;0,00;-0,13;0,00;0,00;243;190;60;37;22;338;411
1213;5,93;-608,24;0,00;0,00;0,00;-0,61;0,00;0,00;358;131;41;41;36;150;507
1214;17,14;-441,48;0,00;0,00;0,00;-0,44;0,00;0,00;337;48;16;42;39;286;616
1215;29,98;-367,18;0,00;0,00;0,00;-0,37;0,00;0,00;111;133;14;15;21;971;485
1216;31,49;-395,68;0,00;0,00;0,00;-0,40;0,00;0,00;338;109;92;23;26;672;661
1217;35,30;-414,50;0,00;0,00;0,00;-0,41;0,00;0,00;361;165;57;31;25;656;242
1218;20,08;-426,77;0,00;0,00;0,00;-0,43;0,00;0,00;115;62;63;10;38;188;619
1219;33,90;-374,11;0,00;0,00;0,00;-0,37;0,00;0,00;302;101;55;18;34;336;253
1220;46,25;-284,04;0,00;0,00;0,00;-0,28;0,00;0,00;65;199;57;41;22;115;431
1221;93,15;171,34;0,00;0,00;0,00;0,17;0,00;0,00;341;39;96;37;25;100;442
1222;6,01;-765,73;0,00;0,00;0,00;-0,77;0,00;0,00;75;39;192;38;39;565;650
1223;5,17;-560,96;0,00;0,00;0,00;-0,56;0,00;0,00;172;123;163;31;18;108;364
1224;29,03;-456,96;0,00;0,00;0,00;-0,46;0,00;0,00;437;133;135;32;36;514;515
1225;37,09;-304,23;0,00;0,00;0,00;-0,30;0,00;0,00;44;170;192;11;29;943;679
1226;38,57;-264,48;0,00;0,00;0,00;-0,26;0,00;0,00;141;56;26;14;16;660;644
1227;44,32;-286,80;0,00;0,00;0,00;-0,29;0,00;0,00;73;140;149;45;23;239;922
1228;76,18;10,89;0,00;0,00;0,00;0,01;0,00;0,00;250;159;57;32;19;426;525
1229;34,47;-344,60;0,00;0,00;0,00;-0,34;0,00;0,00;326;56;139;17;24;836;965
1230;17,06;-571,11;0,00;0,00;0,00;-0,57;0,00;0,00;170;53;132;27;38;828;912
1231;56,80;-137,95;0,00;0,00;0,00;-0,14;0,00;0,00;246;188;72;22;32;162;174
1232;76,25;48,09;0,00;0,00;0,00;0,05;0,00;0,00;347;155;59;31;33;851;925
1233;62,72;-147,72;0,00;0,00;0,00;-0,15;0,00;0,00;332;173;146;21;35;138;502
1234;78,57;46,70;0,00;0,00;0,00;0,05;0,00;0,00;60;77;114;41;28;673;142
1235;53,83;-210,55;0,00;0,00;0,00;-0,21;0,00;0,00;97;96;49;31;31;837;650
1236;29,46;-421,20;0,00;0,00;0,00;-0,42;0,00;0,00;10;150;38;32;38;316;538
1237;74,53;73,58;0,00;0,00;0,00;0,07;0,00;0,00;60;25;199;14;27;640;297
1238;51,64;-218,26;0,00;0,00;0,00;-0,22;0,00;0,00;101;168;34;33;18;799;909
1239;30,17;-339,67;0,00;0,00;0,00;-0,34;0,00;0,00;299;188;107;42;37;978;459
1240;42,03;-261,18;0,00;0,00;0,00;-0,26;0,00;0,00;225;116;138;48;39;338;397
1241;63,50;-52,63;0,00;0,00;0,00;-0,05;0,00;0,00;288;18;156;11;29;457;169
1242;56,08;-109,32;0,00;0,00;0,00;-0,11;0,00;0,00;469;51;128;47;36;598;590
1243;64,36;70,64;0,00;0,00;0,00;0,07;0,00;0,00;165;76;139;38;39;503;260
1244;57,18;-167,17;0,00;0,00;0,00;-0,17;0,00;0,00;385;161;86;13;18;361;951
1245;91,74;196,96;0,00;0,00;0,00;0,20;0,00;0,00;401;181;195;48;19;689;439
1246;44,60;-409,83;0,00;0,00;0,00;-0,41;0,00;0,00;47;176;152;43;23;545;249
1247;32,05;-367,20;0,00;0,00;0,00;-0,37;0,00;0,00;336;67;111;22;17;198;343
1248;68,73;-36,58;0,00;0,00;0,00;-0,04;0,00;0,00;360;121;106;37;18;850;188
1249;0,00;-719,93;0,00;0,00;0,00;-0,72;0,00;0,00;108;25;139;21;18;996;204
1250;47,32;-260,49;0,00;0,00;0,00;-0,26;0,00;0,00;122;109;193;28;15;205;260
1251;75,49;129,64;0,00;0,00;0,00;0,13;0,00;0,00;431;101;150;25;32;226;924
1252;51,15;-224,80;0,00;0,00;0,00;-0,22;0,00;0,00;225;174;17;39;21;877;443
1253;54,90;-125,10;0,00;0,00;0,00;-0,13;0,00;0,00;302;100;127;29;25;328;834
1254;11,81;-653,32;0,00;0,00;0,00;-0,65;0,00;0,00;368;153;10;19;18;548;791
1255;54,76;-75,49;0,00;0,00;0,00;-0,08;0,00;0,00;71;97;24;13;27;657;989
1256;84,90;126,46;0,00;0,00;0,00;0,13;0,00;0,00;207;105;151;49;30;541;251
1257;52,98;-163,31;0,00;0,00;0,00;-0,16;0,00;0,00;314;179;101;25;35;887;460
1258;47,71;-232,47;0,00;0,00;0,00;-0,23;0,00;0,00;361;115;98;22;26;331;658
1259;71,34;77,59;0,00;0,00;0,00;0,08;0,00;0,00;70;157;158;31;17;522;777
1260;45,64;-180,76;0,00;0,00;0,00;-0,18;0,00;0,00;40;86;171;41;39;242;499
1261;31,75;-379,64;0,00;0,00;0,00;-0,38;0,00;0,00;441;180;109;34;27;624;183
1262;73,13;83,00;0,00;0,00;0,00;0,08;0,00;0,00;100;183;29;41;17;293;274
1263;44,37;-291,30;0,00;0,00;0,00;-0,29;0,00;0,00;67;134;132;39;39;737;579
1264;25,01;-452,23;0,00;0,00;0,00;-0,45;0,00;0,00;444;190;192;23;37;726;913
1265;26,45;-423,11;0,00;0,00;0,00;-0,42;0,00;0,00;492;198;119;48;20;773;543
1266;69,46;-35,48;0,00;0,00;0,00;-0,04;0,00;0,00;221;64;115;45;39;229;179
1267;33,90;-281,33;0,00;0,00;0,00;-0,28;0,00;0,00;311;121;182;26;28;111;686
1268;45,68;-218,29;0,00;0,00;0,00;-0,22;0,00;0,00;444;181;171;45;28;667;505
1269;19,14;-482,32;0,00;0,00;0,00;-0,48;0,00;0,00;377;141;194;33;35;300;300
1270;34,58;-318,59;0,00;0,00;0,00;-0,32;0,00;0,00;289;150;172;15;24;982;484
1271;46,06;-178,28;0,00;0,00;0,00;-0,18;0,00;0,00;380;147;31;34;37;366;150
1272;40,92;-250,04;0,00;0,00;0,00;-0,25;0,00;0,00;456;101;144;27;25;584;730
1273;42,60;-296,83;0,00;0,00;0,00;-0,30;0,00;0,00;286;164;118;16;17;179;913
1274;34,89;-354,96;0,00;0,00;0,00;-0,35;0,00;0,00;464;173;106;22;21;921;592
1275;43,86;-316,24;0,00;0,00;0,00;-0,32;0,00;0,00;373;18;69;35;37;989;444
1276;42,31;-329,69;0,00;0,00;0,00;-0,33;0,00;0,00;443;170;182;11;36;606;386
1277;31,55;-380,54;0,00;0,00;0,00;-0,38;0,00;0,00;356;129;103;17;15;856;481
1278;78,98;108,22;0,00;0,00;0,00;0,11;0,00;0,00;429;83;186;26;25;781;304
1279;28,81;-404,50;0,00;0,00;0,00;-0,40;0,00;0,00;465;147;95;34;27;479;716
1280;46,17;-212,19;0,00;0,00;0,00;-0,21;0,00;0,00;234;181;65;37;31;666;643
1281;25,84;-458,56;0,00;0,00;0,00;-0,46;0,00;0,00;108;43;166;39;38;811;293
1282;57,83;-97,67;0,00;0,00;0,00;-0,10;0,00;0,00;251;94;42;11;38;724;677
1283;8,90;-650,26;0,00;0,00;0,00;-0,65;0,00;0,00;163;198;196;48;38;685;700
1284;7,34;-713,72;0,00;0,00;0,00;-0,71;0,00;0,00;491;95;147;11;21;377;409
1285;50,00;-124,79;0,00;0,00;0,00;-0,12;0,00;0,00;134;101;58;22;22;615;603
1286;9,74;-536,59;0,00;0,00;0,00;-0,54;0,00;0,00;198;159;178;48;30;281;394
1287;30,17;-380,85;0,00;0,00;0,00;-0,38;0,00;0,00;464;191;68;25;25;775;799
1288;44,15;-123,43;0,00;0,00;0,00;-0,12;0,00;0,00;74;74;180;23;15;557;944
1289;23,23;-330,22;0,00;0,00;0,00;-0,33;0,00;0,00;13;120;113;20;30;177;983
1290;24,30;-437,74;0,00;0,00;0,00;-0,44;0,00;0,00;437;16;44;43;38;831;790
1291;60,22;-117,33;0,00;0,00;0,00;-0,12;0,00;0,00;154;185;24;27;23;981;821
1292;0,00;-603,29;0,00;0,00;0,00;-0,60;0,00;0,00;357;20;192;43;38;711;606
1293;31,10;-337,14;0,00;0,00;0,00;-0,34;0,00;0,00;142;112;49;36;15;147;183
1294;51,96;-227,02;0,00;0,00;0,00;-0,23;0,00;0,00;493;111;190;29;32;698;790
1295;69,18;99,92;0,00;0,00;0,00;0,10;0,00;0,00;260;61;70;23;34;155;671
1296;71,96;14,99;0,00;0,00;0,00;0,01;0,00;0,00;174;101;50;23;26;308;532
1297;77,86;77,28;0,00;0,00;0,00;0,08;0,00;0,00;361;30;101;16;34;454;314
1298;37,60;-270,47;0,00;0,00;0,00;-0,27;0,00;0,00;365;139;22;45;25;895;507
1299;74,76;30,16;0,00;0,00;0,00;0,03;0,00;0,00;121;72;43;48;36;951;817
1300;15,71;-603,74;0,00;0,00;0,00;-0,60;0,00;0,00;135;30;79;12;23;622;137
1301;16,05;-508,40;0,00;0,00;0,00;-0,51;0,00;0,00;332;62;57;21;17;827;886
1302;16,94;-482,91;0,00;0,00;0,00;-0,48;0,00;0,00;116;110;91;39;15;546;598
1303;81,47;83,24;0,00;0,00;0,00;0,08;0,00;0,00;372;31;185;24;29;911;981
1304;82,22;45,41;0,00;0,00;0,00;0,05;0,00;0,00;233;155;15;43;21;677;529
1305;62,54;-57,62;0,00;0,00;0,00;-0,06;0,00;0,00;246;135;39;48;17;203;865
1306;21,50;-500,00;0,00;0,00;0,00;-0,50;0,00;0,00;474;136;141;45;39;754;470
1307;56,47;-79,48;0,00;0,00;0,00;-0,08;0,00;0,00;459;154;23;12;39;508;540
1308;15,04;-561,67;0,00;0,00;0,00;-0,56;0,00;0,00;203;74;10;30;21;379;764
1309;21,57;-509,05;0,00;0,00;0,00;-0,51;0,00;0,00;475;36;87;20;19;110;149
1310;14,30;-557,95;0,00;0,00;0,00;-0,56;0,00;0,00;494;126;99;22;20;972;734
1311;85,11;130,24;0,00;0,00;0,00;0,13;0,00;0,00;404;154;93;29;34;535;664
1312;62,85;-88,03;0,00;0,00;0,00;-0,09;0,00;0,00;11;14;143;15;25;238;878
1313;80,17;63,11;0,00;0,00;0,00;0,06;0,00;0,00;266;164;172;48;15;700;241
1314;35,09;-301,52;0,00;0,00;0,00;-0,30;0,00;0,00;37;62;20;27;34;656;451
1315;2,24;-634,61;0,00;0,00;0,00;-0,63;0,00;0,00;88;182;178;29;38;867;411
1316;57,88;-159,90;0,00;0,00;0,00;-0,16;0,00;0,00;21;90;48;37;27;891;280
1317;52,60;-225,45;0,00;0,00;0,00;-0,23;0,00;0,00;489;186;141;37;20;603;193
1318;42,99;-192,46;0,00;0,00;0,00;-0,19;0,00;0,00;63;106;83;29;18;811;302
1319;27,89;-433,07;0,00;0,00;0,00;-0,43;0,00;0,00;201;118;145;33;26;881;617
1320;52,41;-222,25;0,00;0,00;0,00;-0,22;0,00;0,00;248;98;118;32;17;708;702
1321;75,98;12,70;0,00;0,00;0,00;0,01;0,00;0,00;481;17;74;43;15;171;486
1322;46,56;-210,39;0,00;0,00;0,00;-0,21;0,00;0,00;11;152;85;15;34;514;411
1323;32,92;-408,43;0,00;0,00;0,00;-0,41;0,00;0,00;299;134;100;13;21;367;882
1324;36,19;-332,78;0,00;0,00;0,00;-0,33;0,00;0,00;65;171;69;29;37;166;292
1325;49,90;-218,09;0,00;0,00;0,00;-0,22;0,00;0,00;256;74;197;16;31;280;302
1326;85,49;181,00;0,00;0,00;0,00;0,18;0,00;0,00;129;92;150;22;35;925;850
1327;81,99;159,59;0,00;0,00;0,00;0,16;0,00;0,00;384;71;65;45;29;735;373
1328;85,50;95,15;0,00;0,00;0,00;0,10;0,00;0,00;147;25;108;13;19;772;898
1329;40,43;-222,92;0,00;0,00;0,00;-0,22;0,00;0,00;185;154;164;11;20;361;855
1330;26,81;-423,46;0,00;0,00;0,00;-0,42;0,00;0,00;357;18;193;21;28;774;506
1331;56,62;-130,49;0,00;0,00;0,00;-0,13;0,00;0,00;302;29;180;38;26;279;145
1332;65,70;-78,22;0,00;0,00;0,00;-0,08;0,00;0,00;88;160;115;43;26;577;728
1333;66,66;-19,15;0,00;0,00;0,00;-0,02;0,00;0,00;286;184;183;17;37;334;933
1334;57,16;-181,03;0,00;0,00;0,00;-0,18;0,00;0,00;178;70;91;12;36;121;932
1335;59,75;-76,79;0,00;0,00;0,00;-0,08;0,00;0,00;22;113;46;38;32;425;748
1336;79,06;78,39;0,00;0,00;0,00;0,08;0,00;0,00;190;45;117;13;34;732;545
1337;77,57;7,62;0,00;0,00;0,00;0,01;0,00;0,00;430;96;37;28;38;995;451
1338;57,80;-113,13;0,00;0,00;0,00;-0,11;0,00;0,00;103;52;124;40;38;132;269
1339;39,78;-255,74;0,00;0,00;0,00;-0,26;0,00;0,00;313;192;187;16;34;677;296
1340;75,23;-44,35;0,00;0,00;0,00;-0,04;0,00;0,00;339;191;96;24;33;418;768
1341;34,48;-388,43;0,00;0,00;0,00;-0,39;0,00;0,00;433;124;49;15;22;641;981
1342;37,94;-314,35;0,00;0,00;0,00;-0,31;0,00;0,00;276;192;169;42;35;266;679
1343;20,00;-560,88;0,00;0,00;0,00;-0,56;0,00;0,00;151;112;47;41;37;562;593
1344;26,67;-433,47;0,00;0,00;0,00;-0,43;0,00;0,00;181;196;140;46;37;165;939
1345;43,62;-357,77;0,00;0,00;0,00;-0,36;0,00;0,00;346;133;125;44;15;842;764
1346;63,45;-107,67;0,00;0,00;0,00;-0,11;0,00;0,00;277;182;151;14;39;537;569
1347;58,83;-81,58;0,00;0,00;0,00;-0,08;0,00;0,00;193;109;33;19;28;129;976
1348;45,47;-179,19;0,00;0,00;0,00;-0,18;0,00;0,00;103;112;83;26;20;448;692
1349;99,18;315,93;0,00;0,00;0,00;0,32;0,00;0,00;469;87;153;23;38;791;272
1350;35,28;-404,51;0,00;0,00;0,00;-0,40;0,00;0,00;206;109;157;36;26;581;199
1351;22,31;-389,50;0,00;0,00;0,00;-0,39;0,00;0,00;403;153;146;34;22;109;802
1352;33,80;-455,33;0,00;0,00;0,00;-0,46;0,00;0,00;406;69;190;46;34;178;539
1353;82,68;217,92;0,00;0,00;0,00;0,22;0,00;0,00;232;90;125;46;36;651;363
1354;60,64;-46,02;0,00;0,00;0,00;-0,05;0,00;0,00;452;143;95;32;35;725;667
1355;54,51;-185,50;0,00;0,00;0,00;-0,19;0,00;0,00;358;189;66;40;33;509;984
1356;53,14;-31,83;0,00;0,00;0,00;-0,03;0,00;0,00;403;112;199;15;21;730;103
1357;35,54;-369,45;0,00;0,00;0,00;-0,37;0,00;0,00;48;197;178;13;28;101;641
1358;54,57;-142,53;0,00;0,00;0,00;-0,14;0,00;0,00;182;107;32;49;36;736;731
1359;42,52;-314,91;0,00;0,00;0,00;-0,31;0,00;0,00;166;168;154;20;25;489;601
1360;72,28;9,60;0,00;0,00;0,00;0,01;0,00;0,00;499;58;178;20;36;817;131
1361;68,79;-30,25;0,00;0,00;0,00;-0,03;0,00;0,00;210;34;64;25;34;381;180
1362;72,07;51,54;0,00;0,00;0,00;0,05;0,00;0,00;341;108;178;39;32;249;680
1363;19,44;-508,76;0,00;0,00;0,00;-0,51;0,00;0,00;94;136;186;14;15;122;426
1364;29,38;-338,71;0,00;0,00;0,00;-0,34;0,00;0,00;231;41;89;35;22;514;736
1365;47,94;-340,59;0,00;0,00;0,00;-0,34;0,00;0,00;120;198;38;14;28;337;597
1366;75,93;64,54;0,00;0,00;0,00;0,06;0,00;0,00;323;95;150;27;32;769;599
1367;47,45;-271,00;0,00;0,00;0,00;-0,27;0,00;0,00;481;23;13;24;20;125;407
1368;41,16;-306,16;0,00;0,00;0,00;-0,31;0,00;0,00;272;111;92;32;25;638;225
1369;64,31;-133,55;0,00;0,00;0,00;-0,13;0,00;0,00;250;125;121;41;38;447;571
1370;49,03;-231,18;0,00;0,00;0,00;-0,23;0,00;0,00;230;15;138;24;16;998;407
1371;72,28;-66,93;0,00;0,00;0,00;-0,07;0,00;0,00;458;41;11;41;35;435;902
1372;27,88;-381,42;0,00;0,00;0,00;-0,38;0,00;0,00;61;98;169;26;39;229;807
1373;52,40;-101,87;0,00;0,00;0,00;-0,10;0,00;0,00;450;117;39;44;27;785;608
1374;56,83;-76,45;0,00;0,00;0,00;-0,08;0,00;0,00;487;155;161;25;19;964;410
1375;60,66;-96,87;0,00;0,00;0,00;-0,10;0,00;0,00;473;97;164;47;33;762;639
1376;36,16;-410,39;0,00;0,00;0,00;-0,41;0,00;0,00;233;88;121;44;35;756;918
1377;68,85;-125,03;0,00;0,00;0,00;-0,13;0,00;0,00;74;169;83;25;36;365;304
1378;24,84;-452,49;0,00;0,00;0,00;-0,45;0,00;0,00;37;129;113;25;34;182;397
1379;34,98;-445,18;0,00;0,00;0,00;-0,45;0,00;0,00;82;27;137;10;16;840;432
1380;27,87;-517,77;0,00;0,00;0,00;-0,52;0,00;0,00;162;67;78;31;30;581;178
1381;18,46;-438,93;0,00;0,00;0,00;-0,44;0,00;0,00;196;42;79;21;37;895;160
1382;46,77;-244,82;0,00;0,00;0,00;-0,24;0,00;0,00;277;10;63;34;18;191;910
1383;20,53;-555,45;0,00;0,00;0,00;-0,56;0,00;0,00;449;165;30;36;20;437;500
1384;39,01;-370,50;0,00;0,00;0,00;-0,37;0,00;0,00;138;122;161;40;15;194;382
1385;23,60;-480,58;0,00;0,00;0,00;-0,48;0,00;0,00;230;182;143;30;15;164;701
1386;69,08;26,54;0,00;0,00;0,00;0,03;0,00;0,00;327;107;27;36;15;184;786
1387;56,46;-235,86;0,00;0,00;0,00;-0,24;0,00;0,00;292;23;163;25;16;545;709
1388;81,35;176,16;0,00;0,00;0,00;0,18;0,00;0,00;240;26;100;20;30;979;317
1389;36,40;-348,24;0,00;0,00;0,00;-0,35;0,00;0,00;178;29;11;30;17;821;539
1390;47,87;-241,85;0,00;0,00;0,00;-0,24;0,00;0,00;300;68;45;45;27;591;219
1391;34,22;-332,71;0,00;0,00;0,00;-0,33;0,00;0,00;243;34;74;36;37;728;211
1392;33,69;-392,65;0,00;0,00;0,00;-0,39;0,00;0,00;149;164;176;32;25;966;668
1393;100,00;345,21;0,00;0,00;0,00;0,35;0,00;0,00;440;148;61;37;36;460;102
1394;56,92;-157,84;0,00;0,00;0,00;-0,16;0,00;0,00;401;106;51;46;29;406;505
1395;33,17;-367,14;0,00;0,00;0,00;-0,37;0,00;0,00;126;84;142;16;15;661;246
1396;65,42;-1,09;0,00;0,00;0,00;-0,00;0,00;0,00;104;98;199;45;22;251;336
1397;30,60;-310,94;0,00;0,00;0,00;-0,31;0,00;0,00;365;171;102;42;24;308;823
1398;59,14;-183,17;0,00;0,00;0,00;-0,18;0,00;0,00;462;53;177;27;37;445;354
1399;0,00;-661,30;0,00;0,00;0,00;-0,66;0,00;0,00;136;125;46;10;27;868;641
1400;48,33;-201,44;0,00;0,00;0,00;-0,20;0,00;0,00;86;181;54;42;21;851;607
1401;41,30;-249,92;0,00;0,00;0,00;-0,25;0,00;0,00;451;121;143;10;22;841;406
1402;35,70;-289,10;0,00;0,00;0,00;-0,29;0,00;0,00;43;145;82;17;39;899;845
1403;17,59;-624,15;0,00;0,00;0,00;-0,62;0,00;0,00;104;56;148;38;38;241;786
1404;48,84;-225,92;0,00;0,00;0,00;-0,23;0,00;0,00;80;117;44;16;17;490;179
1405;46,38;-264,34;0,00;0,00;0,00;-0,26;0,00;0,00;139;192;34;32;30;752;279
1406;22,09;-514,10;0,00;0,00;0,00;-0,51;0,00;0,00;318;83;126;45;35;533;793
1407;21,74;-541,23;0,00;0,00;0,00;-0,54;0,00;0,00;264;194;22;39;17;922;666
1408;48,54;-203,45;0,00;0,00;0,00;-0,20;0,00;0,00;171;127;85;48;15;774;908
1409;19,57;-524,76;0,00;0,00;0,00;-0,52;0,00;0,00;241;84;29;43;39;724;984
1410;66,57;9,51;0,00;0,00;0,00;0,01;0,00;0,00;330;112;60;19;19;973;267
1411;100,00;349,61;0,00;0,00;0,00;0,35;0,00;0,00;195;43;129;48;30;705;951
1412;34,53;-440,00;0,00;0,00;0,00;-0,44;0,00;0,00;233;170;68;23;22;192;343
1413;36,19;-232,19;0,00;0,00;0,00;-0,23;0,00;0,00;243;150;172;14;30;696;535
1414;30,43;-347,04;0,00;0,00;0,00;-0,35;0,00;0,00;28;10;44;43;16;557;786
1415;30,30;-443,60;0,00;0,00;0,00;-0,44;0,00;0,00;279;30;68;38;24;952;836
1416;95,44;169,73;0,00;0,00;0,00;0,17;0,00;0,00;131;37;176;48;19;445;844
1417;7,24;-745,59;0,00;0,00;0,00;-0,75;0,00;0,00;289;100;61;29;27;196;176
1418;66,34;-54,08;0,00;0,00;0,00;-0,05;0,00;0,00;286;196;178;44;21;292;970
1419;22,79;-582,26;0,00;0,00;0,00;-0,58;0,00;0,00;323;39;52;34;15;372;125
1420;60,86;-63,99;0,00;0,00;0,00;-0,06;0,00;0,00;47;44;169;47;15;886;980
1421;41,96;-275,18;0,00;0,00;0,00;-0,28;0,00;0,00;301;70;99;12;33;746;889
1422;100,00;285,51;0,00;0,00;0,00;0,29;0,00;0,00;75;139;181;16;29;272;273
1423;17,02;-584,83;0,00;0,00;0,00;-0,58;0,00;0,00;106;176;155;13;26;983;457
1424;30,18;-437,03;0,00;0,00;0,00;-0,44;0,00;0,00;202;106;129;48;39;774;849
1425;73,48;41,66;0,00;0,00;0,00;0,04;0,00;0,00;274;173;148;35;32;701;111
1426;60,70;-83,52;0,00;0,00;0,00;-0,08;0,00;0,00;295;36;62;27;30;578;881
1427;18,48;-468,53;0,00;0,00;0,00;-0,47;0,00;0,00;40;39;47;27;26;291;474
1428;27,27;-367,77;0,00;0,00;0,00;-0,37;0,00;0,00;323;163;72;47;19;840;254
1429;64,52;-2,92;0,00;0,00;0,00;-0,00;0,00;0,00;46;138;13;34;29;740;730
1430;41,43;-320,76;0,00;0,00;0,00;-0,32;0,00;0,00;475;136;71;24;26;275;684
1431;68,70;78,45;0,00;0,00;0,00;0,08;0,00;0,00;298;152;195;22;31;521;115
1432;61,36;-15,50;0,00;0,00;0,00;-0,02;0,00;0,00;413;65;82;36;22;524;390
1433;31,70;-464,37;0,00;0,00;0,00;-0,46;0,00;0,00;451;147;163;48;39;730;228
1434;77,51;79,01;0,00;0,00;0,00;0,08;0,00;0,00;15;150;119;12;23;935;155
1435;97,12;309,10;0,00;0,00;0,00;0,31;0,00;0,00;179;197;49;23;15;487;404
1436;25,06;-423,65;0,00;0,00;0,00;-0,42;0,00;0,00;40;30;165;24;36;556;914
1437;0,00;-726,59;0,00;0,00;0,00;-0,73;0,00;0,00;283;60;54;27;29;730;553
1438;67,61;85,44;0,00;0,00;0,00;0,09;0,00;0,00;393;84;60;15;36;882;325
1439;73,08;121,60;0,00;0,00;0,00;0,12;0,00;0,00;471;109;155;27;17;383;417
1440;75,63;-0,49;0,00;0,00;0,00;-0,00;0,00;0,00;233;91;18;15;23;304;997
1441;73,27;42,03;0,00;0,00;0,00;0,04;0,00;0,00;402;56;121;29;26;267;172
1442;51,93;-242,81;0,00;0,00;0,00;-0,24;0,00;0,00;76;122;90;33;39;177;938
1443;52,00;-155,20;0,00;0,00;0,00;-0,16;0,00;0,00;310;150;32;37;23;230;987
1444;7,75;-664,17;0,00;0,00;0,00;-0,66;0,00;0,00;181;98;99;38;35;508;725
1445;34,93;-258,45;0,00;0,00;0,00;-0,26;0,00;0,00;27;163;57;17;15;882;413
1446;60,68;-48,46;0,00;0,00;0,00;-0,05;0,00;0,00;109;173;79;46;39;606;427
1447;82,87;163,31;0,00;0,00;0,00;0,16;0,00;0,00;266;152;125;25;17;704;279
1448;84,91;127,44;0,00;0,00;0,00;0,13;0,00;0,00;316;37;89;30;22;418;550
1449;48,37;-159,12;0,00;0,00;0,00;-0,16;0,00;0,00;166;20;52;44;25;288;838
1450;59,09;-80,93;0,00;0,00;0,00;-0,08;0,00;0,00;157;150;167;24;31;951;794
1451;49,40;-172,21;0,00;0,00;0,00;-0,17;0,00;0,00;89;73;71;17;15;143;786
1452;56,39;-113,56;0,00;0,00;0,00;-0,11;0,00;0,00;298;181;14;40;33;919;591
1453;24,15;-466,56;0,00;0,00;0,00;-0,47;0,00;0,00;271;146;109;46;26;150;432
1454;31,54;-244,38;0,00;0,00;0,00;-0,24;0,00;0,00;358;158;12;20;25;440;466
1455;76,44;48,05;0,00;0,00;0,00;0,05;0,00;0,00;283;17;144;46;20;781;105
1456;50,54;-241,46;0,00;0,00;0,00;-0,24;0,00;0,00;279;52;156;28;34;358;486
1457;49,62;-190,43;0,00;0,00;0,00;-0,19;0,00;0,00;484;83;119;49;21;974;104
1458;45,01;-290,52;0,00;0,00;0,00;-0,29;0,00;0,00;90;36;172;26;31;767;643
1459;17,12;-489,15;0,00;0,00;0,00;-0,49;0,00;0,00;37;29;77;36;15;363;943
1460;71,29;-34,81;0,00;0,00;0,00;-0,03;0,00;0,00;384;73;33;34;38;163;795
1461;75,36;46,10;0,00;0,00;0,00;0,05;0,00;0,00;389;31;156;31;24;216;660
1462;54,25;-204,52;0,00;0,00;0,00;-0,20;0,00;0,00;347;94;177;35;38;511;274
1463;0,00;-654,99;0,00;0,00;0,00;-0,65;0,00;0,00;180;184;143;29;17;838;394
1464;60,09;-153,53;0,00;0,00;0,00;-0,15;0,00;0,00;300;72;114;41;38;409;400
1465;81,29;81,62;0,00;0,00;0,00;0,08;0,00;0,00;76;26;151;18;23;678;169
1466;52,05;-257,54;0,00;0,00;0,00;-0,26;0,00;0,00;126;181;183;36;23;482;863
1467;70,45;23,66;0,00;0,00;0,00;0,02;0,00;0,00;424;172;123;10;20;868;750
1468;75,98;-74,90;0,00;0,00;0,00;-0,07;0,00;0,00;253;124;52;34;17;847;711
1469;47,38;-284,05;0,00;0,00;0,00;-0,28;0,00;0,00;445;65;192;28;19;810;949
1470;89,54;114,67;0,00;0,00;0,00;0,11;0,00;0,00;182;148;76;17;33;678;620
1471;66,81;33,51;0,00;0,00;0,00;0,03;0,00;0,00;200;47;138;22;39;270;510
1472;73,02;-29,26;0,00;0,00;0,00;-0,03;0,00;0,00;125;113;97;24;35;947;188
1473;36,38;-402,11;0,00;0,00;0,00;-0,40;0,00;0,00;149;116;53;19;27;993;602
1474;11,21;-547,10;0,00;0,00;0,00;-0,55;0,00;0,00;68;84;193;29;19;205;941
1475;32,05;-366,02;0,00;0,00;0,00;-0,37;0,00;0,00;61;50;84;48;37;819;822
1476;68,42;-3,81;0,00;0,00;0,00;-0,00;0,00;0,00;488;33;133;43;17;632;130
1477;88,79;210,79;0,00;0,00;0,00;0,21;0,00;0,00;41;59;17;19;17;293;798
1478;37,94;-265,52;0,00;0,00;0,00;-0,27;0,00;0,00;252;37;179;13;15;970;930
1479;97,25;253,63;0,00;0,00;0,00;0,25;0,00;0,00;180;117;199;40;31;360;211
1480;89,28;133,12;0,00;0,00;0,00;0,13;0,00;0,00;493;194;54;32;27;411;745
1481;90,38;201,65;0,00;0,00;0,00;0,20;0,00;0,00;38;22;186;34;20;299;214
1482;19,72;-523,14;0,00;0,00;0,00;-0,52;0,00;0,00;248;130;133;49;38;166;269
1483;52,03;-139,70;0,00;0,00;0,00;-0,14;0,00;0,00;355;30;175;16;35;435;175
1484;90,80;246,00;0,00;0,00;0,00;0,25;0,00;0,00;494;38;50;26;23;494;325
1485;23,93;-528,76;0,00;0,00;0,00;-0,53;0,00;0,00;418;23;24;39;20;696;548
1486;26,91;-435,82;0,00;0,00;0,00;-0,44;0,00;0,00;54;84;167;13;17;755;847
1487;13,72;-636,26;0,00;0,00;0,00;-0,64;0,00;0,00;495;181;181;44;16;820;812
1488;75,40;219,73;0,00;0,00;0,00;0,22;0,00;0,00;139;33;42;21;24;375;190
1489;74,69;48,46;0,00;0,00;0,00;0,05;0,00;0,00;124;105;163;26;37;524;194
1490;0,00;-720,66;0,00;0,00;0,00;-0,72;0,00;0,00;312;51;192;11;24;686;312
1491;47,20;-249,43;0,00;0,00;0,00;-0,25;0,00;0,00;32;164;159;14;21;510;512
1492;57,37;-177,85;0,00;0,00;0,00;-0,18;0,00;0,00;164;142;129;19;25;648;840
1493;87,09;189,17;0,00;0,00;0,00;0,19;0,00;0,00;212;145;78;43;35;971;956
1494;63,40;-127,26;0,00;0,00;0,00;-0,13;0,00;0,00;52;127;19;23;28;663;897
1495;46,55;-263,29;0,00;0,00;0,00;-0,26;0,00;0,00;225;173;156;23;27;907;657
1496;68,26;7,91;0,00;0,00;0,00;0,01;0,00;0,00;129;108;20;44;33;357;398
1497;62,88;-67,42;0,00;0,00;0,00;-0,07;0,00;0,00;111;38;161;15;35;252;585
1498;84,86;120,92;0,00;0,00;0,00;0,12;0,00;0,00;53;136;163;29;39;467;352
1499;33,12;-375,31;0,00;0,00;0,00;-0,38;0,00;0,00;314;32;50;11;21;265;544
1500;54,18;-171,93;0,00;0,00;0,00;-0,17;0,00;0,00;220;182;197;15;33;570;568
1501;52,94;-151,23;0,00;0,00;0,00;-0,15;0,00;0,00;297;198;110;25;27;923;975
1502;82,35;187,09;0,00;0,00;0,00;0,19;0,00;0,00;296;13;17;29;32;581;854
1503;28,85;-344,77;0,00;0,00;0,00;-0,34;0,00;0,00;235;68;24;45;37;515;584
1504;84,52;140,74;0,00;0,00;0,00;0,14;0,00;0,00;325;44;183;13;32;644;469
1505;65,19;7,62;0,00;0,00;0,00;0,01;0,00;0,00;71;31;123;21;18;815;803
1506;39,71;-236,58;0,00;0,00;0,00;-0,24;0,00;0,00;497;40;157;47;26;821;528
1507;53,05;-209,86;0,00;0,00;0,00;-0,21;0,00;0,00;118;131;87;16;26;945;723
1508;47,95;-207,97;0,00;0,00;0,00;-0,21;0,00;0,00;323;175;158;32;21;801;534
1509;40,37;-277,92;0,00;0,00;0,00;-0,28;0,00;0,00;127;141;111;12;16;407;851
1510;23,76;-481,10;0,00;0,00;0,00;-0,48;0,00;0,00;214;106;64;31;39;707;366
1511;27,97;-347,10;0,00;0,00;0,00;-0,35;0,00;0,00;151;194;103;48;27;555;793
1512;30,65;-289,87;0,00;0,00;0,00;-0,29;0,00;0,00;158;36;111;13;34;616;668
1513;35,66;-364,30;0,00;0,00;0,00;-0,36;0,00;0,00;36;20;52;41;16;425;366
1514;41,37;-259,93;0,00;0,00;0,00;-0,26;0,00;0,00;110;199;48;47;23;909;396
1515;32,36;-456,34;0,00;0,00;0,00;-0,46;0,00;0,00;177;128;86;43;28;959;946
1516;24,30;-439,82;0,00;0,00;0,00;-0,44;0,00;0,00;102;152;43;36;37;115;314
1517;100,00;229,49;0,00;0,00;0,00;0,23;0,00;0,00;35;141;111;45;18;621;747
1518;83,43;53,12;0,00;0,00;0,00;0,05;0,00;0,00;249;115;157;22;19;672;124
1519;32,24;-330,78;0,00;0,00;0,00;-0,33;0,00;0,00;175;197;144;38;25;523;562
1520;21,46;-484,27;0,00;0,00;0,00;-0,48;0,00;0,00;98;103;53;35;32;133;141
1521;56,10;-132,78;0,00;0,00;0,00;-0,13;0,00;0,00;131;48;25;10;38;883;476
1522;58,06;-181,11;0,00;0,00;0,00;-0,18;0,00;0,00;270;159;64;20;34;478;694
1523;49,57;-196,46;0,00;0,00;0,00;-0,20;0,00;0,00;441;144;96;42;30;494;533
1524;75,24;101,77;0,00;0,00;0,00;0,10;0,00;0,00;166;88;98;49;22;443;494
1525;69,72;-128,80;0,00;0,00;0,00;-0,13;0,00;0,00;416;197;23;48;29;445;854
1526;56,64;-191,27;0,00;0,00;0,00;-0,19;0,00;0,00;138;130;168;38;37;393;756
1527;63,46;-116,23;0,00;0,00;0,00;-0,12;0,00;0,00;162;195;115;41;24;425;892
1528;60,51;-60,52;0,00;0,00;0,00;-0,06;0,00;0,00;13;171;40;47;27;904;206
1529;73,36;103,57;0,00;0,00;0,00;0,10;0,00;0,00;419;136;189;45;34;588;951
1530;52,66;-176,59;0,00;0,00;0,00;-0,18;0,00;0,00;101;162;41;48;31;219;630
1531;50,30;-196,59;0,00;0,00;0,00;-0,20;0,00;0,00;164;95;46;10;21;835;900
1532;40,00;-226,77;0,00;0,00;0,00;-0,23;0,00;0,00;21;100;196;10;33;113;918
1533;65,87;-29,68;0,00;0,00;0,00;-0,03;0,00;0,00;238;185;112;47;33;813;459
1534;51,57;-174,14;0,00;0,00;0,00;-0,17;0,00;0,00;280;65;118;40;23;935;842
1535;87,92;184,04;0,00;0,00;0,00;0,18;0,00;0,00;295;190;156;46;34;637;194
1536;26,32;-480,69;0,00;0,00;0,00;-0,48;0,00;0,00;481;156;36;26;15;888;162
1537;76,00;110,20;0,00;0,00;0,00;0,11;0,00;0,00;139;102;90;29;33;814;190
1538;44,61;-281,56;0,00;0,00;0,00;-0,28;0,00;0,00;413;144;138;34;29;355;465
1539;61,61;-121,79;0,00;0,00;0,00;-0,12;0,00;0,00;410;90;72;16;17;779;480
1540;62,87;-68,23;0,00;0,00;0,00;-0,07;0,00;0,00;493;150;16;15;33;707;331
1541;87,62;195,59;0,00;0,00;0,00;0,20;0,00;0,00;185;43;116;44;34;909;546
1542;36,09;-258,53;0,00;0,00;0,00;-0,26;0,00;0,00;328;121;18;38;24;823;330
1543;51,60;-187,85;0,00;0,00;0,00;-0,19;0,00;0,00;328;68;137;37;32;711;429
1544;35,82;-285,91;0,00;0,00;0,00;-0,29;0,00;0,00;135;13;90;37;22;883;768
1545;34,41;-372,06;0,00;0,00;0,00;-0,37;0,00;0,00;485;158;109;13;18;317;534
1546;50,35;-186,76;0,00;0,00;0,00;-0,19;0,00;0,00;60;177;182;49;30;803;387
1547;54,35;-145,16;0,00;0,00;0,00;-0,15;0,00;0,00;143;160;34;48;23;388;573
1548;35,47;-272,40;0,00;0,00;0,00;-0,27;0,00;0,00;170;61;128;31;35;771;140
1549;22,32;-408,94;0,00;0,00;0,00;-0,41;0,00;0,00;412;186;132;36;36;324;291
1550;50,70;-167,23;0,00;0,00;0,00;-0,17;0,00;0,00;294;183;179;18;15;957;341
1551;53,34;-237,89;0,00;0,00;0,00;-0,24;0,00;0,00;404;82;67;36;31;913;216
1552;0,00;-742,53;0,00;0,00;0,00;-0,74;0,00;0,00;188;75;36;22;17;511;787
1553;55,50;-121,08;0,00;0,00;0,00;-0,12;0,00;0,00;31;167;165;31;30;294;629
1554;63,53;-143,66;0,00;0,00;0,00;-0,14;0,00;0,00;86;77;105;12;15;526;198
1555;38,28;-315,04;0,00;0,00;0,00;-0,32;0,00;0,00;472;156;140;33;26;848;505
1556;27,38;-434,04;0,00;0,00;0,00;-0,43;0,00;0,00;262;131;157;25;31;616;757
1557;16,73;-543,70;0,00;0,00;0,00;-0,54;0,00;0,00;157;81;197;26;26;627;390
1558;67,10;-106,43;0,00;0,00;0,00;-0,11;0,00;0,00;459;192;134;33;34;896;784
1559;55,23;-242,41;0,00;0,00;0,00;-0,24;0,00;0,00;90;135;42;46;25;354;446
1560;76,09;-17,25;0,00;0,00;0,00;-0,02;0,00;0,00;217;176;177;41;37;950;420
1561;69,46;12,28;0,00;0,00;0,00;0,01;0,00;0,00;237;139;149;15;30;158;948
1562;29,11;-492,53;0,00;0,00;0,00;-0,49;0,00;0,00;491;15;41;15;28;262;444
1563;48,35;-279,41;0,00;0,00;0,00;-0,28;0,00;0,00;174;145;132;19;28;624;116
1564;59,23;-52,42;0,00;0,00;0,00;-0,05;0,00;0,00;357;81;76;24;20;669;727
1565;70,80;15,54;0,00;0,00;0,00;0,02;0,00;0,00;485;39;116;40;20;121;148
1566;52,06;-101,17;0,00;0,00;0,00;-0,10;0,00;0,00;240;97;179;39;38;308;668
1567;79,53;194,38;0,00;0,00;0,00;0,19;0,00;0,00;112;87;172;24;16;738;658
1568;49,09;-217,02;0,00;0,00;0,00;-0,22;0,00;0,00;455;166;173;29;33;611;654
1569;73,77;153,27;0,00;0,00;0,00;0,15;0,00;0,00;483;11;48;20;22;662;719
1570;34,47;-309,87;0,00;0,00;0,00;-0,31;0,00;0,00;347;187;36;46;16;350;716
1571;14,96;-496,92;0,00;0,00;0,00;-0,50;0,00;0,00;279;131;66;26;37;932;961
1572;0,00;-689,48;0,00;0,00;0,00;-0,69;0,00;0,00;84;163;172;28;38;143;700
1573;43,48;-182,77;0,00;0,00;0,00;-0,18;0,00;0,00;400;147;12;30;16;277;823
1574;27,82;-388,63;0,00;0,00;0,00;-0,39;0,00;0,00;476;88;21;39;23;160;417
1575;72,59;38,95;0,00;0,00;0,00;0,04;0,00;0,00;241;146;113;21;39;395;116
1576;53,22;-157,12;0,00;0,00;0,00;-0,16;0,00;0,00;165;169;85;14;31;798;906
1577;60,92;-56,88;0,00;0,00;0,00;-0,06;0,00;0,00;363;25;102;18;22;214;934
1578;51,14;-229,06;0,00;0,00;0,00;-0,23;0,00;0,00;421;121;169;34;23;394;861
1579;60,24;-131,36;0,00;0,00;0,00;-0,13;0,00;0,00;131;154;46;46;19;438;518
1580;38,74;-372,01;0,00;0,00;0,00;-0,37;0,00;0,00;114;19;158;21;32;359;631
1581;50,13;-221,71;0,00;0,00;0,00;-0,22;0,00;0,00;101;138;80;30;18;440;749
1582;52,37;-178,70;0,00;0,00;0,00;-0,18;0,00;0,00;345;78;55;15;32;680;228
1583;49,89;-339,06;0,00;0,00;0,00;-0,34;0,00;0,00;155;126;120;39;29;718;676
1584;85,06;171,15;0,00;0,00;0,00;0,17;0,00;0,00;380;199;150;12;19;229;733
1585;80,85;235,78;0,00;0,00;0,00;0,24;0,00;0,00;155;126;99;29;38;593;914
1586;92,64;147,35;0,00;0,00;0,00;0,15;0,00;0,00;50;57;118;19;33;880;941
1587;42,37;-268,45;0,00;0,00;0,00;-0,27;0,00;0,00;61;103;186;12;20;877;188
1588;82,32;107,58;0,00;0,00;0,00;0,11;0,00;0,00;97;52;153;12;15;259;570
1589;0,00;-785,65;0,00;0,00;0,00;-0,79;0,00;0,00;469;94;65;34;33;111;973
1590;61,21;-35,40;0,00;0,00;0,00;-0,04;0,00;0,00;98;176;38;38;34;626;638
1591;61,37;-188,19;0,00;0,00;0,00;-0,19;0,00;0,00;107;79;21;19;28;341;489
1592;0,00;-703,76;0,00;0,00;0,00;-0,70;0,00;0,00;146;74;70;14;33;371;855
1593;36,13;-387,51;0,00;0,00;0,00;-0,39;0,00;0,00;36;165;131;13;21;114;830
1594;34,82;-448,23;0,00;0,00;0,00;-0,45;0,00;0,00;145;43;33;39;15;390;914
1595;28,70;-362,81;0,00;0,00;0,00;-0,36;0,00;0,00;423;70;50;17;28;204;393
1596;70,82;-43,50;0,00;0,00;0,00;-0,04;0,00;0,00;166;61;161;33;26;925;774
1597;4,13;-707,89;0,00;0,00;0,00;-0,71;0,00;0,00;184;15;140;48;34;445;698
1598;32,87;-393,78;0,00;0,00;0,00;-0,39;0,00;0,00;281;49;115;45;39;294;163
1599;80,27;131,32;0,00;0,00;0,00;0,13;0,00;0,00;182;117;175;31;17;702;996
1600;74,27;19,56;0,00;0,00;0,00;0,02;0,00;0,00;148;178;87;47;21;487;389
1601;80,67;102,83;0,00;0,00;0,00;0,10;0,00;0,00;411;181;100;35;30;496;310
1602;16,07;-469,13;0,00;0,00;0,00;-0,47;0,00;0,00;463;176;194;36;27;708;507
1603;59,74;-98,69;0,00;0,00;0,00;-0,10;0,00;0,00;366;137;17;48;17;228;220
1604;63,35;-134,13;0,00;0,00;0,00;-0,13;0,00;0,00;434;13;102;48;15;913;803
1605;75,16;18,65;0,00;0,00;0,00;0,02;0,00;0,00;86;96;153;22;33;298;193
1606;27,80;-364,43;0,00;0,00;0,00;-0,36;0,00;0,00;156;149;110;38;32;856;126
1607;28,13;-406,18;0,00;0,00;0,00;-0,41;0,00;0,00;411;98;112;31;19;640;505
1608;45,17;-232,52;0,00;0,00;0,00;-0,23;0,00;0,00;437;85;35;21;33;872;273
1609;95,22;225,08;0,00;0,00;0,00;0,23;0,00;0,00;42;70;38;22;37;598;460
1610;26,18;-458,59;0,00;0,00;0,00;-0,46;0,00;0,00;15;59;71;30;22;481;537
1611;40,77;-271,17;0,00;0,00;0,00;-0,27;0,00;0,00;50;75;31;39;25;948;867
1612;39,36;-377,23;0,00;0,00;0,00;-0,38;0,00;0,00;412;55;109;30;17;530;410
1613;81,74;124,93;0,00;0,00;0,00;0,12;0,00;0,00;153;135;120;24;36;972;356
1614;64,81;58,84;0,00;0,00;0,00;0,06;0,00;0,00;65;118;153;49;20;192;811
1615;50,66;-207,95;0,00;0,00;0,00;-0,21;0,00;0,00;212;191;31;32;15;108;767
1616;72,83;117,75;0,00;0,00;0,00;0,12;0,00;0,00;194;83;17;24;27;234;306
1617;49,18;-131,04;0,00;0,00;0,00;-0,13;0,00;0,00;30;148;190;31;25;967;457
1618;64,92;4,88;0,00;0,00;0,00;0,00;0,00;0,00;492;55;135;48;24;280;450
1619;53,65;-189,02;0,00;0,00;0,00;-0,19;0,00;0,00;484;16;179;43;29;420;221
1620;61,04;7,92;0,00;0,00;0,00;0,01;0,00;0,00;337;100;75;48;22;669;923
1621;12,95;-518,31;0,00;0,00;0,00;-0,52;0,00;0,00;233;73;71;21;19;889;743
1622;10,93;-634,44;0,00;0,00;0,00;-0,63;0,00;0,00;402;164;45;28;34;974;649
1623;20,25;-457,04;0,00;0,00;0,00;-0,46;0,00;0,00;172;90;159;47;34;947;882
1624;88,18;178,97;0,00;0,00;0,00;0,18;0,00;0,00;53;89;118;42;21;724;305
1625;43,51;-273,69;0,00;0,00;0,00;-0,27;0,00;0,00;225;79;147;31;37;834;280
1626;82,45;91,52;0,00;0,00;0,00;0,09;0,00;0,00;60;53;184;30;17;597;279
1627;24,43;-470,52;0,00;0,00;0,00;-0,47;0,00;0,00;57;171;70;22;20;582;621
1628;54,40;-168,30;0,00;0,00;0,00;-0,17;0,00;0,00;41;28;59;32;20;437;777
1629;50,94;-158,15;0,00;0,00;0,00;-0,16;0,00;0,00;350;17;41;18;27;669;317
1630;52,14;-224,36;0,00;0,00;0,00;-0,22;0,00;0,00;111;105;14;23;15;611;131
1631;26,52;-457,74;0,00;0,00;0,00;-0,46;0,00;0,00;432;121;18;49;33;332;837
1632;94,87;254,47;0,00;0,00;0,00;0,25;0,00;0,00;165;180;33;22;26;193;605
1633;76,35;89,06;0,00;0,00;0,00;0,09;0,00;0,00;274;186;90;36;16;414;997
1634;20,40;-545,59;0,00;0,00;0,00;-0,55;0,00;0,00;367;104;107;40;16;492;851
1635;48,78;-283,06;0,00;0,00;0,00;-0,28;0,00;0,00;69;66;20;28;26;618;892
1636;87,20;131,88;0,00;0,00;0,00;0,13;0,00;0,00;342;178;111;28;39;375;484
1637;36,89;-404,18;0,00;0,00;0,00;-0,40;0,00;0,00;487;150;135;40;17;803;552
1638;52,56;-214,18;0,00;0,00;0,00;-0,21;0,00;0,00;109;152;85;24;18;193;507
1639;55,91;-103,72;0,00;0,00;0,00;-0,10;0,00;0,00;328;134;61;34;25;934;899
1640;87,78;218,46;0,00;0,00;0,00;0,22;0,00;0,00;37;82;112;23;21;586;314
1641;40,88;-311,94;0,00;0,00;0,00;-0,31;0,00;0,00;413;168;81;37;37;574;143
1642;71,49;29,05;0,00;0,00;0,00;0,03;0,00;0,00;298;101;122;28;19;541;310
1643;55,04;-130,74;0,00;0,00;0,00;-0,13;0,00;0,00;249;174;122;47;32;949;386
1644;100,00;314,41;0,00;0,00;0,00;0,31;0,00;0,00;481;41;199;17;35;268;420
1645;47,81;-337,83;0,00;0,00;0,00;-0,34;0,00;0,00;275;109;185;14;39;306;895
1646;100,00;334,87;0,00;0,00;0,00;0,33;0,00;0,00;348;34;10;27;35;262;888
1647;34,35;-366,29;0,00;0,00;0,00;-0,37;0,00;0,00;12;29;106;17;23;522;409
1648;25,89;-451,73;0,00;0,00;0,00;-0,45;0,00;0,00;183;40;186;10;22;405;331
1649;42,94;-266,65;0,00;0,00;0,00;-0,27;0,00;0,00;250;99;49;18;15;467;471
1650;52,36;-234,52;0,00;0,00;0,00;-0,23;0,00;0,00;433;50;184;30;24;372;699
1651;62,99;-66,84;0,00;0,00;0,00;-0,07;0,00;0,00;272;125;14;16;27;719;788
1652;78,10;136,07;0,00;0,00;0,00;0,14;0,00;0,00;239;107;34;43;34;127;397
1653;50,46;-174,80;0,00;0,00;0,00;-0,17;0,00;0,00;203;162;76;12;19;844;871
1654;52,11;-196,80;0,00;0,00;0,00;-0,20;0,00;0,00;23;56;62;12;28;594;630
1655;42,81;-242,82;0,00;0,00;0,00;-0,24;0,00;0,00;372;130;128;19;32;855;550
1656;0,29;-711,85;0,00;0,00;0,00;-0,71;0,00;0,00;340;69;177;16;16;752;998
1657;19,44;-497,69;0,00;0,00;0,00;-0,50;0,00;0,00;434;65;10;46;39;432;668
1658;100,00;300,12;0,00;0,00;0,00;0,30;0,00;0,00;330;178;135;32;26;974;635
1659;64,09;-22,38;0,00;0,00;0,00;-0,02;0,00;0,00;184;42;163;40;27;333;518
1660;79,93;57,26;0,00;0,00;0,00;0,06;0,00;0,00;284;185;163;28;32;385;400
1661;46,65;-241,74;0,00;0,00;0,00;-0,24;0,00;0,00;453;116;97;17;27;627;920
1662;52,79;-123,88;0,00;0,00;0,00;-0,12;0,00;0,00;41;153;60;15;22;941;340
1663;20,40;-548,52;0,00;0,00;0,00;-0,55;0,00;0,00;409;33;13;35;21;259;504
1664;56,24;-113,96;0,00;0,00;0,00;-0,11;0,00;0,00;406;152;119;27;15;109;413
1665;2,20;-720,54;0,00;0,00;0,00;-0,72;0,00;0,00;42;15;178;14;24;997;217
1666;43,38;-276,51;0,00;0,00;0,00;-0,28;0,00;0,00;90;90;95;28;30;232;428
1667;26,16;-408,86;0,00;0,00;0,00;-0,41;0,00;0,00;111;153;162;34;22;785;644
1668;27,10;-435,51;0,00;0,00;0,00;-0,44;0,00;0,00;158;56;128;22;23;260;618
1669;18,04;-475,28;0,00;0,00;0,00;-0,48;0,00;0,00;86;109;194;39;17;661;472
1670;83,53;150,45;0,00;0,00;0,00;0,15;0,00;0,00;119;31;180;39;38;957;276
1671;41,68;-226,35;0,00;0,00;0,00;-0,23;0,00;0,00;252;96;12;20;30;253;741
1672;36,83;-370,37;0,00;0,00;0,00;-0,37;0,00;0,00;303;35;102;43;19;873;671
1673;51,79;-156,98;0,00;0,00;0,00;-0,16;0,00;0,00;318;62;37;47;19;859;213
1674;73,25;62,74;0,00;0,00;0,00;0,06;0,00;0,00;264;199;195;27;34;788;812
1675;53,63;-232,77;0,00;0,00;0,00;-0,23;0,00;0,00;127;80;44;21;17;563;515
1676;49,13;-104,55;0,00;0,00;0,00;-0,10;0,00;0,00;128;72;162;36;15;201;427
1677;32,53;-298,93;0,00;0,00;0,00;-0,30;0,00;0,00;334;80;57;30;20;508;841
1678;57,89;-45,60;0,00;0,00;0,00;-0,05;0,00;0,00;57;114;29;36;37;733;326
1679;35,76;-259,22;0,00;0,00;0,00;-0,26;0,00;0,00;294;104;76;20;28;371;738
1680;34,82;-402,90;0,00;0,00;0,00;-0,40;0,00;0,00;86;48;19;23;30;345;977
1681;78,72;42,41;0,00;0,00;0,00;0,04;0,00;0,00;329;44;177;16;38;236;119
1682;48,70;-199,46;0,00;0,00;0,00;-0,20;0,00;0,00;42;83;127;18;16;276;584
1683;56,65;-170,11;0,00;0,00;0,00;-0,17;0,00;0,00;476;120;112;11;28;769;269
1684;62,33;-115,00;0,00;0,00;0,00;-0,12;0,00;0,00;181;63;59;16;34;481;665
1685;50,98;-138,87;0,00;0,00;0,00;-0,14;0,00;0,00;274;183;97;18;16;226;405
1686;48,94;-239,09;0,00;0,00;0,00;-0,24;0,00;0,00;200;143;59;23;38;411;194
1687;53,37;-190,51;0,00;0,00;0,00;-0,19;0,00;0,00;222;12;12;48;32;430;938
1688;40,49;-221,73;0,00;0,00;0,00;-0,22;0,00;0,00;35;96;16;27;35;348;520
1689;0,00;-602,50;0,00;0,00;0,00;-0,60;0,00;0,00;117;38;52;24;38;879;326
1690;40,56;-300,45;0,00;0,00;0,00;-0,30;0,00;0,00;472;14;191;46;32;396;412
1691;30,82;-425,10;0,00;0,00;0,00;-0,43;0,00;0,00;275;42;119;12;17;793;979
1692;39,98;-261,75;0,00;0,00;0,00;-0,26;0,00;0,00;151;21;188;13;38;291;917
1693;37,75;-427,80;0,00;0,00;0,00;-0,43;0,00;0,00;398;113;112;40;30;813;190
1694;80,22;166,58;0,00;0,00;0,00;0,17;0,00;0,00;374;103;91;22;39;479;268
1695;82,21;90,81;0,00;0,00;0,00;0,09;0,00;0,00;267;163;195;21;26;149;557
1696;47,29;-241,17;0,00;0,00;0,00;-0,24;0,00;0,00;213;131;71;32;24;250;579
1697;55,00;-180,34;0,00;0,00;0,00;-0,18;0,00;0,00;245;111;162;44;32;711;975
1698;66,97;-25,17;0,00;0,00;0,00;-0,03;0,00;0,00;452;39;76;28;16;343;411
1699;84,19;47,76;0,00;0,00;0,00;0,05;0,00;0,00;178;99;74;21;29;438;326
1700;68,43;-47,41;0,00;0,00;0,00;-0,05;0,00;0,00;231;40;63;23;33;612;604
1701;27,25;-425,90;0,00;0,00;0,00;-0,43;0,00;0,00;435;121;163;20;22;204;836
1702;7,69;-633,19;0,00;0,00;0,00;-0,63;0,00;0,00;73;14;133;10;23;767;863
1703;59,99;-98,93;0,00;0,00;0,00;-0,10;0,00;0,00;35;86;77;22;34;647;657
1704;93,01;259,04;0,00;0,00;0,00;0,26;0,00;0,00;32;14;48;47;33;710;760
1705;72,86;60,12;0,00;0,00;0,00;0,06;0,00;0,00;386;65;68;14;17;260;852
1706;62,99;-6,06;0,00;0,00;0,00;-0,01;0,00;0,00;226;186;192;36;22;176;225
1707;39,00;-335,73;0,00;0,00;0,00;-0,34;0,00;0,00;120;98;41;21;28;245;212
1708;82,40;124,27;0,00;0,00;0,00;0,12;0,00;0,00;386;10;56;45;32;361;196
1709;55,71;-161,50;0,00;0,00;0,00;-0,16;0,00;0,00;205;47;44;45;27;617;686
1710;35,48;-373,01;0,00;0,00;0,00;-0,37;0,00;0,00;199;75;22;23;19;629;993
1711;34,41;-214,93;0,00;0,00;0,00;-0,21;0,00;0,00;423;31;75;48;25;373;736
1712;49,55;-229,97;0,00;0,00;0,00;-0,23;0,00;0,00;239;11;122;15;37;849;718
1713;50,60;-99,21;0,00;0,00;0,00;-0,10;0,00;0,00;32;36;86;32;32;181;722
1714;76,95;139,22;0,00;0,00;0,00;0,14;0,00;0,00;227;101;47;20;29;637;825
1715;50,29;-212,58;0,00;0,00;0,00;-0,21;0,00;0,00;293;135;105;31;21;296;414
1716;31,92;-336,85;0,00;0,00;0,00;-0,34;0,00;0,00;81;19;37;22;36;134;965
1717;95,17;186,48;0,00;0,00;0,00;0,19;0,00;0,00;303;149;114;16;22;460;828
1718;42,17;-241,05;0,00;0,00;0,00;-0,24;0,00;0,00;253;29;145;37;16;359;150
1719;75,05;-16,29;0,00;0,00;0,00;-0,02;0,00;0,00;472;100;118;26;22;205;817
1720;26,73;-408,89;0,00;0,00;0,00;-0,41;0,00;0,00;433;131;31;38;20;867;193
1721;35,55;-360,80;0,00;0,00;0,00;-0,36;0,00;0,00;127;63;104;21;24;735;485
1722;81,70;71,44;0,00;0,00;0,00;0,07;0,00;0,00;308;110;144;34;32;453;958
1723;37,84;-319,27;0,00;0,00;0,00;-0,32;0,00;0,00;448;21;41;37;29;789;814
1724;60,83;-97,06;0,00;0,00;0,00;-0,10;0,00;0,00;390;46;58;45;22;566;319
1725;0,00;-782,64;0,00;0,00;0,00;-0,78;0,00;0,00;15;114;48;25;21;889;765
1726;44,57;-235,84;0,00;0,00;0,00;-0,24;0,00;0,00;229;105;111;30;19;246;987
1727;61,58;-41,73;0,00;0,00;0,00;-0,04;0,00;0,00;49;59;82;39;23;482;447
1728;0,00;-666,19;0,00;0,00;0,00;-0,67;0,00;0,00;229;16;178;39;33;294;203
1729;41,37;-361,05;0,00;0,00;0,00;-0,36;0,00;0,00;263;124;185;49;25;758;577
1730;56,91;-62,48;0,00;0,00;0,00;-0,06;0,00;0,00;488;145;41;16;20;791;997
1731;36,89;-306,85;0,00;0,00;0,00;-0,31;0,00;0,00;103;17;120;33;15;759;570
1732;69,03;-58,21;0,00;0,00;0,00;-0,06;0,00;0,00;259;183;137;15;37;954;919
1733;100,00;275,29;0,00;0,00;0,00;0,28;0,00;0,00;287;77;189;49;19;788;876
1734;51,20;-252,94;0,00;0,00;0,00;-0,25;0,00;0,00;460;157;151;10;35;367;369
1735;22,24;-511,07;0,00;0,00;0,00;-0,51;0,00;0,00;12;93;25;20;16;598;192
1736;59,36;-139,32;0,00;0,00;0,00;-0,14;0,00;0,00;254;75;82;41;35;192;852
1737;24,99;-506,28;0,00;0,00;0,00;-0,51;0,00;0,00;393;106;80;34;34;107;687
1738;49,94;-89,20;0,00;0,00;0,00;-0,09;0,00;0,00;214;28;100;12;25;965;350
1739;40,19;-230,98;0,00;0,00;0,00;-0,23;0,00;0,00;20;185;27;43;32;676;173
1740;72,13;27,45;0,00;0,00;0,00;0,03;0,00;0,00;343;24;115;26;16;470;431
1741;32,87;-270,30;0,00;0,00;0,00;-0,27;0,00;0,00;94;192;37;26;38;158;735
1742;85,00;134,34;0,00;0,00;0,00;0,13;0,00;0,00;55;97;166;19;28;295;689
1743;48,67;-234,66;0,00;0,00;0,00;-0,23;0,00;0,00;367;164;16;13;20;653;793
1744;67,86;42,04;0,00;0,00;0,00;0,04;0,00;0,00;122;17;14;42;16;457;730
1745;76,63;97,51;0,00;0,00;0,00;0,10;0,00;0,00;80;20;22;46;21;392;998
1746;70,36;43,08;0,00;0,00;0,00;0,04;0,00;0,00;188;194;177;49;17;593;216
1747;52,08;-153,22;0,00;0,00;0,00;-0,15;0,00;0,00;216;75;118;45;37;872;953
1748;28,94;-391,52;0,00;0,00;0,00;-0,39;0,00;0,00;451;191;15;49;31;776;304
1749;43,52;-284,01;0,00;0,00;0,00;-0,28;0,00;0,00;194;167;158;41;33;419;427
1750;76,62;-80,60;0,00;0,00;0,00;-0,08;0,00;0,00;331;79;180;20;17;517;790
1751;0,00;-751,04;0,00;0,00;0,00;-0,75;0,00;0,00;219;91;156;27;15;599;619
1752;78,60;18,47;0,00;0,00;0,00;0,02;0,00;0,00;95;124;59;48;27;323;789
1753;69,71;-10,71;0,00;0,00;0,00;-0,01;0,00;0,00;465;154;87;32;22;190;840
1754;51,16;-179,19;0,00;0,00;0,00;-0,18;0,00;0,00;259;127;151;17;30;779;512
1755;41,27;-306,60;0,00;0,00;0,00;-0,31;0,00;0,00;174;24;191;48;15;336;393
1756;66,16;21,09;0,00;0,00;0,00;0,02;0,00;0,00;155;170;17;14;27;369;858
1757;40,54;-382,00;0,00;0,00;0,00;-0,38;0,00;0,00;356;187;22;40;25;415;171
1758;8,08;-596,76;0,00;0,00;0,00;-0,60;0,00;0,00;59;74;121;16;24;232;138
1759;56,91;-114,42;0,00;0,00;0,00;-0,11;0,00;0,00;454;53;105;37;27;766;120
1760;96,36;281,12;0,00;0,00;0,00;0,28;0,00;0,00;141;186;176;27;31;288;918
1761;31,68;-426,21;0,00;0,00;0,00;-0,43;0,00;0,00;98;68;182;14;28;942;754
1762;26,31;-459,10;0,00;0,00;0,00;-0,46;0,00;0,00;390;190;191;20;38;705;604
1763;98,79;312,54;0,00;0,00;0,00;0,31;0,00;0,00;343;116;81;17;39;520;259
1764;35,31;-318,51;0,00;0,00;0,00;-0,32;0,00;0,00;80;63;47;34;39;701;862
1765;33,02;-371,56;0,00;0,00;0,00;-0,37;0,00;0,00;437;76;72;22;17;986;826
1766;64,92;-54,37;0,00;0,00;0,00;-0,05;0,00;0,00;460;15;89;17;28;969;408
1767;88,67;123,69;0,00;0,00;0,00;0,12;0,00;0,00;205;191;188;44;25;855;487
1768;20,75;-454,61;0,00;0,00;0,00;-0,45;0,00;0,00;461;141;54;16;15;887;940
1769;69,77;94,97;0,00;0,00;0,00;0,09;0,00;0,00;74;179;124;11;22;700;915
1770;62,64;-81,54;0,00;0,00;0,00;-0,08;0,00;0,00;421;11;186;41;16;162;912
1771;26,22;-438,38;0,00;0,00;0,00;-0,44;0,00;0,00;292;34;27;31;23;702;868
1772;20,05;-531,38;0,00;0,00;0,00;-0,53;0,00;0,00;493;42;110;30;36;602;835
1773;36,62;-316,18;0,00;0,00;0,00;-0,32;0,00;0,00;208;69;119;25;28;729;787
1774;83,47;91,49;0,00;0,00;0,00;0,09;0,00;0,00;276;138;76;40;31;638;184
1775;39,97;-369,38;0,00;0,00;0,00;-0,37;0,00;0,00;285;67;41;29;27;784;598
1776;4,74;-730,55;0,00;0,00;0,00;-0,73;0,00;0,00;116;66;44;43;21;753;514
1777;21,31;-482,14;0,00;0,00;0,00;-0,48;0,00;0,00;163;87;30;40;26;332;574
1778;78,03;121,40;0,00;0,00;0,00;0,12;0,00;0,00;324;99;62;19;26;490;954
1779;45,83;-269,20;0,00;0,00;0,00;-0,27;0,00;0,00;150;96;39;36;35;176;144
1780;35,60;-285,79;0,00;0,00;0,00;-0,29;0,00;0,00;56;149;98;32;15;384;844
1781;28,77;-416,28;0,00;0,00;0,00;-0,42;0,00;0,00;485;172;49;41;25;614;101
1782;53,38;-141,62;0,00;0,00;0,00;-0,14;0,00;0,00;443;32;156;45;31;977;242
1783;59,54;-61,70;0,00;0,00;0,00;-0,06;0,00;0,00;128;94;88;36;18;456;262
1784;4,74;-662,44;0,00;0,00;0,00;-0,66;0,00;0,00;120;80;156;25;38;240;467
1785;24,78;-491,39;0,00;0,00;0,00;-0,49;0,00;0,00;169;174;146;11;39;940;213
1786;37,34;-302,50;0,00;0,00;0,00;-0,30;0,00;0,00;16;145;77;22;35;819;407
1787;53,49;-143,86;0,00;0,00;0,00;-0,14;0,00;0,00;349;101;108;34;21;329;111
1788;29,81;-380,16;0,00;0,00;0,00;-0,38;0,00;0,00;51;60;85;45;28;127;757
1789;14,65;-548,18;0,00;0,00;0,00;-0,55;0,00;0,00;275;80;159;23;28;313;836
1790;47,60;-208,98;0,00;0,00;0,00;-0,21;0,00;0,00;126;46;98;19;18;659;662
1791;50,62;-218,47;0,00;0,00;0,00;-0,22;0,00;0,00;383;133;130;16;19;678;772
1792;5,74;-668,27;0,00;0,00;0,00;-0,67;0,00;0,00;407;115;188;40;15;366;235
1793;55,95;-107,75;0,00;0,00;0,00;-0,11;0,00;0,00;365;59;181;11;39;993;981
1794;78,01;92,30;0,00;0,00;0,00;0,09;0,00;0,00;69;168;106;24;33;239;459
1795;15,80;-433,12;0,00;0,00;0,00;-0,43;0,00;0,00;37;120;121;41;30;603;679
1796;67,26;-35,40;0,00;0,00;0,00;-0,04;0,00;0,00;473;118;172;35;25;693;356
1797;51,22;-265,07;0,00;0,00;0,00;-0,27;0,00;0,00;38;70;148;39;32;603;469
1798;45,97;-105,61;0,00;0,00;0,00;-0,11;0,00;0,00;446;58;164;33;29;128;752
1799;54,06;-79,64;0,00;0,00;0,00;-0,08;0,00;0,00;381;41;60;27;20;507;632
1800;66,15;28,62;0,00;0,00;0,00;0,03;0,00;0,00;190;151;62;39;24;191;587
1801;66,21;-31,12;0,00;0,00;0,00;-0,03;0,00;0,00;472;84;22;15;18;541;639
1802;5,58;-660,99;0,00;0,00;0,00;-0,66;0,00;0,00;258;121;101;18;36;522;292
1803;65,78;-86,85;0,00;0,00;0,00;-0,09;0,00;0,00;201;96;101;46;26;809;182
1804;37,23;-315,00;0,00;0,00;0,00;-0,32;0,00;0,00;263;17;33;43;23;821;456
1805;62,31;-18,90;0,00;0,00;0,00;-0,02;0,00;0,00;185;21;195;35;34;410;797
1806;52,14;-170,13;0,00;0,00;0,00;-0,17;0,00;0,00;138;139;178;24;32;777;783
1807;53,87;-232,89;0,00;0,00;0,00;-0,23;0,00;0,00;422;25;38;26;18;266;375
1808;23,75;-387,13;0,00;0,00;0,00;-0,39;0,00;0,00;218;143;37;47;22;173;730
1809;0,00;-596,91;0,00;0,00;0,00;-0,60;0,00;0,00;10;51;126;16;19;119;637
1810;27,31;-482,69;0,00;0,00;0,00;-0,48;0,00;0,00;224;135;162;38;32;707;341
1811;62,38;-64,97;0,00;0,00;0,00;-0,06;0,00;0,00;13;196;87;14;18;229;536
1812;0,00;-618,77;0,00;0,00;0,00;-0,62;0,00;0,00;417;123;99;16;39;578;348
1813;87,41;274,58;0,00;0,00;0,00;0,27;0,00;0,00;315;147;133;28;32;280;313
1814;76,18;47,09;0,00;0,00;0,00;0,05;0,00;0,00;427;147;186;42;22;814;734
1815;92,86;155,97;0,00;0,00;0,00;0,16;0,00;0,00;226;91;152;26;15;100;718
1816;36,25;-317,03;0,00;0,00;0,00;-0,32;0,00;0,00;257;173;157;39;20;321;523
1817;74,56;143,72;0,00;0,00;0,00;0,14;0,00;0,00;452;129;39;16;29;105;142
1818;0,00;-665,61;0,00;0,00;0,00;-0,67;0,00;0,00;322;87;198;12;27;210;444
1819;96,66;342,99;0,00;0,00;0,00;0,34;0,00;0,00;340;198;62;25;19;465;301
1820;77,84;67,60;0,00;0,00;0,00;0,07;0,00;0,00;422;59;72;24;36;915;278
1821;0,00;-743,93;0,00;0,00;0,00;-0,74;0,00;0,00;129;141;118;16;23;742;448
1822;57,85;-131,26;0,00;0,00;0,00;-0,13;0,00;0,00;136;53;53;34;35;439;228
1823;53,86;-138,46;0,00;0,00;0,00;-0,14;0,00;0,00;102;163;175;10;27;164;506
1824;14,98;-527,17;0,00;0,00;0,00;-0,53;0,00;0,00;255;169;130;49;28;808;502
1825;0,00;-701,19;0,00;0,00;0,00;-0,70;0,00;0,00;176;136;66;11;22;143;639
1826;31,72;-419,90;0,00;0,00;0,00;-0,42;0,00;0,00;161;61;160;41;19;753;913
1827;41,17;-291,92;0,00;0,00;0,00;-0,29;0,00;0,00;384;172;96;23;16;485;442
1828;58,61;-138,45;0,00;0,00;0,00;-0,14;0,00;0,00;80;59;95;21;25;312;174
1829;44,66;-246,62;0,00;0,00;0,00;-0,25;0,00;0,00;354;40;129;27;16;367;642
1830;60,21;1,44;0,00;0,00;0,00;0,00;0,00;0,00;488;54;37;23;33;579;300
1831;61,02;-121,77;0,00;0,00;0,00;-0,12;0,00;0,00;90;124;119;45;37;668;627
1832;88,79;150,95;0,00;0,00;0,00;0,15;0,00;0,00;67;185;82;44;25;856;928
1833;37,72;-301,15;0,00;0,00;0,00;-0,30;0,00;0,00;375;94;186;43;20;991;659
1834;86,05;168,32;0,00;0,00;0,00;0,17;0,00;0,00;475;127;40;43;19;431;883
1835;29,46;-536,04;0,00;0,00;0,00;-0,54;0,00;0,00;435;57;100;28;38;429;436
1836;60,09;-117,51;0,00;0,00;0,00;-0,12;0,00;0,00;112;61;114;17;32;701;849
1837;87,22;143,22;0,00;0,00;0,00;0,14;0,00;0,00;333;44;139;33;26;469;477
1838;55,60;-57,23;0,00;0,00;0,00;-0,06;0,00;0,00;269;48;102;20;18;924;810
1839;60,23;-73,89;0,00;0,00;0,00;-0,07;0,00;0,00;207;16;198;18;16;376;523
1840;55,40;-190,41;0,00;0,00;0,00;-0,19;0,00;0,00;276;150;185;37;20;571;207
1841;69,62;-101,15;0,00;0,00;0,00;-0,10;0,00;0,00;363;106;108;40;27;446;614
1842;71,58;116,32;0,00;0,00;0,00;0,12;0,00;0,00;183;64;121;37;20;440;881
1843;63,70;-81,67;0,00;0,00;0,00;-0,08;0,00;0,00;79;15;22;35;15;620;126
1844;41,80;-325,70;0,00;0,00;0,00;-0,33;0,00;0,00;293;62;84;26;24;410;615
1845;34,94;-312,87;0,00;0,00;0,00;-0,31;0,00;0,00;278;10;119;31;16;384;141
1846;96,37;323,75;0,00;0,00;0,00;0,32;0,00;0,00;443;45;29;13;23;764;559
1847;85,50;88,25;0,00;0,00;0,00;0,09;0,00;0,00;169;77;19;32;33;486;486
1848;35,51;-329,73;0,00;0,00;0,00;-0,33;0,00;0,00;264;89;120;28;21;285;766
1849;51,24;-173,73;0,00;0,00;0,00;-0,17;0,00;0,00;315;154;49;21;27;696;345
1850;28,29;-310,65;0,00;0,00;0,00;-0,31;0,00;0,00;444;179;25;42;24;375;492
1851;90,01;161,37;0,00;0,00;0,00;0,16;0,00;0,00;37;189;76;26;38;800;288
1852;54,80;-202,94;0,00;0,00;0,00;-0,20;0,00;0,00;55;12;144;40;16;288;295
1853;73,53;67,60;0,00;0,00;0,00;0,07;0,00;0,00;164;71;115;42;33;242;476
1854;21,98;-416,69;0,00;0,00;0,00;-0,42;0,00;0,00;159;102;28;29;20;681;670
1855;53,08;-91,08;0,00;0,00;0,00;-0,09;0,00;0,00;143;151;125;22;22;979;412
1856;84,29;138,62;0,00;0,00;0,00;0,14;0,00;0,00;258;184;20;23;22;122;967
1857;64,68;2,68;0,00;0,00;0,00;0,00;0,00;0,00;499;34;29;45;28;805;118
1858;48,69;-195,34;0,00;0,00;0,00;-0,20;0,00;0,00;61;47;40;44;25;405;353
1859;66,22;-67,16;0,00;0,00;0,00;-0,07;0,00;0,00;180;24;72;33;21;836;786
1860;37,97;-274,01;0,00;0,00;0,00;-0,27;0,00;0,00;340;112;43;17;24;492;650
1861;85,46;121,22;0,00;0,00;0,00;0,12;0,00;0,00;340;41;29;14;20;457;904
1862;90,97;207,25;0,00;0,00;0,00;0,21;0,00;0,00;451;35;27;35;23;192;108
1863;27,85;-487,08;0,00;0,00;0,00;-0,49;0,00;0,00;11;140;148;48;37;101;364
1864;90,51;134,84;0,00;0,00;0,00;0,13;0,00;0,00;178;159;32;25;36;840;456
1865;0,00;-701,88;0,00;0,00;0,00;-0,70;0,00;0,00;286;27;87;28;18;392;117
1866;56,60;-141,01;0,00;0,00;0,00;-0,14;0,00;0,00;289;72;99;20;28;767;524
1867;94,74;233,97;0,00;0,00;0,00;0,23;0,00;0,00;472;169;101;40;20;134;228
1868;75,98;12,71;0,00;0,00;0,00;0,01;0,00;0,00;372;152;94;40;25;388;792
1869;37,91;-314,50;0,00;0,00;0,00;-0,31;0,00;0,00;152;199;71;23;23;746;472
1870;29,35;-356,92;0,00;0,00;0,00;-0,36;0,00;0,00;424;73;150;12;37;337;389
1871;21,70;-526,60;0,00;0,00;0,00;-0,53;0,00;0,00;115;45;139;43;19;912;765
1872;48,49;-235,48;0,00;0,00;0,00;-0,24;0,00;0,00;267;141;61;13;35;303;793
1873;57,90;-168,64;0,00;0,00;0,00;-0,17;0,00;0,00;55;166;41;21;29;988;261
1874;25,50;-495,23;0,00;0,00;0,00;-0,50;0,00;0,00;319;90;172;36;17;665;707
1875;70,45;48,27;0,00;0,00;0,00;0,05;0,00;0,00;73;81;62;32;33;882;777
1876;9,54;-564,47;0,00;0,00;0,00;-0,56;0,00;0,00;420;177;79;18;37;262;348
1877;40,55;-314,74;0,00;0,00;0,00;-0,31;0,00;0,00;101;168;141;10;20;975;567
1878;47,90;-156,41;0,00;0,00;0,00;-0,16;0,00;0,00;276;160;43;28;35;898;507
1879;49,30;-219,68;0,00;0,00;0,00;-0,22;0,00;0,00;135;125;159;13;26;375;544
1880;47,54;-273,61;0,00;0,00;0,00;-0,27;0,00;0,00;82;48;101;41;25;170;467
1881;40,93;-275,04;0,00;0,00;0,00;-0,28;0,00;0,00;34;38;32;10;29;991;354
1882;76,96;90,04;0,00;0,00;0,00;0,09;0,00;0,00;282;135;161;29;37;230;567
1883;26,48;-421,59;0,00;0,00;0,00;-0,42;0,00;0,00;279;66;174;38;27;653;227
1884;51,59;-254,65;0,00;0,00;0,00;-0,25;0,00;0,00;397;63;192;26;16;152;501
1885;77,05;104,69;0,00;0,00;0,00;0,10;0,00;0,00;204;99;53;15;29;651;542
1886;81,50;155,85;0,00;0,00;0,00;0,16;0,00;0,00;499;93;60;42;20;638;256
1887;48,54;-105,95;0,00;0,00;0,00;-0,11;0,00;0,00;102;31;131;35;31;663;100
1888;34,59;-418,52;0,00;0,00;0,00;-0,42;0,00;0,00;341;129;113;17;25;113;846
1889;92,42;233,16;0,00;0,00;0,00;0,23;0,00;0,00;136;96;132;14;36;803;793
1890;34,53;-406,00;0,00;0,00;0,00;-0,41;0,00;0,00;195;86;37;25;37;570;872
1891;70,52;-21,64;0,00;0,00;0,00;-0,02;0,00;0,00;17;179;163;39;28;398;306
1892;74,54;12,29;0,00;0,00;0,00;0,01;0,00;0,00;60;180;114;45;38;492;476
1893;86,81;105,67;0,00;0,00;0,00;0,11;0,00;0,00;151;124;181;25;18;976;152
1894;9,43;-540,53;0,00;0,00;0,00;-0,54;0,00;0,00;210;18;83;46;16;454;539
1895;43,15;-308,41;0,00;0,00;0,00;-0,31;0,00;0,00;278;48;119;49;31;460;718
1896;83,37;157,86;0,00;0,00;0,00;0,16;0,00;0,00;137;165;53;27;30;572;539
1897;22,14;-475,42;0,00;0,00;0,00;-0,48;0,00;0,00;297;48;149;15;25;798;342
1898;65,30;-59,08;0,00;0,00;0,00;-0,06;0,00;0,00;52;191;112;45;24;810;133
1899;32,42;-327,43;0,00;0,00;0,00;-0,33;0,00;0,00;430;25;182;26;34;370;978
1900;60,56;-122,56;0,00;0,00;0,00;-0,12;0,00;0,00;179;188;24;35;16;427;715
1901;72,56;-3,49;0,00;0,00;0,00;-0,00;0,00;0,00;311;58;34;12;36;393;139
1902;32,58;-300,83;0,00;0,00;0,00;-0,30;0,00;0,00;470;161;76;49;18;490;842
1903;4,16;-674,10;0,00;0,00;0,00;-0,67;0,00;0,00;237;29;17;14;15;233;832
1904;9,28;-606,82;0,00;0,00;0,00;-0,61;0,00;0,00;319;115;153;19;30;246;995
1905;63,39;-79,43;0,00;0,00;0,00;-0,08;0,00;0,00;322;105;25;26;23;891;621
1906;81,43;54,61;0,00;0,00;0,00;0,05;0,00;0,00;304;21;186;19;23;358;157
1907;47,57;-224,16;0,00;0,00;0,00;-0,22;0,00;0,00;362;89;177;44;35;874;930
1908;58,76;-82,21;0,00;0,00;0,00;-0,08;0,00;0,00;33;175;44;47;29;403;204
1909;6,15;-660,57;0,00;0,00;0,00;-0,66;0,00;0,00;380;199;185;27;27;442;967
1910;19,46;-530,87;0,00;0,00;0,00;-0,53;0,00;0,00;56;155;141;14;37;127;452
1911;59,24;-49,59;0,00;0,00;0,00;-0,05;0,00;0,00;171;153;75;15;33;166;486
1912;68,79;-120,03;0,00;0,00;0,00;-0,12;0,00;0,00;121;157;13;27;35;194;296
1913;52,77;-153,90;0,00;0,00;0,00;-0,15;0,00;0,00;112;49;50;22;34;743;224
1914;100,00;230,00;0,00;0,00;0,00;0,23;0,00;0,00;340;34;21;18;38;708;641
1915;70,66;31,82;0,00;0,00;0,00;0,03;0,00;0,00;256;23;121;48;32;408;267
1916;97,70;309,06;0,00;0,00;0,00;0,31;0,00;0,00;269;79;32;19;21;386;218
1917;50,19;-135,32;0,00;0,00;0,00;-0,14;0,00;0,00;325;102;66;24;19;305;692
1918;26,51;-486,97;0,00;0,00;0,00;-0,49;0,00;0,00;53;59;34;18;31;395;976
1919;45,82;-197,27;0,00;0,00;0,00;-0,20;0,00;0,00;201;113;152;20;35;650;399
1920;19,45;-542,21;0,00;0,00;0,00;-0,54;0,00;0,00;12;143;132;14;22;424;960
1921;71,99;-29,19;0,00;0,00;0,00;-0,03;0,00;0,00;180;107;169;41;15;470;566
1922;96,24;306,79;0,00;0,00;0,00;0,31;0,00;0,00;112;110;93;25;29;487;701
1923;43,77;-247,80;0,00;0,00;0,00;-0,25;0,00;0,00;399;10;21;36;21;441;304
1924;100,00;223,50;0,00;0,00;0,00;0,22;0,00;0,00;412;30;26;29;23;790;727
1925;43,06;-308,00;0,00;0,00;0,00;-0,31;0,00;0,00;101;134;85;17;34;172;115
1926;51,70;-199,52;0,00;0,00;0,00;-0,20;0,00;0,00;60;112;142;42;21;395;844
1927;35,19;-374,39;0,00;0,00;0,00;-0,37;0,00;0,00;357;30;195;11;23;321;510
1928;61,76;-56,88;0,00;0,00;0,00;-0,06;0,00;0,00;264;181;11;14;27;308;771
1929;0,00;-644,53;0,00;0,00;0,00;-0,64;0,00;0,00;452;186;69;43;36;244;288
1930;75,04;44,90;0,00;0,00;0,00;0,04;0,00;0,00;229;99;76;11;35;109;339
1931;56,15;-128,68;0,00;0,00;0,00;-0,13;0,00;0,00;302;91;102;23;32;558;790
1932;46,38;-226,61;0,00;0,00;0,00;-0,23;0,00;0,00;247;112;20;38;39;540;289
1933;17,83;-487,65;0,00;0,00;0,00;-0,49;0,00;0,00;134;73;158;42;30;575;678
1934;75,26;71,10;0,00;0,00;0,00;0,07;0,00;0,00;359;188;18;26;18;190;972
1935;18,92;-490,83;0,00;0,00;0,00;-0,49;0,00;0,00;324;36;47;29;26;523;130
1936;63,59;-157,51;0,00;0,00;0,00;-0,16;0,00;0,00;151;24;62;12;17;259;542
1937;52,69;-130,71;0,00;0,00;0,00;-0,13;0,00;0,00;72;154;107;12;36;214;965
1938;59,92;-138,61;0,00;0,00;0,00;-0,14;0,00;0,00;393;164;180;49;39;355;706
1939;30,65;-333,25;0,00;0,00;0,00;-0,33;0,00;0,00;289;108;14;46;22;915;887
1940;58,36;-137,78;0,00;0,00;0,00;-0,14;0,00;0,00;175;122;39;40;21;699;404
1941;41,94;-285,76;0,00;0,00;0,00;-0,29;0,00;0,00;377;72;72;34;31;618;341
1942;38,22;-267,18;0,00;0,00;0,00;-0,27;0,00;0,00;170;122;165;25;39;799;387
1943;35,93;-332,13;0,00;0,00;0,00;-0,33;0,00;0,00;201;136;72;11;32;376;651
1944;71,84;30,10;0,00;0,00;0,00;0,03;0,00;0,00;242;139;178;36;37;766;781
1945;40,76;-388,53;0,00;0,00;0,00;-0,39;0,00;0,00;203;102;154;48;28;371;831
1946;50,96;-287,59;0,00;0,00;0,00;-0,29;0,00;0,00;392;61;173;14;38;286;448
1947;67,79;89,65;0,00;0,00;0,00;0,09;0,00;0,00;280;65;14;30;23;985;772
1948;29,45;-392,76;0,00;0,00;0,00;-0,39;0,00;0,00;177;100;14;34;26;196;875
1949;74,21;10,44;0,00;0,00;0,00;0,01;0,00;0,00;271;154;35;43;29;206;974
1950;23,05;-404,76;0,00;0,00;0,00;-0,40;0,00;0,00;49;155;101;14;25;313;683
1951;91,84;295,04;0,00;0,00;0,00;0,30;0,00;0,00;344;64;134;40;30;104;415
1952;0,00;-681,53;0,00;0,00;0,00;-0,68;0,00;0,00;449;27;70;44;34;787;883
1953;70,67;-86,32;0,00;0,00;0,00;-0,09;0,00;0,00;155;117;98;19;24;588;499
1954;36,51;-312,32;0,00;0,00;0,00;-0,31;0,00;0,00;229;189;24;35;23;219;426
1955;61,11;-110,58;0,00;0,00;0,00;-0,11;0,00;0,00;423;190;193;41;37;257;744
1956;52,93;-136,25;0,00;0,00;0,00;-0,14;0,00;0,00;180;192;82;30;25;832;178
1957;25,58;-378,60;0,00;0,00;0,00;-0,38;0,00;0,00;398;134;79;10;20;674;963
1958;58,06;-79,56;0,00;0,00;0,00;-0,08;0,00;0,00;148;190;196;46;31;227;720
1959;0,00;-722,16;0,00;0,00;0,00;-0,72;0,00;0,00;409;182;69;17;39;980;205
1960;26,25;-376,34;0,00;0,00;0,00;-0,38;0,00;0,00;419;156;115;30;38;205;167
1961;57,08;-126,39;0,00;0,00;0,00;-0,13;0,00;0,00;174;198;47;32;19;515;327
1962;83,79;71,02;0,00;0,00;0,00;0,07;0,00;0,00;26;111;43;43;23;580;436
1963;74,27;15,73;0,00;0,00;0,00;0,02;0,00;0,00;392;196;109;23;26;291;488
1964;43,48;-335,81;0,00;0,00;0,00;-0,34;0,00;0,00;14;57;61;11;20;695;314
1965;43,70;-312,74;0,00;0,00;0,00;-0,31;0,00;0,00;289;103;174;13;36;496;649
1966;46,88;-322,31;0,00;0,00;0,00;-0,32;0,00;0,00;310;47;43;33;35;588;335
1967;85,81;140,91;0,00;0,00;0,00;0,14;0,00;0,00;290;44;147;42;21;703;401
1968;37,25;-281,73;0,00;0,00;0,00;-0,28;0,00;0,00;169;47;168;49;29;176;138
1969;49,15;-79,05;0,00;0,00;0,00;-0,08;0,00;0,00;53;40;174;22;23;119;600
1970;37,51;-292,00;0,00;0,00;0,00;-0,29;0,00;0,00;146;108;29;49;26;279;510
1971;65,30;-146,75;0,00;0,00;0,00;-0,15;0,00;0,00;414;195;189;34;36;273;586
1972;46,50;-222,12;0,00;0,00;0,00;-0,22;0,00;0,00;47;22;18;47;19;986;284
1973;98,07;343,91;0,00;0,00;0,00;0,34;0,00;0,00;107;73;81;17;23;314;603
1974;27,63;-399,97;0,00;0,00;0,00;-0,40;0,00;0,00;302;126;78;43;18;358;332
1975;18,33;-486,79;0,00;0,00;0,00;-0,49;0,00;0,00;243;113;91;33;19;141;305
1976;50,21;-311,16;0,00;0,00;0,00;-0,31;0,00;0,00;223;55;77;19;24;978;916
1977;83,81;103,86;0,00;0,00;0,00;0,10;0,00;0,00;484;96;45;12;24;957;425
1978;56,19;-215,55;0,00;0,00;0,00;-0,22;0,00;0,00;458;13;111;47;21;802;871
1979;22,03;-427,05;0,00;0,00;0,00;-0,43;0,00;0,00;144;152;67;13;20;384;559
1980;92,86;196,51;0,00;0,00;0,00;0,20;0,00;0,00;277;149;64;37;25;133;212
1981;17,40;-531,94;0,00;0,00;0,00;-0,53;0,00;0,00;309;183;195;36;17;319;485
1982;34,51;-348,84;0,00;0,00;0,00;-0,35;0,00;0,00;422;136;37;20;36;761;876
1983;41,13;-326,85;0,00;0,00;0,00;-0,33;0,00;0,00;415;172;178;42;22;140;374
1984;77,51;98,99;0,00;0,00;0,00;0,10;0,00;0,00;414;161;41;25;15;544;488
1985;75,01;176,00;0,00;0,00;0,00;0,18;0,00;0,00;454;51;10;38;36;107;658
1986;27,40;-470,64;0,00;0,00;0,00;-0,47;0,00;0,00;491;166;12;33;15;177;160
1987;69,95;-15,81;0,00;0,00;0,00;-0,02;0,00;0,00;271;36;121;48;24;937;894
1988;80,73;111,65;0,00;0,00;0,00;0,11;0,00;0,00;114;89;116;34;16;781;223
1989;6,26;-696,57;0,00;0,00;0,00;-0,70;0,00;0,00;81;44;96;38;39;349;755
1990;70,64;3,93;0,00;0,00;0,00;0,00;0,00;0,00;26;93;127;20;31;473;379
1991;56,90;-48,71;0,00;0,00;0,00;-0,05;0,00;0,00;155;184;33;49;25;155;165
1992;75,82;-49,64;0,00;0,00;0,00;-0,05;0,00;0,00;387;187;147;42;36;947;416
1993;28,78;-391,11;0,00;0,00;0,00;-0,39;0,00;0,00;182;27;13;13;36;474;794
1994;56,43;-233,07;0,00;0,00;0,00;-0,23;0,00;0,00;114;179;24;43;32;697;383
1995;7,41;-562,72;0,00;0,00;0,00;-0,56;0,00;0,00;495;55;158;33;34;984;939
1996;14,07;-641,95;0,00;0,00;0,00;-0,64;0,00;0,00;387;182;11;12;30;418;314
1997;50,65;-284,14;0,00;0,00;0,00;-0,28;0,00;0,00;328;175;56;22;23;794;627
1998;88,66;205,91;0,00;0,00;0,00;0,21;0,00;0,00;150;25;174;47;38;873;550
1999;20,93;-513,98;0,00;0,00;0,00;-0,51;0,00;0,00;100;44;171;24;23;807;122
2000;10,83;-605,83;0,00;0,00;0,00;-0,61;0,00;0,00;424;185;27;47;17;203;706
2001;29,18;-438,30;0,00;0,00;0,00;-0,44;0,00;0,00;487;180;161;13;18;200;173
2002;41,78;-334,78;0,00;0,00;0,00;-0,33;0,00;0,00;355;82;154;10;26;765;674
2003;28,07;-434,84;0,00;0,00;0,00;-0,43;0,00;0,00;196;139;133;41;33;324;170
2004;88,18;298,94;0,00;0,00;0,00;0,30;0,00;0,00;334;84;177;28;27;537;563
2005;0,00;-853,08;0,00;0,00;0,00;-0,85;0,00;0,00;436;160;95;32;31;164;248
2006;59,16;-182,16;0,00;0,00;0,00;-0,18;0,00;0,00;358;35;69;23;23;549;108
2007;59,79;-69,34;0,00;0,00;0,00;-0,07;0,00;0,00;77;24;48;48;31;513;270
2008;28,80;-442,51;0,00;0,00;0,00;-0,44;0,00;0,00;299;50;52;29;34;177;254
2009;37,23;-306,58;0,00;0,00;0,00;-0,31;0,00;0,00;222;123;145;48;18;731;110
2010;38,06;-354,96;0,00;0,00;0,00;-0,35;0,00;0,00;73;113;86;11;22;654;839
2011;53,34;-105,77;0,00;0,00;0,00;-0,11;0,00;0,00;144;180;108;34;35;774;156
2012;51,56;-185,50;0,00;0,00;0,00;-0,19;0,00;0,00;496;98;105;41;38;726;974
2013;66,08;2,70;0,00;0,00;0,00;0,00;0,00;0,00;141;32;46;33;28;841;433
2014;49,79;-233,80;0,00;0,00;0,00;-0,23;0,00;0,00;270;113;12;17;20;561;437
2015;86,27;117,66;0,00;0,00;0,00;0,12;0,00;0,00;299;59;68;40;28;356;842
2016;42,14;-265,78;0,00;0,00;0,00;-0,27;0,00;0,00;177;176;129;27;15;270;630
2017;25,34;-442,10;0,00;0,00;0,00;-0,44;0,00;0,00;207;120;65;35;37;519;263
2018;3,27;-686,79;0,00;0,00;0,00;-0,69;0,00;0,00;213;115;135;18;39;821;876
2019;97,02;271,89;0,00;0,00;0,00;0,27;0,00;0,00;96;49;117;28;20;601;708
2020;67,77;-18,73;0,00;0,00;0,00;-0,02;0,00;0,00;489;16;177;15;23;485;589
2021;14,97;-556,28;0,00;0,00;0,00;-0,56;0,00;0,00;239;107;115;36;37;125;412
2022;68,20;47,13;0,00;0,00;0,00;0,05;0,00;0,00;265;170;159;43;30;339;461
2023;65,22;19,92;0,00;0,00;0,00;0,02;0,00;0,00;491;128;40;37;39;806;521
2024;78,82;93,21;0,00;0,00;0,00;0,09;0,00;0,00;203;88;166;41;29;833;777
2025;89,96;321,76;0,00;0,00;0,00;0,32;0,00;0,00;119;138;133;46;27;274;630
2026;45,90;-221,88;0,00;0,00;0,00;-0,22;0,00;0,00;223;30;92;39;23;835;905
2027;50,96;-184,91;0,00;0,00;0,00;-0,18;0,00;0,00;71;31;11;16;33;607;259
2028;46,40;-230,94;0,00;0,00;0,00;-0,23;0,00;0,00;66;26;136;20;19;684;446
2029;73,51;-46,18;0,00;0,00;0,00;-0,05;0,00;0,00;179;85;14;36;36;300;314
2030;32,26;-444,95;0,00;0,00;0,00;-0,44;0,00;0,00;224;145;140;22;22;807;202
2031;54,20;-171,07;0,00;0,00;0,00;-0,17;0,00;0,00;16;126;17;32;20;821;582
2032;50,16;-145,93;0,00;0,00;0,00;-0,15;0,00;0,00;495;53;125;13;18;647;300
2033;78,90;28,30;0,00;0,00;0,00;0,03;0,00;0,00;155;104;63;21;30;628;767
2034;1,13;-748,46;0,00;0,00;0,00;-0,75;0,00;0,00;450;43;149;25;23;685;926
2035;27,42;-433,21;0,00;0,00;0,00;-0,43;0,00;0,00;112;198;126;33;23;940;285
2036;74,96;-27,96;0,00;0,00;0,00;-0,03;0,00;0,00;324;29;175;29;31;659;222
2037;11,87;-595,24;0,00;0,00;0,00;-0,60;0,00;0,00;116;153;60;45;17;937;760
2038;25,53;-534,10;0,00;0,00;0,00;-0,53;0,00;0,00;371;66;185;45;17;868;852
2039;46,51;-213,54;0,00;0,00;0,00;-0,21;0,00;0,00;256;188;11;21;39;830;585
2040;50,89;-241,08;0,00;0,00;0,00;-0,24;0,00;0,00;78;90;108;25;37;987;572
2041;59,92;-98,48;0,00;0,00;0,00;-0,10;0,00;0,00;121;17;130;25;27;979;140
2042;35,49;-286,76;0,00;0,00;0,00;-0,29;0,00;0,00;42;174;128;41;28;348;761
2043;41,25;-307,90;0,00;0,00;0,00;-0,31;0,00;0,00;156;28;63;14;38;264;486
2044;16,61;-526,14;0,00;0,00;0,00;-0,53;0,00;0,00;32;157;179;23;37;178;908
2045;35,72;-284,92;0,00;0,00;0,00;-0,28;0,00;0,00;357;84;135;28;19;658;322
2046;0,00;-717,25;0,00;0,00;0,00;-0,72;0,00;0,00;232;71;192;32;34;827;587
2047;35,59;-420,87;0,00;0,00;0,00;-0,42;0,00;0,00;134;166;189;14;20;599;659
2048;35,37;-269,17;0,00;0,00;0,00;-0,27;0,00;0,00;64;13;91;11;28;516;196
2049;13,16;-614,12;0,00;0,00;0,00;-0,61;0,00;0,00;489;34;171;40;25;557;131
2050;39,47;-330,86;0,00;0,00;0,00;-0,33;0,00;0,00;94;173;20;23;28;428;263
2051;34,78;-407,99;0,00;0,00;0,00;-0,41;0,00;0,00;316;80;163;32;34;512;544
2052;0,00;-751,75;0,00;0,00;0,00;-0,75;0,00;0,00;269;117;137;25;34;219;786
2053;60,21;-98,17;0,00;0,00;0,00;-0,10;0,00;0,00;350;68;182;21;17;971;325
2054;5,31;-667,05;0,00;0,00;0,00;-0,67;0,00;0,00;61;100;85;34;25;534;769
2055;47,68;-237,42;0,00;0,00;0,00;-0,24;0,00;0,00;134;104;119;39;32;268;883
2056;78,67;63,60;0,00;0,00;0,00;0,06;0,00;0,00;346;117;59;26;38;133;815
2057;22,83;-580,16;0,00;0,00;0,00;-0,58;0,00;0,00;163;33;130;23;16;883;657
2058;55,05;-232,84;0,00;0,00;0,00;-0,23;0,00;0,00;130;150;178;11;24;439;650
2059;54,65;-171,12;0,00;0,00;0,00;-0,17;0,00;0,00;255;135;72;26;15;520;258
2060;30,68;-384,76;0,00;0,00;0,00;-0,38;0,00;0,00;117;31;151;10;25;646;789
2061;63,84;-82,67;0,00;0,00;0,00;-0,08;0,00;0,00;33;79;69;47;32;369;755
2062;63,01;-134,51;0,00;0,00;0,00;-0,13;0,00;0,00;292;12;69;12;16;128;955
2063;39,15;-345,44;0,00;0,00;0,00;-0,35;0,00;0,00;228;59;112;15;23;367;506
2064;21,94;-405,13;0,00;0,00;0,00;-0,41;0,00;0,00;269;167;34;14;25;609;449
2065;40,83;-234,23;0,00;0,00;0,00;-0,23;0,00;0,00;63;20;146;43;31;995;263
2066;43,90;-243,75;0,00;0,00;0,00;-0,24;0,00;0,00;448;114;22;48;32;641;369
2067;62,35;-119,91;0,00;0,00;0,00;-0,12;0,00;0,00;192;181;75;49;31;667;736
2068;47,67;-239,11;0,00;0,00;0,00;-0,24;0,00;0,00;244;86;177;28;39;445;301
2069;22,53;-416,57;0,00;0,00;0,00;-0,42;0,00;0,00;146;161;121;42;36;487;902
2070;6,29;-641,94;0,00;0,00;0,00;-0,64;0,00;0,00;342;126;80;34;23;197;979
2071;51,85;-242,32;0,00;0,00;0,00;-0,24;0,00;0,00;174;114;172;40;31;268;868
2072;82,66;33,87;0,00;0,00;0,00;0,03;0,00;0,00;54;116;167;40;17;848;370
2073;75,78;72,43;0,00;0,00;0,00;0,07;0,00;0,00;225;92;94;26;15;542;199
2074;28,46;-454,49;0,00;0,00;0,00;-0,45;0,00;0,00;343;129;90;38;38;516;778
2075;65,14;-67,60;0,00;0,00;0,00;-0,07;0,00;0,00;89;194;79;43;32;642;380
2076;98,36;218,57;0,00;0,00;0,00;0,22;0,00;0,00;62;12;60;28;33;784;104
2077;48,81;-206,50;0,00;0,00;0,00;-0,21;0,00;0,00;15;100;23;10;21;685;346
2078;25,63;-374,08;0,00;0,00;0,00;-0,37;0,00;0,00;377;120;53;15;27;533;118
2079;35,05;-400,89;0,00;0,00;0,00;-0,40;0,00;0,00;292;199;95;32;30;654;177
2080;0,00;-664,11;0,00;0,00;0,00;-0,66;0,00;0,00;457;142;26;14;34;460;551
2081;60,01;-186,57;0,00;0,00;0,00;-0,19;0,00;0,00;267;76;156;10;19;267;447
2082;39,53;-279,19;0,00;0,00;0,00;-0,28;0,00;0,00;334;146;62;33;39;905;653
2083;72,94;46,60;0,00;0,00;0,00;0,05;0,00;0,00;329;147;49;26;34;500;463
2084;100,00;260,38;0,00;0,00;0,00;0,26;0,00;0,00;453;75;92;49;37;275;825
2085;50,49;-248,25;0,00;0,00;0,00;-0,25;0,00;0,00;183;71;92;33;38;620;920
2086;47,80;-239,48;0,00;0,00;0,00;-0,24;0,00;0,00;415;66;133;29;19;125;411
2087;72,67;110,95;0,00;0,00;0,00;0,11;0,00;0,00;44;153;13;48;27;446;570
2088;58,86;-118,72;0,00;0,00;0,00;-0,12;0,00;0,00;108;28;65;48;31;326;619
2089;52,04;-208,19;0,00;0,00;0,00;-0,21;0,00;0,00;373;92;94;34;18;687;373
2090;39,31;-256,18;0,00;0,00;0,00;-0,26;0,00;0,00;433;43;49;38;27;275;865
2091;53,28;-203,93;0,00;0,00;0,00;-0,20;0,00;0,00;382;80;12;46;31;644;894
2092;60,29;-135,89;0,00;0,00;0,00;-0,14;0,00;0,00;350;64;89;30;33;360;627
2093;84,44;65,30;0,00;0,00;0,00;0,07;0,00;0,00;13;77;21;22;31;627;710
2094;44,02;-306,48;0,00;0,00;0,00;-0,31;0,00;0,00;33;24;150;13;25;181;965
2095;77,45;55,41;0,00;0,00;0,00;0,06;0,00;0,00;381;100;100;26;17;562;473
2096;34,29;-357,91;0,00;0,00;0,00;-0,36;0,00;0,00;210;169;11;20;25;530;489
2097;48,81;-155,98;0,00;0,00;0,00;-0,16;0,00;0,00;211;70;128;24;39;802;781
2098;59,29;-112,51;0,00;0,00;0,00;-0,11;0,00;0,00;482;162;97;27;25;649;922
2099;84,72;22,38;0,00;0,00;0,00;0,02;0,00;0,00;149;20;98;21;28;158;711
2100;72,17;60,77;0,00;0,00;0,00;0,06;0,00;0,00;218;56;195;35;24;895;500
2101;42,68;-282,68;0,00;0,00;0,00;-0,28;0,00;0,00;41;94;67;22;35;638;371
2102;83,01;191,86;0,00;0,00;0,00;0,19;0,00;0,00;361;161;153;17;28;138;172
2103;57,37;-42,15;0,00;0,00;0,00;-0,04;0,00;0,00;305;187;129;17;20;610;682
2104;90,99;239,18;0,00;0,00;0,00;0,24;0,00;0,00;101;23;187;39;23;538;741
2105;30,06;-310,26;0,00;0,00;0,00;-0,31;0,00;0,00;106;19;109;25;22;578;122
2106;68,58;107,47;0,00;0,00;0,00;0,11;0,00;0,00;202;92;46;11;24;689;483
2107;66,84;-58,56;0,00;0,00;0,00;-0,06;0,00;0,00;69;114;112;12;16;620;741
2108;43,80;-216,84;0,00;0,00;0,00;-0,22;0,00;0,00;455;98;55;35;32;751;333
2109;97,60;327,54;0,00;0,00;0,00;0,33;0,00;0,00;327;22;99;28;19;922;244
2110;46,99;-176,31;0,00;0,00;0,00;-0,18;0,00;0,00;307;138;184;32;19;611;908
2111;56,86;-29,24;0,00;0,00;0,00;-0,03;0,00;0,00;23;157;188;26;21;871;657
2112;67,03;29,84;0,00;0,00;0,00;0,03;0,00;0,00;311;55;139;12;15;265;621
2113;46,19;-223,30;0,00;0,00;0,00;-0,22;0,00;0,00;10;63;148;25;27;536;680
2114;74,99;83,89;0,00;0,00;0,00;0,08;0,00;0,00;31;27;122;45;19;420;874
2115;43,80;-259,86;0,00;0,00;0,00;-0,26;0,00;0,00;333;133;124;13;32;844;285
2116;60,83;-62,55;0,00;0,00;0,00;-0,06;0,00;0,00;243;184;36;42;15;983;505
2117;51,76;-108,61;0,00;0,00;0,00;-0,11;0,00;0,00;127;24;127;46;19;689;851
2118;35,65;-389,68;0,00;0,00;0,00;-0,39;0,00;0,00;454;131;62;47;16;836;422
2119;91,72;180,46;0,00;0,00;0,00;0,18;0,00;0,00;284;162;22;41;32;538;582
2120;54,81;-142,00;0,00;0,00;0,00;-0,14;0,00;0,00;203;29;119;47;31;242;685
2121;68,89;-20,25;0,00;0,00;0,00;-0,02;0,00;0,00;488;106;127;23;37;419;617
2122;100,00;277,98;0,00;0,00;0,00;0,28;0,00;0,00;177;61;192;27;26;804;486
2123;66,26;-94,73;0,00;0,00;0,00;-0,09;0,00;0,00;458;36;167;14;33;489;111
2124;25,62;-442,32;0,00;0,00;0,00;-0,44;0,00;0,00;274;107;131;24;21;402;870
2125;20,34;-510,24;0,00;0,00;0,00;-0,51;0,00;0,00;129;86;171;20;32;724;361
2126;82,74;111,41;0,00;0,00;0,00;0,11;0,00;0,00;267;10;32;45;32;415;157
2127;35,11;-327,07;0,00;0,00;0,00;-0,33;0,00;0,00;106;186;20;38;37;705;102
2128;45,39;-361,88;0,00;0,00;0,00;-0,36;0,00;0,00;377;112;15;31;39;614;897
2129;72,08;53,60;0,00;0,00;0,00;0,05;0,00;0,00;336;107;167;28;17;721;896
2130;8,09;-698,19;0,00;0,00;0,00;-0,70;0,00;0,00;293;50;37;17;36;536;335
2131;88,00;251,65;0,00;0,00;0,00;0,25;0,00;0,00;126;39;79;35;30;537;468
2132;43,54;-172,16;0,00;0,00;0,00;-0,17;0,00;0,00;437;66;144;26;36;870;595
2133;46,69;-235,76;0,00;0,00;0,00;-0,24;0,00;0,00;154;171;44;33;29;773;338
2134;38,96;-408,35;0,00;0,00;0,00;-0,41;0,00;0,00;48;124;46;29;30;872;692
2135;100,00;218,53;0,00;0,00;0,00;0,22;0,00;0,00;449;45;23;13;33;301;930
2136;24,96;-373,94;0,00;0,00;0,00;-0,37;0,00;0,00;34;138;43;31;34;367;476
2137;61,95;-38,54;0,00;0,00;0,00;-0,04;0,00;0,00;265;76;133;41;34;744;911
2138;63,25;-129,47;0,00;0,00;0,00;-0,13;0,00;0,00;272;194;62;45;19;272;254
2139;72,76;-32,12;0,00;0,00;0,00;-0,03;0,00;0,00;352;99;82;14;25;917;383
2140;89,94;220,33;0,00;0,00;0,00;0,22;0,00;0,00;196;172;159;39;16;160;640
2141;64,46;-78,44;0,00;0,00;0,00;-0,08;0,00;0,00;29;133;49;48;29;971;416
2142;82,45;134,98;0,00;0,00;0,00;0,13;0,00;0,00;137;190;111;18;31;197;835
2143;56,66;-125,12;0,00;0,00;0,00;-0,13;0,00;0,00;338;126;100;20;16;398;404
2144;66,75;-76,47;0,00;0,00;0,00;-0,08;0,00;0,00;82;181;16;16;34;522;527
2145;35,35;-438,74;0,00;0,00;0,00;-0,44;0,00;0,00;255;187;66;34;35;783;214
2146;71,57;-21,69;0,00;0,00;0,00;-0,02;0,00;0,00;302;81;154;24;20;864;468
2147;84,96;160,37;0,00;0,00;0,00;0,16;0,00;0,00;166;74;153;16;21;894;106
2148;100,00;267,08;0,00;0,00;0,00;0,27;0,00;0,00;449;82;10;45;29;612;713
2149;38,14;-214,46;0,00;0,00;0,00;-0,21;0,00;0,00;183;168;159;26;15;625;838
2150;70,53;5,94;0,00;0,00;0,00;0,01;0,00;0,00;466;136;184;26;28;741;411
2151;56,65;-50,40;0,00;0,00;0,00;-0,05;0,00;0,00;279;118;60;36;33;610;747
2152;78,15;123,34;0,00;0,00;0,00;0,12;0,00;0,00;168;13;57;18;29;283;248
2153;70,94;27,99;0,00;0,00;0,00;0,03;0,00;0,00;138;183;73;22;21;784;805
2154;47,13;-269,88;0,00;0,00;0,00;-0,27;0,00;0,00;408;158;38;21;37;549;532
2155;55,85;-172,28;0,00;0,00;0,00;-0,17;0,00;0,00;323;106;40;27;35;491;830
2156;38,28;-267,79;0,00;0,00;0,00;-0,27;0,00;0,00;182;154;84;12;30;944;335
2157;90,80;185,64;0,00;0,00;0,00;0,19;0,00;0,00;295;59;115;10;21;153;121
2158;76,48;54,89;0,00;0,00;0,00;0,05;0,00;0,00;462;134;113;18;17;376;247
2159;26,61;-378,77;0,00;0,00;0,00;-0,38;0,00;0,00;418;39;98;26;17;894;722
2160;16,64;-550,39;0,00;0,00;0,00;-0,55;0,00;0,00;24;128;168;16;36;245;591
2161;47,44;-206,92;0,00;0,00;0,00;-0,21;0,00;0,00;436;30;40;16;31;904;481
2162;67,64;-14,61;0,00;0,00;0,00;-0,01;0,00;0,00;412;173;143;31;22;780;806
2163;76,86;49,13;0,00;0,00;0,00;0,05;0,00;0,00;275;145;188;36;33;425;715
2164;83,89;195,36;0,00;0,00;0,00;0,20;0,00;0,00;23;167;56;38;20;189;723
2165;41,62;-220,86;0,00;0,00;0,00;-0,22;0,00;0,00;312;188;86;36;22;816;211
2166;27,06;-456,34;0,00;0,00;0,00;-0,46;0,00;0,00;476;142;80;22;34;640;697
2167;18,80;-334,52;0,00;0,00;0,00;-0,33;0,00;0,00;303;126;162;14;31;304;541
2168;23,98;-486,64;0,00;0,00;0,00;-0,49;0,00;0,00;120;127;165;35;27;563;460
2169;55,10;-117,31;0,00;0,00;0,00;-0,12;0,00;0,00;352;82;11;38;31;721;559
2170;72,65;-5,99;0,00;0,00;0,00;-0,01;0,00;0,00;343;188;60;22;29;563;106
2171;50,89;-275,94;0,00;0,00;0,00;-0,28;0,00;0,00;426;193;76;46;31;486;378
2172;100,00;273,55;0,00;0,00;0,00;0,27;0,00;0,00;403;136;141;39;35;389;820
2173;23,85;-511,72;0,00;0,00;0,00;-0,51;0,00;0,00;231;51;110;30;17;738;655
2174;41,40;-304,71;0,00;0,00;0,00;-0,30;0,00;0,00;353;48;101;25;24;841;924
2175;66,65;-5,97;0,00;0,00;0,00;-0,01;0,00;0,00;236;151;59;21;15;377;547
2176;64,48;-99,00;0,00;0,00;0,00;-0,10;0,00;0,00;375;108;55;14;31;119;809
2177;42,76;-301,13;0,00;0,00;0,00;-0,30;0,00;0,00;77;72;150;29;28;787;322
2178;43,95;-270,23;0,00;0,00;0,00;-0,27;0,00;0,00;199;155;19;21;22;505;238
2179;15,46;-646,59;0,00;0,00;0,00;-0,65;0,00;0,00;250;19;152;41;15;361;971
2180;52,63;-174,37;0,00;0,00;0,00;-0,17;0,00;0,00;117;110;83;27;25;557;938
2181;28,71;-484,00;0,00;0,00;0,00;-0,48;0,00;0,00;227;142;152;19;34;379;554
2182;34,19;-371,53;0,00;0,00;0,00;-0,37;0,00;0,00;150;163;160;22;19;137;494
2183;73,91;-23,98;0,00;0,00;0,00;-0,02;0,00;0,00;172;30;106;48;29;861;467
2184;65,94;-127,12;0,00;0,00;0,00;-0,13;0,00;0,00;201;110;23;11;15;830;859
2185;49,17;-156,03;0,00;0,00;0,00;-0,16;0,00;0,00;46;164;157;38;28;536;281
2186;27,61;-476,94;0,00;0,00;0,00;-0,48;0,00;0,00;448;14;30;42;25;385;824
2187;28,39;-387,64;0,00;0,00;0,00;-0,39;0,00;0,00;395;187;36;29;36;683;911
2188;45,17;-277,02;0,00;0,00;0,00;-0,28;0,00;0,00;72;126;135;45;17;601;550
2189;46,34;-229,24;0,00;0,00;0,00;-0,23;0,00;0,00;418;111;47;18;21;826;409
2190;85,32;118,85;0,00;0,00;0,00;0,12;0,00;0,00;182;129;17;13;36;153;233
2191;33,88;-353,68;0,00;0,00;0,00;-0,35;0,00;0,00;439;79;45;30;21;363;850
2192;68,68;35,92;0,00;0,00;0,00;0,04;0,00;0,00;24;25;12;16;15;735;204
2193;72,80;-134,25;0,00;0,00;0,00;-0,13;0,00;0,00;59;141;44;37;37;794;579
2194;52,24;-167,54;0,00;0,00;0,00;-0,17;0,00;0,00;251;190;177;42;24;454;251
2195;19,27;-481,05;0,00;0,00;0,00;-0,48;0,00;0,00;68;88;69;24;18;738;437
2196;59,14;-95,11;0,00;0,00;0,00;-0,10;0,00;0,00;177;40;162;19;38;377;199
2197;23,15;-480,72;0,00;0,00;0,00;-0,48;0,00;0,00;41;171;75;25;28;220;631
2198;59,70;-247,71;0,00;0,00;0,00;-0,25;0,00;0,00;165;125;29;23;31;538;151
2199;24,08;-450,43;0,00;0,00;0,00;-0,45;0,00;0,00;496;44;79;47;34;970;173
2200;27,14;-413,97;0,00;0,00;0,00;-0,41;0,00;0,00;26;146;85;24;25;494;258
2201;30,24;-386,81;0,00;0,00;0,00;-0,39;0,00;0,00;239;25;144;42;25;781;559
2202;29,58;-359,31;0,00;0,00;0,00;-0,36;0,00;0,00;169;184;124;11;32;866;463
2203;12,31;-516,65;0,00;0,00;0,00;-0,52;0,00;0,00;171;60;43;40;29;795;378
2204;63,60;-137,84;0,00;0,00;0,00;-0,14;0,00;0,00;188;70;101;35;19;261;813
2205;69,02;-26,38;0,00;0,00;0,00;-0,03;0,00;0,00;403;60;173;43;17;363;606
2206;32,30;-408,78;0,00;0,00;0,00;-0,41;0,00;0,00;129;86;162;13;27;969;697
2207;65,44;-88,24;0,00;0,00;0,00;-0,09;0,00;0,00;324;137;116;27;35;182;839
2208;18,34;-430,24;0,00;0,00;0,00;-0,43;0,00;0,00;70;76;195;17;31;296;981
2209;40,75;-235,63;0,00;0,00;0,00;-0,24;0,00;0,00;490;183;103;43;37;442;153
2210;86,16;240,96;0,00;0,00;0,00;0,24;0,00;0,00;18;120;38;25;29;166;983
2211;33,09;-315,65;0,00;0,00;0,00;-0,32;0,00;0,00;270;169;169;15;29;146;510
2212;75,18;65,63;0,00;0,00;0,00;0,07;0,00;0,00;415;17;90;33;39;922;527
2213;33,55;-439,96;0,00;0,00;0,00;-0,44;0,00;0,00;298;147;60;16;16;715;689
2214;31,74;-410,62;0,00;0,00;0,00;-0,41;0,00;0,00;325;72;174;41;18;754;758
2215;50,17;-161,11;0,00;0,00;0,00;-0,16;0,00;0,00;72;130;117;11;34;699;154
2216;73,48;8,59;0,00;0,00;0,00;0,01;0,00;0,00;306;38;75;26;38;263;200
2217;64,02;-80,39;0,00;0,00;0,00;-0,08;0,00;0,00;146;187;114;27;21;255;639
2218;51,16;-128,04;0,00;0,00;0,00;-0,13;0,00;0,00;279;72;194;12;25;359;139
2219;31,97;-336,85;0,00;0,00;0,00;-0,34;0,00;0,00;225;59;142;46;26;227;451
2220;48,25;-109,46;0,00;0,00;0,00;-0,11;0,00;0,00;255;144;49;26;32;949;108
2221;66,91;-84,90;0,00;0,00;0,00;-0,08;0,00;0,00;430;47;62;44;25;324;440
2222;48,90;-179,68;0,00;0,00;0,00;-0,18;0,00;0,00;454;66;115;34;39;995;119
2223;49,72;-234,94;0,00;0,00;0,00;-0,23;0,00;0,00;262;17;109;25;19;505;720
2224;90,51;319,85;0,00;0,00;0,00;0,32;0,00;0,00;169;63;18;40;37;818;954
2225;87,58;224,00;0,00;0,00;0,00;0,22;0,00;0,00;195;145;28;31;34;324;132
2226;33,60;-276,02;0,00;0,00;0,00;-0,28;0,00;0,00;214;87;190;28;19;835;593
2227;100,00;345,11;0,00;0,00;0,00;0,35;0,00;0,00;52;161;47;17;32;287;980
2228;33,85;-358,39;0,00;0,00;0,00;-0,36;0,00;0,00;278;59;79;31;19;178;177
2229;31,89;-451,17;0,00;0,00;0,00;-0,45;0,00;0,00;449;76;117;48;18;310;371
2230;59,49;-28,44;0,00;0,00;0,00;-0,03;0,00;0,00;210;15;142;23;28;274;659
2231;53,12;-215,97;0,00;0,00;0,00;-0,22;0,00;0,00;114;165;25;17;21;525;349
2232;37,66;-315,67;0,00;0,00;0,00;-0,32;0,00;0,00;327;185;169;11;22;196;134
2233;57,90;-134,48;0,00;0,00;0,00;-0,13;0,00;0,00;301;92;172;49;39;805;884
2234;21,38;-542,29;0,00;0,00;0,00;-0,54;0,00;0,00;306;50;194;39;27;959;228
2235;32,91;-400,21;0,00;0,00;0,00;-0,40;0,00;0,00;412;121;179;18;26;569;808
2236;38,36;-237,63;0,00;0,00;0,00;-0,24;0,00;0,00;341;146;78;12;19;176;295
2237;42,81;-322,59;0,00;0,00;0,00;-0,32;0,00;0,00;225;30;16;37;30;397;610
2238;75,75;36,42;0,00;0,00;0,00;0,04;0,00;0,00;355;199;105;28;25;701;295
2239;59,45;-206,55;0,00;0,00;0,00;-0,21;0,00;0,00;458;198;83;36;23;293;993
2240;5,90;-572,31;0,00;0,00;0,00;-0,57;0,00;0,00;277;143;16;16;39;998;221
2241;23,19;-438,87;0,00;0,00;0,00;-0,44;0,00;0,00;305;46;173;36;29;497;829
2242;54,98;-191,58;0,00;0,00;0,00;-0,19;0,00;0,00;91;28;21;43;19;512;942
2243;68,61;-11,90;0,00;0,00;0,00;-0,01;0,00;0,00;111;155;46;40;27;400;826
2244;12,61;-587,36;0,00;0,00;0,00;-0,59;0,00;0,00;67;191;137;12;33;447;222
2245;45,07;-269,37;0,00;0,00;0,00;-0,27;0,00;0,00;137;157;162;28;37;149;436
2246;66,47;5,78;0,00;0,00;0,00;0,01;0,00;0,00;468;112;76;31;20;489;234
2247;52,83;-121,98;0,00;0,00;0,00;-0,12;0,00;0,00;61;170;133;36;19;530;478
2248;17,82;-516,36;0,00;0,00;0,00;-0,52;0,00;0,00;216;90;50;37;38;516;411
2249;71,90;37,08;0,00;0,00;0,00;0,04;0,00;0,00;95;93;122;48;39;748;183
2250;64,24;-104,80;0,00;0,00;0,00;-0,10;0,00;0,00;397;113;78;42;34;539;480
2251;29,15;-468,96;0,00;0,00;0,00;-0,47;0,00;0,00;300;135;193;33;37;847;868
2252;14,54;-517,20;0,00;0,00;0,00;-0,52;0,00;0,00;200;176;79;21;29;898;607
2253;37,98;-436,31;0,00;0,00;0,00;-0,44;0,00;0,00;68;114;67;45;26;388;691
2254;66,43;-83,17;0,00;0,00;0,00;-0,08;0,00;0,00;132;197;84;41;34;521;501
2255;51,46;-221,92;0,00;0,00;0,00;-0,22;0,00;0,00;171;116;190;34;22;836;486
2256;54,42;-221,83;0,00;0,00;0,00;-0,22;0,00;0,00;197;103;71;27;16;769;760
2257;36,21;-451,87;0,00;0,00;0,00;-0,45;0,00;0,00;211;50;192;43;38;474;420
2258;60,38;-163,80;0,00;0,00;0,00;-0,16;0,00;0,00;230;164;20;22;34;932;767
2259;34,23;-434,11;0,00;0,00;0,00;-0,43;0,00;0,00;21;33;30;12;24;259;266
2260;66,09;-110,75;0,00;0,00;0,00;-0,11;0,00;0,00;219;151;47;27;37;480;707
2261;63,83;-49,67;0,00;0,00;0,00;-0,05;0,00;0,00;269;104;63;29;18;692;281
2262;57,28;-124,69;0,00;0,00;0,00;-0,12;0,00;0,00;263;61;54;29;18;446;181
2263;70,42;29,35;0,00;0,00;0,00;0,03;0,00;0,00;206;79;86;19;35;840;582
2264;22,60;-448,97;0,00;0,00;0,00;-0,45;0,00;0,00;387;31;24;41;39;788;372
2265;70,89;-13,09;0,00;0,00;0,00;-0,01;0,00;0,00;46;37;44;45;38;691;396
2266;61,38;-127,48;0,00;0,00;0,00;-0,13;0,00;0,00;83;25;36;24;38;389;193
2267;63,33;-124,86;0,00;0,00;0,00;-0,12;0,00;0,00;171;22;16;49;36;768;817
2268;28,33;-432,02;0,00;0,00;0,00;-0,43;0,00;0,00;470;176;35;28;19;152;717
2269;57,57;-115,68;0,00;0,00;0,00;-0,12;0,00;0,00;245;156;159;46;34;671;935
2270;18,62;-524,44;0,00;0,00;0,00;-0,52;0,00;0,00;21;43;136;32;19;489;626
2271;63,03;-77,81;0,00;0,00;0,00;-0,08;0,00;0,00;127;57;33;15;37;996;611
2272;75,05;63,56;0,00;0,00;0,00;0,06;0,00;0,00;201;168;129;33;38;264;357
2273;45,95;-227,87;0,00;0,00;0,00;-0,23;0,00;0,00;471;192;149;30;38;795;245
2274;72,25;-24,77;0,00;0,00;0,00;-0,02;0,00;0,00;362;11;187;39;31;595;842
2275;55,92;-171,80;0,00;0,00;0,00;-0,17;0,00;0,00;347;48;143;35;28;993;305
2276;54,83;-150,67;0,00;0,00;0,00;-0,15;0,00;0,00;62;144;36;20;17;961;733
2277;49,26;-253,43;0,00;0,00;0,00;-0,25;0,00;0,00;36;107;98;44;22;942;877
2278;12,51;-544,14;0,00;0,00;0,00;-0,54;0,00;0,00;231;178;65;26;33;864;823
2279;20,55;-432,98;0,00;0,00;0,00;-0,43;0,00;0,00;281;143;73;46;26;869;470
2280;69,42;31,02;0,00;0,00;0,00;0,03;0,00;0,00;28;115;157;15;27;538;600
2281;71,12;33,04;0,00;0,00;0,00;0,03;0,00;0,00;346;174;19;19;37;870;904
2282;34,76;-328,15;0,00;0,00;0,00;-0,33;0,00;0,00;177;38;39;34;19;371;743
2283;69,00;44,66;0,00;0,00;0,00;0,04;0,00;0,00;227;26;66;48;22;191;204
2284;95,25;224,59;0,00;0,00;0,00;0,22;0,00;0,00;154;184;64;37;30;442;136
2285;64,73;-37,61;0,00;0,00;0,00;-0,04;0,00;0,00;394;165;73;37;29;732;305
2286;55,49;-184,75;0,00;0,00;0,00;-0,18;0,00;0,00;64;110;154;40;24;577;264
2287;37,18;-338,48;0,00;0,00;0,00;-0,34;0,00;0,00;53;178;80;44;20;466;291
2288;17,88;-490,16;0,00;0,00;0,00;-0,49;0,00;0,00;110;32;123;19;22;584;817
2289;54,71;-174,86;0,00;0,00;0,00;-0,17;0,00;0,00;391;19;96;27;32;509;373
2290;46,08;-218,73;0,00;0,00;0,00;-0,22;0,00;0,00;232;33;44;18;37;539;182
2291;42,30;-215,82;0,00;0,00;0,00;-0,22;0,00;0,00;260;119;54;11;19;993;998
2292;60,91;-82,59;0,00;0,00;0,00;-0,08;0,00;0,00;130;194;183;42;24;284;701
2293;32,73;-360,02;0,00;0,00;0,00;-0,36;0,00;0,00;146;13;29;14;17;320;914
2294;71,10;73,69;0,00;0,00;0,00;0,07;0,00;0,00;298;20;188;43;30;484;137
2295;36,55;-373,63;0,00;0,00;0,00;-0,37;0,00;0,00;10;166;154;44;18;803;491
2296;28,60;-320,57;0,00;0,00;0,00;-0,32;0,00;0,00;196;37;150;44;37;440;748
2297;40,25;-297,09;0,00;0,00;0,00;-0,30;0,00;0,00;177;36;158;39;15;960;428
2298;32,75;-357,10;0,00;0,00;0,00;-0,36;0,00;0,00;360;18;102;34;27;627;784
2299;48,62;-272,09;0,00;0,00;0,00;-0,27;0,00;0,00;243;142;118;43;33;637;576
2300;43,08;-300,74;0,00;0,00;0,00;-0,30;0,00;0,00;138;123;108;22;19;219;513
2301;51,22;-246,58;0,00;0,00;0,00;-0,25;0,00;0,00;287;71;72;43;36;473;317
2302;18,66;-474,97;0,00;0,00;0,00;-0,47;0,00;0,00;277;107;108;39;22;574;358
2303;16,51;-459,80;0,00;0,00;0,00;-0,46;0,00;0,00;315;120;119;29;26;949;681
2304;72,20;79,39;0,00;0,00;0,00;0,08;0,00;0,00;417;184;190;29;23;777;283
2305;14,83;-558,46;0,00;0,00;0,00;-0,56;0,00;0,00;181;73;55;41;21;174;905
2306;76,56;76,84;0,00;0,00;0,00;0,08;0,00;0,00;48;13;166;29;35;840;573
2307;45,73;-217,52;0,00;0,00;0,00;-0,22;0,00;0,00;258;133;95;12;15;651;458
2308;67,09;-30,00;0,00;0,00;0,00;-0,03;0,00;0,00;116;99;174;32;33;631;989
2309;31,02;-460,80;0,00;0,00;0,00;-0,46;0,00;0,00;222;31;177;37;34;488;778
2310;62,44;-55,78;0,00;0,00;0,00;-0,06;0,00;0,00;244;139;193;39;26;312;657
2311;74,05;39,39;0,00;0,00;0,00;0,04;0,00;0,00;106;127;139;18;15;924;423
2312;32,78;-434,63;0,00;0,00;0,00;-0,43;0,00;0,00;443;127;64;12;17;948;512
2313;64,58;-78,20;0,00;0,00;0,00;-0,08;0,00;0,00;98;189;121;24;20;614;855
2314;51,75;-183,97;0,00;0,00;0,00;-0,18;0,00;0,00;20;168;193;18;33;174;539
2315;18,67;-495,38;0,00;0,00;0,00;-0,50;0,00;0,00;306;97;174;26;31;683;190
2316;67,60;87,70;0,00;0,00;0,00;0,09;0,00;0,00;38;188;76;45;38;689;501
2317;76,70;23,42;0,00;0,00;0,00;0,02;0,00;0,00;394;70;138;30;24;684;162
2318;75,30;49,07;0,00;0,00;0,00;0,05;0,00;0,00;61;129;124;43;17;238;349
2319;19,29;-539,63;0,00;0,00;0,00;-0,54;0,00;0,00;439;111;65;41;34;172;315
2320;60,83;-77,93;0,00;0,00;0,00;-0,08;0,00;0,00;86;179;139;15;21;521;314
2321;50,96;-170,88;0,00;0,00;0,00;-0,17;0,00;0,00;41;197;184;41;19;270;387
2322;20,27;-625,20;0,00;0,00;0,00;-0,63;0,00;0,00;357;127;134;30;15;903;745
2323;44,64;-321,13;0,00;0,00;0,00;-0,32;0,00;0,00;215;191;170;22;39;715;829
2324;60,46;-102,23;0,00;0,00;0,00;-0,10;0,00;0,00;370;97;193;30;30;228;122
2325;63,85;-20,62;0,00;0,00;0,00;-0,02;0,00;0,00;210;178;32;11;22;482;225
2326;26,57;-361,11;0,00;0,00;0,00;-0,36;0,00;0,00;186;198;13;38;17;257;590
2327;45,65;-275,59;0,00;0,00;0,00;-0,28;0,00;0,00;322;157;73;35;16;532;576
2328;55,18;-159,27;0,00;0,00;0,00;-0,16;0,00;0,00;169;183;193;27;19;154;923
2329;70,30;-22,47;0,00;0,00;0,00;-0,02;0,00;0,00;258;86;77;31;17;468;470
2330;13,97;-510,65;0,00;0,00;0,00;-0,51;0,00;0,00;84;74;173;46;29;335;208
2331;84,62;190,04;0,00;0,00;0,00;0,19;0,00;0,00;441;170;187;32;17;931;294
2332;69,03;18,01;0,00;0,00;0,00;0,02;0,00;0,00;436;61;198;40;26;994;561
2333;43,25;-364,51;0,00;0,00;0,00;-0,36;0,00;0,00;409;109;65;45;21;177;374
2334;100,00;298,10;0,00;0,00;0,00;0,30;0,00;0,00;276;119;134;41;28;503;251
2335;55,93;-174,68;0,00;0,00;0,00;-0,17;0,00;0,00;384;46;13;11;18;549;596
2336;65,79;-118,70;0,00;0,00;0,00;-0,12;0,00;0,00;488;27;188;24;23;470;335
2337;88,40;287,92;0,00;0,00;0,00;0,29;0,00;0,00;461;147;97;27;36;514;907
2338;67,19;-34,32;0,00;0,00;0,00;-0,03;0,00;0,00;396;156;155;14;37;678;593
2339;49,29;-227,86;0,00;0,00;0,00;-0,23;0,00;0,00;445;84;131;48;28;585;971
2340;58,61;-150,21;0,00;0,00;0,00;-0,15;0,00;0,00;64;182;43;13;24;831;602
2341;72,58;45,64;0,00;0,00;0,00;0,05;0,00;0,00;478;57;199;47;17;593;889
2342;27,70;-440,79;0,00;0,00;0,00;-0,44;0,00;0,00;256;137;148;26;22;965;350
2343;100,00;250,21;0,00;0,00;0,00;0,25;0,00;0,00;133;24;115;14;25;461;361
2344;99,06;265,45;0,00;0,00;0,00;0,27;0,00;0,00;168;124;161;19;17;584;815
2345;38,44;-211,59;0,00;0,00;0,00;-0,21;0,00;0,00;484;162;125;36;34;699;933
2346;94,59;268,30;0,00;0,00;0,00;0,27;0,00;0,00;414;48;82;17;38;420;937
2347;0,00;-733,21;0,00;0,00;0,00;-0,73;0,00;0,00;276;103;12;13;26;855;334
2348;32,93;-282,51;0,00;0,00;0,00;-0,28;0,00;0,00;329;74;11;18;17;374;141
2349;15,13;-517,31;0,00;0,00;0,00;-0,52;0,00;0,00;299;59;44;20;32;700;272
2350;62,51;1,94;0,00;0,00;0,00;0,00;0,00;0,00;177;72;62;42;33;321;846
2351;63,85;-57,88;0,00;0,00;0,00;-0,06;0,00;0,00;451;151;163;39;35;131;820
2352;74,74;130,47;0,00;0,00;0,00;0,13;0,00;0,00;216;115;36;34;28;439;549
2353;40,99;-275,60;0,00;0,00;0,00;-0,28;0,00;0,00;493;109;80;33;35;266;768
2354;56,55;-106,38;0,00;0,00;0,00;-0,11;0,00;0,00;360;15;173;33;31;886;462
2355;56,81;-53,06;0,00;0,00;0,00;-0,05;0,00;0,00;280;184;22;39;30;982;416
2356;42,45;-312,26;0,00;0,00;0,00;-0,31;0,00;0,00;281;22;163;14;28;874;253
2357;29,99;-390,34;0,00;0,00;0,00;-0,39;0,00;0,00;292;106;152;34;16;453;574
2358;33,97;-363,05;0,00;0,00;0,00;-0,36;0,00;0,00;257;192;165;17;36;261;863
2359;11,32;-597,79;0,00;0,00;0,00;-0,60;0,00;0,00;262;123;122;19;32;590;896
2360;91,61;188,00;0,00;0,00;0,00;0,19;0,00;0,00;277;189;184;40;28;560;820
2361;42,25;-266,98;0,00;0,00;0,00;-0,27;0,00;0,00;296;168;85;34;33;558;619
2362;90,02;286,37;0,00;0,00;0,00;0,29;0,00;0,00;206;162;56;33;25;562;930
2363;61,99;-117,67;0,00;0,00;0,00;-0,12;0,00;0,00;316;168;179;44;31;735;237
2364;61,12;-42,47;0,00;0,00;0,00;-0,04;0,00;0,00;251;174;86;20;35;904;206
2365;56,21;-151,20;0,00;0,00;0,00;-0,15;0,00;0,00;143;43;109;41;28;343;564
2366;32,03;-333,29;0,00;0,00;0,00;-0,33;0,00;0,00;450;116;57;35;37;979;230
2367;83,74;135,42;0,00;0,00;0,00;0,14;0,00;0,00;343;131;146;20;17;665;401
2368;81,15;103,35;0,00;0,00;0,00;0,10;0,00;0,00;148;162;143;19;30;332;533
2369;51,93;-197,47;0,00;0,00;0,00;-0,20;0,00;0,00;108;170;75;12;37;393;384
2370;63,19;-43,57;0,00;0,00;0,00;-0,04;0,00;0,00;190;17;61;14;25;518;172
2371;50,19;-225,26;0,00;0,00;0,00;-0,23;0,00;0,00;132;63;170;27;27;362;617
2372;68,81;-53,43;0,00;0,00;0,00;-0,05;0,00;0,00;382;160;173;46;32;288;201
2373;49,08;-284,67;0,00;0,00;0,00;-0,28;0,00;0,00;297;132;67;48;39;368;955
2374;56,11;-104,27;0,00;0,00;0,00;-0,10;0,00;0,00;439;117;53;10;34;886;416
2375;67,59;-71,82;0,00;0,00;0,00;-0,07;0,00;0,00;168;109;80;15;36;338;252
2376;40,75;-263,65;0,00;0,00;0,00;-0,26;0,00;0,00;99;78;60;45;16;790;401
2377;43,75;-380,91;0,00;0,00;0,00;-0,38;0,00;0,00;171;31;136;10;33;164;558
2378;41,36;-263,53;0,00;0,00;0,00;-0,26;0,00;0,00;424;124;142;41;37;163;373
2379;24,99;-446,05;0,00;0,00;0,00;-0,45;0,00;0,00;156;120;105;45;29;358;575
2380;10,20;-595,85;0,00;0,00;0,00;-0,60;0,00;0,00;423;48;21;17;34;203;336
2381;94,19;243,58;0,00;0,00;0,00;0,24;0,00;0,00;280;118;101;44;39;822;206
2382;38,88;-363,80;0,00;0,00;0,00;-0,36;0,00;0,00;374;190;36;26;32;422;829
2383;40,58;-294,40;0,00;0,00;0,00;-0,29;0,00;0,00;104;59;177;14;35;226;291
2384;56,16;-109,31;0,00;0,00;0,00;-0,11;0,00;0,00;238;162;35;42;32;952;833
2385;13,30;-545,14;0,00;0,00;0,00;-0,55;0,00;0,00;112;186;140;37;15;962;333
2386;77,58;34,52;0,00;0,00;0,00;0,03;0,00;0,00;395;90;199;34;38;121;576
2387;42,46;-288,48;0,00;0,00;0,00;-0,29;0,00;0,00;227;195;116;44;35;455;388
2388;31,30;-406,31;0,00;0,00;0,00;-0,41;0,00;0,00;296;154;27;10;19;555;867
2389;66,30;0,88;0,00;0,00;0,00;0,00;0,00;0,00;493;129;113;42;15;275;293
2390;56,33;-125,47;0,00;0,00;0,00;-0,13;0,00;0,00;18;166;22;21;27;639;745
2391;46,16;-366,33;0,00;0,00;0,00;-0,37;0,00;0,00;68;154;132;46;31;809;571
2392;38,99;-231,09;0,00;0,00;0,00;-0,23;0,00;0,00;155;125;45;38;23;834;788
2393;46,30;-263,04;0,00;0,00;0,00;-0,26;0,00;0,00;249;44;153;42;25;181;107
2394;82,56;266,83;0,00;0,00;0,00;0,27;0,00;0,00;247;15;82;11;34;285;473
2395;79,07;57,25;0,00;0,00;0,00;0,06;0,00;0,00;161;188;93;36;30;261;173
2396;17,63;-535,52;0,00;0,00;0,00;-0,54;0,00;0,00;71;188;96;17;27;870;541
2397;63,26;-39,07;0,00;0,00;0,00;-0,04;0,00;0,00;424;149;123;28;34;945;308
2398;24,52;-413,26;0,00;0,00;0,00;-0,41;0,00;0,00;232;156;32;33;33;144;776
2399;37,96;-366,39;0,00;0,00;0,00;-0,37;0,00;0,00;39;76;130;37;27;845;913
2400;90,79;121,92;0,00;0,00;0,00;0,12;0,00;0,00;491;22;172;14;27;867;660
2401;33,49;-442,80;0,00;0,00;0,00;-0,44;0,00;0,00;191;45;68;46;35;899;158
2402;75,21;-6,21;0,00;0,00;0,00;-0,01;0,00;0,00;413;147;175;17;18;992;294
2403;77,67;94,25;0,00;0,00;0,00;0,09;0,00;0,00;303;40;40;46;28;704;804
2404;12,77;-536,08;0,00;0,00;0,00;-0,54;0,00;0,00;98;179;36;29;19;151;137
2405;85,87;232,43;0,00;0,00;0,00;0,23;0,00;0,00;370;87;21;48;29;622;855
2406;50,79;-231,87;0,00;0,00;0,00;-0,23;0,00;0,00;192;150;99;46;31;290;331
2407;45,54;-168,66;0,00;0,00;0,00;-0,17;0,00;0,00;418;196;80;21;26;695;910
2408;60,68;-67,58;0,00;0,00;0,00;-0,07;0,00;0,00;240;189;134;17;34;205;663
2409;60,91;-72,28;0,00;0,00;0,00;-0,07;0,00;0,00;235;91;27;34;34;490;848
2410;49,02;-220,03;0,00;0,00;0,00;-0,22;0,00;0,00;71;160;172;10;33;764;522
2411;21,25;-493,09;0,00;0,00;0,00;-0,49;0,00;0,00;476;19;27;20;20;734;221
2412;29,81;-329,63;0,00;0,00;0,00;-0,33;0,00;0,00;276;189;76;14;25;650;248
2413;40,89;-288,91;0,00;0,00;0,00;-0,29;0,00;0,00;32;94;53;35;34;334;714
2414;26,55;-492,95;0,00;0,00;0,00;-0,49;0,00;0,00;10;123;134;16;34;452;321
2415;58,46;-150,16;0,00;0,00;0,00;-0,15;0,00;0,00;429;119;165;10;21;259;337
2416;25,68;-481,03;0,00;0,00;0,00;-0,48;0,00;0,00;493;29;59;49;38;675;371
2417;61,42;-22,41;0,00;0,00;0,00;-0,02;0,00;0,00;63;83;71;13;33;816;535
2418;39,38;-323,23;0,00;0,00;0,00;-0,32;0,00;0,00;349;28;41;34;37;180;169
2419;47,02;-299,05;0,00;0,00;0,00;-0,30;0,00;0,00;419;41;195;20;25;331;380
2420;22,39;-481,66;0,00;0,00;0,00;-0,48;0,00;0,00;197;112;121;16;19;395;852
2421;50,12;-170,91;0,00;0,00;0,00;-0,17;0,00;0,00;352;196;137;26;33;826;915
2422;86,14;116,79;0,00;0,00;0,00;0,12;0,00;0,00;21;92;13;27;19;819;801
2423;69,07;-79,17;0,00;0,00;0,00;-0,08;0,00;0,00;426;61;147;34;36;775;823
2424;90,75;241,60;0,00;0,00;0,00;0,24;0,00;0,00;273;67;103;35;15;117;375
2425;40,83;-354,32;0,00;0,00;0,00;-0,35;0,00;0,00;477;118;13;17;19;136;344
2426;81,81;92,26;0,00;0,00;0,00;0,09;0,00;0,00;496;139;194;14;18;227;467
2427;68,40;-87,53;0,00;0,00;0,00;-0,09;0,00;0,00;297;94;123;19;21;559;474
2428;31,65;-359,12;0,00;0,00;0,00;-0,36;0,00;0,00;169;190;20;18;24;271;741
2429;66,38;-131,43;0,00;0,00;0,00;-0,13;0,00;0,00;296;154;68;16;34;951;957
2430;53,33;-135,81;0,00;0,00;0,00;-0,14;0,00;0,00;468;110;76;48;33;941;408
2431;65,53;-67,08;0,00;0,00;0,00;-0,07;0,00;0,00;464;13;181;18;39;905;185
2432;4,34;-535,39;0,00;0,00;0,00;-0,54;0,00;0,00;101;145;52;17;23;167;627
2433;67,94;-5,77;0,00;0,00;0,00;-0,01;0,00;0,00;424;157;156;47;17;902;452
2434;43,87;-247,05;0,00;0,00;0,00;-0,25;0,00;0,00;172;56;77;12;19;943;789
2435;36,11;-218,32;0,00;0,00;0,00;-0,22;0,00;0,00;46;12;49;27;36;761;153
2436;18,48;-486,73;0,00;0,00;0,00;-0,49;0,00;0,00;486;127;32;20;17;253;161
2437;0,00;-732,11;0,00;0,00;0,00;-0,73;0,00;0,00;150;184;173;38;15;399;406
2438;31,39;-432,28;0,00;0,00;0,00;-0,43;0,00;0,00;237;24;186;10;26;858;911
2439;44,05;-319,88;0,00;0,00;0,00;-0,32;0,00;0,00;134;48;176;37;39;923;234
2440;52,82;-285,27;0,00;0,00;0,00;-0,29;0,00;0,00;222;57;15;15;35;259;827
2441;36,04;-397,72;0,00;0,00;0,00;-0,40;0,00;0,00;97;102;34;41;31;970;326
2442;0,00;-704,26;0,00;0,00;0,00;-0,70;0,00;0,00;418;30;182;46;33;285;695
2443;47,44;-253,76;0,00;0,00;0,00;-0,25;0,00;0,00;190;65;143;22;20;353;297
2444;45,05;-254,79;0,00;0,00;0,00;-0,25;0,00;0,00;99;46;63;23;34;318;526
2445;0,00;-686,85;0,00;0,00;0,00;-0,69;0,00;0,00;153;77;13;36;19;492;506
2446;100,00;230,07;0,00;0,00;0,00;0,23;0,00;0,00;293;171;23;26;18;540;786
2447;6,53;-583,16;0,00;0,00;0,00;-0,58;0,00;0,00;203;159;133;44;24;591;508
2448;68,95;-30,98;0,00;0,00;0,00;-0,03;0,00;0,00;164;112;97;38;34;431;178
2449;48,48;-328,50;0,00;0,00;0,00;-0,33;0,00;0,00;316;191;19;38;20;482;567
2450;71,09;56,59;0,00;0,00;0,00;0,06;0,00;0,00;391;148;109;10;34;777;297
2451;52,71;-244,18;0,00;0,00;0,00;-0,24;0,00;0,00;215;65;17;44;37;231;546
2452;12,83;-546,26;0,00;0,00;0,00;-0,55;0,00;0,00;73;103;192;18;27;658;198
2453;59,94;-116,01;0,00;0,00;0,00;-0,12;0,00;0,00;342;144;175;12;17;186;702
2454;15,18;-511,48;0,00;0,00;0,00;-0,51;0,00;0,00;126;194;157;10;32;830;779
2455;65,09;-49,31;0,00;0,00;0,00;-0,05;0,00;0,00;385;136;139;48;15;969;910
2456;16,47;-546,65;0,00;0,00;0,00;-0,55;0,00;0,00;265;194;13;39;22;929;615
2457;45,80;-278,04;0,00;0,00;0,00;-0,28;0,00;0,00;221;70;79;12;27;525;158
2458;57,16;-166,28;0,00;0,00;0,00;-0,17;0,00;0,00;20;152;40;46;33;453;129
2459;73,18;123,25;0,00;0,00;0,00;0,12;0,00;0,00;89;137;144;17;17;976;394
2460;45,68;-311,50;0,00;0,00;0,00;-0,31;0,00;0,00;341;135;172;27;32;310;970
2461;49,18;-238,66;0,00;0,00;0,00;-0,24;0,00;0,00;234;17;145;13;26;285;687
2462;43,90;-228,56;0,00;0,00;0,00;-0,23;0,00;0,00;486;146;154;39;39;390;589
2463;37,11;-337,39;0,00;0,00;0,00;-0,34;0,00;0,00;364;44;83;44;29;442;418
2464;63,58;-37,37;0,00;0,00;0,00;-0,04;0,00;0,00;231;14;188;38;30;691;645
2465;5,65;-703,00;0,00;0,00;0,00;-0,70;0,00;0,00;432;53;98;32;29;109;531
2466;86,77;229,65;0,00;0,00;0,00;0,23;0,00;0,00;80;171;73;28;36;427;487
2467;25,07;-358,81;0,00;0,00;0,00;-0,36;0,00;0,00;423;143;75;20;28;866;611
2468;15,64;-474,78;0,00;0,00;0,00;-0,47;0,00;0,00;259;16;179;27;35;651;830
2469;68,52;-78,94;0,00;0,00;0,00;-0,08;0,00;0,00;70;50;156;39;27;683;573
2470;75,40;100,31;0,00;0,00;0,00;0,10;0,00;0,00;346;46;87;23;35;138;475
2471;17,32;-515,50;0,00;0,00;0,00;-0,52;0,00;0,00;140;103;20;39;35;579;127
2472;81,84;106,15;0,00;0,00;0,00;0,11;0,00;0,00;286;11;69;27;19;913;449
2473;62,19;-178,32;0,00;0,00;0,00;-0,18;0,00;0,00;498;168;154;32;30;724;664
2474;70,13;-14,38;0,00;0,00;0,00;-0,01;0,00;0,00;398;191;184;34;32;403;143
2475;76,43;52,47;0,00;0,00;0,00;0,05;0,00;0,00;395;131;115;22;32;549;635
2476;84,11;310,86;0,00;0,00;0,00;0,31;0,00;0,00;166;37;159;44;30;149;241
2477;46,15;-232,40;0,00;0,00;0,00;-0,23;0,00;0,00;38;53;119;18;28;805;984
2478;39,48;-346,24;0,00;0,00;0,00;-0,35;0,00;0,00;53;88;73;45;38;454;859
2479;67,96;62,05;0,00;0,00;0,00;0,06;0,00;0,00;295;83;104;35;33;869;823
2480;70,55;-60,44;0,00;0,00;0,00;-0,06;0,00;0,00;280;113;23;46;16;838;283
2481;22,07;-570,47;0,00;0,00;0,00;-0,57;0,00;0,00;211;131;33;15;20;510;318
2482;55,35;-185,75;0,00;0,00;0,00;-0,19;0,00;0,00;454;77;160;16;36;970;547
2483;28,54;-434,08;0,00;0,00;0,00;-0,43;0,00;0,00;288;128;119;15;23;748;860
2484;48,56;-247,29;0,00;0,00;0,00;-0,25;0,00;0,00;481;168;63;12;36;886;299
2485;100,00;339,71;0,00;0,00;0,00;0,34;0,00;0,00;249;179;94;42;35;371;823
2486;64,04;-95,91;0,00;0,00;0,00;-0,10;0,00;0,00;484;197;119;49;33;578;678
2487;25,44;-485,27;0,00;0,00;0,00;-0,49;0,00;0,00;113;181;121;47;15;554;117
2488;0,00;-664,37;0,00;0,00;0,00;-0,66;0,00;0,00;219;195;195;24;34;513;710
2489;21,07;-445,27;0,00;0,00;0,00;-0,45;0,00;0,00;38;27;111;16;26;531;381
2490;36,33;-318,28;0,00;0,00;0,00;-0,32;0,00;0,00;299;63;72;47;17;639;256
2491;94,59;311,81;0,00;0,00;0,00;0,31;0,00;0,00;447;75;15;10;34;136;325
2492;61,15;-135,58;0,00;0,00;0,00;-0,14;0,00;0,00;122;47;64;45;25;987;242
2493;58,11;-85,90;0,00;0,00;0,00;-0,09;0,00;0,00;318;84;108;39;39;700;391
2494;28,77;-315,70;0,00;0,00;0,00;-0,32;0,00;0,00;62;111;129;33;31;496;740
2495;50,83;-71,18;0,00;0,00;0,00;-0,07;0,00;0,00;155;157;15;27;30;924;986
2496;60,55;-81,80;0,00;0,00;0,00;-0,08;0,00;0,00;141;191;126;23;32;498;276
2497;17,13;-488,92;0,00;0,00;0,00;-0,49;0,00;0,00;446;119;191;23;17;282;277
2498;84,13;136,60;0,00;0,00;0,00;0,14;0,00;0,00;308;198;190;49;18;177;705
2499;18,06;-543,23;0,00;0,00;0,00;-0,54;0,00;0,00;198;190;148;32;28;843;881
2500;65,79;-14,88;0,00;0,00;0,00;-0,01;0,00;0,00;80;143;46;21;31;693;938
2501;74,58;10,73;0,00;0,00;0,00;0,01;0,00;0,00;390;135;190;49;30;785;484
2502;34,03;-363,10;0,00;0,00;0,00;-0,36;0,00;0,00;478;188;98;36;27;677;543
2503;88,55;222,30;0,00;0,00;0,00;0,22;0,00;0,00;108;129;36;48;17;418;707
2504;7,25;-505,49;0,00;0,00;0,00;-0,51;0,00;0,00;89;140;158;27;15;708;154
2505;66,46;-71,61;0,00;0,00;0,00;-0,07;0,00;0,00;174;147;131;29;36;870;945
2506;46,66;-192,46;0,00;0,00;0,00;-0,19;0,00;0,00;155;40;118;21;32;318;152
2507;42,45;-323,03;0,00;0,00;0,00;-0,32;0,00;0,00;170;141;38;26;39;191;449
2508;100,00;357,52;0,00;0,00;0,00;0,36;0,00;0,00;378;191;61;18;21;148;849
2509;44,32;-296,58;0,00;0,00;0,00;-0,30;0,00;0,00;98;11;121;40;32;566;199
2510;56,09;-128,07;0,00;0,00;0,00;-0,13;0,00;0,00;191;15;88;49;19;802;753
2511;43,84;-225,44;0,00;0,00;0,00;-0,23;0,00;0,00;102;100;183;10;23;927;187
2512;60,60;-131,85;0,00;0,00;0,00;-0,13;0,00;0,00;45;24;108;48;35;335;610
2513;57,08;-163,42;0,00;0,00;0,00;-0,16;0,00;0,00;89;189;24;19;38;526;551
2514;73,86;36,13;0,00;0,00;0,00;0,04;0,00;0,00;72;41;111;39;15;179;337
2515;100,00;283,65;0,00;0,00;0,00;0,28;0,00;0,00;269;24;126;46;38;816;586
2516;0,00;-697,03;0,00;0,00;0,00;-0,70;0,00;0,00;236;108;58;18;30;113;318
2517;32,23;-330,58;0,00;0,00;0,00;-0,33;0,00;0,00;321;11;144;13;17;668;237
2518;96,08;253,53;0,00;0,00;0,00;0,25;0,00;0,00;462;85;50;23;28;328;559
2519;21,66;-524,74;0,00;0,00;0,00;-0,52;0,00;0,00;223;141;169;15;21;279;543
2520;48,57;-169,39;0,00;0,00;0,00;-0,17;0,00;0,00;57;18;143;31;17;834;842
2521;41,60;-146,78;0,00;0,00;0,00;-0,15;0,00;0,00;404;170;153;28;30;514;848
2522;46,83;-269,19;0,00;0,00;0,00;-0,27;0,00;0,00;296;128;147;42;19;877;558
2523;43,45;-250,88;0,00;0,00;0,00;-0,25;0,00;0,00;141;46;27;40;16;911;238
2524;75,59;49,42;0,00;0,00;0,00;0,05;0,00;0,00;145;25;17;29;33;523;530
2525;21,02;-486,87;0,00;0,00;0,00;-0,49;0,00;0,00;221;153;20;25;36;468;779
2526;33,19;-283,59;0,00;0,00;0,00;-0,28;0,00;0,00;230;10;98;23;18;287;549
2527;58,83;-118,28;0,00;0,00;0,00;-0,12;0,00;0,00;212;71;71;10;26;262;273
2528;28,72;-393,28;0,00;0,00;0,00;-0,39;0,00;0,00;131;164;52;44;21;208;786
2529;61,36;-64,47;0,00;0,00;0,00;-0,06;0,00;0,00;295;88;126;36;16;269;729
2530;90,06;228,16;0,00;0,00;0,00;0,23;0,00;0,00;464;21;23;13;32;550;384
2531;7,96;-686,88;0,00;0,00;0,00;-0,69;0,00;0,00;345;42;25;23;36;895;116
2532;29,82;-427,07;0,00;0,00;0,00;-0,43;0,00;0,00;59;137;197;40;22;626;260
2533;72,97;34,23;0,00;0,00;0,00;0,03;0,00;0,00;16;130;92;42;16;716;489
2534;48,43;-244,21;0,00;0,00;0,00;-0,24;0,00;0,00;467;82;91;27;15;858;737
2535;92,65;304,60;0,00;0,00;0,00;0,30;0,00;0,00;377;127;83;40;17;838;144
2536;51,37;-108,06;0,00;0,00;0,00;-0,11;0,00;0,00;463;67;46;22;29;214;889
2537;41,42;-322,22;0,00;0,00;0,00;-0,32;0,00;0,00;233;22;19;41;18;693;278
2538;38,37;-267,04;0,00;0,00;0,00;-0,27;0,00;0,00;50;196;81;18;20;771;532
2539;36,94;-255,92;0,00;0,00;0,00;-0,26;0,00;0,00;256;175;184;39;35;543;424
2540;99,73;372,37;0,00;0,00;0,00;0,37;0,00;0,00;291;98;161;38;38;766;663
2541;70,84;51,85;0,00;0,00;0,00;0,05;0,00;0,00;44;139;85;38;37;303;522
2542;19,84;-500,69;0,00;0,00;0,00;-0,50;0,00;0,00;137;92;76;29;39;257;586
2543;56,38;-186,32;0,00;0,00;0,00;-0,19;0,00;0,00;75;158;163;38;31;775;609
2544;93,11;271,50;0,00;0,00;0,00;0,27;0,00;0,00;65;148;152;38;29;912;999
2545;49,50;-251,74;0,00;0,00;0,00;-0,25;0,00;0,00;487;163;10;23;16;584;231
2546;41,33;-165,35;0,00;0,00;0,00;-0,17;0,00;0,00;267;70;196;34;36;162;935
2547;39,53;-337,74;0,00;0,00;0,00;-0,34;0,00;0,00;471;164;83;20;20;756;791
2548;67,85;-55,44;0,00;0,00;0,00;-0,06;0,00;0,00;452;140;135;13;38;326;499
2549;41,88;-300,03;0,00;0,00;0,00;-0,30;0,00;0,00;267;159;45;49;36;894;662
2550;25,22;-469,05;0,00;0,00;0,00;-0,47;0,00;0,00;74;110;198;14;16;441;623
2551;34,74;-333,83;0,00;0,00;0,00;-0,33;0,00;0,00;76;62;165;20;16;726;858
2552;44,43;-302,60;0,00;0,00;0,00;-0,30;0,00;0,00;20;130;51;15;34;484;918
2553;17,34;-561,94;0,00;0,00;0,00;-0,56;0,00;0,00;483;87;127;14;18;760;284
2554;77,16;104,11;0,00;0,00;0,00;0,10;0,00;0,00;15;185;117;21;32;285;847
2555;69,82;-20,25;0,00;0,00;0,00;-0,02;0,00;0,00;378;41;99;36;18;402;803
2556;80,00;106,42;0,00;0,00;0,00;0,11;0,00;0,00;305;60;82;47;22;829;925
2557;65,88;-20,90;0,00;0,00;0,00;-0,02;0,00;0,00;150;153;97;23;26;820;924
2558;52,55;-156,88;0,00;0,00;0,00;-0,16;0,00;0,00;304;92;143;19;25;622;867
2559;55,56;-157,70;0,00;0,00;0,00;-0,16;0,00;0,00;463;143;98;15;33;115;458
2560;42,39;-232,61;0,00;0,00;0,00;-0,23;0,00;0,00;228;153;72;17;37;738;779
2561;61,90;-78,97;0,00;0,00;0,00;-0,08;0,00;0,00;411;52;111;43;38;556;925
2562;60,85;-94,58;0,00;0,00;0,00;-0,09;0,00;0,00;484;59;142;26;32;598;170
2563;15,25;-499,54;0,00;0,00;0,00;-0,50;0,00;0,00;314;174;66;41;18;444;517
2564;19,98;-559,88;0,00;0,00;0,00;-0,56;0,00;0,00;17;35;146;11;36;169;763
2565;68,70;108,31;0,00;0,00;0,00;0,11;0,00;0,00;493;198;24;26;20;555;597
2566;0,45;-661,95;0,00;0,00;0,00;-0,66;0,00;0,00;498;140;158;35;18;790;116
2567;78,71;-19,91;0,00;0,00;0,00;-0,02;0,00;0,00;133;97;122;34;35;343;212
2568;38,06;-328,97;0,00;0,00;0,00;-0,33;0,00;0,00;79;120;34;46;20;295;929
2569;44,40;-276,01;0,00;0,00;0,00;-0,28;0,00;0,00;40;25;198;17;29;561;950
2570;78,57;128,53;0,00;0,00;0,00;0,13;0,00;0,00;43;68;180;24;37;593;850
2571;86,76;202,64;0,00;0,00;0,00;0,20;0,00;0,00;492;61;52;46;31;149;673
2572;34,22;-368,73;0,00;0,00;0,00;-0,37;0,00;0,00;159;104;135;35;18;634;526
2573;61,67;-71,28;0,00;0,00;0,00;-0,07;0,00;0,00;240;96;175;15;17;219;241
2574;16,41;-516,85;0,00;0,00;0,00;-0,52;0,00;0,00;313;123;81;12;21;634;556
2575;29,15;-340,76;0,00;0,00;0,00;-0,34;0,00;0,00;229;15;29;22;15;724;908
2576;72,07;64,75;0,00;0,00;0,00;0,06;0,00;0,00;419;61;197;38;33;214;130
2577;53,88;-151,80;0,00;0,00;0,00;-0,15;0,00;0,00;226;31;119;38;17;945;174
2578;9,53;-622,29;0,00;0,00;0,00;-0,62;0,00;0,00;108;12;194;30;20;600;789
2579;91,98;256,34;0,00;0,00;0,00;0,26;0,00;0,00;62;145;75;22;27;379;424
2580;48,46;-199,17;0,00;0,00;0,00;-0,20;0,00;0,00;88;62;106;24;33;721;360
2581;65,70;-93,59;0,00;0,00;0,00;-0,09;0,00;0,00;56;179;104;34;18;940;448
2582;49,37;-262,25;0,00;0,00;0,00;-0,26;0,00;0,00;140;103;48;10;35;775;196
2583;49,55;-255,76;0,00;0,00;0,00;-0,26;0,00;0,00;113;148;130;11;34;258;792
2584;50,83;-271,63;0,00;0,00;0,00;-0,27;0,00;0,00;214;79;77;38;32;151;450
2585;45,41;-187,14;0,00;0,00;0,00;-0,19;0,00;0,00;399;33;92;25;34;366;109
2586;46,38;-200,91;0,00;0,00;0,00;-0,20;0,00;0,00;371;139;127;18;36;135;347
2587;76,99;113,03;0,00;0,00;0,00;0,11;0,00;0,00;351;181;88;15;31;230;495
2588;45,82;-282,80;0,00;0,00;0,00;-0,28;0,00;0,00;175;181;103;24;31;480;865
2589;70,09;25,52;0,00;0,00;0,00;0,03;0,00;0,00;257;170;141;36;36;424;898
2590;60,10;-24,57;0,00;0,00;0,00;-0,02;0,00;0,00;196;74;111;10;31;695;550
2591;58,36;-121,11;0,00;0,00;0,00;-0,12;0,00;0,00;125;118;92;33;20;977;425
2592;58,30;-80,39;0,00;0,00;0,00;-0,08;0,00;0,00;313;96;196;38;39;717;708
2593;70,83;25,73;0,00;0,00;0,00;0,03;0,00;0,00;44;96;136;35;39;509;197
2594;42,47;-276,84;0,00;0,00;0,00;-0,28;0,00;0,00;397;73;82;38;31;858;707
2595;88,13;147,03;0,00;0,00;0,00;0,15;0,00;0,00;259;140;72;17;24;343;834
2596;62,83;-21,21;0,00;0,00;0,00;-0,02;0,00;0,00;262;99;170;43;18;365;385
2597;100,00;274,72;0,00;0,00;0,00;0,27;0,00;0,00;205;158;152;40;27;268;183
2598;56,86;-143,82;0,00;0,00;0,00;-0,14;0,00;0,00;122;105;115;46;25;531;145
2599;85,12;91,74;0,00;0,00;0,00;0,09;0,00;0,00;277;195;84;40;34;623;106
2600;52,06;-159,39;0,00;0,00;0,00;-0,16;0,00;0,00;304;158;26;33;27;947;797
2601;27,17;-422,84;0,00;0,00;0,00;-0,42;0,00;0,00;427;193;61;23;27;178;308
2602;24,31;-463,99;0,00;0,00;0,00;-0,46;0,00;0,00;99;139;109;24;23;726;250
2603;44,43;-322,77;0,00;0,00;0,00;-0,32;0,00;0,00;211;91;53;29;22;849;550
2604;31,13;-367,01;0,00;0,00;0,00;-0,37;0,00;0,00;340;44;77;41;20;573;451
2605;36,69;-260,37;0,00;0,00;0,00;-0,26;0,00;0,00;361;111;43;46;38;149;827
2606;65,28;-105,22;0,00;0,00;0,00;-0,11;0,00;0,00;392;128;28;31;26;211;483
2607;22,13;-439,20;0,00;0,00;0,00;-0,44;0,00;0,00;441;174;111;42;34;859;684
2608;49,73;-260,97;0,00;0,00;0,00;-0,26;0,00;0,00;142;51;196;17;27;485;558
2609;67,89;-77,15;0,00;0,00;0,00;-0,08;0,00;0,00;292;166;170;39;18;167;985
2610;29,44;-391,15;0,00;0,00;0,00;-0,39;0,00;0,00;75;182;181;37;35;154;878
2611;13,67;-535,75;0,00;0,00;0,00;-0,54;0,00;0,00;130;78;125;41;26;853;150
2612;50,75;-215,10;0,00;0,00;0,00;-0,22;0,00;0,00;211;28;162;34;36;990;766
2613;12,57;-586,86;0,00;0,00;0,00;-0,59;0,00;0,00;471;189;65;38;26;667;270
2614;57,39;-180,67;0,00;0,00;0,00;-0,18;0,00;0,00;263;55;99;37;31;462;133
2615;2,48;-660,29;0,00;0,00;0,00;-0,66;0,00;0,00;96;44;126;35;37;407;443
2616;54,07;-174,35;0,00;0,00;0,00;-0,17;0,00;0,00;179;137;26;42;22;413;101
2617;23,00;-487,52;0,00;0,00;0,00;-0,49;0,00;0,00;21;197;46;28;30;328;799
2618;35,31;-387,20;0,00;0,00;0,00;-0,39;0,00;0,00;223;116;174;43;34;378;887
2619;87,88;200,30;0,00;0,00;0,00;0,20;0,00;0,00;475;98;116;23;28;514;549
2620;62,78;-38,53;0,00;0,00;0,00;-0,04;0,00;0,00;391;80;55;38;25;772;315
2621;75,01;71,20;0,00;0,00;0,00;0,07;0,00;0,00;169;59;78;18;33;400;667
2622;8,20;-605,41;0,00;0,00;0,00;-0,61;0,00;0,00;488;73;12;16;25;851;728
2623;30,75;-311,80;0,00;0,00;0,00;-0,31;0,00;0,00;352;159;20;21;19;978;487
2624;19,98;-541,59;0,00;0,00;0,00;-0,54;0,00;0,00;79;81;15;37;28;990;716
2625;42,99;-342,38;0,00;0,00;0,00;-0,34;0,00;0,00;25;131;92;26;26;641;158
2626;56,23;-150,11;0,00;0,00;0,00;-0,15;0,00;0,00;355;43;63;23;35;174;377
2627;41,59;-248,43;0,00;0,00;0,00;-0,25;0,00;0,00;312;191;186;33;15;584;967
2628;7,82;-653,49;0,00;0,00;0,00;-0,65;0,00;0,00;301;100;187;46;36;873;892
2629;47,32;-278,56;0,00;0,00;0,00;-0,28;0,00;0,00;68;128;46;28;19;962;140
2630;80,64;135,03;0,00;0,00;0,00;0,14;0,00;0,00;248;108;12;15;35;870;351
2631;37,13;-331,85;0,00;0,00;0,00;-0,33;0,00;0,00;81;95;120;41;31;981;770
2632;42,21;-220,31;0,00;0,00;0,00;-0,22;0,00;0,00;259;107;80;24;18;842;966
2633;45,95;-248,36;0,00;0,00;0,00;-0,25;0,00;0,00;76;57;27;26;26;483;575
2634;39,68;-270,52;0,00;0,00;0,00;-0,27;0,00;0,00;114;169;60;34;23;948;233
2635;16,57;-468,42;0,00;0,00;0,00;-0,47;0,00;0,00;325;79;45;25;29;612;985
2636;26,33;-413,04;0,00;0,00;0,00;-0,41;0,00;0,00;30;97;84;35;17;223;977
2637;53,39;-34,22;0,00;0,00;0,00;-0,03;0,00;0,00;269;19;123;43;35;584;302
2638;56,98;-101,30;0,00;0,00;0,00;-0,10;0,00;0,00;79;183;74;46;31;163;953
2639;16,99;-588,95;0,00;0,00;0,00;-0,59;0,00;0,00;477;144;133;20;35;928;711
2640;100,00;153,12;0,00;0,00;0,00;0,15;0,00;0,00;427;90;130;49;32;368;690
2641;35,52;-355,54;0,00;0,00;0,00;-0,36;0,00;0,00;75;97;160;33;25;970;201
2642;40,04;-328,49;0,00;0,00;0,00;-0,33;0,00;0,00;236;112;187;47;17;143;190
2643;13,02;-581,34;0,00;0,00;0,00;-0,58;0,00;0,00;157;61;105;19;28;258;973
2644;32,11;-353,71;0,00;0,00;0,00;-0,35;0,00;0,00;269;137;133;10;23;345;528
2645;47,49;-282,77;0,00;0,00;0,00;-0,28;0,00;0,00;378;193;99;19;33;407;453
2646;57,61;-70,41;0,00;0,00;0,00;-0,07;0,00;0,00;304;155;101;46;36;679;883
2647;83,29;121,01;0,00;0,00;0,00;0,12;0,00;0,00;104;126;171;32;29;930;517
2648;85,99;140,08;0,00;0,00;0,00;0,14;0,00;0,00;140;82;73;12;34;433;762
2649;28,52;-503,01;0,00;0,00;0,00;-0,50;0,00;0,00;59;142;12;16;30;115;100
2650;25,57;-367,48;0,00;0,00;0,00;-0,37;0,00;0,00;490;92;147;13;23;621;780
2651;0,00;-667,53;0,00;0,00;0,00;-0,67;0,00;0,00;323;28;98;14;37;965;378
2652;90,72;209,50;0,00;0,00;0,00;0,21;0,00;0,00;442;31;162;19;33;109;250
2653;65,38;35,38;0,00;0,00;0,00;0,04;0,00;0,00;227;12;125;19;26;768;429
2654;49,37;-292,17;0,00;0,00;0,00;-0,29;0,00;0,00;175;58;122;34;34;300;620
2655;22,95;-499,44;0,00;0,00;0,00;-0,50;0,00;0,00;36;18;42;11;32;144;695
2656;75,22;42,12;0,00;0,00;0,00;0,04;0,00;0,00;229;124;35;42;38;553;367
2657;63,83;-84,00;0,00;0,00;0,00;-0,08;0,00;0,00;438;162;118;16;23;264;763
2658;72,74;18,90;0,00;0,00;0,00;0,02;0,00;0,00;334;108;177;32;22;362;847
2659;0,00;-677,65;0,00;0,00;0,00;-0,68;0,00;0,00;141;158;126;47;16;115;198
2660;43,25;-267,03;0,00;0,00;0,00;-0,27;0,00;0,00;477;73;39;44;26;652;635
2661;95,53;215,21;0,00;0,00;0,00;0,22;0,00;0,00;313;73;13;23;15;244;253
2662;45,27;-204,96;0,00;0,00;0,00;-0,20;0,00;0,00;275;159;38;41;16;485;516
2663;40,21;-273,58;0,00;0,00;0,00;-0,27;0,00;0,00;85;179;25;17;16;623;922
2664;23,05;-452,56;0,00;0,00;0,00;-0,45;0,00;0,00;285;31;167;46;34;575;486
2665;79,08;140,28;0,00;0,00;0,00;0,14;0,00;0,00;350;130;65;18;19;735;232
2666;56,60;-137,18;0,00;0,00;0,00;-0,14;0,00;0,00;293;173;57;37;28;721;189
2667;59,83;-106,34;0,00;0,00;0,00;-0,11;0,00;0,00;236;110;150;20;37;789;233
2668;10,45;-546,18;0,00;0,00;0,00;-0,55;0,00;0,00;212;121;54;16;22;864;847
2669;61,72;-50,64;0,00;0,00;0,00;-0,05;0,00;0,00;239;74;168;31;29;470;983
2670;3,98;-705,80;0,00;0,00;0,00;-0,71;0,00;0,00;49;23;190;27;31;909;924
2671;75,58;117,05;0,00;0,00;0,00;0,12;0,00;0,00;108;140;38;23;26;226;993
2672;67,44;83,84;0,00;0,00;0,00;0,08;0,00;0,00;393;99;31;16;36;238;558
2673;92,86;275,94;0,00;0,00;0,00;0,28;0,00;0,00;342;181;10;12;16;407;638
2674;62,10;-116,81;0,00;0,00;0,00;-0,12;0,00;0,00;159;117;71;35;28;534;315
2675;94,75;223,52;0,00;0,00;0,00;0,22;0,00;0,00;15;124;35;17;29;178;830
2676;34,31;-269,27;0,00;0,00;0,00;-0,27;0,00;0,00;472;159;123;42;17;655;873
2677;50,37;-184,15;0,00;0,00;0,00;-0,18;0,00;0,00;483;88;155;24;20;999;471
2678;76,15;0,09;0,00;0,00;0,00;0,00;0,00;0,00;315;188;82;30;25;641;529
2679;0,00;-674,11;0,00;0,00;0,00;-0,67;0,00;0,00;347;112;144;41;32;721;482
2680;29,31;-450,75;0,00;0,00;0,00;-0,45;0,00;0,00;173;120;14;24;25;711;632
2681;28,31;-298,53;0,00;0,00;0,00;-0,30;0,00;0,00;392;150;76;33;25;211;490
2682;32,37;-417,02;0,00;0,00;0,00;-0,42;0,00;0,00;176;34;139;43;25;761;532
2683;86,38;144,81;0,00;0,00;0,00;0,14;0,00;0,00;469;164;35;24;27;811;257
2684;26,86;-429,07;0,00;0,00;0,00;-0,43;0,00;0,00;178;170;185;28;20;677;189
2685;47,95;-251,96;0,00;0,00;0,00;-0,25;0,00;0,00;68;101;19;14;30;507;840
2686;76,86;18,40;0,00;0,00;0,00;0,02;0,00;0,00;168;54;26;33;27;558;597
2687;43,00;-315,09;0,00;0,00;0,00;-0,32;0,00;0,00;103;158;126;38;16;856;673
2688;55,96;-187,85;0,00;0,00;0,00;-0,19;0,00;0,00;445;17;113;28;29;352;277
2689;55,91;-133,65;0,00;0,00;0,00;-0,13;0,00;0,00;442;88;39;43;26;372;997
2690;57,45;-175,64;0,00;0,00;0,00;-0,18;0,00;0,00;177;132;187;34;26;440;628
2691;43,44;-273,55;0,00;0,00;0,00;-0,27;0,00;0,00;29;45;190;31;35;946;368
2692;89,26;246,95;0,00;0,00;0,00;0,25;0,00;0,00;184;76;62;19;28;353;403
2693;28,84;-330,65;0,00;0,00;0,00;-0,33;0,00;0,00;432;186;34;19;15;221;812
2694;84,56;146,47;0,00;0,00;0,00;0,15;0,00;0,00;274;62;123;20;36;234;725
2695;100,00;283,48;0,00;0,00;0,00;0,28;0,00;0,00;184;89;92;32;37;764;583
2696;0,00;-732,60;0,00;0,00;0,00;-0,73;0,00;0,00;212;198;92;23;39;310;441
2697;55,68;-164,61;0,00;0,00;0,00;-0,16;0,00;0,00;297;65;150;13;27;999;473
2698;58,61;-108,61;0,00;0,00;0,00;-0,11;0,00;0,00;324;68;126;32;18;913;570
2699;68,35;-93,53;0,00;0,00;0,00;-0,09;0,00;0,00;92;39;16;15;25;207;590
2700;49,84;-167,66;0,00;0,00;0,00;-0,17;0,00;0,00;384;172;44;18;31;843;957
2701;29,72;-418,47;0,00;0,00;0,00;-0,42;0,00;0,00;375;19;37;29;23;531;785
2702;38,36;-269,90;0,00;0,00;0,00;-0,27;0,00;0,00;487;134;98;44;37;318;913
2703;32,89;-206,58;0,00;0,00;0,00;-0,21;0,00;0,00;447;43;140;38;28;264;240
2704;39,82;-406,36;0,00;0,00;0,00;-0,41;0,00;0,00;295;136;198;19;16;543;981
2705;15,40;-558,07;0,00;0,00;0,00;-0,56;0,00;0,00;469;90;183;29;34;613;654
2706;62,58;-147,21;0,00;0,00;0,00;-0,15;0,00;0,00;176;25;91;19;21;134;839
2707;17,25;-558,41;0,00;0,00;0,00;-0,56;0,00;0,00;55;176;26;23;34;374;741
2708;97,87;321,70;0,00;0,00;0,00;0,32;0,00;0,00;64;143;79;17;24;812;302
2709;87,98;138,65;0,00;0,00;0,00;0,14;0,00;0,00;268;157;91;49;37;459;546
2710;48,12;-197,37;0,00;0,00;0,00;-0,20;0,00;0,00;358;113;94;11;38;827;472
2711;35,52;-359,08;0,00;0,00;0,00;-0,36;0,00;0,00;164;173;11;24;15;589;348
2712;50,55;-131,51;0,00;0,00;0,00;-0,13;0,00;0,00;419;163;67;23;25;497;494
2713;45,57;-227,88;0,00;0,00;0,00;-0,23;0,00;0,00;121;147;104;12;25;665;858
2714;70,05;-77,76;0,00;0,00;0,00;-0,08;0,00;0,00;321;60;12;17;20;862;760
2715;28,32;-380,95;0,00;0,00;0,00;-0,38;0,00;0,00;132;184;138;19;32;981;575
2716;57,24;-217,73;0,00;0,00;0,00;-0,22;0,00;0,00;273;193;173;29;18;221;235
2717;75,66;-80,14;0,00;0,00;0,00;-0,08;0,00;0,00;430;89;35;26;19;864;757
2718;42,95;-157,83;0,00;0,00;0,00;-0,16;0,00;0,00;398;86;157;48;34;250;179
2719;100,00;309,66;0,00;0,00;0,00;0,31;0,00;0,00;69;162;140;28;39;141;204
2720;31,59;-328,93;0,00;0,00;0,00;-0,33;0,00;0,00;122;175;197;36;24;138;191
2721;56,95;-78,96;0,00;0,00;0,00;-0,08;0,00;0,00;85;19;155;17;22;362;723
2722;68,26;-6,98;0,00;0,00;0,00;-0,01;0,00;0,00;323;112;166;34;37;533;722
2723;65,76;-30,97;0,00;0,00;0,00;-0,03;0,00;0,00;88;195;179;26;18;822;722
2724;72,88;-46,33;0,00;0,00;0,00;-0,05;0,00;0,00;419;50;185;16;28;496;163
2725;15,06;-588,48;0,00;0,00;0,00;-0,59;0,00;0,00;306;149;155;27;35;193;134
2726;29,47;-396,51;0,00;0,00;0,00;-0,40;0,00;0,00;98;73;136;17;16;897;904
2727;49,33;-252,00;0,00;0,00;0,00;-0,25;0,00;0,00;217;67;102;13;24;500;916
2728;46,17;-287,08;0,00;0,00;0,00;-0,29;0,00;0,00;84;197;111;40;26;861;109
2729;36,84;-324,16;0,00;0,00;0,00;-0,32;0,00;0,00;235;148;172;13;38;332;498
2730;42,19;-266,43;0,00;0,00;0,00;-0,27;0,00;0,00;232;92;173;29;34;498;284
2731;38,32;-238,26;0,00;0,00;0,00;-0,24;0,00;0,00;278;194;136;36;30;448;606
2732;76,62;72,20;0,00;0,00;0,00;0,07;0,00;0,00;65;53;28;12;28;467;268
2733;80,88;67,43;0,00;0,00;0,00;0,07;0,00;0,00;459;128;146;21;26;654;819
2734;53,57;-190,98;0,00;0,00;0,00;-0,19;0,00;0,00;308;115;187;45;29;446;864
2735;55,16;-156,50;0,00;0,00;0,00;-0,16;0,00;0,00;359;120;100;25;19;559;133
2736;71,35;-7,98;0,00;0,00;0,00;-0,01;0,00;0,00;106;60;69;16;17;153;552
2737;24,54;-391,90;0,00;0,00;0,00;-0,39;0,00;0,00;250;29;19;10;37;430;551
2738;100,00;279,02;0,00;0,00;0,00;0,28;0,00;0,00;227;104;20;27;28;116;581
2739;19,42;-416,05;0,00;0,00;0,00;-0,42;0,00;0,00;283;154;56;13;24;341;170
2740;38,47;-321,53;0,00;0,00;0,00;-0,32;0,00;0,00;252;30;149;19;24;962;544
2741;20,05;-606,39;0,00;0,00;0,00;-0,61;0,00;0,00;106;130;132;16;21;905;387
2742;82,59;211,82;0,00;0,00;0,00;0,21;0,00;0,00;135;105;161;48;15;962;194
2743;34,92;-345,44;0,00;0,00;0,00;-0,35;0,00;0,00;152;187;71;31;17;414;730
2744;0,00;-619,13;0,00;0,00;0,00;-0,62;0,00;0,00;15;76;95;38;20;927;874
2745;52,81;-270,80;0,00;0,00;0,00;-0,27;0,00;0,00;245;158;175;49;20;556;403
2746;0,00;-874,42;0,00;0,00;0,00;-0,87;0,00;0,00;299;108;160;38;20;696;718
2747;87,41;231,84;0,00;0,00;0,00;0,23;0,00;0,00;126;113;117;39;34;993;370
2748;39,82;-326,18;0,00;0,00;0,00;-0,33;0,00;0,00;208;15;143;41;17;237;615
2749;28,39;-430,84;0,00;0,00;0,00;-0,43;0,00;0,00;273;102;90;36;31;786;385
2750;57,10;-126,31;0,00;0,00;0,00;-0,13;0,00;0,00;369;112;119;27;16;114;827
2751;18,29;-489,01;0,00;0,00;0,00;-0,49;0,00;0,00;327;18;92;21;39;792;630
2752;87,39;147,38;0,00;0,00;0,00;0,15;0,00;0,00;442;70;66;39;38;708;352
2753;38,83;-261,35;0,00;0,00;0,00;-0,26;0,00;0,00;39;85;12;49;29;978;651
2754;53,41;-150,95;0,00;0,00;0,00;-0,15;0,00;0,00;350;18;48;17;20;227;657
2755;37,32;-300,96;0,00;0,00;0,00;-0,30;0,00;0,00;233;189;122;38;39;387;521
2756;31,26;-397,70;0,00;0,00;0,00;-0,40;0,00;0,00;214;150;70;17;37;237;740
2757;71,47;47,12;0,00;0,00;0,00;0,05;0,00;0,00;131;186;167;23;28;204;459
2758;32,29;-283,04;0,00;0,00;0,00;-0,28;0,00;0,00;121;184;127;30;34;488;331
2759;74,29;36,40;0,00;0,00;0,00;0,04;0,00;0,00;191;161;91;19;18;341;338
2760;54,27;-146,24;0,00;0,00;0,00;-0,15;0,00;0,00;254;138;159;37;38;495;470
2761;54,06;-165,81;0,00;0,00;0,00;-0,17;0,00;0,00;120;94;140;45;21;250;153
2762;52,43;-123,88;0,00;0,00;0,00;-0,12;0,00;0,00;21;22;20;32;28;386;588
2763;0,00;-653,33;0,00;0,00;0,00;-0,65;0,00;0,00;138;177;19;41;37;898;128
2764;65,09;18,53;0,00;0,00;0,00;0,02;0,00;0,00;87;148;134;34;28;681;284
2765;62,14;-23,18;0,00;0,00;0,00;-0,02;0,00;0,00;88;119;46;27;38;741;595
2766;0,00;-668,38;0,00;0,00;0,00;-0,67;0,00;0,00;73;183;98;41;22;580;780
2767;17,99;-537,13;0,00;0,00;0,00;-0,54;0,00;0,00;341;152;87;19;36;358;557
2768;11,55;-607,42;0,00;0,00;0,00;-0,61;0,00;0,00;284;21;68;15;21;176;416
2769;46,14;-224,09;0,00;0,00;0,00;-0,22;0,00;0,00;297;128;128;49;15;247;886
2770;89,47;194,58;0,00;0,00;0,00;0,19;0,00;0,00;411;178;65;30;18;546;295
2771;36,40;-373,39;0,00;0,00;0,00;-0,37;0,00;0,00;304;90;138;22;22;645;617
2772;39,05;-263,17;0,00;0,00;0,00;-0,26;0,00;0,00;130;183;163;37;16;323;335
2773;72,44;55,39;0,00;0,00;0,00;0,06;0,00;0,00;487;97;101;27;33;666;182
2774;32,74;-401,64;0,00;0,00;0,00;-0,40;0,00;0,00;217;48;164;44;35;825;894
2775;40,32;-282,93;0,00;0,00;0,00;-0,28;0,00;0,00;333;18;32;37;25;351;672
2776;78,27;-0,54;0,00;0,00;0,00;-0,00;0,00;0,00;289;29;189;20;23;614;960
2777;16,87;-518,20;0,00;0,00;0,00;-0,52;0,00;0,00;90;23;181;16;33;547;237
2778;33,06;-363,45;0,00;0,00;0,00;-0,36;0,00;0,00;355;55;69;34;22;875;210
2779;23,05;-433,92;0,00;0,00;0,00;-0,43;0,00;0,00;289;124;98;29;23;684;505
2780;63,10;-23,58;0,00;0,00;0,00;-0,02;0,00;0,00;385;23;43;30;20;588;963
2781;72,60;-0,72;0,00;0,00;0,00;-0,00;0,00;0,00;167;32;100;23;34;918;392
2782;54,89;-153,78;0,00;0,00;0,00;-0,15;0,00;0,00;164;48;176;10;24;314;764
2783;68,01;-88,68;0,00;0,00;0,00;-0,09;0,00;0,00;258;166;102;13;28;592;689
2784;51,99;-181,43;0,00;0,00;0,00;-0,18;0,00;0,00;226;16;31;24;18;492;479
2785;42,34;-310,68;0,00;0,00;0,00;-0,31;0,00;0,00;365;92;125;19;18;583;226
2786;26,56;-506,93;0,00;0,00;0,00;-0,51;0,00;0,00;433;106;187;29;34;608;305
2787;46,78;-319,26;0,00;0,00;0,00;-0,32;0,00;0,00;404;16;66;21;38;149;969
2788;86,69;129,39;0,00;0,00;0,00;0,13;0,00;0,00;166;61;109;45;21;182;209
2789;49,57;-211,36;0,00;0,00;0,00;-0,21;0,00;0,00;196;111;140;48;30;365;420
2790;10,78;-582,20;0,00;0,00;0,00;-0,58;0,00;0,00;308;176;166;29;28;200;904
2791;43,29;-222,51;0,00;0,00;0,00;-0,22;0,00;0,00;380;66;115;21;26;240;483
2792;71,88;2,26;0,00;0,00;0,00;0,00;0,00;0,00;321;104;57;10;31;386;443
2793;57,96;-36,46;0,00;0,00;0,00;-0,04;0,00;0,00;456;128;168;40;35;352;453
2794;57,69;-69,43;0,00;0,00;0,00;-0,07;0,00;0,00;281;187;172;23;19;804;287
2795;79,60;152,06;0,00;0,00;0,00;0,15;0,00;0,00;236;36;111;32;18;386;513
2796;27,86;-430,23;0,00;0,00;0,00;-0,43;0,00;0,00;114;161;175;34;20;256;337
2797;28,34;-407,65;0,00;0,00;0,00;-0,41;0,00;0,00;252;43;39;18;31;853;969
2798;39,65;-245,73;0,00;0,00;0,00;-0,25;0,00;0,00;166;152;37;13;38;422;631
2799;28,35;-506,32;0,00;0,00;0,00;-0,51;0,00;0,00;391;76;44;19;25;125;780
2800;51,39;-244,66;0,00;0,00;0,00;-0,24;0,00;0,00;67;95;77;41;29;866;307
2801;51,87;-128,73;0,00;0,00;0,00;-0,13;0,00;0,00;338;146;192;49;25;176;830
2802;17,32;-504,47;0,00;0,00;0,00;-0,50;0,00;0,00;255;69;83;30;15;215;447
2803;68,82;-44,05;0,00;0,00;0,00;-0,04;0,00;0,00;425;25;112;25;15;239;314
2804;90,56;144,01;0,00;0,00;0,00;0,14;0,00;0,00;286;175;81;19;33;222;197
2805;82,77;89,37;0,00;0,00;0,00;0,09;0,00;0,00;222;93;84;31;24;697;176
2806;42,07;-260,83;0,00;0,00;0,00;-0,26;0,00;0,00;369;175;156;13;29;554;500
2807;45,82;-254,07;0,00;0,00;0,00;-0,25;0,00;0,00;140;172;75;34;28;848;310
2808;34,83;-375,05;0,00;0,00;0,00;-0,38;0,00;0,00;192;146;182;14;31;586;465
2809;43,97;-244,73;0,00;0,00;0,00;-0,24;0,00;0,00;281;18;41;19;20;109;327
2810;36,98;-304,60;0,00;0,00;0,00;-0,30;0,00;0,00;391;107;117;48;16;702;649
2811;80,24;75,98;0,00;0,00;0,00;0,08;0,00;0,00;437;39;111;47;26;478;234
2812;32,35;-334,23;0,00;0,00;0,00;-0,33;0,00;0,00;241;190;11;40;38;749;138
2813;25,21;-485,24;0,00;0,00;0,00;-0,49;0,00;0,00;176;117;188;15;35;364;806
2814;38,80;-324,42;0,00;0,00;0,00;-0,32;0,00;0,00;361;27;74;48;35;916;795
2815;100,00;358,88;0,00;0,00;0,00;0,36;0,00;0,00;299;133;64;34;16;468;619
2816;69,85;74,50;0,00;0,00;0,00;0,07;0,00;0,00;87;43;162;11;34;170;228
2817;68,78;2,84;0,00;0,00;0,00;0,00;0,00;0,00;252;118;182;36;20;536;347
2818;24,37;-469,76;0,00;0,00;0,00;-0,47;0,00;0,00;172;183;172;12;23;271;325
2819;0,00;-689,42;0,00;0,00;0,00;-0,69;0,00;0,00;16;155;106;43;32;841;578
2820;0,00;-796,68;0,00;0,00;0,00;-0,80;0,00;0,00;298;108;48;41;30;513;973
2821;11,20;-550,21;0,00;0,00;0,00;-0,55;0,00;0,00;10;112;59;31;30;807;645
2822;51,95;-167,27;0,00;0,00;0,00;-0,17;0,00;0,00;384;121;14;43;22;532;469
2823;50,65;-242,35;0,00;0,00;0,00;-0,24;0,00;0,00;370;77;86;13;24;546;884
2824;39,86;-314,51;0,00;0,00;0,00;-0,31;0,00;0,00;159;74;155;49;21;188;824
2825;72,15;89,52;0,00;0,00;0,00;0,09;0,00;0,00;278;175;184;36;20;879;590
2826;37,34;-341,96;0,00;0,00;0,00;-0,34;0,00;0,00;491;194;191;21;26;747;475
2827;43,62;-267,32;0,00;0,00;0,00;-0,27;0,00;0,00;88;172;54;35;35;181;303
2828;74,89;-6,55;0,00;0,00;0,00;-0,01;0,00;0,00;235;140;74;23;39;145;906
2829;25,23;-419,10;0,00;0,00;0,00;-0,42;0,00;0,00;397;150;152;33;36;710;922
2830;37,47;-341,65;0,00;0,00;0,00;-0,34;0,00;0,00;488;127;114;24;18;206;778
2831;12,00;-577,06;0,00;0,00;0,00;-0,58;0,00;0,00;203;177;58;35;17;949;751
2832;100,00;369,74;0,00;0,00;0,00;0,37;0,00;0,00;424;38;44;20;25;305;316
2833;82,49;123,43;0,00;0,00;0,00;0,12;0,00;0,00;78;132;131;20;22;881;795
2834;31,69;-419,17;0,00;0,00;0,00;-0,42;0,00;0,00;30;123;39;21;32;197;612
2835;92,33;126,18;0,00;0,00;0,00;0,13;0,00;0,00;362;51;189;10;21;974;474
2836;47,60;-130,67;0,00;0,00;0,00;-0,13;0,00;0,00;72;178;137;43;36;375;745
2837;100,00;387,50;0,00;0,00;0,00;0,39;0,00;0,00;270;111;152;26;19;680;139
2838;74,12;33,50;0,00;0,00;0,00;0,03;0,00;0,00;356;87;128;19;33;399;369
2839;69,14;-71,79;0,00;0,00;0,00;-0,07;0,00;0,00;493;101;182;22;27;798;338
2840;29,45;-395,94;0,00;0,00;0,00;-0,40;0,00;0,00;236;159;46;28;35;250;846
2841;61,24;-40,61;0,00;0,00;0,00;-0,04;0,00;0,00;452;129;11;11;33;491;640
2842;66,31;-27,91;0,00;0,00;0,00;-0,03;0,00;0,00;38;182;187;45;19;822;718
2843;49,28;-215,83;0,00;0,00;0,00;-0,22;0,00;0,00;481;92;120;40;20;585;414
2844;70,61;-40,72;0,00;0,00;0,00;-0,04;0,00;0,00;192;56;118;28;18;541;741
2845;41,10;-320,79;0,00;0,00;0,00;-0,32;0,00;0,00;322;73;113;22;24;453;260
2846;29,52;-449,91;0,00;0,00;0,00;-0,45;0,00;0,00;444;167;58;39;23;517;931
2847;49,42;-194,78;0,00;0,00;0,00;-0,19;0,00;0,00;251;47;103;48;17;502;164
2848;94,49;197,63;0,00;0,00;0,00;0,20;0,00;0,00;161;81;195;40;37;850;827
2849;35,82;-412,40;0,00;0,00;0,00;-0,41;0,00;0,00;409;120;117;38;15;257;933
2850;85,55;114,87;0,00;0,00;0,00;0,11;0,00;0,00;375;183;155;16;31;140;187
2851;89,37;186,27;0,00;0,00;0,00;0,19;0,00;0,00;428;98;16;15;27;151;229
2852;94,09;268,19;0,00;0,00;0,00;0,27;0,00;0,00;47;172;40;16;15;798;542
2853;79,78;10,19;0,00;0,00;0,00;0,01;0,00;0,00;105;71;23;32;23;837;281
2854;34,88;-248,66;0,00;0,00;0,00;-0,25;0,00;0,00;124;159;141;46;19;720;471
2855;51,16;-153,10;0,00;0,00;0,00;-0,15;0,00;0,00;14;47;41;26;36;415;433
2856;67,42;98,27;0,00;0,00;0,00;0,10;0,00;0,00;318;117;189;30;32;249;945
2857;28,08;-405,14;0,00;0,00;0,00;-0,41;0,00;0,00;455;188;99;12;19;245;819
2858;24,71;-408,47;0,00;0,00;0,00;-0,41;0,00;0,00;407;66;108;23;37;287;355
2859;48,61;-294,95;0,00;0,00;0,00;-0,29;0,00;0,00;254;156;101;28;20;405;716
2860;66,11;-95,73;0,00;0,00;0,00;-0,10;0,00;0,00;438;180;170;18;35;132;882
2861;99,05;259,39;0,00;0,00;0,00;0,26;0,00;0,00;199;163;90;47;39;259;532
2862;23,96;-483,66;0,00;0,00;0,00;-0,48;0,00;0,00;111;57;86;17;25;137;367
2863;32,37;-476,44;0,00;0,00;0,00;-0,48;0,00;0,00;271;143;77;12;34;382;894
2864;83,65;118,39;0,00;0,00;0,00;0,12;0,00;0,00;24;188;196;15;20;307;384
2865;72,20;-32,10;0,00;0,00;0,00;-0,03;0,00;0,00;56;97;140;18;27;217;235
2866;60,77;-112,54;0,00;0,00;0,00;-0,11;0,00;0,00;355;179;106;31;20;436;964
2867;49,92;-175,75;0,00;0,00;0,00;-0,18;0,00;0,00;242;11;21;18;35;446;449
2868;39,71;-231,92;0,00;0,00;0,00;-0,23;0,00;0,00;293;150;171;16;24;850;311
2869;41,95;-299,46;0,00;0,00;0,00;-0,30;0,00;0,00;354;121;187;40;17;801;939
2870;46,60;-225,21;0,00;0,00;0,00;-0,23;0,00;0,00;136;186;164;12;30;225;528
2871;39,82;-264,78;0,00;0,00;0,00;-0,26;0,00;0,00;120;183;120;43;16;996;212
2872;12,52;-598,61;0,00;0,00;0,00;-0,60;0,00;0,00;389;51;121;31;39;177;101
2873;77,56;25,31;0,00;0,00;0,00;0,03;0,00;0,00;314;66;132;15;38;612;342
2874;58,64;-121,21;0,00;0,00;0,00;-0,12;0,00;0,00;130;173;12;44;16;570;576
2875;46,24;-178,89;0,00;0,00;0,00;-0,18;0,00;0,00;235;34;63;37;32;443;470
2876;90,68;280,59;0,00;0,00;0,00;0,28;0,00;0,00;361;68;42;26;33;615;177
2877;61,07;-119,07;0,00;0,00;0,00;-0,12;0,00;0,00;422;22;30;17;37;221;932
2878;67,04;-61,26;0,00;0,00;0,00;-0,06;0,00;0,00;22;130;146;38;22;464;639
2879;64,18;26,34;0,00;0,00;0,00;0,03;0,00;0,00;171;195;80;15;29;232;611
2880;53,64;-141,02;0,00;0,00;0,00;-0,14;0,00;0,00;209;124;157;24;33;130;103
2881;33,56;-355,10;0,00;0,00;0,00;-0,36;0,00;0,00;205;25;17;32;26;752;609
2882;73,27;87,94;0,00;0,00;0,00;0,09;0,00;0,00;230;192;48;19;31;232;961
2883;83,44;62,33;0,00;0,00;0,00;0,06;0,00;0,00;113;189;132;43;21;437;826
2884;87,70;137,64;0,00;0,00;0,00;0,14;0,00;0,00;227;139;134;43;19;458;457
2885;59,00;-146,94;0,00;0,00;0,00;-0,15;0,00;0,00;165;156;136;33;36;412;483
2886;48,33;-214,85;0,00;0,00;0,00;-0,21;0,00;0,00;311;146;159;29;36;535;978
2887;70,87;-49,15;0,00;0,00;0,00;-0,05;0,00;0,00;345;158;113;12;34;636;350
2888;100,00;381,65;0,00;0,00;0,00;0,38;0,00;0,00;491;123;114;21;27;127;925
2889;30,50;-473,79;0,00;0,00;0,00;-0,47;0,00;0,00;148;13;118;38;32;262;979
2890;76,97;98,05;0,00;0,00;0,00;0,10;0,00;0,00;151;131;110;24;30;844;770
2891;100,00;268,49;0,00;0,00;0,00;0,27;0,00;0,00;487;100;94;40;27;541;582
2892;78,75;56,44;0,00;0,00;0,00;0,06;0,00;0,00;295;87;67;29;34;969;734
2893;79,62;74,60;0,00;0,00;0,00;0,07;0,00;0,00;32;53;72;12;36;941;974
2894;38,00;-324,75;0,00;0,00;0,00;-0,32;0,00;0,00;92;119;134;16;22;678;995
2895;100,00;387,26;0,00;0,00;0,00;0,39;0,00;0,00;320;107;46;18;31;491;416
2896;54,13;-50,89;0,00;0,00;0,00;-0,05;0,00;0,00;411;125;93;16;38;831;784
2897;100,00;327,06;0,00;0,00;0,00;0,33;0,00;0,00;375;171;112;38;23;332;387
2898;24,69;-419,53;0,00;0,00;0,00;-0,42;0,00;0,00;123;147;167;46;39;209;209
2899;70,53;-19,83;0,00;0,00;0,00;-0,02;0,00;0,00;312;144;128;19;29;330;858
2900;100,00;235,17;0,00;0,00;0,00;0,24;0,00;0,00;237;191;195;17;34;804;521
2901;23,68;-464,68;0,00;0,00;0,00;-0,46;0,00;0,00;147;64;155;36;24;493;798
2902;59,59;-176,51;0,00;0,00;0,00;-0,18;0,00;0,00;457;61;41;18;23;841;444
2903;70,27;29,51;0,00;0,00;0,00;0,03;0,00;0,00;184;81;108;48;25;207;226
2904;66,08;10,22;0,00;0,00;0,00;0,01;0,00;0,00;322;61;136;17;20;144;484
2905;30,47;-414,26;0,00;0,00;0,00;-0,41;0,00;0,00;330;27;80;10;36;571;857
2906;58,42;-130,49;0,00;0,00;0,00;-0,13;0,00;0,00;460;142;36;32;24;501;470
2907;45,79;-199,55;0,00;0,00;0,00;-0,20;0,00;0,00;352;101;195;28;26;393;776
2908;53,04;-108,20;0,00;0,00;0,00;-0,11;0,00;0,00;169;73;158;19;36;411;128
2909;40,10;-296,59;0,00;0,00;0,00;-0,30;0,00;0,00;90;80;159;39;39;113;915
2910;39,90;-313,81;0,00;0,00;0,00;-0,31;0,00;0,00;135;98;111;17;22;293;670
2911;20,35;-525,49;0,00;0,00;0,00;-0,53;0,00;0,00;304;127;74;48;36;757;113
2912;38,88;-381,16;0,00;0,00;0,00;-0,38;0,00;0,00;21;110;33;23;18;205;214
2913;15,55;-573,15;0,00;0,00;0,00;-0,57;0,00;0,00;184;131;74;47;36;978;535
2914;69,37;30,99;0,00;0,00;0,00;0,03;0,00;0,00;170;14;38;21;33;973;669
2915;87,58;195,28;0,00;0,00;0,00;0,20;0,00;0,00;204;106;138;16;28;800;807
2916;56,97;-69,47;0,00;0,00;0,00;-0,07;0,00;0,00;85;74;29;31;31;127;297
2917;50,99;-227,89;0,00;0,00;0,00;-0,23;0,00;0,00;265;13;100;16;27;492;754
2918;74,84;22,41;0,00;0,00;0,00;0,02;0,00;0,00;296;175;141;30;37;419;136
2919;73,88;-65,80;0,00;0,00;0,00;-0,07;0,00;0,00;202;199;159;48;31;904;588
2920;58,11;-91,57;0,00;0,00;0,00;-0,09;0,00;0,00;446;54;22;21;20;680;684
2921;62,80;-113,12;0,00;0,00;0,00;-0,11;0,00;0,00;39;95;98;40;39;974;172
2922;66,14;-29,57;0,00;0,00;0,00;-0,03;0,00;0,00;369;149;151;17;37;582;501
2923;35,82;-317,59;0,00;0,00;0,00;-0,32;0,00;0,00;45;83;86;41;22;812;280
2924;23,87;-435,85;0,00;0,00;0,00;-0,44;0,00;0,00;257;192;36;18;20;615;948
2925;46,95;-295,41;0,00;0,00;0,00;-0,30;0,00;0,00;159;194;151;48;21;902;433
2926;59,44;-121,67;0,00;0,00;0,00;-0,12;0,00;0,00;331;198;24;38;28;219;551
2927;32,90;-461,00;0,00;0,00;0,00;-0,46;0,00;0,00;454;55;188;13;24;764;352
2928;31,58;-421,84;0,00;0,00;0,00;-0,42;0,00;0,00;290;168;144;37;35;527;375
2929;53,81;-205,69;0,00;0,00;0,00;-0,21;0,00;0,00;110;130;54;26;26;352;216
2930;7,17;-625,55;0,00;0,00;0,00;-0,63;0,00;0,00;11;149;39;21;30;327;251
2931;69,30;4,75;0,00;0,00;0,00;0,00;0,00;0,00;59;98;192;16;30;242;989
2932;69,59;-60,03;0,00;0,00;0,00;-0,06;0,00;0,00;191;45;65;17;32;424;519
2933;36,07;-353,22;0,00;0,00;0,00;-0,35;0,00;0,00;437;14;112;43;34;551;234
2934;32,09;-414,80;0,00;0,00;0,00;-0,41;0,00;0,00;363;98;139;25;38;834;946
2935;30,26;-493,11;0,00;0,00;0,00;-0,49;0,00;0,00;404;17;116;46;21;397;457
2936;70,50;-1,98;0,00;0,00;0,00;-0,00;0,00;0,00;484;57;178;22;18;390;444
2937;36,96;-311,06;0,00;0,00;0,00;-0,31;0,00;0,00;245;46;86;41;39;451;847
2938;62,18;6,25;0,00;0,00;0,00;0,01;0,00;0,00;429;115;100;39;17;334;432
2939;38,75;-317,23;0,00;0,00;0,00;-0,32;0,00;0,00;369;190;97;25;33;900;557
2940;0,00;-682,78;0,00;0,00;0,00;-0,68;0,00;0,00;215;191;94;39;28;535;458
2941;67,40;-28,88;0,00;0,00;0,00;-0,03;0,00;0,00;185;135;54;48;29;195;908
2942;41,91;-216,40;0,00;0,00;0,00;-0,22;0,00;0,00;291;130;145;32;33;453;531
2943;79,99;144,42;0,00;0,00;0,00;0,14;0,00;0,00;493;120;23;43;27;924;365
2944;0,00;-800,43;0,00;0,00;0,00;-0,80;0,00;0,00;282;120;118;14;31;446;384
2945;29,69;-329,32;0,00;0,00;0,00;-0,33;0,00;0,00;306;165;99;14;19;615;970
2946;58,44;-62,56;0,00;0,00;0,00;-0,06;0,00;0,00;309;64;28;11;17;285;873
2947;38,60;-324,44;0,00;0,00;0,00;-0,32;0,00;0,00;247;156;23;12;15;834;144
2948;32,46;-285,00;0,00;0,00;0,00;-0,29;0,00;0,00;485;179;62;21;26;734;761
2949;43,66;-191,43;0,00;0,00;0,00;-0,19;0,00;0,00;236;60;12;39;16;152;380
2950;47,71;-212,16;0,00;0,00;0,00;-0,21;0,00;0,00;29;19;184;17;30;851;478
2951;60,54;-69,78;0,00;0,00;0,00;-0,07;0,00;0,00;250;33;149;48;32;787;132
2952;54,61;-171,54;0,00;0,00;0,00;-0,17;0,00;0,00;407;105;14;39;17;469;636
2953;42,62;-298,95;0,00;0,00;0,00;-0,30;0,00;0,00;308;84;131;47;33;155;484
2954;40,36;-279,16;0,00;0,00;0,00;-0,28;0,00;0,00;221;129;169;47;21;376;127
2955;86,50;145,71;0,00;0,00;0,00;0,15;0,00;0,00;495;32;98;34;34;145;243
2956;64,23;-81,27;0,00;0,00;0,00;-0,08;0,00;0,00;235;194;86;43;18;229;109
2957;39,20;-247,93;0,00;0,00;0,00;-0,25;0,00;0,00;64;167;132;26;38;515;488
2958;24,09;-403,72;0,00;0,00;0,00;-0,40;0,00;0,00;244;91;143;38;17;240;157
2959;56,32;-172,09;0,00;0,00;0,00;-0,17;0,00;0,00;344;62;135;11;33;270;841
2960;11,80;-508,27;0,00;0,00;0,00;-0,51;0,00;0,00;288;116;171;41;16;569;203
2961;62,90;-92,67;0,00;0,00;0,00;-0,09;0,00;0,00;179;51;83;29;25;123;895
2962;52,02;-230,44;0,00;0,00;0,00;-0,23;0,00;0,00;306;127;40;29;21;898;920
2963;57,40;-228,28;0,00;0,00;0,00;-0,23;0,00;0,00;260;64;114;46;32;527;467
2964;63,66;-97,26;0,00;0,00;0,00;-0,10;0,00;0,00;45;47;119;39;35;769;664
2965;0,00;-695,82;0,00;0,00;0,00;-0,70;0,00;0,00;44;167;150;46;27;441;127
2966;54,65;-243,12;0,00;0,00;0,00;-0,24;0,00;0,00;153;197;123;20;31;826;328
2967;64,37;-45,01;0,00;0,00;0,00;-0,05;0,00;0,00;429;123;78;48;39;972;122
2968;49,20;-111,15;0,00;0,00;0,00;-0,11;0,00;0,00;401;155;171;49;32;500;640
2969;77,93;82,56;0,00;0,00;0,00;0,08;0,00;0,00;367;124;82;37;35;866;226
2970;60,61;-31,80;0,00;0,00;0,00;-0,03;0,00;0,00;200;88;163;15;38;274;242
2971;54,87;-222,78;0,00;0,00;0,00;-0,22;0,00;0,00;376;39;103;13;30;920;285
2972;62,94;-59,23;0,00;0,00;0,00;-0,06;0,00;0,00;205;135;136;17;20;132;152
2973;43,22;-287,29;0,00;0,00;0,00;-0,29;0,00;0,00;158;34;67;33;19;233;550
2974;39,79;-291,27;0,00;0,00;0,00;-0,29;0,00;0,00;486;172;128;16;33;691;928
2975;35,25;-225,92;0,00;0,00;0,00;-0,23;0,00;0,00;471;73;132;30;17;123;486
2976;60,83;-20,24;0,00;0,00;0,00;-0,02;0,00;0,00;268;47;147;47;35;199;314
2977;80,26;148,99;0,00;0,00;0,00;0,15;0,00;0,00;163;129;75;46;37;252;631
2978;14,95;-584,75;0,00;0,00;0,00;-0,58;0,00;0,00;385;176;104;25;19;876;629
2979;22,56;-488,19;0,00;0,00;0,00;-0,49;0,00;0,00;485;197;55;12;15;349;379
2980;25,73;-394,35;0,00;0,00;0,00;-0,39;0,00;0,00;317;78;26;32;25;915;231
2981;18,62;-550,78;0,00;0,00;0,00;-0,55;0,00;0,00;485;127;61;14;27;460;528
2982;55,72;-254,25;0,00;0,00;0,00;-0,25;0,00;0,00;390;163;84;17;26;398;354
2983;57,00;-168,03;0,00;0,00;0,00;-0,17;0,00;0,00;47;104;157;42;18;222;753
2984;39,36;-327,62;0,00;0,00;0,00;-0,33;0,00;0,00;53;180;189;12;37;518;884
2985;30,42;-480,23;0,00;0,00;0,00;-0,48;0,00;0,00;472;47;56;14;31;221;151
2986;59,52;-61,90;0,00;0,00;0,00;-0,06;0,00;0,00;87;68;67;26;26;932;985
2987;37,45;-299,51;0,00;0,00;0,00;-0,30;0,00;0,00;113;14;86;24;35;327;477
2988;61,47;-123,15;0,00;0,00;0,00;-0,12;0,00;0,00;358;98;133;10;21;158;374
2989;32,85;-396,09;0,00;0,00;0,00;-0,40;0,00;0,00;285;73;141;27;15;128;655
2990;44,90;-239,93;0,00;0,00;0,00;-0,24;0,00;0,00;94;193;71;23;22;641;618
2991;95,82;279,25;0,00;0,00;0,00;0,28;0,00;0,00;242;141;32;32;35;250;817
2992;64,38;-51,29;0,00;0,00;0,00;-0,05;0,00;0,00;335;190;185;11;36;225;908
2993;55,66;-160,02;0,00;0,00;0,00;-0,16;0,00;0,00;101;102;131;29;33;977;391
2994;40,78;-169,49;0,00;0,00;0,00;-0,17;0,00;0,00;276;183;182;32;31;549;197
2995;22,58;-425,08;0,00;0,00;0,00;-0,43;0,00;0,00;388;46;165;27;35;767;441
2996;44,12;-207,86;0,00;0,00;0,00;-0,21;0,00;0,00;386;29;141;14;30;532;259
2997;4,13;-680,35;0,00;0,00;0,00;-0,68;0,00;0,00;301;171;176;17;37;497;159
2998;58,65;-106,85;0,00;0,00;0,00;-0,11;0,00;0,00;139;28;89;12;39;360;620
2999;85,21;182,42;0,00;0,00;0,00;0,18;0,00;0,00;396;171;74;46;32;169;154
3000;70,03;25,12;0,00;0,00;0,00;0,03;0,00;0,00;179;161;176;35;21;876;384
3001;61,74;-88,39;0,00;0,00;0,00;-0,09;0,00;0,00;406;47;63;26;32;149;251
3002;46,60;-170,31;0,00;0,00;0,00;-0,17;0,00;0,00;420;147;69;36;32;252;615
3003;47,60;-287,90;0,00;0,00;0,00;-0,29;0,00;0,00;34;110;113;23;32;980;693
3004;43,22;-358,25;0,00;0,00;0,00;-0,36;0,00;0,00;139;75;136;49;36;180;835
3005;81,57;226,71;0,00;0,00;0,00;0,23;0,00;0,00;296;161;14;29;21;671;850
3006;39,98;-343,49;0,00;0,00;0,00;-0,34;0,00;0,00;59;99;41;28;29;727;508
3007;61,32;-77,91;0,00;0,00;0,00;-0,08;0,00;0,00;72;190;136;13;34;417;319
3008;34,12;-414,20;0,00;0,00;0,00;-0,41;0,00;0,00;36;46;189;24;28;675;423
3009;89,19;204,80;0,00;0,00;0,00;0,20;0,00;0,00;384;134;88;23;29;248;855
3010;47,96;-222,61;0,00;0,00;0,00;-0,22;0,00;0,00;50;80;10;14;17;438;111
3011;100,00;290,26;0,00;0,00;0,00;0,29;0,00;0,00;466;99;64;10;28;776;350
3012;26,24;-376,33;0,00;0,00;0,00;-0,38;0,00;0,00;109;97;94;26;22;958;446
3013;0,00;-694,63;0,00;0,00;0,00;-0,69;0,00;0,00;487;80;139;29;18;257;171
3014;47,40;-171,14;0,00;0,00;0,00;-0,17;0,00;0,00;41;137;74;29;21;441;628
3015;44,81;-282,96;0,00;0,00;0,00;-0,28;0,00;0,00;133;14;175;14;21;698;753
3016;85,80;215,69;0,00;0,00;0,00;0,22;0,00;0,00;184;88;196;29;23;865;306
3017;57,58;-91,06;0,00;0,00;0,00;-0,09;0,00;0,00;25;181;40;31;21;128;860
3018;58,22;-59,81;0,00;0,00;0,00;-0,06;0,00;0,00;159;140;46;11;20;615;451
3019;41,04;-263,66;0,00;0,00;0,00;-0,26;0,00;0,00;236;82;130;30;27;182;860
3020;26,79;-426,99;0,00;0,00;0,00;-0,43;0,00;0,00;261;83;171;46;34;329;145
3021;14,70;-524,59;0,00;0,00;0,00;-0,52;0,00;0,00;439;160;96;18;17;839;961
3022;92,16;115,36;0,00;0,00;0,00;0,12;0,00;0,00;101;126;149;35;20;637;332
3023;54,65;-178,56;0,00;0,00;0,00;-0,18;0,00;0,00;497;57;23;24;32;952;914
3024;60,85;-66,35;0,00;0,00;0,00;-0,07;0,00;0,00;438;23;184;31;23;840;480
3025;30,64;-364,27;0,00;0,00;0,00;-0,36;0,00;0,00;285;31;25;30;28;565;352
3026;67,08;-25,63;0,00;0,00;0,00;-0,03;0,00;0,00;333;85;61;25;25;540;545
3027;64,21;-9,82;0,00;0,00;0,00;-0,01;0,00;0,00;44;42;64;17;27;767;184
3028;17,08;-470,99;0,00;0,00;0,00;-0,47;0,00;0,00;462;176;44;25;21;966;626
3029;23,96;-481,39;0,00;0,00;0,00;-0,48;0,00;0,00;448;68;74;20;23;180;222
3030;51,94;-151,32;0,00;0,00;0,00;-0,15;0,00;0,00;112;169;148;22;22;170;870
3031;54,80;-156,64;0,00;0,00;0,00;-0,16;0,00;0,00;483;99;195;46;24;776;873
3032;27,73;-367,12;0,00;0,00;0,00;-0,37;0,00;0,00;235;62;125;35;35;778;739
3033;49,27;-242,71;0,00;0,00;0,00;-0,24;0,00;0,00;103;160;103;37;35;904;286
3034;13,34;-508,63;0,00;0,00;0,00;-0,51;0,00;0,00;490;48;30;17;37;928;658
3035;50,21;-214,59;0,00;0,00;0,00;-0,21;0,00;0,00;160;47;77;20;19;357;810
3036;26,63;-426,73;0,00;0,00;0,00;-0,43;0,00;0,00;392;101;189;21;22;562;774
3037;83,78;49,85;0,00;0,00;0,00;0,05;0,00;0,00;76;148;56;42;24;821;720
3038;61,71;-150,55;0,00;0,00;0,00;-0,15;0,00;0,00;88;74;78;39;19;633;442
3039;31,97;-494,00;0,00;0,00;0,00;-0,49;0,00;0,00;250;188;157;23;22;991;675
3040;39,46;-315,10;0,00;0,00;0,00;-0,32;0,00;0,00;331;31;30;23;35;421;596
3041;56,05;-106,59;0,00;0,00;0,00;-0,11;0,00;0,00;499;112;80;37;34;762;302
3042;82,09;84,27;0,00;0,00;0,00;0,08;0,00;0,00;21;41;174;12;32;953;237
3043;25,48;-508,36;0,00;0,00;0,00;-0,51;0,00;0,00;468;26;50;47;38;913;524
3044;13,74;-566,69;0,00;0,00;0,00;-0,57;0,00;0,00;94;53;74;38;38;405;692
3045;32,40;-374,37;0,00;0,00;0,00;-0,37;0,00;0,00;80;190;14;27;36;389;935
3046;76,98;31,64;0,00;0,00;0,00;0,03;0,00;0,00;279;180;161;38;29;575;870
3047;27,34;-385,57;0,00;0,00;0,00;-0,39;0,00;0,00;497;48;120;16;29;788;279
3048;0,00;-678,23;0,00;0,00;0,00;-0,68;0,00;0,00;249;151;180;40;33;667;291
3049;92,91;186,32;0,00;0,00;0,00;0,19;0,00;0,00;119;74;15;16;17;596;715
3050;43,72;-333,29;0,00;0,00;0,00;-0,33;0,00;0,00;121;18;198;27;33;897;372
3051;100,00;228,34;0,00;0,00;0,00;0,23;0,00;0,00;404;29;195;29;19;416;804
3052;53,89;-200,53;0,00;0,00;0,00;-0,20;0,00;0,00;471;28;32;29;19;734;236
3053;82,41;147,49;0,00;0,00;0,00;0,15;0,00;0,00;493;171;89;18;35;366;694
3054;50,84;-237,52;0,00;0,00;0,00;-0,24;0,00;0,00;112;50;114;43;29;338;527
3055;71,25;-56,85;0,00;0,00;0,00;-0,06;0,00;0,00;424;107;55;13;36;374;265
3056;23,18;-478,13;0,00;0,00;0,00;-0,48;0,00;0,00;241;196;89;12;18;504;765
3057;18,14;-502,09;0,00;0,00;0,00;-0,50;0,00;0,00;173;146;105;28;31;598;616
3058;4,48;-601,29;0,00;0,00;0,00;-0,60;0,00;0,00;100;127;174;33;24;670;772
3059;71,48;-42,97;0,00;0,00;0,00;-0,04;0,00;0,00;12;102;182;33;30;166;404
3060;30,85;-247,85;0,00;0,00;0,00;-0,25;0,00;0,00;393;180;74;43;37;688;340
3061;38,04;-383,67;0,00;0,00;0,00;-0,38;0,00;0,00;20;121;154;49;39;316;570
3062;65,48;66,24;0,00;0,00;0,00;0,07;0,00;0,00;64;155;30;40;30;417;985
3063;86,69;198,57;0,00;0,00;0,00;0,20;0,00;0,00;464;135;88;34;32;443;497
3064;81,80;161,80;0,00;0,00;0,00;0,16;0,00;0,00;297;80;88;12;23;601;178
3065;67,39;-62,38;0,00;0,00;0,00;-0,06;0,00;0,00;61;10;79;30;21;912;399
3066;23,89;-524,10;0,00;0,00;0,00;-0,52;0,00;0,00;277;29;157;21;23;636;384
3067;50,12;-158,95;0,00;0,00;0,00;-0,16;0,00;0,00;260;165;12;13;38;481;115
3068;71,82;6,06;0,00;0,00;0,00;0,01;0,00;0,00;27;83;110;33;26;970;369
3069;70,61;-20,89;0,00;0,00;0,00;-0,02;0,00;0,00;240;198;53;14;24;680;754
3070;47,97;-263,00;0,00;0,00;0,00;-0,26;0,00;0,00;47;96;158;15;32;165;187
3071;58,06;-140,33;0,00;0,00;0,00;-0,14;0,00;0,00;102;145;161;10;36;437;999
3072;77,84;69,40;0,00;0,00;0,00;0,07;0,00;0,00;178;85;194;44;15;679;437
3073;81,22;126,51;0,00;0,00;0,00;0,13;0,00;0,00;190;97;154;34;39;303;837
3074;53,57;-199,98;0,00;0,00;0,00;-0,20;0,00;0,00;83;74;56;23;16;632;212
3075;24,40;-579,96;0,00;0,00;0,00;-0,58;0,00;0,00;281;183;195;48;23;432;713
3076;76,03;76,22;0,00;0,00;0,00;0,08;0,00;0,00;176;19;173;25;33;105;165
3077;73,70;56,37;0,00;0,00;0,00;0,06;0,00;0,00;446;147;167;39;15;661;940
3078;54,93;-200,62;0,00;0,00;0,00;-0,20;0,00;0,00;310;91;85;19;34;410;462
3079;53,96;-183,31;0,00;0,00;0,00;-0,18;0,00;0,00;97;41;15;18;19;975;315
3080;23,82;-451,22;0,00;0,00;0,00;-0,45;0,00;0,00;81;155;64;35;38;689;961
3081;45,79;-205,26;0,00;0,00;0,00;-0,21;0,00;0,00;240;100;62;17;38;449;976
3082;25,54;-461,82;0,00;0,00;0,00;-0,46;0,00;0,00;159;46;142;37;35;551;113
3083;35,17;-313,98;0,00;0,00;0,00;-0,31;0,00;0,00;318;157;51;38;20;503;211
3084;64,22;-48,26;0,00;0,00;0,00;-0,05;0,00;0,00;260;160;100;49;30;386;908
3085;39,47;-316,42;0,00;0,00;0,00;-0,32;0,00;0,00;166;76;77;39;26;673;831
3086;86,21;156,50;0,00;0,00;0,00;0,16;0,00;0,00;303;109;83;30;30;145;949
3087;34,55;-337,75;0,00;0,00;0,00;-0,34;0,00;0,00;222;35;185;29;23;140;349
3088;44,05;-330,05;0,00;0,00;0,00;-0,33;0,00;0,00;464;79;87;46;23;262;171
3089;61,36;-133,31;0,00;0,00;0,00;-0,13;0,00;0,00;253;96;194;31;22;203;153
3090;43,84;-299,22;0,00;0,00;0,00;-0,30;0,00;0,00;274;33;148;41;37;806;201
3091;55,52;-137,01;0,00;0,00;0,00;-0,14;0,00;0,00;260;66;18;18;34;507;558
3092;44,86;-279,52;0,00;0,00;0,00;-0,28;0,00;0,00;379;66;13;28;30;784;632
3093;26,36;-404,00;0,00;0,00;0,00;-0,40;0,00;0,00;378;20;76;49;21;690;860
3094;47,68;-204,10;0,00;0,00;0,00;-0,20;0,00;0,00;51;51;165;21;33;363;813
3095;50,07;-332,13;0,00;0,00;0,00;-0,33;0,00;0,00;21;106;120;29;21;151;467
3096;27,00;-387,75;0,00;0,00;0,00;-0,39;0,00;0,00;372;150;178;39;21;541;224
3097;100,00;287,15;0,00;0,00;0,00;0,29;0,00;0,00;277;113;74;47;32;894;287
3098;75,77;-32,75;0,00;0,00;0,00;-0,03;0,00;0,00;492;37;33;11;30;382;757
3099;22,03;-471,32;0,00;0,00;0,00;-0,47;0,00;0,00;334;32;103;44;28;329;348
3100;54,93;-42,32;0,00;0,00;0,00;-0,04;0,00;0,00;37;176;96;34;29;771;324
3101;47,92;-244,21;0,00;0,00;0,00;-0,24;0,00;0,00;118;142;90;10;38;400;878
3102;29,21;-354,36;0,00;0,00;0,00;-0,35;0,00;0,00;339;24;112;43;23;156;422
3103;87,16;229,17;0,00;0,00;0,00;0,23;0,00;0,00;80;58;14;13;39;677;688
3104;77,15;119,36;0,00;0,00;0,00;0,12;0,00;0,00;369;142;126;46;35;996;936
3105;100,00;283,97;0,00;0,00;0,00;0,28;0,00;0,00;91;167;127;29;20;285;380
3106;45,73;-244,04;0,00;0,00;0,00;-0,24;0,00;0,00;137;166;34;15;15;644;315
3107;82,38;119,47;0,00;0,00;0,00;0,12;0,00;0,00;396;128;175;40;25;519;608
3108;15,62;-513,71;0,00;0,00;0,00;-0,51;0,00;0,00;71;68;161;46;21;388;367
3109;39,48;-441,49;0,00;0,00;0,00;-0,44;0,00;0,00;202;114;17;41;35;379;220
3110;23,90;-455,21;0,00;0,00;0,00;-0,46;0,00;0,00;253;24;63;25;15;420;386
3111;50,08;-179,55;0,00;0,00;0,00;-0,18;0,00;0,00;208;169;184;19;18;909;204
3112;59,19;-173,10;0,00;0,00;0,00;-0,17;0,00;0,00;312;196;177;15;38;847;568
3113;19,62;-452,84;0,00;0,00;0,00;-0,45;0,00;0,00;225;192;58;42;32;382;797
3114;88,48;218,25;0,00;0,00;0,00;0,22;0,00;0,00;318;166;83;30;18;806;603
3115;84,51;202,49;0,00;0,00;0,00;0,20;0,00;0,00;335;133;160;42;33;255;958
3116;75,86;74,54;0,00;0,00;0,00;0,07;0,00;0,00;393;50;133;23;27;650;941
3117;23,10;-591,96;0,00;0,00;0,00;-0,59;0,00;0,00;457;50;190;19;30;637;151
3118;61,58;-74,12;0,00;0,00;0,00;-0,07;0,00;0,00;382;184;94;35;29;960;453
3119;55,38;-129,58;0,00;0,00;0,00;-0,13;0,00;0,00;312;149;175;47;32;779;840
3120;11,63;-537,19;0,00;0,00;0,00;-0,54;0,00;0,00;400;143;106;21;26;213;886
3121;31,56;-387,66;0,00;0,00;0,00;-0,39;0,00;0,00;364;29;100;19;29;204;469
3122;72,54;34,67;0,00;0,00;0,00;0,03;0,00;0,00;371;32;47;15;31;705;211
3123;81,40;174,92;0,00;0,00;0,00;0,17;0,00;0,00;392;129;14;10;36;683;194
3124;61,17;-202,44;0,00;0,00;0,00;-0,20;0,00;0,00;61;174;10;17;21;270;585
3125;64,10;-37,12;0,00;0,00;0,00;-0,04;0,00;0,00;79;124;41;40;26;877;437
3126;43,79;-348,60;0,00;0,00;0,00;-0,35;0,00;0,00;193;74;83;22;35;774;666
3127;45,46;-263,87;0,00;0,00;0,00;-0,26;0,00;0,00;496;139;73;34;28;830;559
3128;83,93;212,35;0,00;0,00;0,00;0,21;0,00;0,00;397;196;30;29;39;617;889
3129;11,92;-585,16;0,00;0,00;0,00;-0,59;0,00;0,00;263;85;40;42;29;637;908
3130;70,31;-43,38;0,00;0,00;0,00;-0,04;0,00;0,00;172;67;157;48;26;996;902
3131;46,41;-231,12;0,00;0,00;0,00;-0,23;0,00;0,00;62;178;70;37;38;496;925
3132;31,94;-370,25;0,00;0,00;0,00;-0,37;0,00;0,00;443;10;18;17;18;685;539
3133;0,00;-635,86;0,00;0,00;0,00;-0,64;0,00;0,00;401;103;127;45;35;377;960
3134;28,48;-427,31;0,00;0,00;0,00;-0,43;0,00;0,00;289;189;174;11;20;111;980
3135;35,58;-307,24;0,00;0,00;0,00;-0,31;0,00;0,00;273;62;31;27;19;229;381
3136;29,03;-403,05;0,00;0,00;0,00;-0,40;0,00;0,00;391;64;176;10;17;966;956
3137;24,62;-496,78;0,00;0,00;0,00;-0,50;0,00;0,00;158;104;178;49;31;349;128
3138;77,76;16,92;0,00;0,00;0,00;0,02;0,00;0,00;117;152;44;34;24;490;423
3139;60,65;-104,24;0,00;0,00;0,00;-0,10;0,00;0,00;437;116;169;46;35;557;558
3140;77,50;136,37;0,00;0,00;0,00;0,14;0,00;0,00;186;155;11;38;20;396;154
3141;34,96;-376,60;0,00;0,00;0,00;-0,38;0,00;0,00;482;161;191;12;34;918;394
3142;90,08;213,78;0,00;0,00;0,00;0,21;0,00;0,00;127;125;193;48;17;649;602
3143;60,31;-58,68;0,00;0,00;0,00;-0,06;0,00;0,00;269;167;104;48;19;276;125
3144;12,60;-629,88;0,00;0,00;0,00;-0,63;0,00;0,00;316;158;164;49;19;252;319
3145;52,03;-175,29;0,00;0,00;0,00;-0,18;0,00;0,00;212;64;42;28;30;189;451
3146;73,72;51,64;0,00;0,00;0,00;0,05;0,00;0,00;76;21;20;19;37;221;678
3147;0,00;-691,62;0,00;0,00;0,00;-0,69;0,00;0,00;189;137;42;14;38;809;302
3148;60,45;-161,42;0,00;0,00;0,00;-0,16;0,00;0,00;482;186;88;22;24;901;566
3149;44,89;-280,94;0,00;0,00;0,00;-0,28;0,00;0,00;307;116;84;46;32;111;835
3150;71,13;-27,09;0,00;0,00;0,00;-0,03;0,00;0,00;334;73;79;33;21;980;614
3151;89,29;175,45;0,00;0,00;0,00;0,18;0,00;0,00;484;180;109;31;36;204;892
3152;19,78;-512,13;0,00;0,00;0,00;-0,51;0,00;0,00;209;22;125;29;18;959;839
3153;63,41;-75,20;0,00;0,00;0,00;-0,08;0,00;0,00;290;24;198;17;19;401;589
3154;43,54;-271,97;0,00;0,00;0,00;-0,27;0,00;0,00;235;42;189;34;32;217;930
3155;32,93;-331,01;0,00;0,00;0,00;-0,33;0,00;0,00;379;46;171;20;38;109;171
3156;55,63;-179,90;0,00;0,00;0,00;-0,18;0,00;0,00;229;71;89;13;18;384;676
3157;56,58;-208,35;0,00;0,00;0,00;-0,21;0,00;0,00;218;51;111;13;32;793;421
3158;94,64;265,17;0,00;0,00;0,00;0,27;0,00;0,00;234;42;44;29;22;932;906
3159;96,91;278,71;0,00;0,00;0,00;0,28;0,00;0,00;397;37;194;37;31;411;902
3160;11,55;-693,31;0,00;0,00;0,00;-0,69;0,00;0,00;178;19;172;31;22;196;176
3161;69,70;57,38;0,00;0,00;0,00;0,06;0,00;0,00;219;134;61;15;39;684;593
3162;0,00;-748,62;0,00;0,00;0,00;-0,75;0,00;0,00;165;145;183;16;35;397;247
3163;29,58;-451,91;0,00;0,00;0,00;-0,45;0,00;0,00;387;192;84;27;19;580;977
3164;63,82;-90,11;0,00;0,00;0,00;-0,09;0,00;0,00;60;45;96;20;39;801;211
3165;89,50;171,82;0,00;0,00;0,00;0,17;0,00;0,00;38;112;14;31;17;689;146
3166;53,84;-164,06;0,00;0,00;0,00;-0,16;0,00;0,00;212;75;168;46;26;973;819
3167;57,80;-128,80;0,00;0,00;0,00;-0,13;0,00;0,00;399;84;191;15;24;418;138
3168;60,86;-153,54;0,00;0,00;0,00;-0,15;0,00;0,00;114;70;107;41;33;226;953
3169;65,51;-67,88;0,00;0,00;0,00;-0,07;0,00;0,00;97;186;163;27;36;518;467
3170;66,79;-97,88;0,00;0,00;0,00;-0,10;0,00;0,00;463;190;55;10;34;214;747
3171;17,23;-510,93;0,00;0,00;0,00;-0,51;0,00;0,00;428;12;149;37;32;725;601
3172;56,86;-66,07;0,00;0,00;0,00;-0,07;0,00;0,00;146;58;159;13;24;540;920
3173;91,43;143,85;0,00;0,00;0,00;0,14;0,00;0,00;394;122;135;18;30;185;406
3174;43,50;-256,34;0,00;0,00;0,00;-0,26;0,00;0,00;431;137;156;46;17;633;863
3175;100,00;271,41;0,00;0,00;0,00;0,27;0,00;0,00;481;81;111;28;29;441;618
3176;48,03;-249,60;0,00;0,00;0,00;-0,25;0,00;0,00;209;23;15;29;22;610;395
3177;51,96;-276,36;0,00;0,00;0,00;-0,28;0,00;0,00;111;15;188;20;38;960;951
3178;58,22;-124,76;0,00;0,00;0,00;-0,12;0,00;0,00;454;37;54;23;20;897;415
3179;49,79;-181,02;0,00;0,00;0,00;-0,18;0,00;0,00;64;29;169;15;30;470;159
3180;42,77;-275,08;0,00;0,00;0,00;-0,28;0,00;0,00;117;164;155;43;17;907;195
3181;36,61;-327,23;0,00;0,00;0,00;-0,33;0,00;0,00;254;69;110;23;36;850;328
3182;46,55;-148,67;0,00;0,00;0,00;-0,15;0,00;0,00;373;134;54;20;20;479;504
3183;22,26;-449,78;0,00;0,00;0,00;-0,45;0,00;0,00;485;81;102;35;31;899;954
3184;85,99;189,12;0,00;0,00;0,00;0,19;0,00;0,00;451;144;115;31;23;848;271
3185;100,00;288,38;0,00;0,00;0,00;0,29;0,00;0,00;381;24;112;12;31;818;409
3186;46,26;-136,11;0,00;0,00;0,00;-0,14;0,00;0,00;115;28;113;29;16;275;951
3187;72,79;47,34;0,00;0,00;0,00;0,05;0,00;0,00;326;156;115;49;38;800;854
3188;45,98;-269,49;0,00;0,00;0,00;-0,27;0,00;0,00;170;40;13;26;32;300;673
3189;80,75;69,36;0,00;0,00;0,00;0,07;0,00;0,00;324;95;83;43;29;184;490
3190;33,97;-260,04;0,00;0,00;0,00;-0,26;0,00;0,00;277;57;165;19;16;685;371
3191;52,55;-213,28;0,00;0,00;0,00;-0,21;0,00;0,00;183;42;28;16;22;170;262
3192;34,14;-433,71;0,00;0,00;0,00;-0,43;0,00;0,00;259;116;120;28;31;850;158
3193;93,09;251,16;0,00;0,00;0,00;0,25;0,00;0,00;109;172;110;21;20;146;748
3194;91,01;203,45;0,00;0,00;0,00;0,20;0,00;0,00;274;87;122;36;37;271;945
3195;88,34;211,25;0,00;0,00;0,00;0,21;0,00;0,00;353;137;31;34;19;884;640
3196;78,84;121,17;0,00;0,00;0,00;0,12;0,00;0,00;116;67;88;18;22;786;132
3197;11,49;-640,07;0,00;0,00;0,00;-0,64;0,00;0,00;23;83;85;48;29;743;902
3198;54,48;-80,76;0,00;0,00;0,00;-0,08;0,00;0,00;150;43;29;46;24;409;262
3199;36,42;-303,99;0,00;0,00;0,00;-0,30;0,00;0,00;466;12;186;39;38;321;572
3200;22,06;-510,45;0,00;0,00;0,00;-0,51;0,00;0,00;252;155;13;47;33;466;456
3201;87,98;140,44;0,00;0,00;0,00;0,14;0,00;0,00;33;84;190;47;28;884;389
3202;23,91;-406,87;0,00;0,00;0,00;-0,41;0,00;0,00;315;148;105;22;34;445;709
3203;61,34;-119,05;0,00;0,00;0,00;-0,12;0,00;0,00;139;119;164;24;39;119;599
3204;65,59;-24,20;0,00;0,00;0,00;-0,02;0,00;0,00;88;139;155;46;33;564;293
3205;0,00;-665,56;0,00;0,00;0,00;-0,67;0,00;0,00;397;11;176;39;16;780;315
3206;25,72;-399,35;0,00;0,00;0,00;-0,40;0,00;0,00;313;129;188;24;36;206;453
3207;25,27;-402,56;0,00;0,00;0,00;-0,40;0,00;0,00;222;150;51;43;30;354;120
3208;43,96;-344,31;0,00;0,00;0,00;-0,34;0,00;0,00;209;111;125;16;23;753;361
3209;81,34;125,17;0,00;0,00;0,00;0,13;0,00;0,00;401;101;58;41;35;525;394
3210;77,75;106,93;0,00;0,00;0,00;0,11;0,00;0,00;342;187;145;32;35;607;488
3211;29,40;-516,21;0,00;0,00;0,00;-0,52;0,00;0,00;422;116;171;24;29;271;774
3212;37,98;-418,39;0,00;0,00;0,00;-0,42;0,00;0,00;268;26;112;41;37;786;657
3213;75,82;80,51;0,00;0,00;0,00;0,08;0,00;0,00;279;116;109;48;27;468;178
3214;71,32;-9,49;0,00;0,00;0,00;-0,01;0,00;0,00;84;95;158;49;32;984;655
3215;56,01;-130,17;0,00;0,00;0,00;-0,13;0,00;0,00;419;83;23;16;33;566;854
3216;30,15;-392,05;0,00;0,00;0,00;-0,39;0,00;0,00;121;186;49;30;26;214;307
3217;40,65;-315,02;0,00;0,00;0,00;-0,32;0,00;0,00;239;150;182;25;38;891;323
3218;56,26;-197,50;0,00;0,00;0,00;-0,20;0,00;0,00;112;136;147;14;29;960;886
3219;20,96;-510,95;0,00;0,00;0,00;-0,51;0,00;0,00;112;144;45;44;15;731;742
3220;77,22;139,50;0,00;0,00;0,00;0,14;0,00;0,00;108;132;32;10;19;810;717
3221;38,69;-291,09;0,00;0,00;0,00;-0,29;0,00;0,00;287;23;57;10;15;430;961
3222;31,10;-405,02;0,00;0,00;0,00;-0,41;0,00;0,00;85;110;53;26;33;790;364
3223;57,62;-144,08;0,00;0,00;0,00;-0,14;0,00;0,00;288;80;12;21;18;722;682
3224;87,99;140,61;0,00;0,00;0,00;0,14;0,00;0,00;140;26;186;19;16;440;383
3225;1,02;-607,62;0,00;0,00;0,00;-0,61;0,00;0,00;277;42;109;24;32;672;782
3226;60,53;-80,23;0,00;0,00;0,00;-0,08;0,00;0,00;99;22;120;35;28;640;901
3227;0,00;-792,78;0,00;0,00;0,00;-0,79;0,00;0,00;126;21;180;10;30;135;472
3228;33,83;-317,09;0,00;0,00;0,00;-0,32;0,00;0,00;486;92;11;14;21;604;757
3229;32,46;-264,44;0,00;0,00;0,00;-0,26;0,00;0,00;182;134;67;25;17;620;827
3230;66,41;-108,75;0,00;0,00;0,00;-0,11;0,00;0,00;492;54;42;38;27;813;953
3231;45,56;-206,43;0,00;0,00;0,00;-0,21;0,00;0,00;319;146;165;40;32;101;769
3232;32,62;-267,91;0,00;0,00;0,00;-0,27;0,00;0,00;112;197;77;27;31;696;427
3233;59,73;-73,74;0,00;0,00;0,00;-0,07;0,00;0,00;127;47;114;43;27;701;769
3234;72,98;-43,42;0,00;0,00;0,00;-0,04;0,00;0,00;14;16;135;42;38;693;875
3235;77,86;87,34;0,00;0,00;0,00;0,09;0,00;0,00;103;40;130;21;38;831;947
3236;50,15;-221,12;0,00;0,00;0,00;-0,22;0,00;0,00;392;84;111;13;18;376;793
3237;54,80;-109,92;0,00;0,00;0,00;-0,11;0,00;0,00;355;73;133;26;19;946;329
3238;100,00;308,05;0,00;0,00;0,00;0,31;0,00;0,00;80;22;90;42;15;584;632
3239;40,41;-306,73;0,00;0,00;0,00;-0,31;0,00;0,00;172;56;12;11;20;101;856
3240;34,25;-340,06;0,00;0,00;0,00;-0,34;0,00;0,00;104;43;168;45;26;184;551
3241;73,44;-5,94;0,00;0,00;0,00;-0,01;0,00;0,00;450;191;45;23;24;135;781
3242;35,17;-395,04;0,00;0,00;0,00;-0,40;0,00;0,00;47;103;151;39;28;987;756
3243;56,77;-136,53;0,00;0,00;0,00;-0,14;0,00;0,00;419;19;97;44;32;418;614
3244;56,45;-89,19;0,00;0,00;0,00;-0,09;0,00;0,00;499;151;50;38;24;421;410
3245;62,20;-53,57;0,00;0,00;0,00;-0,05;0,00;0,00;363;68;107;37;15;142;150
3246;41,77;-201,59;0,00;0,00;0,00;-0,20;0,00;0,00;241;115;31;26;39;729;573
3247;56,82;-205,81;0,00;0,00;0,00;-0,21;0,00;0,00;64;164;161;19;30;352;892
3248;25,45;-425,43;0,00;0,00;0,00;-0,43;0,00;0,00;60;71;128;13;16;628;628
3249;31,80;-325,66;0,00;0,00;0,00;-0,33;0,00;0,00;317;19;139;19;21;415;373
3250;64,56;-64,80;0,00;0,00;0,00;-0,06;0,00;0,00;217;83;11;32;35;858;142
3251;41,90;-342,64;0,00;0,00;0,00;-0,34;0,00;0,00;304;143;27;43;25;268;139
3252;50,78;-161,58;0,00;0,00;0,00;-0,16;0,00;0,00;19;37;156;12;26;451;244
3253;56,58;-165,69;0,00;0,00;0,00;-0,17;0,00;0,00;309;51;108;13;22;324;863
3254;53,70;-181,32;0,00;0,00;0,00;-0,18;0,00;0,00;161;176;173;42;37;884;355
3255;65,10;-48,37;0,00;0,00;0,00;-0,05;0,00;0,00;488;96;19;41;27;158;954
3256;68,34;-79,01;0,00;0,00;0,00;-0,08;0,00;0,00;329;141;15;18;39;832;232
3257;55,68;-199,02;0,00;0,00;0,00;-0,20;0,00;0,00;156;96;99;10;38;628;944
3258;86,42;179,24;0,00;0,00;0,00;0,18;0,00;0,00;397;59;115;41;17;917;229
3259;13,73;-490,01;0,00;0,00;0,00;-0,49;0,00;0,00;85;34;27;40;36;387;134
3260;63,08;-55,13;0,00;0,00;0,00;-0,06;0,00;0,00;382;131;48;38;37;393;520
3261;63,16;-63,61;0,00;0,00;0,00;-0,06;0,00;0,00;25;37;20;27;28;630;282
3262;42,39;-270,20;0,00;0,00;0,00;-0,27;0,00;0,00;375;142;75;24;23;321;155
3263;58,70;-38,04;0,00;0,00;0,00;-0,04;0,00;0,00;251;134;77;38;34;335;813
3264;26,55;-495,52;0,00;0,00;0,00;-0,50;0,00;0,00;92;40;153;45;16;443;582
3265;45,06;-195,87;0,00;0,00;0,00;-0,20;0,00;0,00;369;77;52;19;38;136;432
3266;65,25;-76,13;0,00;0,00;0,00;-0,08;0,00;0,00;169;165;82;11;25;447;471
3267;47,39;-212,29;0,00;0,00;0,00;-0,21;0,00;0,00;42;61;151;37;24;226;988
3268;91,69;152,73;0,00;0,00;0,00;0,15;0,00;0,00;318;147;157;23;27;883;539
3269;71,94;36,97;0,00;0,00;0,00;0,04;0,00;0,00;229;146;82;35;27;224;975
3270;17,41;-576,77;0,00;0,00;0,00;-0,58;0,00;0,00;385;158;49;41;21;673;688
3271;32,98;-267,02;0,00;0,00;0,00;-0,27;0,00;0,00;113;156;135;19;21;961;375
3272;29,41;-464,15;0,00;0,00;0,00;-0,46;0,00;0,00;215;87;71;16;21;527;187
3273;41,93;-357,41;0,00;0,00;0,00;-0,36;0,00;0,00;271;14;97;20;29;492;947
3274;32,73;-391,65;0,00;0,00;0,00;-0,39;0,00;0,00;413;187;109;35;29;821;964
3275;100,00;277,91;0,00;0,00;0,00;0,28;0,00;0,00;161;177;147;17;22;582;243
3276;40,14;-290,25;0,00;0,00;0,00;-0,29;0,00;0,00;362;86;15;33;23;601;282
3277;19,47;-467,15;0,00;0,00;0,00;-0,47;0,00;0,00;422;110;46;47;28;254;933
3278;20,18;-495,34;0,00;0,00;0,00;-0,50;0,00;0,00;433;173;163;35;19;648;219
3279;9,65;-504,69;0,00;0,00;0,00;-0,50;0,00;0,00;225;106;13;12;39;798;910
3280;44,95;-247,54;0,00;0,00;0,00;-0,25;0,00;0,00;379;22;96;38;30;810;571
3281;46,50;-269,10;0,00;0,00;0,00;-0,27;0,00;0,00;309;18;65;32;19;106;261
3282;51,79;-218,07;0,00;0,00;0,00;-0,22;0,00;0,00;92;48;73;46;23;320;337
3283;57,08;-105,22;0,00;0,00;0,00;-0,11;0,00;0,00;321;135;102;13;28;817;561
3284;26,27;-378,09;0,00;0,00;0,00;-0,38;0,00;0,00;62;10;45;31;35;569;700
3285;56,05;-168,84;0,00;0,00;0,00;-0,17;0,00;0,00;349;186;96;21;32;125;165
3286;68,90;57,79;0,00;0,00;0,00;0,06;0,00;0,00;85;61;192;38;39;580;202
3287;6,10;-684,11;0,00;0,00;0,00;-0,68;0,00;0,00;32;82;119;39;29;940;865
3288;51,65;-166,81;0,00;0,00;0,00;-0,17;0,00;0,00;152;50;134;29;15;852;968
3289;52,00;-158,01;0,00;0,00;0,00;-0,16;0,00;0,00;499;171;79;36;31;729;438
3290;41,91;-338,70;0,00;0,00;0,00;-0,34;0,00;0,00;375;122;160;25;26;447;804
3291;29,76;-423,30;0,00;0,00;0,00;-0,42;0,00;0,00;415;68;137;48;31;784;959
3292;19,13;-418,32;0,00;0,00;0,00;-0,42;0,00;0,00;260;180;49;17;30;782;902
3293;38,58;-335,91;0,00;0,00;0,00;-0,34;0,00;0,00;477;52;11;36;32;554;944
3294;49,78;-190,52;0,00;0,00;0,00;-0,19;0,00;0,00;210;116;49;26;19;366;962
3295;19,66;-471,61;0,00;0,00;0,00;-0,47;0,00;0,00;453;139;164;42;38;739;627
3296;59,81;-171,27;0,00;0,00;0,00;-0,17;0,00;0,00;47;133;137;39;28;368;549
3297;49,06;-169,98;0,00;0,00;0,00;-0,17;0,00;0,00;309;137;190;24;32;806;692
3298;34,58;-330,65;0,00;0,00;0,00;-0,33;0,00;0,00;370;28;191;20;27;437;616
3299;64,74;-51,34;0,00;0,00;0,00;-0,05;0,00;0,00;29;110;93;30;24;382;285
3300;93,11;261,60;0,00;0,00;0,00;0,26;0,00;0,00;231;141;192;41;30;995;956
3301;54,80;-126,71;0,00;0,00;0,00;-0,13;0,00;0,00;70;80;189;49;16;565;697
3302;40,59;-264,84;0,00;0,00;0,00;-0,26;0,00;0,00;498;106;18;23;23;401;315
3303;56,06;-130,46;0,00;0,00;0,00;-0,13;0,00;0,00;287;24;42;45;22;489;227
3304;42,50;-257,96;0,00;0,00;0,00;-0,26;0,00;0,00;302;99;191;48;28;661;220
3305;26,84;-463,61;0,00;0,00;0,00;-0,46;0,00;0,00;293;118;161;40;29;946;613
3306;97,82;196,74;0,00;0,00;0,00;0,20;0,00;0,00;426;137;113;34;29;839;313
3307;48,56;-182,53;0,00;0,00;0,00;-0,18;0,00;0,00;199;164;74;33;24;984;451
3308;14,52;-599,74;0,00;0,00;0,00;-0,60;0,00;0,00;323;73;54;10;32;479;320
3309;100,00;335,48;0,00;0,00;0,00;0,34;0,00;0,00;122;96;114;40;19;636;419
3310;33,02;-369,78;0,00;0,00;0,00;-0,37;0,00;0,00;313;134;132;23;15;132;858
3311;70,93;50,05;0,00;0,00;0,00;0,05;0,00;0,00;243;128;127;11;32;676;971
3312;37,39;-329,50;0,00;0,00;0,00;-0,33;0,00;0,00;483;184;38;42;30;170;215
3313;58,71;-105,34;0,00;0,00;0,00;-0,11;0,00;0,00;260;76;168;30;20;659;370
3314;84,13;158,84;0,00;0,00;0,00;0,16;0,00;0,00;307;105;121;26;30;975;412
3315;89,85;226,75;0,00;0,00;0,00;0,23;0,00;0,00;112;174;146;28;18;373;325
3316;45,52;-259,51;0,00;0,00;0,00;-0,26;0,00;0,00;314;199;54;19;37;804;529
3317;75,80;76,45;0,00;0,00;0,00;0,08;0,00;0,00;485;101;48;29;18;818;658
3318;6,91;-578,93;0,00;0,00;0,00;-0,58;0,00;0,00;482;75;83;21;20;385;307
3319;51,71;-194,71;0,00;0,00;0,00;-0,19;0,00;0,00;30;121;147;18;25;734;583
3320;38,79;-372,36;0,00;0,00;0,00;-0,37;0,00;0,00;403;145;175;24;27;591;727
3321;55,96;-96,38;0,00;0,00;0,00;-0,10;0,00;0,00;161;128;183;48;23;870;662
3322;73,33;46,72;0,00;0,00;0,00;0,05;0,00;0,00;343;53;113;33;32;992;902
3323;89,30;262,87;0,00;0,00;0,00;0,26;0,00;0,00;12;180;120;46;31;990;735
3324;38,40;-262,97;0,00;0,00;0,00;-0,26;0,00;0,00;153;167;134;19;17;972;663
3325;32,95;-439,46;0,00;0,00;0,00;-0,44;0,00;0,00;60;39;34;15;22;170;646
3326;69,03;-45,54;0,00;0,00;0,00;-0,05;0,00;0,00;403;32;104;14;28;570;560
3327;26,34;-501,95;0,00;0,00;0,00;-0,50;0,00;0,00;288;41;127;19;25;997;755
3328;52,57;-164,37;0,00;0,00;0,00;-0,16;0,00;0,00;86;167;54;10;15;775;819
3329;71,51;28,33;0,00;0,00;0,00;0,03;0,00;0,00;284;160;14;20;20;889;976
3330;79,04;81,21;0,00;0,00;0,00;0,08;0,00;0,00;93;64;162;36;25;978;317
3331;16,24;-513,67;0,00;0,00;0,00;-0,51;0,00;0,00;48;100;195;48;29;618;938
3332;49,56;-174,41;0,00;0,00;0,00;-0,17;0,00;0,00;227;10;140;20;16;635;648
3333;37,92;-313,50;0,00;0,00;0,00;-0,31;0,00;0,00;18;62;112;19;34;426;220
3334;25,36;-416,09;0,00;0,00;0,00;-0,42;0,00;0,00;185;104;98;41;39;365;437
3335;33,98;-406,70;0,00;0,00;0,00;-0,41;0,00;0,00;32;69;103;22;28;760;905
3336;76,09;21,89;0,00;0,00;0,00;0,02;0,00;0,00;166;142;43;46;23;681;757
3337;35,73;-363,95;0,00;0,00;0,00;-0,36;0,00;0,00;444;61;118;25;34;558;594
3338;28,43;-498,47;0,00;0,00;0,00;-0,50;0,00;0,00;219;43;146;47;25;617;270
3339;41,83;-206,88;0,00;0,00;0,00;-0,21;0,00;0,00;306;99;48;14;23;172;854
3340;53,82;-261,69;0,00;0,00;0,00;-0,26;0,00;0,00;68;32;152;46;39;651;513
3341;36,85;-384,86;0,00;0,00;0,00;-0,38;0,00;0,00;391;41;69;21;33;130;396
3342;90,92;228,44;0,00;0,00;0,00;0,23;0,00;0,00;395;20;117;48;27;309;240
3343;62,90;-37,70;0,00;0,00;0,00;-0,04;0,00;0,00;461;20;128;43;22;391;582
3344;4,43;-767,38;0,00;0,00;0,00;-0,77;0,00;0,00;459;127;180;25;24;705;723
3345;56,68;-56,05;0,00;0,00;0,00;-0,06;0,00;0,00;76;64;149;37;35;392;268
3346;20,24;-475,41;0,00;0,00;0,00;-0,48;0,00;0,00;175;154;69;41;23;194;913
3347;52,93;-159,09;0,00;0,00;0,00;-0,16;0,00;0,00;446;172;59;34;35;698;306
3348;20,12;-480,63;0,00;0,00;0,00;-0,48;0,00;0,00;101;107;138;36;31;964;518
3349;56,48;-67,22;0,00;0,00;0,00;-0,07;0,00;0,00;299;166;58;48;21;141;129
3350;41,64;-271,11;0,00;0,00;0,00;-0,27;0,00;0,00;70;61;165;20;37;185;126
3351;6,02;-676,45;0,00;0,00;0,00;-0,68;0,00;0,00;47;32;21;12;39;261;376
3352;53,38;-15,62;0,00;0,00;0,00;-0,02;0,00;0,00;55;93;49;42;38;462;349
3353;37,63;-324,61;0,00;0,00;0,00;-0,32;0,00;0,00;215;68;118;12;22;851;395
3354;62,62;-64,38;0,00;0,00;0,00;-0,06;0,00;0,00;360;68;192;22;18;131;312
3355;83,68;191,70;0,00;0,00;0,00;0,19;0,00;0,00;269;127;153;22;34;511;861
3356;75,92;25,49;0,00;0,00;0,00;0,03;0,00;0,00;212;39;11;15;38;691;923
3357;45,73;-417,42;0,00;0,00;0,00;-0,42;0,00;0,00;378;178;16;28;30;137;385
3358;70,96;46,35;0,00;0,00;0,00;0,05;0,00;0,00;35;17;175;40;18;983;531
3359;53,42;-171,54;0,00;0,00;0,00;-0,17;0,00;0,00;467;102;58;33;16;306;681
3360;79,61;70,35;0,00;0,00;0,00;0,07;0,00;0,00;196;23;50;37;30;876;913
3361;69,76;-15,22;0,00;0,00;0,00;-0,02;0,00;0,00;328;125;186;27;19;724;142
3362;47,73;-232,15;0,00;0,00;0,00;-0,23;0,00;0,00;238;90;113;40;22;449;490
3363;84,98;154,60;0,00;0,00;0,00;0,15;0,00;0,00;371;137;65;42;15;854;460
3364;67,25;-62,87;0,00;0,00;0,00;-0,06;0,00;0,00;470;71;91;30;23;351;879
3365;44,71;-295,96;0,00;0,00;0,00;-0,30;0,00;0,00;417;151;81;19;17;238;734
3366;65,56;2,88;0,00;0,00;0,00;0,00;0,00;0,00;260;154;31;15;15;787;139
3367;49,29;-235,03;0,00;0,00;0,00;-0,24;0,00;0,00;173;153;102;34;37;662;704
3368;51,77;-213,92;0,00;0,00;0,00;-0,21;0,00;0,00;24;141;126;36;31;662;806
3369;75,25;45,24;0,00;0,00;0,00;0,05;0,00;0,00;216;38;187;19;37;270;959
3370;96,16;348,60;0,00;0,00;0,00;0,35;0,00;0,00;442;143;146;44;32;635;819
3371;55,28;-152,20;0,00;0,00;0,00;-0,15;0,00;0,00;379;168;60;11;39;993;238
3372;51,40;-166,59;0,00;0,00;0,00;-0,17;0,00;0,00;455;10;10;23;27;699;117
3373;78,76;76,98;0,00;0,00;0,00;0,08;0,00;0,00;249;38;125;35;35;417;159
3374;40,69;-394,68;0,00;0,00;0,00;-0,39;0,00;0,00;150;165;23;22;39;415;396
3375;38,07;-289,20;0,00;0,00;0,00;-0,29;0,00;0,00;426;57;121;40;33;520;824
3376;76,02;111,18;0,00;0,00;0,00;0,11;0,00;0,00;372;70;77;43;21;473;375
3377;29,50;-369,35;0,00;0,00;0,00;-0,37;0,00;0,00;129;129;68;18;37;672;242
3378;0,00;-692,12;0,00;0,00;0,00;-0,69;0,00;0,00;177;151;60;33;34;598;668
3379;67,99;-80,62;0,00;0,00;0,00;-0,08;0,00;0,00;257;94;117;30;15;468;579
3380;61,08;-99,83;0,00;0,00;0,00;-0,10;0,00;0,00;489;156;143;46;38;830;910
3381;29,83;-391,80;0,00;0,00;0,00;-0,39;0,00;0,00;24;79;29;28;32;626;680
3382;71,83;-44,05;0,00;0,00;0,00;-0,04;0,00;0,00;68;47;177;10;17;227;771
3383;73,39;10,32;0,00;0,00;0,00;0,01;0,00;0,00;488;49;192;20;36;517;549
3384;50,85;-191,29;0,00;0,00;0,00;-0,19;0,00;0,00;381;25;165;26;36;976;724
3385;72,64;124,80;0,00;0,00;0,00;0,12;0,00;0,00;125;163;59;44;24;911;492
3386;57,40;-83,07;0,00;0,00;0,00;-0,08;0,00;0,00;35;192;175;25;24;134;713
3387;44,23;-345,12;0,00;0,00;0,00;-0,35;0,00;0,00;128;186;124;26;22;478;244
3388;51,81;-159,41;0,00;0,00;0,00;-0,16;0,00;0,00;170;34;113;13;30;851;490
3389;57,06;-168,78;0,00;0,00;0,00;-0,17;0,00;0,00;31;45;171;16;26;627;163
3390;46,25;-268,53;0,00;0,00;0,00;-0,27;0,00;0,00;452;77;147;20;22;715;214
3391;59,06;-114,50;0,00;0,00;0,00;-0,11;0,00;0,00;296;89;141;39;36;709;325
3392;35,44;-400,44;0,00;0,00;0,00;-0,40;0,00;0,00;173;176;199;14;26;250;112
3393;100,00;355,96;0,00;0,00;0,00;0,36;0,00;0,00;239;135;72;47;35;171;671
3394;31,67;-470,39;0,00;0,00;0,00;-0,47;0,00;0,00;46;165;121;19;29;815;568
3395;58,75;-214,49;0,00;0,00;0,00;-0,21;0,00;0,00;101;85;159;35;21;923;326
3396;87,19;213,04;0,00;0,00;0,00;0,21;0,00;0,00;168;132;137;41;36;436;333
3397;49,36;-147,06;0,00;0,00;0,00;-0,15;0,00;0,00;188;88;88;43;22;703;223
3398;59,11;-95,45;0,00;0,00;0,00;-0,10;0,00;0,00;329;74;21;36;34;947;239
3399;78,90;124,56;0,00;0,00;0,00;0,12;0,00;0,00;420;96;193;33;30;854;485
3400;44,66;-223,06;0,00;0,00;0,00;-0,22;0,00;0,00;366;126;25;22;17;608;247
3401;40,37;-331,97;0,00;0,00;0,00;-0,33;0,00;0,00;474;41;110;15;16;486;542
3402;100,00;278,11;0,00;0,00;0,00;0,28;0,00;0,00;86;73;111;10;31;967;793
3403;0,00;-761,29;0,00;0,00;0,00;-0,76;0,00;0,00;322;68;178;10;27;928;670
3404;62,34;-34,08;0,00;0,00;0,00;-0,03;0,00;0,00;279;37;43;42;25;908;934
3405;74,93;66,86;0,00;0,00;0,00;0,07;0,00;0,00;149;65;94;14;27;552;301
3406;100,00;288,34;0,00;0,00;0,00;0,29;0,00;0,00;43;49;22;10;21;820;516
3407;9,87;-631,70;0,00;0,00;0,00;-0,63;0,00;0,00;481;116;193;44;25;317;643
3408;47,24;-254,95;0,00;0,00;0,00;-0,25;0,00;0,00;23;92;66;38;30;208;131
3409;51,01;-171,78;0,00;0,00;0,00;-0,17;0,00;0,00;215;113;109;26;29;746;286
3410;46,34;-201,99;0,00;0,00;0,00;-0,20;0,00;0,00;437;177;62;47;30;307;396
3411;58,90;-146,04;0,00;0,00;0,00;-0,15;0,00;0,00;341;153;175;11;31;169;104
3412;52,37;-196,39;0,00;0,00;0,00;-0,20;0,00;0,00;300;10;26;47;24;109;695
3413;59,20;-131,44;0,00;0,00;0,00;-0,13;0,00;0,00;495;91;163;44;28;603;686
3414;22,91;-462,43;0,00;0,00;0,00;-0,46;0,00;0,00;51;74;14;21;32;367;272
3415;27,16;-410,83;0,00;0,00;0,00;-0,41;0,00;0,00;302;138;124;44;25;453;933
3416;67,43;-20,12;0,00;0,00;0,00;-0,02;0,00;0,00;180;21;128;36;33;829;552
3417;45,33;-272,71;0,00;0,00;0,00;-0,27;0,00;0,00;252;32;48;25;21;145;345
3418;99,84;404,54;0,00;0,00;0,00;0,40;0,00;0,00;254;178;109;30;19;983;895
3419;46,38;-256,88;0,00;0,00;0,00;-0,26;0,00;0,00;153;190;83;20;26;362;865
3420;66,74;19,74;0,00;0,00;0,00;0,02;0,00;0,00;416;39;63;21;32;985;838
3421;47,57;-176,97;0,00;0,00;0,00;-0,18;0,00;0,00;338;33;126;25;27;632;957
3422;100,00;232,55;0,00;0,00;0,00;0,23;0,00;0,00;11;191;164;14;20;728;372
3423;31,51;-490,61;0,00;0,00;0,00;-0,49;0,00;0,00;234;107;104;14;26;761;559
3424;100,00;233,64;0,00;0,00;0,00;0,23;0,00;0,00;284;49;137;40;30;237;653
3425;91,14;311,63;0,00;0,00;0,00;0,31;0,00;0,00;385;163;58;11;30;967;197
3426;61,34;-147,03;0,00;0,00;0,00;-0,15;0,00;0,00;207;92;34;12;19;225;656
3427;10,84;-544,60;0,00;0,00;0,00;-0,54;0,00;0,00;419;60;25;33;35;286;857
3428;86,01;130,76;0,00;0,00;0,00;0,13;0,00;0,00;317;154;91;38;19;874;972
3429;38,70;-328,66;0,00;0,00;0,00;-0,33;0,00;0,00;422;36;45;30;17;632;357
3430;31,38;-394,71;0,00;0,00;0,00;-0,39;0,00;0,00;69;89;73;35;32;395;757
3431;81,65;132,66;0,00;0,00;0,00;0,13;0,00;0,00;471;99;196;10;19;455;320
3432;65,45;-47,95;0,00;0,00;0,00;-0,05;0,00;0,00;57;193;186;39;29;995;395
3433;20,71;-401,64;0,00;0,00;0,00;-0,40;0,00;0,00;106;188;41;15;29;446;895
3434;66,32;-15,93;0,00;0,00;0,00;-0,02;0,00;0,00;336;127;120;17;39;680;453
3435;25,37;-471,11;0,00;0,00;0,00;-0,47;0,00;0,00;186;186;41;38;25;684;171
3436;56,55;-143,90;0,00;0,00;0,00;-0,14;0,00;0,00;487;57;146;24;22;462;263
3437;23,53;-539,87;0,00;0,00;0,00;-0,54;0,00;0,00;494;80;118;35;15;709;831
3438;80,89;191,32;0,00;0,00;0,00;0,19;0,00;0,00;342;69;63;29;28;647;481
3439;100,00;287,69;0,00;0,00;0,00;0,29;0,00;0,00;381;115;46;21;18;569;400
3440;12,42;-598,83;0,00;0,00;0,00;-0,60;0,00;0,00;237;168;176;42;33;778;308
3441;45,49;-290,54;0,00;0,00;0,00;-0,29;0,00;0,00;213;60;31;13;26;140;210
3442;50,14;-150,98;0,00;0,00;0,00;-0,15;0,00;0,00;418;107;78;30;38;876;649
3443;0,33;-675,17;0,00;0,00;0,00;-0,68;0,00;0,00;136;181;94;19;17;867;815
3444;49,59;-257,69;0,00;0,00;0,00;-0,26;0,00;0,00;24;72;162;15;24;962;705
3445;54,48;-80,20;0,00;0,00;0,00;-0,08;0,00;0,00;269;101;65;15;22;520;337
3446;94,77;240,03;0,00;0,00;0,00;0,24;0,00;0,00;228;86;118;47;37;196;987
3447;68,33;-70,61;0,00;0,00;0,00;-0,07;0,00;0,00;10;71;197;12;37;474;762
3448;31,73;-384,72;0,00;0,00;0,00;-0,38;0,00;0,00;400;81;86;22;16;670;794
3449;15,13;-582,04;0,00;0,00;0,00;-0,58;0,00;0,00;381;21;20;24;36;888;598
3450;54,07;-87,18;0,00;0,00;0,00;-0,09;0,00;0,00;429;93;68;13;15;111;146
3451;50,23;-173,87;0,00;0,00;0,00;-0,17;0,00;0,00;35;98;160;32;36;480;799
3452;73,49;-55,81;0,00;0,00;0,00;-0,06;0,00;0,00;392;83;188;18;23;539;461
3453;40,69;-327,86;0,00;0,00;0,00;-0,33;0,00;0,00;410;46;32;37;27;113;219
3454;25,92;-401,76;0,00;0,00;0,00;-0,40;0,00;0,00;154;66;103;33;38;672;100
3455;82,52;155,59;0,00;0,00;0,00;0,16;0,00;0,00;354;17;69;36;22;972;316
3456;60,06;-123,01;0,00;0,00;0,00;-0,12;0,00;0,00;198;127;179;28;37;544;970
3457;56,71;-112,27;0,00;0,00;0,00;-0,11;0,00;0,00;464;102;96;32;27;912;856
3458;36,89;-303,35;0,00;0,00;0,00;-0,30;0,00;0,00;327;35;67;46;34;214;602
3459;42,43;-266,56;0,00;0,00;0,00;-0,27;0,00;0,00;120;92;21;40;31;802;664
3460;40,65;-396,26;0,00;0,00;0,00;-0,40;0,00;0,00;477;182;144;34;17;880;989
3461;95,82;220,43;0,00;0,00;0,00;0,22;0,00;0,00;169;97;87;47;23;417;673
3462;71,62;10,60;0,00;0,00;0,00;0,01;0,00;0,00;354;146;10;41;37;293;806
3463;39,31;-361,08;0,00;0,00;0,00;-0,36;0,00;0,00;226;15;155;35;32;899;991
3464;63,91;39,02;0,00;0,00;0,00;0,04;0,00;0,00;482;153;57;26;36;820;578
3465;67,23;-53,50;0,00;0,00;0,00;-0,05;0,00;0,00;45;65;192;24;24;615;380
3466;58,12;-143,86;0,00;0,00;0,00;-0,14;0,00;0,00;188;127;161;49;28;808;603
3467;55,88;-176,61;0,00;0,00;0,00;-0,18;0,00;0,00;368;43;95;17;16;870;952
3468;16,86;-492,51;0,00;0,00;0,00;-0,49;0,00;0,00;280;73;145;21;37;688;396
3469;0,00;-706,71;0,00;0,00;0,00;-0,71;0,00;0,00;132;50;19;42;20;434;755
3470;37,66;-371,85;0,00;0,00;0,00;-0,37;0,00;0,00;277;65;24;16;15;364;376
3471;40,47;-304,24;0,00;0,00;0,00;-0,30;0,00;0,00;172;173;144;42;31;342;610
3472;57,53;-141,72;0,00;0,00;0,00;-0,14;0,00;0,00;248;55;70;48;22;527;697
3473;43,61;-274,28;0,00;0,00;0,00;-0,27;0,00;0,00;396;71;181;23;30;760;330
3474;74,00;-53,65;0,00;0,00;0,00;-0,05;0,00;0,00;89;84;61;14;37;269;810
3475;19,15;-591,44;0,00;0,00;0,00;-0,59;0,00;0,00;423;111;111;31;34;269;382
3476;3,04;-665,24;0,00;0,00;0,00;-0,67;0,00;0,00;252;46;173;48;22;754;662
3477;47,85;-169,67;0,00;0,00;0,00;-0,17;0,00;0,00;320;119;26;46;31;141;425
3478;81,07;154,47;0,00;0,00;0,00;0,15;0,00;0,00;355;67;52;42;36;496;682
3479;47,72;-208,51;0,00;0,00;0,00;-0,21;0,00;0,00;152;16;66;43;28;491;460
3480;32,87;-374,76;0,00;0,00;0,00;-0,37;0,00;0,00;389;135;37;25;23;297;314
3481;40,78;-309,48;0,00;0,00;0,00;-0,31;0,00;0,00;327;80;108;13;17;215;871
3482;72,28;44,22;0,00;0,00;0,00;0,04;0,00;0,00;395;192;151;26;25;262;947
3483;84,36;153,52;0,00;0,00;0,00;0,15;0,00;0,00;257;143;51;27;16;937;207
3484;24,20;-457,02;0,00;0,00;0,00;-0,46;0,00;0,00;208;124;184;42;31;773;485
3485;22,11;-476,63;0,00;0,00;0,00;-0,48;0,00;0,00;246;110;33;13;22;624;711
3486;39,23;-248,99;0,00;0,00;0,00;-0,25;0,00;0,00;89;157;67;18;16;623;499
3487;73,25;67,89;0,00;0,00;0,00;0,07;0,00;0,00;251;23;156;22;25;298;300
3488;39,92;-228,24;0,00;0,00;0,00;-0,23;0,00;0,00;306;99;64;33;35;224;195
3489;45,77;-262,21;0,00;0,00;0,00;-0,26;0,00;0,00;422;115;15;38;18;623;413
3490;94,27;250,42;0,00;0,00;0,00;0,25;0,00;0,00;432;30;16;14;27;246;691
3491;0,00;-777,36;0,00;0,00;0,00;-0,78;0,00;0,00;378;104;191;28;32;928;502
3492;19,71;-514,95;0,00;0,00;0,00;-0,51;0,00;0,00;108;142;94;45;30;543;919
3493;54,29;-151,15;0,00;0,00;0,00;-0,15;0,00;0,00;269;110;98;35;25;688;699
3494;3,86;-595,59;0,00;0,00;0,00;-0,60;0,00;0,00;339;147;45;39;27;370;802
3495;54,07;-166,37;0,00;0,00;0,00;-0,17;0,00;0,00;281;26;127;45;20;336;965
3496;83,62;57,66;0,00;0,00;0,00;0,06;0,00;0,00;261;92;79;45;25;279;814
3497;60,52;-54,69;0,00;0,00;0,00;-0,05;0,00;0,00;404;74;177;25;17;869;787
3498;45,04;-228,96;0,00;0,00;0,00;-0,23;0,00;0,00;129;70;121;48;19;734;599
3499;84,52;194,57;0,00;0,00;0,00;0,19;0,00;0,00;145;181;79;40;15;590;647
3500;64,16;-88,94;0,00;0,00;0,00;-0,09;0,00;0,00;88;32;72;37;31;880;924
3501;47,84;-285,75;0,00;0,00;0,00;-0,29;0,00;0,00;349;177;178;12;27;988;646
3502;45,21;-231,37;0,00;0,00;0,00;-0,23;0,00;0,00;481;97;158;39;15;179;507
3503;60,65;-115,05;0,00;0,00;0,00;-0,12;0,00;0,00;438;46;76;28;35;552;318
3504;50,32;-226,81;0,00;0,00;0,00;-0,23;0,00;0,00;196;28;30;49;39;422;366
3505;80,27;34,88;0,00;0,00;0,00;0,03;0,00;0,00;473;57;119;26;36;266;134
3506;28,42;-391,95;0,00;0,00;0,00;-0,39;0,00;0,00;42;112;33;15;33;713;355
3507;57,30;-67,46;0,00;0,00;0,00;-0,07;0,00;0,00;303;24;193;21;39;379;299
3508;18,67;-506,51;0,00;0,00;0,00;-0,51;0,00;0,00;386;172;47;23;21;418;848
3509;58,04;-73,20;0,00;0,00;0,00;-0,07;0,00;0,00;293;107;40;40;26;106;522
3510;69,99;43,22;0,00;0,00;0,00;0,04;0,00;0,00;141;59;34;17;27;805;684
3511;45,01;-206,89;0,00;0,00;0,00;-0,21;0,00;0,00;374;117;107;27;19;839;284
3512;14,23;-569,88;0,00;0,00;0,00;-0,57;0,00;0,00;405;174;181;26;36;607;107
3513;21,76;-525,06;0,00;0,00;0,00;-0,53;0,00;0,00;116;47;76;35;25;756;946
3514;73,29;-99,66;0,00;0,00;0,00;-0,10;0,00;0,00;131;128;12;39;16;412;448
3515;45,28;-220,73;0,00;0,00;0,00;-0,22;0,00;0,00;161;21;101;16;26;961;863
3516;43,78;-219,16;0,00;0,00;0,00;-0,22;0,00;0,00;147;59;165;43;32;811;332
3517;61,95;-73,94;0,00;0,00;0,00;-0,07;0,00;0,00;402;71;17;11;36;373;771
3518;63,97;-63,40;0,00;0,00;0,00;-0,06;0,00;0,00;179;142;78;31;29;526;681
3519;46,02;-214,72;0,00;0,00;0,00;-0,21;0,00;0,00;374;17;115;34;27;313;456
3520;84,18;152,50;0,00;0,00;0,00;0,15;0,00;0,00;42;135;114;33;22;722;529
3521;50,03;-202,77;0,00;0,00;0,00;-0,20;0,00;0,00;171;34;58;43;15;468;689
3522;74,70;95,10;0,00;0,00;0,00;0,10;0,00;0,00;438;84;111;27;18;403;572
3523;47,65;-209,84;0,00;0,00;0,00;-0,21;0,00;0,00;340;39;129;46;26;963;702
3524;26,64;-444,75;0,00;0,00;0,00;-0,44;0,00;0,00;25;56;196;31;38;465;215
3525;97,57;340,02;0,00;0,00;0,00;0,34;0,00;0,00;158;129;85;26;19;886;161
3526;50,94;-170,43;0,00;0,00;0,00;-0,17;0,00;0,00;25;108;44;28;19;497;424
3527;3,73;-606,92;0,00;0,00;0,00;-0,61;0,00;0,00;185;16;149;11;36;769;463
3528;14,16;-627,31;0,00;0,00;0,00;-0,63;0,00;0,00;445;95;63;35;28;228;735
3529;84,62;187,59;0,00;0,00;0,00;0,19;0,00;0,00;471;50;124;43;17;329;784
3530;88,02;85,27;0,00;0,00;0,00;0,09;0,00;0,00;159;81;50;33;20;280;265
3531;35,95;-266,06;0,00;0,00;0,00;-0,27;0,00;0,00;246;120;135;23;20;848;650
3532;56,98;-181,36;0,00;0,00;0,00;-0,18;0,00;0,00;197;36;198;34;25;358;778
3533;29,54;-439,29;0,00;0,00;0,00;-0,44;0,00;0,00;241;145;101;47;24;817;540
3534;31,04;-408,17;0,00;0,00;0,00;-0,41;0,00;0,00;239;15;35;34;19;331;770
3535;52,79;-203,34;0,00;0,00;0,00;-0,20;0,00;0,00;154;148;73;12;19;463;229
3536;23,61;-531,15;0,00;0,00;0,00;-0,53;0,00;0,00;453;127;89;16;17;789;126
3537;78,50;16,44;0,00;0,00;0,00;0,02;0,00;0,00;442;43;84;42;27;494;755
3538;54,90;-210,59;0,00;0,00;0,00;-0,21;0,00;0,00;126;84;72;15;19;176;103
3539;63,03;-80,20;0,00;0,00;0,00;-0,08;0,00;0,00;407;57;152;24;26;182;143
3540;16,73;-508,47;0,00;0,00;0,00;-0,51;0,00;0,00;453;193;145;46;32;447;241
3541;42,19;-271,62;0,00;0,00;0,00;-0,27;0,00;0,00;219;151;61;29;35;933;847
3542;5,52;-687,71;0,00;0,00;0,00;-0,69;0,00;0,00;15;23;76;47;24;359;923
3543;59,81;-11,26;0,00;0,00;0,00;-0,01;0,00;0,00;151;78;131;42;21;126;801
3544;59,72;-178,71;0,00;0,00;0,00;-0,18;0,00;0,00;276;70;179;43;37;467;392
3545;72,20;20,27;0,00;0,00;0,00;0,02;0,00;0,00;446;44;159;32;35;115;854
3546;54,33;-124,20;0,00;0,00;0,00;-0,12;0,00;0,00;72;126;51;40;19;504;277
3547;59,15;-194,22;0,00;0,00;0,00;-0,19;0,00;0,00;49;36;129;45;38;741;567
3548;33,33;-309,83;0,00;0,00;0,00;-0,31;0,00;0,00;424;137;42;49;18;420;278
3549;52,91;-188,14;0,00;0,00;0,00;-0,19;0,00;0,00;420;111;157;19;23;737;302
3550;21,36;-354,70;0,00;0,00;0,00;-0,35;0,00;0,00;18;10;143;23;34;167;741
3551;100,00;357,31;0,00;0,00;0,00;0,36;0,00;0,00;202;19;65;35;37;113;101
3552;24,56;-469,61;0,00;0,00;0,00;-0,47;0,00;0,00;499;94;44;34;23;107;995
3553;10,46;-626,72;0,00;0,00;0,00;-0,63;0,00;0,00;127;189;48;32;29;788;539
3554;52,07;-242,11;0,00;0,00;0,00;-0,24;0,00;0,00;356;143;45;22;24;290;717
3555;39,35;-313,45;0,00;0,00;0,00;-0,31;0,00;0,00;263;99;55;11;16;920;336
3556;64,49;-117,68;0,00;0,00;0,00;-0,12;0,00;0,00;399;174;35;47;27;493;725
3557;42,36;-343,62;0,00;0,00;0,00;-0,34;0,00;0,00;491;172;42;31;32;305;450
3558;35,52;-351,89;0,00;0,00;0,00;-0,35;0,00;0,00;367;17;56;40;20;701;672
3559;42,10;-371,88;0,00;0,00;0,00;-0,37;0,00;0,00;338;170;165;49;20;753;629
3560;23,42;-501,95;0,00;0,00;0,00;-0,50;0,00;0,00;374;195;16;45;21;740;736
3561;46,20;-250,14;0,00;0,00;0,00;-0,25;0,00;0,00;189;94;100;49;27;902;400
3562;14,77;-573,85;0,00;0,00;0,00;-0,57;0,00;0,00;339;119;126;25;30;261;469
3563;54,49;-139,78;0,00;0,00;0,00;-0,14;0,00;0,00;313;31;38;15;24;511;982
3564;100,00;159,25;0,00;0,00;0,00;0,16;0,00;0,00;278;102;158;12;32;623;491
3565;43,62;-263,23;0,00;0,00;0,00;-0,26;0,00;0,00;218;190;97;20;20;231;273
3566;17,09;-541,23;0,00;0,00;0,00;-0,54;0,00;0,00;478;69;190;39;38;527;208
3567;28,64;-399,68;0,00;0,00;0,00;-0,40;0,00;0,00;14;49;165;38;17;188;720
3568;62,77;-6,27;0,00;0,00;0,00;-0,01;0,00;0,00;419;19;19;45;35;435;698
3569;54,60;-172,69;0,00;0,00;0,00;-0,17;0,00;0,00;473;128;88;16;28;183;655
3570;28,24;-455,57;0,00;0,00;0,00;-0,46;0,00;0,00;110;125;161;30;24;301;716
3571;18,86;-570,49;0,00;0,00;0,00;-0,57;0,00;0,00;24;72;29;23;21;718;809
3572;39,33;-249,87;0,00;0,00;0,00;-0,25;0,00;0,00;74;31;178;10;29;159;135
3573;50,28;-132,82;0,00;0,00;0,00;-0,13;0,00;0,00;395;145;166;36;23;778;462
3574;59,28;-78,69;0,00;0,00;0,00;-0,08;0,00;0,00;323;23;121;23;15;433;682
3575;45,17;-254,87;0,00;0,00;0,00;-0,25;0,00;0,00;54;126;11;15;22;344;199
3576;28,28;-433,56;0,00;0,00;0,00;-0,43;0,00;0,00;293;185;149;35;25;115;244
3577;57,52;-144,42;0,00;0,00;0,00;-0,14;0,00;0,00;431;184;14;30;36;362;820
3578;31,98;-258,09;0,00;0,00;0,00;-0,26;0,00;0,00;392;33;164;28;20;292;563
3579;81,42;54,04;0,00;0,00;0,00;0,05;0,00;0,00;228;110;26;10;36;810;482
3580;68,40;65,54;0,00;0,00;0,00;0,07;0,00;0,00;297;121;176;36;24;822;736
3581;54,24;-195,31;0,00;0,00;0,00;-0,20;0,00;0,00;467;90;178;10;21;952;229
3582;47,48;-251,16;0,00;0,00;0,00;-0,25;0,00;0,00;264;145;74;32;16;775;413
3583;75,45;58,85;0,00;0,00;0,00;0,06;0,00;0,00;157;48;82;23;21;350;234
3584;40,37;-319,88;0,00;0,00;0,00;-0,32;0,00;0,00;429;150;180;37;18;363;165
3585;47,73;-274,49;0,00;0,00;0,00;-0,27;0,00;0,00;63;173;190;13;33;391;748
3586;80,35;206,74;0,00;0,00;0,00;0,21;0,00;0,00;172;94;166;45;22;336;397
3587;46,54;-201,05;0,00;0,00;0,00;-0,20;0,00;0,00;198;77;14;31;23;131;978
3588;69,96;36,68;0,00;0,00;0,00;0,04;0,00;0,00;364;37;28;48;33;751;599
3589;88,26;221,54;0,00;0,00;0,00;0,22;0,00;0,00;130;109;85;36;21;627;491
3590;100,00;250,93;0,00;0,00;0,00;0,25;0,00;0,00;327;149;171;19;25;779;105
3591;22,97;-439,50;0,00;0,00;0,00;-0,44;0,00;0,00;76;188;45;21;39;620;911
3592;30,80;-381,80;0,00;0,00;0,00;-0,38;0,00;0,00;369;178;86;27;34;700;654
3593;48,51;-136,04;0,00;0,00;0,00;-0,14;0,00;0,00;236;15;145;46;15;832;192
3594;56,61;-125,74;0,00;0,00;0,00;-0,13;0,00;0,00;451;79;136;31;29;448;424
3595;96,91;282,35;0,00;0,00;0,00;0,28;0,00;0,00;127;54;82;38;17;639;421
3596;100,00;316,71;0,00;0,00;0,00;0,32;0,00;0,00;55;23;17;45;39;583;484
3597;62,61;-118,03;0,00;0,00;0,00;-0,12;0,00;0,00;88;175;39;38;35;904;461
3598;84,25;157,81;0,00;0,00;0,00;0,16;0,00;0,00;292;105;96;30;30;811;888
3599;39,47;-274,14;0,00;0,00;0,00;-0,27;0,00;0,00;235;45;81;12;28;900;589
3600;6,91;-649,16;0,00;0,00;0,00;-0,65;0,00;0,00;298;111;161;40;28;574;605
3601;36,66;-336,91;0,00;0,00;0,00;-0,34;0,00;0,00;288;96;83;23;29;642;359
3602;80,78;37,33;0,00;0,00;0,00;0,04;0,00;0,00;359;176;115;29;37;973;669
3603;28,87;-424,82;0,00;0,00;0,00;-0,42;0,00;0,00;310;67;160;49;25;442;290
3604;56,47;-166,05;0,00;0,00;0,00;-0,17;0,00;0,00;260;67;72;19;19;679;398
3605;86,92;171,14;0,00;0,00;0,00;0,17;0,00;0,00;274;150;71;27;26;436;820
3606;40,58;-245,76;0,00;0,00;0,00;-0,25;0,00;0,00;375;65;197;28;18;908;367
3607;93,75;236,38;0,00;0,00;0,00;0,24;0,00;0,00;268;96;96;23;15;298;834
3608;3,16;-692,25;0,00;0,00;0,00;-0,69;0,00;0,00;66;28;149;42;23;942;424
3609;16,50;-477,84;0,00;0,00;0,00;-0,48;0,00;0,00;246;118;11;30;26;400;969
3610;90,67;201,77;0,00;0,00;0,00;0,20;0,00;0,00;261;73;78;46;28;989;803
3611;63,70;-82,98;0,00;0,00;0,00;-0,08;0,00;0,00;429;181;65;13;17;112;259
3612;38,81;-295,27;0,00;0,00;0,00;-0,30;0,00;0,00;351;73;81;15;38;536;287
3613;54,21;-210,48;0,00;0,00;0,00;-0,21;0,00;0,00;346;154;111;45;21;402;867
3614;53,04;-170,06;0,00;0,00;0,00;-0,17;0,00;0,00;375;191;38;28;18;773;651
3615;100,00;315,18;0,00;0,00;0,00;0,32;0,00;0,00;472;167;23;22;27;318;358
3616;55,52;-78,25;0,00;0,00;0,00;-0,08;0,00;0,00;215;135;187;15;29;381;975
3617;54,46;-159,54;0,00;0,00;0,00;-0,16;0,00;0,00;292;116;184;22;20;849;814
3618;86,99;125,25;0,00;0,00;0,00;0,13;0,00;0,00;311;172;10;26;36;876;137
3619;27,20;-452,78;0,00;0,00;0,00;-0,45;0,00;0,00;422;114;194;10;27;699;719
3620;69,93;-55,82;0,00;0,00;0,00;-0,06;0,00;0,00;185;18;198;46;21;998;380
3621;29,38;-464,47;0,00;0,00;0,00;-0,46;0,00;0,00;282;148;32;46;39;450;431
3622;59,45;-178,94;0,00;0,00;0,00;-0,18;0,00;0,00;24;75;143;24;28;270;707
3623;75,28;11,91;0,00;0,00;0,00;0,01;0,00;0,00;326;34;62;47;26;246;245
3624;58,58;-79,47;0,00;0,00;0,00;-0,08;0,00;0,00;271;113;146;25;32;357;550
3625;31,61;-326,92;0,00;0,00;0,00;-0,33;0,00;0,00;486;64;51;21;22;640;285
3626;87,16;274,01;0,00;0,00;0,00;0,27;0,00;0,00;15;33;195;39;17;372;373
3627;46,93;-303,71;0,00;0,00;0,00;-0,30;0,00;0,00;379;84;20;47;32;293;470
3628;34,13;-321,05;0,00;0,00;0,00;-0,32;0,00;0,00;333;171;57;42;34;423;791
3629;81,56;67,48;0,00;0,00;0,00;0,07;0,00;0,00;22;98;94;43;31;207;658
3630;21,88;-547,05;0,00;0,00;0,00;-0,55;0,00;0,00;134;153;176;37;34;269;720
3631;16,53;-506,00;0,00;0,00;0,00;-0,51;0,00;0,00;388;99;145;47;26;392;232
3632;31,16;-368,65;0,00;0,00;0,00;-0,37;0,00;0,00;120;174;15;29;19;802;694
3633;54,37;-118,94;0,00;0,00;0,00;-0,12;0,00;0,00;79;149;18;30;16;244;691
3634;83,17;118,04;0,00;0,00;0,00;0,12;0,00;0,00;451;107;123;34;38;378;460
3635;37,05;-316,90;0,00;0,00;0,00;-0,32;0,00;0,00;208;167;10;42;25;203;508
3636;35,44;-385,62;0,00;0,00;0,00;-0,39;0,00;0,00;287;90;97;36;35;130;618
3637;60,11;-29,31;0,00;0,00;0,00;-0,03;0,00;0,00;380;24;168;45;15;438;600
3638;95,96;261,03;0,00;0,00;0,00;0,26;0,00;0,00;45;50;83;47;24;933;222
3639;46,12;-296,33;0,00;0,00;0,00;-0,30;0,00;0,00;452;100;190;24;34;370;665
3640;73,10;22,69;0,00;0,00;0,00;0,02;0,00;0,00;472;33;81;14;23;765;175
3641;50,24;-237,09;0,00;0,00;0,00;-0,24;0,00;0,00;181;157;52;42;39;957;460
3642;58,23;-179,20;0,00;0,00;0,00;-0,18;0,00;0,00;437;105;75;38;29;829;595
3643;45,18;-246,18;0,00;0,00;0,00;-0,25;0,00;0,00;237;145;15;12;29;526;964
3644;49,11;-183,25;0,00;0,00;0,00;-0,18;0,00;0,00;241;67;196;30;30;509;950
3645;33,70;-303,24;0,00;0,00;0,00;-0,30;0,00;0,00;47;127;144;15;35;288;985
3646;71,50;21,77;0,00;0,00;0,00;0,02;0,00;0,00;382;124;124;35;32;187;293
3647;67,67;49,88;0,00;0,00;0,00;0,05;0,00;0,00;118;70;30;44;24;415;217
3648;36,13;-374,85;0,00;0,00;0,00;-0,37;0,00;0,00;238;118;121;22;16;908;810
3649;8,58;-591,36;0,00;0,00;0,00;-0,59;0,00;0,00;362;54;12;49;38;272;280
3650;17,17;-659,78;0,00;0,00;0,00;-0,66;0,00;0,00;25;12;155;32;22;822;705
3651;69,89;37,22;0,00;0,00;0,00;0,04;0,00;0,00;388;188;79;32;37;270;770
3652;90,48;209,81;0,00;0,00;0,00;0,21;0,00;0,00;237;190;194;38;39;522;770
3653;18,00;-482,92;0,00;0,00;0,00;-0,48;0,00;0,00;359;17;172;41;37;815;469
3654;32,45;-403,09;0,00;0,00;0,00;-0,40;0,00;0,00;447;61;30;44;33;226;332
3655;77,78;78,00;0,00;0,00;0,00;0,08;0,00;0,00;482;23;44;14;31;366;967
3656;59,46;-27,26;0,00;0,00;0,00;-0,03;0,00;0,00;425;184;77;13;17;922;117
3657;45,90;-245,46;0,00;0,00;0,00;-0,25;0,00;0,00;249;169;127;22;21;619;108
3658;23,21;-452,80;0,00;0,00;0,00;-0,45;0,00;0,00;68;127;57;32;30;120;133
3659;41,30;-266,24;0,00;0,00;0,00;-0,27;0,00;0,00;368;107;190;32;22;600;666
3660;48,15;-328,09;0,00;0,00;0,00;-0,33;0,00;0,00;49;47;44;33;17;690;269
3661;47,71;-235,50;0,00;0,00;0,00;-0,24;0,00;0,00;242;104;111;48;36;741;531
3662;75,85;44,30;0,00;0,00;0,00;0,04;0,00;0,00;43;168;181;31;25;232;577
3663;11,38;-570,42;0,00;0,00;0,00;-0,57;0,00;0,00;21;10;136;29;24;977;377
3664;63,86;-50,94;0,00;0,00;0,00;-0,05;0,00;0,00;405;137;25;48;30;732;727
3665;53,83;-174,38;0,00;0,00;0,00;-0,17;0,00;0,00;107;162;101;21;33;242;678
3666;77,77;112,74;0,00;0,00;0,00;0,11;0,00;0,00;189;96;22;18;20;419;866
3667;25,33;-402,83;0,00;0,00;0,00;-0,40;0,00;0,00;144;102;16;33;16;341;116
3668;50,39;-260,55;0,00;0,00;0,00;-0,26;0,00;0,00;313;37;163;18;37;972;224
3669;0,00;-719,43;0,00;0,00;0,00;-0,72;0,00;0,00;38;181;184;34;34;901;855
3670;61,17;-62,38;0,00;0,00;0,00;-0,06;0,00;0,00;132;82;182;44;27;162;335
3671;24,47;-443,66;0,00;0,00;0,00;-0,44;0,00;0,00;121;170;20;13;20;335;578
3672;65,18;-26,64;0,00;0,00;0,00;-0,03;0,00;0,00;336;176;29;10;23;279;474
3673;62,67;-110,09;0,00;0,00;0,00;-0,11;0,00;0,00;267;169;74;13;30;835;760
3674;40,49;-258,30;0,00;0,00;0,00;-0,26;0,00;0,00;222;81;58;25;26;613;742
3675;17,24;-469,18;0,00;0,00;0,00;-0,47;0,00;0,00;51;22;62;17;31;201;598
3676;74,03;91,13;0,00;0,00;0,00;0,09;0,00;0,00;230;164;109;45;35;623;622
3677;3,73;-650,40;0,00;0,00;0,00;-0,65;0,00;0,00;306;24;45;18;29;296;576
3678;72,45;29,46;0,00;0,00;0,00;0,03;0,00;0,00;202;156;39;42;39;757;139
3679;95,19;268,51;0,00;0,00;0,00;0,27;0,00;0,00;438;15;125;28;26;652;358
3680;41,81;-324,70;0,00;0,00;0,00;-0,32;0,00;0,00;259;62;65;40;16;259;379
3681;84,93;132,39;0,00;0,00;0,00;0,13;0,00;0,00;300;95;128;37;20;393;344
3682;50,93;-125,36;0,00;0,00;0,00;-0,13;0,00;0,00;341;52;143;14;39;812;160
3683;52,55;-276,16;0,00;0,00;0,00;-0,28;0,00;0,00;160;137;50;38;32;949;682
3684;60,44;-122,19;0,00;0,00;0,00;-0,12;0,00;0,00;136;96;119;48;37;731;114
3685;59,81;-109,81;0,00;0,00;0,00;-0,11;0,00;0,00;132;87;36;47;39;369;233
3686;40,01;-327,63;0,00;0,00;0,00;-0,33;0,00;0,00;355;73;159;30;26;397;668
3687;30,82;-448,45;0,00;0,00;0,00;-0,45;0,00;0,00;428;54;160;35;30;400;846
3688;82,81;186,38;0,00;0,00;0,00;0,19;0,00;0,00;194;140;184;33;38;616;525
3689;24,12;-561,54;0,00;0,00;0,00;-0,56;0,00;0,00;402;32;93;33;25;959;828
3690;30,36;-403,34;0,00;0,00;0,00;-0,40;0,00;0,00;488;196;184;15;33;423;206
3691;78,47;122,09;0,00;0,00;0,00;0,12;0,00;0,00;417;101;17;10;20;785;323
3692;42,82;-245,64;0,00;0,00;0,00;-0,25;0,00;0,00;233;19;178;45;27;620;983
3693;79,80;79,26;0,00;0,00;0,00;0,08;0,00;0,00;411;177;153;25;27;507;404
3694;26,48;-474,24;0,00;0,00;0,00;-0,47;0,00;0,00;301;145;38;33;36;489;811
3695;77,79;88,15;0,00;0,00;0,00;0,09;0,00;0,00;228;38;61;30;37;629;591
3696;85,36;268,74;0,00;0,00;0,00;0,27;0,00;0,00;496;177;142;22;26;793;845
3697;85,88;221,04;0,00;0,00;0,00;0,22;0,00;0,00;394;72;16;40;30;396;682
3698;56,78;-251,58;0,00;0,00;0,00;-0,25;0,00;0,00;470;31;71;34;17;186;707
3699;59,57;-47,87;0,00;0,00;0,00;-0,05;0,00;0,00;391;83;58;36;31;890;128
3700;56,86;-108,09;0,00;0,00;0,00;-0,11;0,00;0,00;341;123;177;30;16;677;746
3701;54,84;-202,13;0,00;0,00;0,00;-0,20;0,00;0,00;349;155;151;38;29;652;579
3702;32,04;-390,10;0,00;0,00;0,00;-0,39;0,00;0,00;65;101;178;12;26;521;176
3703;79,15;98,25;0,00;0,00;0,00;0,10;0,00;0,00;230;31;104;27;32;683;936
3704;38,08;-341,90;0,00;0,00;0,00;-0,34;0,00;0,00;356;20;61;16;37;484;715
3705;38,60;-235,15;0,00;0,00;0,00;-0,24;0,00;0,00;325;93;114;34;37;448;361
3706;21,82;-508,38;0,00;0,00;0,00;-0,51;0,00;0,00;303;87;152;46;21;703;774
3707;17,73;-480,01;0,00;0,00;0,00;-0,48;0,00;0,00;54;123;65;31;39;761;969
3708;68,06;14,74;0,00;0,00;0,00;0,01;0,00;0,00;406;180;55;44;25;688;786
3709;67,52;-165,64;0,00;0,00;0,00;-0,17;0,00;0,00;220;84;187;14;33;320;140
3710;73,66;-0,30;0,00;0,00;0,00;-0,00;0,00;0,00;437;31;189;26;30;250;170
3711;69,57;-4,26;0,00;0,00;0,00;-0,00;0,00;0,00;310;182;149;37;27;223;521
3712;37,72;-436,86;0,00;0,00;0,00;-0,44;0,00;0,00;106;70;14;23;26;462;664
3713;100,00;274,31;0,00;0,00;0,00;0,27;0,00;0,00;345;102;169;46;22;813;235
3714;46,18;-255,08;0,00;0,00;0,00;-0,26;0,00;0,00;449;36;29;37;20;845;712
3715;19,44;-539,41;0,00;0,00;0,00;-0,54;0,00;0,00;255;46;166;28;25;921;911
3716;44,38;-217,68;0,00;0,00;0,00;-0,22;0,00;0,00;33;174;83;26;33;520;727
3717;41,90;-267,49;0,00;0,00;0,00;-0,27;0,00;0,00;413;53;20;41;23;734;966
3718;42,16;-240,11;0,00;0,00;0,00;-0,24;0,00;0,00;352;63;90;44;15;905;324
3719;54,89;-153,36;0,00;0,00;0,00;-0,15;0,00;0,00;397;80;123;27;27;856;753
3720;77,22;123,70;0,00;0,00;0,00;0,12;0,00;0,00;470;126;22;45;28;356;136
3721;0,00;-593,60;0,00;0,00;0,00;-0,59;0,00;0,00;293;162;176;12;26;542;440
3722;40,53;-452,70;0,00;0,00;0,00;-0,45;0,00;0,00;225;52;68;33;19;235;451
3723;90,39;230,90;0,00;0,00;0,00;0,23;0,00;0,00;467;178;123;45;21;336;333
3724;70,68;-101,98;0,00;0,00;0,00;-0,10;0,00;0,00;180;152;86;27;38;605;398
3725;15,38;-446,84;0,00;0,00;0,00;-0,45;0,00;0,00;298;66;62;29;31;468;634
3726;1,56;-670,78;0,00;0,00;0,00;-0,67;0,00;0,00;348;29;173;26;23;603;745
3727;41,41;-304,58;0,00;0,00;0,00;-0,30;0,00;0,00;224;32;100;34;21;658;750
3728;50,00;-178,64;0,00;0,00;0,00;-0,18;0,00;0,00;148;111;159;25;16;518;437
3729;49,07;-199,89;0,00;0,00;0,00;-0,20;0,00;0,00;241;192;183;42;34;398;924
3730;24,99;-445,98;0,00;0,00;0,00;-0,45;0,00;0,00;201;115;89;13;36;936;634
3731;56,40;-80,19;0,00;0,00;0,00;-0,08;0,00;0,00;154;108;18;28;29;128;670
3732;58,60;-148,55;0,00;0,00;0,00;-0,15;0,00;0,00;328;54;158;26;34;521;624
3733;42,96;-302,15;0,00;0,00;0,00;-0,30;0,00;0,00;219;85;41;35;26;129;252
3734;0,00;-710,43;0,00;0,00;0,00;-0,71;0,00;0,00;354;83;186;42;16;605;692
3735;48,00;-244,15;0,00;0,00;0,00;-0,24;0,00;0,00;159;151;37;44;16;795;293
3736;10,95;-588,31;0,00;0,00;0,00;-0,59;0,00;0,00;442;59;45;35;31;753;385
3737;76,90;29,77;0,00;0,00;0,00;0,03;0,00;0,00;91;59;182;20;23;727;210
3738;67,99;38,22;0,00;0,00;0,00;0,04;0,00;0,00;215;32;168;21;39;310;840
3739;65,97;-54,39;0,00;0,00;0,00;-0,05;0,00;0,00;158;115;132;33;20;407;575
3740;32,23;-419,63;0,00;0,00;0,00;-0,42;0,00;0,00;11;155;113;16;35;808;832
3741;4,88;-672,80;0,00;0,00;0,00;-0,67;0,00;0,00;38;160;89;21;37;466;339
3742;53,97;-199,54;0,00;0,00;0,00;-0,20;0,00;0,00;366;10;109;30;30;440;273
3743;34,91;-285,09;0,00;0,00;0,00;-0,29;0,00;0,00;223;47;61;15;36;922;114
3744;84,61;127,09;0,00;0,00;0,00;0,13;0,00;0,00;161;18;21;39;35;760;342
3745;19,38;-549,74;0,00;0,00;0,00;-0,55;0,00;0,00;379;122;100;23;30;238;636
3746;55,23;-95,67;0,00;0,00;0,00;-0,10;0,00;0,00;312;89;144;13;32;643;395
3747;25,41;-364,54;0,00;0,00;0,00;-0,36;0,00;0,00;320;19;157;21;17;258;334
3748;65,89;-126,38;0,00;0,00;0,00;-0,13;0,00;0,00;490;177;195;36;21;482;486
3749;64,49;3,69;0,00;0,00;0,00;0,00;0,00;0,00;278;64;121;15;30;838;550
3750;90,58;148,90;0,00;0,00;0,00;0,15;0,00;0,00;263;147;161;39;22;266;232
3751;32,31;-355,80;0,00;0,00;0,00;-0,36;0,00;0,00;375;60;160;19;29;900;602
3752;32,73;-355,84;0,00;0,00;0,00;-0,36;0,00;0,00;106;48;37;31;23;719;165
3753;54,52;-42,22;0,00;0,00;0,00;-0,04;0,00;0,00;174;133;13;42;27;877;801
3754;60,01;-85,86;0,00;0,00;0,00;-0,09;0,00;0,00;394;88;64;13;38;199;423
3755;19,58;-485,28;0,00;0,00;0,00;-0,49;0,00;0,00;336;25;184;35;19;378;857
3756;69,24;8,22;0,00;0,00;0,00;0,01;0,00;0,00;427;18;19;44;36;957;641
3757;0,00;-676,83;0,00;0,00;0,00;-0,68;0,00;0,00;450;138;116;26;29;857;585
3758;39,81;-354,91;0,00;0,00;0,00;-0,35;0,00;0,00;141;26;101;32;34;909;948
3759;47,72;-148,79;0,00;0,00;0,00;-0,15;0,00;0,00;321;76;131;49;29;708;959
3760;6,00;-579,33;0,00;0,00;0,00;-0,58;0,00;0,00;187;155;151;14;32;877;163
3761;99,64;217,50;0,00;0,00;0,00;0,22;0,00;0,00;207;95;30;44;23;528;613
3762;46,98;-225,86;0,00;0,00;0,00;-0,23;0,00;0,00;275;67;177;19;37;308;387
3763;55,97;-217,38;0,00;0,00;0,00;-0,22;0,00;0,00;457;158;102;36;39;342;654
3764;75,59;-14,47;0,00;0,00;0,00;-0,01;0,00;0,00;89;88;44;12;19;517;899
3765;46,39;-261,16;0,00;0,00;0,00;-0,26;0,00;0,00;280;90;109;29;32;498;720
3766;21,00;-475,35;0,00;0,00;0,00;-0,48;0,00;0,00;156;184;55;27;30;170;703
3767;49,63;-189,25;0,00;0,00;0,00;-0,19;0,00;0,00;153;94;140;14;27;247;780
3768;19,40;-490,03;0,00;0,00;0,00;-0,49;0,00;0,00;397;144;59;36;17;636;117
3769;88,15;131,36;0,00;0,00;0,00;0,13;0,00;0,00;376;176;122;25;22;783;870
3770;32,27;-365,85;0,00;0,00;0,00;-0,37;0,00;0,00;283;59;34;21;27;696;920
3771;88,67;263,49;0,00;0,00;0,00;0,26;0,00;0,00;154;51;74;32;32;661;463
3772;64,36;32,43;0,00;0,00;0,00;0,03;0,00;0,00;21;91;171;35;18;782;596
3773;94,80;247,87;0,00;0,00;0,00;0,25;0,00;0,00;489;159;53;20;27;233;447
3774;14,75;-485,71;0,00;0,00;0,00;-0,49;0,00;0,00;318;63;143;28;34;194;327
3775;76,11;69,86;0,00;0,00;0,00;0,07;0,00;0,00;92;103;165;23;24;560;925
3776;0,00;-769,06;0,00;0,00;0,00;-0,77;0,00;0,00;170;163;160;30;18;475;383
3777;19,33;-547,82;0,00;0,00;0,00;-0,55;0,00;0,00;220;159;51;12;32;711;659
3778;33,14;-417,94;0,00;0,00;0,00;-0,42;0,00;0,00;56;55;151;37;22;541;741
3779;38,24;-309,80;0,00;0,00;0,00;-0,31;0,00;0,00;58;172;140;39;38;260;128
3780;64,86;-214,79;0,00;0,00;0,00;-0,21;0,00;0,00;405;87;84;34;18;675;365
3781;36,58;-308,44;0,00;0,00;0,00;-0,31;0,00;0,00;458;34;19;30;21;847;257
3782;51,18;-256,11;0,00;0,00;0,00;-0,26;0,00;0,00;27;98;120;36;35;616;992
3783;19,81;-504,56;0,00;0,00;0,00;-0,50;0,00;0,00;213;133;112;21;25;972;682
3784;33,44;-334,58;0,00;0,00;0,00;-0,33;0,00;0,00;245;115;193;41;26;204;519
3785;53,98;-149,48;0,00;0,00;0,00;-0,15;0,00;0,00;194;123;89;46;25;550;280
3786;25,15;-431,17;0,00;0,00;0,00;-0,43;0,00;0,00;280;108;43;10;24;154;762
3787;59,43;-122,51;0,00;0,00;0,00;-0,12;0,00;0,00;199;110;55;49;15;511;560
3788;62,03;-73,43;0,00;0,00;0,00;-0,07;0,00;0,00;449;147;118;32;31;275;375
3789;43,98;-302,64;0,00;0,00;0,00;-0,30;0,00;0,00;61;160;149;25;39;889;225
3790;49,94;-177,29;0,00;0,00;0,00;-0,18;0,00;0,00;243;64;25;16;28;370;871
3791;72,61;-111,25;0,00;0,00;0,00;-0,11;0,00;0,00;30;162;82;10;25;322;471
3792;61,54;-53,04;0,00;0,00;0,00;-0,05;0,00;0,00;300;45;89;47;16;193;692
3793;84,96;147,94;0,00;0,00;0,00;0,15;0,00;0,00;218;190;133;17;17;526;151
3794;77,59;41,49;0,00;0,00;0,00;0,04;0,00;0,00;36;186;92;23;31;932;976
3795;12,07;-648,66;0,00;0,00;0,00;-0,65;0,00;0,00;170;197;159;24;27;538;808
3796;29,33;-346,47;0,00;0,00;0,00;-0,35;0,00;0,00;383;146;100;16;30;784;473
3797;37,30;-352,59;0,00;0,00;0,00;-0,35;0,00;0,00;191;178;190;41;31;614;874
3798;60,60;-35,20;0,00;0,00;0,00;-0,04;0,00;0,00;195;85;53;37;29;808;301
3799;60,87;-82,98;0,00;0,00;0,00;-0,08;0,00;0,00;72;14;73;14;18;781;789
3800;41,91;-335,36;0,00;0,00;0,00;-0,34;0,00;0,00;409;162;139;12;33;489;362
3801;44,03;-382,62;0,00;0,00;0,00;-0,38;0,00;0,00;440;161;149;49;20;827;440
3802;21,80;-489,27;0,00;0,00;0,00;-0,49;0,00;0,00;172;10;185;37;37;176;256
3803;54,19;-166,37;0,00;0,00;0,00;-0,17;0,00;0,00;305;150;108;17;21;414;262
3804;47,57;-158,41;0,00;0,00;0,00;-0,16;0,00;0,00;109;96;109;22;23;129;723
3805;79,33;86,09;0,00;0,00;0,00;0,09;0,00;0,00;444;176;176;13;18;532;931
3806;44,42;-228,37;0,00;0,00;0,00;-0,23;0,00;0,00;176;143;46;45;24;635;774
3807;35,96;-360,24;0,00;0,00;0,00;-0,36;0,00;0,00;333;103;176;46;31;296;780
3808;98,86;353,94;0,00;0,00;0,00;0,35;0,00;0,00;154;146;63;47;27;707;806
3809;57,88;-166,68;0,00;0,00;0,00;-0,17;0,00;0,00;446;119;73;43;23;215;359
3810;26,94;-444,73;0,00;0,00;0,00;-0,44;0,00;0,00;107;42;92;17;19;589;994
3811;23,45;-499,09;0,00;0,00;0,00;-0,50;0,00;0,00;83;168;94;23;28;127;928
3812;73,76;21,78;0,00;0,00;0,00;0,02;0,00;0,00;408;38;51;36;22;360;547
3813;55,04;-194,14;0,00;0,00;0,00;-0,19;0,00;0,00;270;50;106;17;34;576;532
3814;51,54;-226,14;0,00;0,00;0,00;-0,23;0,00;0,00;239;159;69;19;16;267;162
3815;53,81;-61,52;0,00;0,00;0,00;-0,06;0,00;0,00;121;184;82;39;32;392;865
3816;50,39;-213,18;0,00;0,00;0,00;-0,21;0,00;0,00;124;94;11;14;17;645;543
3817;43,36;-293,46;0,00;0,00;0,00;-0,29;0,00;0,00;252;79;158;40;21;585;711
3818;52,89;-240,47;0,00;0,00;0,00;-0,24;0,00;0,00;357;31;144;21;36;209;216
3819;100,00;349,74;0,00;0,00;0,00;0,35;0,00;0,00;153;140;38;10;36;156;134
3820;18,41;-536,51;0,00;0,00;0,00;-0,54;0,00;0,00;245;128;197;28;20;135;858
3821;100,00;318,57;0,00;0,00;0,00;0,32;0,00;0,00;95;149;92;31;28;589;538
3822;53,45;-172,27;0,00;0,00;0,00;-0,17;0,00;0,00;129;136;121;47;18;178;791
3823;60,64;-150,03;0,00;0,00;0,00;-0,15;0,00;0,00;412;118;139;11;20;986;451
3824;53,77;-193,48;0,00;0,00;0,00;-0,19;0,00;0,00;357;52;50;36;29;684;279
3825;73,57;-17,27;0,00;0,00;0,00;-0,02;0,00;0,00;411;84;121;42;21;487;337
3826;42,77;-253,06;0,00;0,00;0,00;-0,25;0,00;0,00;31;10;95;32;32;835;589
3827;73,69;77,68;0,00;0,00;0,00;0,08;0,00;0,00;384;127;129;43;26;651;495
3828;47,78;-132,75;0,00;0,00;0,00;-0,13;0,00;0,00;220;174;158;20;27;172;346
3829;55,36;-103,47;0,00;0,00;0,00;-0,10;0,00;0,00;245;70;195;19;35;701;530
3830;95,94;362,39;0,00;0,00;0,00;0,36;0,00;0,00;128;125;98;33;26;173;857
3831;29,92;-284,96;0,00;0,00;0,00;-0,28;0,00;0,00;219;116;82;41;19;436;840
3832;73,72;-5,25;0,00;0,00;0,00;-0,01;0,00;0,00;79;106;179;32;33;476;260
3833;28,97;-365,11;0,00;0,00;0,00;-0,37;0,00;0,00;357;108;29;12;30;587;979
3834;84,29;117,91;0,00;0,00;0,00;0,12;0,00;0,00;165;194;181;28;27;380;600
3835;64,40;-3,76;0,00;0,00;0,00;-0,00;0,00;0,00;22;132;163;36;22;553;506
3836;0,00;-706,16;0,00;0,00;0,00;-0,71;0,00;0,00;281;173;44;21;21;240;147
3837;63,68;-85,68;0,00;0,00;0,00;-0,09;0,00;0,00;178;189;138;28;30;167;501
3838;28,85;-414,41;0,00;0,00;0,00;-0,41;0,00;0,00;389;84;111;42;32;596;248
3839;98,25;240,84;0,00;0,00;0,00;0,24;0,00;0,00;203;195;103;27;18;719;366
3840;51,51;-192,21;0,00;0,00;0,00;-0,19;0,00;0,00;466;70;102;20;28;133;209
3841;22,76;-482,96;0,00;0,00;0,00;-0,48;0,00;0,00;96;151;65;27;25;866;527
3842;61,82;-23,96;0,00;0,00;0,00;-0,02;0,00;0,00;256;88;104;42;26;296;888
3843;57,16;-55,81;0,00;0,00;0,00;-0,06;0,00;0,00;406;73;42;34;24;312;564
3844;100,00;275,32;0,00;0,00;0,00;0,28;0,00;0,00;369;84;15;18;28;545;565
3845;22,33;-426,86;0,00;0,00;0,00;-0,43;0,00;0,00;355;186;128;29;28;728;194
3846;44,07;-275,49;0,00;0,00;0,00;-0,28;0,00;0,00;293;69;135;19;38;968;621
3847;52,18;-188,21;0,00;0,00;0,00;-0,19;0,00;0,00;401;118;198;49;19;709;937
3848;70,19;-61,09;0,00;0,00;0,00;-0,06;0,00;0,00;40;98;158;31;34;953;302
3849;97,01;305,66;0,00;0,00;0,00;0,31;0,00;0,00;433;187;129;39;23;626;350
3850;55,59;-59,04;0,00;0,00;0,00;-0,06;0,00;0,00;95;184;61;44;36;643;316
3851;63,25;-90,48;0,00;0,00;0,00;-0,09;0,00;0,00;55;195;149;49;38;107;202
3852;23,20;-454,88;0,00;0,00;0,00;-0,45;0,00;0,00;97;162;147;29;19;891;742
3853;49,72;-194,52;0,00;0,00;0,00;-0,19;0,00;0,00;361;174;42;11;21;285;578
3854;38,19;-334,77;0,00;0,00;0,00;-0,33;0,00;0,00;175;92;118;14;36;720;483
3855;31,16;-456,98;0,00;0,00;0,00;-0,46;0,00;0,00;105;85;61;43;20;900;157
3856;40,59;-199,69;0,00;0,00;0,00;-0,20;0,00;0,00;306;172;113;37;15;227;563
3857;33,50;-345,52;0,00;0,00;0,00;-0,35;0,00;0,00;347;189;85;43;25;687;244
3858;75,51;92,83;0,00;0,00;0,00;0,09;0,00;0,00;397;186;187;32;21;991;429
3859;58,53;-111,05;0,00;0,00;0,00;-0,11;0,00;0,00;93;112;97;47;20;893;169
3860;40,65;-310,28;0,00;0,00;0,00;-0,31;0,00;0,00;370;32;96;14;35;918;474
3861;5,25;-656,33;0,00;0,00;0,00;-0,66;0,00;0,00;408;15;123;38;28;724;791
3862;39,32;-277,18;0,00;0,00;0,00;-0,28;0,00;0,00;492;71;62;44;22;161;611
3863;17,69;-587,64;0,00;0,00;0,00;-0,59;0,00;0,00;56;115;132;49;27;405;473
3864;66,89;-66,61;0,00;0,00;0,00;-0,07;0,00;0,00;239;28;162;36;35;427;104
3865;53,86;-205,33;0,00;0,00;0,00;-0,21;0,00;0,00;13;185;167;11;26;399;610
3866;85,32;143,88;0,00;0,00;0,00;0,14;0,00;0,00;241;22;145;28;25;318;406
3867;69,54;53,54;0,00;0,00;0,00;0,05;0,00;0,00;43;172;165;29;18;563;341
3868;56,09;-96,75;0,00;0,00;0,00;-0,10;0,00;0,00;110;79;165;44;21;244;874
3869;44,56;-302,86;0,00;0,00;0,00;-0,30;0,00;0,00;334;20;147;25;32;895;750
3870;67,60;-55,29;0,00;0,00;0,00;-0,06;0,00;0,00;486;167;17;42;36;239;802
3871;59,54;-166,93;0,00;0,00;0,00;-0,17;0,00;0,00;258;147;83;35;27;893;313
3872;58,15;-122,85;0,00;0,00;0,00;-0,12;0,00;0,00;232;22;77;37;20;573;958
3873;27,27;-442,61;0,00;0,00;0,00;-0,44;0,00;0,00;36;25;49;21;24;957;751
3874;45,18;-236,31;0,00;0,00;0,00;-0,24;0,00;0,00;397;47;189;31;22;143;590
3875;73,17;57,17;0,00;0,00;0,00;0,06;0,00;0,00;217;116;161;10;23;384;121
3876;82,45;72,78;0,00;0,00;0,00;0,07;0,00;0,00;437;118;165;21;33;366;665
3877;50,95;-206,00;0,00;0,00;0,00;-0,21;0,00;0,00;82;115;22;19;33;861;492
3878;64,66;-47,78;0,00;0,00;0,00;-0,05;0,00;0,00;428;107;98;29;15;952;799
3879;56,35;-151,01;0,00;0,00;0,00;-0,15;0,00;0,00;450;185;129;26;27;797;497
3880;0,00;-717,85;0,00;0,00;0,00;-0,72;0,00;0,00;338;19;190;41;31;683;532
3881;53,40;-192,69;0,00;0,00;0,00;-0,19;0,00;0,00;30;91;194;10;37;891;699
3882;23,79;-389,59;0,00;0,00;0,00;-0,39;0,00;0,00;268;65;46;16;27;375;496
3883;19,10;-509,87;0,00;0,00;0,00;-0,51;0,00;0,00;189;71;13;17;35;365;871
3884;34,82;-390,25;0,00;0,00;0,00;-0,39;0,00;0,00;408;180;50;17;21;788;932
3885;43,24;-212,72;0,00;0,00;0,00;-0,21;0,00;0,00;428;164;199;19;37;204;990
3886;35,03;-376,28;0,00;0,00;0,00;-0,38;0,00;0,00;12;181;91;39;37;307;730
3887;66,30;23,88;0,00;0,00;0,00;0,02;0,00;0,00;39;184;153;16;25;988;462
3888;50,34;-277,05;0,00;0,00;0,00;-0,28;0,00;0,00;179;120;157;35;21;407;510
3889;63,78;-60,21;0,00;0,00;0,00;-0,06;0,00;0,00;89;126;104;47;30;291;616
3890;71,66;33,30;0,00;0,00;0,00;0,03;0,00;0,00;287;20;44;25;18;919;446
3891;32,68;-416,89;0,00;0,00;0,00;-0,42;0,00;0,00;423;137;71;47;21;722;705
3892;84,50;135,96;0,00;0,00;0,00;0,14;0,00;0,00;114;43;190;35;17;842;683
3893;47,72;-188,76;0,00;0,00;0,00;-0,19;0,00;0,00;303;130;36;21;25;180;123
3894;84,38;196,72;0,00;0,00;0,00;0,20;0,00;0,00;211;192;197;30;35;640;998
3895;73,99;26,26;0,00;0,00;0,00;0,03;0,00;0,00;371;45;49;25;21;465;612
3896;73,60;26,40;0,00;0,00;0,00;0,03;0,00;0,00;233;20;111;13;18;169;422
3897;62,33;-103,82;0,00;0,00;0,00;-0,10;0,00;0,00;463;146;159;13;24;652;450
3898;57,10;-180,91;0,00;0,00;0,00;-0,18;0,00;0,00;151;181;11;41;24;488;173
3899;55,74;-165,78;0,00;0,00;0,00;-0,17;0,00;0,00;90;52;127;36;24;211;201
3900;75,47;15,13;0,00;0,00;0,00;0,02;0,00;0,00;347;64;40;35;19;298;764
3901;33,24;-356,07;0,00;0,00;0,00;-0,36;0,00;0,00;16;128;97;16;29;356;430
3902;15,29;-547,07;0,00;0,00;0,00;-0,55;0,00;0,00;421;198;174;30;33;181;802
3903;19,63;-556,38;0,00;0,00;0,00;-0,56;0,00;0,00;41;152;103;11;18;662;644
3904;43,68;-246,62;0,00;0,00;0,00;-0,25;0,00;0,00;184;37;63;23;23;919;580
3905;51,21;-125,67;0,00;0,00;0,00;-0,13;0,00;0,00;209;96;99;43;28;222;611
3906;50,21;-187,96;0,00;0,00;0,00;-0,19;0,00;0,00;167;90;191;46;28;145;378
3907;25,74;-441,28;0,00;0,00;0,00;-0,44;0,00;0,00;356;131;109;16;29;939;472
3908;47,72;-186,44;0,00;0,00;0,00;-0,19;0,00;0,00;390;62;27;34;21;218;670
3909;98,23;209,95;0,00;0,00;0,00;0,21;0,00;0,00;471;79;158;45;23;524;643
3910;92,56;188,44;0,00;0,00;0,00;0,19;0,00;0,00;426;137;16;36;31;679;642
3911;16,24;-519,41;0,00;0,00;0,00;-0,52;0,00;0,00;12;82;167;46;29;742;502
3912;32,51;-374,81;0,00;0,00;0,00;-0,37;0,00;0,00;498;146;87;46;33;721;411
3913;66,27;-120,14;0,00;0,00;0,00;-0,12;0,00;0,00;336;106;78;36;23;637;723
3914;81,18;92,13;0,00;0,00;0,00;0,09;0,00;0,00;62;150;64;40;34;915;723
3915;40,22;-275,30;0,00;0,00;0,00;-0,28;0,00;0,00;427;144;110;49;15;210;683
3916;57,45;-38,53;0,00;0,00;0,00;-0,04;0,00;0,00;113;140;36;34;21;186;903
3917;65,23;-3,33;0,00;0,00;0,00;-0,00;0,00;0,00;55;32;74;20;39;705;889
3918;82,24;89,92;0,00;0,00;0,00;0,09;0,00;0,00;352;140;181;38;25;665;428
3919;55,40;-163,81;0,00;0,00;0,00;-0,16;0,00;0,00;173;149;24;45;33;526;716
3920;5,87;-585,39;0,00;0,00;0,00;-0,59;0,00;0,00;289;30;65;17;19;547;271
3921;56,95;-131,46;0,00;0,00;0,00;-0,13;0,00;0,00;323;180;195;42;15;499;575
3922;45,68;-261,47;0,00;0,00;0,00;-0,26;0,00;0,00;96;69;150;12;39;309;213
3923;55,65;-109,71;0,00;0,00;0,00;-0,11;0,00;0,00;293;66;70;10;36;280;216
3924;75,77;113,57;0,00;0,00;0,00;0,11;0,00;0,00;300;160;57;26;21;898;645
3925;46,35;-188,70;0,00;0,00;0,00;-0,19;0,00;0,00;444;41;70;29;38;622;937
3926;28,39;-526,60;0,00;0,00;0,00;-0,53;0,00;0,00;74;93;85;25;34;409;617
3927;55,25;-167,31;0,00;0,00;0,00;-0,17;0,00;0,00;84;199;119;36;36;240;323
3928;27,67;-463,26;0,00;0,00;0,00;-0,46;0,00;0,00;85;189;66;36;16;415;615
3929;44,16;-308,40;0,00;0,00;0,00;-0,31;0,00;0,00;458;11;171;15;37;205;842
3930;43,45;-310,74;0,00;0,00;0,00;-0,31;0,00;0,00;232;56;42;36;16;753;653
3931;94,59;281,97;0,00;0,00;0,00;0,28;0,00;0,00;112;165;196;33;20;909;468
3932;24,24;-340,63;0,00;0,00;0,00;-0,34;0,00;0,00;225;17;39;13;28;383;808
3933;50,83;-128,29;0,00;0,00;0,00;-0,13;0,00;0,00;184;22;192;44;38;370;624
3934;77,47;11,88;0,00;0,00;0,00;0,01;0,00;0,00;490;94;169;34;23;987;655
3935;52,09;-164,79;0,00;0,00;0,00;-0,16;0,00;0,00;496;147;149;20;21;232;918
3936;73,34;-6,08;0,00;0,00;0,00;-0,01;0,00;0,00;413;139;171;34;34;676;927
3937;100,00;381,76;0,00;0,00;0,00;0,38;0,00;0,00;152;105;68;24;31;348;537
3938;60,12;-140,20;0,00;0,00;0,00;-0,14;0,00;0,00;284;189;121;29;19;184;913
3939;18,88;-506,64;0,00;0,00;0,00;-0,51;0,00;0,00;253;162;19;22;37;889;741
3940;67,09;19,04;0,00;0,00;0,00;0,02;0,00;0,00;371;183;151;29;37;199;763
3941;42,33;-316,24;0,00;0,00;0,00;-0,32;0,00;0,00;255;164;79;13;22;518;753
3942;80,66;57,27;0,00;0,00;0,00;0,06;0,00;0,00;132;155;181;20;39;938;893
3943;77,63;103,74;0,00;0,00;0,00;0,10;0,00;0,00;433;73;65;22;19;614;621
3944;62,67;3,69;0,00;0,00;0,00;0,00;0,00;0,00;41;111;115;19;23;584;864
3945;83,56;123,29;0,00;0,00;0,00;0,12;0,00;0,00;287;103;167;27;26;185;984
3946;44,59;-239,20;0,00;0,00;0,00;-0,24;0,00;0,00;71;99;56;24;35;731;132
3947;62,35;-74,96;0,00;0,00;0,00;-0,07;0,00;0,00;326;109;108;15;19;737;900
3948;44,56;-256,29;0,00;0,00;0,00;-0,26;0,00;0,00;65;48;155;36;25;268;613
3949;47,55;-98,63;0,00;0,00;0,00;-0,10;0,00;0,00;137;120;196;22;22;750;967
3950;40,08;-383,11;0,00;0,00;0,00;-0,38;0,00;0,00;418;126;48;23;15;432;767
3951;49,58;-151,52;0,00;0,00;0,00;-0,15;0,00;0,00;167;83;139;26;39;737;781
3952;84,92;155,68;0,00;0,00;0,00;0,16;0,00;0,00;442;198;89;11;24;929;593
3953;67,52;-15,07;0,00;0,00;0,00;-0,02;0,00;0,00;366;22;61;25;37;457;621
3954;58,00;-137,00;0,00;0,00;0,00;-0,14;0,00;0,00;370;82;190;42;23;745;545
3955;60,81;-106,99;0,00;0,00;0,00;-0,11;0,00;0,00;448;168;144;45;34;857;588
3956;76,98;-15,56;0,00;0,00;0,00;-0,02;0,00;0,00;332;119;97;32;36;573;676
3957;50,60;-157,77;0,00;0,00;0,00;-0,16;0,00;0,00;255;196;132;21;39;822;385
3958;26,33;-382,79;0,00;0,00;0,00;-0,38;0,00;0,00;374;28;101;15;24;276;970
3959;59,04;-109,36;0,00;0,00;0,00;-0,11;0,00;0,00;319;182;165;30;17;518;610
3960;24,62;-496,07;0,00;0,00;0,00;-0,50;0,00;0,00;89;178;106;33;39;625;207
3961;39,07;-273,19;0,00;0,00;0,00;-0,27;0,00;0,00;478;189;146;17;39;695;300
3962;16,58;-596,56;0,00;0,00;0,00;-0,60;0,00;0,00;42;139;163;14;32;394;515
3963;55,67;-171,11;0,00;0,00;0,00;-0,17;0,00;0,00;368;84;123;45;39;749;925
3964;46,86;-216,79;0,00;0,00;0,00;-0,22;0,00;0,00;186;77;61;25;33;272;659
3965;65,62;10,40;0,00;0,00;0,00;0,01;0,00;0,00;289;198;120;12;26;800;805
3966;54,42;-171,76;0,00;0,00;0,00;-0,17;0,00;0,00;334;55;68;27;35;391;607
3967;73,87;56,07;0,00;0,00;0,00;0,06;0,00;0,00;125;125;154;19;31;451;211
3968;64,35;-62,05;0,00;0,00;0,00;-0,06;0,00;0,00;415;30;187;20;17;816;200
3969;27,15;-448,49;0,00;0,00;0,00;-0,45;0,00;0,00;246;24;87;11;35;342;526
3970;8,08;-656,26;0,00;0,00;0,00;-0,66;0,00;0,00;24;147;130;44;36;962;852
3971;9,69;-639,96;0,00;0,00;0,00;-0,64;0,00;0,00;106;178;156;48;28;663;759
3972;30,05;-404,85;0,00;0,00;0,00;-0,40;0,00;0,00;486;166;157;12;38;894;350
3973;54,31;-29,47;0,00;0,00;0,00;-0,03;0,00;0,00;279;88;104;12;15;147;987
3974;77,03;8,64;0,00;0,00;0,00;0,01;0,00;0,00;268;100;153;31;20;652;833
3975;73,72;86,89;0,00;0,00;0,00;0,09;0,00;0,00;30;46;190;45;39;743;480
3976;72,10;-20,50;0,00;0,00;0,00;-0,02;0,00;0,00;326;94;187;11;36;280;847
3977;64,13;-69,20;0,00;0,00;0,00;-0,07;0,00;0,00;417;65;84;34;27;528;124
3978;54,53;-127,35;0,00;0,00;0,00;-0,13;0,00;0,00;352;23;171;41;34;427;791
3979;45,51;-212,59;0,00;0,00;0,00;-0,21;0,00;0,00;275;41;54;32;32;114;223
3980;34,38;-395,73;0,00;0,00;0,00;-0,40;0,00;0,00;133;65;119;34;30;158;471
3981;50,43;-88,90;0,00;0,00;0,00;-0,09;0,00;0,00;353;131;34;45;31;402;174
3982;68,16;32,70;0,00;0,00;0,00;0,03;0,00;0,00;482;196;133;23;28;459;622
3983;75,55;44,96;0,00;0,00;0,00;0,04;0,00;0,00;95;167;150;26;28;496;460
3984;82,28;90,00;0,00;0,00;0,00;0,09;0,00;0,00;477;56;11;26;20;123;587
3985;80,88;88,87;0,00;0,00;0,00;0,09;0,00;0,00;117;103;139;45;16;852;422
3986;33,38;-408,34;0,00;0,00;0,00;-0,41;0,00;0,00;188;167;140;33;27;425;395
3987;62,59;-165,16;0,00;0,00;0,00;-0,17;0,00;0,00;432;52;17;41;31;826;537
3988;47,98;-194,80;0,00;0,00;0,00;-0,19;0,00;0,00;14;31;10;49;28;283;259
3989;19,71;-502,75;0,00;0,00;0,00;-0,50;0,00;0,00;394;86;149;17;29;290;212
3990;15,54;-465,94;0,00;0,00;0,00;-0,47;0,00;0,00;320;14;11;26;33;575;493
3991;14,04;-537,20;0,00;0,00;0,00;-0,54;0,00;0,00;239;124;26;35;30;145;569
3992;41,24;-238,04;0,00;0,00;0,00;-0,24;0,00;0,00;496;171;149;17;38;879;769
3993;68,38;-62,80;0,00;0,00;0,00;-0,06;0,00;0,00;108;58;34;48;38;197;916
3994;65,97;-44,98;0,00;0,00;0,00;-0,04;0,00;0,00;38;115;70;25;35;294;801
3995;59,08;-89,65;0,00;0,00;0,00;-0,09;0,00;0,00;390;128;47;21;35;669;854
3996;47,62;-285,06;0,00;0,00;0,00;-0,29;0,00;0,00;94;109;59;22;35;403;273
3997;43,13;-207,33;0,00;0,00;0,00;-0,21;0,00;0,00;296;173;28;35;23;465;954
3998;50,93;-198,50;0,00;0,00;0,00;-0,20;0,00;0,00;68;79;124;47;39;586;278
3999;49,46;-216,94;0,00;0,00;0,00;-0,22;0,00;0,00;77;92;141;28;27;635;271
4000;0,00;-715,43;0,00;0,00;0,00;-0,72;0,00;0,00;110;69;190;17;28;298;929
4001;33,83;-323,68;0,00;0,00;0,00;-0,32;0,00;0,00;173;124;23;39;36;571;906
4002;72,45;-15,26;0,00;0,00;0,00;-0,02;0,00;0,00;455;127;56;34;19;750;230
4003;21,52;-509,11;0,00;0,00;0,00;-0,51;0,00;0,00;23;26;96;42;32;822;188
4004;20,40;-432,47;0,00;0,00;0,00;-0,43;0,00;0,00;279;177;47;48;35;480;954
4005;25,69;-479,45;0,00;0,00;0,00;-0,48;0,00;0,00;300;62;82;11;17;746;754
4006;63,31;-62,23;0,00;0,00;0,00;-0,06;0,00;0,00;397;164;11;36;25;434;189
4007;55,56;-94,57;0,00;0,00;0,00;-0,09;0,00;0,00;103;164;73;11;38;994;384
4008;62,47;-89,85;0,00;0,00;0,00;-0,09;0,00;0,00;168;152;96;13;28;296;638
4009;74,48;50,86;0,00;0,00;0,00;0,05;0,00;0,00;178;51;62;15;28;234;577
4010;22,38;-567,89;0,00;0,00;0,00;-0,57;0,00;0,00;282;199;81;31;39;297;970
4011;100,00;281,23;0,00;0,00;0,00;0,28;0,00;0,00;175;198;63;32;16;771;675
4012;52,64;-218,68;0,00;0,00;0,00;-0,22;0,00;0,00;349;56;69;42;33;529;342
4013;51,89;-230,50;0,00;0,00;0,00;-0,23;0,00;0,00;18;155;109;43;20;357;826
4014;19,55;-535,69;0,00;0,00;0,00;-0,54;0,00;0,00;318;72;174;34;36;954;488
4015;12,98;-551,08;0,00;0,00;0,00;-0,55;0,00;0,00;328;117;48;32;34;382;231
4016;85,99;109,82;0,00;0,00;0,00;0,11;0,00;0,00;25;111;115;22;26;345;883
4017;36,73;-360,59;0,00;0,00;0,00;-0,36;0,00;0,00;389;66;71;33;37;833;828
4018;41,96;-277,81;0,00;0,00;0,00;-0,28;0,00;0,00;331;151;122;17;26;317;193
4019;2,99;-660,26;0,00;0,00;0,00;-0,66;0,00;0,00;40;52;161;21;19;833;466
4020;27,31;-468,55;0,00;0,00;0,00;-0,47;0,00;0,00;235;44;100;20;26;652;866
4021;28,43;-491,37;0,00;0,00;0,00;-0,49;0,00;0,00;393;170;35;38;16;330;539
4022;39,05;-345,63;0,00;0,00;0,00;-0,35;0,00;0,00;346;129;34;47;39;460;723
4023;55,66;-210,07;0,00;0,00;0,00;-0,21;0,00;0,00;163;110;94;48;38;157;378
4024;79,07;136,79;0,00;0,00;0,00;0,14;0,00;0,00;379;160;119;36;15;329;538
4025;9,84;-585,26;0,00;0,00;0,00;-0,59;0,00;0,00;237;109;21;37;16;278;150
4026;60,50;-83,82;0,00;0,00;0,00;-0,08;0,00;0,00;404;13;90;29;36;173;436
4027;33,35;-326,02;0,00;0,00;0,00;-0,33;0,00;0,00;451;100;183;30;15;995;133
4028;48,76;-223,37;0,00;0,00;0,00;-0,22;0,00;0,00;92;57;87;30;25;414;248
4029;36,56;-345,74;0,00;0,00;0,00;-0,35;0,00;0,00;42;153;190;26;21;419;359
4030;76,95;129,20;0,00;0,00;0,00;0,13;0,00;0,00;301;46;182;39;17;878;613
4031;9,00;-537,17;0,00;0,00;0,00;-0,54;0,00;0,00;351;62;137;48;32;722;360
4032;56,37;-152,11;0,00;0,00;0,00;-0,15;0,00;0,00;389;34;138;26;16;666;321
4033;80,23;73,94;0,00;0,00;0,00;0,07;0,00;0,00;281;158;123;32;33;332;236
4034;81,94;132,06;0,00;0,00;0,00;0,13;0,00;0,00;28;143;84;28;28;444;104
4035;36,11;-373,36;0,00;0,00;0,00;-0,37;0,00;0,00;255;86;197;27;18;111;749
4036;92,63;176,99;0,00;0,00;0,00;0,18;0,00;0,00;427;77;34;34;34;880;807
4037;25,58;-389,49;0,00;0,00;0,00;-0,39;0,00;0,00;159;49;184;35;31;908;120
4038;57,21;-125,53;0,00;0,00;0,00;-0,13;0,00;0,00;409;58;117;44;28;361;119
4039;37,42;-391,29;0,00;0,00;0,00;-0,39;0,00;0,00;250;121;44;14;38;206;748
4040;75,58;71,56;0,00;0,00;0,00;0,07;0,00;0,00;312;171;125;31;24;779;793
4041;27,20;-399,01;0,00;0,00;0,00;-0,40;0,00;0,00;73;21;121;14;19;493;285
4042;77,52;65,08;0,00;0,00;0,00;0,07;0,00;0,00;100;164;122;18;37;569;359
4043;30,15;-421,22;0,00;0,00;0,00;-0,42;0,00;0,00;331;125;150;20;21;443;960
4044;50,13;-217,77;0,00;0,00;0,00;-0,22;0,00;0,00;381;76;139;21;33;311;226
4045;43,54;-334,62;0,00;0,00;0,00;-0,33;0,00;0,00;374;81;167;15;37;544;730
4046;44,67;-163,01;0,00;0,00;0,00;-0,16;0,00;0,00;81;191;112;31;28;216;495
4047;56,59;-141,06;0,00;0,00;0,00;-0,14;0,00;0,00;72;142;139;16;23;861;219
4048;35,46;-349,89;0,00;0,00;0,00;-0,35;0,00;0,00;431;78;75;43;38;801;512
4049;54,46;-206,63;0,00;0,00;0,00;-0,21;0,00;0,00;134;143;79;23;34;480;650
4050;28,47;-496,21;0,00;0,00;0,00;-0,50;0,00;0,00;449;60;77;25;29;616;286
4051;76,44;67,13;0,00;0,00;0,00;0,07;0,00;0,00;373;63;150;43;33;710;653
4052;33,55;-329,80;0,00;0,00;0,00;-0,33;0,00;0,00;180;60;121;41;39;647;247
4053;42,95;-234,16;0,00;0,00;0,00;-0,23;0,00;0,00;241;176;142;40;32;140;949
4054;33,32;-353,78;0,00;0,00;0,00;-0,35;0,00;0,00;187;107;21;48;16;487;772
4055;48,73;-171,37;0,00;0,00;0,00;-0,17;0,00;0,00;450;84;89;13;24;684;785
4056;70,85;-30,28;0,00;0,00;0,00;-0,03;0,00;0,00;148;49;97;20;39;615;496
4057;53,13;-269,44;0,00;0,00;0,00;-0,27;0,00;0,00;57;33;19;38;30;110;467
4058;62,34;-48,31;0,00;0,00;0,00;-0,05;0,00;0,00;60;21;137;45;22;360;989
4059;22,93;-411,94;0,00;0,00;0,00;-0,41;0,00;0,00;327;76;130;20;35;977;214
4060;66,88;-100,86;0,00;0,00;0,00;-0,10;0,00;0,00;249;152;65;37;20;771;263
4061;66,14;-127,38;0,00;0,00;0,00;-0,13;0,00;0,00;326;187;158;42;28;596;365
4062;46,91;-130,79;0,00;0,00;0,00;-0,13;0,00;0,00;495;129;116;24;23;466;782
4063;72,20;15,43;0,00;0,00;0,00;0,02;0,00;0,00;344;23;113;25;21;717;117
4064;5,04;-616,30;0,00;0,00;0,00;-0,62;0,00;0,00;247;93;173;49;35;333;301
4065;62,47;-133,35;0,00;0,00;0,00;-0,13;0,00;0,00;83;190;174;31;27;373;830
4066;43,36;-289,66;0,00;0,00;0,00;-0,29;0,00;0,00;291;66;127;26;30;791;530
4067;77,12;104,69;0,00;0,00;0,00;0,10;0,00;0,00;165;188;134;46;37;295;897
4068;20,33;-480,55;0,00;0,00;0,00;-0,48;0,00;0,00;353;71;44;26;16;652;108
4069;34,91;-337,91;0,00;0,00;0,00;-0,34;0,00;0,00;168;175;122;20;38;927;830
4070;46,45;-310,46;0,00;0,00;0,00;-0,31;0,00;0,00;208;87;29;17;34;451;798
4071;52,19;-214,03;0,00;0,00;0,00;-0,21;0,00;0,00;239;92;149;18;32;576;655
4072;32,45;-292,47;0,00;0,00;0,00;-0,29;0,00;0,00;491;58;177;21;27;586;218
4073;24,50;-416,02;0,00;0,00;0,00;-0,42;0,00;0,00;59;168;129;27;38;600;555
4074;10,58;-675,09;0,00;0,00;0,00;-0,68;0,00;0,00;409;53;140;34;30;134;248
4075;64,22;-5,29;0,00;0,00;0,00;-0,01;0,00;0,00;67;146;142;35;24;783;877
4076;50,24;-189,87;0,00;0,00;0,00;-0,19;0,00;0,00;42;109;96;38;35;593;686
4077;47,36;-308,65;0,00;0,00;0,00;-0,31;0,00;0,00;38;90;53;44;33;727;893
4078;12,99;-522,85;0,00;0,00;0,00;-0,52;0,00;0,00;273;193;130;20;38;814;514
4079;36,64;-285,95;0,00;0,00;0,00;-0,29;0,00;0,00;423;161;112;31;25;503;576
4080;46,76;-171,23;0,00;0,00;0,00;-0,17;0,00;0,00;280;12;51;26;37;953;788
4081;41,32;-231,75;0,00;0,00;0,00;-0,23;0,00;0,00;222;11;69;28;17;266;728
4082;67,44;8,01;0,00;0,00;0,00;0,01;0,00;0,00;173;163;77;33;32;610;600
4083;69,07;-1,65;0,00;0,00;0,00;-0,00;0,00;0,00;392;114;69;45;31;412;759
4084;56,99;-154,24;0,00;0,00;0,00;-0,15;0,00;0,00;295;163;135;39;37;863;148
4085;29,64;-382,43;0,00;0,00;0,00;-0,38;0,00;0,00;414;184;20;10;39;901;925
4086;68,91;-60,28;0,00;0,00;0,00;-0,06;0,00;0,00;336;67;182;20;16;559;310
4087;72,07;-7,53;0,00;0,00;0,00;-0,01;0,00;0,00;427;168;199;33;30;812;110
4088;87,70;114,54;0,00;0,00;0,00;0,11;0,00;0,00;236;164;191;19;31;211;683
4089;19,01;-457,20;0,00;0,00;0,00;-0,46;0,00;0,00;205;69;93;45;19;502;505
4090;48,48;-119,21;0,00;0,00;0,00;-0,12;0,00;0,00;164;154;187;37;22;152;561
4091;58,09;-129,20;0,00;0,00;0,00;-0,13;0,00;0,00;270;171;113;40;32;880;279
4092;61,64;-53,37;0,00;0,00;0,00;-0,05;0,00;0,00;302;198;128;45;34;289;457
4093;25,32;-395,92;0,00;0,00;0,00;-0,40;0,00;0,00;354;157;56;12;28;950;393
4094;20,97;-417,13;0,00;0,00;0,00;-0,42;0,00;0,00;143;163;187;10;15;990;927
4095;33,36;-493,73;0,00;0,00;0,00;-0,49;0,00;0,00;255;31;175;40;31;623;415
4096;57,22;-161,27;0,00;0,00;0,00;-0,16;0,00;0,00;282;189;185;13;35;170;851
4097;56,24;-96,74;0,00;0,00;0,00;-0,10;0,00;0,00;207;132;93;25;30;461;962
4098;46,70;-272,04;0,00;0,00;0,00;-0,27;0,00;0,00;447;59;47;21;24;846;942
4099;41,77;-296,30;0,00;0,00;0,00;-0,30;0,00;0,00;88;139;179;27;29;959;301
4100;36,10;-386,23;0,00;0,00;0,00;-0,39;0,00;0,00;254;67;196;46;37;662;936
4101;60,97;-158,59;0,00;0,00;0,00;-0,16;0,00;0,00;496;31;50;49;29;289;165
4102;58,10;-214,36;0,00;0,00;0,00;-0,21;0,00;0,00;349;188;116;49;24;672;485
4103;88,36;149,31;0,00;0,00;0,00;0,15;0,00;0,00;162;59;175;49;18;122;417
4104;72,05;3,17;0,00;0,00;0,00;0,00;0,00;0,00;436;43;156;30;18;488;726
4105;16,54;-554,61;0,00;0,00;0,00;-0,55;0,00;0,00;73;10;106;43;33;970;210
4106;48,10;-285,07;0,00;0,00;0,00;-0,29;0,00;0,00;464;179;79;15;32;767;354
4107;52,39;-205,97;0,00;0,00;0,00;-0,21;0,00;0,00;418;117;158;18;28;409;273
4108;40,62;-289,39;0,00;0,00;0,00;-0,29;0,00;0,00;307;86;83;28;29;383;289
4109;20,19;-458,99;0,00;0,00;0,00;-0,46;0,00;0,00;95;171;100;34;15;993;437
4110;55,93;-156,53;0,00;0,00;0,00;-0,16;0,00;0,00;184;42;109;25;39;372;852
4111;28,28;-447,51;0,00;0,00;0,00;-0,45;0,00;0,00;239;40;167;13;27;311;861
4112;22,71;-454,44;0,00;0,00;0,00;-0,45;0,00;0,00;171;193;134;27;23;592;322
4113;43,01;-243,20;0,00;0,00;0,00;-0,24;0,00;0,00;69;81;48;30;36;371;281
4114;25,86;-428,84;0,00;0,00;0,00;-0,43;0,00;0,00;190;143;107;20;18;608;568
4115;49,60;-231,76;0,00;0,00;0,00;-0,23;0,00;0,00;488;142;129;18;20;698;584
4116;47,92;-285,76;0,00;0,00;0,00;-0,29;0,00;0,00;63;73;145;17;30;530;206
4117;57,03;-104,42;0,00;0,00;0,00;-0,10;0,00;0,00;363;145;106;44;31;138;211
4118;69,14;-14,36;0,00;0,00;0,00;-0,01;0,00;0,00;208;78;67;24;18;578;721
4119;54,85;-197,56;0,00;0,00;0,00;-0,20;0,00;0,00;10;91;65;13;25;722;966
4120;46,04;-327,05;0,00;0,00;0,00;-0,33;0,00;0,00;119;178;193;32;25;376;351
4121;53,25;-170,30;0,00;0,00;0,00;-0,17;0,00;0,00;399;36;185;38;20;435;629
4122;44,41;-270,77;0,00;0,00;0,00;-0,27;0,00;0,00;175;48;148;20;22;322;174
4123;33,45;-381,00;0,00;0,00;0,00;-0,38;0,00;0,00;112;104;55;29;21;240;749
4124;47,51;-254,50;0,00;0,00;0,00;-0,25;0,00;0,00;37;92;95;39;33;626;552
4125;42,85;-316,54;0,00;0,00;0,00;-0,32;0,00;0,00;392;122;108;29;23;815;687
4126;31,32;-391,61;0,00;0,00;0,00;-0,39;0,00;0,00;324;103;192;13;38;672;929
4127;43,45;-271,45;0,00;0,00;0,00;-0,27;0,00;0,00;397;121;27;14;19;400;648
4128;73,16;61,11;0,00;0,00;0,00;0,06;0,00;0,00;210;108;49;35;26;817;734
4129;96,75;195,02;0,00;0,00;0,00;0,20;0,00;0,00;473;138;23;24;26;341;374
4130;62,89;-87,44;0,00;0,00;0,00;-0,09;0,00;0,00;173;77;59;42;38;465;115
4131;87,24;168,02;0,00;0,00;0,00;0,17;0,00;0,00;449;53;43;17;16;202;581
4132;34,40;-303,48;0,00;0,00;0,00;-0,30;0,00;0,00;481;181;63;43;32;783;606
4133;70,58;16,55;0,00;0,00;0,00;0,02;0,00;0,00;495;139;68;10;39;592;602
4134;39,55;-231,45;0,00;0,00;0,00;-0,23;0,00;0,00;105;165;112;24;17;525;188
4135;50,27;-197,05;0,00;0,00;0,00;-0,20;0,00;0,00;75;87;147;23;23;370;763
4136;2,87;-686,21;0,00;0,00;0,00;-0,69;0,00;0,00;78;96;167;11;35;276;209
4137;31,55;-392,23;0,00;0,00;0,00;-0,39;0,00;0,00;323;166;49;25;28;386;779
4138;60,59;-112,99;0,00;0,00;0,00;-0,11;0,00;0,00;78;68;63;23;36;227;265
4139;51,47;-204,34;0,00;0,00;0,00;-0,20;0,00;0,00;483;51;189;13;38;626;858
4140;37,24;-320,24;0,00;0,00;0,00;-0,32;0,00;0,00;378;40;28;41;35;625;210
4141;64,36;-82,63;0,00;0,00;0,00;-0,08;0,00;0,00;409;184;160;34;21;973;806
4142;32,60;-300,20;0,00;0,00;0,00;-0,30;0,00;0,00;200;86;14;17;17;914;301
4143;55,74;-140,23;0,00;0,00;0,00;-0,14;0,00;0,00;99;133;25;30;17;208;482
4144;51,03;-214,73;0,00;0,00;0,00;-0,21;0,00;0,00;66;111;163;34;21;259;743
4145;36,59;-313,47;0,00;0,00;0,00;-0,31;0,00;0,00;399;114;32;19;21;801;519
4146;30,77;-346,43;0,00;0,00;0,00;-0,35;0,00;0,00;357;18;130;28;32;522;527
4147;42,02;-226,08;0,00;0,00;0,00;-0,23;0,00;0,00;282;13;40;42;19;530;915
4148;33,20;-309,46;0,00;0,00;0,00;-0,31;0,00;0,00;34;99;172;13;34;247;456
4149;3,92;-610,00;0,00;0,00;0,00;-0,61;0,00;0,00;225;32;171;40;34;585;856
4150;65,79;-101,97;0,00;0,00;0,00;-0,10;0,00;0,00;158;195;53;24;24;676;452
4151;92,40;206,57;0,00;0,00;0,00;0,21;0,00;0,00;106;187;171;10;25;179;714
4152;33,92;-365,73;0,00;0,00;0,00;-0,37;0,00;0,00;52;134;108;12;25;733;455
4153;69,34;113,34;0,00;0,00;0,00;0,11;0,00;0,00;44;113;124;48;35;234;748
4154;9,40;-493,24;0,00;0,00;0,00;-0,49;0,00;0,00;53;76;134;23;20;490;714
4155;81,86;149,40;0,00;0,00;0,00;0,15;0,00;0,00;406;171;32;31;24;835;581
4156;39,65;-398,02;0,00;0,00;0,00;-0,40;0,00;0,00;372;13;136;36;38;703;999
4157;24,39;-491,30;0,00;0,00;0,00;-0,49;0,00;0,00;216;70;164;26;34;588;618
4158;41,11;-283,66;0,00;0,00;0,00;-0,28;0,00;0,00;191;25;112;49;38;584;562
4159;34,74;-298,04;0,00;0,00;0,00;-0,30;0,00;0,00;259;134;37;29;29;174;932
4160;38,04;-373,61;0,00;0,00;0,00;-0,37;0,00;0,00;141;29;113;34;16;326;478
4161;62,58;-69,55;0,00;0,00;0,00;-0,07;0,00;0,00;89;41;108;21;34;460;256
4162;6,06;-609,69;0,00;0,00;0,00;-0,61;0,00;0,00;373;76;45;16;28;923;103
4163;23,22;-595,09;0,00;0,00;0,00;-0,60;0,00;0,00;390;109;124;43;37;224;430
4164;57,97;-67,92;0,00;0,00;0,00;-0,07;0,00;0,00;257;51;179;30;38;847;850
4165;100,00;218,65;0,00;0,00;0,00;0,22;0,00;0,00;10;157;59;37;21;859;487
4166;5,39;-586,99;0,00;0,00;0,00;-0,59;0,00;0,00;406;62;29;41;27;192;696
4167;65,80;-58,55;0,00;0,00;0,00;-0,06;0,00;0,00;115;13;76;35;33;689;337
4168;18,53;-553,28;0,00;0,00;0,00;-0,55;0,00;0,00;101;33;51;29;39;998;613
4169;46,40;-248,54;0,00;0,00;0,00;-0,25;0,00;0,00;336;170;64;17;19;346;920
4170;65,44;-139,94;0,00;0,00;0,00;-0,14;0,00;0,00;202;132;34;45;19;127;505
4171;68,58;-90,27;0,00;0,00;0,00;-0,09;0,00;0,00;330;138;89;29;15;594;663
4172;40,40;-351,74;0,00;0,00;0,00;-0,35;0,00;0,00;290;36;186;31;31;345;917
4173;87,61;172,65;0,00;0,00;0,00;0,17;0,00;0,00;125;73;53;24;21;908;500
4174;87,42;172,27;0,00;0,00;0,00;0,17;0,00;0,00;165;171;128;25;19;633;625
4175;41,88;-262,65;0,00;0,00;0,00;-0,26;0,00;0,00;12;184;11;31;32;153;260
4176;59,12;-96,29;0,00;0,00;0,00;-0,10;0,00;0,00;355;117;134;24;29;755;108
4177;72,18;-16,56;0,00;0,00;0,00;-0,02;0,00;0,00;222;87;48;23;27;565;615
4178;27,93;-449,91;0,00;0,00;0,00;-0,45;0,00;0,00;18;125;72;44;34;209;423
4179;54,93;-178,24;0,00;0,00;0,00;-0,18;0,00;0,00;228;74;123;13;22;780;282
4180;63,20;-165,85;0,00;0,00;0,00;-0,17;0,00;0,00;193;118;181;18;33;219;120
4181;45,73;-391,89;0,00;0,00;0,00;-0,39;0,00;0,00;15;176;110;23;30;405;520
4182;57,52;-122,91;0,00;0,00;0,00;-0,12;0,00;0,00;39;62;110;43;19;784;277
4183;50,57;-175,92;0,00;0,00;0,00;-0,18;0,00;0,00;214;111;118;15;35;780;574
4184;59,11;-161,17;0,00;0,00;0,00;-0,16;0,00;0,00;114;193;199;22;19;825;866
4185;74,71;6,75;0,00;0,00;0,00;0,01;0,00;0,00;11;102;31;44;34;868;255
4186;47,80;-262,10;0,00;0,00;0,00;-0,26;0,00;0,00;41;86;185;34;31;122;478
4187;30,74;-338,67;0,00;0,00;0,00;-0,34;0,00;0,00;200;78;76;22;31;314;117
4188;32,30;-346,37;0,00;0,00;0,00;-0,35;0,00;0,00;47;106;126;12;24;111;963
4189;35,79;-351,36;0,00;0,00;0,00;-0,35;0,00;0,00;368;21;187;30;23;472;323
4190;92,00;230,42;0,00;0,00;0,00;0,23;0,00;0,00;472;44;82;17;29;591;164
4191;61,90;-34,43;0,00;0,00;0,00;-0,03;0,00;0,00;422;43;191;45;17;903;200
4192;79,39;107,68;0,00;0,00;0,00;0,11;0,00;0,00;287;16;161;43;29;536;212
4193;8,92;-549,52;0,00;0,00;0,00;-0,55;0,00;0,00;496;84;55;26;33;309;827
4194;43,99;-269,79;0,00;0,00;0,00;-0,27;0,00;0,00;75;127;67;20;32;116;431
4195;42,65;-292,64;0,00;0,00;0,00;-0,29;0,00;0,00;198;152;56;44;19;575;312
4196;64,20;-17,01;0,00;0,00;0,00;-0,02;0,00;0,00;499;138;169;38;32;276;945
4197;49,18;-227,44;0,00;0,00;0,00;-0,23;0,00;0,00;469;118;135;40;23;272;185
4198;48,31;-266,51;0,00;0,00;0,00;-0,27;0,00;0,00;474;66;91;22;34;283;466
4199;53,23;-192,20;0,00;0,00;0,00;-0,19;0,00;0,00;307;52;146;30;24;213;329
4200;33,24;-332,09;0,00;0,00;0,00;-0,33;0,00;0,00;259;36;71;25;34;424;805
4201;40,15;-186,71;0,00;0,00;0,00;-0,19;0,00;0,00;289;60;167;32;18;798;433
4202;8,34;-601,80;0,00;0,00;0,00;-0,60;0,00;0,00;416;188;118;28;35;996;140
4203;65,05;-105,01;0,00;0,00;0,00;-0,11;0,00;0,00;23;151;88;22;17;271;399
4204;26,86;-395,77;0,00;0,00;0,00;-0,40;0,00;0,00;150;160;188;33;19;594;868
4205;70,75;59,47;0,00;0,00;0,00;0,06;0,00;0,00;417;53;46;38;35;164;900
4206;66,78;29,49;0,00;0,00;0,00;0,03;0,00;0,00;191;95;62;42;16;448;780
4207;25,02;-495,81;0,00;0,00;0,00;-0,50;0,00;0,00;413;49;13;30;21;446;595
4208;63,24;-73,19;0,00;0,00;0,00;-0,07;0,00;0,00;317;168;119;43;19;668;419
4209;0,00;-638,22;0,00;0,00;0,00;-0,64;0,00;0,00;246;34;58;14;28;205;181
4210;76,35;30,92;0,00;0,00;0,00;0,03;0,00;0,00;224;71;33;11;29;453;326
4211;40,45;-421,55;0,00;0,00;0,00;-0,42;0,00;0,00;146;14;154;31;27;978;353
4212;20,99;-497,87;0,00;0,00;0,00;-0,50;0,00;0,00;384;160;98;32;15;318;865
4213;30,32;-376,23;0,00;0,00;0,00;-0,38;0,00;0,00;322;102;43;46;30;397;942
4214;0,00;-571,37;0,00;0,00;0,00;-0,57;0,00;0,00;495;59;168;26;36;319;722
4215;39,97;-298,78;0,00;0,00;0,00;-0,30;0,00;0,00;78;192;195;19;19;526;576
4216;80,36;128,84;0,00;0,00;0,00;0,13;0,00;0,00;108;36;49;35;30;761;521
4217;22,74;-379,21;0,00;0,00;0,00;-0,38;0,00;0,00;288;52;123;49;31;113;517
4218;25,27;-469,02;0,00;0,00;0,00;-0,47;0,00;0,00;72;125;32;23;23;342;971
4219;48,57;-213,84;0,00;0,00;0,00;-0,21;0,00;0,00;108;120;33;21;24;569;149
4220;22,55;-472,12;0,00;0,00;0,00;-0,47;0,00;0,00;354;58;39;13;36;180;488
4221;37,97;-419,48;0,00;0,00;0,00;-0,42;0,00;0,00;318;33;56;49;29;558;518
4222;56,13;-180,10;0,00;0,00;0,00;-0,18;0,00;0,00;330;116;92;48;29;242;725
4223;9,59;-679,03;0,00;0,00;0,00;-0,68;0,00;0,00;176;75;196;24;24;282;902
4224;77,13;-7,70;0,00;0,00;0,00;-0,01;0,00;0,00;242;198;146;26;35;781;932
4225;73,56;-29,58;0,00;0,00;0,00;-0,03;0,00;0,00;320;43;24;36;38;410;651
4226;75,09;99,44;0,00;0,00;0,00;0,10;0,00;0,00;100;180;109;34;33;878;118
4227;26,48;-474,62;0,00;0,00;0,00;-0,47;0,00;0,00;425;156;55;19;28;900;170
4228;46,27;-238,32;0,00;0,00;0,00;-0,24;0,00;0,00;66;91;66;13;17;901;693
4229;62,28;-69,55;0,00;0,00;0,00;-0,07;0,00;0,00;306;186;53;14;22;126;236
4230;83,01;153,48;0,00;0,00;0,00;0,15;0,00;0,00;494;15;97;38;20;363;553
4231;75,02;23,64;0,00;0,00;0,00;0,02;0,00;0,00;302;184;14;12;24;773;821
4232;91,03;238,94;0,00;0,00;0,00;0,24;0,00;0,00;370;166;95;42;26;581;571
4233;22,16;-483,12;0,00;0,00;0,00;-0,48;0,00;0,00;13;130;71;27;26;939;291
4234;35,74;-399,94;0,00;0,00;0,00;-0,40;0,00;0,00;99;54;112;43;30;768;429
4235;70,79;15,49;0,00;0,00;0,00;0,02;0,00;0,00;206;120;40;16;37;186;646
4236;45,43;-291,80;0,00;0,00;0,00;-0,29;0,00;0,00;188;91;157;10;19;233;507
4237;54,55;-258,74;0,00;0,00;0,00;-0,26;0,00;0,00;214;46;78;19;33;684;126
4238;46,21;-278,42;0,00;0,00;0,00;-0,28;0,00;0,00;114;145;179;35;20;573;908
4239;31,33;-352,17;0,00;0,00;0,00;-0,35;0,00;0,00;25;174;68;45;20;980;827
4240;37,74;-268,01;0,00;0,00;0,00;-0,27;0,00;0,00;169;186;160;29;20;560;790
4241;49,45;-250,97;0,00;0,00;0,00;-0,25;0,00;0,00;456;177;189;12;38;108;150
4242;0,00;-721,04;0,00;0,00;0,00;-0,72;0,00;0,00;123;44;39;22;39;618;649
4243;33,49;-417,90;0,00;0,00;0,00;-0,42;0,00;0,00;111;198;182;14;16;675;701
4244;68,95;-61,47;0,00;0,00;0,00;-0,06;0,00;0,00;488;52;20;26;32;438;312
4245;68,97;25,68;0,00;0,00;0,00;0,03;0,00;0,00;414;32;195;45;29;393;442
4246;0,00;-733,14;0,00;0,00;0,00;-0,73;0,00;0,00;488;129;14;24;32;206;310
4247;70,83;36,30;0,00;0,00;0,00;0,04;0,00;0,00;54;119;69;37;19;726;845
4248;26,01;-430,85;0,00;0,00;0,00;-0,43;0,00;0,00;131;33;72;28;17;331;986
4249;48,60;-154,19;0,00;0,00;0,00;-0,15;0,00;0,00;195;139;198;44;32;173;911
4250;64,20;-123,87;0,00;0,00;0,00;-0,12;0,00;0,00;309;83;156;11;28;970;445
4251;77,96;12,29;0,00;0,00;0,00;0,01;0,00;0,00;153;195;172;46;35;855;704
4252;56,78;-217,09;0,00;0,00;0,00;-0,22;0,00;0,00;246;15;157;20;39;881;103
4253;38,69;-351,58;0,00;0,00;0,00;-0,35;0,00;0,00;429;73;118;11;26;560;535
4254;66,17;-112,06;0,00;0,00;0,00;-0,11;0,00;0,00;497;89;92;21;30;131;194
4255;32,11;-392,64;0,00;0,00;0,00;-0,39;0,00;0,00;96;38;122;19;21;107;576
4256;50,15;-242,50;0,00;0,00;0,00;-0,24;0,00;0,00;48;22;69;21;30;464;650
4257;84,63;106,66;0,00;0,00;0,00;0,11;0,00;0,00;11;39;25;22;30;492;344
4258;66,53;-55,70;0,00;0,00;0,00;-0,06;0,00;0,00;468;98;64;22;34;914;149
4259;28,08;-393,12;0,00;0,00;0,00;-0,39;0,00;0,00;332;84;27;33;16;649;974
4260;47,64;-228,55;0,00;0,00;0,00;-0,23;0,00;0,00;36;192;157;44;30;735;944
4261;26,01;-360,76;0,00;0,00;0,00;-0,36;0,00;0,00;202;124;108;30;26;187;574
4262;0,00;-730,01;0,00;0,00;0,00;-0,73;0,00;0,00;415;137;72;30;35;792;738
4263;82,35;72,37;0,00;0,00;0,00;0,07;0,00;0,00;353;90;59;16;20;483;215
4264;66,99;-20,03;0,00;0,00;0,00;-0,02;0,00;0,00;332;125;64;24;23;469;745
4265;92,80;250,02;0,00;0,00;0,00;0,25;0,00;0,00;252;147;57;43;38;960;479
4266;18,91;-521,61;0,00;0,00;0,00;-0,52;0,00;0,00;403;48;60;30;30;980;335
4267;75,92;27,48;0,00;0,00;0,00;0,03;0,00;0,00;217;179;35;48;30;511;502
4268;40,80;-292,95;0,00;0,00;0,00;-0,29;0,00;0,00;440;40;108;10;16;495;390
4269;49,73;-273,76;0,00;0,00;0,00;-0,27;0,00;0,00;489;193;31;43;34;878;162
4270;41,90;-218,42;0,00;0,00;0,00;-0,22;0,00;0,00;184;196;92;26;18;270;874
4271;46,74;-188,42;0,00;0,00;0,00;-0,19;0,00;0,00;468;92;190;41;36;339;263
4272;18,60;-435,72;0,00;0,00;0,00;-0,44;0,00;0,00;482;123;94;23;31;844;158
4273;66,36;-0,54;0,00;0,00;0,00;-0,00;0,00;0,00;330;131;27;49;38;457;171
4274;34,96;-259,37;0,00;0,00;0,00;-0,26;0,00;0,00;71;161;11;10;30;614;232
4275;51,54;-168,40;0,00;0,00;0,00;-0,17;0,00;0,00;300;166;158;21;20;960;304
4276;18,28;-476,24;0,00;0,00;0,00;-0,48;0,00;0,00;324;15;141;17;17;139;210
4277;57,78;-151,86;0,00;0,00;0,00;-0,15;0,00;0,00;428;170;145;43;18;755;877
4278;4,44;-757,98;0,00;0,00;0,00;-0,76;0,00;0,00;276;98;51;18;35;682;435
4279;56,32;-150,00;0,00;0,00;0,00;-0,15;0,00;0,00;144;168;116;29;35;234;153
4280;31,89;-436,03;0,00;0,00;0,00;-0,44;0,00;0,00;443;87;95;48;21;272;630
4281;35,83;-259,45;0,00;0,00;0,00;-0,26;0,00;0,00;351;13;54;23;38;637;975
4282;90,72;260,29;0,00;0,00;0,00;0,26;0,00;0,00;143;144;78;47;31;369;412
4283;63,84;-74,55;0,00;0,00;0,00;-0,07;0,00;0,00;100;111;86;48;20;213;345
4284;54,82;-130,63;0,00;0,00;0,00;-0,13;0,00;0,00;47;59;74;20;22;227;528
4285;65,66;-4,22;0,00;0,00;0,00;-0,00;0,00;0,00;465;163;166;33;39;866;434
4286;36,95;-323,35;0,00;0,00;0,00;-0,32;0,00;0,00;260;118;49;47;27;314;566
4287;80,41;77,60;0,00;0,00;0,00;0,08;0,00;0,00;281;191;24;17;22;361;780
4288;62,45;-112,18;0,00;0,00;0,00;-0,11;0,00;0,00;183;71;158;14;26;549;342
4289;73,11;54,93;0,00;0,00;0,00;0,05;0,00;0,00;325;155;100;41;15;230;301
4290;31,47;-371,41;0,00;0,00;0,00;-0,37;0,00;0,00;74;190;76;31;36;438;973
4291;40,89;-271,78;0,00;0,00;0,00;-0,27;0,00;0,00;297;11;167;31;28;653;349
4292;83,64;91,29;0,00;0,00;0,00;0,09;0,00;0,00;152;186;188;34;34;215;994
4293;41,74;-270,87;0,00;0,00;0,00;-0,27;0,00;0,00;328;74;192;20;27;589;644
4294;54,61;-178,42;0,00;0,00;0,00;-0,18;0,00;0,00;429;21;128;23;21;244;713
4295;37,70;-401,97;0,00;0,00;0,00;-0,40;0,00;0,00;148;66;109;36;38;348;873
4296;54,76;-158,76;0,00;0,00;0,00;-0,16;0,00;0,00;30;122;21;29;20;788;805
4297;55,53;-169,58;0,00;0,00;0,00;-0,17;0,00;0,00;72;88;20;37;26;100;272
4298;20,17;-470,73;0,00;0,00;0,00;-0,47;0,00;0,00;302;10;193;18;26;838;777
4299;55,87;-125,20;0,00;0,00;0,00;-0,13;0,00;0,00;485;12;80;22;22;339;343
4300;54,99;-214,67;0,00;0,00;0,00;-0,21;0,00;0,00;453;140;115;31;39;257;589
4301;69,23;9,37;0,00;0,00;0,00;0,01;0,00;0,00;46;135;115;44;20;408;610
4302;5,77;-598,54;0,00;0,00;0,00;-0,60;0,00;0,00;83;99;179;15;18;428;524
4303;27,20;-478,79;0,00;0,00;0,00;-0,48;0,00;0,00;293;121;161;44;28;383;931
4304;36,66;-318,22;0,00;0,00;0,00;-0,32;0,00;0,00;333;14;185;34;28;944;211
4305;37,86;-393,60;0,00;0,00;0,00;-0,39;0,00;0,00;373;187;42;36;24;357;107
4306;47,42;-228,08;0,00;0,00;0,00;-0,23;0,00;0,00;243;61;28;15;29;285;984
4307;86,46;160,58;0,00;0,00;0,00;0,16;0,00;0,00;117;49;182;14;39;141;315
4308;99,24;222,11;0,00;0,00;0,00;0,22;0,00;0,00;281;170;174;31;23;366;676
4309;71,77;34,61;0,00;0,00;0,00;0,03;0,00;0,00;22;167;174;31;16;995;285
4310;40,19;-343,91;0,00;0,00;0,00;-0,34;0,00;0,00;489;172;160;15;34;125;652
4311;43,06;-238,88;0,00;0,00;0,00;-0,24;0,00;0,00;293;44;191;19;25;204;192
4312;38,74;-296,66;0,00;0,00;0,00;-0,30;0,00;0,00;292;56;78;36;32;876;395
4313;85,44;154,35;0,00;0,00;0,00;0,15;0,00;0,00;181;87;80;26;35;336;658
4314;54,03;-212,27;0,00;0,00;0,00;-0,21;0,00;0,00;265;41;115;41;38;658;587
4315;47,78;-226,81;0,00;0,00;0,00;-0,23;0,00;0,00;136;186;117;26;27;553;533
4316;69,23;48,96;0,00;0,00;0,00;0,05;0,00;0,00;70;161;81;22;31;547;392
4317;73,48;18,26;0,00;0,00;0,00;0,02;0,00;0,00;166;86;191;16;30;944;715
4318;70,21;61,78;0,00;0,00;0,00;0,06;0,00;0,00;451;18;143;49;26;267;318
4319;40,63;-303,51;0,00;0,00;0,00;-0,30;0,00;0,00;369;44;130;18;22;228;191
4320;57,46;-97,71;0,00;0,00;0,00;-0,10;0,00;0,00;298;93;40;12;39;976;185
4321;32,44;-382,41;0,00;0,00;0,00;-0,38;0,00;0,00;464;34;40;36;22;246;234
4322;52,37;-264,87;0,00;0,00;0,00;-0,26;0,00;0,00;39;29;131;35;32;709;440
4323;70,76;-10,03;0,00;0,00;0,00;-0,01;0,00;0,00;420;16;169;43;32;735;818
4324;89,67;230,08;0,00;0,00;0,00;0,23;0,00;0,00;406;167;194;26;21;412;997
4325;57,03;-47,31;0,00;0,00;0,00;-0,05;0,00;0,00;358;37;76;31;32;351;976
4326;63,15;-30,54;0,00;0,00;0,00;-0,03;0,00;0,00;450;25;69;12;15;609;531
4327;49,10;-135,19;0,00;0,00;0,00;-0,14;0,00;0,00;202;166;24;48;28;410;503
4328;40,42;-315,76;0,00;0,00;0,00;-0,32;0,00;0,00;389;167;155;29;29;170;980
4329;33,04;-371,56;0,00;0,00;0,00;-0,37;0,00;0,00;211;103;188;47;38;508;387
4330;70,61;-66,45;0,00;0,00;0,00;-0,07;0,00;0,00;362;186;148;30;33;503;401
4331;52,30;-217,84;0,00;0,00;0,00;-0,22;0,00;0,00;182;174;24;11;29;275;740
4332;71,39;-5,57;0,00;0,00;0,00;-0,01;0,00;0,00;96;131;63;41;32;299;237
4333;15,98;-545,96;0,00;0,00;0,00;-0,55;0,00;0,00;48;92;190;29;24;176;803
4334;23,87;-500,39;0,00;0,00;0,00;-0,50;0,00;0,00;88;177;111;20;30;832;587
4335;35,70;-314,18;0,00;0,00;0,00;-0,31;0,00;0,00;397;179;18;14;34;945;708
4336;61,91;-39,40;0,00;0,00;0,00;-0,04;0,00;0,00;422;104;58;34;26;957;435
4337;53,75;-159,05;0,00;0,00;0,00;-0,16;0,00;0,00;467;157;84;48;20;655;975
4338;49,08;-200,62;0,00;0,00;0,00;-0,20;0,00;0,00;363;22;15;49;18;920;887
4339;45,78;-251,65;0,00;0,00;0,00;-0,25;0,00;0,00;158;166;106;44;18;315;640
4340;0,00;-716,96;0,00;0,00;0,00;-0,72;0,00;0,00;204;40;22;43;29;867;829
4341;1,64;-559,16;0,00;0,00;0,00;-0,56;0,00;0,00;114;86;79;33;39;501;324
4342;77,17;-35,78;0,00;0,00;0,00;-0,04;0,00;0,00;214;20;76;28;15;381;326
4343;81,20;-45,84;0,00;0,00;0,00;-0,05;0,00;0,00;367;192;83;16;15;591;534
4344;52,26;-201,96;0,00;0,00;0,00;-0,20;0,00;0,00;193;92;89;29;26;408;219
4345;47,09;-239,47;0,00;0,00;0,00;-0,24;0,00;0,00;208;110;155;32;25;588;443
4346;26,26;-428,72;0,00;0,00;0,00;-0,43;0,00;0,00;497;196;161;45;16;253;592
4347;20,10;-490,45;0,00;0,00;0,00;-0,49;0,00;0,00;331;33;29;27;36;292;631
4348;50,23;-143,76;0,00;0,00;0,00;-0,14;0,00;0,00;138;102;60;28;26;547;415
4349;50,72;-160,70;0,00;0,00;0,00;-0,16;0,00;0,00;486;135;109;41;17;459;194
4350;49,09;-238,55;0,00;0,00;0,00;-0,24;0,00;0,00;106;38;192;20;32;730;787
4351;53,68;-215,34;0,00;0,00;0,00;-0,22;0,00;0,00;186;84;164;39;38;214;163
4352;21,83;-448,08;0,00;0,00;0,00;-0,45;0,00;0,00;161;166;153;39;37;911;459
4353;52,87;-136,97;0,00;0,00;0,00;-0,14;0,00;0,00;129;66;102;19;27;407;315
4354;30,62;-397,46;0,00;0,00;0,00;-0,40;0,00;0,00;328;64;159;20;20;681;588
4355;18,01;-603,94;0,00;0,00;0,00;-0,60;0,00;0,00;337;51;60;41;24;870;263
4356;93,61;241,88;0,00;0,00;0,00;0,24;0,00;0,00;155;15;106;45;29;256;460
4357;49,49;-180,52;0,00;0,00;0,00;-0,18;0,00;0,00;220;168;93;28;38;760;827
4358;0,00;-749,50;0,00;0,00;0,00;-0,75;0,00;0,00;406;21;187;14;30;890;736
4359;35,62;-343,19;0,00;0,00;0,00;-0,34;0,00;0,00;231;187;137;42;27;140;150
4360;6,60;-661,39;0,00;0,00;0,00;-0,66;0,00;0,00;106;199;26;12;21;938;577
4361;5,27;-654,70;0,00;0,00;0,00;-0,65;0,00;0,00;377;146;164;23;31;279;173
4362;84,06;153,17;0,00;0,00;0,00;0,15;0,00;0,00;251;188;163;35;38;568;550
4363;25,39;-452,34;0,00;0,00;0,00;-0,45;0,00;0,00;11;188;177;10;17;977;614
4364;27,28;-473,33;0,00;0,00;0,00;-0,47;0,00;0,00;305;21;72;45;39;710;315
4365;30,53;-403,37;0,00;0,00;0,00;-0,40;0,00;0,00;236;108;67;27;30;115;907
4366;45,91;-216,52;0,00;0,00;0,00;-0,22;0,00;0,00;435;184;28;30;23;531;266
4367;45,06;-234,80;0,00;0,00;0,00;-0,23;0,00;0,00;46;160;46;31;18;301;894
4368;55,10;-191,09;0,00;0,00;0,00;-0,19;0,00;0,00;39;114;164;43;18;994;502
4369;27,46;-500,98;0,00;0,00;0,00;-0,50;0,00;0,00;19;174;134;16;33;680;716
4370;80,21;74,18;0,00;0,00;0,00;0,07;0,00;0,00;347;173;95;16;33;317;701
4371;45,56;-253,53;0,00;0,00;0,00;-0,25;0,00;0,00;180;131;162;17;29;271;486
4372;16,40;-493,39;0,00;0,00;0,00;-0,49;0,00;0,00;308;179;155;28;16;486;778
4373;74,86;53,24;0,00;0,00;0,00;0,05;0,00;0,00;79;54;112;16;23;672;955
4374;92,32;156,61;0,00;0,00;0,00;0,16;0,00;0,00;12;90;172;31;18;742;162
4375;62,17;-88,27;0,00;0,00;0,00;-0,09;0,00;0,00;105;21;39;13;15;512;396
4376;100,00;220,95;0,00;0,00;0,00;0,22;0,00;0,00;176;121;66;41;32;487;574
4377;90,12;206,31;0,00;0,00;0,00;0,21;0,00;0,00;443;154;10;33;29;259;575
4378;58,56;-158,91;0,00;0,00;0,00;-0,16;0,00;0,00;114;89;15;16;22;521;256
4379;97,01;348,61;0,00;0,00;0,00;0,35;0,00;0,00;83;68;77;11;29;527;541
4380;47,72;-257,07;0,00;0,00;0,00;-0,26;0,00;0,00;200;115;48;41;29;760;943
4381;82,96;125,73;0,00;0,00;0,00;0,13;0,00;0,00;189;87;103;36;29;318;334
4382;26,40;-430,33;0,00;0,00;0,00;-0,43;0,00;0,00;84;153;11;48;21;506;567
4383;40,08;-274,15;0,00;0,00;0,00;-0,27;0,00;0,00;123;162;57;18;39;746;105
4384;81,37;181,76;0,00;0,00;0,00;0,18;0,00;0,00;93;182;34;38;37;136;133
4385;3,84;-689,60;0,00;0,00;0,00;-0,69;0,00;0,00;38;33;11;10;15;658;511
4386;100,00;286,53;0,00;0,00;0,00;0,29;0,00;0,00;373;194;128;32;27;681;928
4387;82,92;99,10;0,00;0,00;0,00;0,10;0,00;0,00;33;119;122;42;35;281;896
4388;37,95;-276,00;0,00;0,00;0,00;-0,28;0,00;0,00;328;50;33;23;26;674;726
4389;10,50;-603,52;0,00;0,00;0,00;-0,60;0,00;0,00;104;154;167;35;17;469;377
4390;53,56;-44,57;0,00;0,00;0,00;-0,04;0,00;0,00;362;58;93;41;25;595;152
4391;12,06;-694,48;0,00;0,00;0,00;-0,69;0,00;0,00;171;192;86;26;24;598;138
4392;44,11;-294,68;0,00;0,00;0,00;-0,29;0,00;0,00;343;118;89;43;23;222;473
4393;52,11;-228,27;0,00;0,00;0,00;-0,23;0,00;0,00;267;159;87;22;23;890;529
4394;30,84;-428,87;0,00;0,00;0,00;-0,43;0,00;0,00;99;198;160;45;18;973;171
4395;53,15;-142,90;0,00;0,00;0,00;-0,14;0,00;0,00;343;93;30;15;22;541;194
4396;57,46;-109,23;0,00;0,00;0,00;-0,11;0,00;0,00;181;52;13;34;31;299;157
4397;44,97;-209,37;0,00;0,00;0,00;-0,21;0,00;0,00;127;82;95;42;34;226;350
4398;34,17;-365,96;0,00;0,00;0,00;-0,37;0,00;0,00;147;154;164;20;31;178;828
4399;100,00;304,56;0,00;0,00;0,00;0,30;0,00;0,00;292;44;182;23;16;364;389
4400;13,75;-587,36;0,00;0,00;0,00;-0,59;0,00;0,00;76;43;87;12;35;710;355
4401;5,01;-606,46;0,00;0,00;0,00;-0,61;0,00;0,00;350;163;78;32;20;441;867
4402;100,00;310,93;0,00;0,00;0,00;0,31;0,00;0,00;38;126;60;21;18;919;282
4403;0,98;-765,86;0,00;0,00;0,00;-0,77;0,00;0,00;132;36;34;49;35;503;967
4404;36,97;-307,70;0,00;0,00;0,00;-0,31;0,00;0,00;354;128;65;33;22;402;600
4405;47,31;-159,44;0,00;0,00;0,00;-0,16;0,00;0,00;56;185;75;20;18;657;477
4406;70,64;-114,05;0,00;0,00;0,00;-0,11;0,00;0,00;185;145;90;27;29;504;988
4407;58,05;-160,43;0,00;0,00;0,00;-0,16;0,00;0,00;267;99;112;25;33;205;510
4408;30,48;-364,93;0,00;0,00;0,00;-0,36;0,00;0,00;69;142;45;18;24;445;373
4409;53,71;-148,36;0,00;0,00;0,00;-0,15;0,00;0,00;478;89;77;20;27;632;249
4410;48,85;-201,22;0,00;0,00;0,00;-0,20;0,00;0,00;480;111;45;33;33;955;477
4411;50,36;-205,43;0,00;0,00;0,00;-0,21;0,00;0,00;54;21;101;33;28;219;955
4412;29,10;-349,03;0,00;0,00;0,00;-0,35;0,00;0,00;67;16;131;45;35;361;927
4413;22,28;-465,60;0,00;0,00;0,00;-0,47;0,00;0,00;118;91;163;25;17;182;425
4414;72,50;-46,93;0,00;0,00;0,00;-0,05;0,00;0,00;43;28;159;24;31;739;613
4415;19,58;-536,95;0,00;0,00;0,00;-0,54;0,00;0,00;176;92;189;46;18;610;182
4416;97,43;357,24;0,00;0,00;0,00;0,36;0,00;0,00;214;76;109;47;26;112;298
4417;63,10;-76,47;0,00;0,00;0,00;-0,08;0,00;0,00;18;148;26;20;38;904;556
4418;46,49;-234,72;0,00;0,00;0,00;-0,23;0,00;0,00;147;62;106;42;16;892;177
4419;83,54;79,60;0,00;0,00;0,00;0,08;0,00;0,00;139;147;70;42;16;770;735
4420;45,55;-259,19;0,00;0,00;0,00;-0,26;0,00;0,00;265;17;40;35;16;678;311
4421;49,62;-185,11;0,00;0,00;0,00;-0,19;0,00;0,00;295;194;47;27;22;252;728
4422;0,00;-723,05;0,00;0,00;0,00;-0,72;0,00;0,00;113;149;132;43;25;201;493
4423;38,08;-356,46;0,00;0,00;0,00;-0,36;0,00;0,00;439;170;112;34;27;569;987
4424;18,75;-554,28;0,00;0,00;0,00;-0,55;0,00;0,00;369;82;10;20;25;746;676
4425;28,59;-441,11;0,00;0,00;0,00;-0,44;0,00;0,00;418;136;181;48;34;518;798
4426;43,93;-229,08;0,00;0,00;0,00;-0,23;0,00;0,00;211;14;156;47;27;477;340
4427;0,00;-656,08;0,00;0,00;0,00;-0,66;0,00;0,00;62;187;17;31;22;808;105
4428;69,16;8,59;0,00;0,00;0,00;0,01;0,00;0,00;95;101;163;21;32;505;679
4429;34,24;-310,70;0,00;0,00;0,00;-0,31;0,00;0,00;28;145;156;29;29;403;517
4430;63,00;-77,66;0,00;0,00;0,00;-0,08;0,00;0,00;474;24;38;29;32;105;401
4431;42,10;-243,60;0,00;0,00;0,00;-0,24;0,00;0,00;337;113;22;36;25;563;923
4432;25,89;-487,45;0,00;0,00;0,00;-0,49;0,00;0,00;210;99;28;39;25;983;827
4433;30,94;-424,10;0,00;0,00;0,00;-0,42;0,00;0,00;17;149;68;35;17;503;174
4434;27,59;-426,71;0,00;0,00;0,00;-0,43;0,00;0,00;45;80;180;45;37;171;630
4435;51,95;-172,74;0,00;0,00;0,00;-0,17;0,00;0,00;71;95;27;36;34;796;841
4436;64,03;-36,89;0,00;0,00;0,00;-0,04;0,00;0,00;253;172;157;17;37;642;996
4437;82,08;136,81;0,00;0,00;0,00;0,14;0,00;0,00;228;151;26;37;36;157;715
4438;99,09;245,12;0,00;0,00;0,00;0,25;0,00;0,00;157;117;92;47;25;974;419
4439;100,00;352,66;0,00;0,00;0,00;0,35;0,00;0,00;100;33;97;13;30;444;838
4440;51,54;-207,03;0,00;0,00;0,00;-0,21;0,00;0,00;427;67;79;48;29;351;104
4441;78,90;47,41;0,00;0,00;0,00;0,05;0,00;0,00;219;110;83;34;39;588;140
4442;71,63;30,41;0,00;0,00;0,00;0,03;0,00;0,00;456;188;99;43;23;542;702
4443;72,92;81,06;0,00;0,00;0,00;0,08;0,00;0,00;368;144;67;36;28;183;568
4444;39,54;-386,17;0,00;0,00;0,00;-0,39;0,00;0,00;27;25;166;42;28;146;464
4445;34,33;-430,08;0,00;0,00;0,00;-0,43;0,00;0,00;272;176;93;47;36;316;915
4446;19,94;-560,43;0,00;0,00;0,00;-0,56;0,00;0,00;252;136;48;30;22;991;225
4447;30,54;-391,70;0,00;0,00;0,00;-0,39;0,00;0,00;50;147;41;30;38;895;785
4448;49,26;-139,12;0,00;0,00;0,00;-0,14;0,00;0,00;214;175;162;44;30;413;146
4449;40,72;-214,63;0,00;0,00;0,00;-0,21;0,00;0,00;240;115;24;43;26;578;369
4450;84,26;160,37;0,00;0,00;0,00;0,16;0,00;0,00;43;190;31;21;37;988;864
4451;59,70;-33,68;0,00;0,00;0,00;-0,03;0,00;0,00;471;71;49;24;17;882;149
4452;19,30;-543,40;0,00;0,00;0,00;-0,54;0,00;0,00;262;132;160;15;37;884;939
4453;40,60;-289,57;0,00;0,00;0,00;-0,29;0,00;0,00;447;197;118;29;17;477;560
4454;59,64;-175,04;0,00;0,00;0,00;-0,18;0,00;0,00;139;29;101;39;34;718;740
4455;65,12;-94,65;0,00;0,00;0,00;-0,09;0,00;0,00;105;149;65;10;15;593;501
4456;70,91;-21,35;0,00;0,00;0,00;-0,02;0,00;0,00;73;70;93;10;35;971;605
4457;65,20;31,66;0,00;0,00;0,00;0,03;0,00;0,00;24;146;174;10;15;494;641
4458;13,28;-590,56;0,00;0,00;0,00;-0,59;0,00;0,00;175;128;190;44;24;794;435
4459;66,86;51,44;0,00;0,00;0,00;0,05;0,00;0,00;292;138;166;31;25;520;873
4460;0,00;-685,51;0,00;0,00;0,00;-0,69;0,00;0,00;337;140;118;26;30;425;761
4461;6,12;-735,14;0,00;0,00;0,00;-0,74;0,00;0,00;394;62;44;25;24;394;757
4462;44,46;-256,99;0,00;0,00;0,00;-0,26;0,00;0,00;269;59;146;43;26;725;918
4463;61,74;-61,03;0,00;0,00;0,00;-0,06;0,00;0,00;264;193;187;14;37;965;563
4464;23,35;-467,07;0,00;0,00;0,00;-0,47;0,00;0,00;290;144;185;30;15;798;756
4465;27,16;-493,15;0,00;0,00;0,00;-0,49;0,00;0,00;127;150;75;49;21;633;992
4466;36,89;-380,92;0,00;0,00;0,00;-0,38;0,00;0,00;174;109;142;43;17;732;132
4467;41,40;-346,78;0,00;0,00;0,00;-0,35;0,00;0,00;364;114;71;37;32;545;308
4468;95,53;196,41;0,00;0,00;0,00;0,20;0,00;0,00;109;32;116;27;22;549;612
4469;58,23;-122,88;0,00;0,00;0,00;-0,12;0,00;0,00;441;191;114;30;26;897;294
4470;61,42;-73,03;0,00;0,00;0,00;-0,07;0,00;0,00;260;95;184;40;20;944;919
4471;69,57;20,70;0,00;0,00;0,00;0,02;0,00;0,00;423;157;107;45;33;242;333
4472;11,95;-476,07;0,00;0,00;0,00;-0,48;0,00;0,00;370;124;86;14;35;998;266
4473;33,06;-383,85;0,00;0,00;0,00;-0,38;0,00;0,00;157;17;188;39;28;560;173
4474;65,33;-4,38;0,00;0,00;0,00;-0,00;0,00;0,00;469;26;144;15;34;224;374
4475;65,40;-89,34;0,00;0,00;0,00;-0,09;0,00;0,00;379;78;99;37;15;192;415
4476;60,06;-38,98;0,00;0,00;0,00;-0,04;0,00;0,00;220;185;182;22;39;812;462
4477;27,07;-448,72;0,00;0,00;0,00;-0,45;0,00;0,00;198;105;19;32;16;214;106
4478;88,94;168,49;0,00;0,00;0,00;0,17;0,00;0,00;44;98;174;30;35;281;397
4479;65,69;-24,33;0,00;0,00;0,00;-0,02;0,00;0,00;166;38;18;36;24;138;495
4480;76,26;100,42;0,00;0,00;0,00;0,10;0,00;0,00;254;190;88;36;27;137;350
4481;12,50;-537,59;0,00;0,00;0,00;-0,54;0,00;0,00;186;88;10;49;33;990;943
4482;26,74;-373,18;0,00;0,00;0,00;-0,37;0,00;0,00;234;23;80;48;37;697;367
4483;76,94;97,87;0,00;0,00;0,00;0,10;0,00;0,00;481;11;77;32;21;603;476
4484;0,00;-760,38;0,00;0,00;0,00;-0,76;0,00;0,00;316;177;78;16;33;271;652
4485;77,66;-67,18;0,00;0,00;0,00;-0,07;0,00;0,00;69;30;171;40;19;163;462
4486;0,00;-698,17;0,00;0,00;0,00;-0,70;0,00;0,00;186;194;52;35;26;345;403
4487;37,77;-334,81;0,00;0,00;0,00;-0,33;0,00;0,00;309;42;134;27;16;361;230
4488;72,92;28,94;0,00;0,00;0,00;0,03;0,00;0,00;52;17;154;12;22;895;506
4489;50,85;-181,13;0,00;0,00;0,00;-0,18;0,00;0,00;485;65;22;18;31;354;613
4490;63,22;-37,36;0,00;0,00;0,00;-0,04;0,00;0,00;401;111;79;49;16;803;767
4491;27,11;-458,39;0,00;0,00;0,00;-0,46;0,00;0,00;277;74;43;20;34;916;587
4492;65,52;-127,45;0,00;0,00;0,00;-0,13;0,00;0,00;352;27;59;44;17;861;224
4493;77,46;14,28;0,00;0,00;0,00;0,01;0,00;0,00;438;56;145;19;34;194;290
4494;48,42;-255,04;0,00;0,00;0,00;-0,26;0,00;0,00;369;107;51;10;35;292;446
4495;77,11;50,30;0,00;0,00;0,00;0,05;0,00;0,00;408;60;37;18;27;609;576
4496;59,92;-40,03;0,00;0,00;0,00;-0,04;0,00;0,00;145;107;143;30;35;654;539
4497;38,95;-314,66;0,00;0,00;0,00;-0,31;0,00;0,00;66;190;40;28;34;647;380
4498;63,27;-75,99;0,00;0,00;0,00;-0,08;0,00;0,00;243;117;174;21;38;643;735
4499;73,74;-1,42;0,00;0,00;0,00;-0,00;0,00;0,00;190;60;183;32;30;100;746
4500;23,84;-488,37;0,00;0,00;0,00;-0,49;0,00;0,00;367;87;176;43;36;918;920
4501;60,25;-15,35;0,00;0,00;0,00;-0,02;0,00;0,00;103;46;30;41;19;420;153
4502;38,14;-259,40;0,00;0,00;0,00;-0,26;0,00;0,00;434;87;35;48;18;585;620
4503;52,89;-178,22;0,00;0,00;0,00;-0,18;0,00;0,00;20;69;103;39;37;144;875
4504;95,34;198,31;0,00;0,00;0,00;0,20;0,00;0,00;497;47;13;16;30;681;694
4505;57,24;-203,41;0,00;0,00;0,00;-0,20;0,00;0,00;487;91;51;22;22;164;275
4506;54,36;-215,28;0,00;0,00;0,00;-0,22;0,00;0,00;151;103;185;15;19;106;155
4507;58,48;-103,36;0,00;0,00;0,00;-0,10;0,00;0,00;309;95;127;27;21;468;522
4508;36,42;-363,91;0,00;0,00;0,00;-0,36;0,00;0,00;170;48;195;44;33;742;955
4509;72,99;-29,59;0,00;0,00;0,00;-0,03;0,00;0,00;344;190;147;33;19;217;286
4510;100,00;206,63;0,00;0,00;0,00;0,21;0,00;0,00;46;78;183;16;30;665;810
4511;61,40;-81,07;0,00;0,00;0,00;-0,08;0,00;0,00;112;110;40;34;28;487;808
4512;40,39;-331,29;0,00;0,00;0,00;-0,33;0,00;0,00;323;189;48;15;18;316;896
4513;39,05;-300,94;0,00;0,00;0,00;-0,30;0,00;0,00;105;57;15;41;36;976;787
4514;37,14;-348,34;0,00;0,00;0,00;-0,35;0,00;0,00;84;47;14;40;18;261;841
4515;71,50;28,82;0,00;0,00;0,00;0,03;0,00;0,00;168;100;51;35;29;456;751
4516;24,99;-494,10;0,00;0,00;0,00;-0,49;0,00;0,00;196;57;56;49;21;672;362
4517;79,68;71,89;0,00;0,00;0,00;0,07;0,00;0,00;96;113;180;19;36;819;703
4518;31,71;-324,43;0,00;0,00;0,00;-0,32;0,00;0,00;421;116;45;38;25;710;155
4519;57,09;-28,48;0,00;0,00;0,00;-0,03;0,00;0,00;10;170;156;36;22;928;429
4520;38,05;-265,95;0,00;0,00;0,00;-0,27;0,00;0,00;376;50;135;20;36;961;697
4521;44,01;-342,38;0,00;0,00;0,00;-0,34;0,00;0,00;406;163;136;21;22;275;569
4522;53,91;-86,65;0,00;0,00;0,00;-0,09;0,00;0,00;473;28;172;25;21;322;487
4523;26,19;-411,58;0,00;0,00;0,00;-0,41;0,00;0,00;158;80;144;35;28;758;832
4524;61,75;-92,92;0,00;0,00;0,00;-0,09;0,00;0,00;428;104;54;49;34;140;849
4525;27,52;-499,87;0,00;0,00;0,00;-0,50;0,00;0,00;445;99;27;38;38;627;533
4526;39,38;-375,02;0,00;0,00;0,00;-0,38;0,00;0,00;103;30;31;39;33;889;676
4527;26,90;-429,54;0,00;0,00;0,00;-0,43;0,00;0,00;83;51;76;29;38;343;239
4528;38,43;-361,79;0,00;0,00;0,00;-0,36;0,00;0,00;86;157;86;45;20;247;897
4529;76,54;54,64;0,00;0,00;0,00;0,05;0,00;0,00;481;133;122;45;26;554;511
4530;16,57;-564,82;0,00;0,00;0,00;-0,56;0,00;0,00;379;40;13;27;28;730;753
4531;88,75;147,12;0,00;0,00;0,00;0,15;0,00;0,00;275;153;69;23;39;361;337
4532;49,63;-169,29;0,00;0,00;0,00;-0,17;0,00;0,00;243;16;139;16;39;737;414
4533;37,35;-269,50;0,00;0,00;0,00;-0,27;0,00;0,00;50;15;119;44;19;545;658
4534;92,75;297,80;0,00;0,00;0,00;0,30;0,00;0,00;264;40;58;14;29;822;986
4535;49,08;-197,88;0,00;0,00;0,00;-0,20;0,00;0,00;327;36;26;21;17;794;661
4536;23,42;-390,16;0,00;0,00;0,00;-0,39;0,00;0,00;391;181;114;42;18;435;276
4537;13,76;-567,33;0,00;0,00;0,00;-0,57;0,00;0,00;129;46;146;37;33;488;438
4538;39,18;-283,28;0,00;0,00;0,00;-0,28;0,00;0,00;77;143;177;21;23;282;732
4539;36,39;-198,45;0,00;0,00;0,00;-0,20;0,00;0,00;411;79;88;31;17;874;798
4540;100,00;272,69;0,00;0,00;0,00;0,27;0,00;0,00;304;139;68;49;34;720;516
4541;56,58;-126,01;0,00;0,00;0,00;-0,13;0,00;0,00;488;75;134;43;26;555;856
4542;28,08;-444,55;0,00;0,00;0,00;-0,44;0,00;0,00;315;120;62;47;29;983;383
4543;85,52;141,09;0,00;0,00;0,00;0,14;0,00;0,00;172;82;129;28;28;964;122
4544;100,00;318,25;0,00;0,00;0,00;0,32;0,00;0,00;289;20;110;49;28;257;941
4545;31,39;-269,82;0,00;0,00;0,00;-0,27;0,00;0,00;251;191;74;23;24;869;563
4546;0,00;-676,61;0,00;0,00;0,00;-0,68;0,00;0,00;465;117;135;32;28;885;842
4547;42,05;-327,91;0,00;0,00;0,00;-0,33;0,00;0,00;236;162;127;27;25;422;790
4548;86,04;98,78;0,00;0,00;0,00;0,10;0,00;0,00;47;118;128;46;19;670;494
4549;67,03;-12,45;0,00;0,00;0,00;-0,01;0,00;0,00;284;187;122;25;32;383;131
4550;20,77;-511,11;0,00;0,00;0,00;-0,51;0,00;0,00;314;117;56;15;30;523;627
4551;18,52;-527,99;0,00;0,00;0,00;-0,53;0,00;0,00;97;179;34;19;19;188;712
4552;43,01;-221,10;0,00;0,00;0,00;-0,22;0,00;0,00;421;123;37;10;18;303;981
4553;80,26;140,74;0,00;0,00;0,00;0,14;0,00;0,00;36;37;101;12;23;992;781
4554;56,85;-144,23;0,00;0,00;0,00;-0,14;0,00;0,00;452;120;62;20;26;130;301
4555;31,10;-359,07;0,00;0,00;0,00;-0,36;0,00;0,00;167;131;56;31;29;554;135
4556;38,73;-284,10;0,00;0,00;0,00;-0,28;0,00;0,00;131;68;45;33;21;851;769
4557;59,55;-142,38;0,00;0,00;0,00;-0,14;0,00;0,00;241;76;168;39;30;316;494
4558;77,40;61,58;0,00;0,00;0,00;0,06;0,00;0,00;207;81;165;24;28;146;100
4559;49,97;-187,65;0,00;0,00;0,00;-0,19;0,00;0,00;457;166;10;29;26;215;397
4560;28,62;-337,77;0,00;0,00;0,00;-0,34;0,00;0,00;174;36;32;17;26;831;306
4561;6,57;-776,96;0,00;0,00;0,00;-0,78;0,00;0,00;315;37;107;17;37;918;626
4562;29,84;-355,98;0,00;0,00;0,00;-0,36;0,00;0,00;385;117;111;46;26;844;603
4563;42,16;-317,18;0,00;0,00;0,00;-0,32;0,00;0,00;217;25;10;38;18;584;495
4564;59,46;-106,21;0,00;0,00;0,00;-0,11;0,00;0,00;313;40;135;35;26;126;571
4565;54,06;-185,44;0,00;0,00;0,00;-0,19;0,00;0,00;282;47;42;15;36;670;640
4566;87,93;177,48;0,00;0,00;0,00;0,18;0,00;0,00;113;142;130;18;22;262;796
4567;36,63;-376,80;0,00;0,00;0,00;-0,38;0,00;0,00;67;134;142;36;27;747;202
4568;20,50;-541,61;0,00;0,00;0,00;-0,54;0,00;0,00;490;10;78;46;31;196;339
4569;2,18;-752,70;0,00;0,00;0,00;-0,75;0,00;0,00;380;174;57;36;16;114;869
4570;60,82;-99,56;0,00;0,00;0,00;-0,10;0,00;0,00;70;178;190;31;26;847;463
4571;7,61;-619,29;0,00;0,00;0,00;-0,62;0,00;0,00;351;105;149;18;25;155;893
4572;69,93;20,35;0,00;0,00;0,00;0,02;0,00;0,00;487;65;126;47;23;597;692
4573;49,29;-157,96;0,00;0,00;0,00;-0,16;0,00;0,00;109;171;65;22;19;621;149
4574;81,01;88,15;0,00;0,00;0,00;0,09;0,00;0,00;350;150;193;49;26;391;133
4575;45,72;-237,52;0,00;0,00;0,00;-0,24;0,00;0,00;441;134;143;38;30;278;161
4576;16,59;-561,96;0,00;0,00;0,00;-0,56;0,00;0,00;194;123;47;36;24;809;496
4577;56,58;-127,99;0,00;0,00;0,00;-0,13;0,00;0,00;181;170;104;25;33;761;434
4578;45,02;-282,39;0,00;0,00;0,00;-0,28;0,00;0,00;143;115;131;19;32;767;404
4579;75,57;16,41;0,00;0,00;0,00;0,02;0,00;0,00;348;31;72;27;33;806;386
4580;63,46;-9,77;0,00;0,00;0,00;-0,01;0,00;0,00;196;124;33;26;36;278;342
4581;36,52;-407,48;0,00;0,00;0,00;-0,41;0,00;0,00;273;149;148;41;24;887;519
4582;65,59;-52,61;0,00;0,00;0,00;-0,05;0,00;0,00;207;127;36;33;22;262;405
4583;56,90;-67,11;0,00;0,00;0,00;-0,07;0,00;0,00;265;50;182;45;24;432;746
4584;61,92;-39,02;0,00;0,00;0,00;-0,04;0,00;0,00;266;16;19;49;24;293;625
4585;52,03;-164,76;0,00;0,00;0,00;-0,16;0,00;0,00;300;166;196;13;24;452;766
4586;48,49;-213,33;0,00;0,00;0,00;-0,21;0,00;0,00;287;98;106;29;35;277;588
4587;58,07;-84,42;0,00;0,00;0,00;-0,08;0,00;0,00;300;97;51;48;30;889;785
4588;86,67;92,11;0,00;0,00;0,00;0,09;0,00;0,00;63;64;89;32;35;566;264
4589;67,55;-62,96;0,00;0,00;0,00;-0,06;0,00;0,00;279;183;19;29;20;445;201
4590;74,10;20,04;0,00;0,00;0,00;0,02;0,00;0,00;292;178;139;49;22;105;806
4591;11,97;-682,71;0,00;0,00;0,00;-0,68;0,00;0,00;204;96;171;41;30;758;164
4592;48,86;-244,20;0,00;0,00;0,00;-0,24;0,00;0,00;465;44;162;40;36;585;681
4593;84,71;28,51;0,00;0,00;0,00;0,03;0,00;0,00;259;90;150;19;34;528;714
4594;42,46;-243,28;0,00;0,00;0,00;-0,24;0,00;0,00;32;117;159;41;38;122;800
4595;31,16;-459,20;0,00;0,00;0,00;-0,46;0,00;0,00;104;58;67;34;18;832;224
4596;37,71;-421,48;0,00;0,00;0,00;-0,42;0,00;0,00;130;76;49;47;34;511;247
4597;6,54;-678,70;0,00;0,00;0,00;-0,68;0,00;0,00;466;24;17;23;19;974;312
4598;55,44;-161,92;0,00;0,00;0,00;-0,16;0,00;0,00;430;66;42;32;36;336;305
4599;68,58;-75,16;0,00;0,00;0,00;-0,08;0,00;0,00;416;192;155;34;30;746;823
4600;64,61;5,39;0,00;0,00;0,00;0,01;0,00;0,00;164;145;90;34;33;796;705
4601;51,53;-153,53;0,00;0,00;0,00;-0,15;0,00;0,00;324;169;197;27;31;768;667
4602;19,95;-486,76;0,00;0,00;0,00;-0,49;0,00;0,00;230;16;12;25;29;930;453
4603;29,78;-413,31;0,00;0,00;0,00;-0,41;0,00;0,00;378;146;17;17;27;117;952
4604;57,39;-117,72;0,00;0,00;0,00;-0,12;0,00;0,00;423;90;53;40;34;774;652
4605;77,53;101,61;0,00;0,00;0,00;0,10;0,00;0,00;23;178;110;22;30;521;211
4606;28,00;-472,46;0,00;0,00;0,00;-0,47;0,00;0,00;476;101;90;30;17;401;488
4607;42,84;-170,96;0,00;0,00;0,00;-0,17;0,00;0,00;189;195;90;21;35;872;276
4608;72,18;-0,23;0,00;0,00;0,00;-0,00;0,00;0,00;162;106;153;17;16;513;496
4609;33,49;-387,44;0,00;0,00;0,00;-0,39;0,00;0,00;80;124;176;30;35;411;218
4610;42,11;-275,92;0,00;0,00;0,00;-0,28;0,00;0,00;229;199;148;25;29;996;210
4611;63,79;16,05;0,00;0,00;0,00;0,02;0,00;0,00;478;126;186;49;18;309;176
4612;61,30;-43,88;0,00;0,00;0,00;-0,04;0,00;0,00;235;56;136;45;39;494;314
4613;38,94;-366,95;0,00;0,00;0,00;-0,37;0,00;0,00;249;140;23;13;31;242;531
4614;39,74;-273,89;0,00;0,00;0,00;-0,27;0,00;0,00;322;177;165;33;38;898;534
4615;6,16;-665,94;0,00;0,00;0,00;-0,67;0,00;0,00;49;24;60;14;29;277;817
4616;20,08;-479,52;0,00;0,00;0,00;-0,48;0,00;0,00;185;16;166;44;31;838;319
4617;72,30;22,39;0,00;0,00;0,00;0,02;0,00;0,00;356;46;167;33;15;288;212
4618;67,18;60,53;0,00;0,00;0,00;0,06;0,00;0,00;100;17;70;27;32;304;456
4619;19,90;-567,97;0,00;0,00;0,00;-0,57;0,00;0,00;13;51;140;28;28;599;440
4620;46,66;-236,55;0,00;0,00;0,00;-0,24;0,00;0,00;159;58;59;28;37;993;446
4621;90,67;191,48;0,00;0,00;0,00;0,19;0,00;0,00;189;157;180;41;29;936;709
4622;34,50;-411,43;0,00;0,00;0,00;-0,41;0,00;0,00;240;173;102;25;15;664;528
4623;51,96;-195,85;0,00;0,00;0,00;-0,20;0,00;0,00;362;140;78;43;36;438;154
4624;39,15;-292,65;0,00;0,00;0,00;-0,29;0,00;0,00;285;125;193;27;23;863;720
4625;13,27;-611,38;0,00;0,00;0,00;-0,61;0,00;0,00;22;10;55;35;33;190;803
4626;10,22;-530,42;0,00;0,00;0,00;-0,53;0,00;0,00;82;166;42;23;30;515;181
4627;36,36;-351,34;0,00;0,00;0,00;-0,35;0,00;0,00;462;49;45;17;36;247;121
4628;25,82;-399,67;0,00;0,00;0,00;-0,40;0,00;0,00;320;36;134;36;21;705;429
4629;33,86;-424,02;0,00;0,00;0,00;-0,42;0,00;0,00;276;150;159;43;17;785;810
4630;73,96;90,21;0,00;0,00;0,00;0,09;0,00;0,00;369;133;62;29;27;150;638
4631;88,71;183,21;0,00;0,00;0,00;0,18;0,00;0,00;284;46;36;35;15;897;769
4632;74,29;-2,64;0,00;0,00;0,00;-0,00;0,00;0,00;147;66;120;31;35;324;739
4633;53,93;-112,03;0,00;0,00;0,00;-0,11;0,00;0,00;190;59;180;39;21;678;329
4634;56,51;-206,13;0,00;0,00;0,00;-0,21;0,00;0,00;173;109;15;10;21;950;845
4635;71,52;-47,49;0,00;0,00;0,00;-0,05;0,00;0,00;370;66;169;19;37;185;855
4636;20,52;-423,12;0,00;0,00;0,00;-0,42;0,00;0,00;182;59;117;12;39;135;149
4637;63,02;-59,86;0,00;0,00;0,00;-0,06;0,00;0,00;407;149;193;47;17;390;323
4638;31,88;-401,56;0,00;0,00;0,00;-0,40;0,00;0,00;382;103;128;31;28;988;601
4639;58,53;-148,13;0,00;0,00;0,00;-0,15;0,00;0,00;495;29;144;47;24;465;356
4640;42,11;-173,08;0,00;0,00;0,00;-0,17;0,00;0,00;432;133;134;38;37;818;823
4641;11,32;-580,80;0,00;0,00;0,00;-0,58;0,00;0,00;454;81;184;27;38;637;260
4642;40,82;-320,03;0,00;0,00;0,00;-0,32;0,00;0,00;199;179;85;11;39;322;496
4643;47,65;-220,16;0,00;0,00;0,00;-0,22;0,00;0,00;321;137;54;18;26;159;339
4644;51,72;-190,60;0,00;0,00;0,00;-0,19;0,00;0,00;447;178;156;49;22;657;329
4645;85,90;292,47;0,00;0,00;0,00;0,29;0,00;0,00;175;59;151;10;23;169;221
4646;58,28;-113,57;0,00;0,00;0,00;-0,11;0,00;0,00;297;107;122;49;28;587;418
4647;65,02;-57,41;0,00;0,00;0,00;-0,06;0,00;0,00;320;43;85;20;24;573;265
4648;64,98;-77,73;0,00;0,00;0,00;-0,08;0,00;0,00;192;32;180;44;18;283;129
4649;15,41;-588,23;0,00;0,00;0,00;-0,59;0,00;0,00;399;97;129;30;16;634;998
4650;55,36;-92,00;0,00;0,00;0,00;-0,09;0,00;0,00;46;71;149;31;37;203;548
4651;47,54;-250,08;0,00;0,00;0,00;-0,25;0,00;0,00;96;77;34;19;34;864;993
4652;11,21;-627,73;0,00;0,00;0,00;-0,63;0,00;0,00;489;17;45;15;34;494;720
4653;21,81;-552,85;0,00;0,00;0,00;-0,55;0,00;0,00;12;153;138;30;22;770;394
4654;81,20;121,60;0,00;0,00;0,00;0,12;0,00;0,00;126;76;175;31;33;727;457
4655;14,39;-487,19;0,00;0,00;0,00;-0,49;0,00;0,00;334;117;102;18;30;351;405
4656;87,30;132,51;0,00;0,00;0,00;0,13;0,00;0,00;444;77;79;31;38;628;362
4657;9,94;-576,03;0,00;0,00;0,00;-0,58;0,00;0,00;174;76;135;27;34;402;684
4658;39,88;-314,75;0,00;0,00;0,00;-0,31;0,00;0,00;70;152;148;20;18;144;730
4659;0,00;-666,64;0,00;0,00;0,00;-0,67;0,00;0,00;466;143;160;11;28;148;640
4660;100,00;330,13;0,00;0,00;0,00;0,33;0,00;0,00;182;107;180;43;25;867;540
4661;100,00;256,11;0,00;0,00;0,00;0,26;0,00;0,00;287;74;169;24;28;263;567
4662;96,66;188,20;0,00;0,00;0,00;0,19;0,00;0,00;173;64;21;17;35;660;568
4663;66,66;12,95;0,00;0,00;0,00;0,01;0,00;0,00;193;63;180;27;34;574;145
4664;42,41;-270,39;0,00;0,00;0,00;-0,27;0,00;0,00;488;36;38;18;24;374;156
4665;81,69;42,49;0,00;0,00;0,00;0,04;0,00;0,00;392;171;27;19;32;707;101
4666;66,23;-46,57;0,00;0,00;0,00;-0,05;0,00;0,00;449;156;94;34;29;167;907
4667;40,05;-327,96;0,00;0,00;0,00;-0,33;0,00;0,00;478;47;160;22;28;318;225
4668;76,22;77,81;0,00;0,00;0,00;0,08;0,00;0,00;344;53;41;41;28;160;336
4669;62,68;-101,18;0,00;0,00;0,00;-0,10;0,00;0,00;391;174;102;32;21;699;989
4670;60,91;-19,07;0,00;0,00;0,00;-0,02;0,00;0,00;390;63;101;21;21;796;933
4671;47,36;-176,25;0,00;0,00;0,00;-0,18;0,00;0,00;228;51;31;24;19;483;944
4672;32,48;-382,83;0,00;0,00;0,00;-0,38;0,00;0,00;231;174;134;48;32;830;622
4673;47,27;-277,94;0,00;0,00;0,00;-0,28;0,00;0,00;437;86;16;30;18;753;888
4674;65,50;-14,86;0,00;0,00;0,00;-0,01;0,00;0,00;86;14;180;11;34;334;132
4675;100,00;312,85;0,00;0,00;0,00;0,31;0,00;0,00;180;198;147;14;39;907;316
4676;19,00;-624,94;0,00;0,00;0,00;-0,62;0,00;0,00;360;129;158;22;29;186;361
4677;67,19;-93,85;0,00;0,00;0,00;-0,09;0,00;0,00;491;102;145;46;24;567;629
4678;71,98;4,46;0,00;0,00;0,00;0,00;0,00;0,00;440;46;10;11;15;867;805
4679;57,15;-158,68;0,00;0,00;0,00;-0,16;0,00;0,00;172;114;100;18;20;910;810
4680;98,12;275,69;0,00;0,00;0,00;0,28;0,00;0,00;406;91;47;41;30;675;879
4681;6,13;-620,19;0,00;0,00;0,00;-0,62;0,00;0,00;21;78;94;31;32;949;571
4682;43,91;-230,16;0,00;0,00;0,00;-0,23;0,00;0,00;344;41;179;37;32;291;728
4683;83,59;224,15;0,00;0,00;0,00;0,22;0,00;0,00;191;57;150;39;33;952;847
4684;45,91;-230,38;0,00;0,00;0,00;-0,23;0,00;0,00;243;14;102;49;37;196;447
4685;94,30;291,18;0,00;0,00;0,00;0,29;0,00;0,00;488;126;14;13;34;713;159
4686;23,24;-445,77;0,00;0,00;0,00;-0,45;0,00;0,00;332;99;10;29;16;718;714
4687;24,32;-419,62;0,00;0,00;0,00;-0,42;0,00;0,00;414;12;20;11;17;394;648
4688;23,32;-487,59;0,00;0,00;0,00;-0,49;0,00;0,00;221;146;61;33;32;275;700
4689;4,87;-690,19;0,00;0,00;0,00;-0,69;0,00;0,00;63;79;41;43;17;941;962
4690;54,32;-87,42;0,00;0,00;0,00;-0,09;0,00;0,00;103;167;129;26;30;306;917
4691;83,63;142,34;0,00;0,00;0,00;0,14;0,00;0,00;334;47;199;46;17;263;805
4692;76,67;115,29;0,00;0,00;0,00;0,12;0,00;0,00;183;151;73;34;32;438;693
4693;47,98;-170,15;0,00;0,00;0,00;-0,17;0,00;0,00;151;37;159;24;23;140;729
4694;49,74;-203,78;0,00;0,00;0,00;-0,20;0,00;0,00;62;168;160;16;15;710;309
4695;59,82;-164,20;0,00;0,00;0,00;-0,16;0,00;0,00;55;82;33;34;17;494;145
4696;51,79;-183,11;0,00;0,00;0,00;-0,18;0,00;0,00;111;91;197;38;20;506;311
4697;41,24;-280,73;0,00;0,00;0,00;-0,28;0,00;0,00;264;177;129;49;16;750;997
4698;58,89;-134,16;0,00;0,00;0,00;-0,13;0,00;0,00;230;177;42;40;24;295;948
4699;48,98;-203,97;0,00;0,00;0,00;-0,20;0,00;0,00;262;192;165;40;36;127;360
4700;33,81;-347,61;0,00;0,00;0,00;-0,35;0,00;0,00;156;22;35;44;25;326;893
4701;14,58;-600,45;0,00;0,00;0,00;-0,60;0,00;0,00;259;58;148;19;39;876;518
4702;58,58;-244,30;0,00;0,00;0,00;-0,24;0,00;0,00;121;167;192;43;18;581;714
4703;80,09;92,34;0,00;0,00;0,00;0,09;0,00;0,00;193;185;194;41;16;309;180
4704;37,49;-351,69;0,00;0,00;0,00;-0,35;0,00;0,00;157;147;187;25;16;518;400
4705;46,29;-227,32;0,00;0,00;0,00;-0,23;0,00;0,00;18;128;114;18;36;450;139
4706;34,31;-347,57;0,00;0,00;0,00;-0,35;0,00;0,00;364;147;35;23;39;654;453
4707;92,00;245,50;0,00;0,00;0,00;0,25;0,00;0,00;449;108;149;41;22;373;105
4708;12,39;-522,40;0,00;0,00;0,00;-0,52;0,00;0,00;268;48;136;44;33;580;877
4709;72,13;54,25;0,00;0,00;0,00;0,05;0,00;0,00;295;12;66;35;32;651;175
4710;30,59;-387,82;0,00;0,00;0,00;-0,39;0,00;0,00;301;44;93;45;32;263;920
4711;80,39;155,25;0,00;0,00;0,00;0,16;0,00;0,00;15;175;165;22;25;173;986
4712;49,06;-214,81;0,00;0,00;0,00;-0,21;0,00;0,00;130;129;10;30;31;314;586
4713;60,79;-22,53;0,00;0,00;0,00;-0,02;0,00;0,00;170;27;174;21;24;717;756
4714;42,25;-242,36;0,00;0,00;0,00;-0,24;0,00;0,00;428;66;10;21;21;414;990
4715;9,24;-599,97;0,00;0,00;0,00;-0,60;0,00;0,00;137;29;61;33;31;266;382
4716;83,72;195,20;0,00;0,00;0,00;0,20;0,00;0,00;162;139;42;31;16;489;911
4717;31,03;-406,74;0,00;0,00;0,00;-0,41;0,00;0,00;79;28;27;34;23;487;394
4718;70,00;-12,65;0,00;0,00;0,00;-0,01;0,00;0,00;173;192;173;47;19;277;833
4719;37,81;-325,57;0,00;0,00;0,00;-0,33;0,00;0,00;226;44;189;47;15;946;287
4720;31,72;-384,59;0,00;0,00;0,00;-0,38;0,00;0,00;43;23;53;24;20;432;707
4721;36,20;-340,25;0,00;0,00;0,00;-0,34;0,00;0,00;63;178;77;16;21;859;339
4722;23,35;-511,43;0,00;0,00;0,00;-0,51;0,00;0,00;391;12;161;47;28;559;575
4723;44,38;-317,53;0,00;0,00;0,00;-0,32;0,00;0,00;28;104;132;19;26;552;811
4724;62,14;-40,45;0,00;0,00;0,00;-0,04;0,00;0,00;28;45;120;11;18;286;385
4725;55,09;-158,50;0,00;0,00;0,00;-0,16;0,00;0,00;476;160;39;10;34;747;321
4726;54,24;-92,35;0,00;0,00;0,00;-0,09;0,00;0,00;123;137;124;38;27;114;788
4727;22,81;-375,91;0,00;0,00;0,00;-0,38;0,00;0,00;392;77;79;33;39;414;284
4728;63,34;-108,60;0,00;0,00;0,00;-0,11;0,00;0,00;223;42;150;18;32;676;404
4729;30,58;-387,88;0,00;0,00;0,00;-0,39;0,00;0,00;243;92;117;41;23;215;703
4730;80,78;140,39;0,00;0,00;0,00;0,14;0,00;0,00;283;191;70;42;22;385;854
4731;25,40;-470,40;0,00;0,00;0,00;-0,47;0,00;0,00;191;135;19;34;24;890;380
4732;57,21;-178,86;0,00;0,00;0,00;-0,18;0,00;0,00;221;175;176;22;17;236;418
4733;53,87;-184,00;0,00;0,00;0,00;-0,18;0,00;0,00;341;116;20;10;32;722;330
4734;59,06;-133,79;0,00;0,00;0,00;-0,13;0,00;0,00;40;94;125;12;19;349;887
4735;41,62;-173,60;0,00;0,00;0,00;-0,17;0,00;0,00;443;46;50;44;20;555;652
4736;49,50;-194,07;0,00;0,00;0,00;-0,19;0,00;0,00;243;56;21;16;22;728;665
4737;26,50;-448,48;0,00;0,00;0,00;-0,45;0,00;0,00;338;99;94;13;30;556;144
4738;72,24;1,24;0,00;0,00;0,00;0,00;0,00;0,00;365;104;125;37;20;596;661
4739;50,38;-111,14;0,00;0,00;0,00;-0,11;0,00;0,00;167;53;18;22;29;802;705
4740;41,19;-301,75;0,00;0,00;0,00;-0,30;0,00;0,00;207;14;17;32;28;255;152
4741;55,51;-208,59;0,00;0,00;0,00;-0,21;0,00;0,00;118;87;137;30;33;929;609
4742;41,04;-295,02;0,00;0,00;0,00;-0,30;0,00;0,00;117;15;13;48;39;685;136
4743;52,68;-198,46;0,00;0,00;0,00;-0,20;0,00;0,00;400;20;58;29;30;635;665
4744;48,20;-253,95;0,00;0,00;0,00;-0,25;0,00;0,00;200;190;21;20;37;476;676
4745;82,53;134,76;0,00;0,00;0,00;0,13;0,00;0,00;424;11;174;15;39;133;514
4746;70,83;84,42;0,00;0,00;0,00;0,08;0,00;0,00;120;151;42;32;38;859;366
4747;0,24;-693,20;0,00;0,00;0,00;-0,69;0,00;0,00;151;48;178;17;18;871;825
4748;81,14;124,12;0,00;0,00;0,00;0,12;0,00;0,00;133;78;78;19;27;768;417
4749;62,57;-68,78;0,00;0,00;0,00;-0,07;0,00;0,00;408;144;31;45;38;793;700
4750;45,85;-273,65;0,00;0,00;0,00;-0,27;0,00;0,00;386;125;176;36;31;527;158
4751;29,57;-443,06;0,00;0,00;0,00;-0,44;0,00;0,00;409;122;17;40;35;568;573
4752;36,99;-306,51;0,00;0,00;0,00;-0,31;0,00;0,00;70;46;190;44;38;212;468
4753;55,00;-219,21;0,00;0,00;0,00;-0,22;0,00;0,00;468;46;151;32;17;178;530
4754;34,26;-298,30;0,00;0,00;0,00;-0,30;0,00;0,00;52;186;79;13;30;503;997
4755;79,91;90,84;0,00;0,00;0,00;0,09;0,00;0,00;381;41;109;42;20;561;574
4756;41,49;-281,26;0,00;0,00;0,00;-0,28;0,00;0,00;213;93;34;24;35;363;879
4757;81,81;69,60;0,00;0,00;0,00;0,07;0,00;0,00;427;37;49;40;38;504;289
4758;65,95;-37,21;0,00;0,00;0,00;-0,04;0,00;0,00;293;106;70;30;17;542;692
4759;55,53;-209,37;0,00;0,00;0,00;-0,21;0,00;0,00;304;195;138;32;33;107;350
4760;15,02;-722,29;0,00;0,00;0,00;-0,72;0,00;0,00;389;49;37;17;23;633;917
4761;0,00;-668,30;0,00;0,00;0,00;-0,67;0,00;0,00;467;137;85;45;36;453;420
4762;77,35;65,15;0,00;0,00;0,00;0,07;0,00;0,00;273;76;54;16;39;889;826
4763;19,00;-525,25;0,00;0,00;0,00;-0,53;0,00;0,00;108;105;176;31;19;803;390
4764;42,48;-212,43;0,00;0,00;0,00;-0,21;0,00;0,00;132;150;156;32;25;943;460
4765;75,23;71,83;0,00;0,00;0,00;0,07;0,00;0,00;26;21;168;28;22;900;398
4766;15,36;-617,87;0,00;0,00;0,00;-0,62;0,00;0,00;153;197;33;40;24;284;434
4767;38,41;-284,42;0,00;0,00;0,00;-0,28;0,00;0,00;192;178;107;19;20;583;471
4768;14,48;-591,32;0,00;0,00;0,00;-0,59;0,00;0,00;363;142;47;14;26;721;233
4769;36,11;-343,76;0,00;0,00;0,00;-0,34;0,00;0,00;246;193;61;43;33;253;351
4770;62,77;-5,59;0,00;0,00;0,00;-0,01;0,00;0,00;478;140;144;22;24;343;795
4771;50,70;-172,68;0,00;0,00;0,00;-0,17;0,00;0,00;187;137;166;27;34;445;923
4772;28,59;-376,42;0,00;0,00;0,00;-0,38;0,00;0,00;446;66;198;45;34;101;974
4773;39,94;-291,54;0,00;0,00;0,00;-0,29;0,00;0,00;275;31;75;20;23;525;261
4774;9,18;-624,49;0,00;0,00;0,00;-0,62;0,00;0,00;492;106;21;10;23;636;534
4775;97,00;301,31;0,00;0,00;0,00;0,30;0,00;0,00;88;49;16;39;32;550;896
4776;81,96;218,65;0,00;0,00;0,00;0,22;0,00;0,00;174;85;173;43;22;693;135
4777;76,05;97,63;0,00;0,00;0,00;0,10;0,00;0,00;445;122;86;16;37;285;957
4778;33,98;-344,16;0,00;0,00;0,00;-0,34;0,00;0,00;253;15;61;30;19;388;556
4779;16,13;-418,56;0,00;0,00;0,00;-0,42;0,00;0,00;281;33;82;31;29;584;245
4780;75,66;103,30;0,00;0,00;0,00;0,10;0,00;0,00;212;108;50;47;36;612;129
4781;24,24;-535,18;0,00;0,00;0,00;-0,54;0,00;0,00;455;51;89;31;33;578;454
4782;100,00;218,68;0,00;0,00;0,00;0,22;0,00;0,00;154;101;14;18;25;332;510
4783;52,21;-179,70;0,00;0,00;0,00;-0,18;0,00;0,00;100;161;73;11;27;990;756
4784;74,38;36,06;0,00;0,00;0,00;0,04;0,00;0,00;127;98;98;43;26;773;552
4785;48,26;-319,39;0,00;0,00;0,00;-0,32;0,00;0,00;331;155;24;25;16;529;907
4786;52,98;-122,43;0,00;0,00;0,00;-0,12;0,00;0,00;282;194;69;14;23;444;182
4787;33,13;-317,55;0,00;0,00;0,00;-0,32;0,00;0,00;58;75;73;42;22;666;162
4788;9,07;-675,00;0,00;0,00;0,00;-0,67;0,00;0,00;49;71;169;39;34;169;184
4789;82,05;94,56;0,00;0,00;0,00;0,09;0,00;0,00;13;149;111;46;27;573;992
4790;0,79;-640,00;0,00;0,00;0,00;-0,64;0,00;0,00;206;64;59;37;34;776;752
4791;34,38;-393,81;0,00;0,00;0,00;-0,39;0,00;0,00;86;49;43;35;23;925;572
4792;46,28;-211,71;0,00;0,00;0,00;-0,21;0,00;0,00;79;95;82;46;33;357;322
4793;36,97;-291,80;0,00;0,00;0,00;-0,29;0,00;0,00;435;82;129;32;25;824;770
4794;43,17;-285,32;0,00;0,00;0,00;-0,29;0,00;0,00;241;166;177;36;21;150;478
4795;100,00;290,69;0,00;0,00;0,00;0,29;0,00;0,00;54;113;96;37;28;639;868
4796;99,44;277,73;0,00;0,00;0,00;0,28;0,00;0,00;308;18;140;36;30;320;546
4797;85,18;118,47;0,00;0,00;0,00;0,12;0,00;0,00;444;90;185;48;19;734;841
4798;71,07;-27,70;0,00;0,00;0,00;-0,03;0,00;0,00;397;11;73;16;29;339;144
4799;89,27;166,80;0,00;0,00;0,00;0,17;0,00;0,00;255;95;94;44;23;456;154
4800;28,65;-282,47;0,00;0,00;0,00;-0,28;0,00;0,00;389;54;66;11;16;286;463
4801;65,65;-12,58;0,00;0,00;0,00;-0,01;0,00;0,00;246;76;136;17;34;741;788
4802;54,78;-84,58;0,00;0,00;0,00;-0,08;0,00;0,00;26;120;29;34;21;624;226
4803;53,99;-171,19;0,00;0,00;0,00;-0,17;0,00;0,00;201;90;118;35;29;502;773
4804;45,70;-249,41;0,00;0,00;0,00;-0,25;0,00;0,00;384;10;45;12;23;741;830
4805;92,91;314,41;0,00;0,00;0,00;0,31;0,00;0,00;235;24;118;29;37;988;695
4806;33,87;-412,46;0,00;0,00;0,00;-0,41;0,00;0,00;224;196;139;25;18;652;568
4807;46,93;-254,14;0,00;0,00;0,00;-0,25;0,00;0,00;74;156;79;24;25;894;193
4808;63,34;-30,47;0,00;0,00;0,00;-0,03;0,00;0,00;125;137;133;15;20;498;714
4809;86,94;176,24;0,00;0,00;0,00;0,18;0,00;0,00;325;27;160;24;36;745;526
4810;16,66;-526,19;0,00;0,00;0,00;-0,53;0,00;0,00;106;78;169;12;22;593;361
4811;67,83;50,66;0,00;0,00;0,00;0,05;0,00;0,00;424;161;36;46;19;416;708
4812;37,68;-400,81;0,00;0,00;0,00;-0,40;0,00;0,00;323;112;38;38;23;894;903
4813;30,29;-403,30;0,00;0,00;0,00;-0,40;0,00;0,00;381;136;196;12;25;372;961
4814;52,23;-208,33;0,00;0,00;0,00;-0,21;0,00;0,00;65;30;71;10;24;543;423
4815;60,81;-72,71;0,00;0,00;0,00;-0,07;0,00;0,00;287;106;161;17;20;383;602
4816;93,98;294,78;0,00;0,00;0,00;0,29;0,00;0,00;367;67;175;44;19;491;951
4817;49,33;-278,71;0,00;0,00;0,00;-0,28;0,00;0,00;481;171;167;27;21;706;442
4818;87,04;254,41;0,00;0,00;0,00;0,25;0,00;0,00;451;149;58;21;37;701;902
4819;58,07;-131,29;0,00;0,00;0,00;-0,13;0,00;0,00;419;63;129;41;25;563;457
4820;36,25;-286,41;0,00;0,00;0,00;-0,29;0,00;0,00;340;66;57;15;15;228;401
4821;37,35;-390,70;0,00;0,00;0,00;-0,39;0,00;0,00;15;172;111;13;30;342;963
4822;36,63;-389,19;0,00;0,00;0,00;-0,39;0,00;0,00;46;180;158;41;35;758;517
4823;51,82;-267,24;0,00;0,00;0,00;-0,27;0,00;0,00;352;61;103;44;21;394;901
4824;46,66;-150,94;0,00;0,00;0,00;-0,15;0,00;0,00;64;77;152;29;16;357;140
4825;16,23;-547,52;0,00;0,00;0,00;-0,55;0,00;0,00;486;17;78;25;30;274;617
4826;45,78;-270,27;0,00;0,00;0,00;-0,27;0,00;0,00;426;20;143;44;19;651;947
4827;56,59;-116,20;0,00;0,00;0,00;-0,12;0,00;0,00;355;97;162;11;21;115;270
4828;9,39;-599,35;0,00;0,00;0,00;-0,60;0,00;0,00;213;188;148;22;28;976;750
4829;37,03;-280,92;0,00;0,00;0,00;-0,28;0,00;0,00;25;142;102;35;33;393;731
4830;17,38;-508,78;0,00;0,00;0,00;-0,51;0,00;0,00;251;34;26;47;25;404;438
4831;44,19;-285,08;0,00;0,00;0,00;-0,29;0,00;0,00;316;26;110;33;31;218;340
4832;63,51;-22,22;0,00;0,00;0,00;-0,02;0,00;0,00;425;21;83;10;16;449;560
4833;42,01;-281,76;0,00;0,00;0,00;-0,28;0,00;0,00;154;14;19;43;33;774;819
4834;12,13;-499,01;0,00;0,00;0,00;-0,50;0,00;0,00;498;175;166;33;16;668;915
4835;17,25;-498,09;0,00;0,00;0,00;-0,50;0,00;0,00;322;74;176;15;21;454;559
4836;68,07;-74,52;0,00;0,00;0,00;-0,07;0,00;0,00;486;69;10;37;26;374;627
4837;82,04;169,66;0,00;0,00;0,00;0,17;0,00;0,00;348;110;151;18;26;357;671
4838;52,10;-116,87;0,00;0,00;0,00;-0,12;0,00;0,00;379;172;139;10;31;384;768
4839;74,97;3,29;0,00;0,00;0,00;0,00;0,00;0,00;13;76;43;16;31;552;276
4840;47,39;-275,79;0,00;0,00;0,00;-0,28;0,00;0,00;403;27;117;18;38;193;452
4841;57,28;-149,96;0,00;0,00;0,00;-0,15;0,00;0,00;205;135;158;25;33;899;561
4842;93,33;135,93;0,00;0,00;0,00;0,14;0,00;0,00;440;165;194;13;39;476;439
4843;79,46;-33,11;0,00;0,00;0,00;-0,03;0,00;0,00;444;96;34;49;34;352;149
4844;69,92;-24,79;0,00;0,00;0,00;-0,02;0,00;0,00;124;78;186;40;30;699;595
4845;50,73;-143,27;0,00;0,00;0,00;-0,14;0,00;0,00;210;179;137;46;34;267;875
4846;74,38;156,34;0,00;0,00;0,00;0,16;0,00;0,00;270;179;98;40;15;106;735
4847;0,00;-630,29;0,00;0,00;0,00;-0,63;0,00;0,00;464;47;25;43;16;687;212
4848;53,56;-154,13;0,00;0,00;0,00;-0,15;0,00;0,00;426;98;24;19;18;493;575
4849;65,23;-112,28;0,00;0,00;0,00;-0,11;0,00;0,00;241;13;56;45;38;198;285
4850;47,24;-226,64;0,00;0,00;0,00;-0,23;0,00;0,00;405;33;152;47;32;831;853
4851;18,39;-533,60;0,00;0,00;0,00;-0,53;0,00;0,00;409;194;196;11;36;251;250
4852;86,54;87,65;0,00;0,00;0,00;0,09;0,00;0,00;423;76;114;17;34;284;675
4853;46,33;-118,15;0,00;0,00;0,00;-0,12;0,00;0,00;258;150;72;32;29;539;507
4854;21,81;-521,85;0,00;0,00;0,00;-0,52;0,00;0,00;68;22;10;28;34;774;167
4855;67,89;0,62;0,00;0,00;0,00;0,00;0,00;0,00;473;149;187;41;22;859;203
4856;43,63;-273,43;0,00;0,00;0,00;-0,27;0,00;0,00;460;167;143;13;30;257;502
4857;19,78;-535,94;0,00;0,00;0,00;-0,54;0,00;0,00;97;59;72;43;31;698;297
4858;82,33;164,95;0,00;0,00;0,00;0,16;0,00;0,00;174;157;69;34;25;996;771
4859;50,08;-188,03;0,00;0,00;0,00;-0,19;0,00;0,00;302;153;22;16;30;870;369
4860;55,16;-97,61;0,00;0,00;0,00;-0,10;0,00;0,00;351;106;162;10;36;637;541
4861;62,70;-148,75;0,00;0,00;0,00;-0,15;0,00;0,00;474;133;109;41;18;731;969
4862;50,63;-137,74;0,00;0,00;0,00;-0,14;0,00;0,00;116;181;23;17;20;933;974
4863;86,64;213,71;0,00;0,00;0,00;0,21;0,00;0,00;392;14;157;21;16;823;224
4864;82,76;212,67;0,00;0,00;0,00;0,21;0,00;0,00;290;39;167;21;24;111;528
4865;59,67;-211,04;0,00;0,00;0,00;-0,21;0,00;0,00;234;76;123;44;29;677;904
4866;53,68;-120,34;0,00;0,00;0,00;-0,12;0,00;0,00;83;101;77;45;31;480;641
4867;14,25;-481,02;0,00;0,00;0,00;-0,48;0,00;0,00;70;105;114;37;33;886;250
4868;64,06;-56,80;0,00;0,00;0,00;-0,06;0,00;0,00;114;158;190;38;32;208;192
4869;81,23;50,93;0,00;0,00;0,00;0,05;0,00;0,00;145;73;45;26;24;898;539
4870;40,41;-265,47;0,00;0,00;0,00;-0,27;0,00;0,00;316;72;138;29;34;736;952
4871;40,60;-299,21;0,00;0,00;0,00;-0,30;0,00;0,00;441;108;34;12;34;740;540
4872;77,15;123,70;0,00;0,00;0,00;0,12;0,00;0,00;173;129;36;18;21;661;128
4873;31,17;-387,47;0,00;0,00;0,00;-0,39;0,00;0,00;172;134;36;36;32;151;866
4874;32,56;-422,74;0,00;0,00;0,00;-0,42;0,00;0,00;455;170;166;20;15;968;541
4875;71,13;66,38;0,00;0,00;0,00;0,07;0,00;0,00;160;181;156;33;33;828;730
4876;53,37;-243,67;0,00;0,00;0,00;-0,24;0,00;0,00;489;124;31;33;25;438;420
4877;39,51;-341,05;0,00;0,00;0,00;-0,34;0,00;0,00;257;42;75;46;19;601;873
4878;32,95;-309,34;0,00;0,00;0,00;-0,31;0,00;0,00;208;102;38;19;16;143;896
4879;24,56;-346,64;0,00;0,00;0,00;-0,35;0,00;0,00;186;151;166;39;38;657;763
4880;41,79;-306,54;0,00;0,00;0,00;-0,31;0,00;0,00;278;139;117;13;30;820;287
4881;73,79;1,55;0,00;0,00;0,00;0,00;0,00;0,00;469;191;156;29;19;343;179
4882;80,12;60,13;0,00;0,00;0,00;0,06;0,00;0,00;169;92;149;19;26;546;433
4883;37,16;-285,77;0,00;0,00;0,00;-0,29;0,00;0,00;389;193;32;49;23;983;966
4884;90,10;205,36;0,00;0,00;0,00;0,21;0,00;0,00;161;164;114;38;33;872;414
4885;52,00;-232,29;0,00;0,00;0,00;-0,23;0,00;0,00;276;176;25;20;38;366;903
4886;25,89;-438,39;0,00;0,00;0,00;-0,44;0,00;0,00;129;178;98;15;32;580;868
4887;43,81;-347,02;0,00;0,00;0,00;-0,35;0,00;0,00;175;83;40;11;28;910;704
4888;56,18;-179,15;0,00;0,00;0,00;-0,18;0,00;0,00;415;55;68;15;39;834;931
4889;9,91;-566,97;0,00;0,00;0,00;-0,57;0,00;0,00;248;113;28;22;38;452;955
4890;35,76;-390,97;0,00;0,00;0,00;-0,39;0,00;0,00;59;189;189;12;16;783;669
4891;35,28;-298,65;0,00;0,00;0,00;-0,30;0,00;0,00;406;117;108;30;21;906;753
4892;94,45;165,04;0,00;0,00;0,00;0,17;0,00;0,00;417;65;23;22;16;358;896
4893;47,23;-180,04;0,00;0,00;0,00;-0,18;0,00;0,00;35;140;73;20;18;751;775
4894;31,33;-454,09;0,00;0,00;0,00;-0,45;0,00;0,00;156;127;135;25;32;584;917
4895;74,56;-50,91;0,00;0,00;0,00;-0,05;0,00;0,00;481;52;13;14;36;546;490
4896;28,71;-468,36;0,00;0,00;0,00;-0,47;0,00;0,00;267;44;74;29;32;794;932
4897;87,31;106,56;0,00;0,00;0,00;0,11;0,00;0,00;147;43;177;18;27;591;235
4898;34,37;-381,49;0,00;0,00;0,00;-0,38;0,00;0,00;310;115;108;44;27;571;732
4899;59,98;-204,87;0,00;0,00;0,00;-0,20;0,00;0,00;341;84;186;47;24;387;324
4900;55,60;-155,29;0,00;0,00;0,00;-0,16;0,00;0,00;138;12;171;27;22;748;930
4901;72,46;-35,68;0,00;0,00;0,00;-0,04;0,00;0,00;410;196;151;49;35;515;976
4902;63,93;-22,32;0,00;0,00;0,00;-0,02;0,00;0,00;23;194;63;22;22;590;640
4903;80,21;174,35;0,00;0,00;0,00;0,17;0,00;0,00;44;160;123;24;30;273;826
4904;34,33;-390,88;0,00;0,00;0,00;-0,39;0,00;0,00;267;141;102;17;26;534;929
4905;78,09;26,40;0,00;0,00;0,00;0,03;0,00;0,00;330;89;174;44;18;778;812
4906;24,35;-465,60;0,00;0,00;0,00;-0,47;0,00;0,00;414;67;26;28;15;625;327
4907;68,85;-57,38;0,00;0,00;0,00;-0,06;0,00;0,00;192;178;56;37;19;794;591
4908;51,76;-143,13;0,00;0,00;0,00;-0,14;0,00;0,00;288;103;57;20;17;589;578
4909;81,76;192,88;0,00;0,00;0,00;0,19;0,00;0,00;341;56;145;18;33;591;411
4910;58,16;-144,99;0,00;0,00;0,00;-0,14;0,00;0,00;327;14;191;26;21;560;268
4911;38,08;-331,18;0,00;0,00;0,00;-0,33;0,00;0,00;440;62;72;49;20;462;846
4912;65,34;-69,35;0,00;0,00;0,00;-0,07;0,00;0,00;410;65;171;42;21;116;780
4913;26,53;-412,42;0,00;0,00;0,00;-0,41;0,00;0,00;325;184;123;17;29;538;966
4914;69,43;-1,52;0,00;0,00;0,00;-0,00;0,00;0,00;69;100;58;15;36;683;719
4915;13,97;-616,49;0,00;0,00;0,00;-0,62;0,00;0,00;203;47;178;41;37;303;732
4916;100,00;228,90;0,00;0,00;0,00;0,23;0,00;0,00;447;178;182;13;21;252;282
4917;73,55;151,18;0,00;0,00;0,00;0,15;0,00;0,00;451;124;151;38;24;618;762
4918;54,11;-202,30;0,00;0,00;0,00;-0,20;0,00;0,00;304;106;179;38;30;584;267
4919;27,79;-455,46;0,00;0,00;0,00;-0,46;0,00;0,00;450;145;189;25;34;868;600
4920;45,46;-208,70;0,00;0,00;0,00;-0,21;0,00;0,00;35;58;102;29;28;896;878
4921;34,17;-520,10;0,00;0,00;0,00;-0,52;0,00;0,00;132;100;57;33;18;572;766
4922;79,17;105,07;0,00;0,00;0,00;0,11;0,00;0,00;310;70;37;12;25;319;127
4923;74,68;20,65;0,00;0,00;0,00;0,02;0,00;0,00;90;87;125;18;21;558;783
4924;50,51;-117,52;0,00;0,00;0,00;-0,12;0,00;0,00;352;123;146;40;32;249;339
4925;23,11;-398,47;0,00;0,00;0,00;-0,40;0,00;0,00;53;89;159;42;25;170;394
4926;76,86;35,50;0,00;0,00;0,00;0,04;0,00;0,00;453;39;49;15;35;742;580
4927;79,28;3,36;0,00;0,00;0,00;0,00;0,00;0,00;335;113;103;23;28;314;748
4928;49,87;-237,56;0,00;0,00;0,00;-0,24;0,00;0,00;118;163;197;41;31;224;515
4929;92,57;251,51;0,00;0,00;0,00;0,25;0,00;0,00;310;182;111;22;28;851;810
4930;50,49;-324,58;0,00;0,00;0,00;-0,32;0,00;0,00;466;15;192;25;39;781;511
4931;22,24;-507,88;0,00;0,00;0,00;-0,51;0,00;0,00;246;173;179;32;17;337;805
4932;27,70;-373,85;0,00;0,00;0,00;-0,37;0,00;0,00;320;146;137;33;26;933;931
4933;49,39;-236,89;0,00;0,00;0,00;-0,24;0,00;0,00;82;119;199;21;18;937;493
4934;29,69;-480,26;0,00;0,00;0,00;-0,48;0,00;0,00;51;105;132;31;24;128;441
4935;100,00;309,24;0,00;0,00;0,00;0,31;0,00;0,00;474;113;110;10;32;489;527
4936;66,42;-92,99;0,00;0,00;0,00;-0,09;0,00;0,00;358;20;146;33;21;306;387
4937;12,12;-605,62;0,00;0,00;0,00;-0,61;0,00;0,00;303;82;110;16;22;773;613
4938;98,41;189,95;0,00;0,00;0,00;0,19;0,00;0,00;100;46;130;10;15;987;689
4939;72,06;15,32;0,00;0,00;0,00;0,02;0,00;0,00;318;85;103;43;31;678;536
4940;35,28;-344,52;0,00;0,00;0,00;-0,34;0,00;0,00;401;50;37;31;21;103;594
4941;41,14;-279,40;0,00;0,00;0,00;-0,28;0,00;0,00;211;105;187;16;20;446;328
4942;90,47;183,99;0,00;0,00;0,00;0,18;0,00;0,00;463;163;39;39;26;282;288
4943;80,65;117,83;0,00;0,00;0,00;0,12;0,00;0,00;210;15;51;23;19;537;616
4944;19,59;-545,51;0,00;0,00;0,00;-0,55;0,00;0,00;441;91;134;31;31;140;341
4945;44,66;-193,55;0,00;0,00;0,00;-0,19;0,00;0,00;228;151;42;27;39;777;931
4946;86,01;109,21;0,00;0,00;0,00;0,11;0,00;0,00;188;27;150;37;25;364;865
4947;14,12;-549,11;0,00;0,00;0,00;-0,55;0,00;0,00;341;113;151;12;26;960;556
4948;95,74;282,99;0,00;0,00;0,00;0,28;0,00;0,00;337;30;95;41;30;394;401
4949;48,36;-215,29;0,00;0,00;0,00;-0,22;0,00;0,00;202;127;177;30;35;873;822
4950;60,98;-130,11;0,00;0,00;0,00;-0,13;0,00;0,00;450;105;61;21;24;995;284
4951;54,98;-270,92;0,00;0,00;0,00;-0,27;0,00;0,00;33;52;160;46;30;556;778
4952;65,26;8,19;0,00;0,00;0,00;0,01;0,00;0,00;60;127;77;30;27;986;721
4953;44,36;-274,83;0,00;0,00;0,00;-0,27;0,00;0,00;298;31;111;36;30;910;366
4954;42,69;-293,55;0,00;0,00;0,00;-0,29;0,00;0,00;263;161;129;11;25;368;119
4955;43,13;-310,76;0,00;0,00;0,00;-0,31;0,00;0,00;456;157;127;33;31;951;916
4956;47,41;-116,71;0,00;0,00;0,00;-0,12;0,00;0,00;180;51;69;20;37;559;773
4957;64,70;-75,92;0,00;0,00;0,00;-0,08;0,00;0,00;20;46;21;11;16;486;468
4958;79,64;94,94;0,00;0,00;0,00;0,09;0,00;0,00;275;182;141;26;28;146;398
4959;88,79;135,93;0,00;0,00;0,00;0,14;0,00;0,00;16;52;94;38;17;162;601
4960;100,00;281,93;0,00;0,00;0,00;0,28;0,00;0,00;315;109;76;22;26;963;652
4961;20,62;-427,34;0,00;0,00;0,00;-0,43;0,00;0,00;478;166;105;23;38;914;638
4962;34,46;-354,90;0,00;0,00;0,00;-0,35;0,00;0,00;355;156;44;40;30;569;646
4963;25,43;-523,39;0,00;0,00;0,00;-0,52;0,00;0,00;427;105;139;19;36;243;589
4964;54,31;-166,52;0,00;0,00;0,00;-0,17;0,00;0,00;54;57;176;15;16;716;982
4965;93,51;274,24;0,00;0,00;0,00;0,27;0,00;0,00;430;66;185;41;16;858;435
4966;99,00;339,70;0,00;0,00;0,00;0,34;0,00;0,00;277;14;120;12;33;836;256
4967;33,32;-378,51;0,00;0,00;0,00;-0,38;0,00;0,00;55;114;28;20;21;332;814
4968;44,87;-314,10;0,00;0,00;0,00;-0,31;0,00;0,00;365;158;121;39;21;653;550
4969;73,91;24,01;0,00;0,00;0,00;0,02;0,00;0,00;265;98;194;39;34;393;158
4970;29,70;-481,48;0,00;0,00;0,00;-0,48;0,00;0,00;337;80;10;46;38;169;748
4971;37,29;-271,68;0,00;0,00;0,00;-0,27;0,00;0,00;51;178;84;10;39;772;910
4972;13,49;-465,22;0,00;0,00;0,00;-0,47;0,00;0,00;296;178;27;20;36;993;664
4973;70,69;77,75;0,00;0,00;0,00;0,08;0,00;0,00;378;170;191;33;37;687;568
4974;15,37;-545,81;0,00;0,00;0,00;-0,55;0,00;0,00;245;155;117;12;38;131;843
4975;70,54;15,84;0,00;0,00;0,00;0,02;0,00;0,00;270;15;162;15;15;334;675
4976;27,71;-521,95;0,00;0,00;0,00;-0,52;0,00;0,00;471;111;100;36;27;405;833
4977;22,37;-456,40;0,00;0,00;0,00;-0,46;0,00;0,00;29;45;16;39;17;252;523
4978;43,52;-191,83;0,00;0,00;0,00;-0,19;0,00;0,00;447;113;162;33;38;146;282
4979;77,81;139,42;0,00;0,00;0,00;0,14;0,00;0,00;248;54;147;16;34;474;381
4980;43,05;-296,38;0,00;0,00;0,00;-0,30;0,00;0,00;298;78;77;38;33;517;346
4981;77,68;57,18;0,00;0,00;0,00;0,06;0,00;0,00;190;129;88;11;16;196;944
4982;51,13;-283,20;0,00;0,00;0,00;-0,28;0,00;0,00;313;56;132;28;24;892;846
4983;22,59;-457,39;0,00;0,00;0,00;-0,46;0,00;0,00;80;10;10;14;37;932;113
4984;53,54;-177,97;0,00;0,00;0,00;-0,18;0,00;0,00;255;161;151;39;26;653;627
4985;58,06;-78,68;0,00;0,00;0,00;-0,08;0,00;0,00;134;81;15;40;30;938;493
4986;41,94;-244,02;0,00;0,00;0,00;-0,24;0,00;0,00;170;168;103;22;33;577;886
4987;86,90;96,74;0,00;0,00;0,00;0,10;0,00;0,00;386;32;147;33;29;900;352
4988;45,49;-234,93;0,00;0,00;0,00;-0,23;0,00;0,00;286;179;148;14;28;515;813
4989;66,02;-59,34;0,00;0,00;0,00;-0,06;0,00;0,00;421;48;34;23;38;135;625
4990;100,00;315,20;0,00;0,00;0,00;0,32;0,00;0,00;38;27;134;36;16;522;429
4991;47,69;-240,98;0,00;0,00;0,00;-0,24;0,00;0,00;168;183;20;14;37;423;693
4992;44,99;-210,96;0,00;0,00;0,00;-0,21;0,00;0,00;416;40;127;24;33;718;653
4993;99,74;269,02;0,00;0,00;0,00;0,27;0,00;0,00;82;44;135;35;38;162;621
4994;34,88;-350,95;0,00;0,00;0,00;-0,35;0,00;0,00;170;47;94;11;30;995;259
4995;59,66;-85,48;0,00;0,00;0,00;-0,09;0,00;0,00;75;12;47;32;30;317;898
4996;21,90;-364,69;0,00;0,00;0,00;-0,36;0,00;0,00;390;130;100;40;35;903;837
4997;51,27;-267,12;0,00;0,00;0,00;-0,27;0,00;0,00;431;70;164;47;25;540;700
4998;65,91;31,17;0,00;0,00;0,00;0,03;0,00;0,00;134;160;172;29;25;671;892
4999;100,00;369,63;0,00;0,00;0,00;0,37;0,00;0,00;40;94;40;42;27;529;473
5000;100,00;227,00;0,00;0,00;0,00;0,23;0,00;0,00;151;48;117;31;39;966;996
5001;0,00;-672,37;0,00;0,00;0,00;-0,67;0,00;0,00;498;115;162;21;28;787;592
5002;61,37;-9,01;0,00;0,00;0,00;-0,01;0,00;0,00;88;189;122;29;15;166;671
5003;81,69;215,43;0,00;0,00;0,00;0,22;0,00;0,00;448;119;187;16;39;228;342
5004;73,92;2,27;0,00;0,00;0,00;0,00;0,00;0,00;346;166;171;49;19;860;391
5005;68,07;-90,61;0,00;0,00;0,00;-0,09;0,00;0,00;72;116;131;24;38;179;651
5006;29,41;-443,78;0,00;0,00;0,00;-0,44;0,00;0,00;474;72;38;33;19;234;499
5007;40,45;-319,84;0,00;0,00;0,00;-0,32;0,00;0,00;268;77;173;42;17;717;835
5008;24,20;-469,13;0,00;0,00;0,00;-0,47;0,00;0,00;238;93;77;30;27;236;206
5009;44,13;-216,81;0,00;0,00;0,00;-0,22;0,00;0,00;337;102;96;22;15;962;438
5010;69,30;15,68;0,00;0,00;0,00;0,02;0,00;0,00;307;191;29;48;19;476;649
5011;60,31;-107,08;0,00;0,00;0,00;-0,11;0,00;0,00;13;87;138;45;26;963;676
5012;71,96;37,58;0,00;0,00;0,00;0,04;0,00;0,00;112;132;170;12;30;726;318
5013;50,31;-297,90;0,00;0,00;0,00;-0,30;0,00;0,00;246;73;171;22;17;229;570
5014;25,58;-370,36;0,00;0,00;0,00;-0,37;0,00;0,00;136;166;89;29;39;711;775
5015;20,86;-473,70;0,00;0,00;0,00;-0,47;0,00;0,00;211;163;95;19;21;990;417
5016;16,51;-573,23;0,00;0,00;0,00;-0,57;0,00;0,00;145;86;128;15;24;466;398
5017;21,12;-503,62;0,00;0,00;0,00;-0,50;0,00;0,00;411;40;52;40;39;463;438
5018;42,14;-261,43;0,00;0,00;0,00;-0,26;0,00;0,00;165;187;23;40;22;778;150
5019;46,70;-266,06;0,00;0,00;0,00;-0,27;0,00;0,00;251;136;27;31;30;970;626
5020;11,28;-659,95;0,00;0,00;0,00;-0,66;0,00;0,00;123;171;96;45;36;128;240
5021;62,55;-33,50;0,00;0,00;0,00;-0,03;0,00;0,00;357;74;198;12;16;320;149
5022;100,00;286,96;0,00;0,00;0,00;0,29;0,00;0,00;288;140;129;43;33;702;386
5023;58,53;-128,77;0,00;0,00;0,00;-0,13;0,00;0,00;50;99;65;48;18;377;678
5024;58,39;-172,87;0,00;0,00;0,00;-0,17;0,00;0,00;224;127;121;10;36;865;834
5025;41,67;-277,38;0,00;0,00;0,00;-0,28;0,00;0,00;106;85;42;44;32;955;138
5026;38,50;-282,09;0,00;0,00;0,00;-0,28;0,00;0,00;453;110;191;41;28;638;404
5027;12,10;-587,45;0,00;0,00;0,00;-0,59;0,00;0,00;412;36;45;18;39;682;921
5028;57,72;-74,81;0,00;0,00;0,00;-0,07;0,00;0,00;294;121;134;44;29;688;545
5029;16,32;-447,75;0,00;0,00;0,00;-0,45;0,00;0,00;11;124;163;41;21;939;119
5030;61,30;-89,02;0,00;0,00;0,00;-0,09;0,00;0,00;146;187;28;10;18;420;736
5031;43,74;-294,84;0,00;0,00;0,00;-0,29;0,00;0,00;469;103;179;16;39;135;197
5032;28,97;-404,17;0,00;0,00;0,00;-0,40;0,00;0,00;425;166;107;13;36;906;484
5033;33,15;-427,66;0,00;0,00;0,00;-0,43;0,00;0,00;113;165;44;46;23;928;389
5034;23,75;-456,47;0,00;0,00;0,00;-0,46;0,00;0,00;122;51;83;30;20;127;267
5035;57,90;-187,57;0,00;0,00;0,00;-0,19;0,00;0,00;96;36;51;32;19;712;998
5036;42,22;-197,13;0,00;0,00;0,00;-0,20;0,00;0,00;236;121;172;32;35;608;197
5037;43,49;-340,15;0,00;0,00;0,00;-0,34;0,00;0,00;178;108;131;44;20;322;455
5038;40,66;-289,93;0,00;0,00;0,00;-0,29;0,00;0,00;169;83;154;36;20;230;862
5039;19,97;-525,05;0,00;0,00;0,00;-0,53;0,00;0,00;371;166;129;21;32;419;611
5040;90,86;180,59;0,00;0,00;0,00;0,18;0,00;0,00;243;87;47;42;35;619;462
5041;14,09;-506,33;0,00;0,00;0,00;-0,51;0,00;0,00;290;71;140;22;39;212;282
5042;7,66;-675,85;0,00;0,00;0,00;-0,68;0,00;0,00;102;163;49;30;19;729;579
5043;67,81;8,66;0,00;0,00;0,00;0,01;0,00;0,00;286;106;64;11;25;478;435
5044;68,19;16,94;0,00;0,00;0,00;0,02;0,00;0,00;437;185;149;39;39;271;806
5045;48,62;-214,28;0,00;0,00;0,00;-0,21;0,00;0,00;288;129;121;31;17;276;355
5046;49,39;-225,17;0,00;0,00;0,00;-0,23;0,00;0,00;434;124;58;15;27;870;245
5047;54,55;-86,75;0,00;0,00;0,00;-0,09;0,00;0,00;351;171;126;30;32;973;742
5048;60,92;-1,88;0,00;0,00;0,00;-0,00;0,00;0,00;383;187;106;37;32;313;618
5049;37,92;-244,92;0,00;0,00;0,00;-0,24;0,00;0,00;416;85;19;44;16;387;180
5050;65,06;-90,44;0,00;0,00;0,00;-0,09;0,00;0,00;382;38;126;23;28;547;999
5051;65,18;0,92;0,00;0,00;0,00;0,00;0,00;0,00;289;192;74;24;30;233;737
5052;69,59;-61,84;0,00;0,00;0,00;-0,06;0,00;0,00;297;142;164;21;22;925;468
5053;59,36;1,87;0,00;0,00;0,00;0,00;0,00;0,00;196;121;146;29;26;553;956
5054;10,27;-465,42;0,00;0,00;0,00;-0,47;0,00;0,00;31;105;122;32;17;467;423
5055;58,18;-161,14;0,00;0,00;0,00;-0,16;0,00;0,00;119;117;99;14;29;669;508
5056;33,00;-359,87;0,00;0,00;0,00;-0,36;0,00;0,00;122;95;21;21;27;757;110
5057;69,73;3,20;0,00;0,00;0,00;0,00;0,00;0,00;68;67;43;28;35;312;185
5058;69,06;6,27;0,00;0,00;0,00;0,01;0,00;0,00;323;152;98;17;30;655;941
5059;54,31;-168,97;0,00;0,00;0,00;-0,17;0,00;0,00;340;83;26;18;27;297;104
5060;83,81;93,47;0,00;0,00;0,00;0,09;0,00;0,00;466;50;89;42;30;186;335
5061;23,64;-409,79;0,00;0,00;0,00;-0,41;0,00;0,00;221;161;172;26;33;461;623
5062;81,77;90,02;0,00;0,00;0,00;0,09;0,00;0,00;257;151;91;11;33;499;374
5063;48,22;-140,75;0,00;0,00;0,00;-0,14;0,00;0,00;271;149;55;29;17;983;931
5064;49,06;-267,16;0,00;0,00;0,00;-0,27;0,00;0,00;31;163;71;37;36;303;988
5065;45,14;-306,05;0,00;0,00;0,00;-0,31;0,00;0,00;436;164;161;20;16;411;495
5066;68,61;-45,55;0,00;0,00;0,00;-0,05;0,00;0,00;51;184;63;22;33;787;466
5067;64,80;-76,40;0,00;0,00;0,00;-0,08;0,00;0,00;233;27;69;21;25;495;993
5068;21,11;-448,31;0,00;0,00;0,00;-0,45;0,00;0,00;207;87;21;24;30;263;723
5069;33,29;-289,38;0,00;0,00;0,00;-0,29;0,00;0,00;423;70;28;16;33;965;811
5070;50,25;-270,44;0,00;0,00;0,00;-0,27;0,00;0,00;66;143;90;44;35;294;484
5071;20,88;-470,44;0,00;0,00;0,00;-0,47;0,00;0,00;142;164;95;45;23;696;985
5072;74,86;12,14;0,00;0,00;0,00;0,01;0,00;0,00;363;106;137;21;20;910;210
5073;53,12;-156,63;0,00;0,00;0,00;-0,16;0,00;0,00;77;84;97;30;23;457;414
5074;61,52;-131,40;0,00;0,00;0,00;-0,13;0,00;0,00;372;70;38;32;22;237;364
5075;39,15;-329,84;0,00;0,00;0,00;-0,33;0,00;0,00;288;76;188;18;39;179;289
5076;82,90;155,94;0,00;0,00;0,00;0,16;0,00;0,00;80;78;164;22;28;937;515
5077;25,40;-414,24;0,00;0,00;0,00;-0,41;0,00;0,00;186;124;104;49;21;423;319
5078;29,81;-369,00;0,00;0,00;0,00;-0,37;0,00;0,00;343;33;116;26;28;868;651
5079;24,11;-487,67;0,00;0,00;0,00;-0,49;0,00;0,00;481;126;146;17;38;178;625
5080;49,32;-178,21;0,00;0,00;0,00;-0,18;0,00;0,00;260;109;146;39;17;732;209
5081;29,14;-376,80;0,00;0,00;0,00;-0,38;0,00;0,00;302;183;151;42;33;140;202
5082;53,81;-128,60;0,00;0,00;0,00;-0,13;0,00;0,00;361;117;88;27;26;991;642
5083;58,79;-115,74;0,00;0,00;0,00;-0,12;0,00;0,00;491;87;130;49;25;707;680
5084;28,73;-433,10;0,00;0,00;0,00;-0,43;0,00;0,00;103;95;112;15;33;462;981
5085;61,54;-145,51;0,00;0,00;0,00;-0,15;0,00;0,00;143;52;32;44;33;319;966
5086;49,62;-281,97;0,00;0,00;0,00;-0,28;0,00;0,00;132;144;40;46;32;288;137
5087;72,30;-18,98;0,00;0,00;0,00;-0,02;0,00;0,00;109;65;141;18;19;413;889
5088;52,23;-126,54;0,00;0,00;0,00;-0,13;0,00;0,00;176;152;49;34;22;423;449
5089;60,27;-115,97;0,00;0,00;0,00;-0,12;0,00;0,00;330;41;106;21;26;531;209
5090;98,19;294,90;0,00;0,00;0,00;0,29;0,00;0,00;258;145;85;35;39;821;773
5091;34,77;-311,15;0,00;0,00;0,00;-0,31;0,00;0,00;28;82;29;39;18;773;410
5092;46,99;-307,83;0,00;0,00;0,00;-0,31;0,00;0,00;71;127;149;36;23;681;460
5093;36,67;-359,72;0,00;0,00;0,00;-0,36;0,00;0,00;469;99;28;40;20;357;326
5094;49,41;-224,97;0,00;0,00;0,00;-0,22;0,00;0,00;364;45;158;13;32;485;542
5095;16,67;-473,56;0,00;0,00;0,00;-0,47;0,00;0,00;318;52;26;34;34;272;391
5096;82,30;142,79;0,00;0,00;0,00;0,14;0,00;0,00;158;159;174;31;22;140;331
5097;41,50;-258,91;0,00;0,00;0,00;-0,26;0,00;0,00;439;123;196;35;27;548;975
5098;37,94;-376,72;0,00;0,00;0,00;-0,38;0,00;0,00;462;87;52;47;17;776;857
5099;33,16;-361,17;0,00;0,00;0,00;-0,36;0,00;0,00;120;108;194;12;37;261;600
5100;88,53;129,19;0,00;0,00;0,00;0,13;0,00;0,00;49;61;15;46;39;350;448
5101;96,67;334,57;0,00;0,00;0,00;0,33;0,00;0,00;300;178;174;22;28;345;516
5102;54,57;-110,91;0,00;0,00;0,00;-0,11;0,00;0,00;473;57;29;24;27;718;845
5103;98,49;348,56;0,00;0,00;0,00;0,35;0,00;0,00;337;32;48;27;16;700;688
5104;100,00;270,45;0,00;0,00;0,00;0,27;0,00;0,00;168;56;70;25;21;347;203
5105;56,17;-83,88;0,00;0,00;0,00;-0,08;0,00;0,00;423;11;125;19;24;332;802
5106;55,31;-181,26;0,00;0,00;0,00;-0,18;0,00;0,00;49;191;171;17;26;377;137
5107;79,10;130,93;0,00;0,00;0,00;0,13;0,00;0,00;89;67;54;43;25;149;122
5108;23,07;-381,22;0,00;0,00;0,00;-0,38;0,00;0,00;377;101;85;28;25;733;896
5109;60,58;-85,66;0,00;0,00;0,00;-0,09;0,00;0,00;437;10;190;32;39;123;696
5110;45,01;-221,01;0,00;0,00;0,00;-0,22;0,00;0,00;264;195;67;20;15;798;121
5111;60,06;-105,93;0,00;0,00;0,00;-0,11;0,00;0,00;414;62;78;41;25;579;590
5112;54,59;-163,94;0,00;0,00;0,00;-0,16;0,00;0,00;460;14;138;42;18;799;390
5113;18,12;-587,51;0,00;0,00;0,00;-0,59;0,00;0,00;298;174;188;10;24;661;178
5114;12,36;-589,63;0,00;0,00;0,00;-0,59;0,00;0,00;133;106;158;42;31;857;762
5115;58,54;-84,41;0,00;0,00;0,00;-0,08;0,00;0,00;121;70;19;13;30;800;103
5116;70,10;-17,25;0,00;0,00;0,00;-0,02;0,00;0,00;47;117;159;28;18;645;949
5117;76,33;164,55;0,00;0,00;0,00;0,16;0,00;0,00;288;99;188;26;39;201;266
5118;57,06;-186,43;0,00;0,00;0,00;-0,19;0,00;0,00;225;179;47;22;39;798;729
5119;36,46;-283,21;0,00;0,00;0,00;-0,28;0,00;0,00;139;172;181;37;19;746;550
5120;60,75;-46,50;0,00;0,00;0,00;-0,05;0,00;0,00;422;167;131;21;39;215;424
5121;48,94;-186,26;0,00;0,00;0,00;-0,19;0,00;0,00;297;122;175;31;36;383;861
5122;41,83;-260,92;0,00;0,00;0,00;-0,26;0,00;0,00;258;44;78;40;22;950;780
5123;27,31;-458,73;0,00;0,00;0,00;-0,46;0,00;0,00;151;72;180;25;15;449;540
5124;29,43;-347,33;0,00;0,00;0,00;-0,35;0,00;0,00;340;122;109;14;17;747;626
5125;66,75;1,78;0,00;0,00;0,00;0,00;0,00;0,00;33;93;69;42;33;656;276
5126;63,67;25,03;0,00;0,00;0,00;0,03;0,00;0,00;472;92;129;37;23;885;741
5127;63,08;-63,01;0,00;0,00;0,00;-0,06;0,00;0,00;406;162;158;10;22;890;342
5128;33,96;-351,31;0,00;0,00;0,00;-0,35;0,00;0,00;188;56;116;39;18;893;642
5129;63,18;-100,26;0,00;0,00;0,00;-0,10;0,00;0,00;77;130;45;41;32;287;839
5130;45,05;-171,26;0,00;0,00;0,00;-0,17;0,00;0,00;258;105;52;38;32;713;616
5131;36,08;-397,89;0,00;0,00;0,00;-0,40;0,00;0,00;407;191;62;10;15;657;673
5132;54,03;-192,84;0,00;0,00;0,00;-0,19;0,00;0,00;234;38;72;31;32;867;735
5133;49,60;-206,12;0,00;0,00;0,00;-0,21;0,00;0,00;152;49;192;49;28;268;969
5134;57,25;-56,27;0,00;0,00;0,00;-0,06;0,00;0,00;352;135;122;34;22;739;292
5135;78,13;79,26;0,00;0,00;0,00;0,08;0,00;0,00;400;19;108;13;20;565;738
5136;63,13;-118,16;0,00;0,00;0,00;-0,12;0,00;0,00;422;103;178;26;39;823;851
5137;60,34;-150,13;0,00;0,00;0,00;-0,15;0,00;0,00;209;152;14;15;26;233;601
5138;68,36;63,00;0,00;0,00;0,00;0,06;0,00;0,00;403;183;57;34;23;109;379
5139;44,23;-217,40;0,00;0,00;0,00;-0,22;0,00;0,00;233;131;195;20;34;618;906
5140;63,26;-47,55;0,00;0,00;0,00;-0,05;0,00;0,00;338;124;108;33;30;810;853
5141;95,73;175,79;0,00;0,00;0,00;0,18;0,00;0,00;479;83;24;45;25;828;114
5142;100,00;267,73;0,00;0,00;0,00;0,27;0,00;0,00;241;104;96;26;28;573;178
5143;46,18;-220,66;0,00;0,00;0,00;-0,22;0,00;0,00;213;158;118;24;21;823;555
5144;64,10;-55,36;0,00;0,00;0,00;-0,06;0,00;0,00;236;48;75;31;22;648;654
5145;19,28;-395,72;0,00;0,00;0,00;-0,40;0,00;0,00;151;80;117;17;39;911;608
5146;26,31;-388,71;0,00;0,00;0,00;-0,39;0,00;0,00;13;168;44;39;21;462;420
5147;55,69;-118,35;0,00;0,00;0,00;-0,12;0,00;0,00;53;177;56;40;24;386;762
5148;49,18;-201,97;0,00;0,00;0,00;-0,20;0,00;0,00;406;86;56;48;39;490;648
5149;30,77;-439,04;0,00;0,00;0,00;-0,44;0,00;0,00;250;22;126;16;33;815;434
5150;79,90;125,61;0,00;0,00;0,00;0,13;0,00;0,00;62;20;62;12;25;345;203
5151;75,91;136,28;0,00;0,00;0,00;0,14;0,00;0,00;28;145;147;25;25;789;885
5152;40,94;-329,20;0,00;0,00;0,00;-0,33;0,00;0,00;361;198;47;15;33;601;521
5153;4,35;-623,85;0,00;0,00;0,00;-0,62;0,00;0,00;437;174;57;15;35;190;829
5154;32,85;-403,03;0,00;0,00;0,00;-0,40;0,00;0,00;22;193;68;47;33;761;575
5155;76,81;88,51;0,00;0,00;0,00;0,09;0,00;0,00;326;33;125;33;36;241;679
5156;40,31;-269,64;0,00;0,00;0,00;-0,27;0,00;0,00;75;174;100;39;34;385;738
5157;40,97;-269,58;0,00;0,00;0,00;-0,27;0,00;0,00;182;91;21;42;26;780;400
5158;87,42;162,73;0,00;0,00;0,00;0,16;0,00;0,00;73;163;148;14;30;675;122
5159;23,52;-462,29;0,00;0,00;0,00;-0,46;0,00;0,00;412;115;187;27;17;959;177
5160;100,00;181,36;0,00;0,00;0,00;0,18;0,00;0,00;70;183;105;14;27;342;423
5161;61,94;-55,06;0,00;0,00;0,00;-0,06;0,00;0,00;484;135;93;17;15;689;756
5162;39,87;-321,80;0,00;0,00;0,00;-0,32;0,00;0,00;456;87;69;15;36;936;565
5163;67,05;-147,52;0,00;0,00;0,00;-0,15;0,00;0,00;423;171;199;32;20;978;662
5164;85,04;133,03;0,00;0,00;0,00;0,13;0,00;0,00;431;174;149;22;26;265;148
5165;100,00;245,90;0,00;0,00;0,00;0,25;0,00;0,00;298;197;195;37;24;239;320
5166;15,19;-493,27;0,00;0,00;0,00;-0,49;0,00;0,00;36;164;10;25;39;135;551
5167;46,06;-153,09;0,00;0,00;0,00;-0,15;0,00;0,00;123;186;196;43;34;131;595
5168;77,57;66,79;0,00;0,00;0,00;0,07;0,00;0,00;64;170;124;11;29;745;827
5169;75,92;95,60;0,00;0,00;0,00;0,10;0,00;0,00;482;123;102;41;36;803;218
5170;39,22;-272,75;0,00;0,00;0,00;-0,27;0,00;0,00;106;171;188;18;38;789;106
5171;15,03;-598,33;0,00;0,00;0,00;-0,60;0,00;0,00;307;17;21;16;28;804;216
5172;92,01;209,16;0,00;0,00;0,00;0,21;0,00;0,00;412;69;143;33;36;673;256
5173;51,73;-151,30;0,00;0,00;0,00;-0,15;0,00;0,00;417;92;120;18;18;186;557
5174;27,65;-418,04;0,00;0,00;0,00;-0,42;0,00;0,00;106;191;179;21;38;778;951
5175;53,71;-126,89;0,00;0,00;0,00;-0,13;0,00;0,00;22;184;26;14;22;624;806
5176;0,00;-652,68;0,00;0,00;0,00;-0,65;0,00;0,00;300;192;175;33;36;533;314
5177;69,65;-83,94;0,00;0,00;0,00;-0,08;0,00;0,00;162;32;134;30;21;762;353
5178;51,30;-161,21;0,00;0,00;0,00;-0,16;0,00;0,00;75;18;47;15;37;768;460
5179;41,88;-225,15;0,00;0,00;0,00;-0,23;0,00;0,00;306;45;101;28;25;936;979
5180;49,23;-222,90;0,00;0,00;0,00;-0,22;0,00;0,00;353;195;167;32;17;163;650
5181;80,94;101,72;0,00;0,00;0,00;0,10;0,00;0,00;302;113;193;16;19;579;168
5182;24,62;-445,23;0,00;0,00;0,00;-0,45;0,00;0,00;280;68;131;46;26;452;859
5183;48,50;-238,21;0,00;0,00;0,00;-0,24;0,00;0,00;372;188;109;35;15;815;996
5184;65,24;-76,12;0,00;0,00;0,00;-0,08;0,00;0,00;198;138;54;12;24;349;702
5185;87,51;203,81;0,00;0,00;0,00;0,20;0,00;0,00;53;192;152;11;16;313;213
5186;22,32;-471,37;0,00;0,00;0,00;-0,47;0,00;0,00;235;154;149;37;22;585;506
5187;52,46;-174,14;0,00;0,00;0,00;-0,17;0,00;0,00;304;135;24;40;26;874;309
5188;70,03;17,11;0,00;0,00;0,00;0,02;0,00;0,00;379;189;43;17;33;466;888
5189;38,32;-330,20;0,00;0,00;0,00;-0,33;0,00;0,00;400;170;172;48;39;132;631
5190;65,76;-18,10;0,00;0,00;0,00;-0,02;0,00;0,00;36;149;27;48;17;910;830
5191;59,83;-95,33;0,00;0,00;0,00;-0,10;0,00;0,00;463;144;102;46;18;765;645
5192;35,38;-287,03;0,00;0,00;0,00;-0,29;0,00;0,00;344;95;12;48;16;147;178
5193;83,81;136,22;0,00;0,00;0,00;0,14;0,00;0,00;225;198;93;11;20;271;953
5194;74,33;52,92;0,00;0,00;0,00;0,05;0,00;0,00;458;160;141;42;25;471;399
5195;58,51;-107,65;0,00;0,00;0,00;-0,11;0,00;0,00;19;56;16;25;34;134;860
5196;77,77;59,41;0,00;0,00;0,00;0,06;0,00;0,00;472;131;171;26;23;907;261
5197;21,48;-538,34;0,00;0,00;0,00;-0,54;0,00;0,00;146;45;49;18;36;122;659
5198;61,01;-53,46;0,00;0,00;0,00;-0,05;0,00;0,00;137;121;61;21;20;615;261
5199;26,00;-470,19;0,00;0,00;0,00;-0,47;0,00;0,00;221;197;192;45;39;739;559
5200;79,47;83,54;0,00;0,00;0,00;0,08;0,00;0,00;276;160;127;11;21;284;422
5201;27,15;-509,15;0,00;0,00;0,00;-0,51;0,00;0,00;432;59;172;11;21;789;725
5202;36,53;-408,20;0,00;0,00;0,00;-0,41;0,00;0,00;265;65;90;38;35;320;158
5203;61,32;-150,81;0,00;0,00;0,00;-0,15;0,00;0,00;221;15;159;35;34;222;965
5204;79,21;119,08;0,00;0,00;0,00;0,12;0,00;0,00;274;81;68;23;34;821;440
5205;42,68;-217,72;0,00;0,00;0,00;-0,22;0,00;0,00;126;169;147;23;28;373;791
5206;53,42;-173,86;0,00;0,00;0,00;-0,17;0,00;0,00;195;170;148;46;32;731;952
5207;77,96;133,15;0,00;0,00;0,00;0,13;0,00;0,00;137;39;66;13;31;671;586
5208;13,88;-619,34;0,00;0,00;0,00;-0,62;0,00;0,00;122;143;172;30;31;586;632
5209;88,79;132,81;0,00;0,00;0,00;0,13;0,00;0,00;377;19;158;34;30;936;926
5210;15,28;-584,38;0,00;0,00;0,00;-0,58;0,00;0,00;113;65;131;44;24;222;999
5211;100,00;306,14;0,00;0,00;0,00;0,31;0,00;0,00;279;182;196;42;34;887;960
5212;82,98;153,23;0,00;0,00;0,00;0,15;0,00;0,00;199;89;184;13;34;337;634
5213;100,00;237,31;0,00;0,00;0,00;0,24;0,00;0,00;309;29;175;41;37;744;271
5214;33,35;-405,34;0,00;0,00;0,00;-0,41;0,00;0,00;151;26;55;23;30;982;121
5215;90,39;107,15;0,00;0,00;0,00;0,11;0,00;0,00;18;130;25;14;34;550;764
5216;68,45;-35,06;0,00;0,00;0,00;-0,04;0,00;0,00;53;98;102;31;17;602;447
5217;32,94;-311,43;0,00;0,00;0,00;-0,31;0,00;0,00;62;160;134;23;35;992;257
5218;42,95;-167,20;0,00;0,00;0,00;-0,17;0,00;0,00;246;96;196;12;36;969;871
5219;19,25;-520,25;0,00;0,00;0,00;-0,52;0,00;0,00;349;106;112;38;20;529;916
5220;22,95;-503,40;0,00;0,00;0,00;-0,50;0,00;0,00;308;122;165;32;34;774;434
5221;38,75;-298,59;0,00;0,00;0,00;-0,30;0,00;0,00;241;90;119;16;33;468;534
5222;100,00;434,80;0,00;0,00;0,00;0,43;0,00;0,00;460;39;100;26;34;948;775
5223;49,00;-193,69;0,00;0,00;0,00;-0,19;0,00;0,00;220;18;101;23;28;286;222
5224;49,65;-90,08;0,00;0,00;0,00;-0,09;0,00;0,00;302;29;181;40;32;106;382
5225;43,60;-238,48;0,00;0,00;0,00;-0,24;0,00;0,00;184;84;130;33;28;129;502
5226;45,54;-134,85;0,00;0,00;0,00;-0,13;0,00;0,00;117;159;53;40;24;627;218
5227;90,20;191,37;0,00;0,00;0,00;0,19;0,00;0,00;335;96;15;48;17;976;806
5228;0,00;-595,69;0,00;0,00;0,00;-0,60;0,00;0,00;317;112;141;17;27;645;694
5229;63,52;-123,39;0,00;0,00;0,00;-0,12;0,00;0,00;199;24;128;29;15;929;777
5230;10,71;-647,80;0,00;0,00;0,00;-0,65;0,00;0,00;112;127;96;40;38;466;618
5231;99,15;329,28;0,00;0,00;0,00;0,33;0,00;0,00;298;33;145;17;25;455;899
5232;50,31;-138,59;0,00;0,00;0,00;-0,14;0,00;0,00;492;187;143;11;37;409;667
5233;44,17;-345,82;0,00;0,00;0,00;-0,35;0,00;0,00;214;51;179;27;21;613;922
5234;63,16;-108,07;0,00;0,00;0,00;-0,11;0,00;0,00;57;48;133;44;16;803;693
5235;81,20;107,92;0,00;0,00;0,00;0,11;0,00;0,00;201;36;154;48;22;477;868
5236;53,77;-149,84;0,00;0,00;0,00;-0,15;0,00;0,00;430;45;194;46;27;392;432
5237;21,26;-470,51;0,00;0,00;0,00;-0,47;0,00;0,00;16;181;152;18;25;333;129
5238;60,58;-82,56;0,00;0,00;0,00;-0,08;0,00;0,00;452;195;64;22;35;746;751
5239;100,00;335,08;0,00;0,00;0,00;0,34;0,00;0,00;219;91;97;24;35;559;365
5240;10,45;-633,84;0,00;0,00;0,00;-0,63;0,00;0,00;338;185;71;38;32;940;912
5241;46,39;-236,92;0,00;0,00;0,00;-0,24;0,00;0,00;259;48;71;38;25;106;835
5242;47,42;-217,42;0,00;0,00;0,00;-0,22;0,00;0,00;469;165;74;49;19;735;287
5243;100,00;276,35;0,00;0,00;0,00;0,28;0,00;0,00;118;85;115;37;23;598;554
5244;68,51;22,58;0,00;0,00;0,00;0,02;0,00;0,00;30;90;142;12;34;712;835
5245;0,00;-763,86;0,00;0,00;0,00;-0,76;0,00;0,00;174;165;102;21;21;491;862
5246;51,06;-146,52;0,00;0,00;0,00;-0,15;0,00;0,00;483;146;193;34;35;689;354
5247;15,75;-498,72;0,00;0,00;0,00;-0,50;0,00;0,00;240;132;154;13;25;908;972
5248;47,85;-295,43;0,00;0,00;0,00;-0,30;0,00;0,00;177;124;126;33;23;518;443
5249;35,79;-304,87;0,00;0,00;0,00;-0,30;0,00;0,00;273;43;57;26;32;430;575
5250;37,74;-261,63;0,00;0,00;0,00;-0,26;0,00;0,00;77;89;93;36;23;597;772
5251;6,35;-670,81;0,00;0,00;0,00;-0,67;0,00;0,00;106;58;90;18;36;987;877
5252;45,26;-128,99;0,00;0,00;0,00;-0,13;0,00;0,00;240;36;28;30;29;319;288
5253;14,89;-517,65;0,00;0,00;0,00;-0,52;0,00;0,00;268;56;109;33;38;911;934
5254;32,75;-395,00;0,00;0,00;0,00;-0,39;0,00;0,00;246;181;40;13;18;286;771
5255;84,58;207,98;0,00;0,00;0,00;0,21;0,00;0,00;320;174;132;41;25;232;286
5256;60,93;-94,63;0,00;0,00;0,00;-0,09;0,00;0,00;204;108;29;47;28;405;836
5257;55,41;-165,18;0,00;0,00;0,00;-0,17;0,00;0,00;369;134;73;25;26;590;346
5258;77,65;29,59;0,00;0,00;0,00;0,03;0,00;0,00;491;101;43;49;33;905;643
5259;81,59;93,36;0,00;0,00;0,00;0,09;0,00;0,00;399;86;184;32;34;368;255
5260;16,37;-528,93;0,00;0,00;0,00;-0,53;0,00;0,00;242;177;151;11;18;218;576
5261;67,41;27,28;0,00;0,00;0,00;0,03;0,00;0,00;10;114;122;29;38;248;995
5262;46,11;-221,30;0,00;0,00;0,00;-0,22;0,00;0,00;405;119;176;25;34;203;570
5263;50,12;-246,92;0,00;0,00;0,00;-0,25;0,00;0,00;469;121;110;45;35;958;808
5264;43,03;-285,02;0,00;0,00;0,00;-0,29;0,00;0,00;13;81;21;22;19;781;817
5265;70,24;3,61;0,00;0,00;0,00;0,00;0,00;0,00;112;47;99;44;17;771;860
5266;67,98;79,77;0,00;0,00;0,00;0,08;0,00;0,00;492;134;150;19;34;118;915
5267;47,54;-299,47;0,00;0,00;0,00;-0,30;0,00;0,00;449;48;109;35;29;548;481
5268;12,38;-537,09;0,00;0,00;0,00;-0,54;0,00;0,00;144;188;133;37;28;450;319
5269;65,72;169,19;0,00;0,00;0,00;0,17;0,00;0,00;285;120;157;11;34;492;790
5270;12,63;-577,46;0,00;0,00;0,00;-0,58;0,00;0,00;230;117;154;23;29;923;729
5271;65,42;-71,54;0,00;0,00;0,00;-0,07;0,00;0,00;41;196;15;43;27;364;747
5272;29,96;-286,05;0,00;0,00;0,00;-0,29;0,00;0,00;314;128;146;32;33;544;429
5273;67,49;-65,77;0,00;0,00;0,00;-0,07;0,00;0,00;478;98;22;11;29;560;390
5274;85,48;195,60;0,00;0,00;0,00;0,20;0,00;0,00;463;86;143;39;32;891;603
5275;68,63;-84,25;0,00;0,00;0,00;-0,08;0,00;0,00;163;43;198;18;16;914;326
5276;59,17;-118,08;0,00;0,00;0,00;-0,12;0,00;0,00;157;106;180;47;25;358;499
5277;35,52;-368,00;0,00;0,00;0,00;-0,37;0,00;0,00;31;16;143;12;29;452;199
5278;12,30;-642,11;0,00;0,00;0,00;-0,64;0,00;0,00;424;115;175;26;25;233;734
5279;44,71;-214,34;0,00;0,00;0,00;-0,21;0,00;0,00;116;137;144;15;36;981;435
5280;87,82;138,45;0,00;0,00;0,00;0,14;0,00;0,00;261;187;146;45;15;988;876
5281;73,61;59,69;0,00;0,00;0,00;0,06;0,00;0,00;340;40;34;18;22;367;943
5282;72,07;62,24;0,00;0,00;0,00;0,06;0,00;0,00;313;177;72;47;28;995;840
5283;47,13;-175,43;0,00;0,00;0,00;-0,18;0,00;0,00;227;47;160;40;21;921;290
5284;86,48;147,26;0,00;0,00;0,00;0,15;0,00;0,00;368;151;42;47;38;227;643
5285;17,87;-547,71;0,00;0,00;0,00;-0,55;0,00;0,00;35;62;30;20;34;993;167
5286;19,83;-508,82;0,00;0,00;0,00;-0,51;0,00;0,00;11;29;183;19;37;896;921
5287;39,62;-375,41;0,00;0,00;0,00;-0,38;0,00;0,00;121;131;197;38;39;334;893
5288;46,62;-337,67;0,00;0,00;0,00;-0,34;0,00;0,00;243;100;81;36;18;644;516
5289;57,27;-98,03;0,00;0,00;0,00;-0,10;0,00;0,00;31;167;52;25;29;385;378
5290;50,43;-199,08;0,00;0,00;0,00;-0,20;0,00;0,00;115;147;61;10;27;837;272
5291;100,00;312,59;0,00;0,00;0,00;0,31;0,00;0,00;449;172;80;28;37;780;596
5292;29,06;-447,30;0,00;0,00;0,00;-0,45;0,00;0,00;387;175;56;25;25;609;430
5293;98,25;249,89;0,00;0,00;0,00;0,25;0,00;0,00;274;191;157;15;17;363;118
5294;35,58;-383,89;0,00;0,00;0,00;-0,38;0,00;0,00;488;70;183;24;26;905;176
5295;57,26;-183,43;0,00;0,00;0,00;-0,18;0,00;0,00;160;194;88;28;28;675;769
5296;76,75;61,43;0,00;0,00;0,00;0,06;0,00;0,00;495;103;14;16;16;351;208
5297;0,00;-736,82;0,00;0,00;0,00;-0,74;0,00;0,00;41;135;99;16;30;161;873
5298;56,48;-109,52;0,00;0,00;0,00;-0,11;0,00;0,00;277;69;178;49;33;787;987
5299;31,18;-418,28;0,00;0,00;0,00;-0,42;0,00;0,00;487;135;34;29;16;738;106
5300;70,33;3,19;0,00;0,00;0,00;0,00;0,00;0,00;95;131;20;38;35;778;247
5301;35,68;-404,62;0,00;0,00;0,00;-0,40;0,00;0,00;445;56;100;25;30;518;245
5302;100,00;247,33;0,00;0,00;0,00;0,25;0,00;0,00;344;161;43;35;23;291;567
5303;49,47;-236,70;0,00;0,00;0,00;-0,24;0,00;0,00;134;138;189;41;18;209;543
5304;31,09;-455,57;0,00;0,00;0,00;-0,46;0,00;0,00;245;184;46;29;37;891;306
5305;41,85;-288,05;0,00;0,00;0,00;-0,29;0,00;0,00;216;129;74;18;30;267;699
5306;44,92;-314,87;0,00;0,00;0,00;-0,31;0,00;0,00;343;181;163;45;17;260;667
5307;62,62;-51,33;0,00;0,00;0,00;-0,05;0,00;0,00;277;114;96;34;24;399;861
5308;37,09;-284,35;0,00;0,00;0,00;-0,28;0,00;0,00;198;128;16;24;32;871;527
5309;46,29;-203,86;0,00;0,00;0,00;-0,20;0,00;0,00;338;53;130;47;22;580;504
5310;38,70;-302,73;0,00;0,00;0,00;-0,30;0,00;0,00;355;151;80;38;36;705;761
5311;45,27;-272,52;0,00;0,00;0,00;-0,27;0,00;0,00;484;124;154;38;17;872;858
5312;68,68;-9,18;0,00;0,00;0,00;-0,01;0,00;0,00;94;158;105;36;29;777;760
5313;38,46;-368,71;0,00;0,00;0,00;-0,37;0,00;0,00;77;170;93;31;30;698;286
5314;23,06;-478,24;0,00;0,00;0,00;-0,48;0,00;0,00;312;168;10;26;39;698;534
5315;64,63;-67,68;0,00;0,00;0,00;-0,07;0,00;0,00;212;46;55;30;39;404;732
5316;81,04;-15,87;0,00;0,00;0,00;-0,02;0,00;0,00;325;53;34;44;38;893;952
5317;80,72;96,05;0,00;0,00;0,00;0,10;0,00;0,00;10;175;152;31;24;267;260
5318;40,24;-344,13;0,00;0,00;0,00;-0,34;0,00;0,00;148;86;103;28;20;764;695
5319;84,73;139,52;0,00;0,00;0,00;0,14;0,00;0,00;12;189;33;46;24;292;866
5320;57,21;-128,44;0,00;0,00;0,00;-0,13;0,00;0,00;10;48;148;28;29;709;851
5321;55,46;-39,25;0,00;0,00;0,00;-0,04;0,00;0,00;339;130;110;42;15;982;418
5322;95,68;258,11;0,00;0,00;0,00;0,26;0,00;0,00;314;121;115;24;33;100;793
5323;66,06;-32,36;0,00;0,00;0,00;-0,03;0,00;0,00;363;70;112;10;15;456;297
5324;0,00;-731,18;0,00;0,00;0,00;-0,73;0,00;0,00;195;167;34;20;34;110;914
5325;58,60;-80,65;0,00;0,00;0,00;-0,08;0,00;0,00;495;130;178;46;20;852;720
5326;44,83;-355,35;0,00;0,00;0,00;-0,36;0,00;0,00;157;93;194;39;33;467;700
5327;70,71;-34,92;0,00;0,00;0,00;-0,03;0,00;0,00;411;21;46;46;27;513;194
5328;33,84;-324,65;0,00;0,00;0,00;-0,32;0,00;0,00;310;184;196;29;19;496;581
5329;90,68;251,49;0,00;0,00;0,00;0,25;0,00;0,00;287;123;178;47;38;792;981
5330;72,51;-37,92;0,00;0,00;0,00;-0,04;0,00;0,00;417;32;126;27;16;208;921
5331;13,72;-600,21;0,00;0,00;0,00;-0,60;0,00;0,00;28;188;127;24;33;715;996
5332;34,80;-355,89;0,00;0,00;0,00;-0,36;0,00;0,00;79;108;60;15;17;145;629
5333;35,42;-286,42;0,00;0,00;0,00;-0,29;0,00;0,00;295;68;102;12;33;568;715
5334;67,46;-2,80;0,00;0,00;0,00;-0,00;0,00;0,00;126;107;30;25;21;499;515
5335;38,32;-388,71;0,00;0,00;0,00;-0,39;0,00;0,00;71;188;112;32;32;633;520
5336;32,55;-363,86;0,00;0,00;0,00;-0,36;0,00;0,00;231;178;90;40;28;918;178
5337;53,95;-235,39;0,00;0,00;0,00;-0,24;0,00;0,00;215;14;157;14;20;671;951
5338;0,00;-714,95;0,00;0,00;0,00;-0,71;0,00;0,00;196;165;110;48;28;761;175
5339;63,46;-145,04;0,00;0,00;0,00;-0,15;0,00;0,00;269;144;58;15;36;350;275
5340;55,81;-128,24;0,00;0,00;0,00;-0,13;0,00;0,00;185;113;162;37;39;352;594
5341;44,65;-241,22;0,00;0,00;0,00;-0,24;0,00;0,00;340;121;160;37;38;414;563
5342;88,44;240,36;0,00;0,00;0,00;0,24;0,00;0,00;498;155;171;33;23;297;301
5343;83,48;137,49;0,00;0,00;0,00;0,14;0,00;0,00;178;43;189;13;23;783;946
5344;76,99;29,41;0,00;0,00;0,00;0,03;0,00;0,00;414;84;173;48;25;364;461
5345;37,08;-348,66;0,00;0,00;0,00;-0,35;0,00;0,00;38;149;10;19;18;374;502
5346;36,47;-325,24;0,00;0,00;0,00;-0,33;0,00;0,00;148;49;100;19;27;846;455
5347;57,35;-162,34;0,00;0,00;0,00;-0,16;0,00;0,00;353;138;90;47;36;894;164
5348;61,94;-55,72;0,00;0,00;0,00;-0,06;0,00;0,00;371;124;120;28;17;619;186
5349;52,53;-138,00;0,00;0,00;0,00;-0,14;0,00;0,00;10;133;44;26;23;673;525
5350;63,45;-121,47;0,00;0,00;0,00;-0,12;0,00;0,00;301;58;72;36;26;354;151
5351;35,06;-267,10;0,00;0,00;0,00;-0,27;0,00;0,00;209;175;172;42;15;455;933
5352;50,98;-257,44;0,00;0,00;0,00;-0,26;0,00;0,00;214;161;31;45;37;868;118
5353;53,84;-63,91;0,00;0,00;0,00;-0,06;0,00;0,00;117;127;191;44;17;201;896
5354;33,10;-367,91;0,00;0,00;0,00;-0,37;0,00;0,00;14;139;14;11;22;833;158
5355;0,00;-760,64;0,00;0,00;0,00;-0,76;0,00;0,00;193;75;174;47;36;519;527
5356;25,69;-424,62;0,00;0,00;0,00;-0,42;0,00;0,00;217;69;72;20;29;756;186
5357;42,39;-303,16;0,00;0,00;0,00;-0,30;0,00;0,00;300;103;165;16;18;893;717
5358;23,21;-538,85;0,00;0,00;0,00;-0,54;0,00;0,00;371;180;196;37;33;389;804
5359;52,75;-216,97;0,00;0,00;0,00;-0,22;0,00;0,00;220;126;22;47;27;117;357
5360;75,01;107,87;0,00;0,00;0,00;0,11;0,00;0,00;84;39;84;20;32;875;755
5361;23,22;-399,40;0,00;0,00;0,00;-0,40;0,00;0,00;190;71;34;36;36;870;563
5362;33,94;-424,15;0,00;0,00;0,00;-0,42;0,00;0,00;427;92;60;13;24;531;867
5363;33,81;-370,83;0,00;0,00;0,00;-0,37;0,00;0,00;186;143;100;47;21;836;463
5364;35,31;-422,48;0,00;0,00;0,00;-0,42;0,00;0,00;262;157;143;18;34;938;275
5365;55,65;-178,00;0,00;0,00;0,00;-0,18;0,00;0,00;470;133;75;37;23;157;711
5366;40,96;-235,53;0,00;0,00;0,00;-0,24;0,00;0,00;329;99;144;38;26;142;552
5367;86,48;84,94;0,00;0,00;0,00;0,08;0,00;0,00;18;159;99;31;30;559;336
5368;70,80;23,32;0,00;0,00;0,00;0,02;0,00;0,00;340;199;82;30;37;265;134
5369;84,96;153,82;0,00;0,00;0,00;0,15;0,00;0,00;148;101;191;25;25;572;538
5370;25,21;-419,85;0,00;0,00;0,00;-0,42;0,00;0,00;455;144;61;18;20;299;799
5371;76,96;65,90;0,00;0,00;0,00;0,07;0,00;0,00;359;14;44;25;29;488;511
5372;22,40;-496,69;0,00;0,00;0,00;-0,50;0,00;0,00;79;14;23;34;19;722;214
5373;66,26;3,95;0,00;0,00;0,00;0,00;0,00;0,00;21;74;58;49;28;973;968
5374;47,47;-332,04;0,00;0,00;0,00;-0,33;0,00;0,00;142;107;68;26;34;335;535
5375;64,88;-19,63;0,00;0,00;0,00;-0,02;0,00;0,00;114;11;179;23;38;672;379
5376;64,66;32,72;0,00;0,00;0,00;0,03;0,00;0,00;42;140;19;23;22;563;346
5377;18,21;-543,57;0,00;0,00;0,00;-0,54;0,00;0,00;430;15;114;18;24;766;289
5378;71,77;43,45;0,00;0,00;0,00;0,04;0,00;0,00;61;48;118;31;20;877;550
5379;58,55;-99,87;0,00;0,00;0,00;-0,10;0,00;0,00;464;120;189;15;37;531;546
5380;96,80;267,47;0,00;0,00;0,00;0,27;0,00;0,00;317;157;146;11;38;711;624
5381;31,24;-364,44;0,00;0,00;0,00;-0,36;0,00;0,00;258;92;83;34;36;943;449
5382;41,04;-267,19;0,00;0,00;0,00;-0,27;0,00;0,00;381;126;133;28;33;703;628
5383;89,02;239,05;0,00;0,00;0,00;0,24;0,00;0,00;195;44;41;46;30;457;923
5384;0,00;-648,22;0,00;0,00;0,00;-0,65;0,00;0,00;77;33;191;33;38;110;229
5385;50,87;-102,56;0,00;0,00;0,00;-0,10;0,00;0,00;182;138;158;46;39;548;713
5386;84,32;183,25;0,00;0,00;0,00;0,18;0,00;0,00;375;87;135;30;26;492;945
5387;34,19;-384,44;0,00;0,00;0,00;-0,38;0,00;0,00;293;180;148;47;16;503;601
5388;38,16;-285,26;0,00;0,00;0,00;-0,29;0,00;0,00;429;114;188;16;32;988;855
5389;36,00;-274,60;0,00;0,00;0,00;-0,27;0,00;0,00;24;157;98;20;29;761;779
5390;53,96;-51,37;0,00;0,00;0,00;-0,05;0,00;0,00;317;168;185;21;18;691;302
5391;55,00;-105,50;0,00;0,00;0,00;-0,11;0,00;0,00;235;182;149;24;39;607;945
5392;91,73;172,42;0,00;0,00;0,00;0,17;0,00;0,00;499;40;67;43;28;135;167
5393;69,96;-59,60;0,00;0,00;0,00;-0,06;0,00;0,00;160;166;93;46;32;622;880
5394;35,09;-382,07;0,00;0,00;0,00;-0,38;0,00;0,00;408;59;179;28;21;449;616
5395;44,86;-305,87;0,00;0,00;0,00;-0,31;0,00;0,00;321;135;143;20;26;901;438
5396;0,85;-678,15;0,00;0,00;0,00;-0,68;0,00;0,00;130;82;184;38;34;101;615
5397;14,65;-574,57;0,00;0,00;0,00;-0,57;0,00;0,00;466;10;174;31;34;383;390
5398;72,45;65,35;0,00;0,00;0,00;0,07;0,00;0,00;173;175;197;44;27;515;841
5399;41,28;-333,09;0,00;0,00;0,00;-0,33;0,00;0,00;365;94;150;48;36;151;487
5400;34,89;-312,24;0,00;0,00;0,00;-0,31;0,00;0,00;154;28;53;41;21;248;547
5401;84,18;67,08;0,00;0,00;0,00;0,07;0,00;0,00;346;173;93;30;36;706;570
5402;39,31;-340,33;0,00;0,00;0,00;-0,34;0,00;0,00;77;139;51;21;36;802;274
5403;89,68;136,21;0,00;0,00;0,00;0,14;0,00;0,00;92;28;80;32;20;568;776
5404;56,97;-121,51;0,00;0,00;0,00;-0,12;0,00;0,00;358;136;38;34;26;465;786
5405;53,24;-144,37;0,00;0,00;0,00;-0,14;0,00;0,00;64;179;62;19;18;897;650
5406;78,81;37,03;0,00;0,00;0,00;0,04;0,00;0,00;22;132;75;26;15;483;821
5407;44,77;-244,52;0,00;0,00;0,00;-0,24;0,00;0,00;243;138;44;17;34;322;594
5408;55,54;-156,53;0,00;0,00;0,00;-0,16;0,00;0,00;233;176;178;49;19;528;494
5409;45,31;-209,01;0,00;0,00;0,00;-0,21;0,00;0,00;96;21;40;47;25;310;850
5410;0,00;-726,77;0,00;0,00;0,00;-0,73;0,00;0,00;220;120;17;39;15;285;991
5411;84,75;134,39;0,00;0,00;0,00;0,13;0,00;0,00;378;112;95;43;31;119;931
5412;40,54;-359,92;0,00;0,00;0,00;-0,36;0,00;0,00;172;19;135;40;26;343;820
5413;32,88;-396,44;0,00;0,00;0,00;-0,40;0,00;0,00;239;25;51;14;17;106;343
5414;61,18;-79,33;0,00;0,00;0,00;-0,08;0,00;0,00;57;64;77;40;35;298;193
5415;67,61;-12,83;0,00;0,00;0,00;-0,01;0,00;0,00;474;193;36;34;19;426;224
5416;53,71;-109,07;0,00;0,00;0,00;-0,11;0,00;0,00;428;33;180;32;34;135;331
5417;47,68;-201,35;0,00;0,00;0,00;-0,20;0,00;0,00;225;63;148;26;25;494;165
5418;29,32;-355,92;0,00;0,00;0,00;-0,36;0,00;0,00;82;50;132;32;33;889;972
5419;57,16;-123,27;0,00;0,00;0,00;-0,12;0,00;0,00;363;99;143;29;39;764;497
5420;76,25;77,98;0,00;0,00;0,00;0,08;0,00;0,00;144;181;84;20;30;741;547
5421;34,64;-414,96;0,00;0,00;0,00;-0,41;0,00;0,00;23;98;179;44;17;394;359
5422;46,55;-307,21;0,00;0,00;0,00;-0,31;0,00;0,00;17;199;186;11;22;326;195
5423;76,47;18,96;0,00;0,00;0,00;0,02;0,00;0,00;307;73;175;42;20;952;610
5424;53,14;-139,21;0,00;0,00;0,00;-0,14;0,00;0,00;359;85;12;30;33;916;742
5425;80,71;127,68;0,00;0,00;0,00;0,13;0,00;0,00;236;66;181;39;16;215;115
5426;71,47;-19,95;0,00;0,00;0,00;-0,02;0,00;0,00;142;94;131;32;30;997;611
5427;34,13;-304,38;0,00;0,00;0,00;-0,30;0,00;0,00;26;108;166;47;27;733;711
5428;12,62;-598,01;0,00;0,00;0,00;-0,60;0,00;0,00;58;199;180;44;29;225;842
5429;65,06;-37,00;0,00;0,00;0,00;-0,04;0,00;0,00;420;30;104;27;26;383;780
5430;65,34;-105,97;0,00;0,00;0,00;-0,11;0,00;0,00;362;24;54;33;39;792;953
5431;76,12;87,22;0,00;0,00;0,00;0,09;0,00;0,00;404;87;35;46;30;113;650
5432;38,60;-391,75;0,00;0,00;0,00;-0,39;0,00;0,00;276;150;11;36;35;925;170
5433;94,77;239,89;0,00;0,00;0,00;0,24;0,00;0,00;208;22;47;28;18;816;353
5434;88,99;131,71;0,00;0,00;0,00;0,13;0,00;0,00;28;158;33;12;33;236;376
5435;59,61;-91,65;0,00;0,00;0,00;-0,09;0,00;0,00;358;64;190;46;36;457;671
5436;75,99;27,51;0,00;0,00;0,00;0,03;0,00;0,00;314;38;57;14;19;574;788
5437;84,07;107,10;0,00;0,00;0,00;0,11;0,00;0,00;153;121;68;34;31;250;129
5438;43,17;-243,28;0,00;0,00;0,00;-0,24;0,00;0,00;290;145;119;16;24;906;952
5439;47,37;-219,75;0,00;0,00;0,00;-0,22;0,00;0,00;479;42;125;25;30;470;947
5440;0,00;-674,47;0,00;0,00;0,00;-0,67;0,00;0,00;100;141;46;42;25;492;199
5441;81,81;172,45;0,00;0,00;0,00;0,17;0,00;0,00;419;194;177;37;28;464;618
5442;58,42;-214,76;0,00;0,00;0,00;-0,21;0,00;0,00;31;174;170;33;35;251;270
5443;47,99;-116,54;0,00;0,00;0,00;-0,12;0,00;0,00;459;148;45;13;28;146;462
5444;38,81;-258,85;0,00;0,00;0,00;-0,26;0,00;0,00;301;109;70;45;33;944;529
5445;42,04;-283,31;0,00;0,00;0,00;-0,28;0,00;0,00;118;81;71;33;38;849;987
5446;49,60;-148,62;0,00;0,00;0,00;-0,15;0,00;0,00;358;104;36;13;29;150;357
5447;40,36;-256,51;0,00;0,00;0,00;-0,26;0,00;0,00;13;52;95;36;36;148;157
5448;0,00;-683,94;0,00;0,00;0,00;-0,68;0,00;0,00;277;46;57;31;22;385;904
5449;72,58;45,00;0,00;0,00;0,00;0,05;0,00;0,00;99;68;57;27;32;645;553
5450;65,99;-19,63;0,00;0,00;0,00;-0,02;0,00;0,00;161;151;85;37;27;208;528
5451;50,57;-185,04;0,00;0,00;0,00;-0,19;0,00;0,00;443;148;85;20;20;824;914
5452;34,14;-390,84;0,00;0,00;0,00;-0,39;0,00;0,00;148;83;196;42;25;827;778
5453;53,08;-145,62;0,00;0,00;0,00;-0,15;0,00;0,00;489;96;74;43;31;951;824
5454;43,77;-243,85;0,00;0,00;0,00;-0,24;0,00;0,00;413;153;171;20;20;788;379
5455;50,91;-258,42;0,00;0,00;0,00;-0,26;0,00;0,00;181;62;134;12;31;976;742
5456;33,33;-486,34;0,00;0,00;0,00;-0,49;0,00;0,00;66;66;51;37;17;560;932
5457;58,38;-106,07;0,00;0,00;0,00;-0,11;0,00;0,00;244;63;192;21;18;849;269
5458;45,00;-271,26;0,00;0,00;0,00;-0,27;0,00;0,00;31;15;40;22;16;779;153
5459;82,74;190,83;0,00;0,00;0,00;0,19;0,00;0,00;322;115;126;41;15;739;981
5460;100,00;298,53;0,00;0,00;0,00;0,30;0,00;0,00;309;81;148;42;35;455;789
5461;43,19;-301,54;0,00;0,00;0,00;-0,30;0,00;0,00;257;103;152;14;34;167;806
5462;48,09;-192,36;0,00;0,00;0,00;-0,19;0,00;0,00;348;85;190;30;35;876;551
5463;28,35;-393,31;0,00;0,00;0,00;-0,39;0,00;0,00;455;119;49;17;24;308;286
5464;54,68;-190,19;0,00;0,00;0,00;-0,19;0,00;0,00;350;58;56;21;37;346;449
5465;9,58;-602,84;0,00;0,00;0,00;-0,60;0,00;0,00;485;30;19;48;32;591;625
5466;31,24;-428,19;0,00;0,00;0,00;-0,43;0,00;0,00;344;43;141;33;21;170;241
5467;50,74;-213,66;0,00;0,00;0,00;-0,21;0,00;0,00;159;75;95;15;34;157;913
5468;27,53;-496,66;0,00;0,00;0,00;-0,50;0,00;0,00;236;147;68;35;39;667;957
5469;17,78;-530,84;0,00;0,00;0,00;-0,53;0,00;0,00;438;127;120;37;38;747;823
5470;41,53;-245,36;0,00;0,00;0,00;-0,25;0,00;0,00;61;177;76;37;24;794;988
5471;69,27;-64,99;0,00;0,00;0,00;-0,06;0,00;0,00;214;90;98;37;36;767;126
5472;82,66;132,50;0,00;0,00;0,00;0,13;0,00;0,00;182;40;83;46;20;699;613
5473;4,41;-558,49;0,00;0,00;0,00;-0,56;0,00;0,00;236;99;92;20;30;178;156
5474;32,37;-411,82;0,00;0,00;0,00;-0,41;0,00;0,00;86;32;110;21;21;373;838
5475;44,93;-323,40;0,00;0,00;0,00;-0,32;0,00;0,00;54;109;86;31;37;636;518
5476;55,77;-129,41;0,00;0,00;0,00;-0,13;0,00;0,00;294;104;56;40;30;510;504
5477;91,30;197,12;0,00;0,00;0,00;0,20;0,00;0,00;433;14;113;48;28;614;885
5478;41,92;-221,25;0,00;0,00;0,00;-0,22;0,00;0,00;54;90;17;34;27;781;673
5479;20,36;-403,78;0,00;0,00;0,00;-0,40;0,00;0,00;145;47;84;28;20;404;951
5480;13,46;-611,51;0,00;0,00;0,00;-0,61;0,00;0,00;337;160;137;28;39;833;893
5481;100,00;189,33;0,00;0,00;0,00;0,19;0,00;0,00;58;181;81;44;35;833;403
5482;48,96;-228,37;0,00;0,00;0,00;-0,23;0,00;0,00;234;119;71;28;21;126;104
5483;85,12;146,80;0,00;0,00;0,00;0,15;0,00;0,00;354;50;91;34;35;667;569
5484;58,55;-164,95;0,00;0,00;0,00;-0,16;0,00;0,00;57;77;83;12;29;892;172
5485;18,18;-504,85;0,00;0,00;0,00;-0,50;0,00;0,00;72;109;36;13;21;412;611
5486;58,58;-142,94;0,00;0,00;0,00;-0,14;0,00;0,00;71;110;185;47;37;232;431
5487;40,49;-230,21;0,00;0,00;0,00;-0,23;0,00;0,00;60;148;125;31;22;339;881
5488;81,21;27,59;0,00;0,00;0,00;0,03;0,00;0,00;44;195;151;40;15;277;203
5489;30,49;-379,85;0,00;0,00;0,00;-0,38;0,00;0,00;171;48;63;21;30;702;290
5490;78,51;172,63;0,00;0,00;0,00;0,17;0,00;0,00;102;25;45;29;36;776;138
5491;47,76;-274,26;0,00;0,00;0,00;-0,27;0,00;0,00;340;25;139;45;17;873;293
5492;55,47;-93,00;0,00;0,00;0,00;-0,09;0,00;0,00;351;119;171;24;31;806;198
5493;88,83;235,99;0,00;0,00;0,00;0,24;0,00;0,00;419;198;163;47;23;656;821
5494;35,98;-365,04;0,00;0,00;0,00;-0,37;0,00;0,00;386;10;59;24;15;101;192
5495;70,35;0,52;0,00;0,00;0,00;0,00;0,00;0,00;155;35;98;20;29;582;225
5496;44,14;-198,06;0,00;0,00;0,00;-0,20;0,00;0,00;84;88;159;39;21;635;761
5497;38,86;-364,67;0,00;0,00;0,00;-0,36;0,00;0,00;96;21;157;41;36;732;615
5498;45,71;-224,58;0,00;0,00;0,00;-0,22;0,00;0,00;99;95;61;15;35;724;574
5499;34,98;-294,56;0,00;0,00;0,00;-0,29;0,00;0,00;83;124;130;20;20;807;137
5500;42,81;-352,40;0,00;0,00;0,00;-0,35;0,00;0,00;277;174;171;42;39;230;601
5501;44,85;-218,38;0,00;0,00;0,00;-0,22;0,00;0,00;88;180;195;11;38;221;411
5502;51,38;-198,01;0,00;0,00;0,00;-0,20;0,00;0,00;385;20;16;16;37;289;490
5503;41,13;-293,21;0,00;0,00;0,00;-0,29;0,00;0,00;228;144;71;28;32;437;215
5504;43,20;-186,11;0,00;0,00;0,00;-0,19;0,00;0,00;498;113;105;28;38;603;573
5505;61,47;-100,22;0,00;0,00;0,00;-0,10;0,00;0,00;241;181;88;46;28;192;750
5506;94,02;365,88;0,00;0,00;0,00;0,37;0,00;0,00;217;11;104;49;32;436;215
5507;66,91;-85,02;0,00;0,00;0,00;-0,09;0,00;0,00;111;96;91;35;34;247;496
5508;68,42;-79,78;0,00;0,00;0,00;-0,08;0,00;0,00;363;122;126;38;22;746;154
5509;71,87;86,26;0,00;0,00;0,00;0,09;0,00;0,00;481;128;122;32;32;434;123
5510;57,46;-103,17;0,00;0,00;0,00;-0,10;0,00;0,00;96;140;30;11;24;971;581
5511;0,00;-784,07;0,00;0,00;0,00;-0,78;0,00;0,00;281;101;144;46;26;932;450
5512;39,68;-321,96;0,00;0,00;0,00;-0,32;0,00;0,00;151;30;55;30;35;966;289
5513;54,55;-131,02;0,00;0,00;0,00;-0,13;0,00;0,00;230;168;41;20;39;191;239
5514;20,44;-486,83;0,00;0,00;0,00;-0,49;0,00;0,00;338;98;138;38;34;646;330
5515;52,11;-108,20;0,00;0,00;0,00;-0,11;0,00;0,00;380;195;15;43;35;823;998
5516;8,96;-659,93;0,00;0,00;0,00;-0,66;0,00;0,00;157;10;179;10;19;287;931
5517;93,54;205,01;0,00;0,00;0,00;0,21;0,00;0,00;149;46;82;46;28;224;986
5518;80,42;142,69;0,00;0,00;0,00;0,14;0,00;0,00;22;15;46;29;21;689;965
5519;37,99;-244,54;0,00;0,00;0,00;-0,24;0,00;0,00;488;59;89;15;35;117;169
5520;100,00;189,87;0,00;0,00;0,00;0,19;0,00;0,00;215;100;93;16;19;139;362
5521;67,80;-100,14;0,00;0,00;0,00;-0,10;0,00;0,00;459;184;43;13;38;431;535
5522;40,78;-303,18;0,00;0,00;0,00;-0,30;0,00;0,00;282;35;184;22;18;912;553
5523;56,76;-96,33;0,00;0,00;0,00;-0,10;0,00;0,00;460;152;171;10;25;442;614
5524;91,47;143,47;0,00;0,00;0,00;0,14;0,00;0,00;353;150;87;39;25;385;173
5525;71,59;-34,66;0,00;0,00;0,00;-0,03;0,00;0,00;175;163;117;32;15;356;728
5526;20,87;-511,71;0,00;0,00;0,00;-0,51;0,00;0,00;194;81;87;44;30;614;712
5527;29,95;-371,85;0,00;0,00;0,00;-0,37;0,00;0,00;401;22;91;49;39;517;867
5528;45,02;-209,67;0,00;0,00;0,00;-0,21;0,00;0,00;75;186;143;12;37;619;995
5529;35,13;-420,09;0,00;0,00;0,00;-0,42;0,00;0,00;312;34;168;25;31;141;312
5530;90,94;143,77;0,00;0,00;0,00;0,14;0,00;0,00;224;168;59;45;32;513;557
5531;73,44;60,74;0,00;0,00;0,00;0,06;0,00;0,00;148;59;123;37;24;184;109
5532;50,33;-201,78;0,00;0,00;0,00;-0,20;0,00;0,00;79;76;164;20;26;930;190
5533;66,23;-97,17;0,00;0,00;0,00;-0,10;0,00;0,00;263;116;66;38;15;633;359
5534;73,58;12,92;0,00;0,00;0,00;0,01;0,00;0,00;251;186;132;44;28;604;583
5535;85,54;129,40;0,00;0,00;0,00;0,13;0,00;0,00;288;79;115;28;25;802;724
5536;49,85;-106,04;0,00;0,00;0,00;-0,11;0,00;0,00;33;171;174;35;36;151;390
5537;61,60;-181,46;0,00;0,00;0,00;-0,18;0,00;0,00;193;99;199;12;39;434;786
5538;70,25;23,46;0,00;0,00;0,00;0,02;0,00;0,00;241;154;47;31;19;164;811
5539;41,34;-164,78;0,00;0,00;0,00;-0,16;0,00;0,00;418;30;110;47;19;222;752
5540;65,13;-38,42;0,00;0,00;0,00;-0,04;0,00;0,00;188;50;126;17;33;575;539
5541;25,02;-433,59;0,00;0,00;0,00;-0,43;0,00;0,00;49;134;158;15;36;351;458
5542;36,52;-346,40;0,00;0,00;0,00;-0,35;0,00;0,00;39;181;25;47;22;254;688
5543;76,06;85,56;0,00;0,00;0,00;0,09;0,00;0,00;386;195;179;22;21;414;681
5544;97,77;321,76;0,00;0,00;0,00;0,32;0,00;0,00;50;65;169;27;19;135;270
5545;68,20;45,57;0,00;0,00;0,00;0,05;0,00;0,00;287;160;155;25;18;844;677
5546;52,04;-139,31;0,00;0,00;0,00;-0,14;0,00;0,00;282;161;62;26;28;485;731
5547;35,19;-400,76;0,00;0,00;0,00;-0,40;0,00;0,00;157;143;143;37;36;317;926
5548;77,21;53,10;0,00;0,00;0,00;0,05;0,00;0,00;115;71;156;31;15;699;830
5549;51,10;-210,48;0,00;0,00;0,00;-0,21;0,00;0,00;67;26;105;45;31;944;524
5550;44,45;-311,85;0,00;0,00;0,00;-0,31;0,00;0,00;435;168;134;31;16;944;539
5551;82,90;240,95;0,00;0,00;0,00;0,24;0,00;0,00;402;136;55;18;37;544;998
5552;35,22;-324,05;0,00;0,00;0,00;-0,32;0,00;0,00;211;62;192;37;32;989;413
5553;25,15;-516,11;0,00;0,00;0,00;-0,52;0,00;0,00;340;179;32;19;29;922;751
5554;52,87;-175,70;0,00;0,00;0,00;-0,18;0,00;0,00;322;155;52;23;38;370;581
5555;55,84;-203,08;0,00;0,00;0,00;-0,20;0,00;0,00;368;36;167;44;37;137;519
5556;42,89;-333,09;0,00;0,00;0,00;-0,33;0,00;0,00;497;64;47;14;35;391;710
5557;13,95;-565,72;0,00;0,00;0,00;-0,57;0,00;0,00;10;23;155;48;31;171;633
5558;30,69;-411,12;0,00;0,00;0,00;-0,41;0,00;0,00;172;99;98;21;20;989;346
5559;84,64;183,36;0,00;0,00;0,00;0,18;0,00;0,00;472;141;186;20;19;403;531
5560;69,06;-3,84;0,00;0,00;0,00;-0,00;0,00;0,00;349;35;46;40;32;139;826
5561;28,62;-427,44;0,00;0,00;0,00;-0,43;0,00;0,00;124;172;101;41;17;883;471
5562;43,04;-327,63;0,00;0,00;0,00;-0,33;0,00;0,00;433;187;105;42;30;593;934
5563;70,26;-24,19;0,00;0,00;0,00;-0,02;0,00;0,00;315;146;81;19;24;708;830
5564;44,14;-353,28;0,00;0,00;0,00;-0,35;0,00;0,00;468;192;136;22;29;620;251
5565;40,94;-310,01;0,00;0,00;0,00;-0,31;0,00;0,00;31;97;173;31;32;389;695
5566;69,35;56,18;0,00;0,00;0,00;0,06;0,00;0,00;221;192;176;10;26;760;838
5567;42,90;-363,40;0,00;0,00;0,00;-0,36;0,00;0,00;33;169;17;15;24;976;248
5568;35,66;-390,26;0,00;0,00;0,00;-0,39;0,00;0,00;56;144;152;11;32;530;422
5569;31,96;-416,34;0,00;0,00;0,00;-0,42;0,00;0,00;100;94;190;12;37;616;464
5570;62,10;-6,66;0,00;0,00;0,00;-0,01;0,00;0,00;100;63;77;46;18;283;548
5571;70,38;24,63;0,00;0,00;0,00;0,02;0,00;0,00;100;93;79;33;27;806;482
5572;29,30;-420,28;0,00;0,00;0,00;-0,42;0,00;0,00;302;58;120;30;21;571;834
5573;25,16;-475,66;0,00;0,00;0,00;-0,48;0,00;0,00;362;85;188;48;21;351;370
5574;82,56;150,34;0,00;0,00;0,00;0,15;0,00;0,00;170;113;168;32;30;522;983
5575;35,91;-394,21;0,00;0,00;0,00;-0,39;0,00;0,00;226;54;133;44;26;443;117
5576;82,69;144,48;0,00;0,00;0,00;0,14;0,00;0,00;75;110;37;36;36;113;683
5577;61,35;-161,79;0,00;0,00;0,00;-0,16;0,00;0,00;206;194;49;46;22;820;218
5578;37,10;-397,81;0,00;0,00;0,00;-0,40;0,00;0,00;236;158;87;18;34;600;942
5579;57,70;-126,68;0,00;0,00;0,00;-0,13;0,00;0,00;194;183;31;43;27;135;554
5580;57,34;-109,12;0,00;0,00;0,00;-0,11;0,00;0,00;353;124;29;37;21;536;468
5581;90,71;139,30;0,00;0,00;0,00;0,14;0,00;0,00;394;141;12;26;33;776;478
5582;5,24;-576,52;0,00;0,00;0,00;-0,58;0,00;0,00;197;148;188;34;28;538;182
5583;44,80;-143,48;0,00;0,00;0,00;-0,14;0,00;0,00;211;29;116;41;21;879;239
5584;56,43;-236,48;0,00;0,00;0,00;-0,24;0,00;0,00;254;43;90;27;36;929;483
5585;96,87;294,69;0,00;0,00;0,00;0,29;0,00;0,00;338;85;186;43;31;786;231
5586;42,21;-317,02;0,00;0,00;0,00;-0,32;0,00;0,00;254;193;199;25;25;109;501
5587;45,81;-213,41;0,00;0,00;0,00;-0,21;0,00;0,00;391;106;185;36;15;408;150
5588;78,06;36,53;0,00;0,00;0,00;0,04;0,00;0,00;223;86;26;21;16;752;401
5589;65,73;-49,54;0,00;0,00;0,00;-0,05;0,00;0,00;471;72;166;20;22;821;561
5590;0,00;-785,80;0,00;0,00;0,00;-0,79;0,00;0,00;24;115;99;45;31;641;183
5591;27,12;-459,74;0,00;0,00;0,00;-0,46;0,00;0,00;243;34;194;34;26;754;982
5592;25,71;-471,12;0,00;0,00;0,00;-0,47;0,00;0,00;102;26;16;47;29;130;292
5593;43,69;-253,46;0,00;0,00;0,00;-0,25;0,00;0,00;163;79;90;30;16;903;213
5594;100,00;322,38;0,00;0,00;0,00;0,32;0,00;0,00;293;190;81;46;17;961;684
5595;56,78;-209,81;0,00;0,00;0,00;-0,21;0,00;0,00;350;12;158;10;19;170;118
5596;32,83;-391,22;0,00;0,00;0,00;-0,39;0,00;0,00;240;16;107;38;34;771;561
5597;67,54;-107,03;0,00;0,00;0,00;-0,11;0,00;0,00;297;37;58;45;21;878;990
5598;0,00;-698,31;0,00;0,00;0,00;-0,70;0,00;0,00;194;189;59;29;33;138;485
5599;5,00;-605,74;0,00;0,00;0,00;-0,61;0,00;0,00;10;61;111;46;25;562;535
5600;23,90;-434,21;0,00;0,00;0,00;-0,43;0,00;0,00;449;43;107;41;39;990;870
5601;8,23;-568,49;0,00;0,00;0,00;-0,57;0,00;0,00;178;52;132;22;39;122;165
5602;13,66;-484,14;0,00;0,00;0,00;-0,48;0,00;0,00;213;149;195;41;33;801;460
5603;47,96;-266,08;0,00;0,00;0,00;-0,27;0,00;0,00;477;75;96;42;22;437;582
5604;51,32;-171,44;0,00;0,00;0,00;-0,17;0,00;0,00;117;122;19;12;24;798;545
5605;67,66;-1,35;0,00;0,00;0,00;-0,00;0,00;0,00;277;27;164;44;34;613;808
5606;58,74;-145,56;0,00;0,00;0,00;-0,15;0,00;0,00;390;41;140;40;34;396;809
5607;90,14;161,57;0,00;0,00;0,00;0,16;0,00;0,00;250;22;74;13;18;843;545
5608;64,65;-27,98;0,00;0,00;0,00;-0,03;0,00;0,00;39;135;143;22;16;467;589
5609;100,00;263,38;0,00;0,00;0,00;0,26;0,00;0,00;145;57;113;47;28;976;824
5610;63,52;-37,96;0,00;0,00;0,00;-0,04;0,00;0,00;193;90;38;19;23;206;740
5611;94,81;236,91;0,00;0,00;0,00;0,24;0,00;0,00;322;167;139;18;20;727;160
5612;0,00;-706,96;0,00;0,00;0,00;-0,71;0,00;0,00;391;30;89;12;28;401;377
5613;36,04;-358,49;0,00;0,00;0,00;-0,36;0,00;0,00;355;17;91;17;17;881;605
5614;42,83;-253,34;0,00;0,00;0,00;-0,25;0,00;0,00;33;31;85;35;26;218;583
5615;43,73;-229,95;0,00;0,00;0,00;-0,23;0,00;0,00;356;166;114;44;31;211;293
5616;59,44;-119,30;0,00;0,00;0,00;-0,12;0,00;0,00;12;78;23;45;33;785;187
5617;64,46;-42,57;0,00;0,00;0,00;-0,04;0,00;0,00;319;163;18;18;26;222;882
5618;19,59;-455,87;0,00;0,00;0,00;-0,46;0,00;0,00;202;65;181;34;34;863;457
5619;40,65;-259,61;0,00;0,00;0,00;-0,26;0,00;0,00;114;154;175;49;29;804;497
5620;84,39;43,77;0,00;0,00;0,00;0,04;0,00;0,00;103;100;154;23;30;666;607
5621;35,84;-378,01;0,00;0,00;0,00;-0,38;0,00;0,00;353;149;174;25;25;937;545
5622;7,87;-730,35;0,00;0,00;0,00;-0,73;0,00;0,00;407;95;154;19;31;540;279
5623;29,54;-404,95;0,00;0,00;0,00;-0,40;0,00;0,00;491;151;117;24;33;474;432
5624;73,40;49,31;0,00;0,00;0,00;0,05;0,00;0,00;164;137;26;37;39;388;998
5625;46,43;-319,28;0,00;0,00;0,00;-0,32;0,00;0,00;410;76;130;23;33;251;692
5626;25,96;-523,67;0,00;0,00;0,00;-0,52;0,00;0,00;358;57;170;47;23;689;583
5627;28,13;-450,59;0,00;0,00;0,00;-0,45;0,00;0,00;274;14;123;35;16;757;862
5628;93,67;193,61;0,00;0,00;0,00;0,19;0,00;0,00;92;187;98;45;34;667;469
5629;42,03;-267,63;0,00;0,00;0,00;-0,27;0,00;0,00;325;97;165;27;30;299;149
5630;54,81;-234,33;0,00;0,00;0,00;-0,23;0,00;0,00;460;99;142;41;26;109;535
5631;91,99;177,88;0,00;0,00;0,00;0,18;0,00;0,00;253;153;52;15;32;826;693
5632;26,55;-441,77;0,00;0,00;0,00;-0,44;0,00;0,00;382;47;117;12;15;278;856
5633;100,00;324,06;0,00;0,00;0,00;0,32;0,00;0,00;312;168;42;23;36;583;447
5634;56,18;-96,15;0,00;0,00;0,00;-0,10;0,00;0,00;81;68;29;34;24;394;127
5635;46,35;-270,40;0,00;0,00;0,00;-0,27;0,00;0,00;427;133;91;49;20;223;530
5636;48,32;-207,09;0,00;0,00;0,00;-0,21;0,00;0,00;318;62;140;37;16;337;418
5637;28,40;-353,83;0,00;0,00;0,00;-0,35;0,00;0,00;224;128;131;37;28;235;919
5638;54,60;-5,22;0,00;0,00;0,00;-0,01;0,00;0,00;87;126;63;27;21;165;822
5639;42,96;-273,76;0,00;0,00;0,00;-0,27;0,00;0,00;173;112;39;13;20;470;201
5640;25,22;-410,27;0,00;0,00;0,00;-0,41;0,00;0,00;252;134;78;33;15;602;905
5641;57,41;33,04;0,00;0,00;0,00;0,03;0,00;0,00;68;172;123;11;31;122;142
5642;42,27;-319,95;0,00;0,00;0,00;-0,32;0,00;0,00;205;155;163;10;20;842;211
5643;61,34;-98,54;0,00;0,00;0,00;-0,10;0,00;0,00;219;121;117;26;33;370;546
5644;69,29;47,49;0,00;0,00;0,00;0,05;0,00;0,00;273;111;132;16;18;695;877
5645;19,88;-562,44;0,00;0,00;0,00;-0,56;0,00;0,00;346;89;150;28;38;863;661
5646;69,06;-53,18;0,00;0,00;0,00;-0,05;0,00;0,00;475;32;129;11;16;375;965
5647;27,60;-452,73;0,00;0,00;0,00;-0,45;0,00;0,00;469;109;68;22;32;856;427
5648;70,51;-119,81;0,00;0,00;0,00;-0,12;0,00;0,00;263;177;178;29;34;841;937
5649;19,37;-512,06;0,00;0,00;0,00;-0,51;0,00;0,00;72;180;157;29;27;109;696
5650;56,50;-99,76;0,00;0,00;0,00;-0,10;0,00;0,00;369;102;100;40;37;716;921
5651;50,47;-203,28;0,00;0,00;0,00;-0,20;0,00;0,00;60;172;198;36;19;486;539
5652;50,78;-188,99;0,00;0,00;0,00;-0,19;0,00;0,00;226;96;51;35;17;303;339
5653;10,16;-584,45;0,00;0,00;0,00;-0,58;0,00;0,00;351;15;102;22;37;445;205
5654;33,63;-399,49;0,00;0,00;0,00;-0,40;0,00;0,00;24;106;196;11;17;434;996
5655;16,29;-501,28;0,00;0,00;0,00;-0,50;0,00;0,00;487;66;34;30;16;964;505
5656;42,77;-279,09;0,00;0,00;0,00;-0,28;0,00;0,00;168;177;127;16;16;252;200
5657;72,22;61,92;0,00;0,00;0,00;0,06;0,00;0,00;192;117;179;42;26;917;872
5658;74,45;97,34;0,00;0,00;0,00;0,10;0,00;0,00;414;194;64;11;17;733;700
5659;23,05;-504,06;0,00;0,00;0,00;-0,50;0,00;0,00;368;93;28;35;39;387;419
5660;69,73;52,29;0,00;0,00;0,00;0,05;0,00;0,00;339;79;125;21;26;112;849
5661;42,62;-168,87;0,00;0,00;0,00;-0,17;0,00;0,00;48;120;55;44;32;849;965
5662;28,24;-528,58;0,00;0,00;0,00;-0,53;0,00;0,00;460;190;19;33;37;607;724
5663;44,03;-273,96;0,00;0,00;0,00;-0,27;0,00;0,00;228;118;96;31;22;546;705
5664;63,88;-43,87;0,00;0,00;0,00;-0,04;0,00;0,00;454;154;64;19;36;693;804
5665;82,51;152,50;0,00;0,00;0,00;0,15;0,00;0,00;113;106;157;23;17;765;374
5666;27,44;-418,09;0,00;0,00;0,00;-0,42;0,00;0,00;328;78;59;27;23;331;837
5667;81,84;118,22;0,00;0,00;0,00;0,12;0,00;0,00;327;162;145;21;37;817;249
5668;8,46;-610,53;0,00;0,00;0,00;-0,61;0,00;0,00;185;185;103;36;19;455;200
5669;67,11;21,28;0,00;0,00;0,00;0,02;0,00;0,00;389;160;53;44;31;141;378
5670;33,86;-350,00;0,00;0,00;0,00;-0,35;0,00;0,00;144;110;132;41;24;854;537
5671;28,15;-387,44;0,00;0,00;0,00;-0,39;0,00;0,00;173;25;195;43;36;662;910
5672;53,36;-149,55;0,00;0,00;0,00;-0,15;0,00;0,00;92;33;56;23;24;138;407
5673;27,76;-501,98;0,00;0,00;0,00;-0,50;0,00;0,00;345;144;156;45;19;245;295
5674;31,66;-457,73;0,00;0,00;0,00;-0,46;0,00;0,00;80;109;63;33;18;465;305
5675;21,53;-478,42;0,00;0,00;0,00;-0,48;0,00;0,00;213;181;136;21;32;512;376
5676;4,37;-635,24;0,00;0,00;0,00;-0,64;0,00;0,00;91;114;147;20;24;380;460
5677;28,78;-561,29;0,00;0,00;0,00;-0,56;0,00;0,00;56;14;102;26;15;481;241
5678;79,54;21,40;0,00;0,00;0,00;0,02;0,00;0,00;396;44;70;36;35;838;171
5679;69,27;95,45;0,00;0,00;0,00;0,10;0,00;0,00;210;47;117;28;30;861;135
5680;28,98;-321,10;0,00;0,00;0,00;-0,32;0,00;0,00;349;81;29;49;34;978;204
5681;47,13;-342,96;0,00;0,00;0,00;-0,34;0,00;0,00;481;168;190;22;27;727;538
5682;39,08;-304,89;0,00;0,00;0,00;-0,30;0,00;0,00;472;156;115;16;36;435;926
5683;88,01;269,25;0,00;0,00;0,00;0,27;0,00;0,00;348;110;183;48;19;226;415
5684;16,08;-575,23;0,00;0,00;0,00;-0,58;0,00;0,00;315;88;51;23;27;815;997
5685;27,56;-307,70;0,00;0,00;0,00;-0,31;0,00;0,00;214;130;126;33;39;392;987
5686;53,61;-195,93;0,00;0,00;0,00;-0,20;0,00;0,00;304;126;179;45;22;811;791
5687;0,00;-766,84;0,00;0,00;0,00;-0,77;0,00;0,00;84;174;71;14;18;611;563
5688;29,28;-502,26;0,00;0,00;0,00;-0,50;0,00;0,00;431;170;32;30;32;371;213
5689;31,67;-374,88;0,00;0,00;0,00;-0,37;0,00;0,00;386;139;171;22;27;765;219
5690;24,43;-413,50;0,00;0,00;0,00;-0,41;0,00;0,00;287;20;60;45;21;119;970
5691;51,24;-135,50;0,00;0,00;0,00;-0,14;0,00;0,00;263;146;186;11;26;976;839
5692;45,32;-255,06;0,00;0,00;0,00;-0,26;0,00;0,00;372;125;106;33;35;307;804
5693;30,67;-366,96;0,00;0,00;0,00;-0,37;0,00;0,00;315;83;135;38;29;961;909
5694;87,08;207,04;0,00;0,00;0,00;0,21;0,00;0,00;411;146;22;11;20;882;420
5695;27,57;-424,65;0,00;0,00;0,00;-0,42;0,00;0,00;442;58;91;27;34;493;567
5696;57,84;-115,30;0,00;0,00;0,00;-0,12;0,00;0,00;268;90;154;31;34;233;346
5697;72,81;-83,22;0,00;0,00;0,00;-0,08;0,00;0,00;153;46;74;41;38;123;916
5698;65,13;-165,01;0,00;0,00;0,00;-0,17;0,00;0,00;190;39;38;43;18;650;701
5699;76,14;32,58;0,00;0,00;0,00;0,03;0,00;0,00;362;133;54;15;31;259;639
5700;86,52;113,49;0,00;0,00;0,00;0,11;0,00;0,00;350;143;38;30;18;809;578
5701;57,50;-132,77;0,00;0,00;0,00;-0,13;0,00;0,00;286;89;29;25;15;886;417
5702;62,70;-104,93;0,00;0,00;0,00;-0,10;0,00;0,00;489;78;55;18;18;333;458
5703;44,72;-223,83;0,00;0,00;0,00;-0,22;0,00;0,00;439;71;54;18;22;903;715
5704;84,10;238,05;0,00;0,00;0,00;0,24;0,00;0,00;52;17;150;29;19;609;220
5705;33,32;-304,04;0,00;0,00;0,00;-0,30;0,00;0,00;264;39;78;49;34;398;448
5706;13,45;-586,78;0,00;0,00;0,00;-0,59;0,00;0,00;181;38;161;18;16;278;158
5707;44,85;-270,25;0,00;0,00;0,00;-0,27;0,00;0,00;192;180;24;45;19;615;308
5708;77,20;22,26;0,00;0,00;0,00;0,02;0,00;0,00;214;92;88;31;25;688;786
5709;35,37;-265,03;0,00;0,00;0,00;-0,27;0,00;0,00;399;14;93;44;22;908;432
5710;69,36;-39,97;0,00;0,00;0,00;-0,04;0,00;0,00;250;130;35;19;32;140;884
5711;20,55;-518,23;0,00;0,00;0,00;-0,52;0,00;0,00;222;60;126;36;24;664;641
5712;53,40;-89,85;0,00;0,00;0,00;-0,09;0,00;0,00;283;50;91;42;38;172;788
5713;32,44;-373,76;0,00;0,00;0,00;-0,37;0,00;0,00;479;10;114;36;22;896;281
5714;65,14;-89,23;0,00;0,00;0,00;-0,09;0,00;0,00;115;160;160;28;39;929;851
5715;0,00;-671,84;0,00;0,00;0,00;-0,67;0,00;0,00;313;117;195;46;36;311;475
5716;37,07;-384,55;0,00;0,00;0,00;-0,38;0,00;0,00;95;169;92;21;35;137;562
5717;21,23;-431,52;0,00;0,00;0,00;-0,43;0,00;0,00;179;117;41;27;27;297;376
5718;47,31;-275,05;0,00;0,00;0,00;-0,28;0,00;0,00;313;67;106;31;22;819;254
5719;69,03;-28,30;0,00;0,00;0,00;-0,03;0,00;0,00;142;76;81;35;24;796;337
5720;11,24;-573,93;0,00;0,00;0,00;-0,57;0,00;0,00;246;174;52;31;39;877;928
5721;55,03;-222,81;0,00;0,00;0,00;-0,22;0,00;0,00;216;27;95;45;23;272;428
5722;36,70;-283,22;0,00;0,00;0,00;-0,28;0,00;0,00;33;166;11;35;24;791;588
5723;26,28;-478,70;0,00;0,00;0,00;-0,48;0,00;0,00;435;105;175;10;22;840;130
5724;70,59;13,13;0,00;0,00;0,00;0,01;0,00;0,00;61;144;50;31;19;870;768
5725;20,45;-416,94;0,00;0,00;0,00;-0,42;0,00;0,00;471;156;194;18;24;403;787
5726;59,84;-42,49;0,00;0,00;0,00;-0,04;0,00;0,00;136;132;86;18;32;527;772
5727;96,66;205,23;0,00;0,00;0,00;0,21;0,00;0,00;23;12;35;41;16;670;631
5728;53,32;-171,69;0,00;0,00;0,00;-0,17;0,00;0,00;227;65;153;23;27;238;546
5729;77,94;34,97;0,00;0,00;0,00;0,03;0,00;0,00;202;70;114;39;18;764;432
5730;58,47;-124,51;0,00;0,00;0,00;-0,12;0,00;0,00;68;61;39;39;34;338;134
5731;35,92;-372,83;0,00;0,00;0,00;-0,37;0,00;0,00;164;157;145;15;27;380;563
5732;57,03;-189,13;0,00;0,00;0,00;-0,19;0,00;0,00;99;57;180;36;33;812;829
5733;16,17;-545,39;0,00;0,00;0,00;-0,55;0,00;0,00;232;21;86;10;35;447;810
5734;90,63;230,72;0,00;0,00;0,00;0,23;0,00;0,00;158;21;63;11;28;450;140
5735;100,00;274,65;0,00;0,00;0,00;0,27;0,00;0,00;216;108;15;21;23;772;843
5736;66,65;-31,24;0,00;0,00;0,00;-0,03;0,00;0,00;58;60;186;15;36;687;909
5737;23,96;-566,07;0,00;0,00;0,00;-0,57;0,00;0,00;123;122;122;13;17;639;367
5738;13,30;-588,67;0,00;0,00;0,00;-0,59;0,00;0,00;393;83;68;15;33;918;676
5739;44,23;-144,00;0,00;0,00;0,00;-0,14;0,00;0,00;27;59;88;32;17;978;427
5740;55,77;-187,28;0,00;0,00;0,00;-0,19;0,00;0,00;350;103;38;10;16;698;939
5741;26,61;-381,19;0,00;0,00;0,00;-0,38;0,00;0,00;200;125;156;19;21;580;665
5742;53,29;-100,44;0,00;0,00;0,00;-0,10;0,00;0,00;440;16;109;37;32;580;764
5743;53,03;-139,99;0,00;0,00;0,00;-0,14;0,00;0,00;327;102;98;40;34;525;255
5744;20,17;-472,87;0,00;0,00;0,00;-0,47;0,00;0,00;325;97;178;46;15;631;846
5745;51,52;-224,03;0,00;0,00;0,00;-0,22;0,00;0,00;206;152;77;49;30;300;958
5746;55,72;-129,99;0,00;0,00;0,00;-0,13;0,00;0,00;156;88;198;16;27;336;898
5747;49,45;-197,74;0,00;0,00;0,00;-0,20;0,00;0,00;483;169;97;28;18;635;213
5748;71,45;120,83;0,00;0,00;0,00;0,12;0,00;0,00;376;177;43;12;31;212;139
5749;59,23;-29,09;0,00;0,00;0,00;-0,03;0,00;0,00;101;99;102;19;21;915;240
5750;46,17;-252,91;0,00;0,00;0,00;-0,25;0,00;0,00;384;29;153;29;27;799;728
5751;27,66;-421,10;0,00;0,00;0,00;-0,42;0,00;0,00;255;93;130;46;29;200;679
5752;16,65;-472,72;0,00;0,00;0,00;-0,47;0,00;0,00;48;132;43;36;35;182;555
5753;83,78;90,98;0,00;0,00;0,00;0,09;0,00;0,00;382;128;39;10;15;392;973
5754;74,77;12,73;0,00;0,00;0,00;0,01;0,00;0,00;158;146;52;36;27;609;760
5755;62,16;-133,60;0,00;0,00;0,00;-0,13;0,00;0,00;464;18;27;13;36;425;726
5756;63,43;27,59;0,00;0,00;0,00;0,03;0,00;0,00;33;160;104;12;39;785;131
5757;73,83;78,20;0,00;0,00;0,00;0,08;0,00;0,00;174;161;116;31;37;769;514
5758;55,44;-139,19;0,00;0,00;0,00;-0,14;0,00;0,00;229;92;57;10;32;183;628
5759;51,25;-276,55;0,00;0,00;0,00;-0,28;0,00;0,00;176;102;189;14;35;271;132
5760;22,74;-466,09;0,00;0,00;0,00;-0,47;0,00;0,00;379;93;47;24;32;443;626
5761;31,55;-376,42;0,00;0,00;0,00;-0,38;0,00;0,00;233;34;170;46;30;709;731
5762;36,01;-348,67;0,00;0,00;0,00;-0,35;0,00;0,00;368;27;139;40;36;444;391
5763;59,15;-97,41;0,00;0,00;0,00;-0,10;0,00;0,00;285;110;120;36;25;828;222
5764;43,10;-223,39;0,00;0,00;0,00;-0,22;0,00;0,00;69;34;84;21;38;354;380
5765;95,75;253,15;0,00;0,00;0,00;0,25;0,00;0,00;387;118;16;24;19;972;893
5766;89,25;200,12;0,00;0,00;0,00;0,20;0,00;0,00;161;154;94;33;34;810;812
5767;47,19;-151,97;0,00;0,00;0,00;-0,15;0,00;0,00;282;165;66;46;33;737;362
5768;57,79;-102,22;0,00;0,00;0,00;-0,10;0,00;0,00;151;190;147;47;31;830;692
5769;50,48;-209,16;0,00;0,00;0,00;-0,21;0,00;0,00;462;69;49;19;24;989;494
5770;59,74;-121,69;0,00;0,00;0,00;-0,12;0,00;0,00;460;56;144;36;15;169;848
5771;55,40;-150,06;0,00;0,00;0,00;-0,15;0,00;0,00;296;71;163;48;35;699;491
5772;46,71;-222,89;0,00;0,00;0,00;-0,22;0,00;0,00;478;98;56;11;26;365;295
5773;58,19;-113,09;0,00;0,00;0,00;-0,11;0,00;0,00;245;83;131;29;21;646;380
5774;81,84;137,11;0,00;0,00;0,00;0,14;0,00;0,00;285;172;69;35;19;791;956
5775;0,00;-795,11;0,00;0,00;0,00;-0,80;0,00;0,00;345;47;16;39;39;128;992
5776;39,92;-290,84;0,00;0,00;0,00;-0,29;0,00;0,00;470;10;111;40;32;390;784
5777;27,43;-419,88;0,00;0,00;0,00;-0,42;0,00;0,00;156;156;107;43;26;876;684
5778;75,01;-25,52;0,00;0,00;0,00;-0,03;0,00;0,00;372;166;125;19;17;354;588
5779;48,31;-166,05;0,00;0,00;0,00;-0,17;0,00;0,00;278;156;21;24;17;331;799
5780;13,26;-532,41;0,00;0,00;0,00;-0,53;0,00;0,00;341;21;14;28;21;565;268
5781;21,89;-540,10;0,00;0,00;0,00;-0,54;0,00;0,00;66;18;83;39;28;966;407
5782;48,08;-203,75;0,00;0,00;0,00;-0,20;0,00;0,00;139;41;94;37;37;264;224
5783;68,21;-76,38;0,00;0,00;0,00;-0,08;0,00;0,00;131;181;51;29;19;547;746
5784;79,68;40,83;0,00;0,00;0,00;0,04;0,00;0,00;21;114;181;21;19;906;217
5785;44,80;-196,44;0,00;0,00;0,00;-0,20;0,00;0,00;488;199;74;41;15;840;504
5786;40,23;-356,38;0,00;0,00;0,00;-0,36;0,00;0,00;59;127;191;49;27;740;953
5787;24,88;-461,97;0,00;0,00;0,00;-0,46;0,00;0,00;20;97;96;13;18;121;952
5788;68,07;10,20;0,00;0,00;0,00;0,01;0,00;0,00;483;148;15;16;15;744;899
5789;77,13;9,47;0,00;0,00;0,00;0,01;0,00;0,00;168;142;149;11;29;752;440
5790;10,68;-527,45;0,00;0,00;0,00;-0,53;0,00;0,00;10;39;116;27;21;632;257
5791;62,10;-156,60;0,00;0,00;0,00;-0,16;0,00;0,00;452;39;136;45;16;425;948
5792;77,01;107,58;0,00;0,00;0,00;0,11;0,00;0,00;102;82;44;42;27;105;729
5793;24,92;-482,04;0,00;0,00;0,00;-0,48;0,00;0,00;187;51;197;42;35;541;432
5794;42,80;-266,76;0,00;0,00;0,00;-0,27;0,00;0,00;321;185;135;14;33;721;831
5795;25,23;-485,03;0,00;0,00;0,00;-0,49;0,00;0,00;87;184;114;47;22;461;719
5796;63,71;-61,00;0,00;0,00;0,00;-0,06;0,00;0,00;208;48;123;33;33;776;922
5797;47,61;-307,29;0,00;0,00;0,00;-0,31;0,00;0,00;371;178;188;19;22;906;319
5798;47,24;-134,73;0,00;0,00;0,00;-0,13;0,00;0,00;128;52;148;43;35;565;252
5799;77,17;103,97;0,00;0,00;0,00;0,10;0,00;0,00;464;134;177;43;36;886;317
5800;66,61;-5,39;0,00;0,00;0,00;-0,01;0,00;0,00;397;173;59;34;15;214;503
5801;24,51;-474,05;0,00;0,00;0,00;-0,47;0,00;0,00;95;169;81;32;24;198;621
5802;65,80;6,26;0,00;0,00;0,00;0,01;0,00;0,00;366;54;190;34;26;780;686
5803;56,92;-102,40;0,00;0,00;0,00;-0,10;0,00;0,00;84;141;118;12;32;264;184
5804;65,48;32,04;0,00;0,00;0,00;0,03;0,00;0,00;322;122;173;42;34;172;545
5805;89,61;239,14;0,00;0,00;0,00;0,24;0,00;0,00;138;65;166;39;35;999;696
5806;39,86;-236,58;0,00;0,00;0,00;-0,24;0,00;0,00;82;160;43;39;16;388;246
5807;17,61;-530,76;0,00;0,00;0,00;-0,53;0,00;0,00;281;142;55;43;31;906;870
5808;100,00;332,63;0,00;0,00;0,00;0,33;0,00;0,00;267;33;187;49;26;409;503
5809;42,09;-335,09;0,00;0,00;0,00;-0,34;0,00;0,00;207;97;190;19;31;381;409
5810;81,25;81,18;0,00;0,00;0,00;0,08;0,00;0,00;155;47;172;35;20;416;380
5811;79,99;123,52;0,00;0,00;0,00;0,12;0,00;0,00;322;71;12;16;38;640;361
5812;50,64;-197,39;0,00;0,00;0,00;-0,20;0,00;0,00;275;105;47;26;31;878;819
5813;72,19;-18,82;0,00;0,00;0,00;-0,02;0,00;0,00;101;152;112;24;34;671;115
5814;24,45;-396,11;0,00;0,00;0,00;-0,40;0,00;0,00;67;22;182;23;15;600;916
5815;19,51;-525,51;0,00;0,00;0,00;-0,53;0,00;0,00;346;12;160;28;29;158;358
5816;61,59;-41,37;0,00;0,00;0,00;-0,04;0,00;0,00;320;166;62;40;34;613;845
5817;47,07;-191,62;0,00;0,00;0,00;-0,19;0,00;0,00;144;146;116;39;31;871;397
5818;74,11;107,14;0,00;0,00;0,00;0,11;0,00;0,00;180;62;131;31;21;855;469
5819;83,57;151,55;0,00;0,00;0,00;0,15;0,00;0,00;404;59;145;40;32;693;572
5820;39,02;-281,67;0,00;0,00;0,00;-0,28;0,00;0,00;128;188;36;20;25;105;452
5821;63,56;-81,99;0,00;0,00;0,00;-0,08;0,00;0,00;150;130;69;22;32;390;413
5822;0,00;-626,39;0,00;0,00;0,00;-0,63;0,00;0,00;81;73;194;32;39;734;289
5823;30,40;-322,42;0,00;0,00;0,00;-0,32;0,00;0,00;236;13;32;38;33;144;600
5824;75,08;35,01;0,00;0,00;0,00;0,04;0,00;0,00;443;71;191;19;32;357;573
5825;85,31;60,08;0,00;0,00;0,00;0,06;0,00;0,00;464;51;179;15;38;149;900
5826;48,49;-229,12;0,00;0,00;0,00;-0,23;0,00;0,00;40;151;117;27;32;686;872
5827;55,75;-125,74;0,00;0,00;0,00;-0,13;0,00;0,00;43;155;46;39;17;840;369
5828;36,10;-324,92;0,00;0,00;0,00;-0,32;0,00;0,00;440;47;181;41;24;569;263
5829;60,68;-59,76;0,00;0,00;0,00;-0,06;0,00;0,00;405;78;157;41;27;609;380
5830;39,60;-243,60;0,00;0,00;0,00;-0,24;0,00;0,00;133;45;160;36;26;585;236
5831;60,59;-21,04;0,00;0,00;0,00;-0,02;0,00;0,00;378;18;98;27;17;134;669
5832;81,50;86,31;0,00;0,00;0,00;0,09;0,00;0,00;490;88;161;41;17;474;807
5833;41,57;-249,22;0,00;0,00;0,00;-0,25;0,00;0,00;159;159;177;25;24;645;534
5834;43,20;-255,12;0,00;0,00;0,00;-0,26;0,00;0,00;163;15;181;13;29;348;838
5835;62,54;-57,66;0,00;0,00;0,00;-0,06;0,00;0,00;466;147;149;22;25;636;199
5836;58,23;-146,65;0,00;0,00;0,00;-0,15;0,00;0,00;182;91;105;36;28;946;442
5837;59,51;-181,74;0,00;0,00;0,00;-0,18;0,00;0,00;169;154;41;44;20;739;212
5838;61,27;-102,59;0,00;0,00;0,00;-0,10;0,00;0,00;230;186;147;12;22;586;154
5839;81,98;95,29;0,00;0,00;0,00;0,10;0,00;0,00;187;70;88;24;21;532;620
5840;70,95;56,94;0,00;0,00;0,00;0,06;0,00;0,00;381;132;14;41;22;654;515
5841;31,38;-357,67;0,00;0,00;0,00;-0,36;0,00;0,00;258;187;29;23;18;268;689
5842;23,07;-452,97;0,00;0,00;0,00;-0,45;0,00;0,00;421;37;14;47;24;185;988
5843;60,42;-19,60;0,00;0,00;0,00;-0,02;0,00;0,00;152;111;90;19;24;139;414
5844;29,14;-399,33;0,00;0,00;0,00;-0,40;0,00;0,00;335;19;165;16;24;375;919
5845;31,36;-374,39;0,00;0,00;0,00;-0,37;0,00;0,00;338;173;49;13;33;298;459
5846;14,54;-524,92;0,00;0,00;0,00;-0,52;0,00;0,00;218;129;129;35;17;601;430
5847;92,84;313,47;0,00;0,00;0,00;0,31;0,00;0,00;384;81;100;26;33;494;446
5848;35,04;-289,71;0,00;0,00;0,00;-0,29;0,00;0,00;201;42;86;27;33;737;529
5849;49,59;-187,09;0,00;0,00;0,00;-0,19;0,00;0,00;159;104;113;11;25;325;646
5850;6,36;-692,99;0,00;0,00;0,00;-0,69;0,00;0,00;134;161;72;21;23;773;224
5851;29,22;-411,63;0,00;0,00;0,00;-0,41;0,00;0,00;126;140;148;28;19;111;869
5852;44,83;-299,86;0,00;0,00;0,00;-0,30;0,00;0,00;30;102;49;39;24;555;265
5853;14,35;-609,75;0,00;0,00;0,00;-0,61;0,00;0,00;29;191;95;47;17;346;397
5854;69,53;32,43;0,00;0,00;0,00;0,03;0,00;0,00;347;119;61;36;33;145;773
5855;23,94;-460,12;0,00;0,00;0,00;-0,46;0,00;0,00;308;115;123;16;15;946;385
5856;72,48;130,55;0,00;0,00;0,00;0,13;0,00;0,00;222;71;162;12;20;581;832
5857;24,99;-417,75;0,00;0,00;0,00;-0,42;0,00;0,00;476;95;121;26;36;444;755
5858;33,96;-394,33;0,00;0,00;0,00;-0,39;0,00;0,00;431;49;114;35;37;184;131
5859;38,92;-308,68;0,00;0,00;0,00;-0,31;0,00;0,00;97;186;174;41;39;823;452
5860;85,28;198,34;0,00;0,00;0,00;0,20;0,00;0,00;72;85;138;17;26;937;164
5861;6,27;-670,29;0,00;0,00;0,00;-0,67;0,00;0,00;331;59;152;36;39;595;756
5862;32,86;-407,71;0,00;0,00;0,00;-0,41;0,00;0,00;78;126;77;16;29;196;339
5863;39,19;-267,02;0,00;0,00;0,00;-0,27;0,00;0,00;490;187;159;43;31;250;835
5864;92,21;199,50;0,00;0,00;0,00;0,20;0,00;0,00;268;41;155;18;31;305;557
5865;41,29;-277,94;0,00;0,00;0,00;-0,28;0,00;0,00;203;181;177;28;34;274;384
5866;57,97;-116,44;0,00;0,00;0,00;-0,12;0,00;0,00;495;11;39;26;20;595;615
5867;0,00;-702,12;0,00;0,00;0,00;-0,70;0,00;0,00;118;122;103;16;27;540;191
5868;0,00;-704,80;0,00;0,00;0,00;-0,70;0,00;0,00;257;75;31;49;15;876;789
5869;55,08;-91,48;0,00;0,00;0,00;-0,09;0,00;0,00;160;170;132;45;29;632;475
5870;62,99;-52,66;0,00;0,00;0,00;-0,05;0,00;0,00;189;141;60;20;21;756;875
5871;55,52;-144,91;0,00;0,00;0,00;-0,14;0,00;0,00;316;23;199;19;25;358;281
5872;71,32;28,19;0,00;0,00;0,00;0,03;0,00;0,00;491;89;152;39;38;501;377
5873;25,60;-407,06;0,00;0,00;0,00;-0,41;0,00;0,00;359;114;199;35;25;680;574
5874;74,09;70,96;0,00;0,00;0,00;0,07;0,00;0,00;55;140;95;48;24;788;925
5875;0,00;-740,00;0,00;0,00;0,00;-0,74;0,00;0,00;486;196;168;41;15;201;249
5876;46,97;-172,45;0,00;0,00;0,00;-0,17;0,00;0,00;190;128;68;34;33;116;273
5877;57,79;-141,09;0,00;0,00;0,00;-0,14;0,00;0,00;399;79;56;40;16;436;626
5878;54,96;-148,20;0,00;0,00;0,00;-0,15;0,00;0,00;247;110;150;22;38;869;513
5879;33,92;-358,97;0,00;0,00;0,00;-0,36;0,00;0,00;238;50;126;27;20;925;856
5880;87,62;185,32;0,00;0,00;0,00;0,19;0,00;0,00;100;158;104;22;35;380;921
5881;100,00;301,43;0,00;0,00;0,00;0,30;0,00;0,00;82;94;173;44;23;534;875
5882;0,34;-637,97;0,00;0,00;0,00;-0,64;0,00;0,00;31;61;44;48;29;639;110
5883;37,97;-384,98;0,00;0,00;0,00;-0,38;0,00;0,00;27;143;184;37;20;591;898
5884;61,47;-64,55;0,00;0,00;0,00;-0,06;0,00;0,00;59;34;143;16;39;489;921
5885;9,22;-643,61;0,00;0,00;0,00;-0,64;0,00;0,00;190;168;100;48;32;764;385
5886;67,23;-103,57;0,00;0,00;0,00;-0,10;0,00;0,00;473;144;77;21;27;683;227
5887;42,89;-361,05;0,00;0,00;0,00;-0,36;0,00;0,00;339;86;63;25;36;109;892
5888;60,27;-125,11;0,00;0,00;0,00;-0,13;0,00;0,00;350;88;47;25;31;812;303
5889;25,11;-466,91;0,00;0,00;0,00;-0,47;0,00;0,00;145;21;112;26;36;742;990
5890;36,55;-318,73;0,00;0,00;0,00;-0,32;0,00;0,00;136;93;35;16;27;965;201
5891;69,78;-29,84;0,00;0,00;0,00;-0,03;0,00;0,00;165;156;61;12;34;843;171
5892;10,21;-636,67;0,00;0,00;0,00;-0,64;0,00;0,00;284;58;35;35;36;621;613
5893;57,62;-160,02;0,00;0,00;0,00;-0,16;0,00;0,00;376;147;33;48;24;894;638
5894;17,07;-545,57;0,00;0,00;0,00;-0,55;0,00;0,00;282;101;26;35;34;290;730
5895;66,72;4,64;0,00;0,00;0,00;0,00;0,00;0,00;281;169;180;47;29;519;926
5896;74,01;10,70;0,00;0,00;0,00;0,01;0,00;0,00;323;158;69;30;33;319;972
5897;51,10;-178,65;0,00;0,00;0,00;-0,18;0,00;0,00;141;143;144;17;38;452;564
5898;19,48;-401,60;0,00;0,00;0,00;-0,40;0,00;0,00;107;119;172;10;20;483;688
5899;71,03;-5,19;0,00;0,00;0,00;-0,01;0,00;0,00;329;165;99;37;27;673;926
5900;21,74;-410,10;0,00;0,00;0,00;-0,41;0,00;0,00;282;33;182;25;22;652;227
5901;46,74;-302,19;0,00;0,00;0,00;-0,30;0,00;0,00;220;33;183;22;36;618;728
5902;59,07;-113,66;0,00;0,00;0,00;-0,11;0,00;0,00;157;121;175;10;22;674;628
5903;49,70;-197,19;0,00;0,00;0,00;-0,20;0,00;0,00;364;88;20;13;38;138;214
5904;8,21;-678,57;0,00;0,00;0,00;-0,68;0,00;0,00;183;135;25;31;38;322;987
5905;56,56;-170,89;0,00;0,00;0,00;-0,17;0,00;0,00;407;76;15;35;17;220;659
5906;66,38;-92,37;0,00;0,00;0,00;-0,09;0,00;0,00;161;143;78;32;20;560;362
5907;47,11;-246,74;0,00;0,00;0,00;-0,25;0,00;0,00;108;58;90;18;24;801;774
5908;0,00;-643,28;0,00;0,00;0,00;-0,64;0,00;0,00;57;84;146;29;29;681;222
5909;46,84;-152,28;0,00;0,00;0,00;-0,15;0,00;0,00;384;118;30;16;39;290;185
5910;45,85;-199,65;0,00;0,00;0,00;-0,20;0,00;0,00;234;159;59;40;39;835;741
5911;79,02;34,57;0,00;0,00;0,00;0,03;0,00;0,00;143;170;17;26;29;807;937
5912;63,10;-94,52;0,00;0,00;0,00;-0,09;0,00;0,00;96;95;187;39;17;817;745
5913;45,03;-268,28;0,00;0,00;0,00;-0,27;0,00;0,00;280;159;178;10;35;865;164
5914;21,20;-460,35;0,00;0,00;0,00;-0,46;0,00;0,00;447;147;92;18;39;919;775
5915;50,10;-344,17;0,00;0,00;0,00;-0,34;0,00;0,00;10;93;113;16;36;971;628
5916;56,20;-139,60;0,00;0,00;0,00;-0,14;0,00;0,00;322;138;78;35;21;437;727
5917;29,14;-395,88;0,00;0,00;0,00;-0,40;0,00;0,00;469;16;65;21;21;648;808
5918;59,29;-199,61;0,00;0,00;0,00;-0,20;0,00;0,00;15;130;190;16;33;341;864
5919;6,02;-634,56;0,00;0,00;0,00;-0,63;0,00;0,00;446;26;46;36;32;656;901
5920;38,07;-293,64;0,00;0,00;0,00;-0,29;0,00;0,00;230;72;53;22;16;906;178
5921;0,00;-801,14;0,00;0,00;0,00;-0,80;0,00;0,00;162;156;117;12;16;461;712
5922;22,99;-452,03;0,00;0,00;0,00;-0,45;0,00;0,00;404;146;179;33;20;899;540
5923;49,03;-121,01;0,00;0,00;0,00;-0,12;0,00;0,00;85;91;19;44;18;109;752
5924;44,90;-271,17;0,00;0,00;0,00;-0,27;0,00;0,00;225;186;116;46;31;942;829
5925;52,07;-125,60;0,00;0,00;0,00;-0,13;0,00;0,00;301;27;127;11;20;840;992
5926;35,05;-310,99;0,00;0,00;0,00;-0,31;0,00;0,00;212;198;48;13;28;838;210
5927;100,00;286,08;0,00;0,00;0,00;0,29;0,00;0,00;253;141;12;14;27;629;922
5928;31,26;-375,29;0,00;0,00;0,00;-0,38;0,00;0,00;185;186;74;41;32;444;472
5929;48,57;-183,18;0,00;0,00;0,00;-0,18;0,00;0,00;207;135;63;10;35;368;832
5930;44,33;-250,54;0,00;0,00;0,00;-0,25;0,00;0,00;416;124;29;45;22;671;909
5931;43,39;-217,95;0,00;0,00;0,00;-0,22;0,00;0,00;433;75;87;33;38;521;263
5932;65,64;-78,46;0,00;0,00;0,00;-0,08;0,00;0,00;389;83;53;41;27;790;949
5933;73,70;94,74;0,00;0,00;0,00;0,09;0,00;0,00;367;35;44;28;37;741;753
5934;68,72;7,72;0,00;0,00;0,00;0,01;0,00;0,00;25;157;78;41;31;821;566
5935;48,01;-250,02;0,00;0,00;0,00;-0,25;0,00;0,00;463;120;41;17;37;496;925
5936;35,05;-466,75;0,00;0,00;0,00;-0,47;0,00;0,00;290;151;169;22;17;837;283
5937;52,39;-234,70;0,00;0,00;0,00;-0,23;0,00;0,00;355;66;192;37;17;779;374
5938;62,93;-15,89;0,00;0,00;0,00;-0,02;0,00;0,00;423;176;195;44;26;205;867
5939;67,67;-74,65;0,00;0,00;0,00;-0,07;0,00;0,00;149;61;113;36;37;884;987
5940;68,51;-23,16;0,00;0,00;0,00;-0,02;0,00;0,00;117;197;199;44;29;183;908
5941;19,68;-558,56;0,00;0,00;0,00;-0,56;0,00;0,00;29;12;47;19;24;862;377
5942;30,31;-389,82;0,00;0,00;0,00;-0,39;0,00;0,00;413;135;145;12;16;117;652
5943;14,00;-586,80;0,00;0,00;0,00;-0,59;0,00;0,00;225;126;170;40;19;127;426
5944;29,30;-490,26;0,00;0,00;0,00;-0,49;0,00;0,00;493;102;144;29;19;991;143
5945;67,70;-49,55;0,00;0,00;0,00;-0,05;0,00;0,00;53;21;39;42;24;305;328
5946;27,41;-373,12;0,00;0,00;0,00;-0,37;0,00;0,00;499;28;82;38;27;773;960
5947;20,93;-495,71;0,00;0,00;0,00;-0,50;0,00;0,00;437;110;176;39;37;205;816
5948;70,73;40,97;0,00;0,00;0,00;0,04;0,00;0,00;365;141;93;47;28;302;888
5949;7,27;-625,63;0,00;0,00;0,00;-0,63;0,00;0,00;117;31;25;47;31;527;986
5950;61,80;-14,38;0,00;0,00;0,00;-0,01;0,00;0,00;474;52;37;40;15;811;277
5951;70,15;13,12;0,00;0,00;0,00;0,01;0,00;0,00;52;195;154;39;31;305;456
5952;68,93;-45,01;0,00;0,00;0,00;-0,05;0,00;0,00;378;159;172;24;32;306;567
5953;57,34;-253,55;0,00;0,00;0,00;-0,25;0,00;0,00;178;117;106;47;25;689;441
5954;97,26;264,86;0,00;0,00;0,00;0,26;0,00;0,00;318;110;21;26;23;987;858
5955;19,57;-471,31;0,00;0,00;0,00;-0,47;0,00;0,00;364;63;146;44;35;623;791
5956;35,99;-355,41;0,00;0,00;0,00;-0,36;0,00;0,00;314;116;32;41;35;651;637
5957;66,19;-15,73;0,00;0,00;0,00;-0,02;0,00;0,00;467;198;58;32;34;880;946
5958;25,00;-455,72;0,00;0,00;0,00;-0,46;0,00;0,00;494;68;33;23;23;251;802
5959;24,45;-565,47;0,00;0,00;0,00;-0,57;0,00;0,00;154;66;121;45;17;650;944
5960;29,16;-416,80;0,00;0,00;0,00;-0,42;0,00;0,00;241;88;52;22;36;241;914
5961;84,13;122,07;0,00;0,00;0,00;0,12;0,00;0,00;157;128;55;40;37;360;188
5962;39,76;-338,44;0,00;0,00;0,00;-0,34;0,00;0,00;230;109;164;47;39;218;761
5963;28,76;-327,07;0,00;0,00;0,00;-0,33;0,00;0,00;292;54;150;45;27;504;159
5964;52,88;-120,72;0,00;0,00;0,00;-0,12;0,00;0,00;114;94;68;45;24;357;901
5965;0,00;-730,50;0,00;0,00;0,00;-0,73;0,00;0,00;192;10;26;23;33;538;333
5966;100,00;368,16;0,00;0,00;0,00;0,37;0,00;0,00;84;40;46;39;36;631;553
5967;76,99;76,29;0,00;0,00;0,00;0,08;0,00;0,00;39;125;110;44;33;826;908
5968;54,59;-159,47;0,00;0,00;0,00;-0,16;0,00;0,00;199;127;148;12;15;550;265
5969;31,47;-446,06;0,00;0,00;0,00;-0,45;0,00;0,00;289;183;157;12;15;584;114
5970;60,38;-0,31;0,00;0,00;0,00;-0,00;0,00;0,00;481;165;150;34;25;265;582
5971;44,66;-194,06;0,00;0,00;0,00;-0,19;0,00;0,00;59;135;75;28;39;965;961
5972;12,74;-555,82;0,00;0,00;0,00;-0,56;0,00;0,00;286;45;72;39;36;874;552
5973;63,37;-106,75;0,00;0,00;0,00;-0,11;0,00;0,00;183;154;24;14;32;171;244
5974;45,35;-239,04;0,00;0,00;0,00;-0,24;0,00;0,00;74;115;180;33;26;952;827
5975;60,38;-122,19;0,00;0,00;0,00;-0,12;0,00;0,00;364;132;167;38;34;876;251
5976;98,12;313,71;0,00;0,00;0,00;0,31;0,00;0,00;117;82;42;38;37;463;355
5977;66,02;-22,92;0,00;0,00;0,00;-0,02;0,00;0,00;259;36;19;38;26;724;438
5978;52,65;-210,79;0,00;0,00;0,00;-0,21;0,00;0,00;91;60;119;26;25;549;213
5979;11,62;-651,43;0,00;0,00;0,00;-0,65;0,00;0,00;138;177;22;23;27;409;611
5980;73,41;58,57;0,00;0,00;0,00;0,06;0,00;0,00;48;112;105;48;34;641;513
5981;56,11;-135,53;0,00;0,00;0,00;-0,14;0,00;0,00;376;121;122;36;20;230;998
5982;78,53;23,14;0,00;0,00;0,00;0,02;0,00;0,00;329;35;184;28;25;858;582
5983;12,61;-666,15;0,00;0,00;0,00;-0,67;0,00;0,00;455;38;159;23;33;883;859
5984;38,89;-317,62;0,00;0,00;0,00;-0,32;0,00;0,00;32;28;16;14;21;364;354
5985;53,73;-184,20;0,00;0,00;0,00;-0,18;0,00;0,00;151;97;46;39;22;233;777
5986;32,11;-315,28;0,00;0,00;0,00;-0,32;0,00;0,00;105;126;53;25;19;672;952
5987;25,67;-486,96;0,00;0,00;0,00;-0,49;0,00;0,00;198;120;191;41;35;593;904
5988;69,66;-10,55;0,00;0,00;0,00;-0,01;0,00;0,00;16;163;52;32;19;786;558
5989;63,86;-106,71;0,00;0,00;0,00;-0,11;0,00;0,00;196;187;68;41;15;363;148
5990;38,59;-318,20;0,00;0,00;0,00;-0,32;0,00;0,00;31;68;190;28;30;200;426
5991;61,08;-111,36;0,00;0,00;0,00;-0,11;0,00;0,00;432;174;81;18;36;803;862
5992;58,42;-134,47;0,00;0,00;0,00;-0,13;0,00;0,00;135;89;123;20;29;687;218
5993;79,02;97,53;0,00;0,00;0,00;0,10;0,00;0,00;46;171;86;14;34;447;272
5994;42,12;-257,11;0,00;0,00;0,00;-0,26;0,00;0,00;238;182;186;43;18;710;705
5995;39,33;-232,80;0,00;0,00;0,00;-0,23;0,00;0,00;322;75;42;24;38;123;108
5996;78,34;99,33;0,00;0,00;0,00;0,10;0,00;0,00;208;34;111;45;22;955;478
5997;79,30;109,93;0,00;0,00;0,00;0,11;0,00;0,00;97;66;106;11;36;660;200
5998;89,37;146,51;0,00;0,00;0,00;0,15;0,00;0,00;494;167;164;42;39;908;528
5999;75,92;80,90;0,00;0,00;0,00;0,08;0,00;0,00;166;186;45;39;17;616;956
6000;49,32;-119,29;0,00;0,00;0,00;-0,12;0,00;0,00;409;41;14;20;39;770;800
6001;45,07;-246,89;0,00;0,00;0,00;-0,25;0,00;0,00;368;56;94;46;29;136;214
6002;47,01;-129,28;0,00;0,00;0,00;-0,13;0,00;0,00;39;23;179;49;17;973;758
6003;59,32;-110,10;0,00;0,00;0,00;-0,11;0,00;0,00;469;25;107;27;29;964;724
6004;56,41;-122,05;0,00;0,00;0,00;-0,12;0,00;0,00;412;26;93;24;30;769;455
6005;32,71;-373,77;0,00;0,00;0,00;-0,37;0,00;0,00;54;83;115;34;30;283;658
6006;65,29;-110,72;0,00;0,00;0,00;-0,11;0,00;0,00;158;130;53;27;26;671;781
6007;61,38;-63,93;0,00;0,00;0,00;-0,06;0,00;0,00;385;23;107;30;21;194;462
6008;53,72;-145,89;0,00;0,00;0,00;-0,15;0,00;0,00;135;146;190;48;34;797;457
6009;14,37;-601,30;0,00;0,00;0,00;-0,60;0,00;0,00;226;178;127;17;17;459;138
6010;58,12;-95,11;0,00;0,00;0,00;-0,10;0,00;0,00;236;36;166;31;17;577;528
6011;18,13;-588,71;0,00;0,00;0,00;-0,59;0,00;0,00;397;75;123;13;31;587;457
6012;75,91;91,84;0,00;0,00;0,00;0,09;0,00;0,00;268;155;58;27;26;208;897
6013;63,54;-43,60;0,00;0,00;0,00;-0,04;0,00;0,00;65;118;159;35;24;470;419
6014;97,99;288,44;0,00;0,00;0,00;0,29;0,00;0,00;96;167;63;26;25;543;750
6015;75,38;35,94;0,00;0,00;0,00;0,04;0,00;0,00;62;110;12;35;36;442;757
6016;33,76;-360,31;0,00;0,00;0,00;-0,36;0,00;0,00;160;101;188;37;22;779;270
6017;88,15;189,59;0,00;0,00;0,00;0,19;0,00;0,00;334;127;11;21;32;804;302
6018;40,41;-268,66;0,00;0,00;0,00;-0,27;0,00;0,00;462;50;53;35;21;385;207
6019;85,26;183,53;0,00;0,00;0,00;0,18;0,00;0,00;197;53;101;15;39;943;262
6020;38,08;-263,82;0,00;0,00;0,00;-0,26;0,00;0,00;81;141;179;12;16;691;188
6021;53,53;-135,70;0,00;0,00;0,00;-0,14;0,00;0,00;107;195;192;29;16;360;977
6022;59,51;-107,38;0,00;0,00;0,00;-0,11;0,00;0,00;252;140;185;47;24;241;813
6023;91,87;183,11;0,00;0,00;0,00;0,18;0,00;0,00;16;61;150;29;33;613;472
6024;73,93;-11,30;0,00;0,00;0,00;-0,01;0,00;0,00;485;126;111;31;20;859;431
6025;100,00;364,52;0,00;0,00;0,00;0,36;0,00;0,00;270;17;199;43;31;717;165
6026;9,54;-635,46;0,00;0,00;0,00;-0,64;0,00;0,00;481;106;131;14;39;996;463
6027;73,52;138,72;0,00;0,00;0,00;0,14;0,00;0,00;70;176;116;12;28;668;344
6028;70,72;-53,27;0,00;0,00;0,00;-0,05;0,00;0,00;463;71;172;14;35;156;714
6029;23,49;-464,75;0,00;0,00;0,00;-0,46;0,00;0,00;262;173;116;21;17;102;368
6030;33,09;-440,30;0,00;0,00;0,00;-0,44;0,00;0,00;481;75;155;41;19;260;977
6031;71,44;-81,20;0,00;0,00;0,00;-0,08;0,00;0,00;357;156;165;35;26;366;645
6032;59,90;-76,03;0,00;0,00;0,00;-0,08;0,00;0,00;417;92;177;10;20;389;322
6033;86,14;268,06;0,00;0,00;0,00;0,27;0,00;0,00;483;53;160;49;37;402;510
6034;34,53;-366,28;0,00;0,00;0,00;-0,37;0,00;0,00;443;114;94;41;15;288;884
6035;63,71;-56,04;0,00;0,00;0,00;-0,06;0,00;0,00;91;12;165;44;23;512;995
6036;30,68;-403,74;0,00;0,00;0,00;-0,40;0,00;0,00;309;88;155;13;34;135;148
6037;78,34;174,46;0,00;0,00;0,00;0,17;0,00;0,00;180;84;176;11;33;360;593
6038;58,91;-160,58;0,00;0,00;0,00;-0,16;0,00;0,00;64;166;17;47;36;974;530
6039;94,01;344,49;0,00;0,00;0,00;0,34;0,00;0,00;247;124;128;13;26;169;730
6040;100,00;321,46;0,00;0,00;0,00;0,32;0,00;0,00;266;105;192;40;30;570;656
6041;57,05;-152,22;0,00;0,00;0,00;-0,15;0,00;0,00;378;192;79;18;23;955;453
6042;62,82;-90,66;0,00;0,00;0,00;-0,09;0,00;0,00;366;94;152;19;31;431;119
6043;34,20;-365,96;0,00;0,00;0,00;-0,37;0,00;0,00;104;177;97;36;21;172;482
6044;54,42;-128,83;0,00;0,00;0,00;-0,13;0,00;0,00;196;193;125;46;38;593;855
6045;46,57;-229,04;0,00;0,00;0,00;-0,23;0,00;0,00;445;103;120;41;19;730;291
6046;71,70;13,66;0,00;0,00;0,00;0,01;0,00;0,00;359;89;30;34;34;924;322
6047;23,04;-528,03;0,00;0,00;0,00;-0,53;0,00;0,00;43;76;49;19;28;118;619
6048;40,62;-269,43;0,00;0,00;0,00;-0,27;0,00;0,00;108;83;109;33;20;214;153
6049;83,96;102,15;0,00;0,00;0,00;0,10;0,00;0,00;181;101;111;34;23;528;915
6050;67,40;-40,40;0,00;0,00;0,00;-0,04;0,00;0,00;249;19;173;12;32;912;409
6051;72,45;52,11;0,00;0,00;0,00;0,05;0,00;0,00;421;142;14;38;30;746;972
6052;67,66;-82,10;0,00;0,00;0,00;-0,08;0,00;0,00;279;137;102;24;37;969;504
6053;77,28;124,24;0,00;0,00;0,00;0,12;0,00;0,00;402;128;159;41;24;795;612
6054;80,96;104,01;0,00;0,00;0,00;0,10;0,00;0,00;463;38;73;26;31;766;367
6055;53,29;-151,55;0,00;0,00;0,00;-0,15;0,00;0,00;445;86;18;45;23;441;313
6056;32,99;-464,09;0,00;0,00;0,00;-0,46;0,00;0,00;359;113;81;49;29;491;755
6057;59,20;-125,81;0,00;0,00;0,00;-0,13;0,00;0,00;38;164;189;46;29;878;634
6058;58,09;-169,27;0,00;0,00;0,00;-0,17;0,00;0,00;54;17;122;12;29;804;486
6059;54,92;-165,18;0,00;0,00;0,00;-0,17;0,00;0,00;459;42;64;26;37;786;676
6060;34,68;-338,70;0,00;0,00;0,00;-0,34;0,00;0,00;392;122;40;24;34;774;706
6061;71,77;38,36;0,00;0,00;0,00;0,04;0,00;0,00;431;90;92;21;21;445;560
6062;49,76;-163,95;0,00;0,00;0,00;-0,16;0,00;0,00;85;161;78;15;39;689;637
6063;18,87;-528,65;0,00;0,00;0,00;-0,53;0,00;0,00;393;113;20;43;22;154;209
6064;95,32;234,07;0,00;0,00;0,00;0,23;0,00;0,00;180;195;107;32;22;904;176
6065;61,31;-88,65;0,00;0,00;0,00;-0,09;0,00;0,00;147;106;15;31;36;868;331
6066;53,05;-157,21;0,00;0,00;0,00;-0,16;0,00;0,00;491;125;112;30;35;627;467
6067;25,41;-351,20;0,00;0,00;0,00;-0,35;0,00;0,00;81;80;83;28;23;444;264
6068;57,48;-122,26;0,00;0,00;0,00;-0,12;0,00;0,00;34;31;199;47;25;229;657
6069;49,17;-246,09;0,00;0,00;0,00;-0,25;0,00;0,00;456;155;77;35;22;863;770
6070;54,28;-131,59;0,00;0,00;0,00;-0,13;0,00;0,00;436;29;198;35;23;387;432
6071;43,32;-191,43;0,00;0,00;0,00;-0,19;0,00;0,00;285;27;182;42;34;692;787
6072;50,49;-272,24;0,00;0,00;0,00;-0,27;0,00;0,00;45;157;31;34;35;988;523
6073;60,32;-173,35;0,00;0,00;0,00;-0,17;0,00;0,00;30;32;67;32;15;231;888
6074;58,32;-201,09;0,00;0,00;0,00;-0,20;0,00;0,00;176;124;116;45;28;699;799
6075;57,37;-197,99;0,00;0,00;0,00;-0,20;0,00;0,00;259;172;170;33;25;696;975
6076;73,73;21,54;0,00;0,00;0,00;0,02;0,00;0,00;82;67;102;42;29;411;922
6077;40,91;-264,45;0,00;0,00;0,00;-0,26;0,00;0,00;277;111;12;31;20;318;312
6078;56,80;-128,44;0,00;0,00;0,00;-0,13;0,00;0,00;287;173;165;31;17;592;152
6079;91,43;163,99;0,00;0,00;0,00;0,16;0,00;0,00;142;105;55;10;29;796;207
6080;80,23;87,33;0,00;0,00;0,00;0,09;0,00;0,00;187;192;163;26;26;867;588
6081;57,49;-83,28;0,00;0,00;0,00;-0,08;0,00;0,00;248;109;150;46;39;413;773
6082;75,55;65,14;0,00;0,00;0,00;0,07;0,00;0,00;23;138;114;28;26;186;602
6083;39,51;-287,70;0,00;0,00;0,00;-0,29;0,00;0,00;236;90;126;34;30;730;394
6084;98,47;255,87;0,00;0,00;0,00;0,26;0,00;0,00;205;194;90;29;22;738;180
6085;38,61;-376,29;0,00;0,00;0,00;-0,38;0,00;0,00;133;67;81;44;24;748;158
6086;56,72;-57,35;0,00;0,00;0,00;-0,06;0,00;0,00;90;21;138;45;17;569;962
6087;32,10;-377,82;0,00;0,00;0,00;-0,38;0,00;0,00;358;25;109;47;17;743;637
6088;11,88;-616,03;0,00;0,00;0,00;-0,62;0,00;0,00;34;41;126;21;32;462;318
6089;60,27;-11,51;0,00;0,00;0,00;-0,01;0,00;0,00;370;62;41;24;31;630;517
6090;59,48;-126,95;0,00;0,00;0,00;-0,13;0,00;0,00;309;104;126;32;16;305;817
6091;77,70;35,43;0,00;0,00;0,00;0,04;0,00;0,00;198;92;157;10;27;596;611
6092;38,62;-312,33;0,00;0,00;0,00;-0,31;0,00;0,00;350;116;43;29;38;751;697
6093;20,12;-507,21;0,00;0,00;0,00;-0,51;0,00;0,00;14;55;124;12;19;885;559
6094;44,36;-280,93;0,00;0,00;0,00;-0,28;0,00;0,00;220;186;167;40;19;453;201
6095;44,82;-192,19;0,00;0,00;0,00;-0,19;0,00;0,00;408;148;178;34;19;130;305
6096;13,24;-536,16;0,00;0,00;0,00;-0,54;0,00;0,00;204;188;124;26;31;511;358
6097;10,84;-598,13;0,00;0,00;0,00;-0,60;0,00;0,00;331;92;143;44;25;533;743
6098;43,72;-292,85;0,00;0,00;0,00;-0,29;0,00;0,00;461;173;143;27;39;414;951
6099;40,91;-297,16;0,00;0,00;0,00;-0,30;0,00;0,00;284;37;169;22;27;492;367
6100;100,00;365,82;0,00;0,00;0,00;0,37;0,00;0,00;292;123;95;35;15;526;902
6101;24,14;-361,39;0,00;0,00;0,00;-0,36;0,00;0,00;95;37;196;20;28;688;797
6102;40,60;-258,69;0,00;0,00;0,00;-0,26;0,00;0,00;263;47;47;26;33;426;107
6103;31,02;-351,42;0,00;0,00;0,00;-0,35;0,00;0,00;156;147;93;17;33;842;180
6104;11,97;-559,74;0,00;0,00;0,00;-0,56;0,00;0,00;469;181;22;23;27;125;831
6105;38,35;-419,34;0,00;0,00;0,00;-0,42;0,00;0,00;442;64;97;15;15;931;479
6106;52,00;-97,03;0,00;0,00;0,00;-0,10;0,00;0,00;92;11;90;41;17;653;667
6107;55,58;-128,15;0,00;0,00;0,00;-0,13;0,00;0,00;216;143;95;11;39;519;217
6108;73,25;43,67;0,00;0,00;0,00;0,04;0,00;0,00;418;153;120;46;34;293;807
6109;17,61;-505,61;0,00;0,00;0,00;-0,51;0,00;0,00;412;187;189;22;34;870;799
6110;54,54;-210,19;0,00;0,00;0,00;-0,21;0,00;0,00;193;143;118;44;34;100;499
6111;57,52;-105,45;0,00;0,00;0,00;-0,11;0,00;0,00;374;182;28;13;33;894;777
6112;30,13;-371,60;0,00;0,00;0,00;-0,37;0,00;0,00;176;187;141;30;23;639;678
6113;63,44;-20,67;0,00;0,00;0,00;-0,02;0,00;0,00;264;169;59;25;16;889;795
6114;82,68;164,29;0,00;0,00;0,00;0,16;0,00;0,00;209;117;125;45;35;678;466
6115;71,61;-35,81;0,00;0,00;0,00;-0,04;0,00;0,00;43;188;97;20;15;578;546
6116;66,11;-12,77;0,00;0,00;0,00;-0,01;0,00;0,00;436;143;26;19;36;447;127
6117;7,43;-557,09;0,00;0,00;0,00;-0,56;0,00;0,00;358;77;37;47;36;840;556
6118;18,14;-467,86;0,00;0,00;0,00;-0,47;0,00;0,00;274;15;82;26;35;480;880
6119;47,44;-241,20;0,00;0,00;0,00;-0,24;0,00;0,00;179;78;63;24;38;593;765
6120;65,25;-25,23;0,00;0,00;0,00;-0,03;0,00;0,00;383;67;157;34;19;706;266
6121;30,23;-364,12;0,00;0,00;0,00;-0,36;0,00;0,00;32;78;196;27;19;473;240
6122;40,76;-272,93;0,00;0,00;0,00;-0,27;0,00;0,00;498;138;55;18;31;844;533
6123;81,81;152,70;0,00;0,00;0,00;0,15;0,00;0,00;128;125;67;10;16;681;353
6124;71,02;63,14;0,00;0,00;0,00;0,06;0,00;0,00;48;195;115;14;32;230;573
6125;80,07;66,70;0,00;0,00;0,00;0,07;0,00;0,00;21;44;164;45;36;279;320
6126;63,66;16,02;0,00;0,00;0,00;0,02;0,00;0,00;399;118;144;29;29;792;472
6127;49,90;-175,79;0,00;0,00;0,00;-0,18;0,00;0,00;236;165;93;14;20;640;947
6128;63,15;-82,87;0,00;0,00;0,00;-0,08;0,00;0,00;53;138;104;23;17;740;522
6129;14,38;-590,59;0,00;0,00;0,00;-0,59;0,00;0,00;324;153;16;19;34;762;304
6130;3,59;-621,48;0,00;0,00;0,00;-0,62;0,00;0,00;478;60;128;48;34;686;147
6131;72,45;-47,20;0,00;0,00;0,00;-0,05;0,00;0,00;38;25;83;46;23;347;878
6132;39,90;-195,97;0,00;0,00;0,00;-0,20;0,00;0,00;68;196;97;36;15;905;658
6133;100,00;346,00;0,00;0,00;0,00;0,35;0,00;0,00;118;183;174;19;17;378;491
6134;13,16;-532,11;0,00;0,00;0,00;-0,53;0,00;0,00;457;70;168;24;39;568;277
6135;27,51;-397,03;0,00;0,00;0,00;-0,40;0,00;0,00;19;193;102;46;18;815;387
6136;32,18;-396,85;0,00;0,00;0,00;-0,40;0,00;0,00;103;149;85;36;22;233;971
6137;68,58;50,21;0,00;0,00;0,00;0,05;0,00;0,00;489;168;198;20;37;415;439
6138;1,44;-680,76;0,00;0,00;0,00;-0,68;0,00;0,00;167;46;160;15;35;878;559
6139;37,99;-285,51;0,00;0,00;0,00;-0,29;0,00;0,00;24;74;68;17;23;926;559
6140;58,90;-36,88;0,00;0,00;0,00;-0,04;0,00;0,00;441;73;79;16;17;584;729
6141;85,85;97,91;0,00;0,00;0,00;0,10;0,00;0,00;464;157;96;35;39;903;205
6142;44,23;-205,03;0,00;0,00;0,00;-0,21;0,00;0,00;322;127;117;11;28;292;354
6143;69,69;-132,34;0,00;0,00;0,00;-0,13;0,00;0,00;427;98;49;14;27;160;397
6144;51,97;-107,73;0,00;0,00;0,00;-0,11;0,00;0,00;166;49;198;33;29;447;532
6145;83,89;178,38;0,00;0,00;0,00;0,18;0,00;0,00;356;152;72;24;31;328;404
6146;39,56;-388,79;0,00;0,00;0,00;-0,39;0,00;0,00;50;142;75;27;25;344;697
6147;20,65;-498,10;0,00;0,00;0,00;-0,50;0,00;0,00;202;80;81;15;23;909;799
6148;52,53;-114,38;0,00;0,00;0,00;-0,11;0,00;0,00;72;171;118;13;36;792;481
6149;37,53;-284,87;0,00;0,00;0,00;-0,28;0,00;0,00;211;17;153;44;30;669;544
6150;34,96;-333,28;0,00;0,00;0,00;-0,33;0,00;0,00;88;150;78;10;22;557;230
6151;15,28;-541,01;0,00;0,00;0,00;-0,54;0,00;0,00;149;180;143;43;20;377;443
6152;54,44;-154,46;0,00;0,00;0,00;-0,15;0,00;0,00;393;126;35;13;23;556;136
6153;59,50;-150,50;0,00;0,00;0,00;-0,15;0,00;0,00;358;60;42;46;29;222;695
6154;44,15;-331,32;0,00;0,00;0,00;-0,33;0,00;0,00;336;140;130;10;15;903;669
6155;47,54;-248,38;0,00;0,00;0,00;-0,25;0,00;0,00;132;109;121;12;22;329;113
6156;54,09;-192,70;0,00;0,00;0,00;-0,19;0,00;0,00;222;154;107;11;38;134;329
6157;77,09;83,13;0,00;0,00;0,00;0,08;0,00;0,00;393;72;141;29;30;799;790
6158;38,57;-383,45;0,00;0,00;0,00;-0,38;0,00;0,00;61;26;56;19;30;277;270
6159;55,67;-80,73;0,00;0,00;0,00;-0,08;0,00;0,00;157;167;29;44;37;359;856
6160;33,60;-349,06;0,00;0,00;0,00;-0,35;0,00;0,00;248;87;119;19;17;785;447
6161;53,13;-197,17;0,00;0,00;0,00;-0,20;0,00;0,00;394;12;199;11;17;227;762
6162;16,34;-588,07;0,00;0,00;0,00;-0,59;0,00;0,00;324;156;36;36;17;434;773
6163;10,94;-654,41;0,00;0,00;0,00;-0,65;0,00;0,00;134;15;44;41;19;122;853
6164;97,79;319,23;0,00;0,00;0,00;0,32;0,00;0,00;107;82;41;13;31;538;221
6165;70,65;0,33;0,00;0,00;0,00;0,00;0,00;0,00;191;181;137;14;30;872;589
6166;0,00;-633,03;0,00;0,00;0,00;-0,63;0,00;0,00;357;188;194;45;24;828;588
6167;53,16;-138,88;0,00;0,00;0,00;-0,14;0,00;0,00;455;27;140;23;23;314;974
6168;0,00;-675,66;0,00;0,00;0,00;-0,68;0,00;0,00;87;134;56;33;35;970;816
6169;44,42;-251,76;0,00;0,00;0,00;-0,25;0,00;0,00;338;50;17;24;31;555;901
6170;10,56;-640,26;0,00;0,00;0,00;-0,64;0,00;0,00;171;71;71;30;24;559;210
6171;37,28;-339,53;0,00;0,00;0,00;-0,34;0,00;0,00;429;98;145;43;17;826;839
6172;51,23;-191,59;0,00;0,00;0,00;-0,19;0,00;0,00;14;178;189;18;39;896;463
6173;31,49;-344,76;0,00;0,00;0,00;-0,34;0,00;0,00;47;172;19;16;30;636;597
6174;64,87;-56,57;0,00;0,00;0,00;-0,06;0,00;0,00;432;44;27;39;31;777;477
6175;14,89;-517,20;0,00;0,00;0,00;-0,52;0,00;0,00;200;161;47;10;37;889;186
6176;5,06;-659,91;0,00;0,00;0,00;-0,66;0,00;0,00;342;102;90;32;29;483;160
6177;84,53;106,14;0,00;0,00;0,00;0,11;0,00;0,00;202;155;10;49;20;246;567
6178;19,83;-521,87;0,00;0,00;0,00;-0,52;0,00;0,00;461;53;161;22;19;806;395
6179;36,32;-394,42;0,00;0,00;0,00;-0,39;0,00;0,00;477;146;14;38;19;930;613
6180;56,46;-55,73;0,00;0,00;0,00;-0,06;0,00;0,00;129;100;76;48;20;612;307
6181;59,91;-21,52;0,00;0,00;0,00;-0,02;0,00;0,00;439;138;198;39;26;295;940
6182;23,63;-464,44;0,00;0,00;0,00;-0,46;0,00;0,00;274;31;135;11;35;446;942
6183;81,66;117,33;0,00;0,00;0,00;0,12;0,00;0,00;260;50;122;22;20;179;229
6184;100,00;285,12;0,00;0,00;0,00;0,29;0,00;0,00;484;100;53;33;36;896;903
6185;91,85;164,59;0,00;0,00;0,00;0,16;0,00;0,00;206;31;157;16;22;122;961
6186;38,91;-351,40;0,00;0,00;0,00;-0,35;0,00;0,00;58;102;124;31;27;799;833
6187;54,93;-117,03;0,00;0,00;0,00;-0,12;0,00;0,00;426;61;31;37;37;276;529
6188;40,37;-298,66;0,00;0,00;0,00;-0,30;0,00;0,00;214;124;137;10;39;212;225
6189;23,24;-575,96;0,00;0,00;0,00;-0,58;0,00;0,00;76;15;10;31;15;781;951
6190;64,93;-3,47;0,00;0,00;0,00;-0,00;0,00;0,00;287;129;87;29;28;845;747
6191;76,92;33,08;0,00;0,00;0,00;0,03;0,00;0,00;458;132;175;39;36;855;314
6192;0,00;-657,55;0,00;0,00;0,00;-0,66;0,00;0,00;267;190;160;12;18;729;397
6193;85,30;207,61;0,00;0,00;0,00;0,21;0,00;0,00;487;109;124;12;25;945;799
6194;34,00;-366,70;0,00;0,00;0,00;-0,37;0,00;0,00;363;134;86;36;20;275;312
6195;37,54;-332,65;0,00;0,00;0,00;-0,33;0,00;0,00;331;112;58;16;29;294;823
6196;64,06;-98,51;0,00;0,00;0,00;-0,10;0,00;0,00;392;160;125;40;38;188;821
6197;66,55;-72,51;0,00;0,00;0,00;-0,07;0,00;0,00;80;124;169;43;30;117;392
6198;38,53;-349,29;0,00;0,00;0,00;-0,35;0,00;0,00;409;31;129;25;35;112;103
6199;60,14;-134,33;0,00;0,00;0,00;-0,13;0,00;0,00;359;70;96;26;39;552;203
6200;30,73;-428,52;0,00;0,00;0,00;-0,43;0,00;0,00;137;78;78;20;19;713;728
6201;49,41;-276,58;0,00;0,00;0,00;-0,28;0,00;0,00;95;157;133;36;32;476;362
6202;58,24;-18,46;0,00;0,00;0,00;-0,02;0,00;0,00;74;169;167;37;20;862;256
6203;100,00;284,70;0,00;0,00;0,00;0,28;0,00;0,00;312;30;19;41;16;837;109
6204;61,82;-113,66;0,00;0,00;0,00;-0,11;0,00;0,00;450;136;41;12;38;238;441
6205;43,16;-308,00;0,00;0,00;0,00;-0,31;0,00;0,00;236;24;94;44;20;714;587
6206;40,11;-238,75;0,00;0,00;0,00;-0,24;0,00;0,00;375;18;85;29;35;712;997
6207;52,59;-175,07;0,00;0,00;0,00;-0,18;0,00;0,00;159;80;27;13;16;124;546
6208;55,72;-167,99;0,00;0,00;0,00;-0,17;0,00;0,00;207;91;85;49;15;815;328
6209;41,50;-265,92;0,00;0,00;0,00;-0,27;0,00;0,00;403;61;37;12;19;432;536
6210;69,81;-112,79;0,00;0,00;0,00;-0,11;0,00;0,00;14;37;15;36;31;349;845
6211;22,46;-500,15;0,00;0,00;0,00;-0,50;0,00;0,00;365;193;143;49;20;408;520
6212;47,97;-218,71;0,00;0,00;0,00;-0,22;0,00;0,00;42;106;58;17;18;765;222
6213;60,59;-79,76;0,00;0,00;0,00;-0,08;0,00;0,00;72;75;174;17;18;939;724
6214;29,22;-383,41;0,00;0,00;0,00;-0,38;0,00;0,00;222;134;43;22;37;940;195
6215;72,31;-27,22;0,00;0,00;0,00;-0,03;0,00;0,00;445;113;32;15;34;512;256
6216;69,16;-41,72;0,00;0,00;0,00;-0,04;0,00;0,00;40;35;162;44;31;150;665
6217;41,67;-261,68;0,00;0,00;0,00;-0,26;0,00;0,00;255;125;86;23;28;800;529
6218;34,91;-393,36;0,00;0,00;0,00;-0,39;0,00;0,00;43;64;82;17;26;130;854
6219;77,94;77,20;0,00;0,00;0,00;0,08;0,00;0,00;220;39;192;22;27;889;857
6220;17,36;-569,89;0,00;0,00;0,00;-0,57;0,00;0,00;15;169;146;48;18;755;444
6221;83,22;53,24;0,00;0,00;0,00;0,05;0,00;0,00;198;111;136;18;38;841;322
6222;80,55;95,96;0,00;0,00;0,00;0,10;0,00;0,00;211;18;97;26;30;826;682
6223;62,38;-14,62;0,00;0,00;0,00;-0,01;0,00;0,00;464;23;29;38;15;285;972
6224;56,23;-166,86;0,00;0,00;0,00;-0,17;0,00;0,00;51;50;78;36;21;319;845
6225;36,91;-340,57;0,00;0,00;0,00;-0,34;0,00;0,00;113;136;83;19;20;699;904
6226;33,61;-395,12;0,00;0,00;0,00;-0,40;0,00;0,00;96;100;47;32;26;762;410
6227;3,21;-608,56;0,00;0,00;0,00;-0,61;0,00;0,00;188;27;30;17;37;534;169
6228;84,98;173,96;0,00;0,00;0,00;0,17;0,00;0,00;408;50;115;23;28;425;916
6229;56,70;-212,84;0,00;0,00;0,00;-0,21;0,00;0,00;108;174;29;48;16;723;220
6230;44,14;-184,98;0,00;0,00;0,00;-0,18;0,00;0,00;132;110;185;15;21;772;490
6231;79,55;14,67;0,00;0,00;0,00;0,01;0,00;0,00;181;12;85;13;38;733;525
6232;68,45;-48,36;0,00;0,00;0,00;-0,05;0,00;0,00;469;159;138;34;21;329;398
6233;52,14;-313,16;0,00;0,00;0,00;-0,31;0,00;0,00;287;20;79;39;24;391;969
6234;6,49;-678,79;0,00;0,00;0,00;-0,68;0,00;0,00;384;128;136;24;27;150;733
6235;69,81;-23,21;0,00;0,00;0,00;-0,02;0,00;0,00;463;184;179;38;37;845;453
6236;53,37;-142,64;0,00;0,00;0,00;-0,14;0,00;0,00;76;130;81;39;33;723;224
6237;38,35;-246,85;0,00;0,00;0,00;-0,25;0,00;0,00;172;107;136;48;21;617;327
6238;84,36;198,32;0,00;0,00;0,00;0,20;0,00;0,00;135;72;170;31;18;343;575
6239;59,77;-62,80;0,00;0,00;0,00;-0,06;0,00;0,00;65;112;99;41;17;937;211
6240;41,04;-335,07;0,00;0,00;0,00;-0,34;0,00;0,00;494;172;52;28;18;175;924
6241;96,85;298,69;0,00;0,00;0,00;0,30;0,00;0,00;214;127;103;18;20;562;884
6242;31,36;-411,58;0,00;0,00;0,00;-0,41;0,00;0,00;403;36;184;23;19;751;588
6243;85,40;180,69;0,00;0,00;0,00;0,18;0,00;0,00;312;23;89;49;31;387;463
6244;21,11;-557,78;0,00;0,00;0,00;-0,56;0,00;0,00;26;95;15;14;28;457;475
6245;42,98;-416,87;0,00;0,00;0,00;-0,42;0,00;0,00;315;157;103;18;21;777;916
6246;73,72;103,55;0,00;0,00;0,00;0,10;0,00;0,00;232;145;148;38;34;682;708
6247;92,74;199,32;0,00;0,00;0,00;0,20;0,00;0,00;94;170;42;39;38;335;271
6248;78,08;19,31;0,00;0,00;0,00;0,02;0,00;0,00;377;136;151;31;16;827;480
6249;73,60;93,16;0,00;0,00;0,00;0,09;0,00;0,00;60;39;83;46;15;318;978
6250;39,09;-344,00;0,00;0,00;0,00;-0,34;0,00;0,00;471;79;136;19;15;772;411
6251;74,56;10,83;0,00;0,00;0,00;0,01;0,00;0,00;53;80;146;46;36;444;924
6252;33,55;-358,96;0,00;0,00;0,00;-0,36;0,00;0,00;259;35;105;21;20;531;639
6253;18,02;-489,38;0,00;0,00;0,00;-0,49;0,00;0,00;63;174;64;23;32;154;592
6254;43,64;-218,57;0,00;0,00;0,00;-0,22;0,00;0,00;208;72;42;12;33;659;317
6255;87,44;203,26;0,00;0,00;0,00;0,20;0,00;0,00;196;112;126;13;26;735;674
6256;42,15;-339,12;0,00;0,00;0,00;-0,34;0,00;0,00;445;29;138;35;36;350;865
6257;66,43;-123,64;0,00;0,00;0,00;-0,12;0,00;0,00;359;168;92;10;30;443;128
6258;76,70;-4,92;0,00;0,00;0,00;-0,00;0,00;0,00;470;172;10;16;24;384;760
6259;47,06;-172,26;0,00;0,00;0,00;-0,17;0,00;0,00;110;190;30;45;16;582;532
6260;26,37;-386,18;0,00;0,00;0,00;-0,39;0,00;0,00;194;101;31;15;21;112;311
6261;16,52;-570,19;0,00;0,00;0,00;-0,57;0,00;0,00;379;180;130;17;30;657;654
6262;57,74;-108,95;0,00;0,00;0,00;-0,11;0,00;0,00;159;99;79;32;31;223;920
6263;52,83;-222,05;0,00;0,00;0,00;-0,22;0,00;0,00;245;190;31;35;15;845;813
6264;92,14;293,74;0,00;0,00;0,00;0,29;0,00;0,00;223;164;160;23;20;111;806
6265;95,88;243,05;0,00;0,00;0,00;0,24;0,00;0,00;181;147;140;24;24;678;763
6266;56,28;-89,58;0,00;0,00;0,00;-0,09;0,00;0,00;52;189;129;24;28;991;846
6267;50,97;-179,70;0,00;0,00;0,00;-0,18;0,00;0,00;363;115;136;14;31;533;455
6268;46,06;-296,20;0,00;0,00;0,00;-0,30;0,00;0,00;129;66;49;43;30;691;641
6269;0,00;-637,75;0,00;0,00;0,00;-0,64;0,00;0,00;389;181;60;22;28;409;120
6270;65,49;-42,27;0,00;0,00;0,00;-0,04;0,00;0,00;340;36;125;34;25;972;515
6271;25,52;-398,56;0,00;0,00;0,00;-0,40;0,00;0,00;165;96;115;28;27;845;181
6272;39,55;-339,50;0,00;0,00;0,00;-0,34;0,00;0,00;309;24;43;11;22;487;963
6273;73,54;23,15;0,00;0,00;0,00;0,02;0,00;0,00;293;91;59;20;39;386;866
6274;34,65;-373,40;0,00;0,00;0,00;-0,37;0,00;0,00;263;29;75;48;34;135;504
6275;81,71;97,26;0,00;0,00;0,00;0,10;0,00;0,00;262;91;178;19;35;394;281
6276;37,77;-318,80;0,00;0,00;0,00;-0,32;0,00;0,00;26;61;56;17;38;588;980
6277;12,03;-609,92;0,00;0,00;0,00;-0,61;0,00;0,00;305;65;176;40;24;108;349
6278;88,44;231,87;0,00;0,00;0,00;0,23;0,00;0,00;274;81;143;22;31;815;662
6279;38,54;-242,01;0,00;0,00;0,00;-0,24;0,00;0,00;278;114;77;34;38;952;548
6280;7,65;-696,97;0,00;0,00;0,00;-0,70;0,00;0,00;385;135;178;38;17;927;384
6281;32,50;-390,01;0,00;0,00;0,00;-0,39;0,00;0,00;126;96;195;44;26;888;500
6282;64,11;-114,17;0,00;0,00;0,00;-0,11;0,00;0,00;36;52;117;36;37;242;578
6283;33,35;-327,82;0,00;0,00;0,00;-0,33;0,00;0,00;376;171;121;18;19;472;396
6284;37,58;-312,45;0,00;0,00;0,00;-0,31;0,00;0,00;422;133;193;37;28;248;121
6285;14,77;-494,68;0,00;0,00;0,00;-0,49;0,00;0,00;114;181;43;22;25;983;387
6286;39,88;-361,46;0,00;0,00;0,00;-0,36;0,00;0,00;255;143;105;27;38;961;822
6287;67,33;-65,58;0,00;0,00;0,00;-0,07;0,00;0,00;81;95;146;10;24;235;853
6288;57,72;-131,09;0,00;0,00;0,00;-0,13;0,00;0,00;346;102;111;13;16;458;728
6289;29,27;-405,21;0,00;0,00;0,00;-0,41;0,00;0,00;209;132;168;11;37;953;246
6290;66,41;-65,81;0,00;0,00;0,00;-0,07;0,00;0,00;461;40;23;43;31;522;337
6291;84,07;45,26;0,00;0,00;0,00;0,05;0,00;0,00;192;14;20;30;36;561;149
6292;83,59;178,31;0,00;0,00;0,00;0,18;0,00;0,00;164;37;37;36;23;369;156
6293;58,16;-102,68;0,00;0,00;0,00;-0,10;0,00;0,00;132;122;79;14;29;922;427
6294;29,35;-444,11;0,00;0,00;0,00;-0,44;0,00;0,00;52;82;16;17;24;244;538
6295;54,72;-90,50;0,00;0,00;0,00;-0,09;0,00;0,00;139;116;45;15;37;484;176
6296;45,98;-276,06;0,00;0,00;0,00;-0,28;0,00;0,00;10;121;103;38;18;296;513
6297;26,63;-402,62;0,00;0,00;0,00;-0,40;0,00;0,00;154;96;158;46;15;531;699
6298;30,42;-373,22;0,00;0,00;0,00;-0,37;0,00;0,00;144;149;29;18;17;775;196
6299;100,00;366,79;0,00;0,00;0,00;0,37;0,00;0,00;366;46;150;36;23;730;553
6300;40,98;-279,41;0,00;0,00;0,00;-0,28;0,00;0,00;367;171;146;22;33;123;947
6301;79,44;77,38;0,00;0,00;0,00;0,08;0,00;0,00;408;142;91;37;22;979;104
6302;0,00;-677,06;0,00;0,00;0,00;-0,68;0,00;0,00;237;192;78;21;25;618;577
6303;0,00;-760,81;0,00;0,00;0,00;-0,76;0,00;0,00;218;109;82;26;28;881;624
6304;12,10;-534,58;0,00;0,00;0,00;-0,53;0,00;0,00;229;50;96;38;21;259;363
6305;40,89;-270,72;0,00;0,00;0,00;-0,27;0,00;0,00;196;120;161;23;25;910;584
6306;80,02;203,51;0,00;0,00;0,00;0,20;0,00;0,00;465;34;62;26;39;461;540
6307;13,59;-637,53;0,00;0,00;0,00;-0,64;0,00;0,00;183;68;45;42;24;714;767
6308;89,31;211,58;0,00;0,00;0,00;0,21;0,00;0,00;339;68;19;47;19;245;594
6309;61,52;-37,65;0,00;0,00;0,00;-0,04;0,00;0,00;11;55;54;23;30;958;779
6310;76,78;31,21;0,00;0,00;0,00;0,03;0,00;0,00;71;18;54;38;21;467;785
6311;79,03;82,01;0,00;0,00;0,00;0,08;0,00;0,00;452;64;114;49;23;997;153
6312;90,21;295,03;0,00;0,00;0,00;0,30;0,00;0,00;371;86;147;40;39;503;811
6313;43,73;-195,34;0,00;0,00;0,00;-0,20;0,00;0,00;227;70;119;27;23;726;651
6314;15,34;-519,54;0,00;0,00;0,00;-0,52;0,00;0,00;162;160;137;42;20;396;802
6315;83,17;109,99;0,00;0,00;0,00;0,11;0,00;0,00;397;23;105;19;31;657;878
6316;43,57;-172,72;0,00;0,00;0,00;-0,17;0,00;0,00;311;12;106;44;26;134;723
6317;0,00;-822,41;0,00;0,00;0,00;-0,82;0,00;0,00;102;193;83;21;21;366;586
6318;12,07;-576,59;0,00;0,00;0,00;-0,58;0,00;0,00;328;135;16;40;28;706;764
6319;45,60;-243,56;0,00;0,00;0,00;-0,24;0,00;0,00;289;10;100;19;31;642;748
6320;78,74;28,07;0,00;0,00;0,00;0,03;0,00;0,00;248;114;197;49;16;209;830
6321;39,08;-281,55;0,00;0,00;0,00;-0,28;0,00;0,00;26;197;33;45;24;497;841
6322;41,47;-314,04;0,00;0,00;0,00;-0,31;0,00;0,00;116;186;110;15;39;270;960
6323;47,72;-188,55;0,00;0,00;0,00;-0,19;0,00;0,00;379;83;112;33;26;747;812
6324;43,95;-298,12;0,00;0,00;0,00;-0,30;0,00;0,00;172;145;170;38;19;689;103
6325;47,13;-349,52;0,00;0,00;0,00;-0,35;0,00;0,00;294;31;54;44;35;954;165
6326;59,85;-89,29;0,00;0,00;0,00;-0,09;0,00;0,00;333;20;32;32;26;705;119
6327;0,00;-814,22;0,00;0,00;0,00;-0,81;0,00;0,00;453;67;94;19;30;783;524
6328;53,37;-187,49;0,00;0,00;0,00;-0,19;0,00;0,00;152;26;24;16;25;951;171
6329;32,17;-463,54;0,00;0,00;0,00;-0,46;0,00;0,00;417;81;114;48;22;137;436
6330;27,75;-381,83;0,00;0,00;0,00;-0,38;0,00;0,00;431;105;68;34;17;214;300
6331;42,25;-242,32;0,00;0,00;0,00;-0,24;0,00;0,00;462;68;114;49;28;922;595
6332;60,68;-63,05;0,00;0,00;0,00;-0,06;0,00;0,00;38;180;85;42;17;233;879
6333;60,61;-41,82;0,00;0,00;0,00;-0,04;0,00;0,00;484;13;141;44;22;618;696
6334;44,35;-289,72;0,00;0,00;0,00;-0,29;0,00;0,00;91;42;23;31;20;345;574
6335;42,78;-226,16;0,00;0,00;0,00;-0,23;0,00;0,00;347;114;27;28;37;979;309
6336;68,98;2,26;0,00;0,00;0,00;0,00;0,00;0,00;195;79;114;10;15;245;439
6337;97,87;337,80;0,00;0,00;0,00;0,34;0,00;0,00;105;13;152;23;21;990;436
6338;8,79;-691,67;0,00;0,00;0,00;-0,69;0,00;0,00;144;70;40;38;15;739;548
6339;42,09;-238,75;0,00;0,00;0,00;-0,24;0,00;0,00;248;62;195;11;21;329;137
6340;46,65;-146,20;0,00;0,00;0,00;-0,15;0,00;0,00;46;65;26;40;34;563;256
6341;10,82;-621,76;0,00;0,00;0,00;-0,62;0,00;0,00;428;103;125;18;39;370;725
6342;30,74;-316,52;0,00;0,00;0,00;-0,32;0,00;0,00;160;109;57;43;38;231;945
6343;0,00;-654,93;0,00;0,00;0,00;-0,65;0,00;0,00;148;28;100;13;37;154;525
6344;75,25;35,33;0,00;0,00;0,00;0,04;0,00;0,00;121;161;189;27;19;997;493
6345;61,94;-59,85;0,00;0,00;0,00;-0,06;0,00;0,00;183;84;80;16;39;412;587
6346;77,23;25,71;0,00;0,00;0,00;0,03;0,00;0,00;217;99;199;10;19;868;422
6347;20,29;-478,68;0,00;0,00;0,00;-0,48;0,00;0,00;60;40;104;33;15;414;833
6348;37,07;-345,63;0,00;0,00;0,00;-0,35;0,00;0,00;159;174;81;44;18;764;115
6349;0,00;-823,50;0,00;0,00;0,00;-0,82;0,00;0,00;137;182;186;23;34;266;665
6350;72,34;73,82;0,00;0,00;0,00;0,07;0,00;0,00;321;148;37;44;16;719;193
6351;79,35;174,31;0,00;0,00;0,00;0,17;0,00;0,00;94;62;166;49;32;535;594
6352;18,05;-527,41;0,00;0,00;0,00;-0,53;0,00;0,00;378;39;103;43;18;985;622
6353;60,87;-100,55;0,00;0,00;0,00;-0,10;0,00;0,00;405;71;19;14;18;825;697
6354;41,97;-328,66;0,00;0,00;0,00;-0,33;0,00;0,00;248;139;167;10;22;568;106
6355;44,15;-215,02;0,00;0,00;0,00;-0,22;0,00;0,00;261;38;149;41;35;726;414
6356;20,85;-507,41;0,00;0,00;0,00;-0,51;0,00;0,00;11;110;120;17;21;676;198
6357;58,91;-36,18;0,00;0,00;0,00;-0,04;0,00;0,00;273;135;66;34;19;460;936
6358;37,44;-252,79;0,00;0,00;0,00;-0,25;0,00;0,00;225;191;64;35;36;147;511
6359;41,68;-281,92;0,00;0,00;0,00;-0,28;0,00;0,00;61;161;111;11;28;223;958
6360;51,66;-216,36;0,00;0,00;0,00;-0,22;0,00;0,00;13;140;59;47;15;138;518
6361;73,81;-22,31;0,00;0,00;0,00;-0,02;0,00;0,00;294;20;184;17;20;475;399
6362;100,00;331,59;0,00;0,00;0,00;0,33;0,00;0,00;392;59;125;40;33;604;983
6363;80,84;183,93;0,00;0,00;0,00;0,18;0,00;0,00;72;170;120;33;16;770;926
6364;43,73;-206,96;0,00;0,00;0,00;-0,21;0,00;0,00;495;44;182;47;21;786;659
6365;93,50;248,94;0,00;0,00;0,00;0,25;0,00;0,00;112;191;164;41;23;405;354
6366;64,10;-114,03;0,00;0,00;0,00;-0,11;0,00;0,00;407;108;145;16;28;621;472
6367;30,14;-440,44;0,00;0,00;0,00;-0,44;0,00;0,00;469;86;138;20;29;885;105
6368;54,81;-197,17;0,00;0,00;0,00;-0,20;0,00;0,00;456;41;21;16;21;578;761
6369;25,99;-468,45;0,00;0,00;0,00;-0,47;0,00;0,00;300;144;88;34;30;573;220
6370;92,76;179,88;0,00;0,00;0,00;0,18;0,00;0,00;59;199;40;42;32;863;819
6371;58,55;-10,24;0,00;0,00;0,00;-0,01;0,00;0,00;72;18;47;37;39;689;236
6372;45,32;-233,82;0,00;0,00;0,00;-0,23;0,00;0,00;133;193;18;43;37;269;650
6373;86,57;121,11;0,00;0,00;0,00;0,12;0,00;0,00;290;121;185;45;33;698;424
6374;85,45;154,86;0,00;0,00;0,00;0,15;0,00;0,00;480;109;30;49;33;485;562
6375;77,75;31,49;0,00;0,00;0,00;0,03;0,00;0,00;277;137;67;39;15;917;852
6376;51,95;-192,49;0,00;0,00;0,00;-0,19;0,00;0,00;421;31;51;37;39;227;578
6377;29,73;-323,95;0,00;0,00;0,00;-0,32;0,00;0,00;271;110;120;28;23;514;568
6378;47,87;-189,25;0,00;0,00;0,00;-0,19;0,00;0,00;298;137;39;47;17;938;264
6379;75,43;121,06;0,00;0,00;0,00;0,12;0,00;0,00;496;174;63;28;18;632;708
6380;51,44;-236,11;0,00;0,00;0,00;-0,24;0,00;0,00;426;97;148;43;27;476;382
6381;54,94;-156,83;0,00;0,00;0,00;-0,16;0,00;0,00;167;159;82;38;29;711;272
6382;54,19;-107,64;0,00;0,00;0,00;-0,11;0,00;0,00;305;33;153;31;39;674;870
6383;8,10;-672,10;0,00;0,00;0,00;-0,67;0,00;0,00;258;94;82;36;18;526;268
6384;88,07;187,36;0,00;0,00;0,00;0,19;0,00;0,00;452;51;139;17;27;869;223
6385;55,89;-139,46;0,00;0,00;0,00;-0,14;0,00;0,00;317;113;182;32;30;431;834
6386;65,57;-58,76;0,00;0,00;0,00;-0,06;0,00;0,00;356;137;151;15;39;895;915
6387;48,42;-162,71;0,00;0,00;0,00;-0,16;0,00;0,00;424;22;14;21;33;630;969
6388;36,41;-249,49;0,00;0,00;0,00;-0,25;0,00;0,00;118;40;19;19;18;486;239
6389;30,13;-389,69;0,00;0,00;0,00;-0,39;0,00;0,00;67;194;191;35;25;173;274
6390;39,66;-249,28;0,00;0,00;0,00;-0,25;0,00;0,00;228;56;114;18;19;342;789
6391;36,32;-322,51;0,00;0,00;0,00;-0,32;0,00;0,00;487;52;145;17;19;320;929
6392;11,79;-583,54;0,00;0,00;0,00;-0,58;0,00;0,00;436;199;157;31;17;329;705
6393;85,40;129,73;0,00;0,00;0,00;0,13;0,00;0,00;84;174;34;43;22;535;413
6394;2,11;-682,43;0,00;0,00;0,00;-0,68;0,00;0,00;472;52;62;49;26;119;293
6395;39,34;-243,00;0,00;0,00;0,00;-0,24;0,00;0,00;212;22;61;10;37;881;559
6396;14,02;-545,67;0,00;0,00;0,00;-0,55;0,00;0,00;35;182;144;21;39;990;437
6397;21,34;-396,59;0,00;0,00;0,00;-0,40;0,00;0,00;278;45;172;22;28;743;339
6398;13,99;-613,72;0,00;0,00;0,00;-0,61;0,00;0,00;251;14;100;30;20;594;201
6399;42,77;-247,21;0,00;0,00;0,00;-0,25;0,00;0,00;490;157;79;27;29;867;331
6400;38,10;-321,61;0,00;0,00;0,00;-0,32;0,00;0,00;364;58;107;15;28;431;928
6401;68,89;-60,31;0,00;0,00;0,00;-0,06;0,00;0,00;58;44;197;46;23;463;591
6402;1,23;-668,21;0,00;0,00;0,00;-0,67;0,00;0,00;10;176;140;46;15;832;572
6403;41,24;-280,35;0,00;0,00;0,00;-0,28;0,00;0,00;219;147;183;37;33;417;715
6404;12,10;-485,09;0,00;0,00;0,00;-0,49;0,00;0,00;366;81;183;24;18;619;822
6405;92,56;226,65;0,00;0,00;0,00;0,23;0,00;0,00;42;104;152;47;33;795;619
6406;35,20;-349,95;0,00;0,00;0,00;-0,35;0,00;0,00;38;59;181;44;17;757;224
6407;34,60;-370,00;0,00;0,00;0,00;-0,37;0,00;0,00;395;60;87;29;27;936;930
6408;20,29;-503,69;0,00;0,00;0,00;-0,50;0,00;0,00;83;41;82;42;21;643;543
6409;12,08;-464,25;0,00;0,00;0,00;-0,46;0,00;0,00;22;151;175;28;25;760;476
6410;55,19;-243,38;0,00;0,00;0,00;-0,24;0,00;0,00;72;156;14;21;24;695;175
6411;25,72;-351,68;0,00;0,00;0,00;-0,35;0,00;0,00;50;70;92;41;34;998;270
6412;46,11;-209,80;0,00;0,00;0,00;-0,21;0,00;0,00;181;138;33;40;33;330;134
6413;7,76;-586,28;0,00;0,00;0,00;-0,59;0,00;0,00;43;128;22;23;30;787;850
6414;40,71;-362,88;0,00;0,00;0,00;-0,36;0,00;0,00;153;132;146;11;27;268;117
6415;54,57;-207,33;0,00;0,00;0,00;-0,21;0,00;0,00;183;42;74;29;24;373;854
6416;41,75;-264,27;0,00;0,00;0,00;-0,26;0,00;0,00;127;34;174;18;22;793;621
6417;36,96;-344,67;0,00;0,00;0,00;-0,34;0,00;0,00;441;50;125;12;24;627;105
6418;28,15;-445,23;0,00;0,00;0,00;-0,45;0,00;0,00;298;85;118;23;22;540;355
6419;54,52;-125,50;0,00;0,00;0,00;-0,13;0,00;0,00;200;111;41;22;20;353;487
6420;55,32;-66,06;0,00;0,00;0,00;-0,07;0,00;0,00;244;104;194;17;23;969;950
6421;61,68;-26,28;0,00;0,00;0,00;-0,03;0,00;0,00;283;144;69;32;32;480;992
6422;30,25;-392,73;0,00;0,00;0,00;-0,39;0,00;0,00;243;63;68;18;19;537;695
6423;54,06;-217,38;0,00;0,00;0,00;-0,22;0,00;0,00;456;45;176;13;15;712;256
6424;100,00;304,44;0,00;0,00;0,00;0,30;0,00;0,00;160;56;34;16;16;474;321
6425;38,65;-309,26;0,00;0,00;0,00;-0,31;0,00;0,00;334;78;122;14;19;129;641
6426;1,85;-688,33;0,00;0,00;0,00;-0,69;0,00;0,00;403;65;52;12;32;896;761
6427;66,74;-47,15;0,00;0,00;0,00;-0,05;0,00;0,00;168;59;22;18;18;314;636
6428;61,80;-94,07;0,00;0,00;0,00;-0,09;0,00;0,00;55;75;34;18;31;398;929
6429;0,00;-665,39;0,00;0,00;0,00;-0,67;0,00;0,00;126;183;173;43;24;169;573
6430;71,45;-40,54;0,00;0,00;0,00;-0,04;0,00;0,00;283;196;62;34;33;391;659
6431;18,35;-447,13;0,00;0,00;0,00;-0,45;0,00;0,00;277;164;18;25;33;368;376
6432;33,09;-397,05;0,00;0,00;0,00;-0,40;0,00;0,00;83;167;88;46;21;996;389
6433;35,91;-402,02;0,00;0,00;0,00;-0,40;0,00;0,00;346;99;138;22;23;554;168
6434;43,27;-212,14;0,00;0,00;0,00;-0,21;0,00;0,00;382;39;74;17;15;133;299
6435;33,30;-312,72;0,00;0,00;0,00;-0,31;0,00;0,00;418;100;63;10;33;926;304
6436;51,74;-137,64;0,00;0,00;0,00;-0,14;0,00;0,00;262;78;142;25;37;161;650
6437;9,95;-594,65;0,00;0,00;0,00;-0,59;0,00;0,00;227;148;46;34;23;737;484
6438;63,08;-31,97;0,00;0,00;0,00;-0,03;0,00;0,00;134;76;135;36;36;722;823
6439;17,05;-536,85;0,00;0,00;0,00;-0,54;0,00;0,00;241;32;141;23;36;468;961
6440;22,21;-507,50;0,00;0,00;0,00;-0,51;0,00;0,00;163;48;12;31;22;465;882
6441;24,53;-378,94;0,00;0,00;0,00;-0,38;0,00;0,00;463;30;59;47;29;882;835
6442;47,63;-338,41;0,00;0,00;0,00;-0,34;0,00;0,00;225;26;104;35;34;816;346
6443;24,90;-453,36;0,00;0,00;0,00;-0,45;0,00;0,00;46;83;152;15;24;781;430
6444;56,47;-136,85;0,00;0,00;0,00;-0,14;0,00;0,00;226;196;14;22;28;840;157
6445;75,02;76,83;0,00;0,00;0,00;0,08;0,00;0,00;190;52;109;30;36;205;675
6446;57,42;-110,73;0,00;0,00;0,00;-0,11;0,00;0,00;156;87;152;46;18;641;587
6447;53,82;-244,63;0,00;0,00;0,00;-0,24;0,00;0,00;243;134;14;24;36;328;843
6448;76,42;3,21;0,00;0,00;0,00;0,00;0,00;0,00;12;165;121;14;31;805;576
6449;25,19;-357,05;0,00;0,00;0,00;-0,36;0,00;0,00;110;43;120;33;20;739;851
6450;45,88;-329,51;0,00;0,00;0,00;-0,33;0,00;0,00;297;49;105;15;30;118;381
6451;34,98;-407,64;0,00;0,00;0,00;-0,41;0,00;0,00;139;92;84;22;32;788;539
6452;0,00;-691,70;0,00;0,00;0,00;-0,69;0,00;0,00;68;161;194;41;21;461;201
6453;47,91;-284,45;0,00;0,00;0,00;-0,28;0,00;0,00;283;71;174;24;37;474;869
6454;29,00;-410,59;0,00;0,00;0,00;-0,41;0,00;0,00;410;188;110;37;26;837;517
6455;77,26;35,14;0,00;0,00;0,00;0,04;0,00;0,00;300;46;123;18;19;569;166
6456;49,04;-203,71;0,00;0,00;0,00;-0,20;0,00;0,00;437;53;16;37;24;735;595
6457;79,18;0,84;0,00;0,00;0,00;0,00;0,00;0,00;36;184;57;21;29;754;315
6458;36,26;-308,05;0,00;0,00;0,00;-0,31;0,00;0,00;80;185;185;19;18;758;190
6459;69,39;-32,63;0,00;0,00;0,00;-0,03;0,00;0,00;15;54;73;24;25;454;699
6460;20,00;-597,96;0,00;0,00;0,00;-0,60;0,00;0,00;460;162;16;19;30;958;870
6461;28,73;-404,64;0,00;0,00;0,00;-0,40;0,00;0,00;457;17;157;22;30;474;689
6462;40,13;-277,26;0,00;0,00;0,00;-0,28;0,00;0,00;236;108;79;42;20;952;627
6463;64,46;-39,62;0,00;0,00;0,00;-0,04;0,00;0,00;196;33;195;16;36;353;147
6464;17,64;-445,33;0,00;0,00;0,00;-0,45;0,00;0,00;275;113;111;36;21;393;785
6465;100,00;322,12;0,00;0,00;0,00;0,32;0,00;0,00;385;134;67;31;18;874;434
6466;73,40;34,75;0,00;0,00;0,00;0,03;0,00;0,00;278;30;25;18;34;460;135
6467;43,34;-329,11;0,00;0,00;0,00;-0,33;0,00;0,00;268;199;72;27;25;161;116
6468;49,31;-213,20;0,00;0,00;0,00;-0,21;0,00;0,00;422;91;152;14;39;244;391
6469;34,27;-349,65;0,00;0,00;0,00;-0,35;0,00;0,00;128;20;150;35;20;977;683
6470;49,96;-240,18;0,00;0,00;0,00;-0,24;0,00;0,00;386;14;91;18;37;149;797
6471;38,50;-250,81;0,00;0,00;0,00;-0,25;0,00;0,00;35;14;29;20;33;351;656
6472;68,56;24,04;0,00;0,00;0,00;0,02;0,00;0,00;107;70;110;18;32;725;638
6473;21,81;-457,75;0,00;0,00;0,00;-0,46;0,00;0,00;246;126;59;45;24;294;443
6474;96,79;258,39;0,00;0,00;0,00;0,26;0,00;0,00;83;88;59;17;34;703;193
6475;39,12;-344,36;0,00;0,00;0,00;-0,34;0,00;0,00;496;155;169;20;23;731;135
6476;42,39;-331,10;0,00;0,00;0,00;-0,33;0,00;0,00;58;57;12;28;35;442;635
6477;32,65;-358,86;0,00;0,00;0,00;-0,36;0,00;0,00;343;119;129;48;31;557;758
6478;90,19;222,60;0,00;0,00;0,00;0,22;0,00;0,00;249;36;94;27;36;743;820
6479;66,83;-0,35;0,00;0,00;0,00;-0,00;0,00;0,00;90;141;19;37;22;249;991
6480;64,71;-67,36;0,00;0,00;0,00;-0,07;0,00;0,00;189;30;118;18;34;287;616
6481;23,29;-513,56;0,00;0,00;0,00;-0,51;0,00;0,00;318;78;20;20;29;956;163
6482;54,45;-178,57;0,00;0,00;0,00;-0,18;0,00;0,00;329;38;146;18;37;104;941
6483;6,39;-711,84;0,00;0,00;0,00;-0,71;0,00;0,00;214;138;108;47;33;634;740
6484;31,09;-445,50;0,00;0,00;0,00;-0,45;0,00;0,00;438;138;19;39;31;538;463
6485;64,96;-71,29;0,00;0,00;0,00;-0,07;0,00;0,00;472;167;188;37;30;866;296
6486;71,53;-30,89;0,00;0,00;0,00;-0,03;0,00;0,00;175;124;52;29;30;836;456
6487;40,54;-299,16;0,00;0,00;0,00;-0,30;0,00;0,00;419;94;143;48;35;627;990
6488;57,48;-170,21;0,00;0,00;0,00;-0,17;0,00;0,00;155;38;67;34;37;992;944
6489;76,63;129,65;0,00;0,00;0,00;0,13;0,00;0,00;176;166;130;31;24;826;181
6490;44,35;-289,10;0,00;0,00;0,00;-0,29;0,00;0,00;58;13;134;46;18;931;951
6491;55,95;-149,02;0,00;0,00;0,00;-0,15;0,00;0,00;476;15;64;23;27;329;836
6492;36,47;-330,57;0,00;0,00;0,00;-0,33;0,00;0,00;426;135;159;14;21;780;888
6493;33,58;-375,24;0,00;0,00;0,00;-0,38;0,00;0,00;367;150;92;35;23;508;130
6494;64,47;-154,65;0,00;0,00;0,00;-0,15;0,00;0,00;266;43;140;18;34;565;559
6495;22,84;-427,99;0,00;0,00;0,00;-0,43;0,00;0,00;145;152;83;44;29;987;321
6496;21,33;-420,59;0,00;0,00;0,00;-0,42;0,00;0,00;262;27;26;34;32;706;866
6497;22,38;-485,51;0,00;0,00;0,00;-0,49;0,00;0,00;438;17;166;42;16;901;212
6498;66,30;62,22;0,00;0,00;0,00;0,06;0,00;0,00;397;194;55;13;38;284;558
6499;100,00;270,90;0,00;0,00;0,00;0,27;0,00;0,00;33;20;167;33;25;927;508
6500;22,61;-545,66;0,00;0,00;0,00;-0,55;0,00;0,00;314;48;65;33;26;764;600
6501;56,02;-100,18;0,00;0,00;0,00;-0,10;0,00;0,00;447;129;114;34;25;497;417
6502;31,17;-421,80;0,00;0,00;0,00;-0,42;0,00;0,00;85;17;13;36;34;163;235
6503;0,00;-714,28;0,00;0,00;0,00;-0,71;0,00;0,00;421;43;159;15;39;770;349
6504;19,53;-529,40;0,00;0,00;0,00;-0,53;0,00;0,00;246;11;130;45;24;961;414
6505;78,09;76,20;0,00;0,00;0,00;0,08;0,00;0,00;268;199;63;13;22;610;868
6506;44,94;-237,95;0,00;0,00;0,00;-0,24;0,00;0,00;173;44;32;30;23;621;412
6507;47,64;-185,17;0,00;0,00;0,00;-0,19;0,00;0,00;298;89;145;28;30;252;672
6508;54,59;-154,21;0,00;0,00;0,00;-0,15;0,00;0,00;206;144;149;16;22;290;609
6509;76,22;10,20;0,00;0,00;0,00;0,01;0,00;0,00;352;186;42;32;17;933;481
6510;45,03;-267,74;0,00;0,00;0,00;-0,27;0,00;0,00;362;149;66;27;16;320;210
6511;89,78;204,66;0,00;0,00;0,00;0,20;0,00;0,00;269;117;61;25;15;133;735
6512;25,63;-466,88;0,00;0,00;0,00;-0,47;0,00;0,00;177;159;57;41;20;124;854
6513;84,95;170,90;0,00;0,00;0,00;0,17;0,00;0,00;245;20;34;40;31;496;979
6514;42,12;-289,84;0,00;0,00;0,00;-0,29;0,00;0,00;484;197;116;32;23;375;162
6515;54,15;-140,99;0,00;0,00;0,00;-0,14;0,00;0,00;241;166;55;46;30;461;137
6516;35,43;-303,66;0,00;0,00;0,00;-0,30;0,00;0,00;226;106;46;13;33;204;995
6517;51,70;-202,74;0,00;0,00;0,00;-0,20;0,00;0,00;303;133;175;13;34;374;796
6518;36,47;-272,11;0,00;0,00;0,00;-0,27;0,00;0,00;377;104;33;27;28;269;358
6519;15,69;-540,86;0,00;0,00;0,00;-0,54;0,00;0,00;446;156;63;22;30;965;219
6520;25,74;-497,25;0,00;0,00;0,00;-0,50;0,00;0,00;170;154;94;38;32;714;304
6521;58,37;-151,29;0,00;0,00;0,00;-0,15;0,00;0,00;159;123;57;20;32;748;426
6522;53,00;-153,34;0,00;0,00;0,00;-0,15;0,00;0,00;430;185;60;27;26;729;899
6523;99,40;259,39;0,00;0,00;0,00;0,26;0,00;0,00;323;116;58;25;15;582;339
6524;14,77;-586,82;0,00;0,00;0,00;-0,59;0,00;0,00;84;119;45;21;20;896;913
6525;64,43;-56,47;0,00;0,00;0,00;-0,06;0,00;0,00;349;147;162;18;33;190;130
6526;35,52;-378,08;0,00;0,00;0,00;-0,38;0,00;0,00;256;40;36;10;16;603;460
6527;40,01;-372,41;0,00;0,00;0,00;-0,37;0,00;0,00;353;13;92;26;27;514;187
6528;52,41;-159,11;0,00;0,00;0,00;-0,16;0,00;0,00;390;104;170;10;25;783;495
6529;56,21;-149,57;0,00;0,00;0,00;-0,15;0,00;0,00;75;42;112;24;35;445;989
6530;0,00;-751,26;0,00;0,00;0,00;-0,75;0,00;0,00;215;192;49;23;30;531;251
6531;75,09;7,75;0,00;0,00;0,00;0,01;0,00;0,00;466;49;23;14;39;399;805
6532;28,13;-357,06;0,00;0,00;0,00;-0,36;0,00;0,00;95;83;26;21;23;297;652
6533;22,94;-507,76;0,00;0,00;0,00;-0,51;0,00;0,00;183;178;93;42;32;598;690
6534;28,53;-417,48;0,00;0,00;0,00;-0,42;0,00;0,00;106;196;199;31;37;240;422
6535;68,07;-44,79;0,00;0,00;0,00;-0,04;0,00;0,00;93;164;105;27;28;821;111
6536;68,90;-49,98;0,00;0,00;0,00;-0,05;0,00;0,00;253;16;146;20;30;131;705
6537;70,39;-45,66;0,00;0,00;0,00;-0,05;0,00;0,00;64;23;52;19;17;769;691
6538;63,61;-37,75;0,00;0,00;0,00;-0,04;0,00;0,00;346;38;122;29;17;482;409
6539;23,95;-493,02;0,00;0,00;0,00;-0,49;0,00;0,00;290;31;172;13;34;803;967
6540;29,82;-397,67;0,00;0,00;0,00;-0,40;0,00;0,00;34;151;116;35;29;589;449
6541;66,51;-109,36;0,00;0,00;0,00;-0,11;0,00;0,00;44;45;133;13;31;455;271
6542;11,35;-585,74;0,00;0,00;0,00;-0,59;0,00;0,00;440;174;93;37;26;141;316
6543;39,52;-348,41;0,00;0,00;0,00;-0,35;0,00;0,00;304;116;115;42;28;283;362
6544;72,30;78,48;0,00;0,00;0,00;0,08;0,00;0,00;65;115;120;24;37;472;737
6545;80,55;72,91;0,00;0,00;0,00;0,07;0,00;0,00;323;140;61;48;31;295;937
6546;24,79;-454,38;0,00;0,00;0,00;-0,45;0,00;0,00;220;92;79;20;23;516;784
6547;32,99;-342,99;0,00;0,00;0,00;-0,34;0,00;0,00;96;39;12;13;18;958;470
6548;73,31;132,10;0,00;0,00;0,00;0,13;0,00;0,00;123;56;119;22;36;182;943
6549;68,94;-7,51;0,00;0,00;0,00;-0,01;0,00;0,00;201;167;155;30;32;828;660
6550;70,26;48,43;0,00;0,00;0,00;0,05;0,00;0,00;450;133;151;32;22;218;877
6551;45,52;-229,18;0,00;0,00;0,00;-0,23;0,00;0,00;326;121;24;45;20;519;329
6552;51,80;-219,08;0,00;0,00;0,00;-0,22;0,00;0,00;249;156;121;21;36;453;278
6553;55,03;-138,29;0,00;0,00;0,00;-0,14;0,00;0,00;100;85;127;30;22;998;319
6554;68,30;29,39;0,00;0,00;0,00;0,03;0,00;0,00;30;134;80;34;28;447;930
6555;38,15;-319,57;0,00;0,00;0,00;-0,32;0,00;0,00;222;36;170;17;24;896;983
6556;82,43;168,13;0,00;0,00;0,00;0,17;0,00;0,00;96;180;173;16;28;921;176
6557;51,87;-229,44;0,00;0,00;0,00;-0,23;0,00;0,00;368;99;190;17;19;968;200
6558;57,75;-136,15;0,00;0,00;0,00;-0,14;0,00;0,00;451;89;43;28;28;888;849
6559;58,67;-111,16;0,00;0,00;0,00;-0,11;0,00;0,00;455;114;74;28;32;240;158
6560;55,37;-175,04;0,00;0,00;0,00;-0,18;0,00;0,00;151;162;155;37;36;234;172
6561;75,00;94,63;0,00;0,00;0,00;0,09;0,00;0,00;348;79;196;25;23;440;649
6562;47,35;-167,32;0,00;0,00;0,00;-0,17;0,00;0,00;311;174;74;18;36;716;198
6563;82,63;200,66;0,00;0,00;0,00;0,20;0,00;0,00;413;121;184;18;15;172;420
6564;79,12;60,62;0,00;0,00;0,00;0,06;0,00;0,00;10;32;110;15;34;237;766
6565;32,41;-435,66;0,00;0,00;0,00;-0,44;0,00;0,00;477;114;165;33;39;881;345
6566;46,12;-246,46;0,00;0,00;0,00;-0,25;0,00;0,00;264;149;154;20;34;208;931
6567;16,33;-584,56;0,00;0,00;0,00;-0,58;0,00;0,00;116;193;87;30;34;868;819
6568;100,00;220,65;0,00;0,00;0,00;0,22;0,00;0,00;273;192;70;37;15;743;809
6569;100,00;372,27;0,00;0,00;0,00;0,37;0,00;0,00;189;105;133;38;32;203;689
6570;73,09;44,65;0,00;0,00;0,00;0,04;0,00;0,00;337;22;112;24;33;989;909
6571;36,68;-348,34;0,00;0,00;0,00;-0,35;0,00;0,00;264;17;93;35;18;170;292
6572;40,22;-230,79;0,00;0,00;0,00;-0,23;0,00;0,00;474;96;22;15;26;899;110
6573;55,04;-166,86;0,00;0,00;0,00;-0,17;0,00;0,00;391;64;90;48;33;214;334
6574;36,32;-234,38;0,00;0,00;0,00;-0,23;0,00;0,00;307;155;31;20;22;831;238
6575;48,61;-246,87;0,00;0,00;0,00;-0,25;0,00;0,00;329;51;64;29;30;188;317
6576;70,09;38,40;0,00;0,00;0,00;0,04;0,00;0,00;201;152;138;46;28;164;140
6577;47,93;-225,35;0,00;0,00;0,00;-0,23;0,00;0,00;242;77;129;33;33;631;312
6578;67,82;-29,64;0,00;0,00;0,00;-0,03;0,00;0,00;211;55;99;41;31;401;578
6579;44,91;-351,73;0,00;0,00;0,00;-0,35;0,00;0,00;425;145;30;37;23;814;386
6580;51,16;-131,78;0,00;0,00;0,00;-0,13;0,00;0,00;419;86;124;10;34;785;977
6581;45,13;-303,58;0,00;0,00;0,00;-0,30;0,00;0,00;474;58;101;31;25;137;951
6582;39,83;-265,03;0,00;0,00;0,00;-0,27;0,00;0,00;278;55;67;36;34;843;506
6583;17,75;-489,70;0,00;0,00;0,00;-0,49;0,00;0,00;331;137;198;10;23;282;958
6584;42,52;-218,65;0,00;0,00;0,00;-0,22;0,00;0,00;114;38;70;28;24;486;896
6585;35,93;-372,32;0,00;0,00;0,00;-0,37;0,00;0,00;349;88;45;13;21;996;869
6586;68,58;-36,92;0,00;0,00;0,00;-0,04;0,00;0,00;294;163;107;21;31;559;440
6587;91,53;309,04;0,00;0,00;0,00;0,31;0,00;0,00;259;158;57;44;35;565;137
6588;23,47;-384,02;0,00;0,00;0,00;-0,38;0,00;0,00;213;23;41;48;20;563;795
6589;0,00;-630,01;0,00;0,00;0,00;-0,63;0,00;0,00;450;141;62;16;31;108;482
6590;69,69;44,18;0,00;0,00;0,00;0,04;0,00;0,00;132;29;138;24;36;848;709
6591;72,47;-37,01;0,00;0,00;0,00;-0,04;0,00;0,00;295;103;128;10;24;321;383
6592;31,99;-407,79;0,00;0,00;0,00;-0,41;0,00;0,00;109;25;66;36;29;575;902
6593;6,30;-611,98;0,00;0,00;0,00;-0,61;0,00;0,00;100;38;175;11;26;128;791
6594;67,94;-66,98;0,00;0,00;0,00;-0,07;0,00;0,00;201;40;70;44;32;421;117
6595;64,04;7,93;0,00;0,00;0,00;0,01;0,00;0,00;274;104;128;43;34;534;314
6596;93,55;261,70;0,00;0,00;0,00;0,26;0,00;0,00;499;75;109;25;27;615;671
6597;0,00;-733,80;0,00;0,00;0,00;-0,73;0,00;0,00;439;35;90;25;16;179;786
6598;44,44;-343,33;0,00;0,00;0,00;-0,34;0,00;0,00;393;75;193;19;16;332;524
6599;65,47;-14,41;0,00;0,00;0,00;-0,01;0,00;0,00;388;130;84;22;24;545;873
6600;58,06;-125,86;0,00;0,00;0,00;-0,13;0,00;0,00;443;39;64;49;22;651;589
6601;78,37;94,36;0,00;0,00;0,00;0,09;0,00;0,00;263;81;169;17;23;384;584
6602;0,00;-718,72;0,00;0,00;0,00;-0,72;0,00;0,00;167;105;195;49;27;447;177
6603;61,80;-136,29;0,00;0,00;0,00;-0,14;0,00;0,00;450;36;70;18;38;872;206
6604;54,94;-134,73;0,00;0,00;0,00;-0,13;0,00;0,00;340;17;14;49;26;525;732
6605;100,00;368,95;0,00;0,00;0,00;0,37;0,00;0,00;303;126;170;25;27;156;960
6606;24,30;-459,56;0,00;0,00;0,00;-0,46;0,00;0,00;214;184;30;12;34;849;339
6607;18,68;-554,13;0,00;0,00;0,00;-0,55;0,00;0,00;277;178;105;27;25;867;515
6608;18,93;-483,16;0,00;0,00;0,00;-0,48;0,00;0,00;53;167;195;43;23;502;796
6609;36,11;-321,58;0,00;0,00;0,00;-0,32;0,00;0,00;425;116;146;18;29;838;447
6610;66,09;-15,09;0,00;0,00;0,00;-0,02;0,00;0,00;17;124;15;33;35;759;477
6611;11,16;-539,27;0,00;0,00;0,00;-0,54;0,00;0,00;401;186;175;20;29;380;562
6612;52,72;-57,09;0,00;0,00;0,00;-0,06;0,00;0,00;308;81;188;45;33;665;736
6613;20,21;-482,15;0,00;0,00;0,00;-0,48;0,00;0,00;213;16;167;21;28;745;286
6614;100,00;320,51;0,00;0,00;0,00;0,32;0,00;0,00;98;109;68;24;19;431;854
6615;62,39;28,65;0,00;0,00;0,00;0,03;0,00;0,00;250;177;52;49;27;556;921
6616;0,00;-651,67;0,00;0,00;0,00;-0,65;0,00;0,00;162;100;196;27;32;584;166
6617;7,82;-675,89;0,00;0,00;0,00;-0,68;0,00;0,00;431;100;119;17;33;216;289
6618;35,16;-369,29;0,00;0,00;0,00;-0,37;0,00;0,00;431;130;91;43;33;599;547
6619;59,12;-89,49;0,00;0,00;0,00;-0,09;0,00;0,00;295;71;33;46;19;717;341
6620;57,30;-132,27;0,00;0,00;0,00;-0,13;0,00;0,00;403;79;137;10;37;928;501
6621;99,37;289,20;0,00;0,00;0,00;0,29;0,00;0,00;277;128;118;43;31;713;491
6622;37,04;-337,93;0,00;0,00;0,00;-0,34;0,00;0,00;42;190;29;22;38;447;811
6623;57,53;-99,71;0,00;0,00;0,00;-0,10;0,00;0,00;59;128;85;25;35;467;805
6624;77,34;66,29;0,00;0,00;0,00;0,07;0,00;0,00;300;72;180;16;20;210;344
6625;80,70;176,29;0,00;0,00;0,00;0,18;0,00;0,00;337;67;110;26;23;990;539
6626;62,14;-71,92;0,00;0,00;0,00;-0,07;0,00;0,00;310;24;180;42;19;729;462
6627;77,35;135,71;0,00;0,00;0,00;0,14;0,00;0,00;232;27;41;44;22;980;378
6628;60,97;-65,01;0,00;0,00;0,00;-0,07;0,00;0,00;228;175;138;17;23;932;385
6629;76,47;107,08;0,00;0,00;0,00;0,11;0,00;0,00;237;90;123;17;31;847;460
6630;0,00;-734,57;0,00;0,00;0,00;-0,73;0,00;0,00;186;173;60;30;30;592;542
6631;33,93;-362,47;0,00;0,00;0,00;-0,36;0,00;0,00;343;30;36;18;19;586;622
6632;63,26;-84,45;0,00;0,00;0,00;-0,08;0,00;0,00;475;127;92;25;36;923;776
6633;49,98;-231,57;0,00;0,00;0,00;-0,23;0,00;0,00;65;16;154;14;17;706;863
6634;55,84;-165,29;0,00;0,00;0,00;-0,17;0,00;0,00;257;81;80;19;16;133;353
6635;75,38;62,94;0,00;0,00;0,00;0,06;0,00;0,00;480;172;42;35;17;805;312
6636;29,90;-296,72;0,00;0,00;0,00;-0,30;0,00;0,00;157;178;124;11;16;429;401
6637;44,71;-177,12;0,00;0,00;0,00;-0,18;0,00;0,00;485;122;90;20;20;536;666
6638;36,89;-291,63;0,00;0,00;0,00;-0,29;0,00;0,00;124;106;96;25;28;942;621
6639;100,00;255,51;0,00;0,00;0,00;0,26;0,00;0,00;354;186;171;14;38;209;911
6640;58,05;-152,47;0,00;0,00;0,00;-0,15;0,00;0,00;192;154;189;38;28;150;294
6641;39,69;-206,75;0,00;0,00;0,00;-0,21;0,00;0,00;154;65;151;10;39;143;830
6642;99,05;337,18;0,00;0,00;0,00;0,34;0,00;0,00;406;154;68;30;31;769;356
6643;45,42;-346,77;0,00;0,00;0,00;-0,35;0,00;0,00;127;181;89;43;35;238;268
6644;84,84;139,97;0,00;0,00;0,00;0,14;0,00;0,00;302;150;91;33;35;760;340
6645;94,02;253,13;0,00;0,00;0,00;0,25;0,00;0,00;242;70;45;45;37;662;520
6646;66,36;-94,79;0,00;0,00;0,00;-0,09;0,00;0,00;367;45;141;42;15;749;950
6647;81,44;211,49;0,00;0,00;0,00;0,21;0,00;0,00;495;179;130;23;35;664;329
6648;4,53;-701,74;0,00;0,00;0,00;-0,70;0,00;0,00;262;20;174;47;17;877;435
6649;57,87;-175,58;0,00;0,00;0,00;-0,18;0,00;0,00;440;151;35;26;22;179;467
6650;54,90;-130,57;0,00;0,00;0,00;-0,13;0,00;0,00;184;102;187;14;30;258;723
6651;91,92;183,02;0,00;0,00;0,00;0,18;0,00;0,00;242;95;196;20;28;315;699
6652;23,51;-514,19;0,00;0,00;0,00;-0,51;0,00;0,00;119;120;55;11;38;142;693
6653;56,89;-94,17;0,00;0,00;0,00;-0,09;0,00;0,00;425;174;74;31;21;699;798
6654;61,53;-62,71;0,00;0,00;0,00;-0,06;0,00;0,00;264;73;176;22;23;722;654
6655;35,67;-349,37;0,00;0,00;0,00;-0,35;0,00;0,00;409;52;137;35;22;910;805
6656;79,04;118,18;0,00;0,00;0,00;0,12;0,00;0,00;365;159;165;17;17;907;985
6657;95,44;259,71;0,00;0,00;0,00;0,26;0,00;0,00;230;51;118;19;27;744;476
6658;85,01;205,67;0,00;0,00;0,00;0,21;0,00;0,00;191;157;156;42;17;141;936
6659;52,97;-130,84;0,00;0,00;0,00;-0,13;0,00;0,00;190;135;94;41;35;651;634
6660;100,00;299,02;0,00;0,00;0,00;0,30;0,00;0,00;389;44;30;12;31;785;287
6661;90,39;221,05;0,00;0,00;0,00;0,22;0,00;0,00;161;171;64;46;21;484;796
6662;25,57;-482,21;0,00;0,00;0,00;-0,48;0,00;0,00;88;60;42;34;24;877;260
6663;17,92;-517,29;0,00;0,00;0,00;-0,52;0,00;0,00;79;27;75;28;32;197;941
6664;75,69;63,69;0,00;0,00;0,00;0,06;0,00;0,00;126;70;46;29;29;208;967
6665;100,00;324,18;0,00;0,00;0,00;0,32;0,00;0,00;338;31;69;45;27;621;384
6666;44,88;-263,92;0,00;0,00;0,00;-0,26;0,00;0,00;221;197;21;49;19;117;113
6667;42,66;-250,32;0,00;0,00;0,00;-0,25;0,00;0,00;26;182;46;10;24;598;950
6668;81,06;69,51;0,00;0,00;0,00;0,07;0,00;0,00;372;189;182;17;23;133;269
6669;49,73;-171,93;0,00;0,00;0,00;-0,17;0,00;0,00;190;36;51;23;16;637;761
6670;41,50;-359,32;0,00;0,00;0,00;-0,36;0,00;0,00;479;85;117;11;24;229;992
6671;37,07;-302,28;0,00;0,00;0,00;-0,30;0,00;0,00;11;55;186;11;37;481;316
6672;2,63;-733,75;0,00;0,00;0,00;-0,73;0,00;0,00;436;110;26;16;26;731;600
6673;90,48;208,72;0,00;0,00;0,00;0,21;0,00;0,00;191;96;164;40;17;730;784
6674;45,84;-199,66;0,00;0,00;0,00;-0,20;0,00;0,00;371;81;120;38;23;548;721
6675;33,00;-335,17;0,00;0,00;0,00;-0,34;0,00;0,00;23;80;187;46;26;198;237
6676;20,60;-533,28;0,00;0,00;0,00;-0,53;0,00;0,00;58;124;134;40;17;158;274
6677;56,83;-119,33;0,00;0,00;0,00;-0,12;0,00;0,00;81;61;136;32;32;354;107
6678;29,61;-468,92;0,00;0,00;0,00;-0,47;0,00;0,00;394;50;126;21;37;380;435
6679;39,55;-259,65;0,00;0,00;0,00;-0,26;0,00;0,00;142;72;118;49;20;947;637
6680;68,26;-124,47;0,00;0,00;0,00;-0,12;0,00;0,00;124;84;106;27;36;914;667
6681;98,25;311,98;0,00;0,00;0,00;0,31;0,00;0,00;72;24;184;35;35;870;248
6682;53,16;-122,98;0,00;0,00;0,00;-0,12;0,00;0,00;230;104;63;34;39;169;182
6683;54,09;-66,28;0,00;0,00;0,00;-0,07;0,00;0,00;371;11;46;19;32;183;613
6684;78,19;108,39;0,00;0,00;0,00;0,11;0,00;0,00;379;172;195;21;37;638;617
6685;50,11;-225,46;0,00;0,00;0,00;-0,23;0,00;0,00;200;59;60;44;21;255;178
6686;51,59;-189,37;0,00;0,00;0,00;-0,19;0,00;0,00;134;102;188;27;20;663;404
6687;27,59;-372,02;0,00;0,00;0,00;-0,37;0,00;0,00;343;145;109;40;35;662;576
6688;28,23;-418,12;0,00;0,00;0,00;-0,42;0,00;0,00;407;91;89;27;26;119;235
6689;35,78;-306,34;0,00;0,00;0,00;-0,31;0,00;0,00;381;132;146;25;19;612;409
6690;65,05;-77,44;0,00;0,00;0,00;-0,08;0,00;0,00;292;172;124;12;20;633;392
6691;49,46;-206,37;0,00;0,00;0,00;-0,21;0,00;0,00;209;96;168;17;37;362;901
6692;41,52;-278,94;0,00;0,00;0,00;-0,28;0,00;0,00;244;97;44;18;20;946;975
6693;27,71;-322,32;0,00;0,00;0,00;-0,32;0,00;0,00;307;98;42;25;16;162;294
6694;44,77;-338,52;0,00;0,00;0,00;-0,34;0,00;0,00;215;144;20;12;18;714;364
6695;5,89;-594,22;0,00;0,00;0,00;-0,59;0,00;0,00;319;57;141;28;35;634;170
6696;19,75;-596,45;0,00;0,00;0,00;-0,60;0,00;0,00;179;113;33;16;38;687;824
6697;78,56;127,12;0,00;0,00;0,00;0,13;0,00;0,00;292;153;158;16;38;416;418
6698;42,68;-197,13;0,00;0,00;0,00;-0,20;0,00;0,00;102;40;174;34;18;855;990
6699;16,22;-432,97;0,00;0,00;0,00;-0,43;0,00;0,00;323;81;87;27;15;441;576
6700;46,04;-260,62;0,00;0,00;0,00;-0,26;0,00;0,00;460;90;78;28;32;300;228
6701;70,99;-9,42;0,00;0,00;0,00;-0,01;0,00;0,00;395;164;56;18;26;575;730
6702;55,82;-97,44;0,00;0,00;0,00;-0,10;0,00;0,00;192;106;32;21;15;428;132
6703;27,13;-383,54;0,00;0,00;0,00;-0,38;0,00;0,00;58;141;193;21;30;924;643
6704;65,83;-43,04;0,00;0,00;0,00;-0,04;0,00;0,00;472;82;131;24;28;435;634
6705;38,34;-362,53;0,00;0,00;0,00;-0,36;0,00;0,00;242;95;108;15;18;376;473
6706;0,00;-730,90;0,00;0,00;0,00;-0,73;0,00;0,00;183;27;163;28;25;169;956
6707;52,51;-101,42;0,00;0,00;0,00;-0,10;0,00;0,00;144;179;52;12;27;369;829
6708;7,97;-606,45;0,00;0,00;0,00;-0,61;0,00;0,00;337;87;175;43;38;899;403
6709;43,49;-327,85;0,00;0,00;0,00;-0,33;0,00;0,00;498;65;128;21;20;547;794
6710;66,64;-86,20;0,00;0,00;0,00;-0,09;0,00;0,00;488;78;190;11;27;314;667
6711;73,75;65,22;0,00;0,00;0,00;0,07;0,00;0,00;40;41;117;16;16;558;843
6712;76,29;55,49;0,00;0,00;0,00;0,06;0,00;0,00;113;47;171;39;18;793;740
6713;25,18;-428,90;0,00;0,00;0,00;-0,43;0,00;0,00;246;137;33;42;24;442;651
6714;59,21;-46,71;0,00;0,00;0,00;-0,05;0,00;0,00;362;97;133;39;27;606;784
6715;0,00;-547,04;0,00;0,00;0,00;-0,55;0,00;0,00;469;30;54;39;20;274;515
6716;55,41;-113,62;0,00;0,00;0,00;-0,11;0,00;0,00;420;126;138;23;21;455;402
6717;39,06;-287,84;0,00;0,00;0,00;-0,29;0,00;0,00;256;47;23;34;37;191;917
6718;74,42;-34,80;0,00;0,00;0,00;-0,03;0,00;0,00;362;189;26;43;16;668;551
6719;33,48;-342,06;0,00;0,00;0,00;-0,34;0,00;0,00;10;114;152;28;27;735;845
6720;61,24;-64,18;0,00;0,00;0,00;-0,06;0,00;0,00;191;21;18;46;33;465;642
6721;76,08;5,89;0,00;0,00;0,00;0,01;0,00;0,00;39;137;144;24;18;644;664
6722;51,68;-228,91;0,00;0,00;0,00;-0,23;0,00;0,00;15;117;179;28;19;651;871
6723;27,38;-361,06;0,00;0,00;0,00;-0,36;0,00;0,00;343;191;46;22;17;264;810
6724;81,67;211,43;0,00;0,00;0,00;0,21;0,00;0,00;481;11;147;36;19;516;326
6725;69,15;-9,46;0,00;0,00;0,00;-0,01;0,00;0,00;375;113;170;24;25;330;801
6726;19,27;-569,20;0,00;0,00;0,00;-0,57;0,00;0,00;422;106;165;25;28;468;739
6727;43,23;-219,88;0,00;0,00;0,00;-0,22;0,00;0,00;301;28;155;36;36;948;970
6728;64,59;-65,96;0,00;0,00;0,00;-0,07;0,00;0,00;279;189;38;14;26;908;978
6729;36,48;-387,54;0,00;0,00;0,00;-0,39;0,00;0,00;491;80;162;18;17;597;484
6730;54,49;-310,98;0,00;0,00;0,00;-0,31;0,00;0,00;93;100;158;24;30;484;239
6731;74,54;86,10;0,00;0,00;0,00;0,09;0,00;0,00;423;190;181;33;26;888;617
6732;0,00;-693,40;0,00;0,00;0,00;-0,69;0,00;0,00;315;163;53;37;23;606;958
6733;42,12;-219,81;0,00;0,00;0,00;-0,22;0,00;0,00;88;128;49;49;28;633;284
6734;100,00;311,47;0,00;0,00;0,00;0,31;0,00;0,00;482;64;130;38;38;867;466
6735;51,31;-186,49;0,00;0,00;0,00;-0,19;0,00;0,00;219;46;90;35;24;995;520
6736;45,68;-225,42;0,00;0,00;0,00;-0,23;0,00;0,00;53;94;53;47;25;633;487
6737;100,00;282,79;0,00;0,00;0,00;0,28;0,00;0,00;70;114;166;34;30;661;962
6738;75,90;64,64;0,00;0,00;0,00;0,06;0,00;0,00;377;43;138;34;25;416;115
6739;100,00;263,65;0,00;0,00;0,00;0,26;0,00;0,00;98;22;151;48;36;518;573
6740;56,92;-154,70;0,00;0,00;0,00;-0,15;0,00;0,00;342;40;179;24;32;896;885
6741;26,03;-499,06;0,00;0,00;0,00;-0,50;0,00;0,00;411;157;159;23;31;772;589
6742;45,70;-155,41;0,00;0,00;0,00;-0,16;0,00;0,00;127;69;30;38;20;289;657
6743;72,44;64,99;0,00;0,00;0,00;0,06;0,00;0,00;256;13;98;40;15;945;291
6744;88,01;168,21;0,00;0,00;0,00;0,17;0,00;0,00;420;125;101;35;33;924;236
6745;12,21;-608,00;0,00;0,00;0,00;-0,61;0,00;0,00;409;52;159;49;27;455;664
6746;18,03;-510,94;0,00;0,00;0,00;-0,51;0,00;0,00;212;181;74;10;29;323;875
6747;33,98;-393,92;0,00;0,00;0,00;-0,39;0,00;0,00;416;160;70;20;26;376;716
6748;18,75;-578,54;0,00;0,00;0,00;-0,58;0,00;0,00;62;162;124;22;15;582;837
6749;73,47;-0,21;0,00;0,00;0,00;-0,00;0,00;0,00;444;163;45;48;36;344;504
6750;42,84;-215,82;0,00;0,00;0,00;-0,22;0,00;0,00;111;119;23;24;38;648;406
6751;49,81;-254,72;0,00;0,00;0,00;-0,25;0,00;0,00;291;158;124;19;31;804;842
6752;19,93;-560,43;0,00;0,00;0,00;-0,56;0,00;0,00;288;100;39;27;34;150;443
6753;30,05;-333,97;0,00;0,00;0,00;-0,33;0,00;0,00;62;136;143;46;38;628;124
6754;42,21;-288,93;0,00;0,00;0,00;-0,29;0,00;0,00;387;90;68;27;15;468;360
6755;48,47;-193,58;0,00;0,00;0,00;-0,19;0,00;0,00;56;134;76;24;39;939;383
6756;57,29;-173,58;0,00;0,00;0,00;-0,17;0,00;0,00;157;162;19;35;27;197;189
6757;36,66;-407,22;0,00;0,00;0,00;-0,41;0,00;0,00;167;87;124;42;32;387;538
6758;30,02;-477,92;0,00;0,00;0,00;-0,48;0,00;0,00;196;25;132;46;28;503;181
6759;100,00;381,34;0,00;0,00;0,00;0,38;0,00;0,00;341;36;169;32;28;421;701
6760;50,42;-196,72;0,00;0,00;0,00;-0,20;0,00;0,00;63;192;197;34;34;526;942
6761;42,52;-299,25;0,00;0,00;0,00;-0,30;0,00;0,00;391;78;69;24;34;346;413
6762;89,24;194,35;0,00;0,00;0,00;0,19;0,00;0,00;121;160;27;46;22;912;148
6763;68,83;78,36;0,00;0,00;0,00;0,08;0,00;0,00;342;108;122;30;29;179;877
6764;59,01;-86,05;0,00;0,00;0,00;-0,09;0,00;0,00;485;57;18;36;31;348;455
6765;31,00;-400,49;0,00;0,00;0,00;-0,40;0,00;0,00;473;90;120;24;27;133;325
6766;68,08;-40,63;0,00;0,00;0,00;-0,04;0,00;0,00;267;59;10;23;31;582;659
6767;74,93;-4,62;0,00;0,00;0,00;-0,00;0,00;0,00;468;187;122;31;26;198;743
6768;33,28;-335,31;0,00;0,00;0,00;-0,34;0,00;0,00;219;54;46;32;30;943;377
6769;25,42;-388,35;0,00;0,00;0,00;-0,39;0,00;0,00;363;156;13;38;36;640;601
6770;35,40;-253,31;0,00;0,00;0,00;-0,25;0,00;0,00;182;116;147;46;32;848;666
6771;40,27;-350,13;0,00;0,00;0,00;-0,35;0,00;0,00;217;156;36;19;17;737;576
6772;37,32;-316,03;0,00;0,00;0,00;-0,32;0,00;0,00;173;85;128;24;35;445;611
6773;51,44;-155,33;0,00;0,00;0,00;-0,16;0,00;0,00;228;25;112;15;21;211;123
6774;42,62;-334,46;0,00;0,00;0,00;-0,33;0,00;0,00;70;16;79;29;33;595;631
6775;34,11;-361,81;0,00;0,00;0,00;-0,36;0,00;0,00;99;50;113;25;17;630;517
6776;60,20;-174,46;0,00;0,00;0,00;-0,17;0,00;0,00;420;56;157;47;26;886;440
6777;51,23;-147,10;0,00;0,00;0,00;-0,15;0,00;0,00;11;114;134;30;34;202;630
6778;68,06;-50,48;0,00;0,00;0,00;-0,05;0,00;0,00;40;188;62;39;17;586;996
6779;41,46;-334,17;0,00;0,00;0,00;-0,33;0,00;0,00;412;146;95;11;21;815;762
6780;32,12;-443,64;0,00;0,00;0,00;-0,44;0,00;0,00;185;71;77;38;25;642;129
6781;79,50;57,60;0,00;0,00;0,00;0,06;0,00;0,00;426;74;97;42;24;178;828
6782;48,78;-131,91;0,00;0,00;0,00;-0,13;0,00;0,00;128;145;86;28;22;220;722
6783;74,77;16,11;0,00;0,00;0,00;0,02;0,00;0,00;218;84;51;13;33;482;877
6784;57,61;-111,64;0,00;0,00;0,00;-0,11;0,00;0,00;102;115;12;38;31;219;435
6785;43,66;-259,51;0,00;0,00;0,00;-0,26;0,00;0,00;117;115;49;20;33;197;370
6786;11,90;-661,08;0,00;0,00;0,00;-0,66;0,00;0,00;214;163;11;39;20;159;462
6787;20,10;-399,89;0,00;0,00;0,00;-0,40;0,00;0,00;407;111;148;29;22;961;515
6788;43,87;-179,32;0,00;0,00;0,00;-0,18;0,00;0,00;175;113;37;12;34;903;120
6789;53,84;-161,92;0,00;0,00;0,00;-0,16;0,00;0,00;154;121;183;17;38;975;901
6790;47,61;-281,99;0,00;0,00;0,00;-0,28;0,00;0,00;217;79;74;31;32;515;669
6791;60,39;-87,10;0,00;0,00;0,00;-0,09;0,00;0,00;70;147;109;49;22;562;898
6792;33,42;-378,45;0,00;0,00;0,00;-0,38;0,00;0,00;416;145;67;10;24;182;757
6793;38,12;-207,46;0,00;0,00;0,00;-0,21;0,00;0,00;161;191;196;43;39;159;901
6794;81,46;23,80;0,00;0,00;0,00;0,02;0,00;0,00;23;124;138;47;28;101;958
6795;50,34;-163,97;0,00;0,00;0,00;-0,16;0,00;0,00;221;114;27;20;29;181;352
6796;22,96;-344,14;0,00;0,00;0,00;-0,34;0,00;0,00;339;38;123;16;15;582;274
6797;41,42;-339,55;0,00;0,00;0,00;-0,34;0,00;0,00;163;167;86;10;15;130;978
6798;43,08;-252,41;0,00;0,00;0,00;-0,25;0,00;0,00;261;18;136;10;36;376;484
6799;33,54;-429,29;0,00;0,00;0,00;-0,43;0,00;0,00;108;198;42;47;23;540;466
6800;65,93;-94,08;0,00;0,00;0,00;-0,09;0,00;0,00;122;66;173;49;21;652;388
6801;22,42;-395,88;0,00;0,00;0,00;-0,40;0,00;0,00;310;22;184;49;35;395;620
6802;78,36;75,96;0,00;0,00;0,00;0,08;0,00;0,00;131;76;29;26;37;477;475
6803;66,06;-137,96;0,00;0,00;0,00;-0,14;0,00;0,00;169;169;92;45;38;971;690
6804;60,26;-91,55;0,00;0,00;0,00;-0,09;0,00;0,00;253;63;172;23;26;340;231
6805;35,57;-382,98;0,00;0,00;0,00;-0,38;0,00;0,00;41;135;24;21;28;606;483
6806;55,12;-171,61;0,00;0,00;0,00;-0,17;0,00;0,00;267;116;157;28;38;977;932
6807;36,84;-342,45;0,00;0,00;0,00;-0,34;0,00;0,00;158;174;91;46;24;474;553
6808;55,35;-83,65;0,00;0,00;0,00;-0,08;0,00;0,00;156;100;46;22;15;335;334
6809;7,04;-769,15;0,00;0,00;0,00;-0,77;0,00;0,00;184;62;58;18;17;589;555
6810;68,67;-113,49;0,00;0,00;0,00;-0,11;0,00;0,00;497;182;99;15;27;500;553
6811;53,98;-61,35;0,00;0,00;0,00;-0,06;0,00;0,00;458;82;153;10;33;166;499
6812;26,53;-520,46;0,00;0,00;0,00;-0,52;0,00;0,00;395;102;47;33;39;157;250
6813;100,00;367,47;0,00;0,00;0,00;0,37;0,00;0,00;148;30;167;23;20;533;257
6814;55,46;-142,97;0,00;0,00;0,00;-0,14;0,00;0,00;16;112;155;30;37;369;699
6815;68,63;-9,65;0,00;0,00;0,00;-0,01;0,00;0,00;497;55;72;49;28;965;317
6816;42,94;-287,22;0,00;0,00;0,00;-0,29;0,00;0,00;453;134;30;42;29;115;360
6817;29,31;-461,76;0,00;0,00;0,00;-0,46;0,00;0,00;175;102;111;24;18;694;304
6818;77,02;30,40;0,00;0,00;0,00;0,03;0,00;0,00;238;151;10;26;21;896;455
6819;75,41;59,10;0,00;0,00;0,00;0,06;0,00;0,00;177;36;188;31;15;893;886
6820;59,07;-27,81;0,00;0,00;0,00;-0,03;0,00;0,00;240;143;93;41;36;219;493
6821;46,86;-178,66;0,00;0,00;0,00;-0,18;0,00;0,00;413;159;80;16;19;359;175
6822;29,34;-414,41;0,00;0,00;0,00;-0,41;0,00;0,00;237;198;54;18;39;956;745
6823;80,35;48,81;0,00;0,00;0,00;0,05;0,00;0,00;20;114;27;23;34;358;349
6824;52,97;-151,50;0,00;0,00;0,00;-0,15;0,00;0,00;271;139;132;13;29;348;152
6825;36,41;-337,44;0,00;0,00;0,00;-0,34;0,00;0,00;193;30;192;13;28;954;304
6826;64,09;-71,55;0,00;0,00;0,00;-0,07;0,00;0,00;246;75;91;23;38;272;808
6827;48,27;-206,61;0,00;0,00;0,00;-0,21;0,00;0,00;24;39;193;22;25;967;224
6828;49,16;-187,03;0,00;0,00;0,00;-0,19;0,00;0,00;177;179;178;38;17;511;250
6829;27,06;-443,23;0,00;0,00;0,00;-0,44;0,00;0,00;406;113;129;11;29;926;158
6830;59,65;-109,71;0,00;0,00;0,00;-0,11;0,00;0,00;160;158;58;46;37;224;981
6831;33,96;-323,29;0,00;0,00;0,00;-0,32;0,00;0,00;478;136;128;14;35;993;171
6832;100,00;316,22;0,00;0,00;0,00;0,32;0,00;0,00;76;105;95;31;19;798;886
6833;16,37;-527,29;0,00;0,00;0,00;-0,53;0,00;0,00;455;58;148;49;17;640;132
6834;69,72;-39,28;0,00;0,00;0,00;-0,04;0,00;0,00;51;121;150;14;16;475;449
6835;42,00;-187,08;0,00;0,00;0,00;-0,19;0,00;0,00;129;32;121;13;36;448;319
6836;41,12;-314,80;0,00;0,00;0,00;-0,31;0,00;0,00;113;174;66;16;23;381;859
6837;61,45;-73,97;0,00;0,00;0,00;-0,07;0,00;0,00;106;39;33;40;19;993;421
6838;66,80;-64,16;0,00;0,00;0,00;-0,06;0,00;0,00;44;150;20;11;29;843;909
6839;50,61;-217,24;0,00;0,00;0,00;-0,22;0,00;0,00;266;147;190;43;23;460;382
6840;11,52;-582,04;0,00;0,00;0,00;-0,58;0,00;0,00;299;56;121;20;30;613;419
6841;47,66;-275,14;0,00;0,00;0,00;-0,28;0,00;0,00;364;100;130;23;37;200;311
6842;62,42;-74,35;0,00;0,00;0,00;-0,07;0,00;0,00;287;102;161;38;21;212;637
6843;0,00;-696,61;0,00;0,00;0,00;-0,70;0,00;0,00;420;167;28;36;16;169;145
6844;30,45;-367,02;0,00;0,00;0,00;-0,37;0,00;0,00;72;66;63;27;21;255;444
6845;36,08;-295,15;0,00;0,00;0,00;-0,30;0,00;0,00;376;40;84;38;30;266;220
6846;94,12;290,16;0,00;0,00;0,00;0,29;0,00;0,00;47;80;77;22;37;581;110
6847;90,42;226,09;0,00;0,00;0,00;0,23;0,00;0,00;262;131;189;39;33;474;978
6848;54,34;-165,03;0,00;0,00;0,00;-0,17;0,00;0,00;84;49;47;25;35;239;926
6849;38,12;-300,58;0,00;0,00;0,00;-0,30;0,00;0,00;143;187;168;24;16;953;607
6850;96,30;227,59;0,00;0,00;0,00;0,23;0,00;0,00;209;123;143;43;34;254;478
6851;70,07;39,02;0,00;0,00;0,00;0,04;0,00;0,00;373;107;40;35;39;787;889
6852;50,71;-85,99;0,00;0,00;0,00;-0,09;0,00;0,00;463;45;163;41;20;976;111
6853;65,28;-73,27;0,00;0,00;0,00;-0,07;0,00;0,00;420;143;95;28;26;690;387
6854;72,59;-3,37;0,00;0,00;0,00;-0,00;0,00;0,00;462;132;36;48;28;107;743
6855;52,28;-266,48;0,00;0,00;0,00;-0,27;0,00;0,00;148;160;43;46;29;700;314
6856;70,74;-41,19;0,00;0,00;0,00;-0,04;0,00;0,00;179;84;128;20;32;906;194
6857;58,58;-92,03;0,00;0,00;0,00;-0,09;0,00;0,00;403;144;51;10;27;869;305
6858;33,92;-317,78;0,00;0,00;0,00;-0,32;0,00;0,00;248;35;89;49;31;993;655
6859;36,09;-270,11;0,00;0,00;0,00;-0,27;0,00;0,00;141;128;62;16;21;509;599
6860;39,63;-214,71;0,00;0,00;0,00;-0,21;0,00;0,00;365;74;63;39;22;138;992
6861;44,04;-265,67;0,00;0,00;0,00;-0,27;0,00;0,00;311;89;191;31;39;573;536
6862;73,68;61,60;0,00;0,00;0,00;0,06;0,00;0,00;293;54;36;34;31;492;208
6863;76,27;121,47;0,00;0,00;0,00;0,12;0,00;0,00;485;33;65;30;33;998;567
6864;51,36;-274,17;0,00;0,00;0,00;-0,27;0,00;0,00;43;131;120;33;18;514;176
6865;70,56;-68,56;0,00;0,00;0,00;-0,07;0,00;0,00;213;79;197;30;37;596;835
6866;50,12;-178,36;0,00;0,00;0,00;-0,18;0,00;0,00;453;61;175;39;31;708;100
6867;88,30;229,62;0,00;0,00;0,00;0,23;0,00;0,00;224;170;66;14;36;195;225
6868;75,21;74,09;0,00;0,00;0,00;0,07;0,00;0,00;140;59;172;17;34;384;687
6869;0,00;-611,50;0,00;0,00;0,00;-0,61;0,00;0,00;497;104;107;40;33;344;784
6870;43,53;-263,47;0,00;0,00;0,00;-0,26;0,00;0,00;26;115;77;47;22;906;505
6871;46,00;-259,20;0,00;0,00;0,00;-0,26;0,00;0,00;122;159;177;36;31;930;554
6872;97,76;238,99;0,00;0,00;0,00;0,24;0,00;0,00;454;129;190;24;17;927;685
6873;45,51;-371,33;0,00;0,00;0,00;-0,37;0,00;0,00;261;126;137;15;19;221;794
6874;60,54;-213,65;0,00;0,00;0,00;-0,21;0,00;0,00;422;144;26;27;25;927;371
6875;21,83;-416,00;0,00;0,00;0,00;-0,42;0,00;0,00;347;46;129;47;30;693;983
6876;14,68;-513,47;0,00;0,00;0,00;-0,51;0,00;0,00;77;73;49;30;33;497;125
6877;80,04;153,05;0,00;0,00;0,00;0,15;0,00;0,00;493;182;40;22;23;704;536
6878;18,91;-460,36;0,00;0,00;0,00;-0,46;0,00;0,00;134;161;158;26;23;151;635
6879;88,66;179,88;0,00;0,00;0,00;0,18;0,00;0,00;199;189;137;39;37;216;773
6880;49,58;-278,91;0,00;0,00;0,00;-0,28;0,00;0,00;435;144;178;19;23;464;263
6881;43,49;-187,28;0,00;0,00;0,00;-0,19;0,00;0,00;356;153;132;11;19;669;586
6882;67,69;54,29;0,00;0,00;0,00;0,05;0,00;0,00;259;88;149;18;34;577;269
6883;68,15;-26,33;0,00;0,00;0,00;-0,03;0,00;0,00;476;158;43;10;35;211;732
6884;75,97;42,20;0,00;0,00;0,00;0,04;0,00;0,00;438;154;111;20;34;394;135
6885;22,80;-494,23;0,00;0,00;0,00;-0,49;0,00;0,00;392;195;152;24;26;768;634
6886;20,61;-449,54;0,00;0,00;0,00;-0,45;0,00;0,00;284;183;52;13;19;341;348
6887;54,90;-167,51;0,00;0,00;0,00;-0,17;0,00;0,00;307;128;123;33;19;779;632
6888;27,45;-418,49;0,00;0,00;0,00;-0,42;0,00;0,00;42;131;61;41;35;780;477
6889;19,18;-535,83;0,00;0,00;0,00;-0,54;0,00;0,00;292;139;182;41;32;995;874
6890;48,33;-214,70;0,00;0,00;0,00;-0,21;0,00;0,00;180;143;30;31;24;404;565
6891;52,04;-96,63;0,00;0,00;0,00;-0,10;0,00;0,00;29;100;150;36;26;611;935
6892;28,70;-367,82;0,00;0,00;0,00;-0,37;0,00;0,00;42;196;33;12;18;700;522
6893;63,77;-11,37;0,00;0,00;0,00;-0,01;0,00;0,00;366;34;47;23;25;973;320
6894;94,85;216,16;0,00;0,00;0,00;0,22;0,00;0,00;473;119;174;37;23;144;810
6895;94,43;175,01;0,00;0,00;0,00;0,18;0,00;0,00;280;166;172;27;39;814;592
6896;75,05;89,27;0,00;0,00;0,00;0,09;0,00;0,00;409;48;69;37;23;864;869
6897;39,96;-275,95;0,00;0,00;0,00;-0,28;0,00;0,00;218;94;67;41;28;947;292
6898;25,31;-476,86;0,00;0,00;0,00;-0,48;0,00;0,00;355;153;119;15;33;783;440
6899;17,51;-465,03;0,00;0,00;0,00;-0,47;0,00;0,00;33;98;152;12;22;106;486
6900;81,01;215,57;0,00;0,00;0,00;0,22;0,00;0,00;142;194;106;49;31;797;444
6901;52,32;-142,53;0,00;0,00;0,00;-0,14;0,00;0,00;92;133;107;19;38;694;763
6902;36,24;-301,73;0,00;0,00;0,00;-0,30;0,00;0,00;315;54;140;19;36;357;545
6903;98,39;336,20;0,00;0,00;0,00;0,34;0,00;0,00;265;43;194;35;15;750;942
6904;19,96;-432,33;0,00;0,00;0,00;-0,43;0,00;0,00;126;165;33;17;19;508;965
6905;1,09;-766,10;0,00;0,00;0,00;-0,77;0,00;0,00;374;36;139;24;16;846;815
6906;65,99;-122,53;0,00;0,00;0,00;-0,12;0,00;0,00;11;61;149;33;39;783;129
6907;19,17;-531,84;0,00;0,00;0,00;-0,53;0,00;0,00;219;195;54;23;28;512;195
6908;26,98;-416,24;0,00;0,00;0,00;-0,42;0,00;0,00;367;179;40;38;39;437;175
6909;40,26;-341,28;0,00;0,00;0,00;-0,34;0,00;0,00;62;83;169;39;24;267;775
6910;34,05;-360,15;0,00;0,00;0,00;-0,36;0,00;0,00;285;76;43;10;33;620;642
6911;17,34;-548,58;0,00;0,00;0,00;-0,55;0,00;0,00;94;39;126;43;30;993;594
6912;32,93;-406,27;0,00;0,00;0,00;-0,41;0,00;0,00;117;178;27;18;19;883;867
6913;60,47;-23,11;0,00;0,00;0,00;-0,02;0,00;0,00;236;172;54;43;17;251;276
6914;71,98;32,74;0,00;0,00;0,00;0,03;0,00;0,00;440;78;128;21;24;695;596
6915;57,59;-132,70;0,00;0,00;0,00;-0,13;0,00;0,00;468;36;33;16;21;501;582
6916;92,12;260,78;0,00;0,00;0,00;0,26;0,00;0,00;219;53;144;38;24;198;821
6917;61,81;-32,64;0,00;0,00;0,00;-0,03;0,00;0,00;360;59;197;42;29;312;465
6918;41,68;-238,01;0,00;0,00;0,00;-0,24;0,00;0,00;240;187;143;15;20;814;651
6919;61,60;-109,86;0,00;0,00;0,00;-0,11;0,00;0,00;70;181;108;10;15;103;849
6920;89,79;177,48;0,00;0,00;0,00;0,18;0,00;0,00;71;42;147;49;33;376;466
6921;44,32;-233,58;0,00;0,00;0,00;-0,23;0,00;0,00;389;24;182;15;36;900;483
6922;44,03;-213,20;0,00;0,00;0,00;-0,21;0,00;0,00;370;97;37;49;39;526;879
6923;7,78;-530,89;0,00;0,00;0,00;-0,53;0,00;0,00;310;48;123;39;34;149;996
6924;42,27;-284,58;0,00;0,00;0,00;-0,28;0,00;0,00;379;78;139;40;15;219;795
6925;30,04;-442,76;0,00;0,00;0,00;-0,44;0,00;0,00;495;107;144;38;32;103;968
6926;30,15;-449,89;0,00;0,00;0,00;-0,45;0,00;0,00;121;100;42;35;27;682;366
6927;45,17;-178,18;0,00;0,00;0,00;-0,18;0,00;0,00;139;124;61;15;18;951;674
6928;28,56;-472,78;0,00;0,00;0,00;-0,47;0,00;0,00;171;163;83;23;39;976;238
6929;71,18;90,75;0,00;0,00;0,00;0,09;0,00;0,00;155;177;124;18;36;823;457
6930;99,53;211,36;0,00;0,00;0,00;0,21;0,00;0,00;237;59;50;40;39;750;218
6931;69,61;8,86;0,00;0,00;0,00;0,01;0,00;0,00;248;91;170;46;17;263;328
6932;53,62;-170,64;0,00;0,00;0,00;-0,17;0,00;0,00;244;70;170;14;32;872;951
6933;62,40;-9,98;0,00;0,00;0,00;-0,01;0,00;0,00;60;46;23;41;16;314;320
6934;11,22;-540,81;0,00;0,00;0,00;-0,54;0,00;0,00;136;72;42;27;19;784;872
6935;88,10;256,64;0,00;0,00;0,00;0,26;0,00;0,00;355;105;73;49;32;329;582
6936;46,63;-300,46;0,00;0,00;0,00;-0,30;0,00;0,00;135;168;169;45;32;124;939
6937;65,80;-27,24;0,00;0,00;0,00;-0,03;0,00;0,00;453;140;23;19;28;929;406
6938;57,42;-113,77;0,00;0,00;0,00;-0,11;0,00;0,00;485;118;190;19;28;891;472
6939;42,31;-312,86;0,00;0,00;0,00;-0,31;0,00;0,00;175;60;31;34;38;400;639
6940;10,40;-569,00;0,00;0,00;0,00;-0,57;0,00;0,00;339;138;74;39;20;853;797
6941;47,07;-272,69;0,00;0,00;0,00;-0,27;0,00;0,00;110;146;115;35;27;588;255
6942;94,62;199,38;0,00;0,00;0,00;0,20;0,00;0,00;344;191;35;12;24;117;890
6943;82,42;160,68;0,00;0,00;0,00;0,16;0,00;0,00;358;178;72;25;26;788;623
6944;26,09;-393,95;0,00;0,00;0,00;-0,39;0,00;0,00;290;175;59;39;25;524;962
6945;78,29;145,12;0,00;0,00;0,00;0,15;0,00;0,00;61;27;116;44;16;686;722
6946;68,43;-12,49;0,00;0,00;0,00;-0,01;0,00;0,00;416;127;117;33;20;690;283
6947;41,57;-351,82;0,00;0,00;0,00;-0,35;0,00;0,00;57;12;57;23;36;849;151
6948;45,26;-239,13;0,00;0,00;0,00;-0,24;0,00;0,00;19;53;102;46;28;174;450
6949;28,56;-374,02;0,00;0,00;0,00;-0,37;0,00;0,00;93;120;159;16;39;200;912
6950;65,12;-83,66;0,00;0,00;0,00;-0,08;0,00;0,00;28;57;119;10;35;332;301
6951;29,75;-338,07;0,00;0,00;0,00;-0,34;0,00;0,00;215;159;188;11;19;361;279
6952;28,75;-413,88;0,00;0,00;0,00;-0,41;0,00;0,00;42;156;56;39;21;407;316
6953;99,72;252,28;0,00;0,00;0,00;0,25;0,00;0,00;385;154;155;12;39;901;435
6954;38,86;-324,39;0,00;0,00;0,00;-0,32;0,00;0,00;60;172;27;21;33;391;571
6955;78,58;120,12;0,00;0,00;0,00;0,12;0,00;0,00;236;23;148;47;35;408;505
6956;39,86;-221,16;0,00;0,00;0,00;-0,22;0,00;0,00;371;87;154;47;26;310;192
6957;65,85;41,33;0,00;0,00;0,00;0,04;0,00;0,00;250;16;123;16;27;139;267
6958;37,86;-247,93;0,00;0,00;0,00;-0,25;0,00;0,00;307;38;120;35;23;911;263
6959;60,37;-86,08;0,00;0,00;0,00;-0,09;0,00;0,00;80;154;188;43;16;789;617
6960;30,53;-367,26;0,00;0,00;0,00;-0,37;0,00;0,00;80;128;13;31;38;299;879
6961;27,80;-436,75;0,00;0,00;0,00;-0,44;0,00;0,00;391;38;41;18;34;379;713
6962;57,20;-51,41;0,00;0,00;0,00;-0,05;0,00;0,00;371;135;155;42;23;191;390
6963;55,15;-184,19;0,00;0,00;0,00;-0,18;0,00;0,00;431;199;191;24;22;212;938
6964;43,67;-309,93;0,00;0,00;0,00;-0,31;0,00;0,00;201;161;106;47;28;426;596
6965;11,00;-676,56;0,00;0,00;0,00;-0,68;0,00;0,00;121;143;139;45;30;685;101
6966;67,65;48,98;0,00;0,00;0,00;0,05;0,00;0,00;232;84;138;48;29;914;636
6967;0,00;-735,91;0,00;0,00;0,00;-0,74;0,00;0,00;372;179;141;37;17;561;538
6968;51,14;-112,98;0,00;0,00;0,00;-0,11;0,00;0,00;251;138;183;19;29;110;901
6969;21,78;-525,18;0,00;0,00;0,00;-0,53;0,00;0,00;255;35;111;11;24;161;993
6970;52,58;-156,22;0,00;0,00;0,00;-0,16;0,00;0,00;276;108;117;32;31;969;600
6971;26,07;-424,54;0,00;0,00;0,00;-0,42;0,00;0,00;384;67;85;16;26;497;360
6972;0,00;-622,53;0,00;0,00;0,00;-0,62;0,00;0,00;115;170;182;15;34;191;644
6973;32,55;-367,91;0,00;0,00;0,00;-0,37;0,00;0,00;212;121;43;46;25;115;991
6974;57,39;-94,70;0,00;0,00;0,00;-0,09;0,00;0,00;288;10;62;13;16;160;642
6975;54,82;-193,94;0,00;0,00;0,00;-0,19;0,00;0,00;241;121;10;19;24;941;168
6976;42,64;-326,86;0,00;0,00;0,00;-0,33;0,00;0,00;324;125;197;37;39;942;322
6977;67,75;-17,36;0,00;0,00;0,00;-0,02;0,00;0,00;352;128;31;36;25;770;227
6978;84,61;95,69;0,00;0,00;0,00;0,10;0,00;0,00;58;186;23;26;33;277;996
6979;39,04;-307,69;0,00;0,00;0,00;-0,31;0,00;0,00;163;115;147;22;23;206;252
6980;76,11;84,68;0,00;0,00;0,00;0,08;0,00;0,00;296;58;32;43;19;389;993
6981;57,46;-86,96;0,00;0,00;0,00;-0,09;0,00;0,00;210;159;135;17;35;566;513
6982;0,00;-628,59;0,00;0,00;0,00;-0,63;0,00;0,00;69;48;193;44;30;223;134
6983;58,19;-73,85;0,00;0,00;0,00;-0,07;0,00;0,00;240;119;57;30;32;858;898
6984;44,47;-314,27;0,00;0,00;0,00;-0,31;0,00;0,00;375;110;191;36;15;818;654
6985;60,46;-48,16;0,00;0,00;0,00;-0,05;0,00;0,00;300;55;149;44;32;881;763
6986;85,52;229,31;0,00;0,00;0,00;0,23;0,00;0,00;494;56;100;15;38;531;424
6987;57,56;-144,32;0,00;0,00;0,00;-0,14;0,00;0,00;133;79;46;38;31;959;900
6988;76,17;62,35;0,00;0,00;0,00;0,06;0,00;0,00;394;60;10;46;19;800;581
6989;29,91;-324,33;0,00;0,00;0,00;-0,32;0,00;0,00;145;143;77;31;23;762;435
6990;96,02;163,98;0,00;0,00;0,00;0,16;0,00;0,00;159;65;177;41;21;181;341
6991;18,99;-509,53;0,00;0,00;0,00;-0,51;0,00;0,00;265;106;77;33;38;934;222
6992;65,07;-40,32;0,00;0,00;0,00;-0,04;0,00;0,00;420;156;47;19;16;525;641
6993;44,96;-230,73;0,00;0,00;0,00;-0,23;0,00;0,00;49;178;181;43;20;921;186
6994;49,96;-173,31;0,00;0,00;0,00;-0,17;0,00;0,00;429;135;165;18;17;308;772
6995;51,90;-228,30;0,00;0,00;0,00;-0,23;0,00;0,00;465;143;10;37;24;256;135
6996;100,00;352,87;0,00;0,00;0,00;0,35;0,00;0,00;415;115;21;34;26;570;574
6997;48,03;-297,86;0,00;0,00;0,00;-0,30;0,00;0,00;245;88;40;26;18;609;724
6998;54,50;-151,50;0,00;0,00;0,00;-0,15;0,00;0,00;172;192;58;21;16;911;579
6999;80,71;186,08;0,00;0,00;0,00;0,19;0,00;0,00;289;172;55;37;15;462;992
7000;66,80;-23,66;0,00;0,00;0,00;-0,02;0,00;0,00;74;73;77;45;37;955;456
7001;40,44;-257,10;0,00;0,00;0,00;-0,26;0,00;0,00;363;34;166;12;22;116;678
7002;52,11;-160,48;0,00;0,00;0,00;-0,16;0,00;0,00;370;84;89;20;19;355;329
7003;50,45;-216,24;0,00;0,00;0,00;-0,22;0,00;0,00;59;58;32;39;29;602;907
7004;46,47;-161,66;0,00;0,00;0,00;-0,16;0,00;0,00;252;109;189;17;33;182;239
7005;53,03;-139,22;0,00;0,00;0,00;-0,14;0,00;0,00;252;128;113;13;34;318;186
7006;70,96;-54,06;0,00;0,00;0,00;-0,05;0,00;0,00;407;150;167;39;25;345;986
7007;91,43;236,73;0,00;0,00;0,00;0,24;0,00;0,00;337;132;46;43;32;888;129
7008;25,51;-354,16;0,00;0,00;0,00;-0,35;0,00;0,00;484;89;18;26;28;862;804
7009;64,59;-10,32;0,00;0,00;0,00;-0,01;0,00;0,00;29;87;166;24;27;575;253
7010;40,37;-275,51;0,00;0,00;0,00;-0,28;0,00;0,00;135;177;16;17;27;343;201
7011;75,54;72,90;0,00;0,00;0,00;0,07;0,00;0,00;191;30;95;14;17;322;964
7012;34,39;-377,21;0,00;0,00;0,00;-0,38;0,00;0,00;326;54;87;39;15;177;976
7013;45,65;-331,19;0,00;0,00;0,00;-0,33;0,00;0,00;230;80;10;43;38;338;400
7014;74,38;-24,93;0,00;0,00;0,00;-0,02;0,00;0,00;29;80;168;46;29;604;992
7015;58,04;-165,01;0,00;0,00;0,00;-0,17;0,00;0,00;284;133;66;16;23;778;978
7016;40,35;-335,51;0,00;0,00;0,00;-0,34;0,00;0,00;299;88;122;34;19;631;619
7017;4,13;-602,99;0,00;0,00;0,00;-0,60;0,00;0,00;373;189;142;37;26;738;590
7018;20,39;-534,78;0,00;0,00;0,00;-0,53;0,00;0,00;329;44;42;22;17;803;295
7019;95,71;153,53;0,00;0,00;0,00;0,15;0,00;0,00;42;142;93;11;38;256;948
7020;55,44;-172,12;0,00;0,00;0,00;-0,17;0,00;0,00;465;70;98;23;28;709;225
7021;33,31;-493,33;0,00;0,00;0,00;-0,49;0,00;0,00;485;141;46;39;15;646;407
7022;68,17;-36,10;0,00;0,00;0,00;-0,04;0,00;0,00;240;84;196;27;38;340;742
7023;35,50;-344,01;0,00;0,00;0,00;-0,34;0,00;0,00;191;15;11;28;25;580;117
7024;59,26;-100,40;0,00;0,00;0,00;-0,10;0,00;0,00;147;137;179;45;32;551;471
7025;89,09;155,07;0,00;0,00;0,00;0,16;0,00;0,00;314;164;154;24;37;964;906
7026;40,64;-413,20;0,00;0,00;0,00;-0,41;0,00;0,00;110;104;76;12;37;356;835
7027;100,00;290,16;0,00;0,00;0,00;0,29;0,00;0,00;319;35;126;34;19;790;965
7028;28,15;-377,95;0,00;0,00;0,00;-0,38;0,00;0,00;434;154;158;10;39;898;733
7029;62,79;-51,67;0,00;0,00;0,00;-0,05;0,00;0,00;448;61;126;16;37;356;413
7030;22,39;-510,56;0,00;0,00;0,00;-0,51;0,00;0,00;480;190;32;36;28;372;670
7031;17,22;-612,00;0,00;0,00;0,00;-0,61;0,00;0,00;475;166;76;35;38;590;397
7032;26,81;-459,96;0,00;0,00;0,00;-0,46;0,00;0,00;207;150;50;25;36;629;922
7033;50,88;-141,62;0,00;0,00;0,00;-0,14;0,00;0,00;495;149;162;37;31;572;952
7034;88,66;204,42;0,00;0,00;0,00;0,20;0,00;0,00;337;151;97;11;31;501;512
7035;25,96;-361,10;0,00;0,00;0,00;-0,36;0,00;0,00;218;32;41;24;32;525;407
7036;76,97;78,39;0,00;0,00;0,00;0,08;0,00;0,00;252;100;137;19;20;750;721
7037;35,10;-358,85;0,00;0,00;0,00;-0,36;0,00;0,00;448;178;95;26;20;658;100
7038;59,09;-157,88;0,00;0,00;0,00;-0,16;0,00;0,00;191;113;66;39;19;224;921
7039;0,00;-639,26;0,00;0,00;0,00;-0,64;0,00;0,00;36;56;134;19;15;380;462
7040;62,72;-65,27;0,00;0,00;0,00;-0,07;0,00;0,00;196;78;56;45;18;773;590
7041;77,24;121,08;0,00;0,00;0,00;0,12;0,00;0,00;250;47;181;47;27;318;847
7042;50,21;-175,05;0,00;0,00;0,00;-0,18;0,00;0,00;102;35;141;35;33;227;819
7043;55,32;-77,90;0,00;0,00;0,00;-0,08;0,00;0,00;398;100;137;39;27;868;495
7044;48,04;-259,99;0,00;0,00;0,00;-0,26;0,00;0,00;190;113;59;26;27;886;190
7045;86,30;269,12;0,00;0,00;0,00;0,27;0,00;0,00;375;96;82;24;26;168;793
7046;6,00;-600,04;0,00;0,00;0,00;-0,60;0,00;0,00;195;162;162;25;21;399;507
7047;51,60;-194,09;0,00;0,00;0,00;-0,19;0,00;0,00;384;98;140;40;18;323;826
7048;68,18;24,21;0,00;0,00;0,00;0,02;0,00;0,00;327;119;74;29;25;228;166
7049;55,85;-110,13;0,00;0,00;0,00;-0,11;0,00;0,00;68;173;193;40;39;923;353
7050;51,59;-188,96;0,00;0,00;0,00;-0,19;0,00;0,00;286;199;16;24;31;921;836
7051;57,77;-141,04;0,00;0,00;0,00;-0,14;0,00;0,00;130;197;130;47;35;816;432
7052;58,87;-37,07;0,00;0,00;0,00;-0,04;0,00;0,00;464;10;135;28;18;582;965
7053;44,92;-288,84;0,00;0,00;0,00;-0,29;0,00;0,00;19;32;160;39;30;905;289
7054;35,89;-370,97;0,00;0,00;0,00;-0,37;0,00;0,00;464;188;176;49;28;441;687
7055;61,88;-113,69;0,00;0,00;0,00;-0,11;0,00;0,00;143;36;152;40;27;727;595
7056;36,04;-289,12;0,00;0,00;0,00;-0,29;0,00;0,00;385;80;178;48;37;358;931
7057;84,21;145,71;0,00;0,00;0,00;0,15;0,00;0,00;39;176;190;24;38;986;948
7058;64,10;-0,27;0,00;0,00;0,00;-0,00;0,00;0,00;116;190;144;21;32;197;292
7059;57,93;-177,86;0,00;0,00;0,00;-0,18;0,00;0,00;451;56;176;27;18;995;659
7060;76,87;76,48;0,00;0,00;0,00;0,08;0,00;0,00;138;90;143;16;31;319;283
7061;78,82;76,99;0,00;0,00;0,00;0,08;0,00;0,00;415;185;87;32;34;940;468
7062;100,00;280,58;0,00;0,00;0,00;0,28;0,00;0,00;235;147;24;23;39;329;255
7063;30,09;-419,60;0,00;0,00;0,00;-0,42;0,00;0,00;467;169;142;18;20;253;174
7064;39,80;-433,19;0,00;0,00;0,00;-0,43;0,00;0,00;453;198;149;10;34;903;111
7065;27,28;-342,19;0,00;0,00;0,00;-0,34;0,00;0,00;493;41;43;17;39;192;873
7066;91,24;174,30;0,00;0,00;0,00;0,17;0,00;0,00;70;100;173;20;19;836;679
7067;48,52;-143,09;0,00;0,00;0,00;-0,14;0,00;0,00;261;96;36;37;35;270;469
7068;5,23;-659,66;0,00;0,00;0,00;-0,66;0,00;0,00;272;113;65;34;38;414;678
7069;57,89;-47,62;0,00;0,00;0,00;-0,05;0,00;0,00;188;32;78;23;24;723;521
7070;35,85;-341,19;0,00;0,00;0,00;-0,34;0,00;0,00;13;122;141;40;24;435;734
7071;43,90;-282,63;0,00;0,00;0,00;-0,28;0,00;0,00;360;178;84;31;33;786;857
7072;0,00;-689,45;0,00;0,00;0,00;-0,69;0,00;0,00;91;45;86;26;17;817;940
7073;81,76;88,46;0,00;0,00;0,00;0,09;0,00;0,00;397;154;66;42;18;611;501
7074;60,19;-81,17;0,00;0,00;0,00;-0,08;0,00;0,00;281;86;43;40;24;768;724
7075;68,20;26,87;0,00;0,00;0,00;0,03;0,00;0,00;90;115;138;41;23;400;540
7076;44,83;-253,39;0,00;0,00;0,00;-0,25;0,00;0,00;186;56;56;28;38;167;893
7077;48,46;-266,17;0,00;0,00;0,00;-0,27;0,00;0,00;81;59;197;44;20;737;199
7078;51,86;-134,34;0,00;0,00;0,00;-0,13;0,00;0,00;27;145;55;28;35;279;960
7079;64,90;-78,24;0,00;0,00;0,00;-0,08;0,00;0,00;124;162;138;29;24;591;915
7080;63,63;-59,76;0,00;0,00;0,00;-0,06;0,00;0,00;227;79;46;16;24;403;323
7081;52,65;-146,77;0,00;0,00;0,00;-0,15;0,00;0,00;459;183;127;44;20;677;483
7082;58,45;-148,76;0,00;0,00;0,00;-0,15;0,00;0,00;341;171;133;32;16;348;965
7083;34,70;-395,87;0,00;0,00;0,00;-0,40;0,00;0,00;449;182;135;39;31;904;978
7084;75,67;73,22;0,00;0,00;0,00;0,07;0,00;0,00;258;153;120;22;39;691;728
7085;66,34;27,10;0,00;0,00;0,00;0,03;0,00;0,00;351;110;79;12;31;834;198
7086;64,30;-95,00;0,00;0,00;0,00;-0,09;0,00;0,00;125;22;16;21;23;740;736
7087;54,81;-125,55;0,00;0,00;0,00;-0,13;0,00;0,00;189;124;193;33;39;475;579
7088;86,46;109,21;0,00;0,00;0,00;0,11;0,00;0,00;83;50;90;30;39;117;613
7089;31,28;-297,87;0,00;0,00;0,00;-0,30;0,00;0,00;234;161;168;17;27;459;304
7090;32,52;-418,14;0,00;0,00;0,00;-0,42;0,00;0,00;451;102;49;25;22;376;674
7091;65,71;-10,06;0,00;0,00;0,00;-0,01;0,00;0,00;245;19;52;30;31;179;703
7092;43,96;-316,73;0,00;0,00;0,00;-0,32;0,00;0,00;107;107;77;26;27;988;308
7093;30,98;-381,72;0,00;0,00;0,00;-0,38;0,00;0,00;284;155;179;28;19;116;479
7094;63,15;-71,89;0,00;0,00;0,00;-0,07;0,00;0,00;144;168;84;12;33;523;174
7095;66,14;-3,88;0,00;0,00;0,00;-0,00;0,00;0,00;436;164;62;23;33;343;631
7096;74,51;71,34;0,00;0,00;0,00;0,07;0,00;0,00;115;110;79;31;33;264;560
7097;66,74;-27,07;0,00;0,00;0,00;-0,03;0,00;0,00;331;49;93;35;21;817;914
7098;40,85;-192,52;0,00;0,00;0,00;-0,19;0,00;0,00;416;98;179;40;24;358;116
7099;77,10;52,10;0,00;0,00;0,00;0,05;0,00;0,00;370;187;72;40;29;360;329
7100;81,35;7,85;0,00;0,00;0,00;0,01;0,00;0,00;326;90;152;32;35;357;520
7101;32,88;-380,88;0,00;0,00;0,00;-0,38;0,00;0,00;349;166;175;44;29;268;278
7102;94,99;190,66;0,00;0,00;0,00;0,19;0,00;0,00;269;67;13;41;26;145;661
7103;44,77;-210,29;0,00;0,00;0,00;-0,21;0,00;0,00;159;101;170;27;33;856;741
7104;100,00;210,34;0,00;0,00;0,00;0,21;0,00;0,00;23;73;182;18;16;486;328
7105;6,29;-712,94;0,00;0,00;0,00;-0,71;0,00;0,00;440;35;69;39;28;676;724
7106;40,50;-247,37;0,00;0,00;0,00;-0,25;0,00;0,00;108;90;58;49;18;732;250
7107;52,55;-247,95;0,00;0,00;0,00;-0,25;0,00;0,00;274;161;127;32;39;109;425
7108;62,52;-79,05;0,00;0,00;0,00;-0,08;0,00;0,00;129;101;136;40;35;363;693
7109;57,35;-105,19;0,00;0,00;0,00;-0,11;0,00;0,00;321;47;140;36;30;548;417
7110;35,71;-354,22;0,00;0,00;0,00;-0,35;0,00;0,00;72;79;170;12;33;671;638
7111;60,38;-97,86;0,00;0,00;0,00;-0,10;0,00;0,00;398;191;190;12;27;660;754
7112;23,09;-417,75;0,00;0,00;0,00;-0,42;0,00;0,00;121;91;114;18;36;116;210
7113;35,60;-350,68;0,00;0,00;0,00;-0,35;0,00;0,00;230;177;84;10;24;604;352
7114;96,68;257,63;0,00;0,00;0,00;0,26;0,00;0,00;159;43;122;47;16;216;276
7115;62,11;-70,36;0,00;0,00;0,00;-0,07;0,00;0,00;12;167;192;21;39;634;659
7116;55,24;-102,55;0,00;0,00;0,00;-0,10;0,00;0,00;77;146;186;32;28;956;750
7117;89,32;199,86;0,00;0,00;0,00;0,20;0,00;0,00;467;24;72;22;22;137;696
7118;58,68;1,35;0,00;0,00;0,00;0,00;0,00;0,00;110;95;164;26;18;305;925
7119;5,48;-633,50;0,00;0,00;0,00;-0,63;0,00;0,00;57;79;120;20;36;288;525
7120;45,59;-227,25;0,00;0,00;0,00;-0,23;0,00;0,00;299;136;71;18;33;580;147
7121;57,64;-97,96;0,00;0,00;0,00;-0,10;0,00;0,00;186;158;103;48;16;418;295
7122;63,74;-125,14;0,00;0,00;0,00;-0,13;0,00;0,00;67;60;59;26;21;860;258
7123;0,05;-642,68;0,00;0,00;0,00;-0,64;0,00;0,00;297;101;46;40;20;137;517
7124;38,49;-384,46;0,00;0,00;0,00;-0,38;0,00;0,00;105;91;108;40;39;294;244
7125;64,78;-132,35;0,00;0,00;0,00;-0,13;0,00;0,00;424;60;196;43;21;880;118
7126;67,81;108,18;0,00;0,00;0,00;0,11;0,00;0,00;288;20;135;37;21;917;975
7127;21,06;-485,12;0,00;0,00;0,00;-0,49;0,00;0,00;242;53;83;33;29;260;261
7128;30,70;-376,71;0,00;0,00;0,00;-0,38;0,00;0,00;345;19;134;12;33;182;168
7129;77,71;101,83;0,00;0,00;0,00;0,10;0,00;0,00;416;37;92;33;21;328;235
7130;78,59;141,71;0,00;0,00;0,00;0,14;0,00;0,00;485;161;27;46;39;606;195
7131;28,61;-459,30;0,00;0,00;0,00;-0,46;0,00;0,00;230;94;52;40;18;971;752
7132;59,74;-188,74;0,00;0,00;0,00;-0,19;0,00;0,00;323;24;76;36;19;457;781
7133;36,36;-372,97;0,00;0,00;0,00;-0,37;0,00;0,00;70;155;133;13;35;484;774
7134;66,78;-26,17;0,00;0,00;0,00;-0,03;0,00;0,00;33;51;104;18;39;864;127
7135;72,34;102,94;0,00;0,00;0,00;0,10;0,00;0,00;181;122;114;35;27;197;943
7136;72,83;-16,29;0,00;0,00;0,00;-0,02;0,00;0,00;190;39;56;47;39;646;818
7137;19,46;-513,10;0,00;0,00;0,00;-0,51;0,00;0,00;85;60;193;11;36;364;533
7138;26,31;-450,83;0,00;0,00;0,00;-0,45;0,00;0,00;299;125;192;18;35;135;213
7139;89,96;199,02;0,00;0,00;0,00;0,20;0,00;0,00;230;130;156;31;38;839;891
7140;64,73;-132,54;0,00;0,00;0,00;-0,13;0,00;0,00;96;49;151;31;23;132;519
7141;65,58;-66,79;0,00;0,00;0,00;-0,07;0,00;0,00;169;56;29;20;18;530;446
7142;40,31;-165,14;0,00;0,00;0,00;-0,17;0,00;0,00;443;94;179;41;18;963;985
7143;29,75;-402,71;0,00;0,00;0,00;-0,40;0,00;0,00;44;23;17;18;36;175;707
7144;26,81;-468,23;0,00;0,00;0,00;-0,47;0,00;0,00;24;55;162;13;20;235;947
7145;30,96;-426,07;0,00;0,00;0,00;-0,43;0,00;0,00;418;190;168;49;37;182;123
7146;47,86;-175,02;0,00;0,00;0,00;-0,18;0,00;0,00;386;160;32;13;19;921;471
7147;53,39;-99,41;0,00;0,00;0,00;-0,10;0,00;0,00;487;184;135;14;16;685;142
7148;62,12;-102,89;0,00;0,00;0,00;-0,10;0,00;0,00;439;44;58;49;38;339;361
7149;28,84;-429,86;0,00;0,00;0,00;-0,43;0,00;0,00;433;95;63;19;30;840;137
7150;39,18;-308,21;0,00;0,00;0,00;-0,31;0,00;0,00;281;140;60;36;19;502;817
7151;62,78;-54,76;0,00;0,00;0,00;-0,05;0,00;0,00;417;58;131;12;29;503;874
7152;18,90;-527,87;0,00;0,00;0,00;-0,53;0,00;0,00;142;125;92;27;27;311;753
7153;58,55;-109,47;0,00;0,00;0,00;-0,11;0,00;0,00;379;136;71;22;34;884;330
7154;89,83;171,26;0,00;0,00;0,00;0,17;0,00;0,00;125;146;64;17;26;925;373
7155;19,96;-528,16;0,00;0,00;0,00;-0,53;0,00;0,00;75;20;16;42;25;110;117
7156;19,78;-543,22;0,00;0,00;0,00;-0,54;0,00;0,00;244;50;130;33;21;629;705
7157;11,90;-620,13;0,00;0,00;0,00;-0,62;0,00;0,00;160;39;109;36;39;998;456
7158;63,30;-87,65;0,00;0,00;0,00;-0,09;0,00;0,00;210;151;128;34;34;952;632
7159;15,87;-538,69;0,00;0,00;0,00;-0,54;0,00;0,00;44;29;169;20;28;171;384
7160;34,19;-291,79;0,00;0,00;0,00;-0,29;0,00;0,00;149;109;17;24;34;522;732
7161;40,54;-285,97;0,00;0,00;0,00;-0,29;0,00;0,00;171;49;122;10;33;626;478
7162;75,97;3,38;0,00;0,00;0,00;0,00;0,00;0,00;40;156;23;42;31;705;720
7163;96,95;148,72;0,00;0,00;0,00;0,15;0,00;0,00;266;132;13;18;35;997;572
7164;24,09;-469,37;0,00;0,00;0,00;-0,47;0,00;0,00;461;197;134;28;35;554;392
7165;50,85;-140,29;0,00;0,00;0,00;-0,14;0,00;0,00;86;90;65;49;18;847;873
7166;73,21;75,22;0,00;0,00;0,00;0,08;0,00;0,00;397;192;172;28;29;471;255
7167;66,67;-23,42;0,00;0,00;0,00;-0,02;0,00;0,00;362;75;157;42;28;151;295
7168;68,74;-19,33;0,00;0,00;0,00;-0,02;0,00;0,00;23;10;33;49;24;652;489
7169;31,26;-479,84;0,00;0,00;0,00;-0,48;0,00;0,00;17;127;43;47;18;262;392
7170;81,79;184,07;0,00;0,00;0,00;0,18;0,00;0,00;473;172;67;39;32;995;386
7171;99,05;273,68;0,00;0,00;0,00;0,27;0,00;0,00;339;88;22;46;38;729;135
7172;86,03;168,57;0,00;0,00;0,00;0,17;0,00;0,00;434;24;23;14;29;717;754
7173;36,35;-335,30;0,00;0,00;0,00;-0,34;0,00;0,00;197;171;88;23;32;236;388
7174;43,98;-239,43;0,00;0,00;0,00;-0,24;0,00;0,00;299;47;60;28;39;670;120
7175;0,00;-731,40;0,00;0,00;0,00;-0,73;0,00;0,00;283;158;105;18;25;143;845
7176;52,54;-209,40;0,00;0,00;0,00;-0,21;0,00;0,00;217;121;119;48;35;413;789
7177;100,00;304,42;0,00;0,00;0,00;0,30;0,00;0,00;332;91;150;43;15;503;165
7178;53,80;-149,65;0,00;0,00;0,00;-0,15;0,00;0,00;266;58;157;31;29;859;795
7179;0,00;-809,66;0,00;0,00;0,00;-0,81;0,00;0,00;486;165;117;38;30;579;210
7180;30,70;-380,68;0,00;0,00;0,00;-0,38;0,00;0,00;204;196;91;17;33;742;192
7181;59,04;-37,05;0,00;0,00;0,00;-0,04;0,00;0,00;143;25;136;39;18;360;469
7182;27,36;-377,24;0,00;0,00;0,00;-0,38;0,00;0,00;270;125;79;48;32;108;257
7183;2,58;-655,31;0,00;0,00;0,00;-0,66;0,00;0,00;218;21;113;49;25;904;351
7184;44,80;-145,72;0,00;0,00;0,00;-0,15;0,00;0,00;483;47;157;24;19;570;709
7185;53,56;-186,69;0,00;0,00;0,00;-0,19;0,00;0,00;108;128;36;21;27;129;980
7186;38,87;-297,10;0,00;0,00;0,00;-0,30;0,00;0,00;206;134;164;37;31;544;748
7187;76,29;73,56;0,00;0,00;0,00;0,07;0,00;0,00;64;147;84;23;27;497;106
7188;3,08;-653,69;0,00;0,00;0,00;-0,65;0,00;0,00;81;148;121;21;27;212;812
7189;87,03;223,29;0,00;0,00;0,00;0,22;0,00;0,00;288;80;22;16;39;399;850
7190;49,65;-253,07;0,00;0,00;0,00;-0,25;0,00;0,00;10;33;75;14;15;454;155
7191;52,57;-123,26;0,00;0,00;0,00;-0,12;0,00;0,00;432;29;87;35;31;460;317
7192;72,07;62,08;0,00;0,00;0,00;0,06;0,00;0,00;303;124;147;32;17;754;781
7193;54,78;-116,30;0,00;0,00;0,00;-0,12;0,00;0,00;319;61;63;48;24;138;179
7194;73,75;100,85;0,00;0,00;0,00;0,10;0,00;0,00;301;112;151;44;16;831;652
7195;33,68;-400,65;0,00;0,00;0,00;-0,40;0,00;0,00;91;86;139;36;19;951;267
7196;54,68;-161,74;0,00;0,00;0,00;-0,16;0,00;0,00;143;139;22;42;32;890;492
7197;30,39;-343,32;0,00;0,00;0,00;-0,34;0,00;0,00;39;81;73;25;37;394;776
7198;14,85;-556,88;0,00;0,00;0,00;-0,56;0,00;0,00;142;87;187;48;36;236;370
7199;19,17;-578,63;0,00;0,00;0,00;-0,58;0,00;0,00;362;57;12;40;17;158;566
7200;7,83;-578,06;0,00;0,00;0,00;-0,58;0,00;0,00;24;195;58;14;34;385;333
7201;84,48;117,49;0,00;0,00;0,00;0,12;0,00;0,00;40;121;112;19;15;680;448
7202;91,68;275,69;0,00;0,00;0,00;0,28;0,00;0,00;389;84;12;39;22;327;844
7203;67,80;-36,56;0,00;0,00;0,00;-0,04;0,00;0,00;459;72;77;35;28;189;211
7204;39,30;-293,93;0,00;0,00;0,00;-0,29;0,00;0,00;459;156;188;39;29;593;249
7205;26,70;-440,33;0,00;0,00;0,00;-0,44;0,00;0,00;83;101;176;38;31;450;765
7206;3,84;-622,45;0,00;0,00;0,00;-0,62;0,00;0,00;223;165;89;46;19;200;620
7207;44,33;-249,95;0,00;0,00;0,00;-0,25;0,00;0,00;302;19;58;14;25;237;156
7208;60,99;-128,68;0,00;0,00;0,00;-0,13;0,00;0,00;338;97;146;12;22;357;835
7209;71,81;-30,53;0,00;0,00;0,00;-0,03;0,00;0,00;78;179;14;35;37;679;710
7210;32,80;-414,03;0,00;0,00;0,00;-0,41;0,00;0,00;198;145;158;33;32;249;472
7211;30,83;-377,28;0,00;0,00;0,00;-0,38;0,00;0,00;96;65;89;27;21;371;658
7212;78,26;92,99;0,00;0,00;0,00;0,09;0,00;0,00;111;166;112;26;37;148;971
7213;73,05;51,38;0,00;0,00;0,00;0,05;0,00;0,00;266;177;164;41;32;897;712
7214;31,77;-419,80;0,00;0,00;0,00;-0,42;0,00;0,00;351;89;194;28;29;440;192
7215;12,08;-602,87;0,00;0,00;0,00;-0,60;0,00;0,00;163;80;138;32;34;266;943
7216;72,55;-91,13;0,00;0,00;0,00;-0,09;0,00;0,00;124;132;77;28;39;662;722
7217;67,42;-3,01;0,00;0,00;0,00;-0,00;0,00;0,00;374;78;154;39;30;793;293
7218;91,26;230,42;0,00;0,00;0,00;0,23;0,00;0,00;229;54;98;16;33;227;717
7219;58,72;-153,84;0,00;0,00;0,00;-0,15;0,00;0,00;62;121;27;15;19;369;268
7220;93,62;298,08;0,00;0,00;0,00;0,30;0,00;0,00;475;119;117;27;35;849;417
7221;43,08;-273,88;0,00;0,00;0,00;-0,27;0,00;0,00;490;55;183;18;30;891;652
7222;37,60;-356,90;0,00;0,00;0,00;-0,36;0,00;0,00;68;67;169;49;29;872;213
7223;30,44;-424,94;0,00;0,00;0,00;-0,42;0,00;0,00;85;193;32;39;21;506;383
7224;69,23;-2,87;0,00;0,00;0,00;-0,00;0,00;0,00;206;113;63;21;38;194;479
7225;63,35;-36,17;0,00;0,00;0,00;-0,04;0,00;0,00;20;170;35;10;15;566;894
7226;55,52;-67,81;0,00;0,00;0,00;-0,07;0,00;0,00;169;118;161;29;21;676;167
7227;46,91;-201,50;0,00;0,00;0,00;-0,20;0,00;0,00;353;17;68;27;18;513;420
7228;60,95;-101,04;0,00;0,00;0,00;-0,10;0,00;0,00;322;27;64;24;36;745;195
7229;2,59;-711,94;0,00;0,00;0,00;-0,71;0,00;0,00;436;130;31;30;28;594;465
7230;36,14;-390,97;0,00;0,00;0,00;-0,39;0,00;0,00;373;140;195;48;20;452;582
7231;45,29;-226,09;0,00;0,00;0,00;-0,23;0,00;0,00;286;155;32;39;29;117;389
7232;66,84;-115,27;0,00;0,00;0,00;-0,12;0,00;0,00;49;161;104;19;33;191;237
7233;15,65;-524,96;0,00;0,00;0,00;-0,52;0,00;0,00;309;114;194;25;34;311;745
7234;84,81;136,32;0,00;0,00;0,00;0,14;0,00;0,00;78;132;115;42;21;298;118
7235;39,62;-369,23;0,00;0,00;0,00;-0,37;0,00;0,00;55;12;191;28;35;769;166
7236;45,09;-274,37;0,00;0,00;0,00;-0,27;0,00;0,00;192;64;86;46;33;391;799
7237;85,42;193,90;0,00;0,00;0,00;0,19;0,00;0,00;179;54;19;12;34;406;675
7238;50,84;-183,30;0,00;0,00;0,00;-0,18;0,00;0,00;113;158;72;29;26;814;323
7239;23,32;-405,88;0,00;0,00;0,00;-0,41;0,00;0,00;420;58;51;30;34;963;607
7240;43,45;-293,44;0,00;0,00;0,00;-0,29;0,00;0,00;384;178;194;46;36;522;881
7241;74,77;28,35;0,00;0,00;0,00;0,03;0,00;0,00;217;157;74;13;36;216;533
7242;94,18;288,79;0,00;0,00;0,00;0,29;0,00;0,00;36;81;117;25;26;309;425
7243;26,64;-471,78;0,00;0,00;0,00;-0,47;0,00;0,00;56;112;66;19;34;635;556
7244;60,50;46,21;0,00;0,00;0,00;0,05;0,00;0,00;33;195;107;21;36;417;632
7245;91,86;268,38;0,00;0,00;0,00;0,27;0,00;0,00;324;142;89;26;18;928;202
7246;38,65;-305,64;0,00;0,00;0,00;-0,31;0,00;0,00;211;20;139;43;24;224;136
7247;31,71;-475,49;0,00;0,00;0,00;-0,48;0,00;0,00;415;105;150;27;29;363;279
7248;17,07;-513,57;0,00;0,00;0,00;-0,51;0,00;0,00;136;36;66;48;37;849;439
7249;96,57;280,11;0,00;0,00;0,00;0,28;0,00;0,00;223;167;33;39;19;703;538
7250;56,91;-169,76;0,00;0,00;0,00;-0,17;0,00;0,00;93;129;38;31;22;263;356
7251;100,00;297,78;0,00;0,00;0,00;0,30;0,00;0,00;379;67;118;34;15;818;620
7252;37,93;-371,18;0,00;0,00;0,00;-0,37;0,00;0,00;171;139;75;45;20;111;755
7253;58,20;-143,54;0,00;0,00;0,00;-0,14;0,00;0,00;138;105;39;49;29;281;192
7254;48,77;-299,26;0,00;0,00;0,00;-0,30;0,00;0,00;47;125;176;15;28;985;998
7255;82,18;175,42;0,00;0,00;0,00;0,18;0,00;0,00;180;174;47;40;27;709;925
7256;4,57;-581,38;0,00;0,00;0,00;-0,58;0,00;0,00;462;58;138;46;32;291;737
7257;34,72;-332,55;0,00;0,00;0,00;-0,33;0,00;0,00;15;184;164;29;17;687;247
7258;17,99;-457,18;0,00;0,00;0,00;-0,46;0,00;0,00;331;69;187;45;28;502;450
7259;88,85;131,11;0,00;0,00;0,00;0,13;0,00;0,00;453;96;145;15;18;597;661
7260;65,29;-49,57;0,00;0,00;0,00;-0,05;0,00;0,00;293;62;22;29;21;198;492
7261;13,57;-544,72;0,00;0,00;0,00;-0,54;0,00;0,00;120;40;139;39;36;613;628
7262;38,90;-335,88;0,00;0,00;0,00;-0,34;0,00;0,00;12;34;123;11;31;435;386
7263;64,47;-35,90;0,00;0,00;0,00;-0,04;0,00;0,00;426;35;166;12;16;100;845
7264;91,93;177,16;0,00;0,00;0,00;0,18;0,00;0,00;104;191;45;32;34;774;211
7265;49,61;-214,64;0,00;0,00;0,00;-0,21;0,00;0,00;434;130;132;19;33;917;179
7266;33,54;-327,58;0,00;0,00;0,00;-0,33;0,00;0,00;204;82;36;33;32;922;801
7267;53,93;-225,99;0,00;0,00;0,00;-0,23;0,00;0,00;46;180;148;20;37;389;390
7268;100,00;221,34;0,00;0,00;0,00;0,22;0,00;0,00;417;196;75;18;35;808;519
7269;88,82;239,84;0,00;0,00;0,00;0,24;0,00;0,00;214;184;18;35;39;551;545
7270;13,46;-547,20;0,00;0,00;0,00;-0,55;0,00;0,00;160;145;178;18;32;174;529
7271;37,64;-341,41;0,00;0,00;0,00;-0,34;0,00;0,00;481;138;134;28;33;716;945
7272;38,90;-346,48;0,00;0,00;0,00;-0,35;0,00;0,00;143;94;177;28;29;476;356
7273;46,34;-180,66;0,00;0,00;0,00;-0,18;0,00;0,00;292;16;105;33;27;990;887
7274;52,68;-238,27;0,00;0,00;0,00;-0,24;0,00;0,00;54;85;34;10;30;799;860
7275;62,09;-77,19;0,00;0,00;0,00;-0,08;0,00;0,00;346;132;178;38;34;154;384
7276;71,51;7,80;0,00;0,00;0,00;0,01;0,00;0,00;112;124;140;25;38;397;544
7277;66,74;-0,73;0,00;0,00;0,00;-0,00;0,00;0,00;494;140;87;49;16;879;192
7278;95,26;185,49;0,00;0,00;0,00;0,19;0,00;0,00;494;58;52;17;16;968;841
7279;76,33;32,45;0,00;0,00;0,00;0,03;0,00;0,00;285;128;182;37;39;414;687
7280;87,62;147,31;0,00;0,00;0,00;0,15;0,00;0,00;421;187;164;14;15;729;969
7281;84,85;121,31;0,00;0,00;0,00;0,12;0,00;0,00;221;41;99;42;23;156;197
7282;57,99;-168,37;0,00;0,00;0,00;-0,17;0,00;0,00;155;163;85;21;35;227;435
7283;81,11;224,53;0,00;0,00;0,00;0,22;0,00;0,00;168;169;61;14;30;567;507
7284;40,28;-335,33;0,00;0,00;0,00;-0,34;0,00;0,00;279;52;12;15;39;169;834
7285;0,00;-627,79;0,00;0,00;0,00;-0,63;0,00;0,00;294;109;28;31;17;616;193
7286;23,73;-388,75;0,00;0,00;0,00;-0,39;0,00;0,00;26;25;156;30;38;767;865
7287;38,51;-346,31;0,00;0,00;0,00;-0,35;0,00;0,00;260;137;66;26;39;198;645
7288;17,45;-481,28;0,00;0,00;0,00;-0,48;0,00;0,00;455;165;84;36;34;321;635
7289;47,50;-251,42;0,00;0,00;0,00;-0,25;0,00;0,00;466;106;81;15;16;754;809
7290;71,32;107,02;0,00;0,00;0,00;0,11;0,00;0,00;387;113;123;30;32;362;883
7291;30,71;-422,83;0,00;0,00;0,00;-0,42;0,00;0,00;25;126;108;41;31;426;514
7292;73,35;22,95;0,00;0,00;0,00;0,02;0,00;0,00;245;158;192;49;36;904;154
7293;74,82;111,98;0,00;0,00;0,00;0,11;0,00;0,00;445;89;51;16;33;501;830
7294;36,91;-396,84;0,00;0,00;0,00;-0,40;0,00;0,00;126;106;36;34;31;451;755
7295;52,54;-197,41;0,00;0,00;0,00;-0,20;0,00;0,00;287;152;126;42;30;172;352
7296;37,36;-254,79;0,00;0,00;0,00;-0,25;0,00;0,00;160;10;86;18;23;955;509
7297;44,00;-227,37;0,00;0,00;0,00;-0,23;0,00;0,00;26;94;14;20;26;973;339
7298;100,00;250,05;0,00;0,00;0,00;0,25;0,00;0,00;145;45;189;18;30;350;328
7299;23,16;-465,47;0,00;0,00;0,00;-0,47;0,00;0,00;476;45;186;19;37;729;132
7300;22,33;-468,73;0,00;0,00;0,00;-0,47;0,00;0,00;146;130;169;45;28;432;658
7301;28,55;-528,27;0,00;0,00;0,00;-0,53;0,00;0,00;361;193;28;10;30;919;280
7302;27,63;-373,36;0,00;0,00;0,00;-0,37;0,00;0,00;350;32;161;16;25;440;188
7303;35,99;-317,81;0,00;0,00;0,00;-0,32;0,00;0,00;270;151;57;47;37;110;478
7304;27,27;-425,00;0,00;0,00;0,00;-0,42;0,00;0,00;353;106;27;29;39;232;735
7305;83,03;137,15;0,00;0,00;0,00;0,14;0,00;0,00;209;115;79;49;26;678;974
7306;34,21;-277,81;0,00;0,00;0,00;-0,28;0,00;0,00;162;171;20;31;21;268;314
7307;84,10;230,18;0,00;0,00;0,00;0,23;0,00;0,00;264;167;161;35;29;462;391
7308;72,37;91,58;0,00;0,00;0,00;0,09;0,00;0,00;102;116;195;19;33;974;997
7309;63,39;-69,25;0,00;0,00;0,00;-0,07;0,00;0,00;401;151;39;11;31;329;995
7310;13,50;-661,88;0,00;0,00;0,00;-0,66;0,00;0,00;459;127;131;37;23;704;379
7311;62,40;-77,85;0,00;0,00;0,00;-0,08;0,00;0,00;479;54;55;23;31;474;242
7312;65,94;-58,70;0,00;0,00;0,00;-0,06;0,00;0,00;436;39;146;21;35;552;453
7313;59,82;-158,44;0,00;0,00;0,00;-0,16;0,00;0,00;422;174;163;42;32;579;953
7314;87,77;177,64;0,00;0,00;0,00;0,18;0,00;0,00;158;36;22;27;39;858;917
7315;55,93;-122,08;0,00;0,00;0,00;-0,12;0,00;0,00;98;177;41;10;30;323;129
7316;0,00;-700,74;0,00;0,00;0,00;-0,70;0,00;0,00;197;191;53;25;26;221;120
7317;47,15;-267,68;0,00;0,00;0,00;-0,27;0,00;0,00;141;150;87;37;17;987;313
7318;54,73;-174,12;0,00;0,00;0,00;-0,17;0,00;0,00;264;22;85;20;20;914;115
7319;30,36;-393,48;0,00;0,00;0,00;-0,39;0,00;0,00;115;125;39;28;34;562;715
7320;62,28;-105,99;0,00;0,00;0,00;-0,11;0,00;0,00;367;78;86;28;20;432;870
7321;63,41;-47,42;0,00;0,00;0,00;-0,05;0,00;0,00;59;131;161;38;15;292;559
7322;57,42;-157,12;0,00;0,00;0,00;-0,16;0,00;0,00;372;141;61;16;39;841;333
7323;59,53;-78,10;0,00;0,00;0,00;-0,08;0,00;0,00;365;102;62;12;36;846;857
7324;70,61;-39,45;0,00;0,00;0,00;-0,04;0,00;0,00;57;131;41;25;22;316;403
7325;50,23;-177,06;0,00;0,00;0,00;-0,18;0,00;0,00;440;18;69;17;36;325;574
7326;49,67;-170,97;0,00;0,00;0,00;-0,17;0,00;0,00;142;93;114;21;15;960;692
7327;69,85;-83,57;0,00;0,00;0,00;-0,08;0,00;0,00;383;192;14;48;36;797;595
7328;75,49;49,11;0,00;0,00;0,00;0,05;0,00;0,00;353;95;54;28;36;298;121
7329;47,55;-193,92;0,00;0,00;0,00;-0,19;0,00;0,00;235;166;194;25;19;298;210
7330;48,57;-210,66;0,00;0,00;0,00;-0,21;0,00;0,00;32;46;49;25;23;730;367
7331;77,31;111,26;0,00;0,00;0,00;0,11;0,00;0,00;210;148;98;10;28;117;200
7332;55,18;-110,02;0,00;0,00;0,00;-0,11;0,00;0,00;92;132;127;17;24;291;973
7333;55,18;-174,49;0,00;0,00;0,00;-0,17;0,00;0,00;232;132;87;33;24;911;152
7334;23,34;-495,17;0,00;0,00;0,00;-0,50;0,00;0,00;308;77;121;22;21;131;457
7335;29,10;-344,26;0,00;0,00;0,00;-0,34;0,00;0,00;453;133;167;26;20;227;388
7336;85,47;77,44;0,00;0,00;0,00;0,08;0,00;0,00;411;75;12;43;32;412;354
7337;52,31;-240,66;0,00;0,00;0,00;-0,24;0,00;0,00;41;74;67;26;32;723;664
7338;20,86;-390,71;0,00;0,00;0,00;-0,39;0,00;0,00;80;62;71;40;19;142;863
7339;40,83;-321,33;0,00;0,00;0,00;-0,32;0,00;0,00;470;166;83;32;21;267;544
7340;26,01;-418,30;0,00;0,00;0,00;-0,42;0,00;0,00;77;144;86;23;18;659;689
7341;41,65;-350,49;0,00;0,00;0,00;-0,35;0,00;0,00;497;106;14;16;34;695;580
7342;100,00;352,02;0,00;0,00;0,00;0,35;0,00;0,00;222;41;14;35;35;687;413
7343;49,79;-170,35;0,00;0,00;0,00;-0,17;0,00;0,00;191;148;137;28;22;882;685
7344;50,11;-193,16;0,00;0,00;0,00;-0,19;0,00;0,00;185;112;84;20;25;857;588
7345;91,91;277,39;0,00;0,00;0,00;0,28;0,00;0,00;250;83;129;17;29;816;961
7346;65,81;-93,10;0,00;0,00;0,00;-0,09;0,00;0,00;104;160;21;35;33;780;206
7347;88,54;155,02;0,00;0,00;0,00;0,16;0,00;0,00;454;10;191;10;28;195;556
7348;64,00;-16,70;0,00;0,00;0,00;-0,02;0,00;0,00;238;81;54;49;29;781;329
7349;34,96;-295,67;0,00;0,00;0,00;-0,30;0,00;0,00;101;165;163;38;37;841;918
7350;53,55;-278,50;0,00;0,00;0,00;-0,28;0,00;0,00;204;52;193;45;35;536;771
7351;79,39;81,66;0,00;0,00;0,00;0,08;0,00;0,00;358;117;83;18;38;236;905
7352;71,53;101,18;0,00;0,00;0,00;0,10;0,00;0,00;471;94;119;32;15;628;363
7353;27,93;-439,94;0,00;0,00;0,00;-0,44;0,00;0,00;409;22;20;35;39;800;352
7354;72,40;100,82;0,00;0,00;0,00;0,10;0,00;0,00;166;169;142;26;32;240;379
7355;48,64;-230,93;0,00;0,00;0,00;-0,23;0,00;0,00;491;197;20;28;17;264;344
7356;92,41;224,59;0,00;0,00;0,00;0,22;0,00;0,00;141;49;172;12;31;869;293
7357;75,89;51,87;0,00;0,00;0,00;0,05;0,00;0,00;413;18;22;18;25;229;304
7358;32,10;-398,93;0,00;0,00;0,00;-0,40;0,00;0,00;26;186;36;17;31;461;847
7359;31,69;-367,24;0,00;0,00;0,00;-0,37;0,00;0,00;218;151;178;48;38;740;305
7360;65,28;-1,35;0,00;0,00;0,00;-0,00;0,00;0,00;462;43;12;28;34;118;677
7361;39,15;-323,91;0,00;0,00;0,00;-0,32;0,00;0,00;478;146;26;45;30;122;895
7362;45,57;-175,46;0,00;0,00;0,00;-0,18;0,00;0,00;127;142;62;22;35;595;417
7363;14,60;-599,57;0,00;0,00;0,00;-0,60;0,00;0,00;296;184;118;22;38;249;828
7364;71,01;12,69;0,00;0,00;0,00;0,01;0,00;0,00;115;82;128;25;37;442;220
7365;68,23;32,92;0,00;0,00;0,00;0,03;0,00;0,00;97;19;180;45;17;701;721
7366;71,28;-19,04;0,00;0,00;0,00;-0,02;0,00;0,00;238;24;102;23;27;850;751
7367;32,79;-323,63;0,00;0,00;0,00;-0,32;0,00;0,00;468;153;63;41;19;168;241
7368;31,22;-414,47;0,00;0,00;0,00;-0,41;0,00;0,00;98;174;25;31;23;523;228
7369;0,00;-689,19;0,00;0,00;0,00;-0,69;0,00;0,00;204;199;71;49;31;791;663
7370;35,72;-383,29;0,00;0,00;0,00;-0,38;0,00;0,00;28;175;37;21;16;221;881
7371;31,28;-454,83;0,00;0,00;0,00;-0,45;0,00;0,00;180;136;26;42;25;892;675
7372;92,27;128,92;0,00;0,00;0,00;0,13;0,00;0,00;395;83;199;44;35;353;821
7373;33,71;-285,77;0,00;0,00;0,00;-0,29;0,00;0,00;183;45;123;36;32;195;779
7374;76,79;33,19;0,00;0,00;0,00;0,03;0,00;0,00;77;89;112;15;17;848;744
7375;46,94;-222,33;0,00;0,00;0,00;-0,22;0,00;0,00;450;86;111;33;18;928;205
7376;54,92;-194,92;0,00;0,00;0,00;-0,19;0,00;0,00;254;90;167;47;33;325;961
7377;37,89;-353,79;0,00;0,00;0,00;-0,35;0,00;0,00;240;59;42;13;32;573;638
7378;84,51;130,72;0,00;0,00;0,00;0,13;0,00;0,00;359;184;50;32;21;488;291
7379;47,96;-246,30;0,00;0,00;0,00;-0,25;0,00;0,00;89;69;29;30;31;749;538
7380;33,08;-416,70;0,00;0,00;0,00;-0,42;0,00;0,00;248;160;20;33;31;852;566
7381;46,86;-236,36;0,00;0,00;0,00;-0,24;0,00;0,00;332;191;42;45;27;781;347
7382;72,58;84,37;0,00;0,00;0,00;0,08;0,00;0,00;309;189;49;34;19;105;727
7383;37,29;-290,35;0,00;0,00;0,00;-0,29;0,00;0,00;64;109;49;19;26;214;389
7384;45,82;-249,97;0,00;0,00;0,00;-0,25;0,00;0,00;135;62;122;32;28;971;337
7385;66,34;15,05;0,00;0,00;0,00;0,02;0,00;0,00;353;83;184;40;26;786;483
7386;39,28;-298,28;0,00;0,00;0,00;-0,30;0,00;0,00;226;74;162;46;22;679;971
7387;63,76;-176,20;0,00;0,00;0,00;-0,18;0,00;0,00;361;182;189;44;35;924;524
7388;24,49;-460,13;0,00;0,00;0,00;-0,46;0,00;0,00;214;47;33;38;15;558;137
7389;28,83;-370,06;0,00;0,00;0,00;-0,37;0,00;0,00;137;16;124;45;39;273;974
7390;13,83;-607,47;0,00;0,00;0,00;-0,61;0,00;0,00;207;76;110;49;27;755;588
7391;63,80;-66,23;0,00;0,00;0,00;-0,07;0,00;0,00;134;15;56;21;21;916;993
7392;33,11;-321,38;0,00;0,00;0,00;-0,32;0,00;0,00;135;106;174;18;30;257;704
7393;42,17;-314,24;0,00;0,00;0,00;-0,31;0,00;0,00;64;80;26;47;24;310;935
7394;53,00;-125,62;0,00;0,00;0,00;-0,13;0,00;0,00;491;65;65;11;25;728;357
7395;44,26;-303,46;0,00;0,00;0,00;-0,30;0,00;0,00;111;57;95;25;20;170;676
7396;22,34;-431,39;0,00;0,00;0,00;-0,43;0,00;0,00;295;160;124;31;39;463;372
7397;27,42;-462,47;0,00;0,00;0,00;-0,46;0,00;0,00;162;120;20;31;27;905;936
7398;52,43;-273,14;0,00;0,00;0,00;-0,27;0,00;0,00;160;148;163;38;35;472;238
7399;66,08;3,91;0,00;0,00;0,00;0,00;0,00;0,00;53;82;114;42;20;601;863
7400;82,26;148,12;0,00;0,00;0,00;0,15;0,00;0,00;415;58;91;49;35;533;518
7401;17,78;-500,73;0,00;0,00;0,00;-0,50;0,00;0,00;56;185;80;18;31;492;949
7402;61,97;-85,66;0,00;0,00;0,00;-0,09;0,00;0,00;282;87;24;35;26;638;334
7403;96,68;249,00;0,00;0,00;0,00;0,25;0,00;0,00;456;24;179;20;36;231;654
7404;6,71;-638,64;0,00;0,00;0,00;-0,64;0,00;0,00;456;22;67;34;26;197;143
7405;76,45;99,65;0,00;0,00;0,00;0,10;0,00;0,00;419;129;155;34;33;705;112
7406;47,33;-315,84;0,00;0,00;0,00;-0,32;0,00;0,00;144;132;25;49;37;724;819
7407;0,00;-681,31;0,00;0,00;0,00;-0,68;0,00;0,00;25;186;174;35;16;380;996
7408;56,42;-153,63;0,00;0,00;0,00;-0,15;0,00;0,00;227;190;174;35;15;994;988
7409;25,24;-458,24;0,00;0,00;0,00;-0,46;0,00;0,00;359;166;193;38;39;244;550
7410;50,06;-232,00;0,00;0,00;0,00;-0,23;0,00;0,00;179;43;43;45;22;581;968
7411;61,35;-107,24;0,00;0,00;0,00;-0,11;0,00;0,00;303;174;106;25;23;310;974
7412;45,78;-209,98;0,00;0,00;0,00;-0,21;0,00;0,00;482;107;118;33;21;484;887
7413;86,54;179,64;0,00;0,00;0,00;0,18;0,00;0,00;428;196;118;20;31;889;644
7414;77,85;97,09;0,00;0,00;0,00;0,10;0,00;0,00;239;17;47;48;29;879;683
7415;62,58;-157,24;0,00;0,00;0,00;-0,16;0,00;0,00;335;97;48;13;29;253;919
7416;68,32;1,98;0,00;0,00;0,00;0,00;0,00;0,00;353;12;170;12;27;338;152
7417;15,48;-570,46;0,00;0,00;0,00;-0,57;0,00;0,00;143;121;152;20;22;168;619
7418;48,35;-200,39;0,00;0,00;0,00;-0,20;0,00;0,00;84;140;198;48;29;961;559
7419;31,07;-432,31;0,00;0,00;0,00;-0,43;0,00;0,00;265;151;12;22;19;635;931
7420;42,35;-346,85;0,00;0,00;0,00;-0,35;0,00;0,00;180;189;93;42;18;656;965
7421;74,22;41,11;0,00;0,00;0,00;0,04;0,00;0,00;447;24;51;29;37;485;694
7422;11,14;-612,26;0,00;0,00;0,00;-0,61;0,00;0,00;208;81;83;24;29;655;693
7423;64,12;-0,51;0,00;0,00;0,00;-0,00;0,00;0,00;137;92;72;39;32;744;156
7424;38,88;-307,20;0,00;0,00;0,00;-0,31;0,00;0,00;111;127;130;17;24;182;301
7425;64,32;-15,37;0,00;0,00;0,00;-0,02;0,00;0,00;152;38;167;35;31;469;391
7426;73,56;47,98;0,00;0,00;0,00;0,05;0,00;0,00;249;162;32;45;30;474;705
7427;58,56;-142,46;0,00;0,00;0,00;-0,14;0,00;0,00;150;28;12;32;39;854;460
7428;97,51;311,37;0,00;0,00;0,00;0,31;0,00;0,00;234;93;74;39;23;801;997
7429;29,39;-415,26;0,00;0,00;0,00;-0,42;0,00;0,00;124;78;35;31;29;116;286
7430;45,64;-188,69;0,00;0,00;0,00;-0,19;0,00;0,00;400;129;163;43;16;931;991
7431;100,00;283,70;0,00;0,00;0,00;0,28;0,00;0,00;151;166;46;40;15;497;606
7432;22,22;-427,00;0,00;0,00;0,00;-0,43;0,00;0,00;122;181;148;17;38;396;237
7433;38,10;-259,05;0,00;0,00;0,00;-0,26;0,00;0,00;253;129;40;25;31;573;933
7434;48,46;-152,73;0,00;0,00;0,00;-0,15;0,00;0,00;449;98;130;16;25;351;465
7435;60,14;-155,01;0,00;0,00;0,00;-0,16;0,00;0,00;449;14;94;49;38;493;926
7436;30,90;-425,85;0,00;0,00;0,00;-0,43;0,00;0,00;54;103;27;44;29;498;148
7437;44,76;-235,08;0,00;0,00;0,00;-0,24;0,00;0,00;209;46;91;12;15;168;141
7438;45,22;-205,03;0,00;0,00;0,00;-0,21;0,00;0,00;287;113;173;38;18;506;236
7439;38,96;-276,93;0,00;0,00;0,00;-0,28;0,00;0,00;184;54;58;11;38;470;685
7440;26,94;-382,76;0,00;0,00;0,00;-0,38;0,00;0,00;102;138;92;37;39;665;409
7441;21,15;-425,25;0,00;0,00;0,00;-0,43;0,00;0,00;396;95;27;39;35;487;836
7442;90,30;294,71;0,00;0,00;0,00;0,29;0,00;0,00;291;110;40;35;36;775;439
7443;62,98;-90,30;0,00;0,00;0,00;-0,09;0,00;0,00;11;173;43;44;17;814;234
7444;62,54;-97,11;0,00;0,00;0,00;-0,10;0,00;0,00;454;161;110;41;33;243;384
7445;42,15;-201,64;0,00;0,00;0,00;-0,20;0,00;0,00;471;44;141;41;17;919;764
7446;48,90;-226,71;0,00;0,00;0,00;-0,23;0,00;0,00;328;102;76;25;31;469;631
7447;44,00;-134,98;0,00;0,00;0,00;-0,13;0,00;0,00;94;167;190;33;18;347;812
7448;13,46;-673,25;0,00;0,00;0,00;-0,67;0,00;0,00;96;135;183;34;38;489;828
7449;26,03;-498,99;0,00;0,00;0,00;-0,50;0,00;0,00;279;198;195;11;22;336;923
7450;67,85;-22,71;0,00;0,00;0,00;-0,02;0,00;0,00;148;25;180;30;16;213;713
7451;44,54;-307,99;0,00;0,00;0,00;-0,31;0,00;0,00;20;181;120;46;22;349;182
7452;64,24;-3,23;0,00;0,00;0,00;-0,00;0,00;0,00;96;157;78;10;35;622;149
7453;24,33;-506,06;0,00;0,00;0,00;-0,51;0,00;0,00;241;149;22;30;32;511;403
7454;53,76;-173,21;0,00;0,00;0,00;-0,17;0,00;0,00;141;69;182;37;17;550;213
7455;85,30;127,91;0,00;0,00;0,00;0,13;0,00;0,00;258;130;69;32;23;897;765
7456;37,96;-263,36;0,00;0,00;0,00;-0,26;0,00;0,00;334;11;185;39;33;577;131
7457;55,29;-185,99;0,00;0,00;0,00;-0,19;0,00;0,00;332;156;64;47;29;225;872
7458;40,31;-286,93;0,00;0,00;0,00;-0,29;0,00;0,00;345;108;174;10;21;900;132
7459;75,25;162,76;0,00;0,00;0,00;0,16;0,00;0,00;294;141;188;11;15;536;568
7460;100,00;300,82;0,00;0,00;0,00;0,30;0,00;0,00;273;28;154;24;29;799;361
7461;70,76;-30,03;0,00;0,00;0,00;-0,03;0,00;0,00;12;158;134;24;35;529;739
7462;22,99;-538,59;0,00;0,00;0,00;-0,54;0,00;0,00;399;184;138;36;33;980;544
7463;73,02;-15,81;0,00;0,00;0,00;-0,02;0,00;0,00;246;79;198;32;31;832;898
7464;50,08;-248,68;0,00;0,00;0,00;-0,25;0,00;0,00;124;13;188;29;33;310;834
7465;39,84;-332,41;0,00;0,00;0,00;-0,33;0,00;0,00;184;21;160;33;38;752;629
7466;57,07;-159,66;0,00;0,00;0,00;-0,16;0,00;0,00;332;141;120;47;34;557;719
7467;50,71;-214,92;0,00;0,00;0,00;-0,21;0,00;0,00;330;50;70;41;29;392;511
7468;57,22;-162,16;0,00;0,00;0,00;-0,16;0,00;0,00;118;80;57;31;24;482;201
7469;0,00;-653,15;0,00;0,00;0,00;-0,65;0,00;0,00;412;129;64;40;29;115;863
7470;47,67;-201,32;0,00;0,00;0,00;-0,20;0,00;0,00;74;91;44;14;16;516;316
7471;48,88;-99,56;0,00;0,00;0,00;-0,10;0,00;0,00;197;166;114;26;19;888;179
7472;76,08;-17,08;0,00;0,00;0,00;-0,02;0,00;0,00;429;78;109;29;27;365;466
7473;26,65;-426,04;0,00;0,00;0,00;-0,43;0,00;0,00;269;75;78;30;30;363;953
7474;34,60;-371,63;0,00;0,00;0,00;-0,37;0,00;0,00;430;135;115;32;38;291;363
7475;96,50;217,43;0,00;0,00;0,00;0,22;0,00;0,00;395;85;174;36;20;435;861
7476;54,14;-201,62;0,00;0,00;0,00;-0,20;0,00;0,00;118;17;63;21;34;971;240
7477;43,78;-301,81;0,00;0,00;0,00;-0,30;0,00;0,00;318;120;108;32;16;769;335
7478;43,79;-252,62;0,00;0,00;0,00;-0,25;0,00;0,00;196;80;20;21;16;500;566
7479;51,89;-179,43;0,00;0,00;0,00;-0,18;0,00;0,00;35;108;55;31;24;494;684
7480;61,68;-94,78;0,00;0,00;0,00;-0,09;0,00;0,00;102;158;118;47;24;115;872
7481;65,92;-4,54;0,00;0,00;0,00;-0,00;0,00;0,00;147;123;24;26;33;236;161
7482;63,53;-187,92;0,00;0,00;0,00;-0,19;0,00;0,00;19;190;183;43;20;606;875
7483;64,20;-48,83;0,00;0,00;0,00;-0,05;0,00;0,00;281;140;64;48;26;659;795
7484;64,66;-62,36;0,00;0,00;0,00;-0,06;0,00;0,00;296;126;64;25;33;165;467
7485;89,57;119,60;0,00;0,00;0,00;0,12;0,00;0,00;392;63;181;38;24;790;534
7486;35,28;-371,87;0,00;0,00;0,00;-0,37;0,00;0,00;264;158;85;22;33;288;775
7487;8,13;-678,50;0,00;0,00;0,00;-0,68;0,00;0,00;203;178;60;29;20;830;374
7488;38,77;-344,34;0,00;0,00;0,00;-0,34;0,00;0,00;413;136;184;43;15;191;719
7489;43,20;-250,18;0,00;0,00;0,00;-0,25;0,00;0,00;98;101;124;33;39;456;337
7490;95,37;259,10;0,00;0,00;0,00;0,26;0,00;0,00;119;118;45;42;33;274;550
7491;49,55;-111,57;0,00;0,00;0,00;-0,11;0,00;0,00;190;93;112;37;31;853;992
7492;25,97;-465,63;0,00;0,00;0,00;-0,47;0,00;0,00;470;21;15;31;25;610;515
7493;49,43;-174,97;0,00;0,00;0,00;-0,17;0,00;0,00;336;172;126;31;18;744;938
7494;34,82;-305,90;0,00;0,00;0,00;-0,31;0,00;0,00;387;15;86;16;22;861;456
7495;50,36;-197,41;0,00;0,00;0,00;-0,20;0,00;0,00;105;190;197;48;36;737;957
7496;72,55;11,91;0,00;0,00;0,00;0,01;0,00;0,00;251;154;180;32;16;523;919
7497;81,20;153,49;0,00;0,00;0,00;0,15;0,00;0,00;116;69;199;49;20;308;974
7498;5,52;-648,09;0,00;0,00;0,00;-0,65;0,00;0,00;326;58;194;18;25;641;732
7499;92,11;190,91;0,00;0,00;0,00;0,19;0,00;0,00;360;84;173;23;29;321;616
7500;39,99;-348,12;0,00;0,00;0,00;-0,35;0,00;0,00;394;175;167;16;36;249;182
7501;67,14;-18,99;0,00;0,00;0,00;-0,02;0,00;0,00;342;58;58;11;18;169;583
7502;69,01;-10,90;0,00;0,00;0,00;-0,01;0,00;0,00;187;76;113;12;39;225;305
7503;24,69;-435,99;0,00;0,00;0,00;-0,44;0,00;0,00;24;84;195;14;15;245;661
7504;60,72;-105,51;0,00;0,00;0,00;-0,11;0,00;0,00;140;128;121;17;29;556;783
7505;65,25;-65,97;0,00;0,00;0,00;-0,07;0,00;0,00;246;57;155;16;28;931;982
7506;45,48;-221,71;0,00;0,00;0,00;-0,22;0,00;0,00;108;117;100;44;39;176;711
7507;84,15;125,50;0,00;0,00;0,00;0,13;0,00;0,00;285;19;44;20;30;641;948
7508;74,69;37,53;0,00;0,00;0,00;0,04;0,00;0,00;476;123;55;17;31;748;402
7509;40,58;-296,51;0,00;0,00;0,00;-0,30;0,00;0,00;361;83;115;12;37;675;497
7510;43,47;-221,05;0,00;0,00;0,00;-0,22;0,00;0,00;194;84;58;38;39;379;542
7511;45,46;-295,11;0,00;0,00;0,00;-0,30;0,00;0,00;485;16;109;40;27;849;835
7512;22,25;-429,00;0,00;0,00;0,00;-0,43;0,00;0,00;181;33;154;39;18;996;851
7513;66,60;-14,55;0,00;0,00;0,00;-0,01;0,00;0,00;18;199;167;44;39;544;762
7514;52,73;-153,61;0,00;0,00;0,00;-0,15;0,00;0,00;84;161;121;46;17;228;313
7515;47,14;-199,91;0,00;0,00;0,00;-0,20;0,00;0,00;127;20;39;36;29;758;252
7516;49,82;-245,84;0,00;0,00;0,00;-0,25;0,00;0,00;135;42;16;24;32;587;970
7517;29,13;-437,43;0,00;0,00;0,00;-0,44;0,00;0,00;257;21;192;14;27;290;911
7518;45,11;-242,89;0,00;0,00;0,00;-0,24;0,00;0,00;34;122;20;39;15;813;160
7519;58,99;-103,69;0,00;0,00;0,00;-0,10;0,00;0,00;140;130;194;34;28;765;632
7520;49,63;-85,73;0,00;0,00;0,00;-0,09;0,00;0,00;62;33;190;46;20;953;809
7521;22,94;-461,55;0,00;0,00;0,00;-0,46;0,00;0,00;66;96;165;47;30;654;935
7522;80,93;105,24;0,00;0,00;0,00;0,11;0,00;0,00;92;45;159;12;29;544;288
7523;10,66;-583,36;0,00;0,00;0,00;-0,58;0,00;0,00;247;97;113;31;33;581;219
7524;68,90;-47,53;0,00;0,00;0,00;-0,05;0,00;0,00;199;18;153;46;35;285;573
7525;78,01;98,51;0,00;0,00;0,00;0,10;0,00;0,00;127;96;60;48;15;843;792
7526;54,26;-174,52;0,00;0,00;0,00;-0,17;0,00;0,00;405;105;114;29;21;797;415
7527;53,87;-129,67;0,00;0,00;0,00;-0,13;0,00;0,00;472;102;198;40;24;415;663
7528;65,62;-91,93;0,00;0,00;0,00;-0,09;0,00;0,00;42;196;199;38;34;859;617
7529;60,89;-122,06;0,00;0,00;0,00;-0,12;0,00;0,00;140;77;69;29;35;987;542
7530;50,95;-219,63;0,00;0,00;0,00;-0,22;0,00;0,00;272;164;179;28;32;366;296
7531;42,10;-187,38;0,00;0,00;0,00;-0,19;0,00;0,00;25;67;180;33;24;720;218
7532;33,01;-416,39;0,00;0,00;0,00;-0,42;0,00;0,00;363;91;99;17;36;328;644
7533;3,68;-669,83;0,00;0,00;0,00;-0,67;0,00;0,00;343;27;186;11;35;244;362
7534;10,86;-585,82;0,00;0,00;0,00;-0,59;0,00;0,00;305;99;51;31;25;928;839
7535;78,52;95,55;0,00;0,00;0,00;0,10;0,00;0,00;354;84;136;34;19;930;763
7536;55,95;-161,03;0,00;0,00;0,00;-0,16;0,00;0,00;56;97;118;48;18;160;221
7537;0,00;-712,83;0,00;0,00;0,00;-0,71;0,00;0,00;393;46;188;11;35;657;874
7538;48,34;-307,60;0,00;0,00;0,00;-0,31;0,00;0,00;331;20;197;41;22;394;278
7539;73,24;25,76;0,00;0,00;0,00;0,03;0,00;0,00;19;196;187;36;30;769;254
7540;43,75;-260,44;0,00;0,00;0,00;-0,26;0,00;0,00;19;90;115;37;31;644;838
7541;59,70;-187,04;0,00;0,00;0,00;-0,19;0,00;0,00;431;37;187;46;30;409;858
7542;6,82;-685,16;0,00;0,00;0,00;-0,69;0,00;0,00;469;25;32;16;36;529;842
7543;63,33;-30,29;0,00;0,00;0,00;-0,03;0,00;0,00;85;102;156;11;16;629;617
7544;20,13;-585,59;0,00;0,00;0,00;-0,59;0,00;0,00;494;50;62;47;34;649;499
7545;48,52;-296,80;0,00;0,00;0,00;-0,30;0,00;0,00;17;181;39;27;30;379;667
7546;14,24;-581,34;0,00;0,00;0,00;-0,58;0,00;0,00;65;104;14;12;35;943;620
7547;91,80;220,30;0,00;0,00;0,00;0,22;0,00;0,00;223;63;168;32;26;982;369
7548;0,00;-646,44;0,00;0,00;0,00;-0,65;0,00;0,00;168;47;51;37;38;439;740
7549;59,13;-52,96;0,00;0,00;0,00;-0,05;0,00;0,00;429;123;141;10;18;725;484
7550;51,21;-209,14;0,00;0,00;0,00;-0,21;0,00;0,00;40;23;177;13;21;994;889
7551;65,86;-75,86;0,00;0,00;0,00;-0,08;0,00;0,00;304;74;192;23;17;195;931
7552;8,16;-673,70;0,00;0,00;0,00;-0,67;0,00;0,00;272;46;161;18;18;864;673
7553;64,09;-101,94;0,00;0,00;0,00;-0,10;0,00;0,00;160;179;62;33;36;908;344
7554;87,19;202,06;0,00;0,00;0,00;0,20;0,00;0,00;192;179;199;31;33;933;269
7555;97,06;271,61;0,00;0,00;0,00;0,27;0,00;0,00;56;78;65;35;28;458;794
7556;37,89;-384,04;0,00;0,00;0,00;-0,38;0,00;0,00;257;76;190;35;35;862;183
7557;0,00;-596,09;0,00;0,00;0,00;-0,60;0,00;0,00;225;126;114;49;33;919;758
7558;46,11;-274,26;0,00;0,00;0,00;-0,27;0,00;0,00;92;165;119;32;32;204;107
7559;61,43;-69,49;0,00;0,00;0,00;-0,07;0,00;0,00;478;105;73;25;23;800;253
7560;30,29;-461,32;0,00;0,00;0,00;-0,46;0,00;0,00;441;74;131;34;39;510;528
7561;100,00;376,25;0,00;0,00;0,00;0,38;0,00;0,00;330;44;68;43;35;365;560
7562;58,38;-194,78;0,00;0,00;0,00;-0,19;0,00;0,00;74;27;136;44;39;907;347
7563;33,95;-334,73;0,00;0,00;0,00;-0,33;0,00;0,00;177;43;29;39;29;482;848
7564;16,79;-536,91;0,00;0,00;0,00;-0,54;0,00;0,00;383;193;23;11;17;308;941
7565;62,55;-110,26;0,00;0,00;0,00;-0,11;0,00;0,00;209;88;65;21;29;496;105
7566;72,82;58,24;0,00;0,00;0,00;0,06;0,00;0,00;468;109;198;25;19;546;868
7567;70,13;-17,73;0,00;0,00;0,00;-0,02;0,00;0,00;36;16;93;48;39;136;131
7568;49,82;-201,14;0,00;0,00;0,00;-0,20;0,00;0,00;361;47;178;29;27;676;865
7569;66,80;-59,75;0,00;0,00;0,00;-0,06;0,00;0,00;153;11;178;11;25;827;851
7570;36,28;-306,90;0,00;0,00;0,00;-0,31;0,00;0,00;28;148;61;44;28;911;263
7571;11,25;-488,79;0,00;0,00;0,00;-0,49;0,00;0,00;227;66;71;16;21;232;501
7572;90,10;147,47;0,00;0,00;0,00;0,15;0,00;0,00;302;78;99;30;19;973;506
7573;86,80;207,90;0,00;0,00;0,00;0,21;0,00;0,00;104;38;182;23;22;158;282
7574;71,85;-120,58;0,00;0,00;0,00;-0,12;0,00;0,00;328;187;92;23;16;258;130
7575;0,00;-749,52;0,00;0,00;0,00;-0,75;0,00;0,00;424;153;78;41;34;695;754
7576;32,21;-359,58;0,00;0,00;0,00;-0,36;0,00;0,00;490;83;177;11;28;430;593
7577;51,25;-139,54;0,00;0,00;0,00;-0,14;0,00;0,00;133;67;78;15;19;522;382
7578;62,35;-106,98;0,00;0,00;0,00;-0,11;0,00;0,00;137;64;126;28;21;903;680
7579;40,79;-331,03;0,00;0,00;0,00;-0,33;0,00;0,00;414;171;34;21;35;366;363
7580;23,21;-526,91;0,00;0,00;0,00;-0,53;0,00;0,00;114;167;166;43;23;872;889
7581;46,59;-182,96;0,00;0,00;0,00;-0,18;0,00;0,00;57;191;113;22;38;488;147
7582;63,77;-73,42;0,00;0,00;0,00;-0,07;0,00;0,00;14;125;132;23;21;556;985
7583;36,81;-363,28;0,00;0,00;0,00;-0,36;0,00;0,00;169;194;102;28;30;741;902
7584;12,45;-685,24;0,00;0,00;0,00;-0,69;0,00;0,00;444;57;37;44;32;259;414
7585;67,32;-26,63;0,00;0,00;0,00;-0,03;0,00;0,00;172;77;122;45;29;835;248
7586;42,82;-291,23;0,00;0,00;0,00;-0,29;0,00;0,00;63;83;109;29;19;751;392
7587;76,37;93,21;0,00;0,00;0,00;0,09;0,00;0,00;45;78;18;48;29;713;992
7588;72,12;-92,19;0,00;0,00;0,00;-0,09;0,00;0,00;292;199;25;19;26;604;753
7589;61,29;-85,10;0,00;0,00;0,00;-0,09;0,00;0,00;358;134;140;39;22;687;117
7590;17,49;-596,58;0,00;0,00;0,00;-0,60;0,00;0,00;399;22;72;22;31;170;111
7591;39,40;-218,85;0,00;0,00;0,00;-0,22;0,00;0,00;165;83;51;27;28;748;493
7592;38,02;-416,40;0,00;0,00;0,00;-0,42;0,00;0,00;171;14;13;30;18;112;314
7593;31,66;-337,88;0,00;0,00;0,00;-0,34;0,00;0,00;84;51;193;23;20;818;718
7594;38,13;-324,95;0,00;0,00;0,00;-0,32;0,00;0,00;136;34;141;13;17;507;886
7595;42,73;-323,47;0,00;0,00;0,00;-0,32;0,00;0,00;182;122;112;10;27;188;264
7596;49,88;-225,23;0,00;0,00;0,00;-0,23;0,00;0,00;86;63;191;48;28;541;310
7597;87,14;185,38;0,00;0,00;0,00;0,19;0,00;0,00;386;153;96;15;32;284;540
7598;100,00;393,41;0,00;0,00;0,00;0,39;0,00;0,00;473;156;150;13;27;326;323
7599;94,09;296,87;0,00;0,00;0,00;0,30;0,00;0,00;295;59;191;16;37;831;427
7600;53,02;-149,49;0,00;0,00;0,00;-0,15;0,00;0,00;249;89;149;32;24;498;976
7601;57,53;-88,98;0,00;0,00;0,00;-0,09;0,00;0,00;51;75;53;32;26;376;909
7602;46,14;-253,11;0,00;0,00;0,00;-0,25;0,00;0,00;229;21;156;38;35;604;686
7603;59,60;-171,00;0,00;0,00;0,00;-0,17;0,00;0,00;18;183;98;21;38;153;845
7604;40,96;-227,82;0,00;0,00;0,00;-0,23;0,00;0,00;66;28;23;35;33;629;215
7605;51,64;-197,53;0,00;0,00;0,00;-0,20;0,00;0,00;203;184;165;25;27;696;898
7606;54,08;-123,69;0,00;0,00;0,00;-0,12;0,00;0,00;416;174;38;30;26;903;393
7607;49,10;-248,66;0,00;0,00;0,00;-0,25;0,00;0,00;373;36;193;31;35;934;827
7608;70,27;-18,28;0,00;0,00;0,00;-0,02;0,00;0,00;43;70;143;13;23;859;655
7609;19,10;-420,70;0,00;0,00;0,00;-0,42;0,00;0,00;52;25;64;32;29;589;432
7610;43,47;-214,81;0,00;0,00;0,00;-0,21;0,00;0,00;238;21;139;17;39;782;544
7611;64,98;-2,75;0,00;0,00;0,00;-0,00;0,00;0,00;472;55;99;18;18;786;116
7612;40,43;-237,86;0,00;0,00;0,00;-0,24;0,00;0,00;335;147;107;24;38;619;921
7613;54,79;-179,44;0,00;0,00;0,00;-0,18;0,00;0,00;61;110;178;43;17;898;425
7614;85,01;158,54;0,00;0,00;0,00;0,16;0,00;0,00;284;78;145;11;28;526;281
7615;41,89;-351,60;0,00;0,00;0,00;-0,35;0,00;0,00;353;100;157;46;30;402;992
7616;62,76;-136,75;0,00;0,00;0,00;-0,14;0,00;0,00;206;198;76;17;15;149;325
7617;82,04;177,60;0,00;0,00;0,00;0,18;0,00;0,00;229;144;96;22;26;745;575
7618;3,62;-777,03;0,00;0,00;0,00;-0,78;0,00;0,00;277;59;153;28;31;960;172
7619;41,47;-320,58;0,00;0,00;0,00;-0,32;0,00;0,00;46;37;117;46;24;909;671
7620;42,41;-276,82;0,00;0,00;0,00;-0,28;0,00;0,00;59;101;88;27;27;709;110
7621;41,27;-250,60;0,00;0,00;0,00;-0,25;0,00;0,00;157;57;23;25;30;310;389
7622;75,82;25,46;0,00;0,00;0,00;0,03;0,00;0,00;22;24;199;43;29;182;797
7623;29,12;-347,22;0,00;0,00;0,00;-0,35;0,00;0,00;15;139;192;47;26;270;345
7624;25,81;-366,80;0,00;0,00;0,00;-0,37;0,00;0,00;237;39;98;26;16;502;905
7625;40,41;-365,78;0,00;0,00;0,00;-0,37;0,00;0,00;407;28;89;45;23;109;771
7626;63,41;-5,92;0,00;0,00;0,00;-0,01;0,00;0,00;378;124;154;42;29;523;876
7627;72,62;56,70;0,00;0,00;0,00;0,06;0,00;0,00;74;103;43;27;30;917;769
7628;35,55;-337,16;0,00;0,00;0,00;-0,34;0,00;0,00;392;179;115;28;35;847;178
7629;73,31;24,96;0,00;0,00;0,00;0,02;0,00;0,00;454;186;45;43;34;904;828
7630;64,08;-38,68;0,00;0,00;0,00;-0,04;0,00;0,00;226;53;13;44;39;763;986
7631;48,76;-183,48;0,00;0,00;0,00;-0,18;0,00;0,00;453;57;37;20;28;361;270
7632;56,14;-182,24;0,00;0,00;0,00;-0,18;0,00;0,00;139;64;24;12;34;645;207
7633;21,95;-474,76;0,00;0,00;0,00;-0,47;0,00;0,00;314;134;196;32;34;583;176
7634;41,72;-320,16;0,00;0,00;0,00;-0,32;0,00;0,00;33;84;199;24;21;240;993
7635;11,24;-620,51;0,00;0,00;0,00;-0,62;0,00;0,00;369;191;87;22;24;898;172
7636;22,91;-496,28;0,00;0,00;0,00;-0,50;0,00;0,00;32;66;115;42;36;652;322
7637;63,66;-99,73;0,00;0,00;0,00;-0,10;0,00;0,00;380;166;185;31;29;665;244
7638;30,35;-410,61;0,00;0,00;0,00;-0,41;0,00;0,00;230;98;135;42;24;350;651
7639;53,58;-164,59;0,00;0,00;0,00;-0,16;0,00;0,00;124;134;111;38;19;565;640
7640;62,05;-111,47;0,00;0,00;0,00;-0,11;0,00;0,00;343;185;23;23;15;163;974
7641;33,12;-405,26;0,00;0,00;0,00;-0,41;0,00;0,00;493;135;174;17;15;457;755
7642;45,88;-227,49;0,00;0,00;0,00;-0,23;0,00;0,00;48;150;187;23;38;557;972
7643;88,33;204,77;0,00;0,00;0,00;0,20;0,00;0,00;121;45;150;30;17;304;271
7644;69,03;5,17;0,00;0,00;0,00;0,01;0,00;0,00;135;13;136;30;23;462;349
7645;50,10;-196,79;0,00;0,00;0,00;-0,20;0,00;0,00;330;187;149;21;26;721;994
7646;28,92;-389,17;0,00;0,00;0,00;-0,39;0,00;0,00;357;34;107;35;17;146;276
7647;56,45;-118,08;0,00;0,00;0,00;-0,12;0,00;0,00;399;78;91;46;23;145;589
7648;0,00;-617,19;0,00;0,00;0,00;-0,62;0,00;0,00;391;14;57;23;26;356;107
7649;45,55;-230,37;0,00;0,00;0,00;-0,23;0,00;0,00;93;92;190;20;16;494;658
7650;24,81;-462,20;0,00;0,00;0,00;-0,46;0,00;0,00;397;161;75;47;29;357;785
7651;97,18;212,04;0,00;0,00;0,00;0,21;0,00;0,00;354;152;60;36;35;429;896
7652;51,78;-184,80;0,00;0,00;0,00;-0,18;0,00;0,00;348;46;99;45;16;557;512
7653;37,91;-327,50;0,00;0,00;0,00;-0,33;0,00;0,00;446;21;84;17;16;144;873
7654;36,77;-304,57;0,00;0,00;0,00;-0,30;0,00;0,00;215;105;34;21;18;304;817
7655;21,35;-474,32;0,00;0,00;0,00;-0,47;0,00;0,00;19;96;75;23;17;109;886
7656;25,08;-429,12;0,00;0,00;0,00;-0,43;0,00;0,00;230;148;26;38;22;533;900
7657;73,87;78,31;0,00;0,00;0,00;0,08;0,00;0,00;19;97;85;38;31;675;901
7658;19,05;-595,99;0,00;0,00;0,00;-0,60;0,00;0,00;62;23;157;44;16;330;209
7659;56,42;-68,96;0,00;0,00;0,00;-0,07;0,00;0,00;115;51;83;29;16;829;411
7660;100,00;253,24;0,00;0,00;0,00;0,25;0,00;0,00;483;29;142;45;21;319;886
7661;47,13;-225,93;0,00;0,00;0,00;-0,23;0,00;0,00;242;110;170;16;20;163;960
7662;30,34;-387,13;0,00;0,00;0,00;-0,39;0,00;0,00;26;61;187;28;21;595;403
7663;82,95;132,66;0,00;0,00;0,00;0,13;0,00;0,00;39;102;105;10;17;182;105
7664;73,02;79,51;0,00;0,00;0,00;0,08;0,00;0,00;449;30;92;13;38;362;585
7665;56,13;-155,16;0,00;0,00;0,00;-0,16;0,00;0,00;100;101;48;30;27;822;258
7666;29,37;-420,80;0,00;0,00;0,00;-0,42;0,00;0,00;218;16;63;48;30;958;384
7667;27,43;-438,32;0,00;0,00;0,00;-0,44;0,00;0,00;331;124;116;44;31;389;475
7668;28,65;-406,41;0,00;0,00;0,00;-0,41;0,00;0,00;235;185;185;26;18;512;760
7669;25,54;-457,56;0,00;0,00;0,00;-0,46;0,00;0,00;73;153;30;30;16;471;367
7670;16,80;-584,70;0,00;0,00;0,00;-0,58;0,00;0,00;459;56;188;46;27;114;837
7671;77,44;118,78;0,00;0,00;0,00;0,12;0,00;0,00;443;143;16;24;24;232;783
7672;45,70;-268,88;0,00;0,00;0,00;-0,27;0,00;0,00;68;109;185;33;17;897;170
7673;70,72;64,75;0,00;0,00;0,00;0,06;0,00;0,00;294;187;136;27;26;645;864
7674;43,12;-305,13;0,00;0,00;0,00;-0,31;0,00;0,00;289;84;70;15;23;784;564
7675;40,57;-285,14;0,00;0,00;0,00;-0,29;0,00;0,00;266;114;123;17;17;348;522
7676;46,44;-206,56;0,00;0,00;0,00;-0,21;0,00;0,00;180;142;129;49;22;477;309
7677;65,79;-55,26;0,00;0,00;0,00;-0,06;0,00;0,00;449;34;179;33;26;695;991
7678;67,64;-18,76;0,00;0,00;0,00;-0,02;0,00;0,00;308;132;101;36;19;749;985
7679;90,19;221,34;0,00;0,00;0,00;0,22;0,00;0,00;145;23;40;16;24;984;898
7680;75,42;-18,26;0,00;0,00;0,00;-0,02;0,00;0,00;290;54;122;13;16;671;808
7681;52,27;-166,05;0,00;0,00;0,00;-0,17;0,00;0,00;72;109;25;16;15;848;905
7682;43,17;-302,80;0,00;0,00;0,00;-0,30;0,00;0,00;142;60;133;31;35;927;444
7683;60,40;-79,69;0,00;0,00;0,00;-0,08;0,00;0,00;197;125;85;49;37;761;216
7684;74,21;41,91;0,00;0,00;0,00;0,04;0,00;0,00;262;46;175;17;20;153;401
7685;66,52;45,14;0,00;0,00;0,00;0,05;0,00;0,00;398;21;55;43;24;296;802
7686;8,62;-606,08;0,00;0,00;0,00;-0,61;0,00;0,00;94;52;48;49;38;756;457
7687;88,47;173,85;0,00;0,00;0,00;0,17;0,00;0,00;149;135;182;14;19;371;671
7688;12,65;-518,22;0,00;0,00;0,00;-0,52;0,00;0,00;250;15;70;18;34;237;672
7689;57,48;-126,56;0,00;0,00;0,00;-0,13;0,00;0,00;94;24;130;17;16;610;569
7690;67,31;-107,64;0,00;0,00;0,00;-0,11;0,00;0,00;427;45;139;38;17;961;345
7691;58,15;-77,82;0,00;0,00;0,00;-0,08;0,00;0,00;319;32;109;31;37;749;100
7692;51,40;-288,84;0,00;0,00;0,00;-0,29;0,00;0,00;260;172;36;35;22;815;746
7693;48,52;-207,77;0,00;0,00;0,00;-0,21;0,00;0,00;115;96;162;34;15;745;950
7694;29,18;-372,80;0,00;0,00;0,00;-0,37;0,00;0,00;365;35;174;20;20;790;639
7695;82,76;86,18;0,00;0,00;0,00;0,09;0,00;0,00;52;37;65;11;33;934;858
7696;52,11;-216,78;0,00;0,00;0,00;-0,22;0,00;0,00;441;193;188;42;24;516;653
7697;36,82;-366,93;0,00;0,00;0,00;-0,37;0,00;0,00;442;45;166;32;22;894;767
7698;53,15;-129,21;0,00;0,00;0,00;-0,13;0,00;0,00;167;192;179;34;33;907;423
7699;44,47;-255,60;0,00;0,00;0,00;-0,26;0,00;0,00;202;42;61;21;16;949;269
7700;5,17;-672,06;0,00;0,00;0,00;-0,67;0,00;0,00;169;191;34;15;18;511;816
7701;30,91;-284,21;0,00;0,00;0,00;-0,28;0,00;0,00;286;143;103;35;30;560;903
7702;51,47;-214,04;0,00;0,00;0,00;-0,21;0,00;0,00;343;181;161;17;19;692;863
7703;34,55;-401,19;0,00;0,00;0,00;-0,40;0,00;0,00;202;137;193;28;19;514;115
7704;17,58;-530,98;0,00;0,00;0,00;-0,53;0,00;0,00;343;190;161;13;36;344;521
7705;24,01;-482,87;0,00;0,00;0,00;-0,48;0,00;0,00;215;161;27;45;16;619;382
7706;65,30;-49,72;0,00;0,00;0,00;-0,05;0,00;0,00;110;130;140;38;36;597;262
7707;82,38;58,03;0,00;0,00;0,00;0,06;0,00;0,00;312;27;140;23;25;501;989
7708;100,00;298,87;0,00;0,00;0,00;0,30;0,00;0,00;35;197;147;11;27;547;853
7709;65,70;-57,72;0,00;0,00;0,00;-0,06;0,00;0,00;161;79;100;42;30;448;554
7710;44,82;-222,13;0,00;0,00;0,00;-0,22;0,00;0,00;182;121;186;11;38;289;588
7711;49,83;-202,64;0,00;0,00;0,00;-0,20;0,00;0,00;369;149;28;30;22;899;639
7712;50,08;-185,98;0,00;0,00;0,00;-0,19;0,00;0,00;307;133;20;34;29;844;601
7713;56,09;-99,88;0,00;0,00;0,00;-0,10;0,00;0,00;200;35;129;13;30;427;763
7714;36,54;-311,84;0,00;0,00;0,00;-0,31;0,00;0,00;46;130;47;10;24;151;559
7715;39,81;-256,24;0,00;0,00;0,00;-0,26;0,00;0,00;413;91;192;39;34;228;522
7716;41,39;-264,25;0,00;0,00;0,00;-0,26;0,00;0,00;185;42;162;10;29;826;871
7717;1,59;-723,49;0,00;0,00;0,00;-0,72;0,00;0,00;211;87;82;36;15;941;892
7718;51,81;-243,28;0,00;0,00;0,00;-0,24;0,00;0,00;339;77;115;27;19;116;197
7719;47,77;-200,71;0,00;0,00;0,00;-0,20;0,00;0,00;410;28;58;16;21;309;218
7720;52,12;-231,44;0,00;0,00;0,00;-0,23;0,00;0,00;11;199;167;26;27;236;878
7721;37,18;-414,56;0,00;0,00;0,00;-0,41;0,00;0,00;18;37;44;18;36;817;933
7722;70,34;-23,40;0,00;0,00;0,00;-0,02;0,00;0,00;120;138;39;38;38;328;624
7723;4,32;-645,53;0,00;0,00;0,00;-0,65;0,00;0,00;121;41;41;47;21;416;505
7724;99,34;335,47;0,00;0,00;0,00;0,34;0,00;0,00;179;63;53;38;29;511;692
7725;62,40;-15,52;0,00;0,00;0,00;-0,02;0,00;0,00;37;172;38;39;34;614;815
7726;68,59;-48,96;0,00;0,00;0,00;-0,05;0,00;0,00;29;16;48;38;21;163;314
7727;23,53;-413,76;0,00;0,00;0,00;-0,41;0,00;0,00;115;86;164;34;36;157;557
7728;62,36;-75,02;0,00;0,00;0,00;-0,08;0,00;0,00;487;136;78;43;22;999;280
7729;78,59;139,37;0,00;0,00;0,00;0,14;0,00;0,00;320;163;170;32;39;285;294
7730;0,00;-705,00;0,00;0,00;0,00;-0,70;0,00;0,00;495;18;158;49;32;933;710
7731;25,92;-382,07;0,00;0,00;0,00;-0,38;0,00;0,00;35;176;138;17;17;418;977
7732;52,21;-203,20;0,00;0,00;0,00;-0,20;0,00;0,00;309;97;12;21;21;188;893
7733;40,46;-340,75;0,00;0,00;0,00;-0,34;0,00;0,00;440;81;155;40;17;578;362
7734;65,14;-68,85;0,00;0,00;0,00;-0,07;0,00;0,00;335;66;71;20;22;332;208
7735;68,21;-18,18;0,00;0,00;0,00;-0,02;0,00;0,00;292;143;154;39;23;247;581
7736;17,96;-496,78;0,00;0,00;0,00;-0,50;0,00;0,00;306;12;164;45;25;483;878
7737;83,60;68,62;0,00;0,00;0,00;0,07;0,00;0,00;415;117;156;41;31;912;461
7738;14,67;-537,18;0,00;0,00;0,00;-0,54;0,00;0,00;132;128;32;15;16;675;655
7739;33,81;-365,96;0,00;0,00;0,00;-0,37;0,00;0,00;22;22;144;37;39;199;730
7740;94,55;196,64;0,00;0,00;0,00;0,20;0,00;0,00;346;28;98;34;27;623;847
7741;46,05;-196,92;0,00;0,00;0,00;-0,20;0,00;0,00;113;104;85;23;17;559;463
7742;100,00;313,45;0,00;0,00;0,00;0,31;0,00;0,00;32;138;184;26;18;889;296
7743;39,16;-321,14;0,00;0,00;0,00;-0,32;0,00;0,00;254;193;38;35;33;225;193
7744;64,22;-45,45;0,00;0,00;0,00;-0,05;0,00;0,00;257;95;185;24;32;165;822
7745;50,09;-156,43;0,00;0,00;0,00;-0,16;0,00;0,00;357;60;182;34;35;817;918
7746;64,99;-3,11;0,00;0,00;0,00;-0,00;0,00;0,00;227;167;28;47;35;612;172
7747;36,02;-306,59;0,00;0,00;0,00;-0,31;0,00;0,00;385;35;180;33;28;538;589
7748;45,39;-292,51;0,00;0,00;0,00;-0,29;0,00;0,00;460;72;180;46;31;632;465
7749;39,84;-288,82;0,00;0,00;0,00;-0,29;0,00;0,00;246;44;132;46;33;409;310
7750;49,74;-193,74;0,00;0,00;0,00;-0,19;0,00;0,00;88;107;113;18;32;266;248
7751;46,08;-280,08;0,00;0,00;0,00;-0,28;0,00;0,00;335;106;16;24;36;109;985
7752;78,39;74,59;0,00;0,00;0,00;0,07;0,00;0,00;401;21;131;20;22;785;428
7753;60,12;-108,34;0,00;0,00;0,00;-0,11;0,00;0,00;413;171;160;12;30;352;408
7754;90,61;192,31;0,00;0,00;0,00;0,19;0,00;0,00;472;85;138;13;25;228;686
7755;47,02;-204,16;0,00;0,00;0,00;-0,20;0,00;0,00;32;128;119;24;17;264;165
7756;20,30;-469,91;0,00;0,00;0,00;-0,47;0,00;0,00;183;43;166;41;36;920;948
7757;63,91;-55,05;0,00;0,00;0,00;-0,06;0,00;0,00;83;63;114;19;24;595;519
7758;31,44;-306,56;0,00;0,00;0,00;-0,31;0,00;0,00;165;162;108;29;22;232;873
7759;16,33;-568,92;0,00;0,00;0,00;-0,57;0,00;0,00;73;24;185;16;38;457;691
7760;37,32;-403,21;0,00;0,00;0,00;-0,40;0,00;0,00;361;58;97;22;27;849;794
7761;25,97;-509,14;0,00;0,00;0,00;-0,51;0,00;0,00;246;34;104;24;29;304;987
7762;68,34;-81,52;0,00;0,00;0,00;-0,08;0,00;0,00;90;122;177;42;17;391;958
7763;67,00;2,21;0,00;0,00;0,00;0,00;0,00;0,00;206;21;52;38;35;814;192
7764;0,00;-681,30;0,00;0,00;0,00;-0,68;0,00;0,00;125;164;188;34;31;449;625
7765;50,35;-262,61;0,00;0,00;0,00;-0,26;0,00;0,00;468;113;187;39;19;450;139
7766;34,18;-428,55;0,00;0,00;0,00;-0,43;0,00;0,00;383;143;155;37;15;434;713
7767;63,05;-132,59;0,00;0,00;0,00;-0,13;0,00;0,00;379;56;114;13;35;293;236
7768;24,32;-351,25;0,00;0,00;0,00;-0,35;0,00;0,00;265;102;150;13;26;198;860
7769;52,66;-163,84;0,00;0,00;0,00;-0,16;0,00;0,00;149;121;27;41;36;102;711
7770;64,55;-108,19;0,00;0,00;0,00;-0,11;0,00;0,00;237;24;164;24;32;562;850
7771;31,51;-384,77;0,00;0,00;0,00;-0,38;0,00;0,00;87;184;75;15;28;861;432
7772;57,37;-116,67;0,00;0,00;0,00;-0,12;0,00;0,00;85;123;42;20;20;611;690
7773;74,37;95,30;0,00;0,00;0,00;0,10;0,00;0,00;153;53;83;18;26;217;775
7774;73,66;9,61;0,00;0,00;0,00;0,01;0,00;0,00;360;26;151;17;23;836;415
7775;41,11;-351,79;0,00;0,00;0,00;-0,35;0,00;0,00;283;133;160;39;23;191;505
7776;100,00;306,34;0,00;0,00;0,00;0,31;0,00;0,00;440;185;145;42;23;831;685
7777;63,29;-55,70;0,00;0,00;0,00;-0,06;0,00;0,00;365;86;174;25;24;707;864
7778;27,78;-450,08;0,00;0,00;0,00;-0,45;0,00;0,00;388;107;28;45;37;378;861
7779;45,15;-196,08;0,00;0,00;0,00;-0,20;0,00;0,00;289;192;123;43;28;730;379
7780;27,40;-397,63;0,00;0,00;0,00;-0,40;0,00;0,00;188;122;159;48;17;156;414
7781;28,55;-406,81;0,00;0,00;0,00;-0,41;0,00;0,00;59;130;185;14;37;913;512
7782;100,00;255,61;0,00;0,00;0,00;0,26;0,00;0,00;184;42;66;10;25;741;218
7783;57,06;-135,75;0,00;0,00;0,00;-0,14;0,00;0,00;11;22;87;39;20;843;556
7784;29,99;-344,17;0,00;0,00;0,00;-0,34;0,00;0,00;112;139;153;21;20;446;394
7785;0,00;-751,07;0,00;0,00;0,00;-0,75;0,00;0,00;225;115;144;38;19;857;223
7786;65,19;-40,51;0,00;0,00;0,00;-0,04;0,00;0,00;303;184;177;29;21;898;933
7787;25,87;-409,30;0,00;0,00;0,00;-0,41;0,00;0,00;404;125;62;27;21;811;227
7788;23,80;-453,29;0,00;0,00;0,00;-0,45;0,00;0,00;307;38;74;12;32;722;633
7789;40,40;-296,97;0,00;0,00;0,00;-0,30;0,00;0,00;117;22;186;25;36;627;390
7790;38,71;-326,84;0,00;0,00;0,00;-0,33;0,00;0,00;492;118;39;28;21;536;348
7791;36,04;-405,46;0,00;0,00;0,00;-0,41;0,00;0,00;161;100;192;30;39;662;856
7792;89,37;168,34;0,00;0,00;0,00;0,17;0,00;0,00;402;51;32;46;30;634;803
7793;65,29;-126,36;0,00;0,00;0,00;-0,13;0,00;0,00;342;21;192;11;25;829;781
7794;29,98;-392,25;0,00;0,00;0,00;-0,39;0,00;0,00;280;89;122;41;24;620;816
7795;45,38;-313,54;0,00;0,00;0,00;-0,31;0,00;0,00;476;79;95;13;37;304;679
7796;27,42;-398,11;0,00;0,00;0,00;-0,40;0,00;0,00;18;48;74;13;32;743;574
7797;65,96;0,94;0,00;0,00;0,00;0,00;0,00;0,00;197;188;159;44;31;251;288
7798;75,64;97,19;0,00;0,00;0,00;0,10;0,00;0,00;319;50;142;21;27;160;592
7799;85,28;224,64;0,00;0,00;0,00;0,22;0,00;0,00;144;164;173;23;15;304;356
7800;35,80;-411,67;0,00;0,00;0,00;-0,41;0,00;0,00;149;137;65;19;34;493;270
7801;40,88;-318,39;0,00;0,00;0,00;-0,32;0,00;0,00;195;67;74;20;27;899;305
7802;48,58;-181,24;0,00;0,00;0,00;-0,18;0,00;0,00;185;22;73;12;20;251;690
7803;62,17;13,33;0,00;0,00;0,00;0,01;0,00;0,00;425;198;12;17;36;835;905
7804;63,53;-136,17;0,00;0,00;0,00;-0,14;0,00;0,00;263;73;149;33;20;513;320
7805;21,75;-520,31;0,00;0,00;0,00;-0,52;0,00;0,00;408;52;93;33;39;456;758
7806;23,79;-431,86;0,00;0,00;0,00;-0,43;0,00;0,00;236;158;16;23;32;839;843
7807;29,44;-395,41;0,00;0,00;0,00;-0,40;0,00;0,00;154;157;164;42;30;346;676
7808;46,38;-257,50;0,00;0,00;0,00;-0,26;0,00;0,00;135;116;149;40;37;981;893
7809;50,92;-278,49;0,00;0,00;0,00;-0,28;0,00;0,00;285;116;99;27;35;140;373
7810;10,75;-681,66;0,00;0,00;0,00;-0,68;0,00;0,00;464;17;77;39;36;142;954
7811;57,10;-158,12;0,00;0,00;0,00;-0,16;0,00;0,00;86;100;102;41;30;671;246
7812;50,07;-228,88;0,00;0,00;0,00;-0,23;0,00;0,00;73;192;164;13;27;287;116
7813;37,38;-305,40;0,00;0,00;0,00;-0,31;0,00;0,00;379;86;167;19;15;754;987
7814;51,67;-170,44;0,00;0,00;0,00;-0,17;0,00;0,00;89;150;58;14;25;793;721
7815;100,00;261,14;0,00;0,00;0,00;0,26;0,00;0,00;400;186;182;32;37;485;357
7816;100,00;274,68;0,00;0,00;0,00;0,27;0,00;0,00;245;104;198;14;16;435;173
7817;51,90;-213,76;0,00;0,00;0,00;-0,21;0,00;0,00;235;147;124;40;19;928;669
7818;96,91;288,00;0,00;0,00;0,00;0,29;0,00;0,00;314;33;90;32;38;551;246
7819;60,08;-120,25;0,00;0,00;0,00;-0,12;0,00;0,00;205;65;132;29;15;131;677
7820;32,65;-377,56;0,00;0,00;0,00;-0,38;0,00;0,00;180;177;23;38;15;763;633
7821;35,95;-306,51;0,00;0,00;0,00;-0,31;0,00;0,00;309;129;14;41;24;853;238
7822;32,56;-479,04;0,00;0,00;0,00;-0,48;0,00;0,00;286;31;192;47;31;749;376
7823;29,18;-389,14;0,00;0,00;0,00;-0,39;0,00;0,00;149;132;182;35;23;273;210
7824;68,42;-59,13;0,00;0,00;0,00;-0,06;0,00;0,00;385;61;83;45;18;682;937
7825;12,73;-656,84;0,00;0,00;0,00;-0,66;0,00;0,00;209;173;141;27;18;924;935
7826;100,00;257,04;0,00;0,00;0,00;0,26;0,00;0,00;340;92;35;24;35;134;173
7827;55,30;-74,27;0,00;0,00;0,00;-0,07;0,00;0,00;74;45;39;36;31;894;585
7828;53,28;-222,40;0,00;0,00;0,00;-0,22;0,00;0,00;326;105;137;45;39;585;240
7829;0,00;-707,31;0,00;0,00;0,00;-0,71;0,00;0,00;415;12;176;14;39;924;584
7830;88,86;176,05;0,00;0,00;0,00;0,18;0,00;0,00;288;29;53;24;25;639;165
7831;56,54;-242,29;0,00;0,00;0,00;-0,24;0,00;0,00;159;189;56;41;26;414;590
7832;27,10;-474,26;0,00;0,00;0,00;-0,47;0,00;0,00;368;178;103;38;30;177;984
7833;15,03;-455,10;0,00;0,00;0,00;-0,46;0,00;0,00;169;161;188;14;30;734;172
7834;75,76;48,32;0,00;0,00;0,00;0,05;0,00;0,00;50;112;88;38;39;363;655
7835;61,85;-92,80;0,00;0,00;0,00;-0,09;0,00;0,00;67;124;148;12;26;769;170
7836;68,67;75,51;0,00;0,00;0,00;0,08;0,00;0,00;476;188;60;17;16;511;413
7837;35,67;-252,95;0,00;0,00;0,00;-0,25;0,00;0,00;333;194;99;28;28;197;796
7838;46,07;-193,02;0,00;0,00;0,00;-0,19;0,00;0,00;355;138;118;12;26;880;720
7839;38,06;-336,08;0,00;0,00;0,00;-0,34;0,00;0,00;183;101;80;37;15;708;328
7840;55,17;-82,92;0,00;0,00;0,00;-0,08;0,00;0,00;326;174;132;28;34;351;449
7841;89,81;307,24;0,00;0,00;0,00;0,31;0,00;0,00;149;140;123;44;15;705;933
7842;73,78;-68,27;0,00;0,00;0,00;-0,07;0,00;0,00;100;139;114;37;23;845;461
7843;0,00;-671,21;0,00;0,00;0,00;-0,67;0,00;0,00;12;124;55;16;30;409;487
7844;58,56;-131,46;0,00;0,00;0,00;-0,13;0,00;0,00;100;34;50;23;39;338;734
7845;19,65;-419,51;0,00;0,00;0,00;-0,42;0,00;0,00;103;176;92;41;16;427;410
7846;26,24;-535,11;0,00;0,00;0,00;-0,54;0,00;0,00;125;169;125;42;16;503;533
7847;86,56;247,63;0,00;0,00;0,00;0,25;0,00;0,00;444;67;52;33;29;367;294
7848;4,87;-684,19;0,00;0,00;0,00;-0,68;0,00;0,00;46;94;101;25;27;959;452
7849;46,97;-252,61;0,00;0,00;0,00;-0,25;0,00;0,00;383;153;89;23;15;369;854
7850;11,32;-590,68;0,00;0,00;0,00;-0,59;0,00;0,00;135;188;72;48;26;980;760
7851;26,47;-393,31;0,00;0,00;0,00;-0,39;0,00;0,00;197;66;104;10;27;951;722
7852;45,56;-237,87;0,00;0,00;0,00;-0,24;0,00;0,00;167;121;31;28;35;636;783
7853;70,52;22,55;0,00;0,00;0,00;0,02;0,00;0,00;85;189;140;24;23;738;338
7854;58,01;-168,08;0,00;0,00;0,00;-0,17;0,00;0,00;270;41;138;21;39;195;633
7855;45,38;-242,40;0,00;0,00;0,00;-0,24;0,00;0,00;385;177;105;34;20;170;424
7856;45,63;-285,59;0,00;0,00;0,00;-0,29;0,00;0,00;402;111;44;21;26;794;981
7857;36,17;-286,79;0,00;0,00;0,00;-0,29;0,00;0,00;337;181;27;42;17;583;600
7858;15,96;-463,20;0,00;0,00;0,00;-0,46;0,00;0,00;116;20;163;24;30;224;361
7859;75,91;-13,95;0,00;0,00;0,00;-0,01;0,00;0,00;383;162;14;15;37;478;230
7860;8,45;-598,24;0,00;0,00;0,00;-0,60;0,00;0,00;158;172;41;15;33;352;698
7861;47,54;-192,24;0,00;0,00;0,00;-0,19;0,00;0,00;24;138;17;13;32;110;448
7862;31,72;-418,77;0,00;0,00;0,00;-0,42;0,00;0,00;351;87;160;44;27;504;601
7863;39,87;-309,99;0,00;0,00;0,00;-0,31;0,00;0,00;185;20;131;41;16;976;414
7864;65,53;-43,82;0,00;0,00;0,00;-0,04;0,00;0,00;39;160;152;38;24;265;129
7865;83,27;118,78;0,00;0,00;0,00;0,12;0,00;0,00;483;57;29;15;28;479;345
7866;10,14;-574,20;0,00;0,00;0,00;-0,57;0,00;0,00;438;78;46;34;20;716;474
7867;34,87;-361,73;0,00;0,00;0,00;-0,36;0,00;0,00;76;70;48;29;19;234;642
7868;60,56;-202,85;0,00;0,00;0,00;-0,20;0,00;0,00;252;48;13;12;34;516;689
7869;49,85;-334,22;0,00;0,00;0,00;-0,33;0,00;0,00;48;192;86;13;34;556;519
7870;46,27;-181,78;0,00;0,00;0,00;-0,18;0,00;0,00;20;63;167;40;34;268;594
7871;59,42;-74,92;0,00;0,00;0,00;-0,07;0,00;0,00;164;38;197;22;26;162;484
7872;30,93;-349,74;0,00;0,00;0,00;-0,35;0,00;0,00;194;140;66;47;34;638;756
7873;30,38;-392,46;0,00;0,00;0,00;-0,39;0,00;0,00;250;56;126;45;34;968;643
7874;43,75;-195,01;0,00;0,00;0,00;-0,20;0,00;0,00;45;87;199;27;38;277;132
7875;65,64;-27,38;0,00;0,00;0,00;-0,03;0,00;0,00;212;59;131;23;27;109;329
7876;29,74;-449,90;0,00;0,00;0,00;-0,45;0,00;0,00;366;136;74;46;22;958;664
7877;41,86;-322,34;0,00;0,00;0,00;-0,32;0,00;0,00;499;197;72;45;15;156;548
7878;70,86;26,41;0,00;0,00;0,00;0,03;0,00;0,00;205;181;53;49;23;632;488
7879;3,21;-665,90;0,00;0,00;0,00;-0,67;0,00;0,00;400;170;167;24;22;563;615
7880;42,64;-349,30;0,00;0,00;0,00;-0,35;0,00;0,00;166;65;195;30;28;723;171
7881;61,15;-125,20;0,00;0,00;0,00;-0,13;0,00;0,00;279;179;71;19;17;461;527
7882;67,05;-80,26;0,00;0,00;0,00;-0,08;0,00;0,00;279;20;67;39;16;136;682
7883;94,17;265,41;0,00;0,00;0,00;0,27;0,00;0,00;187;31;55;35;26;658;126
7884;35,41;-374,79;0,00;0,00;0,00;-0,37;0,00;0,00;233;120;192;37;33;455;208
7885;86,36;90,48;0,00;0,00;0,00;0,09;0,00;0,00;263;34;131;33;16;741;253
7886;55,31;-134,19;0,00;0,00;0,00;-0,13;0,00;0,00;375;143;134;16;24;863;113
7887;34,47;-364,68;0,00;0,00;0,00;-0,36;0,00;0,00;45;21;74;23;27;796;187
7888;62,19;4,64;0,00;0,00;0,00;0,00;0,00;0,00;417;198;22;29;36;446;858
7889;46,31;-359,31;0,00;0,00;0,00;-0,36;0,00;0,00;31;59;111;29;30;317;495
7890;62,23;-52,22;0,00;0,00;0,00;-0,05;0,00;0,00;200;173;107;41;24;801;324
7891;26,79;-420,93;0,00;0,00;0,00;-0,42;0,00;0,00;110;27;118;17;36;161;394
7892;43,10;-256,42;0,00;0,00;0,00;-0,26;0,00;0,00;47;145;161;31;20;830;160
7893;59,09;-112,05;0,00;0,00;0,00;-0,11;0,00;0,00;141;64;98;49;36;613;190
7894;75,67;100,04;0,00;0,00;0,00;0,10;0,00;0,00;323;197;152;36;32;234;334
7895;34,26;-284,95;0,00;0,00;0,00;-0,28;0,00;0,00;210;175;36;26;39;791;150
7896;42,31;-239,33;0,00;0,00;0,00;-0,24;0,00;0,00;226;120;62;25;34;585;357
7897;46,06;-214,67;0,00;0,00;0,00;-0,21;0,00;0,00;62;178;17;18;19;745;815
7898;32,85;-396,06;0,00;0,00;0,00;-0,40;0,00;0,00;302;14;78;10;18;584;469
7899;7,73;-645,54;0,00;0,00;0,00;-0,65;0,00;0,00;206;136;82;46;19;560;781
7900;2,53;-594,37;0,00;0,00;0,00;-0,59;0,00;0,00;330;156;16;44;39;519;813
7901;56,35;-123,10;0,00;0,00;0,00;-0,12;0,00;0,00;315;193;41;33;35;377;179
7902;57,65;-76,95;0,00;0,00;0,00;-0,08;0,00;0,00;374;109;87;25;16;242;351
7903;84,20;155,03;0,00;0,00;0,00;0,16;0,00;0,00;350;86;181;42;35;919;123
7904;46,88;-323,40;0,00;0,00;0,00;-0,32;0,00;0,00;268;126;21;21;26;445;528
7905;64,44;-32,13;0,00;0,00;0,00;-0,03;0,00;0,00;496;19;30;32;15;235;651
7906;49,41;-164,78;0,00;0,00;0,00;-0,16;0,00;0,00;168;114;187;29;23;527;360
7907;68,26;-21,36;0,00;0,00;0,00;-0,02;0,00;0,00;57;95;134;33;23;900;914
7908;67,40;17,58;0,00;0,00;0,00;0,02;0,00;0,00;63;144;108;29;20;843;909
7909;60,74;-71,65;0,00;0,00;0,00;-0,07;0,00;0,00;381;199;114;26;18;413;919
7910;45,75;-236,04;0,00;0,00;0,00;-0,24;0,00;0,00;160;49;54;47;36;288;848
7911;10,91;-656,71;0,00;0,00;0,00;-0,66;0,00;0,00;174;117;82;27;34;748;990
7912;54,26;-168,60;0,00;0,00;0,00;-0,17;0,00;0,00;236;118;178;19;16;619;302
7913;74,69;18,45;0,00;0,00;0,00;0,02;0,00;0,00;242;124;131;46;34;123;989
7914;56,75;-158,88;0,00;0,00;0,00;-0,16;0,00;0,00;267;183;111;26;17;788;631
7915;100,00;242,51;0,00;0,00;0,00;0,24;0,00;0,00;145;166;189;40;39;181;894
7916;47,09;-172,69;0,00;0,00;0,00;-0,17;0,00;0,00;259;124;87;47;30;367;127
7917;47,38;-274,34;0,00;0,00;0,00;-0,27;0,00;0,00;272;66;122;39;15;668;888
7918;95,47;232,36;0,00;0,00;0,00;0,23;0,00;0,00;482;16;130;22;27;118;901
7919;57,43;-35,95;0,00;0,00;0,00;-0,04;0,00;0,00;85;66;106;10;39;377;625
7920;60,22;-97,77;0,00;0,00;0,00;-0,10;0,00;0,00;92;136;177;34;31;936;625
7921;92,27;147,26;0,00;0,00;0,00;0,15;0,00;0,00;434;29;194;31;27;664;163
7922;71,96;71,57;0,00;0,00;0,00;0,07;0,00;0,00;214;193;107;35;19;304;565
7923;49,18;-195,51;0,00;0,00;0,00;-0,20;0,00;0,00;260;110;133;30;31;630;722
7924;28,82;-420,13;0,00;0,00;0,00;-0,42;0,00;0,00;25;169;96;34;36;939;450
7925;55,61;-182,39;0,00;0,00;0,00;-0,18;0,00;0,00;111;151;33;27;21;630;525
7926;65,72;23,51;0,00;0,00;0,00;0,02;0,00;0,00;106;91;78;39;34;157;678
7927;24,67;-490,83;0,00;0,00;0,00;-0,49;0,00;0,00;143;131;180;47;33;976;506
7928;64,10;-91,96;0,00;0,00;0,00;-0,09;0,00;0,00;448;170;51;33;36;284;584
7929;44,60;-225,37;0,00;0,00;0,00;-0,23;0,00;0,00;436;126;106;27;34;803;252
7930;39,40;-361,71;0,00;0,00;0,00;-0,36;0,00;0,00;305;30;16;29;17;770;145
7931;73,35;2,03;0,00;0,00;0,00;0,00;0,00;0,00;378;133;105;47;36;898;514
7932;38,38;-286,29;0,00;0,00;0,00;-0,29;0,00;0,00;183;88;17;44;20;796;180
7933;26,68;-453,62;0,00;0,00;0,00;-0,45;0,00;0,00;428;48;114;21;18;634;853
7934;40,94;-276,23;0,00;0,00;0,00;-0,28;0,00;0,00;16;186;156;38;27;238;102
7935;64,46;-49,00;0,00;0,00;0,00;-0,05;0,00;0,00;29;28;137;35;17;169;378
7936;26,53;-442,88;0,00;0,00;0,00;-0,44;0,00;0,00;335;134;178;23;26;126;934
7937;23,81;-487,65;0,00;0,00;0,00;-0,49;0,00;0,00;133;123;172;18;23;700;357
7938;64,17;47,48;0,00;0,00;0,00;0,05;0,00;0,00;358;65;94;47;35;949;762
7939;43,96;-242,06;0,00;0,00;0,00;-0,24;0,00;0,00;346;79;121;47;39;953;737
7940;0,00;-716,74;0,00;0,00;0,00;-0,72;0,00;0,00;473;77;119;31;34;613;747
7941;39,07;-340,84;0,00;0,00;0,00;-0,34;0,00;0,00;354;34;186;39;28;432;912
7942;53,64;-188,56;0,00;0,00;0,00;-0,19;0,00;0,00;316;68;91;19;19;998;191
7943;23,68;-437,17;0,00;0,00;0,00;-0,44;0,00;0,00;197;25;92;27;35;961;980
7944;49,14;-249,09;0,00;0,00;0,00;-0,25;0,00;0,00;390;41;44;23;39;741;813
7945;8,07;-638,80;0,00;0,00;0,00;-0,64;0,00;0,00;403;179;167;25;16;957;953
7946;47,87;-150,44;0,00;0,00;0,00;-0,15;0,00;0,00;315;169;141;41;22;869;801
7947;66,00;-67,35;0,00;0,00;0,00;-0,07;0,00;0,00;261;68;64;20;32;858;359
7948;33,07;-330,25;0,00;0,00;0,00;-0,33;0,00;0,00;129;116;195;49;26;808;885
7949;31,13;-358,83;0,00;0,00;0,00;-0,36;0,00;0,00;448;68;82;38;34;803;730
7950;69,20;-28,55;0,00;0,00;0,00;-0,03;0,00;0,00;439;16;130;14;33;169;319
7951;60,30;-148,23;0,00;0,00;0,00;-0,15;0,00;0,00;328;69;82;40;22;551;486
7952;57,76;-155,05;0,00;0,00;0,00;-0,16;0,00;0,00;326;141;109;18;25;633;166
7953;72,75;96,55;0,00;0,00;0,00;0,10;0,00;0,00;389;84;134;22;26;703;431
7954;36,23;-353,16;0,00;0,00;0,00;-0,35;0,00;0,00;196;171;129;44;31;585;913
7955;39,69;-274,30;0,00;0,00;0,00;-0,27;0,00;0,00;260;137;196;16;39;242;581
7956;14,27;-543,48;0,00;0,00;0,00;-0,54;0,00;0,00;345;60;47;11;29;760;775
7957;61,86;-127,58;0,00;0,00;0,00;-0,13;0,00;0,00;471;158;188;22;22;461;901
7958;78,61;53,87;0,00;0,00;0,00;0,05;0,00;0,00;359;40;129;33;29;367;794
7959;29,60;-353,13;0,00;0,00;0,00;-0,35;0,00;0,00;206;100;144;45;34;138;312
7960;29,04;-472,57;0,00;0,00;0,00;-0,47;0,00;0,00;392;190;54;27;32;265;765
7961;66,97;3,47;0,00;0,00;0,00;0,00;0,00;0,00;328;154;66;17;35;592;197
7962;61,26;-74,70;0,00;0,00;0,00;-0,07;0,00;0,00;148;191;54;35;36;401;867
7963;32,35;-356,46;0,00;0,00;0,00;-0,36;0,00;0,00;473;140;119;26;35;958;949
7964;43,13;-230,91;0,00;0,00;0,00;-0,23;0,00;0,00;227;108;174;32;35;655;765
7965;95,57;286,94;0,00;0,00;0,00;0,29;0,00;0,00;426;193;17;23;36;974;215
7966;61,31;-168,82;0,00;0,00;0,00;-0,17;0,00;0,00;490;189;88;20;31;665;990
7967;55,58;-123,29;0,00;0,00;0,00;-0,12;0,00;0,00;499;78;145;37;39;923;444
7968;41,37;-271,87;0,00;0,00;0,00;-0,27;0,00;0,00;210;87;77;41;17;655;262
7969;21,56;-539,12;0,00;0,00;0,00;-0,54;0,00;0,00;372;33;75;29;16;241;645
7970;59,22;-125,78;0,00;0,00;0,00;-0,13;0,00;0,00;84;92;15;41;29;854;433
7971;3,96;-651,27;0,00;0,00;0,00;-0,65;0,00;0,00;262;101;183;48;20;739;395
7972;76,72;57,47;0,00;0,00;0,00;0,06;0,00;0,00;426;103;111;42;31;318;301
7973;33,50;-377,77;0,00;0,00;0,00;-0,38;0,00;0,00;318;141;76;24;30;338;654
7974;45,78;-257,24;0,00;0,00;0,00;-0,26;0,00;0,00;449;93;49;36;33;202;176
7975;30,06;-399,27;0,00;0,00;0,00;-0,40;0,00;0,00;286;125;43;14;15;157;585
7976;36,87;-357,93;0,00;0,00;0,00;-0,36;0,00;0,00;207;155;150;15;34;411;337
7977;36,31;-319,53;0,00;0,00;0,00;-0,32;0,00;0,00;202;174;164;14;24;545;518
7978;32,34;-378,88;0,00;0,00;0,00;-0,38;0,00;0,00;368;82;38;44;30;514;457
7979;60,23;-60,01;0,00;0,00;0,00;-0,06;0,00;0,00;110;114;59;34;31;656;506
7980;0,00;-617,36;0,00;0,00;0,00;-0,62;0,00;0,00;291;169;187;32;31;742;187
7981;48,08;-232,73;0,00;0,00;0,00;-0,23;0,00;0,00;268;191;188;41;23;478;375
7982;42,41;-297,99;0,00;0,00;0,00;-0,30;0,00;0,00;45;59;188;41;37;846;872
7983;6,86;-711,91;0,00;0,00;0,00;-0,71;0,00;0,00;188;125;186;13;37;874;320
7984;24,18;-411,89;0,00;0,00;0,00;-0,41;0,00;0,00;91;177;119;47;33;180;124
7985;43,62;-329,96;0,00;0,00;0,00;-0,33;0,00;0,00;17;146;194;48;33;300;486
7986;56,65;-181,98;0,00;0,00;0,00;-0,18;0,00;0,00;412;30;34;32;32;380;596
7987;38,64;-357,08;0,00;0,00;0,00;-0,36;0,00;0,00;241;138;85;30;15;967;342
7988;98,68;304,59;0,00;0,00;0,00;0,30;0,00;0,00;411;99;144;23;29;919;529
7989;53,61;-262,65;0,00;0,00;0,00;-0,26;0,00;0,00;176;38;77;31;26;552;644
7990;47,45;-227,55;0,00;0,00;0,00;-0,23;0,00;0,00;11;23;166;31;29;349;349
7991;38,74;-325,79;0,00;0,00;0,00;-0,33;0,00;0,00;332;131;39;24;19;430;919
7992;0,82;-654,15;0,00;0,00;0,00;-0,65;0,00;0,00;76;93;164;16;20;986;221
7993;65,30;-79,22;0,00;0,00;0,00;-0,08;0,00;0,00;199;133;131;42;26;267;794
7994;49,95;-227,55;0,00;0,00;0,00;-0,23;0,00;0,00;26;166;41;18;16;591;747
7995;52,19;-187,77;0,00;0,00;0,00;-0,19;0,00;0,00;148;137;104;42;25;742;347
7996;43,51;-173,94;0,00;0,00;0,00;-0,17;0,00;0,00;246;192;166;38;29;867;672
7997;79,49;82,82;0,00;0,00;0,00;0,08;0,00;0,00;218;134;105;40;15;240;479
7998;90,57;196,08;0,00;0,00;0,00;0,20;0,00;0,00;463;52;188;46;34;582;541
7999;32,21;-411,74;0,00;0,00;0,00;-0,41;0,00;0,00;242;125;156;12;15;651;395
8000;60,40;15,05;0,00;0,00;0,00;0,02;0,00;0,00;282;58;176;24;15;310;100
8001;26,73;-483,19;0,00;0,00;0,00;-0,48;0,00;0,00;38;38;21;35;19;967;837
8002;23,73;-445,44;0,00;0,00;0,00;-0,45;0,00;0,00;430;111;59;30;30;315;955
8003;36,18;-363,20;0,00;0,00;0,00;-0,36;0,00;0,00;180;36;92;31;32;829;580
8004;1,85;-656,41;0,00;0,00;0,00;-0,66;0,00;0,00;273;183;26;12;39;444;473
8005;57,21;-51,35;0,00;0,00;0,00;-0,05;0,00;0,00;306;189;72;39;28;797;794
8006;49,29;-116,25;0,00;0,00;0,00;-0,12;0,00;0,00;235;20;98;43;30;629;739
8007;49,41;-256,88;0,00;0,00;0,00;-0,26;0,00;0,00;178;173;196;12;35;293;239
8008;59,94;-127,41;0,00;0,00;0,00;-0,13;0,00;0,00;409;125;23;19;18;266;665
8009;18,32;-563,13;0,00;0,00;0,00;-0,56;0,00;0,00;212;143;33;33;35;735;280
8010;10,62;-638,34;0,00;0,00;0,00;-0,64;0,00;0,00;190;62;32;44;20;217;493
8011;83,45;89,69;0,00;0,00;0,00;0,09;0,00;0,00;356;15;181;42;33;896;889
8012;39,40;-356,38;0,00;0,00;0,00;-0,36;0,00;0,00;237;162;28;27;38;147;169
8013;36,52;-377,90;0,00;0,00;0,00;-0,38;0,00;0,00;154;39;67;21;39;398;996
8014;75,47;73,54;0,00;0,00;0,00;0,07;0,00;0,00;17;149;194;19;20;592;233
8015;75,19;87,21;0,00;0,00;0,00;0,09;0,00;0,00;70;25;69;48;31;463;301
8016;11,94;-694,59;0,00;0,00;0,00;-0,69;0,00;0,00;124;174;106;39;19;587;821
8017;91,31;190,11;0,00;0,00;0,00;0,19;0,00;0,00;25;12;113;17;16;541;466
8018;56,09;-116,12;0,00;0,00;0,00;-0,12;0,00;0,00;49;33;14;38;33;685;702
8019;100,00;230,63;0,00;0,00;0,00;0,23;0,00;0,00;65;95;127;38;33;789;631
8020;33,88;-374,90;0,00;0,00;0,00;-0,37;0,00;0,00;55;82;153;31;33;597;827
8021;41,08;-235,97;0,00;0,00;0,00;-0,24;0,00;0,00;67;15;154;24;34;588;614
8022;57,38;-132,82;0,00;0,00;0,00;-0,13;0,00;0,00;55;67;175;22;17;993;719
8023;14,17;-547,62;0,00;0,00;0,00;-0,55;0,00;0,00;158;157;50;44;36;418;372
8024;30,20;-404,51;0,00;0,00;0,00;-0,40;0,00;0,00;487;138;121;14;39;863;393
8025;31,70;-348,06;0,00;0,00;0,00;-0,35;0,00;0,00;366;156;179;29;31;258;850
8026;46,35;-260,45;0,00;0,00;0,00;-0,26;0,00;0,00;10;84;109;45;22;966;399
8027;53,78;-147,20;0,00;0,00;0,00;-0,15;0,00;0,00;87;60;103;33;21;573;577
8028;93,03;238,57;0,00;0,00;0,00;0,24;0,00;0,00;433;110;129;22;31;813;603
8029;19,02;-492,29;0,00;0,00;0,00;-0,49;0,00;0,00;386;81;153;29;21;747;931
8030;4,91;-615,80;0,00;0,00;0,00;-0,62;0,00;0,00;275;36;193;24;22;480;888
8031;52,66;-173,31;0,00;0,00;0,00;-0,17;0,00;0,00;122;88;82;25;26;795;772
8032;87,10;182,53;0,00;0,00;0,00;0,18;0,00;0,00;309;159;154;30;22;145;298
8033;46,64;-201,36;0,00;0,00;0,00;-0,20;0,00;0,00;432;17;16;10;26;316;520
8034;55,48;-141,82;0,00;0,00;0,00;-0,14;0,00;0,00;140;161;174;28;23;963;570
8035;22,94;-451,96;0,00;0,00;0,00;-0,45;0,00;0,00;272;142;114;13;23;378;112
8036;89,35;159,41;0,00;0,00;0,00;0,16;0,00;0,00;348;134;130;28;21;577;302
8037;42,61;-313,40;0,00;0,00;0,00;-0,31;0,00;0,00;150;197;181;45;34;496;906
8038;49,67;-178,40;0,00;0,00;0,00;-0,18;0,00;0,00;92;22;83;26;25;939;276
8039;82,52;55,31;0,00;0,00;0,00;0,06;0,00;0,00;309;152;95;41;35;451;447
8040;42,50;-280,63;0,00;0,00;0,00;-0,28;0,00;0,00;418;162;145;21;33;243;347
8041;40,69;-271,41;0,00;0,00;0,00;-0,27;0,00;0,00;338;46;83;21;21;444;343
8042;35,04;-361,78;0,00;0,00;0,00;-0,36;0,00;0,00;220;53;121;16;25;643;965
8043;78,00;49,77;0,00;0,00;0,00;0,05;0,00;0,00;250;151;126;23;24;786;313
8044;37,92;-251,35;0,00;0,00;0,00;-0,25;0,00;0,00;251;97;84;11;34;888;432
8045;8,99;-565,34;0,00;0,00;0,00;-0,57;0,00;0,00;240;190;170;39;27;682;306
8046;0,00;-701,34;0,00;0,00;0,00;-0,70;0,00;0,00;311;32;114;47;20;180;130
8047;15,65;-537,06;0,00;0,00;0,00;-0,54;0,00;0,00;372;182;64;38;28;757;307
8048;25,36;-413,10;0,00;0,00;0,00;-0,41;0,00;0,00;148;67;30;24;26;798;331
8049;75,33;31,08;0,00;0,00;0,00;0,03;0,00;0,00;354;45;25;39;16;821;156
8050;53,41;-134,31;0,00;0,00;0,00;-0,13;0,00;0,00;489;191;148;34;32;919;910
8051;50,09;-164,05;0,00;0,00;0,00;-0,16;0,00;0,00;482;18;12;35;39;694;599
8052;41,24;-326,49;0,00;0,00;0,00;-0,33;0,00;0,00;433;113;52;49;25;840;949
8053;74,02;73,24;0,00;0,00;0,00;0,07;0,00;0,00;219;23;156;27;15;934;767
8054;54,66;-126,31;0,00;0,00;0,00;-0,13;0,00;0,00;67;178;72;38;23;138;985
8055;85,07;183,31;0,00;0,00;0,00;0,18;0,00;0,00;415;152;45;40;39;318;961
8056;30,88;-387,24;0,00;0,00;0,00;-0,39;0,00;0,00;161;181;195;20;27;164;629
8057;1,71;-625,34;0,00;0,00;0,00;-0,63;0,00;0,00;199;78;169;39;33;427;138
8058;46,34;-267,52;0,00;0,00;0,00;-0,27;0,00;0,00;406;22;73;45;34;920;388
8059;18,08;-468,73;0,00;0,00;0,00;-0,47;0,00;0,00;443;195;121;43;32;458;674
8060;53,86;-281,09;0,00;0,00;0,00;-0,28;0,00;0,00;275;111;64;15;19;366;826
8061;84,33;86,81;0,00;0,00;0,00;0,09;0,00;0,00;38;125;77;40;29;894;348
8062;47,91;-248,59;0,00;0,00;0,00;-0,25;0,00;0,00;499;51;122;16;32;194;187
8063;63,13;-33,65;0,00;0,00;0,00;-0,03;0,00;0,00;191;178;127;44;15;369;773
8064;67,11;-11,90;0,00;0,00;0,00;-0,01;0,00;0,00;335;12;95;11;34;788;572
8065;38,80;-295,30;0,00;0,00;0,00;-0,30;0,00;0,00;306;43;66;23;25;945;721
8066;20,60;-544,89;0,00;0,00;0,00;-0,54;0,00;0,00;235;22;38;28;33;774;956
8067;46,62;-201,43;0,00;0,00;0,00;-0,20;0,00;0,00;216;61;30;42;27;161;158
8068;69,61;-20,40;0,00;0,00;0,00;-0,02;0,00;0,00;345;44;141;34;30;205;730
8069;86,65;201,79;0,00;0,00;0,00;0,20;0,00;0,00;349;170;141;41;32;476;552
8070;31,82;-351,80;0,00;0,00;0,00;-0,35;0,00;0,00;276;91;182;34;23;710;767
8071;38,01;-279,43;0,00;0,00;0,00;-0,28;0,00;0,00;390;181;198;42;17;847;253
8072;42,78;-296,97;0,00;0,00;0,00;-0,30;0,00;0,00;409;55;79;36;29;849;499
8073;33,77;-429,97;0,00;0,00;0,00;-0,43;0,00;0,00;241;51;22;46;21;588;477
8074;69,63;-101,21;0,00;0,00;0,00;-0,10;0,00;0,00;120;57;141;31;28;799;292
8075;100,00;360,69;0,00;0,00;0,00;0,36;0,00;0,00;134;112;29;18;23;559;788
8076;75,09;79,61;0,00;0,00;0,00;0,08;0,00;0,00;178;197;109;20;33;546;161
8077;0,00;-742,44;0,00;0,00;0,00;-0,74;0,00;0,00;23;101;172;17;30;259;236
8078;84,32;230,97;0,00;0,00;0,00;0,23;0,00;0,00;340;42;192;36;34;511;483
8079;32,95;-430,97;0,00;0,00;0,00;-0,43;0,00;0,00;115;103;98;48;37;843;624
8080;31,19;-365,15;0,00;0,00;0,00;-0,37;0,00;0,00;137;171;121;27;22;971;339
8081;47,22;-163,88;0,00;0,00;0,00;-0,16;0,00;0,00;460;119;162;28;21;202;536
8082;86,96;136,35;0,00;0,00;0,00;0,14;0,00;0,00;70;20;149;16;20;368;843
8083;60,54;-15,07;0,00;0,00;0,00;-0,02;0,00;0,00;488;164;59;35;26;900;160
8084;29,66;-436,67;0,00;0,00;0,00;-0,44;0,00;0,00;490;191;113;28;15;629;279
8085;43,22;-367,54;0,00;0,00;0,00;-0,37;0,00;0,00;412;126;135;20;38;473;951
8086;22,71;-450,84;0,00;0,00;0,00;-0,45;0,00;0,00;478;145;78;10;31;408;461
8087;63,25;-101,72;0,00;0,00;0,00;-0,10;0,00;0,00;240;36;73;28;25;791;146
8088;52,95;-132,80;0,00;0,00;0,00;-0,13;0,00;0,00;121;48;89;22;32;298;799
8089;72,46;135,94;0,00;0,00;0,00;0,14;0,00;0,00;148;134;126;22;16;596;124
8090;44,73;-283,11;0,00;0,00;0,00;-0,28;0,00;0,00;467;157;42;46;21;484;797
8091;47,06;-199,31;0,00;0,00;0,00;-0,20;0,00;0,00;272;193;194;45;21;259;197
8092;33,23;-446,98;0,00;0,00;0,00;-0,45;0,00;0,00;342;147;166;20;20;166;341
8093;0,00;-696,31;0,00;0,00;0,00;-0,70;0,00;0,00;190;187;55;22;27;633;396
8094;54,16;-225,16;0,00;0,00;0,00;-0,23;0,00;0,00;377;137;158;27;18;441;537
8095;32,44;-337,00;0,00;0,00;0,00;-0,34;0,00;0,00;127;192;118;10;19;270;867
8096;0,63;-615,20;0,00;0,00;0,00;-0,62;0,00;0,00;387;121;89;28;25;494;336
8097;82,18;27,09;0,00;0,00;0,00;0,03;0,00;0,00;365;164;112;43;32;457;677
8098;63,47;50,82;0,00;0,00;0,00;0,05;0,00;0,00;401;67;35;22;30;554;918
8099;19,06;-502,09;0,00;0,00;0,00;-0,50;0,00;0,00;249;183;175;12;25;645;836
8100;34,63;-383,21;0,00;0,00;0,00;-0,38;0,00;0,00;432;129;148;29;31;283;842
8101;62,57;-83,30;0,00;0,00;0,00;-0,08;0,00;0,00;250;70;146;35;34;752;402
8102;23,47;-514,45;0,00;0,00;0,00;-0,51;0,00;0,00;327;101;68;49;34;475;835
8103;75,62;61,07;0,00;0,00;0,00;0,06;0,00;0,00;283;75;143;11;39;804;948
8104;44,17;-276,62;0,00;0,00;0,00;-0,28;0,00;0,00;490;132;100;25;15;926;139
8105;68,58;21,13;0,00;0,00;0,00;0,02;0,00;0,00;87;124;34;33;18;519;194
8106;61,36;-113,33;0,00;0,00;0,00;-0,11;0,00;0,00;86;35;138;15;18;396;273
8107;57,36;-111,62;0,00;0,00;0,00;-0,11;0,00;0,00;346;87;184;32;17;553;201
8108;53,25;-212,73;0,00;0,00;0,00;-0,21;0,00;0,00;161;166;195;19;35;550;286
8109;65,19;-117,20;0,00;0,00;0,00;-0,12;0,00;0,00;358;75;109;14;30;680;939
8110;67,81;-54,43;0,00;0,00;0,00;-0,05;0,00;0,00;232;159;182;28;16;222;345
8111;48,12;-285,10;0,00;0,00;0,00;-0,29;0,00;0,00;97;132;39;34;23;171;149
8112;59,18;-94,53;0,00;0,00;0,00;-0,09;0,00;0,00;217;157;57;18;16;697;864
8113;72,19;-13,05;0,00;0,00;0,00;-0,01;0,00;0,00;219;58;27;18;39;881;146
8114;58,98;-141,35;0,00;0,00;0,00;-0,14;0,00;0,00;225;26;34;42;20;326;763
8115;71,06;4,12;0,00;0,00;0,00;0,00;0,00;0,00;285;152;119;21;31;609;829
8116;26,36;-483,27;0,00;0,00;0,00;-0,48;0,00;0,00;470;139;184;25;32;240;813
8117;47,30;-258,44;0,00;0,00;0,00;-0,26;0,00;0,00;158;126;78;20;37;317;283
8118;8,34;-585,85;0,00;0,00;0,00;-0,59;0,00;0,00;160;60;116;42;31;424;166
8119;49,89;-223,84;0,00;0,00;0,00;-0,22;0,00;0,00;132;35;179;33;16;506;543
8120;35,33;-334,31;0,00;0,00;0,00;-0,33;0,00;0,00;21;44;158;24;16;746;381
8121;47,60;-181,00;0,00;0,00;0,00;-0,18;0,00;0,00;367;91;127;41;27;771;455
8122;82,03;143,07;0,00;0,00;0,00;0,14;0,00;0,00;101;28;56;33;28;827;239
8123;67,46;-24,20;0,00;0,00;0,00;-0,02;0,00;0,00;248;125;72;46;39;238;765
8124;36,17;-349,40;0,00;0,00;0,00;-0,35;0,00;0,00;288;36;39;38;26;553;507
8125;51,06;-158,25;0,00;0,00;0,00;-0,16;0,00;0,00;95;27;182;26;35;225;850
8126;38,57;-382,85;0,00;0,00;0,00;-0,38;0,00;0,00;403;101;100;30;34;921;742
8127;59,81;-119,71;0,00;0,00;0,00;-0,12;0,00;0,00;47;35;134;23;22;575;443
8128;67,70;79,25;0,00;0,00;0,00;0,08;0,00;0,00;82;161;113;13;21;149;102
8129;69,22;42,82;0,00;0,00;0,00;0,04;0,00;0,00;197;142;138;23;22;709;633
8130;63,52;34,47;0,00;0,00;0,00;0,03;0,00;0,00;315;105;149;34;27;898;920
8131;32,45;-390,56;0,00;0,00;0,00;-0,39;0,00;0,00;374;122;154;44;39;915;894
8132;29,88;-334,01;0,00;0,00;0,00;-0,33;0,00;0,00;169;186;27;19;26;520;217
8133;47,07;-155,32;0,00;0,00;0,00;-0,16;0,00;0,00;361;84;13;45;20;710;538
8134;44,18;-236,06;0,00;0,00;0,00;-0,24;0,00;0,00;345;112;29;33;29;660;634
8135;57,80;-184,35;0,00;0,00;0,00;-0,18;0,00;0,00;167;149;110;20;28;328;630
8136;77,27;99,10;0,00;0,00;0,00;0,10;0,00;0,00;416;193;85;16;16;303;231
8137;39,83;-309,26;0,00;0,00;0,00;-0,31;0,00;0,00;133;33;155;11;19;105;839
8138;100,00;285,33;0,00;0,00;0,00;0,29;0,00;0,00;338;143;83;48;34;243;679
8139;40,21;-325,62;0,00;0,00;0,00;-0,33;0,00;0,00;110;180;21;33;23;170;795
8140;54,33;-194,95;0,00;0,00;0,00;-0,19;0,00;0,00;421;116;68;40;24;826;218
8141;30,38;-342,94;0,00;0,00;0,00;-0,34;0,00;0,00;196;141;64;30;29;825;137
8142;86,71;77,51;0,00;0,00;0,00;0,08;0,00;0,00;384;174;118;10;17;293;137
8143;63,44;-59,22;0,00;0,00;0,00;-0,06;0,00;0,00;336;105;141;38;37;305;214
8144;37,02;-348,17;0,00;0,00;0,00;-0,35;0,00;0,00;259;139;151;12;26;405;729
8145;28,70;-399,54;0,00;0,00;0,00;-0,40;0,00;0,00;494;88;103;32;20;850;987
8146;60,74;-125,44;0,00;0,00;0,00;-0,13;0,00;0,00;393;192;124;25;32;544;506
8147;72,32;-71,92;0,00;0,00;0,00;-0,07;0,00;0,00;19;42;100;31;35;300;320
8148;72,61;58,80;0,00;0,00;0,00;0,06;0,00;0,00;130;178;144;40;20;776;693
8149;82,72;135,01;0,00;0,00;0,00;0,14;0,00;0,00;481;49;62;48;19;378;796
8150;37,29;-326,87;0,00;0,00;0,00;-0,33;0,00;0,00;215;42;10;37;38;293;314
8151;54,80;-87,03;0,00;0,00;0,00;-0,09;0,00;0,00;276;177;148;29;22;986;208
8152;68,05;-48,56;0,00;0,00;0,00;-0,05;0,00;0,00;479;176;158;40;39;198;725
8153;27,20;-402,84;0,00;0,00;0,00;-0,40;0,00;0,00;462;143;23;15;30;332;904
8154;41,88;-374,73;0,00;0,00;0,00;-0,37;0,00;0,00;231;36;90;42;26;907;244
8155;0,00;-790,78;0,00;0,00;0,00;-0,79;0,00;0,00;343;134;101;37;30;463;691
8156;31,27;-421,10;0,00;0,00;0,00;-0,42;0,00;0,00;56;103;116;25;26;300;150
8157;50,79;-199,89;0,00;0,00;0,00;-0,20;0,00;0,00;42;96;10;17;37;594;583
8158;50,73;-238,06;0,00;0,00;0,00;-0,24;0,00;0,00;329;198;28;41;36;322;898
8159;34,04;-410,05;0,00;0,00;0,00;-0,41;0,00;0,00;279;14;19;48;37;530;609
8160;7,59;-591,02;0,00;0,00;0,00;-0,59;0,00;0,00;389;199;157;49;28;357;447
8161;56,46;-125,60;0,00;0,00;0,00;-0,13;0,00;0,00;177;58;37;25;25;582;646
8162;65,15;-129,49;0,00;0,00;0,00;-0,13;0,00;0,00;117;96;34;23;21;306;519
8163;67,37;18,15;0,00;0,00;0,00;0,02;0,00;0,00;264;96;136;25;32;291;311
8164;44,59;-183,15;0,00;0,00;0,00;-0,18;0,00;0,00;426;81;179;25;32;401;928
8165;0,00;-688,87;0,00;0,00;0,00;-0,69;0,00;0,00;314;193;68;19;30;139;898
8166;37,46;-323,78;0,00;0,00;0,00;-0,32;0,00;0,00;301;76;49;14;21;582;714
8167;45,44;-297,66;0,00;0,00;0,00;-0,30;0,00;0,00;101;143;146;20;28;623;980
8168;50,55;-194,28;0,00;0,00;0,00;-0,19;0,00;0,00;433;179;104;15;38;833;127
8169;100,00;384,22;0,00;0,00;0,00;0,38;0,00;0,00;389;31;106;27;34;648;579
8170;4,94;-659,40;0,00;0,00;0,00;-0,66;0,00;0,00;375;29;56;21;38;954;424
8171;63,18;-47,89;0,00;0,00;0,00;-0,05;0,00;0,00;171;173;116;25;18;515;161
8172;91,15;197,19;0,00;0,00;0,00;0,20;0,00;0,00;56;55;46;10;22;901;204
8173;20,96;-536,60;0,00;0,00;0,00;-0,54;0,00;0,00;328;126;172;10;33;990;803
8174;77,58;145,81;0,00;0,00;0,00;0,15;0,00;0,00;386;192;37;12;23;685;126
8175;82,59;72,68;0,00;0,00;0,00;0,07;0,00;0,00;239;167;184;35;23;641;105
8176;56,54;-171,03;0,00;0,00;0,00;-0,17;0,00;0,00;348;24;148;38;38;798;494
8177;25,80;-426,62;0,00;0,00;0,00;-0,43;0,00;0,00;321;160;120;32;38;939;665
8178;45,20;-234,15;0,00;0,00;0,00;-0,23;0,00;0,00;113;193;102;35;29;122;323
8179;56,71;-69,07;0,00;0,00;0,00;-0,07;0,00;0,00;241;179;77;28;29;911;384
8180;26,24;-352,64;0,00;0,00;0,00;-0,35;0,00;0,00;380;105;101;27;25;729;695
8181;88,00;109,47;0,00;0,00;0,00;0,11;0,00;0,00;68;144;139;34;24;392;648
8182;61,99;8,28;0,00;0,00;0,00;0,01;0,00;0,00;102;42;69;41;26;506;298
8183;24,08;-516,52;0,00;0,00;0,00;-0,52;0,00;0,00;161;90;28;34;31;787;510
8184;86,25;137,40;0,00;0,00;0,00;0,14;0,00;0,00;169;192;166;27;22;478;618
8185;29,40;-361,48;0,00;0,00;0,00;-0,36;0,00;0,00;124;47;149;24;17;305;385
8186;31,41;-424,37;0,00;0,00;0,00;-0,42;0,00;0,00;176;23;168;21;29;496;416
8187;31,73;-429,95;0,00;0,00;0,00;-0,43;0,00;0,00;305;73;12;18;35;606;166
8188;0,00;-675,48;0,00;0,00;0,00;-0,68;0,00;0,00;229;125;192;27;30;189;952
8189;74,84;8,07;0,00;0,00;0,00;0,01;0,00;0,00;90;48;186;30;37;273;123
8190;81,17;138,47;0,00;0,00;0,00;0,14;0,00;0,00;73;77;98;24;34;925;666
8191;10,47;-596,06;0,00;0,00;0,00;-0,60;0,00;0,00;257;189;50;24;15;260;925
8192;41,27;-191,86;0,00;0,00;0,00;-0,19;0,00;0,00;316;31;29;46;20;363;266
8193;4,01;-659,44;0,00;0,00;0,00;-0,66;0,00;0,00;103;85;192;33;23;122;209
8194;44,16;-283,51;0,00;0,00;0,00;-0,28;0,00;0,00;173;138;100;20;24;272;372
8195;34,10;-300,37;0,00;0,00;0,00;-0,30;0,00;0,00;262;11;103;22;15;540;694
8196;100,00;307,09;0,00;0,00;0,00;0,31;0,00;0,00;355;192;59;17;38;323;404
8197;65,91;-72,61;0,00;0,00;0,00;-0,07;0,00;0,00;146;16;81;43;28;329;115
8198;51,34;-231,73;0,00;0,00;0,00;-0,23;0,00;0,00;115;136;81;12;24;690;740
8199;41,90;-253,24;0,00;0,00;0,00;-0,25;0,00;0,00;299;16;104;45;30;970;392
8200;72,83;2,27;0,00;0,00;0,00;0,00;0,00;0,00;381;55;193;42;25;888;736
8201;55,16;-180,92;0,00;0,00;0,00;-0,18;0,00;0,00;72;95;183;27;21;110;596
8202;51,88;-151,18;0,00;0,00;0,00;-0,15;0,00;0,00;333;174;46;25;32;331;393
8203;41,74;-326,19;0,00;0,00;0,00;-0,33;0,00;0,00;211;145;130;35;16;281;806
8204;61,10;-86,08;0,00;0,00;0,00;-0,09;0,00;0,00;109;149;163;14;16;927;954
8205;2,09;-659,54;0,00;0,00;0,00;-0,66;0,00;0,00;308;119;169;18;15;563;560
8206;45,26;-243,17;0,00;0,00;0,00;-0,24;0,00;0,00;378;46;27;10;32;647;995
8207;62,68;-41,71;0,00;0,00;0,00;-0,04;0,00;0,00;336;100;124;10;20;270;593
8208;85,72;86,38;0,00;0,00;0,00;0,09;0,00;0,00;141;106;93;45;17;142;415
8209;58,97;-72,09;0,00;0,00;0,00;-0,07;0,00;0,00;442;96;99;26;37;402;111
8210;54,99;-196,93;0,00;0,00;0,00;-0,20;0,00;0,00;457;145;158;26;33;501;101
8211;25,24;-412,50;0,00;0,00;0,00;-0,41;0,00;0,00;71;154;123;45;25;152;875
8212;65,78;-66,30;0,00;0,00;0,00;-0,07;0,00;0,00;483;41;17;28;22;127;786
8213;42,81;-282,23;0,00;0,00;0,00;-0,28;0,00;0,00;39;51;149;27;15;182;812
8214;14,43;-574,28;0,00;0,00;0,00;-0,57;0,00;0,00;351;122;69;39;28;311;185
8215;37,38;-327,39;0,00;0,00;0,00;-0,33;0,00;0,00;325;44;121;30;29;672;422
8216;48,26;-283,60;0,00;0,00;0,00;-0,28;0,00;0,00;57;61;157;15;19;990;822
8217;63,61;-96,97;0,00;0,00;0,00;-0,10;0,00;0,00;412;51;49;26;35;554;412
8218;32,34;-301,49;0,00;0,00;0,00;-0,30;0,00;0,00;18;187;125;10;33;352;747
8219;38,98;-258,34;0,00;0,00;0,00;-0,26;0,00;0,00;374;32;162;36;37;118;213
8220;55,70;-87,43;0,00;0,00;0,00;-0,09;0,00;0,00;338;54;70;24;23;440;786
8221;65,60;-40,71;0,00;0,00;0,00;-0,04;0,00;0,00;344;124;119;40;23;308;584
8222;29,16;-451,90;0,00;0,00;0,00;-0,45;0,00;0,00;278;39;184;29;35;929;427
8223;37,67;-301,55;0,00;0,00;0,00;-0,30;0,00;0,00;398;76;59;33;31;918;405
8224;37,67;-271,32;0,00;0,00;0,00;-0,27;0,00;0,00;492;173;127;41;25;637;380
8225;58,70;-85,52;0,00;0,00;0,00;-0,09;0,00;0,00;298;95;60;14;30;688;195
8226;52,50;-152,56;0,00;0,00;0,00;-0,15;0,00;0,00;470;21;20;44;25;325;145
8227;53,83;-134,00;0,00;0,00;0,00;-0,13;0,00;0,00;288;45;189;13;29;257;673
8228;61,60;-22,65;0,00;0,00;0,00;-0,02;0,00;0,00;434;42;146;15;27;508;487
8229;51,53;-183,91;0,00;0,00;0,00;-0,18;0,00;0,00;122;49;153;22;31;537;305
8230;39,30;-233,74;0,00;0,00;0,00;-0,23;0,00;0,00;370;112;193;10;23;314;129
8231;40,84;-298,70;0,00;0,00;0,00;-0,30;0,00;0,00;307;78;136;33;16;894;160
8232;66,85;29,14;0,00;0,00;0,00;0,03;0,00;0,00;320;181;140;20;29;216;361
8233;14,85;-479,58;0,00;0,00;0,00;-0,48;0,00;0,00;465;21;78;22;20;499;377
8234;51,23;-145,05;0,00;0,00;0,00;-0,15;0,00;0,00;402;180;62;42;16;429;263
8235;58,44;-155,65;0,00;0,00;0,00;-0,16;0,00;0,00;22;139;183;10;18;729;553
8236;51,98;-148,57;0,00;0,00;0,00;-0,15;0,00;0,00;77;157;197;25;36;843;664
8237;65,15;-72,60;0,00;0,00;0,00;-0,07;0,00;0,00;359;78;176;37;36;473;951
8238;64,99;-51,23;0,00;0,00;0,00;-0,05;0,00;0,00;207;100;86;12;29;648;819
8239;26,97;-532,73;0,00;0,00;0,00;-0,53;0,00;0,00;428;94;23;23;26;298;698
8240;34,00;-304,75;0,00;0,00;0,00;-0,30;0,00;0,00;487;182;174;40;22;141;684
8241;74,14;92,71;0,00;0,00;0,00;0,09;0,00;0,00;380;156;96;16;32;189;607
8242;46,73;-257,39;0,00;0,00;0,00;-0,26;0,00;0,00;113;122;146;15;23;474;432
8243;50,64;-125,24;0,00;0,00;0,00;-0,13;0,00;0,00;393;16;124;19;32;264;478
8244;26,28;-424,68;0,00;0,00;0,00;-0,42;0,00;0,00;497;132;64;28;31;921;770
8245;39,03;-257,78;0,00;0,00;0,00;-0,26;0,00;0,00;270;115;64;24;30;932;706
8246;49,61;-196,16;0,00;0,00;0,00;-0,20;0,00;0,00;300;60;168;27;29;815;980
8247;26,03;-468,66;0,00;0,00;0,00;-0,47;0,00;0,00;44;184;16;39;35;199;844
8248;62,26;-93,24;0,00;0,00;0,00;-0,09;0,00;0,00;451;96;156;40;32;743;711
8249;77,78;123,72;0,00;0,00;0,00;0,12;0,00;0,00;291;156;33;21;26;879;495
8250;36,51;-413,93;0,00;0,00;0,00;-0,41;0,00;0,00;372;56;85;34;34;905;269
8251;31,37;-317,48;0,00;0,00;0,00;-0,32;0,00;0,00;23;41;22;48;31;635;939
8252;39,57;-252,07;0,00;0,00;0,00;-0,25;0,00;0,00;47;57;93;37;35;296;311
8253;61,76;-104,50;0,00;0,00;0,00;-0,10;0,00;0,00;408;89;149;45;34;177;544
8254;78,01;126,31;0,00;0,00;0,00;0,13;0,00;0,00;259;150;26;46;39;485;499
8255;55,52;-126,94;0,00;0,00;0,00;-0,13;0,00;0,00;46;84;68;35;18;330;328
8256;66,58;-86,16;0,00;0,00;0,00;-0,09;0,00;0,00;431;119;194;12;17;592;204
8257;13,65;-661,78;0,00;0,00;0,00;-0,66;0,00;0,00;202;194;46;11;23;764;636
8258;50,84;-211,15;0,00;0,00;0,00;-0,21;0,00;0,00;257;63;145;24;25;958;828
8259;75,00;-2,21;0,00;0,00;0,00;-0,00;0,00;0,00;27;134;72;40;35;900;425
8260;48,52;-210,24;0,00;0,00;0,00;-0,21;0,00;0,00;456;46;97;12;16;941;826
8261;45,78;-314,85;0,00;0,00;0,00;-0,31;0,00;0,00;376;111;106;41;28;424;980
8262;37,54;-335,28;0,00;0,00;0,00;-0,34;0,00;0,00;240;81;118;14;21;158;892
8263;73,94;120,27;0,00;0,00;0,00;0,12;0,00;0,00;314;69;85;26;15;530;747
8264;44,94;-260,74;0,00;0,00;0,00;-0,26;0,00;0,00;301;75;100;39;27;462;194
8265;20,42;-425,75;0,00;0,00;0,00;-0,43;0,00;0,00;433;85;17;39;27;294;180
8266;69,03;-56,49;0,00;0,00;0,00;-0,06;0,00;0,00;276;121;28;16;39;297;444
8267;48,75;-277,57;0,00;0,00;0,00;-0,28;0,00;0,00;267;129;188;39;19;419;827
8268;31,45;-314,39;0,00;0,00;0,00;-0,31;0,00;0,00;250;129;95;11;25;671;353
8269;0,00;-596,41;0,00;0,00;0,00;-0,60;0,00;0,00;274;81;22;17;26;794;599
8270;44,23;-252,60;0,00;0,00;0,00;-0,25;0,00;0,00;260;132;42;28;25;807;852
8271;91,19;295,56;0,00;0,00;0,00;0,30;0,00;0,00;202;176;112;42;22;235;881
8272;0,00;-599,44;0,00;0,00;0,00;-0,60;0,00;0,00;468;11;185;43;18;233;308
8273;38,54;-316,42;0,00;0,00;0,00;-0,32;0,00;0,00;121;10;16;28;15;308;723
8274;44,13;-239,01;0,00;0,00;0,00;-0,24;0,00;0,00;448;168;124;45;35;973;290
8275;94,55;147,17;0,00;0,00;0,00;0,15;0,00;0,00;18;190;152;20;19;533;305
8276;34,93;-407,77;0,00;0,00;0,00;-0,41;0,00;0,00;144;185;10;34;30;512;660
8277;2,99;-603,20;0,00;0,00;0,00;-0,60;0,00;0,00;415;182;198;21;19;126;700
8278;27,17;-440,60;0,00;0,00;0,00;-0,44;0,00;0,00;414;28;107;19;23;291;599
8279;70,15;-6,46;0,00;0,00;0,00;-0,01;0,00;0,00;164;178;176;16;22;925;737
8280;25,75;-431,54;0,00;0,00;0,00;-0,43;0,00;0,00;202;33;118;44;33;481;135
8281;61,48;-75,27;0,00;0,00;0,00;-0,08;0,00;0,00;172;168;184;19;25;828;235
8282;47,28;-210,06;0,00;0,00;0,00;-0,21;0,00;0,00;219;100;38;34;25;898;742
8283;51,48;-215,59;0,00;0,00;0,00;-0,22;0,00;0,00;173;18;30;29;32;712;106
8284;57,77;-127,97;0,00;0,00;0,00;-0,13;0,00;0,00;451;67;171;40;24;428;553
8285;83,75;230,25;0,00;0,00;0,00;0,23;0,00;0,00;452;170;71;37;30;107;292
8286;42,82;-218,39;0,00;0,00;0,00;-0,22;0,00;0,00;268;74;19;48;37;617;803
8287;100,00;332,39;0,00;0,00;0,00;0,33;0,00;0,00;410;65;29;27;32;693;925
8288;22,64;-527,29;0,00;0,00;0,00;-0,53;0,00;0,00;164;71;56;44;38;182;657
8289;43,98;-302,42;0,00;0,00;0,00;-0,30;0,00;0,00;56;54;154;41;32;119;192
8290;60,42;-106,84;0,00;0,00;0,00;-0,11;0,00;0,00;226;193;162;20;17;883;959
8291;17,67;-489,93;0,00;0,00;0,00;-0,49;0,00;0,00;82;158;44;16;34;185;784
8292;52,87;-216,15;0,00;0,00;0,00;-0,22;0,00;0,00;40;159;56;48;35;394;928
8293;81,08;107,88;0,00;0,00;0,00;0,11;0,00;0,00;114;163;134;27;16;663;257
8294;96,56;215,78;0,00;0,00;0,00;0,22;0,00;0,00;456;112;43;10;26;405;253
8295;66,26;-4,92;0,00;0,00;0,00;-0,00;0,00;0,00;447;152;100;21;27;797;606
8296;49,99;-187,23;0,00;0,00;0,00;-0,19;0,00;0,00;333;103;124;18;24;497;409
8297;46,30;-240,54;0,00;0,00;0,00;-0,24;0,00;0,00;461;134;144;45;20;278;148
8298;80,35;153,30;0,00;0,00;0,00;0,15;0,00;0,00;418;42;70;46;38;662;831
8299;49,91;-150,09;0,00;0,00;0,00;-0,15;0,00;0,00;229;124;120;36;26;326;610
8300;40,92;-319,94;0,00;0,00;0,00;-0,32;0,00;0,00;342;36;88;42;24;751;988
8301;37,40;-343,27;0,00;0,00;0,00;-0,34;0,00;0,00;63;128;14;10;39;934;477
8302;27,66;-395,70;0,00;0,00;0,00;-0,40;0,00;0,00;38;135;20;25;28;744;690
8303;5,57;-675,24;0,00;0,00;0,00;-0,68;0,00;0,00;401;125;137;38;33;577;667
8304;77,94;119,56;0,00;0,00;0,00;0,12;0,00;0,00;354;25;91;17;18;292;763
8305;31,39;-367,90;0,00;0,00;0,00;-0,37;0,00;0,00;303;168;37;43;24;535;263
8306;58,77;-23,17;0,00;0,00;0,00;-0,02;0,00;0,00;51;74;163;26;17;972;738
8307;97,75;246,26;0,00;0,00;0,00;0,25;0,00;0,00;468;65;159;31;34;877;960
8308;58,47;-156,58;0,00;0,00;0,00;-0,16;0,00;0,00;51;74;33;24;28;698;417
8309;21,95;-468,38;0,00;0,00;0,00;-0,47;0,00;0,00;229;150;80;30;16;987;957
8310;63,55;0,81;0,00;0,00;0,00;0,00;0,00;0,00;38;64;105;44;28;837;607
8311;20,78;-535,63;0,00;0,00;0,00;-0,54;0,00;0,00;308;30;143;19;19;791;106
8312;50,22;-220,15;0,00;0,00;0,00;-0,22;0,00;0,00;316;127;131;38;37;329;896
8313;37,28;-292,68;0,00;0,00;0,00;-0,29;0,00;0,00;376;37;185;27;33;269;957
8314;43,92;-224,32;0,00;0,00;0,00;-0,22;0,00;0,00;130;196;182;36;28;982;627
8315;82,48;156,25;0,00;0,00;0,00;0,16;0,00;0,00;16;26;79;30;37;656;464
8316;72,50;-13,03;0,00;0,00;0,00;-0,01;0,00;0,00;475;82;137;24;27;874;679
8317;39,48;-302,33;0,00;0,00;0,00;-0,30;0,00;0,00;338;31;194;33;31;381;466
8318;68,62;-7,81;0,00;0,00;0,00;-0,01;0,00;0,00;138;106;20;47;31;966;984
8319;43,24;-346,46;0,00;0,00;0,00;-0,35;0,00;0,00;310;105;175;21;37;787;183
8320;47,19;-236,91;0,00;0,00;0,00;-0,24;0,00;0,00;186;178;16;39;15;253;557
8321;27,35;-488,67;0,00;0,00;0,00;-0,49;0,00;0,00;55;96;18;38;29;358;361
8322;67,50;27,89;0,00;0,00;0,00;0,03;0,00;0,00;313;77;57;30;34;196;633
8323;88,46;192,90;0,00;0,00;0,00;0,19;0,00;0,00;432;100;43;23;23;433;147
8324;43,80;-241,43;0,00;0,00;0,00;-0,24;0,00;0,00;312;181;92;44;18;867;606
8325;55,07;-160,84;0,00;0,00;0,00;-0,16;0,00;0,00;366;73;166;32;31;287;388
8326;0,00;-729,83;0,00;0,00;0,00;-0,73;0,00;0,00;427;109;57;40;25;510;121
8327;35,90;-350,41;0,00;0,00;0,00;-0,35;0,00;0,00;90;92;153;19;27;159;683
8328;56,23;-42,03;0,00;0,00;0,00;-0,04;0,00;0,00;51;93;49;19;18;258;241
8329;63,66;-13,08;0,00;0,00;0,00;-0,01;0,00;0,00;128;145;192;43;33;604;210
8330;13,57;-591,58;0,00;0,00;0,00;-0,59;0,00;0,00;222;187;50;36;24;910;134
8331;34,29;-434,07;0,00;0,00;0,00;-0,43;0,00;0,00;358;120;45;29;38;576;334
8332;81,99;71,23;0,00;0,00;0,00;0,07;0,00;0,00;362;173;105;10;27;173;284
8333;72,40;29,45;0,00;0,00;0,00;0,03;0,00;0,00;61;104;123;19;15;584;516
8334;75,11;82,46;0,00;0,00;0,00;0,08;0,00;0,00;470;71;67;11;16;106;422
8335;25,78;-429,94;0,00;0,00;0,00;-0,43;0,00;0,00;431;23;39;47;32;264;888
8336;64,22;69,80;0,00;0,00;0,00;0,07;0,00;0,00;376;57;40;37;15;436;142
8337;65,22;-49,22;0,00;0,00;0,00;-0,05;0,00;0,00;268;68;142;47;28;762;647
8338;58,93;-68,82;0,00;0,00;0,00;-0,07;0,00;0,00;240;80;13;22;29;403;862
8339;22,56;-499,49;0,00;0,00;0,00;-0,50;0,00;0,00;219;173;184;29;28;309;858
8340;13,82;-501,75;0,00;0,00;0,00;-0,50;0,00;0,00;155;168;89;11;15;497;592
8341;91,45;221,50;0,00;0,00;0,00;0,22;0,00;0,00;332;188;85;31;39;768;677
8342;86,19;211,03;0,00;0,00;0,00;0,21;0,00;0,00;175;100;32;24;20;395;691
8343;46,88;-296,12;0,00;0,00;0,00;-0,30;0,00;0,00;374;136;162;42;35;774;520
8344;91,34;232,18;0,00;0,00;0,00;0,23;0,00;0,00;311;155;164;36;16;114;264
8345;100,00;325,10;0,00;0,00;0,00;0,33;0,00;0,00;46;27;152;43;20;939;883
8346;15,68;-550,94;0,00;0,00;0,00;-0,55;0,00;0,00;239;79;82;30;38;107;644
8347;77,33;65,36;0,00;0,00;0,00;0,07;0,00;0,00;164;179;102;24;36;972;873
8348;36,47;-359,51;0,00;0,00;0,00;-0,36;0,00;0,00;60;190;56;15;28;733;679
8349;100,00;235,15;0,00;0,00;0,00;0,24;0,00;0,00;20;169;146;11;31;975;522
8350;59,45;-161,34;0,00;0,00;0,00;-0,16;0,00;0,00;160;23;192;11;30;703;267
8351;17,84;-509,93;0,00;0,00;0,00;-0,51;0,00;0,00;59;182;78;40;18;310;789
8352;49,85;-192,46;0,00;0,00;0,00;-0,19;0,00;0,00;153;16;102;49;30;865;124
8353;40,22;-396,64;0,00;0,00;0,00;-0,40;0,00;0,00;499;184;121;27;17;906;606
8354;49,20;-165,83;0,00;0,00;0,00;-0,17;0,00;0,00;338;147;147;13;25;806;650
8355;69,59;-29,60;0,00;0,00;0,00;-0,03;0,00;0,00;338;164;166;27;15;515;323
8356;73,14;94,59;0,00;0,00;0,00;0,09;0,00;0,00;68;168;64;39;28;228;742
8357;38,42;-372,03;0,00;0,00;0,00;-0,37;0,00;0,00;73;37;190;37;35;702;406
8358;31,01;-331,23;0,00;0,00;0,00;-0,33;0,00;0,00;248;15;116;14;19;239;706
8359;55,11;-200,63;0,00;0,00;0,00;-0,20;0,00;0,00;19;18;166;14;33;879;377
8360;62,55;-99,74;0,00;0,00;0,00;-0,10;0,00;0,00;272;48;40;18;20;623;335
8361;11,16;-667,68;0,00;0,00;0,00;-0,67;0,00;0,00;496;153;82;35;24;489;906
8362;47,24;-223,23;0,00;0,00;0,00;-0,22;0,00;0,00;312;183;110;16;17;866;460
8363;60,34;-73,01;0,00;0,00;0,00;-0,07;0,00;0,00;167;136;187;41;25;356;383
8364;85,57;201,94;0,00;0,00;0,00;0,20;0,00;0,00;79;117;166;33;29;691;712
8365;53,55;-226,19;0,00;0,00;0,00;-0,23;0,00;0,00;99;47;75;20;37;999;395
8366;42,58;-287,01;0,00;0,00;0,00;-0,29;0,00;0,00;380;61;88;37;34;859;570
8367;63,86;-9,60;0,00;0,00;0,00;-0,01;0,00;0,00;225;185;132;17;38;125;441
8368;0,00;-691,03;0,00;0,00;0,00;-0,69;0,00;0,00;355;96;153;22;15;374;321
8369;48,89;-139,35;0,00;0,00;0,00;-0,14;0,00;0,00;178;31;35;13;37;814;822
8370;9,92;-534,97;0,00;0,00;0,00;-0,53;0,00;0,00;358;62;157;39;17;477;272
8371;41,44;-232,79;0,00;0,00;0,00;-0,23;0,00;0,00;362;58;119;34;38;578;258
8372;30,40;-309,66;0,00;0,00;0,00;-0,31;0,00;0,00;447;32;24;28;17;342;196
8373;53,77;-99,27;0,00;0,00;0,00;-0,10;0,00;0,00;33;116;159;20;34;301;343
8374;100,00;290,42;0,00;0,00;0,00;0,29;0,00;0,00;30;115;87;43;37;169;663
8375;33,86;-259,99;0,00;0,00;0,00;-0,26;0,00;0,00;125;27;22;48;28;408;593
8376;34,37;-440,72;0,00;0,00;0,00;-0,44;0,00;0,00;406;17;164;16;33;946;499
8377;39,48;-261,89;0,00;0,00;0,00;-0,26;0,00;0,00;105;74;53;27;26;486;109
8378;56,71;-63,12;0,00;0,00;0,00;-0,06;0,00;0,00;21;89;184;19;15;160;594
8379;39,26;-181,46;0,00;0,00;0,00;-0,18;0,00;0,00;383;47;82;32;23;981;410
8380;85,00;172,83;0,00;0,00;0,00;0,17;0,00;0,00;439;131;130;19;33;378;601
8381;41,77;-248,15;0,00;0,00;0,00;-0,25;0,00;0,00;144;40;55;48;18;263;624
8382;40,12;-327,82;0,00;0,00;0,00;-0,33;0,00;0,00;391;20;91;23;21;928;447
8383;67,19;-70,53;0,00;0,00;0,00;-0,07;0,00;0,00;370;175;13;34;37;412;825
8384;69,21;137,40;0,00;0,00;0,00;0,14;0,00;0,00;10;76;195;39;21;562;895
8385;78,14;31,22;0,00;0,00;0,00;0,03;0,00;0,00;486;136;111;12;35;995;795
8386;54,00;-172,77;0,00;0,00;0,00;-0,17;0,00;0,00;335;40;85;19;33;261;240
8387;72,99;31,42;0,00;0,00;0,00;0,03;0,00;0,00;404;11;71;35;39;910;471
8388;69,35;-73,17;0,00;0,00;0,00;-0,07;0,00;0,00;192;128;190;40;33;181;926
8389;17,95;-555,34;0,00;0,00;0,00;-0,56;0,00;0,00;325;30;115;29;21;678;934
8390;62,24;-89,09;0,00;0,00;0,00;-0,09;0,00;0,00;332;35;13;30;28;846;632
8391;93,21;172,59;0,00;0,00;0,00;0,17;0,00;0,00;209;16;16;37;24;204;561
8392;53,78;-202,79;0,00;0,00;0,00;-0,20;0,00;0,00;258;83;13;42;33;871;479
8393;41,74;-308,14;0,00;0,00;0,00;-0,31;0,00;0,00;196;99;23;22;39;554;965
8394;90,93;89,62;0,00;0,00;0,00;0,09;0,00;0,00;206;27;52;16;27;173;178
8395;81,20;158,35;0,00;0,00;0,00;0,16;0,00;0,00;317;145;107;23;33;255;834
8396;66,95;-83,49;0,00;0,00;0,00;-0,08;0,00;0,00;196;135;155;37;27;321;258
8397;100,00;231,32;0,00;0,00;0,00;0,23;0,00;0,00;494;174;94;16;32;677;196
8398;25,75;-449,46;0,00;0,00;0,00;-0,45;0,00;0,00;90;60;150;39;20;573;895
8399;100,00;286,23;0,00;0,00;0,00;0,29;0,00;0,00;265;43;53;10;37;893;597
8400;36,67;-313,89;0,00;0,00;0,00;-0,31;0,00;0,00;163;30;187;29;39;691;797
8401;63,44;-122,31;0,00;0,00;0,00;-0,12;0,00;0,00;37;90;107;14;24;467;506
8402;60,78;-132,15;0,00;0,00;0,00;-0,13;0,00;0,00;235;95;163;30;37;888;543
8403;9,58;-612,81;0,00;0,00;0,00;-0,61;0,00;0,00;109;12;109;27;26;270;359
8404;36,82;-346,01;0,00;0,00;0,00;-0,35;0,00;0,00;390;53;92;12;34;869;661
8405;47,93;-240,05;0,00;0,00;0,00;-0,24;0,00;0,00;367;67;85;16;27;475;469
8406;27,42;-403,43;0,00;0,00;0,00;-0,40;0,00;0,00;292;86;56;33;20;316;519
8407;15,84;-552,43;0,00;0,00;0,00;-0,55;0,00;0,00;82;138;25;11;22;250;222
8408;44,87;-273,43;0,00;0,00;0,00;-0,27;0,00;0,00;121;31;94;37;21;445;241
8409;94,03;145,35;0,00;0,00;0,00;0,15;0,00;0,00;489;176;50;14;32;523;540
8410;32,33;-428,07;0,00;0,00;0,00;-0,43;0,00;0,00;241;131;140;37;21;848;800
8411;50,74;-192,85;0,00;0,00;0,00;-0,19;0,00;0,00;289;152;24;44;39;677;824
8412;53,33;-264,10;0,00;0,00;0,00;-0,26;0,00;0,00;17;164;55;36;25;416;658
8413;70,57;20,87;0,00;0,00;0,00;0,02;0,00;0,00;58;162;60;20;20;957;458
8414;45,20;-295,40;0,00;0,00;0,00;-0,30;0,00;0,00;293;94;116;24;38;174;494
8415;36,76;-278,69;0,00;0,00;0,00;-0,28;0,00;0,00;495;134;47;30;30;680;165
8416;50,10;-283,01;0,00;0,00;0,00;-0,28;0,00;0,00;132;39;88;33;36;677;848
8417;53,98;-180,71;0,00;0,00;0,00;-0,18;0,00;0,00;171;31;67;46;17;697;383
8418;43,81;-321,64;0,00;0,00;0,00;-0,32;0,00;0,00;260;164;154;33;23;552;190
8419;35,10;-383,58;0,00;0,00;0,00;-0,38;0,00;0,00;113;62;100;19;26;789;668
8420;17,88;-459,23;0,00;0,00;0,00;-0,46;0,00;0,00;177;51;28;44;33;701;540
8421;49,78;-151,46;0,00;0,00;0,00;-0,15;0,00;0,00;403;97;44;10;30;190;600
8422;28,03;-397,66;0,00;0,00;0,00;-0,40;0,00;0,00;432;94;193;13;15;451;165
8423;5,40;-642,58;0,00;0,00;0,00;-0,64;0,00;0,00;461;97;164;23;36;909;154
8424;60,46;-126,45;0,00;0,00;0,00;-0,13;0,00;0,00;169;135;45;32;31;265;476
8425;30,92;-474,96;0,00;0,00;0,00;-0,47;0,00;0,00;404;175;32;31;16;264;462
8426;27,49;-338,55;0,00;0,00;0,00;-0,34;0,00;0,00;268;90;119;48;35;231;783
8427;26,32;-381,66;0,00;0,00;0,00;-0,38;0,00;0,00;480;171;127;13;18;633;213
8428;0,00;-679,62;0,00;0,00;0,00;-0,68;0,00;0,00;191;99;176;36;28;935;954
8429;42,35;-219,52;0,00;0,00;0,00;-0,22;0,00;0,00;313;99;176;37;33;941;820
8430;23,23;-471,98;0,00;0,00;0,00;-0,47;0,00;0,00;62;178;55;28;31;211;552
8431;66,15;34,88;0,00;0,00;0,00;0,03;0,00;0,00;191;155;46;13;19;419;172
8432;33,49;-381,14;0,00;0,00;0,00;-0,38;0,00;0,00;468;39;131;12;38;206;651
8433;63,28;-52,75;0,00;0,00;0,00;-0,05;0,00;0,00;330;98;95;26;33;772;614
8434;75,04;117,46;0,00;0,00;0,00;0,12;0,00;0,00;377;22;186;25;27;257;270
8435;1,82;-664,01;0,00;0,00;0,00;-0,66;0,00;0,00;440;63;144;29;18;897;347
8436;100,00;284,68;0,00;0,00;0,00;0,28;0,00;0,00;317;178;151;27;36;405;568
8437;54,08;-150,17;0,00;0,00;0,00;-0,15;0,00;0,00;13;175;121;27;33;219;940
8438;0,00;-617,33;0,00;0,00;0,00;-0,62;0,00;0,00;163;106;81;29;30;171;479
8439;40,48;-268,64;0,00;0,00;0,00;-0,27;0,00;0,00;418;166;27;37;31;267;692
8440;0,00;-705,54;0,00;0,00;0,00;-0,71;0,00;0,00;319;84;13;34;22;685;920
8441;80,87;45,67;0,00;0,00;0,00;0,05;0,00;0,00;422;138;150;12;25;463;330
8442;78,03;154,44;0,00;0,00;0,00;0,15;0,00;0,00;415;193;20;23;21;832;567
8443;50,63;-171,30;0,00;0,00;0,00;-0,17;0,00;0,00;374;71;190;44;38;325;995
8444;56,87;-172,71;0,00;0,00;0,00;-0,17;0,00;0,00;138;93;129;27;15;925;765
8445;35,01;-327,96;0,00;0,00;0,00;-0,33;0,00;0,00;101;41;90;23;29;281;719
8446;68,51;3,69;0,00;0,00;0,00;0,00;0,00;0,00;443;75;100;33;21;544;862
8447;22,19;-547,74;0,00;0,00;0,00;-0,55;0,00;0,00;383;14;74;36;31;641;246
8448;34,04;-335,63;0,00;0,00;0,00;-0,34;0,00;0,00;488;150;151;15;24;571;779
8449;48,17;-288,82;0,00;0,00;0,00;-0,29;0,00;0,00;281;77;148;30;25;276;482
8450;98,55;144,87;0,00;0,00;0,00;0,14;0,00;0,00;112;58;75;15;21;906;796
8451;40,17;-307,63;0,00;0,00;0,00;-0,31;0,00;0,00;98;149;141;48;34;582;615
8452;45,64;-222,24;0,00;0,00;0,00;-0,22;0,00;0,00;85;87;151;10;20;831;454
8453;58,92;-121,48;0,00;0,00;0,00;-0,12;0,00;0,00;31;79;106;49;38;275;952
8454;73,90;-22,45;0,00;0,00;0,00;-0,02;0,00;0,00;116;78;49;14;22;472;119
8455;63,21;-88,71;0,00;0,00;0,00;-0,09;0,00;0,00;401;122;146;36;30;491;659
8456;34,00;-414,95;0,00;0,00;0,00;-0,41;0,00;0,00;467;66;20;14;28;396;572
8457;94,21;195,14;0,00;0,00;0,00;0,20;0,00;0,00;81;106;47;44;37;207;833
8458;39,43;-310,48;0,00;0,00;0,00;-0,31;0,00;0,00;269;97;42;49;15;707;264
8459;28,95;-389,42;0,00;0,00;0,00;-0,39;0,00;0,00;119;17;73;12;35;164;976
8460;64,38;-12,73;0,00;0,00;0,00;-0,01;0,00;0,00;65;50;72;41;29;390;127
8461;79,35;74,64;0,00;0,00;0,00;0,07;0,00;0,00;487;97;130;20;29;550;355
8462;34,66;-357,64;0,00;0,00;0,00;-0,36;0,00;0,00;369;185;108;18;34;434;593
8463;80,58;132,84;0,00;0,00;0,00;0,13;0,00;0,00;237;199;151;18;15;101;763
8464;39,87;-298,37;0,00;0,00;0,00;-0,30;0,00;0,00;374;35;123;17;25;828;894
8465;56,41;-140,11;0,00;0,00;0,00;-0,14;0,00;0,00;296;182;197;46;25;992;227
8466;17,64;-494,48;0,00;0,00;0,00;-0,49;0,00;0,00;446;148;173;45;17;304;719
8467;43,41;-286,50;0,00;0,00;0,00;-0,29;0,00;0,00;157;56;183;17;25;359;614
8468;10,75;-614,74;0,00;0,00;0,00;-0,61;0,00;0,00;137;120;47;33;16;224;730
8469;48,88;-270,17;0,00;0,00;0,00;-0,27;0,00;0,00;182;81;10;33;31;193;450
8470;51,51;-184,60;0,00;0,00;0,00;-0,18;0,00;0,00;78;23;104;30;30;187;105
8471;16,97;-450,64;0,00;0,00;0,00;-0,45;0,00;0,00;277;72;132;29;26;120;118
8472;71,04;13,47;0,00;0,00;0,00;0,01;0,00;0,00;389;75;100;11;27;670;925
8473;80,28;143,05;0,00;0,00;0,00;0,14;0,00;0,00;347;164;38;18;30;471;618
8474;34,13;-329,12;0,00;0,00;0,00;-0,33;0,00;0,00;303;20;40;49;36;807;533
8475;8,16;-495,94;0,00;0,00;0,00;-0,50;0,00;0,00;442;32;72;37;19;310;720
8476;50,30;-165,22;0,00;0,00;0,00;-0,17;0,00;0,00;320;122;30;40;20;773;506
8477;7,04;-687,61;0,00;0,00;0,00;-0,69;0,00;0,00;336;93;165;31;17;645;413
8478;12,48;-569,61;0,00;0,00;0,00;-0,57;0,00;0,00;286;63;147;21;17;280;584
8479;65,12;-84,19;0,00;0,00;0,00;-0,08;0,00;0,00;394;78;96;26;27;352;486
8480;41,20;-298,87;0,00;0,00;0,00;-0,30;0,00;0,00;251;74;120;15;22;810;458
8481;64,66;-11,19;0,00;0,00;0,00;-0,01;0,00;0,00;48;31;157;33;39;417;580
8482;78,71;143,29;0,00;0,00;0,00;0,14;0,00;0,00;433;148;98;38;23;738;789
8483;63,13;-102,17;0,00;0,00;0,00;-0,10;0,00;0,00;446;30;66;18;21;894;109
8484;44,93;-223,22;0,00;0,00;0,00;-0,22;0,00;0,00;258;166;69;28;20;296;535
8485;34,91;-398,24;0,00;0,00;0,00;-0,40;0,00;0,00;90;58;91;30;33;451;750
8486;32,71;-378,87;0,00;0,00;0,00;-0,38;0,00;0,00;407;72;123;23;15;445;725
8487;15,56;-529,65;0,00;0,00;0,00;-0,53;0,00;0,00;143;147;154;36;20;362;216
8488;22,12;-460,03;0,00;0,00;0,00;-0,46;0,00;0,00;365;130;147;42;17;151;684
8489;18,36;-503,85;0,00;0,00;0,00;-0,50;0,00;0,00;483;188;88;22;31;450;721
8490;75,56;150,47;0,00;0,00;0,00;0,15;0,00;0,00;351;101;96;28;20;766;556
8491;37,46;-302,73;0,00;0,00;0,00;-0,30;0,00;0,00;163;57;50;18;35;914;927
8492;66,58;38,75;0,00;0,00;0,00;0,04;0,00;0,00;498;138;99;34;23;293;533
8493;0,00;-642,74;0,00;0,00;0,00;-0,64;0,00;0,00;456;12;46;10;27;667;610
8494;76,72;73,66;0,00;0,00;0,00;0,07;0,00;0,00;490;161;159;45;39;664;151
8495;0,00;-709,73;0,00;0,00;0,00;-0,71;0,00;0,00;264;61;46;41;23;425;351
8496;43,96;-302,26;0,00;0,00;0,00;-0,30;0,00;0,00;417;78;100;11;34;506;986
8497;100,00;306,03;0,00;0,00;0,00;0,31;0,00;0,00;112;48;161;31;23;942;279
8498;79,32;101,72;0,00;0,00;0,00;0,10;0,00;0,00;103;68;26;33;26;954;651
8499;69,91;20,86;0,00;0,00;0,00;0,02;0,00;0,00;471;146;148;17;26;335;560
8500;70,81;21,25;0,00;0,00;0,00;0,02;0,00;0,00;298;118;94;28;27;633;104
8501;57,01;-117,60;0,00;0,00;0,00;-0,12;0,00;0,00;251;61;50;10;34;641;963
8502;37,59;-350,12;0,00;0,00;0,00;-0,35;0,00;0,00;231;71;30;35;31;652;485
8503;34,07;-424,62;0,00;0,00;0,00;-0,42;0,00;0,00;51;13;187;44;37;970;665
8504;89,39;267,85;0,00;0,00;0,00;0,27;0,00;0,00;320;47;56;29;31;748;237
8505;96,64;181,18;0,00;0,00;0,00;0,18;0,00;0,00;164;26;145;28;20;372;288
8506;54,24;-154,92;0,00;0,00;0,00;-0,15;0,00;0,00;180;160;139;44;28;841;383
8507;66,54;-69,52;0,00;0,00;0,00;-0,07;0,00;0,00;279;17;75;13;31;475;507
8508;37,45;-287,49;0,00;0,00;0,00;-0,29;0,00;0,00;252;159;13;42;29;443;400
8509;60,38;-67,45;0,00;0,00;0,00;-0,07;0,00;0,00;419;107;102;20;32;146;527
8510;79,04;76,25;0,00;0,00;0,00;0,08;0,00;0,00;422;70;11;28;31;558;865
8511;84,66;168,75;0,00;0,00;0,00;0,17;0,00;0,00;201;60;62;24;15;112;740
8512;24,03;-444,25;0,00;0,00;0,00;-0,44;0,00;0,00;353;16;87;30;32;989;307
8513;83,49;121,33;0,00;0,00;0,00;0,12;0,00;0,00;272;158;22;43;38;727;908
8514;64,87;-37,84;0,00;0,00;0,00;-0,04;0,00;0,00;129;97;151;19;25;758;609
8515;70,66;-34,27;0,00;0,00;0,00;-0,03;0,00;0,00;297;145;156;25;16;139;144
8516;90,01;207,73;0,00;0,00;0,00;0,21;0,00;0,00;340;120;89;21;35;380;943
8517;28,67;-448,04;0,00;0,00;0,00;-0,45;0,00;0,00;97;22;140;47;19;128;765
8518;45,78;-236,61;0,00;0,00;0,00;-0,24;0,00;0,00;370;154;94;38;25;231;138
8519;98,55;270,36;0,00;0,00;0,00;0,27;0,00;0,00;275;99;74;39;28;524;728
8520;94,56;279,86;0,00;0,00;0,00;0,28;0,00;0,00;420;137;49;43;20;718;723
8521;97,06;256,73;0,00;0,00;0,00;0,26;0,00;0,00;204;135;114;35;24;844;673
8522;63,73;-29,55;0,00;0,00;0,00;-0,03;0,00;0,00;140;96;77;10;18;107;947
8523;65,32;-51,46;0,00;0,00;0,00;-0,05;0,00;0,00;304;77;21;41;26;982;987
8524;66,64;-127,53;0,00;0,00;0,00;-0,13;0,00;0,00;300;44;185;13;17;992;989
8525;27,77;-396,89;0,00;0,00;0,00;-0,40;0,00;0,00;17;105;145;41;21;164;426
8526;23,36;-520,04;0,00;0,00;0,00;-0,52;0,00;0,00;252;95;167;15;17;717;317
8527;71,55;-43,54;0,00;0,00;0,00;-0,04;0,00;0,00;412;39;183;23;24;410;493
8528;78,27;71,76;0,00;0,00;0,00;0,07;0,00;0,00;50;25;33;19;22;474;985
8529;59,03;-125,14;0,00;0,00;0,00;-0,13;0,00;0,00;108;87;125;15;32;957;515
8530;24,07;-507,36;0,00;0,00;0,00;-0,51;0,00;0,00;163;83;180;16;20;819;478
8531;77,61;-3,08;0,00;0,00;0,00;-0,00;0,00;0,00;475;12;108;40;37;726;530
8532;46,91;-254,32;0,00;0,00;0,00;-0,25;0,00;0,00;135;127;40;15;17;390;144
8533;26,01;-469,31;0,00;0,00;0,00;-0,47;0,00;0,00;146;186;95;34;25;677;745
8534;66,20;-91,67;0,00;0,00;0,00;-0,09;0,00;0,00;42;48;149;16;39;859;229
8535;97,28;257,26;0,00;0,00;0,00;0,26;0,00;0,00;417;140;173;29;21;738;385
8536;89,99;209,74;0,00;0,00;0,00;0,21;0,00;0,00;191;50;89;11;20;972;178
8537;51,45;-168,55;0,00;0,00;0,00;-0,17;0,00;0,00;122;75;11;31;24;493;363
8538;71,09;-22,03;0,00;0,00;0,00;-0,02;0,00;0,00;374;88;130;27;17;656;898
8539;38,94;-303,80;0,00;0,00;0,00;-0,30;0,00;0,00;482;195;155;29;31;932;570
8540;11,49;-570,66;0,00;0,00;0,00;-0,57;0,00;0,00;37;30;73;46;38;555;986
8541;66,77;10,45;0,00;0,00;0,00;0,01;0,00;0,00;58;154;132;46;34;957;178
8542;42,39;-226,18;0,00;0,00;0,00;-0,23;0,00;0,00;279;83;87;48;21;189;173
8543;43,56;-275,26;0,00;0,00;0,00;-0,28;0,00;0,00;296;91;107;25;30;196;284
8544;6,98;-635,80;0,00;0,00;0,00;-0,64;0,00;0,00;389;95;26;34;38;245;104
8545;37,24;-266,71;0,00;0,00;0,00;-0,27;0,00;0,00;237;155;55;31;33;536;668
8546;20,59;-540,27;0,00;0,00;0,00;-0,54;0,00;0,00;293;17;178;48;31;905;705
8547;44,01;-240,16;0,00;0,00;0,00;-0,24;0,00;0,00;15;124;16;26;32;244;607
8548;32,19;-388,87;0,00;0,00;0,00;-0,39;0,00;0,00;55;89;55;42;37;901;866
8549;85,22;146,80;0,00;0,00;0,00;0,15;0,00;0,00;436;109;52;35;39;896;635
8550;32,00;-401,66;0,00;0,00;0,00;-0,40;0,00;0,00;321;168;20;14;27;259;971
8551;54,21;-114,15;0,00;0,00;0,00;-0,11;0,00;0,00;225;162;35;15;22;165;663
8552;23,50;-404,44;0,00;0,00;0,00;-0,40;0,00;0,00;488;72;168;10;38;361;525
8553;34,14;-300,72;0,00;0,00;0,00;-0,30;0,00;0,00;397;140;66;17;26;529;745
8554;100,00;357,19;0,00;0,00;0,00;0,36;0,00;0,00;145;139;194;38;32;231;985
8555;34,49;-362,60;0,00;0,00;0,00;-0,36;0,00;0,00;156;63;27;21;25;207;768
8556;34,49;-395,84;0,00;0,00;0,00;-0,40;0,00;0,00;273;25;66;48;28;675;742
8557;69,05;62,82;0,00;0,00;0,00;0,06;0,00;0,00;457;98;113;17;30;512;387
8558;68,54;48,65;0,00;0,00;0,00;0,05;0,00;0,00;12;21;164;45;26;517;841
8559;12,08;-527,26;0,00;0,00;0,00;-0,53;0,00;0,00;373;40;175;13;37;996;455
8560;0,00;-684,22;0,00;0,00;0,00;-0,68;0,00;0,00;142;131;49;25;32;482;715
8561;35,16;-414,56;0,00;0,00;0,00;-0,41;0,00;0,00;468;158;108;40;19;103;614
8562;25,82;-418,02;0,00;0,00;0,00;-0,42;0,00;0,00;263;53;112;14;26;245;304
8563;76,74;63,29;0,00;0,00;0,00;0,06;0,00;0,00;399;73;24;35;17;669;445
8564;56,20;-196,70;0,00;0,00;0,00;-0,20;0,00;0,00;424;61;69;48;16;418;808
8565;50,42;-163,90;0,00;0,00;0,00;-0,16;0,00;0,00;479;34;139;39;18;711;220
8566;77,26;88,36;0,00;0,00;0,00;0,09;0,00;0,00;452;122;121;35;30;438;839
8567;93,41;226,55;0,00;0,00;0,00;0,23;0,00;0,00;475;118;170;26;20;207;574
8568;42,13;-312,11;0,00;0,00;0,00;-0,31;0,00;0,00;102;181;135;33;39;655;701
8569;23,07;-469,29;0,00;0,00;0,00;-0,47;0,00;0,00;306;28;109;13;20;892;546
8570;50,16;-202,00;0,00;0,00;0,00;-0,20;0,00;0,00;303;129;106;20;37;954;724
8571;53,03;-191,13;0,00;0,00;0,00;-0,19;0,00;0,00;105;54;38;41;35;298;775
8572;62,25;-96,05;0,00;0,00;0,00;-0,10;0,00;0,00;316;91;110;29;28;137;240
8573;20,41;-507,65;0,00;0,00;0,00;-0,51;0,00;0,00;187;122;107;40;22;459;268
8574;97,00;243,14;0,00;0,00;0,00;0,24;0,00;0,00;77;27;30;13;33;600;584
8575;65,96;-82,45;0,00;0,00;0,00;-0,08;0,00;0,00;397;175;56;14;32;902;102
8576;89,42;165,50;0,00;0,00;0,00;0,17;0,00;0,00;95;26;84;19;33;938;195
8577;58,18;-76,95;0,00;0,00;0,00;-0,08;0,00;0,00;352;148;28;15;23;653;801
8578;61,65;-101,75;0,00;0,00;0,00;-0,10;0,00;0,00;167;134;19;45;34;630;308
8579;83,47;66,34;0,00;0,00;0,00;0,07;0,00;0,00;241;83;39;29;29;945;300
8580;84,53;102,46;0,00;0,00;0,00;0,10;0,00;0,00;457;22;20;38;17;985;202
8581;72,51;4,21;0,00;0,00;0,00;0,00;0,00;0,00;377;176;62;32;15;219;213
8582;51,95;-205,35;0,00;0,00;0,00;-0,21;0,00;0,00;106;179;71;47;36;207;788
8583;70,47;-28,44;0,00;0,00;0,00;-0,03;0,00;0,00;348;24;69;44;24;832;959
8584;75,24;-7,82;0,00;0,00;0,00;-0,01;0,00;0,00;172;35;179;33;31;150;202
8585;21,94;-494,92;0,00;0,00;0,00;-0,49;0,00;0,00;424;100;97;31;24;297;275
8586;14,91;-529,89;0,00;0,00;0,00;-0,53;0,00;0,00;228;149;174;40;36;392;833
8587;60,69;-112,16;0,00;0,00;0,00;-0,11;0,00;0,00;215;114;74;16;31;313;346
8588;28,75;-373,17;0,00;0,00;0,00;-0,37;0,00;0,00;373;91;100;31;39;329;945
8589;2,69;-672,12;0,00;0,00;0,00;-0,67;0,00;0,00;314;64;174;18;16;826;185
8590;20,59;-532,75;0,00;0,00;0,00;-0,53;0,00;0,00;301;137;69;49;23;903;891
8591;33,04;-335,29;0,00;0,00;0,00;-0,34;0,00;0,00;58;43;123;30;38;613;156
8592;52,50;-141,02;0,00;0,00;0,00;-0,14;0,00;0,00;24;127;122;44;18;456;177
8593;64,43;-32,50;0,00;0,00;0,00;-0,03;0,00;0,00;369;179;122;19;37;512;245
8594;25,75;-442,91;0,00;0,00;0,00;-0,44;0,00;0,00;118;142;62;32;21;599;444
8595;79,95;203,30;0,00;0,00;0,00;0,20;0,00;0,00;295;196;102;37;35;720;593
8596;17,24;-569,76;0,00;0,00;0,00;-0,57;0,00;0,00;68;150;21;42;35;838;871
8597;28,27;-404,18;0,00;0,00;0,00;-0,40;0,00;0,00;488;120;148;27;27;899;845
8598;29,82;-412,36;0,00;0,00;0,00;-0,41;0,00;0,00;459;109;154;34;15;441;384
8599;51,26;-194,85;0,00;0,00;0,00;-0,19;0,00;0,00;26;85;153;25;30;178;354
8600;60,79;-121,99;0,00;0,00;0,00;-0,12;0,00;0,00;392;138;82;32;39;500;552
8601;57,97;-69,87;0,00;0,00;0,00;-0,07;0,00;0,00;195;125;117;31;25;376;952
8602;20,57;-425,64;0,00;0,00;0,00;-0,43;0,00;0,00;287;13;165;34;23;468;314
8603;10,04;-587,98;0,00;0,00;0,00;-0,59;0,00;0,00;232;140;114;33;20;272;936
8604;62,72;-69,30;0,00;0,00;0,00;-0,07;0,00;0,00;484;173;148;32;28;783;247
8605;62,21;-128,90;0,00;0,00;0,00;-0,13;0,00;0,00;335;105;68;49;25;398;604
8606;37,78;-269,49;0,00;0,00;0,00;-0,27;0,00;0,00;444;102;183;43;27;409;775
8607;91,66;266,70;0,00;0,00;0,00;0,27;0,00;0,00;371;72;100;34;36;452;185
8608;50,09;-157,97;0,00;0,00;0,00;-0,16;0,00;0,00;431;122;140;20;30;480;368
8609;75,82;15,10;0,00;0,00;0,00;0,02;0,00;0,00;82;113;103;11;18;492;527
8610;44,38;-343,50;0,00;0,00;0,00;-0,34;0,00;0,00;100;48;69;49;17;393;266
8611;61,35;-170,52;0,00;0,00;0,00;-0,17;0,00;0,00;219;35;61;49;26;977;551
8612;47,61;-236,92;0,00;0,00;0,00;-0,24;0,00;0,00;358;151;154;45;29;139;167
8613;7,57;-599,45;0,00;0,00;0,00;-0,60;0,00;0,00;95;45;78;30;18;514;862
8614;95,65;235,57;0,00;0,00;0,00;0,24;0,00;0,00;58;76;83;26;37;616;183
8615;6,84;-598,17;0,00;0,00;0,00;-0,60;0,00;0,00;402;86;126;34;39;617;820
8616;69,71;4,89;0,00;0,00;0,00;0,00;0,00;0,00;479;171;71;11;16;938;731
8617;55,73;-121,11;0,00;0,00;0,00;-0,12;0,00;0,00;423;167;94;29;15;426;731
8618;63,81;-20,62;0,00;0,00;0,00;-0,02;0,00;0,00;17;172;129;35;26;158;591
8619;58,84;-81,62;0,00;0,00;0,00;-0,08;0,00;0,00;404;109;63;46;26;428;909
8620;87,02;209,49;0,00;0,00;0,00;0,21;0,00;0,00;374;20;146;22;31;923;563
8621;94,47;274,00;0,00;0,00;0,00;0,27;0,00;0,00;449;56;73;45;21;115;327
8622;59,24;-104,98;0,00;0,00;0,00;-0,10;0,00;0,00;392;21;16;25;16;520;319
8623;46,31;-227,46;0,00;0,00;0,00;-0,23;0,00;0,00;213;24;116;48;23;971;556
8624;98,31;297,02;0,00;0,00;0,00;0,30;0,00;0,00;228;191;36;21;32;155;651
8625;32,93;-364,48;0,00;0,00;0,00;-0,36;0,00;0,00;212;65;117;43;33;683;663
8626;70,11;51,98;0,00;0,00;0,00;0,05;0,00;0,00;383;19;176;30;15;100;384
8627;50,09;-267,32;0,00;0,00;0,00;-0,27;0,00;0,00;188;88;182;13;20;205;590
8628;71,93;-30,27;0,00;0,00;0,00;-0,03;0,00;0,00;496;151;115;29;29;819;877
8629;91,92;136,37;0,00;0,00;0,00;0,14;0,00;0,00;47;145;12;37;19;982;436
8630;66,25;-78,54;0,00;0,00;0,00;-0,08;0,00;0,00;122;14;191;45;16;573;946
8631;55,95;-228,53;0,00;0,00;0,00;-0,23;0,00;0,00;327;35;69;25;39;120;578
8632;25,27;-421,07;0,00;0,00;0,00;-0,42;0,00;0,00;83;31;104;39;33;425;283
8633;100,00;208,15;0,00;0,00;0,00;0,21;0,00;0,00;115;83;166;35;38;859;746
8634;13,73;-539,62;0,00;0,00;0,00;-0,54;0,00;0,00;421;39;72;26;21;870;951
8635;62,64;-77,31;0,00;0,00;0,00;-0,08;0,00;0,00;276;22;121;41;37;220;726
8636;90,14;242,83;0,00;0,00;0,00;0,24;0,00;0,00;342;181;85;41;18;364;515
8637;42,22;-298,60;0,00;0,00;0,00;-0,30;0,00;0,00;418;170;141;36;30;636;956
8638;29,41;-292,83;0,00;0,00;0,00;-0,29;0,00;0,00;285;52;171;20;24;849;537
8639;44,24;-241,02;0,00;0,00;0,00;-0,24;0,00;0,00;196;70;106;26;29;581;449
8640;40,28;-314,62;0,00;0,00;0,00;-0,31;0,00;0,00;316;156;62;15;15;831;681
8641;41,91;-243,19;0,00;0,00;0,00;-0,24;0,00;0,00;420;27;174;27;19;670;974
8642;37,33;-302,82;0,00;0,00;0,00;-0,30;0,00;0,00;97;133;69;14;15;927;589
8643;100,00;286,41;0,00;0,00;0,00;0,29;0,00;0,00;278;158;52;42;25;256;568
8644;52,81;-174,33;0,00;0,00;0,00;-0,17;0,00;0,00;314;173;55;39;22;157;193
8645;23,17;-339,85;0,00;0,00;0,00;-0,34;0,00;0,00;329;100;75;17;29;386;109
8646;68,60;-9,16;0,00;0,00;0,00;-0,01;0,00;0,00;462;60;184;34;21;751;979
8647;72,98;76,24;0,00;0,00;0,00;0,08;0,00;0,00;449;119;82;36;30;125;946
8648;6,25;-636,60;0,00;0,00;0,00;-0,64;0,00;0,00;326;75;140;42;23;974;237
8649;55,15;-236,84;0,00;0,00;0,00;-0,24;0,00;0,00;140;45;139;41;31;667;122
8650;60,38;-161,91;0,00;0,00;0,00;-0,16;0,00;0,00;82;37;54;33;21;245;583
8651;58,77;-96,02;0,00;0,00;0,00;-0,10;0,00;0,00;204;138;111;28;32;380;785
8652;15,66;-463,05;0,00;0,00;0,00;-0,46;0,00;0,00;305;10;189;39;29;621;172
8653;58,61;-64,00;0,00;0,00;0,00;-0,06;0,00;0,00;232;162;96;41;29;118;884
8654;81,04;113,25;0,00;0,00;0,00;0,11;0,00;0,00;348;154;111;40;31;679;950
8655;64,56;-63,15;0,00;0,00;0,00;-0,06;0,00;0,00;211;133;40;27;35;234;712
8656;38,49;-275,36;0,00;0,00;0,00;-0,28;0,00;0,00;146;160;153;42;26;981;234
8657;100,00;251,35;0,00;0,00;0,00;0,25;0,00;0,00;14;64;138;26;29;551;835
8658;72,56;13,09;0,00;0,00;0,00;0,01;0,00;0,00;359;177;11;20;21;584;575
8659;11,17;-553,23;0,00;0,00;0,00;-0,55;0,00;0,00;179;139;105;30;28;646;228
8660;44,79;-413,85;0,00;0,00;0,00;-0,41;0,00;0,00;269;108;113;11;21;524;207
8661;44,81;-264,32;0,00;0,00;0,00;-0,26;0,00;0,00;127;94;115;49;19;224;812
8662;66,60;-86,62;0,00;0,00;0,00;-0,09;0,00;0,00;85;144;118;45;19;525;753
8663;33,56;-378,20;0,00;0,00;0,00;-0,38;0,00;0,00;486;38;101;36;37;931;773
8664;93,55;282,32;0,00;0,00;0,00;0,28;0,00;0,00;45;32;56;48;21;654;181
8665;54,54;-177,65;0,00;0,00;0,00;-0,18;0,00;0,00;14;54;151;18;38;898;337
8666;20,13;-465,62;0,00;0,00;0,00;-0,47;0,00;0,00;409;26;48;33;24;624;368
8667;84,51;27,02;0,00;0,00;0,00;0,03;0,00;0,00;428;95;80;41;16;197;189
8668;82,77;86,53;0,00;0,00;0,00;0,09;0,00;0,00;257;102;19;12;16;480;998
8669;95,69;266,80;0,00;0,00;0,00;0,27;0,00;0,00;74;58;161;28;21;259;586
8670;42,69;-277,10;0,00;0,00;0,00;-0,28;0,00;0,00;204;156;101;29;31;252;113
8671;49,76;-139,74;0,00;0,00;0,00;-0,14;0,00;0,00;239;49;182;19;21;783;366
8672;47,88;-235,17;0,00;0,00;0,00;-0,24;0,00;0,00;312;129;55;18;24;510;861
8673;65,15;-11,40;0,00;0,00;0,00;-0,01;0,00;0,00;423;128;28;29;22;300;542
8674;42,12;-234,44;0,00;0,00;0,00;-0,23;0,00;0,00;114;70;118;34;35;989;708
8675;0,00;-664,11;0,00;0,00;0,00;-0,66;0,00;0,00;488;135;79;25;29;376;296
8676;21,87;-401,48;0,00;0,00;0,00;-0,40;0,00;0,00;321;123;126;43;39;680;268
8677;55,87;-170,97;0,00;0,00;0,00;-0,17;0,00;0,00;172;90;166;22;25;308;901
8678;68,54;-12,22;0,00;0,00;0,00;-0,01;0,00;0,00;444;60;13;22;37;735;712
8679;65,47;-110,00;0,00;0,00;0,00;-0,11;0,00;0,00;499;13;124;46;19;649;551
8680;67,94;4,29;0,00;0,00;0,00;0,00;0,00;0,00;272;108;133;37;23;564;427
8681;40,96;-277,50;0,00;0,00;0,00;-0,28;0,00;0,00;79;177;16;44;39;998;730
8682;48,94;-222,48;0,00;0,00;0,00;-0,22;0,00;0,00;18;192;18;34;33;813;691
8683;91,86;237,57;0,00;0,00;0,00;0,24;0,00;0,00;76;92;129;41;36;835;477
8684;16,12;-528,80;0,00;0,00;0,00;-0,53;0,00;0,00;180;21;60;27;16;994;110
8685;49,46;-243,55;0,00;0,00;0,00;-0,24;0,00;0,00;283;138;168;30;37;271;803
8686;99,73;347,10;0,00;0,00;0,00;0,35;0,00;0,00;492;128;73;29;32;643;169
8687;77,93;140,26;0,00;0,00;0,00;0,14;0,00;0,00;99;76;166;35;15;990;679
8688;30,10;-385,10;0,00;0,00;0,00;-0,39;0,00;0,00;10;188;179;41;17;727;756
8689;73,95;44,99;0,00;0,00;0,00;0,04;0,00;0,00;360;159;173;47;33;563;623
8690;26,07;-456,04;0,00;0,00;0,00;-0,46;0,00;0,00;155;191;172;19;26;517;737
8691;58,51;-212,23;0,00;0,00;0,00;-0,21;0,00;0,00;452;197;152;31;39;859;459
8692;68,10;12,87;0,00;0,00;0,00;0,01;0,00;0,00;23;144;13;32;31;306;527
8693;33,42;-410,42;0,00;0,00;0,00;-0,41;0,00;0,00;223;134;92;28;24;642;845
8694;69,78;81,10;0,00;0,00;0,00;0,08;0,00;0,00;107;68;193;38;15;577;517
8695;77,08;87,11;0,00;0,00;0,00;0,09;0,00;0,00;53;182;150;25;37;324;959
8696;49,93;-151,16;0,00;0,00;0,00;-0,15;0,00;0,00;437;53;153;38;39;224;469
8697;46,93;-145,65;0,00;0,00;0,00;-0,15;0,00;0,00;111;19;178;30;16;804;443
8698;100,00;331,31;0,00;0,00;0,00;0,33;0,00;0,00;195;156;58;14;34;211;335
8699;5,27;-699,57;0,00;0,00;0,00;-0,70;0,00;0,00;66;164;101;25;20;553;688
8700;0,00;-683,19;0,00;0,00;0,00;-0,68;0,00;0,00;42;92;165;46;26;288;122
8701;25,88;-512,59;0,00;0,00;0,00;-0,51;0,00;0,00;75;63;90;28;23;524;924
8702;67,72;-52,03;0,00;0,00;0,00;-0,05;0,00;0,00;351;151;16;20;21;202;746
8703;61,53;-24,10;0,00;0,00;0,00;-0,02;0,00;0,00;209;66;23;40;19;517;207
8704;77,59;68,76;0,00;0,00;0,00;0,07;0,00;0,00;339;117;116;41;38;985;889
8705;48,77;-226,25;0,00;0,00;0,00;-0,23;0,00;0,00;472;96;54;19;23;199;503
8706;29,41;-478,35;0,00;0,00;0,00;-0,48;0,00;0,00;414;79;11;37;20;766;144
8707;73,00;16,98;0,00;0,00;0,00;0,02;0,00;0,00;204;199;161;42;28;488;643
8708;43,91;-293,77;0,00;0,00;0,00;-0,29;0,00;0,00;335;177;63;39;19;746;994
8709;25,72;-405,35;0,00;0,00;0,00;-0,41;0,00;0,00;236;117;79;30;24;357;980
8710;6,04;-665,77;0,00;0,00;0,00;-0,67;0,00;0,00;29;23;74;44;28;371;740
8711;64,79;-208,61;0,00;0,00;0,00;-0,21;0,00;0,00;389;62;193;25;33;699;753
8712;62,35;-38,46;0,00;0,00;0,00;-0,04;0,00;0,00;220;121;139;49;38;182;128
8713;24,00;-566,81;0,00;0,00;0,00;-0,57;0,00;0,00;381;189;45;23;28;760;449
8714;22,70;-331,21;0,00;0,00;0,00;-0,33;0,00;0,00;202;28;193;49;19;588;544
8715;65,35;-13,08;0,00;0,00;0,00;-0,01;0,00;0,00;25;131;168;32;21;610;236
8716;75,97;7,23;0,00;0,00;0,00;0,01;0,00;0,00;394;58;21;37;19;410;236
8717;85,40;164,05;0,00;0,00;0,00;0,16;0,00;0,00;102;26;160;45;36;815;462
8718;55,08;-141,03;0,00;0,00;0,00;-0,14;0,00;0,00;237;21;151;14;35;148;939
8719;46,45;-237,76;0,00;0,00;0,00;-0,24;0,00;0,00;288;186;151;43;20;684;181
8720;67,64;-8,42;0,00;0,00;0,00;-0,01;0,00;0,00;359;58;64;12;37;736;625
8721;53,29;-238,59;0,00;0,00;0,00;-0,24;0,00;0,00;72;173;40;33;15;427;354
8722;14,11;-510,66;0,00;0,00;0,00;-0,51;0,00;0,00;406;158;89;15;28;500;285
8723;73,46;-19,44;0,00;0,00;0,00;-0,02;0,00;0,00;139;182;126;17;25;281;570
8724;46,81;-173,48;0,00;0,00;0,00;-0,17;0,00;0,00;91;126;157;25;29;147;978
8725;6,22;-588,61;0,00;0,00;0,00;-0,59;0,00;0,00;170;71;97;12;29;778;948
8726;51,31;-206,00;0,00;0,00;0,00;-0,21;0,00;0,00;319;40;21;49;28;882;976
8727;87,34;200,23;0,00;0,00;0,00;0,20;0,00;0,00;492;139;43;45;27;332;553
8728;24,24;-496,80;0,00;0,00;0,00;-0,50;0,00;0,00;327;97;67;44;22;732;674
8729;37,27;-381,05;0,00;0,00;0,00;-0,38;0,00;0,00;80;111;68;43;20;307;137
8730;25,05;-429,81;0,00;0,00;0,00;-0,43;0,00;0,00;120;179;47;26;22;643;261
8731;66,86;10,68;0,00;0,00;0,00;0,01;0,00;0,00;400;139;70;21;29;706;714
8732;58,74;-78,91;0,00;0,00;0,00;-0,08;0,00;0,00;89;110;186;19;37;106;570
8733;6,86;-622,16;0,00;0,00;0,00;-0,62;0,00;0,00;208;111;180;16;37;811;710
8734;74,70;49,85;0,00;0,00;0,00;0,05;0,00;0,00;48;116;187;38;16;479;243
8735;60,83;-80,44;0,00;0,00;0,00;-0,08;0,00;0,00;165;110;59;25;31;417;272
8736;39,00;-330,55;0,00;0,00;0,00;-0,33;0,00;0,00;411;182;164;38;20;170;987
8737;37,43;-308,07;0,00;0,00;0,00;-0,31;0,00;0,00;268;167;38;20;22;576;742
8738;63,44;-80,78;0,00;0,00;0,00;-0,08;0,00;0,00;25;135;196;32;34;257;799
8739;60,64;-139,30;0,00;0,00;0,00;-0,14;0,00;0,00;315;196;85;21;27;848;573
8740;20,75;-580,52;0,00;0,00;0,00;-0,58;0,00;0,00;384;167;96;43;27;970;733
8741;91,07;190,99;0,00;0,00;0,00;0,19;0,00;0,00;185;21;66;22;24;523;229
8742;49,69;-114,69;0,00;0,00;0,00;-0,11;0,00;0,00;379;84;183;46;23;648;144
8743;20,08;-539,06;0,00;0,00;0,00;-0,54;0,00;0,00;257;173;60;46;34;777;904
8744;42,84;-158,45;0,00;0,00;0,00;-0,16;0,00;0,00;337;114;33;23;38;467;985
8745;71,02;-16,10;0,00;0,00;0,00;-0,02;0,00;0,00;445;88;62;31;24;322;989
8746;47,00;-331,09;0,00;0,00;0,00;-0,33;0,00;0,00;39;55;120;34;17;705;946
8747;46,10;-171,53;0,00;0,00;0,00;-0,17;0,00;0,00;218;181;23;28;21;466;766
8748;100,00;316,02;0,00;0,00;0,00;0,32;0,00;0,00;489;167;132;35;18;362;938
8749;52,29;-255,17;0,00;0,00;0,00;-0,26;0,00;0,00;84;40;169;23;26;572;716
8750;72,79;3,71;0,00;0,00;0,00;0,00;0,00;0,00;173;100;144;49;24;466;568
8751;80,22;142,83;0,00;0,00;0,00;0,14;0,00;0,00;442;11;195;35;18;500;459
8752;54,00;-111,52;0,00;0,00;0,00;-0,11;0,00;0,00;409;108;122;16;36;928;481
8753;62,23;-67,94;0,00;0,00;0,00;-0,07;0,00;0,00;416;115;51;47;35;971;394
8754;64,50;-104,80;0,00;0,00;0,00;-0,10;0,00;0,00;415;62;90;22;36;181;272
8755;75,00;112,61;0,00;0,00;0,00;0,11;0,00;0,00;24;39;83;11;39;863;537
8756;26,41;-426,09;0,00;0,00;0,00;-0,43;0,00;0,00;184;85;140;44;31;670;293
8757;51,94;-191,61;0,00;0,00;0,00;-0,19;0,00;0,00;110;154;69;11;24;424;767
8758;25,07;-441,37;0,00;0,00;0,00;-0,44;0,00;0,00;340;51;56;22;33;676;578
8759;52,77;-105,26;0,00;0,00;0,00;-0,11;0,00;0,00;365;119;115;36;22;918;469
8760;54,72;-190,61;0,00;0,00;0,00;-0,19;0,00;0,00;21;81;73;20;34;701;242
8761;100,00;267,23;0,00;0,00;0,00;0,27;0,00;0,00;59;123;153;13;26;945;328
8762;67,82;-54,46;0,00;0,00;0,00;-0,05;0,00;0,00;81;73;167;29;35;511;314
8763;46,34;-287,48;0,00;0,00;0,00;-0,29;0,00;0,00;53;38;123;47;36;622;155
8764;55,10;-125,62;0,00;0,00;0,00;-0,13;0,00;0,00;42;58;117;47;29;230;557
8765;75,38;52,87;0,00;0,00;0,00;0,05;0,00;0,00;81;19;16;35;23;311;498
8766;87,13;167,60;0,00;0,00;0,00;0,17;0,00;0,00;256;136;68;37;24;761;369
8767;73,47;94,11;0,00;0,00;0,00;0,09;0,00;0,00;373;171;103;47;29;800;817
8768;37,13;-313,63;0,00;0,00;0,00;-0,31;0,00;0,00;223;143;63;30;30;539;214
8769;100,00;260,65;0,00;0,00;0,00;0,26;0,00;0,00;380;41;46;38;19;926;925
8770;59,52;-19,45;0,00;0,00;0,00;-0,02;0,00;0,00;241;36;118;23;32;683;234
8771;55,91;-80,15;0,00;0,00;0,00;-0,08;0,00;0,00;28;59;75;45;25;550;303
8772;54,35;-259,00;0,00;0,00;0,00;-0,26;0,00;0,00;316;119;174;17;21;686;369
8773;0,00;-772,99;0,00;0,00;0,00;-0,77;0,00;0,00;334;156;55;34;19;443;414
8774;50,27;-173,86;0,00;0,00;0,00;-0,17;0,00;0,00;189;28;127;44;23;588;312
8775;0,00;-684,09;0,00;0,00;0,00;-0,68;0,00;0,00;354;57;147;36;29;548;429
8776;53,75;-167,63;0,00;0,00;0,00;-0,17;0,00;0,00;357;112;166;15;23;656;579
8777;68,61;29,84;0,00;0,00;0,00;0,03;0,00;0,00;291;168;145;18;21;184;462
8778;61,94;-111,50;0,00;0,00;0,00;-0,11;0,00;0,00;90;101;62;40;23;569;892
8779;61,50;-197,96;0,00;0,00;0,00;-0,20;0,00;0,00;89;131;35;22;22;339;649
8780;45,32;-336,52;0,00;0,00;0,00;-0,34;0,00;0,00;378;188;156;43;16;139;821
8781;45,41;-281,88;0,00;0,00;0,00;-0,28;0,00;0,00;396;73;25;13;34;896;553
8782;15,52;-590,42;0,00;0,00;0,00;-0,59;0,00;0,00;68;81;93;31;28;129;543
8783;12,88;-560,99;0,00;0,00;0,00;-0,56;0,00;0,00;378;174;69;40;26;505;796
8784;89,59;242,97;0,00;0,00;0,00;0,24;0,00;0,00;368;178;151;45;36;804;880
8785;37,41;-287,03;0,00;0,00;0,00;-0,29;0,00;0,00;422;25;133;42;33;185;690
8786;30,98;-380,90;0,00;0,00;0,00;-0,38;0,00;0,00;437;55;55;21;29;490;553
8787;64,89;66,33;0,00;0,00;0,00;0,07;0,00;0,00;180;114;48;27;28;838;630
8788;31,08;-328,52;0,00;0,00;0,00;-0,33;0,00;0,00;256;66;193;24;33;130;656
8789;62,82;-156,08;0,00;0,00;0,00;-0,16;0,00;0,00;298;40;182;37;16;762;286
8790;59,27;-63,51;0,00;0,00;0,00;-0,06;0,00;0,00;259;57;49;49;33;498;688
8791;0,00;-739,36;0,00;0,00;0,00;-0,74;0,00;0,00;139;114;179;43;21;606;583
8792;53,35;-142,33;0,00;0,00;0,00;-0,14;0,00;0,00;222;193;160;22;16;756;862
8793;65,24;12,77;0,00;0,00;0,00;0,01;0,00;0,00;451;170;153;24;28;290;606
8794;59,83;4,87;0,00;0,00;0,00;0,00;0,00;0,00;133;62;145;39;26;376;948
8795;30,89;-431,25;0,00;0,00;0,00;-0,43;0,00;0,00;167;12;29;30;19;199;286
8796;50,81;-100,37;0,00;0,00;0,00;-0,10;0,00;0,00;194;94;120;12;31;315;552
8797;15,59;-445,88;0,00;0,00;0,00;-0,45;0,00;0,00;225;149;160;38;30;272;864
8798;18,39;-626,13;0,00;0,00;0,00;-0,63;0,00;0,00;351;60;144;46;35;852;381
8799;69,65;-39,31;0,00;0,00;0,00;-0,04;0,00;0,00;133;128;54;47;36;348;834
8800;22,86;-480,65;0,00;0,00;0,00;-0,48;0,00;0,00;457;135;199;14;34;588;719
8801;28,84;-424,55;0,00;0,00;0,00;-0,42;0,00;0,00;318;169;128;13;33;777;850
8802;85,14;225,05;0,00;0,00;0,00;0,23;0,00;0,00;245;184;111;20;21;399;215
8803;34,21;-374,01;0,00;0,00;0,00;-0,37;0,00;0,00;105;126;34;49;18;164;381
8804;63,13;-95,71;0,00;0,00;0,00;-0,10;0,00;0,00;405;148;72;22;16;800;200
8805;49,43;-275,75;0,00;0,00;0,00;-0,28;0,00;0,00;393;89;189;47;39;505;212
8806;16,32;-497,11;0,00;0,00;0,00;-0,50;0,00;0,00;17;22;194;23;18;997;770
8807;92,29;211,65;0,00;0,00;0,00;0,21;0,00;0,00;488;167;178;28;30;432;226
8808;29,24;-432,56;0,00;0,00;0,00;-0,43;0,00;0,00;470;169;37;10;25;155;928
8809;80,70;131,72;0,00;0,00;0,00;0,13;0,00;0,00;218;65;17;18;16;691;960
8810;83,38;120,03;0,00;0,00;0,00;0,12;0,00;0,00;209;141;65;18;27;591;869
8811;63,96;-86,31;0,00;0,00;0,00;-0,09;0,00;0,00;335;77;184;45;35;269;730
8812;23,78;-437,86;0,00;0,00;0,00;-0,44;0,00;0,00;423;84;71;31;35;723;416
8813;55,84;-77,16;0,00;0,00;0,00;-0,08;0,00;0,00;270;128;85;19;39;103;983
8814;79,40;61,94;0,00;0,00;0,00;0,06;0,00;0,00;354;81;28;42;16;383;874
8815;74,69;83,61;0,00;0,00;0,00;0,08;0,00;0,00;276;169;46;22;28;317;600
8816;55,00;-211,50;0,00;0,00;0,00;-0,21;0,00;0,00;80;72;115;27;29;478;527
8817;42,79;-238,59;0,00;0,00;0,00;-0,24;0,00;0,00;188;34;54;49;16;740;931
8818;52,89;-142,04;0,00;0,00;0,00;-0,14;0,00;0,00;117;19;196;22;26;825;588
8819;16,15;-491,93;0,00;0,00;0,00;-0,49;0,00;0,00;284;147;187;37;22;303;278
8820;86,11;205,33;0,00;0,00;0,00;0,21;0,00;0,00;314;149;37;43;27;959;921
8821;66,69;-88,06;0,00;0,00;0,00;-0,09;0,00;0,00;182;60;17;35;34;232;334
8822;61,28;-91,97;0,00;0,00;0,00;-0,09;0,00;0,00;238;128;97;33;22;593;503
8823;55,71;-165,66;0,00;0,00;0,00;-0,17;0,00;0,00;220;100;154;48;38;978;796
8824;46,63;-183,25;0,00;0,00;0,00;-0,18;0,00;0,00;347;29;147;38;25;714;138
8825;35,40;-434,90;0,00;0,00;0,00;-0,43;0,00;0,00;411;125;119;23;19;612;104
8826;27,72;-528,53;0,00;0,00;0,00;-0,53;0,00;0,00;235;76;30;30;34;674;200
8827;100,00;248,39;0,00;0,00;0,00;0,25;0,00;0,00;409;150;105;18;34;405;141
8828;74,56;92,01;0,00;0,00;0,00;0,09;0,00;0,00;101;52;140;38;34;156;184
8829;69,22;-61,85;0,00;0,00;0,00;-0,06;0,00;0,00;47;153;95;18;17;943;613
8830;69,23;27,15;0,00;0,00;0,00;0,03;0,00;0,00;331;89;152;10;22;625;552
8831;25,15;-465,04;0,00;0,00;0,00;-0,47;0,00;0,00;219;165;111;37;36;322;699
8832;19,74;-497,11;0,00;0,00;0,00;-0,50;0,00;0,00;431;62;165;26;23;406;686
8833;61,06;-9,13;0,00;0,00;0,00;-0,01;0,00;0,00;382;92;30;40;20;585;163
8834;29,04;-346,17;0,00;0,00;0,00;-0,35;0,00;0,00;177;151;16;33;22;946;664
8835;13,27;-578,14;0,00;0,00;0,00;-0,58;0,00;0,00;167;23;127;22;16;342;123
8836;47,80;-184,72;0,00;0,00;0,00;-0,18;0,00;0,00;330;49;92;24;20;151;281
8837;3,51;-740,07;0,00;0,00;0,00;-0,74;0,00;0,00;456;34;79;44;36;734;111
8838;42,85;-274,76;0,00;0,00;0,00;-0,27;0,00;0,00;243;145;136;20;18;515;303
8839;55,44;-114,02;0,00;0,00;0,00;-0,11;0,00;0,00;175;134;51;11;33;541;606
8840;12,75;-571,50;0,00;0,00;0,00;-0,57;0,00;0,00;419;81;158;33;38;158;736
8841;20,24;-479,65;0,00;0,00;0,00;-0,48;0,00;0,00;252;171;145;18;39;940;329
8842;64,91;-80,85;0,00;0,00;0,00;-0,08;0,00;0,00;383;35;36;43;33;242;332
8843;83,87;227,06;0,00;0,00;0,00;0,23;0,00;0,00;374;129;168;32;25;363;549
8844;71,12;14,44;0,00;0,00;0,00;0,01;0,00;0,00;301;194;195;13;23;708;663
8845;79,80;-90,62;0,00;0,00;0,00;-0,09;0,00;0,00;110;133;169;20;33;629;369
8846;62,55;-56,98;0,00;0,00;0,00;-0,06;0,00;0,00;408;18;90;14;21;527;269
8847;46,43;-306,33;0,00;0,00;0,00;-0,31;0,00;0,00;290;41;146;39;27;528;119
8848;82,07;156,16;0,00;0,00;0,00;0,16;0,00;0,00;335;21;109;24;36;560;172
8849;62,71;-72,23;0,00;0,00;0,00;-0,07;0,00;0,00;134;29;132;41;22;899;779
8850;25,82;-473,84;0,00;0,00;0,00;-0,47;0,00;0,00;389;89;82;10;15;830;507
8851;49,65;-224,89;0,00;0,00;0,00;-0,22;0,00;0,00;148;69;107;13;23;600;281
8852;58,88;-55,01;0,00;0,00;0,00;-0,06;0,00;0,00;349;20;194;13;29;568;441
8853;65,74;-61,94;0,00;0,00;0,00;-0,06;0,00;0,00;357;92;121;49;25;738;281
8854;13,72;-613,63;0,00;0,00;0,00;-0,61;0,00;0,00;242;38;78;47;26;651;141
8855;47,76;-282,11;0,00;0,00;0,00;-0,28;0,00;0,00;388;122;46;24;29;844;771
8856;40,75;-306,20;0,00;0,00;0,00;-0,31;0,00;0,00;102;153;113;15;20;652;269
8857;82,99;143,24;0,00;0,00;0,00;0,14;0,00;0,00;473;195;117;41;26;753;570
8858;33,39;-444,86;0,00;0,00;0,00;-0,44;0,00;0,00;204;133;184;41;20;204;892
8859;18,23;-581,07;0,00;0,00;0,00;-0,58;0,00;0,00;144;121;196;27;23;637;597
8860;44,63;-276,88;0,00;0,00;0,00;-0,28;0,00;0,00;476;84;179;16;22;489;703
8861;94,58;164,02;0,00;0,00;0,00;0,16;0,00;0,00;300;39;75;46;19;271;856
8862;77,04;108,59;0,00;0,00;0,00;0,11;0,00;0,00;447;75;113;29;23;363;845
8863;63,14;-116,92;0,00;0,00;0,00;-0,12;0,00;0,00;328;46;63;27;28;913;800
8864;25,00;-395,47;0,00;0,00;0,00;-0,40;0,00;0,00;197;113;175;32;22;751;780
8865;26,60;-451,61;0,00;0,00;0,00;-0,45;0,00;0,00;195;26;168;32;38;119;240
8866;49,21;-243,14;0,00;0,00;0,00;-0,24;0,00;0,00;460;92;165;23;39;247;820
8867;37,91;-386,57;0,00;0,00;0,00;-0,39;0,00;0,00;166;95;172;43;27;933;249
8868;46,67;-372,84;0,00;0,00;0,00;-0,37;0,00;0,00;316;63;48;47;35;669;723
8869;21,57;-465,35;0,00;0,00;0,00;-0,47;0,00;0,00;488;168;149;35;39;787;196
8870;46,03;-281,65;0,00;0,00;0,00;-0,28;0,00;0,00;424;176;99;45;16;783;146
8871;82,97;154,50;0,00;0,00;0,00;0,15;0,00;0,00;121;18;103;16;18;230;266
8872;79,20;76,69;0,00;0,00;0,00;0,08;0,00;0,00;417;78;96;48;26;111;952
8873;60,26;-54,15;0,00;0,00;0,00;-0,05;0,00;0,00;219;77;53;33;20;260;404
8874;54,58;-203,59;0,00;0,00;0,00;-0,20;0,00;0,00;145;28;33;43;23;972;207
8875;65,42;-53,72;0,00;0,00;0,00;-0,05;0,00;0,00;403;67;37;42;34;941;897
8876;16,67;-471,99;0,00;0,00;0,00;-0,47;0,00;0,00;407;25;109;31;33;269;569
8877;62,65;-21,83;0,00;0,00;0,00;-0,02;0,00;0,00;473;80;118;24;38;773;255
8878;29,92;-376,07;0,00;0,00;0,00;-0,38;0,00;0,00;342;168;157;19;25;534;193
8879;23,86;-489,52;0,00;0,00;0,00;-0,49;0,00;0,00;416;90;142;48;31;723;814
8880;78,29;110,71;0,00;0,00;0,00;0,11;0,00;0,00;178;185;55;48;21;385;990
8881;44,16;-327,23;0,00;0,00;0,00;-0,33;0,00;0,00;162;93;22;18;35;972;928
8882;47,75;-203,62;0,00;0,00;0,00;-0,20;0,00;0,00;79;63;40;20;15;446;463
8883;67,97;-73,07;0,00;0,00;0,00;-0,07;0,00;0,00;291;129;179;19;24;993;580
8884;74,23;-12,76;0,00;0,00;0,00;-0,01;0,00;0,00;449;108;88;46;19;278;168
8885;29,69;-415,44;0,00;0,00;0,00;-0,42;0,00;0,00;257;118;106;17;28;698;547
8886;79,75;69,71;0,00;0,00;0,00;0,07;0,00;0,00;199;84;92;16;25;144;809
8887;81,40;58,22;0,00;0,00;0,00;0,06;0,00;0,00;27;41;51;26;17;829;720
8888;68,34;-0,99;0,00;0,00;0,00;-0,00;0,00;0,00;208;59;92;35;28;376;441
8889;40,06;-188,31;0,00;0,00;0,00;-0,19;0,00;0,00;361;44;18;29;32;425;544
8890;58,75;-87,00;0,00;0,00;0,00;-0,09;0,00;0,00;362;64;57;40;21;883;924
8891;29,41;-308,72;0,00;0,00;0,00;-0,31;0,00;0,00;33;162;195;25;25;308;821
8892;86,39;158,80;0,00;0,00;0,00;0,16;0,00;0,00;33;195;43;26;30;474;438
8893;16,78;-525,51;0,00;0,00;0,00;-0,53;0,00;0,00;102;124;136;46;17;968;791
8894;53,60;-145,50;0,00;0,00;0,00;-0,15;0,00;0,00;14;125;160;12;19;461;429
8895;60,24;-15,69;0,00;0,00;0,00;-0,02;0,00;0,00;349;90;54;14;30;687;519
8896;72,84;37,07;0,00;0,00;0,00;0,04;0,00;0,00;277;112;99;16;34;736;619
8897;75,14;47,77;0,00;0,00;0,00;0,05;0,00;0,00;383;21;188;47;37;986;852
8898;65,92;-57,61;0,00;0,00;0,00;-0,06;0,00;0,00;251;55;63;48;24;280;632
8899;92,26;250,48;0,00;0,00;0,00;0,25;0,00;0,00;480;114;94;29;30;305;823
8900;41,29;-393,74;0,00;0,00;0,00;-0,39;0,00;0,00;406;164;147;21;17;494;902
8901;48,30;-317,41;0,00;0,00;0,00;-0,32;0,00;0,00;249;32;152;14;17;437;634
8902;48,90;-246,84;0,00;0,00;0,00;-0,25;0,00;0,00;182;114;68;38;39;848;673
8903;32,38;-419,23;0,00;0,00;0,00;-0,42;0,00;0,00;230;66;67;40;38;398;301
8904;57,42;-94,63;0,00;0,00;0,00;-0,09;0,00;0,00;193;114;160;17;20;837;618
8905;75,61;59,54;0,00;0,00;0,00;0,06;0,00;0,00;341;192;61;43;22;692;374
8906;54,55;-149,93;0,00;0,00;0,00;-0,15;0,00;0,00;489;193;38;15;22;343;408
8907;46,48;-222,29;0,00;0,00;0,00;-0,22;0,00;0,00;328;53;95;38;34;988;767
8908;35,13;-382,12;0,00;0,00;0,00;-0,38;0,00;0,00;217;114;34;39;25;882;273
8909;54,08;-190,75;0,00;0,00;0,00;-0,19;0,00;0,00;408;151;166;14;25;996;747
8910;53,17;-180,54;0,00;0,00;0,00;-0,18;0,00;0,00;217;18;153;44;37;415;474
8911;31,29;-315,56;0,00;0,00;0,00;-0,32;0,00;0,00;157;139;105;14;33;442;216
8912;55,40;-180,42;0,00;0,00;0,00;-0,18;0,00;0,00;270;118;189;47;37;913;453
8913;48,46;-226,91;0,00;0,00;0,00;-0,23;0,00;0,00;24;158;126;18;16;759;918
8914;90,30;316,77;0,00;0,00;0,00;0,32;0,00;0,00;310;28;49;12;33;404;166
8915;78,28;-36,53;0,00;0,00;0,00;-0,04;0,00;0,00;88;68;65;47;28;323;636
8916;55,34;-142,99;0,00;0,00;0,00;-0,14;0,00;0,00;59;182;36;27;36;549;742
8917;59,73;-131,18;0,00;0,00;0,00;-0,13;0,00;0,00;174;81;22;27;24;538;808
8918;61,10;-127,38;0,00;0,00;0,00;-0,13;0,00;0,00;373;23;77;37;38;758;668
8919;47,15;-260,60;0,00;0,00;0,00;-0,26;0,00;0,00;405;121;61;39;39;359;841
8920;32,75;-322,21;0,00;0,00;0,00;-0,32;0,00;0,00;250;181;39;18;34;469;469
8921;37,70;-325,15;0,00;0,00;0,00;-0,33;0,00;0,00;422;89;119;35;21;776;323
8922;64,22;27,73;0,00;0,00;0,00;0,03;0,00;0,00;302;32;142;42;38;683;935
8923;95,26;296,96;0,00;0,00;0,00;0,30;0,00;0,00;302;193;25;39;28;710;214
8924;88,40;101,51;0,00;0,00;0,00;0,10;0,00;0,00;193;193;89;44;36;117;775
8925;66,24;-29,30;0,00;0,00;0,00;-0,03;0,00;0,00;339;58;67;43;37;238;318
8926;83,13;97,69;0,00;0,00;0,00;0,10;0,00;0,00;400;117;142;42;31;145;808
8927;50,34;-199,19;0,00;0,00;0,00;-0,20;0,00;0,00;406;128;77;20;25;157;936
8928;60,79;-97,73;0,00;0,00;0,00;-0,10;0,00;0,00;336;176;11;19;19;263;920
8929;56,24;-99,63;0,00;0,00;0,00;-0,10;0,00;0,00;153;77;130;42;32;926;892
8930;34,00;-309,98;0,00;0,00;0,00;-0,31;0,00;0,00;271;109;184;21;30;564;451
8931;69,74;-82,14;0,00;0,00;0,00;-0,08;0,00;0,00;478;77;105;26;27;852;167
8932;83,92;159,28;0,00;0,00;0,00;0,16;0,00;0,00;10;28;96;44;30;662;280
8933;22,21;-501,24;0,00;0,00;0,00;-0,50;0,00;0,00;30;144;177;22;36;431;699
8934;61,61;-115,28;0,00;0,00;0,00;-0,12;0,00;0,00;160;21;153;49;26;127;665
8935;54,79;-133,93;0,00;0,00;0,00;-0,13;0,00;0,00;234;84;77;43;17;228;124
8936;31,79;-484,66;0,00;0,00;0,00;-0,48;0,00;0,00;290;41;60;13;32;139;382
8937;18,46;-523,39;0,00;0,00;0,00;-0,52;0,00;0,00;445;52;74;12;19;313;481
8938;53,27;-145,36;0,00;0,00;0,00;-0,15;0,00;0,00;459;32;145;17;30;157;942
8939;49,04;-151,07;0,00;0,00;0,00;-0,15;0,00;0,00;206;199;171;39;28;910;875
8940;66,26;-48,28;0,00;0,00;0,00;-0,05;0,00;0,00;168;53;17;40;17;641;500
8941;40,10;-286,18;0,00;0,00;0,00;-0,29;0,00;0,00;13;169;191;18;28;282;894
8942;23,85;-562,71;0,00;0,00;0,00;-0,56;0,00;0,00;160;15;28;45;36;159;855
8943;27,72;-384,30;0,00;0,00;0,00;-0,38;0,00;0,00;42;53;95;10;39;125;514
8944;77,64;118,56;0,00;0,00;0,00;0,12;0,00;0,00;455;182;190;14;31;158;279
8945;52,82;-190,87;0,00;0,00;0,00;-0,19;0,00;0,00;432;65;161;38;29;802;603
8946;51,14;-232,61;0,00;0,00;0,00;-0,23;0,00;0,00;338;139;85;42;34;143;191
8947;51,68;-161,18;0,00;0,00;0,00;-0,16;0,00;0,00;158;41;72;20;39;822;497
8948;56,72;-129,63;0,00;0,00;0,00;-0,13;0,00;0,00;286;171;158;30;22;622;297
8949;59,49;-89,51;0,00;0,00;0,00;-0,09;0,00;0,00;90;149;155;31;19;315;196
8950;44,83;-277,65;0,00;0,00;0,00;-0,28;0,00;0,00;203;190;140;26;32;666;311
8951;69,33;-55,22;0,00;0,00;0,00;-0,06;0,00;0,00;467;167;92;48;25;808;493
8952;77,13;-19,94;0,00;0,00;0,00;-0,02;0,00;0,00;75;88;31;47;19;222;884
8953;100,00;236,29;0,00;0,00;0,00;0,24;0,00;0,00;296;131;133;21;18;102;923
8954;36,80;-381,69;0,00;0,00;0,00;-0,38;0,00;0,00;319;34;127;16;17;379;476
8955;37,19;-358,63;0,00;0,00;0,00;-0,36;0,00;0,00;464;133;163;27;32;489;688
8956;42,22;-321,29;0,00;0,00;0,00;-0,32;0,00;0,00;484;140;164;30;23;499;435
8957;72,46;-13,11;0,00;0,00;0,00;-0,01;0,00;0,00;323;83;70;11;38;614;933
8958;87,97;215,51;0,00;0,00;0,00;0,22;0,00;0,00;232;125;13;17;15;179;476
8959;39,80;-336,80;0,00;0,00;0,00;-0,34;0,00;0,00;328;49;44;47;38;139;452
8960;100,00;263,78;0,00;0,00;0,00;0,26;0,00;0,00;428;189;193;20;32;487;171
8961;63,24;-117,27;0,00;0,00;0,00;-0,12;0,00;0,00;112;176;59;36;23;221;802
8962;56,89;-121,11;0,00;0,00;0,00;-0,12;0,00;0,00;34;195;32;29;19;360;686
8963;68,45;-42,35;0,00;0,00;0,00;-0,04;0,00;0,00;255;139;107;27;31;549;883
8964;69,82;-22,43;0,00;0,00;0,00;-0,02;0,00;0,00;23;190;55;49;35;141;180
8965;38,20;-362,46;0,00;0,00;0,00;-0,36;0,00;0,00;384;65;185;41;35;674;386
8966;22,43;-488,50;0,00;0,00;0,00;-0,49;0,00;0,00;373;136;186;38;25;776;395
8967;62,68;-89,12;0,00;0,00;0,00;-0,09;0,00;0,00;349;57;14;43;25;137;567
8968;48,49;-259,26;0,00;0,00;0,00;-0,26;0,00;0,00;359;13;38;28;16;309;703
8969;15,32;-544,08;0,00;0,00;0,00;-0,54;0,00;0,00;399;115;91;37;33;759;461
8970;100,00;341,60;0,00;0,00;0,00;0,34;0,00;0,00;73;43;41;13;38;517;127
8971;82,16;169,32;0,00;0,00;0,00;0,17;0,00;0,00;71;168;105;18;20;408;721
8972;31,94;-375,34;0,00;0,00;0,00;-0,38;0,00;0,00;367;120;180;47;20;920;167
8973;67,05;-97,38;0,00;0,00;0,00;-0,10;0,00;0,00;220;121;170;35;30;711;597
8974;91,74;227,95;0,00;0,00;0,00;0,23;0,00;0,00;498;130;107;23;22;891;615
8975;33,14;-358,70;0,00;0,00;0,00;-0,36;0,00;0,00;305;178;150;25;20;812;884
8976;43,60;-290,22;0,00;0,00;0,00;-0,29;0,00;0,00;217;194;168;11;38;872;256
8977;76,57;55,64;0,00;0,00;0,00;0,06;0,00;0,00;33;75;35;39;17;527;296
8978;30,32;-288,10;0,00;0,00;0,00;-0,29;0,00;0,00;138;144;59;33;18;256;601
8979;42,56;-214,81;0,00;0,00;0,00;-0,21;0,00;0,00;165;106;38;35;19;555;646
8980;52,24;-199,68;0,00;0,00;0,00;-0,20;0,00;0,00;169;191;120;43;30;452;455
8981;39,25;-346,28;0,00;0,00;0,00;-0,35;0,00;0,00;168;182;170;24;24;166;249
8982;57,30;-189,17;0,00;0,00;0,00;-0,19;0,00;0,00;417;118;89;46;23;999;677
8983;48,92;-198,06;0,00;0,00;0,00;-0,20;0,00;0,00;108;180;165;10;15;212;238
8984;86,05;85,00;0,00;0,00;0,00;0,09;0,00;0,00;276;144;161;32;25;818;208
8985;73,20;58,75;0,00;0,00;0,00;0,06;0,00;0,00;123;123;62;44;35;954;764
8986;31,41;-420,83;0,00;0,00;0,00;-0,42;0,00;0,00;383;133;155;32;17;124;567
8987;57,88;-28,30;0,00;0,00;0,00;-0,03;0,00;0,00;49;115;122;32;28;305;931
8988;30,38;-380,62;0,00;0,00;0,00;-0,38;0,00;0,00;150;149;122;16;33;473;634
8989;20,38;-442,42;0,00;0,00;0,00;-0,44;0,00;0,00;364;15;194;49;30;561;190
8990;26,62;-489,49;0,00;0,00;0,00;-0,49;0,00;0,00;243;10;109;32;33;446;999
8991;43,45;-274,78;0,00;0,00;0,00;-0,27;0,00;0,00;298;89;18;16;24;902;463
8992;58,61;-121,48;0,00;0,00;0,00;-0,12;0,00;0,00;253;53;194;15;38;732;778
8993;33,51;-408,33;0,00;0,00;0,00;-0,41;0,00;0,00;162;74;189;25;30;678;561
8994;42,67;-328,27;0,00;0,00;0,00;-0,33;0,00;0,00;243;75;21;10;35;129;774
8995;33,12;-385,03;0,00;0,00;0,00;-0,39;0,00;0,00;209;74;109;33;34;356;818
8996;55,73;-106,88;0,00;0,00;0,00;-0,11;0,00;0,00;389;44;146;21;15;198;910
8997;71,02;111,32;0,00;0,00;0,00;0,11;0,00;0,00;73;198;92;17;20;580;383
8998;87,52;152,21;0,00;0,00;0,00;0,15;0,00;0,00;111;108;160;19;27;513;458
8999;68,44;0,86;0,00;0,00;0,00;0,00;0,00;0,00;369;127;47;20;21;597;174
9000;73,69;71,19;0,00;0,00;0,00;0,07;0,00;0,00;124;72;149;25;30;632;628
9001;83,83;64,21;0,00;0,00;0,00;0,06;0,00;0,00;41;34;133;37;29;782;124
9002;37,99;-241,48;0,00;0,00;0,00;-0,24;0,00;0,00;221;67;105;34;19;616;302
9003;63,38;5,88;0,00;0,00;0,00;0,01;0,00;0,00;87;145;24;43;15;234;137
9004;59,69;-89,51;0,00;0,00;0,00;-0,09;0,00;0,00;246;75;47;42;17;574;904
9005;70,64;-81,21;0,00;0,00;0,00;-0,08;0,00;0,00;63;70;94;39;31;119;177
9006;2,84;-715,76;0,00;0,00;0,00;-0,72;0,00;0,00;222;21;64;42;22;349;673
9007;34,10;-415,96;0,00;0,00;0,00;-0,42;0,00;0,00;116;166;173;48;24;665;676
9008;58,56;-112,22;0,00;0,00;0,00;-0,11;0,00;0,00;419;57;199;25;26;861;677
9009;45,67;-237,06;0,00;0,00;0,00;-0,24;0,00;0,00;476;177;187;37;27;282;456
9010;57,90;-155,53;0,00;0,00;0,00;-0,16;0,00;0,00;321;154;26;39;36;901;816
9011;68,50;-92,96;0,00;0,00;0,00;-0,09;0,00;0,00;273;152;44;26;32;723;756
9012;36,49;-366,78;0,00;0,00;0,00;-0,37;0,00;0,00;324;115;140;47;36;504;774
9013;31,99;-326,29;0,00;0,00;0,00;-0,33;0,00;0,00;273;66;133;24;36;940;956
9014;43,50;-215,52;0,00;0,00;0,00;-0,22;0,00;0,00;13;117;63;27;27;934;696
9015;48,46;-192,60;0,00;0,00;0,00;-0,19;0,00;0,00;243;184;72;46;22;837;589
9016;96,74;370,50;0,00;0,00;0,00;0,37;0,00;0,00;308;19;160;47;27;885;202
9017;63,23;-107,20;0,00;0,00;0,00;-0,11;0,00;0,00;391;21;36;15;19;112;579
9018;54,66;-199,06;0,00;0,00;0,00;-0,20;0,00;0,00;347;61;58;18;31;391;781
9019;58,76;-128,98;0,00;0,00;0,00;-0,13;0,00;0,00;331;199;176;14;34;209;270
9020;20,81;-404,94;0,00;0,00;0,00;-0,40;0,00;0,00;226;187;62;31;25;895;891
9021;20,50;-558,10;0,00;0,00;0,00;-0,56;0,00;0,00;201;69;129;41;32;482;428
9022;45,95;-389,40;0,00;0,00;0,00;-0,39;0,00;0,00;133;159;32;16;25;979;447
9023;66,51;16,77;0,00;0,00;0,00;0,02;0,00;0,00;93;198;65;29;20;311;903
9024;58,27;-73,55;0,00;0,00;0,00;-0,07;0,00;0,00;107;179;100;16;31;458;379
9025;47,99;-183,62;0,00;0,00;0,00;-0,18;0,00;0,00;247;150;92;23;26;721;617
9026;15,29;-526,67;0,00;0,00;0,00;-0,53;0,00;0,00;435;111;168;13;18;383;989
9027;100,00;355,95;0,00;0,00;0,00;0,36;0,00;0,00;193;114;174;42;23;243;678
9028;74,84;28,22;0,00;0,00;0,00;0,03;0,00;0,00;330;189;140;31;25;449;294
9029;55,87;-115,67;0,00;0,00;0,00;-0,12;0,00;0,00;360;91;34;35;34;981;395
9030;49,03;-269,74;0,00;0,00;0,00;-0,27;0,00;0,00;117;31;166;46;26;268;853
9031;53,62;-95,84;0,00;0,00;0,00;-0,10;0,00;0,00;421;119;155;13;32;725;908
9032;83,16;86,20;0,00;0,00;0,00;0,09;0,00;0,00;96;41;59;49;39;223;682
9033;57,24;-145,79;0,00;0,00;0,00;-0,15;0,00;0,00;373;173;40;48;24;638;464
9034;24,56;-448,33;0,00;0,00;0,00;-0,45;0,00;0,00;214;60;53;34;20;373;397
9035;49,16;-197,04;0,00;0,00;0,00;-0,20;0,00;0,00;155;140;46;38;17;144;178
9036;59,46;-150,45;0,00;0,00;0,00;-0,15;0,00;0,00;209;148;111;13;30;377;222
9037;54,26;-141,02;0,00;0,00;0,00;-0,14;0,00;0,00;417;151;140;42;24;136;134
9038;64,98;-45,12;0,00;0,00;0,00;-0,05;0,00;0,00;478;186;13;46;23;243;335
9039;75,28;91,08;0,00;0,00;0,00;0,09;0,00;0,00;300;52;99;12;22;957;439
9040;26,72;-383,89;0,00;0,00;0,00;-0,38;0,00;0,00;269;84;149;17;38;288;237
9041;69,23;-33,76;0,00;0,00;0,00;-0,03;0,00;0,00;355;91;30;26;25;721;374
9042;44,21;-226,85;0,00;0,00;0,00;-0,23;0,00;0,00;46;26;136;19;31;741;845
9043;86,04;65,39;0,00;0,00;0,00;0,07;0,00;0,00;364;12;73;21;38;164;978
9044;64,98;-69,46;0,00;0,00;0,00;-0,07;0,00;0,00;287;24;38;22;38;170;860
9045;74,66;50,62;0,00;0,00;0,00;0,05;0,00;0,00;240;61;48;49;34;948;217
9046;41,27;-236,62;0,00;0,00;0,00;-0,24;0,00;0,00;274;65;129;14;35;639;816
9047;58,43;-58,96;0,00;0,00;0,00;-0,06;0,00;0,00;209;155;79;19;20;416;753
9048;54,48;-156,24;0,00;0,00;0,00;-0,16;0,00;0,00;245;117;40;31;20;738;321
9049;89,16;270,91;0,00;0,00;0,00;0,27;0,00;0,00;426;80;63;32;31;514;534
9050;58,31;-92,50;0,00;0,00;0,00;-0,09;0,00;0,00;365;44;85;24;15;915;201
9051;28,91;-397,69;0,00;0,00;0,00;-0,40;0,00;0,00;257;77;125;49;31;702;459
9052;57,53;-142,20;0,00;0,00;0,00;-0,14;0,00;0,00;121;97;164;21;35;656;946
9053;16,35;-528,12;0,00;0,00;0,00;-0,53;0,00;0,00;14;136;26;19;39;972;649
9054;0,00;-685,89;0,00;0,00;0,00;-0,69;0,00;0,00;67;96;120;28;18;401;990
9055;42,25;-204,00;0,00;0,00;0,00;-0,20;0,00;0,00;57;64;11;16;25;737;571
9056;46,00;-247,48;0,00;0,00;0,00;-0,25;0,00;0,00;320;92;163;11;28;744;185
9057;19,66;-534,06;0,00;0,00;0,00;-0,53;0,00;0,00;38;123;65;45;17;978;362
9058;40,90;-318,94;0,00;0,00;0,00;-0,32;0,00;0,00;175;102;68;12;33;392;774
9059;51,65;-125,73;0,00;0,00;0,00;-0,13;0,00;0,00;24;163;55;24;32;322;663
9060;87,23;192,45;0,00;0,00;0,00;0,19;0,00;0,00;253;191;62;21;29;455;453
9061;40,40;-256,10;0,00;0,00;0,00;-0,26;0,00;0,00;345;28;151;10;34;139;434
9062;45,57;-317,80;0,00;0,00;0,00;-0,32;0,00;0,00;119;177;191;39;18;512;638
9063;10,86;-654,25;0,00;0,00;0,00;-0,65;0,00;0,00;321;192;145;10;17;810;803
9064;76,15;-24,13;0,00;0,00;0,00;-0,02;0,00;0,00;134;27;63;11;22;565;387
9065;39,03;-230,07;0,00;0,00;0,00;-0,23;0,00;0,00;447;81;188;10;33;410;298
9066;23,16;-485,98;0,00;0,00;0,00;-0,49;0,00;0,00;432;38;59;46;30;599;623
9067;55,31;-127,97;0,00;0,00;0,00;-0,13;0,00;0,00;326;30;40;36;32;614;825
9068;41,42;-331,75;0,00;0,00;0,00;-0,33;0,00;0,00;408;118;192;25;23;226;831
9069;37,14;-333,25;0,00;0,00;0,00;-0,33;0,00;0,00;382;79;116;44;15;564;240
9070;33,29;-373,43;0,00;0,00;0,00;-0,37;0,00;0,00;57;29;46;32;20;846;358
9071;7,23;-618,52;0,00;0,00;0,00;-0,62;0,00;0,00;215;63;19;16;19;922;735
9072;25,57;-374,75;0,00;0,00;0,00;-0,37;0,00;0,00;235;164;109;31;23;230;940
9073;66,09;-53,38;0,00;0,00;0,00;-0,05;0,00;0,00;33;191;109;23;30;395;705
9074;66,88;-51,55;0,00;0,00;0,00;-0,05;0,00;0,00;308;95;122;25;31;606;875
9075;57,02;-176,15;0,00;0,00;0,00;-0,18;0,00;0,00;435;139;155;48;19;336;415
9076;42,28;-263,95;0,00;0,00;0,00;-0,26;0,00;0,00;138;133;169;32;16;902;768
9077;37,74;-399,69;0,00;0,00;0,00;-0,40;0,00;0,00;173;197;139;27;15;348;606
9078;97,94;276,46;0,00;0,00;0,00;0,28;0,00;0,00;129;26;11;42;29;512;608
9079;45,71;-281,67;0,00;0,00;0,00;-0,28;0,00;0,00;486;179;79;33;36;775;907
9080;66,20;-29,02;0,00;0,00;0,00;-0,03;0,00;0,00;228;136;185;42;28;224;529
9081;63,66;-152,77;0,00;0,00;0,00;-0,15;0,00;0,00;152;195;37;21;37;380;381
9082;32,69;-380,47;0,00;0,00;0,00;-0,38;0,00;0,00;98;83;54;16;18;821;232
9083;62,76;-71,38;0,00;0,00;0,00;-0,07;0,00;0,00;130;123;19;20;25;932;861
9084;74,78;68,31;0,00;0,00;0,00;0,07;0,00;0,00;384;105;112;37;38;193;925
9085;77,49;138,22;0,00;0,00;0,00;0,14;0,00;0,00;228;153;56;40;24;338;124
9086;61,70;-62,67;0,00;0,00;0,00;-0,06;0,00;0,00;316;143;54;10;39;500;768
9087;40,54;-299,19;0,00;0,00;0,00;-0,30;0,00;0,00;51;181;87;43;24;610;801
9088;56,39;-205,26;0,00;0,00;0,00;-0,21;0,00;0,00;80;103;194;24;23;168;986
9089;58,06;-152,84;0,00;0,00;0,00;-0,15;0,00;0,00;89;16;85;21;29;381;478
9090;47,14;-257,98;0,00;0,00;0,00;-0,26;0,00;0,00;164;12;49;28;21;191;844
9091;21,07;-417,82;0,00;0,00;0,00;-0,42;0,00;0,00;208;24;156;22;19;861;417
9092;58,12;-102,59;0,00;0,00;0,00;-0,10;0,00;0,00;91;65;102;47;33;458;461
9093;76,40;42,13;0,00;0,00;0,00;0,04;0,00;0,00;346;75;121;42;15;718;960
9094;50,66;-211,53;0,00;0,00;0,00;-0,21;0,00;0,00;154;136;60;13;24;793;456
9095;45,10;-258,93;0,00;0,00;0,00;-0,26;0,00;0,00;173;116;63;10;38;110;896
9096;41,14;-307,11;0,00;0,00;0,00;-0,31;0,00;0,00;316;97;10;10;26;894;634
9097;18,74;-535,65;0,00;0,00;0,00;-0,54;0,00;0,00;159;12;101;42;31;696;837
9098;23,29;-419,24;0,00;0,00;0,00;-0,42;0,00;0,00;280;44;130;23;24;297;239
9099;21,79;-449,11;0,00;0,00;0,00;-0,45;0,00;0,00;287;174;135;29;17;447;448
9100;47,56;-264,52;0,00;0,00;0,00;-0,26;0,00;0,00;111;164;137;23;22;940;620
9101;37,68;-349,35;0,00;0,00;0,00;-0,35;0,00;0,00;236;92;130;29;22;875;614
9102;16,46;-559,47;0,00;0,00;0,00;-0,56;0,00;0,00;63;191;175;23;25;632;766
9103;57,77;-90,95;0,00;0,00;0,00;-0,09;0,00;0,00;89;111;166;44;15;337;697
9104;38,50;-364,36;0,00;0,00;0,00;-0,36;0,00;0,00;106;171;114;28;39;592;876
9105;65,47;-95,84;0,00;0,00;0,00;-0,10;0,00;0,00;443;117;182;11;31;842;809
9106;85,97;144,63;0,00;0,00;0,00;0,14;0,00;0,00;14;94;17;25;17;260;946
9107;68,34;-8,66;0,00;0,00;0,00;-0,01;0,00;0,00;362;190;154;23;21;415;664
9108;56,64;-108,44;0,00;0,00;0,00;-0,11;0,00;0,00;384;147;129;27;31;603;714
9109;69,50;-6,66;0,00;0,00;0,00;-0,01;0,00;0,00;266;146;108;40;20;137;228
9110;53,55;-156,88;0,00;0,00;0,00;-0,16;0,00;0,00;465;180;27;13;15;438;113
9111;44,53;-223,64;0,00;0,00;0,00;-0,22;0,00;0,00;187;25;121;11;20;164;764
9112;56,98;-127,28;0,00;0,00;0,00;-0,13;0,00;0,00;440;18;38;17;20;931;551
9113;55,80;-117,12;0,00;0,00;0,00;-0,12;0,00;0,00;350;127;156;11;25;177;538
9114;36,62;-305,60;0,00;0,00;0,00;-0,31;0,00;0,00;88;149;151;11;16;677;769
9115;100,00;298,19;0,00;0,00;0,00;0,30;0,00;0,00;432;167;127;11;35;760;890
9116;52,88;-142,75;0,00;0,00;0,00;-0,14;0,00;0,00;315;175;152;15;22;757;238
9117;35,95;-419,04;0,00;0,00;0,00;-0,42;0,00;0,00;325;43;54;41;26;604;434
9118;67,11;-14,92;0,00;0,00;0,00;-0,01;0,00;0,00;188;75;109;42;17;569;525
9119;57,28;-146,23;0,00;0,00;0,00;-0,15;0,00;0,00;427;95;195;19;15;547;115
9120;25,60;-399,19;0,00;0,00;0,00;-0,40;0,00;0,00;291;105;142;39;22;811;270
9121;22,13;-479,66;0,00;0,00;0,00;-0,48;0,00;0,00;358;64;51;13;29;732;317
9122;29,66;-381,73;0,00;0,00;0,00;-0,38;0,00;0,00;324;179;97;41;38;962;183
9123;82,52;169,93;0,00;0,00;0,00;0,17;0,00;0,00;39;37;166;48;31;229;171
9124;29,82;-366,09;0,00;0,00;0,00;-0,37;0,00;0,00;80;129;151;44;22;332;512
9125;25,14;-514,80;0,00;0,00;0,00;-0,51;0,00;0,00;33;41;186;40;35;136;109
9126;83,98;199,56;0,00;0,00;0,00;0,20;0,00;0,00;144;31;75;47;28;838;134
9127;71,62;4,26;0,00;0,00;0,00;0,00;0,00;0,00;145;122;21;29;36;231;918
9128;26,06;-439,83;0,00;0,00;0,00;-0,44;0,00;0,00;319;42;31;41;34;421;716
9129;22,92;-484,62;0,00;0,00;0,00;-0,48;0,00;0,00;94;91;80;40;19;581;590
9130;56,12;-79,66;0,00;0,00;0,00;-0,08;0,00;0,00;245;132;48;42;36;642;716
9131;28,80;-407,12;0,00;0,00;0,00;-0,41;0,00;0,00;394;131;12;35;37;461;116
9132;49,51;-149,11;0,00;0,00;0,00;-0,15;0,00;0,00;61;138;185;20;22;380;719
9133;76,01;31,32;0,00;0,00;0,00;0,03;0,00;0,00;199;96;81;33;35;121;507
9134;55,38;-147,36;0,00;0,00;0,00;-0,15;0,00;0,00;248;135;29;11;28;118;603
9135;56,24;-117,64;0,00;0,00;0,00;-0,12;0,00;0,00;419;176;191;36;18;116;410
9136;62,49;-66,61;0,00;0,00;0,00;-0,07;0,00;0,00;258;65;31;47;25;384;530
9137;80,27;86,76;0,00;0,00;0,00;0,09;0,00;0,00;37;162;144;19;28;488;828
9138;71,01;3,45;0,00;0,00;0,00;0,00;0,00;0,00;76;152;146;29;35;384;332
9139;100,00;322,65;0,00;0,00;0,00;0,32;0,00;0,00;155;187;181;16;16;368;515
9140;79,64;53,74;0,00;0,00;0,00;0,05;0,00;0,00;450;184;101;12;36;687;128
9141;1,42;-727,87;0,00;0,00;0,00;-0,73;0,00;0,00;370;121;113;31;39;116;487
9142;99,64;313,98;0,00;0,00;0,00;0,31;0,00;0,00;346;164;188;27;16;713;207
9143;71,63;30,71;0,00;0,00;0,00;0,03;0,00;0,00;217;191;176;40;36;987;785
9144;54,70;-121,55;0,00;0,00;0,00;-0,12;0,00;0,00;121;30;90;35;19;348;522
9145;20,91;-396,63;0,00;0,00;0,00;-0,40;0,00;0,00;199;101;196;14;20;607;260
9146;85,09;163,04;0,00;0,00;0,00;0,16;0,00;0,00;308;27;38;43;28;925;521
9147;46,79;-211,89;0,00;0,00;0,00;-0,21;0,00;0,00;412;115;142;35;31;164;763
9148;94,62;294,72;0,00;0,00;0,00;0,29;0,00;0,00;428;109;75;48;37;474;526
9149;78,25;19,38;0,00;0,00;0,00;0,02;0,00;0,00;291;113;134;10;39;355;678
9150;73,91;20,17;0,00;0,00;0,00;0,02;0,00;0,00;468;20;115;46;38;236;644
9151;76,92;50,59;0,00;0,00;0,00;0,05;0,00;0,00;383;175;103;10;34;945;957
9152;90,93;220,74;0,00;0,00;0,00;0,22;0,00;0,00;395;106;11;20;35;938;155
9153;15,05;-600,17;0,00;0,00;0,00;-0,60;0,00;0,00;195;41;23;16;20;712;411
9154;56,05;-68,11;0,00;0,00;0,00;-0,07;0,00;0,00;36;65;121;13;34;271;142
9155;69,28;-29,53;0,00;0,00;0,00;-0,03;0,00;0,00;315;187;64;37;15;399;161
9156;47,54;-258,39;0,00;0,00;0,00;-0,26;0,00;0,00;246;79;77;36;19;644;577
9157;68,74;43,07;0,00;0,00;0,00;0,04;0,00;0,00;456;102;147;21;38;737;725
9158;51,71;-247,33;0,00;0,00;0,00;-0,25;0,00;0,00;84;43;86;21;26;423;228
9159;23,23;-530,59;0,00;0,00;0,00;-0,53;0,00;0,00;425;100;117;48;20;864;782
9160;28,07;-463,49;0,00;0,00;0,00;-0,46;0,00;0,00;84;178;125;33;18;508;967
9161;17,68;-473,86;0,00;0,00;0,00;-0,47;0,00;0,00;315;44;15;13;16;982;689
9162;79,38;54,98;0,00;0,00;0,00;0,05;0,00;0,00;496;192;139;15;17;613;917
9163;38,87;-293,18;0,00;0,00;0,00;-0,29;0,00;0,00;236;69;118;29;25;233;140
9164;42,33;-194,44;0,00;0,00;0,00;-0,19;0,00;0,00;406;196;60;45;24;181;484
9165;35,30;-223,35;0,00;0,00;0,00;-0,22;0,00;0,00;393;185;66;38;15;531;219
9166;18,36;-496,55;0,00;0,00;0,00;-0,50;0,00;0,00;388;50;152;47;38;326;906
9167;61,49;-96,25;0,00;0,00;0,00;-0,10;0,00;0,00;491;160;154;49;31;141;905
9168;31,84;-435,28;0,00;0,00;0,00;-0,44;0,00;0,00;218;86;68;49;30;647;420
9169;11,09;-642,53;0,00;0,00;0,00;-0,64;0,00;0,00;478;173;149;25;17;204;328
9170;52,88;-191,97;0,00;0,00;0,00;-0,19;0,00;0,00;205;68;70;25;38;446;327
9171;0,00;-639,41;0,00;0,00;0,00;-0,64;0,00;0,00;497;13;139;19;15;655;582
9172;0,00;-629,17;0,00;0,00;0,00;-0,63;0,00;0,00;489;190;118;30;31;105;652
9173;80,73;159,24;0,00;0,00;0,00;0,16;0,00;0,00;14;16;81;31;24;639;974
9174;37,87;-328,85;0,00;0,00;0,00;-0,33;0,00;0,00;254;89;42;46;38;519;877
9175;41,42;-272,70;0,00;0,00;0,00;-0,27;0,00;0,00;262;112;178;47;34;933;944
9176;64,59;62,41;0,00;0,00;0,00;0,06;0,00;0,00;90;137;157;48;26;485;531
9177;27,01;-397,62;0,00;0,00;0,00;-0,40;0,00;0,00;247;62;196;27;22;964;204
9178;57,52;-41,98;0,00;0,00;0,00;-0,04;0,00;0,00;356;114;74;13;15;708;462
9179;90,36;137,65;0,00;0,00;0,00;0,14;0,00;0,00;360;144;25;30;26;611;484
9180;87,37;222,48;0,00;0,00;0,00;0,22;0,00;0,00;159;51;150;22;21;491;704
9181;44,08;-267,26;0,00;0,00;0,00;-0,27;0,00;0,00;382;194;196;26;18;624;491
9182;37,32;-346,60;0,00;0,00;0,00;-0,35;0,00;0,00;169;62;90;31;19;225;156
9183;62,77;-72,69;0,00;0,00;0,00;-0,07;0,00;0,00;305;16;38;47;16;654;476
9184;37,69;-251,50;0,00;0,00;0,00;-0,25;0,00;0,00;412;137;103;30;18;739;834
9185;32,95;-385,43;0,00;0,00;0,00;-0,39;0,00;0,00;76;162;100;23;37;372;465
9186;55,89;-126,66;0,00;0,00;0,00;-0,13;0,00;0,00;71;114;90;21;23;952;147
9187;22,52;-487,36;0,00;0,00;0,00;-0,49;0,00;0,00;483;129;10;21;36;624;581
9188;30,71;-315,95;0,00;0,00;0,00;-0,32;0,00;0,00;315;54;145;30;20;726;900
9189;68,17;0,28;0,00;0,00;0,00;0,00;0,00;0,00;105;126;65;34;33;260;581
9190;15,40;-526,62;0,00;0,00;0,00;-0,53;0,00;0,00;239;169;138;11;25;483;329
9191;32,17;-389,57;0,00;0,00;0,00;-0,39;0,00;0,00;72;72;100;41;34;297;821
9192;45,58;-232,30;0,00;0,00;0,00;-0,23;0,00;0,00;79;19;108;40;33;231;917
9193;73,79;43,00;0,00;0,00;0,00;0,04;0,00;0,00;311;36;27;35;19;103;515
9194;44,92;-336,79;0,00;0,00;0,00;-0,34;0,00;0,00;241;96;149;22;31;728;636
9195;85,73;105,20;0,00;0,00;0,00;0,11;0,00;0,00;77;89;18;49;35;221;668
9196;44,77;-132,13;0,00;0,00;0,00;-0,13;0,00;0,00;35;162;150;19;22;331;879
9197;38,01;-258,68;0,00;0,00;0,00;-0,26;0,00;0,00;470;66;161;40;37;794;862
9198;48,05;-334,97;0,00;0,00;0,00;-0,33;0,00;0,00;425;152;96;25;25;595;939
9199;44,70;-274,94;0,00;0,00;0,00;-0,27;0,00;0,00;397;189;122;23;32;715;532
9200;69,00;26,99;0,00;0,00;0,00;0,03;0,00;0,00;419;77;46;26;24;684;734
9201;47,96;-204,15;0,00;0,00;0,00;-0,20;0,00;0,00;77;56;155;49;16;913;916
9202;0,00;-649,84;0,00;0,00;0,00;-0,65;0,00;0,00;340;194;36;20;35;461;189
9203;40,94;-275,56;0,00;0,00;0,00;-0,28;0,00;0,00;49;92;110;35;35;109;248
9204;28,38;-387,74;0,00;0,00;0,00;-0,39;0,00;0,00;62;186;142;28;22;285;941
9205;7,68;-683,31;0,00;0,00;0,00;-0,68;0,00;0,00;149;46;114;10;15;464;313
9206;84,03;157,73;0,00;0,00;0,00;0,16;0,00;0,00;136;178;20;29;26;142;160
9207;54,05;-127,45;0,00;0,00;0,00;-0,13;0,00;0,00;43;123;139;21;37;674;800
9208;57,81;-152,04;0,00;0,00;0,00;-0,15;0,00;0,00;474;147;124;40;31;619;162
9209;4,62;-773,78;0,00;0,00;0,00;-0,77;0,00;0,00;73;60;37;43;39;598;159
9210;66,94;-42,88;0,00;0,00;0,00;-0,04;0,00;0,00;116;124;100;11;16;181;858
9211;83,10;104,15;0,00;0,00;0,00;0,10;0,00;0,00;240;157;163;34;15;183;136
9212;83,62;66,98;0,00;0,00;0,00;0,07;0,00;0,00;396;102;77;10;21;329;530
9213;69,04;-59,26;0,00;0,00;0,00;-0,06;0,00;0,00;315;197;160;16;32;816;398
9214;52,73;-210,20;0,00;0,00;0,00;-0,21;0,00;0,00;233;176;89;23;24;306;199
9215;72,04;55,23;0,00;0,00;0,00;0,06;0,00;0,00;137;68;131;16;20;654;246
9216;34,53;-367,90;0,00;0,00;0,00;-0,37;0,00;0,00;379;54;50;39;26;902;203
9217;91,54;109,42;0,00;0,00;0,00;0,11;0,00;0,00;88;130;58;21;24;622;862
9218;2,50;-676,19;0,00;0,00;0,00;-0,68;0,00;0,00;396;57;127;15;25;452;565
9219;73,99;30,55;0,00;0,00;0,00;0,03;0,00;0,00;144;185;130;17;33;857;623
9220;30,22;-344,59;0,00;0,00;0,00;-0,34;0,00;0,00;155;161;48;21;32;118;515
9221;50,86;-213,36;0,00;0,00;0,00;-0,21;0,00;0,00;330;180;174;42;39;514;655
9222;8,05;-666,83;0,00;0,00;0,00;-0,67;0,00;0,00;458;13;80;49;27;669;788
9223;87,03;100,74;0,00;0,00;0,00;0,10;0,00;0,00;117;29;19;20;28;859;859
9224;100,00;303,44;0,00;0,00;0,00;0,30;0,00;0,00;86;57;102;17;17;642;859
9225;53,43;-167,72;0,00;0,00;0,00;-0,17;0,00;0,00;170;157;149;15;38;232;165
9226;37,20;-261,14;0,00;0,00;0,00;-0,26;0,00;0,00;20;52;149;24;34;448;415
9227;56,16;-67,60;0,00;0,00;0,00;-0,07;0,00;0,00;405;139;142;32;38;867;388
9228;23,96;-514,22;0,00;0,00;0,00;-0,51;0,00;0,00;297;175;50;38;16;862;593
9229;24,22;-416,50;0,00;0,00;0,00;-0,42;0,00;0,00;467;133;161;41;18;976;761
9230;45,42;-218,32;0,00;0,00;0,00;-0,22;0,00;0,00;75;31;119;32;25;100;620
9231;64,72;-124,23;0,00;0,00;0,00;-0,12;0,00;0,00;65;180;92;34;36;201;442
9232;50,21;-178,85;0,00;0,00;0,00;-0,18;0,00;0,00;491;94;99;15;21;451;339
9233;8,33;-581,71;0,00;0,00;0,00;-0,58;0,00;0,00;194;35;157;15;33;521;265
9234;12,55;-512,31;0,00;0,00;0,00;-0,51;0,00;0,00;55;32;114;43;32;300;278
9235;58,74;3,64;0,00;0,00;0,00;0,00;0,00;0,00;329;83;37;45;18;439;743
9236;64,19;-65,69;0,00;0,00;0,00;-0,07;0,00;0,00;220;162;134;10;34;999;725
9237;69,58;11,33;0,00;0,00;0,00;0,01;0,00;0,00;134;114;151;24;24;691;118
9238;27,31;-515,82;0,00;0,00;0,00;-0,52;0,00;0,00;450;193;151;14;18;768;122
9239;51,07;-244,34;0,00;0,00;0,00;-0,24;0,00;0,00;127;171;49;13;19;840;941
9240;50,20;-218,99;0,00;0,00;0,00;-0,22;0,00;0,00;294;67;21;49;34;949;210
9241;94,25;212,44;0,00;0,00;0,00;0,21;0,00;0,00;145;177;157;10;34;875;132
9242;17,24;-535,20;0,00;0,00;0,00;-0,54;0,00;0,00;14;49;24;39;39;748;171
9243;13,82;-510,06;0,00;0,00;0,00;-0,51;0,00;0,00;259;101;185;41;28;577;381
9244;58,38;-99,12;0,00;0,00;0,00;-0,10;0,00;0,00;489;131;166;36;16;914;137
9245;29,01;-422,82;0,00;0,00;0,00;-0,42;0,00;0,00;256;153;181;10;15;732;383
9246;93,63;359,09;0,00;0,00;0,00;0,36;0,00;0,00;487;19;111;24;27;309;224
9247;26,14;-482,45;0,00;0,00;0,00;-0,48;0,00;0,00;40;94;148;11;37;545;416
9248;37,69;-258,28;0,00;0,00;0,00;-0,26;0,00;0,00;44;136;105;20;26;489;173
9249;11,90;-536,36;0,00;0,00;0,00;-0,54;0,00;0,00;141;113;122;18;31;347;757
9250;35,94;-303,97;0,00;0,00;0,00;-0,30;0,00;0,00;260;160;54;28;16;490;544
9251;66,33;44,65;0,00;0,00;0,00;0,04;0,00;0,00;14;142;106;26;33;518;164
9252;36,68;-300,30;0,00;0,00;0,00;-0,30;0,00;0,00;49;23;142;18;23;138;385
9253;32,67;-352,36;0,00;0,00;0,00;-0,35;0,00;0,00;422;128;17;23;26;305;165
9254;18,47;-475,13;0,00;0,00;0,00;-0,48;0,00;0,00;120;46;57;13;23;892;997
9255;39,51;-334,96;0,00;0,00;0,00;-0,33;0,00;0,00;324;104;159;10;35;115;132
9256;63,76;-32,99;0,00;0,00;0,00;-0,03;0,00;0,00;67;53;166;37;30;320;850
9257;53,81;-131,23;0,00;0,00;0,00;-0,13;0,00;0,00;196;173;89;36;33;338;835
9258;58,59;-144,37;0,00;0,00;0,00;-0,14;0,00;0,00;274;175;101;47;28;640;560
9259;47,24;-199,00;0,00;0,00;0,00;-0,20;0,00;0,00;93;62;186;27;18;850;467
9260;42,21;-224,92;0,00;0,00;0,00;-0,22;0,00;0,00;171;195;197;38;36;407;141
9261;32,76;-328,64;0,00;0,00;0,00;-0,33;0,00;0,00;207;120;134;48;20;447;867
9262;27,17;-412,99;0,00;0,00;0,00;-0,41;0,00;0,00;152;191;50;44;36;632;166
9263;16,85;-520,69;0,00;0,00;0,00;-0,52;0,00;0,00;42;45;134;10;38;235;341
9264;73,31;-22,83;0,00;0,00;0,00;-0,02;0,00;0,00;81;56;131;11;16;540;472
9265;23,57;-382,75;0,00;0,00;0,00;-0,38;0,00;0,00;388;80;23;24;19;596;813
9266;59,34;-104,23;0,00;0,00;0,00;-0,10;0,00;0,00;63;195;154;26;21;883;871
9267;62,45;-21,72;0,00;0,00;0,00;-0,02;0,00;0,00;104;40;98;23;28;287;299
9268;18,93;-476,15;0,00;0,00;0,00;-0,48;0,00;0,00;338;14;166;29;24;720;467
9269;32,51;-415,52;0,00;0,00;0,00;-0,42;0,00;0,00;183;194;49;22;27;217;729
9270;28,47;-420,64;0,00;0,00;0,00;-0,42;0,00;0,00;156;134;106;16;21;683;193
9271;59,28;-63,46;0,00;0,00;0,00;-0,06;0,00;0,00;80;165;172;35;24;696;960
9272;56,31;-130,08;0,00;0,00;0,00;-0,13;0,00;0,00;353;89;99;21;27;599;630
9273;31,17;-337,16;0,00;0,00;0,00;-0,34;0,00;0,00;30;52;180;28;22;660;986
9274;66,53;6,22;0,00;0,00;0,00;0,01;0,00;0,00;182;109;83;15;15;990;873
9275;35,94;-310,66;0,00;0,00;0,00;-0,31;0,00;0,00;184;27;155;33;24;454;400
9276;21,63;-493,39;0,00;0,00;0,00;-0,49;0,00;0,00;450;119;97;47;16;593;223
9277;64,42;65,26;0,00;0,00;0,00;0,07;0,00;0,00;227;37;72;25;31;553;976
9278;9,97;-662,35;0,00;0,00;0,00;-0,66;0,00;0,00;23;177;144;11;34;326;732
9279;21,18;-469,66;0,00;0,00;0,00;-0,47;0,00;0,00;399;110;132;34;30;698;958
9280;89,88;147,97;0,00;0,00;0,00;0,15;0,00;0,00;53;91;23;17;30;481;566
9281;82,04;192,11;0,00;0,00;0,00;0,19;0,00;0,00;227;160;42;29;38;719;322
9282;63,54;-7,85;0,00;0,00;0,00;-0,01;0,00;0,00;396;163;163;11;19;884;638
9283;73,21;-127,04;0,00;0,00;0,00;-0,13;0,00;0,00;404;113;180;45;20;872;584
9284;62,28;-110,77;0,00;0,00;0,00;-0,11;0,00;0,00;318;147;40;23;33;248;448
9285;60,82;-84,48;0,00;0,00;0,00;-0,08;0,00;0,00;92;159;138;13;20;194;893
9286;65,74;16,99;0,00;0,00;0,00;0,02;0,00;0,00;430;88;56;14;37;709;751
9287;78,92;134,23;0,00;0,00;0,00;0,13;0,00;0,00;287;114;153;10;37;686;455
9288;75,57;13,12;0,00;0,00;0,00;0,01;0,00;0,00;74;13;165;10;39;313;702
9289;13,92;-588,55;0,00;0,00;0,00;-0,59;0,00;0,00;362;199;126;25;26;605;449
9290;49,03;-186,48;0,00;0,00;0,00;-0,19;0,00;0,00;430;167;133;36;35;705;880
9291;96,32;129,60;0,00;0,00;0,00;0,13;0,00;0,00;385;22;118;24;18;194;574
9292;32,03;-342,46;0,00;0,00;0,00;-0,34;0,00;0,00;53;122;138;28;33;967;391
9293;10,80;-612,76;0,00;0,00;0,00;-0,61;0,00;0,00;172;162;163;41;33;115;308
9294;42,22;-278,78;0,00;0,00;0,00;-0,28;0,00;0,00;16;137;171;27;20;942;175
9295;74,01;82,10;0,00;0,00;0,00;0,08;0,00;0,00;23;116;172;21;24;284;750
9296;0,00;-729,35;0,00;0,00;0,00;-0,73;0,00;0,00;121;177;61;29;28;783;751
9297;33,99;-442,93;0,00;0,00;0,00;-0,44;0,00;0,00;135;55;121;28;15;924;651
9298;22,05;-536,24;0,00;0,00;0,00;-0,54;0,00;0,00;71;186;61;37;28;995;858
9299;23,18;-405,35;0,00;0,00;0,00;-0,41;0,00;0,00;42;36;31;21;37;489;979
9300;39,79;-252,31;0,00;0,00;0,00;-0,25;0,00;0,00;36;167;118;10;16;380;801
9301;34,66;-392,04;0,00;0,00;0,00;-0,39;0,00;0,00;146;51;140;26;29;844;838
9302;61,95;-135,65;0,00;0,00;0,00;-0,14;0,00;0,00;142;62;189;26;22;344;490
9303;41,89;-209,36;0,00;0,00;0,00;-0,21;0,00;0,00;172;101;47;42;24;986;247
9304;40,42;-291,62;0,00;0,00;0,00;-0,29;0,00;0,00;491;172;11;20;36;673;252
9305;0,00;-689,50;0,00;0,00;0,00;-0,69;0,00;0,00;183;193;128;25;34;413;499
9306;51,90;-272,66;0,00;0,00;0,00;-0,27;0,00;0,00;84;189;18;33;35;242;727
9307;76,78;80,88;0,00;0,00;0,00;0,08;0,00;0,00;394;84;102;44;32;676;297
9308;34,96;-298,39;0,00;0,00;0,00;-0,30;0,00;0,00;302;167;109;23;16;659;465
9309;9,97;-619,64;0,00;0,00;0,00;-0,62;0,00;0,00;102;24;113;48;21;700;161
9310;24,70;-414,09;0,00;0,00;0,00;-0,41;0,00;0,00;456;171;110;31;27;717;815
9311;0,00;-745,30;0,00;0,00;0,00;-0,75;0,00;0,00;85;165;47;21;27;423;600
9312;56,20;-167,14;0,00;0,00;0,00;-0,17;0,00;0,00;400;132;174;40;19;803;435
9313;13,08;-535,02;0,00;0,00;0,00;-0,54;0,00;0,00;439;165;57;34;32;121;828
9314;31,48;-435,15;0,00;0,00;0,00;-0,44;0,00;0,00;389;197;197;48;19;333;602
9315;32,24;-339,36;0,00;0,00;0,00;-0,34;0,00;0,00;61;68;198;29;36;279;401
9316;46,56;-283,75;0,00;0,00;0,00;-0,28;0,00;0,00;335;113;162;14;36;757;891
9317;65,05;-3,36;0,00;0,00;0,00;-0,00;0,00;0,00;393;145;50;17;30;866;804
9318;22,77;-469,66;0,00;0,00;0,00;-0,47;0,00;0,00;197;180;65;25;22;151;320
9319;49,59;-306,65;0,00;0,00;0,00;-0,31;0,00;0,00;257;54;193;19;36;843;262
9320;59,62;-141,11;0,00;0,00;0,00;-0,14;0,00;0,00;208;65;82;14;22;822;915
9321;17,47;-596,06;0,00;0,00;0,00;-0,60;0,00;0,00;494;86;39;27;39;320;172
9322;57,07;-64,47;0,00;0,00;0,00;-0,06;0,00;0,00;14;52;67;11;25;280;451
9323;95,42;235,51;0,00;0,00;0,00;0,24;0,00;0,00;59;181;109;18;25;418;962
9324;10,84;-524,08;0,00;0,00;0,00;-0,52;0,00;0,00;499;189;47;25;37;149;668
9325;67,15;-2,68;0,00;0,00;0,00;-0,00;0,00;0,00;69;153;114;40;39;983;334
9326;54,98;-105,88;0,00;0,00;0,00;-0,11;0,00;0,00;316;62;75;33;33;623;602
9327;35,18;-344,70;0,00;0,00;0,00;-0,34;0,00;0,00;69;27;18;12;24;569;540
9328;11,98;-581,16;0,00;0,00;0,00;-0,58;0,00;0,00;327;40;76;48;20;692;557
9329;74,96;52,40;0,00;0,00;0,00;0,05;0,00;0,00;382;137;117;35;24;220;314
9330;40,45;-303,82;0,00;0,00;0,00;-0,30;0,00;0,00;240;115;176;10;27;373;105
9331;42,66;-246,36;0,00;0,00;0,00;-0,25;0,00;0,00;412;95;22;10;25;102;463
9332;40,30;-237,61;0,00;0,00;0,00;-0,24;0,00;0,00;40;37;109;47;35;800;203
9333;54,48;-134,46;0,00;0,00;0,00;-0,13;0,00;0,00;308;110;196;23;34;771;610
9334;31,65;-391,32;0,00;0,00;0,00;-0,39;0,00;0,00;160;133;82;32;32;686;886
9335;57,86;-148,24;0,00;0,00;0,00;-0,15;0,00;0,00;47;104;119;33;30;288;367
9336;52,37;-147,23;0,00;0,00;0,00;-0,15;0,00;0,00;151;40;80;49;37;967;871
9337;37,79;-320,41;0,00;0,00;0,00;-0,32;0,00;0,00;67;100;140;25;15;384;916
9338;62,24;-49,23;0,00;0,00;0,00;-0,05;0,00;0,00;106;57;71;19;17;726;376
9339;74,19;-15,89;0,00;0,00;0,00;-0,02;0,00;0,00;51;90;172;37;32;661;739
9340;100,00;346,04;0,00;0,00;0,00;0,35;0,00;0,00;333;47;194;22;28;458;398
9341;80,85;19,88;0,00;0,00;0,00;0,02;0,00;0,00;366;67;107;26;24;223;392
9342;18,65;-519,48;0,00;0,00;0,00;-0,52;0,00;0,00;275;76;94;32;31;511;334
9343;65,86;42,15;0,00;0,00;0,00;0,04;0,00;0,00;20;122;138;30;36;610;793
9344;100,00;262,31;0,00;0,00;0,00;0,26;0,00;0,00;116;82;111;27;38;236;837
9345;76,84;65,23;0,00;0,00;0,00;0,07;0,00;0,00;196;74;51;45;30;411;168
9346;43,86;-252,65;0,00;0,00;0,00;-0,25;0,00;0,00;365;47;129;32;16;857;261
9347;68,72;-43,03;0,00;0,00;0,00;-0,04;0,00;0,00;160;199;12;49;17;394;718
9348;26,35;-408,53;0,00;0,00;0,00;-0,41;0,00;0,00;242;151;95;36;16;507;323
9349;36,90;-200,88;0,00;0,00;0,00;-0,20;0,00;0,00;415;127;171;18;16;206;401
9350;83,41;167,01;0,00;0,00;0,00;0,17;0,00;0,00;167;73;162;34;21;632;852
9351;89,81;103,02;0,00;0,00;0,00;0,10;0,00;0,00;254;59;84;42;25;617;734
9352;30,71;-408,42;0,00;0,00;0,00;-0,41;0,00;0,00;438;160;33;46;26;397;128
9353;61,84;-122,39;0,00;0,00;0,00;-0,12;0,00;0,00;149;75;64;32;20;340;115
9354;38,12;-400,70;0,00;0,00;0,00;-0,40;0,00;0,00;239;110;34;49;30;164;393
9355;16,04;-538,69;0,00;0,00;0,00;-0,54;0,00;0,00;381;17;120;45;25;895;524
9356;51,25;-173,49;0,00;0,00;0,00;-0,17;0,00;0,00;10;125;155;31;19;232;573
9357;24,64;-430,74;0,00;0,00;0,00;-0,43;0,00;0,00;190;55;176;49;32;891;583
9358;60,44;-31,47;0,00;0,00;0,00;-0,03;0,00;0,00;396;131;152;12;39;513;954
9359;32,07;-320,22;0,00;0,00;0,00;-0,32;0,00;0,00;203;134;197;22;19;652;108
9360;81,64;123,55;0,00;0,00;0,00;0,12;0,00;0,00;425;199;134;19;17;212;596
9361;46,86;-226,56;0,00;0,00;0,00;-0,23;0,00;0,00;256;120;132;26;33;390;103
9362;69,64;-38,99;0,00;0,00;0,00;-0,04;0,00;0,00;51;86;70;17;15;773;606
9363;72,05;76,57;0,00;0,00;0,00;0,08;0,00;0,00;89;39;105;32;32;878;520
9364;48,93;-209,45;0,00;0,00;0,00;-0,21;0,00;0,00;336;153;30;22;33;831;886
9365;100,00;286,24;0,00;0,00;0,00;0,29;0,00;0,00;77;171;199;36;35;149;265
9366;57,50;-192,41;0,00;0,00;0,00;-0,19;0,00;0,00;359;156;146;38;20;986;775
9367;49,24;-279,73;0,00;0,00;0,00;-0,28;0,00;0,00;213;109;15;34;34;652;539
9368;3,68;-735,75;0,00;0,00;0,00;-0,74;0,00;0,00;485;190;199;32;26;381;514
9369;88,81;179,70;0,00;0,00;0,00;0,18;0,00;0,00;363;14;76;20;16;114;133
9370;48,11;-253,58;0,00;0,00;0,00;-0,25;0,00;0,00;307;195;169;13;37;465;228
9371;20,90;-459,89;0,00;0,00;0,00;-0,46;0,00;0,00;187;18;40;36;16;374;981
9372;100,00;336,29;0,00;0,00;0,00;0,34;0,00;0,00;171;106;35;12;20;638;992
9373;85,13;212,14;0,00;0,00;0,00;0,21;0,00;0,00;442;57;36;29;24;342;571
9374;85,57;118,01;0,00;0,00;0,00;0,12;0,00;0,00;381;58;19;12;26;660;669
9375;74,55;41,91;0,00;0,00;0,00;0,04;0,00;0,00;284;10;153;46;26;558;957
9376;71,09;8,85;0,00;0,00;0,00;0,01;0,00;0,00;74;79;52;42;26;581;802
9377;36,63;-340,58;0,00;0,00;0,00;-0,34;0,00;0,00;388;64;32;16;16;114;777
9378;78,99;69,49;0,00;0,00;0,00;0,07;0,00;0,00;33;132;91;24;30;298;430
9379;57,02;-125,79;0,00;0,00;0,00;-0,13;0,00;0,00;67;172;86;45;31;338;807
9380;41,78;-260,26;0,00;0,00;0,00;-0,26;0,00;0,00;79;146;183;44;26;235;763
9381;62,00;-43,91;0,00;0,00;0,00;-0,04;0,00;0,00;331;63;182;39;31;666;619
9382;44,67;-298,29;0,00;0,00;0,00;-0,30;0,00;0,00;447;85;119;13;22;684;721
9383;17,88;-515,56;0,00;0,00;0,00;-0,52;0,00;0,00;444;25;176;19;34;163;486
9384;53,65;-139,35;0,00;0,00;0,00;-0,14;0,00;0,00;59;154;16;21;24;586;651
9385;30,90;-227,99;0,00;0,00;0,00;-0,23;0,00;0,00;455;136;111;40;21;875;493
9386;67,64;-10,93;0,00;0,00;0,00;-0,01;0,00;0,00;192;177;26;31;22;349;914
9387;48,42;-235,87;0,00;0,00;0,00;-0,24;0,00;0,00;113;153;36;20;22;682;312
9388;15,00;-455,70;0,00;0,00;0,00;-0,46;0,00;0,00;205;11;143;27;26;609;679
9389;100,00;291,30;0,00;0,00;0,00;0,29;0,00;0,00;106;30;31;28;36;402;718
9390;57,28;-73,87;0,00;0,00;0,00;-0,07;0,00;0,00;433;95;179;33;36;732;284
9391;32,94;-351,16;0,00;0,00;0,00;-0,35;0,00;0,00;151;193;14;30;15;476;751
9392;69,87;78,76;0,00;0,00;0,00;0,08;0,00;0,00;226;193;103;10;20;211;750
9393;46,64;-272,41;0,00;0,00;0,00;-0,27;0,00;0,00;219;42;130;18;37;406;941
9394;41,77;-326,04;0,00;0,00;0,00;-0,33;0,00;0,00;419;64;25;19;35;149;452
9395;65,20;-97,39;0,00;0,00;0,00;-0,10;0,00;0,00;446;54;167;48;38;922;159
9396;40,57;-213,09;0,00;0,00;0,00;-0,21;0,00;0,00;40;173;184;16;38;224;121
9397;22,73;-496,00;0,00;0,00;0,00;-0,50;0,00;0,00;94;198;96;39;17;420;940
9398;67,71;-0,60;0,00;0,00;0,00;-0,00;0,00;0,00;465;155;143;22;39;452;524
9399;22,98;-452,38;0,00;0,00;0,00;-0,45;0,00;0,00;123;101;151;46;38;356;136
9400;24,50;-377,63;0,00;0,00;0,00;-0,38;0,00;0,00;309;179;98;20;25;431;323
9401;45,49;-159,32;0,00;0,00;0,00;-0,16;0,00;0,00;404;174;172;18;28;113;720
9402;48,07;-294,35;0,00;0,00;0,00;-0,29;0,00;0,00;357;70;104;40;33;634;580
9403;100,00;357,18;0,00;0,00;0,00;0,36;0,00;0,00;86;164;40;20;35;699;147
9404;63,44;-98,38;0,00;0,00;0,00;-0,10;0,00;0,00;347;187;84;38;36;353;338
9405;58,60;-113,58;0,00;0,00;0,00;-0,11;0,00;0,00;309;110;51;38;30;781;493
9406;31,97;-353,74;0,00;0,00;0,00;-0,35;0,00;0,00;53;142;133;25;36;149;346
9407;64,02;-27,30;0,00;0,00;0,00;-0,03;0,00;0,00;84;127;147;44;15;831;445
9408;40,81;-305,02;0,00;0,00;0,00;-0,31;0,00;0,00;186;118;177;39;15;688;667
9409;71,98;20,54;0,00;0,00;0,00;0,02;0,00;0,00;377;124;177;35;30;745;676
9410;52,75;-159,22;0,00;0,00;0,00;-0,16;0,00;0,00;396;167;18;13;16;332;669
9411;62,09;-136,93;0,00;0,00;0,00;-0,14;0,00;0,00;131;138;31;25;39;729;517
9412;60,50;-161,47;0,00;0,00;0,00;-0,16;0,00;0,00;22;130;25;47;27;894;217
9413;64,43;-83,47;0,00;0,00;0,00;-0,08;0,00;0,00;351;199;48;28;16;760;102
9414;17,88;-558,25;0,00;0,00;0,00;-0,56;0,00;0,00;94;106;114;36;34;553;623
9415;9,73;-606,46;0,00;0,00;0,00;-0,61;0,00;0,00;13;53;101;22;25;459;542
9416;8,77;-548,87;0,00;0,00;0,00;-0,55;0,00;0,00;81;139;123;15;31;501;988
9417;45,61;-237,38;0,00;0,00;0,00;-0,24;0,00;0,00;257;54;39;12;19;280;144
9418;28,23;-449,79;0,00;0,00;0,00;-0,45;0,00;0,00;131;175;47;19;25;298;230
9419;52,53;-66,97;0,00;0,00;0,00;-0,07;0,00;0,00;47;151;163;38;30;867;543
9420;48,59;-190,05;0,00;0,00;0,00;-0,19;0,00;0,00;310;59;17;17;30;929;624
9421;43,24;-177,08;0,00;0,00;0,00;-0,18;0,00;0,00;170;68;124;26;30;599;242
9422;73,13;-6,93;0,00;0,00;0,00;-0,01;0,00;0,00;125;139;150;37;27;634;603
9423;63,24;-160,85;0,00;0,00;0,00;-0,16;0,00;0,00;13;127;88;27;20;168;149
9424;24,20;-488,40;0,00;0,00;0,00;-0,49;0,00;0,00;202;37;49;18;20;651;376
9425;0,00;-655,85;0,00;0,00;0,00;-0,66;0,00;0,00;189;192;195;16;33;955;715
9426;22,89;-456,61;0,00;0,00;0,00;-0,46;0,00;0,00;224;112;16;47;16;710;332
9427;52,06;-186,61;0,00;0,00;0,00;-0,19;0,00;0,00;408;77;17;42;21;898;238
9428;95,51;275,69;0,00;0,00;0,00;0,28;0,00;0,00;114;49;114;29;15;196;203
9429;60,29;-151,53;0,00;0,00;0,00;-0,15;0,00;0,00;404;90;188;13;27;115;144
9430;67,47;-1,25;0,00;0,00;0,00;-0,00;0,00;0,00;160;51;183;13;23;877;522
9431;66,75;-32,35;0,00;0,00;0,00;-0,03;0,00;0,00;188;171;86;36;23;192;763
9432;65,90;-104,12;0,00;0,00;0,00;-0,10;0,00;0,00;243;41;184;28;19;769;464
9433;68,14;-42,20;0,00;0,00;0,00;-0,04;0,00;0,00;459;20;139;27;25;522;449
9434;60,94;-145,88;0,00;0,00;0,00;-0,15;0,00;0,00;417;12;138;32;35;803;265
9435;53,25;-107,74;0,00;0,00;0,00;-0,11;0,00;0,00;286;109;99;48;24;659;883
9436;10,00;-499,36;0,00;0,00;0,00;-0,50;0,00;0,00;168;141;34;26;21;257;268
9437;61,75;-122,12;0,00;0,00;0,00;-0,12;0,00;0,00;344;25;26;39;15;694;919
9438;55,81;-167,78;0,00;0,00;0,00;-0,17;0,00;0,00;168;44;48;31;15;797;213
9439;21,53;-458,87;0,00;0,00;0,00;-0,46;0,00;0,00;307;102;160;49;38;292;670
9440;71,30;45,12;0,00;0,00;0,00;0,05;0,00;0,00;488;135;52;34;16;428;515
9441;77,22;-43,91;0,00;0,00;0,00;-0,04;0,00;0,00;164;28;99;37;37;251;698
9442;77,51;134,99;0,00;0,00;0,00;0,13;0,00;0,00;306;76;128;49;23;153;600
9443;50,64;-243,23;0,00;0,00;0,00;-0,24;0,00;0,00;204;123;106;34;39;273;999
9444;44,18;-291,48;0,00;0,00;0,00;-0,29;0,00;0,00;395;195;148;39;18;481;157
9445;8,30;-596,61;0,00;0,00;0,00;-0,60;0,00;0,00;38;164;150;45;27;207;751
9446;40,99;-320,13;0,00;0,00;0,00;-0,32;0,00;0,00;349;10;188;49;34;109;309
9447;41,47;-316,78;0,00;0,00;0,00;-0,32;0,00;0,00;348;88;199;42;31;456;675
9448;0,00;-708,78;0,00;0,00;0,00;-0,71;0,00;0,00;274;192;71;11;28;182;533
9449;69,83;-43,84;0,00;0,00;0,00;-0,04;0,00;0,00;395;162;81;27;37;139;409
9450;86,93;152,84;0,00;0,00;0,00;0,15;0,00;0,00;474;75;79;23;25;225;624
9451;72,84;-19,23;0,00;0,00;0,00;-0,02;0,00;0,00;317;106;27;31;20;286;677
9452;53,29;-112,30;0,00;0,00;0,00;-0,11;0,00;0,00;155;64;155;16;31;915;735
9453;16,86;-533,30;0,00;0,00;0,00;-0,53;0,00;0,00;310;113;172;11;35;950;935
9454;56,64;-154,63;0,00;0,00;0,00;-0,15;0,00;0,00;184;184;98;17;25;869;728
9455;68,96;42,79;0,00;0,00;0,00;0,04;0,00;0,00;40;60;99;37;33;932;403
9456;66,87;1,38;0,00;0,00;0,00;0,00;0,00;0,00;217;130;72;26;37;920;586
9457;0,00;-681,00;0,00;0,00;0,00;-0,68;0,00;0,00;431;199;194;37;38;618;175
9458;21,34;-549,01;0,00;0,00;0,00;-0,55;0,00;0,00;227;121;63;38;19;583;825
9459;80,45;36,48;0,00;0,00;0,00;0,04;0,00;0,00;333;40;186;13;30;482;284
9460;53,18;-165,98;0,00;0,00;0,00;-0,17;0,00;0,00;186;169;32;25;15;424;254
9461;54,81;-171,91;0,00;0,00;0,00;-0,17;0,00;0,00;169;134;44;14;17;656;614
9462;41,25;-274,41;0,00;0,00;0,00;-0,27;0,00;0,00;108;162;169;22;33;853;318
9463;62,99;-23,22;0,00;0,00;0,00;-0,02;0,00;0,00;420;144;61;14;29;783;204
9464;28,75;-431,05;0,00;0,00;0,00;-0,43;0,00;0,00;263;163;95;42;24;353;118
9465;51,53;-236,91;0,00;0,00;0,00;-0,24;0,00;0,00;317;119;26;42;19;398;685
9466;73,07;76,32;0,00;0,00;0,00;0,08;0,00;0,00;180;164;113;25;23;334;440
9467;100,00;259,53;0,00;0,00;0,00;0,26;0,00;0,00;99;66;36;44;39;248;594
9468;56,77;-98,25;0,00;0,00;0,00;-0,10;0,00;0,00;202;10;56;47;19;801;421
9469;57,22;-182,86;0,00;0,00;0,00;-0,18;0,00;0,00;36;157;56;45;15;816;983
9470;56,46;-53,37;0,00;0,00;0,00;-0,05;0,00;0,00;374;40;134;40;35;226;563
9471;31,81;-396,28;0,00;0,00;0,00;-0,40;0,00;0,00;112;118;110;30;30;670;293
9472;50,29;-170,32;0,00;0,00;0,00;-0,17;0,00;0,00;69;119;149;29;21;930;243
9473;21,06;-370,07;0,00;0,00;0,00;-0,37;0,00;0,00;355;183;185;36;32;606;795
9474;49,43;-299,31;0,00;0,00;0,00;-0,30;0,00;0,00;204;160;77;49;22;777;332
9475;62,07;-14,20;0,00;0,00;0,00;-0,01;0,00;0,00;250;104;59;39;20;182;814
9476;42,45;-259,19;0,00;0,00;0,00;-0,26;0,00;0,00;422;107;142;13;25;299;888
9477;31,45;-389,53;0,00;0,00;0,00;-0,39;0,00;0,00;241;128;161;38;32;385;578
9478;77,01;44,52;0,00;0,00;0,00;0,04;0,00;0,00;322;96;65;10;27;992;724
9479;52,99;-134,29;0,00;0,00;0,00;-0,13;0,00;0,00;402;58;82;20;18;603;452
9480;31,99;-302,21;0,00;0,00;0,00;-0,30;0,00;0,00;86;26;140;15;19;894;602
9481;43,29;-276,51;0,00;0,00;0,00;-0,28;0,00;0,00;182;35;36;49;33;724;871
9482;63,50;-33,73;0,00;0,00;0,00;-0,03;0,00;0,00;119;130;70;41;18;904;646
9483;37,01;-297,38;0,00;0,00;0,00;-0,30;0,00;0,00;444;21;175;46;28;952;804
9484;53,51;-221,16;0,00;0,00;0,00;-0,22;0,00;0,00;179;84;103;12;18;161;519
9485;68,08;-3,78;0,00;0,00;0,00;-0,00;0,00;0,00;132;90;41;48;15;235;512
9486;40,11;-354,28;0,00;0,00;0,00;-0,35;0,00;0,00;339;132;125;16;18;901;829
9487;44,55;-228,48;0,00;0,00;0,00;-0,23;0,00;0,00;454;19;182;43;19;453;750
9488;52,36;-185,83;0,00;0,00;0,00;-0,19;0,00;0,00;317;70;72;34;27;537;424
9489;0,00;-702,28;0,00;0,00;0,00;-0,70;0,00;0,00;305;80;142;30;19;190;736
9490;42,05;-297,72;0,00;0,00;0,00;-0,30;0,00;0,00;420;105;77;22;18;531;673
9491;88,91;204,82;0,00;0,00;0,00;0,20;0,00;0,00;165;96;41;21;15;177;149
9492;50,32;-157,59;0,00;0,00;0,00;-0,16;0,00;0,00;273;72;117;41;31;994;238
9493;90,43;242,15;0,00;0,00;0,00;0,24;0,00;0,00;430;175;71;15;24;637;663
9494;42,86;-264,11;0,00;0,00;0,00;-0,26;0,00;0,00;191;158;75;32;17;776;230
9495;81,47;140,81;0,00;0,00;0,00;0,14;0,00;0,00;478;37;166;42;18;447;211
9496;72,59;59,84;0,00;0,00;0,00;0,06;0,00;0,00;239;172;179;28;19;220;235
9497;32,44;-399,88;0,00;0,00;0,00;-0,40;0,00;0,00;329;150;146;19;16;550;634
9498;56,30;-177,25;0,00;0,00;0,00;-0,18;0,00;0,00;327;159;117;47;36;512;540
9499;22,09;-398,00;0,00;0,00;0,00;-0,40;0,00;0,00;350;128;143;17;33;212;289
9500;52,70;-132,39;0,00;0,00;0,00;-0,13;0,00;0,00;339;47;162;29;34;593;113
9501;38,62;-302,44;0,00;0,00;0,00;-0,30;0,00;0,00;72;110;113;45;33;139;817
9502;37,31;-389,32;0,00;0,00;0,00;-0,39;0,00;0,00;125;123;57;44;20;874;804
9503;53,40;-185,35;0,00;0,00;0,00;-0,19;0,00;0,00;304;106;40;22;24;917;430
9504;16,41;-507,55;0,00;0,00;0,00;-0,51;0,00;0,00;423;32;145;37;38;307;690
9505;31,43;-358,59;0,00;0,00;0,00;-0,36;0,00;0,00;388;88;45;44;22;773;868
9506;85,27;162,96;0,00;0,00;0,00;0,16;0,00;0,00;332;136;141;43;19;910;854
9507;52,10;-155,72;0,00;0,00;0,00;-0,16;0,00;0,00;110;135;97;29;39;660;675
9508;36,64;-439,28;0,00;0,00;0,00;-0,44;0,00;0,00;126;91;149;46;35;959;748
9509;72,01;0,39;0,00;0,00;0,00;0,00;0,00;0,00;107;119;160;12;24;749;417
9510;30,26;-335,05;0,00;0,00;0,00;-0,34;0,00;0,00;316;182;174;17;28;126;972
9511;33,19;-405,03;0,00;0,00;0,00;-0,41;0,00;0,00;171;118;155;17;34;115;181
9512;35,35;-344,74;0,00;0,00;0,00;-0,34;0,00;0,00;243;184;175;22;24;781;103
9513;68,39;-60,40;0,00;0,00;0,00;-0,06;0,00;0,00;318;150;191;35;29;533;223
9514;6,30;-723,91;0,00;0,00;0,00;-0,72;0,00;0,00;480;44;158;37;39;714;523
9515;14,04;-695,61;0,00;0,00;0,00;-0,70;0,00;0,00;33;70;88;31;20;644;188
9516;10,07;-641,17;0,00;0,00;0,00;-0,64;0,00;0,00;442;52;125;25;38;336;551
9517;25,51;-469,94;0,00;0,00;0,00;-0,47;0,00;0,00;291;122;82;29;39;320;719
9518;19,27;-521,64;0,00;0,00;0,00;-0,52;0,00;0,00;161;94;185;28;16;269;786
9519;73,41;41,08;0,00;0,00;0,00;0,04;0,00;0,00;206;71;154;41;38;963;818
9520;44,30;-319,59;0,00;0,00;0,00;-0,32;0,00;0,00;166;89;75;13;17;167;604
9521;0,00;-744,69;0,00;0,00;0,00;-0,74;0,00;0,00;381;11;18;44;15;662;123
9522;21,07;-511,99;0,00;0,00;0,00;-0,51;0,00;0,00;161;172;127;29;31;856;227
9523;18,20;-471,65;0,00;0,00;0,00;-0,47;0,00;0,00;304;117;103;38;17;533;343
9524;40,97;-350,39;0,00;0,00;0,00;-0,35;0,00;0,00;133;188;28;26;15;938;690
9525;50,23;-251,06;0,00;0,00;0,00;-0,25;0,00;0,00;454;194;49;26;19;897;365
9526;15,68;-607,33;0,00;0,00;0,00;-0,61;0,00;0,00;396;15;106;33;33;872;994
9527;92,19;255,10;0,00;0,00;0,00;0,26;0,00;0,00;483;28;128;38;20;585;959
9528;23,50;-498,39;0,00;0,00;0,00;-0,50;0,00;0,00;475;61;178;25;32;236;639
9529;43,03;-346,40;0,00;0,00;0,00;-0,35;0,00;0,00;140;189;34;13;26;653;987
9530;60,76;-37,89;0,00;0,00;0,00;-0,04;0,00;0,00;430;87;165;30;20;384;999
9531;43,36;-289,49;0,00;0,00;0,00;-0,29;0,00;0,00;234;157;175;43;15;976;106
9532;24,25;-406,30;0,00;0,00;0,00;-0,41;0,00;0,00;224;123;168;22;23;967;526
9533;68,86;-22,72;0,00;0,00;0,00;-0,02;0,00;0,00;282;117;129;48;26;766;369
9534;53,94;-201,50;0,00;0,00;0,00;-0,20;0,00;0,00;386;178;164;24;27;660;882
9535;22,09;-484,81;0,00;0,00;0,00;-0,48;0,00;0,00;431;35;193;15;24;728;463
9536;60,81;-71,51;0,00;0,00;0,00;-0,07;0,00;0,00;220;18;169;24;25;254;269
9537;56,44;-161,70;0,00;0,00;0,00;-0,16;0,00;0,00;106;53;156;28;31;551;204
9538;87,48;269,56;0,00;0,00;0,00;0,27;0,00;0,00;287;60;133;47;27;460;264
9539;34,05;-367,40;0,00;0,00;0,00;-0,37;0,00;0,00;280;90;52;12;38;312;202
9540;30,21;-452,81;0,00;0,00;0,00;-0,45;0,00;0,00;249;163;116;37;15;473;806
9541;24,14;-429,40;0,00;0,00;0,00;-0,43;0,00;0,00;499;102;144;10;35;154;683
9542;27,04;-465,42;0,00;0,00;0,00;-0,47;0,00;0,00;355;73;135;27;26;621;605
9543;69,12;-6,49;0,00;0,00;0,00;-0,01;0,00;0,00;254;36;41;12;22;381;773
9544;45,15;-275,37;0,00;0,00;0,00;-0,28;0,00;0,00;386;162;82;13;18;426;474
9545;70,03;5,81;0,00;0,00;0,00;0,01;0,00;0,00;382;132;135;37;16;307;405
9546;27,22;-418,91;0,00;0,00;0,00;-0,42;0,00;0,00;235;34;72;46;29;157;694
9547;61,97;-150,42;0,00;0,00;0,00;-0,15;0,00;0,00;320;155;76;34;15;302;266
9548;26,02;-486,27;0,00;0,00;0,00;-0,49;0,00;0,00;408;114;114;42;37;848;754
9549;100,00;347,87;0,00;0,00;0,00;0,35;0,00;0,00;480;60;111;49;38;531;159
9550;29,32;-411,90;0,00;0,00;0,00;-0,41;0,00;0,00;19;190;14;10;20;540;183
9551;76,14;92,52;0,00;0,00;0,00;0,09;0,00;0,00;320;29;12;25;24;971;714
9552;44,83;-175,55;0,00;0,00;0,00;-0,18;0,00;0,00;240;172;176;24;37;869;528
9553;25,55;-455,85;0,00;0,00;0,00;-0,46;0,00;0,00;448;192;96;31;25;651;625
9554;42,44;-375,23;0,00;0,00;0,00;-0,38;0,00;0,00;381;24;107;37;17;730;256
9555;26,92;-342,24;0,00;0,00;0,00;-0,34;0,00;0,00;367;192;13;49;21;775;392
9556;99,90;231,91;0,00;0,00;0,00;0,23;0,00;0,00;163;176;55;48;20;611;334
9557;62,10;-115,78;0,00;0,00;0,00;-0,12;0,00;0,00;56;167;114;15;35;998;828
9558;10,24;-615,61;0,00;0,00;0,00;-0,62;0,00;0,00;394;132;182;17;27;658;575
9559;53,58;-91,59;0,00;0,00;0,00;-0,09;0,00;0,00;448;49;150;19;38;777;586
9560;44,61;-199,79;0,00;0,00;0,00;-0,20;0,00;0,00;280;158;161;35;19;602;929
9561;81,32;86,06;0,00;0,00;0,00;0,09;0,00;0,00;468;155;170;27;26;159;224
9562;57,99;-154,85;0,00;0,00;0,00;-0,15;0,00;0,00;401;77;36;30;37;530;223
9563;100,00;380,01;0,00;0,00;0,00;0,38;0,00;0,00;205;162;35;49;32;534;126
9564;22,19;-504,97;0,00;0,00;0,00;-0,50;0,00;0,00;25;20;128;32;33;190;648
9565;65,58;-51,83;0,00;0,00;0,00;-0,05;0,00;0,00;425;66;55;46;15;865;410
9566;6,33;-707,42;0,00;0,00;0,00;-0,71;0,00;0,00;250;152;157;24;24;574;850
9567;72,98;103,85;0,00;0,00;0,00;0,10;0,00;0,00;159;123;192;30;34;493;324
9568;78,42;121,30;0,00;0,00;0,00;0,12;0,00;0,00;250;82;111;49;33;967;272
9569;15,50;-567,67;0,00;0,00;0,00;-0,57;0,00;0,00;280;36;156;18;26;620;710
9570;46,08;-289,09;0,00;0,00;0,00;-0,29;0,00;0,00;64;139;111;11;20;351;884
9571;18,23;-557,51;0,00;0,00;0,00;-0,56;0,00;0,00;397;161;140;35;20;288;551
9572;75,39;30,90;0,00;0,00;0,00;0,03;0,00;0,00;186;26;49;30;18;845;369
9573;13,79;-625,68;0,00;0,00;0,00;-0,63;0,00;0,00;150;167;157;33;28;149;453
9574;55,67;-100,45;0,00;0,00;0,00;-0,10;0,00;0,00;10;42;35;18;38;741;731
9575;29,88;-415,60;0,00;0,00;0,00;-0,42;0,00;0,00;262;126;184;43;28;175;937
9576;47,21;-263,39;0,00;0,00;0,00;-0,26;0,00;0,00;327;153;181;21;15;934;768
9577;10,14;-507,78;0,00;0,00;0,00;-0,51;0,00;0,00;137;163;162;39;37;779;753
9578;85,30;101,16;0,00;0,00;0,00;0,10;0,00;0,00;488;19;54;39;38;450;837
9579;44,53;-300,54;0,00;0,00;0,00;-0,30;0,00;0,00;86;186;26;22;15;132;361
9580;67,71;-69,00;0,00;0,00;0,00;-0,07;0,00;0,00;382;153;152;38;32;879;730
9581;32,74;-351,61;0,00;0,00;0,00;-0,35;0,00;0,00;93;178;154;14;21;699;715
9582;47,36;-241,01;0,00;0,00;0,00;-0,24;0,00;0,00;161;40;163;29;28;750;661
9583;43,20;-233,19;0,00;0,00;0,00;-0,23;0,00;0,00;441;184;79;20;20;743;766
9584;24,38;-493,99;0,00;0,00;0,00;-0,49;0,00;0,00;379;189;144;27;22;114;507
9585;49,61;-253,99;0,00;0,00;0,00;-0,25;0,00;0,00;259;166;131;32;24;595;927
9586;61,44;-128,24;0,00;0,00;0,00;-0,13;0,00;0,00;190;80;182;35;28;259;411
9587;67,25;63,47;0,00;0,00;0,00;0,06;0,00;0,00;331;14;153;32;33;740;909
9588;75,37;51,46;0,00;0,00;0,00;0,05;0,00;0,00;91;132;184;36;28;924;610
9589;12,72;-530,75;0,00;0,00;0,00;-0,53;0,00;0,00;80;123;159;40;36;742;733
9590;70,47;20,59;0,00;0,00;0,00;0,02;0,00;0,00;354;68;140;27;29;509;635
9591;64,53;-45,56;0,00;0,00;0,00;-0,05;0,00;0,00;320;12;77;49;22;225;821
9592;48,05;-268,12;0,00;0,00;0,00;-0,27;0,00;0,00;338;91;111;32;26;881;609
9593;12,27;-639,01;0,00;0,00;0,00;-0,64;0,00;0,00;133;104;109;16;16;694;738
9594;79,50;9,82;0,00;0,00;0,00;0,01;0,00;0,00;388;141;135;20;19;770;248
9595;30,82;-385,84;0,00;0,00;0,00;-0,39;0,00;0,00;229;13;37;17;27;206;894
9596;79,15;123,73;0,00;0,00;0,00;0,12;0,00;0,00;427;45;103;25;28;270;653
9597;47,73;-194,52;0,00;0,00;0,00;-0,19;0,00;0,00;491;74;147;39;24;443;486
9598;52,99;-83,07;0,00;0,00;0,00;-0,08;0,00;0,00;237;19;167;36;23;236;645
9599;87,01;197,76;0,00;0,00;0,00;0,20;0,00;0,00;263;24;18;24;34;970;631
9600;65,48;-17,48;0,00;0,00;0,00;-0,02;0,00;0,00;259;123;117;43;22;164;167
9601;100,00;355,23;0,00;0,00;0,00;0,36;0,00;0,00;355;157;177;35;29;972;873
9602;52,29;-81,14;0,00;0,00;0,00;-0,08;0,00;0,00;472;35;138;25;30;109;706
9603;16,31;-543,47;0,00;0,00;0,00;-0,54;0,00;0,00;234;122;63;30;20;886;528
9604;63,83;-15,59;0,00;0,00;0,00;-0,02;0,00;0,00;253;96;66;15;20;359;220
9605;45,64;-336,09;0,00;0,00;0,00;-0,34;0,00;0,00;349;104;79;31;23;662;621
9606;43,49;-283,08;0,00;0,00;0,00;-0,28;0,00;0,00;24;40;66;45;21;940;101
9607;20,49;-406,75;0,00;0,00;0,00;-0,41;0,00;0,00;169;35;84;18;34;915;442
9608;74,22;37,94;0,00;0,00;0,00;0,04;0,00;0,00;329;139;107;24;37;626;894
9609;42,04;-339,64;0,00;0,00;0,00;-0,34;0,00;0,00;229;162;99;42;18;440;410
9610;61,50;-103,37;0,00;0,00;0,00;-0,10;0,00;0,00;72;146;164;19;30;243;417
9611;49,98;-171,05;0,00;0,00;0,00;-0,17;0,00;0,00;321;185;181;32;20;830;162
9612;24,72;-431,75;0,00;0,00;0,00;-0,43;0,00;0,00;259;47;80;20;16;299;140
9613;34,81;-407,78;0,00;0,00;0,00;-0,41;0,00;0,00;230;65;25;13;19;378;532
9614;37,69;-384,14;0,00;0,00;0,00;-0,38;0,00;0,00;258;32;136;31;17;602;888
9615;60,63;-11,04;0,00;0,00;0,00;-0,01;0,00;0,00;324;110;161;15;25;884;360
9616;41,06;-332,31;0,00;0,00;0,00;-0,33;0,00;0,00;424;41;79;18;36;206;895
9617;18,09;-389,85;0,00;0,00;0,00;-0,39;0,00;0,00;139;113;101;22;22;443;584
9618;35,86;-322,53;0,00;0,00;0,00;-0,32;0,00;0,00;346;104;39;35;25;912;743
9619;54,92;-135,80;0,00;0,00;0,00;-0,14;0,00;0,00;265;50;115;35;27;739;495
9620;26,57;-433,98;0,00;0,00;0,00;-0,43;0,00;0,00;426;34;136;30;30;330;440
9621;40,67;-284,63;0,00;0,00;0,00;-0,28;0,00;0,00;275;13;54;36;32;450;968
9622;50,58;-156,86;0,00;0,00;0,00;-0,16;0,00;0,00;247;135;197;25;37;338;736
9623;29,28;-386,20;0,00;0,00;0,00;-0,39;0,00;0,00;189;130;189;26;19;548;139
9624;65,87;70,27;0,00;0,00;0,00;0,07;0,00;0,00;143;136;161;13;16;350;399
9625;44,10;-278,76;0,00;0,00;0,00;-0,28;0,00;0,00;225;128;114;17;28;182;936
9626;57,81;-79,32;0,00;0,00;0,00;-0,08;0,00;0,00;216;82;129;12;23;263;990
9627;19,28;-593,26;0,00;0,00;0,00;-0,59;0,00;0,00;441;81;190;45;32;503;371
9628;46,32;-198,42;0,00;0,00;0,00;-0,20;0,00;0,00;141;70;55;40;16;204;390
9629;62,34;-40,90;0,00;0,00;0,00;-0,04;0,00;0,00;59;28;146;26;30;669;791
9630;71,97;77,34;0,00;0,00;0,00;0,08;0,00;0,00;319;77;65;27;22;734;542
9631;62,02;-27,78;0,00;0,00;0,00;-0,03;0,00;0,00;88;50;117;10;39;452;263
9632;6,91;-560,25;0,00;0,00;0,00;-0,56;0,00;0,00;439;49;180;13;19;588;192
9633;93,50;129,20;0,00;0,00;0,00;0,13;0,00;0,00;61;92;153;23;38;291;500
9634;85,72;244,44;0,00;0,00;0,00;0,24;0,00;0,00;307;114;77;34;24;663;496
9635;38,05;-272,12;0,00;0,00;0,00;-0,27;0,00;0,00;335;93;65;27;19;220;552
9636;22,10;-486,33;0,00;0,00;0,00;-0,49;0,00;0,00;209;161;45;38;35;729;814
9637;83,80;204,55;0,00;0,00;0,00;0,20;0,00;0,00;69;136;17;19;26;200;457
9638;47,30;-246,12;0,00;0,00;0,00;-0,25;0,00;0,00;379;58;193;30;34;519;688
9639;25,65;-444,99;0,00;0,00;0,00;-0,44;0,00;0,00;42;30;125;35;27;941;270
9640;100,00;266,63;0,00;0,00;0,00;0,27;0,00;0,00;62;158;12;46;18;642;602
9641;31,21;-368,42;0,00;0,00;0,00;-0,37;0,00;0,00;159;86;103;40;39;180;246
9642;86,17;262,59;0,00;0,00;0,00;0,26;0,00;0,00;134;15;154;48;34;871;968
9643;42,27;-306,29;0,00;0,00;0,00;-0,31;0,00;0,00;436;131;13;48;35;832;724
9644;83,58;153,35;0,00;0,00;0,00;0,15;0,00;0,00;488;46;26;48;30;432;105
9645;20,01;-501,53;0,00;0,00;0,00;-0,50;0,00;0,00;239;142;46;20;35;489;112
9646;41,61;-293,45;0,00;0,00;0,00;-0,29;0,00;0,00;384;161;35;33;35;828;129
9647;37,26;-271,43;0,00;0,00;0,00;-0,27;0,00;0,00;383;142;182;38;36;636;249
9648;18,50;-439,91;0,00;0,00;0,00;-0,44;0,00;0,00;272;36;32;20;27;988;996
9649;59,57;-95,82;0,00;0,00;0,00;-0,10;0,00;0,00;218;192;66;31;22;379;513
9650;79,72;45,79;0,00;0,00;0,00;0,05;0,00;0,00;481;56;150;32;29;982;156
9651;18,37;-499,73;0,00;0,00;0,00;-0,50;0,00;0,00;249;171;150;12;39;860;708
9652;22,37;-445,42;0,00;0,00;0,00;-0,45;0,00;0,00;305;59;138;40;35;191;195
9653;35,82;-380,39;0,00;0,00;0,00;-0,38;0,00;0,00;338;178;41;12;16;461;993
9654;68,04;107,10;0,00;0,00;0,00;0,11;0,00;0,00;409;178;133;20;21;858;158
9655;68,96;-56,89;0,00;0,00;0,00;-0,06;0,00;0,00;298;90;121;32;22;411;727
9656;100,00;316,19;0,00;0,00;0,00;0,32;0,00;0,00;452;197;52;28;19;214;758
9657;19,20;-570,13;0,00;0,00;0,00;-0,57;0,00;0,00;384;119;186;42;28;978;177
9658;59,51;-160,63;0,00;0,00;0,00;-0,16;0,00;0,00;194;62;20;12;35;720;592
9659;69,55;-45,53;0,00;0,00;0,00;-0,05;0,00;0,00;433;38;168;18;17;491;506
9660;83,55;179,58;0,00;0,00;0,00;0,18;0,00;0,00;134;123;76;25;29;235;283
9661;19,34;-483,99;0,00;0,00;0,00;-0,48;0,00;0,00;68;175;128;23;37;126;571
9662;13,75;-456,68;0,00;0,00;0,00;-0,46;0,00;0,00;43;75;67;36;20;101;998
9663;97,56;294,15;0,00;0,00;0,00;0,29;0,00;0,00;117;58;159;14;32;439;282
9664;43,56;-237,12;0,00;0,00;0,00;-0,24;0,00;0,00;474;83;28;44;35;780;944
9665;75,33;52,42;0,00;0,00;0,00;0,05;0,00;0,00;223;69;184;41;28;633;101
9666;29,78;-414,91;0,00;0,00;0,00;-0,41;0,00;0,00;274;20;73;43;28;227;791
9667;6,56;-631,85;0,00;0,00;0,00;-0,63;0,00;0,00;52;40;98;26;31;640;600
9668;17,84;-486,78;0,00;0,00;0,00;-0,49;0,00;0,00;217;81;37;42;33;953;190
9669;93,48;241,33;0,00;0,00;0,00;0,24;0,00;0,00;444;83;67;20;27;242;402
9670;49,69;-229,24;0,00;0,00;0,00;-0,23;0,00;0,00;106;82;87;36;25;107;955
9671;76,35;-22,97;0,00;0,00;0,00;-0,02;0,00;0,00;177;91;47;31;34;869;293
9672;59,28;-62,96;0,00;0,00;0,00;-0,06;0,00;0,00;409;195;122;17;18;121;328
9673;26,23;-389,17;0,00;0,00;0,00;-0,39;0,00;0,00;335;143;80;21;23;900;146
9674;51,63;-243,16;0,00;0,00;0,00;-0,24;0,00;0,00;136;46;73;11;32;262;961
9675;34,28;-431,43;0,00;0,00;0,00;-0,43;0,00;0,00;385;108;99;32;25;659;512
9676;36,14;-295,58;0,00;0,00;0,00;-0,30;0,00;0,00;274;110;21;18;37;291;510
9677;59,19;-179,85;0,00;0,00;0,00;-0,18;0,00;0,00;32;105;115;43;38;614;803
9678;50,73;-285,08;0,00;0,00;0,00;-0,29;0,00;0,00;78;147;30;28;18;536;731
9679;60,29;-32,30;0,00;0,00;0,00;-0,03;0,00;0,00;446;22;148;13;28;317;401
9680;76,82;106,48;0,00;0,00;0,00;0,11;0,00;0,00;109;186;20;48;16;720;918
9681;72,36;69,13;0,00;0,00;0,00;0,07;0,00;0,00;112;47;126;23;19;729;533
9682;54,41;-199,78;0,00;0,00;0,00;-0,20;0,00;0,00;455;160;86;48;19;149;317
9683;28,48;-459,85;0,00;0,00;0,00;-0,46;0,00;0,00;387;103;151;36;36;816;204
9684;66,26;49,60;0,00;0,00;0,00;0,05;0,00;0,00;40;118;22;35;30;463;558
9685;99,93;357,38;0,00;0,00;0,00;0,36;0,00;0,00;230;79;114;21;37;969;104
9686;33,14;-315,68;0,00;0,00;0,00;-0,32;0,00;0,00;403;193;167;28;20;129;233
9687;78,78;47,36;0,00;0,00;0,00;0,05;0,00;0,00;174;143;133;28;27;644;700
9688;54,82;-137,45;0,00;0,00;0,00;-0,14;0,00;0,00;96;22;35;20;16;109;543
9689;63,48;-65,66;0,00;0,00;0,00;-0,07;0,00;0,00;396;86;56;16;31;721;857
9690;42,44;-278,29;0,00;0,00;0,00;-0,28;0,00;0,00;335;51;59;29;34;231;642
9691;48,00;-249,68;0,00;0,00;0,00;-0,25;0,00;0,00;64;65;76;37;31;539;635
9692;88,64;106,35;0,00;0,00;0,00;0,11;0,00;0,00;32;121;178;24;38;374;459
9693;47,53;-232,38;0,00;0,00;0,00;-0,23;0,00;0,00;156;173;178;12;26;283;789
9694;67,01;-62,95;0,00;0,00;0,00;-0,06;0,00;0,00;496;135;196;49;31;274;887
9695;30,93;-436,34;0,00;0,00;0,00;-0,44;0,00;0,00;71;80;112;25;22;787;152
9696;32,22;-407,17;0,00;0,00;0,00;-0,41;0,00;0,00;127;13;100;36;25;491;385
9697;76,96;134,99;0,00;0,00;0,00;0,13;0,00;0,00;264;180;181;47;37;211;465
9698;40,73;-245,60;0,00;0,00;0,00;-0,25;0,00;0,00;307;139;85;26;37;135;727
9699;34,08;-400,05;0,00;0,00;0,00;-0,40;0,00;0,00;194;101;144;34;20;574;758
9700;14,56;-511,27;0,00;0,00;0,00;-0,51;0,00;0,00;212;195;51;26;39;955;170
9701;31,11;-298,56;0,00;0,00;0,00;-0,30;0,00;0,00;398;156;13;10;32;667;785
9702;42,58;-317,45;0,00;0,00;0,00;-0,32;0,00;0,00;57;18;181;16;16;427;842
9703;47,54;-234,53;0,00;0,00;0,00;-0,23;0,00;0,00;424;151;30;44;36;229;228
9704;86,40;167,42;0,00;0,00;0,00;0,17;0,00;0,00;461;110;78;20;17;422;240
9705;63,53;-72,26;0,00;0,00;0,00;-0,07;0,00;0,00;153;85;14;40;27;622;382
9706;0,00;-738,00;0,00;0,00;0,00;-0,74;0,00;0,00;50;96;150;25;35;935;297
9707;52,76;-166,24;0,00;0,00;0,00;-0,17;0,00;0,00;283;100;143;18;20;299;372
9708;70,62;109,41;0,00;0,00;0,00;0,11;0,00;0,00;274;40;50;48;28;383;713
9709;43,70;-218,62;0,00;0,00;0,00;-0,22;0,00;0,00;469;162;120;23;32;265;131
9710;1,56;-709,97;0,00;0,00;0,00;-0,71;0,00;0,00;237;53;119;17;20;184;408
9711;50,61;-157,82;0,00;0,00;0,00;-0,16;0,00;0,00;61;74;121;17;20;374;667
9712;42,21;-189,44;0,00;0,00;0,00;-0,19;0,00;0,00;62;47;161;15;39;249;543
9713;41,49;-281,18;0,00;0,00;0,00;-0,28;0,00;0,00;174;171;144;17;33;391;966
9714;46,66;-253,27;0,00;0,00;0,00;-0,25;0,00;0,00;266;23;81;26;17;812;798
9715;49,98;-148,54;0,00;0,00;0,00;-0,15;0,00;0,00;244;155;77;23;21;897;347
9716;52,27;-63,16;0,00;0,00;0,00;-0,06;0,00;0,00;132;145;193;15;39;661;167
9717;16,85;-477,96;0,00;0,00;0,00;-0,48;0,00;0,00;316;114;127;34;24;259;229
9718;58,19;-74,09;0,00;0,00;0,00;-0,07;0,00;0,00;181;177;55;11;20;921;831
9719;75,85;68,26;0,00;0,00;0,00;0,07;0,00;0,00;89;10;81;25;39;736;669
9720;48,06;-196,39;0,00;0,00;0,00;-0,20;0,00;0,00;129;59;149;44;28;361;259
9721;61,15;-16,84;0,00;0,00;0,00;-0,02;0,00;0,00;277;61;10;36;31;187;820
9722;65,99;128,46;0,00;0,00;0,00;0,13;0,00;0,00;189;168;63;36;21;101;320
9723;81,11;174,19;0,00;0,00;0,00;0,17;0,00;0,00;250;61;195;45;29;473;263
9724;57,66;-55,58;0,00;0,00;0,00;-0,06;0,00;0,00;141;21;45;13;35;431;329
9725;59,67;-53,82;0,00;0,00;0,00;-0,05;0,00;0,00;216;108;154;12;15;844;838
9726;70,74;-34,85;0,00;0,00;0,00;-0,03;0,00;0,00;56;184;129;14;38;670;134
9727;31,30;-357,39;0,00;0,00;0,00;-0,36;0,00;0,00;461;28;28;31;37;718;487
9728;14,54;-486,68;0,00;0,00;0,00;-0,49;0,00;0,00;380;120;13;18;17;523;540
9729;38,15;-380,72;0,00;0,00;0,00;-0,38;0,00;0,00;350;84;107;49;31;670;656
9730;29,18;-377,84;0,00;0,00;0,00;-0,38;0,00;0,00;423;144;91;15;27;954;356
9731;40,63;-173,65;0,00;0,00;0,00;-0,17;0,00;0,00;137;39;199;27;21;897;338
9732;14,01;-503,13;0,00;0,00;0,00;-0,50;0,00;0,00;443;75;83;40;28;604;527
9733;15,61;-497,56;0,00;0,00;0,00;-0,50;0,00;0,00;399;90;185;30;15;397;306
9734;100,00;293,04;0,00;0,00;0,00;0,29;0,00;0,00;384;153;97;28;38;960;557
9735;54,91;-145,89;0,00;0,00;0,00;-0,15;0,00;0,00;207;78;87;49;20;416;584
9736;14,48;-533,89;0,00;0,00;0,00;-0,53;0,00;0,00;114;170;112;45;32;980;134
9737;34,47;-369,94;0,00;0,00;0,00;-0,37;0,00;0,00;83;91;144;41;18;460;781
9738;32,28;-384,37;0,00;0,00;0,00;-0,38;0,00;0,00;364;68;103;38;21;948;220
9739;33,26;-317,09;0,00;0,00;0,00;-0,32;0,00;0,00;278;198;42;44;19;110;648
9740;74,35;14,79;0,00;0,00;0,00;0,01;0,00;0,00;249;125;38;35;27;588;803
9741;89,58;190,24;0,00;0,00;0,00;0,19;0,00;0,00;371;160;102;35;25;684;666
9742;47,13;-160,76;0,00;0,00;0,00;-0,16;0,00;0,00;165;33;80;46;30;252;745
9743;44,21;-247,73;0,00;0,00;0,00;-0,25;0,00;0,00;51;70;95;16;29;282;161
9744;0,00;-731,47;0,00;0,00;0,00;-0,73;0,00;0,00;318;118;26;35;34;488;914
9745;67,07;-22,03;0,00;0,00;0,00;-0,02;0,00;0,00;463;30;79;10;22;707;930
9746;77,78;105,40;0,00;0,00;0,00;0,11;0,00;0,00;69;28;135;14;28;641;675
9747;5,37;-582,07;0,00;0,00;0,00;-0,58;0,00;0,00;302;92;125;33;25;491;121
9748;32,15;-374,21;0,00;0,00;0,00;-0,37;0,00;0,00;73;62;162;40;36;123;535
9749;48,75;-258,99;0,00;0,00;0,00;-0,26;0,00;0,00;448;33;172;31;33;530;546
9750;29,05;-381,31;0,00;0,00;0,00;-0,38;0,00;0,00;198;76;34;14;15;272;357
9751;27,64;-423,38;0,00;0,00;0,00;-0,42;0,00;0,00;109;85;97;31;15;204;789
9752;56,93;-78,09;0,00;0,00;0,00;-0,08;0,00;0,00;283;187;191;35;37;251;671
9753;39,75;-350,09;0,00;0,00;0,00;-0,35;0,00;0,00;472;146;61;24;33;177;508
9754;47,53;-247,89;0,00;0,00;0,00;-0,25;0,00;0,00;131;176;135;17;37;157;759
9755;3,30;-702,98;0,00;0,00;0,00;-0,70;0,00;0,00;163;103;93;49;31;855;525
9756;42,85;-336,58;0,00;0,00;0,00;-0,34;0,00;0,00;297;17;27;40;23;890;358
9757;52,88;-136,28;0,00;0,00;0,00;-0,14;0,00;0,00;219;188;81;42;25;854;550
9758;100,00;310,16;0,00;0,00;0,00;0,31;0,00;0,00;382;78;27;43;20;533;255
9759;20,55;-511,06;0,00;0,00;0,00;-0,51;0,00;0,00;328;119;178;20;19;126;720
9760;62,49;-28,35;0,00;0,00;0,00;-0,03;0,00;0,00;209;124;189;44;36;205;196
9761;23,40;-454,84;0,00;0,00;0,00;-0,45;0,00;0,00;84;68;62;45;18;677;955
9762;43,88;-272,63;0,00;0,00;0,00;-0,27;0,00;0,00;207;198;156;41;27;259;204
9763;67,62;-23,54;0,00;0,00;0,00;-0,02;0,00;0,00;36;140;45;28;29;867;720
9764;16,61;-537,97;0,00;0,00;0,00;-0,54;0,00;0,00;398;73;103;40;31;567;155
9765;27,24;-344,66;0,00;0,00;0,00;-0,34;0,00;0,00;168;98;91;41;20;925;681
9766;61,19;-59,67;0,00;0,00;0,00;-0,06;0,00;0,00;203;14;157;49;21;684;524
9767;44,16;-203,12;0,00;0,00;0,00;-0,20;0,00;0,00;355;195;184;11;30;873;657
9768;40,91;-239,36;0,00;0,00;0,00;-0,24;0,00;0,00;470;134;11;47;31;123;699
9769;39,59;-238,33;0,00;0,00;0,00;-0,24;0,00;0,00;454;180;162;37;19;574;331
9770;23,04;-429,74;0,00;0,00;0,00;-0,43;0,00;0,00;267;67;43;17;35;858;365
9771;40,98;-274,11;0,00;0,00;0,00;-0,27;0,00;0,00;81;147;169;22;29;640;206
9772;49,53;-229,93;0,00;0,00;0,00;-0,23;0,00;0,00;286;42;172;46;32;442;899
9773;60,12;-60,04;0,00;0,00;0,00;-0,06;0,00;0,00;278;182;103;35;38;412;614
9774;97,73;190,40;0,00;0,00;0,00;0,19;0,00;0,00;18;112;139;42;18;414;401
9775;68,48;-65,91;0,00;0,00;0,00;-0,07;0,00;0,00;95;115;25;15;18;978;122
9776;72,98;109,05;0,00;0,00;0,00;0,11;0,00;0,00;221;138;77;21;25;956;951
9777;34,01;-250,04;0,00;0,00;0,00;-0,25;0,00;0,00;330;25;16;42;26;707;951
9778;39,35;-154,56;0,00;0,00;0,00;-0,15;0,00;0,00;348;126;18;40;22;998;768
9779;18,92;-466,18;0,00;0,00;0,00;-0,47;0,00;0,00;440;131;168;31;30;824;855
9780;62,43;-117,10;0,00;0,00;0,00;-0,12;0,00;0,00;177;126;61;42;22;893;851
9781;52,37;-218,10;0,00;0,00;0,00;-0,22;0,00;0,00;224;151;175;35;19;832;511
9782;80,18;137,10;0,00;0,00;0,00;0,14;0,00;0,00;378;26;104;48;16;833;318
9783;39,52;-322,98;0,00;0,00;0,00;-0,32;0,00;0,00;174;161;191;27;37;237;926
9784;44,68;-230,83;0,00;0,00;0,00;-0,23;0,00;0,00;268;131;42;48;39;265;286
9785;97,24;297,72;0,00;0,00;0,00;0,30;0,00;0,00;465;22;73;40;32;506;789
9786;35,74;-353,31;0,00;0,00;0,00;-0,35;0,00;0,00;467;113;55;26;15;743;810
9787;61,06;-133,53;0,00;0,00;0,00;-0,13;0,00;0,00;193;57;188;31;31;780;890
9788;14,24;-639,07;0,00;0,00;0,00;-0,64;0,00;0,00;465;119;78;33;16;109;958
9789;25,74;-488,36;0,00;0,00;0,00;-0,49;0,00;0,00;321;126;83;26;29;125;481
9790;31,89;-321,07;0,00;0,00;0,00;-0,32;0,00;0,00;296;186;56;44;32;263;814
9791;19,26;-537,98;0,00;0,00;0,00;-0,54;0,00;0,00;70;52;106;32;32;926;918
9792;25,72;-494,26;0,00;0,00;0,00;-0,49;0,00;0,00;458;122;148;37;31;109;390
9793;15,99;-515,74;0,00;0,00;0,00;-0,52;0,00;0,00;333;88;44;15;28;451;832
9794;67,98;31,06;0,00;0,00;0,00;0,03;0,00;0,00;399;173;97;42;18;580;414
9795;54,64;-170,10;0,00;0,00;0,00;-0,17;0,00;0,00;115;144;109;18;32;839;915
9796;53,05;-212,90;0,00;0,00;0,00;-0,21;0,00;0,00;25;73;191;43;39;828;673
9797;46,95;-155,28;0,00;0,00;0,00;-0,16;0,00;0,00;292;101;122;17;38;967;848
9798;71,90;2,81;0,00;0,00;0,00;0,00;0,00;0,00;17;72;72;16;15;335;349
9799;33,52;-320,66;0,00;0,00;0,00;-0,32;0,00;0,00;490;19;135;14;37;396;791
9800;48,80;-163,61;0,00;0,00;0,00;-0,16;0,00;0,00;337;70;110;17;25;994;965
9801;48,76;-204,67;0,00;0,00;0,00;-0,20;0,00;0,00;45;123;104;22;25;917;231
9802;41,70;-346,94;0,00;0,00;0,00;-0,35;0,00;0,00;492;70;179;41;17;549;472
9803;46,79;-268,23;0,00;0,00;0,00;-0,27;0,00;0,00;427;114;149;45;23;428;779
9804;46,65;-240,20;0,00;0,00;0,00;-0,24;0,00;0,00;86;13;40;19;18;443;132
9805;37,38;-351,96;0,00;0,00;0,00;-0,35;0,00;0,00;425;99;171;37;18;330;168
9806;20,31;-566,17;0,00;0,00;0,00;-0,57;0,00;0,00;94;146;74;38;26;407;180
9807;63,79;-73,14;0,00;0,00;0,00;-0,07;0,00;0,00;283;190;26;19;39;191;173
9808;60,62;-44,43;0,00;0,00;0,00;-0,04;0,00;0,00;308;57;85;41;23;763;189
9809;77,08;78,23;0,00;0,00;0,00;0,08;0,00;0,00;102;166;64;25;29;401;664
9810;0,00;-712,95;0,00;0,00;0,00;-0,71;0,00;0,00;408;88;108;20;34;885;761
9811;54,06;-80,95;0,00;0,00;0,00;-0,08;0,00;0,00;216;121;91;42;20;370;361
9812;100,00;268,72;0,00;0,00;0,00;0,27;0,00;0,00;322;175;198;14;20;589;290
9813;82,99;139,52;0,00;0,00;0,00;0,14;0,00;0,00;243;112;58;48;36;413;889
9814;77,43;26,95;0,00;0,00;0,00;0,03;0,00;0,00;61;119;29;23;38;451;406
9815;29,15;-370,06;0,00;0,00;0,00;-0,37;0,00;0,00;19;193;189;47;39;789;338
9816;56,52;-63,62;0,00;0,00;0,00;-0,06;0,00;0,00;279;61;113;47;17;128;455
9817;41,50;-346,11;0,00;0,00;0,00;-0,35;0,00;0,00;198;19;164;11;28;798;902
9818;78,37;100,29;0,00;0,00;0,00;0,10;0,00;0,00;326;107;115;48;29;709;952
9819;55,47;-70,04;0,00;0,00;0,00;-0,07;0,00;0,00;219;137;169;36;21;357;469
9820;30,94;-426,98;0,00;0,00;0,00;-0,43;0,00;0,00;308;95;99;15;22;486;460
9821;34,45;-390,73;0,00;0,00;0,00;-0,39;0,00;0,00;416;104;65;49;15;926;314
9822;53,99;-208,70;0,00;0,00;0,00;-0,21;0,00;0,00;328;152;124;14;15;411;319
9823;27,29;-348,84;0,00;0,00;0,00;-0,35;0,00;0,00;213;138;120;20;31;796;297
9824;60,32;-100,93;0,00;0,00;0,00;-0,10;0,00;0,00;18;56;178;46;33;539;381
9825;51,22;-170,48;0,00;0,00;0,00;-0,17;0,00;0,00;61;135;149;48;32;694;202
9826;44,40;-315,56;0,00;0,00;0,00;-0,32;0,00;0,00;366;120;89;29;35;226;281
9827;39,86;-372,99;0,00;0,00;0,00;-0,37;0,00;0,00;360;182;20;27;28;855;687
9828;60,69;-83,22;0,00;0,00;0,00;-0,08;0,00;0,00;366;160;98;31;21;209;414
9829;20,93;-448,65;0,00;0,00;0,00;-0,45;0,00;0,00;470;164;165;39;29;753;649
9830;23,68;-457,84;0,00;0,00;0,00;-0,46;0,00;0,00;438;152;108;34;22;581;833
9831;52,35;-179,59;0,00;0,00;0,00;-0,18;0,00;0,00;202;173;62;16;32;606;651
9832;35,69;-317,91;0,00;0,00;0,00;-0,32;0,00;0,00;316;82;114;42;29;509;451
9833;68,45;-47,61;0,00;0,00;0,00;-0,05;0,00;0,00;15;37;179;11;36;375;322
9834;0,00;-701,17;0,00;0,00;0,00;-0,70;0,00;0,00;343;105;77;41;30;605;890
9835;36,26;-331,85;0,00;0,00;0,00;-0,33;0,00;0,00;275;173;36;13;24;197;304
9836;15,01;-518,20;0,00;0,00;0,00;-0,52;0,00;0,00;203;28;159;23;31;175;673
9837;8,46;-610,38;0,00;0,00;0,00;-0,61;0,00;0,00;289;93;11;20;23;470;179
9838;43,71;-285,89;0,00;0,00;0,00;-0,29;0,00;0,00;78;65;156;13;34;822;901
9839;14,67;-609,01;0,00;0,00;0,00;-0,61;0,00;0,00;46;143;185;41;18;866;780
9840;45,66;-272,79;0,00;0,00;0,00;-0,27;0,00;0,00;212;10;91;16;31;532;537
9841;67,80;-53,29;0,00;0,00;0,00;-0,05;0,00;0,00;192;72;90;28;21;268;761
9842;47,47;-115,16;0,00;0,00;0,00;-0,12;0,00;0,00;245;137;66;48;29;871;581
9843;50,74;-232,25;0,00;0,00;0,00;-0,23;0,00;0,00;249;123;151;43;17;939;469
9844;4,95;-727,43;0,00;0,00;0,00;-0,73;0,00;0,00;301;82;31;13;34;659;683
9845;79,44;67,75;0,00;0,00;0,00;0,07;0,00;0,00;232;33;85;46;18;624;244
9846;2,53;-711,79;0,00;0,00;0,00;-0,71;0,00;0,00;472;89;149;40;17;361;362
9847;0,00;-625,15;0,00;0,00;0,00;-0,63;0,00;0,00;136;150;46;27;22;726;692
9848;49,03;-201,63;0,00;0,00;0,00;-0,20;0,00;0,00;276;65;141;23;29;153;235
9849;75,35;38,73;0,00;0,00;0,00;0,04;0,00;0,00;200;141;54;16;20;636;615
9850;61,92;-27,30;0,00;0,00;0,00;-0,03;0,00;0,00;12;10;23;27;33;311;392
9851;71,14;15,54;0,00;0,00;0,00;0,02;0,00;0,00;474;137;193;39;36;150;903
9852;49,24;-245,95;0,00;0,00;0,00;-0,25;0,00;0,00;379;82;162;40;30;452;244
9853;73,13;52,98;0,00;0,00;0,00;0,05;0,00;0,00;213;21;116;37;16;566;861
9854;45,44;-271,57;0,00;0,00;0,00;-0,27;0,00;0,00;350;52;27;30;26;822;777
9855;46,66;-225,69;0,00;0,00;0,00;-0,23;0,00;0,00;252;174;198;16;36;463;930
9856;40,26;-388,26;0,00;0,00;0,00;-0,39;0,00;0,00;144;22;70;35;32;167;665
9857;34,50;-366,02;0,00;0,00;0,00;-0,37;0,00;0,00;54;21;168;31;30;521;159
9858;40,54;-313,06;0,00;0,00;0,00;-0,31;0,00;0,00;153;15;99;16;24;295;445
9859;94,57;232,83;0,00;0,00;0,00;0,23;0,00;0,00;392;196;144;14;34;873;162
9860;34,76;-376,03;0,00;0,00;0,00;-0,38;0,00;0,00;74;176;88;45;30;264;784
9861;60,92;-79,37;0,00;0,00;0,00;-0,08;0,00;0,00;17;168;21;46;28;457;350
9862;65,44;-25,42;0,00;0,00;0,00;-0,03;0,00;0,00;23;176;171;17;29;805;921
9863;82,62;131,96;0,00;0,00;0,00;0,13;0,00;0,00;187;108;48;30;33;252;619
9864;50,37;-77,44;0,00;0,00;0,00;-0,08;0,00;0,00;415;94;188;25;34;623;578
9865;60,86;-124,26;0,00;0,00;0,00;-0,12;0,00;0,00;147;132;148;49;24;585;824
9866;50,03;-232,02;0,00;0,00;0,00;-0,23;0,00;0,00;377;61;91;12;20;708;821
9867;26,56;-466,65;0,00;0,00;0,00;-0,47;0,00;0,00;468;86;80;49;27;198;678
9868;100,00;360,30;0,00;0,00;0,00;0,36;0,00;0,00;171;81;66;44;38;928;865
9869;100,00;287,10;0,00;0,00;0,00;0,29;0,00;0,00;168;100;153;38;29;142;358
9870;20,13;-532,36;0,00;0,00;0,00;-0,53;0,00;0,00;101;175;166;22;34;295;742
9871;37,09;-353,87;0,00;0,00;0,00;-0,35;0,00;0,00;394;12;11;34;33;723;714
9872;0,00;-704,43;0,00;0,00;0,00;-0,70;0,00;0,00;341;169;90;41;37;792;681
9873;81,61;95,79;0,00;0,00;0,00;0,10;0,00;0,00;157;147;71;14;16;451;104
9874;35,32;-359,02;0,00;0,00;0,00;-0,36;0,00;0,00;424;177;46;21;36;769;833
9875;69,64;-4,75;0,00;0,00;0,00;-0,00;0,00;0,00;17;194;156;37;38;347;815
9876;57,18;-161,87;0,00;0,00;0,00;-0,16;0,00;0,00;134;177;111;27;28;201;921
9877;32,18;-267,58;0,00;0,00;0,00;-0,27;0,00;0,00;226;196;107;49;27;579;711
9878;1,09;-681,87;0,00;0,00;0,00;-0,68;0,00;0,00;59;53;74;45;36;713;226
9879;38,25;-319,94;0,00;0,00;0,00;-0,32;0,00;0,00;161;194;187;16;33;811;995
9880;53,05;-233,22;0,00;0,00;0,00;-0,23;0,00;0,00;127;37;169;41;27;891;622
9881;91,39;221,67;0,00;0,00;0,00;0,22;0,00;0,00;284;79;79;17;16;358;368
9882;9,79;-530,29;0,00;0,00;0,00;-0,53;0,00;0,00;180;80;174;42;29;955;961
9883;74,92;-12,50;0,00;0,00;0,00;-0,01;0,00;0,00;418;12;136;16;18;252;618
9884;38,05;-304,40;0,00;0,00;0,00;-0,30;0,00;0,00;178;130;34;19;31;603;403
9885;100,00;393,67;0,00;0,00;0,00;0,39;0,00;0,00;59;31;107;17;39;480;661
9886;82,37;212,38;0,00;0,00;0,00;0,21;0,00;0,00;321;33;19;40;35;798;511
9887;89,80;147,06;0,00;0,00;0,00;0,15;0,00;0,00;154;138;67;35;36;584;416
9888;44,18;-251,11;0,00;0,00;0,00;-0,25;0,00;0,00;246;21;30;37;29;634;356
9889;62,96;-83,11;0,00;0,00;0,00;-0,08;0,00;0,00;52;31;191;39;34;473;180
9890;58,35;-164,94;0,00;0,00;0,00;-0,16;0,00;0,00;144;79;36;23;23;701;409
9891;49,20;-269,17;0,00;0,00;0,00;-0,27;0,00;0,00;216;143;168;14;19;171;736
9892;42,92;-273,98;0,00;0,00;0,00;-0,27;0,00;0,00;386;186;138;19;21;402;996
9893;81,44;167,13;0,00;0,00;0,00;0,17;0,00;0,00;204;79;142;33;20;672;143
9894;39,32;-398,96;0,00;0,00;0,00;-0,40;0,00;0,00;98;62;100;25;25;437;911
9895;38,98;-335,68;0,00;0,00;0,00;-0,34;0,00;0,00;188;32;88;34;27;390;417
9896;18,02;-566,77;0,00;0,00;0,00;-0,57;0,00;0,00;485;153;178;30;18;796;894
9897;14,75;-480,42;0,00;0,00;0,00;-0,48;0,00;0,00;166;125;90;44;28;927;663
9898;65,81;-87,30;0,00;0,00;0,00;-0,09;0,00;0,00;368;49;81;41;26;652;181
9899;34,80;-369,54;0,00;0,00;0,00;-0,37;0,00;0,00;26;48;19;41;29;687;719
9900;52,09;-171,42;0,00;0,00;0,00;-0,17;0,00;0,00;66;152;122;37;35;327;729
9901;39,48;-296,35;0,00;0,00;0,00;-0,30;0,00;0,00;19;147;111;17;26;775;856
9902;95,19;343,99;0,00;0,00;0,00;0,34;0,00;0,00;457;104;139;37;38;112;773
9903;49,10;-240,31;0,00;0,00;0,00;-0,24;0,00;0,00;497;147;57;11;19;492;924
9904;78,66;150,50;0,00;0,00;0,00;0,15;0,00;0,00;382;114;141;12;17;714;875
9905;50,49;-202,76;0,00;0,00;0,00;-0,20;0,00;0,00;164;169;104;16;34;851;331
9906;67,96;-37,85;0,00;0,00;0,00;-0,04;0,00;0,00;71;22;117;33;19;347;288
9907;19,00;-476,68;0,00;0,00;0,00;-0,48;0,00;0,00;370;79;142;32;35;312;202
9908;44,15;-248,99;0,00;0,00;0,00;-0,25;0,00;0,00;334;173;132;32;21;958;975
9909;44,15;-318,48;0,00;0,00;0,00;-0,32;0,00;0,00;423;102;178;49;18;450;594
9910;27,23;-377,67;0,00;0,00;0,00;-0,38;0,00;0,00;462;77;162;15;18;235;265
9911;59,24;-118,36;0,00;0,00;0,00;-0,12;0,00;0,00;10;131;197;19;38;571;495
9912;39,33;-351,66;0,00;0,00;0,00;-0,35;0,00;0,00;356;140;180;47;18;374;205
9913;32,67;-460,73;0,00;0,00;0,00;-0,46;0,00;0,00;262;82;197;26;31;889;166
9914;51,16;-193,82;0,00;0,00;0,00;-0,19;0,00;0,00;67;101;52;20;20;473;926
9915;38,66;-244,12;0,00;0,00;0,00;-0,24;0,00;0,00;176;110;184;22;20;806;215
9916;66,72;-19,77;0,00;0,00;0,00;-0,02;0,00;0,00;85;182;48;30;33;238;214
9917;100,00;208,38;0,00;0,00;0,00;0,21;0,00;0,00;323;67;175;48;26;291;830
9918;69,43;49,28;0,00;0,00;0,00;0,05;0,00;0,00;442;141;113;23;17;576;412
9919;39,41;-270,72;0,00;0,00;0,00;-0,27;0,00;0,00;130;140;119;26;19;401;434
9920;26,94;-414,86;0,00;0,00;0,00;-0,41;0,00;0,00;206;121;30;12;33;273;733
9921;72,44;91,34;0,00;0,00;0,00;0,09;0,00;0,00;436;47;20;15;30;129;565
9922;78,22;81,91;0,00;0,00;0,00;0,08;0,00;0,00;214;163;88;37;22;661;331
9923;43,51;-322,73;0,00;0,00;0,00;-0,32;0,00;0,00;403;87;52;38;24;571;896
9924;1,82;-703,18;0,00;0,00;0,00;-0,70;0,00;0,00;417;161;115;21;35;589;258
9925;39,26;-274,94;0,00;0,00;0,00;-0,27;0,00;0,00;156;157;110;14;31;451;791
9926;43,82;-286,37;0,00;0,00;0,00;-0,29;0,00;0,00;122;158;182;41;18;722;218
9927;17,71;-542,91;0,00;0,00;0,00;-0,54;0,00;0,00;102;58;126;31;33;149;706
9928;25,12;-335,36;0,00;0,00;0,00;-0,34;0,00;0,00;63;101;71;41;19;702;721
9929;41,04;-323,26;0,00;0,00;0,00;-0,32;0,00;0,00;331;158;31;22;28;963;697
9930;59,11;-77,84;0,00;0,00;0,00;-0,08;0,00;0,00;272;100;94;19;21;423;680
9931;94,63;234,61;0,00;0,00;0,00;0,23;0,00;0,00;206;27;22;15;32;391;284
9932;30,48;-408,24;0,00;0,00;0,00;-0,41;0,00;0,00;149;153;111;47;28;785;296
9933;45,86;-179,03;0,00;0,00;0,00;-0,18;0,00;0,00;323;79;120;43;36;342;622
9934;96,93;302,78;0,00;0,00;0,00;0,30;0,00;0,00;149;176;165;40;18;735;107
9935;44,14;-288,38;0,00;0,00;0,00;-0,29;0,00;0,00;463;161;109;16;29;686;863
9936;0,00;-662,49;0,00;0,00;0,00;-0,66;0,00;0,00;101;133;92;28;20;638;564
9937;63,56;-38,18;0,00;0,00;0,00;-0,04;0,00;0,00;332;51;39;43;20;126;390
9938;36,33;-335,42;0,00;0,00;0,00;-0,34;0,00;0,00;495;155;42;30;37;141;243
9939;47,60;-280,05;0,00;0,00;0,00;-0,28;0,00;0,00;314;50;36;44;29;195;524
9940;54,87;-62,71;0,00;0,00;0,00;-0,06;0,00;0,00;311;87;43;46;37;219;577
9941;1,55;-691,45;0,00;0,00;0,00;-0,69;0,00;0,00;223;77;199;37;22;244;185
9942;45,02;-260,20;0,00;0,00;0,00;-0,26;0,00;0,00;291;188;20;24;21;279;592
9943;30,83;-365,16;0,00;0,00;0,00;-0,37;0,00;0,00;470;129;41;10;21;235;674
9944;59,41;-47,16;0,00;0,00;0,00;-0,05;0,00;0,00;178;149;172;21;27;736;802
9945;22,10;-471,70;0,00;0,00;0,00;-0,47;0,00;0,00;347;47;159;24;25;686;303
9946;60,83;-76,22;0,00;0,00;0,00;-0,08;0,00;0,00;396;134;169;44;15;426;395
9947;64,47;-28,15;0,00;0,00;0,00;-0,03;0,00;0,00;235;168;19;24;33;226;150
9948;62,46;9,48;0,00;0,00;0,00;0,01;0,00;0,00;61;139;90;33;29;446;666
9949;60,05;-106,20;0,00;0,00;0,00;-0,11;0,00;0,00;382;45;37;22;39;586;799
9950;72,81;-50,44;0,00;0,00;0,00;-0,05;0,00;0,00;287;73;88;49;19;954;579
9951;91,15;261,73;0,00;0,00;0,00;0,26;0,00;0,00;485;167;93;21;36;821;952
9952;11,35;-599,13;0,00;0,00;0,00;-0,60;0,00;0,00;186;48;118;30;36;198;959
9953;82,95;113,52;0,00;0,00;0,00;0,11;0,00;0,00;131;59;115;37;20;244;527
9954;25,93;-424,21;0,00;0,00;0,00;-0,42;0,00;0,00;446;117;172;40;28;635;181
9955;55,40;-211,67;0,00;0,00;0,00;-0,21;0,00;0,00;120;40;96;27;36;115;832
9956;90,69;105,62;0,00;0,00;0,00;0,11;0,00;0,00;254;66;68;31;24;935;783
9957;34,06;-388,35;0,00;0,00;0,00;-0,39;0,00;0,00;311;168;152;15;20;676;541
9958;49,77;-215,38;0,00;0,00;0,00;-0,22;0,00;0,00;139;148;34;13;20;714;415
9959;84,46;194,68;0,00;0,00;0,00;0,19;0,00;0,00;228;179;32;21;34;149;376
9960;25,99;-451,97;0,00;0,00;0,00;-0,45;0,00;0,00;484;103;120;29;31;454;312
9961;78,22;13,47;0,00;0,00;0,00;0,01;0,00;0,00;110;37;175;48;32;536;625
9962;57,58;-117,65;0,00;0,00;0,00;-0,12;0,00;0,00;425;93;191;34;29;649;699
9963;55,80;-160,73;0,00;0,00;0,00;-0,16;0,00;0,00;289;133;18;49;32;260;909
9964;3,62;-635,07;0,00;0,00;0,00;-0,64;0,00;0,00;490;72;142;35;16;791;990
9965;67,11;-57,51;0,00;0,00;0,00;-0,06;0,00;0,00;328;161;83;11;27;918;771
9966;82,71;148,49;0,00;0,00;0,00;0,15;0,00;0,00;290;101;65;25;30;818;157
9967;88,48;256,60;0,00;0,00;0,00;0,26;0,00;0,00;75;83;51;29;31;124;614
9968;72,14;72,64;0,00;0,00;0,00;0,07;0,00;0,00;14;103;151;44;26;841;198
9969;79,58;123,18;0,00;0,00;0,00;0,12;0,00;0,00;484;42;77;38;36;867;786
9970;91,38;199,76;0,00;0,00;0,00;0,20;0,00;0,00;398;170;34;10;36;372;133
9971;39,20;-319,77;0,00;0,00;0,00;-0,32;0,00;0,00;203;11;153;21;25;113;388
9972;100,00;271,77;0,00;0,00;0,00;0,27;0,00;0,00;211;129;165;42;30;347;368
9973;50,76;-44,70;0,00;0,00;0,00;-0,04;0,00;0,00;262;26;103;47;32;883;192
9974;68,87;-3,26;0,00;0,00;0,00;-0,00;0,00;0,00;169;171;177;22;29;757;400
9975;55,63;-230,73;0,00;0,00;0,00;-0,23;0,00;0,00;135;152;159;47;36;548;711
9976;56,47;-183,16;0,00;0,00;0,00;-0,18;0,00;0,00;366;85;181;13;35;350;150
9977;95,03;262,78;0,00;0,00;0,00;0,26;0,00;0,00;302;76;94;20;31;759;903
9978;66,28;-81,65;0,00;0,00;0,00;-0,08;0,00;0,00;68;39;12;15;30;471;862
9979;18,62;-474,03;0,00;0,00;0,00;-0,47;0,00;0,00;291;136;156;25;27;952;526
9980;63,89;-104,06;0,00;0,00;0,00;-0,10;0,00;0,00;342;148;130;14;18;628;753
9981;15,86;-606,19;0,00;0,00;0,00;-0,61;0,00;0,00;467;90;46;15;29;269;414
9982;46,57;-238,17;0,00;0,00;0,00;-0,24;0,00;0,00;56;25;18;46;23;768;588
9983;21,36;-451,13;0,00;0,00;0,00;-0,45;0,00;0,00;350;163;107;43;20;545;905
9984;55,22;-105,01;0,00;0,00;0,00;-0,11;0,00;0,00;432;56;131;31;39;575;223
9985;32,42;-417,10;0,00;0,00;0,00;-0,42;0,00;0,00;356;162;63;41;34;947;359
9986;37,56;-371,92;0,00;0,00;0,00;-0,37;0,00;0,00;344;62;82;23;32;346;567
9987;49,32;-169,01;0,00;0,00;0,00;-0,17;0,00;0,00;41;81;170;34;27;439;823
9988;27,08;-360,65;0,00;0,00;0,00;-0,36;0,00;0,00;315;77;162;27;20;567;681
9989;40,59;-322,36;0,00;0,00;0,00;-0,32;0,00;0,00;153;124;178;25;17;326;545
9990;72,87;58,90;0,00;0,00;0,00;0,06;0,00;0,00;85;58;37;48;19;406;694
9991;56,32;-144,05;0,00;0,00;0,00;-0,14;0,00;0,00;251;62;34;20;36;646;300
9992;51,38;-180,70;0,00;0,00;0,00;-0,18;0,00;0,00;98;75;135;16;37;725;368
9993;28,16;-359,75;0,00;0,00;0,00;-0,36;0,00;0,00;265;140;68;46;17;755;443
9994;80,49;123,00;0,00;0,00;0,00;0,12;0,00;0,00;311;98;164;18;31;936;972
9995;45,97;-188,46;0,00;0,00;0,00;-0,19;0,00;0,00;127;171;44;18;34;217;718
9996;66,27;19,21;0,00;0,00;0,00;0,02;0,00;0,00;116;50;167;30;36;311;662
9997;16,32;-552,52;0,00;0,00;0,00;-0,55;0,00;0,00;313;61;178;13;31;357;730
9998;14,51;-546,14;0,00;0,00;0,00;-0,55;0,00;0,00;46;166;109;49;21;586;761
9999;82,94;110,85;0,00;0,00;0,00;0,11;0,00;0,00;332;93;11;43;19;793;729
10000;57,26;-121,51;0,00;0,00;0,00;-0,12;0,00;0,00;242;113;180;13;18;817;275
