Pass;Result;Profit;Expected Payoff;Profit Factor;Recovery Factor;Sharpe Ratio;Custom;Equity DD %;Trades;InpMA1Period;InpMA2Period;InpADXPeriod;InpADXThreshold;InpTPPoints;InpSLPoints
1;33,14;-149,32;0,00;0,00;0,00;-0,15;0,00;0,00;100;150;98;38;19;872;349
2;55,68;83,46;0,00;0,00;0,00;0,08;0,00;0,00;88;54;118;42;29;904;851
3;64,43;79,24;0,00;0,00;0,00;0,08;0,00;0,00;19;193;135;38;35;556;207
4;59,81;61,26;0,00;0,00;0,00;0,06;0,00;0,00;184;130;155;25;17;304;999
5;56,38;114,73;0,00;0,00;0,00;0,11;0,00;0,00;130;187;108;41;33;493;622
6;49,94;63,40;0,00;0,00;0,00;0,06;0,00;0,00;447;102;71;49;37;136;976
7;45,54;-112,37;0,00;0,00;0,00;-0,11;0,00;0,00;383;124;19;16;33;683;797
8;60,89;135,56;0,00;0,00;0,00;0,14;0,00;0,00;330;87;69;19;39;862;898
9;22,67;-326,17;0,00;0,00;0,00;-0,33;0,00;0,00;33;68;116;33;25;762;340
10;58,23;16,54;0,00;0,00;0,00;0,02;0,00;0,00;269;162;75;49;23;792;965
11;62,00;81,57;0,00;0,00;0,00;0,08;0,00;0,00;219;147;16;39;17;990;977
12;54,93;68,73;0,00;0,00;0,00;0,07;0,00;0,00;279;163;12;32;20;981;795
13;55,07;38,25;0,00;0,00;0,00;0,04;0,00;0,00;378;155;83;41;34;989;624
14;27,74;-232,46;0,00;0,00;0,00;-0,23;0,00;0,00;30;106;68;38;32;895;407
15;58,11;137,27;0,00;0,00;0,00;0,14;0,00;0,00;395;60;66;13;17;714;950
16;43,38;72,04;0,00;0,00;0,00;0,07;0,00;0,00;161;54;194;17;33;918;987
17;26,25;-180,03;0,00;0,00;0,00;-0,18;0,00;0,00;499;163;189;39;24;224;123
18;70,99;240,08;0,00;0,00;0,00;0,24;0,00;0,00;369;185;191;43;35;479;850
19;32,43;-71,78;0,00;0,00;0,00;-0,07;0,00;0,00;325;98;136;42;22;363;920
20;52,57;99,07;0,00;0,00;0,00;0,10;0,00;0,00;443;180;107;18;28;396;447
21;67,82;238,88;0,00;0,00;0,00;0,24;0,00;0,00;93;126;129;21;29;516;637
22;47,17;30,85;0,00;0,00;0,00;0,03;0,00;0,00;253;144;143;20;37;697;951
23;52,79;39,45;0,00;0,00;0,00;0,04;0,00;0,00;430;92;92;20;18;928;737
24;52,96;99,62;0,00;0,00;0,00;0,10;0,00;0,00;307;104;134;16;16;852;290
25;49,27;8,41;0,00;0,00;0,00;0,01;0,00;0,00;32;92;50;10;16;165;272
26;48,78;-39,77;0,00;0,00;0,00;-0,04;0,00;0,00;187;184;129;33;26;453;452
27;43,95;-64,96;0,00;0,00;0,00;-0,06;0,00;0,00;225;115;191;33;18;986;307
28;40,80;-65,34;0,00;0,00;0,00;-0,07;0,00;0,00;124;13;154;11;23;747;162
29;57,07;142,29;0,00;0,00;0,00;0,14;0,00;0,00;307;87;172;33;20;582;343
30;44,59;-72,13;0,00;0,00;0,00;-0,07;0,00;0,00;384;72;193;41;23;350;790
31;62,83;64,73;0,00;0,00;0,00;0,06;0,00;0,00;231;78;143;33;15;199;988
32;38,35;-163,46;0,00;0,00;0,00;-0,16;0,00;0,00;237;147;45;42;34;781;432
33;37,29;-55,47;0,00;0,00;0,00;-0,06;0,00;0,00;144;52;77;31;37;222;215
34;41,35;-61,12;0,00;0,00;0,00;-0,06;0,00;0,00;370;112;198;13;24;547;233
35;38,35;-63,61;0,00;0,00;0,00;-0,06;0,00;0,00;149;165;184;14;32;307;808
36;57,29;54,49;0,00;0,00;0,00;0,05;0,00;0,00;208;71;115;30;17;384;888
37;38,84;-191,50;0,00;0,00;0,00;-0,19;0,00;0,00;219;180;129;38;34;661;192
38;61,55;90,52;0,00;0,00;0,00;0,09;0,00;0,00;299;154;119;21;23;995;955
39;100,00;381,20;0,00;0,00;0,00;0,38;0,00;0,00;259;146;46;45;20;260;861
40;57,63;72,86;0,00;0,00;0,00;0,07;0,00;0,00;369;27;199;48;34;789;634
41;35,62;-161,94;0,00;0,00;0,00;-0,16;0,00;0,00;83;32;40;28;29;230;716
42;48,62;-49,51;0,00;0,00;0,00;-0,05;0,00;0,00;378;14;54;11;18;381;314
43;41,37;-86,03;0,00;0,00;0,00;-0,09;0,00;0,00;445;181;194;23;28;950;468
44;68,04;208,15;0,00;0,00;0,00;0,21;0,00;0,00;144;47;187;32;33;846;657
45;31,78;-146,81;0,00;0,00;0,00;-0,15;0,00;0,00;429;64;151;44;27;529;191
46;45,59;-53,24;0,00;0,00;0,00;-0,05;0,00;0,00;132;115;63;37;34;555;583
47;76,20;265,63;0,00;0,00;0,00;0,27;0,00;0,00;375;79;182;45;18;705;798
48;35,87;-152,74;0,00;0,00;0,00;-0,15;0,00;0,00;111;14;24;27;35;391;136
49;41,04;-182,33;0,00;0,00;0,00;-0,18;0,00;0,00;383;54;29;36;28;679;584
50;25,33;-238,73;0,00;0,00;0,00;-0,24;0,00;0,00;161;148;123;26;30;797;642
51;41,01;-76,87;0,00;0,00;0,00;-0,08;0,00;0,00;323;38;132;26;31;166;319
52;51,17;26,85;0,00;0,00;0,00;0,03;0,00;0,00;360;108;191;23;24;680;859
53;51,67;60,98;0,00;0,00;0,00;0,06;0,00;0,00;54;71;33;46;34;354;451
54;43,86;-92,57;0,00;0,00;0,00;-0,09;0,00;0,00;138;178;27;30;29;333;773
55;90,69;401,01;0,00;0,00;0,00;0,40;0,00;0,00;141;158;99;17;37;221;779
56;55,65;81,55;0,00;0,00;0,00;0,08;0,00;0,00;335;49;45;37;16;312;524
57;42,29;-114,82;0,00;0,00;0,00;-0,11;0,00;0,00;318;89;62;19;16;338;211
58;71,88;219,97;0,00;0,00;0,00;0,22;0,00;0,00;457;87;147;41;21;859;128
59;33,26;-166,93;0,00;0,00;0,00;-0,17;0,00;0,00;499;114;166;29;24;876;982
60;82,79;336,17;0,00;0,00;0,00;0,34;0,00;0,00;113;78;123;45;15;652;658
61;45,25;-25,43;0,00;0,00;0,00;-0,03;0,00;0,00;24;32;41;37;27;435;572
62;55,09;10,27;0,00;0,00;0,00;0,01;0,00;0,00;455;13;155;43;21;424;944
63;54,84;15,92;0,00;0,00;0,00;0,02;0,00;0,00;254;15;35;37;31;883;823
64;44,20;-39,00;0,00;0,00;0,00;-0,04;0,00;0,00;230;188;126;12;21;907;771
65;45,80;-129,07;0,00;0,00;0,00;-0,13;0,00;0,00;468;82;28;11;38;367;689
66;82,17;370,20;0,00;0,00;0,00;0,37;0,00;0,00;355;46;171;38;38;138;225
67;38,74;-153,74;0,00;0,00;0,00;-0,15;0,00;0,00;489;113;67;41;32;952;406
68;50,27;9,64;0,00;0,00;0,00;0,01;0,00;0,00;392;194;161;48;24;488;117
69;15,81;-376,41;0,00;0,00;0,00;-0,38;0,00;0,00;400;70;75;20;36;336;797
70;50,70;9,01;0,00;0,00;0,00;0,01;0,00;0,00;497;111;163;22;20;803;647
71;42,01;-117,52;0,00;0,00;0,00;-0,12;0,00;0,00;231;26;113;17;22;779;976
72;66,05;96,34;0,00;0,00;0,00;0,10;0,00;0,00;117;199;87;45;21;680;177
73;46,97;67,14;0,00;0,00;0,00;0,07;0,00;0,00;130;139;88;33;22;426;914
74;55,20;1,94;0,00;0,00;0,00;0,00;0,00;0,00;193;160;144;31;33;199;488
75;30,29;-215,65;0,00;0,00;0,00;-0,22;0,00;0,00;493;55;112;24;16;699;779
76;49,68;-68,26;0,00;0,00;0,00;-0,07;0,00;0,00;377;60;16;46;38;131;934
77;66,20;86,68;0,00;0,00;0,00;0,09;0,00;0,00;499;10;20;34;16;598;528
78;53,49;-13,39;0,00;0,00;0,00;-0,01;0,00;0,00;94;79;114;34;24;213;324
79;23,99;-139,18;0,00;0,00;0,00;-0,14;0,00;0,00;162;45;120;16;30;986;559
80;49,91;-48,85;0,00;0,00;0,00;-0,05;0,00;0,00;117;144;71;37;19;158;983
81;76,61;295,80;0,00;0,00;0,00;0,30;0,00;0,00;111;199;144;30;30;767;194
82;30,74;-125,37;0,00;0,00;0,00;-0,13;0,00;0,00;141;75;62;33;28;685;786
83;49,20;30,73;0,00;0,00;0,00;0,03;0,00;0,00;108;95;164;45;27;115;114
84;43,42;-103,25;0,00;0,00;0,00;-0,10;0,00;0,00;380;93;166;47;32;643;562
85;59,88;-5,84;0,00;0,00;0,00;-0,01;0,00;0,00;111;125;127;30;36;781;362
86;65,77;236,10;0,00;0,00;0,00;0,24;0,00;0,00;304;79;102;15;17;447;959
87;51,32;32,82;0,00;0,00;0,00;0,03;0,00;0,00;387;27;68;17;29;275;296
88;64,97;116,74;0,00;0,00;0,00;0,12;0,00;0,00;311;137;157;26;36;301;597
89;44,37;-65,78;0,00;0,00;0,00;-0,07;0,00;0,00;492;11;182;14;30;153;235
90;62,71;150,72;0,00;0,00;0,00;0,15;0,00;0,00;25;120;103;47;25;596;770
91;48,77;26,68;0,00;0,00;0,00;0,03;0,00;0,00;76;162;27;41;35;116;628
92;62,27;178,39;0,00;0,00;0,00;0,18;0,00;0,00;464;99;89;33;28;215;621
93;47,04;-77,92;0,00;0,00;0,00;-0,08;0,00;0,00;54;189;132;22;30;507;363
94;38,06;-107,45;0,00;0,00;0,00;-0,11;0,00;0,00;94;152;58;34;22;119;939
95;36,48;-167,81;0,00;0,00;0,00;-0,17;0,00;0,00;310;183;68;39;36;890;646
96;32,35;-177,23;0,00;0,00;0,00;-0,18;0,00;0,00;109;115;145;16;32;158;412
97;54,84;9,77;0,00;0,00;0,00;0,01;0,00;0,00;326;77;133;47;23;742;379
98;34,70;-145,24;0,00;0,00;0,00;-0,15;0,00;0,00;342;178;110;44;31;930;263
99;67,37;219,88;0,00;0,00;0,00;0,22;0,00;0,00;301;84;149;11;38;680;804
100;38,39;-175,65;0,00;0,00;0,00;-0,18;0,00;0,00;493;179;29;18;31;505;748
101;54,24;113,74;0,00;0,00;0,00;0,11;0,00;0,00;29;34;30;33;22;461;243
102;58,25;37,19;0,00;0,00;0,00;0,04;0,00;0,00;307;121;30;12;20;194;865
103;51,47;28,64;0,00;0,00;0,00;0,03;0,00;0,00;14;31;115;38;32;192;792
104;55,68;-76,90;0,00;0,00;0,00;-0,08;0,00;0,00;179;188;147;32;16;219;269
105;45,17;31,22;0,00;0,00;0,00;0,03;0,00;0,00;167;192;160;16;31;219;850
106;49,03;-20,88;0,00;0,00;0,00;-0,02;0,00;0,00;62;50;178;23;22;781;484
107;54,45;47,09;0,00;0,00;0,00;0,05;0,00;0,00;143;88;177;37;18;764;542
108;62,43;53,15;0,00;0,00;0,00;0,05;0,00;0,00;301;139;62;12;22;544;609
109;66,40;88,50;0,00;0,00;0,00;0,09;0,00;0,00;262;76;164;16;24;508;793
110;42,82;32,84;0,00;0,00;0,00;0,03;0,00;0,00;466;57;113;41;19;297;479
111;25,19;-256,55;0,00;0,00;0,00;-0,26;0,00;0,00;207;73;65;44;32;882;909
112;32,28;-70,35;0,00;0,00;0,00;-0,07;0,00;0,00;137;169;36;48;36;383;821
113;80,49;350,13;0,00;0,00;0,00;0,35;0,00;0,00;403;142;119;18;23;803;245
114;49,25;-48,21;0,00;0,00;0,00;-0,05;0,00;0,00;299;194;127;35;20;685;982
115;55,54;52,73;0,00;0,00;0,00;0,05;0,00;0,00;142;16;91;11;29;916;945
116;24,82;-248,29;0,00;0,00;0,00;-0,25;0,00;0,00;206;134;48;18;36;902;761
117;43,65;-149,19;0,00;0,00;0,00;-0,15;0,00;0,00;305;84;100;30;23;455;176
118;41,56;-131,97;0,00;0,00;0,00;-0,13;0,00;0,00;494;49;28;39;32;248;531
119;76,06;162,13;0,00;0,00;0,00;0,16;0,00;0,00;306;178;108;48;16;265;704
120;26,23;-280,61;0,00;0,00;0,00;-0,28;0,00;0,00;208;160;75;36;29;292;186
121;76,97;236,82;0,00;0,00;0,00;0,24;0,00;0,00;380;38;181;34;30;169;738
122;56,70;49,88;0,00;0,00;0,00;0,05;0,00;0,00;181;174;72;23;39;403;905
123;10,58;-397,55;0,00;0,00;0,00;-0,40;0,00;0,00;467;18;165;25;24;458;530
124;21,95;-281,30;0,00;0,00;0,00;-0,28;0,00;0,00;430;55;101;31;17;747;136
125;51,37;99,10;0,00;0,00;0,00;0,10;0,00;0,00;92;164;87;44;21;332;716
126;77,77;332,37;0,00;0,00;0,00;0,33;0,00;0,00;149;153;140;19;26;153;805
127;44,65;-129,93;0,00;0,00;0,00;-0,13;0,00;0,00;338;36;43;30;17;717;274
128;54,75;13,20;0,00;0,00;0,00;0,01;0,00;0,00;153;25;17;33;38;978;409
129;65,50;211,08;0,00;0,00;0,00;0,21;0,00;0,00;377;43;137;10;28;167;106
130;63,12;133,00;0,00;0,00;0,00;0,13;0,00;0,00;200;160;176;24;25;422;671
131;65,72;121,96;0,00;0,00;0,00;0,12;0,00;0,00;261;108;129;19;25;398;514
132;38,61;-59,98;0,00;0,00;0,00;-0,06;0,00;0,00;308;73;154;25;19;358;153
133;41,55;-29,51;0,00;0,00;0,00;-0,03;0,00;0,00;250;174;123;37;27;240;316
134;55,40;20,17;0,00;0,00;0,00;0,02;0,00;0,00;381;11;112;32;30;627;931
135;57,39;107,88;0,00;0,00;0,00;0,11;0,00;0,00;400;198;181;13;24;269;806
136;35,34;-139,77;0,00;0,00;0,00;-0,14;0,00;0,00;462;160;42;14;39;687;245
137;75,45;287,74;0,00;0,00;0,00;0,29;0,00;0,00;176;190;85;45;16;475;942
138;50,65;24,44;0,00;0,00;0,00;0,02;0,00;0,00;297;99;139;34;23;769;940
139;31,10;-184,04;0,00;0,00;0,00;-0,18;0,00;0,00;25;148;137;15;24;687;196
140;51,30;14,70;0,00;0,00;0,00;0,01;0,00;0,00;408;18;41;33;39;608;465
141;46,27;-4,92;0,00;0,00;0,00;-0,00;0,00;0,00;276;164;48;32;25;830;219
142;42,05;-120,99;0,00;0,00;0,00;-0,12;0,00;0,00;195;101;161;17;17;513;891
143;32,19;-189,22;0,00;0,00;0,00;-0,19;0,00;0,00;431;41;124;31;32;373;877
144;35,05;-99,66;0,00;0,00;0,00;-0,10;0,00;0,00;424;196;83;47;25;652;142
145;66,84;144,84;0,00;0,00;0,00;0,14;0,00;0,00;81;98;197;21;24;700;649
146;64,53;98,65;0,00;0,00;0,00;0,10;0,00;0,00;483;85;162;36;19;311;862
147;53,69;29,90;0,00;0,00;0,00;0,03;0,00;0,00;488;47;65;37;36;539;536
148;37,65;-252,35;0,00;0,00;0,00;-0,25;0,00;0,00;451;10;79;46;23;324;341
149;40,97;-169,81;0,00;0,00;0,00;-0,17;0,00;0,00;449;83;147;49;20;257;692
150;44,50;-32,31;0,00;0,00;0,00;-0,03;0,00;0,00;246;107;140;29;34;927;152
151;49,74;-24,20;0,00;0,00;0,00;-0,02;0,00;0,00;211;138;184;29;24;607;534
152;26,68;-314,97;0,00;0,00;0,00;-0,31;0,00;0,00;318;19;164;42;33;187;933
153;84,57;432,48;0,00;0,00;0,00;0,43;0,00;0,00;250;146;53;35;22;556;993
154;20,80;-336,42;0,00;0,00;0,00;-0,34;0,00;0,00;467;104;124;42;30;948;411
155;36,82;-155,38;0,00;0,00;0,00;-0,16;0,00;0,00;228;29;73;35;27;699;416
156;56,72;64,81;0,00;0,00;0,00;0,06;0,00;0,00;460;61;45;39;25;110;546
157;34,20;-132,63;0,00;0,00;0,00;-0,13;0,00;0,00;280;44;108;20;26;548;459
158;59,70;101,65;0,00;0,00;0,00;0,10;0,00;0,00;290;169;133;31;32;895;858
159;49,05;16,05;0,00;0,00;0,00;0,02;0,00;0,00;465;157;175;10;30;421;424
160;66,68;138,97;0,00;0,00;0,00;0,14;0,00;0,00;451;195;41;33;20;966;176
161;33,35;-145,43;0,00;0,00;0,00;-0,15;0,00;0,00;321;92;141;48;20;471;406
162;54,59;109,26;0,00;0,00;0,00;0,11;0,00;0,00;413;179;37;19;18;653;668
163;46,72;10,04;0,00;0,00;0,00;0,01;0,00;0,00;29;138;148;49;21;826;850
164;55,04;-2,05;0,00;0,00;0,00;-0,00;0,00;0,00;32;199;125;17;31;511;157
165;50,15;80,62;0,00;0,00;0,00;0,08;0,00;0,00;442;33;122;34;33;750;115
166;57,34;30,06;0,00;0,00;0,00;0,03;0,00;0,00;484;163;85;46;19;842;445
167;80,18;298,91;0,00;0,00;0,00;0,30;0,00;0,00;425;197;147;14;31;949;328
168;23,84;-240,82;0,00;0,00;0,00;-0,24;0,00;0,00;122;118;119;13;19;252;983
169;71,10;289,51;0,00;0,00;0,00;0,29;0,00;0,00;32;179;33;36;33;405;582
170;58,27;193,68;0,00;0,00;0,00;0,19;0,00;0,00;240;39;181;31;30;547;214
171;44,83;-86,45;0,00;0,00;0,00;-0,09;0,00;0,00;411;76;134;48;16;482;474
172;48,70;-36,19;0,00;0,00;0,00;-0,04;0,00;0,00;487;173;49;36;39;669;940
173;67,28;184,68;0,00;0,00;0,00;0,18;0,00;0,00;337;11;64;33;30;200;899
174;48,72;1,32;0,00;0,00;0,00;0,00;0,00;0,00;170;80;30;19;34;293;810
175;42,50;-71,36;0,00;0,00;0,00;-0,07;0,00;0,00;142;31;176;40;16;215;353
176;50,24;-6,48;0,00;0,00;0,00;-0,01;0,00;0,00;437;35;13;30;28;565;400
177;47,40;-126,43;0,00;0,00;0,00;-0,13;0,00;0,00;92;112;47;45;34;454;636
178;40,01;-175,14;0,00;0,00;0,00;-0,18;0,00;0,00;433;125;38;16;35;855;887
179;59,51;148,20;0,00;0,00;0,00;0,15;0,00;0,00;421;148;83;48;18;967;824
180;50,52;-54,08;0,00;0,00;0,00;-0,05;0,00;0,00;224;165;123;13;21;971;627
181;43,16;-41,97;0,00;0,00;0,00;-0,04;0,00;0,00;258;157;150;45;33;148;199
182;31,10;-188,66;0,00;0,00;0,00;-0,19;0,00;0,00;368;88;24;42;23;244;831
183;70,97;314,43;0,00;0,00;0,00;0,31;0,00;0,00;109;129;166;14;19;532;273
184;41,96;-54,77;0,00;0,00;0,00;-0,05;0,00;0,00;347;58;102;43;36;894;760
185;37,47;-82,69;0,00;0,00;0,00;-0,08;0,00;0,00;340;158;62;18;28;341;575
186;42,55;-135,16;0,00;0,00;0,00;-0,14;0,00;0,00;40;165;115;32;35;251;117
187;57,55;113,05;0,00;0,00;0,00;0,11;0,00;0,00;239;137;103;47;30;441;721
188;58,11;20,32;0,00;0,00;0,00;0,02;0,00;0,00;44;40;173;13;22;266;432
189;62,83;179,33;0,00;0,00;0,00;0,18;0,00;0,00;190;61;87;20;16;753;105
190;25,93;-148,18;0,00;0,00;0,00;-0,15;0,00;0,00;451;177;159;33;23;493;570
191;54,66;203,80;0,00;0,00;0,00;0,20;0,00;0,00;100;137;22;33;15;842;559
192;35,04;-164,84;0,00;0,00;0,00;-0,16;0,00;0,00;440;97;180;17;15;428;950
193;37,56;-183,27;0,00;0,00;0,00;-0,18;0,00;0,00;170;55;134;20;17;189;629
194;50,58;-12,19;0,00;0,00;0,00;-0,01;0,00;0,00;72;178;162;25;30;588;504
195;57,30;14,03;0,00;0,00;0,00;0,01;0,00;0,00;129;107;55;38;34;881;757
196;13,29;-303,56;0,00;0,00;0,00;-0,30;0,00;0,00;70;94;192;11;25;825;296
197;72,90;223,22;0,00;0,00;0,00;0,22;0,00;0,00;119;42;23;49;37;575;114
198;50,34;2,65;0,00;0,00;0,00;0,00;0,00;0,00;400;150;51;48;28;930;674
199;52,71;57,69;0,00;0,00;0,00;0,06;0,00;0,00;294;166;138;32;26;125;351
200;49,46;53,25;0,00;0,00;0,00;0,05;0,00;0,00;390;27;70;44;29;984;112
201;50,51;35,56;0,00;0,00;0,00;0,04;0,00;0,00;217;169;189;37;16;932;486
202;11,44;-466,00;0,00;0,00;0,00;-0,47;0,00;0,00;294;106;47;16;28;330;636
203;18,77;-195,49;0,00;0,00;0,00;-0,20;0,00;0,00;482;18;158;14;24;919;322
204;39,14;-98,86;0,00;0,00;0,00;-0,10;0,00;0,00;129;118;100;29;24;830;724
205;32,39;-205,32;0,00;0,00;0,00;-0,21;0,00;0,00;139;74;41;32;38;749;492
206;55,87;22,51;0,00;0,00;0,00;0,02;0,00;0,00;415;81;180;20;19;903;660
207;62,81;82,35;0,00;0,00;0,00;0,08;0,00;0,00;24;124;161;27;29;431;395
208;73,75;208,75;0,00;0,00;0,00;0,21;0,00;0,00;461;126;130;15;22;623;436
209;73,02;253,56;0,00;0,00;0,00;0,25;0,00;0,00;386;181;65;44;30;820;159
210;40,61;-106,77;0,00;0,00;0,00;-0,11;0,00;0,00;474;95;100;10;28;159;311
211;50,69;40,06;0,00;0,00;0,00;0,04;0,00;0,00;189;78;79;42;26;915;995
212;42,26;-143,49;0,00;0,00;0,00;-0,14;0,00;0,00;400;72;78;14;33;281;315
213;22,39;-270,74;0,00;0,00;0,00;-0,27;0,00;0,00;135;56;122;27;37;959;320
214;58,74;131,26;0,00;0,00;0,00;0,13;0,00;0,00;314;33;24;22;29;651;916
215;37,19;-82,92;0,00;0,00;0,00;-0,08;0,00;0,00;198;179;46;43;16;363;376
216;32,75;-209,83;0,00;0,00;0,00;-0,21;0,00;0,00;224;153;13;24;28;806;254
217;55,52;70,16;0,00;0,00;0,00;0,07;0,00;0,00;482;145;48;13;16;666;837
218;47,61;-145,66;0,00;0,00;0,00;-0,15;0,00;0,00;255;166;107;18;20;572;740
219;54,54;128,85;0,00;0,00;0,00;0,13;0,00;0,00;299;46;63;24;19;711;911
220;42,97;-48,08;0,00;0,00;0,00;-0,05;0,00;0,00;386;181;68;26;17;372;878
221;43,63;-99,41;0,00;0,00;0,00;-0,10;0,00;0,00;215;14;123;17;39;476;445
222;64,84;64,72;0,00;0,00;0,00;0,06;0,00;0,00;261;135;39;17;34;869;124
223;43,24;5,72;0,00;0,00;0,00;0,01;0,00;0,00;218;61;73;16;21;120;526
224;49,58;-17,09;0,00;0,00;0,00;-0,02;0,00;0,00;60;18;14;10;32;789;668
225;71,69;189,11;0,00;0,00;0,00;0,19;0,00;0,00;133;37;87;44;37;672;439
226;57,87;65,14;0,00;0,00;0,00;0,07;0,00;0,00;451;11;116;24;30;440;617
227;44,83;-81,76;0,00;0,00;0,00;-0,08;0,00;0,00;327;84;16;46;30;737;817
228;42,75;-25,28;0,00;0,00;0,00;-0,03;0,00;0,00;293;181;85;24;29;576;946
229;78,61;299,06;0,00;0,00;0,00;0,30;0,00;0,00;132;16;21;25;21;861;468
230;8,16;-424,40;0,00;0,00;0,00;-0,42;0,00;0,00;33;184;81;13;35;757;760
231;64,10;205,01;0,00;0,00;0,00;0,21;0,00;0,00;56;198;180;41;31;165;750
232;70,94;196,96;0,00;0,00;0,00;0,20;0,00;0,00;103;124;89;17;34;739;980
233;57,83;20,06;0,00;0,00;0,00;0,02;0,00;0,00;260;108;78;17;27;642;578
234;56,53;51,65;0,00;0,00;0,00;0,05;0,00;0,00;214;134;142;25;39;931;553
235;36,50;-154,62;0,00;0,00;0,00;-0,15;0,00;0,00;425;35;180;14;35;446;791
236;43,37;-115,44;0,00;0,00;0,00;-0,12;0,00;0,00;187;35;121;48;39;759;574
237;46,34;-14,27;0,00;0,00;0,00;-0,01;0,00;0,00;473;179;125;22;36;831;824
238;67,08;115,34;0,00;0,00;0,00;0,12;0,00;0,00;296;72;124;42;37;744;244
239;35,93;-147,13;0,00;0,00;0,00;-0,15;0,00;0,00;28;56;19;44;32;911;933
240;49,46;-17,64;0,00;0,00;0,00;-0,02;0,00;0,00;182;167;35;14;28;668;963
241;41,90;-92,63;0,00;0,00;0,00;-0,09;0,00;0,00;140;127;108;19;36;936;190
242;51,16;-97,60;0,00;0,00;0,00;-0,10;0,00;0,00;101;198;191;13;32;130;615
243;49,73;20,44;0,00;0,00;0,00;0,02;0,00;0,00;346;169;26;14;30;527;848
244;43,48;-114,03;0,00;0,00;0,00;-0,11;0,00;0,00;421;60;111;49;24;645;759
245;57,79;11,49;0,00;0,00;0,00;0,01;0,00;0,00;176;195;75;29;31;467;244
246;23,45;-262,61;0,00;0,00;0,00;-0,26;0,00;0,00;254;182;198;27;26;493;706
247;61,58;99,54;0,00;0,00;0,00;0,10;0,00;0,00;66;12;120;16;33;814;450
248;74,78;296,85;0,00;0,00;0,00;0,30;0,00;0,00;450;137;38;32;33;148;528
249;34,54;-245,76;0,00;0,00;0,00;-0,25;0,00;0,00;117;51;103;42;36;182;354
250;51,75;59,24;0,00;0,00;0,00;0,06;0,00;0,00;24;116;151;35;20;350;677
251;60,65;151,38;0,00;0,00;0,00;0,15;0,00;0,00;55;136;48;36;38;641;509
252;51,61;77,00;0,00;0,00;0,00;0,08;0,00;0,00;79;147;53;19;30;439;107
253;36,89;-74,57;0,00;0,00;0,00;-0,07;0,00;0,00;125;141;128;30;20;376;179
254;53,26;5,70;0,00;0,00;0,00;0,01;0,00;0,00;329;86;178;30;23;849;529
255;62,99;53,69;0,00;0,00;0,00;0,05;0,00;0,00;90;74;62;49;28;595;557
256;74,05;170,33;0,00;0,00;0,00;0,17;0,00;0,00;382;125;125;17;36;903;993
257;56,43;105,49;0,00;0,00;0,00;0,11;0,00;0,00;257;41;117;12;39;616;886
258;73,41;156,65;0,00;0,00;0,00;0,16;0,00;0,00;135;113;149;25;21;298;209
259;53,32;48,63;0,00;0,00;0,00;0,05;0,00;0,00;125;128;145;12;37;662;477
260;52,42;20,29;0,00;0,00;0,00;0,02;0,00;0,00;357;169;66;11;31;555;844
261;27,02;-232,36;0,00;0,00;0,00;-0,23;0,00;0,00;410;158;134;42;33;531;267
262;75,46;188,18;0,00;0,00;0,00;0,19;0,00;0,00;312;84;187;47;34;261;929
263;27,55;-176,63;0,00;0,00;0,00;-0,18;0,00;0,00;385;197;36;36;37;858;733
264;43,81;-15,95;0,00;0,00;0,00;-0,02;0,00;0,00;372;157;184;45;33;512;824
265;53,93;146,75;0,00;0,00;0,00;0,15;0,00;0,00;280;71;39;15;18;693;412
266;82,16;297,40;0,00;0,00;0,00;0,30;0,00;0,00;252;95;119;26;33;507;260
267;38,06;-147,97;0,00;0,00;0,00;-0,15;0,00;0,00;477;123;83;29;28;158;310
268;45,24;5,51;0,00;0,00;0,00;0,01;0,00;0,00;466;73;146;18;38;876;844
269;34,07;-183,87;0,00;0,00;0,00;-0,18;0,00;0,00;297;94;47;27;38;377;304
270;47,79;-14,85;0,00;0,00;0,00;-0,01;0,00;0,00;101;107;132;38;25;240;722
271;45,56;-48,93;0,00;0,00;0,00;-0,05;0,00;0,00;446;144;180;36;27;622;191
272;66,35;189,06;0,00;0,00;0,00;0,19;0,00;0,00;453;146;33;33;27;455;426
273;34,08;-85,41;0,00;0,00;0,00;-0,09;0,00;0,00;155;56;18;30;38;376;450
274;52,33;-26,40;0,00;0,00;0,00;-0,03;0,00;0,00;339;161;81;19;36;664;791
275;56,50;102,23;0,00;0,00;0,00;0,10;0,00;0,00;202;54;96;23;33;271;854
276;72,60;209,88;0,00;0,00;0,00;0,21;0,00;0,00;467;65;130;35;20;599;548
277;55,85;87,89;0,00;0,00;0,00;0,09;0,00;0,00;471;172;188;30;27;884;394
278;65,85;170,53;0,00;0,00;0,00;0,17;0,00;0,00;387;87;90;44;36;574;573
279;25,67;-195,90;0,00;0,00;0,00;-0,20;0,00;0,00;110;85;65;37;24;929;185
280;40,78;-37,77;0,00;0,00;0,00;-0,04;0,00;0,00;117;124;182;35;23;685;205
281;56,49;34,73;0,00;0,00;0,00;0,03;0,00;0,00;373;55;54;36;36;790;541
282;47,03;-39,71;0,00;0,00;0,00;-0,04;0,00;0,00;304;96;76;39;19;702;738
283;37,64;-49,59;0,00;0,00;0,00;-0,05;0,00;0,00;345;108;16;30;19;401;257
284;46,61;-2,60;0,00;0,00;0,00;-0,00;0,00;0,00;428;151;104;29;27;447;116
285;56,70;-113,23;0,00;0,00;0,00;-0,11;0,00;0,00;256;132;22;27;33;975;495
286;45,10;-147,27;0,00;0,00;0,00;-0,15;0,00;0,00;202;114;169;14;23;525;459
287;16,09;-347,17;0,00;0,00;0,00;-0,35;0,00;0,00;422;43;142;42;28;624;552
288;58,02;-48,32;0,00;0,00;0,00;-0,05;0,00;0,00;97;144;22;45;24;958;472
289;55,83;-35,71;0,00;0,00;0,00;-0,04;0,00;0,00;441;189;139;47;37;387;673
290;61,12;101,40;0,00;0,00;0,00;0,10;0,00;0,00;56;108;114;13;24;709;335
291;38,72;-143,56;0,00;0,00;0,00;-0,14;0,00;0,00;205;166;101;49;29;696;721
292;5,81;-399,97;0,00;0,00;0,00;-0,40;0,00;0,00;179;133;171;44;25;117;701
293;38,85;-133,72;0,00;0,00;0,00;-0,13;0,00;0,00;199;61;29;18;26;359;446
294;82,83;313,66;0,00;0,00;0,00;0,31;0,00;0,00;15;43;148;49;38;754;660
295;83,53;313,41;0,00;0,00;0,00;0,31;0,00;0,00;125;20;159;15;23;460;273
296;52,06;51,66;0,00;0,00;0,00;0,05;0,00;0,00;265;169;126;14;15;927;921
297;44,85;-7,24;0,00;0,00;0,00;-0,01;0,00;0,00;381;169;156;43;15;251;778
298;47,66;-1,91;0,00;0,00;0,00;-0,00;0,00;0,00;153;97;16;20;18;760;551
299;65,89;142,36;0,00;0,00;0,00;0,14;0,00;0,00;136;35;61;10;31;445;554
300;66,67;150,71;0,00;0,00;0,00;0,15;0,00;0,00;263;27;116;31;32;311;278
301;22,21;-240,79;0,00;0,00;0,00;-0,24;0,00;0,00;477;71;56;26;24;228;430
302;80,63;265,75;0,00;0,00;0,00;0,27;0,00;0,00;435;122;149;44;19;581;617
303;67,60;136,33;0,00;0,00;0,00;0,14;0,00;0,00;478;185;169;38;28;578;251
304;56,64;76,11;0,00;0,00;0,00;0,08;0,00;0,00;147;171;155;27;24;268;577
305;57,15;109,67;0,00;0,00;0,00;0,11;0,00;0,00;92;142;99;40;39;239;738
306;47,49;42,43;0,00;0,00;0,00;0,04;0,00;0,00;438;187;74;36;15;952;592
307;65,50;153,80;0,00;0,00;0,00;0,15;0,00;0,00;183;16;80;28;17;521;282
308;54,64;-4,21;0,00;0,00;0,00;-0,00;0,00;0,00;328;189;129;34;24;795;148
309;54,56;-20,56;0,00;0,00;0,00;-0,02;0,00;0,00;349;37;74;15;21;273;650
310;36,73;-110,63;0,00;0,00;0,00;-0,11;0,00;0,00;298;45;18;27;34;503;850
311;42,43;-17,00;0,00;0,00;0,00;-0,02;0,00;0,00;132;178;142;25;35;911;828
312;14,39;-330,55;0,00;0,00;0,00;-0,33;0,00;0,00;286;128;134;19;35;227;424
313;78,27;200,99;0,00;0,00;0,00;0,20;0,00;0,00;69;114;49;37;31;331;924
314;56,76;112,86;0,00;0,00;0,00;0,11;0,00;0,00;202;151;74;15;29;685;291
315;62,13;124,98;0,00;0,00;0,00;0,12;0,00;0,00;42;100;97;11;16;164;879
316;54,49;68,38;0,00;0,00;0,00;0,07;0,00;0,00;247;154;161;17;15;650;441
317;38,62;-142,62;0,00;0,00;0,00;-0,14;0,00;0,00;114;164;67;19;34;302;281
318;47,39;0,44;0,00;0,00;0,00;0,00;0,00;0,00;63;86;134;14;35;580;307
319;53,28;58,21;0,00;0,00;0,00;0,06;0,00;0,00;279;96;90;26;19;927;536
320;24,47;-344,71;0,00;0,00;0,00;-0,34;0,00;0,00;52;25;128;20;25;240;559
321;67,16;210,70;0,00;0,00;0,00;0,21;0,00;0,00;55;117;139;17;16;135;129
322;25,68;-273,01;0,00;0,00;0,00;-0,27;0,00;0,00;347;165;132;27;32;116;606
323;41,85;-93,20;0,00;0,00;0,00;-0,09;0,00;0,00;163;102;12;26;39;704;985
324;63,44;154,91;0,00;0,00;0,00;0,15;0,00;0,00;408;190;42;16;27;939;125
325;66,77;104,66;0,00;0,00;0,00;0,10;0,00;0,00;416;94;38;27;35;911;780
326;28,65;-186,54;0,00;0,00;0,00;-0,19;0,00;0,00;63;136;58;23;34;774;117
327;47,34;69,97;0,00;0,00;0,00;0,07;0,00;0,00;224;56;68;13;38;252;205
328;32,22;-145,56;0,00;0,00;0,00;-0,15;0,00;0,00;362;92;71;41;21;803;322
329;37,19;-100,91;0,00;0,00;0,00;-0,10;0,00;0,00;459;183;16;11;25;213;689
330;32,59;-238,81;0,00;0,00;0,00;-0,24;0,00;0,00;199;104;149;32;32;429;626
331;35,73;-203,94;0,00;0,00;0,00;-0,20;0,00;0,00;69;124;60;36;29;968;252
332;40,22;-126,35;0,00;0,00;0,00;-0,13;0,00;0,00;410;24;11;48;26;424;840
333;58,44;72,54;0,00;0,00;0,00;0,07;0,00;0,00;370;88;57;18;25;281;359
334;45,03;-20,82;0,00;0,00;0,00;-0,02;0,00;0,00;165;178;145;27;23;569;773
335;34,97;-264,36;0,00;0,00;0,00;-0,26;0,00;0,00;49;63;26;36;25;949;532
336;69,37;112,67;0,00;0,00;0,00;0,11;0,00;0,00;15;26;104;22;23;273;737
337;57,63;67,95;0,00;0,00;0,00;0,07;0,00;0,00;488;86;138;22;26;892;841
338;27,83;-168,61;0,00;0,00;0,00;-0,17;0,00;0,00;60;41;73;33;31;170;617
339;50,77;-24,15;0,00;0,00;0,00;-0,02;0,00;0,00;285;49;57;22;29;883;927
340;40,82;-78,82;0,00;0,00;0,00;-0,08;0,00;0,00;488;28;128;16;25;885;403
341;46,45;-13,42;0,00;0,00;0,00;-0,01;0,00;0,00;356;92;156;31;37;427;640
342;34,76;-120,87;0,00;0,00;0,00;-0,12;0,00;0,00;271;114;159;13;36;185;630
343;42,02;-71,23;0,00;0,00;0,00;-0,07;0,00;0,00;216;18;77;12;36;243;472
344;74,69;193,24;0,00;0,00;0,00;0,19;0,00;0,00;461;198;125;33;37;184;144
345;59,83;104,96;0,00;0,00;0,00;0,10;0,00;0,00;290;74;162;41;17;717;689
346;82,60;294,00;0,00;0,00;0,00;0,29;0,00;0,00;489;76;69;13;32;545;699
347;52,26;102,70;0,00;0,00;0,00;0,10;0,00;0,00;371;115;84;31;21;638;348
348;43,48;-94,06;0,00;0,00;0,00;-0,09;0,00;0,00;415;53;35;35;37;448;837
349;67,32;309,58;0,00;0,00;0,00;0,31;0,00;0,00;201;168;59;15;29;372;838
350;72,23;108,28;0,00;0,00;0,00;0,11;0,00;0,00;283;77;72;46;33;637;243
351;57,13;197,65;0,00;0,00;0,00;0,20;0,00;0,00;461;64;159;43;36;532;298
352;62,71;96,69;0,00;0,00;0,00;0,10;0,00;0,00;271;44;15;36;38;333;670
353;58,95;172,62;0,00;0,00;0,00;0,17;0,00;0,00;321;49;61;19;20;677;979
354;42,80;-107,10;0,00;0,00;0,00;-0,11;0,00;0,00;347;60;94;10;19;586;482
355;36,34;-86,87;0,00;0,00;0,00;-0,09;0,00;0,00;107;157;23;30;35;558;183
356;86,40;399,59;0,00;0,00;0,00;0,40;0,00;0,00;253;59;105;43;17;382;715
357;47,52;1,06;0,00;0,00;0,00;0,00;0,00;0,00;385;78;134;17;34;230;369
358;33,29;-172,09;0,00;0,00;0,00;-0,17;0,00;0,00;442;180;100;14;36;943;597
359;36,23;-60,17;0,00;0,00;0,00;-0,06;0,00;0,00;250;95;135;29;24;667;299
360;59,38;38,17;0,00;0,00;0,00;0,04;0,00;0,00;281;77;48;25;22;786;711
361;57,84;72,57;0,00;0,00;0,00;0,07;0,00;0,00;180;91;65;43;38;893;224
362;65,93;143,96;0,00;0,00;0,00;0,14;0,00;0,00;32;93;58;19;37;810;991
363;53,69;-39,27;0,00;0,00;0,00;-0,04;0,00;0,00;239;124;149;12;21;645;821
364;57,57;111,54;0,00;0,00;0,00;0,11;0,00;0,00;83;107;181;29;17;850;896
365;47,30;-41,13;0,00;0,00;0,00;-0,04;0,00;0,00;184;77;79;15;28;430;937
366;33,80;-175,59;0,00;0,00;0,00;-0,18;0,00;0,00;79;45;191;44;25;935;910
367;42,37;-106,08;0,00;0,00;0,00;-0,11;0,00;0,00;312;35;99;33;26;202;244
368;37,38;-150,14;0,00;0,00;0,00;-0,15;0,00;0,00;486;20;107;40;35;294;446
369;67,94;73,21;0,00;0,00;0,00;0,07;0,00;0,00;233;110;47;13;35;977;944
370;67,93;163,71;0,00;0,00;0,00;0,16;0,00;0,00;106;145;134;25;32;994;348
371;66,46;189,19;0,00;0,00;0,00;0,19;0,00;0,00;307;78;86;36;39;816;808
372;31,82;-112,63;0,00;0,00;0,00;-0,11;0,00;0,00;64;43;166;27;18;326;521
373;42,60;-39,15;0,00;0,00;0,00;-0,04;0,00;0,00;391;152;192;11;18;978;100
374;65,22;146,71;0,00;0,00;0,00;0,15;0,00;0,00;161;37;46;32;19;667;300
375;26,46;-288,98;0,00;0,00;0,00;-0,29;0,00;0,00;126;174;175;42;20;126;523
376;40,25;-125,84;0,00;0,00;0,00;-0,13;0,00;0,00;174;154;172;40;30;799;634
377;36,15;-174,06;0,00;0,00;0,00;-0,17;0,00;0,00;246;54;197;44;23;925;992
378;47,36;-9,26;0,00;0,00;0,00;-0,01;0,00;0,00;402;105;146;42;32;695;201
379;61,32;110,02;0,00;0,00;0,00;0,11;0,00;0,00;227;52;129;13;18;242;509
380;44,37;-123,60;0,00;0,00;0,00;-0,12;0,00;0,00;481;89;138;40;18;707;800
381;52,44;64,58;0,00;0,00;0,00;0,06;0,00;0,00;478;158;73;16;37;405;497
382;65,70;169,25;0,00;0,00;0,00;0,17;0,00;0,00;273;181;91;29;21;531;640
383;47,00;-20,18;0,00;0,00;0,00;-0,02;0,00;0,00;89;182;167;41;17;304;751
384;55,64;-29,49;0,00;0,00;0,00;-0,03;0,00;0,00;199;162;126;43;16;133;644
385;84,06;266,54;0,00;0,00;0,00;0,27;0,00;0,00;294;53;53;30;15;303;287
386;76,26;202,28;0,00;0,00;0,00;0,20;0,00;0,00;157;78;195;27;26;422;556
387;66,95;187,98;0,00;0,00;0,00;0,19;0,00;0,00;117;132;62;18;19;718;488
388;66,64;84,71;0,00;0,00;0,00;0,08;0,00;0,00;55;34;92;15;28;706;443
389;59,55;139,73;0,00;0,00;0,00;0,14;0,00;0,00;406;190;125;10;17;955;460
390;30,85;-203,22;0,00;0,00;0,00;-0,20;0,00;0,00;128;161;107;19;31;753;294
391;54,74;60,74;0,00;0,00;0,00;0,06;0,00;0,00;336;101;27;18;25;833;592
392;88,56;443,21;0,00;0,00;0,00;0,44;0,00;0,00;242;79;172;21;36;762;960
393;47,89;27,53;0,00;0,00;0,00;0,03;0,00;0,00;303;173;69;36;17;510;424
394;66,46;198,28;0,00;0,00;0,00;0,20;0,00;0,00;113;27;95;13;32;894;673
395;55,55;34,54;0,00;0,00;0,00;0,03;0,00;0,00;150;48;165;18;18;330;994
396;47,40;48,14;0,00;0,00;0,00;0,05;0,00;0,00;90;92;14;35;26;491;574
397;65,21;140,70;0,00;0,00;0,00;0,14;0,00;0,00;89;103;23;48;26;510;896
398;71,20;288,77;0,00;0,00;0,00;0,29;0,00;0,00;44;53;198;39;20;296;701
399;41,07;-111,42;0,00;0,00;0,00;-0,11;0,00;0,00;21;99;122;30;37;414;311
400;30,99;-194,77;0,00;0,00;0,00;-0,19;0,00;0,00;179;18;23;35;18;576;938
401;56,21;80,41;0,00;0,00;0,00;0,08;0,00;0,00;367;156;109;39;30;753;701
402;65,63;100,96;0,00;0,00;0,00;0,10;0,00;0,00;302;197;25;15;17;221;656
403;29,89;-272,93;0,00;0,00;0,00;-0,27;0,00;0,00;281;156;19;20;26;390;168
404;47,64;-90,20;0,00;0,00;0,00;-0,09;0,00;0,00;255;120;190;28;39;317;307
405;49,53;-21,94;0,00;0,00;0,00;-0,02;0,00;0,00;428;120;87;48;17;277;566
406;58,57;-82,35;0,00;0,00;0,00;-0,08;0,00;0,00;485;99;64;19;22;236;608
407;49,21;32,77;0,00;0,00;0,00;0,03;0,00;0,00;138;39;102;43;27;146;231
408;35,44;-170,05;0,00;0,00;0,00;-0,17;0,00;0,00;366;20;178;42;23;416;556
409;58,86;105,80;0,00;0,00;0,00;0,11;0,00;0,00;481;21;119;21;27;700;737
410;40,49;-75,61;0,00;0,00;0,00;-0,08;0,00;0,00;191;170;23;17;27;278;378
411;56,15;114,96;0,00;0,00;0,00;0,11;0,00;0,00;97;160;122;19;39;331;620
412;39,67;-136,78;0,00;0,00;0,00;-0,14;0,00;0,00;94;86;146;46;18;957;292
413;60,68;111,88;0,00;0,00;0,00;0,11;0,00;0,00;263;178;44;29;33;669;324
414;37,16;-77,02;0,00;0,00;0,00;-0,08;0,00;0,00;461;11;116;36;15;215;115
415;61,38;76,74;0,00;0,00;0,00;0,08;0,00;0,00;282;73;21;13;27;348;745
416;54,89;15,34;0,00;0,00;0,00;0,02;0,00;0,00;385;175;31;47;36;835;520
417;62,82;187,62;0,00;0,00;0,00;0,19;0,00;0,00;268;21;159;23;30;232;535
418;46,79;-2,22;0,00;0,00;0,00;-0,00;0,00;0,00;38;28;127;22;39;323;543
419;57,77;81,82;0,00;0,00;0,00;0,08;0,00;0,00;40;30;115;43;37;915;637
420;49,88;-11,52;0,00;0,00;0,00;-0,01;0,00;0,00;82;54;44;39;20;945;940
421;79,39;249,56;0,00;0,00;0,00;0,25;0,00;0,00;480;81;134;15;37;140;903
422;66,39;102,61;0,00;0,00;0,00;0,10;0,00;0,00;442;182;34;39;36;865;395
423;52,70;36,15;0,00;0,00;0,00;0,04;0,00;0,00;329;71;47;22;18;587;326
424;44,44;-70,39;0,00;0,00;0,00;-0,07;0,00;0,00;246;176;56;34;23;637;539
425;60,13;-48,02;0,00;0,00;0,00;-0,05;0,00;0,00;421;42;190;18;25;306;568
426;59,25;172,87;0,00;0,00;0,00;0,17;0,00;0,00;346;59;156;35;25;975;430
427;53,64;73,45;0,00;0,00;0,00;0,07;0,00;0,00;433;68;28;22;24;607;834
428;78,05;335,77;0,00;0,00;0,00;0,34;0,00;0,00;169;158;149;16;17;575;670
429;53,98;-10,20;0,00;0,00;0,00;-0,01;0,00;0,00;485;165;187;46;36;680;118
430;14,93;-334,10;0,00;0,00;0,00;-0,33;0,00;0,00;69;78;54;49;26;177;610
431;45,19;-135,65;0,00;0,00;0,00;-0,14;0,00;0,00;401;45;10;32;16;482;302
432;82,96;270,84;0,00;0,00;0,00;0,27;0,00;0,00;73;124;141;26;16;468;578
433;49,11;-99,60;0,00;0,00;0,00;-0,10;0,00;0,00;179;103;119;44;24;997;497
434;25,73;-239,01;0,00;0,00;0,00;-0,24;0,00;0,00;17;180;196;28;38;503;444
435;36,94;-180,72;0,00;0,00;0,00;-0,18;0,00;0,00;65;74;183;48;39;482;646
436;40,58;-125,90;0,00;0,00;0,00;-0,13;0,00;0,00;137;113;70;48;16;678;316
437;58,59;85,19;0,00;0,00;0,00;0,09;0,00;0,00;367;181;81;17;23;518;746
438;51,80;-2,81;0,00;0,00;0,00;-0,00;0,00;0,00;395;96;119;49;20;981;322
439;55,57;18,27;0,00;0,00;0,00;0,02;0,00;0,00;319;31;194;22;39;903;669
440;59,65;20,90;0,00;0,00;0,00;0,02;0,00;0,00;499;126;11;44;28;208;818
441;67,53;202,88;0,00;0,00;0,00;0,20;0,00;0,00;47;191;114;14;19;642;790
442;40,37;-123,44;0,00;0,00;0,00;-0,12;0,00;0,00;55;73;117;45;27;994;995
443;49,11;2,63;0,00;0,00;0,00;0,00;0,00;0,00;130;87;39;48;32;339;123
444;42,34;-137,80;0,00;0,00;0,00;-0,14;0,00;0,00;178;185;74;37;27;650;196
445;24,83;-251,04;0,00;0,00;0,00;-0,25;0,00;0,00;125;83;70;16;36;809;740
446;19,89;-351,12;0,00;0,00;0,00;-0,35;0,00;0,00;426;168;13;24;30;957;156
447;31,63;-149,36;0,00;0,00;0,00;-0,15;0,00;0,00;457;52;189;14;22;986;160
448;7,88;-381,45;0,00;0,00;0,00;-0,38;0,00;0,00;113;145;164;34;34;645;102
449;34,66;-185,56;0,00;0,00;0,00;-0,19;0,00;0,00;424;133;124;27;33;384;793
450;62,34;96,00;0,00;0,00;0,00;0,10;0,00;0,00;261;42;142;29;19;369;375
451;56,85;48,87;0,00;0,00;0,00;0,05;0,00;0,00;288;91;186;21;36;160;602
452;52,65;76,24;0,00;0,00;0,00;0,08;0,00;0,00;47;55;64;42;38;697;309
453;47,14;-89,08;0,00;0,00;0,00;-0,09;0,00;0,00;254;110;129;39;38;535;486
454;88,33;377,61;0,00;0,00;0,00;0,38;0,00;0,00;241;23;158;45;20;491;926
455;35,76;-167,02;0,00;0,00;0,00;-0,17;0,00;0,00;242;170;178;25;37;521;323
456;40,30;-111,30;0,00;0,00;0,00;-0,11;0,00;0,00;75;123;104;43;39;185;944
457;52,48;36,89;0,00;0,00;0,00;0,04;0,00;0,00;332;72;178;48;26;882;274
458;76,35;281,54;0,00;0,00;0,00;0,28;0,00;0,00;342;117;63;24;26;880;650
459;54,72;82,39;0,00;0,00;0,00;0,08;0,00;0,00;101;193;14;17;30;157;542
460;64,11;177,33;0,00;0,00;0,00;0,18;0,00;0,00;472;93;63;32;17;995;677
461;38,29;-162,14;0,00;0,00;0,00;-0,16;0,00;0,00;353;33;45;44;37;745;244
462;43,06;-82,00;0,00;0,00;0,00;-0,08;0,00;0,00;478;95;18;43;32;724;257
463;58,54;75,48;0,00;0,00;0,00;0,08;0,00;0,00;78;16;114;18;16;494;852
464;61,29;172,82;0,00;0,00;0,00;0,17;0,00;0,00;361;50;97;39;17;991;216
465;73,31;145,00;0,00;0,00;0,00;0,15;0,00;0,00;122;117;150;29;17;844;427
466;48,65;21,91;0,00;0,00;0,00;0,02;0,00;0,00;362;126;94;35;24;803;200
467;58,53;55,39;0,00;0,00;0,00;0,06;0,00;0,00;333;93;74;28;35;986;633
468;75,97;314,28;0,00;0,00;0,00;0,31;0,00;0,00;169;99;41;27;39;389;337
469;91,62;419,33;0,00;0,00;0,00;0,42;0,00;0,00;454;69;131;25;18;848;353
470;46,26;-72,51;0,00;0,00;0,00;-0,07;0,00;0,00;476;161;28;35;25;172;433
471;48,05;34,98;0,00;0,00;0,00;0,03;0,00;0,00;253;89;189;16;36;604;178
472;42,72;-65,55;0,00;0,00;0,00;-0,07;0,00;0,00;484;50;122;14;21;767;330
473;56,38;150,54;0,00;0,00;0,00;0,15;0,00;0,00;249;10;52;10;17;211;631
474;43,66;-90,30;0,00;0,00;0,00;-0,09;0,00;0,00;479;121;179;44;30;361;552
475;61,24;147,79;0,00;0,00;0,00;0,15;0,00;0,00;126;50;11;39;39;462;246
476;40,22;-123,35;0,00;0,00;0,00;-0,12;0,00;0,00;88;34;74;46;31;273;805
477;55,46;15,79;0,00;0,00;0,00;0,02;0,00;0,00;58;160;126;49;15;261;396
478;44,55;-43,01;0,00;0,00;0,00;-0,04;0,00;0,00;59;160;132;24;16;939;741
479;49,45;-15,91;0,00;0,00;0,00;-0,02;0,00;0,00;37;173;144;44;34;873;878
480;60,08;112,44;0,00;0,00;0,00;0,11;0,00;0,00;324;132;80;13;34;179;676
481;41,52;-63,12;0,00;0,00;0,00;-0,06;0,00;0,00;441;11;109;30;35;241;963
482;69,38;196,95;0,00;0,00;0,00;0,20;0,00;0,00;234;55;10;15;25;106;499
483;30,61;-239,11;0,00;0,00;0,00;-0,24;0,00;0,00;350;190;53;28;38;521;761
484;68,63;160,69;0,00;0,00;0,00;0,16;0,00;0,00;431;158;162;26;39;802;936
485;70,35;160,01;0,00;0,00;0,00;0,16;0,00;0,00;29;86;179;35;32;181;639
486;34,26;-66,11;0,00;0,00;0,00;-0,07;0,00;0,00;169;88;126;42;32;577;450
487;75,41;282,36;0,00;0,00;0,00;0,28;0,00;0,00;411;173;198;14;21;779;282
488;44,01;-61,93;0,00;0,00;0,00;-0,06;0,00;0,00;404;114;152;10;20;588;143
489;46,01;32,33;0,00;0,00;0,00;0,03;0,00;0,00;240;46;75;13;32;869;285
490;71,51;145,55;0,00;0,00;0,00;0,15;0,00;0,00;112;30;27;35;32;453;537
491;82,53;309,89;0,00;0,00;0,00;0,31;0,00;0,00;139;188;134;42;33;490;897
492;69,36;229,43;0,00;0,00;0,00;0,23;0,00;0,00;364;87;56;11;30;739;181
493;43,82;-87,17;0,00;0,00;0,00;-0,09;0,00;0,00;377;104;155;22;29;768;955
494;34,37;-162,14;0,00;0,00;0,00;-0,16;0,00;0,00;414;36;62;25;25;207;473
495;58,51;96,88;0,00;0,00;0,00;0,10;0,00;0,00;53;38;43;37;31;194;300
496;72,96;198,08;0,00;0,00;0,00;0,20;0,00;0,00;312;47;132;41;17;503;661
497;49,51;-10,99;0,00;0,00;0,00;-0,01;0,00;0,00;37;46;145;16;26;779;497
498;44,59;-27,79;0,00;0,00;0,00;-0,03;0,00;0,00;55;187;65;32;37;762;823
499;49,57;-39,35;0,00;0,00;0,00;-0,04;0,00;0,00;439;21;67;16;24;449;893
500;34,89;-227,16;0,00;0,00;0,00;-0,23;0,00;0,00;367;28;187;29;19;819;423
501;29,11;-332,71;0,00;0,00;0,00;-0,33;0,00;0,00;56;45;159;48;29;900;777
502;80,77;222,73;0,00;0,00;0,00;0,22;0,00;0,00;181;85;111;15;15;127;187
503;72,10;210,62;0,00;0,00;0,00;0,21;0,00;0,00;244;45;11;26;22;210;858
504;41,94;-36,43;0,00;0,00;0,00;-0,04;0,00;0,00;256;166;71;30;30;893;752
505;50,81;94,23;0,00;0,00;0,00;0,09;0,00;0,00;434;75;18;40;20;843;841
506;42,86;-33,93;0,00;0,00;0,00;-0,03;0,00;0,00;78;87;199;43;23;770;856
507;44,99;-72,34;0,00;0,00;0,00;-0,07;0,00;0,00;10;36;96;40;35;866;594
508;32,69;-194,21;0,00;0,00;0,00;-0,19;0,00;0,00;317;127;12;48;17;357;257
509;22,15;-280,35;0,00;0,00;0,00;-0,28;0,00;0,00;279;67;131;47;25;567;646
510;83,41;364,03;0,00;0,00;0,00;0,36;0,00;0,00;329;159;198;49;21;423;453
511;49,89;-9,40;0,00;0,00;0,00;-0,01;0,00;0,00;348;161;111;26;37;331;855
512;36,47;-117,97;0,00;0,00;0,00;-0,12;0,00;0,00;11;102;16;11;26;568;374
513;49,97;41,66;0,00;0,00;0,00;0,04;0,00;0,00;489;147;162;38;15;181;912
514;56,19;105,52;0,00;0,00;0,00;0,11;0,00;0,00;24;55;116;48;16;537;328
515;56,99;61,84;0,00;0,00;0,00;0,06;0,00;0,00;399;159;21;38;31;972;715
516;64,66;124,00;0,00;0,00;0,00;0,12;0,00;0,00;49;79;105;15;36;767;438
517;21,47;-401,30;0,00;0,00;0,00;-0,40;0,00;0,00;443;78;21;41;35;453;721
518;42,07;-99,39;0,00;0,00;0,00;-0,10;0,00;0,00;321;54;31;39;22;231;816
519;55,15;42,07;0,00;0,00;0,00;0,04;0,00;0,00;48;30;65;14;38;617;171
520;48,92;-47,19;0,00;0,00;0,00;-0,05;0,00;0,00;15;151;120;18;30;761;678
521;29,61;-154,88;0,00;0,00;0,00;-0,15;0,00;0,00;240;64;132;16;29;255;212
522;61,43;76,58;0,00;0,00;0,00;0,08;0,00;0,00;92;16;187;23;22;577;816
523;35,63;-87,32;0,00;0,00;0,00;-0,09;0,00;0,00;481;121;142;34;23;926;189
524;73,35;255,33;0,00;0,00;0,00;0,26;0,00;0,00;390;30;71;18;36;558;102
525;50,47;-36,64;0,00;0,00;0,00;-0,04;0,00;0,00;281;63;22;10;22;933;871
526;65,27;109,65;0,00;0,00;0,00;0,11;0,00;0,00;435;23;124;11;26;782;318
527;60,95;92,52;0,00;0,00;0,00;0,09;0,00;0,00;102;115;13;36;35;734;846
528;49,18;-61,66;0,00;0,00;0,00;-0,06;0,00;0,00;436;184;60;19;32;649;416
529;48,40;-62,90;0,00;0,00;0,00;-0,06;0,00;0,00;93;108;92;37;34;708;819
530;57,20;116,91;0,00;0,00;0,00;0,12;0,00;0,00;103;156;191;26;23;493;608
531;31,41;-184,18;0,00;0,00;0,00;-0,18;0,00;0,00;232;167;192;31;19;151;947
532;44,11;-34,89;0,00;0,00;0,00;-0,03;0,00;0,00;479;168;14;24;17;830;567
533;31,15;-213,23;0,00;0,00;0,00;-0,21;0,00;0,00;301;109;172;38;39;370;563
534;56,98;70,66;0,00;0,00;0,00;0,07;0,00;0,00;382;47;22;14;15;964;615
535;87,34;385,47;0,00;0,00;0,00;0,39;0,00;0,00;120;104;149;23;30;163;596
536;52,38;-32,89;0,00;0,00;0,00;-0,03;0,00;0,00;299;116;23;20;38;696;567
537;50,99;13,57;0,00;0,00;0,00;0,01;0,00;0,00;230;116;92;18;33;667;519
538;45,88;21,30;0,00;0,00;0,00;0,02;0,00;0,00;230;184;146;12;27;335;827
539;65,60;161,32;0,00;0,00;0,00;0,16;0,00;0,00;278;158;37;14;35;285;763
540;55,49;80,91;0,00;0,00;0,00;0,08;0,00;0,00;434;70;101;45;19;846;205
541;54,08;97,89;0,00;0,00;0,00;0,10;0,00;0,00;357;125;16;33;28;427;274
542;18,65;-275,30;0,00;0,00;0,00;-0,28;0,00;0,00;78;144;84;22;28;505;136
543;53,04;81,66;0,00;0,00;0,00;0,08;0,00;0,00;462;123;118;10;35;459;205
544;49,25;24,43;0,00;0,00;0,00;0,02;0,00;0,00;27;22;119;10;36;845;487
545;28,31;-256,68;0,00;0,00;0,00;-0,26;0,00;0,00;69;53;134;47;38;497;284
546;68,36;201,72;0,00;0,00;0,00;0,20;0,00;0,00;223;173;106;37;31;935;154
547;54,47;9,52;0,00;0,00;0,00;0,01;0,00;0,00;399;131;53;10;26;946;466
548;32,65;-143,95;0,00;0,00;0,00;-0,14;0,00;0,00;412;136;115;10;38;781;484
549;69,72;203,46;0,00;0,00;0,00;0,20;0,00;0,00;371;102;17;34;33;640;929
550;55,75;-14,22;0,00;0,00;0,00;-0,01;0,00;0,00;437;181;129;26;37;864;120
551;38,47;-62,16;0,00;0,00;0,00;-0,06;0,00;0,00;350;104;127;25;16;414;809
552;31,97;-160,69;0,00;0,00;0,00;-0,16;0,00;0,00;309;176;47;31;39;357;668
553;63,88;151,34;0,00;0,00;0,00;0,15;0,00;0,00;109;144;72;38;17;900;239
554;54,18;33,20;0,00;0,00;0,00;0,03;0,00;0,00;129;54;87;19;27;706;437
555;13,72;-394,59;0,00;0,00;0,00;-0,39;0,00;0,00;430;178;134;17;27;930;150
556;68,70;150,59;0,00;0,00;0,00;0,15;0,00;0,00;91;185;96;16;22;743;383
557;50,14;118,46;0,00;0,00;0,00;0,12;0,00;0,00;227;173;69;35;22;956;752
558;35,18;-140,91;0,00;0,00;0,00;-0,14;0,00;0,00;278;77;71;40;34;167;490
559;52,87;92,51;0,00;0,00;0,00;0,09;0,00;0,00;80;147;122;47;38;360;399
560;64,64;188,56;0,00;0,00;0,00;0,19;0,00;0,00;85;50;138;10;19;707;360
561;51,94;-73,89;0,00;0,00;0,00;-0,07;0,00;0,00;32;95;46;30;34;158;487
562;43,12;-94,53;0,00;0,00;0,00;-0,09;0,00;0,00;134;129;185;43;22;384;341
563;37,50;-103,03;0,00;0,00;0,00;-0,10;0,00;0,00;360;46;139;23;27;453;645
564;67,59;245,21;0,00;0,00;0,00;0,25;0,00;0,00;228;185;116;14;39;801;441
565;43,52;-28,63;0,00;0,00;0,00;-0,03;0,00;0,00;58;88;10;42;19;700;973
566;39,37;-140,39;0,00;0,00;0,00;-0,14;0,00;0,00;348;189;82;32;19;979;434
567;42,08;-55,48;0,00;0,00;0,00;-0,06;0,00;0,00;245;72;37;47;29;676;528
568;78,28;343,25;0,00;0,00;0,00;0,34;0,00;0,00;499;19;136;32;22;456;840
569;44,55;-7,91;0,00;0,00;0,00;-0,01;0,00;0,00;405;46;25;26;28;596;797
570;37,37;-11,75;0,00;0,00;0,00;-0,01;0,00;0,00;65;62;144;48;17;110;659
571;68,25;62,30;0,00;0,00;0,00;0,06;0,00;0,00;273;46;154;44;17;343;998
572;45,50;-84,18;0,00;0,00;0,00;-0,08;0,00;0,00;194;75;67;30;21;356;975
573;58,12;58,12;0,00;0,00;0,00;0,06;0,00;0,00;294;113;99;42;24;488;324
574;34,29;-217,92;0,00;0,00;0,00;-0,22;0,00;0,00;416;23;109;47;33;125;881
575;54,69;78,14;0,00;0,00;0,00;0,08;0,00;0,00;496;123;44;37;15;213;344
576;57,08;31,62;0,00;0,00;0,00;0,03;0,00;0,00;50;144;48;46;35;795;374
577;51,80;35,14;0,00;0,00;0,00;0,04;0,00;0,00;489;24;23;29;28;522;835
578;55,13;15,83;0,00;0,00;0,00;0,02;0,00;0,00;273;165;97;13;29;670;203
579;43,08;-98,06;0,00;0,00;0,00;-0,10;0,00;0,00;66;20;67;22;29;379;295
580;46,21;-16,46;0,00;0,00;0,00;-0,02;0,00;0,00;122;158;40;15;39;516;907
581;59,05;48,29;0,00;0,00;0,00;0,05;0,00;0,00;102;166;161;23;36;530;895
582;56,55;61,96;0,00;0,00;0,00;0,06;0,00;0,00;310;55;197;47;32;540;981
583;44,30;-54,38;0,00;0,00;0,00;-0,05;0,00;0,00;363;89;125;23;32;176;110
584;50,52;-71,37;0,00;0,00;0,00;-0,07;0,00;0,00;127;149;86;47;26;253;194
585;69,37;229,57;0,00;0,00;0,00;0,23;0,00;0,00;329;94;155;16;38;822;530
586;31,34;-182,35;0,00;0,00;0,00;-0,18;0,00;0,00;449;174;184;41;29;930;386
587;75,51;300,25;0,00;0,00;0,00;0,30;0,00;0,00;489;137;195;34;25;480;984
588;44,12;-32,76;0,00;0,00;0,00;-0,03;0,00;0,00;110;59;160;17;18;161;725
589;46,84;-2,44;0,00;0,00;0,00;-0,00;0,00;0,00;201;91;173;26;19;142;698
590;53,08;-17,53;0,00;0,00;0,00;-0,02;0,00;0,00;109;39;92;26;18;768;400
591;32,44;-278,72;0,00;0,00;0,00;-0,28;0,00;0,00;349;100;62;12;31;158;609
592;42,10;-41,43;0,00;0,00;0,00;-0,04;0,00;0,00;204;140;171;18;22;801;905
593;49,35;-102,42;0,00;0,00;0,00;-0,10;0,00;0,00;180;186;123;26;23;642;133
594;23,63;-209,11;0,00;0,00;0,00;-0,21;0,00;0,00;323;40;87;14;19;404;137
595;24,52;-254,80;0,00;0,00;0,00;-0,25;0,00;0,00;87;34;130;47;19;901;734
596;68,66;190,35;0,00;0,00;0,00;0,19;0,00;0,00;122;134;22;23;31;692;572
597;77,98;228,54;0,00;0,00;0,00;0,23;0,00;0,00;365;122;90;36;35;782;944
598;59,67;82,80;0,00;0,00;0,00;0,08;0,00;0,00;150;11;143;32;29;531;129
599;58,84;56,14;0,00;0,00;0,00;0,06;0,00;0,00;391;26;108;49;29;718;250
600;51,79;24,00;0,00;0,00;0,00;0,02;0,00;0,00;209;12;121;40;23;459;980
601;35,00;-110,54;0,00;0,00;0,00;-0,11;0,00;0,00;111;195;10;27;21;731;993
602;43,61;-155,03;0,00;0,00;0,00;-0,16;0,00;0,00;498;45;119;41;37;494;327
603;70,90;175,66;0,00;0,00;0,00;0,18;0,00;0,00;232;19;192;12;28;656;612
604;30,39;-103,29;0,00;0,00;0,00;-0,10;0,00;0,00;358;87;175;23;39;925;340
605;44,47;-14,10;0,00;0,00;0,00;-0,01;0,00;0,00;442;13;145;27;19;741;215
606;23,39;-211,45;0,00;0,00;0,00;-0,21;0,00;0,00;32;28;138;14;32;370;511
607;43,76;7,37;0,00;0,00;0,00;0,01;0,00;0,00;45;196;165;38;21;960;909
608;41,19;-41,41;0,00;0,00;0,00;-0,04;0,00;0,00;432;66;41;28;21;685;358
609;41,36;-106,22;0,00;0,00;0,00;-0,11;0,00;0,00;360;106;54;22;38;107;262
610;67,41;221,04;0,00;0,00;0,00;0,22;0,00;0,00;428;154;14;15;30;163;560
611;62,29;122,16;0,00;0,00;0,00;0,12;0,00;0,00;284;147;33;12;38;339;916
612;41,26;-30,46;0,00;0,00;0,00;-0,03;0,00;0,00;253;87;184;11;28;883;978
613;50,72;-26,69;0,00;0,00;0,00;-0,03;0,00;0,00;208;127;39;18;18;571;511
614;60,28;80,19;0,00;0,00;0,00;0,08;0,00;0,00;213;132;177;22;25;923;605
615;46,44;92,28;0,00;0,00;0,00;0,09;0,00;0,00;307;99;44;14;17;331;355
616;26,88;-217,45;0,00;0,00;0,00;-0,22;0,00;0,00;73;151;101;10;21;402;480
617;52,15;-40,62;0,00;0,00;0,00;-0,04;0,00;0,00;303;133;174;42;17;126;244
618;59,69;172,54;0,00;0,00;0,00;0,17;0,00;0,00;226;144;126;22;24;452;299
619;47,55;-59,80;0,00;0,00;0,00;-0,06;0,00;0,00;164;144;69;33;18;508;205
620;60,40;101,19;0,00;0,00;0,00;0,10;0,00;0,00;461;141;130;18;25;981;436
621;74,49;218,03;0,00;0,00;0,00;0,22;0,00;0,00;360;133;75;24;38;930;585
622;19,91;-315,52;0,00;0,00;0,00;-0,32;0,00;0,00;127;58;49;29;39;459;345
623;67,68;179,87;0,00;0,00;0,00;0,18;0,00;0,00;326;108;93;27;15;195;292
624;66,64;147,57;0,00;0,00;0,00;0,15;0,00;0,00;355;115;155;28;17;804;668
625;60,13;219,54;0,00;0,00;0,00;0,22;0,00;0,00;46;48;33;41;19;346;540
626;52,91;10,19;0,00;0,00;0,00;0,01;0,00;0,00;449;115;19;21;35;707;660
627;86,02;390,33;0,00;0,00;0,00;0,39;0,00;0,00;189;37;128;25;23;933;947
628;46,66;54,39;0,00;0,00;0,00;0,05;0,00;0,00;203;28;177;35;29;459;484
629;69,83;114,58;0,00;0,00;0,00;0,11;0,00;0,00;58;151;45;21;17;932;421
630;55,48;176,14;0,00;0,00;0,00;0,18;0,00;0,00;179;51;91;24;35;878;734
631;47,56;-141,72;0,00;0,00;0,00;-0,14;0,00;0,00;337;61;54;14;21;559;452
632;33,59;-132,71;0,00;0,00;0,00;-0,13;0,00;0,00;178;42;65;28;16;387;268
633;54,78;82,34;0,00;0,00;0,00;0,08;0,00;0,00;324;85;193;17;39;251;377
634;34,88;-208,98;0,00;0,00;0,00;-0,21;0,00;0,00;384;90;189;17;23;214;569
635;40,04;-9,08;0,00;0,00;0,00;-0,01;0,00;0,00;125;156;38;35;25;287;390
636;47,38;-53,18;0,00;0,00;0,00;-0,05;0,00;0,00;202;102;112;26;19;797;827
637;34,95;-128,93;0,00;0,00;0,00;-0,13;0,00;0,00;461;139;138;39;31;386;727
638;69,39;237,42;0,00;0,00;0,00;0,24;0,00;0,00;298;164;184;41;37;740;370
639;38,12;-126,75;0,00;0,00;0,00;-0,13;0,00;0,00;91;54;59;39;21;192;467
640;39,08;-121,47;0,00;0,00;0,00;-0,12;0,00;0,00;50;182;183;16;15;264;619
641;46,01;6,30;0,00;0,00;0,00;0,01;0,00;0,00;204;39;12;30;19;682;586
642;31,75;-298,46;0,00;0,00;0,00;-0,30;0,00;0,00;69;34;69;11;33;123;916
643;54,54;97,32;0,00;0,00;0,00;0,10;0,00;0,00;124;79;11;24;38;629;146
644;49,89;71,02;0,00;0,00;0,00;0,07;0,00;0,00;214;145;169;31;31;215;164
645;20,72;-240,18;0,00;0,00;0,00;-0,24;0,00;0,00;464;38;54;30;21;773;218
646;39,29;-97,37;0,00;0,00;0,00;-0,10;0,00;0,00;297;54;92;14;39;316;940
647;73,88;261,54;0,00;0,00;0,00;0,26;0,00;0,00;234;38;12;33;25;698;880
648;62,20;170,93;0,00;0,00;0,00;0,17;0,00;0,00;96;102;69;27;19;425;529
649;29,55;-139,94;0,00;0,00;0,00;-0,14;0,00;0,00;279;31;100;20;23;114;853
650;44,99;-37,47;0,00;0,00;0,00;-0,04;0,00;0,00;298;51;111;33;15;783;764
651;51,81;26,15;0,00;0,00;0,00;0,03;0,00;0,00;389;76;100;40;27;738;468
652;67,30;210,36;0,00;0,00;0,00;0,21;0,00;0,00;494;89;151;36;17;432;760
653;43,78;5,58;0,00;0,00;0,00;0,01;0,00;0,00;60;32;28;32;24;204;156
654;43,66;-71,93;0,00;0,00;0,00;-0,07;0,00;0,00;450;51;86;44;33;678;694
655;52,13;20,96;0,00;0,00;0,00;0,02;0,00;0,00;261;46;86;41;23;926;731
656;45,61;-58,00;0,00;0,00;0,00;-0,06;0,00;0,00;480;92;192;10;28;946;632
657;43,24;-129,94;0,00;0,00;0,00;-0,13;0,00;0,00;155;21;147;34;25;906;670
658;66,04;82,75;0,00;0,00;0,00;0,08;0,00;0,00;250;45;107;41;36;589;888
659;74,59;308,76;0,00;0,00;0,00;0,31;0,00;0,00;442;160;109;49;20;125;295
660;45,27;-63,46;0,00;0,00;0,00;-0,06;0,00;0,00;382;26;97;28;37;541;905
661;57,05;93,59;0,00;0,00;0,00;0,09;0,00;0,00;333;96;172;18;35;659;772
662;56,84;123,56;0,00;0,00;0,00;0,12;0,00;0,00;271;177;67;33;20;211;287
663;75,90;245,97;0,00;0,00;0,00;0,25;0,00;0,00;419;157;79;46;20;916;786
664;69,73;204,24;0,00;0,00;0,00;0,20;0,00;0,00;248;128;90;22;22;267;585
665;62,38;79,00;0,00;0,00;0,00;0,08;0,00;0,00;387;48;60;24;28;210;745
666;59,70;57,42;0,00;0,00;0,00;0,06;0,00;0,00;296;127;107;19;38;410;742
667;66,79;188,42;0,00;0,00;0,00;0,19;0,00;0,00;163;196;80;49;32;198;971
668;40,69;-64,30;0,00;0,00;0,00;-0,06;0,00;0,00;373;83;33;46;24;686;695
669;21,84;-327,85;0,00;0,00;0,00;-0,33;0,00;0,00;99;58;92;27;16;242;498
670;61,04;207,69;0,00;0,00;0,00;0,21;0,00;0,00;438;13;43;13;20;838;437
671;46,56;-46,20;0,00;0,00;0,00;-0,05;0,00;0,00;237;159;171;17;24;745;996
672;32,47;-275,42;0,00;0,00;0,00;-0,28;0,00;0,00;451;106;118;13;34;870;331
673;43,60;-156,81;0,00;0,00;0,00;-0,16;0,00;0,00;359;21;111;18;17;711;775
674;40,95;-159,26;0,00;0,00;0,00;-0,16;0,00;0,00;110;48;130;35;39;968;127
675;33,47;-212,29;0,00;0,00;0,00;-0,21;0,00;0,00;216;133;135;37;37;236;479
676;55,29;113,22;0,00;0,00;0,00;0,11;0,00;0,00;40;144;13;41;22;438;982
677;56,05;71,77;0,00;0,00;0,00;0,07;0,00;0,00;425;120;179;33;36;984;615
678;52,98;54,11;0,00;0,00;0,00;0,05;0,00;0,00;271;142;20;39;32;966;509
679;78,29;354,02;0,00;0,00;0,00;0,35;0,00;0,00;145;115;157;49;27;694;550
680;58,32;92,93;0,00;0,00;0,00;0,09;0,00;0,00;268;58;98;34;25;708;654
681;56,13;38,46;0,00;0,00;0,00;0,04;0,00;0,00;75;113;126;28;27;472;467
682;46,35;-4,92;0,00;0,00;0,00;-0,00;0,00;0,00;316;43;163;40;31;449;453
683;59,46;61,62;0,00;0,00;0,00;0,06;0,00;0,00;393;133;95;17;34;313;383
684;48,95;23,28;0,00;0,00;0,00;0,02;0,00;0,00;129;80;131;32;16;799;262
685;40,98;-142,78;0,00;0,00;0,00;-0,14;0,00;0,00;330;166;179;41;16;751;252
686;65,55;150,43;0,00;0,00;0,00;0,15;0,00;0,00;163;179;96;40;36;794;757
687;51,69;1,21;0,00;0,00;0,00;0,00;0,00;0,00;475;62;62;18;35;991;521
688;36,83;-89,03;0,00;0,00;0,00;-0,09;0,00;0,00;217;186;171;16;28;423;586
689;36,30;-72,17;0,00;0,00;0,00;-0,07;0,00;0,00;158;72;56;38;18;427;707
690;41,51;-140,21;0,00;0,00;0,00;-0,14;0,00;0,00;457;114;139;36;29;700;729
691;53,54;-96,99;0,00;0,00;0,00;-0,10;0,00;0,00;464;79;187;23;38;863;596
692;66,30;145,97;0,00;0,00;0,00;0,15;0,00;0,00;152;60;32;39;22;553;158
693;80,59;314,92;0,00;0,00;0,00;0,31;0,00;0,00;388;37;44;24;37;788;238
694;44,40;-34,94;0,00;0,00;0,00;-0,03;0,00;0,00;478;51;191;24;16;290;419
695;31,58;-211,03;0,00;0,00;0,00;-0,21;0,00;0,00;419;123;75;49;39;185;202
696;41,10;-84,50;0,00;0,00;0,00;-0,08;0,00;0,00;137;10;171;10;33;873;650
697;60,40;32,92;0,00;0,00;0,00;0,03;0,00;0,00;233;66;111;16;39;118;687
698;32,79;-181,32;0,00;0,00;0,00;-0,18;0,00;0,00;242;32;92;20;17;338;643
699;63,56;188,25;0,00;0,00;0,00;0,19;0,00;0,00;287;94;98;44;16;462;785
700;54,09;13,56;0,00;0,00;0,00;0,01;0,00;0,00;28;43;141;30;23;803;129
701;51,79;-25,25;0,00;0,00;0,00;-0,03;0,00;0,00;143;95;157;48;18;950;343
702;48,55;-11,47;0,00;0,00;0,00;-0,01;0,00;0,00;461;71;10;37;18;961;857
703;50,92;46,14;0,00;0,00;0,00;0,05;0,00;0,00;326;42;41;30;29;463;318
704;49,76;51,93;0,00;0,00;0,00;0,05;0,00;0,00;451;137;105;34;24;499;951
705;19,00;-246,10;0,00;0,00;0,00;-0,25;0,00;0,00;102;17;131;15;28;237;580
706;52,37;-67,76;0,00;0,00;0,00;-0,07;0,00;0,00;339;103;34;46;23;648;143
707;75,21;282,15;0,00;0,00;0,00;0,28;0,00;0,00;229;152;107;37;15;449;181
708;27,19;-147,60;0,00;0,00;0,00;-0,15;0,00;0,00;286;197;101;30;25;926;404
709;59,38;40,25;0,00;0,00;0,00;0,04;0,00;0,00;211;151;139;44;35;264;755
710;45,44;-42,37;0,00;0,00;0,00;-0,04;0,00;0,00;460;177;74;29;25;497;447
711;17,49;-346,53;0,00;0,00;0,00;-0,35;0,00;0,00;254;176;107;17;38;517;412
712;55,74;47,87;0,00;0,00;0,00;0,05;0,00;0,00;206;69;50;36;20;267;281
713;34,60;-125,80;0,00;0,00;0,00;-0,13;0,00;0,00;246;84;21;37;26;400;313
714;44,33;-30,62;0,00;0,00;0,00;-0,03;0,00;0,00;400;25;126;26;27;954;399
715;63,15;111,85;0,00;0,00;0,00;0,11;0,00;0,00;460;176;72;17;29;175;305
716;44,96;-58,29;0,00;0,00;0,00;-0,06;0,00;0,00;125;117;147;24;23;829;402
717;42,46;-112,55;0,00;0,00;0,00;-0,11;0,00;0,00;38;108;158;14;21;851;914
718;43,16;-82,87;0,00;0,00;0,00;-0,08;0,00;0,00;446;172;87;15;38;101;719
719;45,13;-101,79;0,00;0,00;0,00;-0,10;0,00;0,00;269;107;96;42;34;140;877
720;55,10;94,96;0,00;0,00;0,00;0,09;0,00;0,00;415;75;42;38;39;519;755
721;54,20;21,64;0,00;0,00;0,00;0,02;0,00;0,00;416;100;72;12;15;397;770
722;50,55;12,23;0,00;0,00;0,00;0,01;0,00;0,00;113;171;157;38;33;381;742
723;54,71;-122,04;0,00;0,00;0,00;-0,12;0,00;0,00;157;14;54;18;37;479;166
724;67,10;147,11;0,00;0,00;0,00;0,15;0,00;0,00;165;139;28;43;38;865;551
725;78,41;277,66;0,00;0,00;0,00;0,28;0,00;0,00;96;52;131;11;20;261;244
726;49,02;30,72;0,00;0,00;0,00;0,03;0,00;0,00;384;115;166;29;35;515;719
727;36,38;-88,87;0,00;0,00;0,00;-0,09;0,00;0,00;71;152;106;32;18;385;479
728;56,45;111,06;0,00;0,00;0,00;0,11;0,00;0,00;322;113;149;25;18;944;614
729;46,73;-34,68;0,00;0,00;0,00;-0,03;0,00;0,00;115;34;156;22;20;751;465
730;41,97;-156,56;0,00;0,00;0,00;-0,16;0,00;0,00;163;34;123;33;22;478;216
731;64,06;176,89;0,00;0,00;0,00;0,18;0,00;0,00;138;54;88;34;20;863;129
732;71,07;170,07;0,00;0,00;0,00;0,17;0,00;0,00;359;178;74;38;36;689;586
733;6,98;-454,02;0,00;0,00;0,00;-0,45;0,00;0,00;380;112;144;27;29;432;761
734;35,40;-197,65;0,00;0,00;0,00;-0,20;0,00;0,00;127;73;160;22;26;799;779
735;20,07;-372,55;0,00;0,00;0,00;-0,37;0,00;0,00;429;60;18;20;23;211;179
736;49,62;-121,52;0,00;0,00;0,00;-0,12;0,00;0,00;39;83;16;42;29;894;928
737;71,62;210,23;0,00;0,00;0,00;0,21;0,00;0,00;369;116;114;39;39;905;730
738;43,55;-90,22;0,00;0,00;0,00;-0,09;0,00;0,00;373;91;56;47;21;928;973
739;63,60;178,12;0,00;0,00;0,00;0,18;0,00;0,00;147;96;178;23;33;402;560
740;31,81;-216,51;0,00;0,00;0,00;-0,22;0,00;0,00;48;120;186;44;28;996;802
741;55,24;-17,43;0,00;0,00;0,00;-0,02;0,00;0,00;13;25;147;12;35;633;448
742;53,67;90,99;0,00;0,00;0,00;0,09;0,00;0,00;410;128;157;49;28;723;773
743;67,18;281,78;0,00;0,00;0,00;0,28;0,00;0,00;76;158;21;47;34;545;978
744;49,28;-115,76;0,00;0,00;0,00;-0,12;0,00;0,00;401;75;197;49;30;743;468
745;66,40;205,74;0,00;0,00;0,00;0,21;0,00;0,00;244;50;116;28;33;181;473
746;39,53;-122,60;0,00;0,00;0,00;-0,12;0,00;0,00;317;90;176;35;26;468;122
747;58,20;68,43;0,00;0,00;0,00;0,07;0,00;0,00;141;12;58;32;19;251;418
748;43,92;-12,83;0,00;0,00;0,00;-0,01;0,00;0,00;112;122;148;17;15;727;874
749;40,41;-106,27;0,00;0,00;0,00;-0,11;0,00;0,00;350;149;30;38;25;266;594
750;26,17;-251,95;0,00;0,00;0,00;-0,25;0,00;0,00;244;113;74;13;25;684;328
751;48,58;-55,04;0,00;0,00;0,00;-0,06;0,00;0,00;288;48;130;36;33;886;152
752;47,02;-206,27;0,00;0,00;0,00;-0,21;0,00;0,00;21;84;67;32;29;561;606
753;58,93;97,68;0,00;0,00;0,00;0,10;0,00;0,00;74;169;93;19;25;911;904
754;48,70;13,00;0,00;0,00;0,00;0,01;0,00;0,00;298;14;134;48;30;856;463
755;32,18;-143,63;0,00;0,00;0,00;-0,14;0,00;0,00;38;55;34;14;18;481;883
756;32,92;-181,15;0,00;0,00;0,00;-0,18;0,00;0,00;204;98;138;24;27;526;513
757;32,05;-225,10;0,00;0,00;0,00;-0,23;0,00;0,00;88;44;113;25;25;811;173
758;52,35;22,96;0,00;0,00;0,00;0,02;0,00;0,00;72;75;38;39;27;667;793
759;53,68;92,12;0,00;0,00;0,00;0,09;0,00;0,00;177;117;156;10;39;545;969
760;38,27;-144,12;0,00;0,00;0,00;-0,14;0,00;0,00;453;185;49;23;23;204;531
761;51,64;-8,12;0,00;0,00;0,00;-0,01;0,00;0,00;281;191;44;16;35;987;625
762;26,87;-296,70;0,00;0,00;0,00;-0,30;0,00;0,00;69;146;109;12;32;545;623
763;70,72;211,89;0,00;0,00;0,00;0,21;0,00;0,00;471;141;128;26;28;933;577
764;23,40;-255,29;0,00;0,00;0,00;-0,26;0,00;0,00;198;109;87;16;30;585;924
765;38,65;-139,20;0,00;0,00;0,00;-0,14;0,00;0,00;174;197;195;20;30;490;286
766;63,09;76,26;0,00;0,00;0,00;0,08;0,00;0,00;490;157;13;11;39;965;211
767;31,00;-151,80;0,00;0,00;0,00;-0,15;0,00;0,00;141;74;103;48;33;452;827
768;78,52;271,52;0,00;0,00;0,00;0,27;0,00;0,00;198;19;108;29;35;845;119
769;41,67;-35,21;0,00;0,00;0,00;-0,04;0,00;0,00;387;148;163;28;15;421;622
770;49,29;-16,64;0,00;0,00;0,00;-0,02;0,00;0,00;441;142;198;36;29;585;594
771;77,16;400,88;0,00;0,00;0,00;0,40;0,00;0,00;30;80;103;36;27;524;420
772;19,75;-326,45;0,00;0,00;0,00;-0,33;0,00;0,00;401;123;179;18;37;223;632
773;63,17;153,73;0,00;0,00;0,00;0,15;0,00;0,00;340;196;140;36;32;579;171
774;70,93;162,21;0,00;0,00;0,00;0,16;0,00;0,00;315;107;70;42;30;113;297
775;16,06;-448,43;0,00;0,00;0,00;-0,45;0,00;0,00;413;80;102;48;18;429;917
776;50,89;119,43;0,00;0,00;0,00;0,12;0,00;0,00;55;146;66;37;30;193;344
777;59,49;136,02;0,00;0,00;0,00;0,14;0,00;0,00;307;191;143;18;19;303;403
778;69,80;178,20;0,00;0,00;0,00;0,18;0,00;0,00;161;154;84;43;17;418;128
779;68,91;171,96;0,00;0,00;0,00;0,17;0,00;0,00;348;10;142;22;34;229;314
780;27,86;-219,23;0,00;0,00;0,00;-0,22;0,00;0,00;78;141;112;38;38;741;579
781;39,80;-94,47;0,00;0,00;0,00;-0,09;0,00;0,00;169;82;73;20;38;422;970
782;63,68;167,33;0,00;0,00;0,00;0,17;0,00;0,00;59;122;48;18;31;317;569
783;65,56;210,60;0,00;0,00;0,00;0,21;0,00;0,00;417;161;45;40;33;357;959
784;28,88;-184,30;0,00;0,00;0,00;-0,18;0,00;0,00;404;184;181;19;21;817;781
785;52,74;-9,25;0,00;0,00;0,00;-0,01;0,00;0,00;160;188;53;22;22;500;456
786;33,15;-168,59;0,00;0,00;0,00;-0,17;0,00;0,00;112;94;186;35;36;480;892
787;69,85;252,33;0,00;0,00;0,00;0,25;0,00;0,00;85;136;29;43;24;683;127
788;46,67;31,93;0,00;0,00;0,00;0,03;0,00;0,00;426;20;88;22;32;973;986
789;64,19;141,11;0,00;0,00;0,00;0,14;0,00;0,00;128;189;51;32;25;698;384
790;30,77;-235,36;0,00;0,00;0,00;-0,24;0,00;0,00;149;33;56;29;16;774;119
791;73,15;231,30;0,00;0,00;0,00;0,23;0,00;0,00;183;32;147;28;33;544;889
792;78,16;271,43;0,00;0,00;0,00;0,27;0,00;0,00;323;38;167;18;24;108;187
793;68,51;225,30;0,00;0,00;0,00;0,23;0,00;0,00;342;193;87;28;23;707;501
794;30,20;-259,96;0,00;0,00;0,00;-0,26;0,00;0,00;428;99;140;45;23;729;702
795;55,86;54,41;0,00;0,00;0,00;0,05;0,00;0,00;144;57;23;27;21;946;305
796;67,64;121,08;0,00;0,00;0,00;0,12;0,00;0,00;187;108;24;40;39;505;935
797;52,39;59,14;0,00;0,00;0,00;0,06;0,00;0,00;217;110;97;32;21;456;266
798;44,32;-140,79;0,00;0,00;0,00;-0,14;0,00;0,00;176;26;165;12;20;589;557
799;37,84;-156,35;0,00;0,00;0,00;-0,16;0,00;0,00;417;43;67;21;15;685;336
800;16,39;-366,31;0,00;0,00;0,00;-0,37;0,00;0,00;333;67;122;47;18;692;737
801;66,63;148,55;0,00;0,00;0,00;0,15;0,00;0,00;384;198;29;40;29;473;191
802;66,93;239,39;0,00;0,00;0,00;0,24;0,00;0,00;86;138;146;49;29;288;234
803;60,70;59,88;0,00;0,00;0,00;0,06;0,00;0,00;465;80;104;19;19;250;277
804;66,06;151,90;0,00;0,00;0,00;0,15;0,00;0,00;13;199;162;29;24;949;250
805;59,10;66,57;0,00;0,00;0,00;0,07;0,00;0,00;480;61;192;10;34;337;491
806;26,33;-240,29;0,00;0,00;0,00;-0,24;0,00;0,00;129;70;76;45;37;590;951
807;14,01;-363,48;0,00;0,00;0,00;-0,36;0,00;0,00;135;41;31;29;32;321;200
808;0,99;-514,38;0,00;0,00;0,00;-0,51;0,00;0,00;269;195;38;23;20;332;382
809;47,69;-19,04;0,00;0,00;0,00;-0,02;0,00;0,00;406;19;110;31;23;629;129
810;61,63;122,13;0,00;0,00;0,00;0,12;0,00;0,00;434;126;101;30;16;720;970
811;71,14;236,97;0,00;0,00;0,00;0,24;0,00;0,00;256;107;125;29;27;789;962
812;47,59;-46,16;0,00;0,00;0,00;-0,05;0,00;0,00;399;71;88;21;20;613;466
813;59,77;117,06;0,00;0,00;0,00;0,12;0,00;0,00;467;85;86;25;29;179;356
814;39,27;-3,19;0,00;0,00;0,00;-0,00;0,00;0,00;443;183;71;23;26;296;533
815;47,62;-14,33;0,00;0,00;0,00;-0,01;0,00;0,00;260;56;151;40;20;295;884
816;62,53;221,23;0,00;0,00;0,00;0,22;0,00;0,00;191;19;176;48;34;534;861
817;48,37;-24,01;0,00;0,00;0,00;-0,02;0,00;0,00;339;44;96;25;19;307;380
818;45,03;-77,61;0,00;0,00;0,00;-0,08;0,00;0,00;286;95;126;20;33;185;314
819;44,47;-96,98;0,00;0,00;0,00;-0,10;0,00;0,00;157;171;67;35;16;582;382
820;43,84;54,53;0,00;0,00;0,00;0,05;0,00;0,00;474;148;128;19;27;439;822
821;25,77;-225,15;0,00;0,00;0,00;-0,23;0,00;0,00;186;157;140;19;15;160;530
822;57,38;104,14;0,00;0,00;0,00;0,10;0,00;0,00;416;51;15;47;31;999;457
823;49,66;-79,40;0,00;0,00;0,00;-0,08;0,00;0,00;429;164;90;39;39;760;701
824;27,55;-208,63;0,00;0,00;0,00;-0,21;0,00;0,00;333;57;182;38;22;690;911
825;6,08;-439,27;0,00;0,00;0,00;-0,44;0,00;0,00;281;76;49;14;17;319;476
826;20,91;-297,06;0,00;0,00;0,00;-0,30;0,00;0,00;236;56;121;31;29;781;924
827;35,08;-91,87;0,00;0,00;0,00;-0,09;0,00;0,00;17;33;158;43;23;586;107
828;75,44;216,17;0,00;0,00;0,00;0,22;0,00;0,00;377;100;20;30;20;189;168
829;40,79;-69,34;0,00;0,00;0,00;-0,07;0,00;0,00;423;24;93;45;37;487;920
830;56,83;-19,56;0,00;0,00;0,00;-0,02;0,00;0,00;11;147;44;22;25;482;653
831;61,41;116,65;0,00;0,00;0,00;0,12;0,00;0,00;130;111;132;42;32;133;766
832;62,41;-0,96;0,00;0,00;0,00;-0,00;0,00;0,00;269;164;50;12;32;754;286
833;61,84;157,58;0,00;0,00;0,00;0,16;0,00;0,00;492;57;25;15;37;877;652
834;38,57;-80,41;0,00;0,00;0,00;-0,08;0,00;0,00;488;161;59;25;20;858;928
835;26,43;-225,19;0,00;0,00;0,00;-0,23;0,00;0,00;208;163;54;48;26;533;767
836;36,37;-113,81;0,00;0,00;0,00;-0,11;0,00;0,00;426;66;44;23;34;956;409
837;37,95;-140,25;0,00;0,00;0,00;-0,14;0,00;0,00;287;174;85;49;31;935;520
838;52,16;17,22;0,00;0,00;0,00;0,02;0,00;0,00;297;111;152;16;38;673;825
839;69,40;295,74;0,00;0,00;0,00;0,30;0,00;0,00;28;155;147;16;38;486;184
840;43,30;-39,67;0,00;0,00;0,00;-0,04;0,00;0,00;99;199;155;17;16;515;481
841;59,34;49,86;0,00;0,00;0,00;0,05;0,00;0,00;254;13;24;34;16;285;447
842;34,31;-180,11;0,00;0,00;0,00;-0,18;0,00;0,00;183;43;72;13;37;898;557
843;16,92;-387,29;0,00;0,00;0,00;-0,39;0,00;0,00;110;181;31;29;29;618;438
844;39,73;-23,35;0,00;0,00;0,00;-0,02;0,00;0,00;371;150;125;14;22;314;944
845;32,62;-302,06;0,00;0,00;0,00;-0,30;0,00;0,00;261;107;49;40;22;394;974
846;32,83;-230,43;0,00;0,00;0,00;-0,23;0,00;0,00;413;131;99;20;18;349;936
847;38,95;-113,66;0,00;0,00;0,00;-0,11;0,00;0,00;385;38;186;22;36;242;828
848;40,34;-30,08;0,00;0,00;0,00;-0,03;0,00;0,00;464;40;137;32;19;740;148
849;55,31;-12,58;0,00;0,00;0,00;-0,01;0,00;0,00;154;65;127;30;27;977;951
850;68,50;97,09;0,00;0,00;0,00;0,10;0,00;0,00;371;166;197;24;21;575;532
851;39,86;-56,83;0,00;0,00;0,00;-0,06;0,00;0,00;456;75;38;28;20;356;431
852;56,47;4,23;0,00;0,00;0,00;0,00;0,00;0,00;26;171;137;48;18;446;232
853;25,20;-218,53;0,00;0,00;0,00;-0,22;0,00;0,00;452;176;112;13;31;827;573
854;36,60;-93,30;0,00;0,00;0,00;-0,09;0,00;0,00;133;28;140;25;22;668;208
855;67,32;259,66;0,00;0,00;0,00;0,26;0,00;0,00;99;89;88;49;32;481;115
856;43,35;-23,00;0,00;0,00;0,00;-0,02;0,00;0,00;264;118;29;47;36;280;595
857;61,72;176,62;0,00;0,00;0,00;0,18;0,00;0,00;181;88;20;35;15;117;379
858;43,51;-111,19;0,00;0,00;0,00;-0,11;0,00;0,00;240;16;17;18;34;146;669
859;57,49;11,88;0,00;0,00;0,00;0,01;0,00;0,00;412;134;138;24;15;170;252
860;60,41;121,85;0,00;0,00;0,00;0,12;0,00;0,00;296;103;115;15;20;882;573
861;41,12;-7,94;0,00;0,00;0,00;-0,01;0,00;0,00;161;91;106;17;24;163;905
862;56,57;67,78;0,00;0,00;0,00;0,07;0,00;0,00;67;145;20;38;17;160;956
863;28,75;-118,48;0,00;0,00;0,00;-0,12;0,00;0,00;246;61;170;24;33;278;973
864;69,11;157,03;0,00;0,00;0,00;0,16;0,00;0,00;60;15;22;31;31;286;794
865;50,01;48,60;0,00;0,00;0,00;0,05;0,00;0,00;219;48;104;26;31;113;127
866;30,35;-238,73;0,00;0,00;0,00;-0,24;0,00;0,00;75;151;96;29;18;545;738
867;44,02;-199,82;0,00;0,00;0,00;-0,20;0,00;0,00;116;185;46;18;30;368;781
868;26,88;-134,93;0,00;0,00;0,00;-0,13;0,00;0,00;139;169;168;19;37;598;945
869;55,75;59,10;0,00;0,00;0,00;0,06;0,00;0,00;214;46;76;45;37;533;972
870;41,67;-47,93;0,00;0,00;0,00;-0,05;0,00;0,00;82;121;60;29;22;494;433
871;55,21;149,04;0,00;0,00;0,00;0,15;0,00;0,00;322;63;38;10;20;299;554
872;61,67;123,84;0,00;0,00;0,00;0,12;0,00;0,00;20;136;10;19;37;927;383
873;53,04;36,93;0,00;0,00;0,00;0,04;0,00;0,00;265;199;51;18;36;383;825
874;55,03;-17,31;0,00;0,00;0,00;-0,02;0,00;0,00;481;32;171;45;30;298;316
875;51,51;-42,68;0,00;0,00;0,00;-0,04;0,00;0,00;413;109;130;13;15;624;727
876;61,78;99,88;0,00;0,00;0,00;0,10;0,00;0,00;237;136;65;46;34;784;242
877;35,23;-169,91;0,00;0,00;0,00;-0,17;0,00;0,00;81;162;73;48;15;306;294
878;63,13;-0,89;0,00;0,00;0,00;-0,00;0,00;0,00;91;50;45;13;21;893;438
879;66,12;143,44;0,00;0,00;0,00;0,14;0,00;0,00;14;181;151;17;23;183;607
880;79,39;265,60;0,00;0,00;0,00;0,27;0,00;0,00;358;182;190;11;19;992;558
881;53,06;23,03;0,00;0,00;0,00;0,02;0,00;0,00;63;91;116;43;25;160;810
882;29,98;-115,85;0,00;0,00;0,00;-0,12;0,00;0,00;482;191;48;22;39;722;335
883;32,28;-61,17;0,00;0,00;0,00;-0,06;0,00;0,00;35;83;58;16;26;299;971
884;58,42;49,93;0,00;0,00;0,00;0,05;0,00;0,00;28;192;120;40;23;525;605
885;35,46;-162,84;0,00;0,00;0,00;-0,16;0,00;0,00;12;84;24;13;35;212;858
886;52,06;99,83;0,00;0,00;0,00;0,10;0,00;0,00;253;54;184;16;38;852;919
887;34,60;-195,13;0,00;0,00;0,00;-0,20;0,00;0,00;156;150;196;40;19;660;841
888;38,20;-127,10;0,00;0,00;0,00;-0,13;0,00;0,00;245;78;37;35;27;901;648
889;61,98;123,66;0,00;0,00;0,00;0,12;0,00;0,00;430;54;48;37;35;466;384
890;71,37;227,75;0,00;0,00;0,00;0,23;0,00;0,00;100;121;108;13;32;312;629
891;57,06;82,04;0,00;0,00;0,00;0,08;0,00;0,00;481;64;82;48;32;580;864
892;41,63;-64,79;0,00;0,00;0,00;-0,06;0,00;0,00;438;109;96;36;29;185;539
893;64,67;193,42;0,00;0,00;0,00;0,19;0,00;0,00;134;77;13;44;35;188;606
894;62,78;45,94;0,00;0,00;0,00;0,05;0,00;0,00;240;68;171;15;35;511;402
895;36,75;-125,58;0,00;0,00;0,00;-0,13;0,00;0,00;391;18;151;44;35;895;490
896;48,83;-66,67;0,00;0,00;0,00;-0,07;0,00;0,00;411;25;169;35;17;389;784
897;67,90;243,66;0,00;0,00;0,00;0,24;0,00;0,00;271;71;94;21;18;422;355
898;44,49;-138,27;0,00;0,00;0,00;-0,14;0,00;0,00;342;91;111;29;33;640;859
899;69,46;153,37;0,00;0,00;0,00;0,15;0,00;0,00;132;198;64;38;25;979;543
900;72,47;213,22;0,00;0,00;0,00;0,21;0,00;0,00;423;112;112;34;24;109;831
901;37,91;-134,22;0,00;0,00;0,00;-0,13;0,00;0,00;314;170;93;44;32;408;284
902;65,06;123,23;0,00;0,00;0,00;0,12;0,00;0,00;437;75;187;29;35;200;407
903;71,49;119,80;0,00;0,00;0,00;0,12;0,00;0,00;236;88;60;19;19;709;949
904;49,04;-8,79;0,00;0,00;0,00;-0,01;0,00;0,00;420;76;141;42;19;669;140
905;51,89;-4,37;0,00;0,00;0,00;-0,00;0,00;0,00;348;156;193;45;26;199;774
906;53,19;8,33;0,00;0,00;0,00;0,01;0,00;0,00;200;160;15;17;16;876;578
907;59,32;102,84;0,00;0,00;0,00;0,10;0,00;0,00;402;125;87;12;16;661;746
908;25,33;-244,99;0,00;0,00;0,00;-0,24;0,00;0,00;166;179;24;17;39;430;504
909;44,36;-114,73;0,00;0,00;0,00;-0,11;0,00;0,00;86;140;122;47;17;455;650
910;64,33;167,54;0,00;0,00;0,00;0,17;0,00;0,00;318;69;125;15;35;651;629
911;62,05;43,79;0,00;0,00;0,00;0,04;0,00;0,00;33;49;77;24;36;260;650
912;46,90;25,35;0,00;0,00;0,00;0,03;0,00;0,00;438;113;45;46;30;736;505
913;72,80;208,44;0,00;0,00;0,00;0,21;0,00;0,00;65;162;56;43;28;122;889
914;40,62;-35,40;0,00;0,00;0,00;-0,04;0,00;0,00;116;120;194;35;37;278;401
915;43,64;-122,88;0,00;0,00;0,00;-0,12;0,00;0,00;451;149;166;26;38;512;271
916;62,24;174,86;0,00;0,00;0,00;0,17;0,00;0,00;114;67;68;33;21;696;715
917;47,62;3,32;0,00;0,00;0,00;0,00;0,00;0,00;443;152;139;10;26;541;796
918;52,39;62,51;0,00;0,00;0,00;0,06;0,00;0,00;60;175;181;19;33;989;924
919;66,39;168,98;0,00;0,00;0,00;0,17;0,00;0,00;98;79;82;23;37;531;469
920;47,21;-88,83;0,00;0,00;0,00;-0,09;0,00;0,00;393;126;155;35;21;942;336
921;39,29;-132,33;0,00;0,00;0,00;-0,13;0,00;0,00;369;94;168;38;34;916;377
922;32,87;-238,26;0,00;0,00;0,00;-0,24;0,00;0,00;129;10;144;43;24;885;837
923;24,89;-316,95;0,00;0,00;0,00;-0,32;0,00;0,00;89;41;94;46;17;701;427
924;48,14;0,99;0,00;0,00;0,00;0,00;0,00;0,00;30;102;154;25;17;199;197
925;50,39;-63,89;0,00;0,00;0,00;-0,06;0,00;0,00;225;127;144;27;15;322;327
926;66,19;221,95;0,00;0,00;0,00;0,22;0,00;0,00;458;49;123;27;23;191;354
927;35,99;-154,81;0,00;0,00;0,00;-0,15;0,00;0,00;404;76;135;42;23;866;779
928;45,30;-72,49;0,00;0,00;0,00;-0,07;0,00;0,00;135;59;81;44;30;360;228
929;54,67;20,16;0,00;0,00;0,00;0,02;0,00;0,00;140;194;117;22;39;221;919
930;59,13;159,95;0,00;0,00;0,00;0,16;0,00;0,00;222;178;134;38;26;979;906
931;55,59;81,18;0,00;0,00;0,00;0,08;0,00;0,00;211;46;13;32;37;603;730
932;59,36;75,31;0,00;0,00;0,00;0,08;0,00;0,00;240;116;11;17;34;677;256
933;49,12;-95,84;0,00;0,00;0,00;-0,10;0,00;0,00;218;57;161;28;39;618;286
934;33,42;-199,13;0,00;0,00;0,00;-0,20;0,00;0,00;247;151;166;21;20;292;385
935;40,12;-68,83;0,00;0,00;0,00;-0,07;0,00;0,00;50;133;63;19;29;967;352
936;40,17;-77,51;0,00;0,00;0,00;-0,08;0,00;0,00;135;80;52;35;21;665;235
937;29,63;-148,96;0,00;0,00;0,00;-0,15;0,00;0,00;265;163;109;32;36;881;903
938;65,24;187,78;0,00;0,00;0,00;0,19;0,00;0,00;424;80;193;21;25;410;935
939;42,49;-63,73;0,00;0,00;0,00;-0,06;0,00;0,00;28;165;192;26;15;253;211
940;75,69;215,66;0,00;0,00;0,00;0,22;0,00;0,00;116;71;141;41;26;623;582
941;44,04;-59,87;0,00;0,00;0,00;-0,06;0,00;0,00;437;165;159;29;18;878;898
942;65,60;167,04;0,00;0,00;0,00;0,17;0,00;0,00;354;135;164;17;31;327;168
943;46,94;-127,17;0,00;0,00;0,00;-0,13;0,00;0,00;340;185;26;22;35;806;726
944;71,28;263,17;0,00;0,00;0,00;0,26;0,00;0,00;95;54;127;21;34;952;182
945;13,66;-336,59;0,00;0,00;0,00;-0,34;0,00;0,00;78;147;153;49;34;576;450
946;49,17;-19,45;0,00;0,00;0,00;-0,02;0,00;0,00;13;34;123;35;22;384;573
947;35,93;-141,14;0,00;0,00;0,00;-0,14;0,00;0,00;386;156;14;44;34;825;961
948;31,83;-127,06;0,00;0,00;0,00;-0,13;0,00;0,00;73;44;10;45;23;110;550
949;88,78;439,51;0,00;0,00;0,00;0,44;0,00;0,00;411;165;141;39;24;182;783
950;45,25;-78,51;0,00;0,00;0,00;-0,08;0,00;0,00;126;149;136;16;25;164;728
951;42,06;-72,60;0,00;0,00;0,00;-0,07;0,00;0,00;256;99;116;30;30;165;598
952;63,05;203,20;0,00;0,00;0,00;0,20;0,00;0,00;181;103;95;33;32;268;539
953;69,29;219,17;0,00;0,00;0,00;0,22;0,00;0,00;104;91;67;35;36;675;235
954;45,23;-46,47;0,00;0,00;0,00;-0,05;0,00;0,00;94;139;110;36;22;916;179
955;41,70;-73,89;0,00;0,00;0,00;-0,07;0,00;0,00;208;107;63;43;25;120;947
956;59,16;95,02;0,00;0,00;0,00;0,10;0,00;0,00;22;47;48;34;17;589;809
957;51,61;52,24;0,00;0,00;0,00;0,05;0,00;0,00;302;190;116;25;20;687;888
958;55,25;0,00;0,00;0,00;0,00;0,00;0,00;0,00;488;123;20;49;26;369;279
959;53,38;104,49;0,00;0,00;0,00;0,10;0,00;0,00;325;16;93;49;30;939;516
960;61,81;47,11;0,00;0,00;0,00;0,05;0,00;0,00;49;58;33;45;32;350;235
961;47,97;-46,74;0,00;0,00;0,00;-0,05;0,00;0,00;452;199;30;18;36;673;898
962;65,35;93,93;0,00;0,00;0,00;0,09;0,00;0,00;162;120;198;33;27;805;156
963;60,98;124,56;0,00;0,00;0,00;0,12;0,00;0,00;12;109;113;26;38;206;805
964;53,38;54,52;0,00;0,00;0,00;0,05;0,00;0,00;212;182;113;25;32;616;745
965;55,25;34,12;0,00;0,00;0,00;0,03;0,00;0,00;197;187;136;49;34;605;777
966;42,22;-117,31;0,00;0,00;0,00;-0,12;0,00;0,00;401;180;61;29;19;220;283
967;56,96;49,00;0,00;0,00;0,00;0,05;0,00;0,00;451;15;59;26;29;628;698
968;44,79;1,68;0,00;0,00;0,00;0,00;0,00;0,00;271;87;25;22;20;841;271
969;40,17;-262,48;0,00;0,00;0,00;-0,26;0,00;0,00;425;101;157;30;29;144;667
970;36,86;-155,51;0,00;0,00;0,00;-0,16;0,00;0,00;323;117;83;27;16;820;990
971;29,97;-296,77;0,00;0,00;0,00;-0,30;0,00;0,00;348;110;146;22;23;421;585
972;38,75;-47,72;0,00;0,00;0,00;-0,05;0,00;0,00;320;46;57;17;20;621;909
973;71,60;222,56;0,00;0,00;0,00;0,22;0,00;0,00;27;191;28;33;17;185;156
974;45,71;-8,58;0,00;0,00;0,00;-0,01;0,00;0,00;49;87;164;38;23;759;806
975;37,50;-194,58;0,00;0,00;0,00;-0,19;0,00;0,00;136;159;59;19;21;611;410
976;57,11;60,20;0,00;0,00;0,00;0,06;0,00;0,00;109;107;169;39;30;733;985
977;38,41;-180,03;0,00;0,00;0,00;-0,18;0,00;0,00;105;96;22;23;38;685;413
978;42,44;-80,81;0,00;0,00;0,00;-0,08;0,00;0,00;121;119;68;38;16;148;730
979;68,99;216,37;0,00;0,00;0,00;0,22;0,00;0,00;333;149;134;16;31;641;712
980;25,42;-293,59;0,00;0,00;0,00;-0,29;0,00;0,00;106;126;77;32;22;962;255
981;50,35;-51,92;0,00;0,00;0,00;-0,05;0,00;0,00;45;11;191;12;35;612;632
982;60,62;102,29;0,00;0,00;0,00;0,10;0,00;0,00;39;152;184;28;30;648;143
983;48,37;7,17;0,00;0,00;0,00;0,01;0,00;0,00;417;134;135;15;27;387;300
984;36,63;-56,05;0,00;0,00;0,00;-0,06;0,00;0,00;490;60;28;17;26;597;762
985;46,23;-71,70;0,00;0,00;0,00;-0,07;0,00;0,00;270;99;98;16;23;363;211
986;35,66;-176,17;0,00;0,00;0,00;-0,18;0,00;0,00;201;132;175;15;31;586;731
987;39,98;-144,81;0,00;0,00;0,00;-0,14;0,00;0,00;344;48;17;31;25;403;735
988;43,83;-87,70;0,00;0,00;0,00;-0,09;0,00;0,00;241;103;195;16;36;711;191
989;71,11;246,22;0,00;0,00;0,00;0,25;0,00;0,00;37;163;138;21;28;381;918
990;53,11;75,66;0,00;0,00;0,00;0,08;0,00;0,00;31;40;109;42;38;664;969
991;40,64;-78,98;0,00;0,00;0,00;-0,08;0,00;0,00;236;165;34;20;17;368;826
992;64,60;99,51;0,00;0,00;0,00;0,10;0,00;0,00;30;136;121;36;37;770;395
993;45,99;21,19;0,00;0,00;0,00;0,02;0,00;0,00;400;194;128;37;16;854;900
994;37,52;-82,20;0,00;0,00;0,00;-0,08;0,00;0,00;85;40;199;35;33;421;859
995;54,01;41,57;0,00;0,00;0,00;0,04;0,00;0,00;166;193;138;31;26;274;926
996;66,99;148,72;0,00;0,00;0,00;0,15;0,00;0,00;179;114;33;38;25;509;338
997;58,16;96,34;0,00;0,00;0,00;0,10;0,00;0,00;104;146;90;48;18;185;444
998;42,43;-37,70;0,00;0,00;0,00;-0,04;0,00;0,00;469;57;23;17;34;131;764
999;50,36;20,96;0,00;0,00;0,00;0,02;0,00;0,00;23;101;134;17;31;399;978
1000;59,36;67,74;0,00;0,00;0,00;0,07;0,00;0,00;188;63;143;31;23;110;961
1001;49,82;7,82;0,00;0,00;0,00;0,01;0,00;0,00;237;73;154;39;19;336;271
1002;56,07;100,67;0,00;0,00;0,00;0,10;0,00;0,00;25;139;122;18;32;685;670
1003;42,85;-88,08;0,00;0,00;0,00;-0,09;0,00;0,00;13;44;25;45;34;940;270
1004;48,29;-10,15;0,00;0,00;0,00;-0,01;0,00;0,00;25;122;182;42;37;492;232
1005;69,82;303,38;0,00;0,00;0,00;0,30;0,00;0,00;50;164;112;23;20;390;339
1006;40,24;-85,69;0,00;0,00;0,00;-0,09;0,00;0,00;240;143;190;32;29;975;100
1007;53,75;114,31;0,00;0,00;0,00;0,11;0,00;0,00;68;29;153;29;26;183;316
1008;20,73;-220,15;0,00;0,00;0,00;-0,22;0,00;0,00;238;90;53;14;17;639;763
1009;65,96;103,71;0,00;0,00;0,00;0,10;0,00;0,00;263;16;129;35;35;495;793
1010;25,27;-256,42;0,00;0,00;0,00;-0,26;0,00;0,00;449;136;31;18;19;355;350
1011;45,95;20,78;0,00;0,00;0,00;0,02;0,00;0,00;447;129;170;15;34;986;190
1012;76,05;206,19;0,00;0,00;0,00;0,21;0,00;0,00;404;23;26;12;35;395;742
1013;35,39;-172,51;0,00;0,00;0,00;-0,17;0,00;0,00;318;172;163;18;38;548;855
1014;59,25;71,43;0,00;0,00;0,00;0,07;0,00;0,00;164;60;145;48;22;880;891
1015;28,43;-196,86;0,00;0,00;0,00;-0,20;0,00;0,00;393;31;131;22;37;927;322
1016;52,80;63,40;0,00;0,00;0,00;0,06;0,00;0,00;421;139;18;17;23;568;196
1017;54,61;59,41;0,00;0,00;0,00;0,06;0,00;0,00;188;10;186;35;21;890;786
1018;28,12;-208,44;0,00;0,00;0,00;-0,21;0,00;0,00;469;105;76;10;34;508;671
1019;34,52;-78,67;0,00;0,00;0,00;-0,08;0,00;0,00;170;62;38;48;15;269;790
1020;64,91;159,04;0,00;0,00;0,00;0,16;0,00;0,00;58;50;141;47;23;876;469
1021;58,96;77,94;0,00;0,00;0,00;0,08;0,00;0,00;142;42;48;12;35;361;488
1022;74,33;228,40;0,00;0,00;0,00;0,23;0,00;0,00;174;172;12;33;34;807;838
1023;64,94;235,65;0,00;0,00;0,00;0,24;0,00;0,00;342;62;43;10;18;531;249
1024;44,84;-34,80;0,00;0,00;0,00;-0,03;0,00;0,00;369;59;140;44;38;643;124
1025;61,32;124,67;0,00;0,00;0,00;0,12;0,00;0,00;330;63;129;27;16;953;847
1026;54,82;97,16;0,00;0,00;0,00;0,10;0,00;0,00;206;53;181;13;24;543;452
1027;76,22;244,72;0,00;0,00;0,00;0,24;0,00;0,00;340;65;127;18;24;937;343
1028;27,95;-279,65;0,00;0,00;0,00;-0,28;0,00;0,00;355;18;74;12;33;884;419
1029;27,37;-209,02;0,00;0,00;0,00;-0,21;0,00;0,00;187;154;18;17;31;420;456
1030;47,34;37,40;0,00;0,00;0,00;0,04;0,00;0,00;169;19;72;23;38;238;214
1031;30,22;-213,19;0,00;0,00;0,00;-0,21;0,00;0,00;205;47;25;17;22;263;838
1032;38,25;-250,50;0,00;0,00;0,00;-0,25;0,00;0,00;200;41;68;14;15;699;632
1033;60,64;141,52;0,00;0,00;0,00;0,14;0,00;0,00;439;124;195;21;20;279;631
1034;60,99;100,50;0,00;0,00;0,00;0,10;0,00;0,00;420;165;102;16;19;178;550
1035;55,46;100,11;0,00;0,00;0,00;0,10;0,00;0,00;187;64;34;12;32;847;907
1036;56,78;159,10;0,00;0,00;0,00;0,16;0,00;0,00;161;183;114;31;23;751;356
1037;69,10;193,38;0,00;0,00;0,00;0,19;0,00;0,00;202;44;29;44;31;784;756
1038;62,21;99,60;0,00;0,00;0,00;0,10;0,00;0,00;24;135;58;20;30;854;208
1039;46,63;-20,78;0,00;0,00;0,00;-0,02;0,00;0,00;439;74;186;33;18;926;980
1040;42,56;-44,08;0,00;0,00;0,00;-0,04;0,00;0,00;349;178;32;40;28;562;467
1041;17,94;-290,08;0,00;0,00;0,00;-0,29;0,00;0,00;108;92;21;45;39;198;840
1042;42,38;-107,44;0,00;0,00;0,00;-0,11;0,00;0,00;250;150;58;41;19;443;243
1043;68,22;183,83;0,00;0,00;0,00;0,18;0,00;0,00;56;89;41;17;36;179;761
1044;32,68;-264,02;0,00;0,00;0,00;-0,26;0,00;0,00;417;140;92;36;25;584;928
1045;62,28;111,06;0,00;0,00;0,00;0,11;0,00;0,00;381;180;107;39;34;922;492
1046;53,92;155,88;0,00;0,00;0,00;0,16;0,00;0,00;429;141;175;42;31;585;795
1047;65,87;232,51;0,00;0,00;0,00;0,23;0,00;0,00;245;180;42;16;36;877;392
1048;37,61;-144,89;0,00;0,00;0,00;-0,14;0,00;0,00;51;131;91;10;38;740;758
1049;57,40;59,30;0,00;0,00;0,00;0,06;0,00;0,00;128;194;181;22;24;781;129
1050;22,84;-249,65;0,00;0,00;0,00;-0,25;0,00;0,00;198;123;96;29;29;263;237
1051;48,37;-33,50;0,00;0,00;0,00;-0,03;0,00;0,00;43;155;27;22;15;772;884
1052;38,48;-111,06;0,00;0,00;0,00;-0,11;0,00;0,00;317;175;66;20;32;913;516
1053;60,71;20,90;0,00;0,00;0,00;0,02;0,00;0,00;327;110;103;47;23;513;610
1054;52,75;72,46;0,00;0,00;0,00;0,07;0,00;0,00;151;159;16;23;29;203;920
1055;55,50;65,28;0,00;0,00;0,00;0,07;0,00;0,00;363;178;68;32;18;160;794
1056;49,64;-4,44;0,00;0,00;0,00;-0,00;0,00;0,00;473;85;191;13;25;421;709
1057;50,37;103,55;0,00;0,00;0,00;0,10;0,00;0,00;495;199;23;23;31;411;855
1058;28,31;-232,29;0,00;0,00;0,00;-0,23;0,00;0,00;115;176;149;41;23;167;461
1059;46,52;-60,41;0,00;0,00;0,00;-0,06;0,00;0,00;233;43;38;27;30;854;741
1060;65,73;140,96;0,00;0,00;0,00;0,14;0,00;0,00;259;34;107;14;35;633;929
1061;62,15;127,94;0,00;0,00;0,00;0,13;0,00;0,00;409;97;140;47;35;818;761
1062;59,29;70,73;0,00;0,00;0,00;0,07;0,00;0,00;360;184;18;34;32;543;965
1063;48,30;-98,35;0,00;0,00;0,00;-0,10;0,00;0,00;468;88;10;45;33;753;801
1064;66,99;161,88;0,00;0,00;0,00;0,16;0,00;0,00;367;94;124;26;24;718;164
1065;52,52;54,55;0,00;0,00;0,00;0,05;0,00;0,00;36;147;122;45;29;710;403
1066;73,79;196,24;0,00;0,00;0,00;0,20;0,00;0,00;391;24;73;39;27;896;189
1067;57,81;99,48;0,00;0,00;0,00;0,10;0,00;0,00;69;54;161;24;19;674;141
1068;43,71;-77,86;0,00;0,00;0,00;-0,08;0,00;0,00;293;10;199;26;15;579;844
1069;42,53;-34,10;0,00;0,00;0,00;-0,03;0,00;0,00;352;103;185;38;30;959;890
1070;42,07;9,35;0,00;0,00;0,00;0,01;0,00;0,00;158;152;197;48;31;826;245
1071;52,08;48,72;0,00;0,00;0,00;0,05;0,00;0,00;216;32;159;42;26;763;888
1072;66,29;119,94;0,00;0,00;0,00;0,12;0,00;0,00;276;10;46;39;36;917;252
1073;37,85;-116,05;0,00;0,00;0,00;-0,12;0,00;0,00;109;72;25;29;21;594;560
1074;58,84;70,48;0,00;0,00;0,00;0,07;0,00;0,00;365;105;10;49;35;537;675
1075;81,35;266,45;0,00;0,00;0,00;0,27;0,00;0,00;247;190;38;22;16;811;951
1076;63,03;213,63;0,00;0,00;0,00;0,21;0,00;0,00;133;90;195;19;30;291;997
1077;51,41;-19,78;0,00;0,00;0,00;-0,02;0,00;0,00;456;78;36;37;30;419;714
1078;55,07;57,11;0,00;0,00;0,00;0,06;0,00;0,00;134;130;105;14;33;389;696
1079;77,11;235,12;0,00;0,00;0,00;0,24;0,00;0,00;234;92;34;40;26;221;874
1080;66,79;216,45;0,00;0,00;0,00;0,22;0,00;0,00;34;121;99;38;27;812;148
1081;54,63;58,43;0,00;0,00;0,00;0,06;0,00;0,00;415;25;29;34;29;323;303
1082;51,18;130,04;0,00;0,00;0,00;0,13;0,00;0,00;259;157;64;19;30;492;993
1083;47,22;-53,89;0,00;0,00;0,00;-0,05;0,00;0,00;390;61;79;13;30;865;635
1084;23,03;-211,87;0,00;0,00;0,00;-0,21;0,00;0,00;116;81;53;35;24;671;544
1085;45,49;-0,96;0,00;0,00;0,00;-0,00;0,00;0,00;247;136;128;46;27;387;427
1086;47,49;-27,45;0,00;0,00;0,00;-0,03;0,00;0,00;335;126;25;15;38;486;514
1087;60,52;30,38;0,00;0,00;0,00;0,03;0,00;0,00;269;193;19;18;33;567;701
1088;58,35;99,00;0,00;0,00;0,00;0,10;0,00;0,00;355;60;155;23;24;425;689
1089;65,94;184,98;0,00;0,00;0,00;0,18;0,00;0,00;395;173;58;25;31;342;297
1090;43,24;-13,03;0,00;0,00;0,00;-0,01;0,00;0,00;423;165;87;21;16;982;542
1091;47,73;-81,65;0,00;0,00;0,00;-0,08;0,00;0,00;470;54;100;31;16;135;212
1092;55,93;88,66;0,00;0,00;0,00;0,09;0,00;0,00;134;64;136;41;17;690;881
1093;48,72;-14,67;0,00;0,00;0,00;-0,01;0,00;0,00;129;109;159;42;24;115;958
1094;54,95;-3,66;0,00;0,00;0,00;-0,00;0,00;0,00;24;64;149;28;18;953;352
1095;73,80;359,87;0,00;0,00;0,00;0,36;0,00;0,00;105;97;40;43;26;981;801
1096;46,57;28,97;0,00;0,00;0,00;0,03;0,00;0,00;95;125;167;44;25;829;832
1097;18,60;-377,57;0,00;0,00;0,00;-0,38;0,00;0,00;233;175;142;22;22;176;322
1098;57,41;55,65;0,00;0,00;0,00;0,06;0,00;0,00;483;153;177;18;31;269;885
1099;50,01;-2,70;0,00;0,00;0,00;-0,00;0,00;0,00;406;50;102;28;24;542;352
1100;46,11;50,23;0,00;0,00;0,00;0,05;0,00;0,00;140;120;151;18;38;351;211
1101;55,19;21,08;0,00;0,00;0,00;0,02;0,00;0,00;392;148;171;39;18;418;918
1102;32,19;-206,51;0,00;0,00;0,00;-0,21;0,00;0,00;131;156;191;17;25;614;701
1103;42,36;-71,59;0,00;0,00;0,00;-0,07;0,00;0,00;250;145;64;43;30;816;378
1104;77,59;348,50;0,00;0,00;0,00;0,35;0,00;0,00;49;180;58;49;20;724;798
1105;69,57;155,58;0,00;0,00;0,00;0,16;0,00;0,00;108;134;126;28;29;693;315
1106;32,90;-141,19;0,00;0,00;0,00;-0,14;0,00;0,00;18;151;88;39;15;858;899
1107;35,38;-183,64;0,00;0,00;0,00;-0,18;0,00;0,00;241;135;135;20;17;130;176
1108;31,45;-253,96;0,00;0,00;0,00;-0,25;0,00;0,00;391;124;45;29;29;473;305
1109;36,77;-152,39;0,00;0,00;0,00;-0,15;0,00;0,00;460;102;88;14;19;930;193
1110;59,89;93,91;0,00;0,00;0,00;0,09;0,00;0,00;154;133;138;27;29;590;217
1111;58,38;103,60;0,00;0,00;0,00;0,10;0,00;0,00;264;101;25;43;17;211;919
1112;82,51;325,45;0,00;0,00;0,00;0,33;0,00;0,00;79;126;119;42;18;312;283
1113;50,58;59,44;0,00;0,00;0,00;0,06;0,00;0,00;58;166;121;47;24;428;549
1114;8,47;-436,76;0,00;0,00;0,00;-0,44;0,00;0,00;467;70;35;27;21;247;949
1115;45,90;2,80;0,00;0,00;0,00;0,00;0,00;0,00;123;94;157;40;39;893;650
1116;48,69;-1,25;0,00;0,00;0,00;-0,00;0,00;0,00;274;107;155;48;15;277;497
1117;18,22;-395,50;0,00;0,00;0,00;-0,40;0,00;0,00;487;143;128;47;38;203;939
1118;62,11;155,36;0,00;0,00;0,00;0,16;0,00;0,00;388;177;83;39;35;822;707
1119;100,00;548,59;0,00;0,00;0,00;0,55;0,00;0,00;413;79;71;18;15;664;285
1120;49,95;55,53;0,00;0,00;0,00;0,06;0,00;0,00;121;136;197;31;23;198;570
1121;36,68;-74,85;0,00;0,00;0,00;-0,07;0,00;0,00;121;12;105;11;28;871;476
1122;60,36;135,29;0,00;0,00;0,00;0,14;0,00;0,00;237;62;14;11;38;811;200
1123;20,04;-299,97;0,00;0,00;0,00;-0,30;0,00;0,00;243;186;162;46;35;548;795
1124;52,62;91,72;0,00;0,00;0,00;0,09;0,00;0,00;166;123;53;15;34;133;624
1125;35,10;-160,18;0,00;0,00;0,00;-0,16;0,00;0,00;457;56;57;14;39;370;922
1126;68,35;185,07;0,00;0,00;0,00;0,19;0,00;0,00;156;175;154;33;28;664;392
1127;65,65;159,85;0,00;0,00;0,00;0,16;0,00;0,00;208;148;189;37;19;635;745
1128;61,96;69,76;0,00;0,00;0,00;0,07;0,00;0,00;496;147;11;18;28;966;141
1129;68,36;236,85;0,00;0,00;0,00;0,24;0,00;0,00;387;183;40;15;38;158;719
1130;54,45;-0,91;0,00;0,00;0,00;-0,00;0,00;0,00;51;124;85;19;25;612;846
1131;72,02;229,45;0,00;0,00;0,00;0,23;0,00;0,00;48;24;67;24;37;585;755
1132;57,70;26,04;0,00;0,00;0,00;0,03;0,00;0,00;100;114;146;16;29;511;863
1133;57,88;53,42;0,00;0,00;0,00;0,05;0,00;0,00;347;153;152;18;36;420;694
1134;76,97;251,58;0,00;0,00;0,00;0,25;0,00;0,00;119;75;174;42;23;423;702
1135;14,79;-337,97;0,00;0,00;0,00;-0,34;0,00;0,00;397;178;45;39;22;126;697
1136;36,18;-170,61;0,00;0,00;0,00;-0,17;0,00;0,00;361;73;162;19;23;123;616
1137;68,10;183,65;0,00;0,00;0,00;0,18;0,00;0,00;323;146;149;13;33;682;799
1138;40,44;-81,96;0,00;0,00;0,00;-0,08;0,00;0,00;178;38;92;29;31;298;289
1139;42,05;-67,67;0,00;0,00;0,00;-0,07;0,00;0,00;476;55;100;27;15;252;265
1140;19,46;-324,59;0,00;0,00;0,00;-0,32;0,00;0,00;368;66;51;10;33;707;112
1141;46,68;77,16;0,00;0,00;0,00;0,08;0,00;0,00;499;151;141;12;38;799;284
1142;52,98;132,63;0,00;0,00;0,00;0,13;0,00;0,00;270;74;161;37;23;711;523
1143;67,74;87,76;0,00;0,00;0,00;0,09;0,00;0,00;248;199;79;36;37;906;159
1144;52,98;1,58;0,00;0,00;0,00;0,00;0,00;0,00;344;82;80;47;34;741;504
1145;27,33;-212,65;0,00;0,00;0,00;-0,21;0,00;0,00;304;145;11;20;37;223;849
1146;69,53;168,56;0,00;0,00;0,00;0,17;0,00;0,00;49;70;45;48;36;793;475
1147;56,52;143,70;0,00;0,00;0,00;0,14;0,00;0,00;338;196;29;45;31;354;405
1148;57,94;52,34;0,00;0,00;0,00;0,05;0,00;0,00;491;103;171;13;35;768;625
1149;61,20;61,76;0,00;0,00;0,00;0,06;0,00;0,00;445;165;183;29;26;637;293
1150;60,61;118,58;0,00;0,00;0,00;0,12;0,00;0,00;129;178;41;39;30;528;873
1151;49,25;-5,61;0,00;0,00;0,00;-0,01;0,00;0,00;26;148;75;31;18;942;219
1152;61,17;98,54;0,00;0,00;0,00;0,10;0,00;0,00;219;33;20;40;20;834;335
1153;29,29;-214,54;0,00;0,00;0,00;-0,21;0,00;0,00;464;119;59;22;22;240;172
1154;77,14;234,94;0,00;0,00;0,00;0,23;0,00;0,00;244;80;85;30;19;999;934
1155;36,93;-124,20;0,00;0,00;0,00;-0,12;0,00;0,00;288;22;14;44;33;787;900
1156;50,99;-13,73;0,00;0,00;0,00;-0,01;0,00;0,00;276;30;119;20;24;425;968
1157;29,23;-188,62;0,00;0,00;0,00;-0,19;0,00;0,00;76;106;72;45;39;654;563
1158;63,26;52,58;0,00;0,00;0,00;0,05;0,00;0,00;338;28;103;11;31;928;246
1159;63,48;147,74;0,00;0,00;0,00;0,15;0,00;0,00;389;59;50;49;27;242;184
1160;57,13;87,57;0,00;0,00;0,00;0,09;0,00;0,00;186;48;85;49;32;146;404
1161;35,11;-65,66;0,00;0,00;0,00;-0,07;0,00;0,00;454;116;34;39;17;881;388
1162;59,54;54,91;0,00;0,00;0,00;0,05;0,00;0,00;253;35;179;25;25;118;676
1163;75,83;271,99;0,00;0,00;0,00;0,27;0,00;0,00;167;123;116;26;38;500;815
1164;48,70;-60,08;0,00;0,00;0,00;-0,06;0,00;0,00;286;90;134;25;22;973;414
1165;66,64;182,58;0,00;0,00;0,00;0,18;0,00;0,00;396;69;57;14;31;113;178
1166;35,80;-159,49;0,00;0,00;0,00;-0,16;0,00;0,00;460;124;189;45;20;703;479
1167;41,00;-230,85;0,00;0,00;0,00;-0,23;0,00;0,00;30;177;67;42;30;551;484
1168;44,73;-179,91;0,00;0,00;0,00;-0,18;0,00;0,00;297;166;197;28;30;448;632
1169;50,53;54,80;0,00;0,00;0,00;0,05;0,00;0,00;269;12;27;18;21;254;111
1170;54,35;-16,36;0,00;0,00;0,00;-0,02;0,00;0,00;54;189;97;11;26;821;924
1171;37,52;-124,23;0,00;0,00;0,00;-0,12;0,00;0,00;110;45;197;24;29;646;615
1172;25,16;-275,99;0,00;0,00;0,00;-0,28;0,00;0,00;291;86;183;13;36;773;352
1173;52,89;5,46;0,00;0,00;0,00;0,01;0,00;0,00;227;169;175;46;16;766;397
1174;43,61;-89,22;0,00;0,00;0,00;-0,09;0,00;0,00;149;134;86;18;24;608;722
1175;55,86;31,26;0,00;0,00;0,00;0,03;0,00;0,00;169;65;137;12;35;140;845
1176;32,32;-240,35;0,00;0,00;0,00;-0,24;0,00;0,00;78;199;83;48;21;306;604
1177;70,93;199,28;0,00;0,00;0,00;0,20;0,00;0,00;296;135;158;37;15;399;127
1178;46,50;8,50;0,00;0,00;0,00;0,01;0,00;0,00;255;122;47;33;31;347;840
1179;74,39;230,30;0,00;0,00;0,00;0,23;0,00;0,00;487;26;86;48;35;730;185
1180;41,55;-86,93;0,00;0,00;0,00;-0,09;0,00;0,00;396;138;31;22;15;581;764
1181;37,04;-100,78;0,00;0,00;0,00;-0,10;0,00;0,00;202;31;172;21;24;620;863
1182;29,58;-276,47;0,00;0,00;0,00;-0,28;0,00;0,00;498;36;167;16;15;417;176
1183;82,96;304,38;0,00;0,00;0,00;0,30;0,00;0,00;255;46;110;42;17;457;468
1184;27,70;-95,57;0,00;0,00;0,00;-0,10;0,00;0,00;206;19;164;39;15;675;963
1185;66,06;187,33;0,00;0,00;0,00;0,19;0,00;0,00;93;69;138;17;34;714;965
1186;52,13;72,96;0,00;0,00;0,00;0,07;0,00;0,00;127;38;18;47;38;486;505
1187;60,17;29,04;0,00;0,00;0,00;0,03;0,00;0,00;277;125;47;26;22;638;124
1188;37,32;-122,10;0,00;0,00;0,00;-0,12;0,00;0,00;63;185;173;34;25;284;704
1189;24,60;-249,94;0,00;0,00;0,00;-0,25;0,00;0,00;359;132;30;15;18;325;984
1190;63,30;106,53;0,00;0,00;0,00;0,11;0,00;0,00;327;180;179;14;23;848;126
1191;47,11;-47,90;0,00;0,00;0,00;-0,05;0,00;0,00;470;185;156;39;26;552;550
1192;31,86;-155,78;0,00;0,00;0,00;-0,16;0,00;0,00;122;18;198;20;33;107;789
1193;55,37;79,45;0,00;0,00;0,00;0,08;0,00;0,00;479;21;30;41;18;976;342
1194;32,35;-169,47;0,00;0,00;0,00;-0,17;0,00;0,00;223;160;147;24;38;229;977
1195;59,67;152,82;0,00;0,00;0,00;0,15;0,00;0,00;334;121;151;12;22;671;755
1196;47,75;23,59;0,00;0,00;0,00;0,02;0,00;0,00;431;57;67;45;33;254;464
1197;63,40;118,87;0,00;0,00;0,00;0,12;0,00;0,00;28;21;26;14;26;744;673
1198;55,84;71,16;0,00;0,00;0,00;0,07;0,00;0,00;54;180;22;11;23;376;136
1199;50,54;4,76;0,00;0,00;0,00;0,00;0,00;0,00;236;172;185;33;24;613;688
1200;37,67;-120,02;0,00;0,00;0,00;-0,12;0,00;0,00;128;116;27;30;32;532;815
1201;64,23;93,56;0,00;0,00;0,00;0,09;0,00;0,00;174;100;133;29;28;890;528
1202;48,68;-107,97;0,00;0,00;0,00;-0,11;0,00;0,00;86;187;121;21;16;553;989
1203;54,85;10,02;0,00;0,00;0,00;0,01;0,00;0,00;305;13;37;44;35;111;530
1204;45,60;-101,69;0,00;0,00;0,00;-0,10;0,00;0,00;205;141;125;21;29;644;662
1205;51,44;-30,48;0,00;0,00;0,00;-0,03;0,00;0,00;95;190;182;44;30;882;316
1206;52,87;1,05;0,00;0,00;0,00;0,00;0,00;0,00;135;88;18;40;27;965;238
1207;53,24;103,56;0,00;0,00;0,00;0,10;0,00;0,00;379;118;70;17;39;475;667
1208;58,85;77,73;0,00;0,00;0,00;0,08;0,00;0,00;339;73;81;44;39;497;770
1209;46,06;22,06;0,00;0,00;0,00;0,02;0,00;0,00;92;169;13;33;26;198;773
1210;80,23;311,66;0,00;0,00;0,00;0,31;0,00;0,00;419;179;117;13;20;634;113
1211;69,00;251,69;0,00;0,00;0,00;0,25;0,00;0,00;314;106;148;25;26;644;948
1212;55,19;104,40;0,00;0,00;0,00;0,10;0,00;0,00;410;152;170;43;27;193;763
1213;61,06;112,31;0,00;0,00;0,00;0,11;0,00;0,00;32;124;14;10;33;740;811
1214;70,47;171,24;0,00;0,00;0,00;0,17;0,00;0,00;165;78;169;13;15;566;389
1215;48,32;-86,54;0,00;0,00;0,00;-0,09;0,00;0,00;200;10;152;19;29;545;415
1216;48,96;-100,81;0,00;0,00;0,00;-0,10;0,00;0,00;432;198;166;42;37;169;799
1217;45,40;-66,31;0,00;0,00;0,00;-0,07;0,00;0,00;134;20;171;27;38;224;694
1218;35,11;-157,20;0,00;0,00;0,00;-0,16;0,00;0,00;310;69;195;36;32;557;256
1219;32,34;-163,16;0,00;0,00;0,00;-0,16;0,00;0,00;305;40;146;32;27;366;900
1220;49,76;-94,32;0,00;0,00;0,00;-0,09;0,00;0,00;227;138;86;15;29;266;266
1221;47,95;-43,31;0,00;0,00;0,00;-0,04;0,00;0,00;441;148;185;36;19;898;177
1222;76,64;277,89;0,00;0,00;0,00;0,28;0,00;0,00;485;146;123;33;29;681;584
1223;42,60;-22,13;0,00;0,00;0,00;-0,02;0,00;0,00;205;52;19;25;15;113;758
1224;64,38;160,83;0,00;0,00;0,00;0,16;0,00;0,00;75;135;185;18;36;405;436
1225;43,92;-61,41;0,00;0,00;0,00;-0,06;0,00;0,00;56;147;172;22;20;666;971
1226;76,66;247,96;0,00;0,00;0,00;0,25;0,00;0,00;442;181;159;41;22;994;753
1227;69,48;196,59;0,00;0,00;0,00;0,20;0,00;0,00;214;144;162;19;24;998;840
1228;72,69;132,94;0,00;0,00;0,00;0,13;0,00;0,00;118;100;14;21;15;778;735
1229;60,51;206,83;0,00;0,00;0,00;0,21;0,00;0,00;47;197;156;42;33;817;528
1230;32,92;-224,94;0,00;0,00;0,00;-0,22;0,00;0,00;300;99;113;36;39;817;191
1231;50,09;-29,30;0,00;0,00;0,00;-0,03;0,00;0,00;349;29;131;47;20;684;478
1232;55,86;46,37;0,00;0,00;0,00;0,05;0,00;0,00;412;64;130;32;22;705;646
1233;62,98;70,75;0,00;0,00;0,00;0,07;0,00;0,00;204;98;53;48;31;242;424
1234;39,57;-107,28;0,00;0,00;0,00;-0,11;0,00;0,00;195;153;155;27;35;874;250
1235;54,94;-58,50;0,00;0,00;0,00;-0,06;0,00;0,00;151;33;40;45;15;336;979
1236;42,57;-112,94;0,00;0,00;0,00;-0,11;0,00;0,00;72;167;58;30;20;227;839
1237;81,26;319,62;0,00;0,00;0,00;0,32;0,00;0,00;85;26;37;41;25;579;569
1238;42,55;-58,06;0,00;0,00;0,00;-0,06;0,00;0,00;93;62;109;29;35;357;260
1239;33,30;-63,36;0,00;0,00;0,00;-0,06;0,00;0,00;35;148;96;46;30;775;364
1240;42,91;-113,56;0,00;0,00;0,00;-0,11;0,00;0,00;256;151;103;10;37;177;463
1241;51,52;25,75;0,00;0,00;0,00;0,03;0,00;0,00;381;110;136;11;37;728;475
1242;23,47;-293,44;0,00;0,00;0,00;-0,29;0,00;0,00;144;110;198;49;30;794;125
1243;55,38;24,31;0,00;0,00;0,00;0,02;0,00;0,00;337;52;179;42;37;594;365
1244;77,74;286,21;0,00;0,00;0,00;0,29;0,00;0,00;215;46;179;32;16;377;654
1245;53,72;118,97;0,00;0,00;0,00;0,12;0,00;0,00;270;115;92;40;19;935;766
1246;68,55;181,07;0,00;0,00;0,00;0,18;0,00;0,00;479;50;35;17;20;466;423
1247;49,06;-58,51;0,00;0,00;0,00;-0,06;0,00;0,00;72;115;160;26;25;675;108
1248;47,25;-115,73;0,00;0,00;0,00;-0,12;0,00;0,00;282;182;83;40;39;385;492
1249;46,10;-38,94;0,00;0,00;0,00;-0,04;0,00;0,00;231;14;10;40;35;648;458
1250;35,76;-229,30;0,00;0,00;0,00;-0,23;0,00;0,00;363;137;57;39;24;390;753
1251;74,31;276,06;0,00;0,00;0,00;0,28;0,00;0,00;371;61;38;23;20;711;784
1252;43,33;-150,01;0,00;0,00;0,00;-0,15;0,00;0,00;475;61;103;21;29;111;901
1253;36,55;-145,79;0,00;0,00;0,00;-0,15;0,00;0,00;281;89;158;39;39;853;802
1254;30,69;-191,44;0,00;0,00;0,00;-0,19;0,00;0,00;163;91;39;39;32;416;452
1255;41,22;-103,84;0,00;0,00;0,00;-0,10;0,00;0,00;181;114;143;49;23;735;615
1256;71,58;271,73;0,00;0,00;0,00;0,27;0,00;0,00;471;69;58;13;21;639;368
1257;65,25;159,77;0,00;0,00;0,00;0,16;0,00;0,00;306;177;163;16;31;131;532
1258;86,55;416,89;0,00;0,00;0,00;0,42;0,00;0,00;368;122;19;37;19;942;379
1259;47,37;-35,95;0,00;0,00;0,00;-0,04;0,00;0,00;397;56;90;23;27;234;965
1260;31,05;-257,08;0,00;0,00;0,00;-0,26;0,00;0,00;265;134;143;43;19;105;877
1261;64,61;138,26;0,00;0,00;0,00;0,14;0,00;0,00;118;10;156;38;32;705;518
1262;44,44;-23,85;0,00;0,00;0,00;-0,02;0,00;0,00;288;82;40;16;27;860;970
1263;44,17;-96,04;0,00;0,00;0,00;-0,10;0,00;0,00;129;113;171;18;26;187;377
1264;57,46;35,09;0,00;0,00;0,00;0,04;0,00;0,00;192;186;110;16;20;675;366
1265;31,79;-186,55;0,00;0,00;0,00;-0,19;0,00;0,00;432;113;109;39;15;457;989
1266;43,11;-8,52;0,00;0,00;0,00;-0,01;0,00;0,00;306;65;99;27;24;684;495
1267;16,00;-313,56;0,00;0,00;0,00;-0,31;0,00;0,00;186;103;75;32;37;255;784
1268;23,33;-315,71;0,00;0,00;0,00;-0,32;0,00;0,00;161;123;127;13;24;229;345
1269;57,38;21,01;0,00;0,00;0,00;0,02;0,00;0,00;188;139;108;25;39;349;753
1270;64,55;163,44;0,00;0,00;0,00;0,16;0,00;0,00;198;150;14;23;21;931;182
1271;62,80;150,01;0,00;0,00;0,00;0,15;0,00;0,00;291;44;85;42;31;389;630
1272;44,70;-64,32;0,00;0,00;0,00;-0,06;0,00;0,00;255;59;52;29;38;389;705
1273;22,69;-213,58;0,00;0,00;0,00;-0,21;0,00;0,00;62;43;78;24;19;318;965
1274;43,52;-104,89;0,00;0,00;0,00;-0,10;0,00;0,00;215;196;70;26;39;557;507
1275;44,64;-71,33;0,00;0,00;0,00;-0,07;0,00;0,00;367;124;187;14;35;235;910
1276;32,75;-119,47;0,00;0,00;0,00;-0,12;0,00;0,00;14;76;157;33;33;601;871
1277;41,25;-126,23;0,00;0,00;0,00;-0,13;0,00;0,00;123;158;148;45;28;781;504
1278;25,39;-207,61;0,00;0,00;0,00;-0,21;0,00;0,00;70;79;137;15;37;618;671
1279;47,88;-25,22;0,00;0,00;0,00;-0,03;0,00;0,00;365;30;179;24;39;929;940
1280;7,72;-417,94;0,00;0,00;0,00;-0,42;0,00;0,00;341;134;127;10;18;143;639
1281;65,04;168,73;0,00;0,00;0,00;0,17;0,00;0,00;82;115;86;30;16;810;987
1282;58,47;72,29;0,00;0,00;0,00;0,07;0,00;0,00;366;86;171;36;29;414;337
1283;57,73;54,59;0,00;0,00;0,00;0,05;0,00;0,00;375;193;125;16;39;221;960
1284;30,93;-233,45;0,00;0,00;0,00;-0,23;0,00;0,00;479;38;52;45;33;400;881
1285;62,45;200,43;0,00;0,00;0,00;0,20;0,00;0,00;266;76;110;42;39;780;844
1286;39,57;-112,28;0,00;0,00;0,00;-0,11;0,00;0,00;462;154;171;44;37;990;534
1287;50,50;36,18;0,00;0,00;0,00;0,04;0,00;0,00;380;74;133;36;29;823;211
1288;13,65;-324,72;0,00;0,00;0,00;-0,32;0,00;0,00;286;182;161;37;27;877;335
1289;16,33;-338,25;0,00;0,00;0,00;-0,34;0,00;0,00;358;61;107;19;31;326;846
1290;73,94;303,07;0,00;0,00;0,00;0,30;0,00;0,00;427;139;63;30;38;844;287
1291;49,48;-5,72;0,00;0,00;0,00;-0,01;0,00;0,00;41;111;40;13;30;598;372
1292;51,45;-67,53;0,00;0,00;0,00;-0,07;0,00;0,00;472;157;111;16;39;357;181
1293;59,67;157,56;0,00;0,00;0,00;0,16;0,00;0,00;229;141;197;31;28;416;434
1294;41,94;-136,46;0,00;0,00;0,00;-0,14;0,00;0,00;201;43;153;42;22;213;884
1295;83,86;345,82;0,00;0,00;0,00;0,35;0,00;0,00;274;54;185;16;26;447;872
1296;64,39;60,02;0,00;0,00;0,00;0,06;0,00;0,00;234;96;64;16;31;709;463
1297;54,13;52,97;0,00;0,00;0,00;0,05;0,00;0,00;462;145;153;10;34;935;947
1298;23,98;-312,37;0,00;0,00;0,00;-0,31;0,00;0,00;215;123;135;29;33;865;641
1299;62,27;205,87;0,00;0,00;0,00;0,21;0,00;0,00;15;140;183;29;19;804;535
1300;50,38;49,38;0,00;0,00;0,00;0,05;0,00;0,00;292;133;26;12;30;258;535
1301;52,90;24,45;0,00;0,00;0,00;0,02;0,00;0,00;53;66;194;35;18;710;862
1302;69,70;243,13;0,00;0,00;0,00;0,24;0,00;0,00;390;147;66;12;31;856;325
1303;43,07;-85,42;0,00;0,00;0,00;-0,09;0,00;0,00;63;195;20;23;25;517;943
1304;59,23;136,09;0,00;0,00;0,00;0,14;0,00;0,00;387;29;14;17;30;809;587
1305;35,36;-116,41;0,00;0,00;0,00;-0,12;0,00;0,00;451;48;30;10;38;577;784
1306;53,33;76,59;0,00;0,00;0,00;0,08;0,00;0,00;79;52;27;13;38;825;399
1307;38,27;-31,95;0,00;0,00;0,00;-0,03;0,00;0,00;451;27;30;35;20;523;290
1308;56,03;14,75;0,00;0,00;0,00;0,01;0,00;0,00;323;19;181;25;17;787;272
1309;84,89;327,76;0,00;0,00;0,00;0,33;0,00;0,00;350;150;24;24;31;809;474
1310;40,36;-103,57;0,00;0,00;0,00;-0,10;0,00;0,00;238;28;117;46;32;197;257
1311;65,02;155,97;0,00;0,00;0,00;0,16;0,00;0,00;90;102;128;43;36;439;296
1312;54,59;18,28;0,00;0,00;0,00;0,02;0,00;0,00;185;154;11;10;26;889;906
1313;38,37;-167,88;0,00;0,00;0,00;-0,17;0,00;0,00;103;84;105;42;27;287;221
1314;41,89;-89,99;0,00;0,00;0,00;-0,09;0,00;0,00;392;79;159;43;20;761;536
1315;56,76;87,16;0,00;0,00;0,00;0,09;0,00;0,00;176;35;106;34;38;227;588
1316;52,46;-50,58;0,00;0,00;0,00;-0,05;0,00;0,00;339;185;115;24;31;433;140
1317;57,19;66,98;0,00;0,00;0,00;0,07;0,00;0,00;499;157;175;22;22;231;483
1318;54,65;-114,85;0,00;0,00;0,00;-0,11;0,00;0,00;107;159;32;21;33;341;602
1319;43,92;-138,08;0,00;0,00;0,00;-0,14;0,00;0,00;57;174;161;48;23;615;467
1320;68,12;133,13;0,00;0,00;0,00;0,13;0,00;0,00;394;161;190;39;19;918;830
1321;71,09;224,43;0,00;0,00;0,00;0,22;0,00;0,00;62;37;144;48;21;922;835
1322;34,26;-161,08;0,00;0,00;0,00;-0,16;0,00;0,00;267;48;98;40;30;435;886
1323;44,22;-69,52;0,00;0,00;0,00;-0,07;0,00;0,00;368;25;106;46;17;571;564
1324;32,71;-175,20;0,00;0,00;0,00;-0,18;0,00;0,00;40;114;54;37;39;773;619
1325;38,13;-192,40;0,00;0,00;0,00;-0,19;0,00;0,00;361;56;187;48;24;316;925
1326;56,64;68,75;0,00;0,00;0,00;0,07;0,00;0,00;378;171;197;32;31;492;604
1327;15,00;-386,37;0,00;0,00;0,00;-0,39;0,00;0,00;302;16;59;27;17;684;796
1328;55,45;60,46;0,00;0,00;0,00;0,06;0,00;0,00;317;63;169;40;27;790;592
1329;69,41;221,21;0,00;0,00;0,00;0,22;0,00;0,00;499;18;184;16;31;563;701
1330;48,38;-31,81;0,00;0,00;0,00;-0,03;0,00;0,00;445;99;68;23;31;140;590
1331;56,20;91,65;0,00;0,00;0,00;0,09;0,00;0,00;157;120;104;11;20;608;173
1332;43,81;-131,11;0,00;0,00;0,00;-0,13;0,00;0,00;72;96;60;39;25;267;148
1333;51,38;-72,78;0,00;0,00;0,00;-0,07;0,00;0,00;452;175;43;44;38;943;544
1334;47,67;-114,25;0,00;0,00;0,00;-0,11;0,00;0,00;354;195;154;13;36;317;163
1335;58,77;46,03;0,00;0,00;0,00;0,05;0,00;0,00;195;131;141;24;31;437;408
1336;50,49;36,29;0,00;0,00;0,00;0,04;0,00;0,00;180;196;11;27;16;543;902
1337;48,19;6,60;0,00;0,00;0,00;0,01;0,00;0,00;411;170;192;45;19;125;163
1338;55,57;64,44;0,00;0,00;0,00;0,06;0,00;0,00;241;168;55;27;19;182;191
1339;35,91;-58,50;0,00;0,00;0,00;-0,06;0,00;0,00;285;79;79;20;27;260;447
1340;40,23;-96,95;0,00;0,00;0,00;-0,10;0,00;0,00;491;43;180;12;25;621;179
1341;55,52;44,59;0,00;0,00;0,00;0,04;0,00;0,00;48;26;128;42;24;710;599
1342;41,16;-110,55;0,00;0,00;0,00;-0,11;0,00;0,00;173;77;186;34;39;132;664
1343;51,27;-7,47;0,00;0,00;0,00;-0,01;0,00;0,00;334;72;48;47;30;732;594
1344;35,30;-162,93;0,00;0,00;0,00;-0,16;0,00;0,00;460;145;184;10;35;499;631
1345;59,14;89,23;0,00;0,00;0,00;0,09;0,00;0,00;410;53;181;40;32;552;659
1346;22,32;-409,29;0,00;0,00;0,00;-0,41;0,00;0,00;242;187;44;11;23;655;510
1347;10,57;-348,24;0,00;0,00;0,00;-0,35;0,00;0,00;419;109;26;21;15;766;355
1348;33,10;-177,35;0,00;0,00;0,00;-0,18;0,00;0,00;476;197;170;30;35;448;484
1349;45,56;8,70;0,00;0,00;0,00;0,01;0,00;0,00;459;60;95;13;31;310;285
1350;53,81;41,23;0,00;0,00;0,00;0,04;0,00;0,00;70;100;110;29;23;744;504
1351;70,95;176,54;0,00;0,00;0,00;0,18;0,00;0,00;53;43;118;17;18;282;545
1352;50,13;31,23;0,00;0,00;0,00;0,03;0,00;0,00;389;192;161;45;17;786;555
1353;36,04;-165,57;0,00;0,00;0,00;-0,17;0,00;0,00;92;133;40;30;27;394;633
1354;42,53;-92,92;0,00;0,00;0,00;-0,09;0,00;0,00;395;33;33;16;22;774;133
1355;66,68;115,98;0,00;0,00;0,00;0,12;0,00;0,00;31;122;83;21;25;179;401
1356;21,29;-290,12;0,00;0,00;0,00;-0,29;0,00;0,00;488;59;53;29;23;486;508
1357;22,09;-184,72;0,00;0,00;0,00;-0,18;0,00;0,00;458;126;123;25;28;760;925
1358;64,25;162,70;0,00;0,00;0,00;0,16;0,00;0,00;37;161;19;12;34;785;272
1359;18,29;-279,15;0,00;0,00;0,00;-0,28;0,00;0,00;126;135;145;34;23;268;933
1360;51,04;-23,68;0,00;0,00;0,00;-0,02;0,00;0,00;431;31;56;26;18;327;175
1361;70,41;186,50;0,00;0,00;0,00;0,19;0,00;0,00;404;34;72;41;36;565;993
1362;24,02;-227,75;0,00;0,00;0,00;-0,23;0,00;0,00;191;185;198;10;31;414;205
1363;99,15;460,17;0,00;0,00;0,00;0,46;0,00;0,00;238;38;135;27;37;762;413
1364;70,77;229,01;0,00;0,00;0,00;0,23;0,00;0,00;75;52;20;22;28;397;247
1365;57,11;77,51;0,00;0,00;0,00;0,08;0,00;0,00;404;119;104;36;27;351;375
1366;61,78;133,75;0,00;0,00;0,00;0,13;0,00;0,00;417;192;131;42;28;940;949
1367;36,03;-213,63;0,00;0,00;0,00;-0,21;0,00;0,00;127;150;69;25;30;738;707
1368;34,40;-60,80;0,00;0,00;0,00;-0,06;0,00;0,00;58;71;38;47;26;595;870
1369;55,30;-53,31;0,00;0,00;0,00;-0,05;0,00;0,00;453;37;136;18;39;719;253
1370;81,52;415,01;0,00;0,00;0,00;0,42;0,00;0,00;352;17;165;35;38;270;908
1371;44,98;-64,52;0,00;0,00;0,00;-0,06;0,00;0,00;452;164;128;12;34;496;158
1372;63,40;38,48;0,00;0,00;0,00;0,04;0,00;0,00;340;137;43;13;15;804;593
1373;30,22;-233,01;0,00;0,00;0,00;-0,23;0,00;0,00;340;79;198;38;31;209;585
1374;56,14;60,54;0,00;0,00;0,00;0,06;0,00;0,00;454;106;113;19;36;783;913
1375;44,92;-119,88;0,00;0,00;0,00;-0,12;0,00;0,00;345;64;199;34;20;878;476
1376;43,02;-32,26;0,00;0,00;0,00;-0,03;0,00;0,00;11;134;94;22;21;864;317
1377;29,85;-231,30;0,00;0,00;0,00;-0,23;0,00;0,00;386;153;156;11;18;479;202
1378;36,34;-85,69;0,00;0,00;0,00;-0,09;0,00;0,00;350;46;78;49;22;377;894
1379;43,84;-144,33;0,00;0,00;0,00;-0,14;0,00;0,00;217;150;72;22;28;434;507
1380;56,85;134,13;0,00;0,00;0,00;0,13;0,00;0,00;439;72;156;40;15;414;417
1381;34,54;-116,21;0,00;0,00;0,00;-0,12;0,00;0,00;490;155;175;31;21;672;218
1382;54,72;84,40;0,00;0,00;0,00;0,08;0,00;0,00;394;140;165;28;28;384;814
1383;45,76;-104,69;0,00;0,00;0,00;-0,10;0,00;0,00;63;71;101;34;32;689;942
1384;69,66;212,62;0,00;0,00;0,00;0,21;0,00;0,00;177;99;161;21;22;116;267
1385;42,74;-105,29;0,00;0,00;0,00;-0,11;0,00;0,00;362;19;151;37;34;597;173
1386;52,90;89,52;0,00;0,00;0,00;0,09;0,00;0,00;341;54;176;39;18;537;843
1387;38,95;-52,30;0,00;0,00;0,00;-0,05;0,00;0,00;210;123;127;24;30;650;103
1388;65,00;132,21;0,00;0,00;0,00;0,13;0,00;0,00;104;93;69;42;23;286;672
1389;34,44;-127,44;0,00;0,00;0,00;-0,13;0,00;0,00;252;13;44;47;27;521;647
1390;50,89;45,54;0,00;0,00;0,00;0,05;0,00;0,00;221;31;183;28;24;250;571
1391;59,54;-16,66;0,00;0,00;0,00;-0,02;0,00;0,00;287;50;123;40;22;743;519
1392;54,08;67,04;0,00;0,00;0,00;0,07;0,00;0,00;87;24;57;29;21;980;470
1393;26,54;-228,14;0,00;0,00;0,00;-0,23;0,00;0,00;354;25;134;20;36;352;351
1394;37,30;-213,09;0,00;0,00;0,00;-0,21;0,00;0,00;397;103;13;29;23;741;249
1395;35,69;-121,74;0,00;0,00;0,00;-0,12;0,00;0,00;101;41;81;46;24;838;561
1396;51,58;-1,75;0,00;0,00;0,00;-0,00;0,00;0,00;351;122;110;24;35;649;121
1397;72,00;236,95;0,00;0,00;0,00;0,24;0,00;0,00;138;49;86;16;22;462;291
1398;62,47;127,13;0,00;0,00;0,00;0,13;0,00;0,00;80;40;156;45;27;870;765
1399;37,60;-231,36;0,00;0,00;0,00;-0,23;0,00;0,00;169;147;132;42;21;546;383
1400;46,94;-20,42;0,00;0,00;0,00;-0,02;0,00;0,00;443;191;166;31;17;473;289
1401;69,12;81,65;0,00;0,00;0,00;0,08;0,00;0,00;353;21;165;27;25;269;533
1402;73,03;223,57;0,00;0,00;0,00;0,22;0,00;0,00;248;55;147;49;36;665;288
1403;42,60;-64,29;0,00;0,00;0,00;-0,06;0,00;0,00;255;62;10;24;32;843;969
1404;55,51;13,40;0,00;0,00;0,00;0,01;0,00;0,00;316;69;53;33;22;529;726
1405;27,76;-198,84;0,00;0,00;0,00;-0,20;0,00;0,00;109;72;45;15;27;570;183
1406;36,68;-33,03;0,00;0,00;0,00;-0,03;0,00;0,00;377;106;24;24;15;278;804
1407;19,09;-270,70;0,00;0,00;0,00;-0,27;0,00;0,00;85;42;192;38;23;813;189
1408;49,87;80,64;0,00;0,00;0,00;0,08;0,00;0,00;444;35;135;27;27;876;702
1409;22,55;-333,57;0,00;0,00;0,00;-0,33;0,00;0,00;142;78;144;38;27;904;115
1410;53,14;16,94;0,00;0,00;0,00;0,02;0,00;0,00;196;131;142;20;32;334;844
1411;53,20;-12,30;0,00;0,00;0,00;-0,01;0,00;0,00;497;65;175;11;25;998;199
1412;83,93;336,60;0,00;0,00;0,00;0,34;0,00;0,00;162;34;12;16;21;301;101
1413;46,07;15,18;0,00;0,00;0,00;0,02;0,00;0,00;90;101;187;12;27;408;571
1414;63,36;52,69;0,00;0,00;0,00;0,05;0,00;0,00;18;189;78;27;36;961;148
1415;46,59;-38,18;0,00;0,00;0,00;-0,04;0,00;0,00;294;186;177;28;27;548;575
1416;30,57;-268,47;0,00;0,00;0,00;-0,27;0,00;0,00;436;148;116;18;21;155;128
1417;49,41;-12,43;0,00;0,00;0,00;-0,01;0,00;0,00;309;115;123;16;16;220;516
1418;4,40;-420,71;0,00;0,00;0,00;-0,42;0,00;0,00;428;40;30;48;35;884;431
1419;46,17;-122,00;0,00;0,00;0,00;-0,12;0,00;0,00;290;53;190;23;36;244;518
1420;43,67;-79,83;0,00;0,00;0,00;-0,08;0,00;0,00;77;188;18;26;28;620;798
1421;55,14;201,10;0,00;0,00;0,00;0,20;0,00;0,00;122;114;181;38;24;749;139
1422;67,83;233,57;0,00;0,00;0,00;0,23;0,00;0,00;452;75;40;10;24;167;321
1423;59,15;-16,95;0,00;0,00;0,00;-0,02;0,00;0,00;132;122;157;46;37;656;725
1424;48,70;54,84;0,00;0,00;0,00;0,05;0,00;0,00;144;22;72;37;26;792;446
1425;61,44;126,24;0,00;0,00;0,00;0,13;0,00;0,00;173;49;18;30;35;605;314
1426;29,62;-173,36;0,00;0,00;0,00;-0,17;0,00;0,00;287;40;148;17;22;307;649
1427;68,46;229,94;0,00;0,00;0,00;0,23;0,00;0,00;246;64;185;44;20;715;645
1428;45,83;33,98;0,00;0,00;0,00;0,03;0,00;0,00;86;59;83;27;30;504;525
1429;45,60;-16,76;0,00;0,00;0,00;-0,02;0,00;0,00;61;22;58;47;15;328;697
1430;47,78;20,67;0,00;0,00;0,00;0,02;0,00;0,00;395;140;33;49;15;595;889
1431;40,80;-89,14;0,00;0,00;0,00;-0,09;0,00;0,00;390;159;31;14;33;850;972
1432;36,85;-98,14;0,00;0,00;0,00;-0,10;0,00;0,00;196;94;119;45;26;202;797
1433;70,04;161,03;0,00;0,00;0,00;0,16;0,00;0,00;154;80;188;34;15;280;684
1434;30,68;-140,82;0,00;0,00;0,00;-0,14;0,00;0,00;28;78;80;12;39;217;427
1435;32,94;-169,64;0,00;0,00;0,00;-0,17;0,00;0,00;340;195;26;46;39;890;439
1436;55,17;65,04;0,00;0,00;0,00;0,07;0,00;0,00;168;179;180;30;28;862;287
1437;66,17;123,72;0,00;0,00;0,00;0,12;0,00;0,00;153;10;113;49;35;779;925
1438;70,98;226,20;0,00;0,00;0,00;0,23;0,00;0,00;370;105;78;21;20;634;540
1439;62,09;16,53;0,00;0,00;0,00;0,02;0,00;0,00;84;86;126;38;26;161;870
1440;43,86;-107,78;0,00;0,00;0,00;-0,11;0,00;0,00;165;45;120;46;21;492;176
1441;75,87;278,31;0,00;0,00;0,00;0,28;0,00;0,00;284;119;81;37;25;732;549
1442;50,47;83,47;0,00;0,00;0,00;0,08;0,00;0,00;11;22;47;10;21;324;452
1443;24,23;-253,98;0,00;0,00;0,00;-0,25;0,00;0,00;93;90;87;11;37;425;201
1444;49,06;-87,72;0,00;0,00;0,00;-0,09;0,00;0,00;203;149;157;11;30;588;415
1445;60,74;159,88;0,00;0,00;0,00;0,16;0,00;0,00;456;33;178;24;16;274;558
1446;46,80;25,17;0,00;0,00;0,00;0,03;0,00;0,00;123;111;134;33;26;952;838
1447;25,56;-219,95;0,00;0,00;0,00;-0,22;0,00;0,00;83;108;187;47;27;734;764
1448;33,01;-162,89;0,00;0,00;0,00;-0,16;0,00;0,00;42;120;128;29;36;933;849
1449;53,23;-10,70;0,00;0,00;0,00;-0,01;0,00;0,00;142;120;148;28;22;139;514
1450;48,75;-4,60;0,00;0,00;0,00;-0,00;0,00;0,00;485;26;21;18;33;234;890
1451;80,17;260,98;0,00;0,00;0,00;0,26;0,00;0,00;78;108;199;45;25;550;865
1452;51,96;32,02;0,00;0,00;0,00;0,03;0,00;0,00;157;145;53;33;16;559;291
1453;24,76;-288,24;0,00;0,00;0,00;-0,29;0,00;0,00;318;184;12;33;32;232;641
1454;45,68;-80,40;0,00;0,00;0,00;-0,08;0,00;0,00;141;112;74;40;17;611;640
1455;61,37;143,35;0,00;0,00;0,00;0,14;0,00;0,00;46;75;88;33;19;532;188
1456;68,30;150,48;0,00;0,00;0,00;0,15;0,00;0,00;341;26;181;20;15;832;387
1457;56,17;45,58;0,00;0,00;0,00;0,05;0,00;0,00;187;72;65;11;16;542;698
1458;42,71;-127,92;0,00;0,00;0,00;-0,13;0,00;0,00;179;49;144;37;28;435;433
1459;45,77;-96,44;0,00;0,00;0,00;-0,10;0,00;0,00;131;52;42;32;36;310;756
1460;23,43;-249,65;0,00;0,00;0,00;-0,25;0,00;0,00;169;96;101;42;21;961;673
1461;29,67;-134,79;0,00;0,00;0,00;-0,13;0,00;0,00;484;153;21;49;16;808;534
1462;51,12;62,02;0,00;0,00;0,00;0,06;0,00;0,00;216;33;26;40;33;303;147
1463;71,52;187,32;0,00;0,00;0,00;0,19;0,00;0,00;423;167;110;34;31;924;676
1464;47,17;-73,06;0,00;0,00;0,00;-0,07;0,00;0,00;369;128;15;15;16;861;166
1465;60,75;150,68;0,00;0,00;0,00;0,15;0,00;0,00;338;60;154;37;33;268;865
1466;94,52;409,45;0,00;0,00;0,00;0,41;0,00;0,00;352;167;76;30;20;719;878
1467;73,98;190,98;0,00;0,00;0,00;0,19;0,00;0,00;305;190;169;17;17;975;131
1468;43,07;-22,81;0,00;0,00;0,00;-0,02;0,00;0,00;187;38;154;35;30;813;715
1469;60,43;153,51;0,00;0,00;0,00;0,15;0,00;0,00;385;53;187;38;37;917;541
1470;59,47;107,95;0,00;0,00;0,00;0,11;0,00;0,00;40;115;155;25;35;114;389
1471;41,37;-19,57;0,00;0,00;0,00;-0,02;0,00;0,00;447;43;41;23;19;404;417
1472;28,05;-239,90;0,00;0,00;0,00;-0,24;0,00;0,00;19;164;173;14;23;585;679
1473;28,04;-152,59;0,00;0,00;0,00;-0,15;0,00;0,00;442;90;177;21;21;363;875
1474;56,85;43,37;0,00;0,00;0,00;0,04;0,00;0,00;90;61;171;11;39;589;909
1475;57,01;39,62;0,00;0,00;0,00;0,04;0,00;0,00;342;176;148;49;30;204;926
1476;35,14;-116,17;0,00;0,00;0,00;-0,12;0,00;0,00;111;160;197;26;37;777;296
1477;34,43;-190,93;0,00;0,00;0,00;-0,19;0,00;0,00;446;13;143;20;39;809;397
1478;67,73;183,16;0,00;0,00;0,00;0,18;0,00;0,00;447;11;72;38;26;140;230
1479;29,48;-134,93;0,00;0,00;0,00;-0,13;0,00;0,00;52;30;192;36;37;674;875
1480;44,60;55,66;0,00;0,00;0,00;0,06;0,00;0,00;347;73;150;12;28;627;583
1481;46,40;-44,86;0,00;0,00;0,00;-0,04;0,00;0,00;382;22;78;28;24;887;505
1482;50,67;79,53;0,00;0,00;0,00;0,08;0,00;0,00;16;25;49;15;26;105;500
1483;34,42;-215,57;0,00;0,00;0,00;-0,22;0,00;0,00;386;161;180;40;16;572;319
1484;31,84;-165,36;0,00;0,00;0,00;-0,17;0,00;0,00;16;45;40;46;31;303;465
1485;30,90;-139,46;0,00;0,00;0,00;-0,14;0,00;0,00;274;146;189;16;15;573;846
1486;79,71;249,81;0,00;0,00;0,00;0,25;0,00;0,00;342;82;124;27;34;973;123
1487;55,41;20,60;0,00;0,00;0,00;0,02;0,00;0,00;94;27;35;14;28;822;768
1488;39,68;-85,70;0,00;0,00;0,00;-0,09;0,00;0,00;218;99;84;13;17;667;749
1489;50,25;-8,88;0,00;0,00;0,00;-0,01;0,00;0,00;369;101;144;17;18;686;820
1490;27,24;-224,47;0,00;0,00;0,00;-0,22;0,00;0,00;360;191;11;24;39;461;703
1491;39,18;-103,23;0,00;0,00;0,00;-0,10;0,00;0,00;170;84;50;45;15;513;469
1492;58,45;117,68;0,00;0,00;0,00;0,12;0,00;0,00;431;47;176;12;28;872;978
1493;52,62;13,22;0,00;0,00;0,00;0,01;0,00;0,00;430;81;121;15;36;421;465
1494;31,88;-240,74;0,00;0,00;0,00;-0,24;0,00;0,00;21;111;172;41;16;156;125
1495;74,34;181,88;0,00;0,00;0,00;0,18;0,00;0,00;283;122;79;23;36;467;938
1496;50,69;41,09;0,00;0,00;0,00;0,04;0,00;0,00;490;98;87;25;37;315;837
1497;46,95;-21,33;0,00;0,00;0,00;-0,02;0,00;0,00;270;21;186;43;29;825;920
1498;50,94;-31,45;0,00;0,00;0,00;-0,03;0,00;0,00;170;74;95;25;36;919;835
1499;45,30;-131,40;0,00;0,00;0,00;-0,13;0,00;0,00;176;105;43;28;16;538;276
1500;47,80;-66,50;0,00;0,00;0,00;-0,07;0,00;0,00;166;103;65;49;39;488;113
1501;36,01;-206,69;0,00;0,00;0,00;-0,21;0,00;0,00;356;174;189;24;27;311;664
1502;41,22;-189,13;0,00;0,00;0,00;-0,19;0,00;0,00;370;168;115;43;37;800;350
1503;65,31;210,89;0,00;0,00;0,00;0,21;0,00;0,00;329;111;50;26;34;330;644
1504;56,35;-54,04;0,00;0,00;0,00;-0,05;0,00;0,00;287;121;66;33;23;490;473
1505;55,08;-1,07;0,00;0,00;0,00;-0,00;0,00;0,00;147;144;182;16;34;589;778
1506;46,60;24,01;0,00;0,00;0,00;0,02;0,00;0,00;242;170;94;39;30;708;568
1507;64,58;109,12;0,00;0,00;0,00;0,11;0,00;0,00;118;28;110;28;37;573;382
1508;48,41;-132,09;0,00;0,00;0,00;-0,13;0,00;0,00;439;131;139;45;27;899;308
1509;49,50;9,15;0,00;0,00;0,00;0,01;0,00;0,00;263;141;42;43;37;861;114
1510;60,76;141,41;0,00;0,00;0,00;0,14;0,00;0,00;485;127;174;20;33;812;644
1511;64,19;157,50;0,00;0,00;0,00;0,16;0,00;0,00;390;44;157;19;18;270;369
1512;53,51;-14,31;0,00;0,00;0,00;-0,01;0,00;0,00;56;175;70;11;31;265;425
1513;64,47;108,84;0,00;0,00;0,00;0,11;0,00;0,00;33;186;55;22;32;390;133
1514;42,45;-180,47;0,00;0,00;0,00;-0,18;0,00;0,00;488;17;117;27;32;597;524
1515;48,22;5,19;0,00;0,00;0,00;0,01;0,00;0,00;225;69;112;17;31;770;204
1516;28,12;-192,82;0,00;0,00;0,00;-0,19;0,00;0,00;496;146;161;16;31;908;251
1517;71,36;198,88;0,00;0,00;0,00;0,20;0,00;0,00;376;126;77;25;33;491;372
1518;33,47;-179,87;0,00;0,00;0,00;-0,18;0,00;0,00;406;67;121;22;29;612;584
1519;49,79;-43,88;0,00;0,00;0,00;-0,04;0,00;0,00;227;125;136;37;31;398;895
1520;83,99;340,89;0,00;0,00;0,00;0,34;0,00;0,00;43;181;78;25;25;471;764
1521;44,76;-70,72;0,00;0,00;0,00;-0,07;0,00;0,00;363;85;86;30;21;904;506
1522;47,67;-85,28;0,00;0,00;0,00;-0,09;0,00;0,00;335;90;47;48;21;532;555
1523;63,74;153,51;0,00;0,00;0,00;0,15;0,00;0,00;41;35;75;21;29;491;389
1524;35,45;-165,52;0,00;0,00;0,00;-0,17;0,00;0,00;146;137;124;15;23;703;217
1525;19,84;-254,82;0,00;0,00;0,00;-0,25;0,00;0,00;404;56;117;17;30;673;410
1526;52,24;18,92;0,00;0,00;0,00;0,02;0,00;0,00;350;177;169;16;39;366;636
1527;47,54;-53,78;0,00;0,00;0,00;-0,05;0,00;0,00;165;131;174;38;32;949;302
1528;31,15;-155,61;0,00;0,00;0,00;-0,16;0,00;0,00;238;111;75;41;35;999;586
1529;20,51;-177,08;0,00;0,00;0,00;-0,18;0,00;0,00;13;190;105;29;25;365;650
1530;25,95;-304,92;0,00;0,00;0,00;-0,30;0,00;0,00;103;124;193;31;23;708;381
1531;68,79;244,04;0,00;0,00;0,00;0,24;0,00;0,00;192;40;168;18;25;236;119
1532;72,48;298,81;0,00;0,00;0,00;0,30;0,00;0,00;398;199;175;47;21;282;372
1533;57,61;119,54;0,00;0,00;0,00;0,12;0,00;0,00;467;194;88;44;25;849;921
1534;59,81;60,39;0,00;0,00;0,00;0,06;0,00;0,00;359;180;62;35;33;536;206
1535;38,93;-180,34;0,00;0,00;0,00;-0,18;0,00;0,00;294;180;199;39;35;487;226
1536;30,37;-170,65;0,00;0,00;0,00;-0,17;0,00;0,00;465;51;141;36;34;894;991
1537;40,23;-110,18;0,00;0,00;0,00;-0,11;0,00;0,00;36;150;119;29;39;820;379
1538;63,17;134,94;0,00;0,00;0,00;0,13;0,00;0,00;268;110;173;47;27;802;713
1539;30,20;-185,89;0,00;0,00;0,00;-0,19;0,00;0,00;224;19;176;19;30;112;350
1540;36,31;-169,01;0,00;0,00;0,00;-0,17;0,00;0,00;118;24;182;41;39;482;148
1541;68,64;223,66;0,00;0,00;0,00;0,22;0,00;0,00;46;128;17;35;18;197;570
1542;44,73;-93,82;0,00;0,00;0,00;-0,09;0,00;0,00;50;168;116;21;38;541;826
1543;56,26;64,56;0,00;0,00;0,00;0,06;0,00;0,00;31;15;189;10;33;517;511
1544;38,34;-145,80;0,00;0,00;0,00;-0,15;0,00;0,00;430;110;171;37;36;655;708
1545;42,70;-83,88;0,00;0,00;0,00;-0,08;0,00;0,00;168;96;114;29;28;348;950
1546;35,11;-36,36;0,00;0,00;0,00;-0,04;0,00;0,00;162;88;64;43;36;736;932
1547;38,81;-65,22;0,00;0,00;0,00;-0,07;0,00;0,00;275;188;135;10;27;972;409
1548;64,89;140,25;0,00;0,00;0,00;0,14;0,00;0,00;379;86;48;45;25;903;726
1549;38,16;-141,18;0,00;0,00;0,00;-0,14;0,00;0,00;389;158;115;25;33;506;965
1550;25,55;-397,95;0,00;0,00;0,00;-0,40;0,00;0,00;78;55;95;23;19;815;477
1551;71,57;269,25;0,00;0,00;0,00;0,27;0,00;0,00;423;125;68;49;26;463;373
1552;41,83;-85,90;0,00;0,00;0,00;-0,09;0,00;0,00;430;131;99;33;36;627;980
1553;31,00;-171,27;0,00;0,00;0,00;-0,17;0,00;0,00;215;59;127;48;33;610;239
1554;62,82;98,32;0,00;0,00;0,00;0,10;0,00;0,00;182;198;20;42;32;794;722
1555;67,21;144,61;0,00;0,00;0,00;0,14;0,00;0,00;34;162;39;40;20;592;352
1556;25,72;-207,94;0,00;0,00;0,00;-0,21;0,00;0,00;184;100;102;45;34;895;112
1557;62,06;129,22;0,00;0,00;0,00;0,13;0,00;0,00;177;142;193;26;31;838;555
1558;72,21;177,68;0,00;0,00;0,00;0,18;0,00;0,00;60;90;70;29;39;749;522
1559;53,69;83,25;0,00;0,00;0,00;0,08;0,00;0,00;203;36;53;46;24;830;281
1560;54,35;-54,69;0,00;0,00;0,00;-0,05;0,00;0,00;250;122;65;15;30;135;617
1561;49,57;-35,45;0,00;0,00;0,00;-0,04;0,00;0,00;115;52;51;18;22;588;439
1562;45,20;-5,06;0,00;0,00;0,00;-0,01;0,00;0,00;67;153;187;45;38;526;701
1563;44,95;-46,48;0,00;0,00;0,00;-0,05;0,00;0,00;296;67;10;27;35;728;177
1564;54,35;-83,57;0,00;0,00;0,00;-0,08;0,00;0,00;294;193;70;16;39;274;558
1565;6,42;-487,11;0,00;0,00;0,00;-0,49;0,00;0,00;240;22;123;18;32;123;189
1566;53,72;134,03;0,00;0,00;0,00;0,13;0,00;0,00;365;94;89;44;37;759;858
1567;35,11;-93,59;0,00;0,00;0,00;-0,09;0,00;0,00;338;84;153;33;35;159;476
1568;27,97;-248,21;0,00;0,00;0,00;-0,25;0,00;0,00;298;73;22;39;16;857;483
1569;0,00;-474,29;0,00;0,00;0,00;-0,47;0,00;0,00;169;75;193;32;38;219;588
1570;75,97;261,68;0,00;0,00;0,00;0,26;0,00;0,00;482;93;168;41;39;447;100
1571;66,97;225,55;0,00;0,00;0,00;0,23;0,00;0,00;229;38;157;10;30;723;813
1572;43,97;-106,58;0,00;0,00;0,00;-0,11;0,00;0,00;224;167;113;34;26;433;824
1573;56,46;132,77;0,00;0,00;0,00;0,13;0,00;0,00;23;112;148;26;17;733;860
1574;24,89;-275,03;0,00;0,00;0,00;-0,28;0,00;0,00;398;44;26;45;35;817;617
1575;38,18;-102,12;0,00;0,00;0,00;-0,10;0,00;0,00;267;130;140;46;34;916;181
1576;40,76;-85,97;0,00;0,00;0,00;-0,09;0,00;0,00;345;135;76;36;25;962;665
1577;70,62;177,89;0,00;0,00;0,00;0,18;0,00;0,00;434;25;78;43;21;896;475
1578;67,74;184,18;0,00;0,00;0,00;0,18;0,00;0,00;353;110;81;14;32;831;679
1579;45,36;-84,93;0,00;0,00;0,00;-0,08;0,00;0,00;187;120;86;43;35;653;819
1580;35,63;-125,37;0,00;0,00;0,00;-0,13;0,00;0,00;426;150;124;24;35;271;302
1581;55,84;37,62;0,00;0,00;0,00;0,04;0,00;0,00;383;95;156;47;18;498;191
1582;53,14;7,60;0,00;0,00;0,00;0,01;0,00;0,00;46;117;173;12;16;281;332
1583;42,17;-49,05;0,00;0,00;0,00;-0,05;0,00;0,00;384;157;147;18;35;742;591
1584;70,22;182,23;0,00;0,00;0,00;0,18;0,00;0,00;342;108;53;18;24;985;683
1585;54,23;-6,21;0,00;0,00;0,00;-0,01;0,00;0,00;135;13;108;19;27;642;331
1586;51,99;139,74;0,00;0,00;0,00;0,14;0,00;0,00;299;112;184;10;15;126;637
1587;63,70;80,38;0,00;0,00;0,00;0,08;0,00;0,00;344;190;57;29;32;829;693
1588;47,20;-31,98;0,00;0,00;0,00;-0,03;0,00;0,00;325;189;130;44;27;564;321
1589;67,73;166,62;0,00;0,00;0,00;0,17;0,00;0,00;376;99;112;17;36;438;675
1590;61,66;179,52;0,00;0,00;0,00;0,18;0,00;0,00;395;127;23;49;27;535;603
1591;45,63;-76,08;0,00;0,00;0,00;-0,08;0,00;0,00;294;72;85;13;29;898;831
1592;56,09;95,07;0,00;0,00;0,00;0,10;0,00;0,00;433;25;74;39;17;900;738
1593;57,30;52,86;0,00;0,00;0,00;0,05;0,00;0,00;330;198;69;14;18;122;743
1594;49,15;81,04;0,00;0,00;0,00;0,08;0,00;0,00;120;113;168;49;21;849;576
1595;86,98;416,78;0,00;0,00;0,00;0,42;0,00;0,00;322;107;112;27;17;983;238
1596;69,60;158,85;0,00;0,00;0,00;0,16;0,00;0,00;290;157;14;12;20;806;783
1597;52,23;-39,96;0,00;0,00;0,00;-0,04;0,00;0,00;171;155;64;46;37;688;521
1598;64,60;127,63;0,00;0,00;0,00;0,13;0,00;0,00;107;154;112;12;33;483;180
1599;34,57;-173,51;0,00;0,00;0,00;-0,17;0,00;0,00;163;37;166;46;25;470;823
1600;57,50;69,37;0,00;0,00;0,00;0,07;0,00;0,00;56;117;69;43;24;546;101
1601;30,35;-171,42;0,00;0,00;0,00;-0,17;0,00;0,00;196;21;75;14;19;142;258
1602;48,70;-48,83;0,00;0,00;0,00;-0,05;0,00;0,00;126;179;30;37;19;469;610
1603;75,42;292,26;0,00;0,00;0,00;0,29;0,00;0,00;428;38;169;23;19;230;656
1604;69,80;287,87;0,00;0,00;0,00;0,29;0,00;0,00;358;116;40;29;29;917;685
1605;47,41;-65,57;0,00;0,00;0,00;-0,07;0,00;0,00;366;123;140;11;36;982;583
1606;60,55;127,69;0,00;0,00;0,00;0,13;0,00;0,00;488;170;196;47;24;800;397
1607;15,18;-387,03;0,00;0,00;0,00;-0,39;0,00;0,00;82;27;113;11;15;702;967
1608;64,38;151,82;0,00;0,00;0,00;0,15;0,00;0,00;443;26;57;18;17;848;954
1609;51,99;93,54;0,00;0,00;0,00;0,09;0,00;0,00;241;187;189;29;36;512;765
1610;48,08;-39,92;0,00;0,00;0,00;-0,04;0,00;0,00;307;151;195;30;38;133;979
1611;41,33;-141,66;0,00;0,00;0,00;-0,14;0,00;0,00;305;93;115;18;15;671;567
1612;39,29;-100,69;0,00;0,00;0,00;-0,10;0,00;0,00;442;114;28;13;28;979;436
1613;30,74;-156,62;0,00;0,00;0,00;-0,16;0,00;0,00;201;81;78;18;31;747;508
1614;40,46;-52,28;0,00;0,00;0,00;-0,05;0,00;0,00;184;89;106;30;17;948;251
1615;60,55;116,65;0,00;0,00;0,00;0,12;0,00;0,00;176;16;20;46;15;326;596
1616;72,36;294,46;0,00;0,00;0,00;0,29;0,00;0,00;84;151;33;22;25;524;699
1617;23,62;-238,10;0,00;0,00;0,00;-0,24;0,00;0,00;170;104;164;17;27;945;794
1618;77,16;262,67;0,00;0,00;0,00;0,26;0,00;0,00;60;167;95;42;18;265;203
1619;49,94;-116,96;0,00;0,00;0,00;-0,12;0,00;0,00;167;126;121;26;37;830;695
1620;58,84;163,16;0,00;0,00;0,00;0,16;0,00;0,00;147;127;136;39;20;957;917
1621;61,58;205,22;0,00;0,00;0,00;0,21;0,00;0,00;241;115;92;12;39;814;781
1622;58,70;37,33;0,00;0,00;0,00;0,04;0,00;0,00;495;173;41;33;17;452;739
1623;14,95;-354,22;0,00;0,00;0,00;-0,35;0,00;0,00;279;156;167;28;15;736;667
1624;65,02;116,13;0,00;0,00;0,00;0,12;0,00;0,00;215;12;118;22;21;856;364
1625;41,75;-124,73;0,00;0,00;0,00;-0,12;0,00;0,00;268;25;105;19;20;536;831
1626;51,20;47,89;0,00;0,00;0,00;0,05;0,00;0,00;339;16;10;42;26;157;143
1627;59,74;175,23;0,00;0,00;0,00;0,18;0,00;0,00;489;142;86;30;18;542;324
1628;60,59;95,35;0,00;0,00;0,00;0,10;0,00;0,00;141;164;148;37;16;780;844
1629;39,69;-117,68;0,00;0,00;0,00;-0,12;0,00;0,00;455;45;40;42;22;800;547
1630;30,23;-134,36;0,00;0,00;0,00;-0,13;0,00;0,00;156;170;103;28;37;719;513
1631;39,68;-113,94;0,00;0,00;0,00;-0,11;0,00;0,00;308;151;35;48;32;147;240
1632;44,55;-68,89;0,00;0,00;0,00;-0,07;0,00;0,00;393;182;74;43;24;471;583
1633;42,50;-178,38;0,00;0,00;0,00;-0,18;0,00;0,00;111;39;95;30;33;780;155
1634;42,37;-188,27;0,00;0,00;0,00;-0,19;0,00;0,00;14;82;163;25;32;356;376
1635;36,00;-104,10;0,00;0,00;0,00;-0,10;0,00;0,00;255;130;146;18;31;994;621
1636;61,30;112,81;0,00;0,00;0,00;0,11;0,00;0,00;469;122;91;36;20;616;669
1637;43,07;8,24;0,00;0,00;0,00;0,01;0,00;0,00;444;182;22;31;19;649;348
1638;58,72;-2,40;0,00;0,00;0,00;-0,00;0,00;0,00;485;59;64;34;27;275;975
1639;26,60;-247,29;0,00;0,00;0,00;-0,25;0,00;0,00;66;84;146;49;37;481;373
1640;61,63;88,66;0,00;0,00;0,00;0,09;0,00;0,00;92;84;180;31;38;503;838
1641;34,32;-79,56;0,00;0,00;0,00;-0,08;0,00;0,00;472;164;190;18;36;592;609
1642;61,93;74,04;0,00;0,00;0,00;0,07;0,00;0,00;51;143;13;20;38;241;803
1643;45,78;-33,02;0,00;0,00;0,00;-0,03;0,00;0,00;237;38;88;36;39;340;713
1644;34,94;-115,82;0,00;0,00;0,00;-0,12;0,00;0,00;14;48;98;45;36;308;882
1645;91,64;410,18;0,00;0,00;0,00;0,41;0,00;0,00;265;122;167;46;22;789;547
1646;55,76;209,65;0,00;0,00;0,00;0,21;0,00;0,00;48;19;85;40;17;341;610
1647;35,22;-148,87;0,00;0,00;0,00;-0,15;0,00;0,00;449;41;55;40;38;248;281
1648;68,28;312,48;0,00;0,00;0,00;0,31;0,00;0,00;243;11;164;13;17;665;330
1649;70,70;154,76;0,00;0,00;0,00;0,15;0,00;0,00;181;175;176;22;16;512;550
1650;54,50;55,41;0,00;0,00;0,00;0,06;0,00;0,00;81;152;158;38;27;254;493
1651;62,59;193,65;0,00;0,00;0,00;0,19;0,00;0,00;201;79;154;28;22;876;716
1652;75,73;173,29;0,00;0,00;0,00;0,17;0,00;0,00;249;152;16;16;32;598;774
1653;65,57;77,33;0,00;0,00;0,00;0,08;0,00;0,00;305;142;149;26;38;525;621
1654;57,06;65,97;0,00;0,00;0,00;0,07;0,00;0,00;122;80;78;21;31;440;764
1655;41,83;-29,89;0,00;0,00;0,00;-0,03;0,00;0,00;357;159;41;12;21;720;337
1656;37,79;-101,05;0,00;0,00;0,00;-0,10;0,00;0,00;472;174;159;43;26;318;846
1657;54,73;-11,64;0,00;0,00;0,00;-0,01;0,00;0,00;345;171;99;27;19;598;919
1658;64,86;166,94;0,00;0,00;0,00;0,17;0,00;0,00;142;69;104;29;22;720;696
1659;60,02;84,11;0,00;0,00;0,00;0,08;0,00;0,00;37;148;190;46;18;559;373
1660;53,18;-40,36;0,00;0,00;0,00;-0,04;0,00;0,00;30;161;123;37;34;707;256
1661;65,75;168,70;0,00;0,00;0,00;0,17;0,00;0,00;412;160;140;27;23;536;370
1662;52,58;49,83;0,00;0,00;0,00;0,05;0,00;0,00;77;186;54;19;25;889;718
1663;43,70;-57,51;0,00;0,00;0,00;-0,06;0,00;0,00;38;19;152;19;21;594;900
1664;63,04;111,10;0,00;0,00;0,00;0,11;0,00;0,00;296;119;139;19;17;514;202
1665;45,41;-75,37;0,00;0,00;0,00;-0,08;0,00;0,00;225;169;47;42;16;657;602
1666;41,74;-44,58;0,00;0,00;0,00;-0,04;0,00;0,00;245;80;190;18;34;678;141
1667;45,95;-58,25;0,00;0,00;0,00;-0,06;0,00;0,00;416;82;136;22;32;511;669
1668;38,37;-152,97;0,00;0,00;0,00;-0,15;0,00;0,00;431;133;187;40;35;755;239
1669;26,95;-220,29;0,00;0,00;0,00;-0,22;0,00;0,00;447;131;44;15;39;302;566
1670;43,82;-66,53;0,00;0,00;0,00;-0,07;0,00;0,00;198;159;179;18;27;500;350
1671;30,41;-154,60;0,00;0,00;0,00;-0,15;0,00;0,00;340;183;14;21;15;534;889
1672;22,05;-296,51;0,00;0,00;0,00;-0,30;0,00;0,00;15;46;41;37;17;950;813
1673;72,84;241,06;0,00;0,00;0,00;0,24;0,00;0,00;270;116;78;24;38;966;483
1674;56,35;117,41;0,00;0,00;0,00;0,12;0,00;0,00;81;41;178;37;15;981;673
1675;12,79;-354,42;0,00;0,00;0,00;-0,35;0,00;0,00;83;35;11;34;22;344;371
1676;49,89;66,16;0,00;0,00;0,00;0,07;0,00;0,00;26;114;73;20;38;651;457
1677;60,50;169,30;0,00;0,00;0,00;0,17;0,00;0,00;311;152;70;41;37;640;199
1678;47,31;-17,06;0,00;0,00;0,00;-0,02;0,00;0,00;435;86;26;22;26;349;850
1679;39,97;-93,80;0,00;0,00;0,00;-0,09;0,00;0,00;181;105;143;49;26;554;364
1680;27,53;-219,28;0,00;0,00;0,00;-0,22;0,00;0,00;376;68;197;48;25;728;206
1681;68,54;113,04;0,00;0,00;0,00;0,11;0,00;0,00;203;96;121;40;26;782;930
1682;44,52;-17,69;0,00;0,00;0,00;-0,02;0,00;0,00;407;22;19;46;15;821;545
1683;36,19;-186,58;0,00;0,00;0,00;-0,19;0,00;0,00;108;57;160;19;17;431;717
1684;53,60;69,66;0,00;0,00;0,00;0,07;0,00;0,00;291;130;175;13;31;373;154
1685;38,45;-122,31;0,00;0,00;0,00;-0,12;0,00;0,00;204;44;147;11;30;171;110
1686;37,05;-197,85;0,00;0,00;0,00;-0,20;0,00;0,00;470;21;97;38;15;855;134
1687;27,56;-264,40;0,00;0,00;0,00;-0,26;0,00;0,00;21;118;126;41;21;429;868
1688;5,15;-483,28;0,00;0,00;0,00;-0,48;0,00;0,00;300;138;81;30;37;968;706
1689;43,91;-80,72;0,00;0,00;0,00;-0,08;0,00;0,00;256;153;37;48;35;345;101
1690;64,70;243,56;0,00;0,00;0,00;0,24;0,00;0,00;57;199;50;18;31;849;994
1691;54,78;18,64;0,00;0,00;0,00;0,02;0,00;0,00;425;31;13;16;21;122;449
1692;67,86;242,23;0,00;0,00;0,00;0,24;0,00;0,00;63;116;37;35;23;216;325
1693;52,78;59,37;0,00;0,00;0,00;0,06;0,00;0,00;186;55;93;24;19;639;787
1694;42,27;-1,38;0,00;0,00;0,00;-0,00;0,00;0,00;294;87;141;45;22;362;632
1695;27,07;-199,11;0,00;0,00;0,00;-0,20;0,00;0,00;286;138;42;19;31;577;385
1696;49,90;-46,02;0,00;0,00;0,00;-0,05;0,00;0,00;295;27;186;44;18;799;614
1697;25,92;-309,55;0,00;0,00;0,00;-0,31;0,00;0,00;140;176;75;39;33;908;209
1698;45,20;62,91;0,00;0,00;0,00;0,06;0,00;0,00;330;61;162;10;26;911;485
1699;36,37;-253,52;0,00;0,00;0,00;-0,25;0,00;0,00;67;71;88;46;31;498;192
1700;57,82;36,83;0,00;0,00;0,00;0,04;0,00;0,00;340;104;136;10;15;662;428
1701;56,28;37,01;0,00;0,00;0,00;0,04;0,00;0,00;61;156;68;43;29;838;390
1702;73,63;317,56;0,00;0,00;0,00;0,32;0,00;0,00;236;104;102;43;28;817;318
1703;59,46;30,07;0,00;0,00;0,00;0,03;0,00;0,00;226;113;68;12;33;664;150
1704;49,46;4,51;0,00;0,00;0,00;0,00;0,00;0,00;40;179;72;44;18;674;788
1705;39,80;-58,74;0,00;0,00;0,00;-0,06;0,00;0,00;341;134;45;18;31;832;413
1706;57,23;79,51;0,00;0,00;0,00;0,08;0,00;0,00;250;142;46;33;36;457;424
1707;28,02;-211,16;0,00;0,00;0,00;-0,21;0,00;0,00;194;119;151;47;32;232;485
1708;39,10;-40,21;0,00;0,00;0,00;-0,04;0,00;0,00;437;54;19;21;17;898;841
1709;69,25;179,45;0,00;0,00;0,00;0,18;0,00;0,00;192;59;134;17;33;184;427
1710;56,26;56,73;0,00;0,00;0,00;0,06;0,00;0,00;32;153;51;37;33;610;523
1711;63,32;215,68;0,00;0,00;0,00;0,22;0,00;0,00;328;90;131;36;17;876;587
1712;52,10;95,61;0,00;0,00;0,00;0,10;0,00;0,00;135;190;64;34;25;569;658
1713;72,96;212,49;0,00;0,00;0,00;0,21;0,00;0,00;406;55;49;11;15;207;661
1714;24,02;-240,95;0,00;0,00;0,00;-0,24;0,00;0,00;254;113;155;37;21;104;287
1715;23,26;-368,03;0,00;0,00;0,00;-0,37;0,00;0,00;236;97;36;49;39;921;109
1716;59,53;141,51;0,00;0,00;0,00;0,14;0,00;0,00;112;53;22;39;30;284;176
1717;29,92;-244,78;0,00;0,00;0,00;-0,24;0,00;0,00;337;88;198;13;19;942;913
1718;35,95;-82,20;0,00;0,00;0,00;-0,08;0,00;0,00;391;100;110;39;39;162;444
1719;41,86;-135,30;0,00;0,00;0,00;-0,14;0,00;0,00;139;108;94;37;18;770;839
1720;65,59;156,44;0,00;0,00;0,00;0,16;0,00;0,00;47;134;122;16;32;917;336
1721;21,99;-281,03;0,00;0,00;0,00;-0,28;0,00;0,00;401;59;59;11;28;999;337
1722;57,82;122,79;0,00;0,00;0,00;0,12;0,00;0,00;152;38;46;44;36;809;795
1723;53,77;67,35;0,00;0,00;0,00;0,07;0,00;0,00;304;49;91;40;34;962;328
1724;49,93;-79,39;0,00;0,00;0,00;-0,08;0,00;0,00;411;169;193;36;19;289;403
1725;53,80;45,73;0,00;0,00;0,00;0,05;0,00;0,00;272;85;85;24;27;221;628
1726;50,80;22,38;0,00;0,00;0,00;0,02;0,00;0,00;495;116;61;30;16;907;721
1727;64,83;96,73;0,00;0,00;0,00;0,10;0,00;0,00;195;11;102;34;15;891;539
1728;35,76;-161,36;0,00;0,00;0,00;-0,16;0,00;0,00;330;195;143;47;28;904;863
1729;61,08;117,09;0,00;0,00;0,00;0,12;0,00;0,00;304;20;121;34;21;682;772
1730;36,55;-137,50;0,00;0,00;0,00;-0,14;0,00;0,00;475;85;105;24;29;589;918
1731;54,54;111,81;0,00;0,00;0,00;0,11;0,00;0,00;495;199;21;48;27;535;636
1732;50,84;-68,37;0,00;0,00;0,00;-0,07;0,00;0,00;422;94;77;11;15;143;602
1733;62,19;40,18;0,00;0,00;0,00;0,04;0,00;0,00;343;98;90;11;34;500;818
1734;65,55;126,53;0,00;0,00;0,00;0,13;0,00;0,00;197;149;63;29;35;343;898
1735;60,64;145,44;0,00;0,00;0,00;0,15;0,00;0,00;117;158;44;10;27;693;946
1736;54,39;-18,69;0,00;0,00;0,00;-0,02;0,00;0,00;426;172;192;32;19;832;577
1737;41,50;-81,56;0,00;0,00;0,00;-0,08;0,00;0,00;29;161;90;41;36;599;134
1738;48,16;-107,24;0,00;0,00;0,00;-0,11;0,00;0,00;374;169;161;28;27;835;905
1739;29,11;-170,45;0,00;0,00;0,00;-0,17;0,00;0,00;113;70;197;41;23;389;306
1740;33,61;-201,10;0,00;0,00;0,00;-0,20;0,00;0,00;497;60;140;38;19;137;157
1741;63,58;198,04;0,00;0,00;0,00;0,20;0,00;0,00;358;109;197;10;39;110;845
1742;39,32;-84,42;0,00;0,00;0,00;-0,08;0,00;0,00;400;15;185;46;19;238;163
1743;51,70;-6,15;0,00;0,00;0,00;-0,01;0,00;0,00;389;14;156;28;32;738;519
1744;22,60;-332,27;0,00;0,00;0,00;-0,33;0,00;0,00;21;151;94;32;28;208;604
1745;25,23;-287,12;0,00;0,00;0,00;-0,29;0,00;0,00;180;19;116;42;37;697;472
1746;40,27;-50,78;0,00;0,00;0,00;-0,05;0,00;0,00;483;155;19;34;16;204;378
1747;61,74;69,50;0,00;0,00;0,00;0,07;0,00;0,00;152;74;136;31;20;754;506
1748;54,31;84,49;0,00;0,00;0,00;0,08;0,00;0,00;135;73;165;38;30;200;336
1749;55,96;-42,46;0,00;0,00;0,00;-0,04;0,00;0,00;263;139;29;40;27;144;177
1750;49,63;-107,53;0,00;0,00;0,00;-0,11;0,00;0,00;429;72;11;49;17;635;497
1751;34,57;-84,65;0,00;0,00;0,00;-0,08;0,00;0,00;473;185;78;18;25;636;670
1752;35,67;-185,47;0,00;0,00;0,00;-0,19;0,00;0,00;480;158;66;19;20;764;553
1753;33,64;-137,96;0,00;0,00;0,00;-0,14;0,00;0,00;469;162;59;40;29;170;574
1754;14,63;-396,62;0,00;0,00;0,00;-0,40;0,00;0,00;263;54;156;40;19;386;338
1755;59,97;26,66;0,00;0,00;0,00;0,03;0,00;0,00;76;52;66;31;26;222;775
1756;49,88;-39,55;0,00;0,00;0,00;-0,04;0,00;0,00;282;90;11;36;23;440;576
1757;40,03;-144,32;0,00;0,00;0,00;-0,14;0,00;0,00;358;45;179;34;28;989;483
1758;46,96;58,17;0,00;0,00;0,00;0,06;0,00;0,00;336;18;73;10;15;852;228
1759;45,61;-120,63;0,00;0,00;0,00;-0,12;0,00;0,00;270;173;80;47;33;938;790
1760;57,55;65,36;0,00;0,00;0,00;0,07;0,00;0,00;23;35;67;30;29;622;190
1761;58,39;49,70;0,00;0,00;0,00;0,05;0,00;0,00;454;135;48;32;24;279;453
1762;47,47;-10,72;0,00;0,00;0,00;-0,01;0,00;0,00;441;50;18;47;35;858;387
1763;45,58;-36,49;0,00;0,00;0,00;-0,04;0,00;0,00;333;45;96;13;20;198;680
1764;34,11;-157,34;0,00;0,00;0,00;-0,16;0,00;0,00;467;176;136;30;18;417;979
1765;44,97;-19,90;0,00;0,00;0,00;-0,02;0,00;0,00;63;91;89;28;21;602;161
1766;69,98;198,68;0,00;0,00;0,00;0,20;0,00;0,00;134;142;193;28;20;405;326
1767;62,28;92,25;0,00;0,00;0,00;0,09;0,00;0,00;252;136;186;48;24;143;850
1768;91,51;407,14;0,00;0,00;0,00;0,41;0,00;0,00;229;138;148;43;19;422;968
1769;37,67;-131,56;0,00;0,00;0,00;-0,13;0,00;0,00;483;24;169;45;17;248;746
1770;50,20;19,90;0,00;0,00;0,00;0,02;0,00;0,00;162;109;163;27;37;562;234
1771;52,44;21,01;0,00;0,00;0,00;0,02;0,00;0,00;354;196;63;44;26;736;745
1772;73,41;273,02;0,00;0,00;0,00;0,27;0,00;0,00;27;27;185;49;15;620;927
1773;36,55;-71,73;0,00;0,00;0,00;-0,07;0,00;0,00;197;52;104;34;15;753;311
1774;60,58;62,03;0,00;0,00;0,00;0,06;0,00;0,00;226;117;184;35;23;258;916
1775;44,90;-43,98;0,00;0,00;0,00;-0,04;0,00;0,00;229;132;98;48;33;102;610
1776;63,05;164,48;0,00;0,00;0,00;0,16;0,00;0,00;387;75;91;10;20;508;750
1777;62,44;83,75;0,00;0,00;0,00;0,08;0,00;0,00;375;118;185;48;19;380;209
1778;34,56;-56,38;0,00;0,00;0,00;-0,06;0,00;0,00;227;147;198;46;35;787;519
1779;69,03;126,43;0,00;0,00;0,00;0,13;0,00;0,00;365;84;94;18;32;699;845
1780;58,18;167,89;0,00;0,00;0,00;0,17;0,00;0,00;18;147;14;29;34;774;517
1781;59,70;127,65;0,00;0,00;0,00;0,13;0,00;0,00;265;184;139;24;33;879;632
1782;67,78;248,39;0,00;0,00;0,00;0,25;0,00;0,00;449;164;138;46;23;863;264
1783;64,88;93,50;0,00;0,00;0,00;0,09;0,00;0,00;269;25;139;19;32;256;614
1784;45,25;-21,38;0,00;0,00;0,00;-0,02;0,00;0,00;111;148;111;20;20;268;704
1785;52,10;-45,75;0,00;0,00;0,00;-0,05;0,00;0,00;335;56;174;16;39;820;729
1786;52,65;48,56;0,00;0,00;0,00;0,05;0,00;0,00;22;195;119;12;23;556;160
1787;53,93;67,40;0,00;0,00;0,00;0,07;0,00;0,00;265;83;144;32;18;142;933
1788;29,76;-224,54;0,00;0,00;0,00;-0,22;0,00;0,00;84;101;19;38;15;401;326
1789;66,91;204,63;0,00;0,00;0,00;0,20;0,00;0,00;435;63;79;32;28;599;479
1790;61,53;111,90;0,00;0,00;0,00;0,11;0,00;0,00;405;134;112;17;29;381;407
1791;17,11;-297,22;0,00;0,00;0,00;-0,30;0,00;0,00;94;130;194;38;37;618;415
1792;29,60;-251,48;0,00;0,00;0,00;-0,25;0,00;0,00;129;116;55;32;27;265;944
1793;46,87;-93,53;0,00;0,00;0,00;-0,09;0,00;0,00;287;104;31;43;29;388;296
1794;63,17;170,85;0,00;0,00;0,00;0,17;0,00;0,00;448;142;80;41;33;137;192
1795;47,10;-80,83;0,00;0,00;0,00;-0,08;0,00;0,00;321;129;133;20;30;674;231
1796;58,60;97,49;0,00;0,00;0,00;0,10;0,00;0,00;150;65;82;35;17;606;848
1797;56,25;44,70;0,00;0,00;0,00;0,04;0,00;0,00;420;55;70;26;20;589;539
1798;85,08;389,84;0,00;0,00;0,00;0,39;0,00;0,00;80;169;122;15;17;625;336
1799;50,97;-28,52;0,00;0,00;0,00;-0,03;0,00;0,00;186;190;68;22;29;864;588
1800;44,55;-52,58;0,00;0,00;0,00;-0,05;0,00;0,00;207;189;176;43;34;579;728
1801;71,07;187,22;0,00;0,00;0,00;0,19;0,00;0,00;13;180;19;30;38;991;767
1802;48,60;-6,87;0,00;0,00;0,00;-0,01;0,00;0,00;275;166;167;21;33;914;324
1803;64,68;74,08;0,00;0,00;0,00;0,07;0,00;0,00;110;126;23;21;37;140;693
1804;46,94;-47,39;0,00;0,00;0,00;-0,05;0,00;0,00;196;189;32;25;34;210;670
1805;24,68;-312,30;0,00;0,00;0,00;-0,31;0,00;0,00;242;86;33;22;38;352;494
1806;65,52;121,36;0,00;0,00;0,00;0,12;0,00;0,00;23;14;137;19;30;456;379
1807;31,26;-175,08;0,00;0,00;0,00;-0,18;0,00;0,00;45;35;176;20;27;747;320
1808;47,99;25,21;0,00;0,00;0,00;0,03;0,00;0,00;249;73;187;45;18;754;231
1809;62,03;77,34;0,00;0,00;0,00;0,08;0,00;0,00;172;155;21;22;37;908;538
1810;46,92;-130,17;0,00;0,00;0,00;-0,13;0,00;0,00;15;71;67;28;30;532;639
1811;47,25;-65,33;0,00;0,00;0,00;-0,07;0,00;0,00;455;166;145;29;38;806;999
1812;63,48;174,87;0,00;0,00;0,00;0,17;0,00;0,00;360;180;40;31;36;941;179
1813;49,48;34,12;0,00;0,00;0,00;0,03;0,00;0,00;485;34;158;35;31;321;143
1814;64,87;74,69;0,00;0,00;0,00;0,07;0,00;0,00;466;19;115;14;33;337;293
1815;33,99;-185,32;0,00;0,00;0,00;-0,19;0,00;0,00;474;100;116;15;18;359;648
1816;46,96;-4,76;0,00;0,00;0,00;-0,00;0,00;0,00;492;182;27;24;28;105;413
1817;45,41;-46,28;0,00;0,00;0,00;-0,05;0,00;0,00;117;71;86;34;36;597;440
1818;38,30;-112,85;0,00;0,00;0,00;-0,11;0,00;0,00;89;35;148;40;39;700;942
1819;44,35;-84,89;0,00;0,00;0,00;-0,08;0,00;0,00;327;166;52;40;39;542;480
1820;37,21;-176,77;0,00;0,00;0,00;-0,18;0,00;0,00;474;36;139;49;20;960;764
1821;50,34;-10,10;0,00;0,00;0,00;-0,01;0,00;0,00;354;77;177;12;30;335;256
1822;45,38;-63,94;0,00;0,00;0,00;-0,06;0,00;0,00;118;142;166;43;30;628;468
1823;36,22;-38,19;0,00;0,00;0,00;-0,04;0,00;0,00;122;35;19;25;33;445;459
1824;34,19;-233,22;0,00;0,00;0,00;-0,23;0,00;0,00;417;83;45;12;25;860;294
1825;27,38;-218,11;0,00;0,00;0,00;-0,22;0,00;0,00;310;122;39;14;16;422;458
1826;66,23;120,88;0,00;0,00;0,00;0,12;0,00;0,00;10;54;103;30;25;450;341
1827;52,04;-7,93;0,00;0,00;0,00;-0,01;0,00;0,00;203;27;112;14;19;767;175
1828;57,76;138,97;0,00;0,00;0,00;0,14;0,00;0,00;378;111;76;44;35;748;873
1829;15,08;-282,60;0,00;0,00;0,00;-0,28;0,00;0,00;95;108;129;19;19;690;208
1830;49,06;50,43;0,00;0,00;0,00;0,05;0,00;0,00;205;109;45;23;17;747;247
1831;31,94;-130,30;0,00;0,00;0,00;-0,13;0,00;0,00;108;149;63;27;33;915;157
1832;65,40;195,77;0,00;0,00;0,00;0,20;0,00;0,00;472;86;89;21;34;893;173
1833;47,38;32,57;0,00;0,00;0,00;0,03;0,00;0,00;24;156;44;27;25;116;118
1834;37,03;-145,55;0,00;0,00;0,00;-0,15;0,00;0,00;484;14;32;15;32;356;974
1835;63,95;135,61;0,00;0,00;0,00;0,14;0,00;0,00;215;70;148;20;24;499;963
1836;46,02;25,14;0,00;0,00;0,00;0,03;0,00;0,00;327;176;95;48;15;339;419
1837;31,68;-236,44;0,00;0,00;0,00;-0,24;0,00;0,00;289;170;41;24;34;101;488
1838;30,85;-307,12;0,00;0,00;0,00;-0,31;0,00;0,00;399;32;103;47;18;976;871
1839;43,19;-87,67;0,00;0,00;0,00;-0,09;0,00;0,00;301;117;158;10;22;320;692
1840;56,54;106,99;0,00;0,00;0,00;0,11;0,00;0,00;18;185;189;41;18;838;691
1841;58,77;85,20;0,00;0,00;0,00;0,09;0,00;0,00;444;79;12;21;39;154;293
1842;49,57;15,19;0,00;0,00;0,00;0,02;0,00;0,00;451;14;110;45;20;694;383
1843;59,98;128,66;0,00;0,00;0,00;0,13;0,00;0,00;306;46;20;17;36;114;899
1844;58,05;15,81;0,00;0,00;0,00;0,02;0,00;0,00;114;120;99;23;39;837;326
1845;83,47;302,93;0,00;0,00;0,00;0,30;0,00;0,00;76;133;51;28;24;123;720
1846;26,73;-169,20;0,00;0,00;0,00;-0,17;0,00;0,00;306;54;29;38;27;331;618
1847;59,75;62,68;0,00;0,00;0,00;0,06;0,00;0,00;206;130;42;12;20;496;984
1848;58,01;76,65;0,00;0,00;0,00;0,08;0,00;0,00;182;180;140;43;39;123;969
1849;20,45;-341,62;0,00;0,00;0,00;-0,34;0,00;0,00;336;66;53;23;22;789;659
1850;30,48;-242,98;0,00;0,00;0,00;-0,24;0,00;0,00;424;25;41;16;36;640;903
1851;47,85;-109,66;0,00;0,00;0,00;-0,11;0,00;0,00;189;38;192;25;15;880;404
1852;68,62;120,44;0,00;0,00;0,00;0,12;0,00;0,00;420;170;130;40;22;651;738
1853;42,82;-80,70;0,00;0,00;0,00;-0,08;0,00;0,00;359;83;189;21;26;722;255
1854;44,95;-51,46;0,00;0,00;0,00;-0,05;0,00;0,00;221;138;38;23;21;190;422
1855;46,22;-0,18;0,00;0,00;0,00;-0,00;0,00;0,00;304;184;57;10;37;331;808
1856;63,10;186,96;0,00;0,00;0,00;0,19;0,00;0,00;358;94;21;31;33;959;889
1857;50,43;-29,41;0,00;0,00;0,00;-0,03;0,00;0,00;351;38;155;13;32;700;758
1858;53,01;82,32;0,00;0,00;0,00;0,08;0,00;0,00;353;102;24;34;26;632;634
1859;36,25;-131,01;0,00;0,00;0,00;-0,13;0,00;0,00;261;80;57;33;34;604;730
1860;74,76;209,99;0,00;0,00;0,00;0,21;0,00;0,00;68;27;199;22;20;356;228
1861;23,89;-255,82;0,00;0,00;0,00;-0,26;0,00;0,00;93;90;139;19;29;548;810
1862;50,99;36,04;0,00;0,00;0,00;0,04;0,00;0,00;391;44;149;41;39;687;908
1863;69,05;114,91;0,00;0,00;0,00;0,11;0,00;0,00;274;112;82;28;32;111;395
1864;67,02;183,99;0,00;0,00;0,00;0,18;0,00;0,00;160;98;28;15;38;493;611
1865;66,58;138,96;0,00;0,00;0,00;0,14;0,00;0,00;443;12;56;36;22;425;603
1866;29,12;-210,13;0,00;0,00;0,00;-0,21;0,00;0,00;270;102;162;32;21;721;364
1867;58,78;72,75;0,00;0,00;0,00;0,07;0,00;0,00;375;125;15;30;31;898;605
1868;10,84;-373,71;0,00;0,00;0,00;-0,37;0,00;0,00;335;168;108;21;31;971;806
1869;39,62;67,83;0,00;0,00;0,00;0,07;0,00;0,00;159;44;67;19;33;742;633
1870;46,34;3,02;0,00;0,00;0,00;0,00;0,00;0,00;428;67;67;16;23;666;429
1871;61,99;14,94;0,00;0,00;0,00;0,01;0,00;0,00;237;83;102;18;15;552;699
1872;56,33;76,38;0,00;0,00;0,00;0,08;0,00;0,00;289;161;25;27;29;272;303
1873;60,88;134,97;0,00;0,00;0,00;0,13;0,00;0,00;45;125;98;32;20;761;567
1874;81,72;280,92;0,00;0,00;0,00;0,28;0,00;0,00;463;158;179;13;22;368;863
1875;31,16;-185,08;0,00;0,00;0,00;-0,19;0,00;0,00;65;59;120;21;19;887;830
1876;19,12;-318,84;0,00;0,00;0,00;-0,32;0,00;0,00;368;25;79;42;26;206;441
1877;44,74;0,54;0,00;0,00;0,00;0,00;0,00;0,00;459;72;45;28;32;274;250
1878;52,48;24,61;0,00;0,00;0,00;0,02;0,00;0,00;466;159;134;28;31;270;654
1879;22,34;-236,13;0,00;0,00;0,00;-0,24;0,00;0,00;214;58;165;45;18;752;277
1880;100,00;502,93;0,00;0,00;0,00;0,50;0,00;0,00;180;116;52;44;31;753;838
1881;49,76;-40,55;0,00;0,00;0,00;-0,04;0,00;0,00;326;191;190;47;24;485;572
1882;40,53;-140,80;0,00;0,00;0,00;-0,14;0,00;0,00;163;16;56;41;36;153;722
1883;43,88;-74,02;0,00;0,00;0,00;-0,07;0,00;0,00;296;106;161;31;17;728;206
1884;54,80;37,55;0,00;0,00;0,00;0,04;0,00;0,00;450;153;69;47;36;550;569
1885;29,36;-271,26;0,00;0,00;0,00;-0,27;0,00;0,00;96;42;195;38;36;499;982
1886;44,30;21,00;0,00;0,00;0,00;0,02;0,00;0,00;258;121;97;20;29;742;632
1887;42,82;-100,25;0,00;0,00;0,00;-0,10;0,00;0,00;31;150;125;26;23;355;380
1888;43,54;3,33;0,00;0,00;0,00;0,00;0,00;0,00;311;150;148;41;17;514;316
1889;48,72;-101,43;0,00;0,00;0,00;-0,10;0,00;0,00;237;54;154;28;17;699;814
1890;52,90;6,12;0,00;0,00;0,00;0,01;0,00;0,00;52;54;83;13;26;305;150
1891;25,53;-176,53;0,00;0,00;0,00;-0,18;0,00;0,00;331;172;22;15;24;997;277
1892;56,16;52,32;0,00;0,00;0,00;0,05;0,00;0,00;99;154;47;14;16;934;392
1893;53,94;76,75;0,00;0,00;0,00;0,08;0,00;0,00;271;31;134;35;21;248;748
1894;60,81;46,23;0,00;0,00;0,00;0,05;0,00;0,00;20;55;168;31;16;635;566
1895;45,54;-28,09;0,00;0,00;0,00;-0,03;0,00;0,00;129;185;76;14;25;104;610
1896;81,33;237,58;0,00;0,00;0,00;0,24;0,00;0,00;36;44;93;24;23;853;658
1897;52,47;-36,19;0,00;0,00;0,00;-0,04;0,00;0,00;240;122;70;17;19;921;679
1898;55,68;91,46;0,00;0,00;0,00;0,09;0,00;0,00;311;153;25;21;25;321;107
1899;44,26;-14,16;0,00;0,00;0,00;-0,01;0,00;0,00;46;132;66;36;20;559;416
1900;61,00;118,59;0,00;0,00;0,00;0,12;0,00;0,00;72;25;113;21;31;478;675
1901;73,91;182,00;0,00;0,00;0,00;0,18;0,00;0,00;181;164;44;19;31;210;387
1902;67,21;92,62;0,00;0,00;0,00;0,09;0,00;0,00;276;51;45;44;15;827;863
1903;63,68;58,80;0,00;0,00;0,00;0,06;0,00;0,00;231;63;166;47;28;175;437
1904;61,86;126,62;0,00;0,00;0,00;0,13;0,00;0,00;97;18;73;25;21;919;381
1905;44,26;-80,31;0,00;0,00;0,00;-0,08;0,00;0,00;187;98;158;30;22;128;613
1906;43,68;16,28;0,00;0,00;0,00;0,02;0,00;0,00;96;20;170;16;33;717;908
1907;38,72;-138,11;0,00;0,00;0,00;-0,14;0,00;0,00;281;192;154;48;16;428;362
1908;37,72;-138,14;0,00;0,00;0,00;-0,14;0,00;0,00;380;123;49;32;21;455;219
1909;43,21;-11,47;0,00;0,00;0,00;-0,01;0,00;0,00;410;43;13;44;29;636;840
1910;47,82;-15,40;0,00;0,00;0,00;-0,02;0,00;0,00;497;144;199;21;30;304;871
1911;18,33;-334,41;0,00;0,00;0,00;-0,33;0,00;0,00;137;111;104;21;18;218;402
1912;41,72;-115,61;0,00;0,00;0,00;-0,12;0,00;0,00;56;62;124;47;25;789;548
1913;35,00;-157,30;0,00;0,00;0,00;-0,16;0,00;0,00;425;178;127;41;26;119;580
1914;44,03;-69,65;0,00;0,00;0,00;-0,07;0,00;0,00;471;135;33;17;27;188;466
1915;56,78;123,09;0,00;0,00;0,00;0,12;0,00;0,00;201;183;187;43;27;950;299
1916;35,65;-150,78;0,00;0,00;0,00;-0,15;0,00;0,00;121;50;186;25;32;592;855
1917;26,43;-216,87;0,00;0,00;0,00;-0,22;0,00;0,00;125;108;194;40;27;861;979
1918;71,20;204,11;0,00;0,00;0,00;0,20;0,00;0,00;65;17;167;38;16;986;130
1919;75,45;204,71;0,00;0,00;0,00;0,20;0,00;0,00;26;144;137;17;35;557;423
1920;25,69;-239,70;0,00;0,00;0,00;-0,24;0,00;0,00;251;13;86;43;26;441;585
1921;40,02;-110,29;0,00;0,00;0,00;-0,11;0,00;0,00;242;182;24;44;18;786;967
1922;58,06;136,51;0,00;0,00;0,00;0,14;0,00;0,00;259;128;94;15;24;837;977
1923;56,58;111,29;0,00;0,00;0,00;0,11;0,00;0,00;214;98;109;21;28;905;912
1924;61,85;88,27;0,00;0,00;0,00;0,09;0,00;0,00;68;94;96;20;28;812;698
1925;39,42;-101,44;0,00;0,00;0,00;-0,10;0,00;0,00;490;37;63;34;37;877;509
1926;45,20;-78,32;0,00;0,00;0,00;-0,08;0,00;0,00;125;134;157;24;24;224;509
1927;33,33;-231,35;0,00;0,00;0,00;-0,23;0,00;0,00;327;162;97;18;20;220;170
1928;60,23;-31,89;0,00;0,00;0,00;-0,03;0,00;0,00;34;180;132;49;16;999;832
1929;37,31;-75,85;0,00;0,00;0,00;-0,08;0,00;0,00;433;138;67;14;30;261;336
1930;28,79;-184,17;0,00;0,00;0,00;-0,18;0,00;0,00;274;146;91;35;18;988;747
1931;69,10;191,96;0,00;0,00;0,00;0,19;0,00;0,00;341;29;164;35;32;909;427
1932;45,75;-117,17;0,00;0,00;0,00;-0,12;0,00;0,00;447;10;79;10;22;379;653
1933;55,81;80,00;0,00;0,00;0,00;0,08;0,00;0,00;164;189;170;29;29;680;687
1934;46,38;-72,47;0,00;0,00;0,00;-0,07;0,00;0,00;161;56;72;41;26;236;317
1935;56,26;139,08;0,00;0,00;0,00;0,14;0,00;0,00;325;181;124;49;27;890;740
1936;50,86;57,52;0,00;0,00;0,00;0,06;0,00;0,00;263;135;18;47;19;895;642
1937;29,52;-216,24;0,00;0,00;0,00;-0,22;0,00;0,00;191;98;135;45;17;138;789
1938;24,98;-284,64;0,00;0,00;0,00;-0,28;0,00;0,00;64;106;26;19;39;454;959
1939;35,33;-272,64;0,00;0,00;0,00;-0,27;0,00;0,00;487;55;22;38;26;104;579
1940;50,63;26,31;0,00;0,00;0,00;0,03;0,00;0,00;101;95;66;21;25;182;592
1941;58,95;153,01;0,00;0,00;0,00;0,15;0,00;0,00;102;90;177;38;21;449;348
1942;65,84;161,60;0,00;0,00;0,00;0,16;0,00;0,00;306;138;45;17;29;782;939
1943;58,73;10,63;0,00;0,00;0,00;0,01;0,00;0,00;197;164;28;25;34;686;375
1944;33,80;-151,40;0,00;0,00;0,00;-0,15;0,00;0,00;250;63;175;18;20;908;146
1945;37,58;-51,89;0,00;0,00;0,00;-0,05;0,00;0,00;357;122;67;47;21;193;219
1946;57,76;56,10;0,00;0,00;0,00;0,06;0,00;0,00;159;126;32;40;35;298;796
1947;48,25;-51,55;0,00;0,00;0,00;-0,05;0,00;0,00;123;19;134;41;22;245;731
1948;39,33;-109,27;0,00;0,00;0,00;-0,11;0,00;0,00;190;143;119;47;25;734;156
1949;37,73;-61,72;0,00;0,00;0,00;-0,06;0,00;0,00;238;53;51;31;15;525;841
1950;65,07;124,86;0,00;0,00;0,00;0,12;0,00;0,00;140;140;123;18;38;719;481
1951;38,85;-95,13;0,00;0,00;0,00;-0,10;0,00;0,00;384;120;97;42;21;905;517
1952;73,33;183,16;0,00;0,00;0,00;0,18;0,00;0,00;222;187;76;33;20;860;853
1953;82,11;237,82;0,00;0,00;0,00;0,24;0,00;0,00;176;118;181;19;31;258;426
1954;62,63;54,67;0,00;0,00;0,00;0,05;0,00;0,00;216;116;166;35;32;744;449
1955;35,70;-186,08;0,00;0,00;0,00;-0,19;0,00;0,00;424;80;170;22;20;334;284
1956;40,05;-125,26;0,00;0,00;0,00;-0,13;0,00;0,00;212;71;134;45;28;394;680
1957;60,02;137,11;0,00;0,00;0,00;0,14;0,00;0,00;150;97;86;24;23;901;583
1958;52,11;5,76;0,00;0,00;0,00;0,01;0,00;0,00;277;178;115;38;38;890;532
1959;52,76;68,00;0,00;0,00;0,00;0,07;0,00;0,00;349;62;31;12;27;702;922
1960;62,87;48,16;0,00;0,00;0,00;0,05;0,00;0,00;128;114;182;31;26;258;526
1961;26,55;-271,96;0,00;0,00;0,00;-0,27;0,00;0,00;46;71;99;36;21;321;408
1962;56,49;99,39;0,00;0,00;0,00;0,10;0,00;0,00;241;164;13;24;20;203;242
1963;48,10;-45,11;0,00;0,00;0,00;-0,05;0,00;0,00;334;67;79;32;33;933;681
1964;11,24;-379,44;0,00;0,00;0,00;-0,38;0,00;0,00;241;168;38;40;20;732;897
1965;48,94;24,97;0,00;0,00;0,00;0,02;0,00;0,00;199;115;31;39;19;826;643
1966;57,98;62,69;0,00;0,00;0,00;0,06;0,00;0,00;39;139;53;13;32;573;913
1967;75,16;302,43;0,00;0,00;0,00;0,30;0,00;0,00;319;180;28;28;19;330;705
1968;64,95;80,00;0,00;0,00;0,00;0,08;0,00;0,00;252;119;115;27;27;749;797
1969;87,03;325,60;0,00;0,00;0,00;0,33;0,00;0,00;145;119;31;28;30;906;132
1970;29,36;-266,12;0,00;0,00;0,00;-0,27;0,00;0,00;293;156;94;34;31;415;430
1971;40,49;-99,63;0,00;0,00;0,00;-0,10;0,00;0,00;337;128;113;27;36;242;596
1972;45,83;-18,24;0,00;0,00;0,00;-0,02;0,00;0,00;422;150;52;36;23;852;703
1973;40,63;-52,55;0,00;0,00;0,00;-0,05;0,00;0,00;455;68;12;42;16;453;844
1974;53,41;94,92;0,00;0,00;0,00;0,09;0,00;0,00;413;32;89;32;38;743;450
1975;39,03;-111,01;0,00;0,00;0,00;-0,11;0,00;0,00;367;165;52;10;37;793;596
1976;65,19;183,96;0,00;0,00;0,00;0,18;0,00;0,00;396;39;118;40;20;564;426
1977;32,27;-210,14;0,00;0,00;0,00;-0,21;0,00;0,00;277;138;149;11;35;289;252
1978;18,13;-260,65;0,00;0,00;0,00;-0,26;0,00;0,00;200;39;123;38;33;783;834
1979;22,65;-351,51;0,00;0,00;0,00;-0,35;0,00;0,00;191;145;189;36;18;837;444
1980;41,99;-18,35;0,00;0,00;0,00;-0,02;0,00;0,00;57;190;104;12;35;865;342
1981;64,62;269,24;0,00;0,00;0,00;0,27;0,00;0,00;122;185;92;29;15;202;821
1982;36,97;-160,72;0,00;0,00;0,00;-0,16;0,00;0,00;404;81;187;45;34;806;405
1983;35,76;-97,80;0,00;0,00;0,00;-0,10;0,00;0,00;335;59;106;43;36;876;705
1984;46,06;-156,91;0,00;0,00;0,00;-0,16;0,00;0,00;286;171;42;26;19;348;513
1985;83,32;371,28;0,00;0,00;0,00;0,37;0,00;0,00;37;177;130;16;38;313;156
1986;45,80;14,74;0,00;0,00;0,00;0,01;0,00;0,00;387;198;24;15;17;107;340
1987;43,97;-62,12;0,00;0,00;0,00;-0,06;0,00;0,00;413;152;183;17;15;838;117
1988;50,24;26,38;0,00;0,00;0,00;0,03;0,00;0,00;178;96;72;33;17;911;870
1989;29,67;-218,46;0,00;0,00;0,00;-0,22;0,00;0,00;375;161;169;18;23;520;555
1990;18,25;-325,40;0,00;0,00;0,00;-0,33;0,00;0,00;171;144;182;30;30;416;980
1991;57,79;82,22;0,00;0,00;0,00;0,08;0,00;0,00;445;199;100;31;20;513;751
1992;49,41;42,21;0,00;0,00;0,00;0,04;0,00;0,00;50;86;131;35;28;651;274
1993;75,15;374,45;0,00;0,00;0,00;0,37;0,00;0,00;104;124;160;33;39;849;823
1994;68,25;169,41;0,00;0,00;0,00;0,17;0,00;0,00;44;96;61;14;32;618;305
1995;24,08;-241,69;0,00;0,00;0,00;-0,24;0,00;0,00;223;87;189;17;18;400;108
1996;58,52;-5,58;0,00;0,00;0,00;-0,01;0,00;0,00;464;36;194;28;31;756;225
1997;33,60;-193,56;0,00;0,00;0,00;-0,19;0,00;0,00;190;29;162;27;23;549;647
1998;68,38;178,05;0,00;0,00;0,00;0,18;0,00;0,00;180;105;172;47;24;895;274
1999;71,21;187,38;0,00;0,00;0,00;0,19;0,00;0,00;495;32;38;20;33;350;876
2000;52,06;-46,68;0,00;0,00;0,00;-0,05;0,00;0,00;417;123;143;41;33;792;921
2001;70,44;120,21;0,00;0,00;0,00;0,12;0,00;0,00;463;118;30;49;34;651;226
2002;32,38;-247,57;0,00;0,00;0,00;-0,25;0,00;0,00;429;81;99;31;28;401;239
2003;57,87;57,95;0,00;0,00;0,00;0,06;0,00;0,00;92;185;30;11;17;498;815
2004;40,72;-112,11;0,00;0,00;0,00;-0,11;0,00;0,00;359;17;120;42;38;257;232
2005;41,64;-20,83;0,00;0,00;0,00;-0,02;0,00;0,00;120;163;136;12;33;460;133
2006;68,94;208,30;0,00;0,00;0,00;0,21;0,00;0,00;95;26;12;27;38;795;844
2007;55,61;44,66;0,00;0,00;0,00;0,04;0,00;0,00;281;68;125;38;34;309;984
2008;26,66;-222,85;0,00;0,00;0,00;-0,22;0,00;0,00;138;192;188;30;21;856;844
2009;60,87;118,60;0,00;0,00;0,00;0,12;0,00;0,00;408;122;126;17;17;776;966
2010;76,06;209,30;0,00;0,00;0,00;0,21;0,00;0,00;443;72;138;10;32;464;827
2011;97,41;482,83;0,00;0,00;0,00;0,48;0,00;0,00;206;96;70;29;27;278;471
2012;56,11;191,29;0,00;0,00;0,00;0,19;0,00;0,00;110;74;152;11;35;306;457
2013;28,26;-153,80;0,00;0,00;0,00;-0,15;0,00;0,00;418;82;10;23;27;811;841
2014;34,40;-200,74;0,00;0,00;0,00;-0,20;0,00;0,00;122;26;41;25;32;850;130
2015;88,00;390,23;0,00;0,00;0,00;0,39;0,00;0,00;24;29;170;23;21;639;861
2016;37,46;-120,14;0,00;0,00;0,00;-0,12;0,00;0,00;212;110;24;49;15;708;225
2017;19,27;-223,41;0,00;0,00;0,00;-0,22;0,00;0,00;306;122;56;48;23;286;651
2018;52,45;-108,94;0,00;0,00;0,00;-0,11;0,00;0,00;424;144;26;28;29;603;409
2019;6,15;-528,93;0,00;0,00;0,00;-0,53;0,00;0,00;53;169;11;48;30;689;738
2020;31,44;-193,93;0,00;0,00;0,00;-0,19;0,00;0,00;301;22;104;23;33;167;727
2021;36,23;-139,03;0,00;0,00;0,00;-0,14;0,00;0,00;78;122;116;28;31;676;232
2022;43,08;-40,99;0,00;0,00;0,00;-0,04;0,00;0,00;46;154;57;43;29;222;246
2023;29,31;-148,10;0,00;0,00;0,00;-0,15;0,00;0,00;284;154;114;38;25;727;604
2024;7,90;-394,84;0,00;0,00;0,00;-0,39;0,00;0,00;484;24;60;32;37;138;256
2025;57,54;35,96;0,00;0,00;0,00;0,04;0,00;0,00;304;137;56;37;24;767;539
2026;77,01;257,78;0,00;0,00;0,00;0,26;0,00;0,00;224;159;25;31;29;764;486
2027;9,92;-392,76;0,00;0,00;0,00;-0,39;0,00;0,00;46;184;163;42;21;316;199
2028;73,22;235,28;0,00;0,00;0,00;0,24;0,00;0,00;251;74;83;20;26;526;962
2029;54,36;11,57;0,00;0,00;0,00;0,01;0,00;0,00;270;105;144;36;20;467;825
2030;36,08;-235,25;0,00;0,00;0,00;-0,24;0,00;0,00;243;147;34;33;39;113;688
2031;30,57;-173,13;0,00;0,00;0,00;-0,17;0,00;0,00;27;189;129;30;30;362;191
2032;81,08;299,71;0,00;0,00;0,00;0,30;0,00;0,00;269;103;134;32;18;411;877
2033;70,01;170,25;0,00;0,00;0,00;0,17;0,00;0,00;321;155;44;16;24;387;645
2034;43,94;23,80;0,00;0,00;0,00;0,02;0,00;0,00;307;34;21;30;27;480;816
2035;38,21;-101,89;0,00;0,00;0,00;-0,10;0,00;0,00;235;147;21;39;33;122;777
2036;41,24;-117,93;0,00;0,00;0,00;-0,12;0,00;0,00;131;172;178;44;19;704;415
2037;51,76;30,28;0,00;0,00;0,00;0,03;0,00;0,00;377;125;179;20;34;861;712
2038;40,91;-9,08;0,00;0,00;0,00;-0,01;0,00;0,00;274;29;97;24;15;193;349
2039;43,14;-78,04;0,00;0,00;0,00;-0,08;0,00;0,00;494;79;81;10;38;773;441
2040;49,04;-20,52;0,00;0,00;0,00;-0,02;0,00;0,00;270;10;157;39;32;449;444
2041;31,36;-130,41;0,00;0,00;0,00;-0,13;0,00;0,00;160;128;178;30;39;385;373
2042;61,85;200,33;0,00;0,00;0,00;0,20;0,00;0,00;411;37;163;26;15;897;792
2043;68,96;236,55;0,00;0,00;0,00;0,24;0,00;0,00;318;116;22;11;35;223;841
2044;80,53;257,61;0,00;0,00;0,00;0,26;0,00;0,00;301;51;197;10;26;842;190
2045;60,59;94,36;0,00;0,00;0,00;0,09;0,00;0,00;190;80;144;25;17;134;279
2046;48,76;-26,86;0,00;0,00;0,00;-0,03;0,00;0,00;478;65;185;35;19;539;329
2047;16,11;-359,84;0,00;0,00;0,00;-0,36;0,00;0,00;47;20;177;37;19;332;963
2048;57,00;56,45;0,00;0,00;0,00;0,06;0,00;0,00;96;13;180;34;31;546;774
2049;70,49;176,00;0,00;0,00;0,00;0,18;0,00;0,00;453;192;62;10;38;313;888
2050;54,21;18,23;0,00;0,00;0,00;0,02;0,00;0,00;210;111;11;20;29;162;663
2051;62,55;158,53;0,00;0,00;0,00;0,16;0,00;0,00;384;189;192;30;36;824;474
2052;22,07;-340,29;0,00;0,00;0,00;-0,34;0,00;0,00;379;77;60;40;29;710;982
2053;27,18;-210,05;0,00;0,00;0,00;-0,21;0,00;0,00;339;34;143;20;36;482;932
2054;65,29;166,26;0,00;0,00;0,00;0,17;0,00;0,00;275;137;77;43;38;956;743
2055;47,07;-49,03;0,00;0,00;0,00;-0,05;0,00;0,00;395;34;96;48;32;238;969
2056;40,92;-130,26;0,00;0,00;0,00;-0,13;0,00;0,00;160;45;86;28;20;683;372
2057;52,61;77,91;0,00;0,00;0,00;0,08;0,00;0,00;242;34;190;45;28;244;102
2058;35,19;-116,97;0,00;0,00;0,00;-0,12;0,00;0,00;53;57;56;36;20;292;109
2059;67,05;216,83;0,00;0,00;0,00;0,22;0,00;0,00;105;197;191;17;24;978;731
2060;43,19;-60,71;0,00;0,00;0,00;-0,06;0,00;0,00;336;85;31;31;30;659;365
2061;48,63;-17,90;0,00;0,00;0,00;-0,02;0,00;0,00;27;64;159;28;31;287;587
2062;48,41;-140,55;0,00;0,00;0,00;-0,14;0,00;0,00;306;103;88;45;15;935;566
2063;74,01;272,93;0,00;0,00;0,00;0,27;0,00;0,00;380;142;193;31;31;173;626
2064;27,65;-354,27;0,00;0,00;0,00;-0,35;0,00;0,00;52;32;70;25;20;848;151
2065;93,57;466,89;0,00;0,00;0,00;0,47;0,00;0,00;251;101;197;20;35;532;924
2066;84,54;272,29;0,00;0,00;0,00;0,27;0,00;0,00;492;194;104;22;28;618;622
2067;60,79;49,93;0,00;0,00;0,00;0,05;0,00;0,00;239;130;164;24;27;432;391
2068;22,67;-216,30;0,00;0,00;0,00;-0,22;0,00;0,00;242;155;26;23;25;480;827
2069;51,70;95,15;0,00;0,00;0,00;0,10;0,00;0,00;185;151;124;38;20;657;705
2070;74,22;275,31;0,00;0,00;0,00;0,28;0,00;0,00;347;151;143;16;18;104;659
2071;56,21;29,31;0,00;0,00;0,00;0,03;0,00;0,00;462;47;12;33;20;544;408
2072;62,72;21,42;0,00;0,00;0,00;0,02;0,00;0,00;478;21;56;38;17;484;348
2073;70,11;261,87;0,00;0,00;0,00;0,26;0,00;0,00;223;165;75;22;36;581;178
2074;37,42;-62,13;0,00;0,00;0,00;-0,06;0,00;0,00;269;179;53;31;20;525;555
2075;49,78;80,04;0,00;0,00;0,00;0,08;0,00;0,00;372;78;21;41;32;996;294
2076;35,68;-253,76;0,00;0,00;0,00;-0,25;0,00;0,00;386;53;37;43;15;430;800
2077;36,40;-142,15;0,00;0,00;0,00;-0,14;0,00;0,00;272;69;80;48;27;832;647
2078;48,66;-4,96;0,00;0,00;0,00;-0,00;0,00;0,00;278;102;14;27;39;936;231
2079;71,27;271,51;0,00;0,00;0,00;0,27;0,00;0,00;410;169;184;18;27;558;556
2080;46,15;-93,17;0,00;0,00;0,00;-0,09;0,00;0,00;116;71;14;43;24;765;671
2081;68,27;53,12;0,00;0,00;0,00;0,05;0,00;0,00;163;11;173;24;28;432;290
2082;62,54;192,85;0,00;0,00;0,00;0,19;0,00;0,00;238;62;35;11;26;192;926
2083;54,25;114,99;0,00;0,00;0,00;0,11;0,00;0,00;226;184;142;12;24;337;129
2084;77,64;334,97;0,00;0,00;0,00;0,33;0,00;0,00;334;167;89;18;31;793;556
2085;40,58;-141,97;0,00;0,00;0,00;-0,14;0,00;0,00;356;133;61;35;31;442;216
2086;66,76;141,07;0,00;0,00;0,00;0,14;0,00;0,00;106;75;28;43;24;489;460
2087;43,27;-39,68;0,00;0,00;0,00;-0,04;0,00;0,00;392;145;168;46;19;749;961
2088;46,01;-87,07;0,00;0,00;0,00;-0,09;0,00;0,00;249;182;165;24;15;315;461
2089;56,11;57,03;0,00;0,00;0,00;0,06;0,00;0,00;91;164;151;41;28;196;182
2090;52,70;53,31;0,00;0,00;0,00;0,05;0,00;0,00;268;84;151;32;24;402;678
2091;78,41;297,48;0,00;0,00;0,00;0,30;0,00;0,00;340;148;99;23;25;622;959
2092;45,12;-47,35;0,00;0,00;0,00;-0,05;0,00;0,00;33;63;126;28;39;880;971
2093;29,72;-87,40;0,00;0,00;0,00;-0,09;0,00;0,00;118;151;148;23;38;260;963
2094;39,25;-99,92;0,00;0,00;0,00;-0,10;0,00;0,00;261;141;129;29;31;556;253
2095;55,88;23,32;0,00;0,00;0,00;0,02;0,00;0,00;28;74;114;36;22;632;365
2096;44,11;-50,47;0,00;0,00;0,00;-0,05;0,00;0,00;469;73;128;25;19;400;732
2097;83,76;412,19;0,00;0,00;0,00;0,41;0,00;0,00;100;69;60;13;37;823;248
2098;58,52;43,29;0,00;0,00;0,00;0,04;0,00;0,00;70;69;142;31;34;370;240
2099;79,19;349,13;0,00;0,00;0,00;0,35;0,00;0,00;75;54;146;22;34;157;241
2100;38,98;-107,25;0,00;0,00;0,00;-0,11;0,00;0,00;112;178;110;49;17;535;321
2101;49,46;84,04;0,00;0,00;0,00;0,08;0,00;0,00;407;96;147;26;28;729;241
2102;34,23;-273,33;0,00;0,00;0,00;-0,27;0,00;0,00;320;183;104;27;16;644;770
2103;41,28;-33,75;0,00;0,00;0,00;-0,03;0,00;0,00;224;112;109;19;23;469;701
2104;69,25;158,60;0,00;0,00;0,00;0,16;0,00;0,00;316;32;55;43;39;195;178
2105;56,61;32,14;0,00;0,00;0,00;0,03;0,00;0,00;461;115;184;40;25;590;279
2106;64,53;109,84;0,00;0,00;0,00;0,11;0,00;0,00;419;138;177;43;26;869;517
2107;52,77;-6,22;0,00;0,00;0,00;-0,01;0,00;0,00;351;145;109;22;26;328;365
2108;33,28;-166,88;0,00;0,00;0,00;-0,17;0,00;0,00;360;132;27;42;37;778;218
2109;70,26;249,76;0,00;0,00;0,00;0,25;0,00;0,00;128;142;157;34;30;700;209
2110;48,11;-16,93;0,00;0,00;0,00;-0,02;0,00;0,00;351;100;139;19;22;618;370
2111;46,91;32,62;0,00;0,00;0,00;0,03;0,00;0,00;267;152;23;15;36;441;108
2112;49,57;64,26;0,00;0,00;0,00;0,06;0,00;0,00;227;38;173;45;17;139;926
2113;71,39;239,63;0,00;0,00;0,00;0,24;0,00;0,00;357;39;20;32;32;270;142
2114;46,71;-67,11;0,00;0,00;0,00;-0,07;0,00;0,00;106;191;150;26;35;613;866
2115;21,07;-288,43;0,00;0,00;0,00;-0,29;0,00;0,00;464;12;167;25;23;419;573
2116;39,19;-46,46;0,00;0,00;0,00;-0,05;0,00;0,00;215;138;88;43;34;299;167
2117;64,89;229,86;0,00;0,00;0,00;0,23;0,00;0,00;384;63;13;41;26;879;220
2118;41,69;-175,68;0,00;0,00;0,00;-0,18;0,00;0,00;172;127;91;35;25;369;787
2119;79,66;372,18;0,00;0,00;0,00;0,37;0,00;0,00;259;12;68;41;19;554;203
2120;57,02;65,58;0,00;0,00;0,00;0,07;0,00;0,00;469;191;41;27;22;519;354
2121;60,30;47,26;0,00;0,00;0,00;0,05;0,00;0,00;254;34;132;46;25;431;595
2122;84,95;326,35;0,00;0,00;0,00;0,33;0,00;0,00;401;31;97;12;26;862;767
2123;64,69;152,79;0,00;0,00;0,00;0,15;0,00;0,00;232;114;71;49;30;472;176
2124;44,55;-174,78;0,00;0,00;0,00;-0,17;0,00;0,00;415;14;159;49;18;511;964
2125;39,25;-178,24;0,00;0,00;0,00;-0,18;0,00;0,00;257;177;185;23;38;356;751
2126;61,22;119,22;0,00;0,00;0,00;0,12;0,00;0,00;201;166;143;31;22;738;917
2127;27,01;-304,71;0,00;0,00;0,00;-0,30;0,00;0,00;110;59;21;44;33;636;931
2128;52,29;-57,75;0,00;0,00;0,00;-0,06;0,00;0,00;164;49;36;46;29;905;786
2129;35,47;-204,08;0,00;0,00;0,00;-0,20;0,00;0,00;239;116;167;13;30;999;541
2130;57,77;77,43;0,00;0,00;0,00;0,08;0,00;0,00;450;59;175;39;18;965;178
2131;55,44;118,96;0,00;0,00;0,00;0,12;0,00;0,00;242;153;178;17;18;492;500
2132;45,89;-46,44;0,00;0,00;0,00;-0,05;0,00;0,00;477;52;119;34;17;805;443
2133;59,54;60,47;0,00;0,00;0,00;0,06;0,00;0,00;215;166;92;13;23;308;307
2134;61,71;120,03;0,00;0,00;0,00;0,12;0,00;0,00;99;103;87;21;17;939;454
2135;47,91;-90,98;0,00;0,00;0,00;-0,09;0,00;0,00;218;146;81;31;20;691;714
2136;96,00;454,30;0,00;0,00;0,00;0,45;0,00;0,00;183;16;155;13;32;751;628
2137;57,14;73,29;0,00;0,00;0,00;0,07;0,00;0,00;249;105;72;22;37;928;363
2138;76,52;191,18;0,00;0,00;0,00;0,19;0,00;0,00;412;122;194;28;25;212;974
2139;24,63;-299,73;0,00;0,00;0,00;-0,30;0,00;0,00;284;87;191;29;23;727;270
2140;66,94;236,57;0,00;0,00;0,00;0,24;0,00;0,00;396;108;77;23;25;645;625
2141;60,97;128,37;0,00;0,00;0,00;0,13;0,00;0,00;177;127;96;13;35;758;680
2142;67,26;130,77;0,00;0,00;0,00;0,13;0,00;0,00;116;34;151;10;38;117;797
2143;38,41;-106,91;0,00;0,00;0,00;-0,11;0,00;0,00;399;33;106;49;19;856;592
2144;47,56;-50,44;0,00;0,00;0,00;-0,05;0,00;0,00;275;95;55;24;33;803;902
2145;50,72;22,48;0,00;0,00;0,00;0,02;0,00;0,00;455;14;24;47;26;553;792
2146;54,37;4,24;0,00;0,00;0,00;0,00;0,00;0,00;19;19;75;47;36;245;790
2147;60,75;174,07;0,00;0,00;0,00;0,17;0,00;0,00;247;96;156;42;24;696;738
2148;40,59;-40,85;0,00;0,00;0,00;-0,04;0,00;0,00;429;180;85;17;22;142;884
2149;76,29;297,82;0,00;0,00;0,00;0,30;0,00;0,00;208;90;112;29;35;574;189
2150;63,06;129,24;0,00;0,00;0,00;0,13;0,00;0,00;435;24;137;17;38;285;326
2151;46,01;-24,34;0,00;0,00;0,00;-0,02;0,00;0,00;225;22;48;15;23;783;449
2152;48,84;9,86;0,00;0,00;0,00;0,01;0,00;0,00;119;156;134;16;19;618;762
2153;73,05;312,10;0,00;0,00;0,00;0,31;0,00;0,00;464;116;183;45;38;589;132
2154;44,13;-108,77;0,00;0,00;0,00;-0,11;0,00;0,00;48;39;136;15;22;376;510
2155;45,99;-11,01;0,00;0,00;0,00;-0,01;0,00;0,00;355;63;106;41;17;527;437
2156;33,92;-202,00;0,00;0,00;0,00;-0,20;0,00;0,00;381;64;123;46;35;715;431
2157;50,50;-20,38;0,00;0,00;0,00;-0,02;0,00;0,00;314;165;24;14;15;375;172
2158;62,04;54,22;0,00;0,00;0,00;0,05;0,00;0,00;497;131;141;16;16;602;226
2159;43,19;-72,36;0,00;0,00;0,00;-0,07;0,00;0,00;345;33;185;33;39;987;892
2160;46,52;-38,01;0,00;0,00;0,00;-0,04;0,00;0,00;50;52;36;12;36;835;657
2161;52,19;84,82;0,00;0,00;0,00;0,08;0,00;0,00;394;102;164;37;15;984;536
2162;54,62;57,42;0,00;0,00;0,00;0,06;0,00;0,00;478;89;18;13;30;320;895
2163;71,81;213,79;0,00;0,00;0,00;0,21;0,00;0,00;122;39;115;42;18;625;633
2164;61,68;101,58;0,00;0,00;0,00;0,10;0,00;0,00;415;198;39;42;34;269;172
2165;79,20;341,36;0,00;0,00;0,00;0,34;0,00;0,00;163;12;18;17;21;977;596
2166;54,34;15,10;0,00;0,00;0,00;0,02;0,00;0,00;390;20;102;40;25;485;543
2167;32,43;-271,40;0,00;0,00;0,00;-0,27;0,00;0,00;240;158;82;33;24;185;327
2168;24,30;-213,25;0,00;0,00;0,00;-0,21;0,00;0,00;323;147;187;17;34;441;992
2169;71,35;239,93;0,00;0,00;0,00;0,24;0,00;0,00;394;26;140;40;30;640;541
2170;86,50;325,87;0,00;0,00;0,00;0,33;0,00;0,00;65;157;183;17;15;723;850
2171;29,97;-257,82;0,00;0,00;0,00;-0,26;0,00;0,00;444;77;77;12;38;465;180
2172;79,06;346,85;0,00;0,00;0,00;0,35;0,00;0,00;479;29;143;36;35;397;620
2173;58,44;148,94;0,00;0,00;0,00;0,15;0,00;0,00;223;194;70;36;26;106;817
2174;46,06;-73,69;0,00;0,00;0,00;-0,07;0,00;0,00;309;39;47;46;21;505;767
2175;63,84;183,19;0,00;0,00;0,00;0,18;0,00;0,00;470;157;73;41;31;561;751
2176;58,87;67,75;0,00;0,00;0,00;0,07;0,00;0,00;424;71;70;21;36;489;650
2177;59,68;155,58;0,00;0,00;0,00;0,16;0,00;0,00;429;57;91;27;15;741;976
2178;0,00;-443,11;0,00;0,00;0,00;-0,44;0,00;0,00;113;87;149;13;38;522;292
2179;39,46;-178,85;0,00;0,00;0,00;-0,18;0,00;0,00;281;149;141;32;38;772;803
2180;69,92;126,84;0,00;0,00;0,00;0,13;0,00;0,00;339;120;149;26;32;894;739
2181;45,56;-65,15;0,00;0,00;0,00;-0,07;0,00;0,00;307;104;134;15;24;908;718
2182;35,02;-121,78;0,00;0,00;0,00;-0,12;0,00;0,00;324;74;18;41;35;755;141
2183;54,43;-2,47;0,00;0,00;0,00;-0,00;0,00;0,00;250;156;100;30;22;700;655
2184;61,61;65,36;0,00;0,00;0,00;0,07;0,00;0,00;429;177;72;45;15;660;493
2185;44,03;-68,76;0,00;0,00;0,00;-0,07;0,00;0,00;406;30;18;14;15;164;521
2186;74,24;219,24;0,00;0,00;0,00;0,22;0,00;0,00;194;138;62;19;27;370;520
2187;89,41;427,49;0,00;0,00;0,00;0,43;0,00;0,00;25;172;110;14;26;598;231
2188;72,96;248,15;0,00;0,00;0,00;0,25;0,00;0,00;139;11;189;32;28;330;885
2189;57,74;142,97;0,00;0,00;0,00;0,14;0,00;0,00;403;65;135;28;35;949;979
2190;30,21;-253,21;0,00;0,00;0,00;-0,25;0,00;0,00;360;94;153;11;24;535;467
2191;22,68;-165,41;0,00;0,00;0,00;-0,17;0,00;0,00;368;199;109;17;22;775;863
2192;58,86;66,33;0,00;0,00;0,00;0,07;0,00;0,00;317;117;91;23;21;677;164
2193;69,32;109,68;0,00;0,00;0,00;0,11;0,00;0,00;448;124;107;26;24;432;413
2194;46,18;-71,65;0,00;0,00;0,00;-0,07;0,00;0,00;430;108;198;45;39;863;294
2195;55,89;49,07;0,00;0,00;0,00;0,05;0,00;0,00;257;114;67;46;26;309;612
2196;82,73;422,33;0,00;0,00;0,00;0,42;0,00;0,00;67;25;39;25;23;747;269
2197;32,27;-251,99;0,00;0,00;0,00;-0,25;0,00;0,00;330;68;96;27;20;672;432
2198;34,37;-68,93;0,00;0,00;0,00;-0,07;0,00;0,00;126;53;88;41;17;971;788
2199;78,17;166,29;0,00;0,00;0,00;0,17;0,00;0,00;183;122;15;17;39;148;949
2200;65,85;131,57;0,00;0,00;0,00;0,13;0,00;0,00;29;191;159;49;32;950;172
2201;67,96;135,52;0,00;0,00;0,00;0,14;0,00;0,00;323;141;122;15;19;509;613
2202;42,11;-37,46;0,00;0,00;0,00;-0,04;0,00;0,00;107;12;123;48;21;967;435
2203;86,65;260,48;0,00;0,00;0,00;0,26;0,00;0,00;135;182;16;40;25;707;107
2204;36,02;-273,84;0,00;0,00;0,00;-0,27;0,00;0,00;236;48;31;14;34;673;393
2205;46,95;-114,45;0,00;0,00;0,00;-0,11;0,00;0,00;259;29;90;21;33;501;737
2206;52,23;-28,48;0,00;0,00;0,00;-0,03;0,00;0,00;369;50;36;33;27;375;789
2207;52,67;15,03;0,00;0,00;0,00;0,02;0,00;0,00;270;114;79;15;37;589;395
2208;48,96;-190,91;0,00;0,00;0,00;-0,19;0,00;0,00;260;139;152;39;37;505;799
2209;57,97;87,47;0,00;0,00;0,00;0,09;0,00;0,00;72;58;45;28;31;284;660
2210;33,99;-176,18;0,00;0,00;0,00;-0,18;0,00;0,00;334;71;54;45;25;845;828
2211;56,84;47,03;0,00;0,00;0,00;0,05;0,00;0,00;463;86;30;17;34;370;793
2212;74,97;203,54;0,00;0,00;0,00;0,20;0,00;0,00;33;84;192;25;37;310;395
2213;65,93;179,91;0,00;0,00;0,00;0,18;0,00;0,00;279;13;196;30;36;645;890
2214;73,92;313,12;0,00;0,00;0,00;0,31;0,00;0,00;148;179;52;26;30;133;273
2215;51,63;20,36;0,00;0,00;0,00;0,02;0,00;0,00;361;192;26;27;32;766;658
2216;63,27;120,80;0,00;0,00;0,00;0,12;0,00;0,00;240;42;107;19;29;857;152
2217;42,18;-78,83;0,00;0,00;0,00;-0,08;0,00;0,00;123;194;33;49;27;128;906
2218;62,80;165,69;0,00;0,00;0,00;0,17;0,00;0,00;338;171;174;41;31;176;576
2219;45,30;-31,02;0,00;0,00;0,00;-0,03;0,00;0,00;426;17;124;44;38;814;954
2220;50,41;11,54;0,00;0,00;0,00;0,01;0,00;0,00;312;197;151;17;32;576;906
2221;63,85;209,71;0,00;0,00;0,00;0,21;0,00;0,00;128;98;191;20;19;609;886
2222;59,47;51,53;0,00;0,00;0,00;0,05;0,00;0,00;156;42;140;32;33;382;879
2223;53,90;103,51;0,00;0,00;0,00;0,10;0,00;0,00;274;18;76;40;27;950;871
2224;53,40;59,53;0,00;0,00;0,00;0,06;0,00;0,00;349;19;64;23;30;808;299
2225;65,50;177,83;0,00;0,00;0,00;0,18;0,00;0,00;205;169;51;17;29;169;593
2226;49,81;23,24;0,00;0,00;0,00;0,02;0,00;0,00;129;155;192;21;39;957;220
2227;87,95;293,16;0,00;0,00;0,00;0,29;0,00;0,00;275;67;138;29;23;717;837
2228;61,64;98,11;0,00;0,00;0,00;0,10;0,00;0,00;169;68;134;38;21;728;923
2229;94,56;443,35;0,00;0,00;0,00;0,44;0,00;0,00;410;86;150;42;29;129;409
2230;64,75;75,36;0,00;0,00;0,00;0,08;0,00;0,00;284;169;12;26;15;223;133
2231;57,75;100,57;0,00;0,00;0,00;0,10;0,00;0,00;100;28;42;22;30;826;822
2232;51,78;37,66;0,00;0,00;0,00;0,04;0,00;0,00;286;65;116;30;19;599;139
2233;57,27;64,98;0,00;0,00;0,00;0,06;0,00;0,00;426;60;36;40;15;350;517
2234;71,93;269,52;0,00;0,00;0,00;0,27;0,00;0,00;350;142;140;48;21;715;932
2235;51,22;-7,27;0,00;0,00;0,00;-0,01;0,00;0,00;463;83;171;30;34;337;542
2236;39,44;-97,71;0,00;0,00;0,00;-0,10;0,00;0,00;181;199;11;27;36;306;394
2237;35,83;-118,80;0,00;0,00;0,00;-0,12;0,00;0,00;109;153;118;47;30;644;300
2238;59,18;132,70;0,00;0,00;0,00;0,13;0,00;0,00;11;65;161;17;25;585;145
2239;54,41;2,44;0,00;0,00;0,00;0,00;0,00;0,00;362;74;81;48;27;871;548
2240;61,80;190,79;0,00;0,00;0,00;0,19;0,00;0,00;94;57;85;38;23;177;738
2241;73,46;214,27;0,00;0,00;0,00;0,21;0,00;0,00;164;148;88;35;15;354;490
2242;33,92;-143,42;0,00;0,00;0,00;-0,14;0,00;0,00;412;196;144;11;25;533;674
2243;44,79;-55,45;0,00;0,00;0,00;-0,06;0,00;0,00;105;90;19;27;27;669;678
2244;55,47;109,78;0,00;0,00;0,00;0,11;0,00;0,00;111;171;95;47;36;790;236
2245;68,40;152,25;0,00;0,00;0,00;0,15;0,00;0,00;86;66;159;14;31;992;392
2246;45,53;-5,27;0,00;0,00;0,00;-0,01;0,00;0,00;383;186;36;40;37;472;403
2247;35,01;-93,07;0,00;0,00;0,00;-0,09;0,00;0,00;196;79;166;44;21;737;711
2248;54,77;40,13;0,00;0,00;0,00;0,04;0,00;0,00;437;134;109;38;36;504;723
2249;38,44;-145,96;0,00;0,00;0,00;-0,15;0,00;0,00;325;74;188;27;15;144;891
2250;59,05;41,56;0,00;0,00;0,00;0,04;0,00;0,00;222;65;54;13;17;355;768
2251;21,27;-296,75;0,00;0,00;0,00;-0,30;0,00;0,00;276;88;71;34;29;486;646
2252;39,04;-191,56;0,00;0,00;0,00;-0,19;0,00;0,00;153;170;186;35;27;953;150
2253;69,62;231,99;0,00;0,00;0,00;0,23;0,00;0,00;331;130;143;38;26;943;792
2254;53,69;20,57;0,00;0,00;0,00;0,02;0,00;0,00;268;92;175;42;39;950;165
2255;24,38;-129,90;0,00;0,00;0,00;-0,13;0,00;0,00;404;25;148;41;39;139;939
2256;49,63;-35,86;0,00;0,00;0,00;-0,04;0,00;0,00;193;106;193;32;26;454;647
2257;42,09;-21,35;0,00;0,00;0,00;-0,02;0,00;0,00;403;127;35;37;15;254;538
2258;44,34;-62,86;0,00;0,00;0,00;-0,06;0,00;0,00;161;16;14;36;38;265;881
2259;49,51;-10,75;0,00;0,00;0,00;-0,01;0,00;0,00;11;13;121;34;37;278;455
2260;63,26;131,20;0,00;0,00;0,00;0,13;0,00;0,00;13;78;181;48;20;977;357
2261;38,67;-107,22;0,00;0,00;0,00;-0,11;0,00;0,00;145;20;24;27;22;894;708
2262;59,89;81,60;0,00;0,00;0,00;0,08;0,00;0,00;33;76;101;31;22;586;171
2263;22,71;-242,67;0,00;0,00;0,00;-0,24;0,00;0,00;117;164;101;22;25;174;561
2264;39,70;-140,36;0,00;0,00;0,00;-0,14;0,00;0,00;442;59;141;37;34;101;750
2265;34,31;-149,37;0,00;0,00;0,00;-0,15;0,00;0,00;261;61;50;41;25;145;646
2266;46,21;47,09;0,00;0,00;0,00;0,05;0,00;0,00;408;60;122;45;23;281;191
2267;45,74;-149,27;0,00;0,00;0,00;-0,15;0,00;0,00;30;192;107;41;15;534;747
2268;10,25;-377,17;0,00;0,00;0,00;-0,38;0,00;0,00;465;133;70;23;26;169;602
2269;86,73;417,08;0,00;0,00;0,00;0,42;0,00;0,00;262;81;119;39;23;459;713
2270;20,69;-263,36;0,00;0,00;0,00;-0,26;0,00;0,00;16;131;80;43;20;328;398
2271;62,63;157,43;0,00;0,00;0,00;0,16;0,00;0,00;319;120;13;36;16;548;745
2272;44,92;-68,81;0,00;0,00;0,00;-0,07;0,00;0,00;23;25;37;32;28;618;234
2273;37,79;-206,76;0,00;0,00;0,00;-0,21;0,00;0,00;345;12;31;17;23;515;691
2274;74,81;258,02;0,00;0,00;0,00;0,26;0,00;0,00;122;182;146;43;25;106;209
2275;54,51;-35,82;0,00;0,00;0,00;-0,04;0,00;0,00;118;61;179;10;25;217;909
2276;48,15;-8,40;0,00;0,00;0,00;-0,01;0,00;0,00;13;127;181;45;35;497;167
2277;42,47;-111,90;0,00;0,00;0,00;-0,11;0,00;0,00;308;141;197;47;38;283;230
2278;58,59;150,61;0,00;0,00;0,00;0,15;0,00;0,00;121;134;32;24;29;699;700
2279;44,06;-17,94;0,00;0,00;0,00;-0,02;0,00;0,00;231;179;150;29;34;445;713
2280;69,41;280,78;0,00;0,00;0,00;0,28;0,00;0,00;485;112;152;40;37;767;424
2281;14,23;-326,42;0,00;0,00;0,00;-0,33;0,00;0,00;366;131;175;24;30;703;901
2282;36,06;-128,75;0,00;0,00;0,00;-0,13;0,00;0,00;301;80;74;31;15;780;473
2283;39,39;-227,10;0,00;0,00;0,00;-0,23;0,00;0,00;338;162;185;40;17;741;478
2284;55,51;74,39;0,00;0,00;0,00;0,07;0,00;0,00;453;39;111;35;17;839;604
2285;40,62;-112,50;0,00;0,00;0,00;-0,11;0,00;0,00;276;183;127;40;36;828;191
2286;68,49;233,35;0,00;0,00;0,00;0,23;0,00;0,00;469;118;26;18;39;611;859
2287;65,31;184,80;0,00;0,00;0,00;0,18;0,00;0,00;195;65;141;22;20;484;758
2288;59,17;62,61;0,00;0,00;0,00;0,06;0,00;0,00;59;159;74;26;17;592;479
2289;59,16;153,61;0,00;0,00;0,00;0,15;0,00;0,00;207;182;26;16;16;582;613
2290;45,81;-147,92;0,00;0,00;0,00;-0,15;0,00;0,00;109;35;116;15;19;816;298
2291;65,35;158,40;0,00;0,00;0,00;0,16;0,00;0,00;409;57;55;47;33;353;117
2292;35,49;-121,67;0,00;0,00;0,00;-0,12;0,00;0,00;100;54;199;27;22;998;951
2293;35,66;-260,40;0,00;0,00;0,00;-0,26;0,00;0,00;320;165;100;35;27;903;267
2294;60,68;19,31;0,00;0,00;0,00;0,02;0,00;0,00;119;41;116;31;38;372;805
2295;45,11;-52,02;0,00;0,00;0,00;-0,05;0,00;0,00;374;158;94;21;15;352;485
2296;71,55;259,46;0,00;0,00;0,00;0,26;0,00;0,00;152;110;73;36;36;584;190
2297;57,86;43,24;0,00;0,00;0,00;0,04;0,00;0,00;353;122;193;37;15;688;793
2298;50,66;30,79;0,00;0,00;0,00;0,03;0,00;0,00;321;117;47;11;29;423;361
2299;68,15;223,20;0,00;0,00;0,00;0,22;0,00;0,00;318;93;191;29;38;390;217
2300;14,76;-415,77;0,00;0,00;0,00;-0,42;0,00;0,00;279;99;126;44;23;148;350
2301;42,12;-142,47;0,00;0,00;0,00;-0,14;0,00;0,00;323;52;134;40;33;109;296
2302;39,12;-66,96;0,00;0,00;0,00;-0,07;0,00;0,00;291;115;80;37;32;543;906
2303;36,24;-103,25;0,00;0,00;0,00;-0,10;0,00;0,00;80;69;60;30;22;818;989
2304;31,83;-181,14;0,00;0,00;0,00;-0,18;0,00;0,00;390;90;58;23;39;581;666
2305;38,95;-164,38;0,00;0,00;0,00;-0,16;0,00;0,00;365;81;175;26;35;638;679
2306;12,12;-381,46;0,00;0,00;0,00;-0,38;0,00;0,00;305;129;63;30;22;964;427
2307;58,36;95,07;0,00;0,00;0,00;0,10;0,00;0,00;24;64;182;18;37;403;428
2308;68,03;190,43;0,00;0,00;0,00;0,19;0,00;0,00;290;139;132;10;30;787;946
2309;18,07;-244,01;0,00;0,00;0,00;-0,24;0,00;0,00;51;121;84;33;37;656;479
2310;65,80;154,99;0,00;0,00;0,00;0,15;0,00;0,00;23;143;26;13;28;876;459
2311;46,98;-19,55;0,00;0,00;0,00;-0,02;0,00;0,00;465;79;109;35;39;161;748
2312;34,36;-132,19;0,00;0,00;0,00;-0,13;0,00;0,00;356;96;147;23;26;156;113
2313;29,09;-154,37;0,00;0,00;0,00;-0,15;0,00;0,00;27;86;140;30;30;944;103
2314;54,82;28,85;0,00;0,00;0,00;0,03;0,00;0,00;166;88;96;38;36;556;697
2315;69,61;191,63;0,00;0,00;0,00;0,19;0,00;0,00;163;35;95;15;32;680;598
2316;20,75;-323,00;0,00;0,00;0,00;-0,32;0,00;0,00;443;178;44;12;19;201;831
2317;61,73;37,68;0,00;0,00;0,00;0,04;0,00;0,00;489;102;179;43;18;747;405
2318;61,31;66,38;0,00;0,00;0,00;0,07;0,00;0,00;45;129;142;21;30;239;931
2319;44,12;-32,37;0,00;0,00;0,00;-0,03;0,00;0,00;359;81;21;18;24;363;292
2320;63,20;86,12;0,00;0,00;0,00;0,09;0,00;0,00;330;49;124;24;30;799;876
2321;42,54;-104,64;0,00;0,00;0,00;-0,10;0,00;0,00;441;47;14;20;25;152;391
2322;46,81;-37,12;0,00;0,00;0,00;-0,04;0,00;0,00;66;155;142;32;28;183;581
2323;55,04;13,01;0,00;0,00;0,00;0,01;0,00;0,00;272;182;100;31;38;632;132
2324;64,50;181,40;0,00;0,00;0,00;0,18;0,00;0,00;122;69;152;20;36;883;781
2325;32,50;-180,15;0,00;0,00;0,00;-0,18;0,00;0,00;173;123;15;26;29;525;552
2326;35,02;-189,07;0,00;0,00;0,00;-0,19;0,00;0,00;106;120;99;33;32;522;656
2327;75,32;256,73;0,00;0,00;0,00;0,26;0,00;0,00;485;169;166;33;33;503;740
2328;57,28;61,39;0,00;0,00;0,00;0,06;0,00;0,00;298;118;160;21;36;156;783
2329;69,93;194,87;0,00;0,00;0,00;0,19;0,00;0,00;141;169;29;37;26;165;827
2330;41,63;-162,01;0,00;0,00;0,00;-0,16;0,00;0,00;376;186;182;37;23;673;533
2331;57,44;107,92;0,00;0,00;0,00;0,11;0,00;0,00;490;12;195;37;25;623;585
2332;36,75;-157,60;0,00;0,00;0,00;-0,16;0,00;0,00;195;13;11;24;29;856;417
2333;44,26;-130,10;0,00;0,00;0,00;-0,13;0,00;0,00;274;84;156;19;26;445;681
2334;47,74;-63,80;0,00;0,00;0,00;-0,06;0,00;0,00;485;97;29;49;27;725;424
2335;50,81;-47,94;0,00;0,00;0,00;-0,05;0,00;0,00;101;87;42;45;17;830;700
2336;12,30;-427,18;0,00;0,00;0,00;-0,43;0,00;0,00;314;120;39;41;33;929;736
2337;57,93;130,87;0,00;0,00;0,00;0,13;0,00;0,00;141;113;66;45;28;300;940
2338;40,17;-150,14;0,00;0,00;0,00;-0,15;0,00;0,00;455;76;198;19;26;372;859
2339;61,17;113,11;0,00;0,00;0,00;0,11;0,00;0,00;311;194;63;36;31;957;790
2340;38,20;-111,22;0,00;0,00;0,00;-0,11;0,00;0,00;252;164;173;10;18;846;270
2341;82,48;304,10;0,00;0,00;0,00;0,30;0,00;0,00;239;177;33;21;21;343;214
2342;23,29;-268,65;0,00;0,00;0,00;-0,27;0,00;0,00;370;96;175;14;18;367;648
2343;54,38;197,88;0,00;0,00;0,00;0,20;0,00;0,00;490;19;17;41;17;434;274
2344;60,53;46,12;0,00;0,00;0,00;0,05;0,00;0,00;156;129;39;36;17;440;702
2345;47,53;-74,19;0,00;0,00;0,00;-0,07;0,00;0,00;255;27;115;10;19;743;183
2346;70,33;173,07;0,00;0,00;0,00;0,17;0,00;0,00;413;42;74;39;32;343;407
2347;39,85;-61,01;0,00;0,00;0,00;-0,06;0,00;0,00;191;14;107;34;27;420;868
2348;71,32;182,02;0,00;0,00;0,00;0,18;0,00;0,00;449;111;93;43;17;612;389
2349;54,78;50,81;0,00;0,00;0,00;0,05;0,00;0,00;468;100;198;17;26;147;204
2350;17,69;-341,73;0,00;0,00;0,00;-0,34;0,00;0,00;492;94;68;31;19;723;509
2351;70,40;162,23;0,00;0,00;0,00;0,16;0,00;0,00;230;126;188;26;30;183;214
2352;20,97;-294,38;0,00;0,00;0,00;-0,29;0,00;0,00;192;193;36;31;24;102;493
2353;58,36;28,21;0,00;0,00;0,00;0,03;0,00;0,00;41;193;13;28;39;404;158
2354;74,92;292,89;0,00;0,00;0,00;0,29;0,00;0,00;129;165;182;20;20;770;101
2355;9,65;-428,40;0,00;0,00;0,00;-0,43;0,00;0,00;437;165;156;29;18;922;455
2356;41,20;-56,93;0,00;0,00;0,00;-0,06;0,00;0,00;121;141;159;28;31;822;952
2357;39,02;-152,63;0,00;0,00;0,00;-0,15;0,00;0,00;49;82;121;10;17;188;693
2358;34,79;-103,63;0,00;0,00;0,00;-0,10;0,00;0,00;193;172;191;48;21;810;700
2359;61,21;119,32;0,00;0,00;0,00;0,12;0,00;0,00;472;119;29;17;36;162;337
2360;52,45;-39,54;0,00;0,00;0,00;-0,04;0,00;0,00;354;74;134;49;29;506;707
2361;48,00;-75,04;0,00;0,00;0,00;-0,08;0,00;0,00;329;25;53;31;15;863;902
2362;57,23;134,94;0,00;0,00;0,00;0,13;0,00;0,00;135;51;190;19;26;439;226
2363;59,61;-7,25;0,00;0,00;0,00;-0,01;0,00;0,00;146;180;54;30;29;580;325
2364;49,00;-39,14;0,00;0,00;0,00;-0,04;0,00;0,00;49;147;108;25;18;882;656
2365;35,31;-108,14;0,00;0,00;0,00;-0,11;0,00;0,00;59;102;149;40;35;407;421
2366;59,29;81,33;0,00;0,00;0,00;0,08;0,00;0,00;222;161;90;40;27;927;840
2367;40,88;-90,99;0,00;0,00;0,00;-0,09;0,00;0,00;174;138;120;37;17;418;159
2368;50,10;23,26;0,00;0,00;0,00;0,02;0,00;0,00;35;35;142;37;25;196;482
2369;55,76;-16,10;0,00;0,00;0,00;-0,02;0,00;0,00;427;138;45;23;33;605;188
2370;72,95;203,57;0,00;0,00;0,00;0,20;0,00;0,00;187;167;90;10;19;515;883
2371;50,64;-110,77;0,00;0,00;0,00;-0,11;0,00;0,00;41;191;72;43;35;893;451
2372;88,47;378,31;0,00;0,00;0,00;0,38;0,00;0,00;156;172;88;22;29;889;346
2373;61,70;98,40;0,00;0,00;0,00;0,10;0,00;0,00;52;112;105;38;30;541;492
2374;48,01;0,81;0,00;0,00;0,00;0,00;0,00;0,00;257;56;28;38;29;220;315
2375;74,54;238,77;0,00;0,00;0,00;0,24;0,00;0,00;16;120;165;24;25;187;218
2376;50,93;-37,46;0,00;0,00;0,00;-0,04;0,00;0,00;36;53;54;17;32;852;735
2377;51,10;-20,54;0,00;0,00;0,00;-0,02;0,00;0,00;176;132;127;13;20;394;597
2378;67,62;240,24;0,00;0,00;0,00;0,24;0,00;0,00;37;159;67;16;32;471;395
2379;45,82;-13,65;0,00;0,00;0,00;-0,01;0,00;0,00;468;100;71;25;33;765;941
2380;61,81;121,25;0,00;0,00;0,00;0,12;0,00;0,00;437;27;88;40;34;717;337
2381;55,78;78,12;0,00;0,00;0,00;0,08;0,00;0,00;127;111;165;48;33;967;455
2382;44,52;-19,41;0,00;0,00;0,00;-0,02;0,00;0,00;146;178;55;33;24;963;932
2383;43,36;-170,69;0,00;0,00;0,00;-0,17;0,00;0,00;19;140;79;33;36;143;838
2384;67,55;211,60;0,00;0,00;0,00;0,21;0,00;0,00;136;97;186;44;26;216;220
2385;48,26;-16,07;0,00;0,00;0,00;-0,02;0,00;0,00;13;181;114;15;18;940;828
2386;24,68;-244,03;0,00;0,00;0,00;-0,24;0,00;0,00;336;87;166;30;19;690;252
2387;40,00;-49,35;0,00;0,00;0,00;-0,05;0,00;0,00;174;131;70;11;16;768;977
2388;33,03;-204,20;0,00;0,00;0,00;-0,20;0,00;0,00;57;128;170;29;38;481;832
2389;32,97;-127,79;0,00;0,00;0,00;-0,13;0,00;0,00;156;38;28;36;39;306;554
2390;66,22;148,72;0,00;0,00;0,00;0,15;0,00;0,00;21;114;143;23;34;659;710
2391;66,71;167,53;0,00;0,00;0,00;0,17;0,00;0,00;189;18;36;14;22;413;729
2392;40,21;-97,10;0,00;0,00;0,00;-0,10;0,00;0,00;293;131;30;27;32;211;951
2393;49,44;40,39;0,00;0,00;0,00;0,04;0,00;0,00;450;193;150;46;29;351;837
2394;60,38;26,71;0,00;0,00;0,00;0,03;0,00;0,00;408;194;115;14;35;612;152
2395;20,44;-301,51;0,00;0,00;0,00;-0,30;0,00;0,00;242;132;93;16;28;338;409
2396;76,73;360,66;0,00;0,00;0,00;0,36;0,00;0,00;304;30;66;21;29;130;176
2397;39,70;-30,99;0,00;0,00;0,00;-0,03;0,00;0,00;210;191;169;15;27;301;495
2398;55,95;97,56;0,00;0,00;0,00;0,10;0,00;0,00;208;48;18;40;35;291;761
2399;41,35;-97,91;0,00;0,00;0,00;-0,10;0,00;0,00;241;154;141;39;34;734;743
2400;37,80;-149,64;0,00;0,00;0,00;-0,15;0,00;0,00;492;42;91;27;33;902;524
2401;37,41;-132,09;0,00;0,00;0,00;-0,13;0,00;0,00;469;109;69;13;25;870;434
2402;16,16;-257,79;0,00;0,00;0,00;-0,26;0,00;0,00;156;43;173;43;17;723;710
2403;56,65;105,58;0,00;0,00;0,00;0,11;0,00;0,00;119;67;79;22;16;181;982
2404;32,51;-224,80;0,00;0,00;0,00;-0,22;0,00;0,00;187;103;106;16;20;440;718
2405;53,16;77,47;0,00;0,00;0,00;0,08;0,00;0,00;203;45;95;39;29;639;701
2406;27,93;-289,45;0,00;0,00;0,00;-0,29;0,00;0,00;244;24;50;12;29;647;541
2407;49,61;-14,56;0,00;0,00;0,00;-0,01;0,00;0,00;294;194;27;20;17;191;661
2408;52,05;-147,56;0,00;0,00;0,00;-0,15;0,00;0,00;215;106;127;32;26;561;767
2409;52,92;92,52;0,00;0,00;0,00;0,09;0,00;0,00;433;148;92;38;25;481;806
2410;44,25;28,26;0,00;0,00;0,00;0,03;0,00;0,00;204;93;139;37;29;585;263
2411;53,55;-55,80;0,00;0,00;0,00;-0,06;0,00;0,00;276;125;92;41;36;699;579
2412;24,42;-337,22;0,00;0,00;0,00;-0,34;0,00;0,00;65;54;41;33;16;763;410
2413;49,05;63,45;0,00;0,00;0,00;0,06;0,00;0,00;349;134;127;17;28;966;573
2414;36,34;-92,56;0,00;0,00;0,00;-0,09;0,00;0,00;63;43;155;34;20;197;817
2415;20,54;-292,46;0,00;0,00;0,00;-0,29;0,00;0,00;275;116;46;10;33;279;994
2416;51,66;21,00;0,00;0,00;0,00;0,02;0,00;0,00;251;112;82;32;31;614;831
2417;52,48;75,58;0,00;0,00;0,00;0,08;0,00;0,00;43;76;153;15;28;151;933
2418;52,06;22,80;0,00;0,00;0,00;0,02;0,00;0,00;495;125;38;21;33;948;369
2419;51,16;-10,73;0,00;0,00;0,00;-0,01;0,00;0,00;390;23;178;47;26;316;142
2420;37,04;-176,01;0,00;0,00;0,00;-0,18;0,00;0,00;410;32;69;17;27;127;722
2421;79,64;345,13;0,00;0,00;0,00;0,35;0,00;0,00;411;151;143;18;36;975;532
2422;45,02;-26,55;0,00;0,00;0,00;-0,03;0,00;0,00;492;180;128;45;38;417;512
2423;72,89;218,03;0,00;0,00;0,00;0,22;0,00;0,00;219;21;163;38;15;960;161
2424;56,84;50,40;0,00;0,00;0,00;0,05;0,00;0,00;100;88;91;20;30;215;198
2425;43,90;-24,73;0,00;0,00;0,00;-0,02;0,00;0,00;280;101;142;32;28;482;246
2426;49,11;-42,25;0,00;0,00;0,00;-0,04;0,00;0,00;362;167;31;13;15;879;616
2427;69,04;204,59;0,00;0,00;0,00;0,20;0,00;0,00;56;63;66;38;32;444;267
2428;87,37;360,73;0,00;0,00;0,00;0,36;0,00;0,00;340;147;167;15;25;483;631
2429;71,08;149,53;0,00;0,00;0,00;0,15;0,00;0,00;83;72;59;33;38;152;121
2430;21,49;-290,71;0,00;0,00;0,00;-0,29;0,00;0,00;199;185;109;31;19;553;516
2431;44,18;-3,72;0,00;0,00;0,00;-0,00;0,00;0,00;222;61;167;30;36;393;787
2432;49,45;61,10;0,00;0,00;0,00;0,06;0,00;0,00;118;177;51;19;17;387;469
2433;49,73;-31,20;0,00;0,00;0,00;-0,03;0,00;0,00;298;153;137;25;28;580;179
2434;46,34;-2,77;0,00;0,00;0,00;-0,00;0,00;0,00;224;138;46;26;25;350;840
2435;48,67;7,53;0,00;0,00;0,00;0,01;0,00;0,00;84;163;135;31;17;379;273
2436;65,58;100,31;0,00;0,00;0,00;0,10;0,00;0,00;133;115;76;35;30;356;962
2437;69,27;206,64;0,00;0,00;0,00;0,21;0,00;0,00;17;103;72;10;28;597;828
2438;27,48;-223,46;0,00;0,00;0,00;-0,22;0,00;0,00;210;106;29;26;31;622;690
2439;49,55;-27,94;0,00;0,00;0,00;-0,03;0,00;0,00;493;140;160;18;25;538;227
2440;46,07;-115,57;0,00;0,00;0,00;-0,12;0,00;0,00;146;137;51;15;24;816;487
2441;40,45;-63,70;0,00;0,00;0,00;-0,06;0,00;0,00;34;75;33;31;33;379;612
2442;42,16;-130,45;0,00;0,00;0,00;-0,13;0,00;0,00;369;101;186;32;29;221;553
2443;42,32;-103,86;0,00;0,00;0,00;-0,10;0,00;0,00;49;182;35;45;26;648;589
2444;61,65;121,73;0,00;0,00;0,00;0,12;0,00;0,00;410;51;144;24;28;869;531
2445;43,57;-105,98;0,00;0,00;0,00;-0,11;0,00;0,00;263;115;136;17;21;473;206
2446;46,85;34,01;0,00;0,00;0,00;0,03;0,00;0,00;277;141;119;29;20;666;869
2447;25,08;-227,66;0,00;0,00;0,00;-0,23;0,00;0,00;182;186;179;23;37;290;107
2448;63,18;128,36;0,00;0,00;0,00;0,13;0,00;0,00;226;65;140;39;25;759;199
2449;61,44;128,64;0,00;0,00;0,00;0,13;0,00;0,00;23;55;170;32;24;608;202
2450;39,12;-112,24;0,00;0,00;0,00;-0,11;0,00;0,00;498;188;166;23;38;987;417
2451;40,74;-118,65;0,00;0,00;0,00;-0,12;0,00;0,00;478;110;127;14;26;405;750
2452;26,29;-195,86;0,00;0,00;0,00;-0,20;0,00;0,00;91;30;94;40;18;306;766
2453;60,10;52,18;0,00;0,00;0,00;0,05;0,00;0,00;477;52;145;26;30;716;416
2454;47,41;-73,91;0,00;0,00;0,00;-0,07;0,00;0,00;389;12;85;10;33;437;708
2455;23,99;-271,21;0,00;0,00;0,00;-0,27;0,00;0,00;258;108;57;25;17;721;898
2456;37,67;-175,51;0,00;0,00;0,00;-0,18;0,00;0,00;222;199;93;42;20;206;386
2457;44,31;6,98;0,00;0,00;0,00;0,01;0,00;0,00;494;81;185;46;30;483;112
2458;71,32;328,51;0,00;0,00;0,00;0,33;0,00;0,00;440;54;74;35;15;235;857
2459;61,32;37,52;0,00;0,00;0,00;0,04;0,00;0,00;375;197;51;49;38;899;117
2460;66,72;316,31;0,00;0,00;0,00;0,32;0,00;0,00;439;199;142;19;29;343;300
2461;90,84;386,13;0,00;0,00;0,00;0,39;0,00;0,00;408;106;36;18;36;950;499
2462;48,18;-51,29;0,00;0,00;0,00;-0,05;0,00;0,00;109;87;103;23;15;137;867
2463;32,96;-149,85;0,00;0,00;0,00;-0,15;0,00;0,00;227;87;189;11;17;716;780
2464;42,37;-95,92;0,00;0,00;0,00;-0,10;0,00;0,00;106;112;18;24;35;139;691
2465;90,37;417,17;0,00;0,00;0,00;0,42;0,00;0,00;262;39;83;34;17;580;368
2466;69,99;103,25;0,00;0,00;0,00;0,10;0,00;0,00;328;78;49;21;38;184;441
2467;49,97;22,93;0,00;0,00;0,00;0,02;0,00;0,00;206;13;74;40;39;651;529
2468;66,82;215,94;0,00;0,00;0,00;0,22;0,00;0,00;356;17;32;32;22;828;443
2469;45,49;-86,07;0,00;0,00;0,00;-0,09;0,00;0,00;379;130;168;30;21;766;188
2470;55,31;84,11;0,00;0,00;0,00;0,08;0,00;0,00;156;72;124;26;17;237;534
2471;63,33;53,96;0,00;0,00;0,00;0,05;0,00;0,00;151;84;144;28;16;382;649
2472;52,39;53,86;0,00;0,00;0,00;0,05;0,00;0,00;190;39;112;47;33;816;589
2473;47,11;7,19;0,00;0,00;0,00;0,01;0,00;0,00;283;20;102;13;15;803;791
2474;41,64;-1,84;0,00;0,00;0,00;-0,00;0,00;0,00;225;168;48;42;19;488;910
2475;61,08;238,28;0,00;0,00;0,00;0,24;0,00;0,00;446;191;171;48;25;350;334
2476;24,27;-259,86;0,00;0,00;0,00;-0,26;0,00;0,00;440;118;15;17;27;790;788
2477;29,53;-305,73;0,00;0,00;0,00;-0,31;0,00;0,00;278;97;171;40;17;412;691
2478;45,19;54,04;0,00;0,00;0,00;0,05;0,00;0,00;81;127;154;46;33;110;905
2479;22,17;-329,69;0,00;0,00;0,00;-0,33;0,00;0,00;399;50;118;28;36;473;148
2480;70,15;181,47;0,00;0,00;0,00;0,18;0,00;0,00;225;27;49;43;15;486;821
2481;48,28;-74,30;0,00;0,00;0,00;-0,07;0,00;0,00;289;19;63;18;37;432;897
2482;63,30;118,76;0,00;0,00;0,00;0,12;0,00;0,00;312;77;85;40;26;524;449
2483;26,88;-339,02;0,00;0,00;0,00;-0,34;0,00;0,00;228;54;56;43;38;793;276
2484;45,51;31,91;0,00;0,00;0,00;0,03;0,00;0,00;123;85;43;41;29;101;927
2485;62,45;130,40;0,00;0,00;0,00;0,13;0,00;0,00;267;156;119;32;37;768;936
2486;46,64;-66,64;0,00;0,00;0,00;-0,07;0,00;0,00;259;197;144;27;35;941;409
2487;33,34;-209,80;0,00;0,00;0,00;-0,21;0,00;0,00;183;159;147;49;22;825;541
2488;13,98;-337,03;0,00;0,00;0,00;-0,34;0,00;0,00;41;172;63;26;38;163;798
2489;42,95;-29,70;0,00;0,00;0,00;-0,03;0,00;0,00;457;134;91;39;39;971;774
2490;78,27;285,01;0,00;0,00;0,00;0,29;0,00;0,00;89;133;104;16;16;455;376
2491;43,33;-51,05;0,00;0,00;0,00;-0,05;0,00;0,00;291;126;138;21;16;298;513
2492;55,59;25,08;0,00;0,00;0,00;0,03;0,00;0,00;420;164;108;37;19;764;811
2493;21,35;-365,22;0,00;0,00;0,00;-0,37;0,00;0,00;148;147;136;31;20;575;575
2494;34,34;-165,45;0,00;0,00;0,00;-0,17;0,00;0,00;467;139;57;38;30;970;618
2495;53,30;50,38;0,00;0,00;0,00;0,05;0,00;0,00;348;195;45;15;32;591;661
2496;61,67;142,47;0,00;0,00;0,00;0,14;0,00;0,00;419;93;13;20;37;325;892
2497;48,61;-8,77;0,00;0,00;0,00;-0,01;0,00;0,00;82;166;57;13;35;600;267
2498;56,96;124,62;0,00;0,00;0,00;0,12;0,00;0,00;19;142;68;43;39;401;862
2499;56,94;-3,49;0,00;0,00;0,00;-0,00;0,00;0,00;192;38;11;19;36;413;449
2500;65,31;227,11;0,00;0,00;0,00;0,23;0,00;0,00;335;180;74;19;19;589;729
2501;47,07;0,68;0,00;0,00;0,00;0,00;0,00;0,00;292;187;152;13;34;163;407
2502;34,43;-123,36;0,00;0,00;0,00;-0,12;0,00;0,00;224;106;126;39;36;573;402
2503;48,43;-0,91;0,00;0,00;0,00;-0,00;0,00;0,00;371;136;75;22;17;910;406
2504;48,45;-9,58;0,00;0,00;0,00;-0,01;0,00;0,00;216;172;144;49;35;409;945
2505;46,07;-155,20;0,00;0,00;0,00;-0,16;0,00;0,00;199;112;64;39;35;770;780
2506;46,45;42,33;0,00;0,00;0,00;0,04;0,00;0,00;319;158;91;41;34;525;499
2507;58,16;65,57;0,00;0,00;0,00;0,07;0,00;0,00;206;184;165;15;39;968;930
2508;49,94;20,18;0,00;0,00;0,00;0,02;0,00;0,00;306;148;166;29;18;697;249
2509;54,65;64,06;0,00;0,00;0,00;0,06;0,00;0,00;258;59;73;28;20;627;319
2510;51,36;-10,90;0,00;0,00;0,00;-0,01;0,00;0,00;119;142;120;33;26;748;895
2511;54,80;8,17;0,00;0,00;0,00;0,01;0,00;0,00;88;114;63;10;36;739;284
2512;33,61;-134,02;0,00;0,00;0,00;-0,13;0,00;0,00;429;15;175;42;30;249;271
2513;18,75;-236,51;0,00;0,00;0,00;-0,24;0,00;0,00;65;52;103;27;34;885;449
2514;28,16;-118,05;0,00;0,00;0,00;-0,12;0,00;0,00;271;88;173;18;34;479;644
2515;55,82;94,82;0,00;0,00;0,00;0,09;0,00;0,00;34;79;111;36;36;763;760
2516;70,10;185,33;0,00;0,00;0,00;0,19;0,00;0,00;294;108;51;31;32;400;985
2517;27,94;-279,99;0,00;0,00;0,00;-0,28;0,00;0,00;64;62;153;24;25;707;331
2518;4,94;-381,82;0,00;0,00;0,00;-0,38;0,00;0,00;333;83;140;29;29;710;473
2519;48,42;-1,31;0,00;0,00;0,00;-0,00;0,00;0,00;164;45;151;32;16;532;405
2520;60,27;79,99;0,00;0,00;0,00;0,08;0,00;0,00;83;71;73;16;39;711;179
2521;43,22;-67,86;0,00;0,00;0,00;-0,07;0,00;0,00;416;18;92;33;15;727;292
2522;37,79;-108,07;0,00;0,00;0,00;-0,11;0,00;0,00;10;70;43;34;16;922;802
2523;38,64;-70,87;0,00;0,00;0,00;-0,07;0,00;0,00;218;124;172;12;19;698;405
2524;45,17;-114,46;0,00;0,00;0,00;-0,11;0,00;0,00;268;107;40;21;29;149;111
2525;35,41;-164,61;0,00;0,00;0,00;-0,16;0,00;0,00;104;195;69;39;26;316;725
2526;46,65;-110,04;0,00;0,00;0,00;-0,11;0,00;0,00;247;98;142;21;24;828;426
2527;1,05;-456,55;0,00;0,00;0,00;-0,46;0,00;0,00;143;182;170;32;20;348;247
2528;52,49;4,07;0,00;0,00;0,00;0,00;0,00;0,00;35;134;96;28;26;662;548
2529;69,04;156,75;0,00;0,00;0,00;0,16;0,00;0,00;330;133;128;31;25;260;191
2530;51,04;26,09;0,00;0,00;0,00;0,03;0,00;0,00;20;129;137;43;28;819;345
2531;56,56;62,53;0,00;0,00;0,00;0,06;0,00;0,00;167;81;165;15;30;250;886
2532;39,97;-89,29;0,00;0,00;0,00;-0,09;0,00;0,00;321;105;129;19;38;922;868
2533;31,94;-127,39;0,00;0,00;0,00;-0,13;0,00;0,00;446;115;139;34;24;110;861
2534;52,72;-6,47;0,00;0,00;0,00;-0,01;0,00;0,00;396;46;17;43;24;572;320
2535;33,02;-172,85;0,00;0,00;0,00;-0,17;0,00;0,00;112;153;111;32;18;120;153
2536;50,80;-13,99;0,00;0,00;0,00;-0,01;0,00;0,00;325;135;108;18;32;405;361
2537;51,68;80,11;0,00;0,00;0,00;0,08;0,00;0,00;57;55;61;10;26;720;436
2538;82,04;299,94;0,00;0,00;0,00;0,30;0,00;0,00;35;140;81;46;26;276;576
2539;33,73;-125,44;0,00;0,00;0,00;-0,13;0,00;0,00;197;54;85;48;26;685;140
2540;48,71;-59,80;0,00;0,00;0,00;-0,06;0,00;0,00;371;193;54;47;24;149;408
2541;36,78;11,57;0,00;0,00;0,00;0,01;0,00;0,00;396;42;62;17;32;946;110
2542;45,70;-108,65;0,00;0,00;0,00;-0,11;0,00;0,00;29;52;88;23;28;643;113
2543;51,35;15,44;0,00;0,00;0,00;0,02;0,00;0,00;133;54;128;24;26;219;662
2544;76,40;254,30;0,00;0,00;0,00;0,25;0,00;0,00;166;103;16;35;17;608;162
2545;31,29;-148,50;0,00;0,00;0,00;-0,15;0,00;0,00;390;112;60;19;17;500;542
2546;84,96;368,73;0,00;0,00;0,00;0,37;0,00;0,00;440;126;27;26;34;688;260
2547;60,24;85,69;0,00;0,00;0,00;0,09;0,00;0,00;471;80;94;36;35;118;754
2548;35,53;-150,33;0,00;0,00;0,00;-0,15;0,00;0,00;383;163;22;16;27;298;425
2549;57,28;34,63;0,00;0,00;0,00;0,03;0,00;0,00;97;105;102;36;19;281;104
2550;49,90;46,26;0,00;0,00;0,00;0,05;0,00;0,00;100;72;144;16;37;351;870
2551;70,96;239,50;0,00;0,00;0,00;0,24;0,00;0,00;152;16;79;21;20;432;678
2552;41,02;-31,56;0,00;0,00;0,00;-0,03;0,00;0,00;479;30;30;39;23;443;775
2553;59,00;27,77;0,00;0,00;0,00;0,03;0,00;0,00;293;11;59;14;28;948;339
2554;49,75;-119,96;0,00;0,00;0,00;-0,12;0,00;0,00;105;128;54;23;21;195;467
2555;57,16;49,91;0,00;0,00;0,00;0,05;0,00;0,00;137;120;56;44;25;776;561
2556;67,54;99,11;0,00;0,00;0,00;0,10;0,00;0,00;434;39;175;39;27;323;596
2557;61,34;-3,93;0,00;0,00;0,00;-0,00;0,00;0,00;38;88;158;44;36;197;527
2558;54,40;-2,62;0,00;0,00;0,00;-0,00;0,00;0,00;217;174;192;16;39;385;752
2559;59,34;59,21;0,00;0,00;0,00;0,06;0,00;0,00;192;67;86;37;26;798;541
2560;71,62;204,70;0,00;0,00;0,00;0,20;0,00;0,00;235;89;185;38;24;188;804
2561;67,70;155,21;0,00;0,00;0,00;0,16;0,00;0,00;215;104;96;18;38;367;328
2562;55,65;-57,16;0,00;0,00;0,00;-0,06;0,00;0,00;211;64;109;31;21;468;198
2563;38,72;-167,43;0,00;0,00;0,00;-0,17;0,00;0,00;88;20;125;20;38;707;471
2564;53,94;-10,38;0,00;0,00;0,00;-0,01;0,00;0,00;477;57;159;41;29;395;348
2565;52,04;-21,65;0,00;0,00;0,00;-0,02;0,00;0,00;252;97;134;18;31;506;832
2566;34,47;-133,59;0,00;0,00;0,00;-0,13;0,00;0,00;77;146;95;17;39;411;143
2567;59,44;54,98;0,00;0,00;0,00;0,05;0,00;0,00;156;127;110;29;27;610;408
2568;71,89;269,46;0,00;0,00;0,00;0,27;0,00;0,00;487;127;198;17;20;572;954
2569;29,97;-136,70;0,00;0,00;0,00;-0,14;0,00;0,00;64;157;67;28;23;342;536
2570;50,30;-5,28;0,00;0,00;0,00;-0,01;0,00;0,00;391;35;15;18;31;171;684
2571;63,95;159,53;0,00;0,00;0,00;0,16;0,00;0,00;213;131;60;26;26;219;979
2572;67,31;185,18;0,00;0,00;0,00;0,19;0,00;0,00;437;23;104;28;19;395;695
2573;52,66;126,18;0,00;0,00;0,00;0,13;0,00;0,00;261;99;46;31;15;152;465
2574;50,19;-16,76;0,00;0,00;0,00;-0,02;0,00;0,00;120;88;87;47;25;374;610
2575;62,36;75,68;0,00;0,00;0,00;0,08;0,00;0,00;320;63;62;40;27;651;636
2576;64,68;164,66;0,00;0,00;0,00;0,16;0,00;0,00;394;172;29;18;20;579;680
2577;56,75;89,56;0,00;0,00;0,00;0,09;0,00;0,00;63;135;130;10;15;972;500
2578;59,56;76,96;0,00;0,00;0,00;0,08;0,00;0,00;169;38;191;10;35;974;679
2579;43,13;-16,02;0,00;0,00;0,00;-0,02;0,00;0,00;342;131;87;37;26;108;164
2580;56,33;66,58;0,00;0,00;0,00;0,07;0,00;0,00;99;194;37;21;27;803;828
2581;28,67;-210,68;0,00;0,00;0,00;-0,21;0,00;0,00;165;127;164;23;34;567;842
2582;47,06;9,12;0,00;0,00;0,00;0,01;0,00;0,00;289;67;127;15;21;381;189
2583;88,68;393,14;0,00;0,00;0,00;0,39;0,00;0,00;13;66;148;47;21;695;109
2584;59,77;90,21;0,00;0,00;0,00;0,09;0,00;0,00;221;75;116;33;15;572;411
2585;61,62;223,90;0,00;0,00;0,00;0,22;0,00;0,00;168;71;185;17;26;214;239
2586;47,29;-11,11;0,00;0,00;0,00;-0,01;0,00;0,00;378;90;113;16;22;932;685
2587;61,66;125,60;0,00;0,00;0,00;0,13;0,00;0,00;322;107;56;16;19;512;293
2588;56,21;5,29;0,00;0,00;0,00;0,01;0,00;0,00;139;81;65;13;31;533;343
2589;40,70;-79,05;0,00;0,00;0,00;-0,08;0,00;0,00;468;139;82;27;33;705;320
2590;48,76;-73,06;0,00;0,00;0,00;-0,07;0,00;0,00;422;135;40;31;20;407;703
2591;61,78;61,92;0,00;0,00;0,00;0,06;0,00;0,00;454;74;11;34;26;520;741
2592;27,74;-209,28;0,00;0,00;0,00;-0,21;0,00;0,00;247;100;122;47;23;469;665
2593;88,66;430,33;0,00;0,00;0,00;0,43;0,00;0,00;67;157;60;40;24;117;262
2594;59,81;234,85;0,00;0,00;0,00;0,23;0,00;0,00;483;71;91;41;18;457;371
2595;31,07;-153,74;0,00;0,00;0,00;-0,15;0,00;0,00;389;152;53;47;29;495;730
2596;40,40;-85,77;0,00;0,00;0,00;-0,09;0,00;0,00;275;60;147;23;37;688;353
2597;45,28;-29,79;0,00;0,00;0,00;-0,03;0,00;0,00;363;74;82;27;22;477;337
2598;43,84;-131,61;0,00;0,00;0,00;-0,13;0,00;0,00;458;141;172;37;29;334;115
2599;48,23;72,99;0,00;0,00;0,00;0,07;0,00;0,00;246;98;116;21;25;103;614
2600;48,81;82,78;0,00;0,00;0,00;0,08;0,00;0,00;393;143;84;30;21;983;984
2601;59,92;61,94;0,00;0,00;0,00;0,06;0,00;0,00;152;29;65;48;16;343;421
2602;53,06;21,81;0,00;0,00;0,00;0,02;0,00;0,00;124;87;57;47;18;140;990
2603;39,93;-114,84;0,00;0,00;0,00;-0,11;0,00;0,00;473;36;62;17;15;356;182
2604;28,94;-126,72;0,00;0,00;0,00;-0,13;0,00;0,00;217;165;157;25;26;248;831
2605;15,35;-376,61;0,00;0,00;0,00;-0,38;0,00;0,00;336;38;140;19;26;921;801
2606;19,93;-230,43;0,00;0,00;0,00;-0,23;0,00;0,00;70;173;196;24;31;399;418
2607;28,92;-199,04;0,00;0,00;0,00;-0,20;0,00;0,00;45;168;199;36;38;286;819
2608;16,86;-250,46;0,00;0,00;0,00;-0,25;0,00;0,00;129;30;103;38;34;510;600
2609;57,93;17,76;0,00;0,00;0,00;0,02;0,00;0,00;369;15;199;31;35;403;149
2610;16,58;-329,53;0,00;0,00;0,00;-0,33;0,00;0,00;38;95;197;28;21;174;208
2611;78,72;248,91;0,00;0,00;0,00;0,25;0,00;0,00;26;157;101;41;27;257;411
2612;57,57;106,57;0,00;0,00;0,00;0,11;0,00;0,00;442;92;78;15;37;457;121
2613;61,02;138,31;0,00;0,00;0,00;0,14;0,00;0,00;308;80;86;35;33;299;388
2614;41,62;-142,18;0,00;0,00;0,00;-0,14;0,00;0,00;145;86;168;30;34;250;336
2615;40,24;-107,72;0,00;0,00;0,00;-0,11;0,00;0,00;53;82;99;22;35;368;590
2616;55,26;95,23;0,00;0,00;0,00;0,10;0,00;0,00;444;157;164;49;30;592;699
2617;47,02;-55,22;0,00;0,00;0,00;-0,06;0,00;0,00;271;145;62;39;21;727;376
2618;51,64;-31,22;0,00;0,00;0,00;-0,03;0,00;0,00;401;28;98;33;16;751;931
2619;48,85;11,07;0,00;0,00;0,00;0,01;0,00;0,00;67;21;134;15;19;724;411
2620;49,67;23,04;0,00;0,00;0,00;0,02;0,00;0,00;55;197;98;34;26;570;288
2621;44,52;10,04;0,00;0,00;0,00;0,01;0,00;0,00;440;74;96;28;24;820;374
2622;46,70;17,95;0,00;0,00;0,00;0,02;0,00;0,00;191;46;38;32;20;874;874
2623;70,80;245,55;0,00;0,00;0,00;0,25;0,00;0,00;369;100;61;27;32;699;393
2624;96,21;513,76;0,00;0,00;0,00;0,51;0,00;0,00;297;61;193;36;22;633;378
2625;76,89;382,80;0,00;0,00;0,00;0,38;0,00;0,00;45;175;84;26;20;832;352
2626;48,69;-57,46;0,00;0,00;0,00;-0,06;0,00;0,00;277;167;157;41;35;432;593
2627;61,97;61,67;0,00;0,00;0,00;0,06;0,00;0,00;67;62;73;29;16;754;732
2628;44,27;55,35;0,00;0,00;0,00;0,06;0,00;0,00;439;92;199;35;23;490;751
2629;20,20;-240,35;0,00;0,00;0,00;-0,24;0,00;0,00;378;122;102;18;25;901;306
2630;58,53;126,61;0,00;0,00;0,00;0,13;0,00;0,00;347;188;153;10;22;730;629
2631;46,68;-25,32;0,00;0,00;0,00;-0,03;0,00;0,00;302;81;113;22;29;591;680
2632;82,59;233,36;0,00;0,00;0,00;0,23;0,00;0,00;140;41;140;19;32;459;889
2633;53,22;-1,59;0,00;0,00;0,00;-0,00;0,00;0,00;484;199;194;17;39;674;422
2634;24,81;-296,55;0,00;0,00;0,00;-0,30;0,00;0,00;95;19;100;24;33;102;501
2635;32,24;-126,57;0,00;0,00;0,00;-0,13;0,00;0,00;475;92;199;11;28;546;653
2636;64,34;71,94;0,00;0,00;0,00;0,07;0,00;0,00;475;81;91;49;38;958;546
2637;40,26;-128,77;0,00;0,00;0,00;-0,13;0,00;0,00;452;31;82;10;23;375;596
2638;79,49;256,05;0,00;0,00;0,00;0,26;0,00;0,00;178;69;83;21;36;882;955
2639;86,47;409,41;0,00;0,00;0,00;0,41;0,00;0,00;313;115;111;45;20;917;271
2640;66,88;223,44;0,00;0,00;0,00;0,22;0,00;0,00;491;197;77;11;28;716;470
2641;38,20;-98,33;0,00;0,00;0,00;-0,10;0,00;0,00;497;186;19;45;31;263;987
2642;45,59;-69,37;0,00;0,00;0,00;-0,07;0,00;0,00;499;44;89;26;28;841;619
2643;52,77;-42,06;0,00;0,00;0,00;-0,04;0,00;0,00;373;115;139;44;20;591;749
2644;53,04;45,92;0,00;0,00;0,00;0,05;0,00;0,00;393;37;79;34;25;437;544
2645;29,50;-230,16;0,00;0,00;0,00;-0,23;0,00;0,00;229;123;182;48;27;837;512
2646;53,69;24,04;0,00;0,00;0,00;0,02;0,00;0,00;251;199;155;47;36;803;563
2647;49,03;7,36;0,00;0,00;0,00;0,01;0,00;0,00;70;28;18;16;36;954;478
2648;60,16;194,52;0,00;0,00;0,00;0,19;0,00;0,00;210;43;127;10;24;352;686
2649;65,63;167,55;0,00;0,00;0,00;0,17;0,00;0,00;321;146;190;44;20;856;674
2650;58,07;138,57;0,00;0,00;0,00;0,14;0,00;0,00;381;105;99;49;18;893;492
2651;48,92;-72,98;0,00;0,00;0,00;-0,07;0,00;0,00;384;50;24;11;22;268;175
2652;69,64;112,21;0,00;0,00;0,00;0,11;0,00;0,00;372;25;31;12;23;605;727
2653;52,30;70,70;0,00;0,00;0,00;0,07;0,00;0,00;55;63;16;32;20;278;641
2654;23,50;-218,19;0,00;0,00;0,00;-0,22;0,00;0,00;376;197;162;11;34;998;854
2655;50,99;43,19;0,00;0,00;0,00;0,04;0,00;0,00;102;26;60;36;22;840;695
2656;59,26;101,04;0,00;0,00;0,00;0,10;0,00;0,00;164;117;108;27;24;601;525
2657;83,78;309,61;0,00;0,00;0,00;0,31;0,00;0,00;11;163;109;45;17;255;340
2658;54,80;22,85;0,00;0,00;0,00;0,02;0,00;0,00;350;171;57;40;17;779;839
2659;53,84;89,30;0,00;0,00;0,00;0,09;0,00;0,00;268;68;118;27;24;903;439
2660;69,99;187,28;0,00;0,00;0,00;0,19;0,00;0,00;168;12;90;35;37;956;928
2661;48,74;12,73;0,00;0,00;0,00;0,01;0,00;0,00;404;66;45;37;36;538;362
2662;71,40;316,53;0,00;0,00;0,00;0,32;0,00;0,00;369;183;54;38;23;126;421
2663;41,16;-67,16;0,00;0,00;0,00;-0,07;0,00;0,00;228;117;161;15;17;197;500
2664;37,48;-149,24;0,00;0,00;0,00;-0,15;0,00;0,00;273;71;187;17;22;849;366
2665;68,50;172,91;0,00;0,00;0,00;0,17;0,00;0,00;378;45;181;47;36;958;775
2666;53,81;28,26;0,00;0,00;0,00;0,03;0,00;0,00;180;132;31;28;21;903;474
2667;36,38;-290,52;0,00;0,00;0,00;-0,29;0,00;0,00;256;95;189;31;33;757;773
2668;58,37;65,96;0,00;0,00;0,00;0,07;0,00;0,00;267;177;199;41;33;382;609
2669;84,13;261,33;0,00;0,00;0,00;0,26;0,00;0,00;325;98;33;41;22;871;637
2670;43,35;-86,88;0,00;0,00;0,00;-0,09;0,00;0,00;86;10;79;34;21;450;557
2671;68,03;242,01;0,00;0,00;0,00;0,24;0,00;0,00;249;153;11;47;15;153;415
2672;51,80;60,28;0,00;0,00;0,00;0,06;0,00;0,00;423;18;33;11;28;897;850
2673;39,25;-138,12;0,00;0,00;0,00;-0,14;0,00;0,00;139;178;83;19;21;268;701
2674;46,48;17,81;0,00;0,00;0,00;0,02;0,00;0,00;245;115;108;39;23;800;445
2675;30,68;-146,58;0,00;0,00;0,00;-0,15;0,00;0,00;362;85;76;17;25;681;246
2676;45,86;-90,00;0,00;0,00;0,00;-0,09;0,00;0,00;31;170;179;18;20;239;137
2677;35,52;-154,06;0,00;0,00;0,00;-0,15;0,00;0,00;271;91;184;23;22;746;168
2678;37,49;-67,95;0,00;0,00;0,00;-0,07;0,00;0,00;44;197;50;14;38;647;286
2679;67,96;184,80;0,00;0,00;0,00;0,18;0,00;0,00;371;199;136;27;23;708;878
2680;43,84;-23,83;0,00;0,00;0,00;-0,02;0,00;0,00;372;26;50;13;27;569;735
2681;52,25;42,09;0,00;0,00;0,00;0,04;0,00;0,00;227;172;187;34;20;705;429
2682;66,98;166,41;0,00;0,00;0,00;0,17;0,00;0,00;166;144;90;10;24;867;832
2683;65,07;115,39;0,00;0,00;0,00;0,12;0,00;0,00;400;199;170;18;20;646;347
2684;61,38;111,50;0,00;0,00;0,00;0,11;0,00;0,00;253;14;91;17;23;228;109
2685;53,87;66,34;0,00;0,00;0,00;0,07;0,00;0,00;33;76;140;45;17;550;432
2686;43,18;-66,38;0,00;0,00;0,00;-0,07;0,00;0,00;322;56;163;40;30;736;409
2687;71,88;230,33;0,00;0,00;0,00;0,23;0,00;0,00;92;147;189;11;18;144;310
2688;14,42;-363,83;0,00;0,00;0,00;-0,36;0,00;0,00;419;113;65;41;20;880;441
2689;48,10;-35,39;0,00;0,00;0,00;-0,04;0,00;0,00;365;69;18;25;27;764;593
2690;42,64;-25,57;0,00;0,00;0,00;-0,03;0,00;0,00;157;66;79;40;23;515;841
2691;52,20;62,57;0,00;0,00;0,00;0,06;0,00;0,00;188;124;10;42;38;606;637
2692;45,37;-85,54;0,00;0,00;0,00;-0,09;0,00;0,00;16;52;48;38;34;575;697
2693;35,05;-247,65;0,00;0,00;0,00;-0,25;0,00;0,00;174;179;126;45;27;604;970
2694;40,16;-143,27;0,00;0,00;0,00;-0,14;0,00;0,00;107;62;154;25;26;960;515
2695;35,23;-167,65;0,00;0,00;0,00;-0,17;0,00;0,00;196;64;11;46;21;964;474
2696;38,70;-145,32;0,00;0,00;0,00;-0,15;0,00;0,00;131;177;42;28;23;749;307
2697;46,78;-42,93;0,00;0,00;0,00;-0,04;0,00;0,00;309;79;161;15;31;844;401
2698;18,36;-210,06;0,00;0,00;0,00;-0,21;0,00;0,00;433;120;80;24;15;146;278
2699;33,89;-126,50;0,00;0,00;0,00;-0,13;0,00;0,00;13;55;27;11;25;480;317
2700;77,96;337,88;0,00;0,00;0,00;0,34;0,00;0,00;467;164;94;31;23;383;653
2701;31,22;-179,08;0,00;0,00;0,00;-0,18;0,00;0,00;186;74;183;49;15;648;307
2702;58,07;15,67;0,00;0,00;0,00;0,02;0,00;0,00;326;52;83;38;32;205;910
2703;21,92;-279,47;0,00;0,00;0,00;-0,28;0,00;0,00;431;59;73;23;17;479;214
2704;69,53;190,21;0,00;0,00;0,00;0,19;0,00;0,00;145;52;123;43;36;815;926
2705;86,84;444,91;0,00;0,00;0,00;0,44;0,00;0,00;434;99;143;15;17;145;611
2706;55,06;-14,23;0,00;0,00;0,00;-0,01;0,00;0,00;186;137;76;14;28;447;160
2707;66,22;114,28;0,00;0,00;0,00;0,11;0,00;0,00;137;95;120;14;36;731;851
2708;62,99;62,71;0,00;0,00;0,00;0,06;0,00;0,00;175;169;137;23;19;648;914
2709;59,55;51,12;0,00;0,00;0,00;0,05;0,00;0,00;288;168;86;44;29;534;635
2710;36,81;-171,24;0,00;0,00;0,00;-0,17;0,00;0,00;332;16;82;26;33;838;847
2711;66,45;238,72;0,00;0,00;0,00;0,24;0,00;0,00;119;86;172;37;18;785;430
2712;37,69;-92,46;0,00;0,00;0,00;-0,09;0,00;0,00;485;80;161;29;22;592;703
2713;23,92;-274,01;0,00;0,00;0,00;-0,27;0,00;0,00;302;122;100;33;34;329;948
2714;33,85;-116,34;0,00;0,00;0,00;-0,12;0,00;0,00;328;170;32;40;36;279;264
2715;80,09;273,19;0,00;0,00;0,00;0,27;0,00;0,00;172;117;119;22;31;619;295
2716;17,08;-378,12;0,00;0,00;0,00;-0,38;0,00;0,00;299;187;156;19;24;111;311
2717;35,42;-99,35;0,00;0,00;0,00;-0,10;0,00;0,00;195;102;45;35;23;950;713
2718;3,57;-504,87;0,00;0,00;0,00;-0,50;0,00;0,00;219;97;39;19;17;832;566
2719;51,01;17,07;0,00;0,00;0,00;0,02;0,00;0,00;330;114;20;11;16;167;616
2720;64,79;156,48;0,00;0,00;0,00;0,16;0,00;0,00;307;64;101;12;35;392;419
2721;92,58;398,27;0,00;0,00;0,00;0,40;0,00;0,00;263;164;120;13;29;356;471
2722;57,59;-27,90;0,00;0,00;0,00;-0,03;0,00;0,00;37;71;34;43;39;452;108
2723;68,41;216,99;0,00;0,00;0,00;0,22;0,00;0,00;239;198;126;36;30;628;421
2724;70,65;207,15;0,00;0,00;0,00;0,21;0,00;0,00;128;34;61;43;35;861;801
2725;64,72;188,82;0,00;0,00;0,00;0,19;0,00;0,00;18;119;150;23;35;211;535
2726;63,43;109,52;0,00;0,00;0,00;0,11;0,00;0,00;105;55;88;32;28;125;728
2727;63,23;129,32;0,00;0,00;0,00;0,13;0,00;0,00;236;15;70;14;31;867;918
2728;15,20;-343,13;0,00;0,00;0,00;-0,34;0,00;0,00;148;183;121;25;28;728;497
2729;49,57;-91,70;0,00;0,00;0,00;-0,09;0,00;0,00;133;10;44;19;22;848;135
2730;28,14;-211,56;0,00;0,00;0,00;-0,21;0,00;0,00;432;146;59;47;36;758;424
2731;62,86;59,76;0,00;0,00;0,00;0,06;0,00;0,00;412;167;136;39;21;494;935
2732;68,16;161,05;0,00;0,00;0,00;0,16;0,00;0,00;83;173;52;15;15;763;224
2733;24,77;-256,05;0,00;0,00;0,00;-0,26;0,00;0,00;72;158;195;42;16;994;147
2734;54,56;22,71;0,00;0,00;0,00;0,02;0,00;0,00;318;119;96;49;16;495;207
2735;26,66;-116,54;0,00;0,00;0,00;-0,12;0,00;0,00;469;186;152;29;30;483;497
2736;24,90;-266,00;0,00;0,00;0,00;-0,27;0,00;0,00;186;89;115;37;38;438;631
2737;38,08;-159,42;0,00;0,00;0,00;-0,16;0,00;0,00;88;33;110;48;31;820;603
2738;35,66;-121,77;0,00;0,00;0,00;-0,12;0,00;0,00;318;174;151;38;16;245;584
2739;44,83;28,37;0,00;0,00;0,00;0,03;0,00;0,00;323;199;197;17;22;391;615
2740;65,70;161,13;0,00;0,00;0,00;0,16;0,00;0,00;123;50;58;25;32;750;831
2741;42,79;-119,50;0,00;0,00;0,00;-0,12;0,00;0,00;489;130;172;49;21;761;723
2742;67,85;180,21;0,00;0,00;0,00;0,18;0,00;0,00;297;76;47;15;30;458;144
2743;38,22;-129,75;0,00;0,00;0,00;-0,13;0,00;0,00;27;119;35;12;15;890;298
2744;28,03;-89,31;0,00;0,00;0,00;-0,09;0,00;0,00;72;126;117;21;21;732;691
2745;43,99;-49,65;0,00;0,00;0,00;-0,05;0,00;0,00;174;194;75;22;26;675;943
2746;7,12;-403,28;0,00;0,00;0,00;-0,40;0,00;0,00;263;164;73;32;36;358;683
2747;73,76;250,52;0,00;0,00;0,00;0,25;0,00;0,00;381;120;24;43;15;209;827
2748;38,23;-46,14;0,00;0,00;0,00;-0,05;0,00;0,00;188;17;152;21;39;350;861
2749;47,03;-3,75;0,00;0,00;0,00;-0,00;0,00;0,00;360;122;147;14;31;248;356
2750;51,46;70,28;0,00;0,00;0,00;0,07;0,00;0,00;203;113;71;34;36;496;230
2751;51,04;41,33;0,00;0,00;0,00;0,04;0,00;0,00;139;154;32;39;37;307;735
2752;50,40;70,38;0,00;0,00;0,00;0,07;0,00;0,00;199;52;27;34;21;113;391
2753;57,32;72,65;0,00;0,00;0,00;0,07;0,00;0,00;77;115;90;35;15;600;551
2754;50,00;-53,31;0,00;0,00;0,00;-0,05;0,00;0,00;469;171;144;13;17;721;448
2755;64,54;100,73;0,00;0,00;0,00;0,10;0,00;0,00;439;127;38;27;39;790;616
2756;27,32;-170,24;0,00;0,00;0,00;-0,17;0,00;0,00;331;131;39;22;17;263;346
2757;42,11;-47,03;0,00;0,00;0,00;-0,05;0,00;0,00;171;69;194;18;32;983;918
2758;47,51;-56,27;0,00;0,00;0,00;-0,06;0,00;0,00;58;57;117;41;37;672;878
2759;23,06;-376,17;0,00;0,00;0,00;-0,38;0,00;0,00;393;136;58;17;39;797;263
2760;49,37;-37,65;0,00;0,00;0,00;-0,04;0,00;0,00;243;51;168;18;29;762;862
2761;45,33;65,30;0,00;0,00;0,00;0,07;0,00;0,00;33;35;59;15;18;761;334
2762;21,46;-307,44;0,00;0,00;0,00;-0,31;0,00;0,00;79;20;67;41;27;504;715
2763;70,96;200,86;0,00;0,00;0,00;0,20;0,00;0,00;177;10;33;47;33;682;190
2764;47,71;34,99;0,00;0,00;0,00;0,03;0,00;0,00;273;165;26;46;36;371;458
2765;58,60;49,81;0,00;0,00;0,00;0,05;0,00;0,00;41;160;98;18;19;510;463
2766;53,83;56,71;0,00;0,00;0,00;0,06;0,00;0,00;448;159;168;23;39;323;104
2767;55,40;37,10;0,00;0,00;0,00;0,04;0,00;0,00;245;54;79;23;39;815;693
2768;29,75;-164,10;0,00;0,00;0,00;-0,16;0,00;0,00;199;109;192;16;39;829;957
2769;67,08;230,23;0,00;0,00;0,00;0,23;0,00;0,00;486;118;157;38;35;217;999
2770;40,86;-47,84;0,00;0,00;0,00;-0,05;0,00;0,00;26;178;111;45;24;315;343
2771;66,29;100,09;0,00;0,00;0,00;0,10;0,00;0,00;301;126;71;45;22;670;895
2772;74,34;245,87;0,00;0,00;0,00;0,25;0,00;0,00;223;124;58;29;18;434;862
2773;26,23;-279,91;0,00;0,00;0,00;-0,28;0,00;0,00;62;180;194;14;26;514;113
2774;31,36;-202,43;0,00;0,00;0,00;-0,20;0,00;0,00;375;195;178;13;30;796;563
2775;31,55;-237,40;0,00;0,00;0,00;-0,24;0,00;0,00;180;38;15;39;31;220;489
2776;48,18;70,00;0,00;0,00;0,00;0,07;0,00;0,00;200;81;53;28;27;853;135
2777;24,87;-307,30;0,00;0,00;0,00;-0,31;0,00;0,00;410;148;51;12;25;491;953
2778;52,92;38,46;0,00;0,00;0,00;0,04;0,00;0,00;161;140;158;10;35;242;931
2779;57,35;28,02;0,00;0,00;0,00;0,03;0,00;0,00;192;81;88;15;39;398;320
2780;84,90;303,25;0,00;0,00;0,00;0,30;0,00;0,00;168;197;198;14;36;113;282
2781;58,69;12,84;0,00;0,00;0,00;0,01;0,00;0,00;383;181;179;21;31;950;668
2782;31,76;-153,02;0,00;0,00;0,00;-0,15;0,00;0,00;416;158;73;19;23;226;610
2783;53,67;-0,33;0,00;0,00;0,00;-0,00;0,00;0,00;437;42;199;49;16;352;196
2784;48,04;68,83;0,00;0,00;0,00;0,07;0,00;0,00;361;61;152;33;33;708;667
2785;54,81;38,21;0,00;0,00;0,00;0,04;0,00;0,00;137;124;113;34;31;597;853
2786;41,46;-103,83;0,00;0,00;0,00;-0,10;0,00;0,00;485;160;74;18;35;731;621
2787;41,71;-37,29;0,00;0,00;0,00;-0,04;0,00;0,00;222;108;27;41;28;738;861
2788;59,05;145,44;0,00;0,00;0,00;0,15;0,00;0,00;413;176;125;24;22;100;710
2789;33,31;-186,57;0,00;0,00;0,00;-0,19;0,00;0,00;222;157;192;46;20;754;352
2790;45,93;-33,43;0,00;0,00;0,00;-0,03;0,00;0,00;486;164;191;39;24;940;375
2791;49,07;-15,32;0,00;0,00;0,00;-0,02;0,00;0,00;142;123;88;29;36;505;964
2792;25,42;-285,43;0,00;0,00;0,00;-0,29;0,00;0,00;476;111;112;17;15;772;773
2793;54,88;18,34;0,00;0,00;0,00;0,02;0,00;0,00;72;161;67;10;17;577;445
2794;46,95;-84,12;0,00;0,00;0,00;-0,08;0,00;0,00;298;166;110;44;28;827;760
2795;52,96;89,29;0,00;0,00;0,00;0,09;0,00;0,00;196;67;120;29;19;971;233
2796;44,23;-56,42;0,00;0,00;0,00;-0,06;0,00;0,00;65;88;29;13;36;100;351
2797;51,80;77,21;0,00;0,00;0,00;0,08;0,00;0,00;475;155;20;28;38;184;977
2798;66,34;154,65;0,00;0,00;0,00;0,15;0,00;0,00;194;196;84;49;31;995;411
2799;27,22;-295,77;0,00;0,00;0,00;-0,30;0,00;0,00;145;162;194;44;32;804;717
2800;76,67;240,33;0,00;0,00;0,00;0,24;0,00;0,00;165;167;167;14;24;689;569
2801;52,11;-3,69;0,00;0,00;0,00;-0,00;0,00;0,00;399;174;123;15;38;551;606
2802;19,15;-170,66;0,00;0,00;0,00;-0,17;0,00;0,00;278;16;102;24;23;968;485
2803;55,06;133,26;0,00;0,00;0,00;0,13;0,00;0,00;70;64;16;32;15;792;946
2804;57,25;98,39;0,00;0,00;0,00;0,10;0,00;0,00;422;79;118;42;17;191;604
2805;53,45;18,30;0,00;0,00;0,00;0,02;0,00;0,00;201;29;162;39;20;132;455
2806;74,17;188,57;0,00;0,00;0,00;0,19;0,00;0,00;330;116;112;31;17;697;751
2807;28,96;-221,51;0,00;0,00;0,00;-0,22;0,00;0,00;19;81;104;32;25;503;901
2808;67,10;151,27;0,00;0,00;0,00;0,15;0,00;0,00;494;45;141;11;18;957;495
2809;75,58;339,34;0,00;0,00;0,00;0,34;0,00;0,00;119;11;173;44;26;935;589
2810;54,96;103,78;0,00;0,00;0,00;0,10;0,00;0,00;346;146;36;34;21;113;254
2811;67,11;200,85;0,00;0,00;0,00;0,20;0,00;0,00;283;75;84;41;38;662;357
2812;44,23;-89,54;0,00;0,00;0,00;-0,09;0,00;0,00;101;164;63;49;15;827;385
2813;53,55;27,53;0,00;0,00;0,00;0,03;0,00;0,00;225;78;138;13;25;955;432
2814;58,28;194,81;0,00;0,00;0,00;0,19;0,00;0,00;219;174;186;29;28;879;942
2815;60,02;94,83;0,00;0,00;0,00;0,09;0,00;0,00;126;181;54;31;17;799;717
2816;57,30;50,04;0,00;0,00;0,00;0,05;0,00;0,00;394;108;55;23;34;720;136
2817;66,73;173,52;0,00;0,00;0,00;0,17;0,00;0,00;324;134;36;27;16;122;157
2818;50,30;-11,41;0,00;0,00;0,00;-0,01;0,00;0,00;378;23;196;29;29;144;134
2819;55,13;58,19;0,00;0,00;0,00;0,06;0,00;0,00;84;59;199;16;32;412;375
2820;60,41;200,10;0,00;0,00;0,00;0,20;0,00;0,00;470;122;49;46;18;126;804
2821;66,38;97,92;0,00;0,00;0,00;0,10;0,00;0,00;301;17;139;12;38;291;728
2822;32,29;-131,68;0,00;0,00;0,00;-0,13;0,00;0,00;147;53;165;39;24;989;578
2823;57,77;84,31;0,00;0,00;0,00;0,08;0,00;0,00;482;184;155;32;31;297;357
2824;67,64;232,65;0,00;0,00;0,00;0,23;0,00;0,00;324;98;190;40;29;164;485
2825;43,34;-71,26;0,00;0,00;0,00;-0,07;0,00;0,00;300;40;179;18;33;769;610
2826;70,13;179,50;0,00;0,00;0,00;0,18;0,00;0,00;214;60;71;11;17;419;317
2827;61,13;93,95;0,00;0,00;0,00;0,09;0,00;0,00;257;30;47;11;35;978;225
2828;78,81;264,55;0,00;0,00;0,00;0,26;0,00;0,00;383;136;131;29;31;683;363
2829;64,82;138,47;0,00;0,00;0,00;0,14;0,00;0,00;359;89;132;39;34;629;942
2830;12,00;-363,07;0,00;0,00;0,00;-0,36;0,00;0,00;186;73;120;31;36;668;130
2831;43,54;41,58;0,00;0,00;0,00;0,04;0,00;0,00;35;85;147;11;24;167;850
2832;53,52;76,72;0,00;0,00;0,00;0,08;0,00;0,00;31;32;146;17;21;369;787
2833;38,13;-115,58;0,00;0,00;0,00;-0,12;0,00;0,00;360;117;177;42;35;263;305
2834;37,31;-109,78;0,00;0,00;0,00;-0,11;0,00;0,00;416;121;65;28;33;137;922
2835;56,20;46,90;0,00;0,00;0,00;0,05;0,00;0,00;199;35;167;15;34;328;155
2836;52,47;60,11;0,00;0,00;0,00;0,06;0,00;0,00;116;185;119;11;15;927;290
2837;45,69;-26,77;0,00;0,00;0,00;-0,03;0,00;0,00;445;178;185;45;27;649;881
2838;24,31;-337,65;0,00;0,00;0,00;-0,34;0,00;0,00;10;15;23;25;16;229;705
2839;49,57;40,86;0,00;0,00;0,00;0,04;0,00;0,00;324;167;10;11;19;692;927
2840;61,50;131,90;0,00;0,00;0,00;0,13;0,00;0,00;275;68;21;26;30;994;880
2841;26,33;-222,19;0,00;0,00;0,00;-0,22;0,00;0,00;346;61;196;34;35;439;456
2842;57,49;28,94;0,00;0,00;0,00;0,03;0,00;0,00;270;115;119;20;16;891;707
2843;62,19;26,22;0,00;0,00;0,00;0,03;0,00;0,00;159;124;99;44;23;476;967
2844;63,95;91,39;0,00;0,00;0,00;0,09;0,00;0,00;299;180;168;20;24;801;943
2845;52,22;61,76;0,00;0,00;0,00;0,06;0,00;0,00;425;31;41;18;24;790;346
2846;57,56;158,51;0,00;0,00;0,00;0,16;0,00;0,00;251;20;171;17;27;247;993
2847;38,70;-103,89;0,00;0,00;0,00;-0,10;0,00;0,00;318;14;180;46;26;938;106
2848;32,21;-148,85;0,00;0,00;0,00;-0,15;0,00;0,00;464;141;119;31;37;301;414
2849;40,68;-82,85;0,00;0,00;0,00;-0,08;0,00;0,00;298;28;128;34;36;943;966
2850;49,38;-5,33;0,00;0,00;0,00;-0,01;0,00;0,00;435;172;136;42;39;607;352
2851;71,18;216,64;0,00;0,00;0,00;0,22;0,00;0,00;294;173;84;47;30;512;833
2852;57,02;-58,61;0,00;0,00;0,00;-0,06;0,00;0,00;295;172;169;43;28;587;113
2853;45,97;27,80;0,00;0,00;0,00;0,03;0,00;0,00;10;71;59;19;19;837;198
2854;63,28;137,30;0,00;0,00;0,00;0,14;0,00;0,00;162;65;83;26;38;659;400
2855;26,80;-243,57;0,00;0,00;0,00;-0,24;0,00;0,00;64;41;172;48;34;229;644
2856;67,72;145,78;0,00;0,00;0,00;0,15;0,00;0,00;195;126;65;47;34;611;777
2857;48,54;24,11;0,00;0,00;0,00;0,02;0,00;0,00;356;15;125;32;24;202;757
2858;56,89;161,06;0,00;0,00;0,00;0,16;0,00;0,00;250;76;150;47;39;760;627
2859;62,84;86,05;0,00;0,00;0,00;0,09;0,00;0,00;193;154;179;36;25;873;919
2860;68,69;219,82;0,00;0,00;0,00;0,22;0,00;0,00;300;150;27;31;18;319;932
2861;27,87;-254,99;0,00;0,00;0,00;-0,25;0,00;0,00;291;11;113;36;31;509;591
2862;27,87;-282,55;0,00;0,00;0,00;-0,28;0,00;0,00;457;94;101;29;30;534;990
2863;64,32;147,45;0,00;0,00;0,00;0,15;0,00;0,00;409;11;176;19;16;171;119
2864;51,74;51,42;0,00;0,00;0,00;0,05;0,00;0,00;290;36;179;42;32;360;960
2865;77,62;219,56;0,00;0,00;0,00;0,22;0,00;0,00;461;172;191;46;28;417;950
2866;35,40;-171,57;0,00;0,00;0,00;-0,17;0,00;0,00;357;123;128;27;37;988;167
2867;51,79;5,67;0,00;0,00;0,00;0,01;0,00;0,00;204;195;66;27;39;608;512
2868;34,27;-142,40;0,00;0,00;0,00;-0,14;0,00;0,00;193;104;67;37;20;444;870
2869;35,48;-153,44;0,00;0,00;0,00;-0,15;0,00;0,00;437;104;37;13;25;928;265
2870;41,32;-209,06;0,00;0,00;0,00;-0,21;0,00;0,00;497;79;105;22;35;259;608
2871;51,06;6,09;0,00;0,00;0,00;0,01;0,00;0,00;469;105;181;27;34;319;713
2872;70,72;292,00;0,00;0,00;0,00;0,29;0,00;0,00;106;119;188;47;31;249;683
2873;48,77;-17,58;0,00;0,00;0,00;-0,02;0,00;0,00;253;39;52;14;37;520;517
2874;40,79;-123,90;0,00;0,00;0,00;-0,12;0,00;0,00;235;152;176;15;30;797;896
2875;53,31;70,40;0,00;0,00;0,00;0,07;0,00;0,00;364;31;149;17;25;122;192
2876;54,74;15,72;0,00;0,00;0,00;0,02;0,00;0,00;204;27;51;16;27;908;312
2877;78,32;314,39;0,00;0,00;0,00;0,31;0,00;0,00;162;95;180;36;19;892;707
2878;35,42;-71,99;0,00;0,00;0,00;-0,07;0,00;0,00;112;38;73;16;34;157;355
2879;30,58;-172,99;0,00;0,00;0,00;-0,17;0,00;0,00;381;175;136;33;31;497;489
2880;52,06;1,74;0,00;0,00;0,00;0,00;0,00;0,00;161;18;16;40;18;682;506
2881;8,01;-335,69;0,00;0,00;0,00;-0,34;0,00;0,00;330;133;48;22;16;367;202
2882;45,23;-69,72;0,00;0,00;0,00;-0,07;0,00;0,00;493;53;30;40;35;950;409
2883;72,74;239,19;0,00;0,00;0,00;0,24;0,00;0,00;40;114;78;11;34;407;968
2884;98,47;541,90;0,00;0,00;0,00;0,54;0,00;0,00;463;151;65;44;25;307;776
2885;60,06;59,04;0,00;0,00;0,00;0,06;0,00;0,00;147;142;20;12;24;177;494
2886;79,53;330,61;0,00;0,00;0,00;0,33;0,00;0,00;84;117;11;13;34;346;363
2887;35,85;-74,84;0,00;0,00;0,00;-0,07;0,00;0,00;327;100;81;24;25;568;773
2888;42,24;-91,61;0,00;0,00;0,00;-0,09;0,00;0,00;37;36;79;39;15;273;534
2889;34,85;-206,46;0,00;0,00;0,00;-0,21;0,00;0,00;492;196;169;38;27;919;935
2890;21,44;-276,06;0,00;0,00;0,00;-0,28;0,00;0,00;158;193;183;44;35;856;689
2891;44,27;-49,42;0,00;0,00;0,00;-0,05;0,00;0,00;203;43;114;33;27;370;219
2892;62,04;58,31;0,00;0,00;0,00;0,06;0,00;0,00;409;183;160;35;28;390;224
2893;86,23;368,37;0,00;0,00;0,00;0,37;0,00;0,00;432;49;163;47;29;548;484
2894;45,24;-94,45;0,00;0,00;0,00;-0,09;0,00;0,00;80;113;40;20;25;773;474
2895;75,20;312,83;0,00;0,00;0,00;0,31;0,00;0,00;252;97;14;34;17;174;570
2896;50,04;1,16;0,00;0,00;0,00;0,00;0,00;0,00;251;37;86;27;22;783;705
2897;67,13;126,71;0,00;0,00;0,00;0,13;0,00;0,00;352;165;35;46;19;338;196
2898;77,67;278,86;0,00;0,00;0,00;0,28;0,00;0,00;46;72;111;25;25;796;353
2899;45,77;-19,77;0,00;0,00;0,00;-0,02;0,00;0,00;277;113;187;49;38;454;223
2900;54,46;45,21;0,00;0,00;0,00;0,05;0,00;0,00;307;74;25;12;16;499;288
2901;35,13;-185,38;0,00;0,00;0,00;-0,19;0,00;0,00;308;61;197;40;29;293;889
2902;60,07;129,53;0,00;0,00;0,00;0,13;0,00;0,00;285;152;161;18;29;284;268
2903;56,51;62,20;0,00;0,00;0,00;0,06;0,00;0,00;88;181;166;32;15;750;816
2904;71,73;274,59;0,00;0,00;0,00;0,27;0,00;0,00;428;36;31;16;16;122;439
2905;58,66;92,04;0,00;0,00;0,00;0,09;0,00;0,00;208;198;181;25;39;733;682
2906;74,61;268,38;0,00;0,00;0,00;0,27;0,00;0,00;306;180;174;49;28;488;890
2907;34,75;-183,63;0,00;0,00;0,00;-0,18;0,00;0,00;329;80;119;12;24;579;605
2908;35,33;-206,79;0,00;0,00;0,00;-0,21;0,00;0,00;398;174;98;43;25;754;241
2909;40,54;-98,82;0,00;0,00;0,00;-0,10;0,00;0,00;279;130;173;27;33;773;284
2910;64,29;98,96;0,00;0,00;0,00;0,10;0,00;0,00;294;110;63;48;31;379;501
2911;65,23;138,93;0,00;0,00;0,00;0,14;0,00;0,00;135;60;165;27;31;937;732
2912;38,94;-14,03;0,00;0,00;0,00;-0,01;0,00;0,00;248;197;151;25;19;576;639
2913;64,75;172,72;0,00;0,00;0,00;0,17;0,00;0,00;191;18;123;10;34;451;974
2914;34,75;-187,97;0,00;0,00;0,00;-0,19;0,00;0,00;106;196;17;44;27;951;619
2915;58,39;174,51;0,00;0,00;0,00;0,17;0,00;0,00;370;141;175;26;39;355;870
2916;35,79;-155,77;0,00;0,00;0,00;-0,16;0,00;0,00;445;182;187;45;31;999;621
2917;63,24;158,53;0,00;0,00;0,00;0,16;0,00;0,00;274;114;130;17;28;636;835
2918;45,99;18,43;0,00;0,00;0,00;0,02;0,00;0,00;57;41;69;27;23;562;857
2919;25,30;-241,46;0,00;0,00;0,00;-0,24;0,00;0,00;250;179;186;10;28;119;602
2920;32,89;-242,36;0,00;0,00;0,00;-0,24;0,00;0,00;486;176;145;31;17;656;584
2921;47,11;-66,17;0,00;0,00;0,00;-0,07;0,00;0,00;458;90;186;42;18;931;772
2922;45,49;17,86;0,00;0,00;0,00;0,02;0,00;0,00;342;186;99;22;35;167;102
2923;35,53;-166,85;0,00;0,00;0,00;-0,17;0,00;0,00;271;97;129;12;33;450;671
2924;37,86;-152,92;0,00;0,00;0,00;-0,15;0,00;0,00;283;153;134;22;23;610;962
2925;47,58;-14,42;0,00;0,00;0,00;-0,01;0,00;0,00;35;98;86;27;33;675;300
2926;53,73;51,23;0,00;0,00;0,00;0,05;0,00;0,00;181;68;88;19;16;107;249
2927;67,98;153,55;0,00;0,00;0,00;0,15;0,00;0,00;148;14;158;22;22;916;776
2928;70,08;248,99;0,00;0,00;0,00;0,25;0,00;0,00;243;88;143;32;18;825;684
2929;62,76;100,77;0,00;0,00;0,00;0,10;0,00;0,00;384;154;35;48;33;830;818
2930;68,92;202,91;0,00;0,00;0,00;0,20;0,00;0,00;298;138;199;19;24;315;788
2931;76,58;309,13;0,00;0,00;0,00;0,31;0,00;0,00;328;191;179;32;21;463;495
2932;51,34;26,47;0,00;0,00;0,00;0,03;0,00;0,00;481;108;157;12;31;106;860
2933;59,97;114,25;0,00;0,00;0,00;0,11;0,00;0,00;56;96;126;39;34;287;381
2934;22,18;-233,02;0,00;0,00;0,00;-0,23;0,00;0,00;225;68;136;10;20;728;975
2935;52,99;15,07;0,00;0,00;0,00;0,02;0,00;0,00;153;175;141;22;28;977;302
2936;76,10;261,96;0,00;0,00;0,00;0,26;0,00;0,00;397;11;178;23;38;136;678
2937;56,97;66,34;0,00;0,00;0,00;0,07;0,00;0,00;338;65;157;45;24;747;214
2938;74,62;240,87;0,00;0,00;0,00;0,24;0,00;0,00;80;93;40;29;18;454;267
2939;45,80;-35,48;0,00;0,00;0,00;-0,04;0,00;0,00;283;43;134;15;16;864;602
2940;55,98;30,39;0,00;0,00;0,00;0,03;0,00;0,00;191;65;161;19;37;916;851
2941;40,03;-76,60;0,00;0,00;0,00;-0,08;0,00;0,00;122;25;176;35;33;731;468
2942;64,70;136,39;0,00;0,00;0,00;0,14;0,00;0,00;24;173;146;45;29;836;668
2943;47,53;56,09;0,00;0,00;0,00;0,06;0,00;0,00;474;167;108;31;24;226;849
2944;74,73;184,86;0,00;0,00;0,00;0,18;0,00;0,00;218;55;154;22;26;314;532
2945;54,71;-65,58;0,00;0,00;0,00;-0,07;0,00;0,00;441;28;113;29;38;119;272
2946;81,25;377,65;0,00;0,00;0,00;0,38;0,00;0,00;163;153;182;31;35;224;184
2947;46,85;-71,05;0,00;0,00;0,00;-0,07;0,00;0,00;478;75;176;13;25;250;405
2948;58,28;198,09;0,00;0,00;0,00;0,20;0,00;0,00;47;169;31;10;39;880;366
2949;60,28;-13,74;0,00;0,00;0,00;-0,01;0,00;0,00;436;88;195;33;19;442;947
2950;34,56;-121,36;0,00;0,00;0,00;-0,12;0,00;0,00;464;44;115;31;27;598;709
2951;44,05;-56,80;0,00;0,00;0,00;-0,06;0,00;0,00;352;128;191;27;23;224;580
2952;44,86;-111,79;0,00;0,00;0,00;-0,11;0,00;0,00;61;166;122;24;35;840;184
2953;69,37;196,18;0,00;0,00;0,00;0,20;0,00;0,00;42;115;91;42;19;537;777
2954;18,60;-267,18;0,00;0,00;0,00;-0,27;0,00;0,00;284;121;35;47;31;352;758
2955;47,10;-101,29;0,00;0,00;0,00;-0,10;0,00;0,00;166;173;124;22;36;364;232
2956;13,00;-382,60;0,00;0,00;0,00;-0,38;0,00;0,00;476;141;196;38;22;463;686
2957;59,86;107,48;0,00;0,00;0,00;0,11;0,00;0,00;43;10;69;43;33;937;412
2958;67,64;139,90;0,00;0,00;0,00;0,14;0,00;0,00;235;163;93;16;22;916;632
2959;55,68;86,21;0,00;0,00;0,00;0,09;0,00;0,00;336;119;30;46;39;168;229
2960;73,22;260,19;0,00;0,00;0,00;0,26;0,00;0,00;201;191;55;39;24;525;837
2961;26,69;-285,67;0,00;0,00;0,00;-0,29;0,00;0,00;47;111;58;38;38;903;730
2962;31,97;-159,63;0,00;0,00;0,00;-0,16;0,00;0,00;376;102;71;28;20;443;108
2963;37,20;-93,83;0,00;0,00;0,00;-0,09;0,00;0,00;352;37;47;29;29;927;708
2964;56,79;124,18;0,00;0,00;0,00;0,12;0,00;0,00;130;26;16;19;20;900;958
2965;58,48;96,81;0,00;0,00;0,00;0,10;0,00;0,00;29;142;127;10;29;962;416
2966;49,82;-0,18;0,00;0,00;0,00;-0,00;0,00;0,00;250;185;175;20;38;629;783
2967;27,07;-235,40;0,00;0,00;0,00;-0,24;0,00;0,00;19;184;82;37;27;493;237
2968;49,84;1,00;0,00;0,00;0,00;0,00;0,00;0,00;345;117;77;30;38;900;427
2969;27,88;-204,23;0,00;0,00;0,00;-0,20;0,00;0,00;257;13;106;31;20;525;112
2970;35,00;-96,90;0,00;0,00;0,00;-0,10;0,00;0,00;78;102;119;29;31;249;585
2971;64,80;204,39;0,00;0,00;0,00;0,20;0,00;0,00;215;31;88;28;32;138;817
2972;63,91;142,97;0,00;0,00;0,00;0,14;0,00;0,00;454;65;162;49;21;622;367
2973;70,75;311,29;0,00;0,00;0,00;0,31;0,00;0,00;284;48;77;34;18;410;511
2974;35,27;-112,53;0,00;0,00;0,00;-0,11;0,00;0,00;141;107;176;42;23;530;927
2975;24,88;-183,93;0,00;0,00;0,00;-0,18;0,00;0,00;326;104;45;33;21;962;683
2976;58,73;123,44;0,00;0,00;0,00;0,12;0,00;0,00;435;174;51;26;37;333;716
2977;16,83;-333,14;0,00;0,00;0,00;-0,33;0,00;0,00;259;60;38;23;27;358;274
2978;75,62;240,56;0,00;0,00;0,00;0,24;0,00;0,00;288;178;155;18;39;238;971
2979;29,97;-205,09;0,00;0,00;0,00;-0,21;0,00;0,00;310;179;11;18;23;320;488
2980;17,43;-293,82;0,00;0,00;0,00;-0,29;0,00;0,00;21;28;94;34;31;986;263
2981;44,42;4,87;0,00;0,00;0,00;0,00;0,00;0,00;121;31;86;18;26;929;667
2982;50,03;17,18;0,00;0,00;0,00;0,02;0,00;0,00;272;34;178;47;39;572;428
2983;64,69;243,26;0,00;0,00;0,00;0,24;0,00;0,00;378;59;120;16;19;387;813
2984;46,79;-89,25;0,00;0,00;0,00;-0,09;0,00;0,00;25;154;181;19;38;804;666
2985;69,54;290,80;0,00;0,00;0,00;0,29;0,00;0,00;32;122;52;25;29;781;706
2986;68,63;154,47;0,00;0,00;0,00;0,15;0,00;0,00;119;131;34;41;38;205;661
2987;60,43;48,34;0,00;0,00;0,00;0,05;0,00;0,00;195;196;53;10;16;822;445
2988;25,68;-276,18;0,00;0,00;0,00;-0,28;0,00;0,00;410;101;77;40;29;916;357
2989;47,44;-22,30;0,00;0,00;0,00;-0,02;0,00;0,00;449;118;76;17;29;536;775
2990;43,54;-47,70;0,00;0,00;0,00;-0,05;0,00;0,00;413;151;60;49;38;924;741
2991;76,42;173,52;0,00;0,00;0,00;0,17;0,00;0,00;260;90;77;33;36;516;459
2992;64,23;145,36;0,00;0,00;0,00;0,15;0,00;0,00;436;46;191;30;23;466;681
2993;65,40;124,00;0,00;0,00;0,00;0,12;0,00;0,00;157;83;145;21;23;735;921
2994;36,33;-208,85;0,00;0,00;0,00;-0,21;0,00;0,00;165;174;126;35;22;871;610
2995;79,74;374,46;0,00;0,00;0,00;0,37;0,00;0,00;113;90;51;20;19;743;821
2996;48,88;-2,97;0,00;0,00;0,00;-0,00;0,00;0,00;38;108;28;30;27;688;985
2997;36,10;-188,22;0,00;0,00;0,00;-0,19;0,00;0,00;326;185;162;35;21;249;432
2998;97,84;355,45;0,00;0,00;0,00;0,36;0,00;0,00;83;139;85;28;38;596;615
2999;28,60;-170,84;0,00;0,00;0,00;-0,17;0,00;0,00;90;30;11;14;21;346;705
3000;48,35;5,07;0,00;0,00;0,00;0,01;0,00;0,00;125;132;123;10;27;409;566
3001;41,79;-101,82;0,00;0,00;0,00;-0,10;0,00;0,00;52;124;44;46;31;883;243
3002;30,85;-209,13;0,00;0,00;0,00;-0,21;0,00;0,00;372;40;122;45;22;482;469
3003;41,89;-65,68;0,00;0,00;0,00;-0,07;0,00;0,00;31;195;164;46;28;799;678
3004;38,76;-48,28;0,00;0,00;0,00;-0,05;0,00;0,00;93;162;111;24;28;209;533
3005;45,02;-16,34;0,00;0,00;0,00;-0,02;0,00;0,00;165;104;33;12;35;938;136
3006;49,15;4,96;0,00;0,00;0,00;0,00;0,00;0,00;479;35;60;21;16;893;829
3007;47,52;-28,02;0,00;0,00;0,00;-0,03;0,00;0,00;204;189;161;43;21;280;109
3008;60,35;115,48;0,00;0,00;0,00;0,12;0,00;0,00;443;43;40;36;21;869;449
3009;41,52;-141,00;0,00;0,00;0,00;-0,14;0,00;0,00;436;123;108;28;39;144;889
3010;66,88;134,81;0,00;0,00;0,00;0,13;0,00;0,00;326;45;38;20;38;254;330
3011;48,68;7,51;0,00;0,00;0,00;0,01;0,00;0,00;357;127;191;37;23;428;148
3012;38,95;-129,45;0,00;0,00;0,00;-0,13;0,00;0,00;321;140;40;20;20;453;962
3013;71,60;279,50;0,00;0,00;0,00;0,28;0,00;0,00;355;68;82;18;23;831;247
3014;40,02;-121,87;0,00;0,00;0,00;-0,12;0,00;0,00;226;91;91;22;19;673;194
3015;49,22;-21,19;0,00;0,00;0,00;-0,02;0,00;0,00;227;180;181;15;19;230;279
3016;26,95;-257,41;0,00;0,00;0,00;-0,26;0,00;0,00;221;173;133;41;16;113;546
3017;69,16;155,82;0,00;0,00;0,00;0,16;0,00;0,00;88;160;126;23;38;332;372
3018;48,53;-71,44;0,00;0,00;0,00;-0,07;0,00;0,00;284;27;48;47;18;614;602
3019;75,69;293,10;0,00;0,00;0,00;0,29;0,00;0,00;252;83;96;27;35;847;413
3020;48,57;38,79;0,00;0,00;0,00;0,04;0,00;0,00;248;161;34;42;16;814;170
3021;76,12;298,47;0,00;0,00;0,00;0,30;0,00;0,00;384;66;107;45;27;580;153
3022;71,72;325,65;0,00;0,00;0,00;0,33;0,00;0,00;301;109;106;25;21;861;974
3023;47,82;-48,28;0,00;0,00;0,00;-0,05;0,00;0,00;325;75;84;22;35;664;440
3024;19,73;-223,70;0,00;0,00;0,00;-0,22;0,00;0,00;179;173;93;35;22;644;680
3025;65,32;41,66;0,00;0,00;0,00;0,04;0,00;0,00;250;43;21;28;35;165;198
3026;46,89;-103,55;0,00;0,00;0,00;-0,10;0,00;0,00;439;145;38;28;32;606;769
3027;34,58;-48,26;0,00;0,00;0,00;-0,05;0,00;0,00;73;99;145;49;26;589;365
3028;15,91;-303,35;0,00;0,00;0,00;-0,30;0,00;0,00;130;131;36;45;37;303;703
3029;36,52;-116,36;0,00;0,00;0,00;-0,12;0,00;0,00;261;25;17;28;24;385;848
3030;66,53;172,61;0,00;0,00;0,00;0,17;0,00;0,00;486;18;47;11;17;174;720
3031;34,34;-227,54;0,00;0,00;0,00;-0,23;0,00;0,00;486;157;30;32;34;257;318
3032;48,98;-25,47;0,00;0,00;0,00;-0,03;0,00;0,00;433;149;60;29;38;590;283
3033;49,06;-61,24;0,00;0,00;0,00;-0,06;0,00;0,00;466;176;105;40;25;455;907
3034;58,00;72,94;0,00;0,00;0,00;0,07;0,00;0,00;253;70;66;40;38;213;736
3035;67,56;120,47;0,00;0,00;0,00;0,12;0,00;0,00;482;18;165;23;38;505;626
3036;55,57;85,68;0,00;0,00;0,00;0,09;0,00;0,00;304;47;104;15;24;421;227
3037;83,97;331,97;0,00;0,00;0,00;0,33;0,00;0,00;247;67;72;26;18;355;887
3038;35,93;-201,49;0,00;0,00;0,00;-0,20;0,00;0,00;23;121;71;27;33;196;132
3039;69,91;157,46;0,00;0,00;0,00;0,16;0,00;0,00;493;170;184;35;36;876;290
3040;62,68;62,85;0,00;0,00;0,00;0,06;0,00;0,00;128;47;178;33;34;395;898
3041;53,04;139,39;0,00;0,00;0,00;0,14;0,00;0,00;200;141;135;19;38;925;433
3042;67,66;312,47;0,00;0,00;0,00;0,31;0,00;0,00;67;67;167;40;33;905;417
3043;40,63;-122,78;0,00;0,00;0,00;-0,12;0,00;0,00;330;151;100;33;27;321;413
3044;41,03;-86,57;0,00;0,00;0,00;-0,09;0,00;0,00;85;75;182;31;35;596;794
3045;44,24;-142,94;0,00;0,00;0,00;-0,14;0,00;0,00;166;29;43;27;26;692;965
3046;48,11;-10,28;0,00;0,00;0,00;-0,01;0,00;0,00;393;53;174;17;34;398;161
3047;57,41;99,20;0,00;0,00;0,00;0,10;0,00;0,00;301;18;35;28;21;374;758
3048;61,81;90,89;0,00;0,00;0,00;0,09;0,00;0,00;250;112;115;29;26;129;502
3049;46,95;-1,08;0,00;0,00;0,00;-0,00;0,00;0,00;133;117;191;26;28;135;634
3050;37,03;-170,37;0,00;0,00;0,00;-0,17;0,00;0,00;475;26;175;47;19;618;907
3051;46,97;-65,75;0,00;0,00;0,00;-0,07;0,00;0,00;347;139;92;38;35;949;303
3052;70,59;163,80;0,00;0,00;0,00;0,16;0,00;0,00;132;117;103;17;39;380;530
3053;64,36;119,50;0,00;0,00;0,00;0,12;0,00;0,00;284;102;109;29;27;558;406
3054;46,91;-70,96;0,00;0,00;0,00;-0,07;0,00;0,00;34;21;56;19;23;151;208
3055;59,90;145,10;0,00;0,00;0,00;0,15;0,00;0,00;29;95;39;25;35;302;803
3056;41,34;-113,13;0,00;0,00;0,00;-0,11;0,00;0,00;111;18;139;25;30;110;722
3057;31,51;-143,79;0,00;0,00;0,00;-0,14;0,00;0,00;42;23;104;33;23;534;670
3058;55,13;48,93;0,00;0,00;0,00;0,05;0,00;0,00;203;30;182;23;26;937;852
3059;53,81;-82,28;0,00;0,00;0,00;-0,08;0,00;0,00;235;60;164;39;27;821;871
3060;45,38;-29,24;0,00;0,00;0,00;-0,03;0,00;0,00;336;31;81;48;32;110;836
3061;20,18;-371,42;0,00;0,00;0,00;-0,37;0,00;0,00;272;196;35;43;36;841;360
3062;41,14;-37,90;0,00;0,00;0,00;-0,04;0,00;0,00;449;98;95;29;26;215;115
3063;39,34;-144,43;0,00;0,00;0,00;-0,14;0,00;0,00;489;153;15;36;29;822;705
3064;37,10;-132,80;0,00;0,00;0,00;-0,13;0,00;0,00;195;85;113;49;27;829;890
3065;48,89;46,83;0,00;0,00;0,00;0,05;0,00;0,00;105;143;195;14;19;468;748
3066;43,44;-13,46;0,00;0,00;0,00;-0,01;0,00;0,00;53;117;180;21;32;714;622
3067;47,70;-97,84;0,00;0,00;0,00;-0,10;0,00;0,00;383;51;147;43;27;197;783
3068;65,62;53,35;0,00;0,00;0,00;0,05;0,00;0,00;351;89;186;33;21;867;806
3069;26,71;-245,32;0,00;0,00;0,00;-0,25;0,00;0,00;205;112;122;35;32;776;540
3070;66,78;70,98;0,00;0,00;0,00;0,07;0,00;0,00;454;164;90;10;23;413;919
3071;37,21;-72,11;0,00;0,00;0,00;-0,07;0,00;0,00;272;82;163;21;39;682;695
3072;60,09;86,09;0,00;0,00;0,00;0,09;0,00;0,00;478;168;24;18;31;786;882
3073;66,53;233,59;0,00;0,00;0,00;0,23;0,00;0,00;302;97;188;17;21;285;845
3074;45,65;-9,12;0,00;0,00;0,00;-0,01;0,00;0,00;347;73;82;46;30;654;627
3075;90,16;437,99;0,00;0,00;0,00;0,44;0,00;0,00;312;132;91;12;32;940;348
3076;80,13;281,40;0,00;0,00;0,00;0,28;0,00;0,00;36;180;21;42;21;627;669
3077;71,87;165,05;0,00;0,00;0,00;0,17;0,00;0,00;475;65;107;38;24;910;715
3078;51,06;-60,29;0,00;0,00;0,00;-0,06;0,00;0,00;274;90;104;34;23;747;723
3079;33,57;-114,39;0,00;0,00;0,00;-0,11;0,00;0,00;267;95;153;49;18;781;749
3080;51,38;25,48;0,00;0,00;0,00;0,03;0,00;0,00;429;75;13;39;34;425;609
3081;51,39;35,32;0,00;0,00;0,00;0,04;0,00;0,00;337;50;24;17;19;613;225
3082;27,69;-242,52;0,00;0,00;0,00;-0,24;0,00;0,00;479;47;21;14;30;766;296
3083;45,76;-40,84;0,00;0,00;0,00;-0,04;0,00;0,00;95;20;31;32;15;404;846
3084;27,54;-276,31;0,00;0,00;0,00;-0,28;0,00;0,00;247;188;153;14;36;247;566
3085;74,11;167,31;0,00;0,00;0,00;0,17;0,00;0,00;182;195;71;23;21;829;655
3086;60,30;160,10;0,00;0,00;0,00;0,16;0,00;0,00;252;13;167;22;24;905;604
3087;59,08;110,77;0,00;0,00;0,00;0,11;0,00;0,00;28;30;118;25;23;541;687
3088;23,91;-208,08;0,00;0,00;0,00;-0,21;0,00;0,00;17;192;153;21;31;293;624
3089;80,36;267,69;0,00;0,00;0,00;0,27;0,00;0,00;152;44;108;43;16;358;232
3090;17,39;-335,82;0,00;0,00;0,00;-0,34;0,00;0,00;79;127;40;38;32;559;449
3091;49,25;-1,26;0,00;0,00;0,00;-0,00;0,00;0,00;470;14;72;19;15;442;588
3092;39,53;-119,90;0,00;0,00;0,00;-0,12;0,00;0,00;80;196;87;42;35;101;144
3093;58,23;109,45;0,00;0,00;0,00;0,11;0,00;0,00;195;98;131;30;38;838;234
3094;16,49;-271,17;0,00;0,00;0,00;-0,27;0,00;0,00;460;53;132;45;15;273;801
3095;47,25;-95,82;0,00;0,00;0,00;-0,10;0,00;0,00;250;147;95;30;29;497;902
3096;70,46;108,58;0,00;0,00;0,00;0,11;0,00;0,00;220;169;15;20;25;100;364
3097;68,72;148,52;0,00;0,00;0,00;0,15;0,00;0,00;196;73;132;17;30;503;322
3098;62,83;99,31;0,00;0,00;0,00;0,10;0,00;0,00;322;106;24;34;37;824;534
3099;36,11;-129,63;0,00;0,00;0,00;-0,13;0,00;0,00;28;65;55;48;28;498;971
3100;55,92;75,51;0,00;0,00;0,00;0,08;0,00;0,00;47;68;157;18;38;844;584
3101;51,98;-37,91;0,00;0,00;0,00;-0,04;0,00;0,00;135;142;40;18;20;170;419
3102;36,91;-104,43;0,00;0,00;0,00;-0,10;0,00;0,00;459;76;27;38;37;452;647
3103;41,15;-135,43;0,00;0,00;0,00;-0,14;0,00;0,00;338;88;184;29;34;663;744
3104;47,83;-33,40;0,00;0,00;0,00;-0,03;0,00;0,00;52;62;130;12;36;185;374
3105;59,90;96,34;0,00;0,00;0,00;0,10;0,00;0,00;278;179;80;28;23;209;199
3106;40,83;-12,91;0,00;0,00;0,00;-0,01;0,00;0,00;408;55;62;22;24;967;173
3107;73,87;331,19;0,00;0,00;0,00;0,33;0,00;0,00;111;24;153;23;32;105;917
3108;50,15;-50,58;0,00;0,00;0,00;-0,05;0,00;0,00;196;179;156;15;24;754;639
3109;34,83;-165,92;0,00;0,00;0,00;-0,17;0,00;0,00;281;13;112;49;21;366;901
3110;35,30;-215,70;0,00;0,00;0,00;-0,22;0,00;0,00;200;117;152;49;21;404;848
3111;48,90;-51,74;0,00;0,00;0,00;-0,05;0,00;0,00;176;128;149;48;17;768;474
3112;47,52;-18,74;0,00;0,00;0,00;-0,02;0,00;0,00;154;127;145;33;26;683;805
3113;56,29;133,81;0,00;0,00;0,00;0,13;0,00;0,00;123;72;15;25;37;684;129
3114;60,20;43,68;0,00;0,00;0,00;0,04;0,00;0,00;415;121;151;18;15;938;564
3115;59,93;167,71;0,00;0,00;0,00;0,17;0,00;0,00;16;98;16;34;24;729;498
3116;45,40;32,84;0,00;0,00;0,00;0,03;0,00;0,00;388;21;128;40;37;380;998
3117;61,71;135,63;0,00;0,00;0,00;0,14;0,00;0,00;10;187;186;23;32;134;193
3118;30,94;-199,31;0,00;0,00;0,00;-0,20;0,00;0,00;486;118;152;20;29;839;845
3119;65,99;154,22;0,00;0,00;0,00;0,15;0,00;0,00;323;168;56;17;32;387;969
3120;52,07;-36,73;0,00;0,00;0,00;-0,04;0,00;0,00;125;111;163;49;27;561;318
3121;60,50;107,85;0,00;0,00;0,00;0,11;0,00;0,00;198;130;182;34;24;793;837
3122;42,40;-66,48;0,00;0,00;0,00;-0,07;0,00;0,00;113;129;23;26;33;854;664
3123;68,66;181,20;0,00;0,00;0,00;0,18;0,00;0,00;141;12;28;26;25;862;320
3124;48,88;-73,21;0,00;0,00;0,00;-0,07;0,00;0,00;337;167;114;19;32;369;621
3125;43,87;-37,04;0,00;0,00;0,00;-0,04;0,00;0,00;363;61;106;39;35;312;114
3126;65,66;136,45;0,00;0,00;0,00;0,14;0,00;0,00;240;176;118;34;23;668;875
3127;23,64;-222,99;0,00;0,00;0,00;-0,22;0,00;0,00;483;160;11;38;23;934;985
3128;79,30;259,29;0,00;0,00;0,00;0,26;0,00;0,00;231;29;52;32;33;672;714
3129;79,01;311,37;0,00;0,00;0,00;0,31;0,00;0,00;301;35;141;48;16;694;676
3130;61,59;92,95;0,00;0,00;0,00;0,09;0,00;0,00;462;92;128;14;22;870;505
3131;23,92;-231,02;0,00;0,00;0,00;-0,23;0,00;0,00;483;186;157;20;22;812;728
3132;58,06;59,67;0,00;0,00;0,00;0,06;0,00;0,00;195;148;170;49;16;564;769
3133;43,28;51,15;0,00;0,00;0,00;0,05;0,00;0,00;471;139;123;14;34;851;641
3134;30,94;-213,84;0,00;0,00;0,00;-0,21;0,00;0,00;457;88;75;19;39;332;449
3135;48,81;-81,01;0,00;0,00;0,00;-0,08;0,00;0,00;241;79;75;38;30;632;301
3136;66,49;162,55;0,00;0,00;0,00;0,16;0,00;0,00;294;58;48;44;20;295;884
3137;51,21;61,73;0,00;0,00;0,00;0,06;0,00;0,00;353;87;169;24;16;754;351
3138;34,48;-221,73;0,00;0,00;0,00;-0,22;0,00;0,00;338;101;81;20;33;149;980
3139;37,78;-78,65;0,00;0,00;0,00;-0,08;0,00;0,00;54;170;91;47;35;398;893
3140;76,54;327,87;0,00;0,00;0,00;0,33;0,00;0,00;431;177;196;13;17;140;317
3141;71,29;138,64;0,00;0,00;0,00;0,14;0,00;0,00;43;121;80;17;24;121;376
3142;40,98;-75,94;0,00;0,00;0,00;-0,08;0,00;0,00;207;49;75;34;23;466;704
3143;8,15;-437,17;0,00;0,00;0,00;-0,44;0,00;0,00;438;91;199;28;18;168;252
3144;57,86;-52,87;0,00;0,00;0,00;-0,05;0,00;0,00;296;149;126;17;28;293;638
3145;71,94;244,94;0,00;0,00;0,00;0,24;0,00;0,00;93;32;14;30;16;470;587
3146;46,45;-110,44;0,00;0,00;0,00;-0,11;0,00;0,00;316;105;154;42;22;983;776
3147;17,33;-372,30;0,00;0,00;0,00;-0,37;0,00;0,00;349;172;162;19;26;830;561
3148;64,62;103,26;0,00;0,00;0,00;0,10;0,00;0,00;444;198;103;47;24;934;258
3149;41,52;-69,24;0,00;0,00;0,00;-0,07;0,00;0,00;56;165;94;33;16;870;899
3150;51,63;69,55;0,00;0,00;0,00;0,07;0,00;0,00;201;190;88;24;22;764;497
3151;68,62;240,53;0,00;0,00;0,00;0,24;0,00;0,00;361;152;189;37;20;957;212
3152;61,85;144,67;0,00;0,00;0,00;0,14;0,00;0,00;47;15;73;29;26;249;680
3153;33,10;-204,45;0,00;0,00;0,00;-0,20;0,00;0,00;46;97;184;22;36;599;479
3154;55,79;4,15;0,00;0,00;0,00;0,00;0,00;0,00;31;177;100;16;23;792;692
3155;24,87;-218,54;0,00;0,00;0,00;-0,22;0,00;0,00;21;40;164;30;24;853;274
3156;59,89;130,03;0,00;0,00;0,00;0,13;0,00;0,00;374;128;102;36;17;794;783
3157;65,59;251,63;0,00;0,00;0,00;0,25;0,00;0,00;34;76;28;23;22;852;109
3158;36,24;-111,94;0,00;0,00;0,00;-0,11;0,00;0,00;263;138;80;26;26;443;471
3159;73,39;259,47;0,00;0,00;0,00;0,26;0,00;0,00;347;178;67;47;36;784;947
3160;64,67;138,12;0,00;0,00;0,00;0,14;0,00;0,00;141;167;81;37;28;707;493
3161;67,80;204,66;0,00;0,00;0,00;0,20;0,00;0,00;38;28;53;15;30;762;412
3162;29,77;-233,21;0,00;0,00;0,00;-0,23;0,00;0,00;382;77;51;14;18;508;529
3163;57,49;142,24;0,00;0,00;0,00;0,14;0,00;0,00;151;90;142;36;28;314;389
3164;43,40;-105,95;0,00;0,00;0,00;-0,11;0,00;0,00;193;164;114;17;21;515;131
3165;64,45;249,41;0,00;0,00;0,00;0,25;0,00;0,00;439;23;44;48;33;817;732
3166;50,83;-126,74;0,00;0,00;0,00;-0,13;0,00;0,00;112;59;158;10;27;708;116
3167;49,86;10,68;0,00;0,00;0,00;0,01;0,00;0,00;311;38;33;21;18;328;853
3168;63,93;166,73;0,00;0,00;0,00;0,17;0,00;0,00;448;57;91;37;38;779;362
3169;49,75;84,41;0,00;0,00;0,00;0,08;0,00;0,00;69;190;128;15;16;317;862
3170;28,65;-215,94;0,00;0,00;0,00;-0,22;0,00;0,00;137;72;158;28;23;320;655
3171;35,61;-135,53;0,00;0,00;0,00;-0,14;0,00;0,00;60;109;142;30;16;964;944
3172;58,26;163,63;0,00;0,00;0,00;0,16;0,00;0,00;124;25;52;21;39;831;424
3173;48,80;9,66;0,00;0,00;0,00;0,01;0,00;0,00;100;45;69;46;15;182;238
3174;31,84;-283,07;0,00;0,00;0,00;-0,28;0,00;0,00;43;38;168;31;19;634;404
3175;29,24;-190,25;0,00;0,00;0,00;-0,19;0,00;0,00;326;122;65;20;34;841;206
3176;51,60;47,24;0,00;0,00;0,00;0,05;0,00;0,00;348;75;181;20;31;509;908
3177;50,03;-45,17;0,00;0,00;0,00;-0,05;0,00;0,00;300;12;195;12;21;583;731
3178;65,58;146,61;0,00;0,00;0,00;0,15;0,00;0,00;483;94;168;12;37;711;741
3179;61,89;173,76;0,00;0,00;0,00;0,17;0,00;0,00;37;198;120;42;36;996;322
3180;36,47;-237,14;0,00;0,00;0,00;-0,24;0,00;0,00;431;19;16;13;30;391;328
3181;68,72;165,76;0,00;0,00;0,00;0,17;0,00;0,00;417;97;25;49;29;530;126
3182;30,80;-252,97;0,00;0,00;0,00;-0,25;0,00;0,00;310;139;159;19;24;990;512
3183;58,60;184,17;0,00;0,00;0,00;0,18;0,00;0,00;168;161;144;46;15;331;623
3184;54,29;71,51;0,00;0,00;0,00;0,07;0,00;0,00;476;171;140;37;24;147;487
3185;68,60;190,93;0,00;0,00;0,00;0,19;0,00;0,00;29;60;151;35;26;148;224
3186;51,65;-9,25;0,00;0,00;0,00;-0,01;0,00;0,00;169;67;150;25;16;556;231
3187;58,36;5,94;0,00;0,00;0,00;0,01;0,00;0,00;92;20;128;28;20;998;630
3188;39,98;-100,70;0,00;0,00;0,00;-0,10;0,00;0,00;71;185;140;44;32;273;466
3189;43,70;-23,56;0,00;0,00;0,00;-0,02;0,00;0,00;419;12;53;38;25;591;242
3190;55,09;43,31;0,00;0,00;0,00;0,04;0,00;0,00;211;18;144;15;23;610;995
3191;54,69;122,13;0,00;0,00;0,00;0,12;0,00;0,00;421;33;54;28;33;695;923
3192;50,97;53,76;0,00;0,00;0,00;0,05;0,00;0,00;140;60;151;10;25;269;212
3193;41,89;-122,69;0,00;0,00;0,00;-0,12;0,00;0,00;243;55;127;18;33;597;787
3194;54,83;67,48;0,00;0,00;0,00;0,07;0,00;0,00;100;196;126;11;26;113;764
3195;70,22;225,19;0,00;0,00;0,00;0,23;0,00;0,00;402;106;81;22;38;518;874
3196;45,01;-161,13;0,00;0,00;0,00;-0,16;0,00;0,00;31;79;92;40;18;715;486
3197;58,80;127,64;0,00;0,00;0,00;0,13;0,00;0,00;317;144;53;23;33;586;824
3198;64,82;215,32;0,00;0,00;0,00;0,22;0,00;0,00;97;131;187;34;19;588;342
3199;34,54;-118,94;0,00;0,00;0,00;-0,12;0,00;0,00;278;79;26;24;29;896;766
3200;40,88;-127,94;0,00;0,00;0,00;-0,13;0,00;0,00;400;49;169;30;37;516;357
3201;49,77;-38,04;0,00;0,00;0,00;-0,04;0,00;0,00;341;33;93;42;25;716;273
3202;17,87;-373,85;0,00;0,00;0,00;-0,37;0,00;0,00;206;87;111;29;39;140;899
3203;42,04;-127,73;0,00;0,00;0,00;-0,13;0,00;0,00;139;95;184;19;29;620;519
3204;41,34;-101,46;0,00;0,00;0,00;-0,10;0,00;0,00;329;115;129;49;23;375;297
3205;51,02;-48,32;0,00;0,00;0,00;-0,05;0,00;0,00;201;24;11;38;30;242;532
3206;31,55;-307,85;0,00;0,00;0,00;-0,31;0,00;0,00;32;138;35;26;27;372;329
3207;62,68;139,18;0,00;0,00;0,00;0,14;0,00;0,00;182;139;11;39;32;943;378
3208;47,81;152,90;0,00;0,00;0,00;0,15;0,00;0,00;195;43;123;39;26;380;228
3209;57,83;185,65;0,00;0,00;0,00;0,19;0,00;0,00;314;35;66;39;37;611;668
3210;53,60;155,10;0,00;0,00;0,00;0,16;0,00;0,00;228;176;152;27;22;420;575
3211;31,53;-232,58;0,00;0,00;0,00;-0,23;0,00;0,00;133;109;127;20;19;639;579
3212;33,42;-193,30;0,00;0,00;0,00;-0,19;0,00;0,00;228;177;146;24;28;937;774
3213;54,87;185,15;0,00;0,00;0,00;0,19;0,00;0,00;90;93;187;35;37;808;991
3214;57,55;111,96;0,00;0,00;0,00;0,11;0,00;0,00;195;193;31;28;31;133;376
3215;56,10;14,85;0,00;0,00;0,00;0,01;0,00;0,00;373;185;130;49;19;431;877
3216;26,74;-168,81;0,00;0,00;0,00;-0,17;0,00;0,00;454;51;164;34;28;364;921
3217;55,34;-29,36;0,00;0,00;0,00;-0,03;0,00;0,00;196;143;191;41;25;128;232
3218;40,35;-94,94;0,00;0,00;0,00;-0,09;0,00;0,00;177;94;100;16;37;508;725
3219;40,24;-57,85;0,00;0,00;0,00;-0,06;0,00;0,00;195;41;133;46;28;556;413
3220;37,42;-130,05;0,00;0,00;0,00;-0,13;0,00;0,00;369;62;106;23;32;957;970
3221;45,56;6,09;0,00;0,00;0,00;0,01;0,00;0,00;476;41;99;19;21;186;379
3222;51,20;92,14;0,00;0,00;0,00;0,09;0,00;0,00;58;53;147;34;29;111;883
3223;63,70;136,27;0,00;0,00;0,00;0,14;0,00;0,00;293;14;103;38;36;236;645
3224;49,75;-56,30;0,00;0,00;0,00;-0,06;0,00;0,00;111;122;180;33;21;378;780
3225;40,47;-103,57;0,00;0,00;0,00;-0,10;0,00;0,00;26;71;58;48;28;699;194
3226;68,73;253,46;0,00;0,00;0,00;0,25;0,00;0,00;337;31;25;11;26;669;286
3227;72,19;243,67;0,00;0,00;0,00;0,24;0,00;0,00;219;42;123;37;29;564;151
3228;62,17;135,65;0,00;0,00;0,00;0,14;0,00;0,00;315;65;143;15;29;966;801
3229;99,14;421,79;0,00;0,00;0,00;0,42;0,00;0,00;64;43;198;30;21;525;999
3230;41,66;-83,13;0,00;0,00;0,00;-0,08;0,00;0,00;375;174;111;24;26;912;242
3231;21,91;-206,58;0,00;0,00;0,00;-0,21;0,00;0,00;252;72;28;27;32;138;249
3232;57,57;49,50;0,00;0,00;0,00;0,05;0,00;0,00;357;42;44;12;24;839;540
3233;53,05;-35,77;0,00;0,00;0,00;-0,04;0,00;0,00;283;163;128;17;30;175;238
3234;42,26;-103,04;0,00;0,00;0,00;-0,10;0,00;0,00;77;31;86;14;16;974;816
3235;59,00;51,10;0,00;0,00;0,00;0,05;0,00;0,00;296;139;180;17;32;971;864
3236;60,54;136,14;0,00;0,00;0,00;0,14;0,00;0,00;470;105;177;30;31;290;532
3237;72,83;198,39;0,00;0,00;0,00;0,20;0,00;0,00;299;49;74;40;29;356;267
3238;53,09;33,92;0,00;0,00;0,00;0,03;0,00;0,00;360;95;106;33;33;345;427
3239;32,38;-91,05;0,00;0,00;0,00;-0,09;0,00;0,00;99;136;111;12;27;244;302
3240;52,12;-81,95;0,00;0,00;0,00;-0,08;0,00;0,00;433;33;27;26;26;197;778
3241;67,20;191,23;0,00;0,00;0,00;0,19;0,00;0,00;304;87;21;47;15;681;430
3242;60,38;58,57;0,00;0,00;0,00;0,06;0,00;0,00;479;176;180;31;17;168;562
3243;47,29;-132,31;0,00;0,00;0,00;-0,13;0,00;0,00;39;62;63;10;32;558;192
3244;17,39;-243,94;0,00;0,00;0,00;-0,24;0,00;0,00;357;174;38;10;27;256;814
3245;30,75;-152,83;0,00;0,00;0,00;-0,15;0,00;0,00;211;15;126;21;22;592;775
3246;53,49;-58,47;0,00;0,00;0,00;-0,06;0,00;0,00;127;199;34;36;21;256;381
3247;40,06;-218,19;0,00;0,00;0,00;-0,22;0,00;0,00;316;140;196;31;33;842;529
3248;52,67;84,39;0,00;0,00;0,00;0,08;0,00;0,00;484;168;32;28;19;562;185
3249;48,93;-10,68;0,00;0,00;0,00;-0,01;0,00;0,00;274;29;38;22;16;473;596
3250;89,24;379,86;0,00;0,00;0,00;0,38;0,00;0,00;296;195;131;46;38;392;635
3251;48,32;-76,75;0,00;0,00;0,00;-0,08;0,00;0,00;66;71;42;33;36;397;462
3252;53,61;17,50;0,00;0,00;0,00;0,02;0,00;0,00;421;150;188;13;38;570;433
3253;49,63;51,49;0,00;0,00;0,00;0,05;0,00;0,00;395;47;144;19;31;568;892
3254;42,72;-80,78;0,00;0,00;0,00;-0,08;0,00;0,00;437;102;176;39;21;532;218
3255;33,35;-200,05;0,00;0,00;0,00;-0,20;0,00;0,00;479;89;132;25;19;456;873
3256;46,76;43,86;0,00;0,00;0,00;0,04;0,00;0,00;274;46;123;27;34;811;438
3257;34,04;-173,46;0,00;0,00;0,00;-0,17;0,00;0,00;369;108;40;38;32;303;197
3258;54,21;74,40;0,00;0,00;0,00;0,07;0,00;0,00;12;111;33;21;34;936;497
3259;39,95;-77,08;0,00;0,00;0,00;-0,08;0,00;0,00;157;164;69;17;20;940;758
3260;53,12;67,76;0,00;0,00;0,00;0,07;0,00;0,00;94;100;26;20;39;625;207
3261;23,57;-317,94;0,00;0,00;0,00;-0,32;0,00;0,00;430;114;32;28;19;420;903
3262;61,30;52,88;0,00;0,00;0,00;0,05;0,00;0,00;454;129;129;44;30;316;935
3263;41,67;-117,02;0,00;0,00;0,00;-0,12;0,00;0,00;62;79;74;36;34;313;757
3264;70,50;274,22;0,00;0,00;0,00;0,27;0,00;0,00;455;140;140;43;26;499;966
3265;42,63;-39,95;0,00;0,00;0,00;-0,04;0,00;0,00;52;182;32;45;28;132;199
3266;67,40;128,87;0,00;0,00;0,00;0,13;0,00;0,00;340;11;172;35;21;791;458
3267;51,02;24,40;0,00;0,00;0,00;0,02;0,00;0,00;456;132;176;40;34;482;721
3268;46,51;-25,36;0,00;0,00;0,00;-0,03;0,00;0,00;247;120;79;45;33;428;113
3269;52,72;17,85;0,00;0,00;0,00;0,02;0,00;0,00;453;92;65;34;36;887;740
3270;63,73;161,40;0,00;0,00;0,00;0,16;0,00;0,00;81;164;184;32;34;160;761
3271;37,00;-175,69;0,00;0,00;0,00;-0,18;0,00;0,00;328;109;114;15;31;130;227
3272;45,52;1,15;0,00;0,00;0,00;0,00;0,00;0,00;148;179;198;36;26;107;387
3273;48,74;-34,53;0,00;0,00;0,00;-0,03;0,00;0,00;269;75;142;10;17;515;367
3274;37,79;-130,00;0,00;0,00;0,00;-0,13;0,00;0,00;406;51;11;26;24;915;882
3275;45,68;-28,79;0,00;0,00;0,00;-0,03;0,00;0,00;275;130;140;18;33;176;803
3276;35,52;-94,33;0,00;0,00;0,00;-0,09;0,00;0,00;455;117;98;48;19;388;264
3277;50,95;45,23;0,00;0,00;0,00;0,05;0,00;0,00;157;126;14;46;33;105;773
3278;40,29;-125,15;0,00;0,00;0,00;-0,13;0,00;0,00;49;26;50;20;24;786;868
3279;65,12;166,18;0,00;0,00;0,00;0,17;0,00;0,00;451;191;71;27;26;724;959
3280;78,33;340,12;0,00;0,00;0,00;0,34;0,00;0,00;147;62;25;20;22;798;528
3281;46,86;-75,33;0,00;0,00;0,00;-0,08;0,00;0,00;94;71;138;48;39;313;569
3282;44,68;-40,51;0,00;0,00;0,00;-0,04;0,00;0,00;246;79;158;47;22;863;204
3283;70,45;193,85;0,00;0,00;0,00;0,19;0,00;0,00;337;12;196;31;25;724;322
3284;30,80;-119,53;0,00;0,00;0,00;-0,12;0,00;0,00;92;133;76;43;32;328;586
3285;47,46;118,35;0,00;0,00;0,00;0,12;0,00;0,00;109;40;72;32;36;599;424
3286;47,55;-37,39;0,00;0,00;0,00;-0,04;0,00;0,00;409;174;61;31;15;331;778
3287;60,27;128,69;0,00;0,00;0,00;0,13;0,00;0,00;175;88;78;44;35;848;347
3288;82,41;271,33;0,00;0,00;0,00;0,27;0,00;0,00;451;136;51;39;25;973;573
3289;38,12;-143,73;0,00;0,00;0,00;-0,14;0,00;0,00;303;123;197;44;31;316;290
3290;62,49;98,63;0,00;0,00;0,00;0,10;0,00;0,00;204;154;132;16;36;890;819
3291;43,32;-93,12;0,00;0,00;0,00;-0,09;0,00;0,00;254;31;64;20;28;517;209
3292;34,93;-75,00;0,00;0,00;0,00;-0,07;0,00;0,00;250;172;139;16;34;454;683
3293;60,19;129,28;0,00;0,00;0,00;0,13;0,00;0,00;129;127;73;14;34;779;504
3294;64,19;88,03;0,00;0,00;0,00;0,09;0,00;0,00;193;107;26;20;29;611;719
3295;54,58;29,98;0,00;0,00;0,00;0,03;0,00;0,00;259;123;44;34;22;869;172
3296;30,17;-165,01;0,00;0,00;0,00;-0,17;0,00;0,00;123;199;135;23;38;124;249
3297;50,77;8,71;0,00;0,00;0,00;0,01;0,00;0,00;231;143;19;21;18;509;292
3298;65,34;155,33;0,00;0,00;0,00;0,16;0,00;0,00;148;73;62;33;22;672;657
3299;41,19;-142,31;0,00;0,00;0,00;-0,14;0,00;0,00;250;151;52;12;21;384;751
3300;52,70;-5,22;0,00;0,00;0,00;-0,01;0,00;0,00;151;86;60;31;34;149;984
3301;27,28;-164,79;0,00;0,00;0,00;-0,16;0,00;0,00;355;42;49;28;23;439;450
3302;27,07;-252,99;0,00;0,00;0,00;-0,25;0,00;0,00;45;94;173;39;27;786;240
3303;61,93;115,95;0,00;0,00;0,00;0,12;0,00;0,00;101;33;135;13;30;675;527
3304;57,21;66,92;0,00;0,00;0,00;0,07;0,00;0,00;266;83;117;14;39;822;233
3305;38,72;-115,43;0,00;0,00;0,00;-0,12;0,00;0,00;477;120;73;15;26;134;190
3306;47,73;6,33;0,00;0,00;0,00;0,01;0,00;0,00;217;132;162;41;38;625;891
3307;68,82;247,55;0,00;0,00;0,00;0,25;0,00;0,00;428;18;138;34;15;903;652
3308;58,05;92,14;0,00;0,00;0,00;0,09;0,00;0,00;469;112;68;43;19;312;934
3309;61,01;113,90;0,00;0,00;0,00;0,11;0,00;0,00;443;81;110;16;35;857;258
3310;53,09;85,97;0,00;0,00;0,00;0,09;0,00;0,00;135;136;12;16;36;408;249
3311;26,03;-183,03;0,00;0,00;0,00;-0,18;0,00;0,00;118;22;37;39;30;577;516
3312;65,47;228,01;0,00;0,00;0,00;0,23;0,00;0,00;88;102;56;41;23;597;346
3313;69,07;256,78;0,00;0,00;0,00;0,26;0,00;0,00;372;110;151;34;20;459;971
3314;77,29;292,88;0,00;0,00;0,00;0,29;0,00;0,00;216;31;198;43;33;853;693
3315;60,01;30,93;0,00;0,00;0,00;0,03;0,00;0,00;418;60;23;22;38;242;828
3316;39,55;-114,05;0,00;0,00;0,00;-0,11;0,00;0,00;86;68;62;16;28;978;521
3317;47,40;9,59;0,00;0,00;0,00;0,01;0,00;0,00;393;129;24;28;17;626;718
3318;72,51;217,98;0,00;0,00;0,00;0,22;0,00;0,00;131;105;86;46;19;494;845
3319;34,89;-155,30;0,00;0,00;0,00;-0,16;0,00;0,00;111;74;82;45;34;988;424
3320;54,41;139,65;0,00;0,00;0,00;0,14;0,00;0,00;41;17;88;16;36;319;776
3321;38,82;-187,49;0,00;0,00;0,00;-0,19;0,00;0,00;480;129;148;26;36;145;628
3322;78,65;243,24;0,00;0,00;0,00;0,24;0,00;0,00;474;177;176;28;18;224;329
3323;44,07;-26,83;0,00;0,00;0,00;-0,03;0,00;0,00;489;168;15;41;18;871;597
3324;42,80;-58,49;0,00;0,00;0,00;-0,06;0,00;0,00;165;131;82;30;29;129;350
3325;51,12;29,72;0,00;0,00;0,00;0,03;0,00;0,00;279;55;93;21;21;778;526
3326;51,97;63,79;0,00;0,00;0,00;0,06;0,00;0,00;373;86;136;33;31;926;315
3327;23,02;-261,48;0,00;0,00;0,00;-0,26;0,00;0,00;99;172;105;29;18;491;172
3328;36,80;-126,93;0,00;0,00;0,00;-0,13;0,00;0,00;390;199;119;18;37;623;745
3329;53,56;24,56;0,00;0,00;0,00;0,02;0,00;0,00;306;41;105;41;34;501;287
3330;58,37;101,79;0,00;0,00;0,00;0,10;0,00;0,00;443;12;99;30;28;777;249
3331;69,55;173,74;0,00;0,00;0,00;0,17;0,00;0,00;225;146;132;41;35;945;597
3332;51,95;78,13;0,00;0,00;0,00;0,08;0,00;0,00;163;42;157;49;20;694;109
3333;65,22;230,88;0,00;0,00;0,00;0,23;0,00;0,00;270;67;191;21;18;848;758
3334;44,58;-1,21;0,00;0,00;0,00;-0,00;0,00;0,00;174;140;107;30;19;610;413
3335;49,73;-10,63;0,00;0,00;0,00;-0,01;0,00;0,00;222;65;102;27;17;210;279
3336;48,58;-10,35;0,00;0,00;0,00;-0,01;0,00;0,00;224;46;43;17;28;514;413
3337;69,68;260,49;0,00;0,00;0,00;0,26;0,00;0,00;406;109;114;40;24;756;259
3338;62,46;103,11;0,00;0,00;0,00;0,10;0,00;0,00;249;123;62;39;31;893;718
3339;48,07;28,07;0,00;0,00;0,00;0,03;0,00;0,00;160;103;147;35;26;777;395
3340;57,83;-5,45;0,00;0,00;0,00;-0,01;0,00;0,00;160;151;44;31;28;267;312
3341;37,20;-178,64;0,00;0,00;0,00;-0,18;0,00;0,00;96;185;83;15;31;210;604
3342;25,30;-247,34;0,00;0,00;0,00;-0,25;0,00;0,00;333;79;82;36;35;281;932
3343;53,93;-2,04;0,00;0,00;0,00;-0,00;0,00;0,00;400;128;29;19;22;797;334
3344;26,60;-228,63;0,00;0,00;0,00;-0,23;0,00;0,00;370;115;44;27;22;699;569
3345;24,99;-259,40;0,00;0,00;0,00;-0,26;0,00;0,00;362;164;140;27;34;389;808
3346;73,32;304,54;0,00;0,00;0,00;0,30;0,00;0,00;178;34;13;48;37;507;459
3347;25,27;-162,09;0,00;0,00;0,00;-0,16;0,00;0,00;258;14;12;33;28;231;819
3348;63,49;73,08;0,00;0,00;0,00;0,07;0,00;0,00;152;176;115;42;20;975;431
3349;61,50;131,65;0,00;0,00;0,00;0,13;0,00;0,00;221;143;139;43;24;859;173
3350;55,81;58,21;0,00;0,00;0,00;0,06;0,00;0,00;64;24;107;16;25;226;543
3351;43,91;-125,97;0,00;0,00;0,00;-0,13;0,00;0,00;406;55;159;22;18;431;726
3352;30,69;-234,05;0,00;0,00;0,00;-0,23;0,00;0,00;448;28;90;10;39;114;564
3353;34,66;-152,56;0,00;0,00;0,00;-0,15;0,00;0,00;13;44;146;29;24;904;293
3354;43,39;-5,77;0,00;0,00;0,00;-0,01;0,00;0,00;212;87;58;22;26;541;349
3355;73,98;220,36;0,00;0,00;0,00;0,22;0,00;0,00;496;64;42;32;32;486;315
3356;51,04;-24,08;0,00;0,00;0,00;-0,02;0,00;0,00;282;118;186;49;37;753;441
3357;52,94;-32,91;0,00;0,00;0,00;-0,03;0,00;0,00;176;133;112;13;35;684;180
3358;38,83;-110,96;0,00;0,00;0,00;-0,11;0,00;0,00;10;157;111;21;35;257;879
3359;44,53;-102,88;0,00;0,00;0,00;-0,10;0,00;0,00;425;136;133;40;35;106;597
3360;73,73;239,02;0,00;0,00;0,00;0,24;0,00;0,00;187;51;97;41;34;305;737
3361;49,96;9,24;0,00;0,00;0,00;0,01;0,00;0,00;271;153;72;33;28;928;747
3362;66,47;172,43;0,00;0,00;0,00;0,17;0,00;0,00;218;132;118;15;27;749;130
3363;36,14;-168,07;0,00;0,00;0,00;-0,17;0,00;0,00;261;185;69;14;15;685;215
3364;52,78;-73,02;0,00;0,00;0,00;-0,07;0,00;0,00;128;99;172;44;39;996;396
3365;34,13;-156,22;0,00;0,00;0,00;-0,16;0,00;0,00;333;56;191;30;26;771;407
3366;53,36;53,72;0,00;0,00;0,00;0,05;0,00;0,00;102;126;42;23;24;657;942
3367;40,11;-99,84;0,00;0,00;0,00;-0,10;0,00;0,00;240;25;11;30;21;803;887
3368;47,99;100,05;0,00;0,00;0,00;0,10;0,00;0,00;307;163;94;38;25;121;365
3369;11,19;-363,79;0,00;0,00;0,00;-0,36;0,00;0,00;136;187;197;26;29;414;265
3370;34,86;-184,20;0,00;0,00;0,00;-0,18;0,00;0,00;275;109;20;16;25;235;632
3371;53,08;147,27;0,00;0,00;0,00;0,15;0,00;0,00;81;32;52;38;28;955;779
3372;51,47;98,80;0,00;0,00;0,00;0,10;0,00;0,00;162;122;128;28;16;153;516
3373;23,56;-234,40;0,00;0,00;0,00;-0,23;0,00;0,00;340;172;134;24;25;552;868
3374;54,13;47,27;0,00;0,00;0,00;0,05;0,00;0,00;182;98;89;47;16;297;954
3375;72,64;71,84;0,00;0,00;0,00;0,07;0,00;0,00;490;101;40;24;15;638;988
3376;58,04;52,15;0,00;0,00;0,00;0,05;0,00;0,00;245;59;160;26;19;591;370
3377;23,97;-180,75;0,00;0,00;0,00;-0,18;0,00;0,00;405;135;116;48;19;507;249
3378;73,81;235,27;0,00;0,00;0,00;0,24;0,00;0,00;254;187;11;40;24;600;717
3379;62,83;189,69;0,00;0,00;0,00;0,19;0,00;0,00;216;169;145;37;20;682;463
3380;74,87;276,68;0,00;0,00;0,00;0,28;0,00;0,00;224;171;159;27;24;749;880
3381;30,58;-173,90;0,00;0,00;0,00;-0,17;0,00;0,00;205;71;94;49;18;785;721
3382;62,65;113,14;0,00;0,00;0,00;0,11;0,00;0,00;455;69;119;38;18;700;492
3383;44,64;-24,94;0,00;0,00;0,00;-0,02;0,00;0,00;320;148;131;37;22;301;341
3384;18,50;-378,22;0,00;0,00;0,00;-0,38;0,00;0,00;435;38;90;47;35;103;708
3385;49,29;17,14;0,00;0,00;0,00;0,02;0,00;0,00;42;66;190;41;35;413;233
3386;53,72;6,93;0,00;0,00;0,00;0,01;0,00;0,00;174;173;155;23;25;831;553
3387;74,17;182,08;0,00;0,00;0,00;0,18;0,00;0,00;361;156;129;36;39;285;842
3388;60,93;124,23;0,00;0,00;0,00;0,12;0,00;0,00;143;86;103;18;25;449;858
3389;48,11;-16,03;0,00;0,00;0,00;-0,02;0,00;0,00;120;153;86;21;30;135;670
3390;45,41;-46,07;0,00;0,00;0,00;-0,05;0,00;0,00;481;124;164;24;30;675;134
3391;76,56;262,98;0,00;0,00;0,00;0,26;0,00;0,00;462;26;120;15;17;192;466
3392;54,97;31,53;0,00;0,00;0,00;0,03;0,00;0,00;341;155;71;14;31;572;683
3393;61,06;77,74;0,00;0,00;0,00;0,08;0,00;0,00;432;187;98;48;23;875;590
3394;44,77;-43,66;0,00;0,00;0,00;-0,04;0,00;0,00;305;167;92;24;29;956;559
3395;49,82;-51,08;0,00;0,00;0,00;-0,05;0,00;0,00;86;23;32;10;26;111;266
3396;44,05;-98,53;0,00;0,00;0,00;-0,10;0,00;0,00;82;130;169;28;24;701;608
3397;72,57;182,17;0,00;0,00;0,00;0,18;0,00;0,00;193;139;162;44;27;545;484
3398;29,27;-167,88;0,00;0,00;0,00;-0,17;0,00;0,00;298;83;94;49;38;410;434
3399;53,96;56,01;0,00;0,00;0,00;0,06;0,00;0,00;400;131;168;14;15;516;856
3400;44,80;-36,64;0,00;0,00;0,00;-0,04;0,00;0,00;489;90;34;31;26;174;851
3401;61,32;96,65;0,00;0,00;0,00;0,10;0,00;0,00;207;94;29;23;33;744;241
3402;63,75;103,02;0,00;0,00;0,00;0,10;0,00;0,00;370;106;118;22;29;193;770
3403;54,92;-16,68;0,00;0,00;0,00;-0,02;0,00;0,00;304;80;195;22;31;527;635
3404;58,31;20,20;0,00;0,00;0,00;0,02;0,00;0,00;330;24;170;29;19;991;327
3405;32,29;-142,35;0,00;0,00;0,00;-0,14;0,00;0,00;433;61;177;32;21;484;144
3406;61,42;178,03;0,00;0,00;0,00;0,18;0,00;0,00;77;116;186;28;39;944;637
3407;62,71;166,32;0,00;0,00;0,00;0,17;0,00;0,00;111;91;155;10;29;533;373
3408;33,41;-148,77;0,00;0,00;0,00;-0,15;0,00;0,00;149;151;115;27;34;602;175
3409;60,53;112,57;0,00;0,00;0,00;0,11;0,00;0,00;377;182;73;13;33;152;764
3410;28,37;-235,15;0,00;0,00;0,00;-0,24;0,00;0,00;238;34;183;40;25;585;917
3411;82,51;388,94;0,00;0,00;0,00;0,39;0,00;0,00;359;89;39;19;34;196;990
3412;48,12;43,42;0,00;0,00;0,00;0,04;0,00;0,00;181;153;174;18;23;827;973
3413;32,03;-175,51;0,00;0,00;0,00;-0,18;0,00;0,00;333;112;144;33;38;984;306
3414;56,12;18,92;0,00;0,00;0,00;0,02;0,00;0,00;459;68;26;32;16;895;206
3415;39,86;-203,61;0,00;0,00;0,00;-0,20;0,00;0,00;329;72;152;30;21;636;457
3416;34,10;-235,66;0,00;0,00;0,00;-0,24;0,00;0,00;177;87;64;40;25;710;429
3417;78,87;257,78;0,00;0,00;0,00;0,26;0,00;0,00;72;89;130;13;33;327;908
3418;81,92;246,45;0,00;0,00;0,00;0,25;0,00;0,00;379;166;136;37;20;960;245
3419;47,63;-25,12;0,00;0,00;0,00;-0,03;0,00;0,00;498;184;176;18;19;391;241
3420;43,35;-83,44;0,00;0,00;0,00;-0,08;0,00;0,00;158;171;85;44;26;193;234
3421;58,66;80,15;0,00;0,00;0,00;0,08;0,00;0,00;343;18;14;21;36;289;250
3422;42,72;-66,76;0,00;0,00;0,00;-0,07;0,00;0,00;301;116;187;41;20;548;173
3423;63,46;132,89;0,00;0,00;0,00;0,13;0,00;0,00;253;62;27;46;21;876;123
3424;14,12;-287,43;0,00;0,00;0,00;-0,29;0,00;0,00;193;191;171;21;23;365;552
3425;32,24;-187,72;0,00;0,00;0,00;-0,19;0,00;0,00;109;103;11;47;35;401;311
3426;75,68;186,07;0,00;0,00;0,00;0,19;0,00;0,00;171;151;94;44;16;179;157
3427;89,35;483,90;0,00;0,00;0,00;0,48;0,00;0,00;313;169;169;26;33;529;708
3428;65,28;109,49;0,00;0,00;0,00;0,11;0,00;0,00;442;141;102;16;23;401;749
3429;37,05;-167,52;0,00;0,00;0,00;-0,17;0,00;0,00;315;64;25;36;30;653;343
3430;51,63;18,90;0,00;0,00;0,00;0,02;0,00;0,00;351;150;198;40;29;325;855
3431;38,62;-121,47;0,00;0,00;0,00;-0,12;0,00;0,00;279;41;38;41;15;287;993
3432;48,95;-5,28;0,00;0,00;0,00;-0,01;0,00;0,00;42;110;23;49;35;495;702
3433;49,78;18,51;0,00;0,00;0,00;0,02;0,00;0,00;302;189;30;16;37;273;859
3434;59,21;22,52;0,00;0,00;0,00;0,02;0,00;0,00;227;159;67;43;16;906;702
3435;54,67;107,66;0,00;0,00;0,00;0,11;0,00;0,00;248;126;99;14;24;705;634
3436;53,86;-20,22;0,00;0,00;0,00;-0,02;0,00;0,00;58;108;178;21;24;796;208
3437;48,94;43,71;0,00;0,00;0,00;0,04;0,00;0,00;440;10;162;26;34;286;381
3438;60,81;84,87;0,00;0,00;0,00;0,08;0,00;0,00;11;178;45;44;36;102;563
3439;63,07;118,74;0,00;0,00;0,00;0,12;0,00;0,00;313;64;160;32;34;156;556
3440;54,12;18,46;0,00;0,00;0,00;0,02;0,00;0,00;424;121;196;25;29;877;159
3441;56,45;58,83;0,00;0,00;0,00;0,06;0,00;0,00;426;22;64;19;32;312;357
3442;70,08;267,03;0,00;0,00;0,00;0,27;0,00;0,00;489;18;152;32;38;827;988
3443;63,92;156,93;0,00;0,00;0,00;0,16;0,00;0,00;221;45;33;49;16;307;540
3444;71,35;195,90;0,00;0,00;0,00;0,20;0,00;0,00;255;74;23;19;17;837;483
3445;49,42;70,10;0,00;0,00;0,00;0,07;0,00;0,00;395;43;95;27;36;855;274
3446;82,43;318,73;0,00;0,00;0,00;0,32;0,00;0,00;389;79;51;34;18;362;374
3447;33,50;-213,29;0,00;0,00;0,00;-0,21;0,00;0,00;316;128;147;18;32;480;328
3448;54,69;-31,81;0,00;0,00;0,00;-0,03;0,00;0,00;26;23;35;22;25;617;818
3449;55,78;70,41;0,00;0,00;0,00;0,07;0,00;0,00;489;157;80;20;37;436;211
3450;46,82;-110,76;0,00;0,00;0,00;-0,11;0,00;0,00;480;54;160;38;32;715;715
3451;63,24;65,66;0,00;0,00;0,00;0,07;0,00;0,00;304;171;195;15;34;135;930
3452;37,35;-139,92;0,00;0,00;0,00;-0,14;0,00;0,00;290;116;187;11;28;346;309
3453;39,96;-122,03;0,00;0,00;0,00;-0,12;0,00;0,00;204;75;169;29;17;843;641
3454;78,86;306,99;0,00;0,00;0,00;0,31;0,00;0,00;58;193;108;15;33;641;912
3455;36,26;-174,29;0,00;0,00;0,00;-0,17;0,00;0,00;210;183;171;33;27;320;710
3456;32,68;-184,67;0,00;0,00;0,00;-0,18;0,00;0,00;241;91;172;29;30;252;180
3457;54,60;98,50;0,00;0,00;0,00;0,10;0,00;0,00;395;193;47;23;25;697;506
3458;61,41;84,81;0,00;0,00;0,00;0,08;0,00;0,00;106;76;85;46;18;123;662
3459;62,34;195,13;0,00;0,00;0,00;0,20;0,00;0,00;246;140;165;21;17;590;325
3460;32,71;-108,49;0,00;0,00;0,00;-0,11;0,00;0,00;298;10;91;18;23;100;694
3461;54,93;126,66;0,00;0,00;0,00;0,13;0,00;0,00;246;169;185;14;35;985;551
3462;46,11;-106,03;0,00;0,00;0,00;-0,11;0,00;0,00;492;10;145;47;15;516;696
3463;76,45;259,15;0,00;0,00;0,00;0,26;0,00;0,00;375;142;164;28;18;295;174
3464;67,65;278,94;0,00;0,00;0,00;0,28;0,00;0,00;243;185;111;30;17;734;327
3465;51,47;-10,16;0,00;0,00;0,00;-0,01;0,00;0,00;90;138;125;33;37;982;625
3466;39,80;-113,34;0,00;0,00;0,00;-0,11;0,00;0,00;458;25;194;22;37;183;148
3467;49,93;-85,47;0,00;0,00;0,00;-0,09;0,00;0,00;206;175;44;37;15;517;612
3468;49,81;-12,92;0,00;0,00;0,00;-0,01;0,00;0,00;296;106;87;19;32;262;177
3469;53,69;77,65;0,00;0,00;0,00;0,08;0,00;0,00;255;173;99;29;24;159;987
3470;53,20;9,18;0,00;0,00;0,00;0,01;0,00;0,00;91;55;160;48;15;802;557
3471;44,21;-163,00;0,00;0,00;0,00;-0,16;0,00;0,00;331;135;99;14;38;393;229
3472;60,18;59,99;0,00;0,00;0,00;0,06;0,00;0,00;219;69;155;42;33;313;792
3473;61,03;101,23;0,00;0,00;0,00;0,10;0,00;0,00;189;76;75;42;36;471;880
3474;30,36;-175,79;0,00;0,00;0,00;-0,18;0,00;0,00;449;174;184;13;39;259;781
3475;50,91;69,79;0,00;0,00;0,00;0,07;0,00;0,00;338;177;27;13;20;709;628
3476;69,11;233,06;0,00;0,00;0,00;0,23;0,00;0,00;363;125;166;31;28;700;915
3477;42,57;-72,46;0,00;0,00;0,00;-0,07;0,00;0,00;490;24;96;12;26;115;844
3478;59,62;50,56;0,00;0,00;0,00;0,05;0,00;0,00;380;34;26;10;24;424;907
3479;37,19;-176,47;0,00;0,00;0,00;-0,18;0,00;0,00;298;175;113;42;26;168;149
3480;52,60;107,35;0,00;0,00;0,00;0,11;0,00;0,00;157;109;163;14;26;937;403
3481;40,75;-132,41;0,00;0,00;0,00;-0,13;0,00;0,00;388;92;43;43;23;732;547
3482;40,41;-90,21;0,00;0,00;0,00;-0,09;0,00;0,00;374;142;105;13;16;985;651
3483;35,02;-128,10;0,00;0,00;0,00;-0,13;0,00;0,00;332;157;126;16;23;290;107
3484;19,83;-377,04;0,00;0,00;0,00;-0,38;0,00;0,00;218;31;120;12;31;873;666
3485;31,83;-266,62;0,00;0,00;0,00;-0,27;0,00;0,00;107;168;89;37;24;988;991
3486;50,30;79,41;0,00;0,00;0,00;0,08;0,00;0,00;325;65;52;19;25;717;134
3487;54,80;1,77;0,00;0,00;0,00;0,00;0,00;0,00;355;85;175;13;33;424;735
3488;20,29;-316,93;0,00;0,00;0,00;-0,32;0,00;0,00;424;157;113;48;22;820;557
3489;44,11;-101,65;0,00;0,00;0,00;-0,10;0,00;0,00;22;75;181;23;37;412;150
3490;10,50;-323,85;0,00;0,00;0,00;-0,32;0,00;0,00;289;57;199;40;16;510;146
3491;64,91;136,15;0,00;0,00;0,00;0,14;0,00;0,00;240;79;16;41;33;348;708
3492;50,12;-70,09;0,00;0,00;0,00;-0,07;0,00;0,00;161;102;196;36;20;533;742
3493;83,44;328,73;0,00;0,00;0,00;0,33;0,00;0,00;265;78;190;20;29;652;226
3494;47,60;-43,06;0,00;0,00;0,00;-0,04;0,00;0,00;333;139;14;46;19;798;690
3495;64,00;48,77;0,00;0,00;0,00;0,05;0,00;0,00;238;98;63;34;20;120;297
3496;52,51;28,20;0,00;0,00;0,00;0,03;0,00;0,00;151;155;185;43;29;755;289
3497;92,63;374,89;0,00;0,00;0,00;0,37;0,00;0,00;429;26;105;12;25;950;989
3498;48,96;-36,26;0,00;0,00;0,00;-0,04;0,00;0,00;177;57;138;35;26;135;156
3499;40,21;-69,03;0,00;0,00;0,00;-0,07;0,00;0,00;288;199;171;48;37;289;900
3500;48,33;-33,10;0,00;0,00;0,00;-0,03;0,00;0,00;446;141;26;12;32;884;104
3501;52,44;-25,16;0,00;0,00;0,00;-0,03;0,00;0,00;167;91;149;24;24;309;263
3502;52,62;-20,65;0,00;0,00;0,00;-0,02;0,00;0,00;128;170;22;38;19;276;888
3503;52,23;60,10;0,00;0,00;0,00;0,06;0,00;0,00;125;61;97;43;25;952;510
3504;36,92;-104,56;0,00;0,00;0,00;-0,10;0,00;0,00;140;115;55;35;29;349;949
3505;57,52;45,23;0,00;0,00;0,00;0,05;0,00;0,00;333;44;194;44;19;195;923
3506;71,66;203,89;0,00;0,00;0,00;0,20;0,00;0,00;208;17;181;49;15;406;103
3507;58,73;36,10;0,00;0,00;0,00;0,04;0,00;0,00;474;165;161;36;28;390;207
3508;52,76;-60,23;0,00;0,00;0,00;-0,06;0,00;0,00;445;96;131;31;19;317;607
3509;42,13;-77,24;0,00;0,00;0,00;-0,08;0,00;0,00;145;71;185;35;21;683;415
3510;81,36;380,09;0,00;0,00;0,00;0,38;0,00;0,00;106;20;78;35;30;519;494
3511;40,52;-112,30;0,00;0,00;0,00;-0,11;0,00;0,00;396;176;92;21;30;120;307
3512;58,02;-26,27;0,00;0,00;0,00;-0,03;0,00;0,00;217;30;27;35;29;810;690
3513;48,80;-17,22;0,00;0,00;0,00;-0,02;0,00;0,00;264;23;171;31;36;379;443
3514;28,82;-186,38;0,00;0,00;0,00;-0,19;0,00;0,00;302;162;185;19;21;752;877
3515;70,91;182,29;0,00;0,00;0,00;0,18;0,00;0,00;207;42;78;23;22;186;653
3516;31,99;-95,04;0,00;0,00;0,00;-0,10;0,00;0,00;400;16;49;21;26;715;415
3517;55,14;22,79;0,00;0,00;0,00;0,02;0,00;0,00;110;11;119;24;25;683;228
3518;20,47;-333,48;0,00;0,00;0,00;-0,33;0,00;0,00;378;91;179;44;34;601;111
3519;37,96;-103,34;0,00;0,00;0,00;-0,10;0,00;0,00;336;108;102;41;21;693;783
3520;14,75;-400,67;0,00;0,00;0,00;-0,40;0,00;0,00;307;70;44;11;28;137;406
3521;56,55;-30,27;0,00;0,00;0,00;-0,03;0,00;0,00;131;133;82;15;29;732;968
3522;38,22;-163,13;0,00;0,00;0,00;-0,16;0,00;0,00;232;161;36;41;16;989;544
3523;49,96;9,45;0,00;0,00;0,00;0,01;0,00;0,00;440;175;76;27;15;590;178
3524;69,63;160,88;0,00;0,00;0,00;0,16;0,00;0,00;171;93;88;18;17;418;121
3525;77,73;268,02;0,00;0,00;0,00;0,27;0,00;0,00;269;177;98;39;35;790;268
3526;28,10;-278,21;0,00;0,00;0,00;-0,28;0,00;0,00;250;91;10;26;38;686;113
3527;44,25;-113,37;0,00;0,00;0,00;-0,11;0,00;0,00;58;105;196;33;27;619;321
3528;35,66;0,37;0,00;0,00;0,00;0,00;0,00;0,00;352;180;153;10;18;157;964
3529;52,34;-15,43;0,00;0,00;0,00;-0,02;0,00;0,00;418;20;68;10;39;411;352
3530;62,65;189,00;0,00;0,00;0,00;0,19;0,00;0,00;254;162;191;35;31;799;372
3531;37,31;-143,47;0,00;0,00;0,00;-0,14;0,00;0,00;315;38;139;45;30;628;736
3532;38,92;-81,95;0,00;0,00;0,00;-0,08;0,00;0,00;262;55;144;41;24;145;326
3533;42,23;-9,07;0,00;0,00;0,00;-0,01;0,00;0,00;476;167;182;39;31;189;779
3534;57,28;61,69;0,00;0,00;0,00;0,06;0,00;0,00;380;106;139;16;15;531;340
3535;82,08;365,22;0,00;0,00;0,00;0,37;0,00;0,00;41;100;71;37;35;186;452
3536;46,84;-88,24;0,00;0,00;0,00;-0,09;0,00;0,00;164;153;94;28;27;491;598
3537;42,59;-98,65;0,00;0,00;0,00;-0,10;0,00;0,00;80;15;151;29;38;505;361
3538;34,59;-183,43;0,00;0,00;0,00;-0,18;0,00;0,00;124;75;79;13;17;996;361
3539;55,68;33,14;0,00;0,00;0,00;0,03;0,00;0,00;254;127;14;23;15;259;859
3540;53,79;8,21;0,00;0,00;0,00;0,01;0,00;0,00;221;87;75;44;16;576;378
3541;24,65;-143,12;0,00;0,00;0,00;-0,14;0,00;0,00;326;11;173;37;17;480;393
3542;66,29;114,13;0,00;0,00;0,00;0,11;0,00;0,00;274;67;65;10;20;414;941
3543;39,11;-131,53;0,00;0,00;0,00;-0,13;0,00;0,00;124;125;69;42;35;688;505
3544;63,25;120,65;0,00;0,00;0,00;0,12;0,00;0,00;358;101;155;12;38;676;674
3545;41,70;-96,52;0,00;0,00;0,00;-0,10;0,00;0,00;462;27;95;20;32;761;584
3546;36,77;-151,57;0,00;0,00;0,00;-0,15;0,00;0,00;20;141;162;38;34;231;604
3547;40,12;-163,11;0,00;0,00;0,00;-0,16;0,00;0,00;434;166;168;12;27;519;790
3548;65,18;130,33;0,00;0,00;0,00;0,13;0,00;0,00;71;73;79;20;19;535;357
3549;37,19;-179,68;0,00;0,00;0,00;-0,18;0,00;0,00;31;93;104;24;28;844;881
3550;72,35;228,50;0,00;0,00;0,00;0,23;0,00;0,00;289;134;167;40;28;520;489
3551;43,04;-40,97;0,00;0,00;0,00;-0,04;0,00;0,00;410;14;107;44;17;359;764
3552;60,17;145,24;0,00;0,00;0,00;0,15;0,00;0,00;126;79;82;48;36;979;610
3553;37,65;-164,78;0,00;0,00;0,00;-0,16;0,00;0,00;43;73;63;44;25;153;438
3554;31,47;-243,06;0,00;0,00;0,00;-0,24;0,00;0,00;33;134;183;38;36;956;334
3555;55,39;-1,79;0,00;0,00;0,00;-0,00;0,00;0,00;373;117;88;31;32;839;890
3556;37,51;-164,46;0,00;0,00;0,00;-0,16;0,00;0,00;69;171;189;27;34;588;391
3557;54,75;49,88;0,00;0,00;0,00;0,05;0,00;0,00;133;164;65;30;30;972;238
3558;75,32;248,29;0,00;0,00;0,00;0,25;0,00;0,00;201;44;24;30;19;784;139
3559;41,99;-94,95;0,00;0,00;0,00;-0,09;0,00;0,00;26;163;47;38;19;161;581
3560;24,47;-330,40;0,00;0,00;0,00;-0,33;0,00;0,00;293;30;92;44;18;519;524
3561;35,19;-103,52;0,00;0,00;0,00;-0,10;0,00;0,00;366;122;157;41;24;978;803
3562;59,40;170,11;0,00;0,00;0,00;0,17;0,00;0,00;462;57;34;12;32;933;595
3563;85,10;375,51;0,00;0,00;0,00;0,38;0,00;0,00;447;63;72;14;27;920;458
3564;31,93;-166,47;0,00;0,00;0,00;-0,17;0,00;0,00;72;23;190;12;30;673;755
3565;51,42;37,93;0,00;0,00;0,00;0,04;0,00;0,00;392;183;99;37;23;403;608
3566;67,32;138,52;0,00;0,00;0,00;0,14;0,00;0,00;28;25;61;29;31;642;456
3567;54,13;20,88;0,00;0,00;0,00;0,02;0,00;0,00;479;75;183;32;21;855;458
3568;56,05;101,74;0,00;0,00;0,00;0,10;0,00;0,00;257;96;49;37;23;150;491
3569;50,70;64,88;0,00;0,00;0,00;0,06;0,00;0,00;451;29;195;42;22;462;377
3570;61,95;90,47;0,00;0,00;0,00;0,09;0,00;0,00;12;54;199;28;27;713;880
3571;45,53;-3,38;0,00;0,00;0,00;-0,00;0,00;0,00;375;81;16;32;15;328;720
3572;32,76;-49,03;0,00;0,00;0,00;-0,05;0,00;0,00;147;150;181;34;28;729;753
3573;76,83;222,26;0,00;0,00;0,00;0,22;0,00;0,00;477;128;87;26;37;707;506
3574;62,31;133,55;0,00;0,00;0,00;0,13;0,00;0,00;424;174;93;40;15;192;503
3575;37,29;8,60;0,00;0,00;0,00;0,01;0,00;0,00;280;20;56;48;38;178;299
3576;45,87;-75,13;0,00;0,00;0,00;-0,08;0,00;0,00;46;98;28;33;22;983;848
3577;33,98;-121,94;0,00;0,00;0,00;-0,12;0,00;0,00;151;53;171;10;22;524;919
3578;53,00;137,45;0,00;0,00;0,00;0,14;0,00;0,00;353;114;110;33;29;778;187
3579;51,08;-47,86;0,00;0,00;0,00;-0,05;0,00;0,00;156;115;115;14;20;534;602
3580;53,71;35,62;0,00;0,00;0,00;0,04;0,00;0,00;350;70;21;38;39;611;550
3581;41,31;-124,79;0,00;0,00;0,00;-0,12;0,00;0,00;212;93;198;16;24;797;895
3582;36,71;-110,83;0,00;0,00;0,00;-0,11;0,00;0,00;102;13;190;44;38;978;665
3583;51,53;-28,60;0,00;0,00;0,00;-0,03;0,00;0,00;208;101;158;16;39;131;605
3584;19,53;-331,56;0,00;0,00;0,00;-0,33;0,00;0,00;199;53;54;12;25;384;840
3585;55,46;19,65;0,00;0,00;0,00;0,02;0,00;0,00;351;92;192;17;32;370;657
3586;64,21;145,15;0,00;0,00;0,00;0,15;0,00;0,00;334;44;35;27;17;692;535
3587;64,91;154,70;0,00;0,00;0,00;0,15;0,00;0,00;290;45;34;24;36;962;582
3588;56,09;40,65;0,00;0,00;0,00;0,04;0,00;0,00;98;34;146;14;22;207;953
3589;37,71;-112,67;0,00;0,00;0,00;-0,11;0,00;0,00;203;156;79;22;27;592;864
3590;44,34;-122,57;0,00;0,00;0,00;-0,12;0,00;0,00;34;49;144;37;23;950;359
3591;22,31;-313,76;0,00;0,00;0,00;-0,31;0,00;0,00;124;93;127;29;37;550;496
3592;57,35;42,15;0,00;0,00;0,00;0,04;0,00;0,00;457;52;37;30;20;820;999
3593;68,62;146,13;0,00;0,00;0,00;0,15;0,00;0,00;73;107;176;27;17;705;564
3594;17,45;-401,36;0,00;0,00;0,00;-0,40;0,00;0,00;297;134;72;32;24;355;397
3595;98,24;495,22;0,00;0,00;0,00;0,50;0,00;0,00;418;73;40;41;17;355;417
3596;85,42;392,98;0,00;0,00;0,00;0,39;0,00;0,00;223;42;51;25;36;484;720
3597;45,26;-127,73;0,00;0,00;0,00;-0,13;0,00;0,00;295;140;169;43;15;729;730
3598;29,09;-188,54;0,00;0,00;0,00;-0,19;0,00;0,00;491;125;25;31;27;472;453
3599;70,26;226,43;0,00;0,00;0,00;0,23;0,00;0,00;175;65;73;44;17;502;487
3600;60,39;182,83;0,00;0,00;0,00;0,18;0,00;0,00;73;159;177;28;37;633;620
3601;70,00;182,75;0,00;0,00;0,00;0,18;0,00;0,00;182;21;114;48;32;255;776
3602;65,08;174,27;0,00;0,00;0,00;0,17;0,00;0,00;427;61;177;37;20;957;185
3603;52,54;23,87;0,00;0,00;0,00;0,02;0,00;0,00;456;60;10;49;18;468;591
3604;48,20;-99,20;0,00;0,00;0,00;-0,10;0,00;0,00;81;40;168;38;33;198;991
3605;70,60;190,05;0,00;0,00;0,00;0,19;0,00;0,00;277;16;87;26;18;498;671
3606;75,12;303,86;0,00;0,00;0,00;0,30;0,00;0,00;109;87;99;35;29;446;840
3607;65,15;181,45;0,00;0,00;0,00;0,18;0,00;0,00;190;158;114;49;37;832;505
3608;29,82;-173,91;0,00;0,00;0,00;-0,17;0,00;0,00;307;67;36;44;18;776;778
3609;37,57;-146,03;0,00;0,00;0,00;-0,15;0,00;0,00;234;164;96;14;19;547;104
3610;51,93;-39,87;0,00;0,00;0,00;-0,04;0,00;0,00;235;95;122;11;25;151;860
3611;42,16;-105,44;0,00;0,00;0,00;-0,11;0,00;0,00;191;174;78;34;36;560;498
3612;43,69;-24,00;0,00;0,00;0,00;-0,02;0,00;0,00;484;187;147;35;26;879;467
3613;59,47;80,55;0,00;0,00;0,00;0,08;0,00;0,00;17;97;25;18;21;303;244
3614;27,55;-235,67;0,00;0,00;0,00;-0,24;0,00;0,00;465;173;151;38;33;480;643
3615;76,11;316,65;0,00;0,00;0,00;0,32;0,00;0,00;418;103;98;48;38;456;413
3616;59,39;46,35;0,00;0,00;0,00;0,05;0,00;0,00;493;150;33;28;19;726;277
3617;69,23;161,48;0,00;0,00;0,00;0,16;0,00;0,00;73;107;93;42;19;513;194
3618;1,59;-507,93;0,00;0,00;0,00;-0,51;0,00;0,00;467;11;142;43;17;595;995
3619;52,28;16,63;0,00;0,00;0,00;0,02;0,00;0,00;205;188;79;28;17;885;925
3620;62,58;136,47;0,00;0,00;0,00;0,14;0,00;0,00;206;77;66;31;24;370;133
3621;37,98;-44,95;0,00;0,00;0,00;-0,04;0,00;0,00;52;116;148;27;38;326;537
3622;66,99;99,32;0,00;0,00;0,00;0,10;0,00;0,00;177;126;92;17;30;591;420
3623;54,66;24,41;0,00;0,00;0,00;0,02;0,00;0,00;399;130;193;11;33;233;978
3624;22,75;-202,58;0,00;0,00;0,00;-0,20;0,00;0,00;235;143;75;39;30;273;805
3625;65,22;121,50;0,00;0,00;0,00;0,12;0,00;0,00;419;152;179;20;31;660;666
3626;51,58;16,05;0,00;0,00;0,00;0,02;0,00;0,00;320;51;149;19;29;750;563
3627;46,02;34,13;0,00;0,00;0,00;0,03;0,00;0,00;108;47;26;24;33;640;541
3628;44,31;-20,86;0,00;0,00;0,00;-0,02;0,00;0,00;444;99;125;22;31;824;710
3629;62,20;68,88;0,00;0,00;0,00;0,07;0,00;0,00;485;180;88;25;26;380;472
3630;26,06;-163,68;0,00;0,00;0,00;-0,16;0,00;0,00;352;25;169;11;25;575;570
3631;47,12;-51,87;0,00;0,00;0,00;-0,05;0,00;0,00;135;188;95;35;27;789;721
3632;69,09;258,74;0,00;0,00;0,00;0,26;0,00;0,00;20;159;79;42;32;457;558
3633;52,72;-20,51;0,00;0,00;0,00;-0,02;0,00;0,00;340;68;28;36;28;238;627
3634;52,10;-27,67;0,00;0,00;0,00;-0,03;0,00;0,00;172;32;184;37;25;250;816
3635;47,40;-104,65;0,00;0,00;0,00;-0,10;0,00;0,00;161;47;146;36;33;791;883
3636;32,54;-227,67;0,00;0,00;0,00;-0,23;0,00;0,00;88;168;183;41;30;474;331
3637;32,81;-148,38;0,00;0,00;0,00;-0,15;0,00;0,00;458;98;76;34;15;552;889
3638;48,29;41,89;0,00;0,00;0,00;0,04;0,00;0,00;10;48;88;12;29;296;883
3639;61,76;136,16;0,00;0,00;0,00;0,14;0,00;0,00;348;57;102;18;28;275;267
3640;38,16;-149,53;0,00;0,00;0,00;-0,15;0,00;0,00;381;175;117;34;23;978;450
3641;68,14;165,49;0,00;0,00;0,00;0,17;0,00;0,00;112;69;146;30;25;201;768
3642;70,69;180,75;0,00;0,00;0,00;0,18;0,00;0,00;241;167;159;40;33;960;574
3643;37,94;-149,84;0,00;0,00;0,00;-0,15;0,00;0,00;363;108;196;41;27;560;378
3644;50,27;-29,99;0,00;0,00;0,00;-0,03;0,00;0,00;374;13;94;42;20;881;911
3645;49,70;-10,57;0,00;0,00;0,00;-0,01;0,00;0,00;141;13;142;45;27;120;606
3646;44,24;-63,01;0,00;0,00;0,00;-0,06;0,00;0,00;300;16;67;34;15;369;414
3647;23,31;-280,91;0,00;0,00;0,00;-0,28;0,00;0,00;449;163;27;14;23;944;253
3648;20,68;-278,87;0,00;0,00;0,00;-0,28;0,00;0,00;390;79;37;43;27;594;431
3649;42,74;-81,42;0,00;0,00;0,00;-0,08;0,00;0,00;42;144;78;47;26;659;238
3650;40,23;-40,24;0,00;0,00;0,00;-0,04;0,00;0,00;223;74;89;48;22;958;441
3651;65,13;213,80;0,00;0,00;0,00;0,21;0,00;0,00;82;144;168;23;23;975;979
3652;73,29;250,65;0,00;0,00;0,00;0,25;0,00;0,00;220;163;98;14;30;731;288
3653;66,38;170,17;0,00;0,00;0,00;0,17;0,00;0,00;18;167;158;43;19;326;236
3654;59,61;113,92;0,00;0,00;0,00;0,11;0,00;0,00;422;134;23;19;32;939;985
3655;24,60;-200,57;0,00;0,00;0,00;-0,20;0,00;0,00;432;195;72;16;17;964;623
3656;21,27;-364,44;0,00;0,00;0,00;-0,36;0,00;0,00;60;33;105;16;18;583;504
3657;43,07;-89,46;0,00;0,00;0,00;-0,09;0,00;0,00;160;88;44;18;25;839;761
3658;41,64;-85,27;0,00;0,00;0,00;-0,09;0,00;0,00;342;89;68;47;24;163;808
3659;56,92;36,02;0,00;0,00;0,00;0,04;0,00;0,00;277;85;15;42;35;760;309
3660;49,43;-13,99;0,00;0,00;0,00;-0,01;0,00;0,00;406;71;150;41;33;823;203
3661;60,56;75,92;0,00;0,00;0,00;0,08;0,00;0,00;368;47;20;13;31;822;510
3662;73,31;278,86;0,00;0,00;0,00;0,28;0,00;0,00;216;62;33;34;23;215;429
3663;33,29;-190,74;0,00;0,00;0,00;-0,19;0,00;0,00;87;21;155;43;24;557;191
3664;41,94;-8,96;0,00;0,00;0,00;-0,01;0,00;0,00;355;152;144;22;23;535;489
3665;64,77;168,29;0,00;0,00;0,00;0,17;0,00;0,00;179;136;166;42;23;849;533
3666;48,11;-90,56;0,00;0,00;0,00;-0,09;0,00;0,00;377;187;111;11;18;119;631
3667;65,59;214,34;0,00;0,00;0,00;0,21;0,00;0,00;148;132;92;44;26;167;689
3668;27,98;-341,66;0,00;0,00;0,00;-0,34;0,00;0,00;60;95;12;33;16;706;684
3669;30,37;-215,22;0,00;0,00;0,00;-0,22;0,00;0,00;448;194;11;39;28;339;639
3670;52,53;94,93;0,00;0,00;0,00;0,09;0,00;0,00;83;51;86;25;23;605;203
3671;60,74;121,53;0,00;0,00;0,00;0,12;0,00;0,00;222;184;161;35;16;477;246
3672;54,02;163,31;0,00;0,00;0,00;0,16;0,00;0,00;137;148;144;40;29;549;933
3673;45,30;-92,16;0,00;0,00;0,00;-0,09;0,00;0,00;92;28;144;35;31;506;809
3674;63,04;138,55;0,00;0,00;0,00;0,14;0,00;0,00;492;135;171;35;23;415;312
3675;64,31;176,14;0,00;0,00;0,00;0,18;0,00;0,00;480;164;24;44;20;540;654
3676;37,26;-114,48;0,00;0,00;0,00;-0,11;0,00;0,00;251;41;154;31;17;747;141
3677;40,84;-84,33;0,00;0,00;0,00;-0,08;0,00;0,00;363;49;128;44;28;615;700
3678;25,45;-336,88;0,00;0,00;0,00;-0,34;0,00;0,00;74;127;106;11;16;722;485
3679;43,35;-51,88;0,00;0,00;0,00;-0,05;0,00;0,00;303;20;187;14;30;386;374
3680;61,60;51,40;0,00;0,00;0,00;0,05;0,00;0,00;474;65;152;17;30;272;678
3681;37,54;-195,56;0,00;0,00;0,00;-0,20;0,00;0,00;173;38;45;14;21;622;154
3682;38,81;-32,70;0,00;0,00;0,00;-0,03;0,00;0,00;390;51;10;43;31;374;254
3683;37,93;-152,22;0,00;0,00;0,00;-0,15;0,00;0,00;496;104;56;29;30;185;953
3684;51,61;7,73;0,00;0,00;0,00;0,01;0,00;0,00;362;84;42;31;34;628;885
3685;70,74;174,51;0,00;0,00;0,00;0,17;0,00;0,00;40;187;105;35;18;323;316
3686;54,45;60,97;0,00;0,00;0,00;0,06;0,00;0,00;325;56;84;23;38;246;952
3687;53,54;-37,72;0,00;0,00;0,00;-0,04;0,00;0,00;466;33;65;35;17;591;679
3688;56,94;78,74;0,00;0,00;0,00;0,08;0,00;0,00;341;13;98;11;33;474;233
3689;49,66;-12,94;0,00;0,00;0,00;-0,01;0,00;0,00;248;135;48;39;37;899;324
3690;65,36;183,11;0,00;0,00;0,00;0,18;0,00;0,00;220;110;157;46;29;986;125
3691;54,04;25,70;0,00;0,00;0,00;0,03;0,00;0,00;414;43;27;30;36;938;289
3692;28,73;-250,36;0,00;0,00;0,00;-0,25;0,00;0,00;465;27;194;46;23;509;480
3693;41,71;-161,73;0,00;0,00;0,00;-0,16;0,00;0,00;150;65;119;26;32;345;915
3694;71,16;271,78;0,00;0,00;0,00;0,27;0,00;0,00;284;155;101;25;19;544;353
3695;66,07;103,95;0,00;0,00;0,00;0,10;0,00;0,00;178;198;123;14;15;524;919
3696;68,19;186,24;0,00;0,00;0,00;0,19;0,00;0,00;277;166;169;40;35;444;575
3697;59,75;75,79;0,00;0,00;0,00;0,08;0,00;0,00;492;163;53;25;21;474;893
3698;66,00;64,94;0,00;0,00;0,00;0,06;0,00;0,00;438;97;134;44;18;572;978
3699;38,23;-88,75;0,00;0,00;0,00;-0,09;0,00;0,00;181;135;28;42;16;845;351
3700;55,33;18,63;0,00;0,00;0,00;0,02;0,00;0,00;416;89;33;35;27;682;812
3701;78,87;285,29;0,00;0,00;0,00;0,29;0,00;0,00;198;128;25;22;27;198;909
3702;53,78;39,22;0,00;0,00;0,00;0,04;0,00;0,00;183;148;49;36;33;827;762
3703;83,11;313,00;0,00;0,00;0,00;0,31;0,00;0,00;444;40;193;25;19;885;147
3704;46,24;-87,08;0,00;0,00;0,00;-0,09;0,00;0,00;104;74;106;43;24;113;522
3705;43,72;-81,28;0,00;0,00;0,00;-0,08;0,00;0,00;368;71;172;29;20;901;347
3706;82,13;339,81;0,00;0,00;0,00;0,34;0,00;0,00;64;69;159;47;35;941;494
3707;59,56;127,85;0,00;0,00;0,00;0,13;0,00;0,00;28;19;18;15;35;887;347
3708;37,01;-149,45;0,00;0,00;0,00;-0,15;0,00;0,00;346;19;108;44;35;735;622
3709;35,83;-113,90;0,00;0,00;0,00;-0,11;0,00;0,00;215;31;164;26;29;770;789
3710;43,07;-95,79;0,00;0,00;0,00;-0,10;0,00;0,00;189;48;11;11;24;963;798
3711;65,39;200,09;0,00;0,00;0,00;0,20;0,00;0,00;334;172;90;18;22;608;286
3712;45,20;-19,75;0,00;0,00;0,00;-0,02;0,00;0,00;268;117;162;31;25;628;815
3713;63,63;98,21;0,00;0,00;0,00;0,10;0,00;0,00;281;120;173;10;17;398;884
3714;40,49;-117,08;0,00;0,00;0,00;-0,12;0,00;0,00;365;64;132;26;39;314;768
3715;22,17;-226,18;0,00;0,00;0,00;-0,23;0,00;0,00;274;78;15;33;39;222;815
3716;38,58;-161,53;0,00;0,00;0,00;-0,16;0,00;0,00;302;179;165;29;25;706;881
3717;59,47;89,26;0,00;0,00;0,00;0,09;0,00;0,00;198;106;154;39;17;103;131
3718;70,51;180,39;0,00;0,00;0,00;0,18;0,00;0,00;478;188;37;15;33;169;133
3719;69,92;155,66;0,00;0,00;0,00;0,16;0,00;0,00;17;64;64;47;17;290;752
3720;47,84;47,61;0,00;0,00;0,00;0,05;0,00;0,00;305;102;138;32;33;321;611
3721;43,36;-54,89;0,00;0,00;0,00;-0,05;0,00;0,00;357;45;189;34;36;723;624
3722;69,65;192,13;0,00;0,00;0,00;0,19;0,00;0,00;303;25;190;42;36;247;540
3723;35,58;-87,50;0,00;0,00;0,00;-0,09;0,00;0,00;439;146;99;48;24;275;833
3724;31,17;-140,77;0,00;0,00;0,00;-0,14;0,00;0,00;76;61;62;42;22;640;809
3725;38,91;-207,71;0,00;0,00;0,00;-0,21;0,00;0,00;405;155;108;41;20;667;709
3726;62,95;-9,85;0,00;0,00;0,00;-0,01;0,00;0,00;399;14;157;17;33;591;533
3727;56,42;84,60;0,00;0,00;0,00;0,08;0,00;0,00;56;95;183;49;18;174;498
3728;54,20;18,03;0,00;0,00;0,00;0,02;0,00;0,00;192;81;28;20;16;239;496
3729;37,40;-80,50;0,00;0,00;0,00;-0,08;0,00;0,00;438;124;46;15;30;685;375
3730;32,83;-181,95;0,00;0,00;0,00;-0,18;0,00;0,00;342;88;102;19;23;571;698
3731;79,84;278,14;0,00;0,00;0,00;0,28;0,00;0,00;129;182;186;12;35;132;130
3732;57,69;68,91;0,00;0,00;0,00;0,07;0,00;0,00;384;101;162;13;28;172;869
3733;31,14;-201,69;0,00;0,00;0,00;-0,20;0,00;0,00;148;103;119;45;39;390;168
3734;32,93;-151,44;0,00;0,00;0,00;-0,15;0,00;0,00;248;125;106;25;21;977;112
3735;86,21;347,38;0,00;0,00;0,00;0,35;0,00;0,00;468;117;140;27;23;705;488
3736;31,40;-187,15;0,00;0,00;0,00;-0,19;0,00;0,00;400;54;128;17;29;681;714
3737;42,84;-92,57;0,00;0,00;0,00;-0,09;0,00;0,00;177;53;53;40;26;954;151
3738;70,46;215,91;0,00;0,00;0,00;0,22;0,00;0,00;161;106;147;49;38;324;808
3739;52,76;-63,37;0,00;0,00;0,00;-0,06;0,00;0,00;320;194;72;16;18;882;393
3740;23,81;-255,13;0,00;0,00;0,00;-0,26;0,00;0,00;93;25;171;12;28;668;978
3741;40,21;-87,19;0,00;0,00;0,00;-0,09;0,00;0,00;342;177;56;27;32;557;336
3742;89,08;360,08;0,00;0,00;0,00;0,36;0,00;0,00;138;27;19;21;21;785;652
3743;60,09;79,33;0,00;0,00;0,00;0,08;0,00;0,00;125;117;188;36;39;533;169
3744;72,55;255,90;0,00;0,00;0,00;0,26;0,00;0,00;256;110;168;35;17;538;369
3745;58,03;48,27;0,00;0,00;0,00;0,05;0,00;0,00;31;87;76;45;17;483;587
3746;47,32;-2,59;0,00;0,00;0,00;-0,00;0,00;0,00;172;46;86;33;32;573;624
3747;76,14;284,28;0,00;0,00;0,00;0,28;0,00;0,00;397;35;36;21;21;485;893
3748;48,48;-34,22;0,00;0,00;0,00;-0,03;0,00;0,00;447;114;10;45;18;233;156
3749;42,88;-154,71;0,00;0,00;0,00;-0,15;0,00;0,00;80;24;197;11;31;110;445
3750;55,17;97,28;0,00;0,00;0,00;0,10;0,00;0,00;410;125;87;16;26;786;209
3751;42,33;-50,90;0,00;0,00;0,00;-0,05;0,00;0,00;174;171;140;24;27;508;116
3752;27,68;-245,85;0,00;0,00;0,00;-0,25;0,00;0,00;465;131;173;39;28;741;540
3753;42,20;-94,86;0,00;0,00;0,00;-0,09;0,00;0,00;183;147;127;49;23;554;719
3754;53,42;51,79;0,00;0,00;0,00;0,05;0,00;0,00;379;64;152;10;21;831;477
3755;56,88;73,31;0,00;0,00;0,00;0,07;0,00;0,00;219;196;10;39;29;200;627
3756;46,95;58,90;0,00;0,00;0,00;0,06;0,00;0,00;296;128;169;44;18;651;886
3757;58,34;133,21;0,00;0,00;0,00;0,13;0,00;0,00;325;62;90;32;24;812;456
3758;64,53;118,46;0,00;0,00;0,00;0,12;0,00;0,00;48;130;152;34;23;370;602
3759;42,44;-98,81;0,00;0,00;0,00;-0,10;0,00;0,00;434;63;54;11;21;592;887
3760;62,19;59,06;0,00;0,00;0,00;0,06;0,00;0,00;229;190;189;11;20;465;805
3761;64,78;203,92;0,00;0,00;0,00;0,20;0,00;0,00;29;131;103;41;24;346;465
3762;47,23;-74,44;0,00;0,00;0,00;-0,07;0,00;0,00;361;132;177;12;35;956;973
3763;54,90;82,37;0,00;0,00;0,00;0,08;0,00;0,00;312;14;53;11;24;529;212
3764;40,44;-33,67;0,00;0,00;0,00;-0,03;0,00;0,00;250;146;187;41;27;752;782
3765;52,16;54,91;0,00;0,00;0,00;0,05;0,00;0,00;402;19;59;16;38;862;311
3766;66,98;188,86;0,00;0,00;0,00;0,19;0,00;0,00;154;167;194;23;18;951;945
3767;74,44;258,85;0,00;0,00;0,00;0,26;0,00;0,00;193;48;25;26;32;502;949
3768;40,30;-82,86;0,00;0,00;0,00;-0,08;0,00;0,00;258;141;88;42;39;141;704
3769;38,73;-173,44;0,00;0,00;0,00;-0,17;0,00;0,00;444;93;71;32;37;880;696
3770;84,82;290,73;0,00;0,00;0,00;0,29;0,00;0,00;483;192;131;23;37;815;744
3771;44,90;-52,44;0,00;0,00;0,00;-0,05;0,00;0,00;381;16;15;32;36;651;941
3772;56,80;34,22;0,00;0,00;0,00;0,03;0,00;0,00;259;108;95;22;27;498;824
3773;29,49;-243,63;0,00;0,00;0,00;-0,24;0,00;0,00;165;80;92;21;24;541;334
3774;53,21;31,13;0,00;0,00;0,00;0,03;0,00;0,00;383;159;58;34;16;411;395
3775;32,83;-157,87;0,00;0,00;0,00;-0,16;0,00;0,00;29;123;197;28;32;478;528
3776;56,61;108,56;0,00;0,00;0,00;0,11;0,00;0,00;115;73;157;41;37;840;304
3777;55,30;116,78;0,00;0,00;0,00;0,12;0,00;0,00;126;85;53;36;35;232;671
3778;49,11;-32,00;0,00;0,00;0,00;-0,03;0,00;0,00;166;190;84;46;33;765;202
3779;44,03;-38,83;0,00;0,00;0,00;-0,04;0,00;0,00;324;136;130;48;24;215;443
3780;47,88;-50,04;0,00;0,00;0,00;-0,05;0,00;0,00;412;143;49;28;18;111;511
3781;33,67;-119,87;0,00;0,00;0,00;-0,12;0,00;0,00;30;62;34;22;32;944;593
3782;56,03;57,95;0,00;0,00;0,00;0,06;0,00;0,00;250;12;38;24;36;207;420
3783;51,62;-24,21;0,00;0,00;0,00;-0,02;0,00;0,00;58;65;180;10;25;596;700
3784;55,28;83,46;0,00;0,00;0,00;0,08;0,00;0,00;75;65;110;19;25;325;666
3785;67,84;142,25;0,00;0,00;0,00;0,14;0,00;0,00;427;161;151;48;28;394;823
3786;48,61;111,14;0,00;0,00;0,00;0,11;0,00;0,00;398;126;46;21;39;173;777
3787;44,58;-13,03;0,00;0,00;0,00;-0,01;0,00;0,00;209;113;45;39;18;333;870
3788;54,52;47,21;0,00;0,00;0,00;0,05;0,00;0,00;292;23;51;34;21;469;352
3789;52,13;99,26;0,00;0,00;0,00;0,10;0,00;0,00;228;31;72;12;16;977;150
3790;48,33;9,88;0,00;0,00;0,00;0,01;0,00;0,00;342;79;108;28;35;824;342
3791;41,37;-26,59;0,00;0,00;0,00;-0,03;0,00;0,00;234;185;107;31;35;758;172
3792;34,50;-155,71;0,00;0,00;0,00;-0,16;0,00;0,00;435;18;151;13;22;971;508
3793;59,18;61,51;0,00;0,00;0,00;0,06;0,00;0,00;398;177;187;44;33;886;978
3794;4,31;-445,57;0,00;0,00;0,00;-0,45;0,00;0,00;161;51;140;48;28;681;520
3795;42,99;-83,57;0,00;0,00;0,00;-0,08;0,00;0,00;309;34;197;46;18;292;417
3796;56,42;75,15;0,00;0,00;0,00;0,08;0,00;0,00;479;20;103;15;15;914;449
3797;64,55;150,99;0,00;0,00;0,00;0,15;0,00;0,00;297;176;173;19;39;863;770
3798;64,97;176,25;0,00;0,00;0,00;0,18;0,00;0,00;400;184;168;40;27;805;373
3799;59,43;18,26;0,00;0,00;0,00;0,02;0,00;0,00;107;107;175;35;18;502;789
3800;56,67;156,39;0,00;0,00;0,00;0,16;0,00;0,00;68;102;30;39;19;896;512
3801;54,04;-7,69;0,00;0,00;0,00;-0,01;0,00;0,00;58;13;188;24;17;225;848
3802;39,66;-116,32;0,00;0,00;0,00;-0,12;0,00;0,00;48;147;107;34;38;869;158
3803;44,62;-55,71;0,00;0,00;0,00;-0,06;0,00;0,00;130;106;174;15;24;630;444
3804;52,01;-14,19;0,00;0,00;0,00;-0,01;0,00;0,00;43;45;45;33;24;160;382
3805;76,18;325,73;0,00;0,00;0,00;0,33;0,00;0,00;20;122;38;32;39;445;718
3806;77,42;209,45;0,00;0,00;0,00;0,21;0,00;0,00;104;159;31;28;24;268;737
3807;22,01;-366,14;0,00;0,00;0,00;-0,37;0,00;0,00;107;38;134;30;16;884;979
3808;60,69;95,19;0,00;0,00;0,00;0,10;0,00;0,00;202;40;174;45;37;289;990
3809;25,34;-218,19;0,00;0,00;0,00;-0,22;0,00;0,00;94;79;163;38;32;297;916
3810;52,94;162,95;0,00;0,00;0,00;0,16;0,00;0,00;186;113;94;31;33;235;831
3811;30,40;-227,02;0,00;0,00;0,00;-0,23;0,00;0,00;437;29;83;13;34;308;938
3812;65,02;92,24;0,00;0,00;0,00;0,09;0,00;0,00;466;48;77;20;15;401;232
3813;39,54;-73,67;0,00;0,00;0,00;-0,07;0,00;0,00;61;83;91;41;18;542;950
3814;53,71;70,45;0,00;0,00;0,00;0,07;0,00;0,00;398;138;191;42;29;343;142
3815;45,20;-26,07;0,00;0,00;0,00;-0,03;0,00;0,00;130;148;118;33;30;482;767
3816;66,14;180,50;0,00;0,00;0,00;0,18;0,00;0,00;355;155;135;15;31;922;381
3817;43,36;-58,78;0,00;0,00;0,00;-0,06;0,00;0,00;11;150;35;10;18;396;901
3818;30,10;-158,22;0,00;0,00;0,00;-0,16;0,00;0,00;397;147;136;20;16;519;840
3819;43,70;-206,05;0,00;0,00;0,00;-0,21;0,00;0,00;461;62;44;32;29;475;706
3820;69,60;244,92;0,00;0,00;0,00;0,24;0,00;0,00;330;194;144;13;23;995;242
3821;47,92;-9,47;0,00;0,00;0,00;-0,01;0,00;0,00;417;183;157;37;21;190;275
3822;68,36;161,52;0,00;0,00;0,00;0,16;0,00;0,00;192;115;112;23;19;214;561
3823;31,13;-175,10;0,00;0,00;0,00;-0,18;0,00;0,00;209;168;102;26;25;838;408
3824;35,98;-158,46;0,00;0,00;0,00;-0,16;0,00;0,00;406;53;143;32;16;102;716
3825;60,55;56,39;0,00;0,00;0,00;0,06;0,00;0,00;169;100;76;33;36;716;352
3826;47,22;-93,22;0,00;0,00;0,00;-0,09;0,00;0,00;84;147;43;39;25;874;975
3827;37,83;-35,41;0,00;0,00;0,00;-0,04;0,00;0,00;330;133;120;43;19;132;876
3828;12,22;-403,50;0,00;0,00;0,00;-0,40;0,00;0,00;321;132;198;14;24;432;948
3829;59,00;132,05;0,00;0,00;0,00;0,13;0,00;0,00;168;59;26;33;23;578;421
3830;54,47;158,73;0,00;0,00;0,00;0,16;0,00;0,00;165;48;151;27;21;504;414
3831;79,71;270,97;0,00;0,00;0,00;0,27;0,00;0,00;123;128;76;16;30;549;445
3832;41,42;-151,78;0,00;0,00;0,00;-0,15;0,00;0,00;65;29;123;36;25;675;805
3833;65,63;162,71;0,00;0,00;0,00;0,16;0,00;0,00;468;90;126;27;39;971;867
3834;49,82;-1,63;0,00;0,00;0,00;-0,00;0,00;0,00;461;100;63;36;20;364;560
3835;53,54;-36,12;0,00;0,00;0,00;-0,04;0,00;0,00;11;162;137;31;30;445;550
3836;51,87;88,97;0,00;0,00;0,00;0,09;0,00;0,00;221;104;123;35;39;853;820
3837;25,55;-300,80;0,00;0,00;0,00;-0,30;0,00;0,00;414;12;75;41;22;700;576
3838;21,81;-318,25;0,00;0,00;0,00;-0,32;0,00;0,00;470;167;124;35;17;829;378
3839;68,16;173,13;0,00;0,00;0,00;0,17;0,00;0,00;135;64;74;27;17;597;943
3840;64,12;133,32;0,00;0,00;0,00;0,13;0,00;0,00;287;20;197;40;18;112;854
3841;66,40;133,60;0,00;0,00;0,00;0,13;0,00;0,00;134;80;140;49;15;750;369
3842;59,37;33,35;0,00;0,00;0,00;0,03;0,00;0,00;40;105;175;46;30;630;919
3843;68,37;214,23;0,00;0,00;0,00;0,21;0,00;0,00;57;156;88;11;33;825;973
3844;81,54;349,58;0,00;0,00;0,00;0,35;0,00;0,00;319;63;165;33;30;601;536
3845;55,51;16,77;0,00;0,00;0,00;0,02;0,00;0,00;275;145;87;32;22;168;991
3846;33,39;-219,06;0,00;0,00;0,00;-0,22;0,00;0,00;210;154;145;38;18;590;279
3847;43,94;-90,59;0,00;0,00;0,00;-0,09;0,00;0,00;39;93;162;29;16;154;316
3848;72,31;203,82;0,00;0,00;0,00;0,20;0,00;0,00;446;173;162;48;31;984;456
3849;51,85;55,28;0,00;0,00;0,00;0,06;0,00;0,00;125;148;69;17;37;641;380
3850;71,39;204,96;0,00;0,00;0,00;0,20;0,00;0,00;72;90;127;12;37;686;137
3851;48,55;-16,11;0,00;0,00;0,00;-0,02;0,00;0,00;491;110;55;12;39;463;916
3852;38,97;-76,37;0,00;0,00;0,00;-0,08;0,00;0,00;351;154;163;14;34;887;491
3853;45,18;-121,58;0,00;0,00;0,00;-0,12;0,00;0,00;187;83;94;44;29;394;789
3854;41,94;-162,29;0,00;0,00;0,00;-0,16;0,00;0,00;440;86;26;45;23;505;673
3855;54,25;141,94;0,00;0,00;0,00;0,14;0,00;0,00;124;172;193;33;25;611;887
3856;52,32;19,68;0,00;0,00;0,00;0,02;0,00;0,00;70;58;86;47;16;714;898
3857;93,96;453,13;0,00;0,00;0,00;0,45;0,00;0,00;409;173;71;28;27;933;123
3858;53,67;-9,06;0,00;0,00;0,00;-0,01;0,00;0,00;402;80;96;20;29;599;327
3859;55,52;9,36;0,00;0,00;0,00;0,01;0,00;0,00;112;170;30;35;28;663;598
3860;67,79;158,03;0,00;0,00;0,00;0,16;0,00;0,00;36;142;83;38;29;579;442
3861;62,01;144,22;0,00;0,00;0,00;0,14;0,00;0,00;317;50;135;24;18;825;340
3862;74,63;278,95;0,00;0,00;0,00;0,28;0,00;0,00;332;39;65;32;29;685;291
3863;34,71;-133,75;0,00;0,00;0,00;-0,13;0,00;0,00;292;110;155;42;28;203;327
3864;34,78;-146,06;0,00;0,00;0,00;-0,15;0,00;0,00;492;120;68;33;36;138;519
3865;49,43;1,78;0,00;0,00;0,00;0,00;0,00;0,00;417;46;103;34;21;510;753
3866;39,44;-110,00;0,00;0,00;0,00;-0,11;0,00;0,00;438;149;138;30;23;227;154
3867;54,72;53,36;0,00;0,00;0,00;0,05;0,00;0,00;75;126;186;41;37;870;792
3868;58,82;15,58;0,00;0,00;0,00;0,02;0,00;0,00;201;122;128;23;20;270;161
3869;31,36;-254,22;0,00;0,00;0,00;-0,25;0,00;0,00;213;27;140;34;30;622;157
3870;47,54;51,71;0,00;0,00;0,00;0,05;0,00;0,00;191;152;24;27;24;365;414
3871;46,33;-30,44;0,00;0,00;0,00;-0,03;0,00;0,00;212;96;127;19;16;940;698
3872;63,96;126,08;0,00;0,00;0,00;0,13;0,00;0,00;139;32;165;42;25;231;450
3873;32,45;-170,97;0,00;0,00;0,00;-0,17;0,00;0,00;300;110;194;32;24;235;634
3874;56,06;61,17;0,00;0,00;0,00;0,06;0,00;0,00;50;41;164;32;20;979;267
3875;38,81;-47,88;0,00;0,00;0,00;-0,05;0,00;0,00;115;83;140;47;19;764;919
3876;64,19;131,21;0,00;0,00;0,00;0,13;0,00;0,00;198;168;157;18;17;992;165
3877;52,79;40,40;0,00;0,00;0,00;0,04;0,00;0,00;88;152;110;12;27;378;296
3878;52,50;33,30;0,00;0,00;0,00;0,03;0,00;0,00;374;47;129;35;28;409;508
3879;61,56;83,65;0,00;0,00;0,00;0,08;0,00;0,00;382;42;110;18;23;143;423
3880;51,75;-20,20;0,00;0,00;0,00;-0,02;0,00;0,00;144;117;181;15;23;190;718
3881;49,52;109,23;0,00;0,00;0,00;0,11;0,00;0,00;390;107;15;44;27;455;273
3882;42,71;-99,31;0,00;0,00;0,00;-0,10;0,00;0,00;284;151;35;33;36;977;917
3883;63,13;184,67;0,00;0,00;0,00;0,18;0,00;0,00;233;112;143;49;33;207;648
3884;41,15;-144,23;0,00;0,00;0,00;-0,14;0,00;0,00;467;195;152;21;19;249;557
3885;48,04;56,44;0,00;0,00;0,00;0,06;0,00;0,00;373;82;86;47;25;245;406
3886;43,40;-126,04;0,00;0,00;0,00;-0,13;0,00;0,00;377;179;11;48;26;397;320
3887;81,61;396,23;0,00;0,00;0,00;0,40;0,00;0,00;260;107;38;30;30;168;204
3888;46,47;-138,78;0,00;0,00;0,00;-0,14;0,00;0,00;365;133;173;32;16;261;754
3889;54,31;79,33;0,00;0,00;0,00;0,08;0,00;0,00;355;174;31;46;38;349;593
3890;68,07;131,71;0,00;0,00;0,00;0,13;0,00;0,00;438;162;66;32;28;498;700
3891;61,71;93,44;0,00;0,00;0,00;0,09;0,00;0,00;251;22;95;34;27;704;786
3892;54,87;71,46;0,00;0,00;0,00;0,07;0,00;0,00;480;16;52;14;31;231;590
3893;41,66;-57,77;0,00;0,00;0,00;-0,06;0,00;0,00;380;146;87;14;16;820;921
3894;51,62;33,86;0,00;0,00;0,00;0,03;0,00;0,00;325;16;192;44;16;131;904
3895;48,48;24,61;0,00;0,00;0,00;0,02;0,00;0,00;63;76;114;14;34;996;450
3896;40,10;-79,80;0,00;0,00;0,00;-0,08;0,00;0,00;314;38;112;49;22;559;758
3897;71,53;239,14;0,00;0,00;0,00;0,24;0,00;0,00;299;160;154;36;27;904;214
3898;60,68;62,43;0,00;0,00;0,00;0,06;0,00;0,00;63;63;44;33;29;790;316
3899;69,67;173,80;0,00;0,00;0,00;0,17;0,00;0,00;335;85;72;39;27;724;717
3900;54,06;0,56;0,00;0,00;0,00;0,00;0,00;0,00;138;44;66;38;28;708;213
3901;44,65;-132,09;0,00;0,00;0,00;-0,13;0,00;0,00;240;115;121;16;26;176;970
3902;74,24;271,10;0,00;0,00;0,00;0,27;0,00;0,00;211;98;38;45;27;500;654
3903;62,77;154,64;0,00;0,00;0,00;0,15;0,00;0,00;333;152;158;28;15;956;319
3904;41,09;-137,40;0,00;0,00;0,00;-0,14;0,00;0,00;97;62;27;11;23;300;108
3905;48,38;23,89;0,00;0,00;0,00;0,02;0,00;0,00;168;179;77;38;38;829;167
3906;60,00;92,48;0,00;0,00;0,00;0,09;0,00;0,00;198;21;163;31;20;928;738
3907;69,73;255,34;0,00;0,00;0,00;0,26;0,00;0,00;357;188;102;30;27;604;139
3908;5,76;-423,98;0,00;0,00;0,00;-0,42;0,00;0,00;19;133;86;24;21;786;414
3909;48,74;57,19;0,00;0,00;0,00;0,06;0,00;0,00;159;67;151;22;36;485;370
3910;49,76;42,76;0,00;0,00;0,00;0,04;0,00;0,00;90;164;115;49;20;500;255
3911;59,44;58,95;0,00;0,00;0,00;0,06;0,00;0,00;118;113;191;30;21;590;632
3912;67,77;155,25;0,00;0,00;0,00;0,16;0,00;0,00;441;11;122;28;33;703;225
3913;10,64;-365,71;0,00;0,00;0,00;-0,37;0,00;0,00;112;16;102;37;37;836;895
3914;47,07;-111,90;0,00;0,00;0,00;-0,11;0,00;0,00;314;31;131;40;23;368;230
3915;64,96;110,40;0,00;0,00;0,00;0,11;0,00;0,00;271;164;130;16;16;115;263
3916;58,95;50,87;0,00;0,00;0,00;0,05;0,00;0,00;195;187;177;40;38;888;383
3917;28,58;-263,68;0,00;0,00;0,00;-0,26;0,00;0,00;341;169;131;18;28;472;538
3918;68,62;112,16;0,00;0,00;0,00;0,11;0,00;0,00;321;37;158;34;19;192;182
3919;61,41;95,93;0,00;0,00;0,00;0,10;0,00;0,00;392;48;111;11;22;475;873
3920;85,59;276,49;0,00;0,00;0,00;0,28;0,00;0,00;135;192;158;15;35;519;596
3921;33,37;-158,66;0,00;0,00;0,00;-0,16;0,00;0,00;347;168;100;45;34;455;692
3922;78,95;358,97;0,00;0,00;0,00;0,36;0,00;0,00;340;93;70;41;33;515;866
3923;31,87;-195,63;0,00;0,00;0,00;-0,20;0,00;0,00;146;191;62;13;39;472;961
3924;74,13;223,02;0,00;0,00;0,00;0,22;0,00;0,00;146;146;22;33;17;819;358
3925;44,90;-65,30;0,00;0,00;0,00;-0,07;0,00;0,00;280;100;19;35;19;163;561
3926;51,83;14,11;0,00;0,00;0,00;0,01;0,00;0,00;49;86;56;10;19;910;330
3927;44,51;6,11;0,00;0,00;0,00;0,01;0,00;0,00;441;144;119;30;36;758;868
3928;40,87;-36,68;0,00;0,00;0,00;-0,04;0,00;0,00;92;10;135;15;29;236;937
3929;54,75;-33,64;0,00;0,00;0,00;-0,03;0,00;0,00;429;198;26;45;34;547;563
3930;44,62;-75,62;0,00;0,00;0,00;-0,08;0,00;0,00;467;42;170;47;22;827;534
3931;35,69;-297,78;0,00;0,00;0,00;-0,30;0,00;0,00;94;129;103;29;17;250;892
3932;76,11;263,09;0,00;0,00;0,00;0,26;0,00;0,00;36;64;15;18;31;870;184
3933;38,42;-38,82;0,00;0,00;0,00;-0,04;0,00;0,00;374;97;173;19;24;163;383
3934;59,37;159,95;0,00;0,00;0,00;0,16;0,00;0,00;212;167;126;13;28;530;581
3935;54,05;146,59;0,00;0,00;0,00;0,15;0,00;0,00;293;164;106;49;24;707;510
3936;51,34;39,62;0,00;0,00;0,00;0,04;0,00;0,00;395;98;155;48;34;656;688
3937;47,14;41,50;0,00;0,00;0,00;0,04;0,00;0,00;487;145;160;30;24;479;559
3938;50,70;20,69;0,00;0,00;0,00;0,02;0,00;0,00;38;142;10;49;29;143;694
3939;64,99;152,24;0,00;0,00;0,00;0,15;0,00;0,00;11;190;92;37;22;693;246
3940;53,71;66,42;0,00;0,00;0,00;0,07;0,00;0,00;154;78;197;43;18;801;748
3941;34,91;-193,58;0,00;0,00;0,00;-0,19;0,00;0,00;99;195;168;22;19;231;924
3942;71,58;230,17;0,00;0,00;0,00;0,23;0,00;0,00;387;139;122;25;35;861;783
3943;28,80;-215,01;0,00;0,00;0,00;-0,22;0,00;0,00;132;41;114;24;15;469;338
3944;42,56;-11,14;0,00;0,00;0,00;-0,01;0,00;0,00;205;42;81;12;32;642;274
3945;27,90;-174,60;0,00;0,00;0,00;-0,17;0,00;0,00;374;165;45;22;29;209;505
3946;57,92;16,34;0,00;0,00;0,00;0,02;0,00;0,00;312;73;12;16;35;259;434
3947;44,67;26,36;0,00;0,00;0,00;0,03;0,00;0,00;237;137;132;25;30;398;967
3948;67,28;225,81;0,00;0,00;0,00;0,23;0,00;0,00;486;97;55;27;24;946;806
3949;85,81;430,93;0,00;0,00;0,00;0,43;0,00;0,00;327;153;130;37;28;602;535
3950;69,41;200,86;0,00;0,00;0,00;0,20;0,00;0,00;269;187;65;13;18;660;133
3951;25,13;-275,93;0,00;0,00;0,00;-0,28;0,00;0,00;362;130;138;41;35;363;584
3952;37,80;-156,07;0,00;0,00;0,00;-0,16;0,00;0,00;265;24;191;41;26;296;154
3953;55,82;82,99;0,00;0,00;0,00;0,08;0,00;0,00;220;130;56;25;32;272;757
3954;68,93;159,81;0,00;0,00;0,00;0,16;0,00;0,00;32;117;22;31;16;721;733
3955;39,05;-169,23;0,00;0,00;0,00;-0,17;0,00;0,00;70;156;139;16;16;397;796
3956;64,39;156,99;0,00;0,00;0,00;0,16;0,00;0,00;395;58;151;10;36;469;797
3957;39,31;-209,79;0,00;0,00;0,00;-0,21;0,00;0,00;251;194;83;15;26;375;371
3958;58,62;60,30;0,00;0,00;0,00;0,06;0,00;0,00;345;47;190;29;39;574;916
3959;52,52;-27,69;0,00;0,00;0,00;-0,03;0,00;0,00;126;142;121;38;15;308;911
3960;38,64;-181,16;0,00;0,00;0,00;-0,18;0,00;0,00;187;137;107;41;29;250;896
3961;60,93;106,10;0,00;0,00;0,00;0,11;0,00;0,00;15;70;171;26;28;752;359
3962;58,34;124,57;0,00;0,00;0,00;0,12;0,00;0,00;114;73;37;41;17;979;834
3963;41,48;-48,63;0,00;0,00;0,00;-0,05;0,00;0,00;301;134;11;26;33;515;933
3964;63,56;98,00;0,00;0,00;0,00;0,10;0,00;0,00;128;119;119;35;23;694;797
3965;36,27;-146,74;0,00;0,00;0,00;-0,15;0,00;0,00;292;88;134;47;32;886;560
3966;71,98;213,74;0,00;0,00;0,00;0,21;0,00;0,00;285;90;30;37;37;720;549
3967;26,17;-262,34;0,00;0,00;0,00;-0,26;0,00;0,00;273;102;95;21;18;911;707
3968;65,77;84,31;0,00;0,00;0,00;0,08;0,00;0,00;216;177;36;41;37;585;877
3969;46,32;-43,52;0,00;0,00;0,00;-0,04;0,00;0,00;284;123;154;43;17;851;578
3970;69,88;131,35;0,00;0,00;0,00;0,13;0,00;0,00;105;39;125;11;15;278;637
3971;82,79;298,23;0,00;0,00;0,00;0,30;0,00;0,00;81;106;148;20;30;311;227
3972;49,10;-67,30;0,00;0,00;0,00;-0,07;0,00;0,00;234;79;175;13;16;949;449
3973;41,69;-103,88;0,00;0,00;0,00;-0,10;0,00;0,00;233;105;199;43;23;580;321
3974;53,18;-10,19;0,00;0,00;0,00;-0,01;0,00;0,00;40;130;51;29;35;745;379
3975;56,16;12,02;0,00;0,00;0,00;0,01;0,00;0,00;316;11;148;44;33;224;773
3976;88,77;416,85;0,00;0,00;0,00;0,42;0,00;0,00;125;58;198;20;20;863;437
3977;90,38;404,51;0,00;0,00;0,00;0,40;0,00;0,00;156;142;199;31;25;934;344
3978;46,02;46,36;0,00;0,00;0,00;0,05;0,00;0,00;430;178;176;24;15;986;573
3979;72,15;274,28;0,00;0,00;0,00;0,27;0,00;0,00;112;157;88;49;27;757;967
3980;49,42;-14,47;0,00;0,00;0,00;-0,01;0,00;0,00;78;28;35;30;27;862;947
3981;78,06;316,61;0,00;0,00;0,00;0,32;0,00;0,00;486;130;153;31;23;131;331
3982;6,46;-550,69;0,00;0,00;0,00;-0,55;0,00;0,00;212;55;41;30;39;120;170
3983;11,76;-350,64;0,00;0,00;0,00;-0,35;0,00;0,00;361;109;154;30;16;546;481
3984;50,90;-23,18;0,00;0,00;0,00;-0,02;0,00;0,00;382;131;87;21;39;273;656
3985;35,98;-49,93;0,00;0,00;0,00;-0,05;0,00;0,00;380;82;92;32;39;446;610
3986;63,39;143,76;0,00;0,00;0,00;0,14;0,00;0,00;400;42;189;21;29;834;164
3987;53,42;75,18;0,00;0,00;0,00;0,08;0,00;0,00;325;151;49;15;22;851;985
3988;35,15;-134,17;0,00;0,00;0,00;-0,13;0,00;0,00;242;78;91;10;39;739;635
3989;66,55;248,29;0,00;0,00;0,00;0,25;0,00;0,00;99;121;24;43;35;217;819
3990;35,06;-144,37;0,00;0,00;0,00;-0,14;0,00;0,00;373;57;166;47;20;420;850
3991;27,68;-193,42;0,00;0,00;0,00;-0,19;0,00;0,00;119;98;160;29;28;811;566
3992;45,44;61,62;0,00;0,00;0,00;0,06;0,00;0,00;36;101;177;42;36;559;252
3993;54,36;54,07;0,00;0,00;0,00;0,05;0,00;0,00;11;196;171;42;31;779;201
3994;48,86;-60,80;0,00;0,00;0,00;-0,06;0,00;0,00;70;45;166;12;28;668;219
3995;62,37;122,62;0,00;0,00;0,00;0,12;0,00;0,00;33;130;183;48;32;155;604
3996;46,98;3,69;0,00;0,00;0,00;0,00;0,00;0,00;453;101;160;49;29;235;639
3997;23,62;-261,03;0,00;0,00;0,00;-0,26;0,00;0,00;79;174;85;34;20;335;403
3998;67,85;193,32;0,00;0,00;0,00;0,19;0,00;0,00;264;144;71;37;37;494;703
3999;33,51;-159,28;0,00;0,00;0,00;-0,16;0,00;0,00;35;199;197;12;31;108;319
4000;32,40;-269,26;0,00;0,00;0,00;-0,27;0,00;0,00;434;180;197;12;29;631;266
4001;60,86;220,87;0,00;0,00;0,00;0,22;0,00;0,00;446;43;148;19;25;980;170
4002;14,98;-410,32;0,00;0,00;0,00;-0,41;0,00;0,00;494;132;12;41;17;197;108
4003;42,45;-91,73;0,00;0,00;0,00;-0,09;0,00;0,00;101;138;175;43;29;253;783
4004;65,47;113,65;0,00;0,00;0,00;0,11;0,00;0,00;218;151;103;10;18;931;836
4005;46,66;-74,53;0,00;0,00;0,00;-0,07;0,00;0,00;43;51;15;17;21;906;962
4006;67,19;238,04;0,00;0,00;0,00;0,24;0,00;0,00;27;121;67;11;16;641;753
4007;50,40;30,86;0,00;0,00;0,00;0,03;0,00;0,00;437;116;95;14;25;330;454
4008;47,50;-97,50;0,00;0,00;0,00;-0,10;0,00;0,00;186;164;189;36;36;987;813
4009;66,28;132,06;0,00;0,00;0,00;0,13;0,00;0,00;316;134;128;13;29;174;219
4010;59,49;59,47;0,00;0,00;0,00;0,06;0,00;0,00;164;76;191;31;30;290;658
4011;16,56;-325,27;0,00;0,00;0,00;-0,33;0,00;0,00;178;46;156;18;38;761;717
4012;24,81;-250,01;0,00;0,00;0,00;-0,25;0,00;0,00;368;160;96;15;38;155;398
4013;42,93;-95,57;0,00;0,00;0,00;-0,10;0,00;0,00;496;170;114;33;21;220;456
4014;68,86;225,10;0,00;0,00;0,00;0,23;0,00;0,00;415;80;189;40;25;820;210
4015;61,84;101,31;0,00;0,00;0,00;0,10;0,00;0,00;351;174;111;29;30;160;933
4016;59,32;120,36;0,00;0,00;0,00;0,12;0,00;0,00;235;56;126;16;25;914;167
4017;67,86;188,01;0,00;0,00;0,00;0,19;0,00;0,00;417;109;111;42;31;644;689
4018;53,41;43,70;0,00;0,00;0,00;0,04;0,00;0,00;188;121;120;17;22;680;147
4019;36,98;-187,94;0,00;0,00;0,00;-0,19;0,00;0,00;330;193;75;21;34;751;383
4020;74,14;292,04;0,00;0,00;0,00;0,29;0,00;0,00;193;21;152;19;33;258;333
4021;40,62;-172,76;0,00;0,00;0,00;-0,17;0,00;0,00;177;127;142;35;24;205;183
4022;47,07;-35,83;0,00;0,00;0,00;-0,04;0,00;0,00;300;131;54;27;17;553;577
4023;44,39;-26,52;0,00;0,00;0,00;-0,03;0,00;0,00;397;147;186;42;21;923;169
4024;40,62;-84,05;0,00;0,00;0,00;-0,08;0,00;0,00;492;193;191;39;26;948;536
4025;61,55;129,64;0,00;0,00;0,00;0,13;0,00;0,00;309;179;196;49;20;254;971
4026;69,53;179,81;0,00;0,00;0,00;0,18;0,00;0,00;239;92;34;25;21;292;965
4027;23,75;-278,41;0,00;0,00;0,00;-0,28;0,00;0,00;221;177;198;42;31;871;937
4028;73,05;284,79;0,00;0,00;0,00;0,28;0,00;0,00;282;141;143;32;33;589;139
4029;55,63;70,27;0,00;0,00;0,00;0,07;0,00;0,00;284;33;174;16;29;633;368
4030;43,66;-43,38;0,00;0,00;0,00;-0,04;0,00;0,00;336;115;190;46;21;192;632
4031;32,44;-147,41;0,00;0,00;0,00;-0,15;0,00;0,00;250;67;99;33;19;485;721
4032;62,78;38,35;0,00;0,00;0,00;0,04;0,00;0,00;498;177;38;34;24;974;949
4033;36,60;-128,60;0,00;0,00;0,00;-0,13;0,00;0,00;341;132;160;31;17;638;503
4034;27,22;-239,68;0,00;0,00;0,00;-0,24;0,00;0,00;403;77;31;14;18;876;308
4035;58,21;74,56;0,00;0,00;0,00;0,07;0,00;0,00;282;93;78;12;21;112;530
4036;65,79;171,88;0,00;0,00;0,00;0,17;0,00;0,00;497;134;104;27;33;132;231
4037;54,92;0,06;0,00;0,00;0,00;0,00;0,00;0,00;81;14;91;34;30;439;208
4038;63,61;175,85;0,00;0,00;0,00;0,18;0,00;0,00;400;84;13;38;20;552;724
4039;42,04;-77,41;0,00;0,00;0,00;-0,08;0,00;0,00;351;179;118;39;15;732;405
4040;66,37;161,24;0,00;0,00;0,00;0,16;0,00;0,00;101;74;138;12;33;851;123
4041;70,17;219,19;0,00;0,00;0,00;0,22;0,00;0,00;212;58;118;37;36;352;147
4042;55,13;40,40;0,00;0,00;0,00;0,04;0,00;0,00;425;66;190;10;30;205;756
4043;58,40;41,89;0,00;0,00;0,00;0,04;0,00;0,00;145;110;179;47;37;645;638
4044;61,48;80,00;0,00;0,00;0,00;0,08;0,00;0,00;209;132;49;17;39;340;810
4045;44,86;-93,90;0,00;0,00;0,00;-0,09;0,00;0,00;107;52;125;34;28;213;372
4046;6,64;-459,86;0,00;0,00;0,00;-0,46;0,00;0,00;247;108;152;31;18;985;529
4047;43,34;-51,96;0,00;0,00;0,00;-0,05;0,00;0,00;347;71;130;15;31;645;691
4048;90,15;416,04;0,00;0,00;0,00;0,42;0,00;0,00;398;169;34;46;19;134;424
4049;48,04;-11,38;0,00;0,00;0,00;-0,01;0,00;0,00;481;28;102;19;25;418;351
4050;45,82;-22,88;0,00;0,00;0,00;-0,02;0,00;0,00;353;157;164;43;35;803;474
4051;48,28;22,04;0,00;0,00;0,00;0,02;0,00;0,00;288;76;114;20;30;260;890
4052;47,45;-24,97;0,00;0,00;0,00;-0,02;0,00;0,00;146;161;119;46;27;878;768
4053;47,16;-15,79;0,00;0,00;0,00;-0,02;0,00;0,00;313;84;145;37;28;475;468
4054;37,93;-47,17;0,00;0,00;0,00;-0,05;0,00;0,00;292;43;117;17;19;703;246
4055;51,55;109,99;0,00;0,00;0,00;0,11;0,00;0,00;347;164;140;32;18;921;150
4056;49,10;85,31;0,00;0,00;0,00;0,09;0,00;0,00;365;189;65;27;35;580;432
4057;53,18;40,88;0,00;0,00;0,00;0,04;0,00;0,00;52;192;20;10;22;515;847
4058;63,62;135,29;0,00;0,00;0,00;0,14;0,00;0,00;461;147;171;31;19;490;863
4059;46,05;-111,94;0,00;0,00;0,00;-0,11;0,00;0,00;484;177;165;10;22;929;112
4060;54,64;-68,94;0,00;0,00;0,00;-0,07;0,00;0,00;421;56;24;12;29;928;971
4061;57,92;-35,56;0,00;0,00;0,00;-0,04;0,00;0,00;172;66;72;48;23;107;953
4062;43,02;-55,58;0,00;0,00;0,00;-0,06;0,00;0,00;125;141;116;32;22;997;810
4063;55,16;38,65;0,00;0,00;0,00;0,04;0,00;0,00;86;199;127;16;36;899;273
4064;60,58;105,98;0,00;0,00;0,00;0,11;0,00;0,00;126;116;172;39;22;844;917
4065;49,43;-49,49;0,00;0,00;0,00;-0,05;0,00;0,00;286;173;190;10;33;143;655
4066;70,30;218,00;0,00;0,00;0,00;0,22;0,00;0,00;251;99;134;46;38;120;808
4067;48,88;1,38;0,00;0,00;0,00;0,00;0,00;0,00;172;75;49;39;18;845;382
4068;21,78;-349,66;0,00;0,00;0,00;-0,35;0,00;0,00;123;80;150;29;34;309;111
4069;63,82;196,66;0,00;0,00;0,00;0,20;0,00;0,00;457;87;74;33;25;161;497
4070;54,19;111,57;0,00;0,00;0,00;0,11;0,00;0,00;465;119;104;44;25;278;899
4071;29,07;-115,10;0,00;0,00;0,00;-0,12;0,00;0,00;323;184;30;14;27;242;202
4072;62,92;118,77;0,00;0,00;0,00;0,12;0,00;0,00;162;150;137;24;36;751;633
4073;65,99;155,66;0,00;0,00;0,00;0,16;0,00;0,00;450;27;128;15;33;285;132
4074;64,12;144,52;0,00;0,00;0,00;0,14;0,00;0,00;255;106;35;34;34;690;816
4075;41,53;-36,78;0,00;0,00;0,00;-0,04;0,00;0,00;305;45;50;33;17;103;179
4076;26,83;-243,44;0,00;0,00;0,00;-0,24;0,00;0,00;347;157;16;11;25;320;472
4077;34,59;-143,42;0,00;0,00;0,00;-0,14;0,00;0,00;189;71;48;20;21;314;947
4078;65,22;139,26;0,00;0,00;0,00;0,14;0,00;0,00;393;137;123;45;33;714;145
4079;38,66;-129,35;0,00;0,00;0,00;-0,13;0,00;0,00;425;150;35;42;31;495;125
4080;55,08;3,78;0,00;0,00;0,00;0,00;0,00;0,00;278;72;23;49;19;853;270
4081;47,07;-2,97;0,00;0,00;0,00;-0,00;0,00;0,00;225;66;87;20;19;205;412
4082;40,49;-115,30;0,00;0,00;0,00;-0,12;0,00;0,00;33;187;99;49;37;931;394
4083;55,85;66,56;0,00;0,00;0,00;0,07;0,00;0,00;125;184;181;23;18;943;739
4084;67,50;142,70;0,00;0,00;0,00;0,14;0,00;0,00;154;32;178;41;29;921;446
4085;37,50;-212,50;0,00;0,00;0,00;-0,21;0,00;0,00;327;179;18;23;21;656;875
4086;36,23;-152,87;0,00;0,00;0,00;-0,15;0,00;0,00;422;159;85;27;29;740;168
4087;53,75;54,09;0,00;0,00;0,00;0,05;0,00;0,00;425;47;164;34;15;744;268
4088;46,48;-30,32;0,00;0,00;0,00;-0,03;0,00;0,00;117;139;136;20;30;811;875
4089;26,14;-285,28;0,00;0,00;0,00;-0,29;0,00;0,00;99;13;199;49;30;879;523
4090;21,97;-348,59;0,00;0,00;0,00;-0,35;0,00;0,00;386;42;66;29;21;383;605
4091;74,68;228,11;0,00;0,00;0,00;0,23;0,00;0,00;195;190;88;49;28;293;722
4092;48,46;57,18;0,00;0,00;0,00;0,06;0,00;0,00;322;21;188;36;36;774;204
4093;56,64;139,18;0,00;0,00;0,00;0,14;0,00;0,00;428;122;56;23;27;368;174
4094;45,43;-83,40;0,00;0,00;0,00;-0,08;0,00;0,00;28;156;151;25;19;695;302
4095;38,47;-181,15;0,00;0,00;0,00;-0,18;0,00;0,00;235;76;193;10;29;744;636
4096;50,01;6,01;0,00;0,00;0,00;0,01;0,00;0,00;391;30;62;15;20;705;436
4097;37,06;-129,50;0,00;0,00;0,00;-0,13;0,00;0,00;23;148;148;49;36;776;740
4098;60,20;133,72;0,00;0,00;0,00;0,13;0,00;0,00;62;100;199;24;35;569;844
4099;58,25;127,98;0,00;0,00;0,00;0,13;0,00;0,00;498;30;116;19;16;393;586
4100;32,45;-183,89;0,00;0,00;0,00;-0,18;0,00;0,00;51;171;139;30;27;865;595
4101;52,57;23,76;0,00;0,00;0,00;0,02;0,00;0,00;330;26;74;38;23;133;287
4102;33,50;-136,15;0,00;0,00;0,00;-0,14;0,00;0,00;265;146;162;44;16;797;709
4103;47,02;69,92;0,00;0,00;0,00;0,07;0,00;0,00;152;97;55;36;27;973;677
4104;42,79;-80,04;0,00;0,00;0,00;-0,08;0,00;0,00;298;127;188;28;28;652;359
4105;34,79;-135,18;0,00;0,00;0,00;-0,14;0,00;0,00;142;33;65;18;36;981;773
4106;29,81;-160,40;0,00;0,00;0,00;-0,16;0,00;0,00;90;34;121;27;18;596;132
4107;37,81;-54,58;0,00;0,00;0,00;-0,05;0,00;0,00;139;12;31;14;35;977;233
4108;53,71;10,49;0,00;0,00;0,00;0,01;0,00;0,00;262;59;135;40;21;873;446
4109;59,16;88,71;0,00;0,00;0,00;0,09;0,00;0,00;494;187;93;26;37;574;676
4110;65,55;194,44;0,00;0,00;0,00;0,19;0,00;0,00;87;146;195;14;30;652;570
4111;64,77;172,34;0,00;0,00;0,00;0,17;0,00;0,00;467;44;66;23;24;723;314
4112;31,60;-162,06;0,00;0,00;0,00;-0,16;0,00;0,00;117;197;74;33;17;182;793
4113;56,12;35,02;0,00;0,00;0,00;0,04;0,00;0,00;433;126;123;34;19;334;712
4114;60,20;108,58;0,00;0,00;0,00;0,11;0,00;0,00;182;12;190;43;29;846;367
4115;51,81;29,02;0,00;0,00;0,00;0,03;0,00;0,00;231;136;53;15;37;621;830
4116;52,56;-11,01;0,00;0,00;0,00;-0,01;0,00;0,00;354;88;24;42;35;470;920
4117;53,54;4,03;0,00;0,00;0,00;0,00;0,00;0,00;134;132;81;30;33;497;365
4118;66,97;227,59;0,00;0,00;0,00;0,23;0,00;0,00;300;91;103;24;17;477;802
4119;53,96;25,33;0,00;0,00;0,00;0,03;0,00;0,00;194;110;192;21;18;467;152
4120;52,00;46,55;0,00;0,00;0,00;0,05;0,00;0,00;61;14;197;34;34;920;377
4121;68,35;159,42;0,00;0,00;0,00;0,16;0,00;0,00;459;126;141;18;15;396;777
4122;33,23;-100,32;0,00;0,00;0,00;-0,10;0,00;0,00;454;136;114;26;28;283;372
4123;77,63;297,74;0,00;0,00;0,00;0,30;0,00;0,00;495;115;71;42;30;198;594
4124;51,96;64,89;0,00;0,00;0,00;0,06;0,00;0,00;136;35;25;45;15;254;384
4125;49,08;61,29;0,00;0,00;0,00;0,06;0,00;0,00;432;96;88;47;34;953;995
4126;59,39;202,59;0,00;0,00;0,00;0,20;0,00;0,00;436;31;17;29;31;615;992
4127;44,36;-44,43;0,00;0,00;0,00;-0,04;0,00;0,00;326;99;103;43;27;241;461
4128;35,05;-176,50;0,00;0,00;0,00;-0,18;0,00;0,00;408;87;131;43;21;205;203
4129;54,74;37,36;0,00;0,00;0,00;0,04;0,00;0,00;79;132;45;13;26;286;700
4130;60,32;147,75;0,00;0,00;0,00;0,15;0,00;0,00;249;189;142;33;16;344;848
4131;44,50;-64,40;0,00;0,00;0,00;-0,06;0,00;0,00;41;181;40;14;23;495;845
4132;65,01;140,55;0,00;0,00;0,00;0,14;0,00;0,00;56;185;40;20;31;672;472
4133;35,04;-246,34;0,00;0,00;0,00;-0,25;0,00;0,00;357;113;21;19;29;899;944
4134;52,45;62,63;0,00;0,00;0,00;0,06;0,00;0,00;120;131;127;33;20;585;548
4135;27,93;-219,79;0,00;0,00;0,00;-0,22;0,00;0,00;195;38;63;11;35;173;339
4136;71,94;208,33;0,00;0,00;0,00;0,21;0,00;0,00;314;21;106;23;31;224;343
4137;49,70;11,13;0,00;0,00;0,00;0,01;0,00;0,00;414;128;38;10;35;474;221
4138;53,24;27,93;0,00;0,00;0,00;0,03;0,00;0,00;108;123;199;45;16;517;638
4139;66,88;172,78;0,00;0,00;0,00;0,17;0,00;0,00;151;15;130;31;37;669;961
4140;42,59;-50,18;0,00;0,00;0,00;-0,05;0,00;0,00;78;126;126;43;18;963;880
4141;69,45;156,12;0,00;0,00;0,00;0,16;0,00;0,00;166;13;56;17;36;641;603
4142;66,66;171,60;0,00;0,00;0,00;0,17;0,00;0,00;417;138;155;24;30;572;393
4143;26,75;-266,52;0,00;0,00;0,00;-0,27;0,00;0,00;29;179;65;44;33;925;439
4144;29,81;-271,08;0,00;0,00;0,00;-0,27;0,00;0,00;82;164;165;17;36;970;119
4145;42,01;-52,25;0,00;0,00;0,00;-0,05;0,00;0,00;386;141;137;25;15;996;291
4146;69,41;277,05;0,00;0,00;0,00;0,28;0,00;0,00;331;198;155;43;24;541;747
4147;52,70;-51,77;0,00;0,00;0,00;-0,05;0,00;0,00;47;79;53;47;27;356;339
4148;15,30;-282,47;0,00;0,00;0,00;-0,28;0,00;0,00;401;18;25;31;25;554;967
4149;50,13;-17,41;0,00;0,00;0,00;-0,02;0,00;0,00;370;96;141;34;31;695;570
4150;75,75;308,91;0,00;0,00;0,00;0,31;0,00;0,00;26;84;160;31;15;397;120
4151;31,22;-122,58;0,00;0,00;0,00;-0,12;0,00;0,00;285;176;68;42;39;601;998
4152;42,90;-59,54;0,00;0,00;0,00;-0,06;0,00;0,00;282;156;119;20;19;560;770
4153;81,56;343,37;0,00;0,00;0,00;0,34;0,00;0,00;190;112;105;41;28;963;145
4154;58,23;138,08;0,00;0,00;0,00;0,14;0,00;0,00;198;184;85;39;27;777;268
4155;41,41;-108,29;0,00;0,00;0,00;-0,11;0,00;0,00;128;194;199;17;39;283;412
4156;42,14;-38,71;0,00;0,00;0,00;-0,04;0,00;0,00;42;108;166;47;22;603;176
4157;79,27;272,61;0,00;0,00;0,00;0,27;0,00;0,00;226;68;171;39;34;793;504
4158;30,28;-272,86;0,00;0,00;0,00;-0,27;0,00;0,00;213;108;29;32;23;218;233
4159;65,25;162,91;0,00;0,00;0,00;0,16;0,00;0,00;309;45;147;38;25;782;669
4160;77,21;366,50;0,00;0,00;0,00;0,37;0,00;0,00;415;90;42;43;24;480;935
4161;41,88;-48,82;0,00;0,00;0,00;-0,05;0,00;0,00;153;138;174;33;36;294;706
4162;55,38;147,08;0,00;0,00;0,00;0,15;0,00;0,00;354;68;86;21;34;857;879
4163;42,05;-21,82;0,00;0,00;0,00;-0,02;0,00;0,00;489;19;47;14;19;918;572
4164;54,69;-9,81;0,00;0,00;0,00;-0,01;0,00;0,00;349;109;183;23;32;955;139
4165;94,40;462,12;0,00;0,00;0,00;0,46;0,00;0,00;246;20;42;49;32;290;332
4166;39,56;-43,14;0,00;0,00;0,00;-0,04;0,00;0,00;99;117;116;19;34;586;990
4167;41,56;-29,87;0,00;0,00;0,00;-0,03;0,00;0,00;26;113;64;35;29;556;758
4168;62,48;159,63;0,00;0,00;0,00;0,16;0,00;0,00;392;25;24;14;18;452;307
4169;47,94;-27,20;0,00;0,00;0,00;-0,03;0,00;0,00;318;167;129;31;31;510;876
4170;53,98;8,52;0,00;0,00;0,00;0,01;0,00;0,00;295;112;160;15;36;673;810
4171;56,99;154,98;0,00;0,00;0,00;0,15;0,00;0,00;259;48;85;48;19;658;675
4172;39,99;-90,03;0,00;0,00;0,00;-0,09;0,00;0,00;407;164;125;27;30;789;771
4173;61,17;123,10;0,00;0,00;0,00;0,12;0,00;0,00;230;121;123;22;39;126;796
4174;63,22;177,06;0,00;0,00;0,00;0,18;0,00;0,00;204;13;50;29;37;439;165
4175;46,81;-16,91;0,00;0,00;0,00;-0,02;0,00;0,00;31;21;11;27;16;514;667
4176;65,95;175,09;0,00;0,00;0,00;0,18;0,00;0,00;191;115;171;36;19;825;356
4177;35,05;-175,09;0,00;0,00;0,00;-0,18;0,00;0,00;41;46;115;13;34;642;153
4178;45,01;-26,60;0,00;0,00;0,00;-0,03;0,00;0,00;116;90;192;48;26;195;447
4179;42,97;-65,95;0,00;0,00;0,00;-0,07;0,00;0,00;197;185;160;20;22;370;599
4180;44,41;-122,17;0,00;0,00;0,00;-0,12;0,00;0,00;23;44;174;40;33;174;999
4181;65,85;140,49;0,00;0,00;0,00;0,14;0,00;0,00;247;113;149;27;28;459;817
4182;32,70;-193,19;0,00;0,00;0,00;-0,19;0,00;0,00;118;183;128;21;31;646;419
4183;47,42;-53,02;0,00;0,00;0,00;-0,05;0,00;0,00;162;153;180;30;22;372;710
4184;45,80;13,48;0,00;0,00;0,00;0,01;0,00;0,00;22;53;96;23;38;497;712
4185;55,50;64,89;0,00;0,00;0,00;0,06;0,00;0,00;143;36;161;17;25;648;155
4186;37,95;-121,95;0,00;0,00;0,00;-0,12;0,00;0,00;368;11;134;46;35;473;375
4187;62,60;150,18;0,00;0,00;0,00;0,15;0,00;0,00;131;137;133;20;18;861;671
4188;57,16;-25,34;0,00;0,00;0,00;-0,03;0,00;0,00;477;128;154;12;21;621;509
4189;79,83;349,00;0,00;0,00;0,00;0,35;0,00;0,00;154;106;156;31;25;467;829
4190;31,24;-278,17;0,00;0,00;0,00;-0,28;0,00;0,00;397;75;169;37;15;596;466
4191;65,51;196,38;0,00;0,00;0,00;0,20;0,00;0,00;299;141;158;29;38;895;328
4192;57,40;74,75;0,00;0,00;0,00;0,07;0,00;0,00;483;196;47;20;39;214;574
4193;80,15;303,12;0,00;0,00;0,00;0,30;0,00;0,00;475;60;130;38;15;494;523
4194;72,11;246,31;0,00;0,00;0,00;0,25;0,00;0,00;88;136;141;20;31;394;581
4195;48,89;9,66;0,00;0,00;0,00;0,01;0,00;0,00;59;46;98;16;27;534;768
4196;70,62;161,15;0,00;0,00;0,00;0,16;0,00;0,00;426;136;74;41;30;370;150
4197;32,14;-153,74;0,00;0,00;0,00;-0,15;0,00;0,00;356;152;191;28;20;838;763
4198;28,70;-252,02;0,00;0,00;0,00;-0,25;0,00;0,00;412;165;13;16;22;925;879
4199;48,90;31,83;0,00;0,00;0,00;0,03;0,00;0,00;400;133;110;11;21;680;202
4200;48,61;-116,99;0,00;0,00;0,00;-0,12;0,00;0,00;485;166;85;18;26;790;409
4201;54,30;8,95;0,00;0,00;0,00;0,01;0,00;0,00;340;40;152;13;20;604;241
4202;16,54;-328,65;0,00;0,00;0,00;-0,33;0,00;0,00;311;17;69;20;31;876;151
4203;48,70;-142,48;0,00;0,00;0,00;-0,14;0,00;0,00;279;60;125;31;16;755;214
4204;29,53;-256,33;0,00;0,00;0,00;-0,26;0,00;0,00;70;179;163;29;25;292;765
4205;60,14;25,87;0,00;0,00;0,00;0,03;0,00;0,00;248;24;74;48;35;135;443
4206;74,72;189,25;0,00;0,00;0,00;0,19;0,00;0,00;211;151;134;45;39;849;817
4207;26,19;-233,71;0,00;0,00;0,00;-0,23;0,00;0,00;69;89;88;24;22;140;112
4208;50,36;87,43;0,00;0,00;0,00;0,09;0,00;0,00;148;74;139;47;16;189;494
4209;39,51;-126,77;0,00;0,00;0,00;-0,13;0,00;0,00;293;119;122;31;17;840;763
4210;79,53;215,06;0,00;0,00;0,00;0,22;0,00;0,00;270;14;10;10;37;686;927
4211;75,44;280,72;0,00;0,00;0,00;0,28;0,00;0,00;484;150;135;17;31;794;560
4212;53,56;64,51;0,00;0,00;0,00;0,06;0,00;0,00;181;184;19;42;30;272;659
4213;43,61;-95,01;0,00;0,00;0,00;-0,10;0,00;0,00;376;114;89;47;15;121;199
4214;78,93;269,05;0,00;0,00;0,00;0,27;0,00;0,00;111;81;175;45;22;134;358
4215;29,88;-230,33;0,00;0,00;0,00;-0,23;0,00;0,00;384;78;37;48;19;398;855
4216;54,29;43,88;0,00;0,00;0,00;0,04;0,00;0,00;297;127;58;16;20;972;872
4217;36,16;-115,30;0,00;0,00;0,00;-0,12;0,00;0,00;14;121;186;40;29;313;540
4218;55,24;45,24;0,00;0,00;0,00;0,05;0,00;0,00;320;127;35;49;27;195;670
4219;88,64;384,47;0,00;0,00;0,00;0,38;0,00;0,00;25;78;96;32;20;480;595
4220;33,42;-210,66;0,00;0,00;0,00;-0,21;0,00;0,00;80;62;110;17;16;439;818
4221;48,40;-84,99;0,00;0,00;0,00;-0,08;0,00;0,00;455;175;119;35;37;745;985
4222;45,70;-116,01;0,00;0,00;0,00;-0,12;0,00;0,00;451;166;191;14;35;867;912
4223;62,25;38,89;0,00;0,00;0,00;0,04;0,00;0,00;121;58;33;24;26;950;533
4224;39,18;-52,80;0,00;0,00;0,00;-0,05;0,00;0,00;192;82;68;12;22;817;735
4225;30,52;-246,01;0,00;0,00;0,00;-0,25;0,00;0,00;266;68;16;49;39;652;467
4226;49,61;-45,29;0,00;0,00;0,00;-0,05;0,00;0,00;478;153;97;35;37;431;673
4227;28,30;-121,41;0,00;0,00;0,00;-0,12;0,00;0,00;498;76;177;47;28;920;158
4228;59,17;54,82;0,00;0,00;0,00;0,05;0,00;0,00;57;125;182;17;22;450;462
4229;9,47;-330,19;0,00;0,00;0,00;-0,33;0,00;0,00;97;177;57;28;15;586;994
4230;51,31;7,29;0,00;0,00;0,00;0,01;0,00;0,00;490;146;125;24;26;817;243
4231;63,99;124,33;0,00;0,00;0,00;0,12;0,00;0,00;316;136;131;19;23;139;797
4232;50,03;50,34;0,00;0,00;0,00;0,05;0,00;0,00;363;193;78;26;15;936;262
4233;73,40;199,32;0,00;0,00;0,00;0,20;0,00;0,00;475;65;176;15;39;221;185
4234;51,37;18,72;0,00;0,00;0,00;0,02;0,00;0,00;165;183;198;18;28;779;320
4235;43,45;33,72;0,00;0,00;0,00;0,03;0,00;0,00;65;55;18;35;16;553;898
4236;66,69;159,49;0,00;0,00;0,00;0,16;0,00;0,00;102;14;183;47;35;252;178
4237;35,80;-181,19;0,00;0,00;0,00;-0,18;0,00;0,00;419;131;131;27;35;747;124
4238;46,27;-20,61;0,00;0,00;0,00;-0,02;0,00;0,00;263;68;145;11;34;492;929
4239;39,98;-28,19;0,00;0,00;0,00;-0,03;0,00;0,00;81;144;34;30;19;687;612
4240;42,12;-74,29;0,00;0,00;0,00;-0,07;0,00;0,00;164;78;166;30;35;831;696
4241;0,96;-456,39;0,00;0,00;0,00;-0,46;0,00;0,00;469;139;161;37;17;292;584
4242;24,23;-308,23;0,00;0,00;0,00;-0,31;0,00;0,00;206;121;149;16;19;212;544
4243;65,78;143,27;0,00;0,00;0,00;0,14;0,00;0,00;130;44;98;37;23;589;581
4244;59,24;71,27;0,00;0,00;0,00;0,07;0,00;0,00;263;46;189;17;29;348;186
4245;34,41;-96,34;0,00;0,00;0,00;-0,10;0,00;0,00;93;157;148;20;32;500;378
4246;26,15;-230,52;0,00;0,00;0,00;-0,23;0,00;0,00;445;147;102;49;21;887;315
4247;81,23;338,12;0,00;0,00;0,00;0,34;0,00;0,00;181;75;37;49;21;531;890
4248;56,24;-10,55;0,00;0,00;0,00;-0,01;0,00;0,00;74;74;171;17;20;927;132
4249;63,79;226,79;0,00;0,00;0,00;0,23;0,00;0,00;104;11;49;24;30;765;496
4250;69,58;163,76;0,00;0,00;0,00;0,16;0,00;0,00;298;73;196;14;16;835;548
4251;31,85;-272,60;0,00;0,00;0,00;-0,27;0,00;0,00;441;127;20;22;35;263;154
4252;55,45;76,61;0,00;0,00;0,00;0,08;0,00;0,00;174;38;87;33;29;792;207
4253;41,10;-152,44;0,00;0,00;0,00;-0,15;0,00;0,00;337;49;197;33;19;196;671
4254;48,69;26,70;0,00;0,00;0,00;0,03;0,00;0,00;171;91;49;45;28;313;546
4255;42,17;-36,97;0,00;0,00;0,00;-0,04;0,00;0,00;248;183;56;21;16;147;285
4256;44,92;-114,64;0,00;0,00;0,00;-0,11;0,00;0,00;134;117;47;37;33;641;756
4257;30,11;-189,23;0,00;0,00;0,00;-0,19;0,00;0,00;267;46;109;43;23;698;199
4258;41,81;-151,58;0,00;0,00;0,00;-0,15;0,00;0,00;325;175;28;35;15;620;768
4259;66,64;264,02;0,00;0,00;0,00;0,26;0,00;0,00;171;193;36;24;29;226;888
4260;26,94;-206,37;0,00;0,00;0,00;-0,21;0,00;0,00;156;115;121;16;25;910;709
4261;54,47;21,42;0,00;0,00;0,00;0,02;0,00;0,00;182;91;74;37;39;909;573
4262;50,58;80,29;0,00;0,00;0,00;0,08;0,00;0,00;226;132;24;49;17;128;145
4263;31,63;-97,23;0,00;0,00;0,00;-0,10;0,00;0,00;414;175;94;43;15;897;206
4264;49,80;2,50;0,00;0,00;0,00;0,00;0,00;0,00;468;74;90;47;23;115;951
4265;63,55;115,84;0,00;0,00;0,00;0,12;0,00;0,00;38;82;49;49;21;163;230
4266;74,75;244,20;0,00;0,00;0,00;0,24;0,00;0,00;467;143;69;31;22;737;966
4267;37,82;-34,04;0,00;0,00;0,00;-0,03;0,00;0,00;281;167;117;47;29;289;364
4268;66,84;135,44;0,00;0,00;0,00;0,14;0,00;0,00;464;104;147;42;25;589;660
4269;25,05;-249,51;0,00;0,00;0,00;-0,25;0,00;0,00;470;178;116;42;30;316;288
4270;31,64;-211,73;0,00;0,00;0,00;-0,21;0,00;0,00;27;154;15;45;27;743;539
4271;77,85;301,00;0,00;0,00;0,00;0,30;0,00;0,00;439;11;17;38;32;642;690
4272;65,84;178,14;0,00;0,00;0,00;0,18;0,00;0,00;197;149;140;33;16;520;133
4273;66,54;207,32;0,00;0,00;0,00;0,21;0,00;0,00;369;175;69;45;17;373;697
4274;42,81;-40,41;0,00;0,00;0,00;-0,04;0,00;0,00;455;47;62;22;27;705;675
4275;76,54;267,50;0,00;0,00;0,00;0,27;0,00;0,00;209;101;52;22;28;174;531
4276;26,57;-225,68;0,00;0,00;0,00;-0,23;0,00;0,00;177;89;160;36;33;264;822
4277;64,29;162,88;0,00;0,00;0,00;0,16;0,00;0,00;414;132;145;40;30;917;383
4278;56,10;15,48;0,00;0,00;0,00;0,02;0,00;0,00;387;199;146;40;37;378;442
4279;50,84;25,86;0,00;0,00;0,00;0,03;0,00;0,00;408;145;39;30;16;885;716
4280;49,68;41,36;0,00;0,00;0,00;0,04;0,00;0,00;267;176;41;15;29;922;653
4281;56,00;12,92;0,00;0,00;0,00;0,01;0,00;0,00;482;55;42;13;26;456;145
4282;30,78;-129,34;0,00;0,00;0,00;-0,13;0,00;0,00;29;166;80;33;39;797;864
4283;70,51;114,81;0,00;0,00;0,00;0,11;0,00;0,00;287;156;105;34;17;811;567
4284;36,00;-70,09;0,00;0,00;0,00;-0,07;0,00;0,00;164;95;142;34;35;702;206
4285;76,16;219,32;0,00;0,00;0,00;0,22;0,00;0,00;346;77;179;10;34;935;248
4286;56,50;73,92;0,00;0,00;0,00;0,07;0,00;0,00;401;24;188;33;34;122;982
4287;39,60;-121,83;0,00;0,00;0,00;-0,12;0,00;0,00;438;178;115;29;15;139;327
4288;69,92;224,87;0,00;0,00;0,00;0,22;0,00;0,00;320;66;193;12;34;536;593
4289;28,15;-251,80;0,00;0,00;0,00;-0,25;0,00;0,00;283;41;176;46;38;685;140
4290;45,08;-52,55;0,00;0,00;0,00;-0,05;0,00;0,00;311;17;36;34;29;350;450
4291;92,71;467,87;0,00;0,00;0,00;0,47;0,00;0,00;408;152;143;29;15;508;352
4292;53,65;57,88;0,00;0,00;0,00;0,06;0,00;0,00;131;159;114;34;29;264;866
4293;27,52;-188,76;0,00;0,00;0,00;-0,19;0,00;0,00;499;87;180;43;31;293;515
4294;51,05;102,10;0,00;0,00;0,00;0,10;0,00;0,00;28;179;93;17;19;743;838
4295;39,25;-107,29;0,00;0,00;0,00;-0,11;0,00;0,00;238;62;67;44;38;431;423
4296;44,64;-23,79;0,00;0,00;0,00;-0,02;0,00;0,00;45;166;38;19;36;502;967
4297;24,76;-260,69;0,00;0,00;0,00;-0,26;0,00;0,00;109;172;17;10;37;402;459
4298;63,52;206,09;0,00;0,00;0,00;0,21;0,00;0,00;24;38;71;36;15;578;140
4299;64,79;211,23;0,00;0,00;0,00;0,21;0,00;0,00;411;85;179;30;39;652;910
4300;68,18;218,76;0,00;0,00;0,00;0,22;0,00;0,00;444;145;119;21;19;629;216
4301;31,21;-179,72;0,00;0,00;0,00;-0,18;0,00;0,00;449;145;106;34;15;782;867
4302;39,95;-112,60;0,00;0,00;0,00;-0,11;0,00;0,00;89;62;37;41;15;545;225
4303;45,26;-109,38;0,00;0,00;0,00;-0,11;0,00;0,00;312;38;156;31;32;541;562
4304;30,90;-164,20;0,00;0,00;0,00;-0,16;0,00;0,00;451;25;112;44;23;980;193
4305;74,21;359,32;0,00;0,00;0,00;0,36;0,00;0,00;304;142;140;47;37;191;650
4306;69,15;152,50;0,00;0,00;0,00;0,15;0,00;0,00;305;167;94;30;32;433;380
4307;50,08;55,44;0,00;0,00;0,00;0,06;0,00;0,00;217;21;140;20;34;727;270
4308;22,10;-237,86;0,00;0,00;0,00;-0,24;0,00;0,00;497;96;37;12;32;346;764
4309;82,54;347,14;0,00;0,00;0,00;0,35;0,00;0,00;362;172;45;38;28;285;149
4310;58,79;152,19;0,00;0,00;0,00;0,15;0,00;0,00;65;176;186;26;38;891;836
4311;42,81;-74,92;0,00;0,00;0,00;-0,07;0,00;0,00;127;199;63;30;22;993;177
4312;57,07;5,22;0,00;0,00;0,00;0,01;0,00;0,00;338;163;122;28;17;791;263
4313;41,36;-233,60;0,00;0,00;0,00;-0,23;0,00;0,00;157;72;140;41;36;418;878
4314;33,82;-97,57;0,00;0,00;0,00;-0,10;0,00;0,00;310;53;28;44;36;650;366
4315;55,19;49,19;0,00;0,00;0,00;0,05;0,00;0,00;324;100;174;20;19;852;710
4316;56,69;-3,21;0,00;0,00;0,00;-0,00;0,00;0,00;156;35;122;12;24;762;241
4317;67,05;159,15;0,00;0,00;0,00;0,16;0,00;0,00;395;63;170;40;33;800;901
4318;47,16;-1,90;0,00;0,00;0,00;-0,00;0,00;0,00;343;21;153;12;28;361;923
4319;32,56;-162,66;0,00;0,00;0,00;-0,16;0,00;0,00;106;165;26;46;15;646;223
4320;64,40;90,89;0,00;0,00;0,00;0,09;0,00;0,00;138;22;106;10;31;940;989
4321;73,67;286,87;0,00;0,00;0,00;0,29;0,00;0,00;118;88;82;13;28;343;633
4322;77,11;322,86;0,00;0,00;0,00;0,32;0,00;0,00;289;51;149;14;37;234;231
4323;48,77;22,07;0,00;0,00;0,00;0,02;0,00;0,00;333;185;143;14;15;527;772
4324;53,28;69,30;0,00;0,00;0,00;0,07;0,00;0,00;196;106;53;43;35;384;462
4325;43,75;-79,02;0,00;0,00;0,00;-0,08;0,00;0,00;261;190;29;15;29;818;144
4326;38,54;-74,96;0,00;0,00;0,00;-0,07;0,00;0,00;41;127;187;14;21;121;206
4327;34,94;-115,89;0,00;0,00;0,00;-0,12;0,00;0,00;382;110;101;22;25;709;584
4328;40,65;-100,07;0,00;0,00;0,00;-0,10;0,00;0,00;16;117;77;36;32;214;732
4329;47,40;-32,45;0,00;0,00;0,00;-0,03;0,00;0,00;191;90;142;33;29;323;612
4330;75,55;253,16;0,00;0,00;0,00;0,25;0,00;0,00;367;51;112;29;22;909;487
4331;52,09;52,59;0,00;0,00;0,00;0,05;0,00;0,00;326;148;134;44;29;429;157
4332;54,61;38,45;0,00;0,00;0,00;0,04;0,00;0,00;25;20;145;30;39;580;102
4333;40,91;-147,11;0,00;0,00;0,00;-0,15;0,00;0,00;136;147;36;10;24;396;502
4334;23,36;-257,27;0,00;0,00;0,00;-0,26;0,00;0,00;105;17;167;42;32;684;169
4335;51,37;31,35;0,00;0,00;0,00;0,03;0,00;0,00;87;84;14;11;30;708;490
4336;56,23;36,22;0,00;0,00;0,00;0,04;0,00;0,00;129;129;137;19;34;834;815
4337;39,18;-93,60;0,00;0,00;0,00;-0,09;0,00;0,00;407;31;109;14;19;509;900
4338;52,23;12,68;0,00;0,00;0,00;0,01;0,00;0,00;394;83;48;45;30;937;103
4339;12,07;-371,29;0,00;0,00;0,00;-0,37;0,00;0,00;297;193;162;12;20;450;312
4340;69,88;237,73;0,00;0,00;0,00;0,24;0,00;0,00;224;64;172;10;23;602;237
4341;63,05;84,59;0,00;0,00;0,00;0,08;0,00;0,00;92;125;184;48;27;990;881
4342;58,99;13,26;0,00;0,00;0,00;0,01;0,00;0,00;120;26;60;36;22;940;148
4343;39,91;-135,73;0,00;0,00;0,00;-0,14;0,00;0,00;236;153;56;45;22;281;483
4344;64,11;114,84;0,00;0,00;0,00;0,11;0,00;0,00;353;136;23;31;28;606;122
4345;54,78;27,41;0,00;0,00;0,00;0,03;0,00;0,00;439;103;133;14;17;332;603
4346;37,88;-76,51;0,00;0,00;0,00;-0,08;0,00;0,00;413;174;28;39;35;634;698
4347;63,26;92,50;0,00;0,00;0,00;0,09;0,00;0,00;105;153;139;48;27;527;289
4348;85,52;305,66;0,00;0,00;0,00;0,31;0,00;0,00;425;170;91;41;23;475;811
4349;42,64;-143,77;0,00;0,00;0,00;-0,14;0,00;0,00;375;71;44;41;22;144;176
4350;51,59;17,86;0,00;0,00;0,00;0,02;0,00;0,00;108;47;38;11;38;937;407
4351;59,94;180,39;0,00;0,00;0,00;0,18;0,00;0,00;28;42;193;30;39;213;790
4352;26,09;-205,33;0,00;0,00;0,00;-0,21;0,00;0,00;361;187;70;46;17;154;485
4353;70,66;131,84;0,00;0,00;0,00;0,13;0,00;0,00;65;143;46;20;23;992;472
4354;36,58;-71,11;0,00;0,00;0,00;-0,07;0,00;0,00;293;139;135;20;28;579;500
4355;61,52;146,32;0,00;0,00;0,00;0,15;0,00;0,00;73;143;123;17;15;984;853
4356;60,52;67,62;0,00;0,00;0,00;0,07;0,00;0,00;478;133;123;26;38;142;300
4357;40,42;-38,54;0,00;0,00;0,00;-0,04;0,00;0,00;367;179;73;20;39;411;296
4358;33,17;-165,82;0,00;0,00;0,00;-0,17;0,00;0,00;129;29;93;10;33;249;677
4359;30,43;-218,96;0,00;0,00;0,00;-0,22;0,00;0,00;209;165;166;40;38;891;905
4360;74,73;275,22;0,00;0,00;0,00;0,28;0,00;0,00;136;137;39;43;26;836;705
4361;54,44;-87,58;0,00;0,00;0,00;-0,09;0,00;0,00;306;61;52;34;15;121;872
4362;30,31;-234,11;0,00;0,00;0,00;-0,23;0,00;0,00;479;77;163;20;29;701;612
4363;28,71;-315,60;0,00;0,00;0,00;-0,32;0,00;0,00;400;187;29;44;29;836;399
4364;33,36;-171,27;0,00;0,00;0,00;-0,17;0,00;0,00;74;186;48;30;32;194;463
4365;39,61;-157,86;0,00;0,00;0,00;-0,16;0,00;0,00;404;19;84;39;33;448;239
4366;48,35;-34,39;0,00;0,00;0,00;-0,03;0,00;0,00;241;142;66;14;38;878;548
4367;61,69;139,42;0,00;0,00;0,00;0,14;0,00;0,00;370;115;71;16;19;187;784
4368;38,37;-153,05;0,00;0,00;0,00;-0,15;0,00;0,00;161;64;149;21;33;292;909
4369;62,95;147,58;0,00;0,00;0,00;0,15;0,00;0,00;303;166;124;19;29;213;210
4370;8,54;-381,86;0,00;0,00;0,00;-0,38;0,00;0,00;431;10;138;21;39;821;792
4371;61,73;74,20;0,00;0,00;0,00;0,07;0,00;0,00;269;122;172;40;39;751;670
4372;30,46;-98,57;0,00;0,00;0,00;-0,10;0,00;0,00;368;44;49;41;34;348;467
4373;38,48;-89,61;0,00;0,00;0,00;-0,09;0,00;0,00;59;115;102;45;34;863;612
4374;75,75;352,16;0,00;0,00;0,00;0,35;0,00;0,00;346;99;136;31;38;225;962
4375;47,51;25,81;0,00;0,00;0,00;0,03;0,00;0,00;32;123;51;42;26;150;393
4376;56,00;81,07;0,00;0,00;0,00;0,08;0,00;0,00;396;96;169;41;26;198;166
4377;73,44;276,93;0,00;0,00;0,00;0,28;0,00;0,00;387;153;40;15;22;565;782
4378;49,81;-60,91;0,00;0,00;0,00;-0,06;0,00;0,00;248;74;27;41;25;765;966
4379;52,99;67,06;0,00;0,00;0,00;0,07;0,00;0,00;113;51;122;14;34;368;684
4380;56,15;-7,86;0,00;0,00;0,00;-0,01;0,00;0,00;117;86;46;35;21;670;499
4381;59,13;96,26;0,00;0,00;0,00;0,10;0,00;0,00;377;35;143;32;36;465;635
4382;39,96;-156,11;0,00;0,00;0,00;-0,16;0,00;0,00;51;157;137;12;27;282;736
4383;46,76;-22,53;0,00;0,00;0,00;-0,02;0,00;0,00;272;39;33;15;29;244;833
4384;34,36;-174,06;0,00;0,00;0,00;-0,17;0,00;0,00;33;138;156;21;26;864;376
4385;47,36;-41,70;0,00;0,00;0,00;-0,04;0,00;0,00;188;18;10;39;22;351;765
4386;13,97;-323,43;0,00;0,00;0,00;-0,32;0,00;0,00;143;86;145;44;39;656;652
4387;68,94;215,63;0,00;0,00;0,00;0,22;0,00;0,00;105;11;145;35;16;285;974
4388;41,62;-108,95;0,00;0,00;0,00;-0,11;0,00;0,00;49;158;120;28;35;715;948
4389;45,12;40,37;0,00;0,00;0,00;0,04;0,00;0,00;182;67;123;13;29;335;363
4390;25,62;-210,75;0,00;0,00;0,00;-0,21;0,00;0,00;418;152;151;41;15;538;868
4391;51,13;32,76;0,00;0,00;0,00;0,03;0,00;0,00;102;94;95;47;31;993;737
4392;48,82;-103,80;0,00;0,00;0,00;-0,10;0,00;0,00;409;139;173;34;39;431;766
4393;36,79;-130,84;0,00;0,00;0,00;-0,13;0,00;0,00;38;108;85;13;29;955;139
4394;70,52;191,49;0,00;0,00;0,00;0,19;0,00;0,00;469;20;180;26;39;913;952
4395;34,32;-207,53;0,00;0,00;0,00;-0,21;0,00;0,00;225;162;148;12;26;509;502
4396;47,07;25,25;0,00;0,00;0,00;0,03;0,00;0,00;366;82;32;33;32;823;417
4397;42,00;-61,77;0,00;0,00;0,00;-0,06;0,00;0,00;137;41;33;42;27;633;745
4398;78,71;278,29;0,00;0,00;0,00;0,28;0,00;0,00;291;58;196;27;30;775;508
4399;10,89;-433,48;0,00;0,00;0,00;-0,43;0,00;0,00;468;27;183;30;31;741;521
4400;55,40;75,99;0,00;0,00;0,00;0,08;0,00;0,00;162;81;36;27;32;400;867
4401;62,52;98,41;0,00;0,00;0,00;0,10;0,00;0,00;51;125;191;26;33;632;933
4402;74,16;213,98;0,00;0,00;0,00;0,21;0,00;0,00;424;172;150;40;15;122;109
4403;44,37;-57,90;0,00;0,00;0,00;-0,06;0,00;0,00;101;110;129;43;17;751;747
4404;62,04;151,59;0,00;0,00;0,00;0,15;0,00;0,00;104;142;187;29;22;603;777
4405;56,53;105,78;0,00;0,00;0,00;0,11;0,00;0,00;89;85;58;44;39;663;589
4406;47,70;87,28;0,00;0,00;0,00;0,09;0,00;0,00;443;112;79;46;18;145;758
4407;33,80;-179,09;0,00;0,00;0,00;-0,18;0,00;0,00;158;99;87;41;24;312;199
4408;63,52;166,23;0,00;0,00;0,00;0,17;0,00;0,00;72;191;113;34;31;617;978
4409;49,55;8,13;0,00;0,00;0,00;0,01;0,00;0,00;26;196;123;24;20;603;415
4410;48,36;-34,96;0,00;0,00;0,00;-0,03;0,00;0,00;264;75;64;49;30;374;207
4411;26,15;-217,00;0,00;0,00;0,00;-0,22;0,00;0,00;32;175;80;11;37;800;985
4412;54,32;144,02;0,00;0,00;0,00;0,14;0,00;0,00;77;82;65;48;38;564;617
4413;38,16;-50,48;0,00;0,00;0,00;-0,05;0,00;0,00;361;179;193;18;21;250;276
4414;24,93;-288,75;0,00;0,00;0,00;-0,29;0,00;0,00;354;67;126;28;24;171;315
4415;43,01;-5,10;0,00;0,00;0,00;-0,01;0,00;0,00;245;11;101;38;27;429;407
4416;45,03;-100,96;0,00;0,00;0,00;-0,10;0,00;0,00;259;198;49;23;32;557;746
4417;61,37;128,48;0,00;0,00;0,00;0,13;0,00;0,00;333;76;153;15;28;604;849
4418;52,22;26,84;0,00;0,00;0,00;0,03;0,00;0,00;127;19;128;12;21;688;145
4419;40,31;-45,48;0,00;0,00;0,00;-0,05;0,00;0,00;177;109;143;26;31;889;515
4420;31,87;-151,31;0,00;0,00;0,00;-0,15;0,00;0,00;450;42;41;16;21;874;969
4421;48,52;-78,57;0,00;0,00;0,00;-0,08;0,00;0,00;408;88;37;33;30;856;136
4422;39,76;-59,74;0,00;0,00;0,00;-0,06;0,00;0,00;19;178;17;13;35;981;148
4423;46,71;85,81;0,00;0,00;0,00;0,09;0,00;0,00;472;135;156;10;33;750;601
4424;73,61;239,46;0,00;0,00;0,00;0,24;0,00;0,00;88;39;132;37;24;749;309
4425;61,73;23,74;0,00;0,00;0,00;0,02;0,00;0,00;155;142;140;42;24;991;258
4426;21,99;-379,17;0,00;0,00;0,00;-0,38;0,00;0,00;486;15;35;37;18;653;730
4427;28,60;-274,35;0,00;0,00;0,00;-0,27;0,00;0,00;426;22;106;28;29;407;605
4428;37,97;-131,09;0,00;0,00;0,00;-0,13;0,00;0,00;303;63;169;32;31;931;255
4429;61,86;53,52;0,00;0,00;0,00;0,05;0,00;0,00;278;101;102;48;24;624;575
4430;52,48;27,43;0,00;0,00;0,00;0,03;0,00;0,00;178;39;187;12;18;320;713
4431;42,30;-155,41;0,00;0,00;0,00;-0,16;0,00;0,00;475;86;56;10;39;656;701
4432;69,16;210,22;0,00;0,00;0,00;0,21;0,00;0,00;28;75;65;20;24;237;766
4433;64,07;199,03;0,00;0,00;0,00;0,20;0,00;0,00;494;156;71;37;15;401;757
4434;29,10;-187,87;0,00;0,00;0,00;-0,19;0,00;0,00;400;17;14;28;30;461;576
4435;62,05;117,13;0,00;0,00;0,00;0,12;0,00;0,00;168;151;98;20;23;583;608
4436;73,78;170,70;0,00;0,00;0,00;0,17;0,00;0,00;440;174;106;36;21;625;143
4437;57,32;48,75;0,00;0,00;0,00;0,05;0,00;0,00;364;132;56;19;37;304;809
4438;72,47;178,82;0,00;0,00;0,00;0,18;0,00;0,00;47;161;18;38;15;553;175
4439;24,45;-227,30;0,00;0,00;0,00;-0,23;0,00;0,00;227;175;47;15;21;588;796
4440;54,33;-5,73;0,00;0,00;0,00;-0,01;0,00;0,00;153;42;29;27;22;386;238
4441;54,46;73,84;0,00;0,00;0,00;0,07;0,00;0,00;100;96;94;44;35;937;705
4442;48,66;20,67;0,00;0,00;0,00;0,02;0,00;0,00;334;193;162;40;24;555;735
4443;60,61;24,58;0,00;0,00;0,00;0,02;0,00;0,00;346;30;149;41;30;201;482
4444;53,48;108,36;0,00;0,00;0,00;0,11;0,00;0,00;238;190;177;18;19;234;254
4445;33,24;-187,78;0,00;0,00;0,00;-0,19;0,00;0,00;277;112;27;43;29;124;500
4446;41,71;8,72;0,00;0,00;0,00;0,01;0,00;0,00;402;53;98;40;15;403;938
4447;85,42;373,67;0,00;0,00;0,00;0,37;0,00;0,00;339;85;186;28;26;787;650
4448;31,39;-151,80;0,00;0,00;0,00;-0,15;0,00;0,00;325;122;63;36;25;387;563
4449;56,01;42,72;0,00;0,00;0,00;0,04;0,00;0,00;23;145;95;30;35;722;245
4450;49,09;-16,01;0,00;0,00;0,00;-0,02;0,00;0,00;51;180;77;41;25;841;476
4451;68,98;236,01;0,00;0,00;0,00;0,24;0,00;0,00;385;34;103;46;23;940;382
4452;57,85;108,67;0,00;0,00;0,00;0,11;0,00;0,00;276;14;121;30;30;528;280
4453;50,74;54,39;0,00;0,00;0,00;0,05;0,00;0,00;178;105;33;46;38;927;579
4454;66,78;181,56;0,00;0,00;0,00;0,18;0,00;0,00;141;174;178;23;18;818;228
4455;52,47;37,12;0,00;0,00;0,00;0,04;0,00;0,00;343;33;155;27;31;726;664
4456;28,53;-227,58;0,00;0,00;0,00;-0,23;0,00;0,00;216;24;198;21;29;299;772
4457;55,79;66,06;0,00;0,00;0,00;0,07;0,00;0,00;172;138;36;41;21;831;983
4458;35,80;-190,88;0,00;0,00;0,00;-0,19;0,00;0,00;451;101;67;33;23;670;276
4459;54,47;86,16;0,00;0,00;0,00;0,09;0,00;0,00;74;103;183;33;21;444;973
4460;69,17;239,59;0,00;0,00;0,00;0,24;0,00;0,00;282;171;143;21;20;210;946
4461;59,13;106,30;0,00;0,00;0,00;0,11;0,00;0,00;61;20;65;29;31;170;260
4462;37,22;-74,82;0,00;0,00;0,00;-0,07;0,00;0,00;322;84;101;35;24;559;697
4463;26,44;-216,11;0,00;0,00;0,00;-0,22;0,00;0,00;449;170;91;22;18;166;293
4464;57,91;15,59;0,00;0,00;0,00;0,02;0,00;0,00;477;78;192;42;35;271;598
4465;52,67;43,41;0,00;0,00;0,00;0,04;0,00;0,00;471;36;81;21;16;799;900
4466;55,47;26,82;0,00;0,00;0,00;0,03;0,00;0,00;422;186;161;46;23;102;695
4467;50,65;61,92;0,00;0,00;0,00;0,06;0,00;0,00;80;161;24;14;31;743;678
4468;42,85;-24,56;0,00;0,00;0,00;-0,02;0,00;0,00;269;197;186;43;15;959;394
4469;58,56;106,84;0,00;0,00;0,00;0,11;0,00;0,00;120;24;103;32;21;167;436
4470;34,23;-142,75;0,00;0,00;0,00;-0,14;0,00;0,00;106;23;107;17;15;255;359
4471;27,90;-178,41;0,00;0,00;0,00;-0,18;0,00;0,00;243;56;151;31;39;963;405
4472;56,88;7,26;0,00;0,00;0,00;0,01;0,00;0,00;318;24;98;21;30;453;928
4473;46,71;20,78;0,00;0,00;0,00;0,02;0,00;0,00;451;28;184;37;34;620;905
4474;22,77;-359,42;0,00;0,00;0,00;-0,36;0,00;0,00;267;117;53;31;23;921;589
4475;41,34;-181,40;0,00;0,00;0,00;-0,18;0,00;0,00;369;11;104;41;17;860;753
4476;22,69;-156,63;0,00;0,00;0,00;-0,16;0,00;0,00;259;27;161;20;15;737;764
4477;58,65;116,07;0,00;0,00;0,00;0,12;0,00;0,00;190;162;88;33;31;473;774
4478;47,58;-55,17;0,00;0,00;0,00;-0,06;0,00;0,00;423;54;32;49;23;330;162
4479;54,47;58,39;0,00;0,00;0,00;0,06;0,00;0,00;486;59;145;11;30;617;329
4480;53,09;23,95;0,00;0,00;0,00;0,02;0,00;0,00;165;178;179;46;30;987;221
4481;57,89;207,48;0,00;0,00;0,00;0,21;0,00;0,00;349;174;187;49;16;790;479
4482;48,41;26,78;0,00;0,00;0,00;0,03;0,00;0,00;13;177;75;31;20;615;819
4483;59,57;108,47;0,00;0,00;0,00;0,11;0,00;0,00;254;39;68;45;24;671;377
4484;36,11;-120,29;0,00;0,00;0,00;-0,12;0,00;0,00;483;103;99;33;37;316;747
4485;45,21;-65,95;0,00;0,00;0,00;-0,07;0,00;0,00;275;145;13;15;33;689;359
4486;52,78;-43,12;0,00;0,00;0,00;-0,04;0,00;0,00;93;103;111;36;34;148;994
4487;57,84;7,01;0,00;0,00;0,00;0,01;0,00;0,00;486;170;185;31;27;950;556
4488;20,78;-317,81;0,00;0,00;0,00;-0,32;0,00;0,00;20;17;192;31;16;556;628
4489;77,36;234,00;0,00;0,00;0,00;0,23;0,00;0,00;328;190;23;16;16;188;793
4490;74,63;273,41;0,00;0,00;0,00;0,27;0,00;0,00;40;192;150;18;21;330;439
4491;36,34;-184,63;0,00;0,00;0,00;-0,18;0,00;0,00;43;70;196;22;16;502;326
4492;45,44;-129,86;0,00;0,00;0,00;-0,13;0,00;0,00;296;154;25;16;15;302;569
4493;49,41;15,26;0,00;0,00;0,00;0,02;0,00;0,00;106;175;154;46;20;793;487
4494;64,11;113,91;0,00;0,00;0,00;0,11;0,00;0,00;287;165;178;23;29;646;820
4495;73,79;250,19;0,00;0,00;0,00;0,25;0,00;0,00;86;95;41;28;19;405;186
4496;71,75;95,83;0,00;0,00;0,00;0,10;0,00;0,00;291;29;26;32;25;917;958
4497;29,09;-277,22;0,00;0,00;0,00;-0,28;0,00;0,00;158;117;57;26;18;781;818
4498;41,08;-31,75;0,00;0,00;0,00;-0,03;0,00;0,00;276;125;175;49;37;166;355
4499;39,11;-90,26;0,00;0,00;0,00;-0,09;0,00;0,00;55;33;122;32;25;911;702
4500;65,69;196,85;0,00;0,00;0,00;0,20;0,00;0,00;268;53;81;37;29;486;940
4501;62,48;91,38;0,00;0,00;0,00;0,09;0,00;0,00;428;160;75;12;23;840;580
4502;42,99;-69,06;0,00;0,00;0,00;-0,07;0,00;0,00;116;101;191;30;29;499;880
4503;43,60;-51,09;0,00;0,00;0,00;-0,05;0,00;0,00;463;83;29;15;37;518;637
4504;86,12;376,31;0,00;0,00;0,00;0,38;0,00;0,00;164;175;167;32;39;586;111
4505;48,32;-13,19;0,00;0,00;0,00;-0,01;0,00;0,00;146;149;22;14;37;167;910
4506;35,14;-146,21;0,00;0,00;0,00;-0,15;0,00;0,00;412;177;68;33;21;879;216
4507;35,42;-124,09;0,00;0,00;0,00;-0,12;0,00;0,00;171;130;163;33;39;313;203
4508;58,54;31,32;0,00;0,00;0,00;0,03;0,00;0,00;152;15;146;35;30;495;378
4509;56,58;111,46;0,00;0,00;0,00;0,11;0,00;0,00;423;119;129;33;20;941;525
4510;73,58;264,03;0,00;0,00;0,00;0,26;0,00;0,00;22;42;62;17;35;826;542
4511;58,74;74,00;0,00;0,00;0,00;0,07;0,00;0,00;360;128;51;44;31;406;156
4512;39,97;-89,18;0,00;0,00;0,00;-0,09;0,00;0,00;300;29;186;30;20;756;516
4513;73,17;242,06;0,00;0,00;0,00;0,24;0,00;0,00;283;135;109;49;36;795;317
4514;53,49;39,03;0,00;0,00;0,00;0,04;0,00;0,00;130;191;149;29;23;260;447
4515;40,94;-129,76;0,00;0,00;0,00;-0,13;0,00;0,00;70;13;91;22;18;954;667
4516;88,13;401,24;0,00;0,00;0,00;0,40;0,00;0,00;110;139;196;22;23;730;272
4517;59,61;67,31;0,00;0,00;0,00;0,07;0,00;0,00;108;153;102;37;33;635;540
4518;38,06;-53,78;0,00;0,00;0,00;-0,05;0,00;0,00;308;187;159;34;30;515;972
4519;43,51;-116,19;0,00;0,00;0,00;-0,12;0,00;0,00;181;174;61;49;34;788;654
4520;31,59;-255,55;0,00;0,00;0,00;-0,26;0,00;0,00;330;150;77;40;25;615;443
4521;38,37;-160,69;0,00;0,00;0,00;-0,16;0,00;0,00;370;125;28;20;37;445;412
4522;62,01;118,33;0,00;0,00;0,00;0,12;0,00;0,00;333;88;193;41;20;417;434
4523;59,68;112,55;0,00;0,00;0,00;0,11;0,00;0,00;65;27;54;16;15;305;357
4524;43,77;-48,25;0,00;0,00;0,00;-0,05;0,00;0,00;322;129;17;14;27;597;619
4525;51,27;-21,42;0,00;0,00;0,00;-0,02;0,00;0,00;173;128;60;19;27;563;971
4526;64,53;245,16;0,00;0,00;0,00;0,25;0,00;0,00;288;176;176;23;22;489;330
4527;21,24;-247,81;0,00;0,00;0,00;-0,25;0,00;0,00;268;128;170;21;20;328;204
4528;62,74;69,42;0,00;0,00;0,00;0,07;0,00;0,00;496;121;90;25;28;573;465
4529;33,02;-165,74;0,00;0,00;0,00;-0,17;0,00;0,00;50;71;136;42;21;936;854
4530;73,04;217,22;0,00;0,00;0,00;0,22;0,00;0,00;82;123;198;34;39;386;245
4531;76,23;356,20;0,00;0,00;0,00;0,36;0,00;0,00;459;108;170;42;27;379;164
4532;54,74;157,97;0,00;0,00;0,00;0,16;0,00;0,00;454;76;28;39;16;389;826
4533;37,98;-167,03;0,00;0,00;0,00;-0,17;0,00;0,00;285;36;188;30;20;742;721
4534;38,35;-178,03;0,00;0,00;0,00;-0,18;0,00;0,00;42;124;80;35;26;679;106
4535;48,59;11,44;0,00;0,00;0,00;0,01;0,00;0,00;277;35;31;37;34;233;703
4536;42,58;-51,70;0,00;0,00;0,00;-0,05;0,00;0,00;339;29;164;10;39;700;389
4537;40,60;-170,27;0,00;0,00;0,00;-0,17;0,00;0,00;132;17;21;37;27;326;661
4538;25,72;-269,19;0,00;0,00;0,00;-0,27;0,00;0,00;173;195;67;41;28;567;775
4539;62,07;166,60;0,00;0,00;0,00;0,17;0,00;0,00;263;181;170;19;25;216;773
4540;23,01;-263,32;0,00;0,00;0,00;-0,26;0,00;0,00;74;126;51;41;19;776;808
4541;6,05;-427,53;0,00;0,00;0,00;-0,43;0,00;0,00;389;88;69;10;27;955;241
4542;52,78;149,38;0,00;0,00;0,00;0,15;0,00;0,00;416;188;195;41;22;182;408
4543;48,63;4,74;0,00;0,00;0,00;0,00;0,00;0,00;283;96;103;22;38;554;118
4544;35,50;-174,33;0,00;0,00;0,00;-0,17;0,00;0,00;480;18;59;39;17;277;214
4545;56,52;35,76;0,00;0,00;0,00;0,04;0,00;0,00;493;175;144;30;33;441;232
4546;23,80;-304,10;0,00;0,00;0,00;-0,30;0,00;0,00;115;117;178;40;37;255;158
4547;72,91;141,47;0,00;0,00;0,00;0,14;0,00;0,00;38;130;85;31;33;338;298
4548;82,60;276,22;0,00;0,00;0,00;0,28;0,00;0,00;109;51;189;41;31;263;277
4549;41,99;-64,55;0,00;0,00;0,00;-0,06;0,00;0,00;405;78;44;48;29;401;733
4550;79,15;255,38;0,00;0,00;0,00;0,26;0,00;0,00;277;92;167;15;21;810;749
4551;53,98;69,94;0,00;0,00;0,00;0,07;0,00;0,00;210;84;33;32;23;316;347
4552;44,15;-104,07;0,00;0,00;0,00;-0,10;0,00;0,00;168;175;50;45;32;306;231
4553;44,32;3,82;0,00;0,00;0,00;0,00;0,00;0,00;105;45;194;18;31;245;973
4554;47,19;-63,94;0,00;0,00;0,00;-0,06;0,00;0,00;381;150;100;33;17;947;211
4555;42,04;-78,09;0,00;0,00;0,00;-0,08;0,00;0,00;224;101;84;46;16;362;117
4556;62,08;236,93;0,00;0,00;0,00;0,24;0,00;0,00;335;71;60;35;36;410;516
4557;46,99;-40,11;0,00;0,00;0,00;-0,04;0,00;0,00;49;180;113;47;22;979;274
4558;54,56;21,26;0,00;0,00;0,00;0,02;0,00;0,00;184;71;132;47;16;472;325
4559;58,55;187,45;0,00;0,00;0,00;0,19;0,00;0,00;275;11;63;14;31;240;464
4560;26,81;-318,50;0,00;0,00;0,00;-0,32;0,00;0,00;143;63;177;30;24;196;836
4561;40,92;-46,68;0,00;0,00;0,00;-0,05;0,00;0,00;86;42;193;20;30;924;175
4562;35,19;-93,35;0,00;0,00;0,00;-0,09;0,00;0,00;361;12;13;44;33;732;975
4563;61,59;135,92;0,00;0,00;0,00;0,14;0,00;0,00;200;141;60;16;34;145;338
4564;25,59;-363,34;0,00;0,00;0,00;-0,36;0,00;0,00;75;25;121;49;35;523;216
4565;58,86;124,67;0,00;0,00;0,00;0,12;0,00;0,00;432;135;23;47;28;511;213
4566;34,86;-169,35;0,00;0,00;0,00;-0,17;0,00;0,00;468;46;37;18;34;874;159
4567;78,32;341,50;0,00;0,00;0,00;0,34;0,00;0,00;406;60;132;16;33;459;691
4568;46,46;-68,14;0,00;0,00;0,00;-0,07;0,00;0,00;474;184;187;47;29;932;277
4569;47,03;-10,73;0,00;0,00;0,00;-0,01;0,00;0,00;362;76;81;49;36;524;991
4570;56,03;17,94;0,00;0,00;0,00;0,02;0,00;0,00;331;66;84;29;18;605;273
4571;18,31;-379,54;0,00;0,00;0,00;-0,38;0,00;0,00;376;146;10;47;19;888;311
4572;50,35;-3,86;0,00;0,00;0,00;-0,00;0,00;0,00;242;11;18;41;27;680;685
4573;63,64;125,85;0,00;0,00;0,00;0,13;0,00;0,00;309;49;56;27;25;203;915
4574;39,13;-159,54;0,00;0,00;0,00;-0,16;0,00;0,00;323;99;163;28;20;883;605
4575;34,86;-101,13;0,00;0,00;0,00;-0,10;0,00;0,00;463;65;103;13;20;982;922
4576;38,79;-128,10;0,00;0,00;0,00;-0,13;0,00;0,00;156;156;161;30;25;276;311
4577;55,48;90,85;0,00;0,00;0,00;0,09;0,00;0,00;247;141;62;23;36;394;417
4578;34,64;-122,65;0,00;0,00;0,00;-0,12;0,00;0,00;98;168;183;25;36;417;564
4579;50,54;26,78;0,00;0,00;0,00;0,03;0,00;0,00;268;98;133;35;24;552;170
4580;37,23;-76,95;0,00;0,00;0,00;-0,08;0,00;0,00;173;108;75;14;15;438;769
4581;26,06;-180,88;0,00;0,00;0,00;-0,18;0,00;0,00;104;36;48;25;22;915;656
4582;37,72;-75,91;0,00;0,00;0,00;-0,08;0,00;0,00;429;114;124;43;33;283;106
4583;61,86;83,21;0,00;0,00;0,00;0,08;0,00;0,00;221;149;155;27;29;915;132
4584;50,71;-21,54;0,00;0,00;0,00;-0,02;0,00;0,00;395;98;19;31;33;921;231
4585;76,18;221,23;0,00;0,00;0,00;0,22;0,00;0,00;397;92;153;10;36;410;731
4586;85,59;428,76;0,00;0,00;0,00;0,43;0,00;0,00;395;157;132;46;32;627;938
4587;28,39;-277,50;0,00;0,00;0,00;-0,28;0,00;0,00;327;96;12;33;33;377;439
4588;51,07;-70,59;0,00;0,00;0,00;-0,07;0,00;0,00;343;172;158;45;19;780;440
4589;70,52;282,61;0,00;0,00;0,00;0,28;0,00;0,00;194;93;35;32;31;836;422
4590;75,37;328,23;0,00;0,00;0,00;0,33;0,00;0,00;71;12;172;41;29;954;684
4591;32,07;-165,97;0,00;0,00;0,00;-0,17;0,00;0,00;456;50;126;39;25;191;946
4592;56,21;49,23;0,00;0,00;0,00;0,05;0,00;0,00;418;98;199;33;18;350;139
4593;53,36;122,52;0,00;0,00;0,00;0,12;0,00;0,00;86;186;20;13;15;448;473
4594;43,81;7,23;0,00;0,00;0,00;0,01;0,00;0,00;238;104;176;23;33;104;303
4595;72,48;246,38;0,00;0,00;0,00;0,25;0,00;0,00;267;150;149;29;28;168;487
4596;67,60;204,57;0,00;0,00;0,00;0,20;0,00;0,00;187;190;43;22;31;918;156
4597;78,01;331,53;0,00;0,00;0,00;0,33;0,00;0,00;323;100;184;44;34;371;387
4598;39,73;-138,34;0,00;0,00;0,00;-0,14;0,00;0,00;233;166;38;14;30;936;893
4599;50,89;-29,38;0,00;0,00;0,00;-0,03;0,00;0,00;431;28;45;17;31;885;375
4600;53,37;-73,58;0,00;0,00;0,00;-0,07;0,00;0,00;395;112;40;40;21;308;800
4601;30,92;-213,78;0,00;0,00;0,00;-0,21;0,00;0,00;216;195;167;12;29;409;125
4602;55,76;73,49;0,00;0,00;0,00;0,07;0,00;0,00;161;78;153;37;26;906;903
4603;22,96;-243,04;0,00;0,00;0,00;-0,24;0,00;0,00;201;40;184;20;26;525;167
4604;40,89;-82,89;0,00;0,00;0,00;-0,08;0,00;0,00;109;78;114;11;21;639;604
4605;31,40;-175,86;0,00;0,00;0,00;-0,18;0,00;0,00;276;23;148;29;35;585;800
4606;63,80;118,97;0,00;0,00;0,00;0,12;0,00;0,00;356;181;63;26;30;934;862
4607;66,01;131,49;0,00;0,00;0,00;0,13;0,00;0,00;279;106;15;40;19;796;683
4608;53,24;52,93;0,00;0,00;0,00;0,05;0,00;0,00;229;148;187;29;15;312;891
4609;58,03;31,08;0,00;0,00;0,00;0,03;0,00;0,00;70;27;176;45;18;685;643
4610;39,41;-80,03;0,00;0,00;0,00;-0,08;0,00;0,00;41;102;110;38;37;674;204
4611;59,24;115,00;0,00;0,00;0,00;0,12;0,00;0,00;37;183;127;32;17;124;806
4612;12,74;-383,66;0,00;0,00;0,00;-0,38;0,00;0,00;105;108;158;13;17;535;471
4613;67,50;214,02;0,00;0,00;0,00;0,21;0,00;0,00;243;24;43;32;27;539;567
4614;79,11;240,76;0,00;0,00;0,00;0,24;0,00;0,00;222;45;106;28;31;446;774
4615;34,18;-194,06;0,00;0,00;0,00;-0,19;0,00;0,00;356;106;145;27;39;892;176
4616;42,05;-61,94;0,00;0,00;0,00;-0,06;0,00;0,00;488;69;123;28;19;256;781
4617;78,27;313,25;0,00;0,00;0,00;0,31;0,00;0,00;308;89;91;24;31;250;420
4618;56,99;27,33;0,00;0,00;0,00;0,03;0,00;0,00;495;120;191;47;20;869;920
4619;32,05;-160,76;0,00;0,00;0,00;-0,16;0,00;0,00;413;134;189;34;25;906;405
4620;47,34;-10,07;0,00;0,00;0,00;-0,01;0,00;0,00;185;23;14;23;24;540;657
4621;11,11;-401,95;0,00;0,00;0,00;-0,40;0,00;0,00;250;11;175;12;16;998;764
4622;51,86;-26,42;0,00;0,00;0,00;-0,03;0,00;0,00;427;171;20;33;20;135;787
4623;48,62;-89,27;0,00;0,00;0,00;-0,09;0,00;0,00;320;169;154;23;26;353;140
4624;77,23;268,33;0,00;0,00;0,00;0,27;0,00;0,00;349;183;110;33;36;403;721
4625;20,53;-269,89;0,00;0,00;0,00;-0,27;0,00;0,00;401;59;107;45;32;856;508
4626;65,81;176,00;0,00;0,00;0,00;0,18;0,00;0,00;442;14;29;12;18;620;808
4627;36,86;-183,67;0,00;0,00;0,00;-0,18;0,00;0,00;225;107;173;42;22;671;840
4628;40,70;-115,09;0,00;0,00;0,00;-0,12;0,00;0,00;383;191;16;30;28;541;640
4629;67,26;131,42;0,00;0,00;0,00;0,13;0,00;0,00;371;164;73;24;32;609;656
4630;32,56;-158,75;0,00;0,00;0,00;-0,16;0,00;0,00;96;10;94;11;20;820;511
4631;61,06;105,35;0,00;0,00;0,00;0,11;0,00;0,00;72;81;43;31;36;902;528
4632;75,58;302,20;0,00;0,00;0,00;0,30;0,00;0,00;345;117;31;44;31;773;896
4633;70,76;170,49;0,00;0,00;0,00;0,17;0,00;0,00;127;177;64;35;37;994;371
4634;56,47;66,70;0,00;0,00;0,00;0,07;0,00;0,00;119;87;81;17;28;568;135
4635;54,14;47,25;0,00;0,00;0,00;0,05;0,00;0,00;486;112;170;17;34;988;646
4636;58,67;80,36;0,00;0,00;0,00;0,08;0,00;0,00;211;108;116;48;15;989;156
4637;55,06;68,72;0,00;0,00;0,00;0,07;0,00;0,00;82;41;139;48;20;949;994
4638;52,93;23,85;0,00;0,00;0,00;0,02;0,00;0,00;392;10;24;36;18;108;216
4639;52,43;-33,30;0,00;0,00;0,00;-0,03;0,00;0,00;496;180;177;40;27;356;675
4640;12,56;-336,13;0,00;0,00;0,00;-0,34;0,00;0,00;58;71;156;38;28;871;284
4641;34,90;-219,81;0,00;0,00;0,00;-0,22;0,00;0,00;414;155;71;24;20;347;818
4642;55,18;45,69;0,00;0,00;0,00;0,05;0,00;0,00;476;46;52;12;26;330;141
4643;56,25;12,65;0,00;0,00;0,00;0,01;0,00;0,00;401;92;77;14;26;712;325
4644;71,32;185,34;0,00;0,00;0,00;0,19;0,00;0,00;186;105;144;12;39;573;528
4645;61,71;126,93;0,00;0,00;0,00;0,13;0,00;0,00;141;97;19;12;32;314;223
4646;36,90;-219,19;0,00;0,00;0,00;-0,22;0,00;0,00;355;34;120;17;15;808;184
4647;58,33;54,33;0,00;0,00;0,00;0,05;0,00;0,00;422;181;42;32;31;189;730
4648;49,38;32,31;0,00;0,00;0,00;0,03;0,00;0,00;118;134;40;49;33;671;542
4649;83,34;354,01;0,00;0,00;0,00;0,35;0,00;0,00;59;123;66;43;21;477;773
4650;0,00;-561,07;0,00;0,00;0,00;-0,56;0,00;0,00;425;156;177;17;15;790;517
4651;38,04;-30,56;0,00;0,00;0,00;-0,03;0,00;0,00;20;119;168;12;31;473;400
4652;44,16;-30,97;0,00;0,00;0,00;-0,03;0,00;0,00;58;198;117;39;16;702;841
4653;71,70;242,06;0,00;0,00;0,00;0,24;0,00;0,00;392;47;67;18;25;260;525
4654;63,51;192,33;0,00;0,00;0,00;0,19;0,00;0,00;290;62;20;25;33;351;848
4655;39,26;-208,51;0,00;0,00;0,00;-0,21;0,00;0,00;417;131;23;27;31;675;486
4656;60,09;129,87;0,00;0,00;0,00;0,13;0,00;0,00;88;112;187;27;24;238;685
4657;35,50;-68,45;0,00;0,00;0,00;-0,07;0,00;0,00;208;25;31;28;30;766;823
4658;66,80;226,43;0,00;0,00;0,00;0,23;0,00;0,00;272;43;199;16;29;527;118
4659;32,56;-166,98;0,00;0,00;0,00;-0,17;0,00;0,00;471;45;174;29;37;761;506
4660;61,72;98,77;0,00;0,00;0,00;0,10;0,00;0,00;86;181;102;48;36;396;933
4661;90,58;402,24;0,00;0,00;0,00;0,40;0,00;0,00;246;111;63;20;30;226;868
4662;55,33;59,42;0,00;0,00;0,00;0,06;0,00;0,00;469;82;95;46;30;163;757
4663;44,00;-104,30;0,00;0,00;0,00;-0,10;0,00;0,00;339;140;56;10;38;592;227
4664;33,97;-249,34;0,00;0,00;0,00;-0,25;0,00;0,00;136;176;101;33;20;568;525
4665;60,12;106,49;0,00;0,00;0,00;0,11;0,00;0,00;136;54;121;44;38;910;981
4666;39,18;-120,70;0,00;0,00;0,00;-0,12;0,00;0,00;279;157;129;23;20;474;198
4667;44,76;-88,38;0,00;0,00;0,00;-0,09;0,00;0,00;263;11;20;34;25;410;198
4668;58,10;88,58;0,00;0,00;0,00;0,09;0,00;0,00;461;184;100;46;17;516;143
4669;57,07;49,38;0,00;0,00;0,00;0,05;0,00;0,00;313;141;47;15;25;820;508
4670;16,96;-391,95;0,00;0,00;0,00;-0,39;0,00;0,00;71;113;166;42;25;957;725
4671;56,75;104,42;0,00;0,00;0,00;0,10;0,00;0,00;171;110;185;45;38;874;122
4672;51,10;29,12;0,00;0,00;0,00;0,03;0,00;0,00;322;171;90;30;20;224;597
4673;43,37;-37,25;0,00;0,00;0,00;-0,04;0,00;0,00;268;64;127;16;38;258;175
4674;39,59;-157,42;0,00;0,00;0,00;-0,16;0,00;0,00;379;151;152;14;27;266;384
4675;33,00;-114,52;0,00;0,00;0,00;-0,11;0,00;0,00;221;137;194;21;18;519;836
4676;37,24;-145,59;0,00;0,00;0,00;-0,15;0,00;0,00;222;198;143;15;20;645;522
4677;57,17;46,53;0,00;0,00;0,00;0,05;0,00;0,00;55;175;16;16;29;609;722
4678;46,94;-29,41;0,00;0,00;0,00;-0,03;0,00;0,00;73;150;134;28;21;862;166
4679;63,75;122,89;0,00;0,00;0,00;0,12;0,00;0,00;99;151;138;40;35;406;615
4680;41,45;-109,34;0,00;0,00;0,00;-0,11;0,00;0,00;200;26;195;22;18;888;438
4681;64,05;154,67;0,00;0,00;0,00;0,15;0,00;0,00;307;35;11;16;29;530;409
4682;81,25;327,08;0,00;0,00;0,00;0,33;0,00;0,00;258;104;42;15;16;705;769
4683;57,99;79,70;0,00;0,00;0,00;0,08;0,00;0,00;487;181;72;27;31;860;977
4684;42,65;-57,40;0,00;0,00;0,00;-0,06;0,00;0,00;147;191;115;20;35;186;560
4685;39,65;-44,33;0,00;0,00;0,00;-0,04;0,00;0,00;418;189;10;31;35;774;950
4686;48,80;-4,80;0,00;0,00;0,00;-0,00;0,00;0,00;69;181;121;12;36;557;120
4687;57,09;86,14;0,00;0,00;0,00;0,09;0,00;0,00;301;185;95;41;18;735;331
4688;33,71;-176,78;0,00;0,00;0,00;-0,18;0,00;0,00;273;52;87;42;17;951;901
4689;36,58;-108,33;0,00;0,00;0,00;-0,11;0,00;0,00;136;33;69;22;29;641;832
4690;49,41;-47,26;0,00;0,00;0,00;-0,05;0,00;0,00;494;106;10;35;39;762;603
4691;27,73;-171,05;0,00;0,00;0,00;-0,17;0,00;0,00;143;61;104;31;18;194;995
4692;51,70;22,69;0,00;0,00;0,00;0,02;0,00;0,00;412;98;61;16;27;593;512
4693;44,55;-95,99;0,00;0,00;0,00;-0,10;0,00;0,00;200;33;140;43;23;654;404
4694;54,34;8,47;0,00;0,00;0,00;0,01;0,00;0,00;36;97;129;14;19;696;900
4695;7,40;-462,85;0,00;0,00;0,00;-0,46;0,00;0,00;47;82;180;20;15;183;943
4696;41,25;-49,98;0,00;0,00;0,00;-0,05;0,00;0,00;105;94;184;27;23;762;718
4697;41,31;-62,08;0,00;0,00;0,00;-0,06;0,00;0,00;307;186;50;40;34;455;752
4698;45,06;18,38;0,00;0,00;0,00;0,02;0,00;0,00;270;115;171;35;24;529;646
4699;34,94;-92,46;0,00;0,00;0,00;-0,09;0,00;0,00;269;32;143;25;35;412;126
4700;59,50;46,57;0,00;0,00;0,00;0,05;0,00;0,00;240;186;163;44;32;870;411
4701;46,81;-61,29;0,00;0,00;0,00;-0,06;0,00;0,00;452;80;166;31;27;538;505
4702;28,45;-225,46;0,00;0,00;0,00;-0,23;0,00;0,00;153;119;149;24;18;987;218
4703;27,66;-159,13;0,00;0,00;0,00;-0,16;0,00;0,00;221;170;39;33;33;901;393
4704;43,06;1,44;0,00;0,00;0,00;0,00;0,00;0,00;276;112;80;13;22;713;425
4705;45,24;-116,11;0,00;0,00;0,00;-0,12;0,00;0,00;73;171;28;24;19;547;854
4706;40,17;-0,66;0,00;0,00;0,00;-0,00;0,00;0,00;28;19;82;21;24;615;930
4707;45,75;-11,08;0,00;0,00;0,00;-0,01;0,00;0,00;181;137;118;18;18;202;927
4708;37,75;-48,79;0,00;0,00;0,00;-0,05;0,00;0,00;368;135;70;43;26;463;695
4709;22,81;-328,41;0,00;0,00;0,00;-0,33;0,00;0,00;193;23;38;21;34;707;787
4710;47,46;-118,93;0,00;0,00;0,00;-0,12;0,00;0,00;304;130;77;38;37;820;333
4711;32,98;-176,84;0,00;0,00;0,00;-0,18;0,00;0,00;449;60;198;36;18;890;486
4712;52,82;-56,23;0,00;0,00;0,00;-0,06;0,00;0,00;80;108;48;13;17;430;895
4713;67,19;225,11;0,00;0,00;0,00;0,23;0,00;0,00;40;150;119;22;38;570;453
4714;53,46;20,02;0,00;0,00;0,00;0,02;0,00;0,00;29;101;80;16;24;387;104
4715;65,50;180,35;0,00;0,00;0,00;0,18;0,00;0,00;195;130;79;39;25;535;387
4716;88,62;419,83;0,00;0,00;0,00;0,42;0,00;0,00;353;139;119;12;38;751;190
4717;57,41;86,08;0,00;0,00;0,00;0,09;0,00;0,00;302;12;155;24;32;341;330
4718;50,74;-55,07;0,00;0,00;0,00;-0,06;0,00;0,00;324;39;94;13;27;981;896
4719;71,41;233,01;0,00;0,00;0,00;0,23;0,00;0,00;433;151;116;36;28;966;585
4720;47,11;39,75;0,00;0,00;0,00;0,04;0,00;0,00;269;77;78;40;28;709;514
4721;27,23;-217,12;0,00;0,00;0,00;-0,22;0,00;0,00;44;98;197;38;19;956;317
4722;57,51;127,39;0,00;0,00;0,00;0,13;0,00;0,00;473;43;36;27;38;624;502
4723;35,12;-173,43;0,00;0,00;0,00;-0,17;0,00;0,00;218;166;171;48;27;800;182
4724;25,01;-278,34;0,00;0,00;0,00;-0,28;0,00;0,00;359;30;187;45;17;825;328
4725;51,87;91,32;0,00;0,00;0,00;0,09;0,00;0,00;59;169;151;22;36;839;241
4726;30,86;-268,31;0,00;0,00;0,00;-0,27;0,00;0,00;32;166;77;41;37;847;748
4727;20,07;-203,33;0,00;0,00;0,00;-0,20;0,00;0,00;406;45;63;49;34;696;223
4728;67,79;167,37;0,00;0,00;0,00;0,17;0,00;0,00;83;180;161;17;16;633;790
4729;61,66;1,58;0,00;0,00;0,00;0,00;0,00;0,00;308;122;95;15;35;308;326
4730;47,65;-29,18;0,00;0,00;0,00;-0,03;0,00;0,00;253;44;97;40;33;194;993
4731;54,36;28,60;0,00;0,00;0,00;0,03;0,00;0,00;11;42;199;13;19;501;621
4732;51,78;-0,77;0,00;0,00;0,00;-0,00;0,00;0,00;358;61;153;38;35;170;667
4733;79,09;278,61;0,00;0,00;0,00;0,28;0,00;0,00;242;50;111;41;18;599;512
4734;29,04;-134,60;0,00;0,00;0,00;-0,13;0,00;0,00;420;159;119;29;35;822;501
4735;30,58;-201,33;0,00;0,00;0,00;-0,20;0,00;0,00;70;158;58;26;37;271;772
4736;52,47;2,09;0,00;0,00;0,00;0,00;0,00;0,00;402;72;36;43;30;810;714
4737;56,66;124,14;0,00;0,00;0,00;0,12;0,00;0,00;473;61;115;23;30;690;425
4738;39,29;-59,08;0,00;0,00;0,00;-0,06;0,00;0,00;59;149;146;43;15;316;824
4739;50,37;-5,98;0,00;0,00;0,00;-0,01;0,00;0,00;462;127;15;22;26;791;955
4740;49,63;69,63;0,00;0,00;0,00;0,07;0,00;0,00;99;70;172;40;15;416;991
4741;68,36;208,25;0,00;0,00;0,00;0,21;0,00;0,00;420;24;194;15;15;429;823
4742;79,21;243,20;0,00;0,00;0,00;0,24;0,00;0,00;306;78;10;28;27;111;929
4743;32,54;-141,97;0,00;0,00;0,00;-0,14;0,00;0,00;234;48;195;47;27;101;463
4744;67,30;101,29;0,00;0,00;0,00;0,10;0,00;0,00;96;141;74;18;33;434;179
4745;61,14;158,33;0,00;0,00;0,00;0,16;0,00;0,00;59;178;198;29;21;568;704
4746;50,50;30,16;0,00;0,00;0,00;0,03;0,00;0,00;325;97;107;46;19;323;528
4747;67,90;184,06;0,00;0,00;0,00;0,18;0,00;0,00;177;99;29;23;16;663;429
4748;60,80;155,38;0,00;0,00;0,00;0,16;0,00;0,00;423;155;15;42;39;123;669
4749;54,90;111,10;0,00;0,00;0,00;0,11;0,00;0,00;74;11;62;43;15;672;382
4750;29,68;-113,11;0,00;0,00;0,00;-0,11;0,00;0,00;225;153;46;24;34;106;766
4751;41,67;-67,72;0,00;0,00;0,00;-0,07;0,00;0,00;490;185;133;34;36;383;740
4752;63,65;103,97;0,00;0,00;0,00;0,10;0,00;0,00;393;148;42;31;34;924;143
4753;65,52;144,02;0,00;0,00;0,00;0,14;0,00;0,00;215;195;41;15;15;751;576
4754;41,77;-94,70;0,00;0,00;0,00;-0,09;0,00;0,00;383;86;105;12;24;711;568
4755;42,00;-80,63;0,00;0,00;0,00;-0,08;0,00;0,00;496;153;173;12;34;608;420
4756;61,53;63,76;0,00;0,00;0,00;0,06;0,00;0,00;190;48;97;31;22;942;930
4757;59,66;131,38;0,00;0,00;0,00;0,13;0,00;0,00;359;20;60;38;20;275;518
4758;55,54;-2,58;0,00;0,00;0,00;-0,00;0,00;0,00;98;118;163;37;17;122;542
4759;72,30;309,74;0,00;0,00;0,00;0,31;0,00;0,00;477;104;18;28;35;547;573
4760;63,97;279,63;0,00;0,00;0,00;0,28;0,00;0,00;87;65;125;44;36;589;761
4761;56,97;31,23;0,00;0,00;0,00;0,03;0,00;0,00;281;69;195;32;38;271;485
4762;50,50;-46,72;0,00;0,00;0,00;-0,05;0,00;0,00;354;16;179;29;39;487;316
4763;52,06;-33,99;0,00;0,00;0,00;-0,03;0,00;0,00;218;141;80;40;16;895;382
4764;43,64;-77,61;0,00;0,00;0,00;-0,08;0,00;0,00;439;27;183;34;32;495;775
4765;29,77;-188,37;0,00;0,00;0,00;-0,19;0,00;0,00;217;162;119;24;16;374;354
4766;62,48;117,45;0,00;0,00;0,00;0,12;0,00;0,00;489;141;87;23;19;295;579
4767;42,74;-48,19;0,00;0,00;0,00;-0,05;0,00;0,00;397;134;182;39;37;681;920
4768;33,11;-140,41;0,00;0,00;0,00;-0,14;0,00;0,00;366;120;130;25;37;505;440
4769;55,36;82,81;0,00;0,00;0,00;0,08;0,00;0,00;201;44;82;23;24;476;552
4770;65,78;173,71;0,00;0,00;0,00;0,17;0,00;0,00;14;62;26;22;15;747;577
4771;50,99;0,69;0,00;0,00;0,00;0,00;0,00;0,00;454;129;82;10;17;506;830
4772;43,97;-44,92;0,00;0,00;0,00;-0,04;0,00;0,00;412;199;126;31;23;331;756
4773;62,99;147,51;0,00;0,00;0,00;0,15;0,00;0,00;329;127;117;29;34;761;636
4774;55,16;14,29;0,00;0,00;0,00;0,01;0,00;0,00;389;30;87;29;34;496;802
4775;67,05;208,78;0,00;0,00;0,00;0,21;0,00;0,00;232;126;176;26;23;892;306
4776;48,08;-84,41;0,00;0,00;0,00;-0,08;0,00;0,00;95;82;84;40;19;738;846
4777;80,98;308,67;0,00;0,00;0,00;0,31;0,00;0,00;67;172;84;30;21;515;864
4778;86,45;458,13;0,00;0,00;0,00;0,46;0,00;0,00;375;106;135;37;39;606;475
4779;73,11;267,65;0,00;0,00;0,00;0,27;0,00;0,00;439;72;145;44;32;981;270
4780;11,68;-450,37;0,00;0,00;0,00;-0,45;0,00;0,00;458;178;138;18;16;572;661
4781;48,71;-25,71;0,00;0,00;0,00;-0,03;0,00;0,00;320;28;49;43;20;936;877
4782;41,73;-116,43;0,00;0,00;0,00;-0,12;0,00;0,00;459;185;60;13;24;713;833
4783;65,41;42,38;0,00;0,00;0,00;0,04;0,00;0,00;477;143;43;15;29;751;193
4784;60,64;174,13;0,00;0,00;0,00;0,17;0,00;0,00;91;73;137;27;32;363;409
4785;36,61;-177,96;0,00;0,00;0,00;-0,18;0,00;0,00;258;120;65;36;25;752;946
4786;11,73;-428,63;0,00;0,00;0,00;-0,43;0,00;0,00;385;106;90;44;24;264;238
4787;58,59;44,33;0,00;0,00;0,00;0,04;0,00;0,00;34;23;91;21;32;870;798
4788;54,13;5,47;0,00;0,00;0,00;0,01;0,00;0,00;132;97;20;36;28;738;701
4789;42,59;-89,79;0,00;0,00;0,00;-0,09;0,00;0,00;435;24;50;24;25;581;569
4790;90,35;391,12;0,00;0,00;0,00;0,39;0,00;0,00;281;53;67;47;33;898;597
4791;62,09;127,22;0,00;0,00;0,00;0,13;0,00;0,00;472;102;45;15;30;139;125
4792;65,39;153,57;0,00;0,00;0,00;0,15;0,00;0,00;155;78;84;42;30;663;642
4793;43,85;-34,56;0,00;0,00;0,00;-0,03;0,00;0,00;53;12;57;23;18;678;840
4794;17,49;-356,92;0,00;0,00;0,00;-0,36;0,00;0,00;196;96;49;40;36;790;991
4795;82,82;299,48;0,00;0,00;0,00;0,30;0,00;0,00;117;168;151;48;23;187;465
4796;45,85;-47,55;0,00;0,00;0,00;-0,05;0,00;0,00;335;152;58;15;31;246;771
4797;70,98;153,52;0,00;0,00;0,00;0,15;0,00;0,00;101;110;188;25;20;370;870
4798;33,06;-134,07;0,00;0,00;0,00;-0,13;0,00;0,00;420;65;199;39;22;676;902
4799;49,35;-36,33;0,00;0,00;0,00;-0,04;0,00;0,00;287;26;59;38;19;830;154
4800;73,09;165,56;0,00;0,00;0,00;0,17;0,00;0,00;89;49;143;38;23;230;237
4801;63,19;206,37;0,00;0,00;0,00;0,21;0,00;0,00;190;158;83;41;15;641;866
4802;66,96;134,86;0,00;0,00;0,00;0,13;0,00;0,00;336;170;64;49;23;275;762
4803;21,43;-225,10;0,00;0,00;0,00;-0,23;0,00;0,00;459;172;14;26;29;579;115
4804;68,55;212,88;0,00;0,00;0,00;0,21;0,00;0,00;376;144;66;42;38;929;528
4805;76,75;187,08;0,00;0,00;0,00;0,19;0,00;0,00;360;29;85;35;30;721;200
4806;57,09;88,91;0,00;0,00;0,00;0,09;0,00;0,00;480;159;33;18;32;115;120
4807;64,64;139,18;0,00;0,00;0,00;0,14;0,00;0,00;103;185;169;41;26;500;319
4808;35,87;-141,05;0,00;0,00;0,00;-0,14;0,00;0,00;317;41;173;11;37;745;913
4809;19,56;-305,13;0,00;0,00;0,00;-0,31;0,00;0,00;224;122;61;36;29;163;279
4810;39,94;18,89;0,00;0,00;0,00;0,02;0,00;0,00;478;84;176;24;22;513;473
4811;61,77;183,71;0,00;0,00;0,00;0,18;0,00;0,00;368;194;50;42;26;223;579
4812;50,42;-19,73;0,00;0,00;0,00;-0,02;0,00;0,00;382;188;177;42;18;304;776
4813;65,58;97,19;0,00;0,00;0,00;0,10;0,00;0,00;315;40;50;44;20;830;579
4814;81,96;249,68;0,00;0,00;0,00;0,25;0,00;0,00;205;49;104;38;28;917;333
4815;62,49;125,30;0,00;0,00;0,00;0,13;0,00;0,00;54;117;134;20;37;579;325
4816;55,03;66,49;0,00;0,00;0,00;0,07;0,00;0,00;453;178;50;22;26;812;181
4817;71,93;200,85;0,00;0,00;0,00;0,20;0,00;0,00;364;159;90;32;32;514;797
4818;39,86;-133,37;0,00;0,00;0,00;-0,13;0,00;0,00;387;26;65;46;16;866;476
4819;32,09;-123,26;0,00;0,00;0,00;-0,12;0,00;0,00;46;114;150;23;19;858;363
4820;59,21;79,93;0,00;0,00;0,00;0,08;0,00;0,00;319;175;118;15;25;996;704
4821;70,51;265,87;0,00;0,00;0,00;0,27;0,00;0,00;401;129;38;31;17;896;395
4822;47,39;61,77;0,00;0,00;0,00;0,06;0,00;0,00;131;32;129;19;38;754;942
4823;66,44;212,97;0,00;0,00;0,00;0,21;0,00;0,00;451;168;182;21;39;557;698
4824;66,65;167,97;0,00;0,00;0,00;0,17;0,00;0,00;286;57;104;30;33;993;352
4825;49,87;23,67;0,00;0,00;0,00;0,02;0,00;0,00;197;48;193;25;16;400;181
4826;81,68;331,36;0,00;0,00;0,00;0,33;0,00;0,00;463;17;41;23;33;172;276
4827;52,11;13,93;0,00;0,00;0,00;0,01;0,00;0,00;145;88;65;37;24;970;888
4828;48,71;44,81;0,00;0,00;0,00;0,04;0,00;0,00;248;143;180;34;39;269;933
4829;43,25;-93,87;0,00;0,00;0,00;-0,09;0,00;0,00;470;142;126;33;35;161;237
4830;73,78;247,48;0,00;0,00;0,00;0,25;0,00;0,00;121;173;27;38;23;471;179
4831;54,35;115,72;0,00;0,00;0,00;0,12;0,00;0,00;275;172;150;32;25;400;471
4832;52,93;-11,51;0,00;0,00;0,00;-0,01;0,00;0,00;178;44;54;22;29;896;793
4833;46,53;-56,77;0,00;0,00;0,00;-0,06;0,00;0,00;111;127;153;34;19;355;879
4834;25,59;-165,02;0,00;0,00;0,00;-0,17;0,00;0,00;230;10;154;44;25;568;977
4835;30,24;-238,11;0,00;0,00;0,00;-0,24;0,00;0,00;257;62;48;40;27;238;674
4836;40,48;-122,01;0,00;0,00;0,00;-0,12;0,00;0,00;145;40;192;44;19;904;191
4837;42,92;-107,78;0,00;0,00;0,00;-0,11;0,00;0,00;249;93;34;20;16;127;719
4838;25,20;-257,12;0,00;0,00;0,00;-0,26;0,00;0,00;438;120;194;48;17;202;809
4839;38,63;-66,07;0,00;0,00;0,00;-0,07;0,00;0,00;400;161;11;35;34;720;371
4840;60,59;100,99;0,00;0,00;0,00;0,10;0,00;0,00;208;46;48;19;21;523;890
4841;14,69;-307,76;0,00;0,00;0,00;-0,31;0,00;0,00;143;139;188;44;32;209;660
4842;56,85;41,50;0,00;0,00;0,00;0,04;0,00;0,00;352;144;106;20;19;525;921
4843;36,37;-2,40;0,00;0,00;0,00;-0,00;0,00;0,00;79;50;199;44;15;845;373
4844;38,16;-152,10;0,00;0,00;0,00;-0,15;0,00;0,00;155;101;37;19;21;132;446
4845;42,00;-93,68;0,00;0,00;0,00;-0,09;0,00;0,00;127;49;138;25;24;972;126
4846;81,21;334,63;0,00;0,00;0,00;0,33;0,00;0,00;153;177;103;41;19;300;329
4847;34,07;-183,94;0,00;0,00;0,00;-0,18;0,00;0,00;54;35;194;45;24;746;266
4848;58,54;77,72;0,00;0,00;0,00;0,08;0,00;0,00;361;144;27;46;33;795;630
4849;55,74;10,88;0,00;0,00;0,00;0,01;0,00;0,00;73;98;169;40;33;214;270
4850;70,55;168,69;0,00;0,00;0,00;0,17;0,00;0,00;148;198;133;48;16;527;352
4851;67,65;155,87;0,00;0,00;0,00;0,16;0,00;0,00;215;109;64;42;19;115;522
4852;54,87;27,57;0,00;0,00;0,00;0,03;0,00;0,00;348;115;81;24;28;282;912
4853;54,75;-21,58;0,00;0,00;0,00;-0,02;0,00;0,00;66;96;32;33;28;321;188
4854;52,25;28,69;0,00;0,00;0,00;0,03;0,00;0,00;433;81;91;35;35;351;756
4855;64,59;100,78;0,00;0,00;0,00;0,10;0,00;0,00;321;77;45;34;23;493;941
4856;55,80;18,72;0,00;0,00;0,00;0,02;0,00;0,00;325;36;117;29;37;818;123
4857;51,33;3,86;0,00;0,00;0,00;0,00;0,00;0,00;81;122;15;15;15;688;512
4858;64,50;145,66;0,00;0,00;0,00;0,15;0,00;0,00;329;55;128;23;22;139;593
4859;34,88;-254,04;0,00;0,00;0,00;-0,25;0,00;0,00;411;103;31;22;30;385;619
4860;61,77;138,01;0,00;0,00;0,00;0,14;0,00;0,00;281;67;20;26;19;967;737
4861;50,55;-86,86;0,00;0,00;0,00;-0,09;0,00;0,00;240;66;142;43;27;210;160
4862;47,36;-107,73;0,00;0,00;0,00;-0,11;0,00;0,00;24;173;192;18;19;166;183
4863;22,91;-321,95;0,00;0,00;0,00;-0,32;0,00;0,00;240;160;162;26;39;575;551
4864;47,25;73,97;0,00;0,00;0,00;0,07;0,00;0,00;388;14;166;22;29;820;284
4865;35,94;-192,03;0,00;0,00;0,00;-0,19;0,00;0,00;164;71;12;20;23;105;258
4866;3,71;-493,39;0,00;0,00;0,00;-0,49;0,00;0,00;353;84;75;27;24;882;736
4867;62,78;134,58;0,00;0,00;0,00;0,13;0,00;0,00;154;163;89;30;21;356;206
4868;13,25;-369,07;0,00;0,00;0,00;-0,37;0,00;0,00;331;126;35;32;20;628;383
4869;48,11;3,72;0,00;0,00;0,00;0,00;0,00;0,00;431;50;51;28;21;132;394
4870;71,52;169,49;0,00;0,00;0,00;0,17;0,00;0,00;90;122;64;27;25;240;136
4871;55,77;94,18;0,00;0,00;0,00;0,09;0,00;0,00;429;182;21;21;27;919;214
4872;63,13;192,32;0,00;0,00;0,00;0,19;0,00;0,00;313;110;195;23;31;651;719
4873;59,34;80,15;0,00;0,00;0,00;0,08;0,00;0,00;267;158;39;49;15;616;265
4874;56,30;70,40;0,00;0,00;0,00;0,07;0,00;0,00;402;84;171;23;21;886;465
4875;40,75;-77,54;0,00;0,00;0,00;-0,08;0,00;0,00;389;151;66;34;19;454;746
4876;43,30;-172,28;0,00;0,00;0,00;-0,17;0,00;0,00;165;36;97;31;38;344;313
4877;37,02;-141,20;0,00;0,00;0,00;-0,14;0,00;0,00;112;52;185;44;26;216;657
4878;45,62;-32,06;0,00;0,00;0,00;-0,03;0,00;0,00;350;41;69;48;28;665;942
4879;37,25;-146,64;0,00;0,00;0,00;-0,15;0,00;0,00;42;176;58;38;17;775;311
4880;42,26;-82,70;0,00;0,00;0,00;-0,08;0,00;0,00;481;66;178;10;37;314;712
4881;32,71;-122,44;0,00;0,00;0,00;-0,12;0,00;0,00;336;100;165;46;16;480;231
4882;53,68;131,47;0,00;0,00;0,00;0,13;0,00;0,00;149;133;115;27;39;595;169
4883;39,84;-87,34;0,00;0,00;0,00;-0,09;0,00;0,00;20;145;182;28;22;422;846
4884;25,48;-275,56;0,00;0,00;0,00;-0,28;0,00;0,00;202;87;97;37;34;591;612
4885;39,28;-185,58;0,00;0,00;0,00;-0,19;0,00;0,00;184;22;162;38;31;469;193
4886;46,00;-39,58;0,00;0,00;0,00;-0,04;0,00;0,00;253;23;133;48;17;996;116
4887;46,21;35,74;0,00;0,00;0,00;0,04;0,00;0,00;208;126;66;25;39;428;953
4888;76,80;260,87;0,00;0,00;0,00;0,26;0,00;0,00;374;108;17;48;37;334;348
4889;19,98;-301,37;0,00;0,00;0,00;-0,30;0,00;0,00;98;59;82;46;29;885;389
4890;61,54;76,97;0,00;0,00;0,00;0,08;0,00;0,00;128;179;119;24;28;372;143
4891;71,35;199,22;0,00;0,00;0,00;0,20;0,00;0,00;191;194;185;18;32;923;171
4892;16,40;-370,38;0,00;0,00;0,00;-0,37;0,00;0,00;414;181;63;10;39;273;822
4893;42,07;-166,20;0,00;0,00;0,00;-0,17;0,00;0,00;101;75;21;45;26;733;237
4894;59,96;150,42;0,00;0,00;0,00;0,15;0,00;0,00;351;175;50;14;27;592;762
4895;30,24;-140,59;0,00;0,00;0,00;-0,14;0,00;0,00;111;90;178;48;23;476;924
4896;38,87;-32,39;0,00;0,00;0,00;-0,03;0,00;0,00;131;168;18;14;25;508;544
4897;57,17;68,40;0,00;0,00;0,00;0,07;0,00;0,00;86;61;124;19;36;364;362
4898;60,86;216,65;0,00;0,00;0,00;0,22;0,00;0,00;227;68;139;39;38;951;830
4899;18,91;-258,67;0,00;0,00;0,00;-0,26;0,00;0,00;429;167;124;30;39;420;312
4900;50,65;-37,47;0,00;0,00;0,00;-0,04;0,00;0,00;165;119;132;20;30;967;161
4901;43,96;-15,59;0,00;0,00;0,00;-0,02;0,00;0,00;387;24;183;10;21;827;874
4902;31,13;-162,90;0,00;0,00;0,00;-0,16;0,00;0,00;373;66;111;22;19;664;248
4903;36,19;-101,67;0,00;0,00;0,00;-0,10;0,00;0,00;478;129;178;37;19;228;596
4904;33,82;-183,31;0,00;0,00;0,00;-0,18;0,00;0,00;232;10;162;22;34;903;205
4905;46,47;-104,78;0,00;0,00;0,00;-0,10;0,00;0,00;463;35;95;29;34;456;470
4906;53,75;50,31;0,00;0,00;0,00;0,05;0,00;0,00;18;41;89;45;22;822;991
4907;57,09;56,75;0,00;0,00;0,00;0,06;0,00;0,00;473;124;139;35;34;355;528
4908;59,78;131,93;0,00;0,00;0,00;0,13;0,00;0,00;203;87;153;24;37;329;142
4909;20,33;-325,64;0,00;0,00;0,00;-0,33;0,00;0,00;195;59;148;32;27;912;830
4910;62,63;115,89;0,00;0,00;0,00;0,12;0,00;0,00;293;42;123;38;29;535;643
4911;63,28;136,64;0,00;0,00;0,00;0,14;0,00;0,00;34;102;189;43;24;151;868
4912;45,49;23,95;0,00;0,00;0,00;0,02;0,00;0,00;52;97;56;26;18;137;801
4913;50,53;-18,68;0,00;0,00;0,00;-0,02;0,00;0,00;373;32;55;23;35;318;469
4914;24,38;-277,05;0,00;0,00;0,00;-0,28;0,00;0,00;133;139;28;43;25;275;536
4915;42,83;-23,23;0,00;0,00;0,00;-0,02;0,00;0,00;407;26;113;25;16;101;799
4916;69,33;258,90;0,00;0,00;0,00;0,26;0,00;0,00;278;19;11;36;32;965;693
4917;55,88;-12,23;0,00;0,00;0,00;-0,01;0,00;0,00;323;76;43;33;16;732;882
4918;23,15;-275,91;0,00;0,00;0,00;-0,28;0,00;0,00;334;70;168;45;23;946;721
4919;56,21;120,41;0,00;0,00;0,00;0,12;0,00;0,00;241;191;161;10;26;108;598
4920;19,08;-356,85;0,00;0,00;0,00;-0,36;0,00;0,00;201;181;169;18;16;901;207
4921;49,42;39,46;0,00;0,00;0,00;0,04;0,00;0,00;286;150;109;43;24;936;372
4922;42,87;-46,39;0,00;0,00;0,00;-0,05;0,00;0,00;193;158;159;31;34;270;181
4923;52,41;-46,08;0,00;0,00;0,00;-0,05;0,00;0,00;151;77;157;28;39;239;593
4924;36,38;-71,78;0,00;0,00;0,00;-0,07;0,00;0,00;357;58;163;42;25;141;821
4925;55,55;78,04;0,00;0,00;0,00;0,08;0,00;0,00;213;156;144;27;24;782;946
4926;62,76;161,88;0,00;0,00;0,00;0,16;0,00;0,00;220;88;145;16;29;570;290
4927;35,67;-222,14;0,00;0,00;0,00;-0,22;0,00;0,00;429;114;181;33;26;445;809
4928;35,45;-179,16;0,00;0,00;0,00;-0,18;0,00;0,00;153;56;34;23;16;698;794
4929;59,43;97,96;0,00;0,00;0,00;0,10;0,00;0,00;16;19;141;25;15;366;110
4930;43,47;-182,98;0,00;0,00;0,00;-0,18;0,00;0,00;129;159;136;33;27;900;906
4931;37,14;-64,24;0,00;0,00;0,00;-0,06;0,00;0,00;194;144;90;42;33;746;991
4932;50,51;-77,67;0,00;0,00;0,00;-0,08;0,00;0,00;499;68;143;33;35;737;716
4933;43,04;-29,09;0,00;0,00;0,00;-0,03;0,00;0,00;456;97;36;11;25;625;483
4934;80,86;343,56;0,00;0,00;0,00;0,34;0,00;0,00;225;121;150;13;25;765;977
4935;60,73;29,14;0,00;0,00;0,00;0,03;0,00;0,00;340;135;190;19;17;519;376
4936;18,03;-334,86;0,00;0,00;0,00;-0,33;0,00;0,00;125;135;131;40;31;900;818
4937;49,51;-38,56;0,00;0,00;0,00;-0,04;0,00;0,00;386;55;48;43;30;905;420
4938;57,66;47,74;0,00;0,00;0,00;0,05;0,00;0,00;295;197;117;37;28;462;108
4939;48,63;81,75;0,00;0,00;0,00;0,08;0,00;0,00;270;199;64;47;38;306;132
4940;68,34;218,63;0,00;0,00;0,00;0,22;0,00;0,00;353;140;31;49;25;139;311
4941;49,54;-41,63;0,00;0,00;0,00;-0,04;0,00;0,00;382;198;164;30;33;976;498
4942;43,52;-122,59;0,00;0,00;0,00;-0,12;0,00;0,00;387;39;42;23;26;734;338
4943;54,73;34,90;0,00;0,00;0,00;0,03;0,00;0,00;49;51;92;17;20;391;493
4944;53,67;-11,28;0,00;0,00;0,00;-0,01;0,00;0,00;430;150;142;25;15;643;428
4945;44,80;-78,86;0,00;0,00;0,00;-0,08;0,00;0,00;115;161;167;15;28;861;918
4946;45,46;-16,70;0,00;0,00;0,00;-0,02;0,00;0,00;334;120;53;21;23;924;439
4947;62,62;128,15;0,00;0,00;0,00;0,13;0,00;0,00;88;170;102;42;20;373;159
4948;65,69;219,72;0,00;0,00;0,00;0,22;0,00;0,00;250;158;24;37;18;744;855
4949;55,13;-49,67;0,00;0,00;0,00;-0,05;0,00;0,00;96;78;125;19;34;233;787
4950;36,54;-137,81;0,00;0,00;0,00;-0,14;0,00;0,00;335;183;22;37;28;835;318
4951;45,38;-8,07;0,00;0,00;0,00;-0,01;0,00;0,00;81;23;53;12;18;782;267
4952;11,34;-364,03;0,00;0,00;0,00;-0,36;0,00;0,00;10;168;135;14;24;284;839
4953;68,03;156,34;0,00;0,00;0,00;0,16;0,00;0,00;114;99;133;24;19;915;466
4954;49,91;-45,15;0,00;0,00;0,00;-0,05;0,00;0,00;355;54;11;46;33;340;746
4955;85,36;354,23;0,00;0,00;0,00;0,35;0,00;0,00;73;170;30;23;21;620;141
4956;34,97;-76,64;0,00;0,00;0,00;-0,08;0,00;0,00;180;117;108;48;25;183;499
4957;46,76;-25,33;0,00;0,00;0,00;-0,03;0,00;0,00;51;92;89;44;32;426;432
4958;39,52;-126,43;0,00;0,00;0,00;-0,13;0,00;0,00;117;117;73;37;31;845;574
4959;48,68;-78,25;0,00;0,00;0,00;-0,08;0,00;0,00;75;69;59;27;27;818;313
4960;56,58;55,46;0,00;0,00;0,00;0,06;0,00;0,00;242;136;156;31;22;748;979
4961;57,71;8,27;0,00;0,00;0,00;0,01;0,00;0,00;200;35;68;47;30;858;300
4962;43,95;9,44;0,00;0,00;0,00;0,01;0,00;0,00;301;87;195;49;34;854;526
4963;83,24;373,42;0,00;0,00;0,00;0,37;0,00;0,00;411;124;81;47;26;248;461
4964;23,43;-269,16;0,00;0,00;0,00;-0,27;0,00;0,00;469;103;131;27;38;316;480
4965;86,17;311,59;0,00;0,00;0,00;0,31;0,00;0,00;323;82;192;45;20;406;435
4966;69,49;144,47;0,00;0,00;0,00;0,14;0,00;0,00;475;82;34;42;37;969;306
4967;47,29;-2,23;0,00;0,00;0,00;-0,00;0,00;0,00;259;40;180;33;36;378;910
4968;45,93;-4,60;0,00;0,00;0,00;-0,00;0,00;0,00;190;102;164;35;21;551;573
4969;48,29;59,81;0,00;0,00;0,00;0,06;0,00;0,00;204;94;34;37;25;903;107
4970;66,23;165,21;0,00;0,00;0,00;0,17;0,00;0,00;345;155;75;26;17;123;282
4971;59,22;74,73;0,00;0,00;0,00;0,07;0,00;0,00;370;88;76;39;37;859;447
4972;56,12;65,02;0,00;0,00;0,00;0,07;0,00;0,00;236;50;162;44;15;136;878
4973;62,48;136,14;0,00;0,00;0,00;0,14;0,00;0,00;434;76;191;13;35;573;334
4974;64,77;160,14;0,00;0,00;0,00;0,16;0,00;0,00;208;17;19;21;34;448;162
4975;53,48;-17,58;0,00;0,00;0,00;-0,02;0,00;0,00;50;148;48;38;23;672;566
4976;58,16;33,06;0,00;0,00;0,00;0,03;0,00;0,00;116;170;20;37;20;807;673
4977;67,51;149,36;0,00;0,00;0,00;0,15;0,00;0,00;117;156;105;31;26;464;455
4978;28,05;-303,90;0,00;0,00;0,00;-0,30;0,00;0,00;448;54;187;47;27;833;891
4979;43,90;-33,14;0,00;0,00;0,00;-0,03;0,00;0,00;134;103;11;14;23;894;777
4980;55,96;68,13;0,00;0,00;0,00;0,07;0,00;0,00;399;102;49;12;24;189;603
4981;94,23;328,14;0,00;0,00;0,00;0,33;0,00;0,00;13;103;184;25;30;857;401
4982;46,27;-8,17;0,00;0,00;0,00;-0,01;0,00;0,00;201;94;72;40;19;480;716
4983;32,95;-226,27;0,00;0,00;0,00;-0,23;0,00;0,00;135;42;104;18;19;456;659
4984;40,84;-113,53;0,00;0,00;0,00;-0,11;0,00;0,00;91;22;150;12;28;420;264
4985;39,29;-150,27;0,00;0,00;0,00;-0,15;0,00;0,00;372;90;137;22;32;486;179
4986;56,44;-4,73;0,00;0,00;0,00;-0,00;0,00;0,00;319;168;56;20;23;971;979
4987;43,82;-45,19;0,00;0,00;0,00;-0,05;0,00;0,00;143;28;184;45;26;959;818
4988;16,48;-306,67;0,00;0,00;0,00;-0,31;0,00;0,00;55;197;130;19;34;849;582
4989;47,34;-128,30;0,00;0,00;0,00;-0,13;0,00;0,00;113;40;192;17;37;445;190
4990;43,13;-102,11;0,00;0,00;0,00;-0,10;0,00;0,00;408;116;93;39;25;177;274
4991;64,63;95,12;0,00;0,00;0,00;0,10;0,00;0,00;135;133;77;40;24;532;280
4992;69,07;187,71;0,00;0,00;0,00;0,19;0,00;0,00;138;122;145;11;36;692;508
4993;15,64;-365,63;0,00;0,00;0,00;-0,37;0,00;0,00;437;183;124;27;36;423;564
4994;37,28;-148,75;0,00;0,00;0,00;-0,15;0,00;0,00;392;69;64;38;22;147;882
4995;35,76;-192,24;0,00;0,00;0,00;-0,19;0,00;0,00;102;117;15;18;38;603;898
4996;46,57;-48,61;0,00;0,00;0,00;-0,05;0,00;0,00;81;175;98;41;21;271;377
4997;72,61;253,10;0,00;0,00;0,00;0,25;0,00;0,00;458;22;104;27;39;480;329
4998;62,17;25,56;0,00;0,00;0,00;0,03;0,00;0,00;323;72;181;21;19;841;668
4999;66,91;192,22;0,00;0,00;0,00;0,19;0,00;0,00;58;90;129;15;28;207;675
5000;48,29;105,95;0,00;0,00;0,00;0,11;0,00;0,00;283;86;170;18;26;567;947
5001;47,79;-65,10;0,00;0,00;0,00;-0,07;0,00;0,00;409;134;36;31;33;896;677
5002;31,75;-254,86;0,00;0,00;0,00;-0,25;0,00;0,00;119;68;68;17;24;357;718
5003;30,00;-134,54;0,00;0,00;0,00;-0,13;0,00;0,00;255;116;161;10;28;344;460
5004;64,44;236,09;0,00;0,00;0,00;0,24;0,00;0,00;229;170;73;30;16;639;958
5005;35,80;-114,87;0,00;0,00;0,00;-0,11;0,00;0,00;252;22;11;42;30;669;530
5006;64,80;206,94;0,00;0,00;0,00;0,21;0,00;0,00;442;175;29;24;19;616;240
5007;17,06;-333,66;0,00;0,00;0,00;-0,33;0,00;0,00;140;150;196;32;19;125;180
5008;63,31;152,21;0,00;0,00;0,00;0,15;0,00;0,00;292;145;18;10;23;183;645
5009;26,19;-194,50;0,00;0,00;0,00;-0,19;0,00;0,00;66;71;167;18;28;145;450
5010;17,99;-199,71;0,00;0,00;0,00;-0,20;0,00;0,00;495;129;67;36;21;914;502
5011;60,94;196,95;0,00;0,00;0,00;0,20;0,00;0,00;363;24;98;13;19;637;625
5012;54,76;43,56;0,00;0,00;0,00;0,04;0,00;0,00;231;79;187;25;38;365;947
5013;63,88;57,14;0,00;0,00;0,00;0,06;0,00;0,00;232;96;144;15;36;979;517
5014;69,37;142,23;0,00;0,00;0,00;0,14;0,00;0,00;202;155;149;46;16;440;150
5015;50,16;-40,18;0,00;0,00;0,00;-0,04;0,00;0,00;450;72;61;18;19;402;938
5016;12,82;-296,92;0,00;0,00;0,00;-0,30;0,00;0,00;145;173;100;34;35;162;333
5017;23,28;-300,87;0,00;0,00;0,00;-0,30;0,00;0,00;288;181;38;21;23;121;553
5018;49,57;-50,58;0,00;0,00;0,00;-0,05;0,00;0,00;448;17;36;34;32;223;540
5019;80,85;240,76;0,00;0,00;0,00;0,24;0,00;0,00;465;172;160;35;25;192;594
5020;78,26;397,75;0,00;0,00;0,00;0,40;0,00;0,00;152;105;78;38;31;641;177
5021;49,59;-51,85;0,00;0,00;0,00;-0,05;0,00;0,00;374;119;123;48;20;746;962
5022;64,51;207,15;0,00;0,00;0,00;0,21;0,00;0,00;316;21;90;44;28;165;947
5023;36,33;-65,06;0,00;0,00;0,00;-0,07;0,00;0,00;138;83;184;47;23;361;870
5024;51,77;-20,83;0,00;0,00;0,00;-0,02;0,00;0,00;458;157;90;46;17;843;899
5025;60,97;112,55;0,00;0,00;0,00;0,11;0,00;0,00;283;144;138;42;33;144;887
5026;54,42;2,41;0,00;0,00;0,00;0,00;0,00;0,00;233;186;83;44;37;574;374
5027;33,14;-206,47;0,00;0,00;0,00;-0,21;0,00;0,00;81;183;13;16;29;511;740
5028;80,20;264,50;0,00;0,00;0,00;0,26;0,00;0,00;159;181;16;15;18;883;292
5029;48,97;28,63;0,00;0,00;0,00;0,03;0,00;0,00;242;175;162;30;35;151;688
5030;31,70;-137,30;0,00;0,00;0,00;-0,14;0,00;0,00;13;63;183;39;26;494;166
5031;34,32;-183,00;0,00;0,00;0,00;-0,18;0,00;0,00;186;173;131;34;26;858;623
5032;54,49;32,67;0,00;0,00;0,00;0,03;0,00;0,00;304;103;116;20;39;464;795
5033;31,99;-164,00;0,00;0,00;0,00;-0,16;0,00;0,00;365;191;37;35;26;227;544
5034;26,44;-198,04;0,00;0,00;0,00;-0,20;0,00;0,00;498;177;173;38;18;229;295
5035;53,11;24,81;0,00;0,00;0,00;0,02;0,00;0,00;278;72;26;35;37;996;396
5036;60,77;270,68;0,00;0,00;0,00;0,27;0,00;0,00;36;166;102;20;27;744;529
5037;53,26;14,87;0,00;0,00;0,00;0,01;0,00;0,00;113;68;96;26;29;559;963
5038;64,41;79,34;0,00;0,00;0,00;0,08;0,00;0,00;61;139;101;45;18;947;816
5039;45,06;-44,47;0,00;0,00;0,00;-0,04;0,00;0,00;476;166;30;14;20;245;522
5040;28,05;-275,13;0,00;0,00;0,00;-0,28;0,00;0,00;205;26;171;24;23;926;730
5041;79,35;163,75;0,00;0,00;0,00;0,16;0,00;0,00;19;150;144;21;15;872;774
5042;82,79;313,02;0,00;0,00;0,00;0,31;0,00;0,00;50;86;56;41;21;694;310
5043;54,73;122,16;0,00;0,00;0,00;0,12;0,00;0,00;150;16;100;13;25;830;544
5044;50,55;79,87;0,00;0,00;0,00;0,08;0,00;0,00;462;97;192;32;28;373;247
5045;27,54;-179,63;0,00;0,00;0,00;-0,18;0,00;0,00;374;148;96;15;30;913;367
5046;37,93;-57,39;0,00;0,00;0,00;-0,06;0,00;0,00;407;17;163;16;33;282;703
5047;60,64;124,75;0,00;0,00;0,00;0,12;0,00;0,00;356;184;28;44;15;596;640
5048;48,69;0,51;0,00;0,00;0,00;0,00;0,00;0,00;56;158;169;18;16;374;924
5049;25,17;-223,71;0,00;0,00;0,00;-0,22;0,00;0,00;141;32;26;21;21;545;817
5050;36,39;-173,20;0,00;0,00;0,00;-0,17;0,00;0,00;355;130;57;48;38;584;778
5051;59,41;125,36;0,00;0,00;0,00;0,13;0,00;0,00;364;100;154;40;17;836;198
5052;48,32;-51,01;0,00;0,00;0,00;-0,05;0,00;0,00;366;178;43;22;34;637;160
5053;49,46;15,42;0,00;0,00;0,00;0,02;0,00;0,00;441;32;39;28;34;166;178
5054;40,83;-124,59;0,00;0,00;0,00;-0,12;0,00;0,00;188;129;48;26;16;992;918
5055;41,47;-38,78;0,00;0,00;0,00;-0,04;0,00;0,00;381;115;109;35;16;366;261
5056;67,08;158,03;0,00;0,00;0,00;0,16;0,00;0,00;446;39;70;22;38;842;467
5057;28,98;-84,83;0,00;0,00;0,00;-0,08;0,00;0,00;442;163;110;35;35;874;596
5058;28,39;-250,54;0,00;0,00;0,00;-0,25;0,00;0,00;157;85;44;31;18;680;442
5059;41,33;67,31;0,00;0,00;0,00;0,07;0,00;0,00;37;47;141;33;16;561;385
5060;72,53;286,14;0,00;0,00;0,00;0,29;0,00;0,00;120;60;139;42;23;269;199
5061;46,41;-32,83;0,00;0,00;0,00;-0,03;0,00;0,00;331;86;77;23;34;524;499
5062;36,28;-143,31;0,00;0,00;0,00;-0,14;0,00;0,00;121;115;120;14;35;630;146
5063;46,69;9,79;0,00;0,00;0,00;0,01;0,00;0,00;461;174;124;29;36;896;635
5064;38,83;-96,92;0,00;0,00;0,00;-0,10;0,00;0,00;82;65;195;39;29;977;142
5065;64,13;88,10;0,00;0,00;0,00;0,09;0,00;0,00;363;75;126;25;16;651;901
5066;52,96;-7,34;0,00;0,00;0,00;-0,01;0,00;0,00;451;55;26;31;22;444;908
5067;39,05;-113,67;0,00;0,00;0,00;-0,11;0,00;0,00;73;25;60;17;23;936;427
5068;21,71;-277,66;0,00;0,00;0,00;-0,28;0,00;0,00;265;70;100;28;18;319;314
5069;64,29;82,25;0,00;0,00;0,00;0,08;0,00;0,00;24;129;149;41;37;537;869
5070;30,14;-188,87;0,00;0,00;0,00;-0,19;0,00;0,00;44;194;77;38;34;151;150
5071;59,64;48,98;0,00;0,00;0,00;0,05;0,00;0,00;304;192;35;42;23;821;487
5072;52,56;-14,95;0,00;0,00;0,00;-0,01;0,00;0,00;12;189;122;25;26;567;243
5073;18,41;-198,23;0,00;0,00;0,00;-0,20;0,00;0,00;113;179;43;43;15;889;647
5074;61,06;100,21;0,00;0,00;0,00;0,10;0,00;0,00;153;125;30;21;34;353;125
5075;60,04;193,11;0,00;0,00;0,00;0,19;0,00;0,00;116;183;46;37;38;713;917
5076;64,20;114,42;0,00;0,00;0,00;0,11;0,00;0,00;488;58;46;39;18;831;740
5077;69,70;207,55;0,00;0,00;0,00;0,21;0,00;0,00;171;93;79;17;29;642;301
5078;72,94;287,23;0,00;0,00;0,00;0,29;0,00;0,00;432;44;173;27;27;604;661
5079;51,83;60,28;0,00;0,00;0,00;0,06;0,00;0,00;447;180;128;14;38;621;421
5080;45,77;-35,19;0,00;0,00;0,00;-0,04;0,00;0,00;479;32;148;35;28;455;295
5081;19,91;-295,56;0,00;0,00;0,00;-0,30;0,00;0,00;153;196;29;35;19;238;699
5082;29,29;-189,38;0,00;0,00;0,00;-0,19;0,00;0,00;217;135;181;40;26;900;760
5083;23,19;-240,90;0,00;0,00;0,00;-0,24;0,00;0,00;454;105;179;45;33;787;102
5084;38,84;-97,70;0,00;0,00;0,00;-0,10;0,00;0,00;36;66;65;29;28;304;896
5085;73,14;207,56;0,00;0,00;0,00;0,21;0,00;0,00;318;77;26;45;28;438;777
5086;33,84;-136,94;0,00;0,00;0,00;-0,14;0,00;0,00;366;113;105;18;29;549;111
5087;49,91;-25,76;0,00;0,00;0,00;-0,03;0,00;0,00;456;83;128;45;29;475;623
5088;39,34;28,84;0,00;0,00;0,00;0,03;0,00;0,00;407;53;113;39;36;330;836
5089;74,90;277,14;0,00;0,00;0,00;0,28;0,00;0,00;424;168;81;26;19;107;878
5090;32,82;-270,37;0,00;0,00;0,00;-0,27;0,00;0,00;139;87;198;22;16;872;300
5091;36,16;-179,14;0,00;0,00;0,00;-0,18;0,00;0,00;459;103;191;38;26;292;248
5092;38,94;-123,84;0,00;0,00;0,00;-0,12;0,00;0,00;336;80;12;36;39;581;795
5093;67,79;231,22;0,00;0,00;0,00;0,23;0,00;0,00;51;148;152;12;34;674;836
5094;67,00;231,91;0,00;0,00;0,00;0,23;0,00;0,00;222;181;69;37;23;671;614
5095;31,35;-163,59;0,00;0,00;0,00;-0,16;0,00;0,00;466;196;28;30;31;184;895
5096;50,93;-56,49;0,00;0,00;0,00;-0,06;0,00;0,00;356;111;102;17;29;685;613
5097;35,96;-104,18;0,00;0,00;0,00;-0,10;0,00;0,00;118;150;61;37;29;997;600
5098;45,61;24,29;0,00;0,00;0,00;0,02;0,00;0,00;421;191;132;18;18;899;556
5099;59,43;107,90;0,00;0,00;0,00;0,11;0,00;0,00;265;52;68;46;26;687;554
5100;63,51;31,02;0,00;0,00;0,00;0,03;0,00;0,00;320;59;128;27;39;418;692
5101;48,93;128,09;0,00;0,00;0,00;0,13;0,00;0,00;223;73;91;34;25;499;121
5102;41,73;-63,17;0,00;0,00;0,00;-0,06;0,00;0,00;155;89;74;35;19;129;723
5103;33,85;-148,10;0,00;0,00;0,00;-0,15;0,00;0,00;244;158;72;44;23;357;660
5104;39,40;-70,20;0,00;0,00;0,00;-0,07;0,00;0,00;207;183;71;42;17;698;409
5105;49,67;30,63;0,00;0,00;0,00;0,03;0,00;0,00;92;187;95;29;23;225;871
5106;17,27;-282,72;0,00;0,00;0,00;-0,28;0,00;0,00;382;112;110;22;16;533;181
5107;41,81;-93,62;0,00;0,00;0,00;-0,09;0,00;0,00;145;42;137;34;37;924;247
5108;62,88;175,74;0,00;0,00;0,00;0,18;0,00;0,00;431;67;159;37;31;715;925
5109;43,69;-83,87;0,00;0,00;0,00;-0,08;0,00;0,00;481;66;35;39;17;448;648
5110;39,23;-125,71;0,00;0,00;0,00;-0,13;0,00;0,00;84;194;142;22;23;876;254
5111;56,19;60,84;0,00;0,00;0,00;0,06;0,00;0,00;380;25;155;29;30;723;414
5112;73,09;254,61;0,00;0,00;0,00;0,25;0,00;0,00;49;113;117;33;29;310;452
5113;43,35;-76,60;0,00;0,00;0,00;-0,08;0,00;0,00;224;15;22;31;24;720;265
5114;44,20;-47,83;0,00;0,00;0,00;-0,05;0,00;0,00;415;195;32;42;20;676;214
5115;25,92;-252,52;0,00;0,00;0,00;-0,25;0,00;0,00;195;35;162;33;20;392;332
5116;53,70;6,81;0,00;0,00;0,00;0,01;0,00;0,00;95;185;175;11;36;774;807
5117;57,82;75,59;0,00;0,00;0,00;0,08;0,00;0,00;291;177;99;25;30;165;617
5118;45,06;-69,24;0,00;0,00;0,00;-0,07;0,00;0,00;382;130;78;29;39;418;130
5119;48,99;-63,95;0,00;0,00;0,00;-0,06;0,00;0,00;69;106;87;16;33;688;862
5120;24,28;-304,58;0,00;0,00;0,00;-0,30;0,00;0,00;269;33;180;23;38;399;398
5121;58,24;91,26;0,00;0,00;0,00;0,09;0,00;0,00;294;17;172;41;18;261;817
5122;59,35;31,24;0,00;0,00;0,00;0,03;0,00;0,00;407;106;26;38;16;992;389
5123;37,32;-114,59;0,00;0,00;0,00;-0,11;0,00;0,00;348;57;54;17;20;145;399
5124;69,53;224,72;0,00;0,00;0,00;0,22;0,00;0,00;487;157;94;28;22;616;540
5125;47,70;-38,23;0,00;0,00;0,00;-0,04;0,00;0,00;69;30;62;27;24;400;975
5126;64,71;192,04;0,00;0,00;0,00;0,19;0,00;0,00;161;154;71;22;20;978;584
5127;63,17;173,39;0,00;0,00;0,00;0,17;0,00;0,00;314;58;74;23;20;375;664
5128;47,88;24,82;0,00;0,00;0,00;0,02;0,00;0,00;499;132;176;40;32;434;692
5129;41,00;-150,34;0,00;0,00;0,00;-0,15;0,00;0,00;10;31;82;32;38;487;363
5130;54,38;62,81;0,00;0,00;0,00;0,06;0,00;0,00;77;28;150;15;16;730;574
5131;33,78;-166,67;0,00;0,00;0,00;-0,17;0,00;0,00;386;90;29;19;32;656;828
5132;75,59;271,86;0,00;0,00;0,00;0,27;0,00;0,00;388;60;12;44;32;261;206
5133;47,00;-41,12;0,00;0,00;0,00;-0,04;0,00;0,00;60;15;66;18;36;870;377
5134;45,46;-136,23;0,00;0,00;0,00;-0,14;0,00;0,00;493;174;190;30;32;561;734
5135;80,76;267,70;0,00;0,00;0,00;0,27;0,00;0,00;87;65;165;22;16;484;907
5136;58,92;57,58;0,00;0,00;0,00;0,06;0,00;0,00;30;185;183;34;29;944;250
5137;73,48;294,64;0,00;0,00;0,00;0,29;0,00;0,00;238;190;154;22;20;354;867
5138;42,44;-64,78;0,00;0,00;0,00;-0,06;0,00;0,00;307;62;188;27;24;121;647
5139;34,90;-172,36;0,00;0,00;0,00;-0,17;0,00;0,00;179;189;185;49;31;330;758
5140;65,35;96,62;0,00;0,00;0,00;0,10;0,00;0,00;59;45;103;22;28;187;422
5141;60,54;194,58;0,00;0,00;0,00;0,19;0,00;0,00;360;19;118;38;30;122;552
5142;64,87;73,57;0,00;0,00;0,00;0,07;0,00;0,00;305;150;195;24;29;123;693
5143;34,13;-107,82;0,00;0,00;0,00;-0,11;0,00;0,00;25;176;115;45;37;634;208
5144;28,37;-163,11;0,00;0,00;0,00;-0,16;0,00;0,00;48;108;16;27;36;604;626
5145;50,84;9,97;0,00;0,00;0,00;0,01;0,00;0,00;62;78;104;32;34;731;473
5146;28,15;-141,52;0,00;0,00;0,00;-0,14;0,00;0,00;168;193;179;39;16;890;699
5147;35,68;-248,80;0,00;0,00;0,00;-0,25;0,00;0,00;39;174;125;29;26;732;518
5148;32,26;-122,37;0,00;0,00;0,00;-0,12;0,00;0,00;234;145;142;18;22;512;413
5149;25,33;-290,09;0,00;0,00;0,00;-0,29;0,00;0,00;311;100;126;41;32;385;925
5150;37,48;-154,19;0,00;0,00;0,00;-0,15;0,00;0,00;438;108;119;42;33;975;176
5151;41,10;-158,89;0,00;0,00;0,00;-0,16;0,00;0,00;244;78;28;18;38;389;134
5152;41,59;-111,30;0,00;0,00;0,00;-0,11;0,00;0,00;318;102;175;32;35;664;316
5153;21,89;-350,45;0,00;0,00;0,00;-0,35;0,00;0,00;391;105;70;34;36;122;751
5154;14,43;-375,76;0,00;0,00;0,00;-0,38;0,00;0,00;272;16;27;49;19;886;122
5155;61,45;164,81;0,00;0,00;0,00;0,16;0,00;0,00;362;100;71;18;33;129;541
5156;55,61;52,43;0,00;0,00;0,00;0,05;0,00;0,00;350;10;143;17;32;157;915
5157;72,33;251,30;0,00;0,00;0,00;0,25;0,00;0,00;483;148;50;49;25;474;995
5158;50,06;101,21;0,00;0,00;0,00;0,10;0,00;0,00;462;100;24;40;21;937;916
5159;66,40;183,09;0,00;0,00;0,00;0,18;0,00;0,00;91;27;65;35;22;761;199
5160;43,44;-11,86;0,00;0,00;0,00;-0,01;0,00;0,00;304;92;36;26;29;886;176
5161;51,28;-12,60;0,00;0,00;0,00;-0,01;0,00;0,00;194;154;35;12;20;850;534
5162;49,62;-61,31;0,00;0,00;0,00;-0,06;0,00;0,00;494;171;191;27;25;919;462
5163;54,96;11,04;0,00;0,00;0,00;0,01;0,00;0,00;403;140;138;31;23;745;345
5164;27,30;-270,96;0,00;0,00;0,00;-0,27;0,00;0,00;454;120;92;31;37;909;162
5165;27,56;-209,91;0,00;0,00;0,00;-0,21;0,00;0,00;493;188;33;18;26;899;789
5166;91,20;464,79;0,00;0,00;0,00;0,46;0,00;0,00;77;70;68;26;31;676;575
5167;35,70;-137,83;0,00;0,00;0,00;-0,14;0,00;0,00;350;58;121;30;17;565;220
5168;47,60;-66,27;0,00;0,00;0,00;-0,07;0,00;0,00;486;74;118;48;31;112;369
5169;30,72;-202,52;0,00;0,00;0,00;-0,20;0,00;0,00;193;35;185;24;28;979;423
5170;58,77;57,14;0,00;0,00;0,00;0,06;0,00;0,00;150;98;126;10;35;150;268
5171;48,58;42,35;0,00;0,00;0,00;0,04;0,00;0,00;351;129;170;46;18;346;430
5172;87,79;371,77;0,00;0,00;0,00;0,37;0,00;0,00;68;181;124;43;36;502;909
5173;63,88;123,42;0,00;0,00;0,00;0,12;0,00;0,00;424;33;96;37;38;925;511
5174;67,54;255,04;0,00;0,00;0,00;0,26;0,00;0,00;413;153;182;34;21;543;788
5175;76,86;244,33;0,00;0,00;0,00;0,24;0,00;0,00;314;72;134;49;35;390;250
5176;40,39;9,50;0,00;0,00;0,00;0,01;0,00;0,00;123;180;33;14;36;479;263
5177;23,04;-266,77;0,00;0,00;0,00;-0,27;0,00;0,00;357;91;141;38;34;793;642
5178;45,21;-4,99;0,00;0,00;0,00;-0,00;0,00;0,00;262;56;108;22;39;281;224
5179;46,67;-16,60;0,00;0,00;0,00;-0,02;0,00;0,00;47;129;36;29;15;788;901
5180;70,61;175,30;0,00;0,00;0,00;0,18;0,00;0,00;151;20;23;22;27;975;691
5181;75,90;223,01;0,00;0,00;0,00;0,22;0,00;0,00;52;169;149;32;34;710;779
5182;56,26;55,20;0,00;0,00;0,00;0,06;0,00;0,00;131;154;93;38;24;719;290
5183;67,22;249,65;0,00;0,00;0,00;0,25;0,00;0,00;283;152;23;29;30;361;120
5184;57,20;46,03;0,00;0,00;0,00;0,05;0,00;0,00;225;126;184;35;26;220;790
5185;49,37;40,22;0,00;0,00;0,00;0,04;0,00;0,00;335;165;160;40;36;597;843
5186;36,07;-66,83;0,00;0,00;0,00;-0,07;0,00;0,00;201;166;139;34;20;529;960
5187;53,37;51,33;0,00;0,00;0,00;0,05;0,00;0,00;359;160;152;24;26;483;463
5188;58,32;165,13;0,00;0,00;0,00;0,17;0,00;0,00;429;181;135;42;16;234;131
5189;46,23;-0,99;0,00;0,00;0,00;-0,00;0,00;0,00;298;172;65;35;36;132;205
5190;54,61;-32,13;0,00;0,00;0,00;-0,03;0,00;0,00;88;49;119;44;30;152;379
5191;60,00;85,48;0,00;0,00;0,00;0,09;0,00;0,00;236;45;39;34;34;505;670
5192;19,08;-307,32;0,00;0,00;0,00;-0,31;0,00;0,00;481;34;114;48;34;722;887
5193;46,67;-49,12;0,00;0,00;0,00;-0,05;0,00;0,00;12;169;163;36;35;779;660
5194;57,30;105,92;0,00;0,00;0,00;0,11;0,00;0,00;421;51;120;31;37;890;560
5195;72,98;196,63;0,00;0,00;0,00;0,20;0,00;0,00;264;49;96;23;18;476;303
5196;65,71;118,69;0,00;0,00;0,00;0,12;0,00;0,00;159;98;62;17;22;682;150
5197;73,80;265,98;0,00;0,00;0,00;0,27;0,00;0,00;293;44;88;37;38;482;658
5198;63,28;194,85;0,00;0,00;0,00;0,19;0,00;0,00;248;179;157;10;26;351;541
5199;66,73;165,89;0,00;0,00;0,00;0,17;0,00;0,00;296;168;70;34;15;685;749
5200;62,03;134,82;0,00;0,00;0,00;0,13;0,00;0,00;395;90;23;21;18;905;133
5201;60,23;72,71;0,00;0,00;0,00;0,07;0,00;0,00;26;14;17;15;24;722;781
5202;66,80;126,52;0,00;0,00;0,00;0,13;0,00;0,00;197;177;135;22;24;413;593
5203;29,81;-226,87;0,00;0,00;0,00;-0,23;0,00;0,00;493;199;188;46;34;950;610
5204;73,50;139,79;0,00;0,00;0,00;0,14;0,00;0,00;470;118;88;45;23;933;762
5205;54,38;32,76;0,00;0,00;0,00;0,03;0,00;0,00;378;94;21;36;15;139;976
5206;75,10;298,34;0,00;0,00;0,00;0,30;0,00;0,00;373;96;93;12;22;395;565
5207;71,36;202,58;0,00;0,00;0,00;0,20;0,00;0,00;449;66;106;35;19;216;399
5208;79,43;369,02;0,00;0,00;0,00;0,37;0,00;0,00;387;79;11;41;25;599;455
5209;48,98;42,60;0,00;0,00;0,00;0,04;0,00;0,00;152;17;129;21;37;585;604
5210;47,47;-33,25;0,00;0,00;0,00;-0,03;0,00;0,00;344;192;87;32;31;853;481
5211;29,93;-73,16;0,00;0,00;0,00;-0,07;0,00;0,00;402;166;47;42;17;792;959
5212;69,08;178,68;0,00;0,00;0,00;0,18;0,00;0,00;316;119;178;16;23;417;881
5213;32,38;-246,12;0,00;0,00;0,00;-0,25;0,00;0,00;297;31;135;15;23;655;939
5214;47,11;-92,81;0,00;0,00;0,00;-0,09;0,00;0,00;120;30;153;23;25;140;676
5215;61,86;120,43;0,00;0,00;0,00;0,12;0,00;0,00;30;65;158;18;25;132;236
5216;57,28;156,72;0,00;0,00;0,00;0,16;0,00;0,00;342;57;184;35;38;947;227
5217;45,89;-37,50;0,00;0,00;0,00;-0,04;0,00;0,00;409;50;68;27;18;377;281
5218;39,02;-84,10;0,00;0,00;0,00;-0,08;0,00;0,00;180;148;167;44;36;923;790
5219;16,62;-378,95;0,00;0,00;0,00;-0,38;0,00;0,00;288;107;130;41;22;995;807
5220;54,97;59,42;0,00;0,00;0,00;0,06;0,00;0,00;368;138;13;32;22;111;543
5221;74,50;235,45;0,00;0,00;0,00;0,24;0,00;0,00;321;141;133;28;24;898;729
5222;56,14;39,64;0,00;0,00;0,00;0,04;0,00;0,00;348;199;118;14;31;492;909
5223;60,41;68,42;0,00;0,00;0,00;0,07;0,00;0,00;344;60;24;18;26;361;231
5224;50,54;33,78;0,00;0,00;0,00;0,03;0,00;0,00;216;121;122;25;28;100;373
5225;86,52;365,16;0,00;0,00;0,00;0,37;0,00;0,00;141;31;175;46;19;524;186
5226;57,15;-8,60;0,00;0,00;0,00;-0,01;0,00;0,00;228;198;95;39;20;281;403
5227;50,45;83,66;0,00;0,00;0,00;0,08;0,00;0,00;108;143;19;48;37;876;713
5228;33,61;-120,30;0,00;0,00;0,00;-0,12;0,00;0,00;123;182;145;17;36;737;806
5229;47,74;-15,19;0,00;0,00;0,00;-0,02;0,00;0,00;192;159;180;29;22;172;281
5230;35,41;-188,98;0,00;0,00;0,00;-0,19;0,00;0,00;252;44;155;20;34;446;729
5231;55,04;93,62;0,00;0,00;0,00;0,09;0,00;0,00;219;70;196;17;15;433;373
5232;79,86;253,66;0,00;0,00;0,00;0,25;0,00;0,00;126;75;113;47;17;483;324
5233;61,79;118,67;0,00;0,00;0,00;0,12;0,00;0,00;357;95;19;12;15;219;682
5234;35,73;-123,61;0,00;0,00;0,00;-0,12;0,00;0,00;325;85;167;19;37;429;829
5235;49,72;72,10;0,00;0,00;0,00;0,07;0,00;0,00;174;138;109;13;33;862;607
5236;46,27;54,30;0,00;0,00;0,00;0,05;0,00;0,00;247;33;75;48;23;735;944
5237;49,45;-17,66;0,00;0,00;0,00;-0,02;0,00;0,00;109;47;63;40;31;554;774
5238;45,61;-126,98;0,00;0,00;0,00;-0,13;0,00;0,00;303;58;180;37;31;949;299
5239;20,98;-263,12;0,00;0,00;0,00;-0,26;0,00;0,00;101;111;195;24;35;747;759
5240;65,88;90,52;0,00;0,00;0,00;0,09;0,00;0,00;197;94;189;33;21;419;774
5241;38,02;-178,86;0,00;0,00;0,00;-0,18;0,00;0,00;144;69;120;40;20;815;674
5242;31,68;-168,38;0,00;0,00;0,00;-0,17;0,00;0,00;97;159;127;33;25;201;390
5243;53,75;98,58;0,00;0,00;0,00;0,10;0,00;0,00;257;183;47;31;32;393;329
5244;48,85;2,73;0,00;0,00;0,00;0,00;0,00;0,00;463;199;55;46;34;498;868
5245;38,08;-82,93;0,00;0,00;0,00;-0,08;0,00;0,00;60;44;56;38;16;995;428
5246;22,66;-307,97;0,00;0,00;0,00;-0,31;0,00;0,00;327;33;70;46;16;510;735
5247;59,11;59,82;0,00;0,00;0,00;0,06;0,00;0,00;287;158;117;43;32;833;479
5248;64,95;132,77;0,00;0,00;0,00;0,13;0,00;0,00;459;62;156;32;38;398;517
5249;46,62;-34,00;0,00;0,00;0,00;-0,03;0,00;0,00;362;22;168;16;28;331;297
5250;38,92;-173,41;0,00;0,00;0,00;-0,17;0,00;0,00;146;145;165;26;28;504;709
5251;56,74;95,71;0,00;0,00;0,00;0,10;0,00;0,00;228;16;146;22;24;643;408
5252;86,34;345,06;0,00;0,00;0,00;0,35;0,00;0,00;217;134;35;43;30;971;943
5253;71,94;208,83;0,00;0,00;0,00;0,21;0,00;0,00;418;108;126;23;29;202;178
5254;27,41;-180,98;0,00;0,00;0,00;-0,18;0,00;0,00;184;137;116;45;33;801;383
5255;46,20;17,58;0,00;0,00;0,00;0,02;0,00;0,00;488;28;35;20;21;881;313
5256;49,91;-68,35;0,00;0,00;0,00;-0,07;0,00;0,00;204;90;104;37;25;402;689
5257;64,12;151,02;0,00;0,00;0,00;0,15;0,00;0,00;66;123;174;38;26;387;255
5258;42,18;27,35;0,00;0,00;0,00;0,03;0,00;0,00;234;133;10;26;37;518;900
5259;59,02;72,70;0,00;0,00;0,00;0,07;0,00;0,00;466;88;124;27;32;958;694
5260;52,37;48,72;0,00;0,00;0,00;0,05;0,00;0,00;29;127;38;11;29;113;646
5261;27,90;-203,45;0,00;0,00;0,00;-0,20;0,00;0,00;340;82;21;29;18;177;891
5262;31,35;-166,40;0,00;0,00;0,00;-0,17;0,00;0,00;259;42;161;24;32;813;401
5263;50,58;9,62;0,00;0,00;0,00;0,01;0,00;0,00;152;154;56;40;17;405;767
5264;73,17;256,41;0,00;0,00;0,00;0,26;0,00;0,00;38;59;28;27;34;423;750
5265;67,77;201,83;0,00;0,00;0,00;0,20;0,00;0,00;314;50;146;40;22;454;114
5266;58,58;24,21;0,00;0,00;0,00;0,02;0,00;0,00;333;22;133;41;17;843;148
5267;64,21;191,46;0,00;0,00;0,00;0,19;0,00;0,00;111;56;39;15;29;800;676
5268;84,28;312,26;0,00;0,00;0,00;0,31;0,00;0,00;364;123;193;28;33;143;584
5269;39,56;-64,06;0,00;0,00;0,00;-0,06;0,00;0,00;476;45;12;41;22;791;425
5270;31,10;-253,81;0,00;0,00;0,00;-0,25;0,00;0,00;108;140;187;48;29;785;169
5271;54,97;6,13;0,00;0,00;0,00;0,01;0,00;0,00;165;81;118;22;18;804;882
5272;57,31;54,27;0,00;0,00;0,00;0,05;0,00;0,00;263;132;130;41;28;108;365
5273;45,84;-68,86;0,00;0,00;0,00;-0,07;0,00;0,00;186;54;149;44;15;259;124
5274;40,13;-115,61;0,00;0,00;0,00;-0,12;0,00;0,00;360;157;110;24;22;910;244
5275;51,59;14,24;0,00;0,00;0,00;0,01;0,00;0,00;128;81;37;46;32;734;495
5276;30,19;-235,09;0,00;0,00;0,00;-0,24;0,00;0,00;44;89;132;35;21;655;643
5277;24,52;-289,06;0,00;0,00;0,00;-0,29;0,00;0,00;271;141;79;18;35;969;781
5278;58,19;110,50;0,00;0,00;0,00;0,11;0,00;0,00;35;157;199;20;19;344;293
5279;52,55;57,03;0,00;0,00;0,00;0,06;0,00;0,00;77;29;70;40;33;229;435
5280;51,68;36,88;0,00;0,00;0,00;0,04;0,00;0,00;34;72;16;18;17;693;370
5281;64,93;160,76;0,00;0,00;0,00;0,16;0,00;0,00;150;92;69;49;26;867;676
5282;52,40;109,24;0,00;0,00;0,00;0,11;0,00;0,00;49;45;56;34;38;443;104
5283;51,07;-63,88;0,00;0,00;0,00;-0,06;0,00;0,00;207;122;137;45;27;447;224
5284;60,28;83,68;0,00;0,00;0,00;0,08;0,00;0,00;252;61;165;24;26;190;872
5285;57,03;104,66;0,00;0,00;0,00;0,10;0,00;0,00;222;22;34;20;33;902;522
5286;56,49;89,20;0,00;0,00;0,00;0,09;0,00;0,00;260;31;169;19;22;402;783
5287;71,74;264,78;0,00;0,00;0,00;0,26;0,00;0,00;223;175;120;16;38;831;518
5288;48,36;-6,24;0,00;0,00;0,00;-0,01;0,00;0,00;428;39;189;36;26;917;174
5289;38,92;-64,16;0,00;0,00;0,00;-0,06;0,00;0,00;320;56;42;48;25;827;866
5290;93,95;423,72;0,00;0,00;0,00;0,42;0,00;0,00;374;174;72;19;26;573;956
5291;35,58;-204,25;0,00;0,00;0,00;-0,20;0,00;0,00;444;119;152;30;18;931;642
5292;17,34;-347,93;0,00;0,00;0,00;-0,35;0,00;0,00;69;27;61;18;20;896;320
5293;53,64;18,22;0,00;0,00;0,00;0,02;0,00;0,00;161;188;164;21;17;940;790
5294;62,29;163,93;0,00;0,00;0,00;0,16;0,00;0,00;221;185;146;49;18;654;105
5295;59,31;45,85;0,00;0,00;0,00;0,05;0,00;0,00;23;49;184;10;28;743;389
5296;24,90;-169,52;0,00;0,00;0,00;-0,17;0,00;0,00;60;181;120;10;15;364;875
5297;32,51;-147,04;0,00;0,00;0,00;-0,15;0,00;0,00;399;40;125;31;35;997;568
5298;69,90;266,10;0,00;0,00;0,00;0,27;0,00;0,00;384;126;147;42;25;965;872
5299;30,23;-208,44;0,00;0,00;0,00;-0,21;0,00;0,00;216;11;86;35;38;886;257
5300;51,65;21,04;0,00;0,00;0,00;0,02;0,00;0,00;414;45;66;47;19;132;918
5301;27,02;-161,08;0,00;0,00;0,00;-0,16;0,00;0,00;311;138;70;44;38;443;586
5302;68,01;175,43;0,00;0,00;0,00;0,18;0,00;0,00;155;57;35;24;15;832;711
5303;41,70;-141,63;0,00;0,00;0,00;-0,14;0,00;0,00;21;161;98;14;35;199;577
5304;47,51;-44,14;0,00;0,00;0,00;-0,04;0,00;0,00;481;183;65;35;23;824;536
5305;46,50;41,40;0,00;0,00;0,00;0,04;0,00;0,00;274;190;35;41;25;332;706
5306;43,78;-197,12;0,00;0,00;0,00;-0,20;0,00;0,00;278;159;117;21;23;291;303
5307;54,95;72,68;0,00;0,00;0,00;0,07;0,00;0,00;10;161;127;45;27;197;383
5308;78,11;225,49;0,00;0,00;0,00;0,23;0,00;0,00;11;170;10;45;20;423;929
5309;32,32;-162,59;0,00;0,00;0,00;-0,16;0,00;0,00;220;157;36;28;34;503;608
5310;41,53;-109,16;0,00;0,00;0,00;-0,11;0,00;0,00;199;176;112;27;28;654;709
5311;43,10;-63,51;0,00;0,00;0,00;-0,06;0,00;0,00;338;119;52;22;24;939;918
5312;61,38;106,81;0,00;0,00;0,00;0,11;0,00;0,00;407;162;54;47;29;699;283
5313;30,67;-156,65;0,00;0,00;0,00;-0,16;0,00;0,00;344;57;110;39;18;328;749
5314;46,50;-36,46;0,00;0,00;0,00;-0,04;0,00;0,00;152;139;193;22;15;885;868
5315;35,63;-98,50;0,00;0,00;0,00;-0,10;0,00;0,00;39;176;185;45;39;913;619
5316;20,14;-307,89;0,00;0,00;0,00;-0,31;0,00;0,00;19;160;26;41;27;887;695
5317;57,00;70,81;0,00;0,00;0,00;0,07;0,00;0,00;234;49;196;11;23;569;193
5318;47,09;-27,88;0,00;0,00;0,00;-0,03;0,00;0,00;157;77;31;28;35;830;649
5319;70,19;199,48;0,00;0,00;0,00;0,20;0,00;0,00;284;22;105;15;31;670;519
5320;58,06;79,56;0,00;0,00;0,00;0,08;0,00;0,00;126;149;171;31;18;181;521
5321;47,93;20,06;0,00;0,00;0,00;0,02;0,00;0,00;233;174;80;21;31;113;504
5322;50,55;37,21;0,00;0,00;0,00;0,04;0,00;0,00;466;23;129;27;28;465;115
5323;47,45;-84,86;0,00;0,00;0,00;-0,08;0,00;0,00;265;130;149;12;19;457;367
5324;37,44;-142,07;0,00;0,00;0,00;-0,14;0,00;0,00;353;65;113;16;29;950;462
5325;28,86;-218,32;0,00;0,00;0,00;-0,22;0,00;0,00;287;23;198;14;16;550;278
5326;50,02;25,51;0,00;0,00;0,00;0,03;0,00;0,00;407;34;89;11;31;878;908
5327;51,57;31,00;0,00;0,00;0,00;0,03;0,00;0,00;87;116;118;33;18;622;324
5328;50,69;-2,53;0,00;0,00;0,00;-0,00;0,00;0,00;146;48;59;49;20;430;652
5329;44,85;3,40;0,00;0,00;0,00;0,00;0,00;0,00;27;199;69;18;28;686;910
5330;59,37;117,10;0,00;0,00;0,00;0,12;0,00;0,00;380;109;48;43;18;587;910
5331;70,26;117,65;0,00;0,00;0,00;0,12;0,00;0,00;68;126;196;30;17;982;380
5332;44,21;-35,95;0,00;0,00;0,00;-0,04;0,00;0,00;32;141;143;42;16;298;948
5333;52,95;-48,86;0,00;0,00;0,00;-0,05;0,00;0,00;240;24;13;44;37;655;501
5334;28,84;-132,27;0,00;0,00;0,00;-0,13;0,00;0,00;431;110;23;19;18;410;774
5335;26,25;-228,92;0,00;0,00;0,00;-0,23;0,00;0,00;158;82;14;12;29;198;738
5336;69,38;228,29;0,00;0,00;0,00;0,23;0,00;0,00;264;85;124;45;35;434;663
5337;44,94;-79,91;0,00;0,00;0,00;-0,08;0,00;0,00;170;184;146;18;32;394;748
5338;79,80;323,22;0,00;0,00;0,00;0,32;0,00;0,00;261;74;183;30;34;279;933
5339;49,88;5,67;0,00;0,00;0,00;0,01;0,00;0,00;56;186;105;21;19;779;917
5340;47,56;21,31;0,00;0,00;0,00;0,02;0,00;0,00;465;158;27;20;20;703;374
5341;57,10;75,85;0,00;0,00;0,00;0,08;0,00;0,00;176;130;61;47;37;461;253
5342;23,10;-233,19;0,00;0,00;0,00;-0,23;0,00;0,00;32;148;119;10;31;252;631
5343;60,17;29,33;0,00;0,00;0,00;0,03;0,00;0,00;121;94;14;11;21;565;574
5344;70,50;252,66;0,00;0,00;0,00;0,25;0,00;0,00;462;167;104;23;24;708;781
5345;27,06;-149,04;0,00;0,00;0,00;-0,15;0,00;0,00;408;96;198;46;20;811;345
5346;40,86;-52,29;0,00;0,00;0,00;-0,05;0,00;0,00;483;66;48;16;37;115;129
5347;47,88;-30,38;0,00;0,00;0,00;-0,03;0,00;0,00;389;28;21;47;18;780;358
5348;38,59;-170,22;0,00;0,00;0,00;-0,17;0,00;0,00;328;90;14;20;26;686;334
5349;43,04;-58,98;0,00;0,00;0,00;-0,06;0,00;0,00;299;138;56;29;23;556;273
5350;66,41;103,73;0,00;0,00;0,00;0,10;0,00;0,00;366;19;140;20;27;329;754
5351;69,25;110,70;0,00;0,00;0,00;0,11;0,00;0,00;214;178;32;21;28;236;564
5352;40,99;24,26;0,00;0,00;0,00;0,02;0,00;0,00;140;73;42;20;27;128;805
5353;34,67;-248,02;0,00;0,00;0,00;-0,25;0,00;0,00;256;29;188;19;25;604;618
5354;87,62;408,18;0,00;0,00;0,00;0,41;0,00;0,00;420;92;96;10;15;711;668
5355;42,21;-129,58;0,00;0,00;0,00;-0,13;0,00;0,00;22;67;38;14;15;768;506
5356;44,81;-73,35;0,00;0,00;0,00;-0,07;0,00;0,00;428;97;146;28;24;957;922
5357;28,11;-211,16;0,00;0,00;0,00;-0,21;0,00;0,00;27;163;46;31;23;321;646
5358;30,53;-270,66;0,00;0,00;0,00;-0,27;0,00;0,00;431;22;38;46;18;433;645
5359;55,81;33,58;0,00;0,00;0,00;0,03;0,00;0,00;288;46;53;48;23;724;433
5360;57,82;72,79;0,00;0,00;0,00;0,07;0,00;0,00;442;147;11;39;26;564;332
5361;47,88;34,48;0,00;0,00;0,00;0,03;0,00;0,00;66;85;147;41;34;771;323
5362;50,24;-12,85;0,00;0,00;0,00;-0,01;0,00;0,00;416;125;131;38;27;584;842
5363;64,96;70,67;0,00;0,00;0,00;0,07;0,00;0,00;303;35;34;20;28;959;161
5364;57,14;68,98;0,00;0,00;0,00;0,07;0,00;0,00;240;152;88;43;27;680;403
5365;49,95;-59,04;0,00;0,00;0,00;-0,06;0,00;0,00;156;46;147;46;28;691;499
5366;44,37;-56,02;0,00;0,00;0,00;-0,06;0,00;0,00;356;19;95;30;33;254;350
5367;65,34;136,88;0,00;0,00;0,00;0,14;0,00;0,00;336;43;161;47;30;671;319
5368;8,63;-304,27;0,00;0,00;0,00;-0,30;0,00;0,00;278;59;44;44;26;951;826
5369;33,36;-168,46;0,00;0,00;0,00;-0,17;0,00;0,00;347;50;107;37;36;233;563
5370;50,72;72,49;0,00;0,00;0,00;0,07;0,00;0,00;195;173;120;35;23;485;734
5371;44,68;-72,45;0,00;0,00;0,00;-0,07;0,00;0,00;61;39;125;33;17;309;768
5372;24,60;-298,61;0,00;0,00;0,00;-0,30;0,00;0,00;400;102;167;29;33;484;322
5373;49,00;15,40;0,00;0,00;0,00;0,02;0,00;0,00;203;193;172;49;34;202;287
5374;65,34;159,42;0,00;0,00;0,00;0,16;0,00;0,00;34;157;156;31;20;333;171
5375;54,64;-14,86;0,00;0,00;0,00;-0,01;0,00;0,00;355;157;104;44;37;479;255
5376;82,10;328,23;0,00;0,00;0,00;0,33;0,00;0,00;103;119;115;24;37;667;737
5377;77,20;264,31;0,00;0,00;0,00;0,26;0,00;0,00;496;71;163;16;15;988;198
5378;43,75;-131,66;0,00;0,00;0,00;-0,13;0,00;0,00;381;29;60;21;36;600;620
5379;51,09;9,18;0,00;0,00;0,00;0,01;0,00;0,00;474;41;31;13;37;190;952
5380;60,72;22,35;0,00;0,00;0,00;0,02;0,00;0,00;206;101;60;32;33;642;546
5381;57,54;74,14;0,00;0,00;0,00;0,07;0,00;0,00;130;48;78;42;22;957;345
5382;31,61;-201,82;0,00;0,00;0,00;-0,20;0,00;0,00;117;199;106;23;24;711;966
5383;24,81;-255,21;0,00;0,00;0,00;-0,26;0,00;0,00;259;82;101;30;34;184;284
5384;34,61;-169,71;0,00;0,00;0,00;-0,17;0,00;0,00;139;198;158;31;27;660;463
5385;68,51;128,02;0,00;0,00;0,00;0,13;0,00;0,00;11;115;31;11;17;858;995
5386;57,64;48,77;0,00;0,00;0,00;0,05;0,00;0,00;41;133;147;14;36;463;883
5387;52,80;-58,51;0,00;0,00;0,00;-0,06;0,00;0,00;231;118;176;35;27;587;177
5388;46,43;-31,57;0,00;0,00;0,00;-0,03;0,00;0,00;96;116;25;21;34;322;476
5389;46,72;12,30;0,00;0,00;0,00;0,01;0,00;0,00;499;197;181;47;26;740;518
5390;38,30;-104,69;0,00;0,00;0,00;-0,10;0,00;0,00;496;36;74;30;38;957;941
5391;50,71;81,25;0,00;0,00;0,00;0,08;0,00;0,00;65;119;67;24;35;595;429
5392;36,66;-111,48;0,00;0,00;0,00;-0,11;0,00;0,00;474;117;79;26;15;432;591
5393;31,51;-221,04;0,00;0,00;0,00;-0,22;0,00;0,00;498;18;160;17;29;742;194
5394;38,75;-67,68;0,00;0,00;0,00;-0,07;0,00;0,00;288;87;84;46;23;153;173
5395;71,77;85,20;0,00;0,00;0,00;0,09;0,00;0,00;299;186;186;48;35;721;251
5396;81,63;346,81;0,00;0,00;0,00;0,35;0,00;0,00;31;81;39;18;38;541;349
5397;54,62;76,05;0,00;0,00;0,00;0,08;0,00;0,00;80;51;92;35;24;772;359
5398;64,16;211,94;0,00;0,00;0,00;0,21;0,00;0,00;108;159;42;35;27;489;377
5399;34,89;-214,62;0,00;0,00;0,00;-0,21;0,00;0,00;136;163;111;38;38;382;718
5400;69,61;148,39;0,00;0,00;0,00;0,15;0,00;0,00;136;26;57;46;19;544;712
5401;17,11;-341,47;0,00;0,00;0,00;-0,34;0,00;0,00;276;86;56;44;35;395;753
5402;59,43;71,91;0,00;0,00;0,00;0,07;0,00;0,00;273;43;85;43;35;136;686
5403;47,65;-0,08;0,00;0,00;0,00;-0,00;0,00;0,00;351;103;120;41;34;658;194
5404;54,94;73,06;0,00;0,00;0,00;0,07;0,00;0,00;236;148;183;39;21;255;610
5405;62,23;71,10;0,00;0,00;0,00;0,07;0,00;0,00;248;17;80;20;38;387;999
5406;44,13;-55,04;0,00;0,00;0,00;-0,06;0,00;0,00;219;105;154;20;28;772;724
5407;45,15;-173,79;0,00;0,00;0,00;-0,17;0,00;0,00;383;181;48;39;32;136;941
5408;50,19;-24,83;0,00;0,00;0,00;-0,02;0,00;0,00;160;24;115;11;38;365;469
5409;53,69;36,69;0,00;0,00;0,00;0,04;0,00;0,00;422;61;11;37;22;959;541
5410;31,65;-172,57;0,00;0,00;0,00;-0,17;0,00;0,00;236;77;74;32;16;463;101
5411;28,92;-206,76;0,00;0,00;0,00;-0,21;0,00;0,00;339;28;143;30;25;331;356
5412;35,72;-167,12;0,00;0,00;0,00;-0,17;0,00;0,00;290;33;152;33;29;451;812
5413;72,40;339,90;0,00;0,00;0,00;0,34;0,00;0,00;252;119;181;11;18;705;255
5414;38,29;-149,67;0,00;0,00;0,00;-0,15;0,00;0,00;353;161;183;32;21;790;335
5415;46,78;88,20;0,00;0,00;0,00;0,09;0,00;0,00;328;192;151;42;17;381;700
5416;65,13;161,02;0,00;0,00;0,00;0,16;0,00;0,00;471;103;175;39;36;869;495
5417;83,60;323,77;0,00;0,00;0,00;0,32;0,00;0,00;39;133;10;35;26;577;981
5418;43,17;-16,07;0,00;0,00;0,00;-0,02;0,00;0,00;53;123;110;40;24;887;726
5419;41,80;-158,05;0,00;0,00;0,00;-0,16;0,00;0,00;474;199;82;17;26;918;729
5420;45,05;-22,70;0,00;0,00;0,00;-0,02;0,00;0,00;87;94;92;36;24;360;363
5421;33,16;-128,58;0,00;0,00;0,00;-0,13;0,00;0,00;211;160;46;35;23;760;721
5422;57,65;156,38;0,00;0,00;0,00;0,16;0,00;0,00;451;102;112;49;21;581;512
5423;50,41;-63,19;0,00;0,00;0,00;-0,06;0,00;0,00;148;196;14;13;30;274;138
5424;47,95;-40,63;0,00;0,00;0,00;-0,04;0,00;0,00;350;71;91;39;39;492;216
5425;37,98;-187,87;0,00;0,00;0,00;-0,19;0,00;0,00;307;50;181;30;17;352;847
5426;29,07;-184,59;0,00;0,00;0,00;-0,18;0,00;0,00;218;118;56;41;27;857;286
5427;21,99;-321,66;0,00;0,00;0,00;-0,32;0,00;0,00;165;35;198;27;20;549;186
5428;15,89;-363,22;0,00;0,00;0,00;-0,36;0,00;0,00;158;66;159;19;35;641;419
5429;67,91;177,79;0,00;0,00;0,00;0,18;0,00;0,00;264;183;73;11;17;473;234
5430;62,26;107,30;0,00;0,00;0,00;0,11;0,00;0,00;220;147;197;41;25;478;539
5431;41,29;-99,42;0,00;0,00;0,00;-0,10;0,00;0,00;105;10;33;18;39;753;635
5432;47,68;-51,32;0,00;0,00;0,00;-0,05;0,00;0,00;413;165;27;22;16;116;308
5433;37,07;-124,91;0,00;0,00;0,00;-0,12;0,00;0,00;61;169;139;15;15;820;907
5434;46,57;59,43;0,00;0,00;0,00;0,06;0,00;0,00;262;44;19;31;32;337;261
5435;56,32;-2,91;0,00;0,00;0,00;-0,00;0,00;0,00;49;87;160;38;30;318;266
5436;58,20;88,46;0,00;0,00;0,00;0,09;0,00;0,00;152;152;23;28;34;761;621
5437;71,05;214,52;0,00;0,00;0,00;0,21;0,00;0,00;342;91;71;14;37;296;124
5438;75,39;131,00;0,00;0,00;0,00;0,13;0,00;0,00;68;22;195;31;32;211;779
5439;54,18;154,84;0,00;0,00;0,00;0,15;0,00;0,00;422;142;22;31;28;206;284
5440;39,11;-163,14;0,00;0,00;0,00;-0,16;0,00;0,00;453;59;44;21;29;390;197
5441;50,66;80,13;0,00;0,00;0,00;0,08;0,00;0,00;363;102;74;47;25;719;103
5442;57,77;81,16;0,00;0,00;0,00;0,08;0,00;0,00;416;196;64;18;28;656;708
5443;36,88;-190,72;0,00;0,00;0,00;-0,19;0,00;0,00;281;182;97;35;38;750;211
5444;46,79;-102,94;0,00;0,00;0,00;-0,10;0,00;0,00;93;87;189;14;39;781;622
5445;53,52;28,92;0,00;0,00;0,00;0,03;0,00;0,00;200;132;71;15;28;884;300
5446;61,31;142,80;0,00;0,00;0,00;0,14;0,00;0,00;207;188;104;39;30;341;952
5447;33,30;-83,67;0,00;0,00;0,00;-0,08;0,00;0,00;60;181;170;20;21;850;680
5448;58,28;40,87;0,00;0,00;0,00;0,04;0,00;0,00;31;171;92;35;16;835;198
5449;51,18;19,08;0,00;0,00;0,00;0,02;0,00;0,00;482;176;96;36;15;161;780
5450;29,67;-84,06;0,00;0,00;0,00;-0,08;0,00;0,00;398;163;104;38;23;202;947
5451;82,44;217,78;0,00;0,00;0,00;0,22;0,00;0,00;488;195;40;24;15;614;848
5452;49,70;-12,44;0,00;0,00;0,00;-0,01;0,00;0,00;126;111;138;20;33;958;499
5453;26,24;-232,93;0,00;0,00;0,00;-0,23;0,00;0,00;495;13;196;41;19;960;208
5454;54,47;23,99;0,00;0,00;0,00;0,02;0,00;0,00;261;114;140;49;36;139;585
5455;83,25;393,83;0,00;0,00;0,00;0,39;0,00;0,00;140;83;90;45;29;145;329
5456;49,13;-56,92;0,00;0,00;0,00;-0,06;0,00;0,00;202;122;62;47;20;563;871
5457;39,84;-40,75;0,00;0,00;0,00;-0,04;0,00;0,00;125;135;147;21;35;257;533
5458;37,94;-105,72;0,00;0,00;0,00;-0,11;0,00;0,00;418;95;139;42;22;925;993
5459;43,26;-46,16;0,00;0,00;0,00;-0,05;0,00;0,00;396;73;192;33;30;138;661
5460;35,82;-153,32;0,00;0,00;0,00;-0,15;0,00;0,00;96;15;159;36;33;697;494
5461;87,19;365,01;0,00;0,00;0,00;0,37;0,00;0,00;79;49;51;22;30;955;995
5462;54,55;38,70;0,00;0,00;0,00;0,04;0,00;0,00;113;185;171;12;16;541;975
5463;71,85;228,34;0,00;0,00;0,00;0,23;0,00;0,00;162;188;149;32;29;782;260
5464;51,69;11,99;0,00;0,00;0,00;0,01;0,00;0,00;137;133;115;12;29;311;198
5465;11,14;-409,49;0,00;0,00;0,00;-0,41;0,00;0,00;365;77;150;22;23;591;644
5466;27,69;-216,99;0,00;0,00;0,00;-0,22;0,00;0,00;284;194;168;31;26;785;119
5467;49,74;-51,49;0,00;0,00;0,00;-0,05;0,00;0,00;100;14;154;42;32;465;873
5468;41,32;-90,71;0,00;0,00;0,00;-0,09;0,00;0,00;336;140;75;25;39;333;747
5469;58,40;103,49;0,00;0,00;0,00;0,10;0,00;0,00;301;139;86;19;37;936;860
5470;42,67;-69,21;0,00;0,00;0,00;-0,07;0,00;0,00;202;197;170;49;22;864;959
5471;47,41;-18,19;0,00;0,00;0,00;-0,02;0,00;0,00;319;32;142;11;27;890;618
5472;65,92;160,92;0,00;0,00;0,00;0,16;0,00;0,00;268;85;83;36;38;263;190
5473;43,52;-19,31;0,00;0,00;0,00;-0,02;0,00;0,00;440;29;107;43;21;798;994
5474;55,09;-7,63;0,00;0,00;0,00;-0,01;0,00;0,00;463;124;54;11;20;290;564
5475;61,55;72,79;0,00;0,00;0,00;0,07;0,00;0,00;165;28;124;31;23;702;786
5476;52,54;32,75;0,00;0,00;0,00;0,03;0,00;0,00;469;40;129;23;16;325;276
5477;67,46;189,32;0,00;0,00;0,00;0,19;0,00;0,00;70;136;50;26;24;724;756
5478;42,89;-113,28;0,00;0,00;0,00;-0,11;0,00;0,00;358;45;197;24;32;299;123
5479;56,77;131,85;0,00;0,00;0,00;0,13;0,00;0,00;173;96;110;23;17;308;782
5480;46,84;-16,37;0,00;0,00;0,00;-0,02;0,00;0,00;273;114;176;39;20;310;897
5481;67,85;222,72;0,00;0,00;0,00;0,22;0,00;0,00;260;54;105;14;37;679;975
5482;42,15;-153,78;0,00;0,00;0,00;-0,15;0,00;0,00;467;164;42;27;37;580;538
5483;53,57;52,16;0,00;0,00;0,00;0,05;0,00;0,00;219;40;18;22;34;289;173
5484;43,00;-74,19;0,00;0,00;0,00;-0,07;0,00;0,00;254;17;170;40;26;424;409
5485;62,91;166,85;0,00;0,00;0,00;0,17;0,00;0,00;124;13;62;42;26;839;780
5486;67,17;121,83;0,00;0,00;0,00;0,12;0,00;0,00;64;144;193;19;17;214;145
5487;62,74;110,09;0,00;0,00;0,00;0,11;0,00;0,00;204;39;23;37;17;635;675
5488;45,89;-130,01;0,00;0,00;0,00;-0,13;0,00;0,00;359;28;198;21;19;406;520
5489;71,30;247,18;0,00;0,00;0,00;0,25;0,00;0,00;200;40;105;19;22;425;672
5490;26,06;-258,16;0,00;0,00;0,00;-0,26;0,00;0,00;290;152;67;33;24;426;659
5491;58,13;117,71;0,00;0,00;0,00;0,12;0,00;0,00;416;173;158;26;31;180;977
5492;74,39;283,40;0,00;0,00;0,00;0,28;0,00;0,00;389;176;197;38;15;989;185
5493;34,69;-157,11;0,00;0,00;0,00;-0,16;0,00;0,00;28;120;65;30;19;639;468
5494;52,63;45,07;0,00;0,00;0,00;0,05;0,00;0,00;416;102;103;12;17;675;424
5495;31,65;-244,19;0,00;0,00;0,00;-0,24;0,00;0,00;115;63;179;28;35;844;497
5496;39,59;-181,63;0,00;0,00;0,00;-0,18;0,00;0,00;112;194;28;16;29;720;971
5497;67,75;67,19;0,00;0,00;0,00;0,07;0,00;0,00;256;163;44;34;34;493;470
5498;63,12;100,18;0,00;0,00;0,00;0,10;0,00;0,00;451;179;56;47;27;700;188
5499;19,93;-250,35;0,00;0,00;0,00;-0,25;0,00;0,00;351;138;86;35;36;430;950
5500;30,23;-146,46;0,00;0,00;0,00;-0,15;0,00;0,00;420;157;123;47;30;407;318
5501;40,43;-128,64;0,00;0,00;0,00;-0,13;0,00;0,00;495;183;161;40;29;376;269
5502;77,24;220,08;0,00;0,00;0,00;0,22;0,00;0,00;216;38;94;28;19;685;957
5503;63,34;137,05;0,00;0,00;0,00;0,14;0,00;0,00;347;191;61;30;35;794;552
5504;50,84;59,63;0,00;0,00;0,00;0,06;0,00;0,00;460;87;82;38;24;230;451
5505;64,79;64,93;0,00;0,00;0,00;0,06;0,00;0,00;464;74;133;48;29;339;624
5506;28,59;-304,86;0,00;0,00;0,00;-0,30;0,00;0,00;59;138;60;44;22;985;811
5507;64,48;127,28;0,00;0,00;0,00;0,13;0,00;0,00;23;57;196;41;17;197;825
5508;79,28;265,65;0,00;0,00;0,00;0,27;0,00;0,00;159;177;87;36;36;468;856
5509;40,73;-58,82;0,00;0,00;0,00;-0,06;0,00;0,00;110;97;127;47;23;102;671
5510;42,32;-3,37;0,00;0,00;0,00;-0,00;0,00;0,00;110;60;157;19;26;560;700
5511;42,22;-149,13;0,00;0,00;0,00;-0,15;0,00;0,00;144;29;196;37;28;673;784
5512;40,81;-92,97;0,00;0,00;0,00;-0,09;0,00;0,00;146;130;53;32;27;690;787
5513;59,31;89,52;0,00;0,00;0,00;0,09;0,00;0,00;183;14;106;44;29;986;999
5514;46,31;-11,87;0,00;0,00;0,00;-0,01;0,00;0,00;294;138;130;11;29;570;664
5515;37,52;-139,76;0,00;0,00;0,00;-0,14;0,00;0,00;21;85;48;38;15;210;137
5516;43,17;-58,73;0,00;0,00;0,00;-0,06;0,00;0,00;345;20;109;49;32;198;966
5517;36,33;-69,65;0,00;0,00;0,00;-0,07;0,00;0,00;71;99;182;38;20;131;567
5518;52,52;-9,28;0,00;0,00;0,00;-0,01;0,00;0,00;31;179;74;43;22;433;811
5519;66,44;150,08;0,00;0,00;0,00;0,15;0,00;0,00;311;171;159;23;39;220;168
5520;23,02;-190,71;0,00;0,00;0,00;-0,19;0,00;0,00;350;94;79;28;39;824;937
5521;41,45;-56,44;0,00;0,00;0,00;-0,06;0,00;0,00;419;146;165;33;23;103;764
5522;60,71;200,39;0,00;0,00;0,00;0,20;0,00;0,00;186;121;199;34;23;883;870
5523;47,20;61,68;0,00;0,00;0,00;0,06;0,00;0,00;327;163;106;22;15;118;140
5524;32,02;-75,72;0,00;0,00;0,00;-0,08;0,00;0,00;357;48;185;49;24;683;947
5525;52,38;64,10;0,00;0,00;0,00;0,06;0,00;0,00;127;19;182;11;26;299;589
5526;42,02;-164,43;0,00;0,00;0,00;-0,16;0,00;0,00;414;20;105;32;20;475;365
5527;63,03;180,84;0,00;0,00;0,00;0,18;0,00;0,00;398;113;68;40;31;357;383
5528;11,98;-379,50;0,00;0,00;0,00;-0,38;0,00;0,00;264;32;51;21;21;976;328
5529;44,34;13,53;0,00;0,00;0,00;0,01;0,00;0,00;361;179;64;41;37;670;204
5530;52,85;16,96;0,00;0,00;0,00;0,02;0,00;0,00;218;122;46;12;39;156;638
5531;53,65;170,50;0,00;0,00;0,00;0,17;0,00;0,00;457;164;101;30;24;129;695
5532;40,32;-26,95;0,00;0,00;0,00;-0,03;0,00;0,00;233;127;142;35;18;601;688
5533;79,46;305,37;0,00;0,00;0,00;0,31;0,00;0,00;437;134;182;38;37;621;437
5534;55,99;80,31;0,00;0,00;0,00;0,08;0,00;0,00;290;71;193;16;18;866;829
5535;34,87;-209,82;0,00;0,00;0,00;-0,21;0,00;0,00;444;19;23;46;31;377;106
5536;48,11;-6,94;0,00;0,00;0,00;-0,01;0,00;0,00;119;87;39;11;16;771;741
5537;69,22;202,45;0,00;0,00;0,00;0,20;0,00;0,00;259;36;170;12;30;929;942
5538;43,01;-17,06;0,00;0,00;0,00;-0,02;0,00;0,00;110;138;43;33;25;686;416
5539;54,80;29,49;0,00;0,00;0,00;0,03;0,00;0,00;43;79;140;33;24;368;155
5540;36,71;-180,69;0,00;0,00;0,00;-0,18;0,00;0,00;96;100;116;28;27;937;902
5541;57,20;76,56;0,00;0,00;0,00;0,08;0,00;0,00;492;182;24;45;28;853;755
5542;51,90;9,92;0,00;0,00;0,00;0,01;0,00;0,00;31;184;22;22;18;965;884
5543;49,61;-43,16;0,00;0,00;0,00;-0,04;0,00;0,00;57;90;167;14;35;903;768
5544;26,16;-193,01;0,00;0,00;0,00;-0,19;0,00;0,00;171;158;158;45;37;200;694
5545;48,13;21,70;0,00;0,00;0,00;0,02;0,00;0,00;311;63;69;39;19;580;917
5546;53,04;75,77;0,00;0,00;0,00;0,08;0,00;0,00;89;116;165;39;35;978;969
5547;64,23;88,36;0,00;0,00;0,00;0,09;0,00;0,00;19;108;120;40;18;374;668
5548;48,90;-63,48;0,00;0,00;0,00;-0,06;0,00;0,00;196;175;39;33;15;341;170
5549;58,45;110,05;0,00;0,00;0,00;0,11;0,00;0,00;468;71;127;38;24;557;422
5550;48,22;103,04;0,00;0,00;0,00;0,10;0,00;0,00;140;81;41;12;33;501;601
5551;58,12;110,97;0,00;0,00;0,00;0,11;0,00;0,00;223;39;195;47;38;654;601
5552;38,54;-159,27;0,00;0,00;0,00;-0,16;0,00;0,00;227;112;149;16;36;632;440
5553;53,71;74,93;0,00;0,00;0,00;0,07;0,00;0,00;402;172;87;41;33;284;933
5554;45,79;-39,22;0,00;0,00;0,00;-0,04;0,00;0,00;333;95;142;43;33;630;534
5555;44,53;-78,05;0,00;0,00;0,00;-0,08;0,00;0,00;333;142;63;12;30;180;567
5556;24,42;-169,05;0,00;0,00;0,00;-0,17;0,00;0,00;480;181;67;13;16;186;542
5557;70,73;180,87;0,00;0,00;0,00;0,18;0,00;0,00;431;66;181;47;39;329;895
5558;22,87;-202,26;0,00;0,00;0,00;-0,20;0,00;0,00;261;71;49;30;28;398;992
5559;39,19;8,08;0,00;0,00;0,00;0,01;0,00;0,00;312;134;165;21;38;903;745
5560;28,77;-189,89;0,00;0,00;0,00;-0,19;0,00;0,00;257;168;117;38;27;394;354
5561;46,53;4,51;0,00;0,00;0,00;0,00;0,00;0,00;337;111;108;17;17;136;899
5562;31,11;-181,17;0,00;0,00;0,00;-0,18;0,00;0,00;464;197;108;17;20;767;939
5563;53,73;57,71;0,00;0,00;0,00;0,06;0,00;0,00;76;76;134;26;39;591;810
5564;40,72;-193,82;0,00;0,00;0,00;-0,19;0,00;0,00;477;167;46;18;36;362;413
5565;55,66;42,61;0,00;0,00;0,00;0,04;0,00;0,00;344;87;199;22;38;923;405
5566;60,87;134,49;0,00;0,00;0,00;0,13;0,00;0,00;16;55;30;32;38;510;413
5567;32,52;-185,40;0,00;0,00;0,00;-0,19;0,00;0,00;290;145;60;26;24;389;322
5568;52,48;-6,18;0,00;0,00;0,00;-0,01;0,00;0,00;292;181;54;40;22;661;712
5569;48,30;-105,80;0,00;0,00;0,00;-0,11;0,00;0,00;297;168;177;39;17;351;767
5570;22,23;-286,14;0,00;0,00;0,00;-0,29;0,00;0,00;164;127;14;16;16;901;362
5571;44,99;-42,78;0,00;0,00;0,00;-0,04;0,00;0,00;73;180;189;22;17;180;876
5572;56,44;119,60;0,00;0,00;0,00;0,12;0,00;0,00;412;55;80;32;32;477;103
5573;37,12;-90,32;0,00;0,00;0,00;-0,09;0,00;0,00;115;144;173;47;29;958;459
5574;69,56;191,48;0,00;0,00;0,00;0,19;0,00;0,00;104;10;152;38;34;455;487
5575;44,14;-22,47;0,00;0,00;0,00;-0,02;0,00;0,00;371;148;143;26;23;808;293
5576;42,84;-143,85;0,00;0,00;0,00;-0,14;0,00;0,00;453;96;141;10;27;915;713
5577;73,85;155,00;0,00;0,00;0,00;0,16;0,00;0,00;96;86;187;39;24;696;602
5578;52,67;56,59;0,00;0,00;0,00;0,06;0,00;0,00;274;88;55;29;25;983;827
5579;51,57;55,26;0,00;0,00;0,00;0,06;0,00;0,00;498;183;196;38;35;118;532
5580;67,91;171,63;0,00;0,00;0,00;0,17;0,00;0,00;187;121;103;12;16;370;118
5581;17,36;-383,56;0,00;0,00;0,00;-0,38;0,00;0,00;360;25;102;23;20;753;269
5582;32,31;-133,99;0,00;0,00;0,00;-0,13;0,00;0,00;267;195;142;25;28;581;796
5583;63,26;133,69;0,00;0,00;0,00;0,13;0,00;0,00;136;139;38;40;34;676;141
5584;26,19;-226,93;0,00;0,00;0,00;-0,23;0,00;0,00;123;151;135;26;31;593;493
5585;74,13;258,66;0,00;0,00;0,00;0,26;0,00;0,00;108;120;16;11;32;966;108
5586;43,30;28,91;0,00;0,00;0,00;0,03;0,00;0,00;47;48;59;41;15;955;901
5587;15,72;-389,77;0,00;0,00;0,00;-0,39;0,00;0,00;434;126;84;44;28;647;152
5588;56,46;53,17;0,00;0,00;0,00;0,05;0,00;0,00;367;131;68;10;21;244;963
5589;28,45;-298,50;0,00;0,00;0,00;-0,30;0,00;0,00;81;72;186;26;30;745;166
5590;58,75;17,96;0,00;0,00;0,00;0,02;0,00;0,00;422;143;196;31;33;911;566
5591;45,25;-5,26;0,00;0,00;0,00;-0,01;0,00;0,00;227;172;13;19;31;958;488
5592;61,75;161,39;0,00;0,00;0,00;0,16;0,00;0,00;75;36;157;45;26;255;682
5593;35,88;-111,90;0,00;0,00;0,00;-0,11;0,00;0,00;93;61;98;17;16;271;763
5594;35,55;-189,70;0,00;0,00;0,00;-0,19;0,00;0,00;320;78;47;28;26;942;470
5595;44,97;-91,96;0,00;0,00;0,00;-0,09;0,00;0,00;199;170;195;13;37;723;931
5596;45,95;-74,41;0,00;0,00;0,00;-0,07;0,00;0,00;306;18;47;36;15;180;203
5597;55,49;97,53;0,00;0,00;0,00;0,10;0,00;0,00;373;145;96;45;23;226;299
5598;34,52;-101,86;0,00;0,00;0,00;-0,10;0,00;0,00;240;32;77;49;15;495;878
5599;30,83;-190,12;0,00;0,00;0,00;-0,19;0,00;0,00;236;21;147;22;28;979;724
5600;60,65;195,62;0,00;0,00;0,00;0,20;0,00;0,00;367;192;46;38;31;930;123
5601;54,02;-24,83;0,00;0,00;0,00;-0,02;0,00;0,00;335;26;156;25;31;546;908
5602;62,44;96,38;0,00;0,00;0,00;0,10;0,00;0,00;148;30;39;49;37;376;957
5603;40,60;-160,66;0,00;0,00;0,00;-0,16;0,00;0,00;178;187;29;48;32;589;599
5604;54,20;96,04;0,00;0,00;0,00;0,10;0,00;0,00;333;125;181;24;34;234;823
5605;51,49;56,86;0,00;0,00;0,00;0,06;0,00;0,00;31;15;87;19;29;333;807
5606;35,57;-200,26;0,00;0,00;0,00;-0,20;0,00;0,00;359;86;116;25;28;943;962
5607;52,25;46,90;0,00;0,00;0,00;0,05;0,00;0,00;263;169;68;21;15;146;491
5608;58,74;132,78;0,00;0,00;0,00;0,13;0,00;0,00;50;94;125;13;35;985;507
5609;56,95;-4,35;0,00;0,00;0,00;-0,00;0,00;0,00;355;109;190;10;35;141;893
5610;38,80;-126,01;0,00;0,00;0,00;-0,13;0,00;0,00;440;21;29;23;19;463;748
5611;48,41;-32,61;0,00;0,00;0,00;-0,03;0,00;0,00;103;63;24;30;36;536;899
5612;62,40;133,58;0,00;0,00;0,00;0,13;0,00;0,00;356;191;199;27;25;436;370
5613;47,67;78,52;0,00;0,00;0,00;0,08;0,00;0,00;322;41;68;29;34;209;765
5614;67,63;164,56;0,00;0,00;0,00;0,16;0,00;0,00;106;79;147;39;33;417;607
5615;73,78;195,13;0,00;0,00;0,00;0,20;0,00;0,00;288;193;89;46;32;754;384
5616;31,10;-185,64;0,00;0,00;0,00;-0,19;0,00;0,00;110;13;43;39;32;988;290
5617;47,03;-83,57;0,00;0,00;0,00;-0,08;0,00;0,00;373;13;137;33;26;850;853
5618;70,05;156,20;0,00;0,00;0,00;0,16;0,00;0,00;324;76;115;29;21;338;191
5619;78,61;302,73;0,00;0,00;0,00;0,30;0,00;0,00;441;81;96;12;31;818;134
5620;69,00;214,28;0,00;0,00;0,00;0,21;0,00;0,00;352;148;119;21;35;793;900
5621;51,23;-49,11;0,00;0,00;0,00;-0,05;0,00;0,00;292;108;172;24;23;348;964
5622;21,30;-372,83;0,00;0,00;0,00;-0,37;0,00;0,00;386;73;103;13;29;128;426
5623;48,78;25,54;0,00;0,00;0,00;0,03;0,00;0,00;498;199;67;25;20;859;680
5624;55,41;10,94;0,00;0,00;0,00;0,01;0,00;0,00;118;101;27;37;22;557;830
5625;66,08;124,99;0,00;0,00;0,00;0,12;0,00;0,00;276;88;66;16;23;928;896
5626;36,26;-193,89;0,00;0,00;0,00;-0,19;0,00;0,00;251;42;92;36;39;451;974
5627;38,52;-104,49;0,00;0,00;0,00;-0,10;0,00;0,00;264;134;73;37;28;441;799
5628;22,46;-218,89;0,00;0,00;0,00;-0,22;0,00;0,00;225;15;112;20;22;279;917
5629;24,68;-269,97;0,00;0,00;0,00;-0,27;0,00;0,00;415;27;195;20;29;105;127
5630;41,47;-152,01;0,00;0,00;0,00;-0,15;0,00;0,00;440;128;87;41;15;684;865
5631;46,45;-58,64;0,00;0,00;0,00;-0,06;0,00;0,00;222;30;125;24;35;526;514
5632;63,89;167,61;0,00;0,00;0,00;0,17;0,00;0,00;49;115;54;19;16;687;464
5633;53,00;-29,66;0,00;0,00;0,00;-0,03;0,00;0,00;120;79;146;37;32;462;428
5634;29,97;-139,29;0,00;0,00;0,00;-0,14;0,00;0,00;146;14;132;23;16;674;699
5635;39,77;-29,07;0,00;0,00;0,00;-0,03;0,00;0,00;450;46;31;33;17;408;701
5636;23,76;-283,98;0,00;0,00;0,00;-0,28;0,00;0,00;295;144;41;42;34;360;747
5637;33,24;-165,53;0,00;0,00;0,00;-0,17;0,00;0,00;179;139;164;11;27;540;835
5638;16,05;-307,85;0,00;0,00;0,00;-0,31;0,00;0,00;186;80;122;20;20;572;221
5639;62,89;81,13;0,00;0,00;0,00;0,08;0,00;0,00;54;71;161;43;25;889;101
5640;45,85;-60,58;0,00;0,00;0,00;-0,06;0,00;0,00;454;91;187;28;19;605;378
5641;42,80;-82,95;0,00;0,00;0,00;-0,08;0,00;0,00;265;173;169;47;35;973;397
5642;52,58;11,19;0,00;0,00;0,00;0,01;0,00;0,00;86;62;139;15;35;291;240
5643;71,68;207,32;0,00;0,00;0,00;0,21;0,00;0,00;401;40;128;39;28;600;626
5644;24,65;-188,80;0,00;0,00;0,00;-0,19;0,00;0,00;496;170;136;21;17;415;840
5645;67,87;242,71;0,00;0,00;0,00;0,24;0,00;0,00;115;104;23;35;23;842;804
5646;60,57;98,51;0,00;0,00;0,00;0,10;0,00;0,00;306;136;191;11;21;353;434
5647;45,83;-57,23;0,00;0,00;0,00;-0,06;0,00;0,00;460;82;29;13;19;670;188
5648;49,78;-20,57;0,00;0,00;0,00;-0,02;0,00;0,00;377;44;38;44;31;316;851
5649;66,62;119,40;0,00;0,00;0,00;0,12;0,00;0,00;285;41;174;23;28;912;401
5650;73,11;175,80;0,00;0,00;0,00;0,18;0,00;0,00;360;142;148;34;35;653;768
5651;44,84;-16,89;0,00;0,00;0,00;-0,02;0,00;0,00;427;80;169;21;38;544;200
5652;70,50;174,72;0,00;0,00;0,00;0,17;0,00;0,00;280;108;74;14;17;762;725
5653;56,28;101,97;0,00;0,00;0,00;0,10;0,00;0,00;317;179;84;11;39;629;753
5654;32,81;-149,64;0,00;0,00;0,00;-0,15;0,00;0,00;153;125;199;27;15;508;995
5655;36,40;-161,21;0,00;0,00;0,00;-0,16;0,00;0,00;471;149;121;13;34;161;319
5656;37,77;-181,74;0,00;0,00;0,00;-0,18;0,00;0,00;210;135;162;24;21;117;886
5657;54,63;22,45;0,00;0,00;0,00;0,02;0,00;0,00;251;108;111;47;20;796;666
5658;64,18;175,78;0,00;0,00;0,00;0,18;0,00;0,00;222;64;101;43;34;382;365
5659;82,82;272,50;0,00;0,00;0,00;0,27;0,00;0,00;202;195;32;37;23;982;288
5660;61,74;129,59;0,00;0,00;0,00;0,13;0,00;0,00;20;58;180;25;25;327;478
5661;76,20;300,70;0,00;0,00;0,00;0,30;0,00;0,00;89;71;185;37;28;386;852
5662;77,15;359,83;0,00;0,00;0,00;0,36;0,00;0,00;337;92;153;33;22;202;431
5663;93,07;495,34;0,00;0,00;0,00;0,50;0,00;0,00;33;64;181;23;38;274;987
5664;65,73;104,93;0,00;0,00;0,00;0,10;0,00;0,00;243;165;192;22;37;811;528
5665;45,94;-46,02;0,00;0,00;0,00;-0,05;0,00;0,00;265;97;40;19;39;721;398
5666;43,70;-142,85;0,00;0,00;0,00;-0,14;0,00;0,00;121;164;38;10;23;705;880
5667;55,49;86,89;0,00;0,00;0,00;0,09;0,00;0,00;119;51;41;34;37;833;914
5668;69,42;164,93;0,00;0,00;0,00;0,16;0,00;0,00;476;173;108;32;23;823;336
5669;39,91;-73,96;0,00;0,00;0,00;-0,07;0,00;0,00;401;15;50;33;30;932;426
5670;31,79;-189,63;0,00;0,00;0,00;-0,19;0,00;0,00;253;87;148;10;30;702;619
5671;79,75;327,46;0,00;0,00;0,00;0,33;0,00;0,00;167;146;100;13;24;819;432
5672;51,87;2,32;0,00;0,00;0,00;0,00;0,00;0,00;148;105;15;17;22;407;387
5673;48,43;-0,79;0,00;0,00;0,00;-0,00;0,00;0,00;169;159;82;27;16;975;365
5674;58,92;71,95;0,00;0,00;0,00;0,07;0,00;0,00;433;132;27;18;20;380;327
5675;56,18;21,75;0,00;0,00;0,00;0,02;0,00;0,00;208;152;119;17;24;127;634
5676;36,22;-150,54;0,00;0,00;0,00;-0,15;0,00;0,00;271;187;15;30;17;690;869
5677;29,44;-179,21;0,00;0,00;0,00;-0,18;0,00;0,00;31;90;94;37;27;796;254
5678;47,62;-69,88;0,00;0,00;0,00;-0,07;0,00;0,00;245;62;94;41;25;886;940
5679;59,74;157,67;0,00;0,00;0,00;0,16;0,00;0,00;291;58;54;19;24;113;983
5680;76,54;252,82;0,00;0,00;0,00;0,25;0,00;0,00;198;135;64;24;28;431;425
5681;40,31;-26,36;0,00;0,00;0,00;-0,03;0,00;0,00;239;126;70;35;31;626;378
5682;40,34;-95,71;0,00;0,00;0,00;-0,10;0,00;0,00;210;127;199;45;33;914;616
5683;49,49;57,02;0,00;0,00;0,00;0,06;0,00;0,00;445;80;177;20;39;206;380
5684;58,51;31,13;0,00;0,00;0,00;0,03;0,00;0,00;350;17;164;47;35;990;617
5685;68,63;168,90;0,00;0,00;0,00;0,17;0,00;0,00;104;10;61;16;38;567;175
5686;21,75;-192,94;0,00;0,00;0,00;-0,19;0,00;0,00;394;91;72;41;39;416;708
5687;52,69;-60,50;0,00;0,00;0,00;-0,06;0,00;0,00;145;32;114;26;30;171;481
5688;51,53;16,68;0,00;0,00;0,00;0,02;0,00;0,00;335;55;27;23;32;333;457
5689;78,24;341,78;0,00;0,00;0,00;0,34;0,00;0,00;398;142;168;23;16;289;787
5690;54,92;-81,71;0,00;0,00;0,00;-0,08;0,00;0,00;147;23;77;28;22;791;320
5691;25,28;-249,72;0,00;0,00;0,00;-0,25;0,00;0,00;219;116;171;17;20;980;339
5692;44,70;4,96;0,00;0,00;0,00;0,00;0,00;0,00;147;29;109;21;22;411;303
5693;31,97;-177,13;0,00;0,00;0,00;-0,18;0,00;0,00;398;49;197;20;39;631;810
5694;44,22;-85,57;0,00;0,00;0,00;-0,09;0,00;0,00;226;54;30;22;16;207;591
5695;41,93;-107,58;0,00;0,00;0,00;-0,11;0,00;0,00;423;167;194;34;16;893;985
5696;78,95;285,44;0,00;0,00;0,00;0,29;0,00;0,00;84;145;75;25;15;426;305
5697;35,08;-182,70;0,00;0,00;0,00;-0,18;0,00;0,00;10;198;157;14;25;854;873
5698;48,69;-26,79;0,00;0,00;0,00;-0,03;0,00;0,00;334;73;23;33;34;171;381
5699;95,22;418,36;0,00;0,00;0,00;0,42;0,00;0,00;265;56;42;26;27;633;596
5700;54,65;-0,72;0,00;0,00;0,00;-0,00;0,00;0,00;192;68;88;43;39;731;256
5701;53,15;28,84;0,00;0,00;0,00;0,03;0,00;0,00;195;138;136;17;39;639;238
5702;57,85;108,79;0,00;0,00;0,00;0,11;0,00;0,00;435;17;176;49;17;777;894
5703;42,18;-64,04;0,00;0,00;0,00;-0,06;0,00;0,00;252;40;113;40;35;599;186
5704;22,64;-254,33;0,00;0,00;0,00;-0,25;0,00;0,00;102;31;96;39;34;360;247
5705;48,67;-31,83;0,00;0,00;0,00;-0,03;0,00;0,00;485;152;84;40;31;946;604
5706;8,66;-437,96;0,00;0,00;0,00;-0,44;0,00;0,00;406;11;133;48;25;706;241
5707;60,82;110,37;0,00;0,00;0,00;0,11;0,00;0,00;98;24;121;35;37;617;284
5708;60,71;147,83;0,00;0,00;0,00;0,15;0,00;0,00;312;72;39;36;18;141;123
5709;54,53;121,81;0,00;0,00;0,00;0,12;0,00;0,00;92;119;128;15;37;510;276
5710;41,23;-82,39;0,00;0,00;0,00;-0,08;0,00;0,00;221;24;37;39;22;352;561
5711;69,50;211,19;0,00;0,00;0,00;0,21;0,00;0,00;388;80;136;42;20;992;918
5712;30,62;-134,48;0,00;0,00;0,00;-0,13;0,00;0,00;49;193;36;47;34;127;452
5713;69,12;110,14;0,00;0,00;0,00;0,11;0,00;0,00;19;70;46;10;21;345;592
5714;60,94;203,17;0,00;0,00;0,00;0,20;0,00;0,00;287;119;184;15;29;636;513
5715;53,77;54,39;0,00;0,00;0,00;0,05;0,00;0,00;252;32;174;15;16;381;467
5716;36,74;-48,82;0,00;0,00;0,00;-0,05;0,00;0,00;185;151;114;27;28;693;212
5717;53,54;-18,40;0,00;0,00;0,00;-0,02;0,00;0,00;74;152;154;39;37;315;455
5718;23,73;-337,85;0,00;0,00;0,00;-0,34;0,00;0,00;271;154;138;20;26;832;912
5719;44,19;-2,70;0,00;0,00;0,00;-0,00;0,00;0,00;119;158;48;38;31;198;253
5720;65,25;115,65;0,00;0,00;0,00;0,12;0,00;0,00;345;159;53;30;38;404;862
5721;55,76;16,93;0,00;0,00;0,00;0,02;0,00;0,00;174;73;77;14;33;312;557
5722;39,00;-75,64;0,00;0,00;0,00;-0,08;0,00;0,00;263;75;42;43;19;158;344
5723;48,14;43,59;0,00;0,00;0,00;0,04;0,00;0,00;104;147;110;18;21;126;945
5724;66,95;133,90;0,00;0,00;0,00;0,13;0,00;0,00;82;52;130;15;38;991;189
5725;36,79;-130,81;0,00;0,00;0,00;-0,13;0,00;0,00;169;186;12;33;18;773;819
5726;45,02;-50,39;0,00;0,00;0,00;-0,05;0,00;0,00;462;114;179;19;21;728;861
5727;47,39;-7,69;0,00;0,00;0,00;-0,01;0,00;0,00;49;162;15;44;22;303;752
5728;37,98;-48,08;0,00;0,00;0,00;-0,05;0,00;0,00;492;108;31;11;36;419;994
5729;48,76;10,76;0,00;0,00;0,00;0,01;0,00;0,00;29;138;60;45;17;441;588
5730;62,57;118,35;0,00;0,00;0,00;0,12;0,00;0,00;55;177;118;18;28;211;706
5731;48,81;48,53;0,00;0,00;0,00;0,05;0,00;0,00;46;96;178;46;37;783;102
5732;26,17;-218,55;0,00;0,00;0,00;-0,22;0,00;0,00;443;21;180;25;37;898;354
5733;46,05;40,52;0,00;0,00;0,00;0,04;0,00;0,00;239;83;35;27;24;829;875
5734;71,74;195,16;0,00;0,00;0,00;0,20;0,00;0,00;436;139;124;39;25;792;161
5735;61,21;108,09;0,00;0,00;0,00;0,11;0,00;0,00;275;191;198;36;29;310;779
5736;49,40;-2,76;0,00;0,00;0,00;-0,00;0,00;0,00;167;169;27;45;21;173;179
5737;48,09;11,40;0,00;0,00;0,00;0,01;0,00;0,00;55;161;152;16;26;998;400
5738;52,30;0,58;0,00;0,00;0,00;0,00;0,00;0,00;191;122;96;31;29;209;373
5739;42,31;-18,17;0,00;0,00;0,00;-0,02;0,00;0,00;308;198;72;29;30;983;667
5740;20,50;-214,95;0,00;0,00;0,00;-0,21;0,00;0,00;497;197;48;43;16;982;302
5741;69,90;150,10;0,00;0,00;0,00;0,15;0,00;0,00;24;115;83;49;30;309;270
5742;51,52;-5,72;0,00;0,00;0,00;-0,01;0,00;0,00;378;100;152;38;31;724;605
5743;85,08;382,72;0,00;0,00;0,00;0,38;0,00;0,00;33;57;179;46;31;788;433
5744;46,82;-143,88;0,00;0,00;0,00;-0,14;0,00;0,00;294;170;109;29;17;233;963
5745;34,57;-42,17;0,00;0,00;0,00;-0,04;0,00;0,00;333;29;157;33;19;388;588
5746;45,04;-89,39;0,00;0,00;0,00;-0,09;0,00;0,00;280;170;115;26;30;175;167
5747;42,87;-32,16;0,00;0,00;0,00;-0,03;0,00;0,00;433;21;19;49;33;178;596
5748;38,61;-181,64;0,00;0,00;0,00;-0,18;0,00;0,00;459;59;123;44;34;422;939
5749;36,77;-208,07;0,00;0,00;0,00;-0,21;0,00;0,00;182;32;189;16;34;607;642
5750;65,73;53,50;0,00;0,00;0,00;0,05;0,00;0,00;146;123;11;17;21;471;647
5751;40,92;6,38;0,00;0,00;0,00;0,01;0,00;0,00;483;105;102;35;37;711;238
5752;43,48;-109,91;0,00;0,00;0,00;-0,11;0,00;0,00;167;76;94;29;15;651;821
5753;59,37;-13,79;0,00;0,00;0,00;-0,01;0,00;0,00;109;57;21;46;30;243;390
5754;19,75;-317,29;0,00;0,00;0,00;-0,32;0,00;0,00;412;138;29;36;30;617;969
5755;63,34;81,63;0,00;0,00;0,00;0,08;0,00;0,00;432;13;48;24;32;223;804
5756;45,92;-78,84;0,00;0,00;0,00;-0,08;0,00;0,00;473;23;175;43;15;752;917
5757;62,39;138,41;0,00;0,00;0,00;0,14;0,00;0,00;460;138;64;36;37;460;150
5758;52,15;4,44;0,00;0,00;0,00;0,00;0,00;0,00;132;46;164;48;39;307;850
5759;68,99;154,85;0,00;0,00;0,00;0,15;0,00;0,00;69;141;158;30;39;255;994
5760;58,70;108,68;0,00;0,00;0,00;0,11;0,00;0,00;394;63;98;18;21;358;765
5761;38,16;-115,67;0,00;0,00;0,00;-0,12;0,00;0,00;154;41;21;34;21;177;950
5762;61,55;168,52;0,00;0,00;0,00;0,17;0,00;0,00;416;185;174;19;21;989;538
5763;40,66;-109,22;0,00;0,00;0,00;-0,11;0,00;0,00;401;145;185;33;31;995;869
5764;32,19;-137,01;0,00;0,00;0,00;-0,14;0,00;0,00;451;57;88;37;19;240;782
5765;52,91;-85,84;0,00;0,00;0,00;-0,09;0,00;0,00;218;143;173;10;39;721;232
5766;37,43;-176,71;0,00;0,00;0,00;-0,18;0,00;0,00;340;75;177;24;27;635;438
5767;64,16;196,23;0,00;0,00;0,00;0,20;0,00;0,00;137;179;27;34;39;282;352
5768;51,22;-15,97;0,00;0,00;0,00;-0,02;0,00;0,00;198;152;91;48;35;308;307
5769;77,19;310,93;0,00;0,00;0,00;0,31;0,00;0,00;475;156;121;25;33;485;549
5770;63,79;115,78;0,00;0,00;0,00;0,12;0,00;0,00;11;26;144;19;26;563;917
5771;51,58;-4,44;0,00;0,00;0,00;-0,00;0,00;0,00;490;24;21;45;33;147;960
5772;19,50;-307,42;0,00;0,00;0,00;-0,31;0,00;0,00;295;176;133;37;23;505;641
5773;48,05;-21,61;0,00;0,00;0,00;-0,02;0,00;0,00;229;153;191;38;30;222;973
5774;68,10;238,44;0,00;0,00;0,00;0,24;0,00;0,00;427;163;194;14;27;342;886
5775;52,27;-65,84;0,00;0,00;0,00;-0,07;0,00;0,00;127;130;76;48;29;386;270
5776;44,22;-68,26;0,00;0,00;0,00;-0,07;0,00;0,00;461;136;140;17;16;157;323
5777;51,28;91,08;0,00;0,00;0,00;0,09;0,00;0,00;389;106;145;47;32;283;178
5778;39,72;-76,00;0,00;0,00;0,00;-0,08;0,00;0,00;269;186;28;23;26;421;398
5779;74,47;162,95;0,00;0,00;0,00;0,16;0,00;0,00;81;54;73;28;17;660;574
5780;62,31;92,90;0,00;0,00;0,00;0,09;0,00;0,00;442;157;114;33;32;966;769
5781;48,75;46,32;0,00;0,00;0,00;0,05;0,00;0,00;257;160;34;38;26;732;818
5782;57,13;95,97;0,00;0,00;0,00;0,10;0,00;0,00;451;159;62;25;37;777;767
5783;59,49;138,41;0,00;0,00;0,00;0,14;0,00;0,00;368;126;195;47;17;261;496
5784;62,32;27,90;0,00;0,00;0,00;0,03;0,00;0,00;380;102;116;23;35;810;375
5785;45,77;70,75;0,00;0,00;0,00;0,07;0,00;0,00;33;171;73;43;31;969;376
5786;63,98;174,38;0,00;0,00;0,00;0,17;0,00;0,00;288;153;58;43;15;818;390
5787;72,76;301,62;0,00;0,00;0,00;0,30;0,00;0,00;172;73;179;24;30;552;352
5788;50,28;-24,27;0,00;0,00;0,00;-0,02;0,00;0,00;220;143;10;28;26;415;817
5789;52,93;63,31;0,00;0,00;0,00;0,06;0,00;0,00;231;102;54;28;18;930;569
5790;63,16;92,65;0,00;0,00;0,00;0,09;0,00;0,00;150;140;95;28;34;354;620
5791;61,49;121,34;0,00;0,00;0,00;0,12;0,00;0,00;243;26;158;42;26;510;979
5792;77,84;218,00;0,00;0,00;0,00;0,22;0,00;0,00;377;58;190;29;19;126;820
5793;47,05;-95,87;0,00;0,00;0,00;-0,10;0,00;0,00;425;70;67;39;34;250;727
5794;71,92;207,22;0,00;0,00;0,00;0,21;0,00;0,00;314;126;85;44;31;636;523
5795;37,51;-19,29;0,00;0,00;0,00;-0,02;0,00;0,00;239;26;193;37;35;365;720
5796;93,70;539,68;0,00;0,00;0,00;0,54;0,00;0,00;280;129;88;45;29;821;692
5797;42,11;-186,98;0,00;0,00;0,00;-0,19;0,00;0,00;268;151;17;28;22;534;997
5798;0,00;-427,94;0,00;0,00;0,00;-0,43;0,00;0,00;205;67;88;36;35;472;154
5799;66,25;102,42;0,00;0,00;0,00;0,10;0,00;0,00;326;133;157;17;20;277;548
5800;62,37;60,62;0,00;0,00;0,00;0,06;0,00;0,00;107;42;125;24;37;202;733
5801;65,07;56,83;0,00;0,00;0,00;0,06;0,00;0,00;215;184;177;11;25;531;646
5802;51,08;109,25;0,00;0,00;0,00;0,11;0,00;0,00;32;168;193;46;24;841;142
5803;36,38;-80,65;0,00;0,00;0,00;-0,08;0,00;0,00;178;147;19;38;18;614;635
5804;47,65;15,20;0,00;0,00;0,00;0,02;0,00;0,00;229;45;52;19;37;475;593
5805;36,75;-86,33;0,00;0,00;0,00;-0,09;0,00;0,00;240;183;112;23;32;596;366
5806;52,95;1,91;0,00;0,00;0,00;0,00;0,00;0,00;354;18;144;13;32;206;730
5807;39,53;-81,91;0,00;0,00;0,00;-0,08;0,00;0,00;153;24;82;17;18;535;588
5808;65,30;110,25;0,00;0,00;0,00;0,11;0,00;0,00;93;99;189;13;15;994;618
5809;39,42;-117,33;0,00;0,00;0,00;-0,12;0,00;0,00;347;197;165;21;28;980;833
5810;87,68;289,15;0,00;0,00;0,00;0,29;0,00;0,00;90;37;150;24;20;967;634
5811;54,52;74,90;0,00;0,00;0,00;0,07;0,00;0,00;258;166;189;45;29;595;385
5812;47,20;-40,43;0,00;0,00;0,00;-0,04;0,00;0,00;411;77;81;20;23;728;816
5813;13,50;-384,88;0,00;0,00;0,00;-0,38;0,00;0,00;458;100;120;39;35;271;863
5814;99,65;387,20;0,00;0,00;0,00;0,39;0,00;0,00;405;185;81;38;37;758;546
5815;50,98;18,30;0,00;0,00;0,00;0,02;0,00;0,00;436;128;83;17;21;713;489
5816;47,17;-48,80;0,00;0,00;0,00;-0,05;0,00;0,00;345;23;115;19;25;424;517
5817;73,16;220,43;0,00;0,00;0,00;0,22;0,00;0,00;227;51;161;14;31;188;178
5818;70,64;343,18;0,00;0,00;0,00;0,34;0,00;0,00;417;45;123;16;15;304;411
5819;58,68;19,96;0,00;0,00;0,00;0,02;0,00;0,00;467;26;132;25;30;962;298
5820;80,05;338,76;0,00;0,00;0,00;0,34;0,00;0,00;458;81;163;33;34;659;776
5821;77,93;249,55;0,00;0,00;0,00;0,25;0,00;0,00;357;199;194;34;38;402;485
5822;39,64;-117,03;0,00;0,00;0,00;-0,12;0,00;0,00;382;27;29;32;38;116;622
5823;49,99;-52,14;0,00;0,00;0,00;-0,05;0,00;0,00;426;78;173;47;19;564;402
5824;27,58;-137,77;0,00;0,00;0,00;-0,14;0,00;0,00;121;46;137;29;16;536;506
5825;40,33;-160,06;0,00;0,00;0,00;-0,16;0,00;0,00;312;66;194;26;16;982;313
5826;35,66;-178,38;0,00;0,00;0,00;-0,18;0,00;0,00;203;86;32;39;34;462;744
5827;69,95;189,75;0,00;0,00;0,00;0,19;0,00;0,00;311;26;61;48;17;502;668
5828;39,22;-138,43;0,00;0,00;0,00;-0,14;0,00;0,00;227;23;136;38;33;219;680
5829;35,78;-157,45;0,00;0,00;0,00;-0,16;0,00;0,00;269;141;12;29;16;897;508
5830;56,81;159,84;0,00;0,00;0,00;0,16;0,00;0,00;365;91;78;45;21;828;190
5831;32,43;-128,89;0,00;0,00;0,00;-0,13;0,00;0,00;192;123;71;43;28;902;226
5832;55,02;-18,04;0,00;0,00;0,00;-0,02;0,00;0,00;124;107;29;30;22;204;332
5833;25,67;-168,11;0,00;0,00;0,00;-0,17;0,00;0,00;72;163;145;19;38;960;409
5834;52,08;12,19;0,00;0,00;0,00;0,01;0,00;0,00;99;114;115;26;36;184;380
5835;66,27;189,10;0,00;0,00;0,00;0,19;0,00;0,00;161;167;63;23;33;364;185
5836;77,83;242,64;0,00;0,00;0,00;0,24;0,00;0,00;448;197;30;19;35;516;882
5837;56,46;117,84;0,00;0,00;0,00;0,12;0,00;0,00;231;86;181;47;20;881;796
5838;18,58;-331,91;0,00;0,00;0,00;-0,33;0,00;0,00;214;122;35;31;35;837;193
5839;68,69;165,32;0,00;0,00;0,00;0,17;0,00;0,00;358;82;94;36;17;982;199
5840;25,77;-276,98;0,00;0,00;0,00;-0,28;0,00;0,00;212;186;116;27;36;867;939
5841;47,68;-52,33;0,00;0,00;0,00;-0,05;0,00;0,00;10;23;166;15;23;690;809
5842;45,03;28,37;0,00;0,00;0,00;0,03;0,00;0,00;353;141;14;39;20;334;349
5843;67,64;149,21;0,00;0,00;0,00;0,15;0,00;0,00;208;31;187;21;17;994;819
5844;47,76;-53,11;0,00;0,00;0,00;-0,05;0,00;0,00;112;126;186;11;36;788;417
5845;70,77;284,02;0,00;0,00;0,00;0,28;0,00;0,00;109;24;168;23;29;578;810
5846;37,05;-148,16;0,00;0,00;0,00;-0,15;0,00;0,00;445;153;55;27;28;375;852
5847;40,87;-153,11;0,00;0,00;0,00;-0,15;0,00;0,00;173;13;137;42;27;455;217
5848;30,37;-270,20;0,00;0,00;0,00;-0,27;0,00;0,00;402;139;20;16;18;780;216
5849;36,86;-130,49;0,00;0,00;0,00;-0,13;0,00;0,00;114;141;35;31;32;920;948
5850;39,15;-34,42;0,00;0,00;0,00;-0,03;0,00;0,00;192;146;101;17;34;679;352
5851;27,41;-251,45;0,00;0,00;0,00;-0,25;0,00;0,00;180;24;48;32;30;116;467
5852;55,49;72,69;0,00;0,00;0,00;0,07;0,00;0,00;60;66;105;19;36;159;799
5853;48,21;-97,42;0,00;0,00;0,00;-0,10;0,00;0,00;56;47;99;38;27;230;704
5854;58,95;6,05;0,00;0,00;0,00;0,01;0,00;0,00;240;133;117;48;35;297;101
5855;55,43;7,35;0,00;0,00;0,00;0,01;0,00;0,00;23;78;154;32;38;881;887
5856;40,72;-59,26;0,00;0,00;0,00;-0,06;0,00;0,00;215;32;47;19;18;959;913
5857;53,25;45,05;0,00;0,00;0,00;0,05;0,00;0,00;328;111;40;16;23;244;973
5858;45,74;-56,16;0,00;0,00;0,00;-0,06;0,00;0,00;472;170;158;29;22;945;413
5859;59,06;15,02;0,00;0,00;0,00;0,02;0,00;0,00;288;108;29;40;24;398;410
5860;59,28;64,66;0,00;0,00;0,00;0,06;0,00;0,00;75;57;112;41;36;110;138
5861;32,44;-165,72;0,00;0,00;0,00;-0,17;0,00;0,00;232;47;193;14;19;345;679
5862;52,32;32,41;0,00;0,00;0,00;0,03;0,00;0,00;321;10;52;33;26;403;618
5863;28,72;-233,07;0,00;0,00;0,00;-0,23;0,00;0,00;207;98;35;38;39;952;115
5864;27,02;-160,83;0,00;0,00;0,00;-0,16;0,00;0,00;62;66;57;18;23;834;799
5865;38,23;-117,35;0,00;0,00;0,00;-0,12;0,00;0,00;406;27;55;29;16;584;264
5866;68,11;170,10;0,00;0,00;0,00;0,17;0,00;0,00;190;56;20;18;22;789;145
5867;35,00;-180,73;0,00;0,00;0,00;-0,18;0,00;0,00;371;36;87;28;31;700;323
5868;24,60;-239,24;0,00;0,00;0,00;-0,24;0,00;0,00;304;33;153;11;30;727;551
5869;22,72;-273,12;0,00;0,00;0,00;-0,27;0,00;0,00;281;172;185;36;16;932;680
5870;74,06;246,89;0,00;0,00;0,00;0,25;0,00;0,00;100;111;39;17;35;167;423
5871;67,71;181,27;0,00;0,00;0,00;0,18;0,00;0,00;236;35;170;24;36;236;834
5872;22,38;-330,22;0,00;0,00;0,00;-0,33;0,00;0,00;247;68;46;34;17;896;206
5873;30,73;-246,57;0,00;0,00;0,00;-0,25;0,00;0,00;320;115;115;40;32;124;170
5874;19,94;-352,94;0,00;0,00;0,00;-0,35;0,00;0,00;462;78;175;49;25;624;665
5875;51,08;25,03;0,00;0,00;0,00;0,03;0,00;0,00;191;43;166;22;32;169;423
5876;51,82;-116,54;0,00;0,00;0,00;-0,12;0,00;0,00;59;178;49;39;36;384;856
5877;60,16;156,26;0,00;0,00;0,00;0,16;0,00;0,00;83;165;59;46;38;618;870
5878;51,61;23,98;0,00;0,00;0,00;0,02;0,00;0,00;26;41;187;42;28;354;675
5879;55,79;122,45;0,00;0,00;0,00;0,12;0,00;0,00;254;109;195;30;26;468;222
5880;47,17;-27,74;0,00;0,00;0,00;-0,03;0,00;0,00;439;181;38;25;17;554;320
5881;27,57;-137,14;0,00;0,00;0,00;-0,14;0,00;0,00;149;21;183;46;32;150;386
5882;44,45;-49,33;0,00;0,00;0,00;-0,05;0,00;0,00;272;13;113;43;18;120;791
5883;41,79;-22,40;0,00;0,00;0,00;-0,02;0,00;0,00;101;91;12;33;15;885;808
5884;31,91;-209,44;0,00;0,00;0,00;-0,21;0,00;0,00;333;110;174;32;36;504;825
5885;53,68;141,71;0,00;0,00;0,00;0,14;0,00;0,00;245;176;78;19;36;513;817
5886;58,94;31,39;0,00;0,00;0,00;0,03;0,00;0,00;18;20;159;21;22;561;170
5887;16,49;-365,90;0,00;0,00;0,00;-0,37;0,00;0,00;355;38;115;14;27;756;893
5888;51,40;-55,84;0,00;0,00;0,00;-0,06;0,00;0,00;319;108;139;49;15;309;758
5889;33,75;-179,18;0,00;0,00;0,00;-0,18;0,00;0,00;227;117;116;32;28;756;416
5890;32,88;-227,27;0,00;0,00;0,00;-0,23;0,00;0,00;254;29;20;30;34;181;142
5891;57,86;54,53;0,00;0,00;0,00;0,05;0,00;0,00;422;150;136;21;33;446;146
5892;39,64;-20,98;0,00;0,00;0,00;-0,02;0,00;0,00;440;41;15;11;23;265;603
5893;65,56;166,62;0,00;0,00;0,00;0,17;0,00;0,00;72;184;113;44;38;737;371
5894;51,51;50,53;0,00;0,00;0,00;0,05;0,00;0,00;160;144;174;43;20;150;373
5895;55,71;22,57;0,00;0,00;0,00;0,02;0,00;0,00;490;82;165;21;23;287;818
5896;70,70;233,33;0,00;0,00;0,00;0,23;0,00;0,00;425;63;154;44;29;735;514
5897;40,88;-145,19;0,00;0,00;0,00;-0,15;0,00;0,00;60;78;183;12;33;640;994
5898;39,20;-136,08;0,00;0,00;0,00;-0,14;0,00;0,00;247;31;31;30;21;351;593
5899;49,35;-19,47;0,00;0,00;0,00;-0,02;0,00;0,00;315;69;68;23;20;914;982
5900;58,85;49,73;0,00;0,00;0,00;0,05;0,00;0,00;431;113;174;17;39;761;944
5901;45,84;20,59;0,00;0,00;0,00;0,02;0,00;0,00;23;186;191;10;31;323;991
5902;74,56;232,67;0,00;0,00;0,00;0,23;0,00;0,00;192;57;112;49;29;852;631
5903;57,25;86,54;0,00;0,00;0,00;0,09;0,00;0,00;476;31;124;48;25;742;960
5904;60,75;-16,06;0,00;0,00;0,00;-0,02;0,00;0,00;305;124;172;20;19;622;980
5905;60,44;70,71;0,00;0,00;0,00;0,07;0,00;0,00;139;192;123;42;19;266;352
5906;64,61;191,76;0,00;0,00;0,00;0,19;0,00;0,00;416;41;171;23;37;990;241
5907;31,15;-123,93;0,00;0,00;0,00;-0,12;0,00;0,00;327;26;20;32;23;287;115
5908;44,35;-71,12;0,00;0,00;0,00;-0,07;0,00;0,00;147;172;160;41;15;806;130
5909;39,74;-136,22;0,00;0,00;0,00;-0,14;0,00;0,00;156;164;82;27;25;731;851
5910;40,19;-112,09;0,00;0,00;0,00;-0,11;0,00;0,00;452;113;17;47;39;581;666
5911;56,38;125,10;0,00;0,00;0,00;0,13;0,00;0,00;99;90;83;34;19;240;607
5912;50,91;-15,48;0,00;0,00;0,00;-0,02;0,00;0,00;468;162;133;18;20;339;727
5913;44,23;-130,35;0,00;0,00;0,00;-0,13;0,00;0,00;102;70;36;19;23;266;496
5914;35,71;-43,54;0,00;0,00;0,00;-0,04;0,00;0,00;131;122;113;22;31;103;931
5915;59,47;76,39;0,00;0,00;0,00;0,08;0,00;0,00;479;143;19;36;39;284;168
5916;31,92;-175,70;0,00;0,00;0,00;-0,18;0,00;0,00;269;166;173;43;21;643;147
5917;45,43;-63,60;0,00;0,00;0,00;-0,06;0,00;0,00;93;188;111;26;32;114;465
5918;71,98;293,95;0,00;0,00;0,00;0,29;0,00;0,00;272;46;169;35;27;233;413
5919;57,52;91,48;0,00;0,00;0,00;0,09;0,00;0,00;42;71;97;34;38;459;433
5920;51,49;-5,35;0,00;0,00;0,00;-0,01;0,00;0,00;51;105;111;40;29;232;621
5921;62,60;194,65;0,00;0,00;0,00;0,19;0,00;0,00;75;122;25;29;16;785;218
5922;66,27;214,59;0,00;0,00;0,00;0,21;0,00;0,00;94;10;143;33;22;107;328
5923;61,25;68,66;0,00;0,00;0,00;0,07;0,00;0,00;365;92;187;31;24;209;543
5924;52,81;35,98;0,00;0,00;0,00;0,04;0,00;0,00;367;166;28;45;19;981;527
5925;41,16;-105,76;0,00;0,00;0,00;-0,11;0,00;0,00;403;150;45;21;28;340;648
5926;43,32;-186,29;0,00;0,00;0,00;-0,19;0,00;0,00;492;22;60;23;33;219;883
5927;43,20;-40,29;0,00;0,00;0,00;-0,04;0,00;0,00;379;43;15;28;36;681;324
5928;43,83;-80,83;0,00;0,00;0,00;-0,08;0,00;0,00;305;107;191;30;29;445;565
5929;54,78;17,42;0,00;0,00;0,00;0,02;0,00;0,00;286;159;183;26;32;919;471
5930;51,82;-31,42;0,00;0,00;0,00;-0,03;0,00;0,00;411;113;122;27;37;161;346
5931;57,55;166,25;0,00;0,00;0,00;0,17;0,00;0,00;322;74;116;45;15;775;377
5932;14,92;-299,63;0,00;0,00;0,00;-0,30;0,00;0,00;216;148;155;32;21;211;146
5933;83,04;299,32;0,00;0,00;0,00;0,30;0,00;0,00;327;55;28;32;36;410;510
5934;39,17;-101,51;0,00;0,00;0,00;-0,10;0,00;0,00;159;78;94;11;29;561;885
5935;32,61;-204,33;0,00;0,00;0,00;-0,20;0,00;0,00;493;150;156;16;22;410;339
5936;58,61;15,29;0,00;0,00;0,00;0,02;0,00;0,00;154;81;24;29;36;123;376
5937;77,21;279,65;0,00;0,00;0,00;0,28;0,00;0,00;176;134;109;15;35;262;815
5938;75,60;168,54;0,00;0,00;0,00;0,17;0,00;0,00;162;110;60;36;25;519;684
5939;47,72;-38,02;0,00;0,00;0,00;-0,04;0,00;0,00;413;58;30;44;39;771;165
5940;30,81;-176,00;0,00;0,00;0,00;-0,18;0,00;0,00;157;71;179;21;32;488;283
5941;75,51;279,45;0,00;0,00;0,00;0,28;0,00;0,00;66;140;98;49;30;458;156
5942;51,05;37,51;0,00;0,00;0,00;0,04;0,00;0,00;20;139;164;39;23;769;767
5943;57,41;105,09;0,00;0,00;0,00;0,11;0,00;0,00;117;69;51;15;17;236;102
5944;66,55;219,47;0,00;0,00;0,00;0,22;0,00;0,00;478;152;133;40;26;838;904
5945;44,82;-33,18;0,00;0,00;0,00;-0,03;0,00;0,00;18;43;134;49;19;506;274
5946;26,85;-263,88;0,00;0,00;0,00;-0,26;0,00;0,00;108;117;76;32;16;730;744
5947;35,41;-157,56;0,00;0,00;0,00;-0,16;0,00;0,00;150;130;43;47;35;438;295
5948;25,97;-275,20;0,00;0,00;0,00;-0,28;0,00;0,00;192;116;161;44;29;206;522
5949;72,58;197,20;0,00;0,00;0,00;0,20;0,00;0,00;401;115;88;14;23;413;511
5950;45,59;-30,71;0,00;0,00;0,00;-0,03;0,00;0,00;233;106;178;16;24;310;269
5951;53,23;107,84;0,00;0,00;0,00;0,11;0,00;0,00;39;138;70;32;26;522;777
5952;37,90;-188,53;0,00;0,00;0,00;-0,19;0,00;0,00;222;98;50;18;17;117;431
5953;34,71;-158,83;0,00;0,00;0,00;-0,16;0,00;0,00;446;137;153;33;27;270;523
5954;83,12;349,94;0,00;0,00;0,00;0,35;0,00;0,00;364;186;110;23;27;273;192
5955;59,15;155,39;0,00;0,00;0,00;0,16;0,00;0,00;256;156;182;25;29;593;686
5956;47,16;-47,67;0,00;0,00;0,00;-0,05;0,00;0,00;371;42;62;15;26;513;263
5957;29,54;-188,96;0,00;0,00;0,00;-0,19;0,00;0,00;205;152;150;39;16;843;929
5958;36,86;-162,28;0,00;0,00;0,00;-0,16;0,00;0,00;125;92;192;47;24;793;986
5959;39,60;-148,66;0,00;0,00;0,00;-0,15;0,00;0,00;174;180;182;28;19;749;428
5960;53,39;1,29;0,00;0,00;0,00;0,00;0,00;0,00;45;195;172;17;17;419;506
5961;59,35;130,88;0,00;0,00;0,00;0,13;0,00;0,00;149;41;127;48;23;519;184
5962;78,61;324,08;0,00;0,00;0,00;0,32;0,00;0,00;192;117;93;49;24;344;400
5963;79,45;282,79;0,00;0,00;0,00;0,28;0,00;0,00;345;63;68;23;27;471;291
5964;40,74;-80,46;0,00;0,00;0,00;-0,08;0,00;0,00;408;26;24;16;25;409;504
5965;52,80;-16,35;0,00;0,00;0,00;-0,02;0,00;0,00;381;44;68;47;17;979;785
5966;50,25;26,98;0,00;0,00;0,00;0,03;0,00;0,00;223;91;82;34;22;915;616
5967;53,15;64,29;0,00;0,00;0,00;0,06;0,00;0,00;208;60;67;46;38;626;172
5968;63,59;111,53;0,00;0,00;0,00;0,11;0,00;0,00;72;46;152;17;31;810;128
5969;72,22;306,40;0,00;0,00;0,00;0,31;0,00;0,00;99;84;22;39;21;388;568
5970;54,12;7,61;0,00;0,00;0,00;0,01;0,00;0,00;196;156;184;18;38;286;899
5971;47,62;-65,29;0,00;0,00;0,00;-0,07;0,00;0,00;172;19;73;35;17;120;383
5972;41,87;-58,32;0,00;0,00;0,00;-0,06;0,00;0,00;322;149;20;22;22;407;318
5973;38,37;-132,14;0,00;0,00;0,00;-0,13;0,00;0,00;178;146;124;26;32;637;730
5974;65,05;190,90;0,00;0,00;0,00;0,19;0,00;0,00;431;164;29;21;18;861;773
5975;42,74;-33,62;0,00;0,00;0,00;-0,03;0,00;0,00;300;198;10;22;36;267;207
5976;37,75;-119,48;0,00;0,00;0,00;-0,12;0,00;0,00;23;41;21;33;16;416;976
5977;43,58;-70,69;0,00;0,00;0,00;-0,07;0,00;0,00;378;64;186;15;16;799;401
5978;83,86;459,12;0,00;0,00;0,00;0,46;0,00;0,00;77;34;89;47;28;571;827
5979;52,83;45,53;0,00;0,00;0,00;0,05;0,00;0,00;98;104;10;28;16;137;673
5980;52,42;89,15;0,00;0,00;0,00;0,09;0,00;0,00;415;96;124;43;15;686;900
5981;43,25;-58,49;0,00;0,00;0,00;-0,06;0,00;0,00;162;167;188;39;34;225;206
5982;45,97;-1,65;0,00;0,00;0,00;-0,00;0,00;0,00;83;137;162;44;28;711;326
5983;65,28;135,36;0,00;0,00;0,00;0,14;0,00;0,00;167;64;159;42;34;160;791
5984;68,15;243,99;0,00;0,00;0,00;0,24;0,00;0,00;237;140;193;46;27;461;346
5985;61,06;198,61;0,00;0,00;0,00;0,20;0,00;0,00;404;12;98;14;16;937;638
5986;73,93;183,50;0,00;0,00;0,00;0,18;0,00;0,00;357;59;138;39;21;642;460
5987;13,24;-432,18;0,00;0,00;0,00;-0,43;0,00;0,00;175;129;24;40;27;218;308
5988;57,46;49,61;0,00;0,00;0,00;0,05;0,00;0,00;111;49;99;43;25;777;805
5989;75,27;364,77;0,00;0,00;0,00;0,36;0,00;0,00;467;114;111;15;38;805;464
5990;37,33;-78,90;0,00;0,00;0,00;-0,08;0,00;0,00;218;123;48;14;37;702;386
5991;40,13;-69,44;0,00;0,00;0,00;-0,07;0,00;0,00;485;197;90;34;26;809;634
5992;80,81;346,71;0,00;0,00;0,00;0,35;0,00;0,00;300;115;169;20;20;276;178
5993;52,14;-41,77;0,00;0,00;0,00;-0,04;0,00;0,00;94;72;77;22;18;223;842
5994;33,87;-115,10;0,00;0,00;0,00;-0,12;0,00;0,00;167;70;102;28;18;265;657
5995;44,15;-27,21;0,00;0,00;0,00;-0,03;0,00;0,00;343;153;127;40;19;107;797
5996;31,29;-230,03;0,00;0,00;0,00;-0,23;0,00;0,00;97;148;76;47;25;694;957
5997;44,80;-88,46;0,00;0,00;0,00;-0,09;0,00;0,00;482;107;167;30;28;303;899
5998;37,95;-149,76;0,00;0,00;0,00;-0,15;0,00;0,00;465;47;181;39;27;309;130
5999;62,11;151,11;0,00;0,00;0,00;0,15;0,00;0,00;463;189;98;26;15;495;107
6000;46,31;-20,32;0,00;0,00;0,00;-0,02;0,00;0,00;178;72;57;39;29;115;494
6001;35,45;-126,36;0,00;0,00;0,00;-0,13;0,00;0,00;20;185;92;13;27;431;680
6002;56,98;103,88;0,00;0,00;0,00;0,10;0,00;0,00;229;100;145;37;28;697;679
6003;69,58;225,42;0,00;0,00;0,00;0,23;0,00;0,00;180;131;37;39;36;464;157
6004;60,39;155,52;0,00;0,00;0,00;0,16;0,00;0,00;14;37;38;28;15;941;798
6005;75,05;277,90;0,00;0,00;0,00;0,28;0,00;0,00;208;197;19;22;24;968;434
6006;36,34;-173,41;0,00;0,00;0,00;-0,17;0,00;0,00;158;147;195;40;15;982;650
6007;45,00;-50,14;0,00;0,00;0,00;-0,05;0,00;0,00;342;51;13;20;27;178;780
6008;45,16;-13,18;0,00;0,00;0,00;-0,01;0,00;0,00;398;154;38;38;34;188;675
6009;50,00;24,47;0,00;0,00;0,00;0,02;0,00;0,00;487;67;115;22;17;413;400
6010;36,87;-128,76;0,00;0,00;0,00;-0,13;0,00;0,00;24;78;99;30;27;432;142
6011;46,66;60,75;0,00;0,00;0,00;0,06;0,00;0,00;377;122;91;28;34;558;569
6012;28,47;-156,18;0,00;0,00;0,00;-0,16;0,00;0,00;417;90;67;16;37;153;241
6013;31,62;-249,64;0,00;0,00;0,00;-0,25;0,00;0,00;162;177;190;39;20;796;402
6014;61,94;132,30;0,00;0,00;0,00;0,13;0,00;0,00;452;171;41;20;39;759;712
6015;34,11;-201,94;0,00;0,00;0,00;-0,20;0,00;0,00;410;118;39;17;16;126;725
6016;60,22;89,54;0,00;0,00;0,00;0,09;0,00;0,00;395;137;94;23;25;561;870
6017;54,65;8,63;0,00;0,00;0,00;0,01;0,00;0,00;35;94;24;25;24;608;477
6018;39,30;-100,68;0,00;0,00;0,00;-0,10;0,00;0,00;376;79;83;44;33;334;373
6019;27,45;-163,60;0,00;0,00;0,00;-0,16;0,00;0,00;369;44;158;46;20;497;542
6020;53,40;44,16;0,00;0,00;0,00;0,04;0,00;0,00;489;141;48;39;37;577;103
6021;47,05;3,71;0,00;0,00;0,00;0,00;0,00;0,00;66;169;105;20;17;321;908
6022;52,30;-4,18;0,00;0,00;0,00;-0,00;0,00;0,00;245;166;106;14;39;397;881
6023;49,93;-55,48;0,00;0,00;0,00;-0,06;0,00;0,00;180;168;180;32;31;509;478
6024;42,06;-93,82;0,00;0,00;0,00;-0,09;0,00;0,00;92;125;41;35;31;637;696
6025;48,94;-41,35;0,00;0,00;0,00;-0,04;0,00;0,00;233;185;129;32;24;383;735
6026;64,54;244,64;0,00;0,00;0,00;0,24;0,00;0,00;18;199;175;43;36;150;746
6027;58,96;-13,23;0,00;0,00;0,00;-0,01;0,00;0,00;443;90;22;28;29;865;346
6028;46,39;-7,31;0,00;0,00;0,00;-0,01;0,00;0,00;349;135;91;46;32;860;510
6029;65,83;238,81;0,00;0,00;0,00;0,24;0,00;0,00;48;151;21;42;18;957;654
6030;48,88;19,58;0,00;0,00;0,00;0,02;0,00;0,00;444;134;145;16;32;963;703
6031;50,81;2,10;0,00;0,00;0,00;0,00;0,00;0,00;435;12;33;12;17;106;317
6032;34,67;-190,74;0,00;0,00;0,00;-0,19;0,00;0,00;423;153;106;20;28;521;940
6033;53,82;76,16;0,00;0,00;0,00;0,08;0,00;0,00;17;84;110;32;17;508;168
6034;72,45;212,50;0,00;0,00;0,00;0,21;0,00;0,00;36;130;195;33;17;381;904
6035;39,04;-73,84;0,00;0,00;0,00;-0,07;0,00;0,00;219;85;93;23;31;182;538
6036;84,85;386,56;0,00;0,00;0,00;0,39;0,00;0,00;475;134;147;24;35;654;474
6037;40,41;-217,81;0,00;0,00;0,00;-0,22;0,00;0,00;78;64;127;16;33;196;754
6038;64,59;108,02;0,00;0,00;0,00;0,11;0,00;0,00;294;102;122;15;31;743;137
6039;76,76;239,32;0,00;0,00;0,00;0,24;0,00;0,00;205;153;182;27;21;453;971
6040;49,57;-58,72;0,00;0,00;0,00;-0,06;0,00;0,00;382;176;140;31;38;343;573
6041;5,50;-355,48;0,00;0,00;0,00;-0,36;0,00;0,00;222;184;94;33;37;297;716
6042;42,57;-73,02;0,00;0,00;0,00;-0,07;0,00;0,00;112;72;56;16;15;469;873
6043;31,78;-193,70;0,00;0,00;0,00;-0,19;0,00;0,00;361;68;146;32;39;106;338
6044;43,54;-65,93;0,00;0,00;0,00;-0,07;0,00;0,00;346;107;46;42;36;308;547
6045;40,30;-79,27;0,00;0,00;0,00;-0,08;0,00;0,00;234;173;181;12;16;149;120
6046;18,61;-264,69;0,00;0,00;0,00;-0,26;0,00;0,00;174;52;76;30;32;111;494
6047;61,69;103,73;0,00;0,00;0,00;0,10;0,00;0,00;449;24;196;37;28;345;314
6048;69,82;321,33;0,00;0,00;0,00;0,32;0,00;0,00;463;51;180;25;31;518;130
6049;37,37;-201,22;0,00;0,00;0,00;-0,20;0,00;0,00;264;29;18;43;33;419;931
6050;32,99;-166,14;0,00;0,00;0,00;-0,17;0,00;0,00;484;93;198;48;31;119;790
6051;36,29;-205,04;0,00;0,00;0,00;-0,21;0,00;0,00;261;95;173;30;35;540;789
6052;49,88;-83,37;0,00;0,00;0,00;-0,08;0,00;0,00;67;22;75;45;23;537;387
6053;61,51;75,51;0,00;0,00;0,00;0,08;0,00;0,00;115;99;108;49;30;173;266
6054;51,26;26,93;0,00;0,00;0,00;0,03;0,00;0,00;121;58;95;36;16;332;495
6055;57,30;80,84;0,00;0,00;0,00;0,08;0,00;0,00;198;27;144;21;15;351;466
6056;17,27;-295,50;0,00;0,00;0,00;-0,30;0,00;0,00;488;87;67;46;20;891;853
6057;50,29;0,89;0,00;0,00;0,00;0,00;0,00;0,00;432;73;102;30;24;293;542
6058;36,12;-91,01;0,00;0,00;0,00;-0,09;0,00;0,00;272;59;166;36;33;872;740
6059;57,52;77,91;0,00;0,00;0,00;0,08;0,00;0,00;61;156;131;22;29;906;297
6060;0,72;-474,41;0,00;0,00;0,00;-0,47;0,00;0,00;131;13;74;34;33;655;238
6061;87,54;363,82;0,00;0,00;0,00;0,36;0,00;0,00;154;34;57;48;35;781;258
6062;58,68;129,98;0,00;0,00;0,00;0,13;0,00;0,00;236;90;142;15;38;671;407
6063;29,35;-106,08;0,00;0,00;0,00;-0,11;0,00;0,00;283;106;109;17;26;228;671
6064;46,13;11,23;0,00;0,00;0,00;0,01;0,00;0,00;133;169;185;16;16;205;224
6065;86,93;399,46;0,00;0,00;0,00;0,40;0,00;0,00;274;81;10;14;15;159;540
6066;33,52;-159,31;0,00;0,00;0,00;-0,16;0,00;0,00;339;172;120;42;26;285;495
6067;46,84;52,42;0,00;0,00;0,00;0,05;0,00;0,00;205;10;74;45;26;366;597
6068;68,19;145,60;0,00;0,00;0,00;0,15;0,00;0,00;234;79;192;45;34;711;893
6069;60,37;70,71;0,00;0,00;0,00;0,07;0,00;0,00;457;99;19;32;21;345;867
6070;46,52;-4,23;0,00;0,00;0,00;-0,00;0,00;0,00;470;176;189;40;28;438;278
6071;36,82;-38,02;0,00;0,00;0,00;-0,04;0,00;0,00;457;70;84;10;26;392;288
6072;30,16;-163,81;0,00;0,00;0,00;-0,16;0,00;0,00;291;177;106;20;22;111;279
6073;35,57;-185,22;0,00;0,00;0,00;-0,19;0,00;0,00;432;179;129;37;36;223;615
6074;45,31;-171,26;0,00;0,00;0,00;-0,17;0,00;0,00;185;190;51;43;28;364;498
6075;73,61;273,90;0,00;0,00;0,00;0,27;0,00;0,00;107;155;23;32;39;673;410
6076;61,37;146,41;0,00;0,00;0,00;0,15;0,00;0,00;301;68;181;28;22;871;918
6077;34,52;-111,95;0,00;0,00;0,00;-0,11;0,00;0,00;440;80;176;30;26;640;918
6078;30,02;-204,05;0,00;0,00;0,00;-0,20;0,00;0,00;344;73;90;36;15;371;507
6079;77,17;287,92;0,00;0,00;0,00;0,29;0,00;0,00;13;187;43;33;28;319;115
6080;42,46;-143,95;0,00;0,00;0,00;-0,14;0,00;0,00;219;44;17;12;16;601;892
6081;27,59;-296,16;0,00;0,00;0,00;-0,30;0,00;0,00;81;116;55;48;29;915;405
6082;54,58;-33,38;0,00;0,00;0,00;-0,03;0,00;0,00;407;69;108;43;21;186;150
6083;36,83;-116,10;0,00;0,00;0,00;-0,12;0,00;0,00;59;25;179;49;15;442;396
6084;48,77;27,12;0,00;0,00;0,00;0,03;0,00;0,00;375;30;189;15;27;159;252
6085;48,33;-51,64;0,00;0,00;0,00;-0,05;0,00;0,00;111;144;43;10;27;895;271
6086;37,31;-70,68;0,00;0,00;0,00;-0,07;0,00;0,00;23;96;155;11;18;511;503
6087;83,17;283,74;0,00;0,00;0,00;0,28;0,00;0,00;36;161;117;39;26;230;646
6088;55,90;47,09;0,00;0,00;0,00;0,05;0,00;0,00;16;147;174;17;21;569;966
6089;47,07;21,11;0,00;0,00;0,00;0,02;0,00;0,00;138;98;176;16;38;664;342
6090;46,40;43,77;0,00;0,00;0,00;0,04;0,00;0,00;304;76;107;12;30;401;477
6091;69,31;253,31;0,00;0,00;0,00;0,25;0,00;0,00;387;162;140;27;35;939;220
6092;75,25;256,02;0,00;0,00;0,00;0,26;0,00;0,00;24;58;189;25;39;578;173
6093;50,50;75,99;0,00;0,00;0,00;0,08;0,00;0,00;105;26;133;35;31;716;553
6094;26,10;-235,61;0,00;0,00;0,00;-0,24;0,00;0,00;415;60;193;12;33;182;148
6095;74,49;177,98;0,00;0,00;0,00;0,18;0,00;0,00;462;145;111;31;36;495;468
6096;67,70;212,71;0,00;0,00;0,00;0,21;0,00;0,00;399;11;172;10;38;581;491
6097;33,65;-115,36;0,00;0,00;0,00;-0,12;0,00;0,00;246;46;170;47;34;714;845
6098;57,83;143,45;0,00;0,00;0,00;0,14;0,00;0,00;243;181;167;47;30;704;361
6099;43,64;-106,10;0,00;0,00;0,00;-0,11;0,00;0,00;240;72;69;18;20;688;540
6100;0,00;-507,20;0,00;0,00;0,00;-0,51;0,00;0,00;355;105;74;15;21;161;459
6101;49,87;71,74;0,00;0,00;0,00;0,07;0,00;0,00;454;101;38;37;35;634;104
6102;53,14;52,14;0,00;0,00;0,00;0,05;0,00;0,00;170;36;121;30;32;787;421
6103;65,80;129,61;0,00;0,00;0,00;0,13;0,00;0,00;352;160;32;28;34;330;340
6104;41,17;-105,76;0,00;0,00;0,00;-0,11;0,00;0,00;176;81;79;36;30;330;772
6105;59,22;58,83;0,00;0,00;0,00;0,06;0,00;0,00;97;57;95;30;19;611;781
6106;53,57;-4,11;0,00;0,00;0,00;-0,00;0,00;0,00;474;67;84;27;19;324;782
6107;31,65;-144,01;0,00;0,00;0,00;-0,14;0,00;0,00;351;24;40;43;19;580;239
6108;28,51;-195,99;0,00;0,00;0,00;-0,20;0,00;0,00;461;16;15;23;32;813;457
6109;59,00;117,04;0,00;0,00;0,00;0,12;0,00;0,00;223;159;104;12;17;510;803
6110;60,83;130,48;0,00;0,00;0,00;0,13;0,00;0,00;373;54;69;13;33;986;901
6111;55,87;78,17;0,00;0,00;0,00;0,08;0,00;0,00;440;33;10;26;24;623;994
6112;64,35;142,41;0,00;0,00;0,00;0,14;0,00;0,00;193;147;68;17;37;196;204
6113;66,98;164,59;0,00;0,00;0,00;0,16;0,00;0,00;234;184;194;26;31;720;641
6114;48,73;79,87;0,00;0,00;0,00;0,08;0,00;0,00;19;161;161;37;30;928;508
6115;28,25;-252,90;0,00;0,00;0,00;-0,25;0,00;0,00;421;103;189;18;16;939;346
6116;28,97;-198,05;0,00;0,00;0,00;-0,20;0,00;0,00;19;58;124;20;30;150;620
6117;26,55;-239,28;0,00;0,00;0,00;-0,24;0,00;0,00;485;21;119;28;32;122;423
6118;23,63;-266,82;0,00;0,00;0,00;-0,27;0,00;0,00;332;178;182;36;25;321;183
6119;30,27;-210,07;0,00;0,00;0,00;-0,21;0,00;0,00;77;174;108;42;36;235;398
6120;90,29;426,02;0,00;0,00;0,00;0,43;0,00;0,00;141;143;182;13;31;298;385
6121;54,58;49,56;0,00;0,00;0,00;0,05;0,00;0,00;425;128;140;15;17;420;663
6122;45,21;-113,25;0,00;0,00;0,00;-0,11;0,00;0,00;322;180;127;42;16;714;278
6123;53,80;30,53;0,00;0,00;0,00;0,03;0,00;0,00;79;50;60;19;32;267;332
6124;48,60;-38,09;0,00;0,00;0,00;-0,04;0,00;0,00;114;92;161;13;25;259;647
6125;78,06;247,75;0,00;0,00;0,00;0,25;0,00;0,00;33;14;180;41;19;762;230
6126;53,51;44,85;0,00;0,00;0,00;0,04;0,00;0,00;437;38;47;11;31;838;571
6127;70,86;210,57;0,00;0,00;0,00;0,21;0,00;0,00;414;35;35;47;22;831;182
6128;47,20;0,73;0,00;0,00;0,00;0,00;0,00;0,00;398;178;168;19;39;893;404
6129;42,61;-172,46;0,00;0,00;0,00;-0,17;0,00;0,00;401;133;135;29;37;656;937
6130;58,77;86,75;0,00;0,00;0,00;0,09;0,00;0,00;499;11;191;41;23;550;760
6131;58,68;20,71;0,00;0,00;0,00;0,02;0,00;0,00;396;174;134;12;18;468;102
6132;28,19;-309,56;0,00;0,00;0,00;-0,31;0,00;0,00;416;47;91;33;27;861;128
6133;47,07;-75,03;0,00;0,00;0,00;-0,08;0,00;0,00;322;182;119;22;29;236;891
6134;54,51;124,45;0,00;0,00;0,00;0,12;0,00;0,00;157;22;197;15;38;504;645
6135;40,28;-48,82;0,00;0,00;0,00;-0,05;0,00;0,00;281;106;197;38;39;491;446
6136;53,22;-25,04;0,00;0,00;0,00;-0,03;0,00;0,00;457;191;182;24;24;373;195
6137;64,48;123,53;0,00;0,00;0,00;0,12;0,00;0,00;377;172;22;34;25;925;965
6138;76,20;360,23;0,00;0,00;0,00;0,36;0,00;0,00;37;34;146;28;15;699;616
6139;48,97;31,57;0,00;0,00;0,00;0,03;0,00;0,00;226;177;45;42;22;443;490
6140;43,23;0,98;0,00;0,00;0,00;0,00;0,00;0,00;410;157;45;24;15;178;827
6141;61,07;62,32;0,00;0,00;0,00;0,06;0,00;0,00;490;48;57;44;27;790;669
6142;80,45;350,59;0,00;0,00;0,00;0,35;0,00;0,00;236;98;129;19;25;311;631
6143;60,70;44,01;0,00;0,00;0,00;0,04;0,00;0,00;203;63;82;38;27;211;988
6144;64,06;171,05;0,00;0,00;0,00;0,17;0,00;0,00;327;188;106;33;18;522;921
6145;54,32;-0,44;0,00;0,00;0,00;-0,00;0,00;0,00;474;155;168;11;21;829;352
6146;33,01;-171,85;0,00;0,00;0,00;-0,17;0,00;0,00;96;131;150;45;25;110;111
6147;50,35;-20,50;0,00;0,00;0,00;-0,02;0,00;0,00;345;106;177;25;25;652;919
6148;37,46;-166,18;0,00;0,00;0,00;-0,17;0,00;0,00;202;132;16;19;26;971;699
6149;62,56;169,15;0,00;0,00;0,00;0,17;0,00;0,00;106;87;118;41;21;602;489
6150;52,66;32,31;0,00;0,00;0,00;0,03;0,00;0,00;174;161;119;20;25;238;982
6151;59,14;173,99;0,00;0,00;0,00;0,17;0,00;0,00;235;101;192;34;19;116;917
6152;68,17;226,19;0,00;0,00;0,00;0,23;0,00;0,00;487;77;88;39;29;287;707
6153;76,07;236,07;0,00;0,00;0,00;0,24;0,00;0,00;10;175;124;22;31;218;528
6154;43,16;-62,80;0,00;0,00;0,00;-0,06;0,00;0,00;76;163;150;24;33;119;750
6155;47,72;-0,04;0,00;0,00;0,00;-0,00;0,00;0,00;225;44;25;28;25;912;652
6156;24,72;-253,07;0,00;0,00;0,00;-0,25;0,00;0,00;117;78;32;24;21;786;962
6157;34,58;-159,48;0,00;0,00;0,00;-0,16;0,00;0,00;387;194;148;43;35;163;767
6158;51,02;5,62;0,00;0,00;0,00;0,01;0,00;0,00;460;167;15;14;27;881;540
6159;61,54;30,62;0,00;0,00;0,00;0,03;0,00;0,00;434;138;93;24;31;568;174
6160;66,02;47,47;0,00;0,00;0,00;0,05;0,00;0,00;351;131;68;43;23;640;213
6161;63,54;156,70;0,00;0,00;0,00;0,16;0,00;0,00;353;175;140;21;15;758;256
6162;16,76;-277,47;0,00;0,00;0,00;-0,28;0,00;0,00;200;43;69;38;25;800;685
6163;46,36;-138,54;0,00;0,00;0,00;-0,14;0,00;0,00;189;30;41;35;23;455;610
6164;44,43;-61,19;0,00;0,00;0,00;-0,06;0,00;0,00;109;185;138;23;20;651;481
6165;43,12;-58,34;0,00;0,00;0,00;-0,06;0,00;0,00;84;141;91;21;18;598;933
6166;0,00;-504,53;0,00;0,00;0,00;-0,50;0,00;0,00;281;54;160;34;19;355;285
6167;58,19;49,04;0,00;0,00;0,00;0,05;0,00;0,00;309;50;53;49;20;955;775
6168;62,16;148,87;0,00;0,00;0,00;0,15;0,00;0,00;133;33;102;27;26;107;175
6169;21,72;-303,77;0,00;0,00;0,00;-0,30;0,00;0,00;362;41;84;42;22;884;359
6170;69,72;156,55;0,00;0,00;0,00;0,16;0,00;0,00;101;110;128;49;25;734;318
6171;30,68;-249,76;0,00;0,00;0,00;-0,25;0,00;0,00;141;18;156;43;34;158;728
6172;73,50;225,47;0,00;0,00;0,00;0,23;0,00;0,00;264;112;86;34;26;158;134
6173;44,98;-96,49;0,00;0,00;0,00;-0,10;0,00;0,00;402;195;12;40;30;486;654
6174;48,98;-48,30;0,00;0,00;0,00;-0,05;0,00;0,00;356;38;168;22;32;659;791
6175;41,63;-149,47;0,00;0,00;0,00;-0,15;0,00;0,00;62;127;11;18;36;781;990
6176;26,72;-231,68;0,00;0,00;0,00;-0,23;0,00;0,00;481;69;81;29;38;874;853
6177;42,29;-100,32;0,00;0,00;0,00;-0,10;0,00;0,00;132;50;71;11;17;276;774
6178;61,43;176,04;0,00;0,00;0,00;0,18;0,00;0,00;33;105;79;17;35;967;153
6179;30,62;-141,37;0,00;0,00;0,00;-0,14;0,00;0,00;278;27;108;42;37;387;521
6180;76,07;260,07;0,00;0,00;0,00;0,26;0,00;0,00;37;85;70;31;35;802;922
6181;64,58;189,16;0,00;0,00;0,00;0,19;0,00;0,00;36;145;11;12;37;775;264
6182;79,07;332,90;0,00;0,00;0,00;0,33;0,00;0,00;465;171;46;41;15;961;418
6183;51,77;26,94;0,00;0,00;0,00;0,03;0,00;0,00;121;181;13;48;31;365;504
6184;62,31;155,64;0,00;0,00;0,00;0,16;0,00;0,00;44;157;97;26;29;626;658
6185;67,71;126,47;0,00;0,00;0,00;0,13;0,00;0,00;397;56;129;41;36;288;173
6186;76,94;345,15;0,00;0,00;0,00;0,35;0,00;0,00;446;41;87;19;20;102;200
6187;59,94;72,92;0,00;0,00;0,00;0,07;0,00;0,00;344;199;167;42;31;135;859
6188;38,98;-80,26;0,00;0,00;0,00;-0,08;0,00;0,00;414;25;188;47;22;282;743
6189;81,00;299,92;0,00;0,00;0,00;0,30;0,00;0,00;268;34;68;42;28;443;653
6190;60,57;139,37;0,00;0,00;0,00;0,14;0,00;0,00;359;104;148;24;20;847;826
6191;59,08;50,63;0,00;0,00;0,00;0,05;0,00;0,00;46;60;90;11;24;146;211
6192;56,51;59,66;0,00;0,00;0,00;0,06;0,00;0,00;392;74;12;33;21;639;491
6193;35,17;-112,37;0,00;0,00;0,00;-0,11;0,00;0,00;60;130;122;14;18;536;340
6194;54,64;87,52;0,00;0,00;0,00;0,09;0,00;0,00;420;184;77;34;34;549;731
6195;20,11;-282,48;0,00;0,00;0,00;-0,28;0,00;0,00;448;192;27;17;31;906;177
6196;71,44;290,13;0,00;0,00;0,00;0,29;0,00;0,00;310;172;35;47;30;386;237
6197;68,08;273,51;0,00;0,00;0,00;0,27;0,00;0,00;61;51;51;46;29;109;112
6198;34,23;-236,07;0,00;0,00;0,00;-0,24;0,00;0,00;141;41;149;33;18;194;122
6199;71,02;134,47;0,00;0,00;0,00;0,13;0,00;0,00;325;54;156;27;21;166;530
6200;26,85;-172,68;0,00;0,00;0,00;-0,17;0,00;0,00;66;124;105;33;37;719;431
6201;60,07;27,25;0,00;0,00;0,00;0,03;0,00;0,00;259;167;72;26;24;421;432
6202;17,79;-266,83;0,00;0,00;0,00;-0,27;0,00;0,00;289;133;192;15;30;617;330
6203;55,58;25,30;0,00;0,00;0,00;0,03;0,00;0,00;463;93;51;42;27;730;798
6204;60,59;178,45;0,00;0,00;0,00;0,18;0,00;0,00;68;159;98;38;38;285;884
6205;61,39;115,85;0,00;0,00;0,00;0,12;0,00;0,00;390;75;179;18;36;798;113
6206;76,27;287,19;0,00;0,00;0,00;0,29;0,00;0,00;60;74;29;29;24;360;396
6207;74,03;279,05;0,00;0,00;0,00;0,28;0,00;0,00;465;56;18;14;34;714;245
6208;35,06;-146,44;0,00;0,00;0,00;-0,15;0,00;0,00;400;167;123;15;21;955;470
6209;40,48;-83,50;0,00;0,00;0,00;-0,08;0,00;0,00;121;196;13;17;16;864;447
6210;21,67;-282,91;0,00;0,00;0,00;-0,28;0,00;0,00;359;66;139;16;17;859;118
6211;46,58;-32,60;0,00;0,00;0,00;-0,03;0,00;0,00;53;166;46;35;18;171;988
6212;57,14;32,30;0,00;0,00;0,00;0,03;0,00;0,00;45;54;153;30;25;506;746
6213;58,76;135,34;0,00;0,00;0,00;0,14;0,00;0,00;157;124;64;25;16;481;964
6214;50,47;58,22;0,00;0,00;0,00;0,06;0,00;0,00;64;154;188;43;23;166;327
6215;28,86;-263,10;0,00;0,00;0,00;-0,26;0,00;0,00;429;79;15;18;16;335;442
6216;37,50;-64,04;0,00;0,00;0,00;-0,06;0,00;0,00;116;121;74;28;21;168;390
6217;61,69;157,35;0,00;0,00;0,00;0,16;0,00;0,00;237;106;161;21;33;772;692
6218;37,84;-112,86;0,00;0,00;0,00;-0,11;0,00;0,00;498;75;190;19;18;614;919
6219;52,64;18,88;0,00;0,00;0,00;0,02;0,00;0,00;139;118;97;30;24;356;510
6220;45,04;3,99;0,00;0,00;0,00;0,00;0,00;0,00;160;16;42;25;27;384;256
6221;27,98;-139,21;0,00;0,00;0,00;-0,14;0,00;0,00;382;179;179;17;36;626;963
6222;61,94;89,48;0,00;0,00;0,00;0,09;0,00;0,00;432;52;143;38;28;465;390
6223;63,89;140,67;0,00;0,00;0,00;0,14;0,00;0,00;75;51;18;36;17;710;250
6224;74,52;213,44;0,00;0,00;0,00;0,21;0,00;0,00;136;112;137;49;35;608;703
6225;53,48;32,14;0,00;0,00;0,00;0,03;0,00;0,00;498;194;21;30;38;850;446
6226;47,39;-93,38;0,00;0,00;0,00;-0,09;0,00;0,00;479;114;108;49;20;226;866
6227;40,04;-66,44;0,00;0,00;0,00;-0,07;0,00;0,00;210;72;38;12;25;158;637
6228;41,89;-48,25;0,00;0,00;0,00;-0,05;0,00;0,00;187;15;20;16;26;582;245
6229;49,03;-12,77;0,00;0,00;0,00;-0,01;0,00;0,00;260;153;81;43;28;145;693
6230;77,87;295,85;0,00;0,00;0,00;0,30;0,00;0,00;242;59;31;25;35;218;579
6231;30,53;-154,00;0,00;0,00;0,00;-0,15;0,00;0,00;240;112;32;19;31;293;562
6232;55,06;91,27;0,00;0,00;0,00;0,09;0,00;0,00;260;132;166;39;18;270;690
6233;78,13;212,06;0,00;0,00;0,00;0,21;0,00;0,00;82;121;165;23;27;959;621
6234;56,13;82,79;0,00;0,00;0,00;0,08;0,00;0,00;350;140;48;35;29;885;566
6235;32,43;-152,53;0,00;0,00;0,00;-0,15;0,00;0,00;18;96;112;11;24;436;441
6236;49,92;-30,03;0,00;0,00;0,00;-0,03;0,00;0,00;69;134;180;29;37;598;579
6237;20,72;-176,29;0,00;0,00;0,00;-0,18;0,00;0,00;447;67;61;22;30;649;432
6238;37,85;-109,37;0,00;0,00;0,00;-0,11;0,00;0,00;325;21;150;48;18;280;167
6239;58,97;114,29;0,00;0,00;0,00;0,11;0,00;0,00;121;188;166;46;31;626;233
6240;43,37;1,97;0,00;0,00;0,00;0,00;0,00;0,00;210;190;58;39;36;153;285
6241;50,43;36,55;0,00;0,00;0,00;0,04;0,00;0,00;155;15;117;33;36;898;465
6242;26,16;-249,28;0,00;0,00;0,00;-0,25;0,00;0,00;279;177;93;41;37;376;130
6243;67,14;160,19;0,00;0,00;0,00;0,16;0,00;0,00;50;74;53;20;15;643;886
6244;68,31;280,05;0,00;0,00;0,00;0,28;0,00;0,00;381;55;77;35;37;351;336
6245;47,85;-12,86;0,00;0,00;0,00;-0,01;0,00;0,00;39;111;106;43;23;556;359
6246;43,17;-86,34;0,00;0,00;0,00;-0,09;0,00;0,00;209;46;184;36;21;271;757
6247;64,41;151,07;0,00;0,00;0,00;0,15;0,00;0,00;110;127;83;24;15;546;651
6248;33,67;-106,86;0,00;0,00;0,00;-0,11;0,00;0,00;83;151;134;11;17;732;245
6249;44,54;-45,24;0,00;0,00;0,00;-0,05;0,00;0,00;17;140;27;37;30;341;583
6250;51,47;26,07;0,00;0,00;0,00;0,03;0,00;0,00;378;71;10;34;32;602;402
6251;26,34;-299,97;0,00;0,00;0,00;-0,30;0,00;0,00;102;111;198;46;15;743;348
6252;62,14;57,89;0,00;0,00;0,00;0,06;0,00;0,00;140;145;168;37;28;338;166
6253;51,43;2,59;0,00;0,00;0,00;0,00;0,00;0,00;266;75;74;18;18;896;921
6254;56,95;89,79;0,00;0,00;0,00;0,09;0,00;0,00;235;142;16;41;16;306;749
6255;51,96;20,10;0,00;0,00;0,00;0,02;0,00;0,00;322;27;112;26;25;991;972
6256;35,70;-177,31;0,00;0,00;0,00;-0,18;0,00;0,00;400;159;141;32;27;191;542
6257;33,48;-150,27;0,00;0,00;0,00;-0,15;0,00;0,00;191;67;166;22;35;249;969
6258;32,02;-102,88;0,00;0,00;0,00;-0,10;0,00;0,00;81;69;38;35;32;523;527
6259;62,57;141,30;0,00;0,00;0,00;0,14;0,00;0,00;433;83;42;10;18;231;565
6260;62,25;153,28;0,00;0,00;0,00;0,15;0,00;0,00;84;76;119;28;31;726;990
6261;35,76;-157,74;0,00;0,00;0,00;-0,16;0,00;0,00;12;65;166;20;24;114;652
6262;46,92;6,88;0,00;0,00;0,00;0,01;0,00;0,00;227;188;32;24;18;673;292
6263;55,73;72,50;0,00;0,00;0,00;0,07;0,00;0,00;344;64;118;45;18;664;973
6264;65,27;65,93;0,00;0,00;0,00;0,07;0,00;0,00;321;153;169;12;33;523;622
6265;39,57;-47,80;0,00;0,00;0,00;-0,05;0,00;0,00;490;77;42;28;28;713;630
6266;50,81;-18,43;0,00;0,00;0,00;-0,02;0,00;0,00;371;102;123;27;25;434;183
6267;67,99;142,87;0,00;0,00;0,00;0,14;0,00;0,00;377;167;173;40;18;447;409
6268;73,43;205,23;0,00;0,00;0,00;0,21;0,00;0,00;256;158;198;25;25;688;641
6269;55,79;36,87;0,00;0,00;0,00;0,04;0,00;0,00;227;19;103;42;16;151;533
6270;22,46;-355,64;0,00;0,00;0,00;-0,36;0,00;0,00;108;178;186;13;39;317;498
6271;71,59;168,17;0,00;0,00;0,00;0,17;0,00;0,00;415;98;46;45;20;447;481
6272;53,98;32,64;0,00;0,00;0,00;0,03;0,00;0,00;142;30;162;22;20;664;920
6273;41,19;-80,02;0,00;0,00;0,00;-0,08;0,00;0,00;434;165;148;26;25;218;432
6274;14,27;-296,85;0,00;0,00;0,00;-0,30;0,00;0,00;300;145;26;43;33;321;997
6275;42,37;-91,45;0,00;0,00;0,00;-0,09;0,00;0,00;295;140;140;10;22;202;172
6276;40,57;-103,04;0,00;0,00;0,00;-0,10;0,00;0,00;302;37;168;42;24;438;553
6277;52,57;23,38;0,00;0,00;0,00;0,02;0,00;0,00;343;81;25;22;28;371;223
6278;30,43;-158,19;0,00;0,00;0,00;-0,16;0,00;0,00;468;37;75;42;20;917;978
6279;30,64;-218,69;0,00;0,00;0,00;-0,22;0,00;0,00;288;63;132;17;21;270;662
6280;66,49;110,96;0,00;0,00;0,00;0,11;0,00;0,00;150;131;48;34;37;811;526
6281;51,90;17,37;0,00;0,00;0,00;0,02;0,00;0,00;482;152;66;27;35;696;532
6282;32,37;-184,16;0,00;0,00;0,00;-0,18;0,00;0,00;142;75;134;41;15;362;396
6283;59,70;56,26;0,00;0,00;0,00;0,06;0,00;0,00;54;66;137;37;30;230;266
6284;37,81;-157,48;0,00;0,00;0,00;-0,16;0,00;0,00;323;43;137;49;34;698;287
6285;75,42;272,06;0,00;0,00;0,00;0,27;0,00;0,00;341;112;62;22;22;177;899
6286;51,86;20,12;0,00;0,00;0,00;0,02;0,00;0,00;245;25;20;15;19;694;173
6287;54,01;36,05;0,00;0,00;0,00;0,04;0,00;0,00;115;33;104;47;34;892;499
6288;64,40;119,13;0,00;0,00;0,00;0,12;0,00;0,00;428;48;11;39;17;779;837
6289;66,50;178,42;0,00;0,00;0,00;0,18;0,00;0,00;64;68;94;33;34;747;288
6290;37,72;-99,07;0,00;0,00;0,00;-0,10;0,00;0,00;292;30;50;46;25;573;344
6291;34,63;-152,68;0,00;0,00;0,00;-0,15;0,00;0,00;379;39;128;31;32;654;451
6292;55,88;24,85;0,00;0,00;0,00;0,02;0,00;0,00;119;23;138;13;28;255;125
6293;34,50;-192,59;0,00;0,00;0,00;-0,19;0,00;0,00;464;59;160;36;34;343;432
6294;69,64;100,67;0,00;0,00;0,00;0,10;0,00;0,00;10;165;178;13;37;106;424
6295;44,37;-30,25;0,00;0,00;0,00;-0,03;0,00;0,00;295;79;60;22;22;171;317
6296;53,95;52,78;0,00;0,00;0,00;0,05;0,00;0,00;77;84;15;44;31;566;104
6297;54,29;42,39;0,00;0,00;0,00;0,04;0,00;0,00;19;81;147;44;31;408;119
6298;43,15;-35,80;0,00;0,00;0,00;-0,04;0,00;0,00;61;91;96;31;25;935;515
6299;47,11;-99,44;0,00;0,00;0,00;-0,10;0,00;0,00;359;148;195;43;22;963;221
6300;57,76;38,26;0,00;0,00;0,00;0,04;0,00;0,00;56;190;74;15;16;359;872
6301;72,63;298,65;0,00;0,00;0,00;0,30;0,00;0,00;488;145;60;14;35;224;708
6302;29,01;-208,69;0,00;0,00;0,00;-0,21;0,00;0,00;140;156;199;29;39;944;763
6303;28,94;-199,20;0,00;0,00;0,00;-0,20;0,00;0,00;405;82;130;41;36;280;995
6304;60,06;100,16;0,00;0,00;0,00;0,10;0,00;0,00;234;83;19;25;37;430;254
6305;43,25;-146,89;0,00;0,00;0,00;-0,15;0,00;0,00;441;94;45;27;16;236;416
6306;53,01;6,64;0,00;0,00;0,00;0,01;0,00;0,00;172;198;124;34;35;779;797
6307;34,28;-144,78;0,00;0,00;0,00;-0,14;0,00;0,00;426;33;100;33;21;398;290
6308;43,84;-79,41;0,00;0,00;0,00;-0,08;0,00;0,00;277;116;77;30;33;986;736
6309;52,26;51,59;0,00;0,00;0,00;0,05;0,00;0,00;423;57;175;42;34;201;938
6310;47,04;56,32;0,00;0,00;0,00;0,06;0,00;0,00;372;82;139;45;29;222;894
6311;66,54;124,16;0,00;0,00;0,00;0,12;0,00;0,00;287;119;24;15;29;103;429
6312;56,70;114,83;0,00;0,00;0,00;0,11;0,00;0,00;156;48;114;45;22;375;704
6313;75,05;247,63;0,00;0,00;0,00;0,25;0,00;0,00;131;41;163;13;39;781;441
6314;53,34;-48,82;0,00;0,00;0,00;-0,05;0,00;0,00;401;48;12;25;29;168;679
6315;78,06;255,34;0,00;0,00;0,00;0,26;0,00;0,00;174;68;18;14;26;583;557
6316;40,54;-214,15;0,00;0,00;0,00;-0,21;0,00;0,00;327;172;179;30;29;973;859
6317;52,30;92,99;0,00;0,00;0,00;0,09;0,00;0,00;318;141;68;11;17;245;503
6318;39,37;-134,94;0,00;0,00;0,00;-0,13;0,00;0,00;20;14;28;24;39;230;879
6319;58,17;118,90;0,00;0,00;0,00;0,12;0,00;0,00;420;12;162;27;33;239;451
6320;21,45;-238,39;0,00;0,00;0,00;-0,24;0,00;0,00;229;39;146;45;28;236;573
6321;34,10;-197,97;0,00;0,00;0,00;-0,20;0,00;0,00;394;177;163;45;17;222;265
6322;60,50;168,29;0,00;0,00;0,00;0,17;0,00;0,00;300;151;11;15;21;463;750
6323;77,61;240,87;0,00;0,00;0,00;0,24;0,00;0,00;238;21;128;49;33;376;795
6324;38,68;-220,21;0,00;0,00;0,00;-0,22;0,00;0,00;45;185;171;41;37;137;278
6325;49,21;-45,92;0,00;0,00;0,00;-0,05;0,00;0,00;78;44;193;45;39;466;508
6326;61,79;98,84;0,00;0,00;0,00;0,10;0,00;0,00;169;97;196;24;38;447;445
6327;63,52;121,22;0,00;0,00;0,00;0,12;0,00;0,00;478;98;149;48;21;658;810
6328;58,37;24,47;0,00;0,00;0,00;0,02;0,00;0,00;16;181;181;24;31;478;865
6329;45,38;-7,81;0,00;0,00;0,00;-0,01;0,00;0,00;436;135;139;33;16;655;405
6330;17,69;-317,67;0,00;0,00;0,00;-0,32;0,00;0,00;57;186;126;21;36;939;699
6331;27,87;-221,42;0,00;0,00;0,00;-0,22;0,00;0,00;107;145;104;36;34;236;756
6332;27,05;-216,10;0,00;0,00;0,00;-0,22;0,00;0,00;422;67;141;43;37;361;167
6333;42,12;-58,76;0,00;0,00;0,00;-0,06;0,00;0,00;343;101;121;45;27;421;683
6334;26,74;-262,78;0,00;0,00;0,00;-0,26;0,00;0,00;113;143;125;37;29;359;913
6335;58,49;172,06;0,00;0,00;0,00;0,17;0,00;0,00;179;105;123;29;33;583;259
6336;56,40;96,50;0,00;0,00;0,00;0,10;0,00;0,00;425;85;122;33;25;582;275
6337;53,60;-6,38;0,00;0,00;0,00;-0,01;0,00;0,00;298;55;19;21;38;617;848
6338;34,25;-118,93;0,00;0,00;0,00;-0,12;0,00;0,00;148;78;134;13;35;627;658
6339;35,14;-123,97;0,00;0,00;0,00;-0,12;0,00;0,00;116;123;23;11;39;744;238
6340;64,19;89,70;0,00;0,00;0,00;0,09;0,00;0,00;136;159;95;10;35;455;628
6341;61,80;148,11;0,00;0,00;0,00;0,15;0,00;0,00;358;52;34;10;22;539;703
6342;64,77;126,30;0,00;0,00;0,00;0,13;0,00;0,00;136;53;183;42;23;156;957
6343;57,15;72,35;0,00;0,00;0,00;0,07;0,00;0,00;230;20;41;36;27;545;693
6344;70,44;174,08;0,00;0,00;0,00;0,17;0,00;0,00;71;51;111;13;17;899;894
6345;58,87;121,49;0,00;0,00;0,00;0,12;0,00;0,00;172;57;89;18;25;221;130
6346;49,14;15,29;0,00;0,00;0,00;0,02;0,00;0,00;298;29;171;20;33;670;960
6347;26,50;-262,02;0,00;0,00;0,00;-0,26;0,00;0,00;267;188;165;18;27;299;939
6348;67,20;190,77;0,00;0,00;0,00;0,19;0,00;0,00;384;95;187;29;29;117;569
6349;56,75;86,77;0,00;0,00;0,00;0,09;0,00;0,00;92;101;66;17;21;592;582
6350;66,25;320,42;0,00;0,00;0,00;0,32;0,00;0,00;112;145;153;16;21;947;935
6351;42,97;-88,75;0,00;0,00;0,00;-0,09;0,00;0,00;167;176;157;18;37;283;320
6352;59,68;-1,96;0,00;0,00;0,00;-0,00;0,00;0,00;167;110;100;12;19;130;411
6353;65,53;142,62;0,00;0,00;0,00;0,14;0,00;0,00;312;69;61;35;30;144;279
6354;76,11;281,91;0,00;0,00;0,00;0,28;0,00;0,00;206;97;145;37;33;767;644
6355;23,30;-223,75;0,00;0,00;0,00;-0,22;0,00;0,00;420;44;24;44;16;469;253
6356;63,06;100,90;0,00;0,00;0,00;0,10;0,00;0,00;99;165;75;38;17;749;137
6357;74,06;250,41;0,00;0,00;0,00;0,25;0,00;0,00;446;108;149;12;38;327;448
6358;36,07;-175,13;0,00;0,00;0,00;-0,18;0,00;0,00;381;113;14;35;29;597;252
6359;50,53;-48,56;0,00;0,00;0,00;-0,05;0,00;0,00;75;159;56;19;36;205;228
6360;41,98;-81,04;0,00;0,00;0,00;-0,08;0,00;0,00;279;22;188;16;27;605;872
6361;28,83;-179,21;0,00;0,00;0,00;-0,18;0,00;0,00;455;15;184;46;38;159;204
6362;68,91;162,75;0,00;0,00;0,00;0,16;0,00;0,00;389;135;191;30;23;897;588
6363;41,33;-200,64;0,00;0,00;0,00;-0,20;0,00;0,00;230;71;97;25;38;946;354
6364;33,99;-246,50;0,00;0,00;0,00;-0,25;0,00;0,00;424;192;159;18;22;761;396
6365;48,61;-29,33;0,00;0,00;0,00;-0,03;0,00;0,00;409;93;181;21;32;956;711
6366;52,48;19,24;0,00;0,00;0,00;0,02;0,00;0,00;367;99;127;29;23;678;130
6367;50,87;30,97;0,00;0,00;0,00;0,03;0,00;0,00;248;136;89;27;34;249;689
6368;54,88;53,33;0,00;0,00;0,00;0,05;0,00;0,00;338;56;54;13;32;231;480
6369;29,96;-184,15;0,00;0,00;0,00;-0,18;0,00;0,00;12;80;97;18;32;905;967
6370;80,50;245,62;0,00;0,00;0,00;0,25;0,00;0,00;136;19;112;32;20;452;637
6371;70,58;202,99;0,00;0,00;0,00;0,20;0,00;0,00;206;92;31;44;22;323;141
6372;66,31;186,26;0,00;0,00;0,00;0,19;0,00;0,00;149;22;170;17;32;258;783
6373;38,65;-146,33;0,00;0,00;0,00;-0,15;0,00;0,00;251;22;34;30;38;849;595
6374;75,48;298,42;0,00;0,00;0,00;0,30;0,00;0,00;63;185;94;39;35;308;119
6375;50,48;77,35;0,00;0,00;0,00;0,08;0,00;0,00;453;181;75;10;36;773;222
6376;20,54;-275,71;0,00;0,00;0,00;-0,28;0,00;0,00;377;185;43;39;28;308;915
6377;47,22;-48,17;0,00;0,00;0,00;-0,05;0,00;0,00;458;189;128;42;33;400;950
6378;33,60;-151,22;0,00;0,00;0,00;-0,15;0,00;0,00;171;183;19;30;27;718;173
6379;53,89;-28,61;0,00;0,00;0,00;-0,03;0,00;0,00;474;72;175;37;30;860;581
6380;35,34;-76,00;0,00;0,00;0,00;-0,08;0,00;0,00;377;132;185;11;21;160;192
6381;55,45;66,95;0,00;0,00;0,00;0,07;0,00;0,00;130;16;75;38;32;423;936
6382;42,18;-88,68;0,00;0,00;0,00;-0,09;0,00;0,00;310;113;146;37;15;709;957
6383;56,04;-4,63;0,00;0,00;0,00;-0,00;0,00;0,00;351;146;16;29;39;468;998
6384;55,52;103,61;0,00;0,00;0,00;0,10;0,00;0,00;72;73;29;10;16;463;487
6385;56,47;58,30;0,00;0,00;0,00;0,06;0,00;0,00;401;166;36;15;17;689;204
6386;48,65;-36,07;0,00;0,00;0,00;-0,04;0,00;0,00;151;20;197;17;28;517;409
6387;45,38;-51,94;0,00;0,00;0,00;-0,05;0,00;0,00;250;61;17;13;25;857;518
6388;48,99;-61,02;0,00;0,00;0,00;-0,06;0,00;0,00;393;76;124;41;29;393;914
6389;54,09;-45,04;0,00;0,00;0,00;-0,05;0,00;0,00;210;37;182;46;34;562;965
6390;81,57;271,89;0,00;0,00;0,00;0,27;0,00;0,00;266;144;89;36;37;171;209
6391;36,96;-71,15;0,00;0,00;0,00;-0,07;0,00;0,00;412;76;28;43;35;208;587
6392;14,14;-327,43;0,00;0,00;0,00;-0,33;0,00;0,00;56;45;178;39;36;355;300
6393;58,79;150,01;0,00;0,00;0,00;0,15;0,00;0,00;338;113;150;43;33;669;587
6394;42,65;-32,91;0,00;0,00;0,00;-0,03;0,00;0,00;147;160;36;12;18;565;975
6395;49,14;35,51;0,00;0,00;0,00;0,04;0,00;0,00;260;132;179;36;18;788;778
6396;67,57;118,95;0,00;0,00;0,00;0,12;0,00;0,00;89;140;198;21;15;246;986
6397;62,08;83,43;0,00;0,00;0,00;0,08;0,00;0,00;350;80;133;13;29;316;734
6398;66,53;241,09;0,00;0,00;0,00;0,24;0,00;0,00;145;169;168;36;23;873;207
6399;51,53;-16,28;0,00;0,00;0,00;-0,02;0,00;0,00;402;176;26;35;18;377;826
6400;56,67;137,92;0,00;0,00;0,00;0,14;0,00;0,00;238;99;175;34;15;365;854
6401;58,56;88,06;0,00;0,00;0,00;0,09;0,00;0,00;445;33;173;41;27;804;922
6402;58,31;114,85;0,00;0,00;0,00;0,11;0,00;0,00;272;45;170;25;33;224;184
6403;42,88;-65,01;0,00;0,00;0,00;-0,07;0,00;0,00;486;59;99;22;39;386;178
6404;54,17;51,54;0,00;0,00;0,00;0,05;0,00;0,00;207;148;67;18;22;726;778
6405;40,06;-142,76;0,00;0,00;0,00;-0,14;0,00;0,00;338;57;180;24;34;166;564
6406;47,70;0,63;0,00;0,00;0,00;0,00;0,00;0,00;302;164;194;46;26;140;649
6407;55,29;4,81;0,00;0,00;0,00;0,00;0,00;0,00;64;41;88;40;15;311;494
6408;62,45;100,60;0,00;0,00;0,00;0,10;0,00;0,00;266;18;50;29;24;816;453
6409;11,58;-398,77;0,00;0,00;0,00;-0,40;0,00;0,00;318;120;100;49;34;420;604
6410;55,66;103,64;0,00;0,00;0,00;0,10;0,00;0,00;263;57;160;43;20;702;726
6411;56,48;77,08;0,00;0,00;0,00;0,08;0,00;0,00;468;176;168;16;20;757;898
6412;66,90;115,87;0,00;0,00;0,00;0,12;0,00;0,00;67;116;199;35;25;591;586
6413;58,93;18,80;0,00;0,00;0,00;0,02;0,00;0,00;189;60;21;29;27;991;407
6414;46,45;-12,63;0,00;0,00;0,00;-0,01;0,00;0,00;38;150;88;29;30;901;975
6415;67,09;257,68;0,00;0,00;0,00;0,26;0,00;0,00;44;63;99;25;21;457;854
6416;70,65;183,24;0,00;0,00;0,00;0,18;0,00;0,00;186;191;193;23;34;804;355
6417;37,86;-174,89;0,00;0,00;0,00;-0,17;0,00;0,00;301;184;125;10;21;257;404
6418;36,00;-121,34;0,00;0,00;0,00;-0,12;0,00;0,00;65;74;190;15;27;128;274
6419;16,76;-327,87;0,00;0,00;0,00;-0,33;0,00;0,00;414;75;77;43;20;495;143
6420;45,18;-4,82;0,00;0,00;0,00;-0,00;0,00;0,00;404;52;164;32;34;741;270
6421;55,04;-94,86;0,00;0,00;0,00;-0,09;0,00;0,00;239;110;80;15;28;919;329
6422;43,76;32,12;0,00;0,00;0,00;0,03;0,00;0,00;199;17;107;33;28;266;372
6423;38,99;-133,05;0,00;0,00;0,00;-0,13;0,00;0,00;198;35;78;37;20;630;783
6424;52,41;25,39;0,00;0,00;0,00;0,03;0,00;0,00;242;144;111;14;35;431;380
6425;49,46;-3,82;0,00;0,00;0,00;-0,00;0,00;0,00;11;11;89;33;32;548;884
6426;63,48;139,77;0,00;0,00;0,00;0,14;0,00;0,00;416;90;95;28;32;876;390
6427;59,82;91,13;0,00;0,00;0,00;0,09;0,00;0,00;52;101;140;37;30;880;539
6428;49,87;26,29;0,00;0,00;0,00;0,03;0,00;0,00;481;48;109;24;39;140;716
6429;49,97;13,29;0,00;0,00;0,00;0,01;0,00;0,00;380;51;192;17;17;751;117
6430;58,37;96,22;0,00;0,00;0,00;0,10;0,00;0,00;385;174;122;13;35;976;514
6431;69,61;196,56;0,00;0,00;0,00;0,20;0,00;0,00;17;61;179;43;20;816;281
6432;61,80;137,41;0,00;0,00;0,00;0,14;0,00;0,00;369;65;121;12;15;973;953
6433;63,88;185,39;0,00;0,00;0,00;0,19;0,00;0,00;130;27;104;30;28;400;881
6434;73,74;289,65;0,00;0,00;0,00;0,29;0,00;0,00;332;164;174;16;16;473;878
6435;47,54;-53,76;0,00;0,00;0,00;-0,05;0,00;0,00;396;47;94;16;31;321;974
6436;59,52;87,03;0,00;0,00;0,00;0,09;0,00;0,00;34;96;197;24;31;752;196
6437;49,00;-83,48;0,00;0,00;0,00;-0,08;0,00;0,00;314;112;149;45;17;821;511
6438;31,02;-134,59;0,00;0,00;0,00;-0,13;0,00;0,00;331;42;179;19;35;673;300
6439;35,64;-199,01;0,00;0,00;0,00;-0,20;0,00;0,00;465;182;97;39;34;646;544
6440;42,82;-102,68;0,00;0,00;0,00;-0,10;0,00;0,00;356;16;179;48;18;165;740
6441;40,56;-145,73;0,00;0,00;0,00;-0,15;0,00;0,00;320;155;28;42;35;511;167
6442;80,89;353,78;0,00;0,00;0,00;0,35;0,00;0,00;239;31;106;25;39;781;483
6443;59,31;81,31;0,00;0,00;0,00;0,08;0,00;0,00;200;181;113;43;17;958;118
6444;54,28;-37,84;0,00;0,00;0,00;-0,04;0,00;0,00;150;197;62;16;35;790;992
6445;64,49;136,63;0,00;0,00;0,00;0,14;0,00;0,00;224;17;143;22;36;437;510
6446;51,82;10,97;0,00;0,00;0,00;0,01;0,00;0,00;189;191;70;29;31;191;471
6447;56,12;-1,08;0,00;0,00;0,00;-0,00;0,00;0,00;250;87;18;18;37;292;666
6448;44,35;-57,49;0,00;0,00;0,00;-0,06;0,00;0,00;128;30;54;43;17;727;671
6449;70,15;201,30;0,00;0,00;0,00;0,20;0,00;0,00;375;110;189;10;16;532;789
6450;67,91;165,93;0,00;0,00;0,00;0,17;0,00;0,00;253;14;150;16;22;831;236
6451;56,49;5,48;0,00;0,00;0,00;0,01;0,00;0,00;299;12;70;35;19;162;924
6452;46,09;-114,10;0,00;0,00;0,00;-0,11;0,00;0,00;495;49;124;18;32;772;759
6453;49,50;-16,62;0,00;0,00;0,00;-0,02;0,00;0,00;394;90;91;47;22;164;983
6454;47,43;-68,93;0,00;0,00;0,00;-0,07;0,00;0,00;489;60;118;29;24;624;784
6455;50,99;-8,64;0,00;0,00;0,00;-0,01;0,00;0,00;69;56;82;23;36;670;251
6456;56,96;62,13;0,00;0,00;0,00;0,06;0,00;0,00;91;80;13;11;32;899;958
6457;80,23;240,92;0,00;0,00;0,00;0,24;0,00;0,00;70;63;97;38;38;784;903
6458;54,14;-57,92;0,00;0,00;0,00;-0,06;0,00;0,00;55;22;141;41;27;180;985
6459;33,73;-136,85;0,00;0,00;0,00;-0,14;0,00;0,00;192;70;97;21;17;102;796
6460;24,07;-310,65;0,00;0,00;0,00;-0,31;0,00;0,00;420;112;110;30;30;827;621
6461;29,64;-231,28;0,00;0,00;0,00;-0,23;0,00;0,00;478;46;128;29;17;124;740
6462;38,42;-59,78;0,00;0,00;0,00;-0,06;0,00;0,00;400;197;56;48;32;902;814
6463;91,39;431,29;0,00;0,00;0,00;0,43;0,00;0,00;209;67;47;15;29;337;972
6464;42,10;0,17;0,00;0,00;0,00;0,00;0,00;0,00;152;192;185;27;25;771;757
6465;50,59;-6,57;0,00;0,00;0,00;-0,01;0,00;0,00;243;170;111;40;21;110;432
6466;59,30;54,74;0,00;0,00;0,00;0,05;0,00;0,00;494;47;104;22;30;809;372
6467;55,88;3,39;0,00;0,00;0,00;0,00;0,00;0,00;397;115;36;47;36;585;956
6468;52,42;-7,30;0,00;0,00;0,00;-0,01;0,00;0,00;268;50;105;42;19;404;729
6469;63,12;149,43;0,00;0,00;0,00;0,15;0,00;0,00;223;11;41;28;26;846;463
6470;50,83;-119,02;0,00;0,00;0,00;-0,12;0,00;0,00;57;68;73;15;36;201;923
6471;41,76;-106,47;0,00;0,00;0,00;-0,11;0,00;0,00;29;130;184;41;24;246;943
6472;40,86;-116,77;0,00;0,00;0,00;-0,12;0,00;0,00;276;98;78;41;18;970;526
6473;60,44;56,26;0,00;0,00;0,00;0,06;0,00;0,00;102;140;51;26;33;291;611
6474;13,88;-416,98;0,00;0,00;0,00;-0,42;0,00;0,00;423;32;27;34;34;802;984
6475;54,02;85,65;0,00;0,00;0,00;0,09;0,00;0,00;475;148;189;47;19;777;870
6476;30,70;-209,14;0,00;0,00;0,00;-0,21;0,00;0,00;29;37;15;14;22;831;455
6477;57,37;92,72;0,00;0,00;0,00;0,09;0,00;0,00;192;103;15;29;25;252;887
6478;53,29;26,16;0,00;0,00;0,00;0,03;0,00;0,00;51;169;136;45;26;356;250
6479;60,37;74,45;0,00;0,00;0,00;0,07;0,00;0,00;418;135;148;26;32;765;285
6480;13,10;-323,98;0,00;0,00;0,00;-0,32;0,00;0,00;334;83;114;15;25;833;117
6481;67,58;135,64;0,00;0,00;0,00;0,14;0,00;0,00;489;63;35;26;23;616;876
6482;24,96;-176,82;0,00;0,00;0,00;-0,18;0,00;0,00;18;172;142;39;29;100;116
6483;25,24;-283,16;0,00;0,00;0,00;-0,28;0,00;0,00;178;186;134;27;33;831;923
6484;51,28;64,78;0,00;0,00;0,00;0,06;0,00;0,00;176;13;132;40;32;427;229
6485;18,54;-380,90;0,00;0,00;0,00;-0,38;0,00;0,00;31;139;59;25;24;130;339
6486;65,32;128,28;0,00;0,00;0,00;0,13;0,00;0,00;240;100;14;35;31;750;138
6487;68,11;131,69;0,00;0,00;0,00;0,13;0,00;0,00;106;152;135;49;28;117;633
6488;55,68;-20,47;0,00;0,00;0,00;-0,02;0,00;0,00;228;131;60;44;23;394;970
6489;50,48;59,24;0,00;0,00;0,00;0,06;0,00;0,00;192;86;102;15;23;602;134
6490;43,73;-87,08;0,00;0,00;0,00;-0,09;0,00;0,00;312;21;34;20;35;974;904
6491;21,98;-288,19;0,00;0,00;0,00;-0,29;0,00;0,00;359;17;183;43;24;781;230
6492;52,92;-34,55;0,00;0,00;0,00;-0,03;0,00;0,00;106;121;46;47;39;276;982
6493;62,47;216,81;0,00;0,00;0,00;0,22;0,00;0,00;457;43;60;30;32;314;930
6494;51,22;-45,03;0,00;0,00;0,00;-0,05;0,00;0,00;401;71;54;28;31;469;654
6495;59,26;86,65;0,00;0,00;0,00;0,09;0,00;0,00;319;183;181;12;26;994;311
6496;39,28;-99,52;0,00;0,00;0,00;-0,10;0,00;0,00;130;158;36;25;18;629;561
6497;64,47;176,94;0,00;0,00;0,00;0,18;0,00;0,00;119;30;167;12;33;967;414
6498;40,25;-106,00;0,00;0,00;0,00;-0,11;0,00;0,00;346;174;162;31;32;723;657
6499;50,58;47,61;0,00;0,00;0,00;0,05;0,00;0,00;403;48;53;22;31;217;998
6500;37,24;-152,84;0,00;0,00;0,00;-0,15;0,00;0,00;162;105;83;14;33;987;950
6501;31,43;-137,53;0,00;0,00;0,00;-0,14;0,00;0,00;487;33;198;15;38;610;195
6502;59,16;85,32;0,00;0,00;0,00;0,09;0,00;0,00;343;171;119;47;39;252;894
6503;53,51;80,67;0,00;0,00;0,00;0,08;0,00;0,00;20;140;29;30;36;254;682
6504;73,18;184,31;0,00;0,00;0,00;0,18;0,00;0,00;314;174;24;33;24;875;432
6505;62,71;145,45;0,00;0,00;0,00;0,15;0,00;0,00;66;139;52;32;21;133;590
6506;66,39;173,89;0,00;0,00;0,00;0,17;0,00;0,00;233;22;38;33;19;859;253
6507;35,99;-181,27;0,00;0,00;0,00;-0,18;0,00;0,00;354;169;117;13;32;553;494
6508;43,33;-74,53;0,00;0,00;0,00;-0,07;0,00;0,00;361;35;79;42;25;650;279
6509;30,80;-260,92;0,00;0,00;0,00;-0,26;0,00;0,00;302;95;193;27;23;788;284
6510;38,37;-146,10;0,00;0,00;0,00;-0,15;0,00;0,00;243;187;183;22;17;220;355
6511;40,25;-141,52;0,00;0,00;0,00;-0,14;0,00;0,00;439;30;127;22;36;889;987
6512;48,18;-40,33;0,00;0,00;0,00;-0,04;0,00;0,00;263;36;176;34;24;953;155
6513;43,16;-91,64;0,00;0,00;0,00;-0,09;0,00;0,00;447;78;163;24;30;300;375
6514;41,94;-104,06;0,00;0,00;0,00;-0,10;0,00;0,00;229;98;155;48;25;735;538
6515;48,51;-100,38;0,00;0,00;0,00;-0,10;0,00;0,00;456;61;38;36;24;700;248
6516;36,42;-113,47;0,00;0,00;0,00;-0,11;0,00;0,00;174;88;117;21;36;493;523
6517;61,81;127,31;0,00;0,00;0,00;0,13;0,00;0,00;156;101;176;14;34;689;144
6518;40,60;-116,62;0,00;0,00;0,00;-0,12;0,00;0,00;170;182;187;33;27;673;989
6519;46,63;-81,98;0,00;0,00;0,00;-0,08;0,00;0,00;305;129;182;22;16;337;934
6520;42,34;-120,37;0,00;0,00;0,00;-0,12;0,00;0,00;326;193;199;10;31;670;272
6521;64,94;158,65;0,00;0,00;0,00;0,16;0,00;0,00;399;87;147;11;37;437;443
6522;62,58;74,41;0,00;0,00;0,00;0,07;0,00;0,00;440;42;108;34;31;923;498
6523;61,07;53,29;0,00;0,00;0,00;0,05;0,00;0,00;55;134;196;46;26;366;775
6524;49,27;-27,69;0,00;0,00;0,00;-0,03;0,00;0,00;322;12;106;11;27;624;545
6525;21,03;-334,68;0,00;0,00;0,00;-0,33;0,00;0,00;249;155;192;33;30;234;353
6526;55,57;86,46;0,00;0,00;0,00;0,09;0,00;0,00;102;65;175;31;36;408;699
6527;32,15;-268,81;0,00;0,00;0,00;-0,27;0,00;0,00;225;185;128;21;22;101;188
6528;20,94;-293,18;0,00;0,00;0,00;-0,29;0,00;0,00;389;66;110;48;22;780;613
6529;53,33;51,35;0,00;0,00;0,00;0,05;0,00;0,00;464;98;167;24;20;768;476
6530;55,61;35,75;0,00;0,00;0,00;0,04;0,00;0,00;97;17;187;24;34;548;412
6531;45,56;-31,37;0,00;0,00;0,00;-0,03;0,00;0,00;252;39;167;42;16;771;669
6532;60,40;51,12;0,00;0,00;0,00;0,05;0,00;0,00;277;169;57;25;30;395;699
6533;50,41;88,87;0,00;0,00;0,00;0,09;0,00;0,00;436;43;116;25;18;843;371
6534;37,68;-41,82;0,00;0,00;0,00;-0,04;0,00;0,00;245;49;22;38;23;874;652
6535;48,06;-55,76;0,00;0,00;0,00;-0,06;0,00;0,00;462;129;128;10;21;839;746
6536;41,05;-123,13;0,00;0,00;0,00;-0,12;0,00;0,00;205;175;171;28;17;533;591
6537;30,29;-147,90;0,00;0,00;0,00;-0,15;0,00;0,00;264;180;90;47;18;894;896
6538;38,48;-144,26;0,00;0,00;0,00;-0,14;0,00;0,00;379;12;155;10;15;287;823
6539;38,79;-41,03;0,00;0,00;0,00;-0,04;0,00;0,00;69;139;158;37;32;102;327
6540;67,41;136,92;0,00;0,00;0,00;0,14;0,00;0,00;201;124;52;39;31;961;627
6541;58,89;66,00;0,00;0,00;0,00;0,07;0,00;0,00;301;18;175;18;30;659;271
6542;48,20;-65,82;0,00;0,00;0,00;-0,07;0,00;0,00;273;183;43;11;16;636;190
6543;62,36;125,34;0,00;0,00;0,00;0,13;0,00;0,00;480;163;41;37;17;603;245
6544;53,95;138,54;0,00;0,00;0,00;0,14;0,00;0,00;81;148;165;13;22;203;254
6545;28,45;-171,10;0,00;0,00;0,00;-0,17;0,00;0,00;444;17;151;10;36;648;886
6546;60,40;14,06;0,00;0,00;0,00;0,01;0,00;0,00;180;148;199;28;29;383;259
6547;49,51;-32,77;0,00;0,00;0,00;-0,03;0,00;0,00;323;91;144;41;29;763;684
6548;54,80;37,55;0,00;0,00;0,00;0,04;0,00;0,00;408;151;87;45;38;584;417
6549;52,11;45,10;0,00;0,00;0,00;0,05;0,00;0,00;280;69;156;11;31;129;125
6550;54,78;54,35;0,00;0,00;0,00;0,05;0,00;0,00;77;80;71;18;29;175;231
6551;38,32;-110,71;0,00;0,00;0,00;-0,11;0,00;0,00;177;157;135;32;27;227;754
6552;30,38;-152,56;0,00;0,00;0,00;-0,15;0,00;0,00;55;133;25;37;31;533;237
6553;41,74;-30,61;0,00;0,00;0,00;-0,03;0,00;0,00;162;34;177;18;16;301;761
6554;39,73;-97,01;0,00;0,00;0,00;-0,10;0,00;0,00;195;159;25;23;28;975;220
6555;57,19;77,20;0,00;0,00;0,00;0,08;0,00;0,00;154;90;20;48;29;963;292
6556;38,18;-34,22;0,00;0,00;0,00;-0,03;0,00;0,00;333;129;161;42;30;318;392
6557;54,37;19,99;0,00;0,00;0,00;0,02;0,00;0,00;212;108;84;15;27;813;182
6558;49,43;42,47;0,00;0,00;0,00;0,04;0,00;0,00;309;40;72;40;17;842;929
6559;73,32;142,13;0,00;0,00;0,00;0,14;0,00;0,00;413;57;125;27;15;332;113
6560;61,61;121,05;0,00;0,00;0,00;0,12;0,00;0,00;481;171;28;32;31;827;440
6561;61,57;180,75;0,00;0,00;0,00;0,18;0,00;0,00;297;53;39;29;32;215;196
6562;50,72;-47,75;0,00;0,00;0,00;-0,05;0,00;0,00;477;43;187;31;26;554;533
6563;62,62;116,98;0,00;0,00;0,00;0,12;0,00;0,00;129;11;44;15;20;261;399
6564;52,73;44,29;0,00;0,00;0,00;0,04;0,00;0,00;481;13;65;33;16;903;954
6565;45,23;-46,48;0,00;0,00;0,00;-0,05;0,00;0,00;496;60;194;42;25;359;473
6566;97,84;456,76;0,00;0,00;0,00;0,46;0,00;0,00;74;136;64;34;22;335;878
6567;53,43;77,14;0,00;0,00;0,00;0,08;0,00;0,00;187;134;23;36;31;514;320
6568;35,79;-156,23;0,00;0,00;0,00;-0,16;0,00;0,00;356;59;184;31;21;686;298
6569;42,89;-2,89;0,00;0,00;0,00;-0,00;0,00;0,00;409;124;119;10;39;726;988
6570;54,58;8,90;0,00;0,00;0,00;0,01;0,00;0,00;469;121;171;26;21;349;674
6571;64,69;3,27;0,00;0,00;0,00;0,00;0,00;0,00;262;59;19;14;36;453;838
6572;42,94;-37,80;0,00;0,00;0,00;-0,04;0,00;0,00;95;112;177;25;23;631;771
6573;52,37;-21,56;0,00;0,00;0,00;-0,02;0,00;0,00;460;97;11;11;32;830;194
6574;74,39;126,37;0,00;0,00;0,00;0,13;0,00;0,00;180;156;164;38;35;754;669
6575;52,43;133,05;0,00;0,00;0,00;0,13;0,00;0,00;167;47;52;32;26;862;271
6576;40,03;-130,64;0,00;0,00;0,00;-0,13;0,00;0,00;470;41;79;45;24;751;771
6577;40,34;-18,25;0,00;0,00;0,00;-0,02;0,00;0,00;241;79;80;47;21;349;641
6578;57,06;50,74;0,00;0,00;0,00;0,05;0,00;0,00;287;58;16;38;23;958;583
6579;77,94;264,53;0,00;0,00;0,00;0,26;0,00;0,00;109;23;114;31;35;455;194
6580;51,90;48,52;0,00;0,00;0,00;0,05;0,00;0,00;175;195;157;40;17;913;843
6581;9,61;-508,64;0,00;0,00;0,00;-0,51;0,00;0,00;130;141;73;20;18;443;551
6582;45,21;-41,85;0,00;0,00;0,00;-0,04;0,00;0,00;378;62;157;28;25;339;486
6583;43,00;-101,73;0,00;0,00;0,00;-0,10;0,00;0,00;301;15;25;46;30;273;308
6584;19,45;-348,05;0,00;0,00;0,00;-0,35;0,00;0,00;265;105;127;11;18;486;644
6585;20,83;-294,98;0,00;0,00;0,00;-0,29;0,00;0,00;465;128;47;35;29;234;435
6586;17,52;-270,82;0,00;0,00;0,00;-0,27;0,00;0,00;155;72;154;27;36;125;616
6587;31,24;-187,30;0,00;0,00;0,00;-0,19;0,00;0,00;25;97;81;27;24;533;122
6588;20,59;-283,75;0,00;0,00;0,00;-0,28;0,00;0,00;445;51;97;27;15;694;614
6589;86,42;342,37;0,00;0,00;0,00;0,34;0,00;0,00;51;60;106;14;15;503;167
6590;68,83;268,64;0,00;0,00;0,00;0,27;0,00;0,00;84;74;122;38;21;293;984
6591;36,61;-117,04;0,00;0,00;0,00;-0,12;0,00;0,00;255;13;131;27;38;883;477
6592;52,15;-97,00;0,00;0,00;0,00;-0,10;0,00;0,00;309;126;198;37;38;401;422
6593;40,59;-72,89;0,00;0,00;0,00;-0,07;0,00;0,00;237;183;33;35;21;403;876
6594;52,70;10,01;0,00;0,00;0,00;0,01;0,00;0,00;394;60;199;12;27;197;242
6595;43,77;-15,67;0,00;0,00;0,00;-0,02;0,00;0,00;316;77;117;16;15;124;354
6596;47,00;9,38;0,00;0,00;0,00;0,01;0,00;0,00;428;181;106;29;19;106;584
6597;34,38;-137,95;0,00;0,00;0,00;-0,14;0,00;0,00;248;39;126;44;36;819;180
6598;51,58;65,20;0,00;0,00;0,00;0,07;0,00;0,00;178;152;64;45;36;708;884
6599;79,45;307,28;0,00;0,00;0,00;0,31;0,00;0,00;174;95;136;31;30;979;956
6600;51,34;-27,60;0,00;0,00;0,00;-0,03;0,00;0,00;187;24;39;23;36;753;808
6601;26,08;-280,63;0,00;0,00;0,00;-0,28;0,00;0,00;308;184;167;16;27;206;930
6602;74,23;193,01;0,00;0,00;0,00;0,19;0,00;0,00;184;93;60;49;35;969;931
6603;36,32;-158,77;0,00;0,00;0,00;-0,16;0,00;0,00;79;81;60;14;34;565;837
6604;43,53;-87,39;0,00;0,00;0,00;-0,09;0,00;0,00;45;65;62;18;30;245;122
6605;41,52;-99,64;0,00;0,00;0,00;-0,10;0,00;0,00;202;63;29;41;26;680;853
6606;37,89;-121,09;0,00;0,00;0,00;-0,12;0,00;0,00;172;186;76;31;38;746;326
6607;61,54;63,32;0,00;0,00;0,00;0,06;0,00;0,00;441;125;17;22;15;196;960
6608;33,66;-201,20;0,00;0,00;0,00;-0,20;0,00;0,00;96;141;71;14;25;459;538
6609;57,84;79,37;0,00;0,00;0,00;0,08;0,00;0,00;141;161;127;11;21;366;806
6610;89,34;410,98;0,00;0,00;0,00;0,41;0,00;0,00;221;165;178;30;27;733;470
6611;64,48;183,48;0,00;0,00;0,00;0,18;0,00;0,00;302;100;24;14;39;493;149
6612;48,98;-38,39;0,00;0,00;0,00;-0,04;0,00;0,00;451;47;139;19;28;732;624
6613;42,25;-119,69;0,00;0,00;0,00;-0,12;0,00;0,00;214;149;173;23;31;198;991
6614;39,82;-113,71;0,00;0,00;0,00;-0,11;0,00;0,00;305;112;13;36;32;568;725
6615;66,70;138,35;0,00;0,00;0,00;0,14;0,00;0,00;459;113;113;42;20;985;175
6616;37,63;-74,43;0,00;0,00;0,00;-0,07;0,00;0,00;273;166;45;31;27;342;757
6617;57,36;25,70;0,00;0,00;0,00;0,03;0,00;0,00;40;159;172;40;18;861;870
6618;57,75;50,29;0,00;0,00;0,00;0,05;0,00;0,00;152;162;126;49;34;920;509
6619;63,45;87,83;0,00;0,00;0,00;0,09;0,00;0,00;481;197;66;45;16;307;507
6620;68,78;173,45;0,00;0,00;0,00;0,17;0,00;0,00;396;90;45;47;38;289;904
6621;50,86;10,24;0,00;0,00;0,00;0,01;0,00;0,00;198;11;149;44;32;634;117
6622;56,50;70,56;0,00;0,00;0,00;0,07;0,00;0,00;84;175;156;26;27;298;494
6623;41,08;-115,25;0,00;0,00;0,00;-0,12;0,00;0,00;71;183;29;39;36;403;828
6624;58,42;105,50;0,00;0,00;0,00;0,11;0,00;0,00;246;72;141;15;36;784;465
6625;22,33;-256,10;0,00;0,00;0,00;-0,26;0,00;0,00;447;34;120;27;24;982;607
6626;18,24;-312,44;0,00;0,00;0,00;-0,31;0,00;0,00;496;11;108;18;38;253;381
6627;48,41;6,18;0,00;0,00;0,00;0,01;0,00;0,00;469;124;182;48;21;445;481
6628;67,00;120,41;0,00;0,00;0,00;0,12;0,00;0,00;259;170;77;47;16;472;526
6629;11,45;-440,65;0,00;0,00;0,00;-0,44;0,00;0,00;461;173;17;25;26;470;591
6630;37,05;-161,06;0,00;0,00;0,00;-0,16;0,00;0,00;254;111;45;11;22;572;340
6631;42,84;-52,09;0,00;0,00;0,00;-0,05;0,00;0,00;491;184;65;35;29;959;710
6632;22,58;-262,34;0,00;0,00;0,00;-0,26;0,00;0,00;384;41;75;45;37;328;130
6633;35,99;-164,79;0,00;0,00;0,00;-0,16;0,00;0,00;288;117;57;26;39;502;274
6634;36,84;-122,21;0,00;0,00;0,00;-0,12;0,00;0,00;421;30;41;46;27;743;816
6635;75,80;231,54;0,00;0,00;0,00;0,23;0,00;0,00;368;199;115;19;26;436;364
6636;63,24;148,51;0,00;0,00;0,00;0,15;0,00;0,00;279;136;34;47;23;288;483
6637;53,55;69,27;0,00;0,00;0,00;0,07;0,00;0,00;411;13;67;12;17;914;319
6638;58,36;132,59;0,00;0,00;0,00;0,13;0,00;0,00;336;11;33;22;25;323;343
6639;52,56;-47,95;0,00;0,00;0,00;-0,05;0,00;0,00;454;99;115;48;36;343;425
6640;42,52;-27,73;0,00;0,00;0,00;-0,03;0,00;0,00;417;57;117;21;28;234;279
6641;9,05;-413,53;0,00;0,00;0,00;-0,41;0,00;0,00;106;107;15;12;18;610;902
6642;57,69;101,11;0,00;0,00;0,00;0,10;0,00;0,00;478;82;111;43;37;788;243
6643;38,63;-124,76;0,00;0,00;0,00;-0,12;0,00;0,00;104;58;94;39;33;229;738
6644;67,06;176,02;0,00;0,00;0,00;0,18;0,00;0,00;346;152;18;46;30;159;545
6645;47,50;-12,87;0,00;0,00;0,00;-0,01;0,00;0,00;82;43;16;38;23;643;561
6646;55,98;-27,58;0,00;0,00;0,00;-0,03;0,00;0,00;170;108;39;37;31;926;189
6647;40,60;-20,15;0,00;0,00;0,00;-0,02;0,00;0,00;24;143;177;12;37;426;151
6648;55,91;43,91;0,00;0,00;0,00;0,04;0,00;0,00;213;173;190;26;19;846;584
6649;66,06;120,75;0,00;0,00;0,00;0,12;0,00;0,00;358;137;128;28;27;476;653
6650;72,83;215,07;0,00;0,00;0,00;0,22;0,00;0,00;395;49;92;20;31;552;957
6651;52,34;-30,95;0,00;0,00;0,00;-0,03;0,00;0,00;274;44;125;35;19;815;788
6652;58,23;77,89;0,00;0,00;0,00;0,08;0,00;0,00;489;195;139;12;26;705;284
6653;51,77;-23,06;0,00;0,00;0,00;-0,02;0,00;0,00;492;82;33;43;30;110;370
6654;54,38;119,13;0,00;0,00;0,00;0,12;0,00;0,00;478;117;71;38;22;777;861
6655;74,14;177,44;0,00;0,00;0,00;0,18;0,00;0,00;205;46;107;25;30;855;967
6656;82,97;312,91;0,00;0,00;0,00;0,31;0,00;0,00;368;194;101;39;39;921;434
6657;42,82;-36,14;0,00;0,00;0,00;-0,04;0,00;0,00;68;145;103;17;31;408;931
6658;56,95;144,77;0,00;0,00;0,00;0,14;0,00;0,00;239;166;31;45;39;471;753
6659;49,85;-36,84;0,00;0,00;0,00;-0,04;0,00;0,00;244;134;54;25;26;212;307
6660;42,55;-41,15;0,00;0,00;0,00;-0,04;0,00;0,00;302;55;195;39;27;810;171
6661;71,37;161,12;0,00;0,00;0,00;0,16;0,00;0,00;250;193;176;47;17;184;165
6662;44,11;-30,67;0,00;0,00;0,00;-0,03;0,00;0,00;208;128;81;11;19;204;498
6663;68,43;147,27;0,00;0,00;0,00;0,15;0,00;0,00;42;84;191;32;25;300;396
6664;49,26;-25,86;0,00;0,00;0,00;-0,03;0,00;0,00;192;13;158;44;26;776;173
6665;51,22;51,13;0,00;0,00;0,00;0,05;0,00;0,00;29;70;153;27;28;523;652
6666;18,08;-308,51;0,00;0,00;0,00;-0,31;0,00;0,00;29;40;135;23;16;299;903
6667;48,40;-13,39;0,00;0,00;0,00;-0,01;0,00;0,00;17;24;72;23;19;913;661
6668;43,13;-20,28;0,00;0,00;0,00;-0,02;0,00;0,00;316;34;121;39;25;201;137
6669;63,77;36,64;0,00;0,00;0,00;0,04;0,00;0,00;331;123;45;45;32;909;960
6670;89,49;358,17;0,00;0,00;0,00;0,36;0,00;0,00;272;54;88;48;32;427;293
6671;31,20;-180,30;0,00;0,00;0,00;-0,18;0,00;0,00;252;68;128;42;34;162;762
6672;25,67;-226,35;0,00;0,00;0,00;-0,23;0,00;0,00;265;181;118;25;27;362;618
6673;48,96;-20,11;0,00;0,00;0,00;-0,02;0,00;0,00;89;47;69;17;30;573;463
6674;64,72;194,13;0,00;0,00;0,00;0,19;0,00;0,00;483;12;192;46;21;416;894
6675;25,34;-292,23;0,00;0,00;0,00;-0,29;0,00;0,00;305;147;175;15;23;542;436
6676;23,78;-228,71;0,00;0,00;0,00;-0,23;0,00;0,00;244;127;81;18;39;761;420
6677;37,98;-266,75;0,00;0,00;0,00;-0,27;0,00;0,00;392;149;177;45;22;184;958
6678;41,99;-84,24;0,00;0,00;0,00;-0,08;0,00;0,00;451;168;47;44;26;789;543
6679;37,96;-82,33;0,00;0,00;0,00;-0,08;0,00;0,00;37;57;10;29;21;249;538
6680;28,00;-239,86;0,00;0,00;0,00;-0,24;0,00;0,00;27;49;155;12;36;435;586
6681;59,82;21,33;0,00;0,00;0,00;0,02;0,00;0,00;273;130;132;45;16;758;685
6682;35,07;-150,83;0,00;0,00;0,00;-0,15;0,00;0,00;160;127;169;24;17;499;179
6683;58,09;27,10;0,00;0,00;0,00;0,03;0,00;0,00;469;131;170;45;37;331;645
6684;61,80;216,43;0,00;0,00;0,00;0,22;0,00;0,00;369;141;13;22;38;589;293
6685;45,01;-95,00;0,00;0,00;0,00;-0,10;0,00;0,00;188;41;196;18;22;462;977
6686;48,16;-1,70;0,00;0,00;0,00;-0,00;0,00;0,00;76;38;20;19;20;301;361
6687;49,36;-45,72;0,00;0,00;0,00;-0,05;0,00;0,00;254;191;187;16;31;791;147
6688;40,60;-46,86;0,00;0,00;0,00;-0,05;0,00;0,00;224;188;164;29;36;668;578
6689;37,61;-114,17;0,00;0,00;0,00;-0,11;0,00;0,00;61;12;47;47;21;734;213
6690;40,68;-116,02;0,00;0,00;0,00;-0,12;0,00;0,00;136;102;89;14;38;894;370
6691;47,77;-57,38;0,00;0,00;0,00;-0,06;0,00;0,00;32;199;28;10;21;455;695
6692;57,87;102,83;0,00;0,00;0,00;0,10;0,00;0,00;359;145;99;23;17;968;624
6693;51,54;-66,52;0,00;0,00;0,00;-0,07;0,00;0,00;294;89;13;24;38;766;179
6694;37,31;-135,43;0,00;0,00;0,00;-0,14;0,00;0,00;414;107;175;19;35;785;558
6695;40,38;-130,30;0,00;0,00;0,00;-0,13;0,00;0,00;40;150;36;11;39;860;715
6696;77,35;335,32;0,00;0,00;0,00;0,34;0,00;0,00;406;29;24;37;29;125;670
6697;38,08;-111,17;0,00;0,00;0,00;-0,11;0,00;0,00;39;66;144;34;31;735;230
6698;54,13;5,21;0,00;0,00;0,00;0,01;0,00;0,00;390;91;78;49;32;547;326
6699;38,71;-118,18;0,00;0,00;0,00;-0,12;0,00;0,00;95;152;114;25;30;742;563
6700;42,97;-38,04;0,00;0,00;0,00;-0,04;0,00;0,00;383;83;182;22;26;489;222
6701;43,80;-4,46;0,00;0,00;0,00;-0,00;0,00;0,00;473;23;126;26;26;513;458
6702;52,18;25,28;0,00;0,00;0,00;0,03;0,00;0,00;135;93;155;41;32;647;349
6703;64,66;91,84;0,00;0,00;0,00;0,09;0,00;0,00;420;119;92;28;36;392;385
6704;57,71;74,87;0,00;0,00;0,00;0,07;0,00;0,00;335;105;80;39;23;659;543
6705;58,52;261,78;0,00;0,00;0,00;0,26;0,00;0,00;373;20;195;34;34;727;650
6706;46,02;-8,08;0,00;0,00;0,00;-0,01;0,00;0,00;376;164;193;44;17;282;388
6707;52,54;10,68;0,00;0,00;0,00;0,01;0,00;0,00;156;151;46;18;34;163;397
6708;80,40;214,03;0,00;0,00;0,00;0,21;0,00;0,00;443;96;167;31;16;696;839
6709;33,54;-174,63;0,00;0,00;0,00;-0,17;0,00;0,00;326;43;155;13;25;386;784
6710;37,76;-133,04;0,00;0,00;0,00;-0,13;0,00;0,00;103;186;182;39;22;501;836
6711;59,30;121,82;0,00;0,00;0,00;0,12;0,00;0,00;61;180;78;25;36;776;401
6712;26,50;-319,40;0,00;0,00;0,00;-0,32;0,00;0,00;285;90;15;30;23;925;693
6713;80,75;282,62;0,00;0,00;0,00;0,28;0,00;0,00;132;28;59;26;18;323;137
6714;36,18;-43,17;0,00;0,00;0,00;-0,04;0,00;0,00;204;118;139;36;21;562;393
6715;35,90;-186,88;0,00;0,00;0,00;-0,19;0,00;0,00;201;78;100;37;24;163;913
6716;17,99;-360,55;0,00;0,00;0,00;-0,36;0,00;0,00;366;47;33;37;28;757;234
6717;53,39;39,08;0,00;0,00;0,00;0,04;0,00;0,00;424;122;21;13;29;531;852
6718;45,73;-80,91;0,00;0,00;0,00;-0,08;0,00;0,00;401;166;132;48;34;457;290
6719;37,55;-69,87;0,00;0,00;0,00;-0,07;0,00;0,00;169;111;96;31;15;804;200
6720;48,44;-34,05;0,00;0,00;0,00;-0,03;0,00;0,00;239;155;150;19;28;153;711
6721;63,68;205,99;0,00;0,00;0,00;0,21;0,00;0,00;157;156;86;24;30;844;972
6722;78,50;347,56;0,00;0,00;0,00;0,35;0,00;0,00;58;159;159;49;28;289;105
6723;78,43;287,86;0,00;0,00;0,00;0,29;0,00;0,00;185;175;173;26;33;144;702
6724;28,67;-203,05;0,00;0,00;0,00;-0,20;0,00;0,00;359;152;182;45;26;866;101
6725;53,72;40,33;0,00;0,00;0,00;0,04;0,00;0,00;368;49;56;46;31;971;219
6726;82,51;303,82;0,00;0,00;0,00;0,30;0,00;0,00;460;142;151;39;39;153;792
6727;37,71;-113,22;0,00;0,00;0,00;-0,11;0,00;0,00;71;191;67;20;39;423;707
6728;53,33;10,10;0,00;0,00;0,00;0,01;0,00;0,00;323;160;181;46;16;976;543
6729;61,01;119,47;0,00;0,00;0,00;0,12;0,00;0,00;428;173;114;13;22;940;253
6730;59,57;130,08;0,00;0,00;0,00;0,13;0,00;0,00;438;158;166;34;24;952;522
6731;11,27;-338,60;0,00;0,00;0,00;-0,34;0,00;0,00;315;45;122;37;39;174;638
6732;56,22;18,09;0,00;0,00;0,00;0,02;0,00;0,00;92;126;42;24;20;275;804
6733;58,58;70,26;0,00;0,00;0,00;0,07;0,00;0,00;484;98;71;31;21;134;768
6734;56,14;56,01;0,00;0,00;0,00;0,06;0,00;0,00;198;199;92;48;38;270;751
6735;36,43;-154,40;0,00;0,00;0,00;-0,15;0,00;0,00;108;155;100;44;32;360;896
6736;73,37;268,52;0,00;0,00;0,00;0,27;0,00;0,00;299;134;121;35;21;118;694
6737;56,11;148,76;0,00;0,00;0,00;0,15;0,00;0,00;102;164;78;10;24;580;983
6738;56,18;98,24;0,00;0,00;0,00;0,10;0,00;0,00;34;81;151;40;17;769;274
6739;84,54;265,31;0,00;0,00;0,00;0,27;0,00;0,00;55;110;151;33;20;603;661
6740;35,79;-206,13;0,00;0,00;0,00;-0,21;0,00;0,00;203;86;186;42;34;405;409
6741;50,52;79,67;0,00;0,00;0,00;0,08;0,00;0,00;16;109;146;47;32;972;301
6742;23,94;-307,16;0,00;0,00;0,00;-0,31;0,00;0,00;151;13;104;12;34;691;984
6743;66,83;74,12;0,00;0,00;0,00;0,07;0,00;0,00;462;77;78;44;23;413;581
6744;29,82;-225,42;0,00;0,00;0,00;-0,23;0,00;0,00;88;173;124;18;38;245;941
6745;61,24;104,22;0,00;0,00;0,00;0,10;0,00;0,00;392;161;153;11;34;683;476
6746;24,74;-201,64;0,00;0,00;0,00;-0,20;0,00;0,00;208;52;95;43;36;551;741
6747;69,02;280,01;0,00;0,00;0,00;0,28;0,00;0,00;244;165;95;34;32;152;911
6748;51,61;63,47;0,00;0,00;0,00;0,06;0,00;0,00;125;192;171;46;36;825;347
6749;33,90;-164,89;0,00;0,00;0,00;-0,16;0,00;0,00;312;111;186;16;30;562;422
6750;58,45;187,94;0,00;0,00;0,00;0,19;0,00;0,00;243;124;69;42;20;764;130
6751;80,25;314,15;0,00;0,00;0,00;0,31;0,00;0,00;201;50;175;47;28;676;899
6752;58,51;112,57;0,00;0,00;0,00;0,11;0,00;0,00;434;157;123;17;39;561;666
6753;32,00;-233,77;0,00;0,00;0,00;-0,23;0,00;0,00;160;124;115;12;26;921;988
6754;61,82;86,42;0,00;0,00;0,00;0,09;0,00;0,00;423;149;117;37;30;571;615
6755;60,61;111,32;0,00;0,00;0,00;0,11;0,00;0,00;157;139;59;42;36;826;638
6756;55,77;111,83;0,00;0,00;0,00;0,11;0,00;0,00;265;33;102;15;23;665;855
6757;39,74;-59,08;0,00;0,00;0,00;-0,06;0,00;0,00;370;75;133;38;22;837;808
6758;59,95;32,52;0,00;0,00;0,00;0,03;0,00;0,00;74;105;26;23;39;588;424
6759;72,26;271,35;0,00;0,00;0,00;0,27;0,00;0,00;197;147;141;40;28;355;174
6760;60,82;153,45;0,00;0,00;0,00;0,15;0,00;0,00;357;57;160;47;18;668;489
6761;68,26;254,68;0,00;0,00;0,00;0,25;0,00;0,00;226;186;57;46;19;330;142
6762;76,04;319,96;0,00;0,00;0,00;0,32;0,00;0,00;161;156;106;35;23;182;277
6763;55,39;1,99;0,00;0,00;0,00;0,00;0,00;0,00;100;155;194;14;32;450;126
6764;53,11;21,31;0,00;0,00;0,00;0,02;0,00;0,00;91;48;34;36;16;395;452
6765;62,37;193,93;0,00;0,00;0,00;0,19;0,00;0,00;25;112;15;18;33;632;643
6766;38,66;-210,47;0,00;0,00;0,00;-0,21;0,00;0,00;221;88;79;33;29;320;151
6767;61,31;112,04;0,00;0,00;0,00;0,11;0,00;0,00;463;97;36;14;26;586;181
6768;49,14;-100,42;0,00;0,00;0,00;-0,10;0,00;0,00;320;105;162;44;38;304;203
6769;62,16;158,87;0,00;0,00;0,00;0,16;0,00;0,00;475;90;143;35;20;858;439
6770;46,54;-87,65;0,00;0,00;0,00;-0,09;0,00;0,00;353;154;170;41;38;965;905
6771;25,62;-208,83;0,00;0,00;0,00;-0,21;0,00;0,00;441;171;80;41;26;161;668
6772;61,85;121,85;0,00;0,00;0,00;0,12;0,00;0,00;362;14;92;37;34;920;698
6773;56,02;115,65;0,00;0,00;0,00;0,12;0,00;0,00;321;153;24;12;27;576;456
6774;60,13;71,72;0,00;0,00;0,00;0,07;0,00;0,00;127;16;82;23;22;569;283
6775;67,26;209,33;0,00;0,00;0,00;0,21;0,00;0,00;421;34;39;27;31;105;209
6776;49,13;-48,55;0,00;0,00;0,00;-0,05;0,00;0,00;431;95;11;31;37;571;365
6777;79,38;261,54;0,00;0,00;0,00;0,26;0,00;0,00;421;64;177;11;27;763;765
6778;37,11;-126,10;0,00;0,00;0,00;-0,13;0,00;0,00;438;106;92;35;34;315;521
6779;50,27;21,67;0,00;0,00;0,00;0,02;0,00;0,00;297;152;11;26;19;425;486
6780;69,82;171,41;0,00;0,00;0,00;0,17;0,00;0,00;491;62;136;36;39;102;485
6781;41,95;-53,82;0,00;0,00;0,00;-0,05;0,00;0,00;71;124;24;12;22;597;873
6782;39,65;-35,26;0,00;0,00;0,00;-0,04;0,00;0,00;149;34;179;17;29;349;841
6783;69,16;167,76;0,00;0,00;0,00;0,17;0,00;0,00;224;19;28;14;23;260;202
6784;24,06;-349,46;0,00;0,00;0,00;-0,35;0,00;0,00;416;10;124;46;32;465;934
6785;55,64;159,52;0,00;0,00;0,00;0,16;0,00;0,00;462;56;132;31;25;423;101
6786;36,48;-177,68;0,00;0,00;0,00;-0,18;0,00;0,00;106;63;158;25;30;183;835
6787;36,60;-164,07;0,00;0,00;0,00;-0,16;0,00;0,00;371;178;37;26;16;858;355
6788;39,86;-73,05;0,00;0,00;0,00;-0,07;0,00;0,00;139;196;143;24;23;281;320
6789;83,05;246,14;0,00;0,00;0,00;0,25;0,00;0,00;186;124;103;21;16;643;473
6790;44,20;-18,92;0,00;0,00;0,00;-0,02;0,00;0,00;263;83;120;46;22;266;517
6791;45,05;-185,17;0,00;0,00;0,00;-0,19;0,00;0,00;93;73;83;23;16;896;719
6792;55,43;175,65;0,00;0,00;0,00;0,18;0,00;0,00;138;89;127;43;22;719;424
6793;58,49;82,70;0,00;0,00;0,00;0,08;0,00;0,00;450;61;15;38;17;777;402
6794;34,03;-208,86;0,00;0,00;0,00;-0,21;0,00;0,00;205;40;139;18;27;894;740
6795;39,28;-91,70;0,00;0,00;0,00;-0,09;0,00;0,00;408;151;67;48;39;977;607
6796;69,65;208,18;0,00;0,00;0,00;0,21;0,00;0,00;89;144;38;28;36;768;189
6797;59,58;68,24;0,00;0,00;0,00;0,07;0,00;0,00;494;168;157;17;33;524;389
6798;44,70;9,47;0,00;0,00;0,00;0,01;0,00;0,00;239;173;88;46;25;520;609
6799;34,08;-127,13;0,00;0,00;0,00;-0,13;0,00;0,00;140;55;179;27;21;288;406
6800;13,78;-372,93;0,00;0,00;0,00;-0,37;0,00;0,00;426;174;178;42;32;454;873
6801;21,66;-307,67;0,00;0,00;0,00;-0,31;0,00;0,00;398;52;187;13;27;438;435
6802;37,09;-193,74;0,00;0,00;0,00;-0,19;0,00;0,00;330;92;173;39;28;951;801
6803;49,19;-47,56;0,00;0,00;0,00;-0,05;0,00;0,00;228;88;69;37;20;421;395
6804;27,07;-246,95;0,00;0,00;0,00;-0,25;0,00;0,00;192;126;148;22;15;708;442
6805;33,76;-166,07;0,00;0,00;0,00;-0,17;0,00;0,00;333;126;199;49;24;824;478
6806;22,29;-394,92;0,00;0,00;0,00;-0,39;0,00;0,00;332;153;196;18;30;391;240
6807;48,15;-53,89;0,00;0,00;0,00;-0,05;0,00;0,00;366;65;140;15;23;589;198
6808;19,31;-282,29;0,00;0,00;0,00;-0,28;0,00;0,00;86;59;49;23;34;688;252
6809;45,56;-70,97;0,00;0,00;0,00;-0,07;0,00;0,00;63;135;157;22;37;135;484
6810;56,72;36,31;0,00;0,00;0,00;0,04;0,00;0,00;332;91;89;31;27;143;815
6811;41,23;-40,88;0,00;0,00;0,00;-0,04;0,00;0,00;436;103;58;29;30;354;902
6812;41,07;-83,06;0,00;0,00;0,00;-0,08;0,00;0,00;143;113;134;36;23;136;580
6813;43,34;1,32;0,00;0,00;0,00;0,00;0,00;0,00;286;47;76;21;27;434;518
6814;62,87;132,55;0,00;0,00;0,00;0,13;0,00;0,00;79;59;23;44;18;684;487
6815;52,38;11,93;0,00;0,00;0,00;0,01;0,00;0,00;298;64;79;29;37;756;447
6816;55,10;28,00;0,00;0,00;0,00;0,03;0,00;0,00;267;170;121;48;30;352;710
6817;31,52;-266,20;0,00;0,00;0,00;-0,27;0,00;0,00;222;151;105;14;31;621;118
6818;54,97;118,86;0,00;0,00;0,00;0,12;0,00;0,00;13;34;29;49;34;591;933
6819;75,73;221,21;0,00;0,00;0,00;0,22;0,00;0,00;183;170;104;43;31;286;224
6820;52,15;-37,56;0,00;0,00;0,00;-0,04;0,00;0,00;355;172;149;37;32;169;221
6821;36,11;-172,17;0,00;0,00;0,00;-0,17;0,00;0,00;416;10;73;24;23;714;760
6822;59,63;97,81;0,00;0,00;0,00;0,10;0,00;0,00;438;49;94;26;24;630;404
6823;40,24;-43,87;0,00;0,00;0,00;-0,04;0,00;0,00;41;100;20;28;23;301;186
6824;43,47;-11,20;0,00;0,00;0,00;-0,01;0,00;0,00;467;176;102;36;34;402;165
6825;63,92;129,91;0,00;0,00;0,00;0,13;0,00;0,00;180;171;105;18;34;364;425
6826;35,44;-235,11;0,00;0,00;0,00;-0,24;0,00;0,00;91;43;142;40;38;777;410
6827;58,47;175,78;0,00;0,00;0,00;0,18;0,00;0,00;104;25;20;17;22;108;536
6828;59,11;36,40;0,00;0,00;0,00;0,04;0,00;0,00;444;189;10;24;26;664;620
6829;50,16;95,12;0,00;0,00;0,00;0,10;0,00;0,00;15;13;188;20;39;196;729
6830;41,70;-68,11;0,00;0,00;0,00;-0,07;0,00;0,00;420;81;176;47;19;933;430
6831;60,96;44,06;0,00;0,00;0,00;0,04;0,00;0,00;328;143;17;18;38;508;382
6832;60,28;23,97;0,00;0,00;0,00;0,02;0,00;0,00;116;17;143;32;18;381;872
6833;54,40;37,28;0,00;0,00;0,00;0,04;0,00;0,00;146;17;199;46;21;612;772
6834;20,75;-360,79;0,00;0,00;0,00;-0,36;0,00;0,00;136;84;102;34;20;183;591
6835;59,35;170,98;0,00;0,00;0,00;0,17;0,00;0,00;92;198;84;16;20;608;133
6836;42,01;-58,01;0,00;0,00;0,00;-0,06;0,00;0,00;357;193;109;38;38;455;338
6837;74,63;327,43;0,00;0,00;0,00;0,33;0,00;0,00;272;174;52;36;26;869;718
6838;63,04;119,58;0,00;0,00;0,00;0,12;0,00;0,00;211;100;180;46;30;146;382
6839;35,52;-83,05;0,00;0,00;0,00;-0,08;0,00;0,00;135;122;91;16;33;715;905
6840;65,10;148,79;0,00;0,00;0,00;0,15;0,00;0,00;278;55;88;29;32;966;209
6841;72,33;250,66;0,00;0,00;0,00;0,25;0,00;0,00;40;145;73;34;18;610;697
6842;40,63;-66,42;0,00;0,00;0,00;-0,07;0,00;0,00;154;151;53;23;38;661;415
6843;48,54;13,85;0,00;0,00;0,00;0,01;0,00;0,00;330;155;114;22;15;141;388
6844;57,99;119,15;0,00;0,00;0,00;0,12;0,00;0,00;47;11;15;25;30;966;647
6845;47,56;-79,54;0,00;0,00;0,00;-0,08;0,00;0,00;160;141;121;14;35;670;942
6846;66,06;120,18;0,00;0,00;0,00;0,12;0,00;0,00;72;147;168;33;36;120;826
6847;44,73;5,23;0,00;0,00;0,00;0,01;0,00;0,00;117;119;155;29;28;444;452
6848;47,56;-68,42;0,00;0,00;0,00;-0,07;0,00;0,00;242;154;190;13;28;563;463
6849;56,89;99,17;0,00;0,00;0,00;0,10;0,00;0,00;415;185;143;19;37;673;672
6850;33,18;-164,25;0,00;0,00;0,00;-0,16;0,00;0,00;285;97;196;10;15;726;180
6851;31,29;-212,34;0,00;0,00;0,00;-0,21;0,00;0,00;449;119;114;23;38;175;389
6852;16,92;-359,49;0,00;0,00;0,00;-0,36;0,00;0,00;343;33;138;34;17;758;352
6853;44,06;-149,42;0,00;0,00;0,00;-0,15;0,00;0,00;366;17;151;29;20;927;770
6854;75,02;164,29;0,00;0,00;0,00;0,16;0,00;0,00;63;41;197;24;29;481;454
6855;44,33;-94,07;0,00;0,00;0,00;-0,09;0,00;0,00;197;114;39;42;33;413;253
6856;81,48;241,03;0,00;0,00;0,00;0,24;0,00;0,00;477;182;78;19;35;383;203
6857;58,48;91,33;0,00;0,00;0,00;0,09;0,00;0,00;326;65;61;45;27;741;209
6858;28,23;-194,17;0,00;0,00;0,00;-0,19;0,00;0,00;403;43;40;35;20;444;490
6859;64,89;138,70;0,00;0,00;0,00;0,14;0,00;0,00;245;71;65;28;16;587;383
6860;64,08;173,50;0,00;0,00;0,00;0,17;0,00;0,00;103;25;162;19;35;317;925
6861;43,62;-77,30;0,00;0,00;0,00;-0,08;0,00;0,00;162;45;134;30;22;233;603
6862;58,68;87,94;0,00;0,00;0,00;0,09;0,00;0,00;199;68;89;15;15;676;703
6863;52,59;70,11;0,00;0,00;0,00;0,07;0,00;0,00;71;177;119;30;19;291;307
6864;36,80;-116,68;0,00;0,00;0,00;-0,12;0,00;0,00;29;64;49;21;23;695;895
6865;37,63;-139,20;0,00;0,00;0,00;-0,14;0,00;0,00;184;187;159;27;34;843;354
6866;59,92;229,24;0,00;0,00;0,00;0,23;0,00;0,00;38;138;138;31;30;707;937
6867;34,69;-172,63;0,00;0,00;0,00;-0,17;0,00;0,00;177;14;98;23;18;788;316
6868;39,98;-120,93;0,00;0,00;0,00;-0,12;0,00;0,00;68;161;172;21;30;143;802
6869;75,58;304,98;0,00;0,00;0,00;0,30;0,00;0,00;444;113;148;33;23;185;783
6870;66,29;204,99;0,00;0,00;0,00;0,20;0,00;0,00;474;65;80;33;39;168;230
6871;58,59;71,32;0,00;0,00;0,00;0,07;0,00;0,00;400;192;98;34;17;100;246
6872;57,24;113,21;0,00;0,00;0,00;0,11;0,00;0,00;82;113;107;43;15;360;706
6873;50,98;5,82;0,00;0,00;0,00;0,01;0,00;0,00;116;46;164;43;33;985;974
6874;65,56;318,93;0,00;0,00;0,00;0,32;0,00;0,00;328;105;60;16;16;588;169
6875;34,04;-139,24;0,00;0,00;0,00;-0,14;0,00;0,00;426;132;72;22;37;434;750
6876;47,25;-4,27;0,00;0,00;0,00;-0,00;0,00;0,00;41;85;153;33;32;460;353
6877;69,43;165,63;0,00;0,00;0,00;0,17;0,00;0,00;17;117;37;20;26;656;349
6878;42,54;-58,27;0,00;0,00;0,00;-0,06;0,00;0,00;82;180;144;19;21;936;727
6879;71,20;156,52;0,00;0,00;0,00;0,16;0,00;0,00;240;88;172;48;38;316;273
6880;30,83;-250,51;0,00;0,00;0,00;-0,25;0,00;0,00;410;31;66;23;30;404;593
6881;67,33;229,60;0,00;0,00;0,00;0,23;0,00;0,00;275;78;19;43;24;735;751
6882;28,78;-251,65;0,00;0,00;0,00;-0,25;0,00;0,00;447;35;35;31;28;167;118
6883;35,90;-121,25;0,00;0,00;0,00;-0,12;0,00;0,00;63;128;109;12;19;605;168
6884;69,06;221,86;0,00;0,00;0,00;0,22;0,00;0,00;50;161;21;41;35;616;812
6885;54,50;42,75;0,00;0,00;0,00;0,04;0,00;0,00;29;42;32;12;39;917;331
6886;44,17;-102,25;0,00;0,00;0,00;-0,10;0,00;0,00;255;22;19;41;28;233;135
6887;70,13;186,76;0,00;0,00;0,00;0,19;0,00;0,00;354;172;125;19;19;209;729
6888;72,17;219,61;0,00;0,00;0,00;0,22;0,00;0,00;281;133;150;37;37;679;975
6889;35,46;-144,15;0,00;0,00;0,00;-0,14;0,00;0,00;186;150;114;10;25;918;192
6890;56,53;110,60;0,00;0,00;0,00;0,11;0,00;0,00;139;176;87;19;27;780;354
6891;64,65;178,91;0,00;0,00;0,00;0,18;0,00;0,00;224;181;103;28;24;755;788
6892;66,47;172,28;0,00;0,00;0,00;0,17;0,00;0,00;172;197;75;23;24;345;504
6893;77,12;213,24;0,00;0,00;0,00;0,21;0,00;0,00;366;73;135;47;19;749;725
6894;51,06;-0,04;0,00;0,00;0,00;-0,00;0,00;0,00;334;111;179;10;27;173;222
6895;16,66;-402,46;0,00;0,00;0,00;-0,40;0,00;0,00;114;135;132;41;21;748;615
6896;49,30;-76,67;0,00;0,00;0,00;-0,08;0,00;0,00;54;54;21;43;23;341;178
6897;36,73;-158,65;0,00;0,00;0,00;-0,16;0,00;0,00;161;190;59;49;18;354;391
6898;13,22;-379,44;0,00;0,00;0,00;-0,38;0,00;0,00;347;164;78;38;22;219;914
6899;51,45;-6,26;0,00;0,00;0,00;-0,01;0,00;0,00;371;100;71;37;35;713;666
6900;19,31;-241,58;0,00;0,00;0,00;-0,24;0,00;0,00;482;199;56;42;36;371;411
6901;69,41;261,66;0,00;0,00;0,00;0,26;0,00;0,00;327;98;92;19;35;333;172
6902;20,56;-302,06;0,00;0,00;0,00;-0,30;0,00;0,00;138;188;14;31;38;170;502
6903;70,51;239,92;0,00;0,00;0,00;0,24;0,00;0,00;163;10;69;17;19;521;283
6904;70,57;130,63;0,00;0,00;0,00;0,13;0,00;0,00;219;71;32;15;38;821;957
6905;52,14;-2,45;0,00;0,00;0,00;-0,00;0,00;0,00;291;22;99;33;32;628;811
6906;38,39;-134,14;0,00;0,00;0,00;-0,13;0,00;0,00;160;106;146;34;30;285;416
6907;47,56;-74,73;0,00;0,00;0,00;-0,07;0,00;0,00;135;52;136;46;21;242;361
6908;50,42;32,71;0,00;0,00;0,00;0,03;0,00;0,00;90;13;129;33;27;568;612
6909;66,37;184,52;0,00;0,00;0,00;0,18;0,00;0,00;52;199;189;45;36;477;425
6910;74,46;277,27;0,00;0,00;0,00;0,28;0,00;0,00;231;67;196;20;22;498;108
6911;44,53;-81,31;0,00;0,00;0,00;-0,08;0,00;0,00;46;94;187;36;27;912;432
6912;55,85;62,07;0,00;0,00;0,00;0,06;0,00;0,00;340;78;78;24;35;907;670
6913;75,10;236,04;0,00;0,00;0,00;0,24;0,00;0,00;446;146;194;40;30;538;378
6914;36,10;-185,23;0,00;0,00;0,00;-0,19;0,00;0,00;200;187;161;46;28;936;702
6915;81,14;411,11;0,00;0,00;0,00;0,41;0,00;0,00;260;132;100;46;38;571;466
6916;64,09;254,62;0,00;0,00;0,00;0,25;0,00;0,00;13;78;188;23;25;294;140
6917;57,83;28,09;0,00;0,00;0,00;0,03;0,00;0,00;438;192;68;12;16;434;281
6918;53,98;-85,13;0,00;0,00;0,00;-0,09;0,00;0,00;299;176;107;15;34;118;643
6919;54,71;30,27;0,00;0,00;0,00;0,03;0,00;0,00;193;88;82;11;33;283;152
6920;46,20;-3,96;0,00;0,00;0,00;-0,00;0,00;0,00;297;21;55;43;20;534;107
6921;54,86;31,00;0,00;0,00;0,00;0,03;0,00;0,00;383;89;183;30;39;285;251
6922;64,21;147,75;0,00;0,00;0,00;0,15;0,00;0,00;26;156;107;44;17;905;440
6923;29,51;-126,70;0,00;0,00;0,00;-0,13;0,00;0,00;494;170;192;46;38;139;301
6924;51,01;-57,48;0,00;0,00;0,00;-0,06;0,00;0,00;452;155;80;34;21;876;868
6925;64,25;125,86;0,00;0,00;0,00;0,13;0,00;0,00;166;46;21;32;35;921;605
6926;49,62;-19,74;0,00;0,00;0,00;-0,02;0,00;0,00;106;54;142;29;35;264;916
6927;47,25;77,79;0,00;0,00;0,00;0,08;0,00;0,00;192;174;190;35;24;152;118
6928;55,10;145,39;0,00;0,00;0,00;0,15;0,00;0,00;434;30;77;47;24;127;248
6929;36,72;-98,61;0,00;0,00;0,00;-0,10;0,00;0,00;59;31;24;42;33;111;623
6930;57,11;81,72;0,00;0,00;0,00;0,08;0,00;0,00;265;150;179;34;22;632;460
6931;41,26;-128,82;0,00;0,00;0,00;-0,13;0,00;0,00;302;60;188;16;16;428;790
6932;39,91;-138,15;0,00;0,00;0,00;-0,14;0,00;0,00;287;38;123;38;17;169;635
6933;47,56;-57,97;0,00;0,00;0,00;-0,06;0,00;0,00;149;86;182;23;21;373;690
6934;16,03;-408,57;0,00;0,00;0,00;-0,41;0,00;0,00;289;93;187;37;30;840;234
6935;26,13;-251,82;0,00;0,00;0,00;-0,25;0,00;0,00;25;28;72;43;18;478;802
6936;65,05;154,83;0,00;0,00;0,00;0,15;0,00;0,00;321;110;15;47;36;783;635
6937;69,27;234,12;0,00;0,00;0,00;0,23;0,00;0,00;68;103;141;20;32;861;521
6938;35,21;-140,41;0,00;0,00;0,00;-0,14;0,00;0,00;409;139;154;42;25;155;298
6939;40,67;-125,89;0,00;0,00;0,00;-0,13;0,00;0,00;355;21;148;44;20;447;413
6940;38,10;-80,98;0,00;0,00;0,00;-0,08;0,00;0,00;176;79;181;13;30;599;788
6941;68,99;135,63;0,00;0,00;0,00;0,14;0,00;0,00;239;151;119;16;19;776;390
6942;50,87;-44,78;0,00;0,00;0,00;-0,04;0,00;0,00;377;53;159;19;31;105;167
6943;38,11;-164,26;0,00;0,00;0,00;-0,16;0,00;0,00;408;54;53;25;25;712;416
6944;67,18;99,77;0,00;0,00;0,00;0,10;0,00;0,00;59;72;45;27;28;969;610
6945;69,67;164,91;0,00;0,00;0,00;0,16;0,00;0,00;222;40;137;40;31;118;714
6946;79,52;334,07;0,00;0,00;0,00;0,33;0,00;0,00;142;81;144;17;37;906;529
6947;81,01;256,61;0,00;0,00;0,00;0,26;0,00;0,00;460;49;176;22;29;567;247
6948;27,53;-237,55;0,00;0,00;0,00;-0,24;0,00;0,00;404;40;109;25;39;512;811
6949;51,18;-0,86;0,00;0,00;0,00;-0,00;0,00;0,00;202;107;19;46;23;101;399
6950;75,86;294,78;0,00;0,00;0,00;0,29;0,00;0,00;491;39;65;33;26;969;569
6951;38,50;-44,25;0,00;0,00;0,00;-0,04;0,00;0,00;103;104;51;44;21;429;911
6952;62,25;189,23;0,00;0,00;0,00;0,19;0,00;0,00;38;20;95;27;23;385;804
6953;32,30;-183,57;0,00;0,00;0,00;-0,18;0,00;0,00;195;107;161;32;37;221;344
6954;68,30;160,72;0,00;0,00;0,00;0,16;0,00;0,00;152;41;57;49;17;244;288
6955;61,18;63,94;0,00;0,00;0,00;0,06;0,00;0,00;294;43;52;38;39;472;791
6956;2,79;-500,93;0,00;0,00;0,00;-0,50;0,00;0,00;393;171;169;43;21;970;977
6957;42,23;-80,28;0,00;0,00;0,00;-0,08;0,00;0,00;44;85;152;40;31;921;698
6958;52,20;13,65;0,00;0,00;0,00;0,01;0,00;0,00;89;65;109;49;32;933;627
6959;37,20;-181,26;0,00;0,00;0,00;-0,18;0,00;0,00;454;134;172;36;33;890;870
6960;57,51;49,78;0,00;0,00;0,00;0,05;0,00;0,00;69;41;101;11;31;674;423
6961;34,65;-114,86;0,00;0,00;0,00;-0,11;0,00;0,00;482;175;127;27;34;747;496
6962;39,11;-172,10;0,00;0,00;0,00;-0,17;0,00;0,00;164;125;144;24;36;600;539
6963;53,15;-4,00;0,00;0,00;0,00;-0,00;0,00;0,00;229;108;66;34;25;376;549
6964;77,78;208,26;0,00;0,00;0,00;0,21;0,00;0,00;30;49;139;36;37;868;506
6965;42,32;-92,77;0,00;0,00;0,00;-0,09;0,00;0,00;112;191;196;48;24;471;370
6966;58,06;126,95;0,00;0,00;0,00;0,13;0,00;0,00;459;141;197;39;29;609;250
6967;78,05;364,31;0,00;0,00;0,00;0,36;0,00;0,00;195;62;105;45;25;783;347
6968;53,77;77,29;0,00;0,00;0,00;0,08;0,00;0,00;380;69;124;16;18;607;438
6969;82,86;337,36;0,00;0,00;0,00;0,34;0,00;0,00;55;31;89;29;16;467;192
6970;48,52;-96,51;0,00;0,00;0,00;-0,10;0,00;0,00;408;154;170;24;37;772;967
6971;73,30;181,66;0,00;0,00;0,00;0,18;0,00;0,00;436;82;73;28;15;566;273
6972;36,60;-139,01;0,00;0,00;0,00;-0,14;0,00;0,00;319;57;44;21;21;512;657
6973;84,40;387,36;0,00;0,00;0,00;0,39;0,00;0,00;462;166;146;36;35;146;124
6974;37,35;-65,36;0,00;0,00;0,00;-0,07;0,00;0,00;285;31;43;29;19;401;168
6975;37,17;-140,85;0,00;0,00;0,00;-0,14;0,00;0,00;179;148;144;37;30;636;515
6976;79,42;279,31;0,00;0,00;0,00;0,28;0,00;0,00;491;163;166;39;30;117;962
6977;43,52;7,32;0,00;0,00;0,00;0,01;0,00;0,00;391;174;59;40;23;365;597
6978;62,15;76,03;0,00;0,00;0,00;0,08;0,00;0,00;81;71;155;34;18;526;515
6979;71,80;276,67;0,00;0,00;0,00;0,28;0,00;0,00;239;174;90;41;26;793;782
6980;50,29;18,50;0,00;0,00;0,00;0,02;0,00;0,00;424;117;73;11;27;441;958
6981;40,30;-73,75;0,00;0,00;0,00;-0,07;0,00;0,00;38;54;84;33;19;640;503
6982;63,08;156,66;0,00;0,00;0,00;0,16;0,00;0,00;423;58;35;27;35;232;874
6983;40,61;-60,08;0,00;0,00;0,00;-0,06;0,00;0,00;154;123;25;26;39;673;368
6984;57,95;141,99;0,00;0,00;0,00;0,14;0,00;0,00;34;70;11;34;24;220;887
6985;46,46;-1,52;0,00;0,00;0,00;-0,00;0,00;0,00;235;95;31;11;26;731;286
6986;34,18;-122,16;0,00;0,00;0,00;-0,12;0,00;0,00;99;47;120;18;38;755;937
6987;29,34;-200,47;0,00;0,00;0,00;-0,20;0,00;0,00;155;99;129;42;30;456;349
6988;54,58;-18,09;0,00;0,00;0,00;-0,02;0,00;0,00;14;140;119;12;34;835;194
6989;62,58;59,01;0,00;0,00;0,00;0,06;0,00;0,00;51;24;176;37;36;250;855
6990;59,88;78,27;0,00;0,00;0,00;0,08;0,00;0,00;391;37;122;49;15;503;676
6991;50,34;-63,53;0,00;0,00;0,00;-0,06;0,00;0,00;149;153;46;20;19;338;627
6992;54,39;-1,43;0,00;0,00;0,00;-0,00;0,00;0,00;250;123;105;48;23;380;241
6993;45,49;-98,85;0,00;0,00;0,00;-0,10;0,00;0,00;277;149;199;11;30;643;224
6994;57,86;72,04;0,00;0,00;0,00;0,07;0,00;0,00;437;112;154;28;16;666;804
6995;51,08;104,71;0,00;0,00;0,00;0,10;0,00;0,00;494;143;41;42;28;442;901
6996;41,22;-124,28;0,00;0,00;0,00;-0,12;0,00;0,00;118;56;36;21;32;105;777
6997;56,58;74,75;0,00;0,00;0,00;0,07;0,00;0,00;206;94;147;28;34;150;337
6998;61,95;114,70;0,00;0,00;0,00;0,11;0,00;0,00;120;185;45;33;28;513;684
6999;55,68;11,74;0,00;0,00;0,00;0,01;0,00;0,00;333;120;36;22;27;763;500
7000;50,00;68,31;0,00;0,00;0,00;0,07;0,00;0,00;180;45;45;13;32;807;867
7001;47,37;28,66;0,00;0,00;0,00;0,03;0,00;0,00;280;177;76;42;21;112;902
7002;24,58;-280,55;0,00;0,00;0,00;-0,28;0,00;0,00;324;57;150;39;31;349;209
7003;64,45;254,59;0,00;0,00;0,00;0,25;0,00;0,00;33;138;146;23;39;573;900
7004;17,05;-397,08;0,00;0,00;0,00;-0,40;0,00;0,00;246;185;104;20;19;472;854
7005;73,51;147,81;0,00;0,00;0,00;0,15;0,00;0,00;409;136;92;26;18;649;129
7006;47,31;-25,61;0,00;0,00;0,00;-0,03;0,00;0,00;273;162;78;42;15;140;189
7007;28,88;-156,30;0,00;0,00;0,00;-0,16;0,00;0,00;287;135;148;10;36;704;460
7008;46,96;-12,37;0,00;0,00;0,00;-0,01;0,00;0,00;411;73;53;47;15;928;455
7009;56,32;153,76;0,00;0,00;0,00;0,15;0,00;0,00;347;63;92;23;31;951;569
7010;26,81;-224,29;0,00;0,00;0,00;-0,22;0,00;0,00;425;104;187;46;23;965;911
7011;56,75;109,75;0,00;0,00;0,00;0,11;0,00;0,00;80;111;92;15;16;177;904
7012;49,64;-16,91;0,00;0,00;0,00;-0,02;0,00;0,00;82;52;163;17;33;985;510
7013;62,77;172,65;0,00;0,00;0,00;0,17;0,00;0,00;124;172;58;35;24;916;704
7014;70,10;164,11;0,00;0,00;0,00;0,16;0,00;0,00;333;138;36;18;19;269;536
7015;27,41;-232,32;0,00;0,00;0,00;-0,23;0,00;0,00;45;108;67;16;25;651;633
7016;61,43;91,98;0,00;0,00;0,00;0,09;0,00;0,00;24;179;176;15;33;403;678
7017;33,83;-173,66;0,00;0,00;0,00;-0,17;0,00;0,00;392;60;71;19;29;190;929
7018;34,65;-128,24;0,00;0,00;0,00;-0,13;0,00;0,00;304;191;25;24;20;158;597
7019;37,49;-117,47;0,00;0,00;0,00;-0,12;0,00;0,00;379;101;178;26;26;269;219
7020;50,62;-28,83;0,00;0,00;0,00;-0,03;0,00;0,00;271;21;32;40;32;627;106
7021;47,58;-9,32;0,00;0,00;0,00;-0,01;0,00;0,00;109;139;23;40;37;396;821
7022;48,09;-84,32;0,00;0,00;0,00;-0,08;0,00;0,00;246;174;81;24;31;383;599
7023;30,86;-192,75;0,00;0,00;0,00;-0,19;0,00;0,00;124;145;12;45;30;362;713
7024;42,30;-178,18;0,00;0,00;0,00;-0,18;0,00;0,00;113;112;65;33;35;373;927
7025;27,82;-300,53;0,00;0,00;0,00;-0,30;0,00;0,00;45;109;151;43;25;300;318
7026;79,04;317,69;0,00;0,00;0,00;0,32;0,00;0,00;424;86;55;46;19;114;763
7027;84,95;281,31;0,00;0,00;0,00;0,28;0,00;0,00;394;177;62;25;39;998;121
7028;69,62;219,41;0,00;0,00;0,00;0,22;0,00;0,00;118;34;173;46;26;423;390
7029;60,72;115,51;0,00;0,00;0,00;0,12;0,00;0,00;280;21;64;42;30;161;275
7030;44,70;24,94;0,00;0,00;0,00;0,02;0,00;0,00;312;131;175;40;19;793;689
7031;62,60;218,65;0,00;0,00;0,00;0,22;0,00;0,00;224;129;59;30;27;568;401
7032;56,68;58,50;0,00;0,00;0,00;0,06;0,00;0,00;189;19;198;22;33;408;167
7033;28,75;-174,33;0,00;0,00;0,00;-0,17;0,00;0,00;430;188;101;41;30;614;613
7034;59,79;142,96;0,00;0,00;0,00;0,14;0,00;0,00;250;188;147;39;35;612;576
7035;56,60;39,81;0,00;0,00;0,00;0,04;0,00;0,00;204;17;90;15;18;389;297
7036;58,91;193,00;0,00;0,00;0,00;0,19;0,00;0,00;412;107;75;33;28;954;278
7037;49,05;-1,54;0,00;0,00;0,00;-0,00;0,00;0,00;220;177;18;45;15;562;350
7038;66,62;180,10;0,00;0,00;0,00;0,18;0,00;0,00;468;199;165;17;24;922;834
7039;32,94;-220,92;0,00;0,00;0,00;-0,22;0,00;0,00;485;10;152;21;20;314;236
7040;46,42;-48,56;0,00;0,00;0,00;-0,05;0,00;0,00;195;164;179;43;31;637;694
7041;39,06;-82,73;0,00;0,00;0,00;-0,08;0,00;0,00;474;21;163;21;30;234;461
7042;51,87;-29,37;0,00;0,00;0,00;-0,03;0,00;0,00;70;15;190;29;15;810;519
7043;35,98;-173,97;0,00;0,00;0,00;-0,17;0,00;0,00;422;122;120;25;16;777;679
7044;50,12;115,63;0,00;0,00;0,00;0,12;0,00;0,00;484;196;128;25;32;236;224
7045;47,20;-73,33;0,00;0,00;0,00;-0,07;0,00;0,00;479;118;118;32;37;732;194
7046;58,12;76,50;0,00;0,00;0,00;0,08;0,00;0,00;216;82;73;28;29;275;694
7047;23,69;-248,18;0,00;0,00;0,00;-0,25;0,00;0,00;463;16;27;27;35;983;520
7048;40,18;-121,32;0,00;0,00;0,00;-0,12;0,00;0,00;21;64;94;15;19;530;466
7049;46,67;-7,26;0,00;0,00;0,00;-0,01;0,00;0,00;238;59;166;46;36;795;834
7050;52,77;-3,31;0,00;0,00;0,00;-0,00;0,00;0,00;452;110;192;20;34;466;535
7051;46,56;-16,44;0,00;0,00;0,00;-0,02;0,00;0,00;236;19;98;21;30;538;885
7052;27,02;-178,23;0,00;0,00;0,00;-0,18;0,00;0,00;218;45;74;21;32;526;343
7053;74,07;219,54;0,00;0,00;0,00;0,22;0,00;0,00;142;166;184;48;17;692;783
7054;51,21;-31,32;0,00;0,00;0,00;-0,03;0,00;0,00;456;83;161;25;28;556;335
7055;63,18;42,10;0,00;0,00;0,00;0,04;0,00;0,00;33;42;58;14;39;647;200
7056;61,27;94,10;0,00;0,00;0,00;0,09;0,00;0,00;285;31;59;14;36;749;401
7057;81,80;306,84;0,00;0,00;0,00;0,31;0,00;0,00;223;59;126;25;32;797;378
7058;70,94;150,17;0,00;0,00;0,00;0,15;0,00;0,00;81;20;31;38;15;746;275
7059;67,53;103,51;0,00;0,00;0,00;0,10;0,00;0,00;365;145;175;38;30;108;485
7060;31,33;-208,82;0,00;0,00;0,00;-0,21;0,00;0,00;141;128;126;16;19;708;476
7061;38,00;-91,63;0,00;0,00;0,00;-0,09;0,00;0,00;329;86;142;26;22;680;420
7062;69,56;235,78;0,00;0,00;0,00;0,24;0,00;0,00;363;118;158;29;37;646;595
7063;48,43;-70,34;0,00;0,00;0,00;-0,07;0,00;0,00;428;141;58;11;22;335;245
7064;42,24;-118,70;0,00;0,00;0,00;-0,12;0,00;0,00;140;159;159;11;24;779;877
7065;23,50;-213,94;0,00;0,00;0,00;-0,21;0,00;0,00;287;92;129;48;28;712;857
7066;37,86;-105,94;0,00;0,00;0,00;-0,11;0,00;0,00;444;116;178;33;36;981;561
7067;35,15;-207,23;0,00;0,00;0,00;-0,21;0,00;0,00;218;134;29;35;23;323;393
7068;44,20;-81,88;0,00;0,00;0,00;-0,08;0,00;0,00;149;138;172;25;36;221;269
7069;78,36;425,08;0,00;0,00;0,00;0,43;0,00;0,00;293;67;102;32;22;878;658
7070;87,26;387,03;0,00;0,00;0,00;0,39;0,00;0,00;493;192;119;22;21;236;436
7071;62,36;79,72;0,00;0,00;0,00;0,08;0,00;0,00;473;180;15;43;17;435;527
7072;47,82;20,72;0,00;0,00;0,00;0,02;0,00;0,00;14;159;175;42;17;470;117
7073;48,80;84,09;0,00;0,00;0,00;0,08;0,00;0,00;276;34;75;10;32;870;409
7074;15,27;-333,35;0,00;0,00;0,00;-0,33;0,00;0,00;83;176;144;27;16;237;775
7075;40,80;-186,08;0,00;0,00;0,00;-0,19;0,00;0,00;65;22;175;49;27;169;776
7076;37,86;-106,33;0,00;0,00;0,00;-0,11;0,00;0,00;277;196;30;37;23;142;995
7077;44,29;-120,76;0,00;0,00;0,00;-0,12;0,00;0,00;348;15;180;49;27;112;728
7078;43,52;-12,99;0,00;0,00;0,00;-0,01;0,00;0,00;374;99;160;48;28;682;762
7079;42,33;-5,75;0,00;0,00;0,00;-0,01;0,00;0,00;215;84;137;21;30;740;656
7080;28,62;-175,33;0,00;0,00;0,00;-0,18;0,00;0,00;403;198;165;45;31;623;797
7081;44,15;-16,97;0,00;0,00;0,00;-0,02;0,00;0,00;388;164;104;14;18;585;690
7082;33,94;-202,66;0,00;0,00;0,00;-0,20;0,00;0,00;40;148;125;34;35;761;860
7083;25,32;-290,87;0,00;0,00;0,00;-0,29;0,00;0,00;48;135;12;48;31;908;416
7084;52,13;71,50;0,00;0,00;0,00;0,07;0,00;0,00;287;131;143;34;15;619;621
7085;28,17;-242,47;0,00;0,00;0,00;-0,24;0,00;0,00;430;183;197;31;34;974;793
7086;40,44;14,41;0,00;0,00;0,00;0,01;0,00;0,00;111;196;35;36;34;799;712
7087;55,27;-8,62;0,00;0,00;0,00;-0,01;0,00;0,00;491;23;192;47;27;416;206
7088;59,02;58,29;0,00;0,00;0,00;0,06;0,00;0,00;31;28;17;17;38;761;560
7089;42,94;-70,60;0,00;0,00;0,00;-0,07;0,00;0,00;135;144;118;46;24;978;546
7090;44,34;51,85;0,00;0,00;0,00;0,05;0,00;0,00;37;37;142;47;39;670;454
7091;51,55;15,99;0,00;0,00;0,00;0,02;0,00;0,00;242;103;43;28;36;119;969
7092;57,77;141,18;0,00;0,00;0,00;0,14;0,00;0,00;446;73;136;13;22;456;861
7093;35,51;-26,85;0,00;0,00;0,00;-0,03;0,00;0,00;22;20;61;22;28;433;880
7094;63,31;174,91;0,00;0,00;0,00;0,17;0,00;0,00;255;28;86;23;19;925;570
7095;31,82;-164,06;0,00;0,00;0,00;-0,16;0,00;0,00;164;129;171;29;20;680;211
7096;50,16;-4,25;0,00;0,00;0,00;-0,00;0,00;0,00;120;12;35;45;34;523;512
7097;31,32;-219,41;0,00;0,00;0,00;-0,22;0,00;0,00;300;158;141;32;38;953;721
7098;59,87;108,54;0,00;0,00;0,00;0,11;0,00;0,00;83;127;13;17;27;944;522
7099;66,10;144,75;0,00;0,00;0,00;0,14;0,00;0,00;126;102;142;29;16;367;931
7100;42,86;-80,67;0,00;0,00;0,00;-0,08;0,00;0,00;493;96;173;39;37;866;402
7101;38,20;-138,23;0,00;0,00;0,00;-0,14;0,00;0,00;154;197;88;37;33;341;710
7102;40,82;-61,64;0,00;0,00;0,00;-0,06;0,00;0,00;491;181;74;37;18;367;521
7103;26,56;-284,59;0,00;0,00;0,00;-0,28;0,00;0,00;178;154;103;25;22;274;274
7104;71,71;258,86;0,00;0,00;0,00;0,26;0,00;0,00;362;48;102;13;39;362;774
7105;26,78;-337,01;0,00;0,00;0,00;-0,34;0,00;0,00;311;181;139;30;25;267;664
7106;39,52;-124,51;0,00;0,00;0,00;-0,12;0,00;0,00;35;135;102;39;15;192;215
7107;84,89;413,40;0,00;0,00;0,00;0,41;0,00;0,00;478;161;73;42;30;805;430
7108;31,52;-164,25;0,00;0,00;0,00;-0,16;0,00;0,00;227;48;124;35;28;315;312
7109;51,79;-22,88;0,00;0,00;0,00;-0,02;0,00;0,00;235;176;12;21;24;485;360
7110;59,05;32,17;0,00;0,00;0,00;0,03;0,00;0,00;219;198;30;40;28;232;119
7111;35,27;-218,12;0,00;0,00;0,00;-0,22;0,00;0,00;142;28;118;48;25;484;146
7112;70,37;292,37;0,00;0,00;0,00;0,29;0,00;0,00;257;29;93;47;16;790;296
7113;44,33;4,45;0,00;0,00;0,00;0,00;0,00;0,00;391;148;143;18;15;701;913
7114;72,11;220,56;0,00;0,00;0,00;0,22;0,00;0,00;86;50;174;13;20;361;817
7115;46,46;-28,71;0,00;0,00;0,00;-0,03;0,00;0,00;310;85;65;45;22;741;397
7116;81,71;345,36;0,00;0,00;0,00;0,35;0,00;0,00;351;158;87;22;25;996;836
7117;49,57;-31,91;0,00;0,00;0,00;-0,03;0,00;0,00;246;150;68;32;28;713;536
7118;22,92;-248,98;0,00;0,00;0,00;-0,25;0,00;0,00;19;162;136;48;18;871;733
7119;41,98;-114,87;0,00;0,00;0,00;-0,11;0,00;0,00;262;29;64;10;20;933;857
7120;69,99;240,02;0,00;0,00;0,00;0,24;0,00;0,00;304;100;184;13;31;927;714
7121;51,25;-19,91;0,00;0,00;0,00;-0,02;0,00;0,00;278;137;167;35;17;579;204
7122;57,97;59,52;0,00;0,00;0,00;0,06;0,00;0,00;283;86;49;42;30;942;503
7123;66,30;105,57;0,00;0,00;0,00;0,11;0,00;0,00;494;126;130;20;37;485;934
7124;57,84;148,22;0,00;0,00;0,00;0,15;0,00;0,00;415;126;31;34;29;289;576
7125;65,60;138,31;0,00;0,00;0,00;0,14;0,00;0,00;353;76;190;42;26;437;520
7126;54,68;34,42;0,00;0,00;0,00;0,03;0,00;0,00;52;68;12;42;37;225;730
7127;30,08;-193,87;0,00;0,00;0,00;-0,19;0,00;0,00;120;52;72;43;30;501;857
7128;65,61;54,58;0,00;0,00;0,00;0,05;0,00;0,00;112;128;152;31;31;252;917
7129;40,28;-37,95;0,00;0,00;0,00;-0,04;0,00;0,00;261;170;187;27;18;663;382
7130;43,00;-75,63;0,00;0,00;0,00;-0,08;0,00;0,00;356;27;155;38;26;639;720
7131;51,82;34,03;0,00;0,00;0,00;0,03;0,00;0,00;99;43;70;19;17;175;618
7132;21,62;-361,84;0,00;0,00;0,00;-0,36;0,00;0,00;86;76;74;24;22;148;362
7133;50,52;73,94;0,00;0,00;0,00;0,07;0,00;0,00;285;41;192;42;24;757;469
7134;61,91;158,79;0,00;0,00;0,00;0,16;0,00;0,00;162;26;169;42;24;440;936
7135;64,17;159,98;0,00;0,00;0,00;0,16;0,00;0,00;320;15;38;31;36;125;688
7136;44,31;-127,35;0,00;0,00;0,00;-0,13;0,00;0,00;46;166;136;25;26;434;596
7137;35,38;-196,17;0,00;0,00;0,00;-0,20;0,00;0,00;167;155;135;38;16;621;581
7138;40,35;-182,84;0,00;0,00;0,00;-0,18;0,00;0,00;111;23;160;23;17;563;755
7139;67,02;182,12;0,00;0,00;0,00;0,18;0,00;0,00;170;194;13;19;26;444;212
7140;33,95;-172,08;0,00;0,00;0,00;-0,17;0,00;0,00;34;106;186;17;16;665;986
7141;68,60;127,75;0,00;0,00;0,00;0,13;0,00;0,00;239;193;145;32;17;341;334
7142;81,06;267,35;0,00;0,00;0,00;0,27;0,00;0,00;241;198;46;17;39;917;721
7143;43,54;-70,13;0,00;0,00;0,00;-0,07;0,00;0,00;131;86;18;33;23;237;247
7144;37,40;-199,69;0,00;0,00;0,00;-0,20;0,00;0,00;366;143;130;18;26;449;404
7145;58,23;102,66;0,00;0,00;0,00;0,10;0,00;0,00;404;71;177;23;29;307;641
7146;75,31;194,58;0,00;0,00;0,00;0,19;0,00;0,00;456;187;175;30;26;567;360
7147;53,72;52,58;0,00;0,00;0,00;0,05;0,00;0,00;229;144;111;10;19;610;430
7148;50,63;-51,34;0,00;0,00;0,00;-0,05;0,00;0,00;70;137;121;10;18;512;627
7149;46,33;-39,36;0,00;0,00;0,00;-0,04;0,00;0,00;115;119;63;43;31;687;953
7150;53,85;30,97;0,00;0,00;0,00;0,03;0,00;0,00;224;143;23;44;39;515;296
7151;30,20;-238,21;0,00;0,00;0,00;-0,24;0,00;0,00;63;21;89;13;37;769;442
7152;20,92;-324,98;0,00;0,00;0,00;-0,32;0,00;0,00;103;34;61;41;21;792;182
7153;64,15;84,52;0,00;0,00;0,00;0,08;0,00;0,00;151;41;80;22;15;116;527
7154;53,60;10,21;0,00;0,00;0,00;0,01;0,00;0,00;79;54;192;42;34;398;537
7155;34,92;-153,50;0,00;0,00;0,00;-0,15;0,00;0,00;293;117;153;36;20;901;485
7156;47,73;-92,74;0,00;0,00;0,00;-0,09;0,00;0,00;464;188;161;21;27;215;148
7157;94,06;406,26;0,00;0,00;0,00;0,41;0,00;0,00;73;104;75;18;18;935;824
7158;80,85;325,69;0,00;0,00;0,00;0,33;0,00;0,00;147;171;161;14;17;455;627
7159;48,32;59,75;0,00;0,00;0,00;0,06;0,00;0,00;27;23;102;23;15;136;245
7160;67,34;37,59;0,00;0,00;0,00;0,04;0,00;0,00;118;72;118;22;24;984;160
7161;46,43;94,59;0,00;0,00;0,00;0,09;0,00;0,00;329;132;11;33;34;279;869
7162;47,85;-49,42;0,00;0,00;0,00;-0,05;0,00;0,00;219;111;155;40;15;333;354
7163;42,86;-67,83;0,00;0,00;0,00;-0,07;0,00;0,00;174;78;118;44;22;385;803
7164;28,33;-272,23;0,00;0,00;0,00;-0,27;0,00;0,00;472;176;66;13;31;351;132
7165;47,91;-44,77;0,00;0,00;0,00;-0,04;0,00;0,00;136;11;63;44;29;705;919
7166;50,57;42,44;0,00;0,00;0,00;0,04;0,00;0,00;32;130;149;15;35;955;313
7167;54,69;90,33;0,00;0,00;0,00;0,09;0,00;0,00;128;57;47;15;15;443;846
7168;41,67;-7,35;0,00;0,00;0,00;-0,01;0,00;0,00;181;145;174;14;37;544;923
7169;34,15;-224,78;0,00;0,00;0,00;-0,22;0,00;0,00;447;175;110;39;38;132;108
7170;77,77;347,25;0,00;0,00;0,00;0,35;0,00;0,00;145;134;186;36;31;607;968
7171;53,61;82,47;0,00;0,00;0,00;0,08;0,00;0,00;427;152;34;28;17;287;152
7172;58,30;102,31;0,00;0,00;0,00;0,10;0,00;0,00;368;63;158;24;34;878;253
7173;57,15;72,65;0,00;0,00;0,00;0,07;0,00;0,00;488;97;41;26;35;515;321
7174;42,95;-22,66;0,00;0,00;0,00;-0,02;0,00;0,00;243;115;135;42;20;474;130
7175;73,18;303,52;0,00;0,00;0,00;0,30;0,00;0,00;98;108;31;12;15;344;362
7176;67,35;217,73;0,00;0,00;0,00;0,22;0,00;0,00;191;72;101;19;34;176;345
7177;15,30;-320,70;0,00;0,00;0,00;-0,32;0,00;0,00;169;92;167;34;36;909;246
7178;0,00;-496,84;0,00;0,00;0,00;-0,50;0,00;0,00;238;189;146;47;22;293;380
7179;54,51;86,39;0,00;0,00;0,00;0,09;0,00;0,00;466;114;104;27;26;782;754
7180;54,15;52,10;0,00;0,00;0,00;0,05;0,00;0,00;331;108;144;19;29;363;613
7181;22,04;-237,74;0,00;0,00;0,00;-0,24;0,00;0,00;287;93;46;11;33;151;601
7182;53,18;8,93;0,00;0,00;0,00;0,01;0,00;0,00;162;58;138;38;38;622;149
7183;40,14;-147,65;0,00;0,00;0,00;-0,15;0,00;0,00;454;190;145;30;15;223;424
7184;46,19;-27,74;0,00;0,00;0,00;-0,03;0,00;0,00;360;23;51;11;28;927;774
7185;42,32;-101,18;0,00;0,00;0,00;-0,10;0,00;0,00;139;53;156;42;37;542;628
7186;57,40;55,85;0,00;0,00;0,00;0,06;0,00;0,00;491;95;191;38;19;854;790
7187;62,13;139,72;0,00;0,00;0,00;0,14;0,00;0,00;14;71;147;19;15;869;221
7188;36,76;-88,47;0,00;0,00;0,00;-0,09;0,00;0,00;426;193;97;43;35;529;435
7189;36,30;-156,77;0,00;0,00;0,00;-0,16;0,00;0,00;158;42;57;30;39;130;930
7190;54,71;9,65;0,00;0,00;0,00;0,01;0,00;0,00;303;13;156;21;35;587;313
7191;52,76;-0,43;0,00;0,00;0,00;-0,00;0,00;0,00;155;17;172;37;25;936;472
7192;48,00;40,97;0,00;0,00;0,00;0,04;0,00;0,00;495;181;197;28;19;119;695
7193;43,91;-26,20;0,00;0,00;0,00;-0,03;0,00;0,00;255;118;41;33;25;737;190
7194;45,52;-56,87;0,00;0,00;0,00;-0,06;0,00;0,00;336;102;175;19;36;825;287
7195;35,49;-89,94;0,00;0,00;0,00;-0,09;0,00;0,00;153;81;81;18;27;467;795
7196;75,71;338,36;0,00;0,00;0,00;0,34;0,00;0,00;398;122;137;32;17;257;970
7197;90,32;407,38;0,00;0,00;0,00;0,41;0,00;0,00;366;137;112;14;17;608;126
7198;43,89;-92,01;0,00;0,00;0,00;-0,09;0,00;0,00;54;138;156;47;20;513;634
7199;52,25;6,78;0,00;0,00;0,00;0,01;0,00;0,00;415;139;56;35;38;450;623
7200;67,96;123,31;0,00;0,00;0,00;0,12;0,00;0,00;352;23;29;29;29;671;835
7201;67,17;181,55;0,00;0,00;0,00;0,18;0,00;0,00;352;63;57;33;16;500;315
7202;38,51;-134,30;0,00;0,00;0,00;-0,13;0,00;0,00;349;138;127;47;26;494;720
7203;75,71;173,06;0,00;0,00;0,00;0,17;0,00;0,00;69;13;156;27;25;120;104
7204;51,17;23,28;0,00;0,00;0,00;0,02;0,00;0,00;475;53;110;12;15;142;156
7205;58,19;50,74;0,00;0,00;0,00;0,05;0,00;0,00;352;88;109;34;34;223;945
7206;26,91;-216,02;0,00;0,00;0,00;-0,22;0,00;0,00;104;189;165;36;29;264;658
7207;50,32;93,54;0,00;0,00;0,00;0,09;0,00;0,00;467;32;151;30;16;586;902
7208;63,56;111,44;0,00;0,00;0,00;0,11;0,00;0,00;464;184;143;22;20;150;788
7209;52,05;-13,80;0,00;0,00;0,00;-0,01;0,00;0,00;44;48;123;46;34;544;440
7210;36,01;-180,85;0,00;0,00;0,00;-0,18;0,00;0,00;449;74;82;19;29;229;766
7211;64,26;166,62;0,00;0,00;0,00;0,17;0,00;0,00;467;137;194;16;17;358;700
7212;50,14;22,81;0,00;0,00;0,00;0,02;0,00;0,00;322;134;196;33;28;552;909
7213;37,98;-62,55;0,00;0,00;0,00;-0,06;0,00;0,00;80;184;182;48;17;493;367
7214;21,54;-407,53;0,00;0,00;0,00;-0,41;0,00;0,00;286;175;59;45;35;564;540
7215;74,18;217,07;0,00;0,00;0,00;0,22;0,00;0,00;272;118;90;30;29;847;853
7216;64,35;162,06;0,00;0,00;0,00;0,16;0,00;0,00;392;35;83;14;22;272;852
7217;47,71;7,85;0,00;0,00;0,00;0,01;0,00;0,00;428;128;120;39;22;637;494
7218;31,69;-131,42;0,00;0,00;0,00;-0,13;0,00;0,00;492;35;94;26;26;224;348
7219;33,55;-158,03;0,00;0,00;0,00;-0,16;0,00;0,00;405;159;13;10;31;231;107
7220;55,99;103,56;0,00;0,00;0,00;0,10;0,00;0,00;16;153;54;15;39;662;849
7221;45,11;-37,17;0,00;0,00;0,00;-0,04;0,00;0,00;28;199;80;44;23;333;522
7222;25,91;-261,10;0,00;0,00;0,00;-0,26;0,00;0,00;367;37;33;31;20;884;918
7223;48,14;1,09;0,00;0,00;0,00;0,00;0,00;0,00;31;189;148;46;34;778;727
7224;49,59;-28,54;0,00;0,00;0,00;-0,03;0,00;0,00;187;155;52;44;28;350;578
7225;53,39;34,14;0,00;0,00;0,00;0,03;0,00;0,00;276;180;90;14;20;329;950
7226;65,64;188,40;0,00;0,00;0,00;0,19;0,00;0,00;104;119;14;41;23;908;783
7227;41,47;-96,77;0,00;0,00;0,00;-0,10;0,00;0,00;194;26;158;10;17;788;521
7228;67,82;172,98;0,00;0,00;0,00;0,17;0,00;0,00;109;10;129;28;27;432;658
7229;61,49;98,71;0,00;0,00;0,00;0,10;0,00;0,00;416;53;178;30;17;956;348
7230;77,67;377,46;0,00;0,00;0,00;0,38;0,00;0,00;391;194;139;37;16;798;283
7231;63,08;75,01;0,00;0,00;0,00;0,08;0,00;0,00;491;37;91;49;29;554;966
7232;78,05;269,81;0,00;0,00;0,00;0,27;0,00;0,00;432;131;193;21;29;412;192
7233;56,30;141,62;0,00;0,00;0,00;0,14;0,00;0,00;341;143;199;40;38;956;920
7234;42,06;-109,79;0,00;0,00;0,00;-0,11;0,00;0,00;350;53;69;47;32;768;491
7235;65,53;162,02;0,00;0,00;0,00;0,16;0,00;0,00;335;41;122;11;28;272;505
7236;59,86;92,22;0,00;0,00;0,00;0,09;0,00;0,00;411;127;40;18;28;857;331
7237;33,23;-177,21;0,00;0,00;0,00;-0,18;0,00;0,00;240;17;167;19;36;243;151
7238;63,84;233,78;0,00;0,00;0,00;0,23;0,00;0,00;161;61;135;30;37;425;972
7239;48,68;-37,17;0,00;0,00;0,00;-0,04;0,00;0,00;355;185;192;41;19;214;369
7240;13,76;-337,88;0,00;0,00;0,00;-0,34;0,00;0,00;94;169;91;25;34;999;407
7241;53,35;75,72;0,00;0,00;0,00;0,08;0,00;0,00;149;99;45;49;34;331;379
7242;72,22;200,60;0,00;0,00;0,00;0,20;0,00;0,00;44;82;61;46;32;380;622
7243;47,55;-141,62;0,00;0,00;0,00;-0,14;0,00;0,00;235;36;138;37;22;289;231
7244;46,92;-14,52;0,00;0,00;0,00;-0,01;0,00;0,00;191;127;32;10;29;354;708
7245;53,83;93,03;0,00;0,00;0,00;0,09;0,00;0,00;188;131;199;47;23;626;708
7246;69,24;159,90;0,00;0,00;0,00;0,16;0,00;0,00;54;91;64;21;19;796;587
7247;36,40;-151,92;0,00;0,00;0,00;-0,15;0,00;0,00;345;51;112;48;16;450;947
7248;63,48;86,83;0,00;0,00;0,00;0,09;0,00;0,00;87;186;101;32;23;306;488
7249;47,28;-138,49;0,00;0,00;0,00;-0,14;0,00;0,00;48;75;112;28;28;213;969
7250;55,81;40,36;0,00;0,00;0,00;0,04;0,00;0,00;436;179;127;41;39;728;973
7251;40,31;-109,54;0,00;0,00;0,00;-0,11;0,00;0,00;30;116;144;11;35;594;606
7252;39,29;32,38;0,00;0,00;0,00;0,03;0,00;0,00;56;48;13;43;32;712;199
7253;72,40;192,03;0,00;0,00;0,00;0,19;0,00;0,00;324;30;167;19;17;207;139
7254;59,90;24,96;0,00;0,00;0,00;0,02;0,00;0,00;301;88;198;24;20;857;632
7255;48,56;25,79;0,00;0,00;0,00;0,03;0,00;0,00;183;108;32;13;18;783;193
7256;33,05;-263,16;0,00;0,00;0,00;-0,26;0,00;0,00;216;113;129;36;26;927;276
7257;46,42;-78,15;0,00;0,00;0,00;-0,08;0,00;0,00;80;55;151;38;16;237;945
7258;27,79;-297,09;0,00;0,00;0,00;-0,30;0,00;0,00;437;142;169;39;17;239;756
7259;48,00;-108,16;0,00;0,00;0,00;-0,11;0,00;0,00;329;19;145;23;24;131;600
7260;41,58;5,02;0,00;0,00;0,00;0,01;0,00;0,00;375;164;146;43;32;824;229
7261;28,84;-213,34;0,00;0,00;0,00;-0,21;0,00;0,00;250;120;59;42;17;863;324
7262;51,34;86,29;0,00;0,00;0,00;0,09;0,00;0,00;58;177;61;19;15;138;723
7263;65,36;209,08;0,00;0,00;0,00;0,21;0,00;0,00;72;174;92;24;26;779;480
7264;55,46;-29,77;0,00;0,00;0,00;-0,03;0,00;0,00;199;46;77;24;23;720;395
7265;51,09;-16,65;0,00;0,00;0,00;-0,02;0,00;0,00;322;124;180;12;36;603;428
7266;28,06;-123,95;0,00;0,00;0,00;-0,12;0,00;0,00;181;197;87;37;38;229;933
7267;60,73;187,09;0,00;0,00;0,00;0,19;0,00;0,00;411;175;92;11;39;458;591
7268;77,95;282,41;0,00;0,00;0,00;0,28;0,00;0,00;264;159;120;38;32;863;336
7269;68,97;161,19;0,00;0,00;0,00;0,16;0,00;0,00;71;51;57;34;25;472;513
7270;40,88;-138,45;0,00;0,00;0,00;-0,14;0,00;0,00;442;57;54;37;35;291;862
7271;25,03;-207,97;0,00;0,00;0,00;-0,21;0,00;0,00;497;198;81;31;32;734;279
7272;37,09;-167,12;0,00;0,00;0,00;-0,17;0,00;0,00;267;53;20;13;25;640;281
7273;60,09;45,85;0,00;0,00;0,00;0,05;0,00;0,00;262;164;170;10;18;127;649
7274;59,06;129,11;0,00;0,00;0,00;0,13;0,00;0,00;370;122;111;30;24;298;247
7275;96,19;444,78;0,00;0,00;0,00;0,44;0,00;0,00;386;179;88;42;38;436;296
7276;58,02;50,36;0,00;0,00;0,00;0,05;0,00;0,00;132;191;78;11;20;445;673
7277;45,62;-50,98;0,00;0,00;0,00;-0,05;0,00;0,00;419;195;191;29;33;491;934
7278;46,25;-74,52;0,00;0,00;0,00;-0,07;0,00;0,00;348;46;136;31;37;314;559
7279;52,57;11,01;0,00;0,00;0,00;0,01;0,00;0,00;152;159;86;21;26;697;552
7280;45,97;-49,20;0,00;0,00;0,00;-0,05;0,00;0,00;141;53;102;47;16;895;412
7281;21,88;-265,67;0,00;0,00;0,00;-0,27;0,00;0,00;204;74;156;15;26;746;687
7282;32,44;-286,81;0,00;0,00;0,00;-0,29;0,00;0,00;441;193;162;33;39;656;732
7283;60,17;135,34;0,00;0,00;0,00;0,14;0,00;0,00;429;192;134;31;17;244;310
7284;51,89;88,34;0,00;0,00;0,00;0,09;0,00;0,00;271;86;49;49;16;373;616
7285;45,95;-31,16;0,00;0,00;0,00;-0,03;0,00;0,00;71;112;91;15;22;897;514
7286;49,15;-56,70;0,00;0,00;0,00;-0,06;0,00;0,00;246;153;50;16;31;973;447
7287;60,63;88,09;0,00;0,00;0,00;0,09;0,00;0,00;257;37;82;22;27;639;266
7288;78,86;310,38;0,00;0,00;0,00;0,31;0,00;0,00;243;117;188;39;34;263;184
7289;15,21;-331,88;0,00;0,00;0,00;-0,33;0,00;0,00;367;146;13;23;31;344;996
7290;35,75;-135,87;0,00;0,00;0,00;-0,14;0,00;0,00;488;12;61;29;19;723;305
7291;30,29;-174,61;0,00;0,00;0,00;-0,17;0,00;0,00;410;137;65;33;24;596;645
7292;52,71;21,47;0,00;0,00;0,00;0,02;0,00;0,00;327;161;107;27;25;910;196
7293;27,54;-237,49;0,00;0,00;0,00;-0,24;0,00;0,00;46;17;102;30;26;142;669
7294;48,59;-58,80;0,00;0,00;0,00;-0,06;0,00;0,00;345;184;124;22;38;400;541
7295;50,56;6,74;0,00;0,00;0,00;0,01;0,00;0,00;270;83;104;11;17;793;161
7296;66,70;159,21;0,00;0,00;0,00;0,16;0,00;0,00;113;87;190;15;25;600;654
7297;60,31;49,30;0,00;0,00;0,00;0,05;0,00;0,00;454;139;199;21;24;410;107
7298;34,44;-182,03;0,00;0,00;0,00;-0,18;0,00;0,00;337;115;194;15;17;784;361
7299;61,68;114,64;0,00;0,00;0,00;0,11;0,00;0,00;164;37;17;47;36;458;951
7300;62,52;18,52;0,00;0,00;0,00;0,02;0,00;0,00;12;39;151;21;38;594;258
7301;80,54;291,71;0,00;0,00;0,00;0,29;0,00;0,00;343;52;197;49;16;571;698
7302;33,33;-202,70;0,00;0,00;0,00;-0,20;0,00;0,00;170;119;115;43;38;106;794
7303;45,09;-74,59;0,00;0,00;0,00;-0,07;0,00;0,00;21;154;85;29;25;635;146
7304;35,02;-67,10;0,00;0,00;0,00;-0,07;0,00;0,00;57;43;79;40;29;457;823
7305;58,19;74,15;0,00;0,00;0,00;0,07;0,00;0,00;201;124;49;45;35;529;169
7306;53,21;28,79;0,00;0,00;0,00;0,03;0,00;0,00;331;197;147;32;39;634;921
7307;38,87;-49,39;0,00;0,00;0,00;-0,05;0,00;0,00;149;176;158;10;18;733;665
7308;36,89;-141,76;0,00;0,00;0,00;-0,14;0,00;0,00;168;196;174;31;36;890;538
7309;39,65;-108,73;0,00;0,00;0,00;-0,11;0,00;0,00;111;67;155;41;20;687;992
7310;31,78;-163,87;0,00;0,00;0,00;-0,16;0,00;0,00;36;110;22;26;30;122;636
7311;60,50;90,98;0,00;0,00;0,00;0,09;0,00;0,00;22;65;140;49;29;788;122
7312;55,93;11,38;0,00;0,00;0,00;0,01;0,00;0,00;467;84;81;25;16;452;495
7313;52,24;-25,37;0,00;0,00;0,00;-0,03;0,00;0,00;258;20;172;14;32;126;229
7314;76,74;272,52;0,00;0,00;0,00;0,27;0,00;0,00;32;62;20;45;34;496;365
7315;69,93;247,60;0,00;0,00;0,00;0,25;0,00;0,00;22;32;57;30;35;352;953
7316;27,15;-280,28;0,00;0,00;0,00;-0,28;0,00;0,00;216;133;80;21;22;615;318
7317;51,51;5,17;0,00;0,00;0,00;0,01;0,00;0,00;157;59;39;41;20;595;502
7318;39,52;-85,08;0,00;0,00;0,00;-0,09;0,00;0,00;380;14;149;15;19;772;861
7319;78,83;262,45;0,00;0,00;0,00;0,26;0,00;0,00;93;65;19;25;32;520;374
7320;12,19;-360,12;0,00;0,00;0,00;-0,36;0,00;0,00;368;131;110;18;21;115;971
7321;45,63;-68,75;0,00;0,00;0,00;-0,07;0,00;0,00;166;30;102;47;37;722;993
7322;39,48;-33,64;0,00;0,00;0,00;-0,03;0,00;0,00;299;133;167;41;35;739;997
7323;57,37;104,89;0,00;0,00;0,00;0,10;0,00;0,00;277;99;153;33;29;929;588
7324;51,91;-0,90;0,00;0,00;0,00;-0,00;0,00;0,00;383;109;83;28;26;291;801
7325;22,80;-144,72;0,00;0,00;0,00;-0,14;0,00;0,00;196;132;166;30;25;621;872
7326;74,62;275,16;0,00;0,00;0,00;0,28;0,00;0,00;151;93;20;48;27;266;919
7327;32,20;-194,44;0,00;0,00;0,00;-0,19;0,00;0,00;133;75;55;26;33;391;759
7328;55,82;42,28;0,00;0,00;0,00;0,04;0,00;0,00;54;86;15;14;27;744;958
7329;63,22;164,59;0,00;0,00;0,00;0,16;0,00;0,00;284;111;124;47;37;474;991
7330;40,22;-74,65;0,00;0,00;0,00;-0,07;0,00;0,00;228;52;35;42;38;561;696
7331;55,14;0,86;0,00;0,00;0,00;0,00;0,00;0,00;429;113;123;34;39;490;739
7332;94,66;380,99;0,00;0,00;0,00;0,38;0,00;0,00;24;48;166;26;18;613;312
7333;49,01;64,81;0,00;0,00;0,00;0,06;0,00;0,00;52;110;146;39;33;673;934
7334;44,38;-109,83;0,00;0,00;0,00;-0,11;0,00;0,00;484;171;96;11;17;788;761
7335;53,32;44,69;0,00;0,00;0,00;0,04;0,00;0,00;173;13;153;45;27;884;204
7336;59,67;61,30;0,00;0,00;0,00;0,06;0,00;0,00;203;22;17;12;36;542;879
7337;70,04;248,12;0,00;0,00;0,00;0,25;0,00;0,00;260;158;104;47;28;627;978
7338;85,63;299,82;0,00;0,00;0,00;0,30;0,00;0,00;378;187;100;23;39;126;899
7339;42,52;-29,00;0,00;0,00;0,00;-0,03;0,00;0,00;134;46;140;17;26;991;756
7340;28,52;-237,17;0,00;0,00;0,00;-0,24;0,00;0,00;28;48;106;38;32;525;128
7341;44,06;-12,12;0,00;0,00;0,00;-0,01;0,00;0,00;328;143;164;18;35;438;632
7342;55,60;100,29;0,00;0,00;0,00;0,10;0,00;0,00;172;128;150;23;17;133;944
7343;45,79;-43,29;0,00;0,00;0,00;-0,04;0,00;0,00;397;20;154;33;36;161;473
7344;47,34;-159,59;0,00;0,00;0,00;-0,16;0,00;0,00;258;13;109;28;22;784;216
7345;22,45;-247,77;0,00;0,00;0,00;-0,25;0,00;0,00;96;158;188;18;35;300;859
7346;48,14;-42,33;0,00;0,00;0,00;-0,04;0,00;0,00;80;56;120;46;19;502;995
7347;63,57;236,07;0,00;0,00;0,00;0,24;0,00;0,00;389;38;163;26;23;233;148
7348;66,49;129,97;0,00;0,00;0,00;0,13;0,00;0,00;106;122;124;37;28;137;987
7349;53,06;2,80;0,00;0,00;0,00;0,00;0,00;0,00;157;86;13;18;20;677;129
7350;49,49;-54,93;0,00;0,00;0,00;-0,05;0,00;0,00;401;95;58;24;19;573;351
7351;57,10;15,96;0,00;0,00;0,00;0,02;0,00;0,00;362;40;67;24;24;366;563
7352;39,46;-152,78;0,00;0,00;0,00;-0,15;0,00;0,00;155;109;164;25;24;499;304
7353;47,93;-49,53;0,00;0,00;0,00;-0,05;0,00;0,00;330;74;59;16;23;390;418
7354;52,46;22,23;0,00;0,00;0,00;0,02;0,00;0,00;455;27;181;47;17;467;637
7355;58,38;144,65;0,00;0,00;0,00;0,14;0,00;0,00;159;34;179;23;17;323;572
7356;46,38;61,35;0,00;0,00;0,00;0,06;0,00;0,00;312;64;57;10;37;791;410
7357;41,16;-8,71;0,00;0,00;0,00;-0,01;0,00;0,00;108;199;127;12;31;709;381
7358;39,49;-120,98;0,00;0,00;0,00;-0,12;0,00;0,00;119;176;199;28;24;685;816
7359;41,41;-50,63;0,00;0,00;0,00;-0,05;0,00;0,00;17;169;146;33;24;389;651
7360;71,71;265,52;0,00;0,00;0,00;0,27;0,00;0,00;447;51;129;47;24;986;232
7361;43,86;-101,98;0,00;0,00;0,00;-0,10;0,00;0,00;233;197;89;10;32;570;461
7362;18,04;-307,35;0,00;0,00;0,00;-0,31;0,00;0,00;314;178;54;43;21;973;378
7363;63,13;100,06;0,00;0,00;0,00;0,10;0,00;0,00;216;22;54;11;17;352;318
7364;59,42;81,01;0,00;0,00;0,00;0,08;0,00;0,00;475;119;16;49;19;568;848
7365;47,41;-27,68;0,00;0,00;0,00;-0,03;0,00;0,00;165;13;170;42;35;608;890
7366;33,00;-249,58;0,00;0,00;0,00;-0,25;0,00;0,00;351;45;40;22;16;746;448
7367;54,65;15,58;0,00;0,00;0,00;0,02;0,00;0,00;34;17;107;18;15;951;638
7368;42,35;-84,29;0,00;0,00;0,00;-0,08;0,00;0,00;271;176;16;42;35;758;546
7369;71,31;151,62;0,00;0,00;0,00;0,15;0,00;0,00;332;164;32;28;24;605;303
7370;56,88;47,96;0,00;0,00;0,00;0,05;0,00;0,00;36;54;97;36;38;399;507
7371;31,86;-162,36;0,00;0,00;0,00;-0,16;0,00;0,00;208;70;115;19;20;965;403
7372;68,47;131,56;0,00;0,00;0,00;0,13;0,00;0,00;477;125;62;14;26;994;852
7373;69,62;209,17;0,00;0,00;0,00;0,21;0,00;0,00;265;50;105;33;35;960;146
7374;74,20;345,47;0,00;0,00;0,00;0,35;0,00;0,00;120;93;16;43;39;505;107
7375;54,58;-52,94;0,00;0,00;0,00;-0,05;0,00;0,00;438;127;123;21;29;118;243
7376;61,96;45,93;0,00;0,00;0,00;0,05;0,00;0,00;84;86;93;35;28;240;472
7377;24,25;-222,50;0,00;0,00;0,00;-0,22;0,00;0,00;358;113;52;29;23;669;771
7378;34,67;-98,97;0,00;0,00;0,00;-0,10;0,00;0,00;165;120;179;13;19;601;677
7379;66,67;153,70;0,00;0,00;0,00;0,15;0,00;0,00;216;187;184;18;20;228;924
7380;55,45;7,26;0,00;0,00;0,00;0,01;0,00;0,00;118;160;141;14;27;792;336
7381;49,51;-22,83;0,00;0,00;0,00;-0,02;0,00;0,00;427;107;83;40;27;210;206
7382;41,77;-186,46;0,00;0,00;0,00;-0,19;0,00;0,00;178;85;182;33;35;756;494
7383;42,26;-2,31;0,00;0,00;0,00;-0,00;0,00;0,00;336;138;102;27;22;278;346
7384;57,34;-7,55;0,00;0,00;0,00;-0,01;0,00;0,00;336;122;90;42;20;955;677
7385;72,04;208,06;0,00;0,00;0,00;0,21;0,00;0,00;350;79;21;39;27;897;742
7386;64,58;121,42;0,00;0,00;0,00;0,12;0,00;0,00;313;10;72;23;24;103;980
7387;37,10;-91,01;0,00;0,00;0,00;-0,09;0,00;0,00;157;115;23;32;20;921;510
7388;70,55;270,34;0,00;0,00;0,00;0,27;0,00;0,00;119;98;181;34;20;705;537
7389;47,05;-2,73;0,00;0,00;0,00;-0,00;0,00;0,00;133;74;68;29;15;820;447
7390;42,56;-76,61;0,00;0,00;0,00;-0,08;0,00;0,00;431;178;63;12;31;967;456
7391;28,55;-210,83;0,00;0,00;0,00;-0,21;0,00;0,00;145;56;113;22;25;969;512
7392;41,71;-118,85;0,00;0,00;0,00;-0,12;0,00;0,00;116;75;15;15;30;321;803
7393;81,50;290,13;0,00;0,00;0,00;0,29;0,00;0,00;397;81;135;34;25;658;983
7394;62,01;115,76;0,00;0,00;0,00;0,12;0,00;0,00;328;101;112;42;29;418;587
7395;58,66;72,70;0,00;0,00;0,00;0,07;0,00;0,00;176;53;56;49;21;969;171
7396;32,13;-190,66;0,00;0,00;0,00;-0,19;0,00;0,00;275;175;158;48;15;369;256
7397;69,47;190,62;0,00;0,00;0,00;0,19;0,00;0,00;170;151;183;32;35;543;906
7398;73,95;185,32;0,00;0,00;0,00;0,19;0,00;0,00;17;76;30;22;26;471;718
7399;49,13;45,48;0,00;0,00;0,00;0,05;0,00;0,00;425;175;78;20;28;730;413
7400;49,66;64,69;0,00;0,00;0,00;0,06;0,00;0,00;464;94;168;36;31;818;347
7401;57,52;6,40;0,00;0,00;0,00;0,01;0,00;0,00;93;165;89;48;27;117;432
7402;66,98;217,60;0,00;0,00;0,00;0,22;0,00;0,00;74;136;46;14;33;192;146
7403;59,01;155,79;0,00;0,00;0,00;0,16;0,00;0,00;388;103;113;13;18;952;562
7404;44,73;-54,05;0,00;0,00;0,00;-0,05;0,00;0,00;473;191;197;25;36;329;714
7405;30,08;-216,67;0,00;0,00;0,00;-0,22;0,00;0,00;379;15;159;48;24;595;383
7406;57,34;60,18;0,00;0,00;0,00;0,06;0,00;0,00;101;79;61;42;24;689;710
7407;13,33;-399,01;0,00;0,00;0,00;-0,40;0,00;0,00;392;134;112;41;24;129;755
7408;56,10;151,78;0,00;0,00;0,00;0,15;0,00;0,00;321;191;164;45;24;470;873
7409;68,60;196,31;0,00;0,00;0,00;0,20;0,00;0,00;13;64;114;11;39;189;721
7410;66,59;136,84;0,00;0,00;0,00;0,14;0,00;0,00;450;131;153;47;26;979;638
7411;33,09;-176,35;0,00;0,00;0,00;-0,18;0,00;0,00;174;102;101;10;16;928;757
7412;69,72;225,86;0,00;0,00;0,00;0,23;0,00;0,00;398;18;37;14;26;848;337
7413;55,29;69,84;0,00;0,00;0,00;0,07;0,00;0,00;64;21;79;46;29;345;404
7414;43,53;-83,26;0,00;0,00;0,00;-0,08;0,00;0,00;10;184;73;15;17;824;162
7415;63,27;171,70;0,00;0,00;0,00;0,17;0,00;0,00;396;17;92;15;18;639;103
7416;62,23;227,74;0,00;0,00;0,00;0,23;0,00;0,00;361;100;55;35;32;293;861
7417;73,61;265,52;0,00;0,00;0,00;0,27;0,00;0,00;340;48;39;41;21;633;540
7418;34,35;-110,01;0,00;0,00;0,00;-0,11;0,00;0,00;487;104;70;49;35;211;930
7419;49,32;34,36;0,00;0,00;0,00;0,03;0,00;0,00;377;46;28;47;17;177;258
7420;34,86;-187,37;0,00;0,00;0,00;-0,19;0,00;0,00;383;129;165;24;39;367;199
7421;27,80;-162,47;0,00;0,00;0,00;-0,16;0,00;0,00;343;26;69;19;16;941;290
7422;18,22;-355,77;0,00;0,00;0,00;-0,36;0,00;0,00;471;16;124;25;37;142;932
7423;56,46;81,83;0,00;0,00;0,00;0,08;0,00;0,00;19;21;187;10;17;572;161
7424;36,96;-13,97;0,00;0,00;0,00;-0,01;0,00;0,00;446;170;142;44;17;866;616
7425;53,41;68,21;0,00;0,00;0,00;0,07;0,00;0,00;390;27;95;44;34;603;171
7426;54,95;31,89;0,00;0,00;0,00;0,03;0,00;0,00;338;10;72;46;39;861;890
7427;55,64;17,97;0,00;0,00;0,00;0,02;0,00;0,00;205;102;103;34;38;650;304
7428;50,91;3,83;0,00;0,00;0,00;0,00;0,00;0,00;457;136;168;33;21;611;744
7429;37,76;-236,31;0,00;0,00;0,00;-0,24;0,00;0,00;393;130;47;30;18;287;903
7430;54,67;34,45;0,00;0,00;0,00;0,03;0,00;0,00;240;93;116;24;18;610;605
7431;38,44;-33,80;0,00;0,00;0,00;-0,03;0,00;0,00;73;155;41;17;34;597;246
7432;62,06;19,89;0,00;0,00;0,00;0,02;0,00;0,00;210;141;91;33;17;985;247
7433;67,72;200,48;0,00;0,00;0,00;0,20;0,00;0,00;360;79;21;30;34;979;433
7434;60,20;-3,84;0,00;0,00;0,00;-0,00;0,00;0,00;261;43;67;33;33;261;673
7435;64,11;128,78;0,00;0,00;0,00;0,13;0,00;0,00;258;10;106;28;38;422;312
7436;58,79;88,95;0,00;0,00;0,00;0,09;0,00;0,00;255;196;33;35;16;758;990
7437;31,53;-202,08;0,00;0,00;0,00;-0,20;0,00;0,00;292;60;119;42;27;538;568
7438;38,63;-114,29;0,00;0,00;0,00;-0,11;0,00;0,00;323;114;59;45;37;579;502
7439;58,85;114,74;0,00;0,00;0,00;0,11;0,00;0,00;467;102;13;39;16;544;377
7440;20,62;-265,35;0,00;0,00;0,00;-0,27;0,00;0,00;448;15;96;16;29;589;191
7441;61,82;94,81;0,00;0,00;0,00;0,09;0,00;0,00;65;173;26;16;33;717;607
7442;35,07;-208,83;0,00;0,00;0,00;-0,21;0,00;0,00;157;155;146;21;38;533;244
7443;61,03;142,18;0,00;0,00;0,00;0,14;0,00;0,00;90;127;80;24;33;395;498
7444;68,47;258,19;0,00;0,00;0,00;0,26;0,00;0,00;281;21;153;21;28;385;972
7445;20,39;-224,59;0,00;0,00;0,00;-0,22;0,00;0,00;60;198;150;30;30;579;709
7446;34,95;-131,20;0,00;0,00;0,00;-0,13;0,00;0,00;187;152;199;12;39;898;582
7447;42,07;-45,47;0,00;0,00;0,00;-0,05;0,00;0,00;296;78;11;21;22;267;644
7448;66,25;128,01;0,00;0,00;0,00;0,13;0,00;0,00;21;63;99;17;29;252;687
7449;42,17;-28,20;0,00;0,00;0,00;-0,03;0,00;0,00;193;54;89;29;30;704;119
7450;57,18;85,89;0,00;0,00;0,00;0,09;0,00;0,00;416;131;173;31;20;599;265
7451;45,55;-69,45;0,00;0,00;0,00;-0,07;0,00;0,00;19;155;21;13;30;207;670
7452;39,42;-67,72;0,00;0,00;0,00;-0,07;0,00;0,00;46;67;98;16;31;844;480
7453;50,96;-49,75;0,00;0,00;0,00;-0,05;0,00;0,00;407;178;95;32;37;661;580
7454;63,23;123,25;0,00;0,00;0,00;0,12;0,00;0,00;227;168;193;12;19;139;139
7455;16,69;-255,42;0,00;0,00;0,00;-0,26;0,00;0,00;233;135;146;44;32;211;788
7456;9,29;-502,63;0,00;0,00;0,00;-0,50;0,00;0,00;306;197;36;49;36;549;740
7457;42,20;-164,46;0,00;0,00;0,00;-0,16;0,00;0,00;311;160;23;42;26;428;319
7458;55,43;53,19;0,00;0,00;0,00;0,05;0,00;0,00;394;47;56;16;24;519;900
7459;42,29;-123,04;0,00;0,00;0,00;-0,12;0,00;0,00;433;165;41;12;36;155;758
7460;80,98;265,28;0,00;0,00;0,00;0,27;0,00;0,00;275;92;166;12;23;841;793
7461;49,66;99,86;0,00;0,00;0,00;0,10;0,00;0,00;330;109;49;47;30;298;346
7462;64,25;47,02;0,00;0,00;0,00;0,05;0,00;0,00;343;26;180;10;15;369;589
7463;65,26;169,87;0,00;0,00;0,00;0,17;0,00;0,00;493;147;176;15;27;151;120
7464;40,05;-97,29;0,00;0,00;0,00;-0,10;0,00;0,00;151;13;79;19;32;352;807
7465;30,67;-191,81;0,00;0,00;0,00;-0,19;0,00;0,00;248;78;147;46;17;334;975
7466;42,97;-90,27;0,00;0,00;0,00;-0,09;0,00;0,00;422;160;99;26;37;969;586
7467;45,80;-53,37;0,00;0,00;0,00;-0,05;0,00;0,00;146;51;119;12;18;681;945
7468;51,62;-7,87;0,00;0,00;0,00;-0,01;0,00;0,00;202;92;194;26;30;439;516
7469;27,61;-244,32;0,00;0,00;0,00;-0,24;0,00;0,00;432;77;73;33;22;252;196
7470;66,46;148,75;0,00;0,00;0,00;0,15;0,00;0,00;126;157;45;48;27;965;706
7471;59,00;41,10;0,00;0,00;0,00;0,04;0,00;0,00;178;41;153;16;33;503;483
7472;58,22;75,06;0,00;0,00;0,00;0,08;0,00;0,00;321;133;39;35;15;469;453
7473;39,83;-121,27;0,00;0,00;0,00;-0,12;0,00;0,00;88;130;63;38;17;434;688
7474;40,92;-82,75;0,00;0,00;0,00;-0,08;0,00;0,00;249;139;45;39;15;380;163
7475;63,25;98,88;0,00;0,00;0,00;0,10;0,00;0,00;484;123;86;31;15;620;658
7476;53,58;74,13;0,00;0,00;0,00;0,07;0,00;0,00;339;92;183;41;25;659;231
7477;49,46;-9,06;0,00;0,00;0,00;-0,01;0,00;0,00;470;34;28;15;21;321;835
7478;58,85;44,04;0,00;0,00;0,00;0,04;0,00;0,00;248;188;78;25;24;105;701
7479;48,36;-4,28;0,00;0,00;0,00;-0,00;0,00;0,00;409;193;92;28;27;791;915
7480;55,79;98,92;0,00;0,00;0,00;0,10;0,00;0,00;459;45;178;23;18;370;720
7481;59,62;125,24;0,00;0,00;0,00;0,13;0,00;0,00;136;183;175;28;23;599;698
7482;69,60;203,89;0,00;0,00;0,00;0,20;0,00;0,00;185;46;28;34;18;694;583
7483;55,46;24,30;0,00;0,00;0,00;0,02;0,00;0,00;492;140;187;38;21;524;679
7484;55,29;22,30;0,00;0,00;0,00;0,02;0,00;0,00;470;91;54;38;15;979;210
7485;47,75;-20,13;0,00;0,00;0,00;-0,02;0,00;0,00;16;41;83;49;31;886;488
7486;67,20;241,04;0,00;0,00;0,00;0,24;0,00;0,00;458;142;112;23;16;226;395
7487;48,12;87,52;0,00;0,00;0,00;0,09;0,00;0,00;370;114;166;38;36;505;566
7488;62,99;191,59;0,00;0,00;0,00;0,19;0,00;0,00;99;149;92;10;36;961;341
7489;47,46;-65,41;0,00;0,00;0,00;-0,07;0,00;0,00;255;88;186;20;21;306;700
7490;57,54;85,10;0,00;0,00;0,00;0,09;0,00;0,00;498;197;198;13;30;999;515
7491;29,69;-133,32;0,00;0,00;0,00;-0,13;0,00;0,00;269;147;154;40;36;647;723
7492;26,75;-195,29;0,00;0,00;0,00;-0,20;0,00;0,00;485;102;172;33;31;177;698
7493;48,62;-147,54;0,00;0,00;0,00;-0,15;0,00;0,00;301;119;79;35;38;962;382
7494;21,93;-401,98;0,00;0,00;0,00;-0,40;0,00;0,00;39;179;137;37;27;430;576
7495;57,96;30,98;0,00;0,00;0,00;0,03;0,00;0,00;454;102;196;46;17;542;446
7496;63,87;119,21;0,00;0,00;0,00;0,12;0,00;0,00;199;164;151;21;22;289;860
7497;29,79;-252,04;0,00;0,00;0,00;-0,25;0,00;0,00;49;174;77;38;20;856;818
7498;44,19;-146,58;0,00;0,00;0,00;-0,15;0,00;0,00;36;38;148;24;32;418;167
7499;60,85;160,34;0,00;0,00;0,00;0,16;0,00;0,00;241;108;11;49;37;212;790
7500;90,33;343,14;0,00;0,00;0,00;0,34;0,00;0,00;40;22;25;17;22;307;422
7501;76,29;170,42;0,00;0,00;0,00;0,17;0,00;0,00;436;18;179;22;33;181;916
7502;33,62;-178,02;0,00;0,00;0,00;-0,18;0,00;0,00;214;159;194;49;35;276;162
7503;54,08;78,06;0,00;0,00;0,00;0,08;0,00;0,00;286;41;196;21;19;276;609
7504;57,77;127,71;0,00;0,00;0,00;0,13;0,00;0,00;497;199;20;42;28;225;646
7505;44,82;-72,27;0,00;0,00;0,00;-0,07;0,00;0,00;42;31;174;26;18;349;604
7506;55,57;22,48;0,00;0,00;0,00;0,02;0,00;0,00;407;20;89;37;36;421;949
7507;74,93;225,36;0,00;0,00;0,00;0,23;0,00;0,00;262;158;104;44;22;112;224
7508;54,30;-12,90;0,00;0,00;0,00;-0,01;0,00;0,00;345;99;16;29;21;910;474
7509;67,76;220,78;0,00;0,00;0,00;0,22;0,00;0,00;287;199;28;33;28;312;981
7510;94,59;527,80;0,00;0,00;0,00;0,53;0,00;0,00;307;178;94;18;26;644;916
7511;31,14;-204,81;0,00;0,00;0,00;-0,20;0,00;0,00;200;159;91;48;21;446;558
7512;50,55;-46,03;0,00;0,00;0,00;-0,05;0,00;0,00;398;64;158;28;21;731;118
7513;76,57;330,89;0,00;0,00;0,00;0,33;0,00;0,00;63;53;95;25;32;620;234
7514;16,65;-277,59;0,00;0,00;0,00;-0,28;0,00;0,00;55;115;154;44;16;196;935
7515;44,35;-160,93;0,00;0,00;0,00;-0,16;0,00;0,00;200;123;74;47;17;745;621
7516;78,86;231,17;0,00;0,00;0,00;0,23;0,00;0,00;342;182;137;16;30;595;101
7517;48,61;-53,52;0,00;0,00;0,00;-0,05;0,00;0,00;173;138;110;22;35;703;991
7518;48,43;29,55;0,00;0,00;0,00;0,03;0,00;0,00;197;39;190;48;19;114;963
7519;51,03;-32,90;0,00;0,00;0,00;-0,03;0,00;0,00;83;149;164;45;25;166;317
7520;59,96;-27,79;0,00;0,00;0,00;-0,03;0,00;0,00;354;196;149;32;34;441;941
7521;57,05;175,80;0,00;0,00;0,00;0,18;0,00;0,00;463;114;163;22;35;609;452
7522;58,99;64,12;0,00;0,00;0,00;0,06;0,00;0,00;67;160;58;38;33;811;216
7523;70,03;192,04;0,00;0,00;0,00;0,19;0,00;0,00;480;11;129;17;27;834;512
7524;74,94;207,52;0,00;0,00;0,00;0,21;0,00;0,00;256;77;81;45;27;280;587
7525;43,24;-169,70;0,00;0,00;0,00;-0,17;0,00;0,00;351;103;155;34;17;842;790
7526;44,44;-40,37;0,00;0,00;0,00;-0,04;0,00;0,00;357;147;22;42;19;743;827
7527;44,60;-104,88;0,00;0,00;0,00;-0,10;0,00;0,00;191;86;10;38;32;880;592
7528;50,42;19,60;0,00;0,00;0,00;0,02;0,00;0,00;454;21;65;21;25;244;261
7529;43,98;-37,44;0,00;0,00;0,00;-0,04;0,00;0,00;493;67;126;33;28;189;852
7530;36,40;-139,67;0,00;0,00;0,00;-0,14;0,00;0,00;460;26;110;43;31;739;504
7531;63,82;98,80;0,00;0,00;0,00;0,10;0,00;0,00;288;192;98;39;36;260;392
7532;61,40;112,62;0,00;0,00;0,00;0,11;0,00;0,00;292;163;66;23;21;837;970
7533;38,52;-182,85;0,00;0,00;0,00;-0,18;0,00;0,00;161;106;182;14;16;960;983
7534;56,23;138,75;0,00;0,00;0,00;0,14;0,00;0,00;250;190;21;18;16;745;622
7535;36,95;-53,10;0,00;0,00;0,00;-0,05;0,00;0,00;304;164;95;21;29;136;397
7536;40,35;-97,43;0,00;0,00;0,00;-0,10;0,00;0,00;58;116;114;14;17;943;280
7537;29,78;-271,69;0,00;0,00;0,00;-0,27;0,00;0,00;198;166;70;38;36;587;236
7538;63,51;71,17;0,00;0,00;0,00;0,07;0,00;0,00;433;17;110;40;36;627;786
7539;39,39;-111,08;0,00;0,00;0,00;-0,11;0,00;0,00;71;193;137;19;29;470;620
7540;77,81;319,32;0,00;0,00;0,00;0,32;0,00;0,00;49;96;194;11;30;638;676
7541;52,87;61,76;0,00;0,00;0,00;0,06;0,00;0,00;383;185;73;16;17;217;416
7542;70,24;223,41;0,00;0,00;0,00;0,22;0,00;0,00;401;192;74;12;29;548;429
7543;17,18;-336,75;0,00;0,00;0,00;-0,34;0,00;0,00;31;21;159;41;34;285;142
7544;44,46;-55,88;0,00;0,00;0,00;-0,06;0,00;0,00;451;102;184;31;25;181;516
7545;59,03;108,09;0,00;0,00;0,00;0,11;0,00;0,00;447;75;23;37;15;738;708
7546;57,36;144,08;0,00;0,00;0,00;0,14;0,00;0,00;477;80;180;39;23;358;375
7547;34,07;-67,62;0,00;0,00;0,00;-0,07;0,00;0,00;24;95;98;40;23;182;975
7548;42,30;-78,50;0,00;0,00;0,00;-0,08;0,00;0,00;266;120;196;22;29;456;905
7549;66,97;162,12;0,00;0,00;0,00;0,16;0,00;0,00;99;143;138;15;26;960;344
7550;58,13;104,86;0,00;0,00;0,00;0,10;0,00;0,00;199;35;100;42;29;357;476
7551;52,15;34,38;0,00;0,00;0,00;0,03;0,00;0,00;42;161;161;33;22;888;310
7552;35,01;-93,63;0,00;0,00;0,00;-0,09;0,00;0,00;419;60;21;30;28;821;240
7553;39,26;-83,12;0,00;0,00;0,00;-0,08;0,00;0,00;174;141;185;33;36;611;512
7554;41,94;-17,71;0,00;0,00;0,00;-0,02;0,00;0,00;335;37;116;19;29;143;302
7555;56,63;142,34;0,00;0,00;0,00;0,14;0,00;0,00;257;173;175;44;38;977;247
7556;42,12;-178,86;0,00;0,00;0,00;-0,18;0,00;0,00;78;161;96;11;33;432;466
7557;58,53;47,23;0,00;0,00;0,00;0,05;0,00;0,00;261;84;167;38;39;260;538
7558;59,08;184,91;0,00;0,00;0,00;0,18;0,00;0,00;271;130;137;21;23;763;251
7559;36,10;-56,07;0,00;0,00;0,00;-0,06;0,00;0,00;429;184;82;27;24;112;283
7560;50,65;20,09;0,00;0,00;0,00;0,02;0,00;0,00;380;36;147;23;15;639;770
7561;67,17;137,77;0,00;0,00;0,00;0,14;0,00;0,00;460;142;17;47;19;937;889
7562;58,89;62,74;0,00;0,00;0,00;0,06;0,00;0,00;277;27;171;28;27;705;674
7563;41,99;-76,35;0,00;0,00;0,00;-0,08;0,00;0,00;60;186;96;13;35;659;286
7564;62,75;215,43;0,00;0,00;0,00;0,22;0,00;0,00;250;193;148;39;21;756;518
7565;61,49;41,17;0,00;0,00;0,00;0,04;0,00;0,00;51;48;57;32;36;469;920
7566;60,36;75,25;0,00;0,00;0,00;0,08;0,00;0,00;482;106;111;47;23;264;231
7567;52,08;127,14;0,00;0,00;0,00;0,13;0,00;0,00;383;174;145;33;29;996;960
7568;50,28;29,42;0,00;0,00;0,00;0,03;0,00;0,00;433;98;191;36;18;580;149
7569;23,88;-261,96;0,00;0,00;0,00;-0,26;0,00;0,00;413;196;13;20;32;353;726
7570;27,44;-317,13;0,00;0,00;0,00;-0,32;0,00;0,00;170;118;87;18;19;889;810
7571;34,47;-85,59;0,00;0,00;0,00;-0,09;0,00;0,00;438;92;187;40;32;334;849
7572;47,23;-9,11;0,00;0,00;0,00;-0,01;0,00;0,00;337;113;103;49;30;774;951
7573;25,40;-306,55;0,00;0,00;0,00;-0,31;0,00;0,00;310;193;131;16;18;191;468
7574;17,47;-309,67;0,00;0,00;0,00;-0,31;0,00;0,00;36;59;63;23;33;618;738
7575;80,19;247,15;0,00;0,00;0,00;0,25;0,00;0,00;221;27;163;24;28;860;199
7576;79,94;373,56;0,00;0,00;0,00;0,37;0,00;0,00;456;171;73;15;21;920;765
7577;47,56;-84,50;0,00;0,00;0,00;-0,08;0,00;0,00;235;164;102;32;29;708;310
7578;39,70;-149,90;0,00;0,00;0,00;-0,15;0,00;0,00;494;10;41;20;21;113;267
7579;93,15;403,52;0,00;0,00;0,00;0,40;0,00;0,00;199;188;73;33;18;174;265
7580;61,61;197,19;0,00;0,00;0,00;0,20;0,00;0,00;292;49;85;17;27;254;421
7581;42,09;-16,31;0,00;0,00;0,00;-0,02;0,00;0,00;99;147;68;24;24;507;353
7582;56,40;81,75;0,00;0,00;0,00;0,08;0,00;0,00;25;83;43;23;33;245;324
7583;81,33;273,28;0,00;0,00;0,00;0,27;0,00;0,00;40;134;98;27;37;149;268
7584;60,77;46,48;0,00;0,00;0,00;0,05;0,00;0,00;159;44;96;30;32;442;288
7585;49,47;31,84;0,00;0,00;0,00;0,03;0,00;0,00;433;188;194;24;24;394;468
7586;15,01;-385,09;0,00;0,00;0,00;-0,39;0,00;0,00;422;118;174;34;27;720;542
7587;65,31;-7,85;0,00;0,00;0,00;-0,01;0,00;0,00;339;126;50;14;23;790;942
7588;57,57;143,42;0,00;0,00;0,00;0,14;0,00;0,00;279;170;91;33;31;778;452
7589;36,89;-132,17;0,00;0,00;0,00;-0,13;0,00;0,00;194;32;143;11;29;233;857
7590;38,18;-105,32;0,00;0,00;0,00;-0,11;0,00;0,00;58;148;35;39;37;434;695
7591;68,05;158,44;0,00;0,00;0,00;0,16;0,00;0,00;340;179;149;48;24;754;735
7592;45,98;-99,89;0,00;0,00;0,00;-0,10;0,00;0,00;43;102;47;47;32;990;826
7593;47,36;-53,81;0,00;0,00;0,00;-0,05;0,00;0,00;56;33;41;14;37;716;545
7594;37,39;-139,76;0,00;0,00;0,00;-0,14;0,00;0,00;272;175;33;29;30;414;365
7595;34,21;-266,37;0,00;0,00;0,00;-0,27;0,00;0,00;452;187;94;13;34;121;734
7596;60,35;142,53;0,00;0,00;0,00;0,14;0,00;0,00;428;147;111;29;39;447;552
7597;48,90;6,27;0,00;0,00;0,00;0,01;0,00;0,00;390;94;172;38;19;429;574
7598;44,07;-25,41;0,00;0,00;0,00;-0,03;0,00;0,00;127;181;140;30;32;618;731
7599;53,64;-16,35;0,00;0,00;0,00;-0,02;0,00;0,00;492;69;79;42;26;193;576
7600;26,44;-206,80;0,00;0,00;0,00;-0,21;0,00;0,00;199;17;135;37;36;904;680
7601;44,21;-103,85;0,00;0,00;0,00;-0,10;0,00;0,00;382;156;113;49;22;179;640
7602;47,57;7,76;0,00;0,00;0,00;0,01;0,00;0,00;39;153;172;26;21;957;467
7603;45,27;-70,20;0,00;0,00;0,00;-0,07;0,00;0,00;350;98;94;33;38;753;933
7604;49,71;-24,71;0,00;0,00;0,00;-0,02;0,00;0,00;259;193;163;32;32;793;888
7605;63,78;228,39;0,00;0,00;0,00;0,23;0,00;0,00;369;58;22;43;16;477;132
7606;46,52;-107,68;0,00;0,00;0,00;-0,11;0,00;0,00;363;78;155;14;37;997;716
7607;36,91;-136,77;0,00;0,00;0,00;-0,14;0,00;0,00;273;79;167;41;19;746;903
7608;50,05;-9,62;0,00;0,00;0,00;-0,01;0,00;0,00;333;20;95;39;25;407;225
7609;60,47;181,92;0,00;0,00;0,00;0,18;0,00;0,00;301;143;84;26;16;390;104
7610;62,79;169,43;0,00;0,00;0,00;0,17;0,00;0,00;34;34;51;13;33;891;365
7611;52,79;55,75;0,00;0,00;0,00;0,06;0,00;0,00;184;70;127;14;35;559;217
7612;15,75;-388,75;0,00;0,00;0,00;-0,39;0,00;0,00;277;14;156;32;17;398;695
7613;44,45;25,49;0,00;0,00;0,00;0,03;0,00;0,00;223;132;157;40;16;200;288
7614;42,43;-75,74;0,00;0,00;0,00;-0,08;0,00;0,00;204;108;195;19;19;183;786
7615;56,20;95,09;0,00;0,00;0,00;0,10;0,00;0,00;379;164;176;10;15;963;618
7616;49,34;122,16;0,00;0,00;0,00;0,12;0,00;0,00;36;68;189;43;38;724;239
7617;49,79;-31,99;0,00;0,00;0,00;-0,03;0,00;0,00;475;126;135;24;27;725;754
7618;46,45;-63,97;0,00;0,00;0,00;-0,06;0,00;0,00;406;104;42;25;39;827;621
7619;22,02;-267,60;0,00;0,00;0,00;-0,27;0,00;0,00;166;169;163;49;32;769;743
7620;52,12;-10,88;0,00;0,00;0,00;-0,01;0,00;0,00;89;48;113;37;22;133;124
7621;56,08;80,37;0,00;0,00;0,00;0,08;0,00;0,00;211;168;95;12;31;947;801
7622;59,15;50,56;0,00;0,00;0,00;0,05;0,00;0,00;275;149;125;35;21;453;336
7623;96,44;455,10;0,00;0,00;0,00;0,46;0,00;0,00;307;135;159;19;20;501;853
7624;73,43;191,98;0,00;0,00;0,00;0,19;0,00;0,00;226;151;26;37;16;327;272
7625;57,56;71,57;0,00;0,00;0,00;0,07;0,00;0,00;265;58;17;46;30;543;800
7626;51,39;54,61;0,00;0,00;0,00;0,05;0,00;0,00;257;38;159;40;36;664;726
7627;59,59;10,51;0,00;0,00;0,00;0,01;0,00;0,00;108;178;188;37;27;226;946
7628;50,23;108,36;0,00;0,00;0,00;0,11;0,00;0,00;166;134;25;17;31;284;392
7629;75,48;151,71;0,00;0,00;0,00;0,15;0,00;0,00;160;122;167;46;19;554;381
7630;40,09;-103,94;0,00;0,00;0,00;-0,10;0,00;0,00;305;114;128;12;16;669;173
7631;46,32;-16,73;0,00;0,00;0,00;-0,02;0,00;0,00;191;69;94;37;29;947;183
7632;43,83;-33,87;0,00;0,00;0,00;-0,03;0,00;0,00;323;112;133;41;37;253;780
7633;50,66;-39,30;0,00;0,00;0,00;-0,04;0,00;0,00;271;10;149;24;19;444;501
7634;21,69;-272,06;0,00;0,00;0,00;-0,27;0,00;0,00;327;59;132;23;35;197;776
7635;45,68;11,66;0,00;0,00;0,00;0,01;0,00;0,00;136;150;183;26;30;578;843
7636;37,30;-140,51;0,00;0,00;0,00;-0,14;0,00;0,00;461;124;62;37;16;682;743
7637;48,20;-41,66;0,00;0,00;0,00;-0,04;0,00;0,00;319;174;183;17;23;223;949
7638;37,27;-140,88;0,00;0,00;0,00;-0,14;0,00;0,00;355;153;26;15;16;930;124
7639;54,17;40,19;0,00;0,00;0,00;0,04;0,00;0,00;367;16;56;21;24;165;360
7640;27,39;-166,70;0,00;0,00;0,00;-0,17;0,00;0,00;260;160;125;39;18;813;444
7641;46,51;24,61;0,00;0,00;0,00;0,02;0,00;0,00;287;151;131;21;30;249;267
7642;39,87;-116,50;0,00;0,00;0,00;-0,12;0,00;0,00;307;184;113;16;19;930;894
7643;64,14;109,50;0,00;0,00;0,00;0,11;0,00;0,00;263;118;106;16;19;288;257
7644;40,65;-101,14;0,00;0,00;0,00;-0,10;0,00;0,00;186;75;165;42;38;249;220
7645;46,62;-38,15;0,00;0,00;0,00;-0,04;0,00;0,00;208;30;189;33;37;951;472
7646;52,45;-30,15;0,00;0,00;0,00;-0,03;0,00;0,00;71;35;148;24;29;960;642
7647;31,39;-191,79;0,00;0,00;0,00;-0,19;0,00;0,00;468;127;130;36;21;340;465
7648;40,58;-189,31;0,00;0,00;0,00;-0,19;0,00;0,00;290;29;39;11;29;925;682
7649;57,10;78,18;0,00;0,00;0,00;0,08;0,00;0,00;183;60;157;36;37;352;790
7650;25,53;-278,00;0,00;0,00;0,00;-0,28;0,00;0,00;190;19;74;23;35;759;835
7651;20,96;-207,94;0,00;0,00;0,00;-0,21;0,00;0,00;436;26;62;19;32;917;543
7652;49,82;26,00;0,00;0,00;0,00;0,03;0,00;0,00;57;87;158;32;37;340;942
7653;30,33;-190,92;0,00;0,00;0,00;-0,19;0,00;0,00;75;123;90;21;28;250;795
7654;47,13;42,02;0,00;0,00;0,00;0,04;0,00;0,00;94;122;190;31;15;227;497
7655;40,65;-24,02;0,00;0,00;0,00;-0,02;0,00;0,00;51;97;110;11;23;656;371
7656;53,54;-17,16;0,00;0,00;0,00;-0,02;0,00;0,00;357;35;13;47;23;447;839
7657;31,28;-143,58;0,00;0,00;0,00;-0,14;0,00;0,00;83;178;173;35;25;647;385
7658;41,38;-87,63;0,00;0,00;0,00;-0,09;0,00;0,00;139;138;145;27;27;444;341
7659;68,74;212,36;0,00;0,00;0,00;0,21;0,00;0,00;90;99;195;48;23;536;694
7660;64,25;225,54;0,00;0,00;0,00;0,23;0,00;0,00;447;193;59;11;38;926;419
7661;40,73;-81,83;0,00;0,00;0,00;-0,08;0,00;0,00;117;77;115;21;20;178;226
7662;48,91;-42,55;0,00;0,00;0,00;-0,04;0,00;0,00;31;155;88;24;22;359;146
7663;53,35;52,86;0,00;0,00;0,00;0,05;0,00;0,00;397;118;109;22;24;554;269
7664;60,29;91,57;0,00;0,00;0,00;0,09;0,00;0,00;283;81;171;12;20;763;471
7665;41,13;-7,43;0,00;0,00;0,00;-0,01;0,00;0,00;380;75;53;29;32;236;639
7666;54,31;34,91;0,00;0,00;0,00;0,03;0,00;0,00;161;181;11;13;18;466;878
7667;43,52;-7,32;0,00;0,00;0,00;-0,01;0,00;0,00;284;58;14;26;18;714;846
7668;52,37;71,91;0,00;0,00;0,00;0,07;0,00;0,00;226;80;171;39;25;782;661
7669;49,54;-52,91;0,00;0,00;0,00;-0,05;0,00;0,00;228;155;173;38;33;117;513
7670;63,08;129,68;0,00;0,00;0,00;0,13;0,00;0,00;458;44;16;39;18;508;163
7671;62,25;69,16;0,00;0,00;0,00;0,07;0,00;0,00;213;23;189;24;27;904;642
7672;57,89;88,79;0,00;0,00;0,00;0,09;0,00;0,00;393;114;144;40;24;721;463
7673;64,56;119,21;0,00;0,00;0,00;0,12;0,00;0,00;65;102;30;20;30;787;650
7674;33,70;-155,07;0,00;0,00;0,00;-0,16;0,00;0,00;328;177;129;35;17;489;630
7675;43,34;-130,86;0,00;0,00;0,00;-0,13;0,00;0,00;388;74;122;38;25;338;108
7676;66,53;128,38;0,00;0,00;0,00;0,13;0,00;0,00;183;42;173;24;26;465;714
7677;50,74;-22,31;0,00;0,00;0,00;-0,02;0,00;0,00;477;37;186;47;22;420;540
7678;56,22;53,87;0,00;0,00;0,00;0,05;0,00;0,00;379;28;10;34;33;951;673
7679;30,41;-161,68;0,00;0,00;0,00;-0,16;0,00;0,00;419;141;97;15;16;771;363
7680;54,69;13,19;0,00;0,00;0,00;0,01;0,00;0,00;274;98;197;20;31;961;939
7681;39,45;-88,05;0,00;0,00;0,00;-0,09;0,00;0,00;357;120;45;40;33;283;561
7682;56,25;96,76;0,00;0,00;0,00;0,10;0,00;0,00;376;173;166;48;17;830;253
7683;58,23;81,19;0,00;0,00;0,00;0,08;0,00;0,00;144;98;162;45;28;413;670
7684;25,29;-244,58;0,00;0,00;0,00;-0,24;0,00;0,00;220;187;172;43;17;879;805
7685;48,81;112,88;0,00;0,00;0,00;0,11;0,00;0,00;320;159;163;15;34;317;667
7686;50,85;84,81;0,00;0,00;0,00;0,08;0,00;0,00;127;53;55;16;24;272;659
7687;44,84;-69,17;0,00;0,00;0,00;-0,07;0,00;0,00;148;169;142;30;34;194;618
7688;58,21;14,09;0,00;0,00;0,00;0,01;0,00;0,00;305;48;69;16;32;406;680
7689;5,48;-397,30;0,00;0,00;0,00;-0,40;0,00;0,00;35;131;161;11;27;897;848
7690;31,37;-232,03;0,00;0,00;0,00;-0,23;0,00;0,00;367;133;23;27;19;929;428
7691;48,29;-14,68;0,00;0,00;0,00;-0,01;0,00;0,00;218;51;82;12;17;244;481
7692;38,05;-33,48;0,00;0,00;0,00;-0,03;0,00;0,00;162;143;186;33;36;162;804
7693;52,40;73,79;0,00;0,00;0,00;0,07;0,00;0,00;306;89;183;10;36;369;947
7694;41,97;-59,29;0,00;0,00;0,00;-0,06;0,00;0,00;207;142;115;37;23;530;775
7695;39,98;-18,15;0,00;0,00;0,00;-0,02;0,00;0,00;107;159;116;29;28;452;763
7696;31,92;-187,48;0,00;0,00;0,00;-0,19;0,00;0,00;438;15;97;19;23;380;247
7697;50,27;31,26;0,00;0,00;0,00;0,03;0,00;0,00;67;168;196;15;18;584;291
7698;48,76;21,59;0,00;0,00;0,00;0,02;0,00;0,00;156;81;154;20;26;750;550
7699;51,42;-23,69;0,00;0,00;0,00;-0,02;0,00;0,00;56;103;192;11;22;124;805
7700;57,76;23,71;0,00;0,00;0,00;0,02;0,00;0,00;294;16;34;14;26;358;969
7701;52,49;81,57;0,00;0,00;0,00;0,08;0,00;0,00;356;19;18;48;30;231;794
7702;49,03;41,55;0,00;0,00;0,00;0,04;0,00;0,00;365;195;166;28;15;306;393
7703;51,09;89,92;0,00;0,00;0,00;0,09;0,00;0,00;112;62;11;32;15;585;683
7704;62,70;162,21;0,00;0,00;0,00;0,16;0,00;0,00;87;124;154;11;27;351;111
7705;45,38;-52,03;0,00;0,00;0,00;-0,05;0,00;0,00;351;105;115;27;30;219;627
7706;42,13;32,51;0,00;0,00;0,00;0,03;0,00;0,00;328;116;13;44;20;632;973
7707;52,46;29,93;0,00;0,00;0,00;0,03;0,00;0,00;241;83;29;47;17;843;817
7708;57,82;47,35;0,00;0,00;0,00;0,05;0,00;0,00;418;183;75;30;16;992;275
7709;16,25;-283,77;0,00;0,00;0,00;-0,28;0,00;0,00;99;77;194;44;15;685;106
7710;54,09;-65,18;0,00;0,00;0,00;-0,07;0,00;0,00;386;199;172;34;23;129;103
7711;26,57;-312,87;0,00;0,00;0,00;-0,31;0,00;0,00;84;74;143;39;26;864;632
7712;53,07;-11,51;0,00;0,00;0,00;-0,01;0,00;0,00;127;146;130;23;34;990;533
7713;49,08;87,30;0,00;0,00;0,00;0,09;0,00;0,00;209;187;70;32;36;488;657
7714;57,91;146,17;0,00;0,00;0,00;0,15;0,00;0,00;100;112;150;42;25;367;123
7715;90,33;272,27;0,00;0,00;0,00;0,27;0,00;0,00;218;53;87;33;32;919;226
7716;39,48;-204,43;0,00;0,00;0,00;-0,20;0,00;0,00;444;130;70;27;23;600;439
7717;58,88;43,65;0,00;0,00;0,00;0,04;0,00;0,00;481;143;180;12;25;558;858
7718;33,53;-219,38;0,00;0,00;0,00;-0,22;0,00;0,00;204;162;81;30;39;180;862
7719;70,47;174,44;0,00;0,00;0,00;0,17;0,00;0,00;420;190;30;28;21;743;297
7720;48,76;81,33;0,00;0,00;0,00;0,08;0,00;0,00;317;83;55;43;29;272;929
7721;55,89;87,85;0,00;0,00;0,00;0,09;0,00;0,00;407;152;187;36;25;650;469
7722;54,62;-73,71;0,00;0,00;0,00;-0,07;0,00;0,00;204;57;70;45;33;695;796
7723;43,07;-61,67;0,00;0,00;0,00;-0,06;0,00;0,00;131;29;16;28;25;415;131
7724;23,47;-331,07;0,00;0,00;0,00;-0,33;0,00;0,00;188;130;192;15;19;827;616
7725;35,00;-244,28;0,00;0,00;0,00;-0,24;0,00;0,00;140;126;196;13;36;531;632
7726;41,64;-144,36;0,00;0,00;0,00;-0,14;0,00;0,00;436;21;89;23;38;748;935
7727;36,32;-106,86;0,00;0,00;0,00;-0,11;0,00;0,00;449;51;11;41;18;468;706
7728;23,61;-271,82;0,00;0,00;0,00;-0,27;0,00;0,00;276;116;170;41;30;396;702
7729;85,09;424,19;0,00;0,00;0,00;0,42;0,00;0,00;161;152;11;36;29;894;346
7730;62,79;175,28;0,00;0,00;0,00;0,18;0,00;0,00;157;141;21;21;37;340;519
7731;33,86;-146,54;0,00;0,00;0,00;-0,15;0,00;0,00;318;18;120;11;27;285;113
7732;54,89;102,59;0,00;0,00;0,00;0,10;0,00;0,00;382;99;119;23;32;730;178
7733;58,25;93,34;0,00;0,00;0,00;0,09;0,00;0,00;102;127;27;32;37;471;451
7734;36,58;-88,02;0,00;0,00;0,00;-0,09;0,00;0,00;493;131;83;12;22;602;673
7735;77,41;297,81;0,00;0,00;0,00;0,30;0,00;0,00;255;130;131;23;39;110;919
7736;28,83;-254,26;0,00;0,00;0,00;-0,25;0,00;0,00;185;150;118;20;15;797;577
7737;34,98;-39,49;0,00;0,00;0,00;-0,04;0,00;0,00;234;183;177;16;21;667;679
7738;29,83;-228,52;0,00;0,00;0,00;-0,23;0,00;0,00;465;61;103;39;20;734;447
7739;57,86;35,48;0,00;0,00;0,00;0,04;0,00;0,00;136;158;22;17;20;701;914
7740;37,72;-109,41;0,00;0,00;0,00;-0,11;0,00;0,00;101;118;83;26;32;792;125
7741;32,36;-129,74;0,00;0,00;0,00;-0,13;0,00;0,00;224;196;121;25;38;186;812
7742;37,08;-76,47;0,00;0,00;0,00;-0,08;0,00;0,00;493;180;87;19;20;423;250
7743;54,41;40,13;0,00;0,00;0,00;0,04;0,00;0,00;481;12;164;42;30;304;163
7744;22,76;-232,91;0,00;0,00;0,00;-0,23;0,00;0,00;219;171;28;46;19;335;782
7745;47,63;4,79;0,00;0,00;0,00;0,00;0,00;0,00;147;145;26;20;32;598;685
7746;66,82;155,25;0,00;0,00;0,00;0,16;0,00;0,00;360;160;118;25;18;634;943
7747;64,54;289,37;0,00;0,00;0,00;0,29;0,00;0,00;126;95;169;39;15;338;803
7748;50,68;12,37;0,00;0,00;0,00;0,01;0,00;0,00;88;118;127;37;28;442;438
7749;55,28;18,82;0,00;0,00;0,00;0,02;0,00;0,00;493;22;15;49;21;937;126
7750;24,21;-224,73;0,00;0,00;0,00;-0,22;0,00;0,00;71;173;175;21;18;946;555
7751;27,71;-215,48;0,00;0,00;0,00;-0,22;0,00;0,00;140;52;103;15;18;517;108
7752;66,52;196,00;0,00;0,00;0,00;0,20;0,00;0,00;89;67;79;24;17;865;169
7753;56,76;-0,79;0,00;0,00;0,00;-0,00;0,00;0,00;445;80;13;39;39;624;215
7754;54,32;29,57;0,00;0,00;0,00;0,03;0,00;0,00;178;25;151;12;23;760;259
7755;48,91;-19,20;0,00;0,00;0,00;-0,02;0,00;0,00;338;156;44;18;37;382;956
7756;50,19;-65,25;0,00;0,00;0,00;-0,07;0,00;0,00;342;59;11;25;18;864;821
7757;66,58;174,16;0,00;0,00;0,00;0,17;0,00;0,00;331;150;45;49;16;795;221
7758;30,73;-130,21;0,00;0,00;0,00;-0,13;0,00;0,00;476;74;154;45;36;407;465
7759;35,00;-201,13;0,00;0,00;0,00;-0,20;0,00;0,00;114;147;125;36;24;785;340
7760;81,21;265,39;0,00;0,00;0,00;0,27;0,00;0,00;241;84;148;23;19;656;949
7761;55,33;144,46;0,00;0,00;0,00;0,14;0,00;0,00;240;12;121;36;32;587;441
7762;34,00;-223,50;0,00;0,00;0,00;-0,22;0,00;0,00;91;52;150;32;30;648;108
7763;33,02;-182,28;0,00;0,00;0,00;-0,18;0,00;0,00;434;104;90;32;17;637;130
7764;55,38;59,56;0,00;0,00;0,00;0,06;0,00;0,00;86;74;136;20;21;987;415
7765;42,35;-50,82;0,00;0,00;0,00;-0,05;0,00;0,00;71;68;43;24;16;496;877
7766;36,19;-158,69;0,00;0,00;0,00;-0,16;0,00;0,00;287;154;137;21;30;130;367
7767;39,52;-84,60;0,00;0,00;0,00;-0,08;0,00;0,00;396;82;136;23;27;731;177
7768;66,68;152,80;0,00;0,00;0,00;0,15;0,00;0,00;33;91;165;20;38;776;690
7769;70,99;110,66;0,00;0,00;0,00;0,11;0,00;0,00;495;35;164;13;22;989;644
7770;49,67;-39,13;0,00;0,00;0,00;-0,04;0,00;0,00;428;65;122;19;26;630;133
7771;67,66;51,73;0,00;0,00;0,00;0,05;0,00;0,00;78;81;109;41;29;305;551
7772;26,66;-201,60;0,00;0,00;0,00;-0,20;0,00;0,00;273;100;86;45;36;223;350
7773;45,26;-82,71;0,00;0,00;0,00;-0,08;0,00;0,00;169;126;195;13;22;427;602
7774;40,70;-160,69;0,00;0,00;0,00;-0,16;0,00;0,00;360;73;83;45;21;971;615
7775;49,97;-114,94;0,00;0,00;0,00;-0,11;0,00;0,00;202;41;50;39;30;231;475
7776;35,76;-84,37;0,00;0,00;0,00;-0,08;0,00;0,00;451;27;26;48;16;527;328
7777;31,02;-217,62;0,00;0,00;0,00;-0,22;0,00;0,00;318;73;147;36;30;765;611
7778;54,52;87,44;0,00;0,00;0,00;0,09;0,00;0,00;438;141;162;49;24;315;729
7779;42,33;-87,74;0,00;0,00;0,00;-0,09;0,00;0,00;415;181;142;10;19;803;435
7780;64,98;65,15;0,00;0,00;0,00;0,07;0,00;0,00;252;86;113;42;33;777;629
7781;30,64;-88,58;0,00;0,00;0,00;-0,09;0,00;0,00;388;21;85;49;28;898;355
7782;35,33;-188,17;0,00;0,00;0,00;-0,19;0,00;0,00;144;49;22;23;32;209;400
7783;60,69;64,84;0,00;0,00;0,00;0,06;0,00;0,00;218;139;136;20;26;492;743
7784;52,47;47,08;0,00;0,00;0,00;0,05;0,00;0,00;194;90;149;35;16;284;687
7785;83,25;240,58;0,00;0,00;0,00;0,24;0,00;0,00;132;196;78;46;19;980;884
7786;38,99;-86,50;0,00;0,00;0,00;-0,09;0,00;0,00;374;140;121;10;30;436;576
7787;49,07;28,51;0,00;0,00;0,00;0,03;0,00;0,00;96;20;53;20;25;933;401
7788;35,36;-130,75;0,00;0,00;0,00;-0,13;0,00;0,00;311;34;51;25;28;965;245
7789;50,11;-0,66;0,00;0,00;0,00;-0,00;0,00;0,00;365;22;77;15;15;109;189
7790;41,33;-79,63;0,00;0,00;0,00;-0,08;0,00;0,00;32;83;68;49;18;243;260
7791;62,88;196,27;0,00;0,00;0,00;0,20;0,00;0,00;289;174;82;19;28;447;162
7792;60,49;107,87;0,00;0,00;0,00;0,11;0,00;0,00;387;18;191;11;16;947;312
7793;18,15;-256,61;0,00;0,00;0,00;-0,26;0,00;0,00;318;137;93;47;24;393;795
7794;59,65;119,26;0,00;0,00;0,00;0,12;0,00;0,00;159;130;129;26;33;357;332
7795;84,58;276,44;0,00;0,00;0,00;0,28;0,00;0,00;459;68;74;46;25;734;467
7796;79,86;286,32;0,00;0,00;0,00;0,29;0,00;0,00;28;191;190;12;28;254;661
7797;52,81;44,62;0,00;0,00;0,00;0,04;0,00;0,00;307;48;16;37;16;271;189
7798;41,85;-72,40;0,00;0,00;0,00;-0,07;0,00;0,00;251;112;109;32;23;974;125
7799;73,84;249,14;0,00;0,00;0,00;0,25;0,00;0,00;462;179;90;16;38;947;555
7800;61,49;67,06;0,00;0,00;0,00;0,07;0,00;0,00;348;98;86;24;26;741;684
7801;36,28;-225,00;0,00;0,00;0,00;-0,22;0,00;0,00;231;172;55;43;30;296;514
7802;46,97;-48,31;0,00;0,00;0,00;-0,05;0,00;0,00;39;84;117;11;35;763;681
7803;95,34;506,04;0,00;0,00;0,00;0,51;0,00;0,00;122;116;108;22;18;496;430
7804;39,63;-213,39;0,00;0,00;0,00;-0,21;0,00;0,00;470;123;162;30;22;413;591
7805;44,52;-91,10;0,00;0,00;0,00;-0,09;0,00;0,00;140;42;104;15;21;941;833
7806;46,17;33,03;0,00;0,00;0,00;0,03;0,00;0,00;259;62;199;30;35;120;560
7807;72,47;218,67;0,00;0,00;0,00;0,22;0,00;0,00;389;180;186;31;32;155;554
7808;52,80;-56,42;0,00;0,00;0,00;-0,06;0,00;0,00;62;196;170;23;35;144;492
7809;61,34;140,27;0,00;0,00;0,00;0,14;0,00;0,00;382;62;141;10;39;291;309
7810;57,56;178,04;0,00;0,00;0,00;0,18;0,00;0,00;51;114;144;21;26;974;225
7811;62,28;13,28;0,00;0,00;0,00;0,01;0,00;0,00;378;82;44;42;17;106;127
7812;62,05;66,42;0,00;0,00;0,00;0,07;0,00;0,00;358;188;84;33;31;633;888
7813;44,41;-107,48;0,00;0,00;0,00;-0,11;0,00;0,00;405;183;161;33;37;452;271
7814;64,33;235,06;0,00;0,00;0,00;0,24;0,00;0,00;54;121;103;21;21;252;400
7815;56,66;43,62;0,00;0,00;0,00;0,04;0,00;0,00;25;102;173;31;15;626;617
7816;16,82;-408,73;0,00;0,00;0,00;-0,41;0,00;0,00;166;40;127;38;28;226;128
7817;59,41;120,59;0,00;0,00;0,00;0,12;0,00;0,00;430;173;133;29;24;173;950
7818;41,49;-74,21;0,00;0,00;0,00;-0,07;0,00;0,00;391;78;100;19;36;298;440
7819;65,84;97,46;0,00;0,00;0,00;0,10;0,00;0,00;119;193;144;26;22;766;352
7820;25,46;-284,13;0,00;0,00;0,00;-0,28;0,00;0,00;236;105;163;37;18;476;363
7821;60,82;12,01;0,00;0,00;0,00;0,01;0,00;0,00;307;149;36;39;38;925;934
7822;19,62;-242,68;0,00;0,00;0,00;-0,24;0,00;0,00;77;155;131;38;26;514;928
7823;50,41;-35,70;0,00;0,00;0,00;-0,04;0,00;0,00;184;158;171;36;27;175;463
7824;50,36;34,62;0,00;0,00;0,00;0,03;0,00;0,00;444;97;184;34;23;212;264
7825;36,96;-98,06;0,00;0,00;0,00;-0,10;0,00;0,00;422;35;77;25;38;999;287
7826;71,56;206,90;0,00;0,00;0,00;0,21;0,00;0,00;367;94;65;22;28;523;999
7827;36,85;-164,12;0,00;0,00;0,00;-0,16;0,00;0,00;127;54;77;28;38;532;459
7828;53,11;10,36;0,00;0,00;0,00;0,01;0,00;0,00;189;16;133;12;26;106;452
7829;40,30;-58,53;0,00;0,00;0,00;-0,06;0,00;0,00;267;76;160;48;33;757;500
7830;71,55;192,87;0,00;0,00;0,00;0,19;0,00;0,00;44;138;55;22;21;229;821
7831;48,93;16,48;0,00;0,00;0,00;0,02;0,00;0,00;252;151;33;45;22;198;351
7832;49,98;-39,68;0,00;0,00;0,00;-0,04;0,00;0,00;233;178;109;22;38;918;298
7833;57,41;163,33;0,00;0,00;0,00;0,16;0,00;0,00;350;194;69;33;33;378;511
7834;30,38;-276,16;0,00;0,00;0,00;-0,28;0,00;0,00;246;128;69;36;39;441;263
7835;84,52;354,51;0,00;0,00;0,00;0,35;0,00;0,00;69;55;189;12;23;288;739
7836;41,20;-66,54;0,00;0,00;0,00;-0,07;0,00;0,00;172;39;47;46;25;397;611
7837;63,82;112,09;0,00;0,00;0,00;0,11;0,00;0,00;221;77;40;29;22;977;507
7838;31,53;-210,79;0,00;0,00;0,00;-0,21;0,00;0,00;230;167;198;10;28;763;605
7839;21,57;-282,50;0,00;0,00;0,00;-0,28;0,00;0,00;471;54;146;30;33;313;118
7840;44,14;-8,01;0,00;0,00;0,00;-0,01;0,00;0,00;69;31;75;17;23;448;889
7841;42,62;-38,16;0,00;0,00;0,00;-0,04;0,00;0,00;419;187;152;44;19;244;377
7842;52,94;82,60;0,00;0,00;0,00;0,08;0,00;0,00;352;61;110;17;39;612;579
7843;43,65;-49,41;0,00;0,00;0,00;-0,05;0,00;0,00;225;90;97;13;21;485;949
7844;24,38;-332,81;0,00;0,00;0,00;-0,33;0,00;0,00;126;42;86;14;18;117;148
7845;57,44;46,60;0,00;0,00;0,00;0,05;0,00;0,00;84;106;115;21;39;186;162
7846;58,32;39,76;0,00;0,00;0,00;0,04;0,00;0,00;439;187;106;17;16;960;881
7847;57,82;72,35;0,00;0,00;0,00;0,07;0,00;0,00;425;75;52;14;25;967;421
7848;43,67;-117,46;0,00;0,00;0,00;-0,12;0,00;0,00;169;107;94;28;34;965;215
7849;66,78;236,22;0,00;0,00;0,00;0,24;0,00;0,00;418;181;34;34;28;454;784
7850;43,39;-35,61;0,00;0,00;0,00;-0,04;0,00;0,00;382;39;103;20;25;216;757
7851;37,04;-110,86;0,00;0,00;0,00;-0,11;0,00;0,00;407;153;35;14;35;560;985
7852;40,00;-116,36;0,00;0,00;0,00;-0,12;0,00;0,00;310;160;102;21;18;401;927
7853;79,65;358,58;0,00;0,00;0,00;0,36;0,00;0,00;453;103;127;47;31;338;597
7854;42,49;-43,20;0,00;0,00;0,00;-0,04;0,00;0,00;217;163;132;32;23;808;969
7855;38,33;-46,06;0,00;0,00;0,00;-0,05;0,00;0,00;254;156;91;16;31;546;697
7856;31,62;-138,50;0,00;0,00;0,00;-0,14;0,00;0,00;427;105;125;17;39;975;564
7857;51,16;-8,94;0,00;0,00;0,00;-0,01;0,00;0,00;394;80;156;10;36;818;386
7858;48,51;-34,98;0,00;0,00;0,00;-0,03;0,00;0,00;470;16;161;37;35;615;967
7859;57,72;51,38;0,00;0,00;0,00;0,05;0,00;0,00;209;45;166;45;27;342;104
7860;59,00;83,93;0,00;0,00;0,00;0,08;0,00;0,00;445;37;19;31;21;288;354
7861;62,91;126,58;0,00;0,00;0,00;0,13;0,00;0,00;494;54;131;29;39;321;726
7862;29,82;-240,37;0,00;0,00;0,00;-0,24;0,00;0,00;160;144;123;31;39;792;874
7863;55,61;54,20;0,00;0,00;0,00;0,05;0,00;0,00;89;107;34;26;26;835;624
7864;29,81;-244,70;0,00;0,00;0,00;-0,24;0,00;0,00;210;35;185;29;27;432;699
7865;49,12;10,58;0,00;0,00;0,00;0,01;0,00;0,00;138;48;179;42;17;601;257
7866;43,45;2,61;0,00;0,00;0,00;0,00;0,00;0,00;370;56;188;24;24;767;121
7867;52,64;46,39;0,00;0,00;0,00;0,05;0,00;0,00;271;38;100;25;36;462;928
7868;62,63;198,75;0,00;0,00;0,00;0,20;0,00;0,00;363;193;34;25;39;407;835
7869;53,93;-0,12;0,00;0,00;0,00;-0,00;0,00;0,00;473;139;62;43;23;667;908
7870;60,53;148,91;0,00;0,00;0,00;0,15;0,00;0,00;138;62;158;39;32;843;624
7871;54,87;59,50;0,00;0,00;0,00;0,06;0,00;0,00;144;14;162;22;15;321;152
7872;69,19;243,58;0,00;0,00;0,00;0,24;0,00;0,00;192;41;123;42;32;157;448
7873;93,34;521,69;0,00;0,00;0,00;0,52;0,00;0,00;248;138;156;42;36;201;278
7874;49,25;-53,08;0,00;0,00;0,00;-0,05;0,00;0,00;80;196;12;12;23;513;323
7875;70,53;238,37;0,00;0,00;0,00;0,24;0,00;0,00;159;85;183;47;27;408;939
7876;34,72;-65,55;0,00;0,00;0,00;-0,07;0,00;0,00;299;78;59;31;15;735;918
7877;66,45;128,63;0,00;0,00;0,00;0,13;0,00;0,00;234;75;116;12;23;117;788
7878;66,38;167,21;0,00;0,00;0,00;0,17;0,00;0,00;92;24;117;47;28;505;826
7879;58,76;105,84;0,00;0,00;0,00;0,11;0,00;0,00;349;140;133;26;24;801;591
7880;76,79;222,71;0,00;0,00;0,00;0,22;0,00;0,00;120;13;56;44;39;732;546
7881;53,35;14,34;0,00;0,00;0,00;0,01;0,00;0,00;254;30;173;13;20;930;456
7882;44,49;-112,81;0,00;0,00;0,00;-0,11;0,00;0,00;357;130;176;36;28;654;681
7883;82,87;338,52;0,00;0,00;0,00;0,34;0,00;0,00;213;134;14;10;30;609;926
7884;44,44;-73,42;0,00;0,00;0,00;-0,07;0,00;0,00;43;172;161;33;38;628;630
7885;72,00;296,93;0,00;0,00;0,00;0,30;0,00;0,00;431;102;193;35;36;813;367
7886;50,35;22,90;0,00;0,00;0,00;0,02;0,00;0,00;419;119;145;11;37;692;357
7887;50,88;-35,06;0,00;0,00;0,00;-0,04;0,00;0,00;102;40;133;21;18;321;950
7888;51,80;47,83;0,00;0,00;0,00;0,05;0,00;0,00;168;127;16;15;35;710;849
7889;60,02;135,56;0,00;0,00;0,00;0,14;0,00;0,00;396;63;179;41;18;812;161
7890;38,92;-79,48;0,00;0,00;0,00;-0,08;0,00;0,00;344;45;171;18;38;892;391
7891;37,13;-159,85;0,00;0,00;0,00;-0,16;0,00;0,00;451;176;60;37;37;171;672
7892;23,05;-198,11;0,00;0,00;0,00;-0,20;0,00;0,00;183;190;94;38;25;771;946
7893;61,50;174,74;0,00;0,00;0,00;0,17;0,00;0,00;313;100;112;31;27;775;355
7894;74,00;208,06;0,00;0,00;0,00;0,21;0,00;0,00;107;107;87;39;18;597;253
7895;24,27;-340,88;0,00;0,00;0,00;-0,34;0,00;0,00;481;97;115;28;33;825;314
7896;46,82;10,76;0,00;0,00;0,00;0,01;0,00;0,00;172;45;66;35;21;400;599
7897;31,09;-137,67;0,00;0,00;0,00;-0,14;0,00;0,00;53;163;32;16;37;829;912
7898;61,44;102,17;0,00;0,00;0,00;0,10;0,00;0,00;183;18;167;44;25;689;269
7899;54,91;94,49;0,00;0,00;0,00;0,09;0,00;0,00;21;131;22;10;37;450;143
7900;14,79;-243,48;0,00;0,00;0,00;-0,24;0,00;0,00;369;75;39;11;19;984;525
7901;59,21;108,60;0,00;0,00;0,00;0,11;0,00;0,00;356;136;181;42;16;835;447
7902;50,30;-79,55;0,00;0,00;0,00;-0,08;0,00;0,00;110;98;97;12;15;638;754
7903;53,94;18,63;0,00;0,00;0,00;0,02;0,00;0,00;463;178;27;49;31;639;374
7904;65,59;217,01;0,00;0,00;0,00;0,22;0,00;0,00;231;43;70;35;28;121;508
7905;44,03;-68,77;0,00;0,00;0,00;-0,07;0,00;0,00;114;20;12;37;27;650;796
7906;42,22;-148,75;0,00;0,00;0,00;-0,15;0,00;0,00;212;112;64;20;30;156;222
7907;42,26;-61,59;0,00;0,00;0,00;-0,06;0,00;0,00;128;199;120;23;35;852;625
7908;43,49;-87,37;0,00;0,00;0,00;-0,09;0,00;0,00;437;158;136;46;32;154;458
7909;43,20;-38,73;0,00;0,00;0,00;-0,04;0,00;0,00;249;20;89;34;34;324;839
7910;41,42;-13,79;0,00;0,00;0,00;-0,01;0,00;0,00;384;144;102;43;29;370;537
7911;63,75;123,97;0,00;0,00;0,00;0,12;0,00;0,00;462;104;97;44;24;891;657
7912;59,78;143,39;0,00;0,00;0,00;0,14;0,00;0,00;153;95;76;16;20;108;362
7913;40,50;-3,08;0,00;0,00;0,00;-0,00;0,00;0,00;224;148;126;25;20;344;285
7914;72,07;260,30;0,00;0,00;0,00;0,26;0,00;0,00;436;63;163;31;28;118;721
7915;28,85;-259,41;0,00;0,00;0,00;-0,26;0,00;0,00;279;164;68;30;21;529;969
7916;61,14;149,24;0,00;0,00;0,00;0,15;0,00;0,00;77;107;117;47;38;138;435
7917;68,17;197,92;0,00;0,00;0,00;0,20;0,00;0,00;199;182;53;27;33;676;877
7918;68,43;189,72;0,00;0,00;0,00;0,19;0,00;0,00;331;117;160;48;27;633;540
7919;52,24;26,53;0,00;0,00;0,00;0,03;0,00;0,00;414;128;120;48;24;380;145
7920;58,15;137,60;0,00;0,00;0,00;0,14;0,00;0,00;310;30;171;35;28;525;848
7921;44,38;9,17;0,00;0,00;0,00;0,01;0,00;0,00;363;155;22;15;24;925;614
7922;77,00;289,66;0,00;0,00;0,00;0,29;0,00;0,00;342;51;89;25;20;486;797
7923;52,59;-21,42;0,00;0,00;0,00;-0,02;0,00;0,00;369;134;36;30;16;830;823
7924;22,66;-272,39;0,00;0,00;0,00;-0,27;0,00;0,00;80;102;159;20;35;680;988
7925;66,00;114,02;0,00;0,00;0,00;0,11;0,00;0,00;351;151;107;22;27;304;458
7926;61,72;99,31;0,00;0,00;0,00;0,10;0,00;0,00;328;181;110;31;34;698;846
7927;47,46;-52,34;0,00;0,00;0,00;-0,05;0,00;0,00;349;132;110;25;21;690;763
7928;56,88;23,01;0,00;0,00;0,00;0,02;0,00;0,00;49;83;47;17;30;498;698
7929;37,69;-113,85;0,00;0,00;0,00;-0,11;0,00;0,00;41;117;165;45;25;921;948
7930;42,92;-19,04;0,00;0,00;0,00;-0,02;0,00;0,00;465;39;142;40;24;195;553
7931;62,43;145,48;0,00;0,00;0,00;0,15;0,00;0,00;322;26;146;22;22;803;755
7932;52,31;123,09;0,00;0,00;0,00;0,12;0,00;0,00;79;121;115;43;34;235;802
7933;22,43;-276,38;0,00;0,00;0,00;-0,28;0,00;0,00;466;142;91;45;20;821;659
7934;46,87;-106,60;0,00;0,00;0,00;-0,11;0,00;0,00;229;148;81;14;16;864;538
7935;57,63;91,13;0,00;0,00;0,00;0,09;0,00;0,00;166;176;104;46;30;549;412
7936;57,01;33,39;0,00;0,00;0,00;0,03;0,00;0,00;161;93;125;44;36;494;219
7937;39,97;-22,59;0,00;0,00;0,00;-0,02;0,00;0,00;468;32;71;46;20;785;846
7938;50,42;41,87;0,00;0,00;0,00;0,04;0,00;0,00;262;23;39;37;33;324;371
7939;35,85;-98,38;0,00;0,00;0,00;-0,10;0,00;0,00;166;15;83;22;23;290;419
7940;70,22;258,24;0,00;0,00;0,00;0,26;0,00;0,00;422;47;182;48;39;729;397
7941;78,27;367,79;0,00;0,00;0,00;0,37;0,00;0,00;162;24;149;36;30;125;634
7942;87,36;360,76;0,00;0,00;0,00;0,36;0,00;0,00;264;150;114;39;19;314;679
7943;34,18;-112,93;0,00;0,00;0,00;-0,11;0,00;0,00;357;60;129;26;35;885;862
7944;29,77;-221,25;0,00;0,00;0,00;-0,22;0,00;0,00;261;185;105;12;16;669;997
7945;50,54;-68,36;0,00;0,00;0,00;-0,07;0,00;0,00;235;14;153;27;32;519;991
7946;73,49;274,65;0,00;0,00;0,00;0,27;0,00;0,00;37;92;36;48;19;986;166
7947;52,16;17,98;0,00;0,00;0,00;0,02;0,00;0,00;25;86;89;27;28;980;333
7948;55,20;27,20;0,00;0,00;0,00;0,03;0,00;0,00;200;194;154;29;34;483;935
7949;34,55;-120,93;0,00;0,00;0,00;-0,12;0,00;0,00;102;142;14;21;37;164;934
7950;57,83;162,57;0,00;0,00;0,00;0,16;0,00;0,00;425;35;157;45;29;294;135
7951;30,70;-179,80;0,00;0,00;0,00;-0,18;0,00;0,00;236;122;18;24;21;383;755
7952;47,91;-46,59;0,00;0,00;0,00;-0,05;0,00;0,00;392;76;145;49;18;221;352
7953;56,46;29,65;0,00;0,00;0,00;0,03;0,00;0,00;244;193;47;16;30;936;985
7954;58,61;87,74;0,00;0,00;0,00;0,09;0,00;0,00;280;22;61;13;21;238;385
7955;69,64;260,04;0,00;0,00;0,00;0,26;0,00;0,00;276;31;65;11;37;149;554
7956;23,00;-356,45;0,00;0,00;0,00;-0,36;0,00;0,00;232;146;160;38;22;379;173
7957;48,99;-43,33;0,00;0,00;0,00;-0,04;0,00;0,00;316;105;61;18;31;180;472
7958;25,74;-307,15;0,00;0,00;0,00;-0,31;0,00;0,00;129;92;74;24;18;854;294
7959;52,15;-10,71;0,00;0,00;0,00;-0,01;0,00;0,00;125;179;83;41;37;900;177
7960;39,35;-156,58;0,00;0,00;0,00;-0,16;0,00;0,00;494;194;96;39;31;519;378
7961;27,16;-224,76;0,00;0,00;0,00;-0,22;0,00;0,00;364;58;88;46;24;708;712
7962;78,69;294,79;0,00;0,00;0,00;0,29;0,00;0,00;70;79;51;45;39;676;985
7963;48,24;3,11;0,00;0,00;0,00;0,00;0,00;0,00;194;92;74;31;33;368;592
7964;69,33;228,57;0,00;0,00;0,00;0,23;0,00;0,00;255;69;161;13;37;973;809
7965;31,30;-163,36;0,00;0,00;0,00;-0,16;0,00;0,00;449;98;30;20;21;972;272
7966;53,29;56,40;0,00;0,00;0,00;0,06;0,00;0,00;373;43;111;21;37;651;887
7967;41,64;-96,85;0,00;0,00;0,00;-0,10;0,00;0,00;119;18;95;48;24;464;988
7968;60,16;172,92;0,00;0,00;0,00;0,17;0,00;0,00;220;81;151;41;24;218;172
7969;51,40;103,81;0,00;0,00;0,00;0,10;0,00;0,00;162;95;184;44;17;237;365
7970;34,71;-193,60;0,00;0,00;0,00;-0,19;0,00;0,00;141;135;197;47;24;337;967
7971;20,33;-351,61;0,00;0,00;0,00;-0,35;0,00;0,00;31;145;15;30;24;755;108
7972;39,43;-168,01;0,00;0,00;0,00;-0,17;0,00;0,00;444;191;117;27;37;614;203
7973;48,66;-107,61;0,00;0,00;0,00;-0,11;0,00;0,00;112;76;42;21;16;178;856
7974;55,76;91,71;0,00;0,00;0,00;0,09;0,00;0,00;161;151;179;19;29;892;982
7975;53,70;-0,81;0,00;0,00;0,00;-0,00;0,00;0,00;22;14;66;26;37;991;715
7976;42,40;-58,43;0,00;0,00;0,00;-0,06;0,00;0,00;355;42;164;33;22;484;781
7977;15,83;-412,77;0,00;0,00;0,00;-0,41;0,00;0,00;100;28;106;33;20;834;715
7978;33,08;-95,10;0,00;0,00;0,00;-0,10;0,00;0,00;225;23;166;38;24;893;394
7979;34,71;-204,35;0,00;0,00;0,00;-0,20;0,00;0,00;157;111;120;21;29;193;702
7980;61,80;212,03;0,00;0,00;0,00;0,21;0,00;0,00;355;61;40;24;20;715;525
7981;43,30;-28,77;0,00;0,00;0,00;-0,03;0,00;0,00;85;156;181;36;25;818;337
7982;28,16;-282,80;0,00;0,00;0,00;-0,28;0,00;0,00;200;70;39;26;29;675;936
7983;39,29;-112,17;0,00;0,00;0,00;-0,11;0,00;0,00;325;151;107;36;27;614;834
7984;52,05;15,83;0,00;0,00;0,00;0,02;0,00;0,00;175;145;52;32;33;352;412
7985;49,18;10,58;0,00;0,00;0,00;0,01;0,00;0,00;113;146;83;13;37;994;943
7986;56,76;-18,27;0,00;0,00;0,00;-0,02;0,00;0,00;428;31;44;48;21;133;528
7987;67,63;143,43;0,00;0,00;0,00;0,14;0,00;0,00;480;159;116;31;31;784;300
7988;48,70;-0,75;0,00;0,00;0,00;-0,00;0,00;0,00;193;171;122;40;31;551;480
7989;57,97;40,61;0,00;0,00;0,00;0,04;0,00;0,00;114;110;21;26;18;299;891
7990;29,09;-158,92;0,00;0,00;0,00;-0,16;0,00;0,00;31;164;48;24;35;946;729
7991;43,07;-28,33;0,00;0,00;0,00;-0,03;0,00;0,00;452;26;156;22;35;170;335
7992;49,79;-58,89;0,00;0,00;0,00;-0,06;0,00;0,00;311;82;121;27;27;408;889
7993;71,86;312,78;0,00;0,00;0,00;0,31;0,00;0,00;356;189;199;14;24;538;602
7994;51,14;49,18;0,00;0,00;0,00;0,05;0,00;0,00;224;68;59;45;21;646;159
7995;33,36;-140,67;0,00;0,00;0,00;-0,14;0,00;0,00;100;166;184;14;34;279;336
7996;68,73;136,64;0,00;0,00;0,00;0,14;0,00;0,00;55;117;16;29;26;479;649
7997;62,80;107,79;0,00;0,00;0,00;0,11;0,00;0,00;264;75;173;12;19;801;762
7998;45,74;-83,51;0,00;0,00;0,00;-0,08;0,00;0,00;371;113;125;31;38;912;145
7999;42,30;-136,98;0,00;0,00;0,00;-0,14;0,00;0,00;295;36;72;38;34;235;454
8000;49,48;-90,67;0,00;0,00;0,00;-0,09;0,00;0,00;302;92;124;27;22;868;662
8001;18,85;-308,54;0,00;0,00;0,00;-0,31;0,00;0,00;270;110;44;31;37;406;966
8002;35,52;-242,55;0,00;0,00;0,00;-0,24;0,00;0,00;52;199;148;45;25;391;644
8003;60,09;111,76;0,00;0,00;0,00;0,11;0,00;0,00;289;27;28;15;26;221;710
8004;71,11;210,30;0,00;0,00;0,00;0,21;0,00;0,00;309;109;183;34;18;823;540
8005;42,08;-55,07;0,00;0,00;0,00;-0,06;0,00;0,00;488;59;169;29;21;610;117
8006;42,52;-91,85;0,00;0,00;0,00;-0,09;0,00;0,00;288;198;123;47;32;653;852
8007;40,87;-101,68;0,00;0,00;0,00;-0,10;0,00;0,00;327;80;31;39;38;320;421
8008;35,41;-184,61;0,00;0,00;0,00;-0,18;0,00;0,00;114;149;43;33;39;117;837
8009;50,28;30,39;0,00;0,00;0,00;0,03;0,00;0,00;343;72;130;41;16;919;345
8010;59,44;110,52;0,00;0,00;0,00;0,11;0,00;0,00;228;89;147;11;20;650;238
8011;54,81;10,08;0,00;0,00;0,00;0,01;0,00;0,00;198;26;140;25;21;694;817
8012;36,83;-50,54;0,00;0,00;0,00;-0,05;0,00;0,00;210;66;92;33;21;685;727
8013;59,95;125,41;0,00;0,00;0,00;0,13;0,00;0,00;345;180;155;49;34;201;466
8014;33,18;-191,34;0,00;0,00;0,00;-0,19;0,00;0,00;225;91;105;26;26;947;476
8015;33,73;-180,11;0,00;0,00;0,00;-0,18;0,00;0,00;448;149;174;35;21;560;100
8016;65,96;127,65;0,00;0,00;0,00;0,13;0,00;0,00;255;36;88;21;29;929;161
8017;6,67;-389,60;0,00;0,00;0,00;-0,39;0,00;0,00;369;150;73;42;23;867;322
8018;42,04;-112,03;0,00;0,00;0,00;-0,11;0,00;0,00;58;102;89;21;15;553;277
8019;43,81;-94,50;0,00;0,00;0,00;-0,09;0,00;0,00;412;186;17;34;33;732;448
8020;58,68;18,30;0,00;0,00;0,00;0,02;0,00;0,00;398;54;126;21;17;387;984
8021;46,99;-125,17;0,00;0,00;0,00;-0,13;0,00;0,00;458;150;122;37;36;508;564
8022;20,20;-235,08;0,00;0,00;0,00;-0,24;0,00;0,00;131;157;67;22;25;330;530
8023;69,36;152,42;0,00;0,00;0,00;0,15;0,00;0,00;471;90;158;29;15;415;991
8024;53,13;74,54;0,00;0,00;0,00;0,07;0,00;0,00;445;173;138;38;37;303;483
8025;32,03;-114,85;0,00;0,00;0,00;-0,11;0,00;0,00;194;102;143;34;15;421;216
8026;58,16;53,73;0,00;0,00;0,00;0,05;0,00;0,00;288;72;149;19;28;428;776
8027;79,17;357,86;0,00;0,00;0,00;0,36;0,00;0,00;135;178;111;23;35;429;433
8028;58,80;25,53;0,00;0,00;0,00;0,03;0,00;0,00;305;144;70;45;26;644;670
8029;53,19;-94,79;0,00;0,00;0,00;-0,09;0,00;0,00;27;190;62;36;21;772;796
8030;56,47;136,76;0,00;0,00;0,00;0,14;0,00;0,00;79;92;93;18;26;966;346
8031;53,00;-9,37;0,00;0,00;0,00;-0,01;0,00;0,00;117;104;55;27;17;462;849
8032;64,28;170,35;0,00;0,00;0,00;0,17;0,00;0,00;229;24;149;40;36;103;653
8033;60,36;76,55;0,00;0,00;0,00;0,08;0,00;0,00;266;16;29;16;21;873;389
8034;31,43;-140,82;0,00;0,00;0,00;-0,14;0,00;0,00;280;90;89;14;17;250;243
8035;49,79;26,09;0,00;0,00;0,00;0,03;0,00;0,00;196;178;69;33;36;539;563
8036;37,56;-95,41;0,00;0,00;0,00;-0,10;0,00;0,00;412;52;150;16;25;107;568
8037;35,48;-133,92;0,00;0,00;0,00;-0,13;0,00;0,00;14;187;102;41;30;365;666
8038;55,89;114,13;0,00;0,00;0,00;0,11;0,00;0,00;281;165;128;44;34;223;556
8039;53,90;-44,59;0,00;0,00;0,00;-0,04;0,00;0,00;383;96;16;11;26;936;742
8040;45,67;-41,55;0,00;0,00;0,00;-0,04;0,00;0,00;312;79;122;32;21;726;663
8041;40,63;-4,05;0,00;0,00;0,00;-0,00;0,00;0,00;452;158;44;13;24;579;356
8042;27,15;-255,24;0,00;0,00;0,00;-0,26;0,00;0,00;345;51;184;49;23;441;312
8043;39,51;-141,68;0,00;0,00;0,00;-0,14;0,00;0,00;39;26;166;45;27;496;198
8044;66,24;157,60;0,00;0,00;0,00;0,16;0,00;0,00;292;198;86;49;27;921;121
8045;64,41;154,20;0,00;0,00;0,00;0,15;0,00;0,00;37;139;23;43;15;208;867
8046;47,98;-35,87;0,00;0,00;0,00;-0,04;0,00;0,00;316;127;52;11;33;889;374
8047;42,69;-48,30;0,00;0,00;0,00;-0,05;0,00;0,00;360;101;97;41;32;449;819
8048;62,55;136,83;0,00;0,00;0,00;0,14;0,00;0,00;80;30;24;14;21;204;604
8049;71,27;214,45;0,00;0,00;0,00;0,21;0,00;0,00;10;15;99;34;37;287;188
8050;37,32;-89,43;0,00;0,00;0,00;-0,09;0,00;0,00;133;110;18;37;19;775;987
8051;62,34;44,63;0,00;0,00;0,00;0,04;0,00;0,00;78;18;171;20;23;219;670
8052;62,61;115,83;0,00;0,00;0,00;0,12;0,00;0,00;398;18;98;26;25;824;449
8053;61,16;67,20;0,00;0,00;0,00;0,07;0,00;0,00;283;82;161;38;18;150;948
8054;63,62;181,57;0,00;0,00;0,00;0,18;0,00;0,00;320;53;85;30;20;289;922
8055;41,52;-87,16;0,00;0,00;0,00;-0,09;0,00;0,00;226;155;55;45;28;882;314
8056;26,36;-260,36;0,00;0,00;0,00;-0,26;0,00;0,00;191;34;34;42;17;743;802
8057;72,36;224,07;0,00;0,00;0,00;0,22;0,00;0,00;351;135;23;40;17;676;464
8058;27,82;-130,26;0,00;0,00;0,00;-0,13;0,00;0,00;71;148;138;19;38;627;780
8059;56,38;90,82;0,00;0,00;0,00;0,09;0,00;0,00;56;85;198;19;36;278;655
8060;63,96;135,33;0,00;0,00;0,00;0,14;0,00;0,00;72;12;134;14;20;938;345
8061;51,67;-7,40;0,00;0,00;0,00;-0,01;0,00;0,00;455;92;30;22;22;301;820
8062;58,30;64,72;0,00;0,00;0,00;0,06;0,00;0,00;18;171;117;18;21;462;866
8063;48,87;-43,40;0,00;0,00;0,00;-0,04;0,00;0,00;488;186;108;43;26;793;654
8064;47,61;-41,51;0,00;0,00;0,00;-0,04;0,00;0,00;330;46;56;13;35;850;767
8065;49,15;-15,65;0,00;0,00;0,00;-0,02;0,00;0,00;51;134;174;10;28;174;864
8066;37,86;-167,64;0,00;0,00;0,00;-0,17;0,00;0,00;115;79;181;42;36;554;304
8067;42,74;-105,29;0,00;0,00;0,00;-0,11;0,00;0,00;305;98;189;11;37;476;679
8068;46,70;-69,13;0,00;0,00;0,00;-0,07;0,00;0,00;59;58;197;16;19;826;456
8069;48,94;-50,40;0,00;0,00;0,00;-0,05;0,00;0,00;310;11;10;25;34;530;957
8070;63,31;81,87;0,00;0,00;0,00;0,08;0,00;0,00;44;46;80;18;18;520;963
8071;71,70;268,65;0,00;0,00;0,00;0,27;0,00;0,00;144;110;193;44;36;960;959
8072;46,12;6,48;0,00;0,00;0,00;0,01;0,00;0,00;79;29;152;22;31;212;832
8073;23,40;-244,58;0,00;0,00;0,00;-0,24;0,00;0,00;417;118;132;29;19;810;281
8074;46,29;-8,23;0,00;0,00;0,00;-0,01;0,00;0,00;41;121;28;38;28;646;943
8075;60,35;85,29;0,00;0,00;0,00;0,09;0,00;0,00;256;177;92;33;21;476;858
8076;23,47;-246,70;0,00;0,00;0,00;-0,25;0,00;0,00;247;55;36;44;37;140;830
8077;62,85;65,80;0,00;0,00;0,00;0,07;0,00;0,00;396;138;75;40;20;262;533
8078;83,15;279,00;0,00;0,00;0,00;0,28;0,00;0,00;499;150;122;10;35;450;754
8079;50,28;112,84;0,00;0,00;0,00;0,11;0,00;0,00;467;63;30;23;15;250;734
8080;53,94;108,96;0,00;0,00;0,00;0,11;0,00;0,00;357;119;96;27;21;613;954
8081;18,47;-346,10;0,00;0,00;0,00;-0,35;0,00;0,00;366;30;161;49;18;255;872
8082;41,42;-127,80;0,00;0,00;0,00;-0,13;0,00;0,00;245;156;119;31;21;408;544
8083;59,52;78,29;0,00;0,00;0,00;0,08;0,00;0,00;367;159;181;14;30;924;158
8084;39,15;-87,97;0,00;0,00;0,00;-0,09;0,00;0,00;302;20;133;18;19;795;420
8085;53,09;-18,72;0,00;0,00;0,00;-0,02;0,00;0,00;443;107;110;28;21;201;463
8086;83,33;312,22;0,00;0,00;0,00;0,31;0,00;0,00;219;163;181;17;31;876;149
8087;53,67;8,71;0,00;0,00;0,00;0,01;0,00;0,00;422;148;42;30;29;321;769
8088;42,25;-37,74;0,00;0,00;0,00;-0,04;0,00;0,00;440;14;101;15;36;382;314
8089;77,95;294,09;0,00;0,00;0,00;0,29;0,00;0,00;12;190;183;21;17;912;819
8090;60,97;107,55;0,00;0,00;0,00;0,11;0,00;0,00;470;156;91;21;27;390;969
8091;45,24;16,06;0,00;0,00;0,00;0,02;0,00;0,00;373;176;41;28;33;138;589
8092;55,85;129,89;0,00;0,00;0,00;0,13;0,00;0,00;497;67;45;43;20;581;724
8093;47,04;-55,52;0,00;0,00;0,00;-0,06;0,00;0,00;155;130;149;15;34;353;402
8094;54,57;32,45;0,00;0,00;0,00;0,03;0,00;0,00;184;110;156;24;16;647;677
8095;46,89;-67,42;0,00;0,00;0,00;-0,07;0,00;0,00;382;142;71;35;37;182;752
8096;57,37;18,38;0,00;0,00;0,00;0,02;0,00;0,00;59;74;70;14;34;324;580
8097;51,07;85,56;0,00;0,00;0,00;0,09;0,00;0,00;371;175;154;45;28;135;624
8098;33,93;-111,29;0,00;0,00;0,00;-0,11;0,00;0,00;221;98;45;24;23;937;797
8099;56,03;102,29;0,00;0,00;0,00;0,10;0,00;0,00;299;124;46;25;26;284;321
8100;56,60;47,96;0,00;0,00;0,00;0,05;0,00;0,00;35;61;132;33;26;995;764
8101;50,62;19,93;0,00;0,00;0,00;0,02;0,00;0,00;334;109;117;46;30;181;523
8102;37,01;-274,27;0,00;0,00;0,00;-0,27;0,00;0,00;356;162;164;18;18;924;636
8103;41,41;-36,78;0,00;0,00;0,00;-0,04;0,00;0,00;21;166;173;24;17;801;421
8104;44,03;44,57;0,00;0,00;0,00;0,04;0,00;0,00;444;16;45;10;18;565;242
8105;60,18;155,49;0,00;0,00;0,00;0,16;0,00;0,00;61;142;122;13;25;707;482
8106;76,98;249,47;0,00;0,00;0,00;0,25;0,00;0,00;299;172;170;16;23;457;973
8107;47,42;-31,84;0,00;0,00;0,00;-0,03;0,00;0,00;126;163;176;11;38;757;387
8108;39,60;-160,92;0,00;0,00;0,00;-0,16;0,00;0,00;468;119;157;21;30;910;469
8109;33,61;-145,80;0,00;0,00;0,00;-0,15;0,00;0,00;182;62;190;47;23;334;337
8110;63,56;152,71;0,00;0,00;0,00;0,15;0,00;0,00;130;119;189;32;27;140;464
8111;57,56;14,64;0,00;0,00;0,00;0,01;0,00;0,00;423;27;197;39;30;463;856
8112;44,42;-110,61;0,00;0,00;0,00;-0,11;0,00;0,00;124;134;68;31;29;570;164
8113;39,27;-77,08;0,00;0,00;0,00;-0,08;0,00;0,00;229;163;89;39;24;814;677
8114;49,38;-46,99;0,00;0,00;0,00;-0,05;0,00;0,00;87;62;132;31;39;934;777
8115;40,15;-151,45;0,00;0,00;0,00;-0,15;0,00;0,00;184;67;76;43;28;452;754
8116;67,21;198,44;0,00;0,00;0,00;0,20;0,00;0,00;40;189;105;20;37;945;652
8117;64,65;166,85;0,00;0,00;0,00;0,17;0,00;0,00;375;154;184;47;36;266;768
8118;52,14;-29,54;0,00;0,00;0,00;-0,03;0,00;0,00;209;156;90;46;26;773;291
8119;69,93;124,82;0,00;0,00;0,00;0,12;0,00;0,00;377;179;198;23;22;406;718
8120;21,40;-206,58;0,00;0,00;0,00;-0,21;0,00;0,00;213;151;55;12;20;870;449
8121;73,32;255,35;0,00;0,00;0,00;0,26;0,00;0,00;78;70;135;39;19;103;612
8122;65,81;149,23;0,00;0,00;0,00;0,15;0,00;0,00;190;15;143;23;38;445;701
8123;17,78;-284,38;0,00;0,00;0,00;-0,28;0,00;0,00;158;131;99;37;17;341;526
8124;35,50;-214,05;0,00;0,00;0,00;-0,21;0,00;0,00;103;175;195;33;22;628;700
8125;59,51;155,88;0,00;0,00;0,00;0,16;0,00;0,00;155;20;164;29;31;482;784
8126;47,12;-92,88;0,00;0,00;0,00;-0,09;0,00;0,00;228;38;85;43;29;387;570
8127;53,70;51,85;0,00;0,00;0,00;0,05;0,00;0,00;141;68;60;35;15;923;914
8128;51,89;62,20;0,00;0,00;0,00;0,06;0,00;0,00;224;60;138;25;21;227;182
8129;54,25;28,08;0,00;0,00;0,00;0,03;0,00;0,00;492;57;104;35;27;226;194
8130;45,14;-75,06;0,00;0,00;0,00;-0,08;0,00;0,00;420;27;117;28;17;697;524
8131;61,25;128,39;0,00;0,00;0,00;0,13;0,00;0,00;456;107;139;20;16;198;250
8132;35,67;-133,12;0,00;0,00;0,00;-0,13;0,00;0,00;43;182;71;22;17;968;357
8133;41,76;-67,15;0,00;0,00;0,00;-0,07;0,00;0,00;399;39;38;33;17;269;736
8134;56,11;-2,37;0,00;0,00;0,00;-0,00;0,00;0,00;491;90;132;32;15;795;315
8135;25,25;-244,29;0,00;0,00;0,00;-0,24;0,00;0,00;133;113;85;21;22;927;359
8136;56,53;129,08;0,00;0,00;0,00;0,13;0,00;0,00;469;15;25;43;25;462;804
8137;41,78;-56,11;0,00;0,00;0,00;-0,06;0,00;0,00;290;169;129;18;32;981;590
8138;67,26;90,89;0,00;0,00;0,00;0,09;0,00;0,00;108;112;51;14;22;735;261
8139;54,05;21,45;0,00;0,00;0,00;0,02;0,00;0,00;303;65;144;40;33;419;957
8140;45,20;-28,61;0,00;0,00;0,00;-0,03;0,00;0,00;188;22;194;25;22;975;226
8141;34,58;-215,08;0,00;0,00;0,00;-0,22;0,00;0,00;425;183;45;47;21;600;272
8142;37,22;-131,82;0,00;0,00;0,00;-0,13;0,00;0,00;226;75;135;34;32;736;155
8143;36,03;-114,85;0,00;0,00;0,00;-0,11;0,00;0,00;95;59;134;47;22;330;380
8144;43,16;-23,97;0,00;0,00;0,00;-0,02;0,00;0,00;10;194;179;42;21;594;641
8145;71,09;149,45;0,00;0,00;0,00;0,15;0,00;0,00;475;173;47;26;18;104;879
8146;32,63;-186,97;0,00;0,00;0,00;-0,19;0,00;0,00;307;168;70;36;29;133;174
8147;96,06;420,69;0,00;0,00;0,00;0,42;0,00;0,00;94;159;154;24;24;196;727
8148;56,99;124,68;0,00;0,00;0,00;0,12;0,00;0,00;489;73;130;38;24;604;662
8149;48,22;-34,85;0,00;0,00;0,00;-0,03;0,00;0,00;111;97;45;17;29;860;329
8150;71,68;212,11;0,00;0,00;0,00;0,21;0,00;0,00;45;192;106;25;38;161;331
8151;38,72;-141,55;0,00;0,00;0,00;-0,14;0,00;0,00;380;38;175;46;36;864;877
8152;26,85;-189,69;0,00;0,00;0,00;-0,19;0,00;0,00;125;122;66;27;19;271;284
8153;66,26;190,79;0,00;0,00;0,00;0,19;0,00;0,00;324;164;192;20;39;709;491
8154;59,05;89,12;0,00;0,00;0,00;0,09;0,00;0,00;60;55;151;23;31;576;626
8155;32,21;-267,94;0,00;0,00;0,00;-0,27;0,00;0,00;167;37;53;10;17;330;824
8156;61,85;155,59;0,00;0,00;0,00;0,16;0,00;0,00;421;67;74;39;23;935;543
8157;58,36;154,84;0,00;0,00;0,00;0,15;0,00;0,00;39;43;66;33;16;904;978
8158;44,52;19,37;0,00;0,00;0,00;0,02;0,00;0,00;168;89;186;44;32;780;322
8159;66,61;147,53;0,00;0,00;0,00;0,15;0,00;0,00;202;154;28;14;27;891;920
8160;37,01;-135,98;0,00;0,00;0,00;-0,14;0,00;0,00;38;71;153;32;39;626;903
8161;45,53;34,76;0,00;0,00;0,00;0,03;0,00;0,00;402;67;85;28;35;317;561
8162;50,16;-34,20;0,00;0,00;0,00;-0,03;0,00;0,00;441;189;111;12;17;981;325
8163;60,47;129,60;0,00;0,00;0,00;0,13;0,00;0,00;167;28;179;28;21;277;732
8164;39,62;-43,67;0,00;0,00;0,00;-0,04;0,00;0,00;250;102;106;30;38;265;728
8165;51,19;96,49;0,00;0,00;0,00;0,10;0,00;0,00;103;160;114;23;26;799;878
8166;58,25;76,99;0,00;0,00;0,00;0,08;0,00;0,00;284;115;14;45;25;635;570
8167;56,55;18,05;0,00;0,00;0,00;0,02;0,00;0,00;225;62;119;21;27;426;549
8168;69,13;140,43;0,00;0,00;0,00;0,14;0,00;0,00;214;107;38;25;19;241;728
8169;55,62;-38,46;0,00;0,00;0,00;-0,04;0,00;0,00;23;85;90;33;21;212;412
8170;94,63;492,70;0,00;0,00;0,00;0,49;0,00;0,00;167;28;94;11;28;983;515
8171;25,88;-264,63;0,00;0,00;0,00;-0,26;0,00;0,00;418;187;79;47;34;425;704
8172;53,93;58,26;0,00;0,00;0,00;0,06;0,00;0,00;470;85;79;19;33;852;123
8173;56,57;112,78;0,00;0,00;0,00;0,11;0,00;0,00;90;134;46;27;34;975;717
8174;36,40;-107,69;0,00;0,00;0,00;-0,11;0,00;0,00;17;24;58;22;28;321;478
8175;80,53;315,34;0,00;0,00;0,00;0,32;0,00;0,00;458;83;146;40;29;598;641
8176;44,85;-47,59;0,00;0,00;0,00;-0,05;0,00;0,00;409;106;35;11;37;522;767
8177;56,19;167,86;0,00;0,00;0,00;0,17;0,00;0,00;384;92;33;20;15;676;313
8178;53,57;-58,89;0,00;0,00;0,00;-0,06;0,00;0,00;270;93;192;46;24;340;144
8179;37,32;-99,75;0,00;0,00;0,00;-0,10;0,00;0,00;158;20;17;17;23;626;829
8180;39,35;-117,38;0,00;0,00;0,00;-0,12;0,00;0,00;463;115;48;48;23;808;136
8181;76,48;245,85;0,00;0,00;0,00;0,25;0,00;0,00;332;187;168;28;33;886;791
8182;35,57;-139,71;0,00;0,00;0,00;-0,14;0,00;0,00;485;105;178;35;26;278;376
8183;30,29;-119,46;0,00;0,00;0,00;-0,12;0,00;0,00;477;50;39;32;30;105;639
8184;43,05;-44,37;0,00;0,00;0,00;-0,04;0,00;0,00;132;40;111;46;39;260;308
8185;53,02;65,61;0,00;0,00;0,00;0,07;0,00;0,00;429;11;19;48;19;675;743
8186;36,23;-242,59;0,00;0,00;0,00;-0,24;0,00;0,00;485;88;79;46;19;887;496
8187;47,32;-59,45;0,00;0,00;0,00;-0,06;0,00;0,00;164;138;93;35;21;256;458
8188;51,19;21,64;0,00;0,00;0,00;0,02;0,00;0,00;269;85;127;48;24;253;682
8189;45,78;18,25;0,00;0,00;0,00;0,02;0,00;0,00;455;182;140;28;25;271;269
8190;27,41;-208,88;0,00;0,00;0,00;-0,21;0,00;0,00;297;162;196;14;37;685;568
8191;47,03;57,08;0,00;0,00;0,00;0,06;0,00;0,00;40;22;170;37;23;191;170
8192;29,02;-188,08;0,00;0,00;0,00;-0,19;0,00;0,00;471;109;13;23;33;555;979
8193;34,77;-152,47;0,00;0,00;0,00;-0,15;0,00;0,00;343;75;71;15;21;814;341
8194;62,49;84,80;0,00;0,00;0,00;0,08;0,00;0,00;434;23;116;45;15;295;857
8195;46,11;-8,62;0,00;0,00;0,00;-0,01;0,00;0,00;385;167;109;27;31;806;403
8196;43,55;-40,69;0,00;0,00;0,00;-0,04;0,00;0,00;452;78;149;44;24;606;615
8197;47,22;-57,80;0,00;0,00;0,00;-0,06;0,00;0,00;259;139;188;19;30;672;769
8198;34,61;-117,07;0,00;0,00;0,00;-0,12;0,00;0,00;278;55;90;34;22;394;886
8199;57,48;109,86;0,00;0,00;0,00;0,11;0,00;0,00;353;169;62;29;23;892;695
8200;60,81;12,08;0,00;0,00;0,00;0,01;0,00;0,00;40;152;163;45;19;186;224
8201;44,82;4,65;0,00;0,00;0,00;0,00;0,00;0,00;214;49;144;24;18;757;101
8202;63,19;114,93;0,00;0,00;0,00;0,11;0,00;0,00;348;164;43;20;24;378;109
8203;54,02;56,94;0,00;0,00;0,00;0,06;0,00;0,00;141;75;116;44;29;125;314
8204;48,56;0,62;0,00;0,00;0,00;0,00;0,00;0,00;305;42;162;21;17;173;733
8205;52,53;117,51;0,00;0,00;0,00;0,12;0,00;0,00;28;180;21;29;30;138;309
8206;48,26;-73,41;0,00;0,00;0,00;-0,07;0,00;0,00;249;142;77;45;31;956;605
8207;26,29;-180,37;0,00;0,00;0,00;-0,18;0,00;0,00;299;176;113;10;38;884;221
8208;54,58;161,43;0,00;0,00;0,00;0,16;0,00;0,00;347;140;171;27;32;728;388
8209;39,25;-73,54;0,00;0,00;0,00;-0,07;0,00;0,00;387;146;126;38;23;135;505
8210;35,10;-199,57;0,00;0,00;0,00;-0,20;0,00;0,00;436;17;152;12;29;130;160
8211;57,20;109,45;0,00;0,00;0,00;0,11;0,00;0,00;223;131;154;11;23;283;485
8212;36,53;-232,23;0,00;0,00;0,00;-0,23;0,00;0,00;83;133;102;20;17;531;243
8213;28,55;-225,12;0,00;0,00;0,00;-0,23;0,00;0,00;453;112;172;17;28;381;150
8214;36,71;-142,30;0,00;0,00;0,00;-0,14;0,00;0,00;72;76;180;20;33;587;454
8215;41,35;-57,12;0,00;0,00;0,00;-0,06;0,00;0,00;293;183;57;17;33;367;721
8216;52,34;56,33;0,00;0,00;0,00;0,06;0,00;0,00;49;20;173;45;27;221;872
8217;57,09;114,21;0,00;0,00;0,00;0,11;0,00;0,00;208;163;187;36;34;990;833
8218;41,44;-181,68;0,00;0,00;0,00;-0,18;0,00;0,00;19;79;133;47;19;885;859
8219;57,30;57,13;0,00;0,00;0,00;0,06;0,00;0,00;64;108;53;39;22;974;615
8220;87,51;341,71;0,00;0,00;0,00;0,34;0,00;0,00;343;24;18;34;37;182;717
8221;56,65;75,67;0,00;0,00;0,00;0,08;0,00;0,00;479;118;90;28;26;958;504
8222;53,54;20,37;0,00;0,00;0,00;0,02;0,00;0,00;209;84;188;48;23;615;523
8223;42,68;-42,18;0,00;0,00;0,00;-0,04;0,00;0,00;105;149;138;36;32;295;123
8224;33,70;-201,11;0,00;0,00;0,00;-0,20;0,00;0,00;314;26;59;14;38;367;966
8225;63,78;68,45;0,00;0,00;0,00;0,07;0,00;0,00;350;156;27;24;27;378;901
8226;24,65;-255,77;0,00;0,00;0,00;-0,26;0,00;0,00;48;194;132;45;31;279;576
8227;41,42;-107,21;0,00;0,00;0,00;-0,11;0,00;0,00;329;102;188;26;38;286;710
8228;52,00;22,84;0,00;0,00;0,00;0,02;0,00;0,00;464;174;74;31;23;965;127
8229;36,07;-213,98;0,00;0,00;0,00;-0,21;0,00;0,00;123;194;171;38;31;861;458
8230;45,16;-43,97;0,00;0,00;0,00;-0,04;0,00;0,00;486;20;94;43;32;926;246
8231;31,56;-191,59;0,00;0,00;0,00;-0,19;0,00;0,00;212;144;89;21;26;502;352
8232;63,93;138,06;0,00;0,00;0,00;0,14;0,00;0,00;424;114;23;42;36;608;871
8233;54,69;40,25;0,00;0,00;0,00;0,04;0,00;0,00;102;157;123;37;23;889;258
8234;60,85;184,96;0,00;0,00;0,00;0,18;0,00;0,00;290;114;95;29;29;340;626
8235;46,46;-11,96;0,00;0,00;0,00;-0,01;0,00;0,00;10;183;190;20;38;939;273
8236;47,25;-94,03;0,00;0,00;0,00;-0,09;0,00;0,00;446;193;12;27;32;329;533
8237;28,64;-178,24;0,00;0,00;0,00;-0,18;0,00;0,00;142;90;166;15;18;846;389
8238;32,75;-166,70;0,00;0,00;0,00;-0,17;0,00;0,00;154;172;136;30;18;245;940
8239;35,15;-228,83;0,00;0,00;0,00;-0,23;0,00;0,00;188;102;124;30;17;595;219
8240;28,33;-250,68;0,00;0,00;0,00;-0,25;0,00;0,00;26;14;59;16;32;386;150
8241;65,64;199,17;0,00;0,00;0,00;0,20;0,00;0,00;353;121;35;47;32;574;256
8242;34,13;-152,92;0,00;0,00;0,00;-0,15;0,00;0,00;147;12;16;44;35;502;950
8243;71,87;187,10;0,00;0,00;0,00;0,19;0,00;0,00;421;188;87;25;37;812;686
8244;66,53;117,11;0,00;0,00;0,00;0,12;0,00;0,00;252;185;156;26;29;154;394
8245;62,48;110,86;0,00;0,00;0,00;0,11;0,00;0,00;29;179;77;14;20;684;588
8246;41,49;-100,37;0,00;0,00;0,00;-0,10;0,00;0,00;451;125;100;12;15;375;438
8247;56,16;93,01;0,00;0,00;0,00;0,09;0,00;0,00;165;80;145;22;30;567;128
8248;21,89;-266,27;0,00;0,00;0,00;-0,27;0,00;0,00;132;131;15;34;35;563;530
8249;74,51;236,64;0,00;0,00;0,00;0,24;0,00;0,00;477;64;10;22;16;162;263
8250;61,15;176,40;0,00;0,00;0,00;0,18;0,00;0,00;93;91;196;19;37;320;787
8251;39,66;-184,76;0,00;0,00;0,00;-0,18;0,00;0,00;468;72;40;17;34;600;232
8252;66,67;121,96;0,00;0,00;0,00;0,12;0,00;0,00;48;53;67;32;31;310;195
8253;57,62;25,12;0,00;0,00;0,00;0,03;0,00;0,00;210;118;184;42;39;335;637
8254;47,14;101,72;0,00;0,00;0,00;0,10;0,00;0,00;456;26;152;17;39;493;802
8255;32,08;-162,66;0,00;0,00;0,00;-0,16;0,00;0,00;245;93;18;13;32;539;418
8256;36,48;-110,52;0,00;0,00;0,00;-0,11;0,00;0,00;236;128;194;14;16;288;144
8257;83,03;375,08;0,00;0,00;0,00;0,38;0,00;0,00;195;77;131;25;32;993;814
8258;29,50;-292,94;0,00;0,00;0,00;-0,29;0,00;0,00;151;50;172;32;30;365;858
8259;47,78;-65,27;0,00;0,00;0,00;-0,07;0,00;0,00;435;129;106;25;30;121;519
8260;27,48;-225,62;0,00;0,00;0,00;-0,23;0,00;0,00;406;163;72;48;15;726;651
8261;53,88;57,77;0,00;0,00;0,00;0,06;0,00;0,00;202;48;151;13;19;445;382
8262;39,06;-105,55;0,00;0,00;0,00;-0,11;0,00;0,00;188;184;97;30;15;159;558
8263;69,07;146,45;0,00;0,00;0,00;0,15;0,00;0,00;415;184;118;49;35;199;964
8264;56,19;-4,46;0,00;0,00;0,00;-0,00;0,00;0,00;453;109;50;33;15;240;707
8265;47,42;-46,44;0,00;0,00;0,00;-0,05;0,00;0,00;136;65;129;16;17;218;422
8266;43,87;-42,46;0,00;0,00;0,00;-0,04;0,00;0,00;350;104;194;38;17;860;194
8267;62,56;167,34;0,00;0,00;0,00;0,17;0,00;0,00;245;132;195;10;22;535;105
8268;54,24;2,59;0,00;0,00;0,00;0,00;0,00;0,00;435;66;182;37;17;604;952
8269;61,12;67,12;0,00;0,00;0,00;0,07;0,00;0,00;102;51;28;26;26;159;961
8270;47,16;-51,29;0,00;0,00;0,00;-0,05;0,00;0,00;459;194;138;28;36;321;918
8271;37,10;-113,68;0,00;0,00;0,00;-0,11;0,00;0,00;266;100;158;42;19;510;263
8272;46,80;29,33;0,00;0,00;0,00;0,03;0,00;0,00;495;80;179;15;20;662;412
8273;38,61;-93,23;0,00;0,00;0,00;-0,09;0,00;0,00;105;136;58;43;33;455;592
8274;27,19;-226,90;0,00;0,00;0,00;-0,23;0,00;0,00;78;170;76;13;17;152;874
8275;30,29;-199,74;0,00;0,00;0,00;-0,20;0,00;0,00;118;147;47;48;20;213;313
8276;44,56;-89,12;0,00;0,00;0,00;-0,09;0,00;0,00;62;138;136;41;39;141;932
8277;64,60;157,69;0,00;0,00;0,00;0,16;0,00;0,00;295;50;166;21;20;508;943
8278;64,96;231,61;0,00;0,00;0,00;0,23;0,00;0,00;285;63;188;43;23;834;691
8279;26,17;-210,67;0,00;0,00;0,00;-0,21;0,00;0,00;120;46;41;35;15;221;450
8280;55,37;50,67;0,00;0,00;0,00;0,05;0,00;0,00;190;109;94;48;35;935;581
8281;47,22;-24,54;0,00;0,00;0,00;-0,02;0,00;0,00;293;146;33;16;17;507;194
8282;52,98;137,17;0,00;0,00;0,00;0,14;0,00;0,00;166;180;83;16;34;538;466
8283;28,11;-241,05;0,00;0,00;0,00;-0,24;0,00;0,00;154;41;168;27;38;659;390
8284;74,80;243,17;0,00;0,00;0,00;0,24;0,00;0,00;21;139;139;25;35;650;931
8285;32,27;-244,01;0,00;0,00;0,00;-0,24;0,00;0,00;291;99;73;10;31;250;567
8286;30,02;-72,51;0,00;0,00;0,00;-0,07;0,00;0,00;58;104;147;47;37;831;970
8287;33,25;-166,60;0,00;0,00;0,00;-0,17;0,00;0,00;379;27;132;38;32;688;197
8288;58,81;125,33;0,00;0,00;0,00;0,13;0,00;0,00;42;104;144;27;39;664;246
8289;64,68;112,79;0,00;0,00;0,00;0,11;0,00;0,00;67;191;45;14;37;876;918
8290;72,92;210,10;0,00;0,00;0,00;0,21;0,00;0,00;89;146;62;46;22;942;250
8291;59,69;164,57;0,00;0,00;0,00;0,16;0,00;0,00;87;175;91;11;29;863;264
8292;69,91;128,35;0,00;0,00;0,00;0,13;0,00;0,00;272;37;130;42;27;251;657
8293;24,76;-290,12;0,00;0,00;0,00;-0,29;0,00;0,00;83;31;124;39;20;319;992
8294;29,94;-197,13;0,00;0,00;0,00;-0,20;0,00;0,00;404;126;183;42;31;602;621
8295;28,83;-264,62;0,00;0,00;0,00;-0,26;0,00;0,00;349;192;41;22;39;988;817
8296;53,57;19,52;0,00;0,00;0,00;0,02;0,00;0,00;207;133;74;21;17;116;448
8297;32,17;-179,74;0,00;0,00;0,00;-0,18;0,00;0,00;122;156;40;22;29;133;374
8298;41,65;-81,92;0,00;0,00;0,00;-0,08;0,00;0,00;408;74;121;39;24;622;259
8299;54,75;104,85;0,00;0,00;0,00;0,10;0,00;0,00;473;163;33;48;30;639;492
8300;43,92;-65,38;0,00;0,00;0,00;-0,07;0,00;0,00;380;78;169;31;30;962;587
8301;34,22;-188,06;0,00;0,00;0,00;-0,19;0,00;0,00;188;161;37;12;21;887;538
8302;72,02;201,56;0,00;0,00;0,00;0,20;0,00;0,00;91;51;145;41;32;720;145
8303;63,02;190,90;0,00;0,00;0,00;0,19;0,00;0,00;363;31;67;16;39;258;243
8304;46,70;112,00;0,00;0,00;0,00;0,11;0,00;0,00;47;42;163;34;34;988;925
8305;32,29;-125,41;0,00;0,00;0,00;-0,13;0,00;0,00;141;47;96;36;38;513;693
8306;80,87;336,84;0,00;0,00;0,00;0,34;0,00;0,00;90;181;29;36;26;484;699
8307;55,71;38,95;0,00;0,00;0,00;0,04;0,00;0,00;461;39;141;22;16;297;643
8308;40,23;-145,26;0,00;0,00;0,00;-0,15;0,00;0,00;300;36;25;44;26;735;181
8309;56,11;-22,01;0,00;0,00;0,00;-0,02;0,00;0,00;432;24;132;16;35;680;499
8310;33,43;-257,42;0,00;0,00;0,00;-0,26;0,00;0,00;232;101;130;47;34;907;510
8311;99,01;489,01;0,00;0,00;0,00;0,49;0,00;0,00;463;55;133;12;37;824;188
8312;22,12;-235,78;0,00;0,00;0,00;-0,24;0,00;0,00;87;44;155;34;31;743;386
8313;26,82;-210,12;0,00;0,00;0,00;-0,21;0,00;0,00;332;12;196;38;21;240;823
8314;73,43;308,34;0,00;0,00;0,00;0,31;0,00;0,00;207;72;37;19;32;688;836
8315;30,62;-195,43;0,00;0,00;0,00;-0,20;0,00;0,00;30;123;115;17;26;998;379
8316;40,81;-165,92;0,00;0,00;0,00;-0,17;0,00;0,00;394;45;98;32;37;312;453
8317;63,45;51,56;0,00;0,00;0,00;0,05;0,00;0,00;149;137;131;35;26;223;820
8318;79,43;237,40;0,00;0,00;0,00;0,24;0,00;0,00;271;16;161;11;30;480;194
8319;71,28;209,24;0,00;0,00;0,00;0,21;0,00;0,00;154;155;147;47;38;401;575
8320;55,50;57,81;0,00;0,00;0,00;0,06;0,00;0,00;35;170;68;18;37;734;688
8321;14,90;-384,83;0,00;0,00;0,00;-0,38;0,00;0,00;202;64;158;10;22;671;316
8322;78,07;263,88;0,00;0,00;0,00;0,26;0,00;0,00;19;73;194;14;33;672;936
8323;45,64;-92,45;0,00;0,00;0,00;-0,09;0,00;0,00;260;146;30;28;32;325;225
8324;37,45;-102,07;0,00;0,00;0,00;-0,10;0,00;0,00;387;169;95;22;30;406;142
8325;41,08;2,90;0,00;0,00;0,00;0,00;0,00;0,00;255;132;93;30;28;404;601
8326;51,95;100,63;0,00;0,00;0,00;0,10;0,00;0,00;176;169;51;40;36;913;427
8327;50,90;-26,98;0,00;0,00;0,00;-0,03;0,00;0,00;382;107;144;11;27;882;687
8328;49,96;-107,85;0,00;0,00;0,00;-0,11;0,00;0,00;106;21;173;25;27;550;733
8329;40,23;-63,54;0,00;0,00;0,00;-0,06;0,00;0,00;155;175;162;17;26;914;384
8330;61,71;112,48;0,00;0,00;0,00;0,11;0,00;0,00;18;63;111;36;30;109;266
8331;41,73;-36,14;0,00;0,00;0,00;-0,04;0,00;0,00;335;137;97;41;30;801;935
8332;40,98;-130,81;0,00;0,00;0,00;-0,13;0,00;0,00;51;88;163;33;24;693;341
8333;70,94;247,39;0,00;0,00;0,00;0,25;0,00;0,00;81;23;84;17;19;266;619
8334;47,88;-14,32;0,00;0,00;0,00;-0,01;0,00;0,00;424;71;157;23;28;419;387
8335;49,47;53,73;0,00;0,00;0,00;0,05;0,00;0,00;319;185;141;30;29;468;986
8336;63,72;175,35;0,00;0,00;0,00;0,18;0,00;0,00;111;157;82;15;39;101;700
8337;57,76;-16,41;0,00;0,00;0,00;-0,02;0,00;0,00;34;22;91;49;19;538;431
8338;35,44;-101,62;0,00;0,00;0,00;-0,10;0,00;0,00;399;97;165;41;33;900;447
8339;53,09;81,69;0,00;0,00;0,00;0,08;0,00;0,00;99;87;66;16;27;733;445
8340;82,62;335,23;0,00;0,00;0,00;0,34;0,00;0,00;123;61;117;26;16;130;881
8341;34,26;-214,83;0,00;0,00;0,00;-0,21;0,00;0,00;237;37;59;19;15;770;704
8342;32,27;-205,33;0,00;0,00;0,00;-0,21;0,00;0,00;199;150;127;46;26;725;399
8343;12,50;-434,78;0,00;0,00;0,00;-0,43;0,00;0,00;120;85;16;29;27;322;474
8344;47,70;-78,87;0,00;0,00;0,00;-0,08;0,00;0,00;185;163;119;25;24;481;192
8345;36,21;-108,91;0,00;0,00;0,00;-0,11;0,00;0,00;341;159;193;28;37;791;365
8346;71,76;292,64;0,00;0,00;0,00;0,29;0,00;0,00;292;40;17;26;24;397;688
8347;39,37;-92,95;0,00;0,00;0,00;-0,09;0,00;0,00;86;118;165;32;35;727;925
8348;30,68;-231,60;0,00;0,00;0,00;-0,23;0,00;0,00;463;130;142;49;22;491;961
8349;45,81;-105,95;0,00;0,00;0,00;-0,11;0,00;0,00;314;19;49;44;17;138;803
8350;45,93;-108,72;0,00;0,00;0,00;-0,11;0,00;0,00;450;29;41;25;34;845;756
8351;79,11;240,39;0,00;0,00;0,00;0,24;0,00;0,00;301;93;162;44;22;436;346
8352;25,11;-251,18;0,00;0,00;0,00;-0,25;0,00;0,00;372;155;47;14;26;875;705
8353;51,87;52,58;0,00;0,00;0,00;0,05;0,00;0,00;91;134;76;12;20;343;515
8354;44,81;-42,85;0,00;0,00;0,00;-0,04;0,00;0,00;430;166;198;21;24;977;135
8355;41,46;-52,62;0,00;0,00;0,00;-0,05;0,00;0,00;230;51;35;28;39;450;602
8356;65,97;211,00;0,00;0,00;0,00;0,21;0,00;0,00;44;178;28;38;20;198;780
8357;35,46;-101,98;0,00;0,00;0,00;-0,10;0,00;0,00;283;114;113;23;21;869;594
8358;33,31;-121,44;0,00;0,00;0,00;-0,12;0,00;0,00;97;98;48;29;34;620;113
8359;81,58;335,56;0,00;0,00;0,00;0,34;0,00;0,00;284;146;47;27;37;757;520
8360;37,27;-177,08;0,00;0,00;0,00;-0,18;0,00;0,00;409;121;151;23;25;964;359
8361;31,56;-208,07;0,00;0,00;0,00;-0,21;0,00;0,00;13;154;97;49;37;113;365
8362;42,57;-17,61;0,00;0,00;0,00;-0,02;0,00;0,00;320;192;86;41;16;961;717
8363;60,66;102,81;0,00;0,00;0,00;0,10;0,00;0,00;57;31;55;43;22;598;404
8364;19,26;-275,00;0,00;0,00;0,00;-0,27;0,00;0,00;368;167;123;23;16;334;137
8365;21,28;-271,63;0,00;0,00;0,00;-0,27;0,00;0,00;413;129;136;40;32;826;241
8366;54,17;36,60;0,00;0,00;0,00;0,04;0,00;0,00;220;194;199;39;39;688;816
8367;50,85;85,82;0,00;0,00;0,00;0,09;0,00;0,00;118;153;39;28;34;448;459
8368;53,49;-25,03;0,00;0,00;0,00;-0,03;0,00;0,00;380;149;48;49;35;564;297
8369;68,60;200,22;0,00;0,00;0,00;0,20;0,00;0,00;41;82;22;22;33;363;755
8370;66,67;1,95;0,00;0,00;0,00;0,00;0,00;0,00;233;183;181;42;36;202;603
8371;42,99;-27,47;0,00;0,00;0,00;-0,03;0,00;0,00;487;189;152;35;39;827;948
8372;39,77;-140,53;0,00;0,00;0,00;-0,14;0,00;0,00;326;175;64;21;29;483;441
8373;40,02;-124,71;0,00;0,00;0,00;-0,12;0,00;0,00;328;138;86;43;23;941;725
8374;63,44;95,18;0,00;0,00;0,00;0,10;0,00;0,00;210;13;82;48;37;190;931
8375;20,84;-326,73;0,00;0,00;0,00;-0,33;0,00;0,00;401;58;43;13;25;809;876
8376;48,47;6,44;0,00;0,00;0,00;0,01;0,00;0,00;18;84;69;20;26;636;756
8377;45,58;-150,82;0,00;0,00;0,00;-0,15;0,00;0,00;252;171;106;46;27;122;860
8378;63,49;183,86;0,00;0,00;0,00;0,18;0,00;0,00;216;133;198;40;29;518;224
8379;48,05;39,68;0,00;0,00;0,00;0,04;0,00;0,00;302;194;138;14;37;915;369
8380;15,17;-333,93;0,00;0,00;0,00;-0,33;0,00;0,00;120;36;87;21;22;677;383
8381;45,27;-34,23;0,00;0,00;0,00;-0,03;0,00;0,00;365;57;149;39;20;346;914
8382;47,67;-4,60;0,00;0,00;0,00;-0,00;0,00;0,00;486;198;85;14;24;391;474
8383;12,45;-444,47;0,00;0,00;0,00;-0,44;0,00;0,00;288;175;120;44;20;258;845
8384;55,90;10,52;0,00;0,00;0,00;0,01;0,00;0,00;176;32;15;14;29;774;966
8385;45,11;-76,08;0,00;0,00;0,00;-0,08;0,00;0,00;435;182;58;32;16;202;231
8386;43,18;-11,01;0,00;0,00;0,00;-0,01;0,00;0,00;274;11;92;12;30;262;252
8387;57,91;10,46;0,00;0,00;0,00;0,01;0,00;0,00;341;37;83;28;22;722;531
8388;58,64;106,54;0,00;0,00;0,00;0,11;0,00;0,00;398;12;156;43;25;946;758
8389;53,88;131,78;0,00;0,00;0,00;0,13;0,00;0,00;314;195;153;46;37;236;452
8390;66,13;90,64;0,00;0,00;0,00;0,09;0,00;0,00;19;159;129;19;30;224;628
8391;43,64;-89,84;0,00;0,00;0,00;-0,09;0,00;0,00;189;187;79;28;31;501;724
8392;39,37;-197,45;0,00;0,00;0,00;-0,20;0,00;0,00;176;141;39;11;24;973;952
8393;63,35;148,43;0,00;0,00;0,00;0,15;0,00;0,00;174;92;185;43;22;309;934
8394;62,61;99,49;0,00;0,00;0,00;0,10;0,00;0,00;39;40;81;12;32;503;348
8395;39,29;23,74;0,00;0,00;0,00;0,02;0,00;0,00;89;180;85;45;35;233;514
8396;50,84;59,68;0,00;0,00;0,00;0,06;0,00;0,00;262;83;160;27;24;125;513
8397;35,75;-154,10;0,00;0,00;0,00;-0,15;0,00;0,00;288;168;70;12;34;322;774
8398;39,86;-101,78;0,00;0,00;0,00;-0,10;0,00;0,00;337;96;135;42;35;932;515
8399;34,89;-100,65;0,00;0,00;0,00;-0,10;0,00;0,00;448;175;127;15;28;728;869
8400;39,46;-88,78;0,00;0,00;0,00;-0,09;0,00;0,00;254;143;111;38;34;753;349
8401;29,71;-121,30;0,00;0,00;0,00;-0,12;0,00;0,00;46;28;69;39;35;450;912
8402;52,95;64,38;0,00;0,00;0,00;0,06;0,00;0,00;168;95;86;33;39;652;136
8403;54,43;19,43;0,00;0,00;0,00;0,02;0,00;0,00;142;92;123;30;26;893;640
8404;60,38;61,37;0,00;0,00;0,00;0,06;0,00;0,00;339;162;185;41;25;578;462
8405;56,11;69,37;0,00;0,00;0,00;0,07;0,00;0,00;194;120;56;26;17;980;178
8406;81,96;288,90;0,00;0,00;0,00;0,29;0,00;0,00;48;165;21;39;34;389;405
8407;39,38;-69,34;0,00;0,00;0,00;-0,07;0,00;0,00;98;188;135;18;34;958;625
8408;63,92;76,17;0,00;0,00;0,00;0,08;0,00;0,00;166;142;50;34;20;846;496
8409;70,34;262,57;0,00;0,00;0,00;0,26;0,00;0,00;398;81;24;22;32;604;791
8410;55,72;-37,20;0,00;0,00;0,00;-0,04;0,00;0,00;408;68;67;34;27;310;496
8411;52,44;11,73;0,00;0,00;0,00;0,01;0,00;0,00;59;161;163;12;24;150;698
8412;49,99;-113,51;0,00;0,00;0,00;-0,11;0,00;0,00;49;16;154;10;17;747;837
8413;31,22;-186,35;0,00;0,00;0,00;-0,19;0,00;0,00;476;131;77;16;18;158;324
8414;45,11;-58,19;0,00;0,00;0,00;-0,06;0,00;0,00;332;80;38;21;21;998;615
8415;78,92;314,66;0,00;0,00;0,00;0,31;0,00;0,00;398;87;96;46;31;605;777
8416;9,60;-358,71;0,00;0,00;0,00;-0,36;0,00;0,00;425;82;107;39;23;711;349
8417;59,03;44,81;0,00;0,00;0,00;0,04;0,00;0,00;421;109;187;20;31;937;584
8418;42,82;-130,53;0,00;0,00;0,00;-0,13;0,00;0,00;231;66;116;37;23;414;354
8419;92,09;446,88;0,00;0,00;0,00;0,45;0,00;0,00;179;178;119;42;18;601;452
8420;25,15;-357,30;0,00;0,00;0,00;-0,36;0,00;0,00;427;104;107;45;22;454;979
8421;64,90;209,63;0,00;0,00;0,00;0,21;0,00;0,00;214;123;44;27;36;575;698
8422;45,32;-59,60;0,00;0,00;0,00;-0,06;0,00;0,00;468;152;112;36;17;242;389
8423;38,95;-84,49;0,00;0,00;0,00;-0,08;0,00;0,00;140;121;79;13;34;137;429
8424;38,04;-167,33;0,00;0,00;0,00;-0,17;0,00;0,00;403;10;45;10;37;106;788
8425;64,44;120,55;0,00;0,00;0,00;0,12;0,00;0,00;332;17;41;33;26;990;839
8426;73,77;221,06;0,00;0,00;0,00;0,22;0,00;0,00;232;74;125;21;34;923;622
8427;50,24;-19,44;0,00;0,00;0,00;-0,02;0,00;0,00;199;181;135;21;33;893;951
8428;22,89;-308,85;0,00;0,00;0,00;-0,31;0,00;0,00;325;40;63;44;25;686;816
8429;49,01;-29,03;0,00;0,00;0,00;-0,03;0,00;0,00;388;54;160;22;22;961;184
8430;47,91;25,19;0,00;0,00;0,00;0,03;0,00;0,00;339;51;126;17;18;345;820
8431;49,07;4,56;0,00;0,00;0,00;0,00;0,00;0,00;249;187;42;37;18;171;670
8432;60,26;101,78;0,00;0,00;0,00;0,10;0,00;0,00;166;10;130;19;26;623;834
8433;12,59;-353,39;0,00;0,00;0,00;-0,35;0,00;0,00;303;52;35;38;26;158;674
8434;80,51;374,95;0,00;0,00;0,00;0,37;0,00;0,00;171;33;72;44;22;345;525
8435;25,58;-189,45;0,00;0,00;0,00;-0,19;0,00;0,00;470;175;195;45;37;197;461
8436;51,75;-46,23;0,00;0,00;0,00;-0,05;0,00;0,00;488;103;23;29;23;515;696
8437;56,53;50,37;0,00;0,00;0,00;0,05;0,00;0,00;487;153;194;16;35;279;522
8438;39,63;-88,60;0,00;0,00;0,00;-0,09;0,00;0,00;484;156;178;24;17;515;533
8439;35,98;-204,78;0,00;0,00;0,00;-0,20;0,00;0,00;273;38;149;16;25;267;235
8440;53,39;-5,97;0,00;0,00;0,00;-0,01;0,00;0,00;246;69;156;26;20;715;529
8441;66,82;140,13;0,00;0,00;0,00;0,14;0,00;0,00;302;145;79;14;15;477;119
8442;56,73;87,97;0,00;0,00;0,00;0,09;0,00;0,00;322;33;184;27;25;696;447
8443;35,91;-104,90;0,00;0,00;0,00;-0,10;0,00;0,00;381;81;93;12;36;604;516
8444;74,42;188,49;0,00;0,00;0,00;0,19;0,00;0,00;194;52;116;18;25;589;584
8445;40,84;-15,48;0,00;0,00;0,00;-0,02;0,00;0,00;246;141;32;16;19;273;948
8446;37,39;-192,13;0,00;0,00;0,00;-0,19;0,00;0,00;337;144;175;40;24;748;143
8447;41,38;-84,78;0,00;0,00;0,00;-0,08;0,00;0,00;178;38;49;33;23;219;988
8448;77,36;265,64;0,00;0,00;0,00;0,27;0,00;0,00;105;60;161;18;17;487;254
8449;63,84;166,01;0,00;0,00;0,00;0,17;0,00;0,00;385;145;98;29;16;763;951
8450;45,83;-54,96;0,00;0,00;0,00;-0,05;0,00;0,00;492;98;47;19;19;129;126
8451;76,35;210,09;0,00;0,00;0,00;0,21;0,00;0,00;346;76;95;23;31;778;741
8452;70,30;205,10;0,00;0,00;0,00;0,21;0,00;0,00;406;29;70;31;21;563;536
8453;40,27;-128,86;0,00;0,00;0,00;-0,13;0,00;0,00;489;110;40;15;28;512;356
8454;55,66;139,83;0,00;0,00;0,00;0,14;0,00;0,00;66;95;43;40;39;391;331
8455;49,40;170,77;0,00;0,00;0,00;0,17;0,00;0,00;123;80;188;40;23;158;743
8456;69,98;204,31;0,00;0,00;0,00;0,20;0,00;0,00;119;132;48;47;15;314;458
8457;44,01;-93,79;0,00;0,00;0,00;-0,09;0,00;0,00;153;21;149;38;15;901;341
8458;59,99;42,52;0,00;0,00;0,00;0,04;0,00;0,00;13;153;178;29;39;561;332
8459;38,01;-86,77;0,00;0,00;0,00;-0,09;0,00;0,00;42;154;77;45;27;119;321
8460;39,88;-98,91;0,00;0,00;0,00;-0,10;0,00;0,00;395;78;172;11;24;579;125
8461;63,57;145,66;0,00;0,00;0,00;0,15;0,00;0,00;455;157;23;29;21;672;751
8462;47,02;-95,92;0,00;0,00;0,00;-0,10;0,00;0,00;30;171;62;38;20;988;272
8463;37,22;-140,41;0,00;0,00;0,00;-0,14;0,00;0,00;231;106;150;18;17;879;344
8464;29,33;-287,59;0,00;0,00;0,00;-0,29;0,00;0,00;90;91;76;16;35;855;837
8465;45,84;-33,01;0,00;0,00;0,00;-0,03;0,00;0,00;424;178;149;42;34;848;285
8466;45,03;-99,74;0,00;0,00;0,00;-0,10;0,00;0,00;136;83;15;32;21;271;800
8467;39,39;-86,46;0,00;0,00;0,00;-0,09;0,00;0,00;138;101;137;46;29;716;717
8468;50,74;21,07;0,00;0,00;0,00;0,02;0,00;0,00;301;75;87;36;37;493;942
8469;74,97;228,91;0,00;0,00;0,00;0,23;0,00;0,00;344;16;12;17;35;362;776
8470;27,23;-134,29;0,00;0,00;0,00;-0,13;0,00;0,00;135;119;73;19;21;308;262
8471;38,53;-121,65;0,00;0,00;0,00;-0,12;0,00;0,00;94;106;178;20;36;597;759
8472;61,80;178,85;0,00;0,00;0,00;0,18;0,00;0,00;371;108;91;20;39;950;617
8473;51,59;132,07;0,00;0,00;0,00;0,13;0,00;0,00;285;111;145;44;21;326;717
8474;50,82;14,97;0,00;0,00;0,00;0,01;0,00;0,00;245;88;166;41;37;412;655
8475;16,51;-326,81;0,00;0,00;0,00;-0,33;0,00;0,00;33;173;105;44;38;790;699
8476;65,43;206,94;0,00;0,00;0,00;0,21;0,00;0,00;388;24;100;23;16;258;835
8477;60,73;103,84;0,00;0,00;0,00;0,10;0,00;0,00;475;156;182;49;34;602;529
8478;66,26;87,27;0,00;0,00;0,00;0,09;0,00;0,00;480;101;195;48;36;510;451
8479;27,65;-180,69;0,00;0,00;0,00;-0,18;0,00;0,00;23;58;61;12;22;713;504
8480;54,44;45,64;0,00;0,00;0,00;0,05;0,00;0,00;480;88;71;30;33;621;560
8481;42,42;13,06;0,00;0,00;0,00;0,01;0,00;0,00;95;95;159;18;23;349;733
8482;30,92;-184,20;0,00;0,00;0,00;-0,18;0,00;0,00;365;114;39;38;20;101;501
8483;52,03;181,49;0,00;0,00;0,00;0,18;0,00;0,00;289;176;96;44;22;656;658
8484;35,05;-80,05;0,00;0,00;0,00;-0,08;0,00;0,00;153;163;133;24;22;153;938
8485;22,03;-355,97;0,00;0,00;0,00;-0,36;0,00;0,00;385;182;126;23;17;574;315
8486;53,97;-14,17;0,00;0,00;0,00;-0,01;0,00;0,00;149;197;195;12;21;109;641
8487;51,39;10,71;0,00;0,00;0,00;0,01;0,00;0,00;466;112;75;14;27;411;240
8488;72,05;81,15;0,00;0,00;0,00;0,08;0,00;0,00;12;40;72;43;37;504;642
8489;33,96;-128,73;0,00;0,00;0,00;-0,13;0,00;0,00;153;87;87;43;20;674;245
8490;57,41;129,65;0,00;0,00;0,00;0,13;0,00;0,00;250;26;192;33;30;745;988
8491;39,70;-93,27;0,00;0,00;0,00;-0,09;0,00;0,00;215;127;172;28;33;687;680
8492;22,39;-242,61;0,00;0,00;0,00;-0,24;0,00;0,00;63;100;187;37;28;864;516
8493;70,80;261,66;0,00;0,00;0,00;0,26;0,00;0,00;271;79;110;19;28;751;558
8494;20,56;-296,64;0,00;0,00;0,00;-0,30;0,00;0,00;377;140;46;11;16;835;375
8495;69,18;99,73;0,00;0,00;0,00;0,10;0,00;0,00;358;126;156;48;29;827;312
8496;55,73;52,01;0,00;0,00;0,00;0,05;0,00;0,00;371;171;75;10;15;911;255
8497;49,07;-78,14;0,00;0,00;0,00;-0,08;0,00;0,00;265;183;166;39;29;991;766
8498;66,46;158,03;0,00;0,00;0,00;0,16;0,00;0,00;421;131;82;21;20;440;573
8499;42,96;-40,49;0,00;0,00;0,00;-0,04;0,00;0,00;152;86;95;49;36;519;780
8500;17,26;-279,87;0,00;0,00;0,00;-0,28;0,00;0,00;221;43;141;41;39;397;485
8501;58,61;142,96;0,00;0,00;0,00;0,14;0,00;0,00;165;70;67;12;22;979;757
8502;56,34;78,14;0,00;0,00;0,00;0,08;0,00;0,00;219;102;186;17;17;612;730
8503;17,03;-300,14;0,00;0,00;0,00;-0,30;0,00;0,00;477;109;184;47;15;987;719
8504;81,45;317,16;0,00;0,00;0,00;0,32;0,00;0,00;62;128;166;26;24;492;133
8505;60,95;90,90;0,00;0,00;0,00;0,09;0,00;0,00;414;196;32;19;33;805;490
8506;22,63;-361,12;0,00;0,00;0,00;-0,36;0,00;0,00;464;28;196;23;23;246;764
8507;54,45;76,08;0,00;0,00;0,00;0,08;0,00;0,00;160;133;29;20;33;104;923
8508;72,13;147,94;0,00;0,00;0,00;0,15;0,00;0,00;102;176;178;14;26;820;430
8509;21,20;-244,23;0,00;0,00;0,00;-0,24;0,00;0,00;72;78;150;39;24;397;243
8510;42,23;3,55;0,00;0,00;0,00;0,00;0,00;0,00;156;137;150;28;38;292;767
8511;45,59;-29,35;0,00;0,00;0,00;-0,03;0,00;0,00;416;173;129;32;38;348;470
8512;43,29;-62,30;0,00;0,00;0,00;-0,06;0,00;0,00;280;56;128;26;21;346;722
8513;44,56;-108,53;0,00;0,00;0,00;-0,11;0,00;0,00;331;128;114;17;27;873;806
8514;31,62;-200,05;0,00;0,00;0,00;-0,20;0,00;0,00;190;89;26;49;30;311;636
8515;54,35;93,54;0,00;0,00;0,00;0,09;0,00;0,00;33;126;190;39;36;859;397
8516;43,95;-106,96;0,00;0,00;0,00;-0,11;0,00;0,00;304;71;137;46;15;937;671
8517;42,07;-95,88;0,00;0,00;0,00;-0,10;0,00;0,00;67;122;127;15;34;194;797
8518;43,95;-66,51;0,00;0,00;0,00;-0,07;0,00;0,00;495;185;80;31;17;618;773
8519;50,94;-47,94;0,00;0,00;0,00;-0,05;0,00;0,00;484;136;123;39;38;770;521
8520;73,65;130,40;0,00;0,00;0,00;0,13;0,00;0,00;196;195;133;44;17;252;255
8521;84,04;347,20;0,00;0,00;0,00;0,35;0,00;0,00;372;182;47;33;31;539;843
8522;40,28;-208,01;0,00;0,00;0,00;-0,21;0,00;0,00;303;82;57;44;38;455;917
8523;45,71;-87,41;0,00;0,00;0,00;-0,09;0,00;0,00;28;44;53;49;36;344;811
8524;67,71;142,68;0,00;0,00;0,00;0,14;0,00;0,00;298;168;84;35;18;663;903
8525;51,20;2,64;0,00;0,00;0,00;0,00;0,00;0,00;348;32;160;21;28;521;857
8526;58,90;113,13;0,00;0,00;0,00;0,11;0,00;0,00;132;118;95;19;35;496;496
8527;68,81;124,27;0,00;0,00;0,00;0,12;0,00;0,00;54;132;33;46;30;781;645
8528;58,23;114,15;0,00;0,00;0,00;0,11;0,00;0,00;208;51;103;24;18;168;819
8529;74,45;254,60;0,00;0,00;0,00;0,25;0,00;0,00;461;115;104;12;39;463;525
8530;47,88;-83,90;0,00;0,00;0,00;-0,08;0,00;0,00;163;134;11;40;15;164;121
8531;74,67;201,62;0,00;0,00;0,00;0,20;0,00;0,00;481;176;76;26;21;713;708
8532;36,98;-154,22;0,00;0,00;0,00;-0,15;0,00;0,00;41;133;174;36;15;288;381
8533;83,06;395,69;0,00;0,00;0,00;0,40;0,00;0,00;322;157;143;38;36;240;993
8534;51,40;-45,16;0,00;0,00;0,00;-0,05;0,00;0,00;113;13;162;21;23;908;864
8535;62,52;207,72;0,00;0,00;0,00;0,21;0,00;0,00;269;160;37;43;32;655;922
8536;35,69;-165,24;0,00;0,00;0,00;-0,17;0,00;0,00;111;10;45;34;28;807;391
8537;47,50;3,35;0,00;0,00;0,00;0,00;0,00;0,00;257;18;134;26;39;300;126
8538;60,40;32,35;0,00;0,00;0,00;0,03;0,00;0,00;48;84;62;45;16;343;443
8539;48,82;-2,98;0,00;0,00;0,00;-0,00;0,00;0,00;141;59;129;17;25;501;306
8540;35,35;-24,77;0,00;0,00;0,00;-0,02;0,00;0,00;338;46;18;15;31;904;609
8541;44,22;6,09;0,00;0,00;0,00;0,01;0,00;0,00;50;21;134;29;29;767;251
8542;52,47;70,51;0,00;0,00;0,00;0,07;0,00;0,00;425;109;143;24;29;900;758
8543;27,08;-178,21;0,00;0,00;0,00;-0,18;0,00;0,00;65;31;27;37;22;681;567
8544;70,67;218,48;0,00;0,00;0,00;0,22;0,00;0,00;104;38;92;38;18;178;691
8545;42,15;-65,63;0,00;0,00;0,00;-0,07;0,00;0,00;148;115;24;22;34;496;546
8546;45,08;1,51;0,00;0,00;0,00;0,00;0,00;0,00;122;132;54;23;17;494;701
8547;39,58;-89,63;0,00;0,00;0,00;-0,09;0,00;0,00;222;104;38;35;29;841;862
8548;51,71;-13,84;0,00;0,00;0,00;-0,01;0,00;0,00;412;56;132;36;20;623;173
8549;39,63;-109,67;0,00;0,00;0,00;-0,11;0,00;0,00;420;78;42;10;19;664;262
8550;21,70;-212,42;0,00;0,00;0,00;-0,21;0,00;0,00;198;179;45;20;23;624;784
8551;37,12;-95,05;0,00;0,00;0,00;-0,10;0,00;0,00;340;68;15;43;18;303;804
8552;18,18;-285,13;0,00;0,00;0,00;-0,29;0,00;0,00;464;103;105;32;34;455;278
8553;45,28;-51,59;0,00;0,00;0,00;-0,05;0,00;0,00;13;197;174;41;15;754;861
8554;63,00;158,92;0,00;0,00;0,00;0,16;0,00;0,00;250;17;80;10;16;882;937
8555;49,54;-28,33;0,00;0,00;0,00;-0,03;0,00;0,00;268;72;164;21;36;231;338
8556;62,76;137,89;0,00;0,00;0,00;0,14;0,00;0,00;54;61;108;44;28;453;383
8557;87,12;288,02;0,00;0,00;0,00;0,29;0,00;0,00;142;116;27;11;39;779;923
8558;31,62;-80,10;0,00;0,00;0,00;-0,08;0,00;0,00;476;167;193;28;26;389;369
8559;46,76;-4,44;0,00;0,00;0,00;-0,00;0,00;0,00;339;109;172;31;16;806;552
8560;56,30;17,86;0,00;0,00;0,00;0,02;0,00;0,00;449;181;83;41;27;841;263
8561;80,03;344,00;0,00;0,00;0,00;0,34;0,00;0,00;273;138;12;25;16;430;507
8562;58,51;96,93;0,00;0,00;0,00;0,10;0,00;0,00;124;83;30;42;16;574;436
8563;53,50;47,52;0,00;0,00;0,00;0,05;0,00;0,00;499;53;167;22;35;213;782
8564;51,66;99,60;0,00;0,00;0,00;0,10;0,00;0,00;34;84;190;47;30;981;552
8565;64,34;124,84;0,00;0,00;0,00;0,12;0,00;0,00;370;103;106;10;18;110;131
8566;46,02;-32,58;0,00;0,00;0,00;-0,03;0,00;0,00;191;12;101;26;39;146;661
8567;72,68;179,11;0,00;0,00;0,00;0,18;0,00;0,00;330;71;141;36;36;853;326
8568;61,77;103,16;0,00;0,00;0,00;0,10;0,00;0,00;184;170;93;46;23;729;378
8569;36,26;-177,28;0,00;0,00;0,00;-0,18;0,00;0,00;89;101;196;34;27;279;556
8570;20,16;-357,86;0,00;0,00;0,00;-0,36;0,00;0,00;15;64;69;16;28;640;341
8571;66,21;233,53;0,00;0,00;0,00;0,23;0,00;0,00;451;103;55;15;33;573;876
8572;34,96;-44,58;0,00;0,00;0,00;-0,04;0,00;0,00;352;105;158;44;20;915;120
8573;47,99;54,81;0,00;0,00;0,00;0,05;0,00;0,00;475;18;118;11;32;968;230
8574;25,08;-321,54;0,00;0,00;0,00;-0,32;0,00;0,00;231;152;72;28;23;922;230
8575;55,63;17,05;0,00;0,00;0,00;0,02;0,00;0,00;476;42;38;47;34;405;378
8576;57,91;42,66;0,00;0,00;0,00;0,04;0,00;0,00;259;60;102;21;39;607;472
8577;47,73;-11,03;0,00;0,00;0,00;-0,01;0,00;0,00;139;99;143;45;18;249;849
8578;40,67;-159,70;0,00;0,00;0,00;-0,16;0,00;0,00;334;26;67;28;19;216;639
8579;50,60;13,72;0,00;0,00;0,00;0,01;0,00;0,00;273;70;85;26;32;531;423
8580;59,32;104,84;0,00;0,00;0,00;0,10;0,00;0,00;494;98;117;38;29;791;681
8581;35,06;-131,54;0,00;0,00;0,00;-0,13;0,00;0,00;175;134;180;40;29;794;873
8582;52,53;69,93;0,00;0,00;0,00;0,07;0,00;0,00;199;42;130;41;23;362;744
8583;67,61;203,40;0,00;0,00;0,00;0,20;0,00;0,00;312;157;129;26;39;455;675
8584;43,29;-26,82;0,00;0,00;0,00;-0,03;0,00;0,00;53;74;185;36;39;452;749
8585;38,57;8,52;0,00;0,00;0,00;0,01;0,00;0,00;373;46;166;11;33;224;817
8586;37,13;-187,02;0,00;0,00;0,00;-0,19;0,00;0,00;57;10;11;34;23;747;772
8587;51,36;108,44;0,00;0,00;0,00;0,11;0,00;0,00;178;39;82;24;15;220;709
8588;60,90;55,54;0,00;0,00;0,00;0,06;0,00;0,00;347;65;90;37;20;416;451
8589;49,23;28,50;0,00;0,00;0,00;0,03;0,00;0,00;174;187;113;39;19;798;425
8590;54,91;43,85;0,00;0,00;0,00;0,04;0,00;0,00;161;53;112;43;35;508;223
8591;68,10;162,12;0,00;0,00;0,00;0,16;0,00;0,00;246;88;184;44;39;360;875
8592;64,66;105,25;0,00;0,00;0,00;0,11;0,00;0,00;74;111;108;11;34;902;717
8593;45,23;-155,57;0,00;0,00;0,00;-0,16;0,00;0,00;51;59;46;33;15;884;125
8594;70,13;194,28;0,00;0,00;0,00;0,19;0,00;0,00;57;163;23;36;17;564;274
8595;56,74;64,63;0,00;0,00;0,00;0,06;0,00;0,00;155;54;44;41;26;695;530
8596;56,53;95,10;0,00;0,00;0,00;0,10;0,00;0,00;64;62;80;21;27;501;154
8597;51,30;101,88;0,00;0,00;0,00;0,10;0,00;0,00;467;108;167;23;19;411;916
8598;62,50;148,85;0,00;0,00;0,00;0,15;0,00;0,00;47;54;106;11;18;981;245
8599;54,18;23,23;0,00;0,00;0,00;0,02;0,00;0,00;482;14;69;23;28;884;300
8600;34,49;-135,01;0,00;0,00;0,00;-0,14;0,00;0,00;113;189;129;10;39;166;699
8601;72,02;221,93;0,00;0,00;0,00;0,22;0,00;0,00;205;174;12;10;39;552;994
8602;62,23;72,55;0,00;0,00;0,00;0,07;0,00;0,00;478;120;14;43;17;749;659
8603;49,50;30,68;0,00;0,00;0,00;0,03;0,00;0,00;152;184;100;45;27;840;616
8604;54,57;84,40;0,00;0,00;0,00;0,08;0,00;0,00;389;125;126;49;35;798;687
8605;30,31;-179,66;0,00;0,00;0,00;-0,18;0,00;0,00;290;158;116;47;26;317;768
8606;44,34;-49,12;0,00;0,00;0,00;-0,05;0,00;0,00;479;147;144;34;27;376;684
8607;8,89;-420,53;0,00;0,00;0,00;-0,42;0,00;0,00;309;168;131;27;38;940;936
8608;20,71;-438,50;0,00;0,00;0,00;-0,44;0,00;0,00;173;61;161;40;28;702;150
8609;49,00;-27,19;0,00;0,00;0,00;-0,03;0,00;0,00;391;114;37;28;35;500;652
8610;36,38;-64,32;0,00;0,00;0,00;-0,06;0,00;0,00;24;16;170;34;25;270;801
8611;33,19;-158,90;0,00;0,00;0,00;-0,16;0,00;0,00;402;38;109;14;20;845;774
8612;49,73;-16,33;0,00;0,00;0,00;-0,02;0,00;0,00;173;140;184;42;39;519;502
8613;78,92;274,65;0,00;0,00;0,00;0,27;0,00;0,00;197;44;136;19;31;345;665
8614;36,98;-54,75;0,00;0,00;0,00;-0,05;0,00;0,00;120;193;81;10;35;124;942
8615;32,57;-158,83;0,00;0,00;0,00;-0,16;0,00;0,00;47;29;168;32;37;828;224
8616;43,67;-60,32;0,00;0,00;0,00;-0,06;0,00;0,00;348;124;87;30;30;943;499
8617;53,41;42,04;0,00;0,00;0,00;0,04;0,00;0,00;241;52;59;18;30;961;595
8618;60,30;129,37;0,00;0,00;0,00;0,13;0,00;0,00;151;170;44;47;29;156;828
8619;21,74;-282,94;0,00;0,00;0,00;-0,28;0,00;0,00;45;177;125;35;22;533;943
8620;45,57;-42,23;0,00;0,00;0,00;-0,04;0,00;0,00;483;36;170;46;18;129;156
8621;66,09;181,34;0,00;0,00;0,00;0,18;0,00;0,00;46;97;184;31;35;202;791
8622;51,38;37,44;0,00;0,00;0,00;0,04;0,00;0,00;489;25;97;32;33;615;990
8623;48,76;24,72;0,00;0,00;0,00;0,02;0,00;0,00;66;120;155;19;19;996;459
8624;49,31;103,01;0,00;0,00;0,00;0,10;0,00;0,00;116;53;12;37;23;811;991
8625;56,44;80,05;0,00;0,00;0,00;0,08;0,00;0,00;473;48;138;48;25;166;614
8626;61,11;206,60;0,00;0,00;0,00;0,21;0,00;0,00;152;89;68;19;19;940;241
8627;49,50;-48,46;0,00;0,00;0,00;-0,05;0,00;0,00;11;30;99;37;30;906;862
8628;29,08;-225,57;0,00;0,00;0,00;-0,23;0,00;0,00;351;154;38;13;26;545;209
8629;50,99;82,66;0,00;0,00;0,00;0,08;0,00;0,00;50;54;76;26;24;666;313
8630;35,66;-88,73;0,00;0,00;0,00;-0,09;0,00;0,00;298;59;23;33;28;867;635
8631;35,49;-44,55;0,00;0,00;0,00;-0,04;0,00;0,00;494;70;79;32;26;294;601
8632;56,22;43,08;0,00;0,00;0,00;0,04;0,00;0,00;75;133;154;43;36;905;396
8633;51,91;1,88;0,00;0,00;0,00;0,00;0,00;0,00;58;84;161;38;19;553;945
8634;58,07;26,10;0,00;0,00;0,00;0,03;0,00;0,00;317;86;159;23;28;976;407
8635;52,21;-85,47;0,00;0,00;0,00;-0,09;0,00;0,00;131;65;132;24;24;612;738
8636;58,60;149,49;0,00;0,00;0,00;0,15;0,00;0,00;96;100;130;27;30;976;312
8637;52,01;117,77;0,00;0,00;0,00;0,12;0,00;0,00;10;164;175;14;38;485;292
8638;64,85;265,79;0,00;0,00;0,00;0,27;0,00;0,00;263;14;130;26;20;627;298
8639;55,12;27,88;0,00;0,00;0,00;0,03;0,00;0,00;321;120;104;13;25;110;247
8640;44,07;-87,78;0,00;0,00;0,00;-0,09;0,00;0,00;429;111;59;27;25;363;751
8641;31,68;-220,87;0,00;0,00;0,00;-0,22;0,00;0,00;337;51;32;21;15;481;272
8642;41,65;-86,82;0,00;0,00;0,00;-0,09;0,00;0,00;402;59;133;17;19;834;436
8643;37,57;-163,33;0,00;0,00;0,00;-0,16;0,00;0,00;227;123;126;13;29;904;833
8644;61,01;104,67;0,00;0,00;0,00;0,10;0,00;0,00;424;66;120;30;36;152;200
8645;56,01;132,18;0,00;0,00;0,00;0,13;0,00;0,00;409;24;31;36;35;834;559
8646;46,50;-38,97;0,00;0,00;0,00;-0,04;0,00;0,00;15;118;42;27;19;460;464
8647;66,12;128,08;0,00;0,00;0,00;0,13;0,00;0,00;224;181;127;42;24;217;398
8648;77,34;304,06;0,00;0,00;0,00;0,30;0,00;0,00;17;166;115;27;19;706;522
8649;36,10;-221,00;0,00;0,00;0,00;-0,22;0,00;0,00;342;132;128;46;29;390;878
8650;54,68;-25,04;0,00;0,00;0,00;-0,03;0,00;0,00;348;156;21;17;31;237;225
8651;70,63;210,05;0,00;0,00;0,00;0,21;0,00;0,00;196;43;38;23;35;540;900
8652;16,18;-334,06;0,00;0,00;0,00;-0,33;0,00;0,00;419;189;193;37;28;174;713
8653;37,67;-105,27;0,00;0,00;0,00;-0,11;0,00;0,00;493;141;88;44;27;979;846
8654;70,29;272,99;0,00;0,00;0,00;0,27;0,00;0,00;27;114;56;47;18;590;982
8655;60,43;154,62;0,00;0,00;0,00;0,15;0,00;0,00;89;107;159;47;26;145;429
8656;71,56;284,34;0,00;0,00;0,00;0,28;0,00;0,00;465;154;28;11;24;303;963
8657;42,13;-126,75;0,00;0,00;0,00;-0,13;0,00;0,00;420;21;49;11;26;357;330
8658;17,33;-323,01;0,00;0,00;0,00;-0,32;0,00;0,00;236;35;181;11;17;305;358
8659;61,83;122,55;0,00;0,00;0,00;0,12;0,00;0,00;392;199;78;45;30;950;638
8660;52,58;-10,59;0,00;0,00;0,00;-0,01;0,00;0,00;482;67;100;13;37;944;477
8661;54,25;-28,75;0,00;0,00;0,00;-0,03;0,00;0,00;430;59;91;22;21;699;776
8662;43,62;-23,39;0,00;0,00;0,00;-0,02;0,00;0,00;60;81;17;15;18;646;344
8663;67,77;135,09;0,00;0,00;0,00;0,14;0,00;0,00;273;133;145;18;27;397;616
8664;70,95;232,78;0,00;0,00;0,00;0,23;0,00;0,00;78;116;115;24;16;602;655
8665;16,66;-309,06;0,00;0,00;0,00;-0,31;0,00;0,00;167;109;182;28;19;442;682
8666;65,49;130,49;0,00;0,00;0,00;0,13;0,00;0,00;402;173;150;28;23;816;427
8667;61,04;81,35;0,00;0,00;0,00;0,08;0,00;0,00;479;75;163;44;24;638;993
8668;47,73;-47,64;0,00;0,00;0,00;-0,05;0,00;0,00;352;125;104;43;28;786;718
8669;48,98;-46,76;0,00;0,00;0,00;-0,05;0,00;0,00;98;54;177;28;18;695;154
8670;25,36;-187,46;0,00;0,00;0,00;-0,19;0,00;0,00;455;26;52;48;37;988;960
8671;58,06;87,13;0,00;0,00;0,00;0,09;0,00;0,00;58;113;70;22;39;635;273
8672;50,88;-54,01;0,00;0,00;0,00;-0,05;0,00;0,00;195;45;112;25;25;602;975
8673;38,53;-205,93;0,00;0,00;0,00;-0,21;0,00;0,00;335;79;170;45;33;480;563
8674;37,06;-148,67;0,00;0,00;0,00;-0,15;0,00;0,00;114;86;183;28;15;481;758
8675;60,98;142,49;0,00;0,00;0,00;0,14;0,00;0,00;422;56;114;12;29;811;340
8676;51,98;-30,78;0,00;0,00;0,00;-0,03;0,00;0,00;499;111;44;32;19;579;473
8677;58,47;26,77;0,00;0,00;0,00;0,03;0,00;0,00;446;50;188;45;21;948;783
8678;62,59;16,24;0,00;0,00;0,00;0,02;0,00;0,00;120;144;98;45;26;252;792
8679;88,11;299,65;0,00;0,00;0,00;0,30;0,00;0,00;34;147;165;26;30;225;966
8680;61,71;95,77;0,00;0,00;0,00;0,10;0,00;0,00;64;138;162;38;33;623;234
8681;40,93;-135,09;0,00;0,00;0,00;-0,14;0,00;0,00;495;55;37;13;20;115;555
8682;30,00;-146,82;0,00;0,00;0,00;-0,15;0,00;0,00;23;142;120;21;36;231;719
8683;44,44;-37,89;0,00;0,00;0,00;-0,04;0,00;0,00;426;53;166;35;38;335;848
8684;62,95;78,67;0,00;0,00;0,00;0,08;0,00;0,00;487;60;183;11;38;567;666
8685;52,03;-27,14;0,00;0,00;0,00;-0,03;0,00;0,00;488;52;93;44;15;959;338
8686;31,22;-163,02;0,00;0,00;0,00;-0,16;0,00;0,00;173;80;106;38;36;211;517
8687;39,31;-122,08;0,00;0,00;0,00;-0,12;0,00;0,00;279;143;47;35;35;891;840
8688;22,04;-270,90;0,00;0,00;0,00;-0,27;0,00;0,00;360;188;195;43;26;182;961
8689;37,93;22,64;0,00;0,00;0,00;0,02;0,00;0,00;17;166;166;27;39;953;487
8690;44,63;-57,12;0,00;0,00;0,00;-0,06;0,00;0,00;495;29;144;49;17;931;733
8691;61,27;133,43;0,00;0,00;0,00;0,13;0,00;0,00;260;163;186;24;39;320;136
8692;64,65;147,09;0,00;0,00;0,00;0,15;0,00;0,00;491;98;77;37;39;765;241
8693;48,04;-38,26;0,00;0,00;0,00;-0,04;0,00;0,00;446;194;132;26;39;403;659
8694;63,45;87,61;0,00;0,00;0,00;0,09;0,00;0,00;246;27;113;31;22;883;220
8695;45,52;23,23;0,00;0,00;0,00;0,02;0,00;0,00;40;119;166;40;22;274;317
8696;17,74;-288,52;0,00;0,00;0,00;-0,29;0,00;0,00;408;177;106;47;27;721;952
8697;48,89;-46,92;0,00;0,00;0,00;-0,05;0,00;0,00;370;118;183;12;36;678;716
8698;34,13;-190,16;0,00;0,00;0,00;-0,19;0,00;0,00;66;34;95;40;15;944;921
8699;17,52;-343,80;0,00;0,00;0,00;-0,34;0,00;0,00;247;130;133;42;32;204;955
8700;64,65;181,98;0,00;0,00;0,00;0,18;0,00;0,00;50;141;127;45;39;855;890
8701;52,01;20,89;0,00;0,00;0,00;0,02;0,00;0,00;11;142;153;31;32;528;994
8702;46,14;-23,19;0,00;0,00;0,00;-0,02;0,00;0,00;93;156;76;28;30;284;649
8703;30,49;-188,85;0,00;0,00;0,00;-0,19;0,00;0,00;316;171;164;20;32;994;619
8704;41,28;-172,19;0,00;0,00;0,00;-0,17;0,00;0,00;28;85;12;16;20;570;261
8705;58,50;89,50;0,00;0,00;0,00;0,09;0,00;0,00;391;31;170;35;20;814;937
8706;36,24;-65,47;0,00;0,00;0,00;-0,07;0,00;0,00;154;181;90;10;18;463;836
8707;37,13;-219,59;0,00;0,00;0,00;-0,22;0,00;0,00;168;10;30;15;26;553;497
8708;26,73;-278,46;0,00;0,00;0,00;-0,28;0,00;0,00;14;165;37;13;31;696;451
8709;45,01;-90,29;0,00;0,00;0,00;-0,09;0,00;0,00;280;129;95;29;33;155;122
8710;15,97;-350,01;0,00;0,00;0,00;-0,35;0,00;0,00;310;145;193;26;17;517;699
8711;44,99;-91,70;0,00;0,00;0,00;-0,09;0,00;0,00;435;15;45;10;23;719;574
8712;44,98;-139,47;0,00;0,00;0,00;-0,14;0,00;0,00;469;93;14;40;36;718;111
8713;43,46;-29,63;0,00;0,00;0,00;-0,03;0,00;0,00;222;48;16;13;33;424;864
8714;11,12;-328,29;0,00;0,00;0,00;-0,33;0,00;0,00;473;156;147;11;37;485;759
8715;72,02;262,50;0,00;0,00;0,00;0,26;0,00;0,00;360;74;26;20;36;963;202
8716;72,54;266,47;0,00;0,00;0,00;0,27;0,00;0,00;447;89;34;30;23;841;587
8717;67,62;167,68;0,00;0,00;0,00;0,17;0,00;0,00;276;72;113;37;35;393;248
8718;18,04;-262,72;0,00;0,00;0,00;-0,26;0,00;0,00;433;151;152;28;18;415;997
8719;63,60;92,11;0,00;0,00;0,00;0,09;0,00;0,00;61;88;160;13;37;833;800
8720;24,75;-278,40;0,00;0,00;0,00;-0,28;0,00;0,00;212;197;104;14;25;793;372
8721;66,52;198,84;0,00;0,00;0,00;0,20;0,00;0,00;423;38;134;44;28;847;162
8722;30,05;-133,68;0,00;0,00;0,00;-0,13;0,00;0,00;419;76;28;13;16;478;318
8723;34,99;-143,56;0,00;0,00;0,00;-0,14;0,00;0,00;497;185;135;29;15;776;533
8724;40,50;-70,39;0,00;0,00;0,00;-0,07;0,00;0,00;188;102;52;43;32;921;996
8725;66,79;118,94;0,00;0,00;0,00;0,12;0,00;0,00;73;68;75;30;31;835;722
8726;62,49;119,91;0,00;0,00;0,00;0,12;0,00;0,00;89;27;54;32;37;249;290
8727;21,42;-263,12;0,00;0,00;0,00;-0,26;0,00;0,00;380;187;157;10;24;514;283
8728;46,71;-42,79;0,00;0,00;0,00;-0,04;0,00;0,00;279;63;105;33;16;984;515
8729;66,68;75,67;0,00;0,00;0,00;0,08;0,00;0,00;23;135;34;18;23;357;347
8730;69,55;140,24;0,00;0,00;0,00;0,14;0,00;0,00;174;150;40;27;34;294;389
8731;68,42;183,36;0,00;0,00;0,00;0,18;0,00;0,00;378;94;136;25;18;573;490
8732;36,55;-236,42;0,00;0,00;0,00;-0,24;0,00;0,00;434;67;15;15;17;104;652
8733;66,24;172,48;0,00;0,00;0,00;0,17;0,00;0,00;499;32;188;43;19;183;739
8734;67,26;270,32;0,00;0,00;0,00;0,27;0,00;0,00;67;24;156;33;20;568;937
8735;31,59;-241,97;0,00;0,00;0,00;-0,24;0,00;0,00;163;29;51;28;38;295;670
8736;64,90;194,98;0,00;0,00;0,00;0,19;0,00;0,00;184;52;14;36;21;694;957
8737;28,65;-256,14;0,00;0,00;0,00;-0,26;0,00;0,00;159;134;156;30;39;773;413
8738;43,65;-49,07;0,00;0,00;0,00;-0,05;0,00;0,00;117;175;20;29;35;815;285
8739;87,47;469,77;0,00;0,00;0,00;0,47;0,00;0,00;48;52;176;24;19;614;459
8740;34,16;-219,23;0,00;0,00;0,00;-0,22;0,00;0,00;48;147;28;25;32;686;559
8741;32,66;-179,74;0,00;0,00;0,00;-0,18;0,00;0,00;151;176;59;16;16;867;243
8742;78,04;359,47;0,00;0,00;0,00;0,36;0,00;0,00;24;183;96;11;15;113;173
8743;61,75;113,93;0,00;0,00;0,00;0,11;0,00;0,00;189;173;94;46;29;132;572
8744;29,76;-209,69;0,00;0,00;0,00;-0,21;0,00;0,00;76;157;106;30;18;814;686
8745;49,79;-33,89;0,00;0,00;0,00;-0,03;0,00;0,00;440;134;190;30;30;296;266
8746;36,03;-231,38;0,00;0,00;0,00;-0,23;0,00;0,00;494;184;129;19;28;437;581
8747;41,06;3,74;0,00;0,00;0,00;0,00;0,00;0,00;175;99;114;14;35;211;691
8748;54,74;130,37;0,00;0,00;0,00;0,13;0,00;0,00;432;134;171;15;16;751;323
8749;55,29;56,83;0,00;0,00;0,00;0,06;0,00;0,00;141;172;15;23;36;630;751
8750;51,43;-27,25;0,00;0,00;0,00;-0,03;0,00;0,00;317;87;39;36;28;730;189
8751;62,42;94,34;0,00;0,00;0,00;0,09;0,00;0,00;152;170;152;34;28;207;849
8752;52,38;-17,11;0,00;0,00;0,00;-0,02;0,00;0,00;31;101;11;40;16;757;533
8753;60,25;172,41;0,00;0,00;0,00;0,17;0,00;0,00;302;22;131;23;23;160;768
8754;56,23;133,93;0,00;0,00;0,00;0,13;0,00;0,00;13;79;146;25;21;968;718
8755;59,07;64,63;0,00;0,00;0,00;0,06;0,00;0,00;269;155;118;24;28;310;815
8756;39,41;-168,50;0,00;0,00;0,00;-0,17;0,00;0,00;153;60;89;19;38;269;128
8757;40,20;-64,93;0,00;0,00;0,00;-0,06;0,00;0,00;445;175;193;10;17;281;379
8758;42,00;-53,36;0,00;0,00;0,00;-0,05;0,00;0,00;16;154;11;33;39;320;989
8759;82,14;288,75;0,00;0,00;0,00;0,29;0,00;0,00;410;40;148;31;19;247;641
8760;51,81;11,07;0,00;0,00;0,00;0,01;0,00;0,00;213;87;54;21;16;405;778
8761;38,52;-44,04;0,00;0,00;0,00;-0,04;0,00;0,00;213;63;177;32;17;442;915
8762;53,09;107,64;0,00;0,00;0,00;0,11;0,00;0,00;283;97;147;48;37;152;732
8763;35,17;-67,54;0,00;0,00;0,00;-0,07;0,00;0,00;388;168;99;36;31;661;675
8764;38,77;-139,84;0,00;0,00;0,00;-0,14;0,00;0,00;131;20;39;29;24;400;526
8765;18,83;-389,12;0,00;0,00;0,00;-0,39;0,00;0,00;270;38;167;29;27;620;144
8766;40,68;-148,61;0,00;0,00;0,00;-0,15;0,00;0,00;230;126;53;46;24;201;541
8767;41,74;-151,08;0,00;0,00;0,00;-0,15;0,00;0,00;211;161;123;30;16;708;157
8768;38,52;-87,34;0,00;0,00;0,00;-0,09;0,00;0,00;377;30;151;22;22;765;571
8769;19,83;-198,26;0,00;0,00;0,00;-0,20;0,00;0,00;202;154;171;30;26;621;950
8770;25,60;-218,68;0,00;0,00;0,00;-0,22;0,00;0,00;28;19;55;37;32;725;239
8771;28,79;-303,10;0,00;0,00;0,00;-0,30;0,00;0,00;246;185;181;29;17;689;115
8772;51,06;-9,23;0,00;0,00;0,00;-0,01;0,00;0,00;446;80;65;40;22;108;824
8773;54,31;124,04;0,00;0,00;0,00;0,12;0,00;0,00;34;166;68;15;18;804;117
8774;43,47;-126,79;0,00;0,00;0,00;-0,13;0,00;0,00;361;34;41;38;22;533;229
8775;82,06;280,66;0,00;0,00;0,00;0,28;0,00;0,00;298;41;122;13;36;490;295
8776;58,48;41,20;0,00;0,00;0,00;0,04;0,00;0,00;297;76;77;32;31;656;328
8777;54,19;-13,44;0,00;0,00;0,00;-0,01;0,00;0,00;141;185;16;10;20;291;689
8778;45,14;0,95;0,00;0,00;0,00;0,00;0,00;0,00;399;154;76;11;25;108;717
8779;62,67;121,07;0,00;0,00;0,00;0,12;0,00;0,00;221;20;114;46;15;750;115
8780;41,47;-156,57;0,00;0,00;0,00;-0,16;0,00;0,00;471;137;178;30;31;681;233
8781;51,41;139,56;0,00;0,00;0,00;0,14;0,00;0,00;440;54;159;40;35;840;687
8782;35,92;-57,38;0,00;0,00;0,00;-0,06;0,00;0,00;468;39;74;45;20;675;844
8783;44,54;-34,60;0,00;0,00;0,00;-0,03;0,00;0,00;430;190;190;43;17;403;903
8784;2,98;-397,10;0,00;0,00;0,00;-0,40;0,00;0,00;167;83;97;45;29;528;436
8785;54,55;47,01;0,00;0,00;0,00;0,05;0,00;0,00;161;107;109;24;15;801;470
8786;39,64;-181,16;0,00;0,00;0,00;-0,18;0,00;0,00;146;159;192;27;31;918;903
8787;49,80;119,35;0,00;0,00;0,00;0,12;0,00;0,00;448;171;113;48;34;935;553
8788;86,68;372,65;0,00;0,00;0,00;0,37;0,00;0,00;399;164;150;38;18;128;297
8789;58,97;74,96;0,00;0,00;0,00;0,07;0,00;0,00;489;74;150;29;23;280;773
8790;67,73;213,55;0,00;0,00;0,00;0,21;0,00;0,00;16;101;75;29;32;560;519
8791;45,84;-63,58;0,00;0,00;0,00;-0,06;0,00;0,00;173;92;86;34;28;767;906
8792;52,99;60,16;0,00;0,00;0,00;0,06;0,00;0,00;16;99;36;35;23;961;728
8793;54,01;-28,29;0,00;0,00;0,00;-0,03;0,00;0,00;248;168;33;19;27;334;159
8794;55,28;71,21;0,00;0,00;0,00;0,07;0,00;0,00;312;188;93;13;18;416;379
8795;62,49;37,40;0,00;0,00;0,00;0,04;0,00;0,00;75;144;55;29;19;911;908
8796;35,74;-137,92;0,00;0,00;0,00;-0,14;0,00;0,00;482;147;54;12;32;831;169
8797;57,00;86,37;0,00;0,00;0,00;0,09;0,00;0,00;306;85;76;33;37;321;275
8798;47,26;-29,36;0,00;0,00;0,00;-0,03;0,00;0,00;489;196;25;25;32;281;891
8799;75,46;295,06;0,00;0,00;0,00;0,30;0,00;0,00;432;192;128;37;16;703;977
8800;50,15;53,92;0,00;0,00;0,00;0,05;0,00;0,00;363;102;13;39;39;530;159
8801;47,92;-48,79;0,00;0,00;0,00;-0,05;0,00;0,00;347;20;129;24;33;611;986
8802;22,91;-261,87;0,00;0,00;0,00;-0,26;0,00;0,00;320;66;155;46;19;585;977
8803;57,30;156,83;0,00;0,00;0,00;0,16;0,00;0,00;485;27;108;44;15;539;823
8804;32,89;-118,61;0,00;0,00;0,00;-0,12;0,00;0,00;157;105;148;45;33;111;264
8805;54,07;54,00;0,00;0,00;0,00;0,05;0,00;0,00;407;130;100;35;25;218;493
8806;39,91;-113,77;0,00;0,00;0,00;-0,11;0,00;0,00;129;65;69;38;34;240;480
8807;47,34;-56,98;0,00;0,00;0,00;-0,06;0,00;0,00;477;72;195;48;36;410;293
8808;49,05;47,49;0,00;0,00;0,00;0,05;0,00;0,00;254;44;74;28;18;678;193
8809;53,40;87,52;0,00;0,00;0,00;0,09;0,00;0,00;56;69;175;34;20;666;764
8810;39,27;-160,41;0,00;0,00;0,00;-0,16;0,00;0,00;144;159;22;24;36;240;164
8811;41,22;-178,03;0,00;0,00;0,00;-0,18;0,00;0,00;354;11;116;38;27;916;424
8812;50,36;33,27;0,00;0,00;0,00;0,03;0,00;0,00;161;59;39;23;35;793;814
8813;57,34;43,19;0,00;0,00;0,00;0,04;0,00;0,00;470;111;156;35;33;208;625
8814;68,80;222,61;0,00;0,00;0,00;0,22;0,00;0,00;64;120;42;35;21;509;407
8815;60,94;-4,14;0,00;0,00;0,00;-0,00;0,00;0,00;411;137;144;43;15;112;437
8816;30,78;-241,06;0,00;0,00;0,00;-0,24;0,00;0,00;271;180;30;42;16;494;325
8817;50,40;34,70;0,00;0,00;0,00;0,03;0,00;0,00;29;86;184;23;27;584;327
8818;39,84;-131,35;0,00;0,00;0,00;-0,13;0,00;0,00;79;166;159;49;27;929;388
8819;56,40;54,06;0,00;0,00;0,00;0,05;0,00;0,00;281;46;65;35;19;525;842
8820;55,20;28,54;0,00;0,00;0,00;0,03;0,00;0,00;375;77;64;44;38;552;860
8821;43,36;-81,91;0,00;0,00;0,00;-0,08;0,00;0,00;39;115;136;11;34;775;623
8822;55,47;41,41;0,00;0,00;0,00;0,04;0,00;0,00;478;159;186;37;39;720;566
8823;18,21;-282,75;0,00;0,00;0,00;-0,28;0,00;0,00;133;128;45;39;28;887;107
8824;59,22;90,21;0,00;0,00;0,00;0,09;0,00;0,00;358;83;67;26;17;647;182
8825;51,50;67,41;0,00;0,00;0,00;0,07;0,00;0,00;313;173;162;27;16;265;933
8826;48,81;-57,71;0,00;0,00;0,00;-0,06;0,00;0,00;479;12;114;10;15;337;292
8827;68,37;172,02;0,00;0,00;0,00;0,17;0,00;0,00;333;116;128;40;31;416;947
8828;59,25;6,16;0,00;0,00;0,00;0,01;0,00;0,00;358;26;24;22;21;901;529
8829;43,83;-19,65;0,00;0,00;0,00;-0,02;0,00;0,00;34;77;135;26;17;144;648
8830;42,47;-129,03;0,00;0,00;0,00;-0,13;0,00;0,00;411;158;64;18;38;207;777
8831;23,85;-253,56;0,00;0,00;0,00;-0,25;0,00;0,00;384;65;89;23;38;134;203
8832;36,29;-95,80;0,00;0,00;0,00;-0,10;0,00;0,00;138;24;150;14;35;359;966
8833;61,58;215,03;0,00;0,00;0,00;0,22;0,00;0,00;40;188;127;42;31;983;527
8834;38,33;-41,51;0,00;0,00;0,00;-0,04;0,00;0,00;81;105;174;41;16;288;771
8835;25,39;-251,14;0,00;0,00;0,00;-0,25;0,00;0,00;351;196;17;18;31;844;208
8836;60,03;73,68;0,00;0,00;0,00;0,07;0,00;0,00;250;89;177;32;33;421;313
8837;50,04;46,34;0,00;0,00;0,00;0,05;0,00;0,00;455;119;19;36;24;907;615
8838;63,31;67,30;0,00;0,00;0,00;0,07;0,00;0,00;429;120;89;48;39;244;176
8839;60,14;137,83;0,00;0,00;0,00;0,14;0,00;0,00;458;21;75;24;17;887;604
8840;58,21;-14,93;0,00;0,00;0,00;-0,01;0,00;0,00;117;173;37;11;18;213;500
8841;59,09;114,05;0,00;0,00;0,00;0,11;0,00;0,00;336;22;108;12;22;948;538
8842;61,10;146,15;0,00;0,00;0,00;0,15;0,00;0,00;174;48;39;14;23;735;881
8843;62,89;159,58;0,00;0,00;0,00;0,16;0,00;0,00;360;178;36;37;36;184;597
8844;52,69;69,96;0,00;0,00;0,00;0,07;0,00;0,00;456;168;197;18;32;800;390
8845;44,47;-63,07;0,00;0,00;0,00;-0,06;0,00;0,00;66;31;90;24;34;410;386
8846;25,35;-294,43;0,00;0,00;0,00;-0,29;0,00;0,00;92;77;190;12;17;541;669
8847;64,76;186,99;0,00;0,00;0,00;0,19;0,00;0,00;86;195;51;46;29;822;719
8848;60,47;62,07;0,00;0,00;0,00;0,06;0,00;0,00;349;91;112;16;26;484;481
8849;48,09;-58,66;0,00;0,00;0,00;-0,06;0,00;0,00;407;147;139;15;34;512;776
8850;49,39;7,58;0,00;0,00;0,00;0,01;0,00;0,00;305;174;112;43;26;522;634
8851;43,76;-49,89;0,00;0,00;0,00;-0,05;0,00;0,00;27;101;80;42;16;122;693
8852;40,48;-8,82;0,00;0,00;0,00;-0,01;0,00;0,00;442;51;76;32;38;138;589
8853;42,86;-61,64;0,00;0,00;0,00;-0,06;0,00;0,00;495;40;78;48;31;251;924
8854;43,31;-81,79;0,00;0,00;0,00;-0,08;0,00;0,00;78;162;12;38;33;581;607
8855;14,61;-334,26;0,00;0,00;0,00;-0,33;0,00;0,00;190;122;159;28;34;428;665
8856;49,07;-3,50;0,00;0,00;0,00;-0,00;0,00;0,00;23;144;151;43;26;105;345
8857;47,41;4,00;0,00;0,00;0,00;0,00;0,00;0,00;202;85;140;32;35;553;950
8858;64,79;113,21;0,00;0,00;0,00;0,11;0,00;0,00;98;174;45;43;30;608;134
8859;32,45;-117,85;0,00;0,00;0,00;-0,12;0,00;0,00;234;62;185;35;24;934;262
8860;32,24;-193,36;0,00;0,00;0,00;-0,19;0,00;0,00;52;124;23;28;29;720;798
8861;35,27;-117,40;0,00;0,00;0,00;-0,12;0,00;0,00;498;108;35;20;26;257;509
8862;0,00;-487,14;0,00;0,00;0,00;-0,49;0,00;0,00;351;22;196;37;28;290;792
8863;52,70;47,27;0,00;0,00;0,00;0,05;0,00;0,00;210;181;22;38;37;138;550
8864;97,79;423,77;0,00;0,00;0,00;0,42;0,00;0,00;223;66;85;36;23;809;800
8865;43,51;-156,82;0,00;0,00;0,00;-0,16;0,00;0,00;463;194;37;17;26;216;857
8866;32,37;-142,50;0,00;0,00;0,00;-0,14;0,00;0,00;365;37;132;20;35;781;774
8867;38,67;-234,31;0,00;0,00;0,00;-0,23;0,00;0,00;93;110;93;45;33;585;407
8868;59,32;108,06;0,00;0,00;0,00;0,11;0,00;0,00;348;59;140;32;18;223;662
8869;59,34;105,26;0,00;0,00;0,00;0,11;0,00;0,00;354;150;172;40;24;158;637
8870;46,91;-59,66;0,00;0,00;0,00;-0,06;0,00;0,00;361;197;51;18;30;567;619
8871;54,45;67,51;0,00;0,00;0,00;0,07;0,00;0,00;188;102;164;43;30;948;588
8872;56,66;69,90;0,00;0,00;0,00;0,07;0,00;0,00;347;119;41;31;18;871;284
8873;63,74;149,48;0,00;0,00;0,00;0,15;0,00;0,00;38;17;139;48;32;724;584
8874;63,12;88,03;0,00;0,00;0,00;0,09;0,00;0,00;127;90;183;20;20;268;163
8875;56,61;49,20;0,00;0,00;0,00;0,05;0,00;0,00;469;65;31;15;19;640;590
8876;67,89;196,62;0,00;0,00;0,00;0,20;0,00;0,00;223;49;130;43;25;269;480
8877;37,55;-109,29;0,00;0,00;0,00;-0,11;0,00;0,00;301;78;34;11;25;920;912
8878;46,08;-24,44;0,00;0,00;0,00;-0,02;0,00;0,00;126;106;183;26;38;508;794
8879;47,56;3,46;0,00;0,00;0,00;0,00;0,00;0,00;374;28;84;43;26;758;123
8880;29,04;-313,49;0,00;0,00;0,00;-0,31;0,00;0,00;173;75;120;48;34;797;161
8881;34,36;-129,83;0,00;0,00;0,00;-0,13;0,00;0,00;229;35;130;15;33;450;720
8882;51,32;28,57;0,00;0,00;0,00;0,03;0,00;0,00;68;30;119;30;23;215;138
8883;63,06;145,14;0,00;0,00;0,00;0,15;0,00;0,00;397;71;46;26;32;465;581
8884;67,89;184,90;0,00;0,00;0,00;0,18;0,00;0,00;412;174;97;45;30;770;653
8885;59,24;56,95;0,00;0,00;0,00;0,06;0,00;0,00;191;190;122;31;37;131;768
8886;62,97;163,05;0,00;0,00;0,00;0,16;0,00;0,00;81;177;53;37;32;634;525
8887;54,45;67,03;0,00;0,00;0,00;0,07;0,00;0,00;343;111;73;41;39;794;678
8888;51,22;62,18;0,00;0,00;0,00;0,06;0,00;0,00;27;199;165;22;37;471;714
8889;40,61;-51,70;0,00;0,00;0,00;-0,05;0,00;0,00;114;72;194;22;34;188;509
8890;55,47;13,24;0,00;0,00;0,00;0,01;0,00;0,00;42;161;38;28;24;511;733
8891;67,14;220,89;0,00;0,00;0,00;0,22;0,00;0,00;322;139;181;10;35;882;972
8892;47,06;-45,32;0,00;0,00;0,00;-0,05;0,00;0,00;116;82;92;26;15;670;426
8893;44,97;-71,29;0,00;0,00;0,00;-0,07;0,00;0,00;307;148;50;13;28;915;603
8894;54,77;91,66;0,00;0,00;0,00;0,09;0,00;0,00;87;76;37;31;31;549;121
8895;41,68;-89,12;0,00;0,00;0,00;-0,09;0,00;0,00;274;44;92;23;35;185;269
8896;51,14;55,10;0,00;0,00;0,00;0,06;0,00;0,00;472;95;165;33;17;656;525
8897;82,08;234,50;0,00;0,00;0,00;0,23;0,00;0,00;10;165;144;22;23;355;501
8898;33,97;-263,34;0,00;0,00;0,00;-0,26;0,00;0,00;117;49;118;13;28;712;117
8899;50,88;31,93;0,00;0,00;0,00;0,03;0,00;0,00;190;162;38;23;34;952;972
8900;55,78;0,13;0,00;0,00;0,00;0,00;0,00;0,00;124;77;159;12;24;244;632
8901;47,28;-48,34;0,00;0,00;0,00;-0,05;0,00;0,00;125;103;138;24;17;608;610
8902;76,26;294,97;0,00;0,00;0,00;0,29;0,00;0,00;25;119;26;20;23;421;379
8903;49,42;-9,11;0,00;0,00;0,00;-0,01;0,00;0,00;188;157;45;45;21;244;248
8904;51,90;47,00;0,00;0,00;0,00;0,05;0,00;0,00;155;159;24;21;17;473;219
8905;48,51;12,30;0,00;0,00;0,00;0,01;0,00;0,00;189;129;21;42;27;112;869
8906;38,82;-163,64;0,00;0,00;0,00;-0,16;0,00;0,00;348;57;193;36;15;603;794
8907;49,68;-26,99;0,00;0,00;0,00;-0,03;0,00;0,00;447;41;70;37;38;945;786
8908;49,96;-16,03;0,00;0,00;0,00;-0,02;0,00;0,00;324;11;114;42;37;680;586
8909;65,67;73,22;0,00;0,00;0,00;0,07;0,00;0,00;64;131;39;42;30;902;547
8910;38,22;-170,77;0,00;0,00;0,00;-0,17;0,00;0,00;494;59;90;45;33;468;674
8911;42,41;-115,14;0,00;0,00;0,00;-0,12;0,00;0,00;326;40;76;31;39;597;889
8912;48,66;-76,63;0,00;0,00;0,00;-0,08;0,00;0,00;295;100;198;38;21;506;432
8913;61,31;10,91;0,00;0,00;0,00;0,01;0,00;0,00;132;138;17;44;33;580;395
8914;47,14;-148,13;0,00;0,00;0,00;-0,15;0,00;0,00;178;141;31;34;20;840;945
8915;42,40;2,92;0,00;0,00;0,00;0,00;0,00;0,00;260;12;39;41;29;691;705
8916;72,66;157,09;0,00;0,00;0,00;0,16;0,00;0,00;371;40;77;13;27;383;275
8917;44,26;-111,87;0,00;0,00;0,00;-0,11;0,00;0,00;208;178;87;38;29;922;429
8918;79,42;320,88;0,00;0,00;0,00;0,32;0,00;0,00;227;163;103;43;23;972;573
8919;39,56;-109,70;0,00;0,00;0,00;-0,11;0,00;0,00;187;174;114;42;30;172;215
8920;35,51;-77,98;0,00;0,00;0,00;-0,08;0,00;0,00;358;185;177;12;32;938;635
8921;35,60;-201,42;0,00;0,00;0,00;-0,20;0,00;0,00;160;83;151;47;19;964;258
8922;56,35;53,68;0,00;0,00;0,00;0,05;0,00;0,00;497;84;134;12;21;392;452
8923;49,91;-27,88;0,00;0,00;0,00;-0,03;0,00;0,00;436;158;136;36;27;976;182
8924;45,13;-85,45;0,00;0,00;0,00;-0,09;0,00;0,00;369;196;42;42;18;798;539
8925;27,36;-161,57;0,00;0,00;0,00;-0,16;0,00;0,00;369;168;161;14;38;541;828
8926;48,09;65,84;0,00;0,00;0,00;0,07;0,00;0,00;300;34;62;34;15;701;617
8927;65,39;106,71;0,00;0,00;0,00;0,11;0,00;0,00;318;174;45;33;34;154;387
8928;93,35;454,86;0,00;0,00;0,00;0,45;0,00;0,00;419;56;103;10;35;779;787
8929;53,32;122,47;0,00;0,00;0,00;0,12;0,00;0,00;247;99;159;36;16;841;262
8930;64,21;95,54;0,00;0,00;0,00;0,10;0,00;0,00;431;148;167;28;36;348;631
8931;45,16;-58,73;0,00;0,00;0,00;-0,06;0,00;0,00;19;83;115;12;20;870;624
8932;40,08;-128,46;0,00;0,00;0,00;-0,13;0,00;0,00;367;156;188;10;27;141;820
8933;34,20;-225,08;0,00;0,00;0,00;-0,23;0,00;0,00;416;177;22;24;37;666;727
8934;24,43;-251,92;0,00;0,00;0,00;-0,25;0,00;0,00;150;85;172;35;22;881;151
8935;12,23;-422,49;0,00;0,00;0,00;-0,42;0,00;0,00;314;147;126;24;15;649;769
8936;20,45;-257,77;0,00;0,00;0,00;-0,26;0,00;0,00;294;83;109;45;24;518;463
8937;52,96;-57,95;0,00;0,00;0,00;-0,06;0,00;0,00;427;29;90;41;37;997;509
8938;45,44;-38,08;0,00;0,00;0,00;-0,04;0,00;0,00;160;19;171;13;33;254;867
8939;73,83;166,23;0,00;0,00;0,00;0,17;0,00;0,00;190;172;72;23;28;537;837
8940;41,62;-123,70;0,00;0,00;0,00;-0,12;0,00;0,00;16;188;116;31;20;569;367
8941;37,70;-130,78;0,00;0,00;0,00;-0,13;0,00;0,00;98;95;176;21;24;801;284
8942;48,39;-62,90;0,00;0,00;0,00;-0,06;0,00;0,00;310;80;141;39;36;667;838
8943;48,17;47,77;0,00;0,00;0,00;0,05;0,00;0,00;97;35;15;40;33;450;990
8944;34,55;-183,93;0,00;0,00;0,00;-0,18;0,00;0,00;385;142;61;44;17;591;822
8945;69,79;230,90;0,00;0,00;0,00;0,23;0,00;0,00;484;17;107;34;29;449;668
8946;51,65;73,91;0,00;0,00;0,00;0,07;0,00;0,00;297;13;153;26;22;392;171
8947;60,13;47,28;0,00;0,00;0,00;0,05;0,00;0,00;262;110;72;29;33;107;238
8948;44,69;-34,54;0,00;0,00;0,00;-0,03;0,00;0,00;405;169;145;10;17;320;458
8949;81,52;336,05;0,00;0,00;0,00;0,34;0,00;0,00;159;81;34;24;27;507;665
8950;43,43;-66,47;0,00;0,00;0,00;-0,07;0,00;0,00;447;177;86;41;36;409;584
8951;54,13;98,35;0,00;0,00;0,00;0,10;0,00;0,00;305;38;173;20;31;308;872
8952;52,97;-41,47;0,00;0,00;0,00;-0,04;0,00;0,00;101;157;82;14;21;376;711
8953;49,27;-85,24;0,00;0,00;0,00;-0,09;0,00;0,00;94;153;129;35;17;403;554
8954;11,36;-436,04;0,00;0,00;0,00;-0,44;0,00;0,00;441;38;48;26;39;200;356
8955;41,74;-88,13;0,00;0,00;0,00;-0,09;0,00;0,00;479;67;123;25;33;584;734
8956;52,44;38,65;0,00;0,00;0,00;0,04;0,00;0,00;265;135;48;38;26;852;761
8957;43,20;-34,55;0,00;0,00;0,00;-0,03;0,00;0,00;57;84;195;49;35;631;183
8958;82,86;327,86;0,00;0,00;0,00;0,33;0,00;0,00;136;140;101;30;16;871;518
8959;59,81;218,46;0,00;0,00;0,00;0,22;0,00;0,00;406;74;42;27;32;549;730
8960;52,79;-4,25;0,00;0,00;0,00;-0,00;0,00;0,00;61;199;19;22;30;610;296
8961;52,87;12,00;0,00;0,00;0,00;0,01;0,00;0,00;218;68;188;24;25;306;227
8962;60,72;110,25;0,00;0,00;0,00;0,11;0,00;0,00;244;182;71;43;18;780;237
8963;18,49;-278,87;0,00;0,00;0,00;-0,28;0,00;0,00;71;79;77;39;31;773;971
8964;49,70;22,35;0,00;0,00;0,00;0,02;0,00;0,00;174;128;178;40;23;553;932
8965;36,74;-41,42;0,00;0,00;0,00;-0,04;0,00;0,00;85;21;150;14;32;939;985
8966;73,04;291,27;0,00;0,00;0,00;0,29;0,00;0,00;12;40;83;28;32;140;680
8967;46,98;-74,37;0,00;0,00;0,00;-0,07;0,00;0,00;18;149;69;45;37;760;908
8968;52,44;67,76;0,00;0,00;0,00;0,07;0,00;0,00;354;77;81;22;21;756;993
8969;34,02;-124,30;0,00;0,00;0,00;-0,12;0,00;0,00;136;131;36;25;39;258;948
8970;51,01;-53,54;0,00;0,00;0,00;-0,05;0,00;0,00;347;89;13;24;35;234;626
8971;62,79;93,89;0,00;0,00;0,00;0,09;0,00;0,00;12;68;78;25;36;897;920
8972;31,87;-146,39;0,00;0,00;0,00;-0,15;0,00;0,00;462;86;139;14;19;281;954
8973;81,97;310,04;0,00;0,00;0,00;0,31;0,00;0,00;413;37;97;45;28;243;400
8974;53,61;-29,49;0,00;0,00;0,00;-0,03;0,00;0,00;128;163;95;43;17;356;945
8975;33,23;-100,78;0,00;0,00;0,00;-0,10;0,00;0,00;458;172;124;33;34;617;138
8976;28,43;-113,65;0,00;0,00;0,00;-0,11;0,00;0,00;217;196;54;24;24;845;376
8977;51,37;66,16;0,00;0,00;0,00;0,07;0,00;0,00;394;20;41;10;23;763;242
8978;80,23;337,66;0,00;0,00;0,00;0,34;0,00;0,00;475;112;28;33;22;736;304
8979;51,52;-74,25;0,00;0,00;0,00;-0,07;0,00;0,00;499;192;158;13;25;634;818
8980;53,78;66,19;0,00;0,00;0,00;0,07;0,00;0,00;325;19;167;42;20;274;966
8981;51,89;-154,62;0,00;0,00;0,00;-0,15;0,00;0,00;478;25;39;17;20;767;267
8982;19,91;-252,86;0,00;0,00;0,00;-0,25;0,00;0,00;487;84;70;25;38;388;173
8983;72,74;268,60;0,00;0,00;0,00;0,27;0,00;0,00;331;51;33;42;17;399;376
8984;77,73;348,01;0,00;0,00;0,00;0,35;0,00;0,00;77;60;73;20;22;206;239
8985;39,71;-65,01;0,00;0,00;0,00;-0,07;0,00;0,00;66;57;132;15;21;417;670
8986;42,87;-141,34;0,00;0,00;0,00;-0,14;0,00;0,00;167;138;193;18;20;272;399
8987;58,38;116,68;0,00;0,00;0,00;0,12;0,00;0,00;316;97;13;42;28;347;244
8988;55,83;53,09;0,00;0,00;0,00;0,05;0,00;0,00;279;69;77;39;22;645;335
8989;63,23;120,58;0,00;0,00;0,00;0,12;0,00;0,00;462;70;184;37;20;476;138
8990;50,29;-29,67;0,00;0,00;0,00;-0,03;0,00;0,00;239;147;144;35;36;806;570
8991;26,54;-271,81;0,00;0,00;0,00;-0,27;0,00;0,00;200;43;17;13;37;268;969
8992;58,44;62,69;0,00;0,00;0,00;0,06;0,00;0,00;199;70;90;20;19;896;809
8993;59,02;124,46;0,00;0,00;0,00;0,12;0,00;0,00;73;161;148;19;18;125;971
8994;55,41;31,98;0,00;0,00;0,00;0,03;0,00;0,00;470;138;60;28;34;635;852
8995;52,22;24,66;0,00;0,00;0,00;0,02;0,00;0,00;474;132;43;49;18;813;275
8996;52,06;-0,12;0,00;0,00;0,00;-0,00;0,00;0,00;462;96;51;11;30;815;230
8997;60,69;95,65;0,00;0,00;0,00;0,10;0,00;0,00;173;138;88;16;22;187;383
8998;55,21;6,23;0,00;0,00;0,00;0,01;0,00;0,00;433;179;36;38;30;629;309
8999;51,82;32,37;0,00;0,00;0,00;0,03;0,00;0,00;301;156;195;31;32;371;829
9000;67,86;228,99;0,00;0,00;0,00;0,23;0,00;0,00;149;122;79;33;25;761;130
9001;57,30;74,74;0,00;0,00;0,00;0,07;0,00;0,00;411;27;120;47;37;357;898
9002;55,29;123,76;0,00;0,00;0,00;0,12;0,00;0,00;100;100;136;10;23;626;388
9003;38,57;-162,63;0,00;0,00;0,00;-0,16;0,00;0,00;10;78;197;34;18;112;503
9004;33,09;-21,69;0,00;0,00;0,00;-0,02;0,00;0,00;392;167;25;13;25;751;853
9005;64,15;175,46;0,00;0,00;0,00;0,18;0,00;0,00;108;39;25;35;27;885;305
9006;52,02;48,85;0,00;0,00;0,00;0,05;0,00;0,00;286;27;28;34;23;182;985
9007;48,01;-25,02;0,00;0,00;0,00;-0,03;0,00;0,00;380;170;78;45;32;507;477
9008;58,01;31,69;0,00;0,00;0,00;0,03;0,00;0,00;349;51;194;10;21;395;375
9009;30,39;-146,62;0,00;0,00;0,00;-0,15;0,00;0,00;19;90;29;11;39;240;291
9010;50,99;-73,61;0,00;0,00;0,00;-0,07;0,00;0,00;384;141;195;48;15;481;979
9011;45,84;-40,96;0,00;0,00;0,00;-0,04;0,00;0,00;387;34;188;20;32;802;282
9012;73,35;262,22;0,00;0,00;0,00;0,26;0,00;0,00;426;171;19;17;17;384;987
9013;15,18;-318,56;0,00;0,00;0,00;-0,32;0,00;0,00;184;39;12;17;22;144;532
9014;51,74;-38,33;0,00;0,00;0,00;-0,04;0,00;0,00;208;137;108;15;15;207;309
9015;56,55;87,50;0,00;0,00;0,00;0,09;0,00;0,00;344;79;53;22;35;533;788
9016;34,04;-143,69;0,00;0,00;0,00;-0,14;0,00;0,00;273;17;84;10;34;759;435
9017;34,68;-116,14;0,00;0,00;0,00;-0,12;0,00;0,00;178;114;133;12;24;528;323
9018;43,37;-26,18;0,00;0,00;0,00;-0,03;0,00;0,00;411;41;83;33;29;114;811
9019;63,24;126,72;0,00;0,00;0,00;0,13;0,00;0,00;96;187;154;26;27;651;926
9020;70,80;152,11;0,00;0,00;0,00;0,15;0,00;0,00;365;120;38;47;39;739;301
9021;87,07;315,39;0,00;0,00;0,00;0,32;0,00;0,00;49;93;143;29;18;361;763
9022;60,25;142,79;0,00;0,00;0,00;0,14;0,00;0,00;401;154;191;34;15;107;930
9023;42,66;-40,30;0,00;0,00;0,00;-0,04;0,00;0,00;333;21;127;12;18;442;850
9024;48,89;-9,10;0,00;0,00;0,00;-0,01;0,00;0,00;402;183;83;29;24;677;383
9025;35,13;-102,09;0,00;0,00;0,00;-0,10;0,00;0,00;198;132;94;34;32;446;227
9026;58,33;98,16;0,00;0,00;0,00;0,10;0,00;0,00;89;159;64;38;25;823;259
9027;48,29;-21,22;0,00;0,00;0,00;-0,02;0,00;0,00;344;169;192;38;15;989;798
9028;72,91;297,58;0,00;0,00;0,00;0,30;0,00;0,00;186;147;79;47;15;609;271
9029;54,32;97,78;0,00;0,00;0,00;0,10;0,00;0,00;481;53;85;33;22;914;606
9030;45,06;-187,50;0,00;0,00;0,00;-0,19;0,00;0,00;404;191;104;34;30;751;110
9031;63,78;185,59;0,00;0,00;0,00;0,19;0,00;0,00;260;164;80;28;32;643;644
9032;34,37;-245,11;0,00;0,00;0,00;-0,25;0,00;0,00;369;71;30;47;35;721;353
9033;41,07;-141,47;0,00;0,00;0,00;-0,14;0,00;0,00;235;176;75;29;23;844;107
9034;35,99;-129,95;0,00;0,00;0,00;-0,13;0,00;0,00;250;129;46;23;15;654;489
9035;57,20;147,89;0,00;0,00;0,00;0,15;0,00;0,00;172;36;112;17;32;877;858
9036;22,29;-243,85;0,00;0,00;0,00;-0,24;0,00;0,00;367;71;173;26;28;177;876
9037;85,45;342,53;0,00;0,00;0,00;0,34;0,00;0,00;407;124;64;20;38;459;962
9038;49,63;-76,37;0,00;0,00;0,00;-0,08;0,00;0,00;65;39;27;32;27;915;504
9039;36,75;-109,48;0,00;0,00;0,00;-0,11;0,00;0,00;87;46;198;34;27;880;402
9040;19,22;-272,30;0,00;0,00;0,00;-0,27;0,00;0,00;145;118;154;13;27;972;807
9041;65,43;103,99;0,00;0,00;0,00;0,10;0,00;0,00;177;23;112;27;35;920;765
9042;37,64;-170,22;0,00;0,00;0,00;-0,17;0,00;0,00;266;74;115;40;33;907;916
9043;31,55;-177,37;0,00;0,00;0,00;-0,18;0,00;0,00;362;49;87;27;15;196;939
9044;57,42;111,68;0,00;0,00;0,00;0,11;0,00;0,00;238;186;124;38;17;411;990
9045;29,45;-305,23;0,00;0,00;0,00;-0,31;0,00;0,00;85;41;131;18;35;921;256
9046;47,38;-3,13;0,00;0,00;0,00;-0,00;0,00;0,00;113;148;118;24;29;577;667
9047;60,50;99,72;0,00;0,00;0,00;0,10;0,00;0,00;450;145;182;41;30;986;635
9048;63,34;64,49;0,00;0,00;0,00;0,06;0,00;0,00;461;146;110;28;37;464;214
9049;66,98;210,20;0,00;0,00;0,00;0,21;0,00;0,00;103;59;35;42;34;135;833
9050;61,06;36,60;0,00;0,00;0,00;0,04;0,00;0,00;173;39;45;18;17;294;470
9051;60,16;44,42;0,00;0,00;0,00;0,04;0,00;0,00;463;24;194;23;30;701;993
9052;43,65;-58,25;0,00;0,00;0,00;-0,06;0,00;0,00;42;25;56;34;15;502;630
9053;69,40;133,33;0,00;0,00;0,00;0,13;0,00;0,00;384;95;75;24;29;199;102
9054;50,76;43,59;0,00;0,00;0,00;0,04;0,00;0,00;496;158;112;37;24;618;274
9055;42,71;-100,32;0,00;0,00;0,00;-0,10;0,00;0,00;450;197;68;23;30;527;652
9056;59,17;170,55;0,00;0,00;0,00;0,17;0,00;0,00;459;69;145;11;30;643;710
9057;42,21;-63,58;0,00;0,00;0,00;-0,06;0,00;0,00;220;136;58;43;19;895;406
9058;36,25;-238,51;0,00;0,00;0,00;-0,24;0,00;0,00;420;160;104;40;29;578;460
9059;58,45;10,15;0,00;0,00;0,00;0,01;0,00;0,00;109;177;189;48;37;277;591
9060;46,92;45,96;0,00;0,00;0,00;0,05;0,00;0,00;244;49;174;45;39;301;311
9061;70,95;256,91;0,00;0,00;0,00;0,26;0,00;0,00;229;119;158;45;29;506;496
9062;46,99;-33,32;0,00;0,00;0,00;-0,03;0,00;0,00;144;55;72;16;32;660;911
9063;74,94;244,77;0,00;0,00;0,00;0,24;0,00;0,00;115;45;114;36;29;431;566
9064;53,67;66,90;0,00;0,00;0,00;0,07;0,00;0,00;368;105;14;25;29;940;967
9065;29,44;-230,77;0,00;0,00;0,00;-0,23;0,00;0,00;36;125;83;48;28;286;947
9066;63,50;151,89;0,00;0,00;0,00;0,15;0,00;0,00;335;76;199;28;26;845;818
9067;42,94;-59,12;0,00;0,00;0,00;-0,06;0,00;0,00;336;105;125;29;16;484;140
9068;31,80;-160,67;0,00;0,00;0,00;-0,16;0,00;0,00;311;137;190;48;25;169;740
9069;57,26;65,25;0,00;0,00;0,00;0,07;0,00;0,00;177;125;20;40;20;933;644
9070;50,45;0,27;0,00;0,00;0,00;0,00;0,00;0,00;440;108;160;43;23;740;513
9071;35,96;-164,01;0,00;0,00;0,00;-0,16;0,00;0,00;319;73;12;21;19;817;159
9072;65,98;92,02;0,00;0,00;0,00;0,09;0,00;0,00;368;136;95;32;24;483;114
9073;56,17;141,68;0,00;0,00;0,00;0,14;0,00;0,00;299;72;176;25;35;896;735
9074;61,05;104,76;0,00;0,00;0,00;0,10;0,00;0,00;454;180;22;21;30;108;519
9075;68,74;257,35;0,00;0,00;0,00;0,26;0,00;0,00;283;147;168;15;37;732;475
9076;62,82;91,58;0,00;0,00;0,00;0,09;0,00;0,00;52;196;23;45;39;739;639
9077;47,87;20,04;0,00;0,00;0,00;0,02;0,00;0,00;273;53;13;40;32;570;786
9078;46,16;-45,75;0,00;0,00;0,00;-0,05;0,00;0,00;63;65;179;39;35;375;853
9079;27,59;-149,83;0,00;0,00;0,00;-0,15;0,00;0,00;276;122;135;24;32;157;697
9080;39,76;-259,66;0,00;0,00;0,00;-0,26;0,00;0,00;156;126;121;15;30;491;366
9081;63,72;60,69;0,00;0,00;0,00;0,06;0,00;0,00;225;196;87;19;23;885;607
9082;29,21;-270,49;0,00;0,00;0,00;-0,27;0,00;0,00;208;134;107;12;25;518;209
9083;38,76;-115,44;0,00;0,00;0,00;-0,12;0,00;0,00;470;141;28;12;18;348;668
9084;41,21;35,56;0,00;0,00;0,00;0,04;0,00;0,00;104;158;139;14;33;273;286
9085;37,69;-131,98;0,00;0,00;0,00;-0,13;0,00;0,00;331;108;71;26;32;841;403
9086;67,50;175,90;0,00;0,00;0,00;0,18;0,00;0,00;375;138;190;40;15;337;103
9087;49,24;9,20;0,00;0,00;0,00;0,01;0,00;0,00;239;53;48;20;19;925;258
9088;40,09;-95,16;0,00;0,00;0,00;-0,10;0,00;0,00;441;80;67;45;17;947;148
9089;41,35;-63,48;0,00;0,00;0,00;-0,06;0,00;0,00;176;176;59;34;17;665;178
9090;47,70;-14,11;0,00;0,00;0,00;-0,01;0,00;0,00;403;170;78;24;32;196;186
9091;41,10;-147,70;0,00;0,00;0,00;-0,15;0,00;0,00;300;88;96;16;35;628;366
9092;88,10;446,47;0,00;0,00;0,00;0,45;0,00;0,00;408;108;194;43;27;242;928
9093;41,18;-149,39;0,00;0,00;0,00;-0,15;0,00;0,00;70;158;24;26;20;529;350
9094;29,78;-186,32;0,00;0,00;0,00;-0,19;0,00;0,00;250;17;89;25;35;736;421
9095;35,75;-132,72;0,00;0,00;0,00;-0,13;0,00;0,00;389;192;198;25;17;283;872
9096;36,78;-120,21;0,00;0,00;0,00;-0,12;0,00;0,00;256;191;51;30;28;425;342
9097;100,00;516,43;0,00;0,00;0,00;0,52;0,00;0,00;143;185;170;29;34;123;385
9098;43,80;-78,66;0,00;0,00;0,00;-0,08;0,00;0,00;227;66;196;37;18;352;334
9099;64,75;205,73;0,00;0,00;0,00;0,21;0,00;0,00;15;12;143;23;31;111;749
9100;31,26;-206,31;0,00;0,00;0,00;-0,21;0,00;0,00;280;22;84;41;36;577;685
9101;30,16;-206,45;0,00;0,00;0,00;-0,21;0,00;0,00;354;79;162;29;24;593;741
9102;70,44;220,25;0,00;0,00;0,00;0,22;0,00;0,00;220;107;146;17;15;773;697
9103;97,97;423,47;0,00;0,00;0,00;0,42;0,00;0,00;38;157;23;25;24;945;197
9104;39,75;-118,90;0,00;0,00;0,00;-0,12;0,00;0,00;238;53;37;12;17;617;448
9105;65,64;158,31;0,00;0,00;0,00;0,16;0,00;0,00;414;173;20;23;17;337;159
9106;64,04;186,31;0,00;0,00;0,00;0,19;0,00;0,00;72;21;78;37;38;454;301
9107;35,99;-103,20;0,00;0,00;0,00;-0,10;0,00;0,00;488;135;150;10;38;213;595
9108;53,55;-7,99;0,00;0,00;0,00;-0,01;0,00;0,00;34;43;100;28;25;274;828
9109;65,79;201,64;0,00;0,00;0,00;0,20;0,00;0,00;436;195;188;26;25;508;665
9110;57,47;146,17;0,00;0,00;0,00;0,15;0,00;0,00;345;53;83;31;18;129;533
9111;68,88;129,77;0,00;0,00;0,00;0,13;0,00;0,00;36;170;94;42;28;213;288
9112;67,87;209,03;0,00;0,00;0,00;0,21;0,00;0,00;209;103;106;48;36;509;253
9113;36,24;-132,12;0,00;0,00;0,00;-0,13;0,00;0,00;483;80;36;16;18;616;939
9114;37,12;-77,50;0,00;0,00;0,00;-0,08;0,00;0,00;42;199;148;28;25;203;371
9115;36,23;-150,96;0,00;0,00;0,00;-0,15;0,00;0,00;390;154;60;27;34;939;548
9116;27,72;-320,56;0,00;0,00;0,00;-0,32;0,00;0,00;58;77;150;32;34;772;559
9117;57,40;21,45;0,00;0,00;0,00;0,02;0,00;0,00;70;31;70;31;23;352;957
9118;49,86;-87,17;0,00;0,00;0,00;-0,09;0,00;0,00;36;78;193;29;34;403;126
9119;44,22;-122,23;0,00;0,00;0,00;-0,12;0,00;0,00;237;100;129;21;21;321;275
9120;43,29;-117,31;0,00;0,00;0,00;-0,12;0,00;0,00;493;86;159;42;38;523;378
9121;51,78;-30,03;0,00;0,00;0,00;-0,03;0,00;0,00;453;66;181;44;23;106;865
9122;36,24;-134,65;0,00;0,00;0,00;-0,13;0,00;0,00;45;40;93;47;16;320;310
9123;52,95;57,94;0,00;0,00;0,00;0,06;0,00;0,00;320;89;169;19;16;485;793
9124;74,32;261,17;0,00;0,00;0,00;0,26;0,00;0,00;59;191;194;43;23;447;686
9125;43,60;-3,57;0,00;0,00;0,00;-0,00;0,00;0,00;31;151;152;27;37;946;166
9126;61,30;73,24;0,00;0,00;0,00;0,07;0,00;0,00;182;160;64;41;15;549;262
9127;64,11;83,53;0,00;0,00;0,00;0,08;0,00;0,00;53;185;117;21;28;847;607
9128;17,77;-332,27;0,00;0,00;0,00;-0,33;0,00;0,00;116;185;100;46;38;416;594
9129;36,65;-93,09;0,00;0,00;0,00;-0,09;0,00;0,00;372;150;164;46;30;443;161
9130;43,72;-138,16;0,00;0,00;0,00;-0,14;0,00;0,00;443;127;24;48;38;663;888
9131;51,82;25,71;0,00;0,00;0,00;0,03;0,00;0,00;494;63;91;10;32;265;198
9132;57,38;-13,12;0,00;0,00;0,00;-0,01;0,00;0,00;156;53;109;31;38;293;409
9133;33,93;-197,44;0,00;0,00;0,00;-0,20;0,00;0,00;412;132;125;30;17;717;185
9134;65,44;101,72;0,00;0,00;0,00;0,10;0,00;0,00;194;72;153;20;38;435;664
9135;45,45;-45,89;0,00;0,00;0,00;-0,05;0,00;0,00;263;195;154;39;36;912;267
9136;60,23;160,24;0,00;0,00;0,00;0,16;0,00;0,00;194;178;23;12;38;809;997
9137;50,30;-37,47;0,00;0,00;0,00;-0,04;0,00;0,00;312;176;66;42;26;972;490
9138;15,32;-323,93;0,00;0,00;0,00;-0,32;0,00;0,00;362;95;107;32;21;219;658
9139;24,20;-205,92;0,00;0,00;0,00;-0,21;0,00;0,00;492;70;67;41;17;149;600
9140;10,12;-444,43;0,00;0,00;0,00;-0,44;0,00;0,00;316;62;94;41;39;269;444
9141;19,21;-341,44;0,00;0,00;0,00;-0,34;0,00;0,00;80;174;134;19;27;152;727
9142;70,42;303,10;0,00;0,00;0,00;0,30;0,00;0,00;112;46;189;17;37;992;693
9143;42,20;-124,71;0,00;0,00;0,00;-0,12;0,00;0,00;88;40;11;38;25;762;214
9144;56,93;143,20;0,00;0,00;0,00;0,14;0,00;0,00;298;112;138;22;38;128;758
9145;41,58;-44,96;0,00;0,00;0,00;-0,04;0,00;0,00;323;49;19;46;37;248;139
9146;34,25;-54,94;0,00;0,00;0,00;-0,05;0,00;0,00;244;178;90;24;35;604;697
9147;34,41;-254,54;0,00;0,00;0,00;-0,25;0,00;0,00;305;40;125;33;30;711;514
9148;67,32;210,95;0,00;0,00;0,00;0,21;0,00;0,00;41;25;41;32;34;293;926
9149;42,31;-92,30;0,00;0,00;0,00;-0,09;0,00;0,00;144;98;70;31;39;384;728
9150;44,32;-52,85;0,00;0,00;0,00;-0,05;0,00;0,00;162;63;146;22;23;148;432
9151;60,98;79,83;0,00;0,00;0,00;0,08;0,00;0,00;317;62;176;40;18;250;122
9152;70,13;204,39;0,00;0,00;0,00;0,20;0,00;0,00;182;11;190;28;24;132;636
9153;61,96;112,25;0,00;0,00;0,00;0,11;0,00;0,00;458;112;142;11;36;328;260
9154;44,07;15,92;0,00;0,00;0,00;0,02;0,00;0,00;222;103;183;38;23;372;153
9155;59,98;47,01;0,00;0,00;0,00;0,05;0,00;0,00;266;195;160;14;24;703;531
9156;55,50;50,34;0,00;0,00;0,00;0,05;0,00;0,00;357;59;155;27;18;645;287
9157;59,48;63,11;0,00;0,00;0,00;0,06;0,00;0,00;317;192;124;29;18;250;542
9158;50,65;17,58;0,00;0,00;0,00;0,02;0,00;0,00;88;29;88;17;20;913;772
9159;52,19;-20,59;0,00;0,00;0,00;-0,02;0,00;0,00;417;93;155;31;15;880;288
9160;55,93;81,11;0,00;0,00;0,00;0,08;0,00;0,00;279;69;99;19;34;163;256
9161;71,22;231,64;0,00;0,00;0,00;0,23;0,00;0,00;488;83;69;43;26;696;990
9162;55,25;-91,17;0,00;0,00;0,00;-0,09;0,00;0,00;211;165;27;47;33;312;404
9163;46,46;-80,62;0,00;0,00;0,00;-0,08;0,00;0,00;323;113;85;41;19;872;484
9164;33,99;-156,23;0,00;0,00;0,00;-0,16;0,00;0,00;12;47;20;36;20;292;747
9165;56,55;-36,06;0,00;0,00;0,00;-0,04;0,00;0,00;275;26;106;30;36;937;890
9166;60,57;51,04;0,00;0,00;0,00;0,05;0,00;0,00;73;56;181;39;29;164;397
9167;43,16;-44,31;0,00;0,00;0,00;-0,04;0,00;0,00;120;153;192;40;38;512;132
9168;77,30;406,43;0,00;0,00;0,00;0,41;0,00;0,00;250;60;193;37;35;536;971
9169;75,60;286,26;0,00;0,00;0,00;0,29;0,00;0,00;354;171;38;11;28;830;434
9170;62,81;98,06;0,00;0,00;0,00;0,10;0,00;0,00;70;154;166;25;36;554;401
9171;50,82;25,87;0,00;0,00;0,00;0,03;0,00;0,00;92;61;67;40;29;736;830
9172;29,22;-221,67;0,00;0,00;0,00;-0,22;0,00;0,00;124;30;18;43;29;649;949
9173;55,63;16,85;0,00;0,00;0,00;0,02;0,00;0,00;113;60;123;18;31;993;289
9174;34,49;-151,61;0,00;0,00;0,00;-0,15;0,00;0,00;379;178;181;32;24;810;213
9175;49,05;-113,95;0,00;0,00;0,00;-0,11;0,00;0,00;98;113;173;13;26;436;423
9176;50,74;-1,60;0,00;0,00;0,00;-0,00;0,00;0,00;199;49;17;22;39;638;915
9177;38,36;-115,05;0,00;0,00;0,00;-0,12;0,00;0,00;152;194;160;20;20;751;111
9178;53,30;41,63;0,00;0,00;0,00;0,04;0,00;0,00;366;48;53;14;32;837;372
9179;42,03;-68,26;0,00;0,00;0,00;-0,07;0,00;0,00;429;65;171;22;37;740;417
9180;63,07;164,94;0,00;0,00;0,00;0,16;0,00;0,00;31;61;198;31;31;370;381
9181;32,20;-196,98;0,00;0,00;0,00;-0,20;0,00;0,00;140;69;98;45;32;163;611
9182;39,35;-110,90;0,00;0,00;0,00;-0,11;0,00;0,00;96;16;95;37;24;269;148
9183;61,23;98,68;0,00;0,00;0,00;0,10;0,00;0,00;184;115;60;26;30;263;191
9184;48,77;-21,32;0,00;0,00;0,00;-0,02;0,00;0,00;286;33;22;38;28;320;939
9185;34,92;-98,50;0,00;0,00;0,00;-0,10;0,00;0,00;184;39;62;31;37;862;590
9186;78,53;329,41;0,00;0,00;0,00;0,33;0,00;0,00;117;144;143;37;31;879;162
9187;45,96;13,78;0,00;0,00;0,00;0,01;0,00;0,00;314;80;92;47;24;533;131
9188;74,56;197,33;0,00;0,00;0,00;0,20;0,00;0,00;82;55;163;39;29;155;852
9189;65,21;103,55;0,00;0,00;0,00;0,10;0,00;0,00;262;43;110;32;33;996;907
9190;30,11;-273,12;0,00;0,00;0,00;-0,27;0,00;0,00;72;136;164;37;25;195;948
9191;32,40;-227,55;0,00;0,00;0,00;-0,23;0,00;0,00;228;131;136;18;30;730;641
9192;50,31;43,60;0,00;0,00;0,00;0,04;0,00;0,00;276;179;61;35;38;691;891
9193;68,98;135,54;0,00;0,00;0,00;0,14;0,00;0,00;229;133;105;33;27;968;979
9194;32,76;-234,80;0,00;0,00;0,00;-0,23;0,00;0,00;26;159;195;43;28;701;500
9195;40,44;-124,77;0,00;0,00;0,00;-0,12;0,00;0,00;92;94;47;31;15;544;522
9196;54,77;26,87;0,00;0,00;0,00;0,03;0,00;0,00;287;53;97;11;29;850;109
9197;46,62;-52,29;0,00;0,00;0,00;-0,05;0,00;0,00;347;186;109;24;34;431;904
9198;73,22;262,78;0,00;0,00;0,00;0,26;0,00;0,00;476;75;186;38;24;902;183
9199;49,64;26,80;0,00;0,00;0,00;0,03;0,00;0,00;55;89;114;31;20;161;502
9200;80,17;283,81;0,00;0,00;0,00;0,28;0,00;0,00;452;188;68;41;37;786;391
9201;84,50;312,28;0,00;0,00;0,00;0,31;0,00;0,00;118;13;127;36;19;107;373
9202;44,34;-85,69;0,00;0,00;0,00;-0,09;0,00;0,00;400;55;114;35;35;369;931
9203;46,96;16,08;0,00;0,00;0,00;0,02;0,00;0,00;491;195;124;44;34;115;939
9204;57,03;110,12;0,00;0,00;0,00;0,11;0,00;0,00;133;198;184;23;38;170;285
9205;37,23;-3,71;0,00;0,00;0,00;-0,00;0,00;0,00;240;48;142;38;22;110;418
9206;49,19;-22,41;0,00;0,00;0,00;-0,02;0,00;0,00;62;192;183;29;34;907;546
9207;54,52;61,82;0,00;0,00;0,00;0,06;0,00;0,00;437;87;136;11;31;892;248
9208;66,86;175,09;0,00;0,00;0,00;0,18;0,00;0,00;66;158;185;10;32;387;937
9209;49,47;96,64;0,00;0,00;0,00;0,10;0,00;0,00;107;106;57;22;39;673;188
9210;52,24;54,12;0,00;0,00;0,00;0,05;0,00;0,00;497;142;79;37;31;455;909
9211;64,89;155,58;0,00;0,00;0,00;0,16;0,00;0,00;71;128;183;31;29;894;618
9212;65,95;188,04;0,00;0,00;0,00;0,19;0,00;0,00;312;197;33;45;29;401;438
9213;61,70;101,23;0,00;0,00;0,00;0,10;0,00;0,00;333;12;47;17;15;325;742
9214;35,09;-171,87;0,00;0,00;0,00;-0,17;0,00;0,00;129;154;104;46;20;455;493
9215;52,44;18,23;0,00;0,00;0,00;0,02;0,00;0,00;342;63;181;46;16;547;684
9216;52,15;-66,21;0,00;0,00;0,00;-0,07;0,00;0,00;148;40;99;13;21;278;507
9217;45,44;-32,70;0,00;0,00;0,00;-0,03;0,00;0,00;38;199;157;48;27;426;835
9218;54,19;-9,57;0,00;0,00;0,00;-0,01;0,00;0,00;327;38;136;37;16;271;405
9219;40,43;-108,59;0,00;0,00;0,00;-0,11;0,00;0,00;76;190;82;13;19;955;655
9220;48,13;-36,91;0,00;0,00;0,00;-0,04;0,00;0,00;425;153;128;21;35;449;650
9221;57,53;23,86;0,00;0,00;0,00;0,02;0,00;0,00;216;119;89;16;37;656;842
9222;10,11;-339,73;0,00;0,00;0,00;-0,34;0,00;0,00;335;148;86;45;38;392;326
9223;53,33;28,37;0,00;0,00;0,00;0,03;0,00;0,00;237;17;173;19;36;702;582
9224;44,44;-4,62;0,00;0,00;0,00;-0,00;0,00;0,00;340;179;148;37;30;828;949
9225;36,35;-147,83;0,00;0,00;0,00;-0,15;0,00;0,00;77;75;101;21;19;568;984
9226;42,90;-11,90;0,00;0,00;0,00;-0,01;0,00;0,00;487;172;40;42;19;519;502
9227;57,02;48,33;0,00;0,00;0,00;0,05;0,00;0,00;285;141;88;34;15;585;697
9228;45,89;-31,30;0,00;0,00;0,00;-0,03;0,00;0,00;463;22;118;22;32;233;425
9229;58,32;137,57;0,00;0,00;0,00;0,14;0,00;0,00;497;161;71;37;27;749;168
9230;48,97;21,14;0,00;0,00;0,00;0,02;0,00;0,00;247;120;102;47;34;264;205
9231;18,59;-363,22;0,00;0,00;0,00;-0,36;0,00;0,00;413;157;44;22;28;130;566
9232;64,17;135,33;0,00;0,00;0,00;0,14;0,00;0,00;173;149;63;23;25;683;622
9233;50,54;-2,55;0,00;0,00;0,00;-0,00;0,00;0,00;46;42;137;16;19;235;358
9234;49,41;-19,58;0,00;0,00;0,00;-0,02;0,00;0,00;409;145;10;43;39;302;149
9235;41,93;-32,63;0,00;0,00;0,00;-0,03;0,00;0,00;382;166;52;17;21;167;584
9236;68,71;178,09;0,00;0,00;0,00;0,18;0,00;0,00;423;11;27;21;38;711;741
9237;57,91;133,96;0,00;0,00;0,00;0,13;0,00;0,00;444;137;145;36;29;563;438
9238;67,40;158,52;0,00;0,00;0,00;0,16;0,00;0,00;473;49;88;19;18;272;950
9239;32,98;-188,02;0,00;0,00;0,00;-0,19;0,00;0,00;239;22;199;20;16;991;494
9240;49,02;21,30;0,00;0,00;0,00;0,02;0,00;0,00;118;175;155;24;23;451;634
9241;59,30;223,20;0,00;0,00;0,00;0,22;0,00;0,00;293;48;117;45;20;275;230
9242;61,12;147,99;0,00;0,00;0,00;0,15;0,00;0,00;241;179;103;15;32;538;285
9243;42,02;-73,22;0,00;0,00;0,00;-0,07;0,00;0,00;387;118;145;44;31;459;892
9244;74,19;320,18;0,00;0,00;0,00;0,32;0,00;0,00;343;34;33;35;36;652;578
9245;42,21;-76,10;0,00;0,00;0,00;-0,08;0,00;0,00;232;80;117;13;20;941;771
9246;47,36;-18,91;0,00;0,00;0,00;-0,02;0,00;0,00;56;22;161;18;37;522;878
9247;31,44;-220,49;0,00;0,00;0,00;-0,22;0,00;0,00;435;178;47;22;19;676;237
9248;39,39;-33,65;0,00;0,00;0,00;-0,03;0,00;0,00;192;183;28;31;34;855;997
9249;48,74;62,83;0,00;0,00;0,00;0,06;0,00;0,00;269;77;17;42;19;272;337
9250;55,41;114,02;0,00;0,00;0,00;0,11;0,00;0,00;465;186;102;25;19;437;522
9251;44,20;-32,00;0,00;0,00;0,00;-0,03;0,00;0,00;422;55;148;20;26;954;857
9252;57,03;112,70;0,00;0,00;0,00;0,11;0,00;0,00;250;125;65;23;20;828;510
9253;54,55;35,72;0,00;0,00;0,00;0,04;0,00;0,00;416;70;168;46;28;238;388
9254;46,61;-7,72;0,00;0,00;0,00;-0,01;0,00;0,00;119;143;154;36;26;462;791
9255;53,78;95,37;0,00;0,00;0,00;0,10;0,00;0,00;474;103;191;22;21;279;479
9256;44,77;-52,83;0,00;0,00;0,00;-0,05;0,00;0,00;19;12;193;18;23;829;479
9257;62,77;205,71;0,00;0,00;0,00;0,21;0,00;0,00;44;175;197;22;39;558;777
9258;35,85;-149,50;0,00;0,00;0,00;-0,15;0,00;0,00;267;120;193;38;23;440;376
9259;48,57;-52,03;0,00;0,00;0,00;-0,05;0,00;0,00;35;50;79;14;15;197;101
9260;37,79;-174,31;0,00;0,00;0,00;-0,17;0,00;0,00;153;162;187;39;34;614;931
9261;40,15;-189,33;0,00;0,00;0,00;-0,19;0,00;0,00;233;191;31;17;36;237;335
9262;46,24;-86,79;0,00;0,00;0,00;-0,09;0,00;0,00;163;59;73;31;22;525;943
9263;33,88;-163,16;0,00;0,00;0,00;-0,16;0,00;0,00;315;174;143;33;29;893;644
9264;48,17;40,56;0,00;0,00;0,00;0,04;0,00;0,00;261;160;179;45;33;896;832
9265;50,52;-34,21;0,00;0,00;0,00;-0,03;0,00;0,00;186;95;70;10;29;428;600
9266;57,75;86,75;0,00;0,00;0,00;0,09;0,00;0,00;13;89;23;19;29;582;772
9267;39,98;-154,84;0,00;0,00;0,00;-0,15;0,00;0,00;230;98;135;45;30;559;935
9268;63,17;98,55;0,00;0,00;0,00;0,10;0,00;0,00;257;11;199;25;16;221;367
9269;64,97;146,46;0,00;0,00;0,00;0,15;0,00;0,00;338;10;26;29;17;774;173
9270;59,50;101,42;0,00;0,00;0,00;0,10;0,00;0,00;209;53;124;22;28;856;791
9271;53,04;32,75;0,00;0,00;0,00;0,03;0,00;0,00;403;84;57;38;15;540;441
9272;61,99;169,16;0,00;0,00;0,00;0,17;0,00;0,00;78;39;85;10;21;839;134
9273;39,71;-104,56;0,00;0,00;0,00;-0,10;0,00;0,00;466;73;119;11;15;820;889
9274;42,90;-114,53;0,00;0,00;0,00;-0,11;0,00;0,00;420;112;17;31;22;754;893
9275;67,04;78,05;0,00;0,00;0,00;0,08;0,00;0,00;256;77;139;32;29;853;168
9276;40,37;-19,25;0,00;0,00;0,00;-0,02;0,00;0,00;72;134;181;21;20;510;794
9277;35,45;-88,93;0,00;0,00;0,00;-0,09;0,00;0,00;243;103;161;44;37;687;656
9278;25,27;-211,63;0,00;0,00;0,00;-0,21;0,00;0,00;428;103;100;35;19;766;507
9279;70,91;108,98;0,00;0,00;0,00;0,11;0,00;0,00;431;144;52;41;25;628;111
9280;41,78;-91,80;0,00;0,00;0,00;-0,09;0,00;0,00;314;18;82;13;20;774;290
9281;56,16;20,55;0,00;0,00;0,00;0,02;0,00;0,00;368;12;108;10;29;771;999
9282;45,17;-52,71;0,00;0,00;0,00;-0,05;0,00;0,00;48;145;60;45;21;520;769
9283;63,03;52,40;0,00;0,00;0,00;0,05;0,00;0,00;299;171;75;44;26;852;170
9284;80,16;378,44;0,00;0,00;0,00;0,38;0,00;0,00;328;83;95;34;17;345;975
9285;58,37;74,69;0,00;0,00;0,00;0,07;0,00;0,00;214;55;49;16;32;770;519
9286;35,43;-124,70;0,00;0,00;0,00;-0,12;0,00;0,00;323;150;186;14;20;856;891
9287;49,23;26,34;0,00;0,00;0,00;0,03;0,00;0,00;239;74;32;39;26;415;910
9288;33,36;-103,31;0,00;0,00;0,00;-0,10;0,00;0,00;74;61;40;49;27;720;708
9289;53,53;27,16;0,00;0,00;0,00;0,03;0,00;0,00;160;175;25;13;31;668;460
9290;71,58;215,13;0,00;0,00;0,00;0,22;0,00;0,00;135;43;143;18;38;368;798
9291;47,74;25,04;0,00;0,00;0,00;0,03;0,00;0,00;272;130;180;44;15;341;866
9292;47,09;-4,86;0,00;0,00;0,00;-0,00;0,00;0,00;494;194;165;38;25;659;684
9293;42,34;-144,04;0,00;0,00;0,00;-0,14;0,00;0,00;95;164;129;20;27;974;985
9294;35,91;-191,63;0,00;0,00;0,00;-0,19;0,00;0,00;491;194;12;33;33;729;487
9295;49,03;23,11;0,00;0,00;0,00;0,02;0,00;0,00;332;74;13;41;15;556;167
9296;48,97;-49,84;0,00;0,00;0,00;-0,05;0,00;0,00;425;65;132;46;15;533;863
9297;26,42;-271,45;0,00;0,00;0,00;-0,27;0,00;0,00;166;198;31;11;25;266;729
9298;52,32;35,63;0,00;0,00;0,00;0,04;0,00;0,00;233;74;42;16;34;514;833
9299;48,67;8,12;0,00;0,00;0,00;0,01;0,00;0,00;367;122;25;48;15;920;618
9300;38,13;-67,22;0,00;0,00;0,00;-0,07;0,00;0,00;221;21;99;46;37;634;280
9301;67,95;183,76;0,00;0,00;0,00;0,18;0,00;0,00;38;172;93;16;30;611;111
9302;19,26;-259,01;0,00;0,00;0,00;-0,26;0,00;0,00;121;83;100;27;32;786;405
9303;82,09;337,27;0,00;0,00;0,00;0,34;0,00;0,00;385;78;151;41;15;542;411
9304;24,41;-274,14;0,00;0,00;0,00;-0,27;0,00;0,00;170;105;48;29;22;433;861
9305;36,50;-153,64;0,00;0,00;0,00;-0,15;0,00;0,00;472;131;102;32;18;500;652
9306;51,45;-4,07;0,00;0,00;0,00;-0,00;0,00;0,00;395;55;130;16;33;225;628
9307;49,54;0,00;0,00;0,00;0,00;0,00;0,00;0,00;492;142;98;33;36;500;175
9308;51,93;73,04;0,00;0,00;0,00;0,07;0,00;0,00;385;33;139;42;24;372;436
9309;49,46;56,27;0,00;0,00;0,00;0,06;0,00;0,00;254;139;170;11;29;802;396
9310;35,49;-109,26;0,00;0,00;0,00;-0,11;0,00;0,00;95;169;198;35;24;404;620
9311;24,75;-285,30;0,00;0,00;0,00;-0,29;0,00;0,00;492;36;193;18;33;698;498
9312;77,31;269,62;0,00;0,00;0,00;0,27;0,00;0,00;83;96;111;30;34;665;450
9313;71,33;190,07;0,00;0,00;0,00;0,19;0,00;0,00;274;189;135;15;19;162;234
9314;72,37;241,78;0,00;0,00;0,00;0,24;0,00;0,00;344;113;155;33;37;402;804
9315;41,80;-174,79;0,00;0,00;0,00;-0,17;0,00;0,00;303;194;41;15;22;354;617
9316;47,48;-31,68;0,00;0,00;0,00;-0,03;0,00;0,00;155;124;119;28;23;959;194
9317;64,68;99,74;0,00;0,00;0,00;0,10;0,00;0,00;87;180;169;17;28;553;156
9318;42,06;-76,93;0,00;0,00;0,00;-0,08;0,00;0,00;72;145;95;12;23;473;590
9319;31,46;-156,91;0,00;0,00;0,00;-0,16;0,00;0,00;291;121;18;39;33;569;194
9320;51,34;11,32;0,00;0,00;0,00;0,01;0,00;0,00;432;71;14;23;36;270;628
9321;53,21;8,36;0,00;0,00;0,00;0,01;0,00;0,00;308;129;26;10;31;696;568
9322;46,05;-143,14;0,00;0,00;0,00;-0,14;0,00;0,00;65;38;38;43;26;339;104
9323;54,53;44,98;0,00;0,00;0,00;0,04;0,00;0,00;224;74;26;27;28;653;304
9324;33,24;-229,49;0,00;0,00;0,00;-0,23;0,00;0,00;483;16;180;12;36;116;605
9325;47,87;-23,63;0,00;0,00;0,00;-0,02;0,00;0,00;141;145;151;33;27;169;767
9326;61,13;136,69;0,00;0,00;0,00;0,14;0,00;0,00;479;63;174;33;26;432;225
9327;30,92;-159,60;0,00;0,00;0,00;-0,16;0,00;0,00;238;162;109;18;37;730;680
9328;31,05;-214,79;0,00;0,00;0,00;-0,21;0,00;0,00;330;47;83;32;39;757;316
9329;53,97;40,27;0,00;0,00;0,00;0,04;0,00;0,00;86;58;118;15;23;109;577
9330;22,65;-213,80;0,00;0,00;0,00;-0,21;0,00;0,00;250;183;64;17;37;519;624
9331;65,41;161,01;0,00;0,00;0,00;0,16;0,00;0,00;281;113;90;42;37;698;791
9332;26,79;-227,10;0,00;0,00;0,00;-0,23;0,00;0,00;295;78;131;11;19;647;492
9333;74,10;279,01;0,00;0,00;0,00;0,28;0,00;0,00;212;54;171;16;20;402;735
9334;27,24;-221,80;0,00;0,00;0,00;-0,22;0,00;0,00;494;139;149;44;37;190;372
9335;68,90;177,74;0,00;0,00;0,00;0,18;0,00;0,00;305;191;165;39;25;262;273
9336;30,88;-186,09;0,00;0,00;0,00;-0,19;0,00;0,00;75;122;188;22;28;160;142
9337;33,30;-146,39;0,00;0,00;0,00;-0,15;0,00;0,00;489;190;191;17;31;492;858
9338;48,69;-29,13;0,00;0,00;0,00;-0,03;0,00;0,00;416;166;157;29;37;335;487
9339;29,08;-149,13;0,00;0,00;0,00;-0,15;0,00;0,00;389;10;21;16;35;284;996
9340;61,88;131,49;0,00;0,00;0,00;0,13;0,00;0,00;201;47;96;16;30;823;199
9341;52,54;1,45;0,00;0,00;0,00;0,00;0,00;0,00;32;46;193;18;39;222;327
9342;51,34;-68,57;0,00;0,00;0,00;-0,07;0,00;0,00;366;82;30;14;29;511;883
9343;40,14;-66,71;0,00;0,00;0,00;-0,07;0,00;0,00;91;39;135;16;27;861;297
9344;25,36;-228,09;0,00;0,00;0,00;-0,23;0,00;0,00;436;44;196;22;16;600;483
9345;57,81;23,89;0,00;0,00;0,00;0,02;0,00;0,00;60;148;170;21;21;445;421
9346;67,40;188,76;0,00;0,00;0,00;0,19;0,00;0,00;350;30;119;24;36;315;791
9347;34,32;-139,40;0,00;0,00;0,00;-0,14;0,00;0,00;267;89;166;39;23;192;665
9348;59,29;28,19;0,00;0,00;0,00;0,03;0,00;0,00;224;73;25;16;34;972;410
9349;42,53;-74,09;0,00;0,00;0,00;-0,07;0,00;0,00;423;65;68;47;24;643;618
9350;34,54;-135,01;0,00;0,00;0,00;-0,14;0,00;0,00;138;64;66;35;34;500;764
9351;51,06;15,66;0,00;0,00;0,00;0,02;0,00;0,00;292;144;72;18;35;480;658
9352;64,44;79,44;0,00;0,00;0,00;0,08;0,00;0,00;231;33;180;26;36;210;709
9353;83,49;282,16;0,00;0,00;0,00;0,28;0,00;0,00;456;46;167;34;30;671;516
9354;52,37;3,62;0,00;0,00;0,00;0,00;0,00;0,00;133;100;134;48;23;862;900
9355;38,12;-205,23;0,00;0,00;0,00;-0,21;0,00;0,00;155;157;86;17;23;837;478
9356;52,30;101,93;0,00;0,00;0,00;0,10;0,00;0,00;135;97;119;23;30;409;540
9357;62,28;188,23;0,00;0,00;0,00;0,19;0,00;0,00;25;193;21;45;28;305;685
9358;63,44;60,26;0,00;0,00;0,00;0,06;0,00;0,00;28;164;50;22;17;310;340
9359;60,19;18,42;0,00;0,00;0,00;0,02;0,00;0,00;40;85;119;17;27;901;408
9360;70,85;224,83;0,00;0,00;0,00;0,22;0,00;0,00;25;132;191;46;30;761;867
9361;63,18;85,48;0,00;0,00;0,00;0,09;0,00;0,00;374;100;23;36;26;980;965
9362;43,59;-9,14;0,00;0,00;0,00;-0,01;0,00;0,00;82;193;73;24;26;432;476
9363;29,49;-249,11;0,00;0,00;0,00;-0,25;0,00;0,00;14;38;71;21;25;193;264
9364;62,58;54,73;0,00;0,00;0,00;0,05;0,00;0,00;407;173;33;11;26;262;351
9365;75,78;219,92;0,00;0,00;0,00;0,22;0,00;0,00;82;154;69;20;37;104;548
9366;37,54;-52,17;0,00;0,00;0,00;-0,05;0,00;0,00;157;79;129;27;36;304;766
9367;59,62;162,13;0,00;0,00;0,00;0,16;0,00;0,00;457;99;162;48;32;428;604
9368;48,74;-29,32;0,00;0,00;0,00;-0,03;0,00;0,00;237;47;49;11;24;474;460
9369;40,99;-152,86;0,00;0,00;0,00;-0,15;0,00;0,00;319;76;158;41;31;690;360
9370;51,90;63,07;0,00;0,00;0,00;0,06;0,00;0,00;380;142;118;31;39;363;425
9371;78,93;291,22;0,00;0,00;0,00;0,29;0,00;0,00;56;154;68;23;22;379;598
9372;41,30;-38,37;0,00;0,00;0,00;-0,04;0,00;0,00;110;92;51;26;21;880;684
9373;46,69;23,13;0,00;0,00;0,00;0,02;0,00;0,00;269;172;187;44;21;632;200
9374;58,07;64,56;0,00;0,00;0,00;0,06;0,00;0,00;371;66;39;31;21;788;648
9375;52,03;-23,30;0,00;0,00;0,00;-0,02;0,00;0,00;19;195;142;46;26;280;684
9376;62,47;126,33;0,00;0,00;0,00;0,13;0,00;0,00;91;27;75;32;19;758;196
9377;78,72;291,03;0,00;0,00;0,00;0,29;0,00;0,00;239;82;14;34;23;983;941
9378;12,87;-367,15;0,00;0,00;0,00;-0,37;0,00;0,00;161;128;106;21;22;335;276
9379;51,57;-6,47;0,00;0,00;0,00;-0,01;0,00;0,00;223;121;66;47;19;559;127
9380;23,37;-355,95;0,00;0,00;0,00;-0,36;0,00;0,00;142;176;158;20;29;189;650
9381;18,19;-300,57;0,00;0,00;0,00;-0,30;0,00;0,00;108;154;44;33;25;905;485
9382;34,51;-132,96;0,00;0,00;0,00;-0,13;0,00;0,00;470;165;158;34;21;309;125
9383;60,18;67,17;0,00;0,00;0,00;0,07;0,00;0,00;25;56;149;38;26;138;803
9384;17,88;-323,21;0,00;0,00;0,00;-0,32;0,00;0,00;215;65;168;32;20;762;926
9385;64,31;121,40;0,00;0,00;0,00;0,12;0,00;0,00;265;36;163;16;33;310;323
9386;43,89;-132,62;0,00;0,00;0,00;-0,13;0,00;0,00;275;176;41;14;36;409;407
9387;52,83;-28,25;0,00;0,00;0,00;-0,03;0,00;0,00;484;51;161;28;30;946;879
9388;39,33;-56,10;0,00;0,00;0,00;-0,06;0,00;0,00;20;90;80;49;23;900;305
9389;82,41;317,83;0,00;0,00;0,00;0,32;0,00;0,00;273;91;121;43;32;883;147
9390;75,25;266,28;0,00;0,00;0,00;0,27;0,00;0,00;46;73;143;17;23;432;506
9391;64,52;162,96;0,00;0,00;0,00;0,16;0,00;0,00;359;78;168;41;16;691;670
9392;42,87;-49,85;0,00;0,00;0,00;-0,05;0,00;0,00;181;140;119;37;24;734;422
9393;51,00;-47,87;0,00;0,00;0,00;-0,05;0,00;0,00;114;116;76;45;37;392;739
9394;77,39;262,39;0,00;0,00;0,00;0,26;0,00;0,00;149;181;84;44;34;211;659
9395;75,58;212,02;0,00;0,00;0,00;0,21;0,00;0,00;137;47;124;11;26;144;255
9396;16,03;-353,61;0,00;0,00;0,00;-0,35;0,00;0,00;296;20;27;40;27;983;548
9397;52,59;41,04;0,00;0,00;0,00;0,04;0,00;0,00;167;109;182;13;39;852;599
9398;69,46;137,77;0,00;0,00;0,00;0,14;0,00;0,00;314;39;38;28;33;161;966
9399;51,56;19,33;0,00;0,00;0,00;0,02;0,00;0,00;326;61;22;12;31;201;940
9400;40,81;-75,62;0,00;0,00;0,00;-0,08;0,00;0,00;50;48;165;32;18;538;709
9401;46,17;-25,33;0,00;0,00;0,00;-0,03;0,00;0,00;347;177;35;32;29;915;433
9402;41,33;-43,35;0,00;0,00;0,00;-0,04;0,00;0,00;142;171;39;18;32;928;230
9403;78,52;188,44;0,00;0,00;0,00;0,19;0,00;0,00;174;95;78;17;21;920;436
9404;59,91;67,04;0,00;0,00;0,00;0,07;0,00;0,00;478;37;194;16;25;717;177
9405;44,28;8,70;0,00;0,00;0,00;0,01;0,00;0,00;241;18;134;34;16;458;693
9406;53,24;21,42;0,00;0,00;0,00;0,02;0,00;0,00;241;157;24;18;18;140;113
9407;56,41;-18,60;0,00;0,00;0,00;-0,02;0,00;0,00;434;121;182;13;20;750;487
9408;26,27;-244,55;0,00;0,00;0,00;-0,24;0,00;0,00;236;69;169;26;25;972;922
9409;60,50;112,62;0,00;0,00;0,00;0,11;0,00;0,00;320;19;49;11;38;926;761
9410;28,39;-299,49;0,00;0,00;0,00;-0,30;0,00;0,00;415;76;132;49;17;271;760
9411;60,96;139,94;0,00;0,00;0,00;0,14;0,00;0,00;298;165;124;49;35;784;252
9412;67,79;157,63;0,00;0,00;0,00;0,16;0,00;0,00;350;79;172;41;34;243;990
9413;42,77;7,37;0,00;0,00;0,00;0,01;0,00;0,00;350;87;160;40;17;261;878
9414;58,25;24,51;0,00;0,00;0,00;0,02;0,00;0,00;20;126;153;48;17;113;699
9415;54,92;1,66;0,00;0,00;0,00;0,00;0,00;0,00;105;162;88;41;27;970;457
9416;21,58;-192,67;0,00;0,00;0,00;-0,19;0,00;0,00;412;62;196;27;34;512;938
9417;83,36;407,04;0,00;0,00;0,00;0,41;0,00;0,00;349;24;183;41;36;601;322
9418;69,88;180,62;0,00;0,00;0,00;0,18;0,00;0,00;293;165;59;48;22;339;167
9419;54,35;-67,08;0,00;0,00;0,00;-0,07;0,00;0,00;393;18;126;18;34;596;826
9420;47,76;-45,65;0,00;0,00;0,00;-0,05;0,00;0,00;428;199;32;35;25;346;669
9421;36,85;-185,78;0,00;0,00;0,00;-0,19;0,00;0,00;190;13;113;38;15;964;501
9422;34,43;-190,89;0,00;0,00;0,00;-0,19;0,00;0,00;258;71;184;44;35;650;433
9423;59,08;26,87;0,00;0,00;0,00;0,03;0,00;0,00;382;112;45;26;39;501;301
9424;50,27;-8,23;0,00;0,00;0,00;-0,01;0,00;0,00;37;34;161;37;17;999;313
9425;53,51;24,27;0,00;0,00;0,00;0,02;0,00;0,00;471;143;108;12;36;986;396
9426;41,81;-68,36;0,00;0,00;0,00;-0,07;0,00;0,00;494;191;121;38;34;898;426
9427;53,09;10,89;0,00;0,00;0,00;0,01;0,00;0,00;64;72;177;46;19;130;307
9428;58,16;113,50;0,00;0,00;0,00;0,11;0,00;0,00;373;40;84;45;32;507;253
9429;51,70;102,22;0,00;0,00;0,00;0,10;0,00;0,00;78;188;157;31;30;460;324
9430;44,31;-77,37;0,00;0,00;0,00;-0,08;0,00;0,00;34;160;17;27;29;526;321
9431;39,97;-81,32;0,00;0,00;0,00;-0,08;0,00;0,00;71;144;37;46;22;788;803
9432;20,43;-283,46;0,00;0,00;0,00;-0,28;0,00;0,00;486;148;36;32;37;933;901
9433;25,89;-222,24;0,00;0,00;0,00;-0,22;0,00;0,00;239;185;95;14;16;944;803
9434;51,02;43,22;0,00;0,00;0,00;0,04;0,00;0,00;336;97;61;20;33;451;670
9435;44,83;-47,98;0,00;0,00;0,00;-0,05;0,00;0,00;419;36;13;49;17;504;120
9436;58,04;121,34;0,00;0,00;0,00;0,12;0,00;0,00;251;125;151;20;23;828;659
9437;57,02;164,78;0,00;0,00;0,00;0,16;0,00;0,00;210;78;73;42;39;299;427
9438;22,11;-323,22;0,00;0,00;0,00;-0,32;0,00;0,00;421;116;138;46;34;219;311
9439;54,34;76,97;0,00;0,00;0,00;0,08;0,00;0,00;363;88;51;49;37;219;201
9440;26,98;-317,23;0,00;0,00;0,00;-0,32;0,00;0,00;61;99;51;23;18;616;720
9441;49,14;-50,81;0,00;0,00;0,00;-0,05;0,00;0,00;498;18;170;42;23;363;723
9442;73,49;266,85;0,00;0,00;0,00;0,27;0,00;0,00;403;108;118;24;20;516;968
9443;57,25;108,90;0,00;0,00;0,00;0,11;0,00;0,00;395;64;87;14;37;234;974
9444;49,07;-30,92;0,00;0,00;0,00;-0,03;0,00;0,00;116;129;182;32;35;508;685
9445;43,70;-65,69;0,00;0,00;0,00;-0,07;0,00;0,00;359;104;162;35;23;531;262
9446;76,91;276,71;0,00;0,00;0,00;0,28;0,00;0,00;415;74;65;19;26;900;878
9447;50,14;133,86;0,00;0,00;0,00;0,13;0,00;0,00;26;182;181;20;26;617;682
9448;28,41;-156,06;0,00;0,00;0,00;-0,16;0,00;0,00;291;29;115;30;18;191;574
9449;56,85;49,66;0,00;0,00;0,00;0,05;0,00;0,00;180;156;43;24;28;146;641
9450;52,98;49,30;0,00;0,00;0,00;0,05;0,00;0,00;94;11;86;15;25;797;326
9451;43,05;-84,71;0,00;0,00;0,00;-0,08;0,00;0,00;482;31;73;32;38;374;907
9452;43,75;-56,80;0,00;0,00;0,00;-0,06;0,00;0,00;106;77;181;46;24;183;426
9453;13,20;-346,78;0,00;0,00;0,00;-0,35;0,00;0,00;368;195;62;35;29;537;100
9454;47,92;38,22;0,00;0,00;0,00;0,04;0,00;0,00;123;154;128;31;19;716;805
9455;24,65;-252,35;0,00;0,00;0,00;-0,25;0,00;0,00;230;92;191;29;21;661;735
9456;53,91;94,13;0,00;0,00;0,00;0,09;0,00;0,00;465;124;90;25;25;569;821
9457;59,52;148,89;0,00;0,00;0,00;0,15;0,00;0,00;184;31;113;29;28;289;718
9458;46,76;-39,61;0,00;0,00;0,00;-0,04;0,00;0,00;323;133;171;45;36;247;298
9459;43,28;-146,58;0,00;0,00;0,00;-0,15;0,00;0,00;128;33;181;45;33;530;893
9460;45,44;-102,34;0,00;0,00;0,00;-0,10;0,00;0,00;267;189;45;21;20;692;906
9461;39,58;-116,77;0,00;0,00;0,00;-0,12;0,00;0,00;191;120;156;29;29;111;902
9462;33,93;-223,55;0,00;0,00;0,00;-0,22;0,00;0,00;487;173;29;27;24;693;731
9463;18,69;-327,24;0,00;0,00;0,00;-0,33;0,00;0,00;413;193;112;31;16;651;912
9464;52,62;47,85;0,00;0,00;0,00;0,05;0,00;0,00;353;64;43;23;37;255;152
9465;33,08;-189,76;0,00;0,00;0,00;-0,19;0,00;0,00;177;114;184;19;33;591;169
9466;74,10;229,14;0,00;0,00;0,00;0,23;0,00;0,00;324;133;185;42;35;195;386
9467;61,03;146,69;0,00;0,00;0,00;0,15;0,00;0,00;316;115;72;13;20;323;292
9468;18,07;-312,99;0,00;0,00;0,00;-0,31;0,00;0,00;492;160;118;37;27;348;821
9469;49,67;20,75;0,00;0,00;0,00;0,02;0,00;0,00;192;141;34;24;17;331;556
9470;70,82;264,64;0,00;0,00;0,00;0,26;0,00;0,00;478;174;98;16;34;901;131
9471;64,43;176,26;0,00;0,00;0,00;0,18;0,00;0,00;299;49;153;23;15;434;409
9472;35,69;-162,00;0,00;0,00;0,00;-0,16;0,00;0,00;166;45;130;11;39;719;877
9473;34,47;-103,62;0,00;0,00;0,00;-0,10;0,00;0,00;345;87;171;46;21;487;514
9474;49,04;-14,25;0,00;0,00;0,00;-0,01;0,00;0,00;184;151;169;49;25;442;741
9475;42,56;-90,92;0,00;0,00;0,00;-0,09;0,00;0,00;68;186;180;27;26;722;584
9476;77,78;258,80;0,00;0,00;0,00;0,26;0,00;0,00;72;100;117;19;22;422;298
9477;53,55;58,97;0,00;0,00;0,00;0,06;0,00;0,00;411;27;147;25;36;391;429
9478;48,07;21,10;0,00;0,00;0,00;0,02;0,00;0,00;376;158;160;31;27;455;683
9479;69,19;300,51;0,00;0,00;0,00;0,30;0,00;0,00;280;126;131;12;20;744;420
9480;42,37;-87,42;0,00;0,00;0,00;-0,09;0,00;0,00;46;98;84;12;39;953;177
9481;58,58;52,98;0,00;0,00;0,00;0,05;0,00;0,00;208;110;71;39;16;669;699
9482;56,19;154,45;0,00;0,00;0,00;0,15;0,00;0,00;321;87;95;14;38;290;199
9483;64,88;132,14;0,00;0,00;0,00;0,13;0,00;0,00;212;129;19;29;22;563;301
9484;42,97;-50,81;0,00;0,00;0,00;-0,05;0,00;0,00;204;68;139;38;26;877;905
9485;37,43;-134,84;0,00;0,00;0,00;-0,13;0,00;0,00;261;150;83;44;34;792;887
9486;48,18;-50,88;0,00;0,00;0,00;-0,05;0,00;0,00;17;133;68;27;26;145;627
9487;31,84;-117,18;0,00;0,00;0,00;-0,12;0,00;0,00;365;84;83;39;36;838;928
9488;37,52;-109,39;0,00;0,00;0,00;-0,11;0,00;0,00;209;79;190;15;20;963;937
9489;19,17;-284,35;0,00;0,00;0,00;-0,28;0,00;0,00;427;76;23;31;32;561;433
9490;43,73;-39,54;0,00;0,00;0,00;-0,04;0,00;0,00;433;19;135;34;17;161;182
9491;27,87;-193,13;0,00;0,00;0,00;-0,19;0,00;0,00;76;96;195;11;21;901;877
9492;0,25;-445,40;0,00;0,00;0,00;-0,45;0,00;0,00;173;12;127;21;32;719;117
9493;24,51;-323,13;0,00;0,00;0,00;-0,32;0,00;0,00;370;189;57;49;27;579;303
9494;51,50;46,49;0,00;0,00;0,00;0,05;0,00;0,00;92;138;89;40;23;684;277
9495;44,46;79,18;0,00;0,00;0,00;0,08;0,00;0,00;396;152;85;28;38;540;832
9496;81,00;279,10;0,00;0,00;0,00;0,28;0,00;0,00;309;122;100;10;33;485;461
9497;38,16;-186,20;0,00;0,00;0,00;-0,19;0,00;0,00;349;30;81;42;26;170;409
9498;65,29;142,23;0,00;0,00;0,00;0,14;0,00;0,00;349;48;45;48;31;302;961
9499;47,92;5,32;0,00;0,00;0,00;0,01;0,00;0,00;463;134;69;29;34;937;960
9500;46,25;20,83;0,00;0,00;0,00;0,02;0,00;0,00;228;109;117;38;36;690;705
9501;47,76;-107,19;0,00;0,00;0,00;-0,11;0,00;0,00;475;62;150;49;25;316;631
9502;52,23;41,58;0,00;0,00;0,00;0,04;0,00;0,00;304;180;107;43;19;406;817
9503;51,74;84,08;0,00;0,00;0,00;0,08;0,00;0,00;249;18;122;11;23;627;904
9504;63,36;86,78;0,00;0,00;0,00;0,09;0,00;0,00;244;11;106;24;35;975;631
9505;52,76;5,37;0,00;0,00;0,00;0,01;0,00;0,00;257;121;177;24;25;122;300
9506;51,93;9,07;0,00;0,00;0,00;0,01;0,00;0,00;113;27;39;47;31;795;207
9507;53,41;29,44;0,00;0,00;0,00;0,03;0,00;0,00;113;138;19;40;23;759;515
9508;34,99;-159,36;0,00;0,00;0,00;-0,16;0,00;0,00;299;191;24;11;33;913;820
9509;60,90;113,24;0,00;0,00;0,00;0,11;0,00;0,00;264;98;178;32;19;423;610
9510;40,57;-130,78;0,00;0,00;0,00;-0,13;0,00;0,00;235;50;183;10;38;200;182
9511;75,65;245,34;0,00;0,00;0,00;0,25;0,00;0,00;266;62;122;44;24;598;497
9512;45,74;-70,16;0,00;0,00;0,00;-0,07;0,00;0,00;166;195;119;38;20;608;168
9513;34,15;-176,57;0,00;0,00;0,00;-0,18;0,00;0,00;404;25;111;26;21;369;466
9514;28,84;-261,47;0,00;0,00;0,00;-0,26;0,00;0,00;191;150;50;34;35;703;743
9515;41,02;-80,68;0,00;0,00;0,00;-0,08;0,00;0,00;480;30;89;48;26;815;546
9516;37,70;-86,00;0,00;0,00;0,00;-0,09;0,00;0,00;347;27;191;12;25;960;377
9517;43,01;-69,35;0,00;0,00;0,00;-0,07;0,00;0,00;476;190;20;12;16;887;764
9518;43,38;-28,58;0,00;0,00;0,00;-0,03;0,00;0,00;403;157;105;17;16;637;231
9519;36,64;-123,92;0,00;0,00;0,00;-0,12;0,00;0,00;483;194;197;24;32;764;381
9520;60,91;91,92;0,00;0,00;0,00;0,09;0,00;0,00;497;73;11;45;27;994;246
9521;51,09;99,19;0,00;0,00;0,00;0,10;0,00;0,00;298;78;129;42;32;306;266
9522;62,39;95,05;0,00;0,00;0,00;0,10;0,00;0,00;52;109;80;38;25;564;132
9523;72,21;161,20;0,00;0,00;0,00;0,16;0,00;0,00;405;176;11;25;21;340;490
9524;50,72;55,80;0,00;0,00;0,00;0,06;0,00;0,00;265;53;70;24;20;379;429
9525;33,36;-221,91;0,00;0,00;0,00;-0,22;0,00;0,00;413;164;24;24;27;595;341
9526;41,00;-92,40;0,00;0,00;0,00;-0,09;0,00;0,00;440;16;197;15;25;767;124
9527;59,86;64,20;0,00;0,00;0,00;0,06;0,00;0,00;292;176;35;33;19;825;556
9528;55,74;89,41;0,00;0,00;0,00;0,09;0,00;0,00;495;44;38;25;18;350;475
9529;31,59;-271,13;0,00;0,00;0,00;-0,27;0,00;0,00;438;76;172;48;19;915;574
9530;56,10;117,33;0,00;0,00;0,00;0,12;0,00;0,00;377;151;164;40;15;382;383
9531;68,69;149,38;0,00;0,00;0,00;0,15;0,00;0,00;312;16;173;29;22;200;763
9532;40,87;-48,18;0,00;0,00;0,00;-0,05;0,00;0,00;272;44;102;41;32;611;781
9533;24,14;-255,33;0,00;0,00;0,00;-0,26;0,00;0,00;73;124;15;27;20;927;205
9534;62,93;127,82;0,00;0,00;0,00;0,13;0,00;0,00;120;196;161;14;37;222;239
9535;69,40;167,90;0,00;0,00;0,00;0,17;0,00;0,00;229;44;13;13;28;582;374
9536;43,49;-145,50;0,00;0,00;0,00;-0,15;0,00;0,00;361;156;16;42;15;647;740
9537;56,87;38,32;0,00;0,00;0,00;0,04;0,00;0,00;137;191;84;15;22;669;641
9538;62,53;69,30;0,00;0,00;0,00;0,07;0,00;0,00;462;34;195;10;23;925;794
9539;46,02;69,22;0,00;0,00;0,00;0,07;0,00;0,00;299;143;79;29;26;669;952
9540;65,27;144,03;0,00;0,00;0,00;0,14;0,00;0,00;404;165;99;23;33;401;667
9541;66,06;144,23;0,00;0,00;0,00;0,14;0,00;0,00;127;48;122;25;30;813;486
9542;51,13;90,47;0,00;0,00;0,00;0,09;0,00;0,00;464;52;12;42;22;312;279
9543;48,28;8,48;0,00;0,00;0,00;0,01;0,00;0,00;421;12;57;48;37;745;998
9544;36,68;-42,84;0,00;0,00;0,00;-0,04;0,00;0,00;42;58;82;19;30;972;394
9545;62,88;177,67;0,00;0,00;0,00;0,18;0,00;0,00;225;36;189;26;39;830;576
9546;70,99;228,67;0,00;0,00;0,00;0,23;0,00;0,00;159;34;49;19;26;560;589
9547;58,07;80,71;0,00;0,00;0,00;0,08;0,00;0,00;87;175;140;17;29;940;232
9548;53,40;-4,65;0,00;0,00;0,00;-0,00;0,00;0,00;217;48;154;48;19;715;630
9549;42,72;-107,64;0,00;0,00;0,00;-0,11;0,00;0,00;237;155;189;12;29;551;350
9550;49,06;41,67;0,00;0,00;0,00;0,04;0,00;0,00;203;180;117;19;32;938;890
9551;45,42;-128,95;0,00;0,00;0,00;-0,13;0,00;0,00;425;105;79;20;38;684;856
9552;73,53;222,37;0,00;0,00;0,00;0,22;0,00;0,00;40;62;178;13;17;688;570
9553;59,24;116,59;0,00;0,00;0,00;0,12;0,00;0,00;368;172;29;18;18;628;968
9554;44,82;-59,23;0,00;0,00;0,00;-0,06;0,00;0,00;472;18;38;32;26;596;386
9555;20,04;-227,20;0,00;0,00;0,00;-0,23;0,00;0,00;179;11;58;31;15;311;293
9556;66,85;57,20;0,00;0,00;0,00;0,06;0,00;0,00;482;64;167;23;22;668;988
9557;54,08;-18,99;0,00;0,00;0,00;-0,02;0,00;0,00;62;118;172;19;32;599;474
9558;61,55;49,93;0,00;0,00;0,00;0,05;0,00;0,00;144;123;142;27;16;908;471
9559;33,29;-259,39;0,00;0,00;0,00;-0,26;0,00;0,00;288;88;56;31;38;216;798
9560;54,58;-10,81;0,00;0,00;0,00;-0,01;0,00;0,00;49;32;10;35;26;215;477
9561;52,01;-22,56;0,00;0,00;0,00;-0,02;0,00;0,00;331;61;181;28;39;869;933
9562;37,93;-141,28;0,00;0,00;0,00;-0,14;0,00;0,00;251;122;19;11;29;200;839
9563;76,85;236,44;0,00;0,00;0,00;0,24;0,00;0,00;62;90;119;15;29;247;198
9564;39,72;-85,12;0,00;0,00;0,00;-0,09;0,00;0,00;439;72;140;31;35;804;855
9565;46,59;1,91;0,00;0,00;0,00;0,00;0,00;0,00;143;130;44;26;36;164;742
9566;49,28;17,55;0,00;0,00;0,00;0,02;0,00;0,00;412;37;19;10;38;987;753
9567;83,94;317,00;0,00;0,00;0,00;0,32;0,00;0,00;282;95;59;36;26;286;158
9568;46,30;-31,48;0,00;0,00;0,00;-0,03;0,00;0,00;420;186;198;40;18;111;680
9569;39,91;-109,31;0,00;0,00;0,00;-0,11;0,00;0,00;88;81;184;12;28;359;356
9570;40,46;-108,25;0,00;0,00;0,00;-0,11;0,00;0,00;221;133;187;28;28;890;687
9571;71,01;130,86;0,00;0,00;0,00;0,13;0,00;0,00;30;62;19;31;29;622;773
9572;73,10;147,68;0,00;0,00;0,00;0,15;0,00;0,00;400;79;173;29;23;764;259
9573;70,66;95,49;0,00;0,00;0,00;0,10;0,00;0,00;212;162;193;38;35;485;325
9574;61,25;225,23;0,00;0,00;0,00;0,23;0,00;0,00;17;71;103;37;31;491;688
9575;46,58;-95,93;0,00;0,00;0,00;-0,10;0,00;0,00;169;175;101;20;18;885;295
9576;43,62;-139,99;0,00;0,00;0,00;-0,14;0,00;0,00;22;30;141;34;29;837;969
9577;60,12;222,27;0,00;0,00;0,00;0,22;0,00;0,00;218;107;59;35;27;439;130
9578;33,81;-158,34;0,00;0,00;0,00;-0,16;0,00;0,00;222;92;21;36;25;818;516
9579;52,40;18,90;0,00;0,00;0,00;0,02;0,00;0,00;321;120;12;43;16;693;502
9580;56,80;22,20;0,00;0,00;0,00;0,02;0,00;0,00;399;132;48;24;25;116;432
9581;83,22;324,26;0,00;0,00;0,00;0,32;0,00;0,00;221;13;111;46;32;240;491
9582;58,56;134,29;0,00;0,00;0,00;0,13;0,00;0,00;219;40;164;32;18;943;528
9583;61,18;126,37;0,00;0,00;0,00;0,13;0,00;0,00;55;149;93;43;31;546;660
9584;65,08;129,48;0,00;0,00;0,00;0,13;0,00;0,00;315;147;131;13;30;187;555
9585;48,93;37,06;0,00;0,00;0,00;0,04;0,00;0,00;257;90;34;28;35;885;460
9586;33,76;-190,85;0,00;0,00;0,00;-0,19;0,00;0,00;73;177;189;23;17;732;254
9587;79,95;266,72;0,00;0,00;0,00;0,27;0,00;0,00;216;49;99;36;25;419;164
9588;67,15;168,80;0,00;0,00;0,00;0,17;0,00;0,00;40;149;172;35;15;461;400
9589;29,84;-279,55;0,00;0,00;0,00;-0,28;0,00;0,00;345;118;148;43;15;898;432
9590;46,99;-80,42;0,00;0,00;0,00;-0,08;0,00;0,00;478;182;110;38;34;459;721
9591;52,14;-3,41;0,00;0,00;0,00;-0,00;0,00;0,00;404;13;161;45;34;559;446
9592;51,51;6,24;0,00;0,00;0,00;0,01;0,00;0,00;159;93;187;39;19;445;173
9593;46,45;-22,66;0,00;0,00;0,00;-0,02;0,00;0,00;320;177;32;35;30;675;716
9594;66,07;208,15;0,00;0,00;0,00;0,21;0,00;0,00;238;195;34;39;19;513;143
9595;55,77;66,88;0,00;0,00;0,00;0,07;0,00;0,00;491;30;28;15;20;707;433
9596;19,79;-369,02;0,00;0,00;0,00;-0,37;0,00;0,00;213;188;47;44;23;485;581
9597;60,12;75,22;0,00;0,00;0,00;0,08;0,00;0,00;204;96;84;46;39;468;833
9598;73,30;242,09;0,00;0,00;0,00;0,24;0,00;0,00;448;160;151;17;30;631;216
9599;69,37;166,88;0,00;0,00;0,00;0,17;0,00;0,00;251;116;144;14;34;300;186
9600;47,63;16,99;0,00;0,00;0,00;0,02;0,00;0,00;428;57;115;43;20;741;418
9601;48,33;12,52;0,00;0,00;0,00;0,01;0,00;0,00;310;88;142;35;31;483;465
9602;38,49;-57,26;0,00;0,00;0,00;-0,06;0,00;0,00;212;140;145;16;21;676;970
9603;10,63;-376,10;0,00;0,00;0,00;-0,38;0,00;0,00;154;193;131;49;20;184;859
9604;58,83;19,88;0,00;0,00;0,00;0,02;0,00;0,00;174;181;161;34;34;981;854
9605;34,96;-263,47;0,00;0,00;0,00;-0,26;0,00;0,00;481;41;139;15;30;463;725
9606;60,67;82,28;0,00;0,00;0,00;0,08;0,00;0,00;91;171;54;28;28;409;345
9607;45,11;-38,85;0,00;0,00;0,00;-0,04;0,00;0,00;145;10;126;49;30;532;682
9608;74,47;293,69;0,00;0,00;0,00;0,29;0,00;0,00;268;70;97;46;28;254;331
9609;57,54;137,05;0,00;0,00;0,00;0,14;0,00;0,00;283;121;81;39;26;235;875
9610;61,05;133,19;0,00;0,00;0,00;0,13;0,00;0,00;253;96;113;31;35;585;677
9611;44,87;-54,07;0,00;0,00;0,00;-0,05;0,00;0,00;335;140;139;37;37;682;416
9612;55,96;94,69;0,00;0,00;0,00;0,09;0,00;0,00;393;119;12;40;33;880;534
9613;49,31;41,57;0,00;0,00;0,00;0,04;0,00;0,00;460;52;106;29;39;452;515
9614;54,01;74,09;0,00;0,00;0,00;0,07;0,00;0,00;246;120;196;36;26;281;237
9615;48,16;64,07;0,00;0,00;0,00;0,06;0,00;0,00;475;151;39;29;26;489;376
9616;85,93;357,79;0,00;0,00;0,00;0,36;0,00;0,00;401;10;43;33;32;776;860
9617;67,93;279,07;0,00;0,00;0,00;0,28;0,00;0,00;208;24;83;11;37;881;626
9618;39,65;-84,14;0,00;0,00;0,00;-0,08;0,00;0,00;383;175;69;13;30;697;349
9619;67,27;152,16;0,00;0,00;0,00;0,15;0,00;0,00;404;103;66;23;16;478;873
9620;15,82;-394,85;0,00;0,00;0,00;-0,39;0,00;0,00;293;126;45;48;32;216;218
9621;54,50;-47,67;0,00;0,00;0,00;-0,05;0,00;0,00;160;164;117;10;35;247;181
9622;74,94;266,73;0,00;0,00;0,00;0,27;0,00;0,00;295;106;129;29;17;822;629
9623;40,83;-123,64;0,00;0,00;0,00;-0,12;0,00;0,00;167;42;71;17;36;475;721
9624;60,49;95,93;0,00;0,00;0,00;0,10;0,00;0,00;108;19;30;10;23;986;737
9625;39,64;-115,94;0,00;0,00;0,00;-0,12;0,00;0,00;313;193;52;33;29;136;237
9626;19,32;-376,22;0,00;0,00;0,00;-0,38;0,00;0,00;156;141;59;29;37;449;250
9627;62,43;140,85;0,00;0,00;0,00;0,14;0,00;0,00;271;196;52;45;31;136;345
9628;59,37;-21,19;0,00;0,00;0,00;-0,02;0,00;0,00;56;141;36;37;39;721;982
9629;43,88;-66,34;0,00;0,00;0,00;-0,07;0,00;0,00;181;177;53;15;29;480;187
9630;45,47;-46,12;0,00;0,00;0,00;-0,05;0,00;0,00;85;51;137;43;31;384;606
9631;26,78;-191,93;0,00;0,00;0,00;-0,19;0,00;0,00;156;105;75;23;19;678;900
9632;77,72;261,03;0,00;0,00;0,00;0,26;0,00;0,00;408;144;129;20;22;407;945
9633;36,61;-95,90;0,00;0,00;0,00;-0,10;0,00;0,00;296;88;20;43;26;262;989
9634;31,89;-114,81;0,00;0,00;0,00;-0,11;0,00;0,00;143;147;175;44;36;661;276
9635;54,74;1,63;0,00;0,00;0,00;0,00;0,00;0,00;145;137;48;11;28;273;968
9636;27,03;-284,26;0,00;0,00;0,00;-0,28;0,00;0,00;87;60;136;47;21;611;301
9637;59,56;81,61;0,00;0,00;0,00;0,08;0,00;0,00;165;134;63;22;16;751;147
9638;49,83;29,58;0,00;0,00;0,00;0,03;0,00;0,00;280;37;141;24;28;447;343
9639;55,97;-47,55;0,00;0,00;0,00;-0,05;0,00;0,00;12;178;157;33;18;824;663
9640;63,48;188,27;0,00;0,00;0,00;0,19;0,00;0,00;111;172;34;31;18;336;711
9641;49,16;-45,50;0,00;0,00;0,00;-0,05;0,00;0,00;197;148;175;48;36;885;684
9642;67,53;131,75;0,00;0,00;0,00;0,13;0,00;0,00;420;76;84;46;21;259;735
9643;56,10;83,14;0,00;0,00;0,00;0,08;0,00;0,00;88;67;185;13;16;116;894
9644;47,49;-68,63;0,00;0,00;0,00;-0,07;0,00;0,00;306;75;134;47;36;337;305
9645;35,29;-109,56;0,00;0,00;0,00;-0,11;0,00;0,00;232;36;96;25;29;239;514
9646;62,50;128,62;0,00;0,00;0,00;0,13;0,00;0,00;383;162;44;23;23;657;497
9647;41,20;-84,02;0,00;0,00;0,00;-0,08;0,00;0,00;476;71;31;29;16;638;227
9648;53,06;170,39;0,00;0,00;0,00;0,17;0,00;0,00;179;199;105;21;17;983;305
9649;53,39;57,58;0,00;0,00;0,00;0,06;0,00;0,00;17;108;61;30;32;696;317
9650;52,83;134,97;0,00;0,00;0,00;0,13;0,00;0,00;341;17;177;38;37;945;609
9651;61,58;124,85;0,00;0,00;0,00;0,12;0,00;0,00;463;73;19;38;15;710;128
9652;44,60;-115,54;0,00;0,00;0,00;-0,12;0,00;0,00;87;24;131;17;19;231;664
9653;29,54;-148,50;0,00;0,00;0,00;-0,15;0,00;0,00;241;83;168;16;34;293;719
9654;37,10;-16,69;0,00;0,00;0,00;-0,02;0,00;0,00;179;184;177;31;37;233;233
9655;67,56;160,54;0,00;0,00;0,00;0,16;0,00;0,00;469;161;52;35;21;572;294
9656;64,39;182,49;0,00;0,00;0,00;0,18;0,00;0,00;105;53;10;17;28;622;286
9657;45,06;34,09;0,00;0,00;0,00;0,03;0,00;0,00;304;16;97;13;28;956;683
9658;45,87;-47,49;0,00;0,00;0,00;-0,05;0,00;0,00;291;171;186;40;26;124;691
9659;59,28;71,19;0,00;0,00;0,00;0,07;0,00;0,00;360;126;123;31;31;826;611
9660;71,06;204,49;0,00;0,00;0,00;0,20;0,00;0,00;134;161;14;22;38;760;509
9661;61,80;134,80;0,00;0,00;0,00;0,13;0,00;0,00;11;82;33;36;37;965;231
9662;72,30;213,07;0,00;0,00;0,00;0,21;0,00;0,00;343;78;46;18;31;451;422
9663;39,58;-84,68;0,00;0,00;0,00;-0,08;0,00;0,00;470;158;85;36;29;315;628
9664;2,75;-456,16;0,00;0,00;0,00;-0,46;0,00;0,00;145;130;26;26;31;438;639
9665;31,60;-175,32;0,00;0,00;0,00;-0,18;0,00;0,00;123;50;194;32;21;205;811
9666;73,64;323,99;0,00;0,00;0,00;0,32;0,00;0,00;295;81;106;33;30;998;667
9667;35,34;-249,07;0,00;0,00;0,00;-0,25;0,00;0,00;430;55;14;30;35;864;228
9668;54,80;50,24;0,00;0,00;0,00;0,05;0,00;0,00;117;66;162;42;34;884;652
9669;66,44;135,51;0,00;0,00;0,00;0,14;0,00;0,00;199;82;98;10;28;212;700
9670;69,88;212,77;0,00;0,00;0,00;0,21;0,00;0,00;86;132;75;40;30;421;819
9671;58,74;106,97;0,00;0,00;0,00;0,11;0,00;0,00;193;142;41;41;36;475;914
9672;49,31;45,41;0,00;0,00;0,00;0,05;0,00;0,00;20;199;37;20;20;615;472
9673;71,89;259,29;0,00;0,00;0,00;0,26;0,00;0,00;22;153;73;20;20;992;754
9674;80,78;303,29;0,00;0,00;0,00;0,30;0,00;0,00;64;174;198;11;37;203;881
9675;56,74;31,16;0,00;0,00;0,00;0,03;0,00;0,00;88;30;21;30;25;920;798
9676;59,37;147,11;0,00;0,00;0,00;0,15;0,00;0,00;330;167;169;28;22;355;672
9677;53,69;76,54;0,00;0,00;0,00;0,08;0,00;0,00;452;29;170;23;25;901;138
9678;47,47;-28,92;0,00;0,00;0,00;-0,03;0,00;0,00;10;23;73;28;19;148;316
9679;29,39;-252,49;0,00;0,00;0,00;-0,25;0,00;0,00;481;172;24;22;29;712;768
9680;50,04;-22,70;0,00;0,00;0,00;-0,02;0,00;0,00;288;68;32;36;15;341;229
9681;44,44;-100,98;0,00;0,00;0,00;-0,10;0,00;0,00;410;144;70;18;23;750;741
9682;54,95;-45,99;0,00;0,00;0,00;-0,05;0,00;0,00;47;32;45;38;39;999;397
9683;70,85;121,13;0,00;0,00;0,00;0,12;0,00;0,00;24;131;95;25;31;109;185
9684;44,97;-96,83;0,00;0,00;0,00;-0,10;0,00;0,00;126;193;26;26;29;292;467
9685;48,59;-21,60;0,00;0,00;0,00;-0,02;0,00;0,00;23;43;130;18;26;141;812
9686;41,22;-198,90;0,00;0,00;0,00;-0,20;0,00;0,00;474;155;106;13;27;399;185
9687;52,89;55,94;0,00;0,00;0,00;0,06;0,00;0,00;402;183;172;26;34;399;179
9688;48,88;19,21;0,00;0,00;0,00;0,02;0,00;0,00;192;47;148;36;15;275;491
9689;32,60;-210,80;0,00;0,00;0,00;-0,21;0,00;0,00;139;112;99;11;20;477;837
9690;74,35;149,63;0,00;0,00;0,00;0,15;0,00;0,00;365;26;18;31;22;473;286
9691;44,90;-5,35;0,00;0,00;0,00;-0,01;0,00;0,00;475;182;49;12;35;710;550
9692;77,23;281,48;0,00;0,00;0,00;0,28;0,00;0,00;121;98;74;17;28;309;232
9693;50,11;-22,34;0,00;0,00;0,00;-0,02;0,00;0,00;117;152;122;12;30;792;969
9694;31,18;-140,88;0,00;0,00;0,00;-0,14;0,00;0,00;216;123;26;34;19;895;188
9695;40,30;-68,32;0,00;0,00;0,00;-0,07;0,00;0,00;311;110;153;34;22;223;229
9696;35,01;-122,36;0,00;0,00;0,00;-0,12;0,00;0,00;253;195;136;31;39;316;150
9697;50,33;110,27;0,00;0,00;0,00;0,11;0,00;0,00;397;38;63;31;29;815;848
9698;40,20;-100,63;0,00;0,00;0,00;-0,10;0,00;0,00;38;49;72;26;27;955;636
9699;33,31;-204,36;0,00;0,00;0,00;-0,20;0,00;0,00;234;91;108;27;32;474;711
9700;47,63;-14,77;0,00;0,00;0,00;-0,01;0,00;0,00;47;115;122;24;23;199;106
9701;28,59;-186,53;0,00;0,00;0,00;-0,19;0,00;0,00;424;185;12;42;36;960;783
9702;39,15;-75,68;0,00;0,00;0,00;-0,08;0,00;0,00;82;139;36;39;36;556;457
9703;35,61;-125,22;0,00;0,00;0,00;-0,13;0,00;0,00;345;43;186;11;37;347;313
9704;46,29;-27,06;0,00;0,00;0,00;-0,03;0,00;0,00;130;78;178;25;35;314;994
9705;69,59;187,38;0,00;0,00;0,00;0,19;0,00;0,00;184;123;167;27;17;513;329
9706;44,98;-59,43;0,00;0,00;0,00;-0,06;0,00;0,00;38;87;66;47;32;104;492
9707;27,06;-149,52;0,00;0,00;0,00;-0,15;0,00;0,00;183;169;116;45;36;161;476
9708;23,03;-230,74;0,00;0,00;0,00;-0,23;0,00;0,00;461;117;92;30;29;664;981
9709;71,54;174,05;0,00;0,00;0,00;0,17;0,00;0,00;338;105;173;40;15;861;900
9710;57,24;9,68;0,00;0,00;0,00;0,01;0,00;0,00;360;186;99;41;24;964;950
9711;55,22;48,70;0,00;0,00;0,00;0,05;0,00;0,00;211;85;15;16;28;318;395
9712;39,53;-120,31;0,00;0,00;0,00;-0,12;0,00;0,00;321;71;186;36;18;785;232
9713;48,89;-5,85;0,00;0,00;0,00;-0,01;0,00;0,00;414;177;34;37;21;686;506
9714;43,50;-57,23;0,00;0,00;0,00;-0,06;0,00;0,00;163;181;149;38;25;781;894
9715;46,23;58,88;0,00;0,00;0,00;0,06;0,00;0,00;217;188;49;12;30;260;861
9716;68,36;230,68;0,00;0,00;0,00;0,23;0,00;0,00;283;191;45;26;25;862;293
9717;53,88;-21,38;0,00;0,00;0,00;-0,02;0,00;0,00;129;24;38;44;27;921;773
9718;53,43;54,97;0,00;0,00;0,00;0,05;0,00;0,00;148;133;22;39;34;433;940
9719;59,35;186,01;0,00;0,00;0,00;0,19;0,00;0,00;210;29;111;31;16;375;707
9720;56,16;93,46;0,00;0,00;0,00;0,09;0,00;0,00;464;64;89;49;30;867;351
9721;36,64;-137,94;0,00;0,00;0,00;-0,14;0,00;0,00;456;194;162;33;34;367;454
9722;59,62;67,41;0,00;0,00;0,00;0,07;0,00;0,00;320;194;122;21;29;590;246
9723;49,56;-40,13;0,00;0,00;0,00;-0,04;0,00;0,00;367;23;176;47;32;589;490
9724;39,64;-26,73;0,00;0,00;0,00;-0,03;0,00;0,00;475;38;153;20;16;924;558
9725;46,66;26,27;0,00;0,00;0,00;0,03;0,00;0,00;457;147;26;30;20;158;130
9726;67,34;249,23;0,00;0,00;0,00;0,25;0,00;0,00;326;126;68;32;30;215;453
9727;24,65;-211,14;0,00;0,00;0,00;-0,21;0,00;0,00;177;99;189;26;29;373;761
9728;64,52;147,46;0,00;0,00;0,00;0,15;0,00;0,00;196;163;84;41;19;574;634
9729;42,06;-128,74;0,00;0,00;0,00;-0,13;0,00;0,00;483;175;174;26;23;912;997
9730;50,44;-20,06;0,00;0,00;0,00;-0,02;0,00;0,00;130;60;28;34;16;874;827
9731;39,80;-66,79;0,00;0,00;0,00;-0,07;0,00;0,00;87;39;40;25;36;198;558
9732;33,94;-100,32;0,00;0,00;0,00;-0,10;0,00;0,00;347;12;83;13;29;545;816
9733;34,69;-158,65;0,00;0,00;0,00;-0,16;0,00;0,00;488;118;31;32;32;651;530
9734;75,81;232,80;0,00;0,00;0,00;0,23;0,00;0,00;48;123;158;42;27;597;240
9735;41,75;-98,07;0,00;0,00;0,00;-0,10;0,00;0,00;438;150;198;17;19;512;814
9736;27,40;-180,97;0,00;0,00;0,00;-0,18;0,00;0,00;243;44;143;12;27;237;827
9737;53,46;45,34;0,00;0,00;0,00;0,05;0,00;0,00;279;87;199;32;26;968;487
9738;52,65;25,61;0,00;0,00;0,00;0,03;0,00;0,00;69;192;196;12;34;692;293
9739;47,70;-40,73;0,00;0,00;0,00;-0,04;0,00;0,00;417;123;134;46;31;525;531
9740;62,47;92,17;0,00;0,00;0,00;0,09;0,00;0,00;251;99;138;21;19;171;926
9741;54,54;42,21;0,00;0,00;0,00;0,04;0,00;0,00;291;152;10;22;25;978;535
9742;63,92;149,09;0,00;0,00;0,00;0,15;0,00;0,00;165;177;52;41;34;944;644
9743;48,02;40,37;0,00;0,00;0,00;0,04;0,00;0,00;208;58;94;21;36;400;792
9744;62,94;74,62;0,00;0,00;0,00;0,07;0,00;0,00;499;145;64;40;18;791;118
9745;34,25;-181,03;0,00;0,00;0,00;-0,18;0,00;0,00;72;130;59;30;33;162;847
9746;65,43;204,66;0,00;0,00;0,00;0,20;0,00;0,00;83;41;59;11;17;380;990
9747;65,50;122,32;0,00;0,00;0,00;0,12;0,00;0,00;76;121;91;49;15;354;506
9748;44,08;-57,95;0,00;0,00;0,00;-0,06;0,00;0,00;184;149;38;35;17;379;429
9749;46,31;-12,62;0,00;0,00;0,00;-0,01;0,00;0,00;229;95;70;35;34;454;743
9750;55,23;40,12;0,00;0,00;0,00;0,04;0,00;0,00;279;153;164;25;38;335;906
9751;56,46;109,69;0,00;0,00;0,00;0,11;0,00;0,00;234;127;192;13;25;786;319
9752;72,65;214,17;0,00;0,00;0,00;0,21;0,00;0,00;13;142;180;36;19;761;854
9753;35,45;-117,24;0,00;0,00;0,00;-0,12;0,00;0,00;134;92;31;11;35;667;713
9754;29,97;-212,38;0,00;0,00;0,00;-0,21;0,00;0,00;433;76;73;41;17;131;382
9755;44,38;-1,59;0,00;0,00;0,00;-0,00;0,00;0,00;377;195;15;38;34;641;607
9756;49,46;-44,52;0,00;0,00;0,00;-0,04;0,00;0,00;340;46;180;31;19;407;531
9757;67,40;192,83;0,00;0,00;0,00;0,19;0,00;0,00;158;63;93;38;23;419;469
9758;90,48;416,70;0,00;0,00;0,00;0,42;0,00;0,00;160;26;22;11;21;736;976
9759;0,00;-555,75;0,00;0,00;0,00;-0,56;0,00;0,00;171;177;150;18;16;843;365
9760;55,43;44,22;0,00;0,00;0,00;0,04;0,00;0,00;216;88;191;11;15;225;690
9761;57,24;102,18;0,00;0,00;0,00;0,10;0,00;0,00;306;18;194;10;37;372;257
9762;52,79;92,02;0,00;0,00;0,00;0,09;0,00;0,00;118;174;122;10;29;540;365
9763;30,34;-264,03;0,00;0,00;0,00;-0,26;0,00;0,00;397;182;179;29;17;104;791
9764;58,13;106,49;0,00;0,00;0,00;0,11;0,00;0,00;137;187;167;21;39;693;894
9765;35,82;-147,65;0,00;0,00;0,00;-0,15;0,00;0,00;320;93;106;10;22;513;670
9766;49,09;-47,42;0,00;0,00;0,00;-0,05;0,00;0,00;102;22;178;20;35;121;120
9767;41,80;-40,35;0,00;0,00;0,00;-0,04;0,00;0,00;460;84;153;10;20;461;178
9768;61,13;57,71;0,00;0,00;0,00;0,06;0,00;0,00;364;181;144;17;25;728;892
9769;19,32;-235,84;0,00;0,00;0,00;-0,24;0,00;0,00;456;107;174;25;19;747;288
9770;49,03;58,09;0,00;0,00;0,00;0,06;0,00;0,00;413;197;15;48;37;354;619
9771;36,23;-133,61;0,00;0,00;0,00;-0,13;0,00;0,00;142;116;80;33;38;333;564
9772;21,91;-306,28;0,00;0,00;0,00;-0,31;0,00;0,00;467;107;117;42;15;650;498
9773;44,61;-47,31;0,00;0,00;0,00;-0,05;0,00;0,00;87;105;152;44;32;685;956
9774;41,59;-129,38;0,00;0,00;0,00;-0,13;0,00;0,00;189;152;83;42;15;222;200
9775;37,23;-137,97;0,00;0,00;0,00;-0,14;0,00;0,00;470;126;59;35;17;954;799
9776;75,71;238,62;0,00;0,00;0,00;0,24;0,00;0,00;21;53;199;16;17;646;425
9777;42,82;-72,73;0,00;0,00;0,00;-0,07;0,00;0,00;158;198;132;15;30;840;475
9778;0,41;-506,69;0,00;0,00;0,00;-0,51;0,00;0,00;43;31;134;36;31;898;883
9779;34,88;-120,81;0,00;0,00;0,00;-0,12;0,00;0,00;463;132;187;12;25;950;810
9780;50,47;-67,24;0,00;0,00;0,00;-0,07;0,00;0,00;36;112;99;38;15;373;516
9781;31,15;-221,61;0,00;0,00;0,00;-0,22;0,00;0,00;101;35;58;18;37;912;722
9782;77,46;234,33;0,00;0,00;0,00;0,23;0,00;0,00;294;38;171;24;23;774;708
9783;41,14;-162,76;0,00;0,00;0,00;-0,16;0,00;0,00;335;15;90;35;29;574;111
9784;33,49;-189,68;0,00;0,00;0,00;-0,19;0,00;0,00;298;98;12;34;24;340;570
9785;36,96;-151,77;0,00;0,00;0,00;-0,15;0,00;0,00;33;18;32;36;15;507;618
9786;24,17;-322,85;0,00;0,00;0,00;-0,32;0,00;0,00;382;32;111;28;28;553;910
9787;65,79;130,89;0,00;0,00;0,00;0,13;0,00;0,00;408;101;16;36;35;483;791
9788;32,55;-149,93;0,00;0,00;0,00;-0,15;0,00;0,00;490;122;106;26;15;313;944
9789;81,12;218,55;0,00;0,00;0,00;0,22;0,00;0,00;116;177;46;22;32;669;918
9790;77,98;269,97;0,00;0,00;0,00;0,27;0,00;0,00;273;197;110;20;27;268;582
9791;42,62;-44,24;0,00;0,00;0,00;-0,04;0,00;0,00;189;181;94;46;27;335;944
9792;44,10;-65,44;0,00;0,00;0,00;-0,07;0,00;0,00;88;128;79;16;17;711;322
9793;68,99;193,77;0,00;0,00;0,00;0,19;0,00;0,00;152;65;87;27;25;439;426
9794;74,33;231,21;0,00;0,00;0,00;0,23;0,00;0,00;429;109;135;45;35;487;155
9795;26,84;-247,18;0,00;0,00;0,00;-0,25;0,00;0,00;158;15;84;10;28;178;995
9796;40,50;-110,85;0,00;0,00;0,00;-0,11;0,00;0,00;461;64;114;33;36;516;815
9797;66,72;167,13;0,00;0,00;0,00;0,17;0,00;0,00;426;11;151;38;35;735;497
9798;46,49;-77,80;0,00;0,00;0,00;-0,08;0,00;0,00;51;75;112;15;29;813;852
9799;45,38;-123,34;0,00;0,00;0,00;-0,12;0,00;0,00;402;128;60;41;33;685;366
9800;58,00;103,83;0,00;0,00;0,00;0,10;0,00;0,00;99;174;139;12;21;544;253
9801;51,84;100,20;0,00;0,00;0,00;0,10;0,00;0,00;224;130;141;44;31;299;753
9802;38,81;-126,03;0,00;0,00;0,00;-0,13;0,00;0,00;446;12;192;15;20;372;491
9803;48,90;-93,27;0,00;0,00;0,00;-0,09;0,00;0,00;444;185;176;45;24;860;192
9804;66,83;189,66;0,00;0,00;0,00;0,19;0,00;0,00;334;31;111;11;19;495;730
9805;42,15;-89,04;0,00;0,00;0,00;-0,09;0,00;0,00;139;75;180;26;38;702;904
9806;59,34;87,73;0,00;0,00;0,00;0,09;0,00;0,00;402;196;170;14;20;200;589
9807;46,82;35,21;0,00;0,00;0,00;0,04;0,00;0,00;416;59;142;14;31;765;196
9808;37,54;-71,53;0,00;0,00;0,00;-0,07;0,00;0,00;354;51;107;39;39;414;351
9809;38,83;-173,97;0,00;0,00;0,00;-0,17;0,00;0,00;184;91;29;26;22;762;688
9810;44,66;-69,38;0,00;0,00;0,00;-0,07;0,00;0,00;487;74;194;33;18;557;805
9811;47,25;104,24;0,00;0,00;0,00;0,10;0,00;0,00;113;158;165;42;33;644;586
9812;70,22;237,66;0,00;0,00;0,00;0,24;0,00;0,00;235;103;51;27;23;819;755
9813;50,51;-82,74;0,00;0,00;0,00;-0,08;0,00;0,00;107;179;39;20;22;535;228
9814;58,23;-15,99;0,00;0,00;0,00;-0,02;0,00;0,00;466;120;46;33;19;905;984
9815;20,35;-308,45;0,00;0,00;0,00;-0,31;0,00;0,00;275;50;112;42;18;305;403
9816;42,30;-152,82;0,00;0,00;0,00;-0,15;0,00;0,00;497;11;197;43;34;887;839
9817;36,66;-56,06;0,00;0,00;0,00;-0,06;0,00;0,00;366;183;129;28;37;685;960
9818;42,65;-84,17;0,00;0,00;0,00;-0,08;0,00;0,00;348;129;25;43;31;447;552
9819;46,15;-86,34;0,00;0,00;0,00;-0,09;0,00;0,00;114;83;159;27;25;957;161
9820;29,64;-220,71;0,00;0,00;0,00;-0,22;0,00;0,00;446;145;38;23;26;496;463
9821;60,02;0,78;0,00;0,00;0,00;0,00;0,00;0,00;468;105;18;18;17;482;589
9822;54,95;17,26;0,00;0,00;0,00;0,02;0,00;0,00;276;62;193;30;26;397;811
9823;32,89;-216,63;0,00;0,00;0,00;-0,22;0,00;0,00;396;61;19;13;29;826;161
9824;41,53;-96,52;0,00;0,00;0,00;-0,10;0,00;0,00;156;111;146;34;18;314;490
9825;75,66;208,28;0,00;0,00;0,00;0,21;0,00;0,00;457;195;36;43;16;571;507
9826;44,73;-131,46;0,00;0,00;0,00;-0,13;0,00;0,00;271;155;22;44;17;900;122
9827;46,15;-113,14;0,00;0,00;0,00;-0,11;0,00;0,00;429;158;56;37;29;676;347
9828;31,58;-217,67;0,00;0,00;0,00;-0,22;0,00;0,00;282;44;165;41;26;968;657
9829;51,38;8,52;0,00;0,00;0,00;0,01;0,00;0,00;79;140;77;14;34;347;815
9830;35,11;-193,10;0,00;0,00;0,00;-0,19;0,00;0,00;94;188;165;26;38;704;207
9831;33,91;-172,65;0,00;0,00;0,00;-0,17;0,00;0,00;342;189;162;19;23;800;695
9832;38,05;-181,07;0,00;0,00;0,00;-0,18;0,00;0,00;419;113;198;22;28;775;782
9833;43,77;-121,54;0,00;0,00;0,00;-0,12;0,00;0,00;454;188;136;19;15;175;556
9834;25,22;-244,76;0,00;0,00;0,00;-0,24;0,00;0,00;495;44;74;17;25;825;564
9835;66,19;148,83;0,00;0,00;0,00;0,15;0,00;0,00;288;168;85;13;27;213;273
9836;61,18;149,90;0,00;0,00;0,00;0,15;0,00;0,00;188;86;142;27;31;211;863
9837;66,25;183,62;0,00;0,00;0,00;0,18;0,00;0,00;14;198;52;16;35;260;845
9838;72,67;231,38;0,00;0,00;0,00;0,23;0,00;0,00;160;105;23;23;25;308;850
9839;40,86;-4,04;0,00;0,00;0,00;-0,00;0,00;0,00;44;149;137;33;33;670;445
9840;50,75;19,90;0,00;0,00;0,00;0,02;0,00;0,00;51;161;138;47;33;661;970
9841;68,98;205,14;0,00;0,00;0,00;0,21;0,00;0,00;215;100;68;13;32;218;752
9842;29,70;-205,04;0,00;0,00;0,00;-0,21;0,00;0,00;420;58;162;39;36;427;795
9843;49,32;-31,54;0,00;0,00;0,00;-0,03;0,00;0,00;404;169;79;45;38;932;328
9844;62,40;146,02;0,00;0,00;0,00;0,15;0,00;0,00;102;89;123;24;28;374;491
9845;42,63;-25,44;0,00;0,00;0,00;-0,03;0,00;0,00;182;54;22;20;31;516;385
9846;76,38;295,30;0,00;0,00;0,00;0,30;0,00;0,00;439;99;81;41;18;591;520
9847;54,08;103,37;0,00;0,00;0,00;0,10;0,00;0,00;102;96;12;43;33;638;680
9848;59,55;85,70;0,00;0,00;0,00;0,09;0,00;0,00;88;76;28;47;38;150;641
9849;75,80;347,08;0,00;0,00;0,00;0,35;0,00;0,00;438;62;122;42;35;729;698
9850;46,50;-13,60;0,00;0,00;0,00;-0,01;0,00;0,00;495;144;160;20;20;866;352
9851;45,06;-70,52;0,00;0,00;0,00;-0,07;0,00;0,00;315;69;117;35;31;147;360
9852;39,58;-126,14;0,00;0,00;0,00;-0,13;0,00;0,00;406;182;100;31;18;753;971
9853;80,67;323,50;0,00;0,00;0,00;0,32;0,00;0,00;365;98;128;22;20;975;993
9854;50,33;-21,53;0,00;0,00;0,00;-0,02;0,00;0,00;180;46;133;28;28;610;207
9855;31,33;-264,56;0,00;0,00;0,00;-0,26;0,00;0,00;294;69;25;13;35;585;358
9856;54,74;29,63;0,00;0,00;0,00;0,03;0,00;0,00;384;85;82;33;18;710;739
9857;44,19;-154,16;0,00;0,00;0,00;-0,15;0,00;0,00;27;39;138;37;16;874;381
9858;43,90;15,56;0,00;0,00;0,00;0,02;0,00;0,00;38;20;54;13;19;257;813
9859;56,13;97,08;0,00;0,00;0,00;0,10;0,00;0,00;385;168;130;13;22;855;727
9860;55,01;60,42;0,00;0,00;0,00;0,06;0,00;0,00;108;157;164;13;36;923;439
9861;59,39;-4,88;0,00;0,00;0,00;-0,00;0,00;0,00;152;112;65;20;30;294;536
9862;45,86;-80,65;0,00;0,00;0,00;-0,08;0,00;0,00;405;161;60;27;34;697;463
9863;56,77;69,29;0,00;0,00;0,00;0,07;0,00;0,00;308;25;179;47;31;909;848
9864;58,50;117,27;0,00;0,00;0,00;0,12;0,00;0,00;175;56;175;15;36;132;716
9865;14,53;-350,50;0,00;0,00;0,00;-0,35;0,00;0,00;239;187;20;49;20;335;178
9866;47,44;-74,91;0,00;0,00;0,00;-0,07;0,00;0,00;279;138;194;24;22;826;911
9867;64,77;164,60;0,00;0,00;0,00;0,16;0,00;0,00;495;160;110;47;27;470;584
9868;75,54;274,97;0,00;0,00;0,00;0,27;0,00;0,00;474;163;153;34;26;466;782
9869;90,00;339,46;0,00;0,00;0,00;0,34;0,00;0,00;60;15;73;12;30;572;405
9870;36,16;-175,47;0,00;0,00;0,00;-0,18;0,00;0,00;29;145;138;44;38;643;376
9871;54,23;2,04;0,00;0,00;0,00;0,00;0,00;0,00;393;17;70;27;37;804;366
9872;69,91;231,39;0,00;0,00;0,00;0,23;0,00;0,00;39;199;17;20;21;278;930
9873;55,99;76,99;0,00;0,00;0,00;0,08;0,00;0,00;315;155;101;19;30;369;350
9874;53,57;68,50;0,00;0,00;0,00;0,07;0,00;0,00;249;73;96;38;17;844;299
9875;46,66;-9,75;0,00;0,00;0,00;-0,01;0,00;0,00;277;140;75;28;26;409;574
9876;44,45;-19,06;0,00;0,00;0,00;-0,02;0,00;0,00;247;112;30;42;25;398;986
9877;57,48;30,99;0,00;0,00;0,00;0,03;0,00;0,00;222;82;145;34;38;482;575
9878;47,44;41,79;0,00;0,00;0,00;0,04;0,00;0,00;460;184;115;10;27;986;431
9879;37,15;-309,45;0,00;0,00;0,00;-0,31;0,00;0,00;225;106;157;23;19;978;615
9880;80,81;291,63;0,00;0,00;0,00;0,29;0,00;0,00;104;100;35;44;37;629;681
9881;22,91;-212,06;0,00;0,00;0,00;-0,21;0,00;0,00;274;131;37;30;27;583;449
9882;52,00;-44,16;0,00;0,00;0,00;-0,04;0,00;0,00;348;83;150;35;22;480;159
9883;55,93;27,14;0,00;0,00;0,00;0,03;0,00;0,00;319;100;105;48;32;573;384
9884;55,09;54,28;0,00;0,00;0,00;0,05;0,00;0,00;325;13;176;15;24;177;989
9885;48,77;40,78;0,00;0,00;0,00;0,04;0,00;0,00;478;188;48;14;26;366;772
9886;78,82;293,93;0,00;0,00;0,00;0,29;0,00;0,00;480;49;66;11;28;628;597
9887;48,13;-49,63;0,00;0,00;0,00;-0,05;0,00;0,00;59;102;147;49;15;131;513
9888;57,37;225,29;0,00;0,00;0,00;0,23;0,00;0,00;134;32;136;35;35;920;877
9889;33,67;-106,01;0,00;0,00;0,00;-0,11;0,00;0,00;67;94;15;27;20;830;225
9890;67,39;63,30;0,00;0,00;0,00;0,06;0,00;0,00;80;126;17;37;25;654;173
9891;47,34;-21,10;0,00;0,00;0,00;-0,02;0,00;0,00;196;139;189;35;39;507;495
9892;28,13;-236,55;0,00;0,00;0,00;-0,24;0,00;0,00;389;33;97;14;35;562;401
9893;49,62;-97,88;0,00;0,00;0,00;-0,10;0,00;0,00;148;85;54;47;32;913;304
9894;14,50;-366,54;0,00;0,00;0,00;-0,37;0,00;0,00;77;110;43;16;30;379;430
9895;27,40;-261,44;0,00;0,00;0,00;-0,26;0,00;0,00;361;169;91;48;35;136;886
9896;8,36;-348,51;0,00;0,00;0,00;-0,35;0,00;0,00;182;43;174;13;20;639;538
9897;23,48;-283,26;0,00;0,00;0,00;-0,28;0,00;0,00;406;44;13;40;35;783;726
9898;85,30;286,08;0,00;0,00;0,00;0,29;0,00;0,00;120;106;48;33;33;924;832
9899;60,56;76,91;0,00;0,00;0,00;0,08;0,00;0,00;376;15;94;37;25;692;687
9900;50,09;-21,45;0,00;0,00;0,00;-0,02;0,00;0,00;492;70;29;28;27;741;938
9901;49,17;24,85;0,00;0,00;0,00;0,02;0,00;0,00;147;68;58;38;15;905;815
9902;45,87;9,74;0,00;0,00;0,00;0,01;0,00;0,00;485;56;136;14;30;967;466
9903;50,93;29,92;0,00;0,00;0,00;0,03;0,00;0,00;496;139;141;25;38;737;860
9904;37,24;-165,73;0,00;0,00;0,00;-0,17;0,00;0,00;403;126;115;29;28;434;207
9905;59,59;192,26;0,00;0,00;0,00;0,19;0,00;0,00;47;25;19;33;36;382;798
9906;55,36;85,70;0,00;0,00;0,00;0,09;0,00;0,00;72;18;34;29;20;128;964
9907;54,97;118,28;0,00;0,00;0,00;0,12;0,00;0,00;255;13;132;13;16;408;442
9908;58,52;118,39;0,00;0,00;0,00;0,12;0,00;0,00;394;123;14;32;27;492;740
9909;62,22;91,50;0,00;0,00;0,00;0,09;0,00;0,00;18;170;52;21;29;313;467
9910;56,10;-35,98;0,00;0,00;0,00;-0,04;0,00;0,00;105;155;122;25;24;737;715
9911;35,38;-218,35;0,00;0,00;0,00;-0,22;0,00;0,00;475;14;174;46;15;624;667
9912;58,29;88,52;0,00;0,00;0,00;0,09;0,00;0,00;473;18;160;37;22;905;607
9913;52,23;-2,69;0,00;0,00;0,00;-0,00;0,00;0,00;202;170;198;15;39;927;439
9914;7,65;-426,52;0,00;0,00;0,00;-0,43;0,00;0,00;107;93;42;25;29;249;697
9915;62,27;38,29;0,00;0,00;0,00;0,04;0,00;0,00;176;60;123;43;25;773;637
9916;63,27;177,00;0,00;0,00;0,00;0,18;0,00;0,00;311;152;129;18;23;853;986
9917;22,89;-247,89;0,00;0,00;0,00;-0,25;0,00;0,00;109;109;170;11;30;318;473
9918;49,02;48,91;0,00;0,00;0,00;0,05;0,00;0,00;49;143;19;23;23;646;688
9919;41,37;-29,76;0,00;0,00;0,00;-0,03;0,00;0,00;139;117;86;32;35;524;897
9920;60,57;109,53;0,00;0,00;0,00;0,11;0,00;0,00;297;43;98;49;32;675;593
9921;67,21;136,57;0,00;0,00;0,00;0,14;0,00;0,00;497;34;143;43;15;929;746
9922;67,50;185,85;0,00;0,00;0,00;0,19;0,00;0,00;27;194;11;41;31;938;310
9923;37,98;-195,28;0,00;0,00;0,00;-0,20;0,00;0,00;233;98;138;41;26;304;220
9924;28,78;-99,95;0,00;0,00;0,00;-0,10;0,00;0,00;293;60;143;17;38;351;747
9925;20,98;-283,24;0,00;0,00;0,00;-0,28;0,00;0,00;262;133;174;35;18;597;288
9926;26,14;-242,74;0,00;0,00;0,00;-0,24;0,00;0,00;115;142;194;27;17;976;832
9927;33,62;-68,68;0,00;0,00;0,00;-0,07;0,00;0,00;353;106;26;49;34;771;311
9928;45,26;-4,28;0,00;0,00;0,00;-0,00;0,00;0,00;103;115;58;13;35;374;181
9929;54,62;131,15;0,00;0,00;0,00;0,13;0,00;0,00;172;54;97;24;34;787;654
9930;47,09;-16,47;0,00;0,00;0,00;-0,02;0,00;0,00;416;110;173;41;21;308;192
9931;77,41;312,18;0,00;0,00;0,00;0,31;0,00;0,00;192;196;158;34;15;938;826
9932;56,68;39,42;0,00;0,00;0,00;0,04;0,00;0,00;255;10;103;21;39;684;800
9933;78,16;297,58;0,00;0,00;0,00;0,30;0,00;0,00;170;108;161;40;18;522;253
9934;55,66;77,73;0,00;0,00;0,00;0,08;0,00;0,00;469;111;27;12;17;257;143
9935;64,16;121,21;0,00;0,00;0,00;0,12;0,00;0,00;45;174;71;42;23;301;635
9936;41,46;-112,34;0,00;0,00;0,00;-0,11;0,00;0,00;343;186;43;17;24;644;353
9937;43,74;-65,60;0,00;0,00;0,00;-0,07;0,00;0,00;383;45;127;15;28;580;280
9938;100,00;521,28;0,00;0,00;0,00;0,52;0,00;0,00;15;184;183;20;22;381;748
9939;87,94;366,52;0,00;0,00;0,00;0,37;0,00;0,00;420;118;103;32;34;791;894
9940;45,85;10,54;0,00;0,00;0,00;0,01;0,00;0,00;82;131;190;36;21;887;686
9941;23,08;-237,32;0,00;0,00;0,00;-0,24;0,00;0,00;193;196;183;38;15;866;417
9942;84,07;350,86;0,00;0,00;0,00;0,35;0,00;0,00;235;182;143;29;34;653;139
9943;54,87;29,75;0,00;0,00;0,00;0,03;0,00;0,00;241;124;54;47;16;292;133
9944;70,94;199,58;0,00;0,00;0,00;0,20;0,00;0,00;156;69;126;37;31;685;676
9945;81,62;326,56;0,00;0,00;0,00;0,33;0,00;0,00;298;96;134;24;29;948;214
9946;49,88;-19,86;0,00;0,00;0,00;-0,02;0,00;0,00;145;141;130;48;21;872;762
9947;57,84;145,65;0,00;0,00;0,00;0,15;0,00;0,00;344;39;117;13;18;538;990
9948;45,64;82,57;0,00;0,00;0,00;0,08;0,00;0,00;412;193;113;26;19;197;105
9949;40,93;-75,04;0,00;0,00;0,00;-0,08;0,00;0,00;154;173;119;16;21;552;636
9950;53,97;150,79;0,00;0,00;0,00;0,15;0,00;0,00;440;19;193;35;31;576;774
9951;62,70;79,23;0,00;0,00;0,00;0,08;0,00;0,00;156;97;181;37;34;711;785
9952;54,46;26,29;0,00;0,00;0,00;0,03;0,00;0,00;364;38;134;25;28;978;863
9953;32,55;-195,28;0,00;0,00;0,00;-0,20;0,00;0,00;466;135;189;17;25;970;662
9954;40,35;-51,07;0,00;0,00;0,00;-0,05;0,00;0,00;327;144;35;28;32;957;210
9955;40,15;-79,72;0,00;0,00;0,00;-0,08;0,00;0,00;195;162;127;12;23;725;876
9956;46,29;-67,44;0,00;0,00;0,00;-0,07;0,00;0,00;462;87;88;13;28;520;979
9957;80,07;254,96;0,00;0,00;0,00;0,25;0,00;0,00;310;118;118;34;20;450;676
9958;38,45;-77,42;0,00;0,00;0,00;-0,08;0,00;0,00;260;185;85;15;19;913;584
9959;64,33;133,83;0,00;0,00;0,00;0,13;0,00;0,00;260;15;57;41;17;275;142
9960;66,52;170,36;0,00;0,00;0,00;0,17;0,00;0,00;423;54;155;33;28;516;430
9961;37,44;-151,79;0,00;0,00;0,00;-0,15;0,00;0,00;128;95;69;49;15;214;548
9962;65,81;173,72;0,00;0,00;0,00;0,17;0,00;0,00;339;75;62;27;20;402;709
9963;88,60;366,92;0,00;0,00;0,00;0,37;0,00;0,00;220;43;11;40;39;265;663
9964;51,77;57,33;0,00;0,00;0,00;0,06;0,00;0,00;175;48;137;18;27;137;440
9965;55,13;80,86;0,00;0,00;0,00;0,08;0,00;0,00;418;150;194;25;39;922;896
9966;71,28;227,69;0,00;0,00;0,00;0,23;0,00;0,00;280;78;78;22;27;656;291
9967;37,13;-202,78;0,00;0,00;0,00;-0,20;0,00;0,00;468;110;132;33;21;467;672
9968;22,02;-276,32;0,00;0,00;0,00;-0,28;0,00;0,00;141;19;111;15;18;563;772
9969;70,05;259,28;0,00;0,00;0,00;0,26;0,00;0,00;89;43;162;35;24;751;791
9970;37,65;-122,37;0,00;0,00;0,00;-0,12;0,00;0,00;367;179;189;42;36;748;245
9971;31,80;-212,15;0,00;0,00;0,00;-0,21;0,00;0,00;85;115;149;49;23;874;458
9972;53,06;50,56;0,00;0,00;0,00;0,05;0,00;0,00;215;92;69;27;24;949;676
9973;72,65;197,59;0,00;0,00;0,00;0,20;0,00;0,00;378;52;27;11;19;708;300
9974;58,89;18,55;0,00;0,00;0,00;0,02;0,00;0,00;244;157;75;34;37;534;814
9975;55,01;46,40;0,00;0,00;0,00;0,05;0,00;0,00;454;29;103;38;38;832;258
9976;27,28;-110,10;0,00;0,00;0,00;-0,11;0,00;0,00;40;18;81;24;29;200;205
9977;64,31;126,34;0,00;0,00;0,00;0,13;0,00;0,00;183;115;20;49;27;490;932
9978;46,46;20,77;0,00;0,00;0,00;0,02;0,00;0,00;338;125;27;14;18;292;718
9979;76,97;251,06;0,00;0,00;0,00;0,25;0,00;0,00;428;70;156;48;19;793;465
9980;66,99;168,40;0,00;0,00;0,00;0,17;0,00;0,00;119;27;162;43;38;296;582
9981;69,68;230,67;0,00;0,00;0,00;0,23;0,00;0,00;382;193;175;37;20;652;213
9982;55,09;16,15;0,00;0,00;0,00;0,02;0,00;0,00;489;141;119;27;17;449;343
9983;50,36;-38,37;0,00;0,00;0,00;-0,04;0,00;0,00;248;182;151;32;34;120;758
9984;49,65;25,69;0,00;0,00;0,00;0,03;0,00;0,00;473;171;55;39;37;932;691
9985;61,46;36,38;0,00;0,00;0,00;0,04;0,00;0,00;278;165;127;49;37;348;258
9986;51,08;-16,32;0,00;0,00;0,00;-0,02;0,00;0,00;366;184;147;42;15;496;441
9987;47,97;-98,91;0,00;0,00;0,00;-0,10;0,00;0,00;251;90;66;39;16;559;274
9988;27,45;-257,43;0,00;0,00;0,00;-0,26;0,00;0,00;151;142;166;41;21;612;706
9989;38,44;-171,64;0,00;0,00;0,00;-0,17;0,00;0,00;346;152;33;38;20;854;226
9990;85,15;350,96;0,00;0,00;0,00;0,35;0,00;0,00;142;57;69;23;39;381;555
9991;41,38;-150,30;0,00;0,00;0,00;-0,15;0,00;0,00;167;116;190;30;15;619;120
9992;51,58;77,01;0,00;0,00;0,00;0,08;0,00;0,00;408;51;90;34;33;756;700
9993;59,43;123,10;0,00;0,00;0,00;0,12;0,00;0,00;286;18;157;12;18;451;959
9994;58,54;58,16;0,00;0,00;0,00;0,06;0,00;0,00;264;193;195;11;25;700;891
9995;72,22;191,22;0,00;0,00;0,00;0,19;0,00;0,00;297;181;151;36;15;177;561
9996;66,48;122,89;0,00;0,00;0,00;0,12;0,00;0,00;415;188;124;35;19;799;729
9997;47,83;-31,27;0,00;0,00;0,00;-0,03;0,00;0,00;119;72;145;15;23;115;777
9998;49,33;-6,30;0,00;0,00;0,00;-0,01;0,00;0,00;465;180;120;31;30;951;196
9999;50,23;52,33;0,00;0,00;0,00;0,05;0,00;0,00;147;121;190;35;16;606;575
10000;61,28;77,82;0,00;0,00;0,00;0,08;0,00;0,00;17;87;150;30;36;636;494
