Pass;Result;Profit;Expected Payoff;Profit Factor;Recovery Factor;Sharpe Ratio;Custom;Equity DD %;Trades;InpMA1Period;InpMA2Period;InpADXPeriod;InpADXThreshold;InpTPPoints;InpSLPoints
1;12,99;-593,44;0,00;0,00;0,00;-0,59;0,00;0,00;488;37;181;24;16;525;131
2;47,32;-278,80;0,00;0,00;0,00;-0,28;0,00;0,00;245;159;111;20;39;645;272
3;34,30;-426,94;0,00;0,00;0,00;-0,43;0,00;0,00;118;162;185;13;24;818;483
4;0,00;-765,15;0,00;0,00;0,00;-0,77;0,00;0,00;271;145;113;48;34;622;693
5;56,63;-92,30;0,00;0,00;0,00;-0,09;0,00;0,00;479;163;62;40;28;417;198
6;91,64;118,76;0,00;0,00;0,00;0,12;0,00;0,00;68;181;130;32;17;879;183
7;82,13;106,43;0,00;0,00;0,00;0,11;0,00;0,00;399;42;135;13;34;797;138
8;61,11;-58,59;0,00;0,00;0,00;-0,06;0,00;0,00;234;28;133;46;30;332;408
9;66,73;-0,69;0,00;0,00;0,00;-0,00;0,00;0,00;395;46;151;31;17;685;424
10;16,34;-473,70;0,00;0,00;0,00;-0,47;0,00;0,00;134;134;107;12;22;854;332
11;0,29;-749,71;0,00;0,00;0,00;-0,75;0,00;0,00;411;28;89;33;39;423;165
12;51,64;-110,62;0,00;0,00;0,00;-0,11;0,00;0,00;91;151;13;15;35;124;871
13;42,86;-228,29;0,00;0,00;0,00;-0,23;0,00;0,00;474;85;136;39;20;821;397
14;12,56;-619,90;0,00;0,00;0,00;-0,62;0,00;0,00;230;89;157;26;24;384;380
15;37,14;-306,99;0,00;0,00;0,00;-0,31;0,00;0,00;489;13;190;48;15;385;548
16;30,97;-397,85;0,00;0,00;0,00;-0,40;0,00;0,00;89;113;156;48;31;796;179
17;40,28;-391,56;0,00;0,00;0,00;-0,39;0,00;0,00;22;103;95;35;27;895;794
18;31,03;-460,45;0,00;0,00;0,00;-0,46;0,00;0,00;450;150;128;29;20;701;788
19;100,00;325,26;0,00;0,00;0,00;0,33;0,00;0,00;39;58;73;47;31;518;225
20;18,66;-529,81;0,00;0,00;0,00;-0,53;0,00;0,00;218;121;61;29;16;750;171
21;67,85;-97,15;0,00;0,00;0,00;-0,10;0,00;0,00;414;153;67;17;18;324;153
22;56,04;-186,49;0,00;0,00;0,00;-0,19;0,00;0,00;409;186;146;30;21;507;893
23;76,14;48,75;0,00;0,00;0,00;0,05;0,00;0,00;168;100;151;39;23;163;787
24;56,22;-112,18;0,00;0,00;0,00;-0,11;0,00;0,00;460;96;36;44;23;764;474
25;30,93;-315,33;0,00;0,00;0,00;-0,32;0,00;0,00;345;34;103;23;36;639;826
26;41,19;-348,10;0,00;0,00;0,00;-0,35;0,00;0,00;458;134;14;25;34;549;328
27;56,01;-90,77;0,00;0,00;0,00;-0,09;0,00;0,00;75;30;142;37;26;513;541
28;52,02;-184,35;0,00;0,00;0,00;-0,18;0,00;0,00;109;98;65;13;29;166;425
29;21,39;-467,46;0,00;0,00;0,00;-0,47;0,00;0,00;231;63;194;26;29;554;716
30;58,28;-106,56;0,00;0,00;0,00;-0,11;0,00;0,00;285;57;167;47;29;269;648
31;76,09;70,28;0,00;0,00;0,00;0,07;0,00;0,00;215;40;79;39;27;633;109
32;74,33;121,92;0,00;0,00;0,00;0,12;0,00;0,00;176;197;26;18;21;235;974
33;81,05;156,57;0,00;0,00;0,00;0,16;0,00;0,00;466;135;143;17;34;868;582
34;29,43;-426,00;0,00;0,00;0,00;-0,43;0,00;0,00;378;70;39;43;39;347;851
35;32,69;-388,98;0,00;0,00;0,00;-0,39;0,00;0,00;196;95;45;15;17;737;418
36;22,50;-493,52;0,00;0,00;0,00;-0,49;0,00;0,00;157;80;116;22;23;817;422
37;65,44;-42,24;0,00;0,00;0,00;-0,04;0,00;0,00;30;117;173;23;37;718;703
38;49,46;-200,13;0,00;0,00;0,00;-0,20;0,00;0,00;415;129;108;15;16;411;662
39;69,16;4,45;0,00;0,00;0,00;0,00;0,00;0,00;215;182;108;30;31;429;198
40;23,10;-418,33;0,00;0,00;0,00;-0,42;0,00;0,00;481;81;154;21;21;781;998
41;27,96;-374,63;0,00;0,00;0,00;-0,37;0,00;0,00;374;57;18;17;37;632;515
42;21,82;-509,48;0,00;0,00;0,00;-0,51;0,00;0,00;375;119;36;26;34;798;594
43;16,36;-522,04;0,00;0,00;0,00;-0,52;0,00;0,00;176;25;53;33;30;697;637
44;9,35;-619,79;0,00;0,00;0,00;-0,62;0,00;0,00;298;179;155;24;38;813;396
45;33,46;-325,04;0,00;0,00;0,00;-0,33;0,00;0,00;493;150;164;13;24;730;805
46;57,61;-109,68;0,00;0,00;0,00;-0,11;0,00;0,00;435;139;138;25;21;739;420
47;61,53;-33,23;0,00;0,00;0,00;-0,03;0,00;0,00;280;87;150;43;19;230;144
48;17,88;-442,97;0,00;0,00;0,00;-0,44;0,00;0,00;14;77;104;45;21;828;592
49;0,00;-698,35;0,00;0,00;0,00;-0,70;0,00;0,00;11;180;25;16;19;915;958
50;51,85;-190,05;0,00;0,00;0,00;-0,19;0,00;0,00;120;100;73;49;27;931;925
51;43,97;-235,36;0,00;0,00;0,00;-0,24;0,00;0,00;99;120;196;32;34;550;147
52;59,71;-9,40;0,00;0,00;0,00;-0,01;0,00;0,00;135;35;150;39;19;702;770
53;63,11;-122,40;0,00;0,00;0,00;-0,12;0,00;0,00;356;119;15;15;21;325;711
54;66,71;-63,04;0,00;0,00;0,00;-0,06;0,00;0,00;429;157;97;15;34;959;459
55;54,37;-300,23;0,00;0,00;0,00;-0,30;0,00;0,00;405;171;170;36;35;665;550
56;54,56;-160,45;0,00;0,00;0,00;-0,16;0,00;0,00;50;151;105;26;26;361;215
57;0,00;-693,82;0,00;0,00;0,00;-0,69;0,00;0,00;303;18;56;17;27;932;854
58;15,95;-541,16;0,00;0,00;0,00;-0,54;0,00;0,00;147;63;51;18;19;464;291
59;21,94;-481,69;0,00;0,00;0,00;-0,48;0,00;0,00;136;87;119;30;30;174;136
60;47,42;-149,62;0,00;0,00;0,00;-0,15;0,00;0,00;371;105;19;43;19;355;605
61;41,53;-206,50;0,00;0,00;0,00;-0,21;0,00;0,00;250;167;147;48;30;152;159
62;100,00;259,68;0,00;0,00;0,00;0,26;0,00;0,00;19;188;87;33;15;541;112
63;66,33;-66,31;0,00;0,00;0,00;-0,07;0,00;0,00;228;84;150;33;21;588;834
64;69,81;-2,67;0,00;0,00;0,00;-0,00;0,00;0,00;258;171;198;29;18;843;924
65;60,83;-114,62;0,00;0,00;0,00;-0,11;0,00;0,00;158;38;166;37;31;294;488
66;41,55;-296,35;0,00;0,00;0,00;-0,30;0,00;0,00;413;179;144;27;17;901;444
67;10,57;-727,13;0,00;0,00;0,00;-0,73;0,00;0,00;139;188;166;13;32;993;881
68;0,00;-604,58;0,00;0,00;0,00;-0,60;0,00;0,00;37;32;191;43;39;182;924
69;52,89;-133,42;0,00;0,00;0,00;-0,13;0,00;0,00;25;144;164;20;30;638;142
70;76,99;90,80;0,00;0,00;0,00;0,09;0,00;0,00;71;137;127;45;30;807;377
71;44,82;-200,69;0,00;0,00;0,00;-0,20;0,00;0,00;451;118;160;44;15;658;945
72;55,43;-183,66;0,00;0,00;0,00;-0,18;0,00;0,00;107;181;78;46;25;681;751
73;66,03;17,66;0,00;0,00;0,00;0,02;0,00;0,00;297;18;19;47;25;435;741
74;82,55;79,51;0,00;0,00;0,00;0,08;0,00;0,00;169;92;144;11;25;491;672
75;47,71;-165,28;0,00;0,00;0,00;-0,17;0,00;0,00;454;18;196;40;19;580;304
76;45,19;-258,81;0,00;0,00;0,00;-0,26;0,00;0,00;205;143;130;10;36;602;491
77;29,48;-449,61;0,00;0,00;0,00;-0,45;0,00;0,00;446;165;141;21;17;607;732
78;62,53;-51,58;0,00;0,00;0,00;-0,05;0,00;0,00;301;194;172;48;22;803;503
79;17,44;-522,88;0,00;0,00;0,00;-0,52;0,00;0,00;19;195;30;34;20;857;604
80;64,56;-83,60;0,00;0,00;0,00;-0,08;0,00;0,00;11;69;135;45;30;459;798
81;31,20;-355,06;0,00;0,00;0,00;-0,36;0,00;0,00;169;120;92;38;31;834;922
82;1,63;-680,33;0,00;0,00;0,00;-0,68;0,00;0,00;411;158;124;41;23;862;739
83;35,52;-421,92;0,00;0,00;0,00;-0,42;0,00;0,00;428;174;26;15;28;786;617
84;39,33;-273,19;0,00;0,00;0,00;-0,27;0,00;0,00;252;82;135;35;35;291;467
85;38,85;-302,62;0,00;0,00;0,00;-0,30;0,00;0,00;386;92;44;43;38;797;181
86;10,59;-639,05;0,00;0,00;0,00;-0,64;0,00;0,00;97;170;196;13;34;121;746
87;96,57;252,93;0,00;0,00;0,00;0,25;0,00;0,00;283;63;22;16;37;477;472
88;26,61;-429,65;0,00;0,00;0,00;-0,43;0,00;0,00;107;80;187;13;38;189;798
89;29,38;-374,65;0,00;0,00;0,00;-0,37;0,00;0,00;142;97;87;24;28;535;541
90;79,52;99,48;0,00;0,00;0,00;0,10;0,00;0,00;15;21;168;47;36;453;923
91;56,89;-92,14;0,00;0,00;0,00;-0,09;0,00;0,00;129;95;110;46;32;989;390
92;70,71;-2,15;0,00;0,00;0,00;-0,00;0,00;0,00;21;199;86;12;26;112;297
93;88,91;122,66;0,00;0,00;0,00;0,12;0,00;0,00;81;182;10;28;30;710;965
94;45,44;-440,47;0,00;0,00;0,00;-0,44;0,00;0,00;434;143;186;29;28;734;253
95;36,93;-424,22;0,00;0,00;0,00;-0,42;0,00;0,00;130;163;140;42;34;403;627
96;68,35;38,35;0,00;0,00;0,00;0,04;0,00;0,00;228;136;179;35;23;865;553
97;65,39;-64,23;0,00;0,00;0,00;-0,06;0,00;0,00;377;74;197;39;19;729;633
98;49,79;-233,21;0,00;0,00;0,00;-0,23;0,00;0,00;36;136;134;45;33;480;176
99;26,45;-572,29;0,00;0,00;0,00;-0,57;0,00;0,00;84;85;53;22;33;154;655
100;45,40;-301,45;0,00;0,00;0,00;-0,30;0,00;0,00;460;133;168;43;37;760;198
101;69,81;35,90;0,00;0,00;0,00;0,04;0,00;0,00;46;83;140;10;20;951;747
102;6,48;-589,97;0,00;0,00;0,00;-0,59;0,00;0,00;287;167;97;24;39;516;247
103;21,65;-497,40;0,00;0,00;0,00;-0,50;0,00;0,00;169;181;133;33;35;759;407
104;83,35;151,67;0,00;0,00;0,00;0,15;0,00;0,00;84;20;156;20;19;736;125
105;36,82;-301,62;0,00;0,00;0,00;-0,30;0,00;0,00;330;156;107;26;37;252;158
106;50,81;-231,31;0,00;0,00;0,00;-0,23;0,00;0,00;321;111;10;32;18;202;633
107;63,89;-99,56;0,00;0,00;0,00;-0,10;0,00;0,00;258;114;161;43;37;271;330
108;42,05;-419,78;0,00;0,00;0,00;-0,42;0,00;0,00;183;36;128;28;15;758;376
109;81,56;89,44;0,00;0,00;0,00;0,09;0,00;0,00;74;173;148;19;18;803;733
110;50,14;-175,88;0,00;0,00;0,00;-0,18;0,00;0,00;12;103;193;36;37;271;996
111;69,69;-9,51;0,00;0,00;0,00;-0,01;0,00;0,00;484;177;23;16;29;377;565
112;37,11;-337,56;0,00;0,00;0,00;-0,34;0,00;0,00;113;145;41;15;37;978;737
113;0,00;-815,37;0,00;0,00;0,00;-0,82;0,00;0,00;187;188;144;38;28;230;119
114;25,58;-396,79;0,00;0,00;0,00;-0,40;0,00;0,00;437;54;131;40;24;922;562
115;71,96;-67,88;0,00;0,00;0,00;-0,07;0,00;0,00;362;187;103;35;15;913;336
116;55,35;-50,46;0,00;0,00;0,00;-0,05;0,00;0,00;354;179;110;37;34;206;411
117;0,66;-699,38;0,00;0,00;0,00;-0,70;0,00;0,00;286;77;19;49;23;996;207
118;67,74;2,31;0,00;0,00;0,00;0,00;0,00;0,00;65;19;41;25;37;499;385
119;6,72;-751,67;0,00;0,00;0,00;-0,75;0,00;0,00;78;111;57;15;15;503;198
120;57,37;-37,45;0,00;0,00;0,00;-0,04;0,00;0,00;344;156;194;21;38;896;204
121;58,91;-166,02;0,00;0,00;0,00;-0,17;0,00;0,00;318;16;73;42;25;958;584
122;16,59;-532,96;0,00;0,00;0,00;-0,53;0,00;0,00;314;19;108;13;22;244;470
123;32,15;-425,43;0,00;0,00;0,00;-0,43;0,00;0,00;236;21;77;31;37;628;392
124;53,09;-120,40;0,00;0,00;0,00;-0,12;0,00;0,00;149;183;154;14;37;672;494
125;47,59;-170,94;0,00;0,00;0,00;-0,17;0,00;0,00;177;30;50;12;33;324;667
126;78,21;70,67;0,00;0,00;0,00;0,07;0,00;0,00;418;20;115;43;23;792;318
127;43,91;-295,11;0,00;0,00;0,00;-0,30;0,00;0,00;394;199;110;27;27;844;690
128;84,88;165,70;0,00;0,00;0,00;0,17;0,00;0,00;307;187;106;49;33;306;809
129;53,56;-154,37;0,00;0,00;0,00;-0,15;0,00;0,00;483;187;113;18;25;312;194
130;59,44;-143,15;0,00;0,00;0,00;-0,14;0,00;0,00;38;76;125;41;25;829;408
131;81,71;120,84;0,00;0,00;0,00;0,12;0,00;0,00;319;95;42;17;39;608;520
132;29,40;-393,46;0,00;0,00;0,00;-0,39;0,00;0,00;211;153;151;20;17;131;586
133;39,77;-245,42;0,00;0,00;0,00;-0,25;0,00;0,00;354;131;167;37;24;488;147
134;54,04;-117,01;0,00;0,00;0,00;-0,12;0,00;0,00;495;105;147;13;20;876;957
135;44,79;-300,73;0,00;0,00;0,00;-0,30;0,00;0,00;273;176;83;27;32;989;622
136;34,73;-325,41;0,00;0,00;0,00;-0,33;0,00;0,00;73;101;125;34;18;841;429
137;37,67;-358,58;0,00;0,00;0,00;-0,36;0,00;0,00;232;114;101;43;26;708;941
138;80,73;108,95;0,00;0,00;0,00;0,11;0,00;0,00;193;190;98;48;21;617;126
139;25,56;-420,29;0,00;0,00;0,00;-0,42;0,00;0,00;285;153;187;48;36;452;829
140;46,28;-235,75;0,00;0,00;0,00;-0,24;0,00;0,00;148;199;194;32;39;376;939
141;57,23;-103,42;0,00;0,00;0,00;-0,10;0,00;0,00;201;90;47;20;19;749;234
142;37,14;-510,43;0,00;0,00;0,00;-0,51;0,00;0,00;401;113;187;23;23;395;976
143;43,23;-262,24;0,00;0,00;0,00;-0,26;0,00;0,00;29;68;15;31;27;972;641
144;60,01;-28,56;0,00;0,00;0,00;-0,03;0,00;0,00;105;81;162;45;29;404;977
145;100,00;297,01;0,00;0,00;0,00;0,30;0,00;0,00;497;135;122;48;36;790;684
146;43,19;-220,22;0,00;0,00;0,00;-0,22;0,00;0,00;124;19;30;20;30;193;929
147;83,78;100,30;0,00;0,00;0,00;0,10;0,00;0,00;423;99;125;47;35;587;552
148;31,52;-387,65;0,00;0,00;0,00;-0,39;0,00;0,00;376;133;12;19;37;474;421
149;68,28;2,01;0,00;0,00;0,00;0,00;0,00;0,00;28;59;157;24;39;678;640
150;57,28;-142,68;0,00;0,00;0,00;-0,14;0,00;0,00;229;49;69;44;21;754;420
151;14,48;-520,33;0,00;0,00;0,00;-0,52;0,00;0,00;69;22;139;15;27;332;829
152;53,85;-113,91;0,00;0,00;0,00;-0,11;0,00;0,00;124;26;180;29;25;935;261
153;6,04;-632,91;0,00;0,00;0,00;-0,63;0,00;0,00;421;85;95;38;22;834;413
154;48,17;-250,48;0,00;0,00;0,00;-0,25;0,00;0,00;143;94;170;21;28;934;761
155;1,90;-660,14;0,00;0,00;0,00;-0,66;0,00;0,00;343;30;190;47;25;578;924
156;49,55;-223,90;0,00;0,00;0,00;-0,22;0,00;0,00;204;142;127;22;18;332;133
157;23,40;-480,37;0,00;0,00;0,00;-0,48;0,00;0,00;188;60;147;44;32;193;468
158;36,45;-354,81;0,00;0,00;0,00;-0,35;0,00;0,00;271;49;103;36;30;755;855
159;25,23;-398,81;0,00;0,00;0,00;-0,40;0,00;0,00;125;83;94;21;25;227;959
160;37,99;-282,61;0,00;0,00;0,00;-0,28;0,00;0,00;285;83;83;49;22;912;480
161;62,89;-73,52;0,00;0,00;0,00;-0,07;0,00;0,00;26;34;31;28;15;249;527
162;31,80;-339,56;0,00;0,00;0,00;-0,34;0,00;0,00;235;10;93;19;31;898;442
163;72,75;13,42;0,00;0,00;0,00;0,01;0,00;0,00;451;16;40;32;27;811;193
164;99,95;378,96;0,00;0,00;0,00;0,38;0,00;0,00;137;129;124;19;31;458;455
165;32,99;-346,75;0,00;0,00;0,00;-0,35;0,00;0,00;200;39;13;23;23;337;812
166;38,23;-267,47;0,00;0,00;0,00;-0,27;0,00;0,00;210;54;178;29;36;760;703
167;39,19;-343,42;0,00;0,00;0,00;-0,34;0,00;0,00;286;70;54;28;37;823;816
168;31,49;-418,14;0,00;0,00;0,00;-0,42;0,00;0,00;239;193;93;45;16;101;452
169;15,09;-577,21;0,00;0,00;0,00;-0,58;0,00;0,00;188;66;165;45;21;845;161
170;46,67;-199,47;0,00;0,00;0,00;-0,20;0,00;0,00;259;196;165;42;38;280;792
171;59,69;-98,53;0,00;0,00;0,00;-0,10;0,00;0,00;189;53;107;34;19;593;984
172;42,55;-319,47;0,00;0,00;0,00;-0,32;0,00;0,00;349;103;28;31;31;728;785
173;38,39;-308,13;0,00;0,00;0,00;-0,31;0,00;0,00;298;70;152;49;28;880;998
174;55,50;-113,86;0,00;0,00;0,00;-0,11;0,00;0,00;53;119;188;49;26;995;881
175;18,27;-540,71;0,00;0,00;0,00;-0,54;0,00;0,00;31;42;112;14;32;945;326
176;19,38;-501,88;0,00;0,00;0,00;-0,50;0,00;0,00;232;42;25;12;39;719;922
177;79,35;145,57;0,00;0,00;0,00;0,15;0,00;0,00;170;184;137;12;25;805;662
178;30,85;-373,08;0,00;0,00;0,00;-0,37;0,00;0,00;67;103;147;19;24;172;203
179;60,64;-108,12;0,00;0,00;0,00;-0,11;0,00;0,00;219;75;88;12;27;716;648
180;47,53;-198,51;0,00;0,00;0,00;-0,20;0,00;0,00;393;45;112;34;30;695;696
181;45,20;-310,77;0,00;0,00;0,00;-0,31;0,00;0,00;411;179;23;46;25;541;246
182;42,20;-241,48;0,00;0,00;0,00;-0,24;0,00;0,00;52;116;83;48;22;947;534
183;43,66;-202,92;0,00;0,00;0,00;-0,20;0,00;0,00;408;142;144;18;21;424;635
184;36,66;-336,72;0,00;0,00;0,00;-0,34;0,00;0,00;200;53;80;25;34;766;371
185;71,55;-50,18;0,00;0,00;0,00;-0,05;0,00;0,00;396;193;119;47;28;512;270
186;100,00;299,66;0,00;0,00;0,00;0,30;0,00;0,00;21;112;36;42;30;105;299
187;30,66;-354,51;0,00;0,00;0,00;-0,35;0,00;0,00;75;99;39;18;32;519;759
188;55,22;-15,59;0,00;0,00;0,00;-0,02;0,00;0,00;179;33;43;23;32;427;902
189;63,70;-90,75;0,00;0,00;0,00;-0,09;0,00;0,00;139;128;152;19;36;283;658
190;48,68;-206,86;0,00;0,00;0,00;-0,21;0,00;0,00;34;162;137;33;29;888;728
191;14,67;-515,52;0,00;0,00;0,00;-0,52;0,00;0,00;247;59;46;37;23;191;641
192;97,47;375,72;0,00;0,00;0,00;0,38;0,00;0,00;214;140;12;37;39;237;921
193;67,45;-57,55;0,00;0,00;0,00;-0,06;0,00;0,00;486;105;31;16;30;713;365
194;23,33;-462,36;0,00;0,00;0,00;-0,46;0,00;0,00;333;182;132;21;17;809;675
195;70,96;30,14;0,00;0,00;0,00;0,03;0,00;0,00;206;18;187;30;18;472;543
196;69,86;-19,95;0,00;0,00;0,00;-0,02;0,00;0,00;280;133;129;47;38;865;690
197;43,22;-304,84;0,00;0,00;0,00;-0,30;0,00;0,00;403;129;49;36;33;652;495
198;62,70;4,99;0,00;0,00;0,00;0,00;0,00;0,00;439;153;167;43;25;417;281
199;74,08;-5,53;0,00;0,00;0,00;-0,01;0,00;0,00;224;139;107;28;34;852;967
200;41,55;-272,84;0,00;0,00;0,00;-0,27;0,00;0,00;409;37;38;20;39;270;260
201;54,63;-172,64;0,00;0,00;0,00;-0,17;0,00;0,00;256;45;149;13;31;969;727
202;16,78;-555,96;0,00;0,00;0,00;-0,56;0,00;0,00;101;97;197;34;15;785;271
203;0,00;-599,10;0,00;0,00;0,00;-0,60;0,00;0,00;77;36;148;18;19;301;592
204;37,93;-379,95;0,00;0,00;0,00;-0,38;0,00;0,00;360;35;62;20;23;858;239
205;1,13;-766,02;0,00;0,00;0,00;-0,77;0,00;0,00;166;123;76;18;16;757;847
206;28,52;-413,24;0,00;0,00;0,00;-0,41;0,00;0,00;181;142;175;22;35;392;495
207;70,39;-4,08;0,00;0,00;0,00;-0,00;0,00;0,00;440;195;45;24;36;463;282
208;63,95;-94,32;0,00;0,00;0,00;-0,09;0,00;0,00;155;132;11;18;38;219;310
209;76,95;85,37;0,00;0,00;0,00;0,09;0,00;0,00;365;143;197;35;36;959;122
210;61,67;-78,47;0,00;0,00;0,00;-0,08;0,00;0,00;49;106;11;26;28;805;972
211;44,83;-283,41;0,00;0,00;0,00;-0,28;0,00;0,00;249;102;100;33;20;362;421
212;48,13;-162,27;0,00;0,00;0,00;-0,16;0,00;0,00;200;195;50;37;25;725;404
213;48,72;-225,59;0,00;0,00;0,00;-0,23;0,00;0,00;351;117;112;31;39;527;488
214;59,33;-21,21;0,00;0,00;0,00;-0,02;0,00;0,00;151;15;137;36;17;535;877
215;53,32;-154,77;0,00;0,00;0,00;-0,15;0,00;0,00;430;57;144;47;18;906;903
216;5,95;-634,24;0,00;0,00;0,00;-0,63;0,00;0,00;144;124;137;12;21;124;698
217;0,00;-666,68;0,00;0,00;0,00;-0,67;0,00;0,00;247;183;25;45;33;196;960
218;61,29;-48,50;0,00;0,00;0,00;-0,05;0,00;0,00;72;167;152;44;21;271;488
219;100,00;333,93;0,00;0,00;0,00;0,33;0,00;0,00;301;168;146;34;33;641;175
220;53,93;-197,97;0,00;0,00;0,00;-0,20;0,00;0,00;82;36;90;38;28;269;503
221;30,55;-413,49;0,00;0,00;0,00;-0,41;0,00;0,00;45;19;67;17;31;637;637
222;50,71;-309,25;0,00;0,00;0,00;-0,31;0,00;0,00;226;95;44;33;20;581;854
223;54,65;-154,51;0,00;0,00;0,00;-0,15;0,00;0,00;496;27;116;11;36;328;372
224;37,76;-261,32;0,00;0,00;0,00;-0,26;0,00;0,00;138;44;76;48;35;261;973
225;74,99;78,92;0,00;0,00;0,00;0,08;0,00;0,00;257;109;113;22;16;937;888
226;60,41;-75,85;0,00;0,00;0,00;-0,08;0,00;0,00;400;42;176;17;38;100;346
227;59,80;6,78;0,00;0,00;0,00;0,01;0,00;0,00;460;71;195;27;27;264;221
228;8,29;-535,91;0,00;0,00;0,00;-0,54;0,00;0,00;246;144;134;21;25;994;348
229;62,56;-108,46;0,00;0,00;0,00;-0,11;0,00;0,00;142;103;99;38;37;777;104
230;35,02;-326,51;0,00;0,00;0,00;-0,33;0,00;0,00;434;33;103;44;37;786;714
231;25,03;-482,96;0,00;0,00;0,00;-0,48;0,00;0,00;46;163;14;31;28;712;556
232;31,66;-409,03;0,00;0,00;0,00;-0,41;0,00;0,00;257;168;48;33;17;388;495
233;27,19;-364,31;0,00;0,00;0,00;-0,36;0,00;0,00;409;124;129;36;29;169;238
234;34,58;-367,79;0,00;0,00;0,00;-0,37;0,00;0,00;252;30;23;48;34;675;766
235;37,59;-361,21;0,00;0,00;0,00;-0,36;0,00;0,00;137;44;183;43;38;924;362
236;37,44;-355,12;0,00;0,00;0,00;-0,36;0,00;0,00;398;31;126;18;37;630;903
237;48,92;-240,45;0,00;0,00;0,00;-0,24;0,00;0,00;33;73;15;18;27;213;211
238;55,49;-183,51;0,00;0,00;0,00;-0,18;0,00;0,00;224;163;151;13;20;309;610
239;40,53;-312,16;0,00;0,00;0,00;-0,31;0,00;0,00;272;153;175;42;15;560;273
240;49,85;-156,67;0,00;0,00;0,00;-0,16;0,00;0,00;201;66;189;30;27;321;328
241;53,79;-246,42;0,00;0,00;0,00;-0,25;0,00;0,00;258;94;186;40;22;226;458
242;57,62;-117,08;0,00;0,00;0,00;-0,12;0,00;0,00;112;153;115;25;39;191;187
243;100,00;315,96;0,00;0,00;0,00;0,32;0,00;0,00;216;62;54;49;17;344;152
244;11,65;-574,54;0,00;0,00;0,00;-0,57;0,00;0,00;281;36;92;24;36;490;383
245;77,95;49,01;0,00;0,00;0,00;0,05;0,00;0,00;60;74;61;47;30;292;789
246;30,92;-357,83;0,00;0,00;0,00;-0,36;0,00;0,00;109;192;46;28;21;203;577
247;37,23;-265,30;0,00;0,00;0,00;-0,27;0,00;0,00;101;75;110;37;27;175;486
248;0,00;-694,14;0,00;0,00;0,00;-0,69;0,00;0,00;305;33;65;32;27;827;953
249;61,51;-53,08;0,00;0,00;0,00;-0,05;0,00;0,00;23;60;135;48;38;121;733
250;43,30;-210,36;0,00;0,00;0,00;-0,21;0,00;0,00;401;79;84;26;29;765;799
251;65,43;-69,92;0,00;0,00;0,00;-0,07;0,00;0,00;445;63;185;29;22;159;506
252;62,30;-10,64;0,00;0,00;0,00;-0,01;0,00;0,00;263;19;179;10;29;764;995
253;34,63;-384,19;0,00;0,00;0,00;-0,38;0,00;0,00;187;141;22;32;25;615;564
254;44,94;-253,62;0,00;0,00;0,00;-0,25;0,00;0,00;19;122;165;26;30;950;236
255;64,40;-148,52;0,00;0,00;0,00;-0,15;0,00;0,00;476;52;14;30;29;734;715
256;37,97;-256,76;0,00;0,00;0,00;-0,26;0,00;0,00;264;137;143;21;33;851;386
257;70,60;-45,28;0,00;0,00;0,00;-0,05;0,00;0,00;492;10;151;12;38;728;527
258;52,40;-129,82;0,00;0,00;0,00;-0,13;0,00;0,00;320;46;104;14;16;467;526
259;42,92;-272,37;0,00;0,00;0,00;-0,27;0,00;0,00;305;48;28;19;38;190;244
260;77,54;124,30;0,00;0,00;0,00;0,12;0,00;0,00;328;85;48;22;21;131;198
261;28,50;-366,72;0,00;0,00;0,00;-0,37;0,00;0,00;47;114;17;48;27;227;853
262;49,78;-242,57;0,00;0,00;0,00;-0,24;0,00;0,00;120;177;29;44;31;576;700
263;60,37;-143,66;0,00;0,00;0,00;-0,14;0,00;0,00;280;110;123;32;22;333;285
264;23,29;-535,79;0,00;0,00;0,00;-0,54;0,00;0,00;45;73;32;49;36;239;481
265;36,08;-287,29;0,00;0,00;0,00;-0,29;0,00;0,00;490;85;97;35;29;707;976
266;100,00;264,91;0,00;0,00;0,00;0,26;0,00;0,00;349;14;191;40;32;635;440
267;72,64;-41,22;0,00;0,00;0,00;-0,04;0,00;0,00;448;133;94;20;37;634;518
268;85,38;310,55;0,00;0,00;0,00;0,31;0,00;0,00;375;118;182;18;21;822;976
269;100,00;331,90;0,00;0,00;0,00;0,33;0,00;0,00;387;177;117;34;31;253;228
270;48,58;-178,87;0,00;0,00;0,00;-0,18;0,00;0,00;81;115;195;34;17;699;858
271;16,35;-544,00;0,00;0,00;0,00;-0,54;0,00;0,00;415;86;37;36;23;497;793
272;62,26;-59,54;0,00;0,00;0,00;-0,06;0,00;0,00;469;66;71;46;26;605;892
273;56,88;-88,57;0,00;0,00;0,00;-0,09;0,00;0,00;385;54;58;27;32;981;676
274;46,81;-173,35;0,00;0,00;0,00;-0,17;0,00;0,00;430;44;118;30;20;725;661
275;77,62;64,81;0,00;0,00;0,00;0,06;0,00;0,00;260;35;62;28;29;334;821
276;64,30;-69,11;0,00;0,00;0,00;-0,07;0,00;0,00;451;174;169;15;24;203;299
277;20,44;-515,67;0,00;0,00;0,00;-0,52;0,00;0,00;327;36;149;18;19;507;290
278;7,23;-698,32;0,00;0,00;0,00;-0,70;0,00;0,00;52;89;45;44;19;879;452
279;60,14;-189,91;0,00;0,00;0,00;-0,19;0,00;0,00;126;186;121;19;18;243;957
280;80,22;130,98;0,00;0,00;0,00;0,13;0,00;0,00;299;108;18;36;21;520;299
281;74,99;144,79;0,00;0,00;0,00;0,14;0,00;0,00;163;166;123;47;32;707;579
282;61,02;-50,45;0,00;0,00;0,00;-0,05;0,00;0,00;487;52;155;23;22;467;284
283;41,95;-335,92;0,00;0,00;0,00;-0,34;0,00;0,00;267;87;101;15;15;386;625
284;40,68;-314,34;0,00;0,00;0,00;-0,31;0,00;0,00;257;49;98;10;37;610;780
285;76,74;52,60;0,00;0,00;0,00;0,05;0,00;0,00;166;14;184;31;34;100;907
286;61,77;-26,24;0,00;0,00;0,00;-0,03;0,00;0,00;226;136;103;10;29;516;531
287;37,21;-425,79;0,00;0,00;0,00;-0,43;0,00;0,00;328;165;186;25;16;893;206
288;42,43;-331,80;0,00;0,00;0,00;-0,33;0,00;0,00;96;15;169;15;36;823;135
289;65,08;-106,12;0,00;0,00;0,00;-0,11;0,00;0,00;499;14;97;33;26;866;502
290;62,97;2,22;0,00;0,00;0,00;0,00;0,00;0,00;399;173;199;29;16;752;708
291;78,64;35,27;0,00;0,00;0,00;0,04;0,00;0,00;371;144;189;37;28;351;324
292;44,27;-300,09;0,00;0,00;0,00;-0,30;0,00;0,00;186;72;154;14;35;764;831
293;55,49;-156,06;0,00;0,00;0,00;-0,16;0,00;0,00;156;120;89;11;21;909;828
294;53,49;-127,35;0,00;0,00;0,00;-0,13;0,00;0,00;191;87;190;39;30;529;837
295;43,09;-209,23;0,00;0,00;0,00;-0,21;0,00;0,00;328;181;171;10;38;344;698
296;47,20;-280,98;0,00;0,00;0,00;-0,28;0,00;0,00;249;105;51;41;31;143;573
297;63,62;-29,60;0,00;0,00;0,00;-0,03;0,00;0,00;187;146;30;10;22;886;694
298;63,33;-16,69;0,00;0,00;0,00;-0,02;0,00;0,00;287;57;74;21;17;776;707
299;22,90;-513,03;0,00;0,00;0,00;-0,51;0,00;0,00;263;185;18;46;25;312;684
300;19,65;-493,36;0,00;0,00;0,00;-0,49;0,00;0,00;211;161;29;39;37;362;860
301;57,81;-219,11;0,00;0,00;0,00;-0,22;0,00;0,00;195;19;149;15;17;382;165
302;36,45;-333,29;0,00;0,00;0,00;-0,33;0,00;0,00;319;197;84;16;25;479;908
303;62,31;-138,50;0,00;0,00;0,00;-0,14;0,00;0,00;460;90;116;18;38;446;509
304;100,00;330,99;0,00;0,00;0,00;0,33;0,00;0,00;39;145;81;47;37;951;336
305;44,09;-242,58;0,00;0,00;0,00;-0,24;0,00;0,00;179;190;66;37;15;731;156
306;0,00;-624,41;0,00;0,00;0,00;-0,62;0,00;0,00;269;101;34;42;25;726;414
307;43,51;-194,33;0,00;0,00;0,00;-0,19;0,00;0,00;270;154;110;20;35;617;497
308;16,34;-622,11;0,00;0,00;0,00;-0,62;0,00;0,00;156;98;22;26;27;448;156
309;91,81;272,68;0,00;0,00;0,00;0,27;0,00;0,00;340;136;105;47;30;535;754
310;55,16;-61,25;0,00;0,00;0,00;-0,06;0,00;0,00;252;25;94;38;38;439;500
311;45,11;-275,32;0,00;0,00;0,00;-0,28;0,00;0,00;149;28;125;21;33;256;509
312;29,18;-341,32;0,00;0,00;0,00;-0,34;0,00;0,00;238;171;130;44;31;184;148
313;53,74;-156,68;0,00;0,00;0,00;-0,16;0,00;0,00;278;120;24;41;20;773;491
314;22,78;-517,77;0,00;0,00;0,00;-0,52;0,00;0,00;342;68;50;32;29;825;492
315;42,11;-209,96;0,00;0,00;0,00;-0,21;0,00;0,00;336;69;187;33;29;530;555
316;74,60;92,10;0,00;0,00;0,00;0,09;0,00;0,00;403;124;146;14;27;452;452
317;45,34;-236,09;0,00;0,00;0,00;-0,24;0,00;0,00;480;65;96;40;36;278;870
318;13,36;-569,02;0,00;0,00;0,00;-0,57;0,00;0,00;367;12;85;10;17;509;160
319;70,13;-8,51;0,00;0,00;0,00;-0,01;0,00;0,00;415;143;82;24;15;135;753
320;55,63;7,86;0,00;0,00;0,00;0,01;0,00;0,00;311;182;69;44;33;584;286
321;74,09;-23,64;0,00;0,00;0,00;-0,02;0,00;0,00;490;175;98;45;23;222;161
322;75,67;16,91;0,00;0,00;0,00;0,02;0,00;0,00;128;184;21;41;18;348;297
323;36,57;-383,94;0,00;0,00;0,00;-0,38;0,00;0,00;472;160;171;44;37;466;929
324;50,02;-191,50;0,00;0,00;0,00;-0,19;0,00;0,00;463;121;160;41;26;340;169
325;34,42;-292,13;0,00;0,00;0,00;-0,29;0,00;0,00;283;55;57;32;29;946;985
326;2,25;-647,89;0,00;0,00;0,00;-0,65;0,00;0,00;37;133;59;44;17;377;824
327;22,70;-428,42;0,00;0,00;0,00;-0,43;0,00;0,00;63;137;79;38;35;405;201
328;20,73;-442,84;0,00;0,00;0,00;-0,44;0,00;0,00;493;127;80;17;16;364;445
329;59,73;-43,86;0,00;0,00;0,00;-0,04;0,00;0,00;143;53;56;27;17;418;243
330;0,00;-698,49;0,00;0,00;0,00;-0,70;0,00;0,00;346;137;182;12;17;102;547
331;38,52;-259,92;0,00;0,00;0,00;-0,26;0,00;0,00;291;90;178;46;31;656;328
332;50,85;-181,10;0,00;0,00;0,00;-0,18;0,00;0,00;208;81;129;26;22;997;270
333;76,76;89,73;0,00;0,00;0,00;0,09;0,00;0,00;473;179;42;29;28;971;688
334;24,50;-440,53;0,00;0,00;0,00;-0,44;0,00;0,00;308;23;118;34;18;392;324
335;64,96;-16,42;0,00;0,00;0,00;-0,02;0,00;0,00;492;195;86;29;31;618;410
336;56,48;-151,40;0,00;0,00;0,00;-0,15;0,00;0,00;194;97;184;47;36;511;157
337;93,98;284,00;0,00;0,00;0,00;0,28;0,00;0,00;493;15;138;19;39;627;177
338;51,11;-215,78;0,00;0,00;0,00;-0,22;0,00;0,00;252;65;110;25;26;263;189
339;77,84;22,94;0,00;0,00;0,00;0,02;0,00;0,00;30;88;19;47;21;550;502
340;71,44;27,96;0,00;0,00;0,00;0,03;0,00;0,00;93;50;151;29;30;347;223
341;13,51;-549,50;0,00;0,00;0,00;-0,55;0,00;0,00;270;74;178;29;18;278;714
342;42,42;-245,94;0,00;0,00;0,00;-0,25;0,00;0,00;264;181;186;33;24;163;769
343;39,99;-257,14;0,00;0,00;0,00;-0,26;0,00;0,00;269;86;67;27;36;236;803
344;74,01;94,67;0,00;0,00;0,00;0,09;0,00;0,00;285;110;137;31;28;998;150
345;52,78;-217,10;0,00;0,00;0,00;-0,22;0,00;0,00;131;175;111;24;25;477;315
346;90,29;205,27;0,00;0,00;0,00;0,21;0,00;0,00;62;148;23;21;22;312;878
347;63,17;-14,72;0,00;0,00;0,00;-0,01;0,00;0,00;164;132;195;26;34;652;575
348;27,28;-376,51;0,00;0,00;0,00;-0,38;0,00;0,00;220;11;57;41;34;313;537
349;65,86;-45,08;0,00;0,00;0,00;-0,05;0,00;0,00;255;93;114;16;31;337;888
350;26,89;-451,68;0,00;0,00;0,00;-0,45;0,00;0,00;264;40;50;33;25;808;911
351;47,40;-168,69;0,00;0,00;0,00;-0,17;0,00;0,00;142;165;95;11;28;242;287
352;67,21;43,46;0,00;0,00;0,00;0,04;0,00;0,00;95;33;101;46;33;161;406
353;79,32;58,65;0,00;0,00;0,00;0,06;0,00;0,00;134;74;101;35;19;921;844
354;90,69;222,73;0,00;0,00;0,00;0,22;0,00;0,00;205;57;158;36;25;686;820
355;18,83;-466,57;0,00;0,00;0,00;-0,47;0,00;0,00;149;27;181;17;36;555;886
356;78,78;110,21;0,00;0,00;0,00;0,11;0,00;0,00;347;180;118;12;28;416;216
357;69,54;13,92;0,00;0,00;0,00;0,01;0,00;0,00;350;37;64;30;32;216;675
358;82,73;93,75;0,00;0,00;0,00;0,09;0,00;0,00;244;158;134;28;38;891;459
359;71,15;-6,22;0,00;0,00;0,00;-0,01;0,00;0,00;13;83;138;33;31;735;584
360;75,82;102,32;0,00;0,00;0,00;0,10;0,00;0,00;446;114;43;14;21;866;486
361;40,56;-317,78;0,00;0,00;0,00;-0,32;0,00;0,00;339;169;184;24;35;161;983
362;70,52;40,97;0,00;0,00;0,00;0,04;0,00;0,00;494;37;82;30;31;343;187
363;26,14;-417,25;0,00;0,00;0,00;-0,42;0,00;0,00;103;168;66;12;16;633;780
364;72,82;58,44;0,00;0,00;0,00;0,06;0,00;0,00;339;129;181;27;27;102;546
365;65,21;-141,89;0,00;0,00;0,00;-0,14;0,00;0,00;98;190;117;42;29;379;498
366;74,24;59,95;0,00;0,00;0,00;0,06;0,00;0,00;127;149;63;37;27;411;933
367;64,75;2,36;0,00;0,00;0,00;0,00;0,00;0,00;271;92;81;47;25;903;976
368;11,92;-561,30;0,00;0,00;0,00;-0,56;0,00;0,00;191;98;74;30;30;623;859
369;68,48;-43,55;0,00;0,00;0,00;-0,04;0,00;0,00;135;59;67;28;37;551;246
370;65,62;-52,62;0,00;0,00;0,00;-0,05;0,00;0,00;102;63;49;26;35;391;475
371;33,74;-345,23;0,00;0,00;0,00;-0,35;0,00;0,00;191;79;10;38;34;784;915
372;54,14;-173,51;0,00;0,00;0,00;-0,17;0,00;0,00;164;119;155;34;36;929;413
373;62,71;-71,59;0,00;0,00;0,00;-0,07;0,00;0,00;137;51;61;17;25;983;780
374;19,38;-516,28;0,00;0,00;0,00;-0,52;0,00;0,00;281;22;16;39;18;908;419
375;32,64;-266,08;0,00;0,00;0,00;-0,27;0,00;0,00;31;54;64;47;17;164;352
376;77,10;46,96;0,00;0,00;0,00;0,05;0,00;0,00;48;20;57;49;35;337;164
377;58,18;-21,44;0,00;0,00;0,00;-0,02;0,00;0,00;157;35;172;23;23;585;632
378;50,21;-205,95;0,00;0,00;0,00;-0,21;0,00;0,00;40;181;196;27;32;239;103
379;55,79;-176,03;0,00;0,00;0,00;-0,18;0,00;0,00;366;98;105;43;24;900;788
380;76,15;82,78;0,00;0,00;0,00;0,08;0,00;0,00;289;30;32;34;22;796;329
381;72,15;-31,80;0,00;0,00;0,00;-0,03;0,00;0,00;172;42;60;25;27;146;652
382;44,86;-355,97;0,00;0,00;0,00;-0,36;0,00;0,00;494;86;73;22;19;625;955
383;60,61;-152,54;0,00;0,00;0,00;-0,15;0,00;0,00;425;152;197;31;17;651;235
384;15,07;-529,66;0,00;0,00;0,00;-0,53;0,00;0,00;347;80;188;19;28;350;153
385;19,52;-515,87;0,00;0,00;0,00;-0,52;0,00;0,00;498;107;101;27;23;333;196
386;59,42;-137,15;0,00;0,00;0,00;-0,14;0,00;0,00;464;16;97;11;37;301;783
387;7,35;-473,30;0,00;0,00;0,00;-0,47;0,00;0,00;228;74;166;48;38;182;684
388;82,32;144,53;0,00;0,00;0,00;0,14;0,00;0,00;324;180;108;24;16;976;655
389;66,58;-104,00;0,00;0,00;0,00;-0,10;0,00;0,00;457;121;93;33;37;113;624
390;56,42;-194,49;0,00;0,00;0,00;-0,19;0,00;0,00;181;191;15;41;33;497;193
391;54,50;-176,19;0,00;0,00;0,00;-0,18;0,00;0,00;191;167;36;20;15;520;638
392;44,48;-207,61;0,00;0,00;0,00;-0,21;0,00;0,00;55;161;181;25;36;450;701
393;21,78;-480,46;0,00;0,00;0,00;-0,48;0,00;0,00;46;22;104;48;33;282;856
394;65,20;-108,31;0,00;0,00;0,00;-0,11;0,00;0,00;392;92;164;36;30;927;885
395;60,73;-159,61;0,00;0,00;0,00;-0,16;0,00;0,00;28;124;27;13;35;173;412
396;51,31;-195,05;0,00;0,00;0,00;-0,20;0,00;0,00;69;184;140;30;20;753;507
397;47,82;-270,70;0,00;0,00;0,00;-0,27;0,00;0,00;110;125;52;16;23;423;217
398;61,22;-63,27;0,00;0,00;0,00;-0,06;0,00;0,00;360;183;151;14;31;355;842
399;28,44;-448,40;0,00;0,00;0,00;-0,45;0,00;0,00;121;41;81;40;20;841;828
400;42,81;-283,85;0,00;0,00;0,00;-0,28;0,00;0,00;417;146;133;11;21;461;408
401;13,60;-573,60;0,00;0,00;0,00;-0,57;0,00;0,00;20;16;114;11;16;888;533
402;62,04;-115,03;0,00;0,00;0,00;-0,12;0,00;0,00;191;189;181;44;21;191;916
403;44,37;-294,63;0,00;0,00;0,00;-0,29;0,00;0,00;321;14;187;38;19;570;375
404;91,34;137,79;0,00;0,00;0,00;0,14;0,00;0,00;342;39;78;23;36;450;360
405;0,00;-749,57;0,00;0,00;0,00;-0,75;0,00;0,00;430;156;38;47;34;736;355
406;49,47;-228,26;0,00;0,00;0,00;-0,23;0,00;0,00;201;125;193;26;28;272;110
407;55,14;-182,60;0,00;0,00;0,00;-0,18;0,00;0,00;165;183;45;12;39;421;239
408;58,89;-100,23;0,00;0,00;0,00;-0,10;0,00;0,00;148;55;136;47;23;651;257
409;44,45;-302,03;0,00;0,00;0,00;-0,30;0,00;0,00;190;95;199;45;25;730;678
410;36,18;-335,39;0,00;0,00;0,00;-0,34;0,00;0,00;409;108;97;12;32;164;282
411;30,21;-407,53;0,00;0,00;0,00;-0,41;0,00;0,00;23;53;169;21;17;616;212
412;66,85;-30,78;0,00;0,00;0,00;-0,03;0,00;0,00;381;69;156;24;30;853;294
413;34,73;-310,39;0,00;0,00;0,00;-0,31;0,00;0,00;447;71;83;47;26;526;592
414;56,14;-283,43;0,00;0,00;0,00;-0,28;0,00;0,00;465;87;193;45;33;887;546
415;35,71;-374,49;0,00;0,00;0,00;-0,37;0,00;0,00;248;183;127;33;35;321;652
416;53,22;-196,73;0,00;0,00;0,00;-0,20;0,00;0,00;415;80;126;35;20;576;771
417;24,36;-430,24;0,00;0,00;0,00;-0,43;0,00;0,00;135;147;104;11;37;763;296
418;64,34;-170,88;0,00;0,00;0,00;-0,17;0,00;0,00;194;119;127;31;37;872;309
419;60,80;-72,91;0,00;0,00;0,00;-0,07;0,00;0,00;278;52;129;47;36;121;794
420;53,92;-151,50;0,00;0,00;0,00;-0,15;0,00;0,00;147;81;28;20;32;625;185
421;48,30;-263,16;0,00;0,00;0,00;-0,26;0,00;0,00;210;14;14;18;27;530;358
422;49,50;-175,18;0,00;0,00;0,00;-0,18;0,00;0,00;163;82;166;33;15;834;717
423;54,18;-168,24;0,00;0,00;0,00;-0,17;0,00;0,00;389;54;121;40;26;942;723
424;73,69;48,57;0,00;0,00;0,00;0,05;0,00;0,00;196;178;16;49;35;233;986
425;97,61;340,58;0,00;0,00;0,00;0,34;0,00;0,00;79;86;16;23;27;329;770
426;75,77;93,53;0,00;0,00;0,00;0,09;0,00;0,00;194;58;191;27;26;320;248
427;74,53;-9,71;0,00;0,00;0,00;-0,01;0,00;0,00;430;159;39;38;33;884;490
428;29,84;-422,49;0,00;0,00;0,00;-0,42;0,00;0,00;392;105;137;19;21;770;432
429;39,58;-282,11;0,00;0,00;0,00;-0,28;0,00;0,00;492;55;17;25;20;452;332
430;36,75;-267,36;0,00;0,00;0,00;-0,27;0,00;0,00;223;122;46;45;32;484;561
431;41,01;-218,01;0,00;0,00;0,00;-0,22;0,00;0,00;468;163;80;34;36;113;609
432;55,66;-62,88;0,00;0,00;0,00;-0,06;0,00;0,00;446;190;10;22;34;900;666
433;99,91;299,15;0,00;0,00;0,00;0,30;0,00;0,00;239;177;172;10;24;895;942
434;30,75;-435,27;0,00;0,00;0,00;-0,44;0,00;0,00;154;149;52;16;17;732;826
435;69,79;83,99;0,00;0,00;0,00;0,08;0,00;0,00;246;125;124;16;15;520;785
436;9,04;-658,87;0,00;0,00;0,00;-0,66;0,00;0,00;365;56;171;49;28;342;579
437;68,60;7,52;0,00;0,00;0,00;0,01;0,00;0,00;265;196;162;48;38;377;713
438;64,43;-131,56;0,00;0,00;0,00;-0,13;0,00;0,00;256;67;82;39;36;848;581
439;73,40;45,71;0,00;0,00;0,00;0,05;0,00;0,00;135;64;137;31;21;339;870
440;4,17;-685,58;0,00;0,00;0,00;-0,69;0,00;0,00;214;166;193;37;26;671;752
441;79,93;53,18;0,00;0,00;0,00;0,05;0,00;0,00;165;119;102;47;26;527;961
442;63,94;-41,80;0,00;0,00;0,00;-0,04;0,00;0,00;417;88;15;11;17;402;519
443;68,67;-63,17;0,00;0,00;0,00;-0,06;0,00;0,00;335;66;187;17;38;989;760
444;43,53;-269,47;0,00;0,00;0,00;-0,27;0,00;0,00;480;110;189;24;16;867;591
445;53,31;-203,34;0,00;0,00;0,00;-0,20;0,00;0,00;441;11;88;30;29;299;512
446;33,63;-332,58;0,00;0,00;0,00;-0,33;0,00;0,00;285;100;147;31;38;652;697
447;65,41;-61,57;0,00;0,00;0,00;-0,06;0,00;0,00;369;109;194;14;39;602;139
448;82,96;147,17;0,00;0,00;0,00;0,15;0,00;0,00;101;52;186;32;38;144;342
449;100,00;291,94;0,00;0,00;0,00;0,29;0,00;0,00;188;11;29;31;37;856;681
450;41,76;-306,25;0,00;0,00;0,00;-0,31;0,00;0,00;72;105;96;24;25;110;300
451;0,04;-736,64;0,00;0,00;0,00;-0,74;0,00;0,00;275;180;23;16;20;552;309
452;34,58;-388,93;0,00;0,00;0,00;-0,39;0,00;0,00;167;63;23;35;36;159;912
453;55,67;-107,39;0,00;0,00;0,00;-0,11;0,00;0,00;276;119;126;36;37;159;493
454;45,82;-148,02;0,00;0,00;0,00;-0,15;0,00;0,00;26;95;60;48;19;399;740
455;74,29;-24,28;0,00;0,00;0,00;-0,02;0,00;0,00;303;22;138;39;29;696;309
456;89,14;297,33;0,00;0,00;0,00;0,30;0,00;0,00;213;48;39;13;27;521;591
457;51,39;-239,03;0,00;0,00;0,00;-0,24;0,00;0,00;389;19;23;24;27;271;399
458;47,09;-154,34;0,00;0,00;0,00;-0,15;0,00;0,00;352;93;196;14;32;876;857
459;71,04;47,58;0,00;0,00;0,00;0,05;0,00;0,00;92;185;117;27;19;249;263
460;39,39;-291,90;0,00;0,00;0,00;-0,29;0,00;0,00;398;72;56;45;15;440;972
461;20,76;-436,99;0,00;0,00;0,00;-0,44;0,00;0,00;289;59;90;39;28;759;699
462;51,53;-196,45;0,00;0,00;0,00;-0,20;0,00;0,00;210;85;26;37;22;304;113
463;35,42;-405,47;0,00;0,00;0,00;-0,41;0,00;0,00;162;105;140;46;26;956;663
464;50,52;-159,26;0,00;0,00;0,00;-0,16;0,00;0,00;189;157;168;16;25;549;618
465;76,82;103,80;0,00;0,00;0,00;0,10;0,00;0,00;487;168;160;13;16;199;991
466;48,27;-174,96;0,00;0,00;0,00;-0,17;0,00;0,00;55;126;163;37;37;871;937
467;52,87;-163,55;0,00;0,00;0,00;-0,16;0,00;0,00;220;168;50;34;35;221;158
468;46,81;-228,71;0,00;0,00;0,00;-0,23;0,00;0,00;275;123;142;33;31;546;338
469;29,41;-353,37;0,00;0,00;0,00;-0,35;0,00;0,00;248;195;72;25;15;638;759
470;50,28;-190,45;0,00;0,00;0,00;-0,19;0,00;0,00;441;83;144;10;30;653;624
471;35,88;-368,51;0,00;0,00;0,00;-0,37;0,00;0,00;301;181;33;16;37;850;125
472;35,75;-248,93;0,00;0,00;0,00;-0,25;0,00;0,00;446;188;45;47;15;422;271
473;83,12;115,21;0,00;0,00;0,00;0,12;0,00;0,00;262;140;139;45;15;703;111
474;54,55;-181,31;0,00;0,00;0,00;-0,18;0,00;0,00;129;170;67;43;27;924;807
475;48,74;-253,49;0,00;0,00;0,00;-0,25;0,00;0,00;374;111;29;46;18;128;888
476;29,84;-505,68;0,00;0,00;0,00;-0,51;0,00;0,00;350;90;156;13;17;812;946
477;44,38;-266,52;0,00;0,00;0,00;-0,27;0,00;0,00;135;43;96;21;21;105;178
478;46,52;-337,52;0,00;0,00;0,00;-0,34;0,00;0,00;269;94;56;32;39;653;594
479;67,67;-59,89;0,00;0,00;0,00;-0,06;0,00;0,00;431;15;24;16;18;100;884
480;42,83;-285,98;0,00;0,00;0,00;-0,29;0,00;0,00;335;147;37;44;21;685;193
481;61,64;-35,55;0,00;0,00;0,00;-0,04;0,00;0,00;44;114;22;19;37;993;933
482;58,22;-53,96;0,00;0,00;0,00;-0,05;0,00;0,00;291;67;96;40;38;621;540
483;61,42;-238,47;0,00;0,00;0,00;-0,24;0,00;0,00;32;25;151;24;17;849;509
484;72,64;62,94;0,00;0,00;0,00;0,06;0,00;0,00;482;52;33;35;23;589;376
485;37,84;-323,70;0,00;0,00;0,00;-0,32;0,00;0,00;127;79;106;15;21;473;659
486;61,62;-39,15;0,00;0,00;0,00;-0,04;0,00;0,00;399;97;28;18;27;621;774
487;28,10;-455,44;0,00;0,00;0,00;-0,46;0,00;0,00;395;88;60;49;22;527;326
488;36,33;-251,03;0,00;0,00;0,00;-0,25;0,00;0,00;210;46;108;17;15;635;719
489;35,79;-349,21;0,00;0,00;0,00;-0,35;0,00;0,00;497;128;39;40;23;916;950
490;90,07;247,63;0,00;0,00;0,00;0,25;0,00;0,00;138;49;90;23;27;724;843
491;40,39;-252,78;0,00;0,00;0,00;-0,25;0,00;0,00;94;87;171;16;34;476;984
492;34,81;-321,43;0,00;0,00;0,00;-0,32;0,00;0,00;76;14;163;17;34;115;592
493;100,00;214,82;0,00;0,00;0,00;0,21;0,00;0,00;242;99;97;42;19;594;878
494;33,48;-306,67;0,00;0,00;0,00;-0,31;0,00;0,00;350;86;168;44;30;437;179
495;53,29;-189,64;0,00;0,00;0,00;-0,19;0,00;0,00;214;124;155;40;34;904;248
496;6,59;-726,05;0,00;0,00;0,00;-0,73;0,00;0,00;257;103;173;17;17;274;996
497;84,87;204,20;0,00;0,00;0,00;0,20;0,00;0,00;404;100;97;17;16;432;321
498;19,58;-614,69;0,00;0,00;0,00;-0,61;0,00;0,00;418;182;79;40;29;468;472
499;12,93;-616,84;0,00;0,00;0,00;-0,62;0,00;0,00;105;110;31;36;17;967;304
500;31,36;-368,94;0,00;0,00;0,00;-0,37;0,00;0,00;448;127;193;45;29;446;307
501;40,53;-311,62;0,00;0,00;0,00;-0,31;0,00;0,00;229;184;72;25;15;856;367
502;65,38;-4,90;0,00;0,00;0,00;-0,00;0,00;0,00;234;133;71;16;22;894;609
503;89,55;200,85;0,00;0,00;0,00;0,20;0,00;0,00;395;83;16;45;24;128;392
504;42,56;-296,83;0,00;0,00;0,00;-0,30;0,00;0,00;314;77;12;35;29;440;544
505;23,89;-546,49;0,00;0,00;0,00;-0,55;0,00;0,00;161;144;30;27;37;620;928
506;23,57;-486,58;0,00;0,00;0,00;-0,49;0,00;0,00;263;49;150;17;19;811;425
507;70,98;38,37;0,00;0,00;0,00;0,04;0,00;0,00;175;127;183;22;19;687;131
508;69,73;29,82;0,00;0,00;0,00;0,03;0,00;0,00;68;188;48;14;30;717;186
509;67,42;-60,43;0,00;0,00;0,00;-0,06;0,00;0,00;41;44;86;29;17;603;783
510;64,26;-8,81;0,00;0,00;0,00;-0,01;0,00;0,00;364;98;146;42;38;533;548
511;50,74;-113,58;0,00;0,00;0,00;-0,11;0,00;0,00;16;173;60;25;20;953;563
512;80,23;16,05;0,00;0,00;0,00;0,02;0,00;0,00;161;49;93;30;28;341;544
513;34,11;-418,27;0,00;0,00;0,00;-0,42;0,00;0,00;269;11;31;11;21;978;230
514;40,24;-265,82;0,00;0,00;0,00;-0,27;0,00;0,00;463;13;127;30;36;405;222
515;66,99;-69,66;0,00;0,00;0,00;-0,07;0,00;0,00;51;107;88;10;28;893;216
516;68,99;-87,84;0,00;0,00;0,00;-0,09;0,00;0,00;445;30;95;15;36;349;423
517;46,06;-257,85;0,00;0,00;0,00;-0,26;0,00;0,00;27;188;87;14;37;782;192
518;24,46;-507,60;0,00;0,00;0,00;-0,51;0,00;0,00;52;150;197;33;26;838;675
519;33,09;-497,43;0,00;0,00;0,00;-0,50;0,00;0,00;472;133;149;10;23;855;410
520;51,74;-83,46;0,00;0,00;0,00;-0,08;0,00;0,00;51;183;67;24;27;697;915
521;1,41;-733,77;0,00;0,00;0,00;-0,73;0,00;0,00;471;72;58;36;38;262;556
522;34,57;-328,10;0,00;0,00;0,00;-0,33;0,00;0,00;29;173;82;37;24;391;983
523;55,55;-193,44;0,00;0,00;0,00;-0,19;0,00;0,00;114;179;23;19;31;168;891
524;53,03;-152,82;0,00;0,00;0,00;-0,15;0,00;0,00;129;161;127;23;15;927;805
525;12,85;-612,80;0,00;0,00;0,00;-0,61;0,00;0,00;282;24;38;14;28;496;309
526;20,85;-437,54;0,00;0,00;0,00;-0,44;0,00;0,00;307;140;180;30;22;137;297
527;34,21;-346,79;0,00;0,00;0,00;-0,35;0,00;0,00;275;185;63;27;37;575;451
528;73,28;72,11;0,00;0,00;0,00;0,07;0,00;0,00;484;72;130;41;36;335;461
529;4,68;-751,12;0,00;0,00;0,00;-0,75;0,00;0,00;235;20;50;15;18;459;725
530;37,92;-333,82;0,00;0,00;0,00;-0,33;0,00;0,00;308;169;130;30;29;322;749
531;44,37;-350,67;0,00;0,00;0,00;-0,35;0,00;0,00;330;176;189;10;31;632;712
532;72,48;8,15;0,00;0,00;0,00;0,01;0,00;0,00;228;176;18;28;31;745;208
533;53,77;-161,40;0,00;0,00;0,00;-0,16;0,00;0,00;434;72;197;47;30;259;783
534;21,80;-453,18;0,00;0,00;0,00;-0,45;0,00;0,00;58;27;42;40;19;335;931
535;49,78;-173,01;0,00;0,00;0,00;-0,17;0,00;0,00;280;127;122;21;32;645;566
536;55,77;-125,93;0,00;0,00;0,00;-0,13;0,00;0,00;342;136;163;27;27;184;236
537;55,42;-89,15;0,00;0,00;0,00;-0,09;0,00;0,00;480;64;83;26;39;182;653
538;46,23;-117,78;0,00;0,00;0,00;-0,12;0,00;0,00;387;26;161;43;39;298;123
539;16,47;-492,27;0,00;0,00;0,00;-0,49;0,00;0,00;192;39;90;20;30;266;931
540;77,00;52,06;0,00;0,00;0,00;0,05;0,00;0,00;352;66;45;35;28;472;675
541;27,30;-472,26;0,00;0,00;0,00;-0,47;0,00;0,00;73;45;111;17;26;452;915
542;29,20;-456,96;0,00;0,00;0,00;-0,46;0,00;0,00;219;131;130;36;37;518;603
543;37,19;-334,14;0,00;0,00;0,00;-0,33;0,00;0,00;491;33;69;26;31;137;104
544;65,61;-49,69;0,00;0,00;0,00;-0,05;0,00;0,00;412;186;178;15;18;628;256
545;29,22;-386,98;0,00;0,00;0,00;-0,39;0,00;0,00;467;25;138;18;23;684;454
546;0,00;-652,59;0,00;0,00;0,00;-0,65;0,00;0,00;117;38;34;36;17;863;765
547;22,37;-465,53;0,00;0,00;0,00;-0,47;0,00;0,00;309;177;128;21;33;547;477
548;54,93;-101,01;0,00;0,00;0,00;-0,10;0,00;0,00;494;82;141;31;38;368;925
549;72,65;85,02;0,00;0,00;0,00;0,09;0,00;0,00;280;83;176;32;16;517;755
550;59,34;-146,85;0,00;0,00;0,00;-0,15;0,00;0,00;339;75;191;36;39;789;492
551;29,44;-367,84;0,00;0,00;0,00;-0,37;0,00;0,00;398;163;47;19;15;206;882
552;50,86;-219,30;0,00;0,00;0,00;-0,22;0,00;0,00;459;180;130;21;32;470;439
553;69,62;-61,62;0,00;0,00;0,00;-0,06;0,00;0,00;475;174;123;35;21;152;692
554;80,32;159,68;0,00;0,00;0,00;0,16;0,00;0,00;73;147;152;44;27;260;908
555;1,27;-746,63;0,00;0,00;0,00;-0,75;0,00;0,00;336;146;36;11;18;454;513
556;88,00;178,62;0,00;0,00;0,00;0,18;0,00;0,00;118;76;78;43;24;630;368
557;75,17;120,64;0,00;0,00;0,00;0,12;0,00;0,00;469;126;167;39;17;949;779
558;25,98;-456,74;0,00;0,00;0,00;-0,46;0,00;0,00;143;141;122;36;19;144;866
559;73,74;10,87;0,00;0,00;0,00;0,01;0,00;0,00;56;169;156;19;29;733;371
560;56,64;-174,29;0,00;0,00;0,00;-0,17;0,00;0,00;38;186;56;31;28;610;450
561;54,79;-188,87;0,00;0,00;0,00;-0,19;0,00;0,00;140;62;42;47;16;110;101
562;52,30;-239,84;0,00;0,00;0,00;-0,24;0,00;0,00;135;93;70;24;30;750;981
563;77,61;106,89;0,00;0,00;0,00;0,11;0,00;0,00;412;136;31;34;32;844;470
564;60,03;-184,85;0,00;0,00;0,00;-0,18;0,00;0,00;11;89;63;23;16;717;190
565;30,18;-306,36;0,00;0,00;0,00;-0,31;0,00;0,00;251;67;110;49;19;771;907
566;51,74;-186,26;0,00;0,00;0,00;-0,19;0,00;0,00;408;19;167;35;38;906;803
567;51,39;-142,79;0,00;0,00;0,00;-0,14;0,00;0,00;264;121;53;26;29;403;202
568;100,00;267,38;0,00;0,00;0,00;0,27;0,00;0,00;348;139;65;33;33;809;970
569;18,55;-514,81;0,00;0,00;0,00;-0,51;0,00;0,00;477;199;134;28;24;920;902
570;45,79;-285,18;0,00;0,00;0,00;-0,29;0,00;0,00;458;116;40;13;34;935;751
571;38,18;-389,20;0,00;0,00;0,00;-0,39;0,00;0,00;334;148;45;35;21;708;227
572;75,66;82,91;0,00;0,00;0,00;0,08;0,00;0,00;248;187;135;24;35;934;663
573;18,39;-511,08;0,00;0,00;0,00;-0,51;0,00;0,00;27;130;45;42;23;106;144
574;61,78;-65,05;0,00;0,00;0,00;-0,07;0,00;0,00;408;37;60;24;33;629;519
575;11,80;-547,08;0,00;0,00;0,00;-0,55;0,00;0,00;221;100;141;45;35;235;974
576;10,76;-594,64;0,00;0,00;0,00;-0,59;0,00;0,00;400;194;157;42;38;616;586
577;74,40;71,53;0,00;0,00;0,00;0,07;0,00;0,00;286;32;174;41;24;761;637
578;32,60;-352,07;0,00;0,00;0,00;-0,35;0,00;0,00;450;12;149;22;19;273;314
579;75,22;106,45;0,00;0,00;0,00;0,11;0,00;0,00;345;137;78;29;28;169;664
580;56,99;-23,39;0,00;0,00;0,00;-0,02;0,00;0,00;81;57;133;20;36;622;834
581;42,30;-348,87;0,00;0,00;0,00;-0,35;0,00;0,00;270;45;72;28;35;535;397
582;44,02;-252,84;0,00;0,00;0,00;-0,25;0,00;0,00;479;13;81;21;19;450;635
583;18,72;-556,06;0,00;0,00;0,00;-0,56;0,00;0,00;252;112;46;32;34;104;602
584;86,24;154,04;0,00;0,00;0,00;0,15;0,00;0,00;142;112;151;36;38;912;110
585;63,97;-83,73;0,00;0,00;0,00;-0,08;0,00;0,00;411;91;120;27;15;930;143
586;59,52;-68,18;0,00;0,00;0,00;-0,07;0,00;0,00;304;148;61;16;29;538;338
587;37,58;-292,78;0,00;0,00;0,00;-0,29;0,00;0,00;145;18;148;25;38;882;954
588;84,04;212,80;0,00;0,00;0,00;0,21;0,00;0,00;158;126;195;13;26;873;798
589;70,86;33,33;0,00;0,00;0,00;0,03;0,00;0,00;193;127;138;19;17;399;105
590;68,53;-59,36;0,00;0,00;0,00;-0,06;0,00;0,00;345;195;124;18;31;188;652
591;18,91;-564,21;0,00;0,00;0,00;-0,56;0,00;0,00;483;60;94;13;18;789;327
592;63,27;83,50;0,00;0,00;0,00;0,08;0,00;0,00;497;77;26;13;32;129;698
593;23,95;-430,18;0,00;0,00;0,00;-0,43;0,00;0,00;474;91;137;30;34;645;353
594;63,50;-3,78;0,00;0,00;0,00;-0,00;0,00;0,00;484;81;110;11;19;899;572
595;40,34;-143,92;0,00;0,00;0,00;-0,14;0,00;0,00;251;73;21;49;22;600;984
596;23,39;-358,75;0,00;0,00;0,00;-0,36;0,00;0,00;74;80;34;38;18;483;361
597;46,89;-198,44;0,00;0,00;0,00;-0,20;0,00;0,00;107;66;181;20;24;837;428
598;64,41;26,01;0,00;0,00;0,00;0,03;0,00;0,00;262;116;115;23;35;526;292
599;100,00;258,57;0,00;0,00;0,00;0,26;0,00;0,00;261;168;195;41;34;330;403
600;52,55;-200,21;0,00;0,00;0,00;-0,20;0,00;0,00;14;19;135;11;25;330;703
601;59,20;-73,15;0,00;0,00;0,00;-0,07;0,00;0,00;122;100;19;43;22;538;103
602;28,25;-387,01;0,00;0,00;0,00;-0,39;0,00;0,00;287;77;191;15;15;138;243
603;68,70;70,61;0,00;0,00;0,00;0,07;0,00;0,00;49;125;32;39;36;676;401
604;39,21;-316,00;0,00;0,00;0,00;-0,32;0,00;0,00;12;138;151;30;39;805;820
605;54,65;-282,49;0,00;0,00;0,00;-0,28;0,00;0,00;286;152;84;29;35;877;325
606;38,22;-254,41;0,00;0,00;0,00;-0,25;0,00;0,00;494;186;73;17;30;622;702
607;36,40;-358,46;0,00;0,00;0,00;-0,36;0,00;0,00;176;103;86;42;35;337;699
608;15,35;-668,06;0,00;0,00;0,00;-0,67;0,00;0,00;179;60;62;39;23;807;682
609;85,28;192,34;0,00;0,00;0,00;0,19;0,00;0,00;348;151;129;32;36;748;390
610;0,54;-775,65;0,00;0,00;0,00;-0,78;0,00;0,00;88;110;172;28;20;577;195
611;25,85;-402,65;0,00;0,00;0,00;-0,40;0,00;0,00;120;44;133;26;30;946;879
612;43,55;-341,47;0,00;0,00;0,00;-0,34;0,00;0,00;380;27;25;48;37;571;904
613;0,00;-666,56;0,00;0,00;0,00;-0,67;0,00;0,00;105;133;106;23;30;300;725
614;1,37;-724,91;0,00;0,00;0,00;-0,72;0,00;0,00;361;151;26;30;23;707;125
615;45,00;-247,67;0,00;0,00;0,00;-0,25;0,00;0,00;135;169;54;29;30;688;681
616;20,24;-496,87;0,00;0,00;0,00;-0,50;0,00;0,00;211;22;153;42;31;805;127
617;13,52;-558,35;0,00;0,00;0,00;-0,56;0,00;0,00;176;162;187;30;30;528;750
618;36,80;-256,32;0,00;0,00;0,00;-0,26;0,00;0,00;459;14;131;32;26;406;945
619;55,68;-79,75;0,00;0,00;0,00;-0,08;0,00;0,00;37;10;80;11;22;809;968
620;44,85;-260,15;0,00;0,00;0,00;-0,26;0,00;0,00;358;105;50;21;16;891;424
621;74,29;-18,81;0,00;0,00;0,00;-0,02;0,00;0,00;93;167;187;46;38;249;773
622;46,39;-182,12;0,00;0,00;0,00;-0,18;0,00;0,00;477;196;101;35;27;426;108
623;19,30;-529,11;0,00;0,00;0,00;-0,53;0,00;0,00;141;15;171;19;18;651;755
624;50,83;-271,82;0,00;0,00;0,00;-0,27;0,00;0,00;57;55;168;34;29;944;963
625;100,00;298,84;0,00;0,00;0,00;0,30;0,00;0,00;345;148;12;42;27;304;738
626;46,65;-268,37;0,00;0,00;0,00;-0,27;0,00;0,00;410;90;127;35;36;576;991
627;68,51;-58,72;0,00;0,00;0,00;-0,06;0,00;0,00;385;147;166;12;27;588;618
628;42,14;-214,02;0,00;0,00;0,00;-0,21;0,00;0,00;408;40;165;24;31;281;321
629;0,19;-737,61;0,00;0,00;0,00;-0,74;0,00;0,00;237;169;159;12;28;214;666
630;77,39;78,14;0,00;0,00;0,00;0,08;0,00;0,00;356;44;170;16;30;502;852
631;3,86;-640,75;0,00;0,00;0,00;-0,64;0,00;0,00;396;172;130;49;26;832;156
632;22,54;-398,70;0,00;0,00;0,00;-0,40;0,00;0,00;354;196;114;32;35;663;709
633;40,18;-252,33;0,00;0,00;0,00;-0,25;0,00;0,00;81;11;73;19;17;215;843
634;37,16;-346,43;0,00;0,00;0,00;-0,35;0,00;0,00;299;129;172;22;15;615;620
635;48,68;-183,55;0,00;0,00;0,00;-0,18;0,00;0,00;359;38;156;34;22;933;802
636;42,62;-259,79;0,00;0,00;0,00;-0,26;0,00;0,00;147;193;33;16;16;699;660
637;61,76;-89,31;0,00;0,00;0,00;-0,09;0,00;0,00;48;175;34;39;17;150;860
638;64,52;-81,48;0,00;0,00;0,00;-0,08;0,00;0,00;35;114;92;21;35;715;568
639;44,58;-317,16;0,00;0,00;0,00;-0,32;0,00;0,00;131;80;170;25;26;809;687
640;45,77;-215,07;0,00;0,00;0,00;-0,22;0,00;0,00;277;158;126;10;28;600;890
641;20,13;-474,86;0,00;0,00;0,00;-0,47;0,00;0,00;29;73;50;16;36;242;815
642;78,09;78,79;0,00;0,00;0,00;0,08;0,00;0,00;318;83;172;16;33;615;516
643;38,94;-310,45;0,00;0,00;0,00;-0,31;0,00;0,00;82;41;93;20;21;447;818
644;72,89;46,27;0,00;0,00;0,00;0,05;0,00;0,00;174;65;41;46;27;955;482
645;66,08;-64,77;0,00;0,00;0,00;-0,06;0,00;0,00;420;70;189;48;34;725;545
646;38,82;-325,83;0,00;0,00;0,00;-0,33;0,00;0,00;256;59;173;12;37;958;729
647;35,25;-316,48;0,00;0,00;0,00;-0,32;0,00;0,00;434;167;170;35;15;515;723
648;53,75;-227,57;0,00;0,00;0,00;-0,23;0,00;0,00;104;42;47;45;37;501;100
649;69,27;48,09;0,00;0,00;0,00;0,05;0,00;0,00;128;33;18;23;15;167;184
650;40,02;-263,86;0,00;0,00;0,00;-0,26;0,00;0,00;270;58;188;42;35;782;214
651;34,90;-441,99;0,00;0,00;0,00;-0,44;0,00;0,00;174;48;10;20;19;363;180
652;49,97;-218,48;0,00;0,00;0,00;-0,22;0,00;0,00;404;114;156;49;35;717;970
653;57,88;-98,97;0,00;0,00;0,00;-0,10;0,00;0,00;147;57;108;28;20;446;441
654;44,06;-213,19;0,00;0,00;0,00;-0,21;0,00;0,00;302;151;93;35;21;893;811
655;82,05;96,91;0,00;0,00;0,00;0,10;0,00;0,00;140;103;95;11;24;419;606
656;79,32;71,83;0,00;0,00;0,00;0,07;0,00;0,00;380;132;45;44;22;537;662
657;66,01;61,98;0,00;0,00;0,00;0,06;0,00;0,00;366;187;144;43;16;590;997
658;24,13;-382,13;0,00;0,00;0,00;-0,38;0,00;0,00;379;47;164;13;23;639;634
659;52,62;-176,21;0,00;0,00;0,00;-0,18;0,00;0,00;81;122;44;32;18;887;223
660;29,43;-397,02;0,00;0,00;0,00;-0,40;0,00;0,00;118;171;105;25;17;635;261
661;49,28;-198,33;0,00;0,00;0,00;-0,20;0,00;0,00;272;159;106;22;39;955;466
662;77,62;1,33;0,00;0,00;0,00;0,00;0,00;0,00;320;103;80;26;16;872;192
663;4,48;-553,06;0,00;0,00;0,00;-0,55;0,00;0,00;380;180;139;17;39;190;332
664;27,66;-395,63;0,00;0,00;0,00;-0,40;0,00;0,00;494;166;26;28;36;741;421
665;0,00;-622,51;0,00;0,00;0,00;-0,62;0,00;0,00;95;152;127;36;32;344;595
666;29,14;-302,84;0,00;0,00;0,00;-0,30;0,00;0,00;273;186;178;22;15;955;679
667;52,31;-190,76;0,00;0,00;0,00;-0,19;0,00;0,00;19;68;196;15;29;398;927
668;29,30;-399,79;0,00;0,00;0,00;-0,40;0,00;0,00;112;16;178;37;36;311;569
669;59,03;-57,01;0,00;0,00;0,00;-0,06;0,00;0,00;469;97;192;13;38;847;803
670;12,33;-559,98;0,00;0,00;0,00;-0,56;0,00;0,00;235;33;179;30;28;299;704
671;52,90;-192,27;0,00;0,00;0,00;-0,19;0,00;0,00;232;193;82;20;32;446;535
672;14,39;-444,11;0,00;0,00;0,00;-0,44;0,00;0,00;230;153;69;31;38;805;882
673;9,68;-568,57;0,00;0,00;0,00;-0,57;0,00;0,00;441;169;119;24;26;722;298
674;9,30;-653,59;0,00;0,00;0,00;-0,65;0,00;0,00;490;187;67;35;26;273;154
675;40,61;-374,20;0,00;0,00;0,00;-0,37;0,00;0,00;88;36;14;16;30;652;700
676;26,30;-472,05;0,00;0,00;0,00;-0,47;0,00;0,00;353;182;75;47;29;555;107
677;71,27;74,35;0,00;0,00;0,00;0,07;0,00;0,00;177;159;147;46;35;948;151
678;45,11;-228,61;0,00;0,00;0,00;-0,23;0,00;0,00;293;36;113;13;23;573;137
679;34,15;-391,02;0,00;0,00;0,00;-0,39;0,00;0,00;237;31;152;47;17;501;514
680;100,00;262,32;0,00;0,00;0,00;0,26;0,00;0,00;14;121;77;26;33;441;525
681;37,50;-412,53;0,00;0,00;0,00;-0,41;0,00;0,00;321;43;183;11;24;422;477
682;54,14;-250,49;0,00;0,00;0,00;-0,25;0,00;0,00;485;118;165;26;33;952;811
683;49,78;-216,56;0,00;0,00;0,00;-0,22;0,00;0,00;439;126;48;32;18;668;711
684;54,89;-142,40;0,00;0,00;0,00;-0,14;0,00;0,00;18;147;21;21;22;717;579
685;50,22;-208,91;0,00;0,00;0,00;-0,21;0,00;0,00;424;96;183;38;21;472;882
686;24,52;-419,14;0,00;0,00;0,00;-0,42;0,00;0,00;72;10;170;21;24;909;915
687;39,84;-328,82;0,00;0,00;0,00;-0,33;0,00;0,00;100;146;167;41;30;350;324
688;34,77;-364,72;0,00;0,00;0,00;-0,36;0,00;0,00;113;77;29;11;18;139;793
689;34,44;-296,88;0,00;0,00;0,00;-0,30;0,00;0,00;176;54;166;49;39;248;213
690;30,54;-393,73;0,00;0,00;0,00;-0,39;0,00;0,00;261;93;72;10;37;114;367
691;0,00;-667,99;0,00;0,00;0,00;-0,67;0,00;0,00;364;168;66;49;28;995;629
692;44,59;-248,96;0,00;0,00;0,00;-0,25;0,00;0,00;73;86;192;49;19;720;944
693;57,79;-82,61;0,00;0,00;0,00;-0,08;0,00;0,00;356;91;38;33;38;876;360
694;31,78;-420,55;0,00;0,00;0,00;-0,42;0,00;0,00;105;131;95;33;38;452;727
695;85,84;80,40;0,00;0,00;0,00;0,08;0,00;0,00;460;55;154;18;39;621;944
696;21,91;-456,96;0,00;0,00;0,00;-0,46;0,00;0,00;30;61;193;14;18;570;397
697;60,90;-137,27;0,00;0,00;0,00;-0,14;0,00;0,00;195;39;107;25;20;816;547
698;47,87;-238,22;0,00;0,00;0,00;-0,24;0,00;0,00;101;57;85;12;27;407;466
699;73,53;102,12;0,00;0,00;0,00;0,10;0,00;0,00;354;152;37;42;26;658;425
700;27,90;-440,67;0,00;0,00;0,00;-0,44;0,00;0,00;317;133;114;17;17;530;300
701;19,53;-503,74;0,00;0,00;0,00;-0,50;0,00;0,00;195;22;160;20;29;574;108
702;78,99;177,99;0,00;0,00;0,00;0,18;0,00;0,00;234;150;73;33;15;737;701
703;14,49;-448,67;0,00;0,00;0,00;-0,45;0,00;0,00;244;128;145;10;29;389;584
704;43,34;-268,83;0,00;0,00;0,00;-0,27;0,00;0,00;278;111;89;34;31;991;677
705;59,33;-90,41;0,00;0,00;0,00;-0,09;0,00;0,00;434;194;45;40;18;497;946
706;54,62;-81,92;0,00;0,00;0,00;-0,08;0,00;0,00;28;98;155;19;17;296;206
707;41,76;-252,33;0,00;0,00;0,00;-0,25;0,00;0,00;347;113;15;41;16;174;227
708;60,56;-142,11;0,00;0,00;0,00;-0,14;0,00;0,00;284;84;194;41;19;369;265
709;61,37;-130,71;0,00;0,00;0,00;-0,13;0,00;0,00;430;194;166;41;23;513;538
710;89,43;204,87;0,00;0,00;0,00;0,20;0,00;0,00;343;141;54;18;26;526;531
711;52,20;-198,03;0,00;0,00;0,00;-0,20;0,00;0,00;217;58;173;34;15;859;452
712;23,70;-420,68;0,00;0,00;0,00;-0,42;0,00;0,00;480;100;167;41;15;934;683
713;61,67;-81,51;0,00;0,00;0,00;-0,08;0,00;0,00;164;132;148;47;24;917;470
714;48,70;-228,97;0,00;0,00;0,00;-0,23;0,00;0,00;66;84;100;49;30;537;327
715;68,49;-28,16;0,00;0,00;0,00;-0,03;0,00;0,00;98;111;59;19;32;909;169
716;43,10;-269,04;0,00;0,00;0,00;-0,27;0,00;0,00;18;191;33;30;33;142;118
717;58,96;-78,49;0,00;0,00;0,00;-0,08;0,00;0,00;252;77;127;42;37;836;275
718;61,95;-182,57;0,00;0,00;0,00;-0,18;0,00;0,00;388;158;90;43;31;433;236
719;99,31;389,62;0,00;0,00;0,00;0,39;0,00;0,00;54;33;194;14;21;814;904
720;77,83;134,09;0,00;0,00;0,00;0,13;0,00;0,00;39;60;137;48;28;508;263
721;26,29;-513,07;0,00;0,00;0,00;-0,51;0,00;0,00;485;172;147;41;30;970;620
722;11,39;-568,10;0,00;0,00;0,00;-0,57;0,00;0,00;22;38;19;46;38;885;407
723;38,89;-348,63;0,00;0,00;0,00;-0,35;0,00;0,00;61;107;159;30;25;575;620
724;61,72;-39,51;0,00;0,00;0,00;-0,04;0,00;0,00;439;55;174;14;30;875;650
725;47,79;-237,88;0,00;0,00;0,00;-0,24;0,00;0,00;118;19;78;32;21;474;230
726;34,38;-324,36;0,00;0,00;0,00;-0,32;0,00;0,00;248;164;95;26;36;858;450
727;29,49;-363,58;0,00;0,00;0,00;-0,36;0,00;0,00;237;156;11;33;30;810;580
728;75,96;144,21;0,00;0,00;0,00;0,14;0,00;0,00;388;90;156;36;23;153;492
729;54,46;-224,92;0,00;0,00;0,00;-0,22;0,00;0,00;307;148;129;20;36;835;623
730;48,56;-154,13;0,00;0,00;0,00;-0,15;0,00;0,00;346;46;89;46;30;670;281
731;33,32;-393,83;0,00;0,00;0,00;-0,39;0,00;0,00;73;137;36;40;15;605;760
732;38,56;-342,40;0,00;0,00;0,00;-0,34;0,00;0,00;203;199;198;14;36;373;678
733;17,88;-508,57;0,00;0,00;0,00;-0,51;0,00;0,00;303;97;91;27;38;591;789
734;75,52;66,97;0,00;0,00;0,00;0,07;0,00;0,00;185;108;43;41;19;693;495
735;62,11;-168,50;0,00;0,00;0,00;-0,17;0,00;0,00;27;101;107;40;37;659;211
736;37,35;-285,56;0,00;0,00;0,00;-0,29;0,00;0,00;131;22;163;44;32;886;825
737;39,74;-327,70;0,00;0,00;0,00;-0,33;0,00;0,00;165;26;136;13;15;784;882
738;28,63;-352,48;0,00;0,00;0,00;-0,35;0,00;0,00;283;169;100;26;25;996;850
739;65,97;-94,90;0,00;0,00;0,00;-0,09;0,00;0,00;106;78;35;25;33;475;947
740;0,00;-720,52;0,00;0,00;0,00;-0,72;0,00;0,00;16;166;184;41;39;485;913
741;30,54;-499,61;0,00;0,00;0,00;-0,50;0,00;0,00;285;149;162;43;17;614;262
742;18,13;-504,18;0,00;0,00;0,00;-0,50;0,00;0,00;222;48;165;33;31;497;270
743;68,33;3,91;0,00;0,00;0,00;0,00;0,00;0,00;276;84;45;35;27;260;401
744;22,36;-524,61;0,00;0,00;0,00;-0,52;0,00;0,00;186;120;129;34;22;824;150
745;52,24;-111,46;0,00;0,00;0,00;-0,11;0,00;0,00;195;162;118;27;23;427;702
746;61,82;-55,30;0,00;0,00;0,00;-0,06;0,00;0,00;122;62;48;48;34;928;684
747;0,00;-722,96;0,00;0,00;0,00;-0,72;0,00;0,00;441;96;130;24;18;732;454
748;35,70;-417,66;0,00;0,00;0,00;-0,42;0,00;0,00;355;45;166;20;23;345;758
749;48,14;-297,81;0,00;0,00;0,00;-0,30;0,00;0,00;409;13;121;32;29;902;973
750;59,08;-55,14;0,00;0,00;0,00;-0,06;0,00;0,00;22;179;142;13;37;866;643
751;5,74;-690,36;0,00;0,00;0,00;-0,69;0,00;0,00;33;184;195;32;38;972;583
752;80,36;12,53;0,00;0,00;0,00;0,01;0,00;0,00;26;95;117;23;23;249;250
753;53,02;-191,94;0,00;0,00;0,00;-0,19;0,00;0,00;116;92;158;27;35;336;874
754;74,14;34,63;0,00;0,00;0,00;0,03;0,00;0,00;447;87;45;32;26;978;861
755;72,55;-66,49;0,00;0,00;0,00;-0,07;0,00;0,00;68;144;194;38;36;185;452
756;89,02;199,33;0,00;0,00;0,00;0,20;0,00;0,00;246;93;102;16;31;357;224
757;0,00;-677,62;0,00;0,00;0,00;-0,68;0,00;0,00;25;161;59;11;28;757;779
758;29,27;-376,14;0,00;0,00;0,00;-0,38;0,00;0,00;442;86;182;23;28;136;491
759;79,26;21,69;0,00;0,00;0,00;0,02;0,00;0,00;132;41;136;38;39;322;704
760;46,85;-266,35;0,00;0,00;0,00;-0,27;0,00;0,00;43;161;98;41;22;340;966
761;81,76;183,23;0,00;0,00;0,00;0,18;0,00;0,00;190;30;48;30;21;503;625
762;34,35;-359,72;0,00;0,00;0,00;-0,36;0,00;0,00;256;160;103;10;18;799;761
763;45,10;-244,56;0,00;0,00;0,00;-0,24;0,00;0,00;400;196;72;49;39;711;761
764;84,20;146,83;0,00;0,00;0,00;0,15;0,00;0,00;351;86;30;10;38;928;408
765;26,61;-499,26;0,00;0,00;0,00;-0,50;0,00;0,00;322;96;12;40;38;260;190
766;82,96;160,71;0,00;0,00;0,00;0,16;0,00;0,00;22;75;124;44;32;163;444
767;7,62;-653,38;0,00;0,00;0,00;-0,65;0,00;0,00;184;33;84;32;22;348;460
768;15,68;-555,24;0,00;0,00;0,00;-0,56;0,00;0,00;403;104;186;25;27;728;655
769;77,26;114,78;0,00;0,00;0,00;0,11;0,00;0,00;168;29;82;27;36;820;271
770;39,55;-206,03;0,00;0,00;0,00;-0,21;0,00;0,00;427;131;199;40;24;918;883
771;41,64;-266,83;0,00;0,00;0,00;-0,27;0,00;0,00;434;103;126;15;29;606;711
772;76,89;41,49;0,00;0,00;0,00;0,04;0,00;0,00;105;156;199;33;31;958;362
773;61,24;-71,52;0,00;0,00;0,00;-0,07;0,00;0,00;42;47;102;44;30;282;145
774;85,97;217,67;0,00;0,00;0,00;0,22;0,00;0,00;305;198;56;13;30;646;258
775;42,30;-270,55;0,00;0,00;0,00;-0,27;0,00;0,00;144;34;157;18;29;511;178
776;36,29;-339,42;0,00;0,00;0,00;-0,34;0,00;0,00;268;179;194;18;35;479;665
777;58,72;-150,05;0,00;0,00;0,00;-0,15;0,00;0,00;82;186;73;38;26;913;705
778;35,39;-381,54;0,00;0,00;0,00;-0,38;0,00;0,00;251;65;55;13;20;402;664
779;60,52;-100,01;0,00;0,00;0,00;-0,10;0,00;0,00;311;120;175;14;15;380;584
780;56,09;-32,55;0,00;0,00;0,00;-0,03;0,00;0,00;379;59;49;19;20;230;878
781;99,43;333,44;0,00;0,00;0,00;0,33;0,00;0,00;127;32;117;47;32;914;370
782;70,32;-32,22;0,00;0,00;0,00;-0,03;0,00;0,00;263;156;34;28;38;821;505
783;53,62;-135,68;0,00;0,00;0,00;-0,14;0,00;0,00;336;178;181;22;15;583;602
784;59,38;-127,04;0,00;0,00;0,00;-0,13;0,00;0,00;324;180;132;13;23;745;994
785;19,93;-475,39;0,00;0,00;0,00;-0,48;0,00;0,00;308;100;124;44;25;537;726
786;88,98;249,79;0,00;0,00;0,00;0,25;0,00;0,00;150;77;102;47;33;644;389
787;21,85;-427,94;0,00;0,00;0,00;-0,43;0,00;0,00;328;13;157;35;31;272;984
788;98,92;354,22;0,00;0,00;0,00;0,35;0,00;0,00;117;109;122;34;20;995;394
789;8,99;-615,18;0,00;0,00;0,00;-0,62;0,00;0,00;477;45;116;39;39;686;131
790;41,27;-268,83;0,00;0,00;0,00;-0,27;0,00;0,00;75;28;157;46;17;929;335
791;45,25;-287,12;0,00;0,00;0,00;-0,29;0,00;0,00;256;48;73;26;17;432;881
792;72,46;52,31;0,00;0,00;0,00;0,05;0,00;0,00;460;73;32;33;33;324;485
793;53,23;-121,41;0,00;0,00;0,00;-0,12;0,00;0,00;435;44;196;19;18;273;396
794;39,61;-303,33;0,00;0,00;0,00;-0,30;0,00;0,00;306;74;65;49;24;274;332
795;51,80;-219,65;0,00;0,00;0,00;-0,22;0,00;0,00;198;98;175;33;26;427;437
796;44,16;-288,36;0,00;0,00;0,00;-0,29;0,00;0,00;292;146;81;46;20;208;524
797;42,85;-203,68;0,00;0,00;0,00;-0,20;0,00;0,00;306;88;125;48;23;684;359
798;24,01;-478,76;0,00;0,00;0,00;-0,48;0,00;0,00;299;144;63;45;34;915;731
799;48,67;-256,52;0,00;0,00;0,00;-0,26;0,00;0,00;490;25;59;30;19;436;563
800;58,72;-90,19;0,00;0,00;0,00;-0,09;0,00;0,00;342;58;11;43;22;538;853
801;57,54;-72,81;0,00;0,00;0,00;-0,07;0,00;0,00;479;33;23;29;38;194;565
802;45,19;-175,55;0,00;0,00;0,00;-0,18;0,00;0,00;300;167;35;45;38;178;448
803;49,44;-133,97;0,00;0,00;0,00;-0,13;0,00;0,00;414;48;41;25;33;511;755
804;23,34;-571,96;0,00;0,00;0,00;-0,57;0,00;0,00;126;145;61;40;35;773;237
805;58,76;-108,95;0,00;0,00;0,00;-0,11;0,00;0,00;91;63;46;31;18;103;741
806;0,00;-749,97;0,00;0,00;0,00;-0,75;0,00;0,00;374;65;116;28;26;484;497
807;56,72;-70,52;0,00;0,00;0,00;-0,07;0,00;0,00;55;194;28;16;23;650;418
808;33,21;-371,33;0,00;0,00;0,00;-0,37;0,00;0,00;201;14;12;30;35;442;929
809;62,21;-56,86;0,00;0,00;0,00;-0,06;0,00;0,00;483;189;55;26;34;605;194
810;64,71;-115,13;0,00;0,00;0,00;-0,12;0,00;0,00;83;50;34;32;24;669;676
811;81,05;87,14;0,00;0,00;0,00;0,09;0,00;0,00;376;96;117;33;26;445;230
812;31,13;-377,67;0,00;0,00;0,00;-0,38;0,00;0,00;419;155;192;21;27;130;576
813;30,02;-440,86;0,00;0,00;0,00;-0,44;0,00;0,00;123;68;109;40;22;467;641
814;40,62;-270,81;0,00;0,00;0,00;-0,27;0,00;0,00;226;154;78;32;27;806;558
815;63,16;-118,34;0,00;0,00;0,00;-0,12;0,00;0,00;193;158;197;40;19;786;462
816;45,53;-226,00;0,00;0,00;0,00;-0,23;0,00;0,00;448;137;43;23;32;122;958
817;45,07;-224,65;0,00;0,00;0,00;-0,22;0,00;0,00;119;47;118;42;18;142;929
818;94,39;240,18;0,00;0,00;0,00;0,24;0,00;0,00;268;84;73;49;27;142;455
819;64,59;-26,21;0,00;0,00;0,00;-0,03;0,00;0,00;118;156;67;12;24;940;552
820;49,28;-238,60;0,00;0,00;0,00;-0,24;0,00;0,00;269;58;63;31;25;650;278
821;39,55;-321,24;0,00;0,00;0,00;-0,32;0,00;0,00;425;170;165;31;37;408;416
822;73,51;37,01;0,00;0,00;0,00;0,04;0,00;0,00;244;103;106;38;15;514;190
823;24,55;-477,20;0,00;0,00;0,00;-0,48;0,00;0,00;490;155;184;23;22;206;692
824;0,00;-687,29;0,00;0,00;0,00;-0,69;0,00;0,00;42;125;97;18;23;916;837
825;36,53;-349,30;0,00;0,00;0,00;-0,35;0,00;0,00;119;165;18;29;20;990;988
826;34,89;-398,41;0,00;0,00;0,00;-0,40;0,00;0,00;27;118;21;11;38;303;835
827;63,90;-63,43;0,00;0,00;0,00;-0,06;0,00;0,00;119;11;126;48;30;355;783
828;32,26;-373,75;0,00;0,00;0,00;-0,37;0,00;0,00;493;162;29;31;16;723;430
829;31,06;-412,80;0,00;0,00;0,00;-0,41;0,00;0,00;449;138;37;34;31;438;311
830;30,00;-383,68;0,00;0,00;0,00;-0,38;0,00;0,00;367;148;17;18;22;263;506
831;59,22;-97,99;0,00;0,00;0,00;-0,10;0,00;0,00;307;158;163;12;31;571;330
832;24,17;-422,19;0,00;0,00;0,00;-0,42;0,00;0,00;29;95;90;28;31;520;591
833;60,20;-228,93;0,00;0,00;0,00;-0,23;0,00;0,00;124;190;96;23;38;996;253
834;71,56;40,13;0,00;0,00;0,00;0,04;0,00;0,00;491;25;44;28;27;826;881
835;41,24;-383,45;0,00;0,00;0,00;-0,38;0,00;0,00;115;156;27;30;39;266;857
836;0,69;-680,55;0,00;0,00;0,00;-0,68;0,00;0,00;253;146;18;14;20;267;370
837;100,00;303,05;0,00;0,00;0,00;0,30;0,00;0,00;228;119;114;29;29;409;953
838;30,58;-297,60;0,00;0,00;0,00;-0,30;0,00;0,00;338;79;24;32;24;269;243
839;88,80;199,42;0,00;0,00;0,00;0,20;0,00;0,00;66;166;160;49;29;463;576
840;43,57;-257,82;0,00;0,00;0,00;-0,26;0,00;0,00;110;137;79;15;20;713;176
841;57,38;-77,45;0,00;0,00;0,00;-0,08;0,00;0,00;292;164;191;10;36;775;393
842;35,95;-308,57;0,00;0,00;0,00;-0,31;0,00;0,00;184;77;156;13;39;746;425
843;25,67;-414,35;0,00;0,00;0,00;-0,41;0,00;0,00;157;55;53;35;32;348;477
844;54,55;-198,13;0,00;0,00;0,00;-0,20;0,00;0,00;289;181;135;26;30;341;967
845;46,66;-234,29;0,00;0,00;0,00;-0,23;0,00;0,00;472;35;81;24;37;660;371
846;37,22;-430,58;0,00;0,00;0,00;-0,43;0,00;0,00;435;110;62;30;16;577;935
847;54,18;-102,15;0,00;0,00;0,00;-0,10;0,00;0,00;76;128;113;32;25;459;641
848;29,37;-401,09;0,00;0,00;0,00;-0,40;0,00;0,00;448;175;29;32;34;254;444
849;35,53;-340,59;0,00;0,00;0,00;-0,34;0,00;0,00;352;91;90;12;35;514;267
850;40,68;-312,50;0,00;0,00;0,00;-0,31;0,00;0,00;33;119;177;15;38;487;607
851;53,45;-107,46;0,00;0,00;0,00;-0,11;0,00;0,00;69;109;98;15;28;681;990
852;31,31;-417,93;0,00;0,00;0,00;-0,42;0,00;0,00;62;31;118;45;26;852;683
853;21,04;-467,80;0,00;0,00;0,00;-0,47;0,00;0,00;79;31;140;10;23;164;497
854;0,00;-683,61;0,00;0,00;0,00;-0,68;0,00;0,00;421;13;84;33;15;772;421
855;37,05;-271,38;0,00;0,00;0,00;-0,27;0,00;0,00;28;45;115;27;26;850;378
856;46,81;-295,91;0,00;0,00;0,00;-0,30;0,00;0,00;101;165;64;16;21;374;375
857;54,27;-206,20;0,00;0,00;0,00;-0,21;0,00;0,00;423;163;166;44;25;778;859
858;37,67;-276,08;0,00;0,00;0,00;-0,28;0,00;0,00;206;43;192;28;20;172;669
859;59,85;-53,08;0,00;0,00;0,00;-0,05;0,00;0,00;163;110;158;20;33;876;882
860;40,66;-256,85;0,00;0,00;0,00;-0,26;0,00;0,00;101;130;30;14;33;489;553
861;68,11;-66,25;0,00;0,00;0,00;-0,07;0,00;0,00;47;113;175;47;22;960;261
862;23,24;-439,22;0,00;0,00;0,00;-0,44;0,00;0,00;99;189;96;15;38;447;265
863;53,34;-161,93;0,00;0,00;0,00;-0,16;0,00;0,00;316;159;145;28;34;304;953
864;58,23;-131,51;0,00;0,00;0,00;-0,13;0,00;0,00;247;153;188;31;15;141;414
865;35,59;-261,04;0,00;0,00;0,00;-0,26;0,00;0,00;316;73;154;48;34;262;288
866;46,62;-294,05;0,00;0,00;0,00;-0,29;0,00;0,00;177;173;19;35;22;821;617
867;0,00;-667,17;0,00;0,00;0,00;-0,67;0,00;0,00;417;14;146;45;36;796;618
868;71,63;47,99;0,00;0,00;0,00;0,05;0,00;0,00;185;70;105;46;21;611;303
869;51,56;-262,52;0,00;0,00;0,00;-0,26;0,00;0,00;84;152;65;41;27;281;355
870;9,82;-530,15;0,00;0,00;0,00;-0,53;0,00;0,00;390;153;23;13;38;295;498
871;19,51;-581,26;0,00;0,00;0,00;-0,58;0,00;0,00;394;29;95;21;15;795;859
872;40,79;-316,30;0,00;0,00;0,00;-0,32;0,00;0,00;274;42;133;42;37;289;244
873;44,84;-174,99;0,00;0,00;0,00;-0,17;0,00;0,00;320;15;96;15;21;929;626
874;35,30;-365,13;0,00;0,00;0,00;-0,37;0,00;0,00;231;188;102;10;36;907;275
875;68,30;-37,68;0,00;0,00;0,00;-0,04;0,00;0,00;179;196;87;31;18;586;786
876;100,00;284,23;0,00;0,00;0,00;0,28;0,00;0,00;117;112;61;32;34;439;136
877;83,83;162,59;0,00;0,00;0,00;0,16;0,00;0,00;390;110;11;15;19;338;221
878;51,91;-176,33;0,00;0,00;0,00;-0,18;0,00;0,00;67;79;66;42;24;772;292
879;62,37;-59,41;0,00;0,00;0,00;-0,06;0,00;0,00;173;188;154;13;30;802;607
880;98,36;296,42;0,00;0,00;0,00;0,30;0,00;0,00;451;144;52;46;29;785;383
881;12,75;-577,56;0,00;0,00;0,00;-0,58;0,00;0,00;199;135;105;18;19;791;962
882;76,10;23,75;0,00;0,00;0,00;0,02;0,00;0,00;18;156;138;17;19;855;235
883;58,92;-80,24;0,00;0,00;0,00;-0,08;0,00;0,00;426;74;33;10;33;892;106
884;35,03;-454,84;0,00;0,00;0,00;-0,45;0,00;0,00;411;191;85;33;20;593;191
885;82,89;125,40;0,00;0,00;0,00;0,13;0,00;0,00;120;105;182;49;33;487;926
886;72,45;171,46;0,00;0,00;0,00;0,17;0,00;0,00;389;126;115;10;18;178;303
887;35,93;-384,15;0,00;0,00;0,00;-0,38;0,00;0,00;315;117;19;45;27;573;468
888;51,48;-211,98;0,00;0,00;0,00;-0,21;0,00;0,00;32;39;182;22;37;147;914
889;22,38;-434,56;0,00;0,00;0,00;-0,43;0,00;0,00;338;181;55;49;36;363;277
890;41,84;-175,08;0,00;0,00;0,00;-0,18;0,00;0,00;148;187;86;41;25;345;455
891;57,62;-118,72;0,00;0,00;0,00;-0,12;0,00;0,00;185;25;21;19;17;758;593
892;0,00;-704,86;0,00;0,00;0,00;-0,70;0,00;0,00;454;66;115;27;37;848;215
893;32,96;-381,22;0,00;0,00;0,00;-0,38;0,00;0,00;276;184;173;28;29;660;234
894;23,32;-553,82;0,00;0,00;0,00;-0,55;0,00;0,00;15;93;67;37;17;495;944
895;9,92;-638,19;0,00;0,00;0,00;-0,64;0,00;0,00;497;50;10;45;25;733;810
896;80,81;139,03;0,00;0,00;0,00;0,14;0,00;0,00;255;101;173;46;21;363;955
897;55,46;-187,44;0,00;0,00;0,00;-0,19;0,00;0,00;133;17;189;13;15;581;425
898;63,09;-40,24;0,00;0,00;0,00;-0,04;0,00;0,00;174;14;86;30;30;701;639
899;58,78;-175,45;0,00;0,00;0,00;-0,18;0,00;0,00;349;132;64;30;24;893;432
900;68,03;-68,99;0,00;0,00;0,00;-0,07;0,00;0,00;122;128;160;32;32;411;912
901;23,21;-460,87;0,00;0,00;0,00;-0,46;0,00;0,00;233;183;148;23;39;543;917
902;61,92;14,62;0,00;0,00;0,00;0,01;0,00;0,00;180;91;14;22;21;652;237
903;79,74;119,88;0,00;0,00;0,00;0,12;0,00;0,00;356;84;125;23;36;989;464
904;64,15;-56,15;0,00;0,00;0,00;-0,06;0,00;0,00;243;183;28;26;22;808;726
905;52,49;-316,90;0,00;0,00;0,00;-0,32;0,00;0,00;417;107;116;22;27;187;385
906;53,80;-101,39;0,00;0,00;0,00;-0,10;0,00;0,00;478;143;136;12;17;706;831
907;42,62;-227,68;0,00;0,00;0,00;-0,23;0,00;0,00;428;64;88;26;23;864;447
908;42,65;-235,39;0,00;0,00;0,00;-0,24;0,00;0,00;424;169;151;35;38;833;357
909;59,76;-112,05;0,00;0,00;0,00;-0,11;0,00;0,00;334;130;55;38;24;226;416
910;14,86;-624,16;0,00;0,00;0,00;-0,62;0,00;0,00;229;53;50;38;15;270;897
911;29,55;-387,83;0,00;0,00;0,00;-0,39;0,00;0,00;421;125;119;43;19;216;737
912;33,87;-266,16;0,00;0,00;0,00;-0,27;0,00;0,00;100;110;48;17;17;889;480
913;48,12;-188,64;0,00;0,00;0,00;-0,19;0,00;0,00;16;80;150;21;38;604;394
914;78,15;-78,74;0,00;0,00;0,00;-0,08;0,00;0,00;45;18;169;19;32;317;369
915;87,38;147,19;0,00;0,00;0,00;0,15;0,00;0,00;34;81;43;36;27;133;534
916;24,59;-501,79;0,00;0,00;0,00;-0,50;0,00;0,00;253;178;45;21;31;210;445
917;57,62;-192,37;0,00;0,00;0,00;-0,19;0,00;0,00;414;86;135;19;37;443;270
918;42,16;-286,71;0,00;0,00;0,00;-0,29;0,00;0,00;240;87;173;38;18;642;610
919;66,58;-28,57;0,00;0,00;0,00;-0,03;0,00;0,00;128;104;132;49;21;595;390
920;34,28;-332,38;0,00;0,00;0,00;-0,33;0,00;0,00;107;129;185;25;17;509;704
921;45,04;-235,95;0,00;0,00;0,00;-0,24;0,00;0,00;80;40;23;18;18;924;576
922;46,74;-278,09;0,00;0,00;0,00;-0,28;0,00;0,00;347;106;56;11;28;643;642
923;55,43;-160,18;0,00;0,00;0,00;-0,16;0,00;0,00;157;42;143;23;31;412;842
924;33,92;-361,06;0,00;0,00;0,00;-0,36;0,00;0,00;86;92;36;45;34;240;847
925;45,79;-253,17;0,00;0,00;0,00;-0,25;0,00;0,00;110;85;37;19;15;836;143
926;30,89;-382,37;0,00;0,00;0,00;-0,38;0,00;0,00;350;127;39;15;20;201;104
927;92,99;273,39;0,00;0,00;0,00;0,27;0,00;0,00;176;25;80;15;16;780;239
928;21,44;-569,56;0,00;0,00;0,00;-0,57;0,00;0,00;273;32;77;46;18;143;531
929;10,62;-597,23;0,00;0,00;0,00;-0,60;0,00;0,00;27;45;124;36;31;377;323
930;35,94;-293,81;0,00;0,00;0,00;-0,29;0,00;0,00;268;46;101;41;31;680;852
931;24,77;-486,14;0,00;0,00;0,00;-0,49;0,00;0,00;493;151;187;18;36;716;636
932;38,67;-275,71;0,00;0,00;0,00;-0,28;0,00;0,00;354;170;34;46;21;461;935
933;38,01;-290,22;0,00;0,00;0,00;-0,29;0,00;0,00;349;131;45;34;15;598;626
934;19,25;-518,99;0,00;0,00;0,00;-0,52;0,00;0,00;49;177;82;25;26;739;188
935;84,97;80,11;0,00;0,00;0,00;0,08;0,00;0,00;153;154;178;34;23;342;949
936;51,85;-169,32;0,00;0,00;0,00;-0,17;0,00;0,00;297;187;22;21;32;127;110
937;49,85;-231,42;0,00;0,00;0,00;-0,23;0,00;0,00;224;34;90;22;32;249;391
938;79,65;46,01;0,00;0,00;0,00;0,05;0,00;0,00;253;18;43;32;25;408;731
939;43,64;-201,99;0,00;0,00;0,00;-0,20;0,00;0,00;337;47;166;49;36;662;668
940;57,18;-165,02;0,00;0,00;0,00;-0,17;0,00;0,00;258;170;123;16;29;255;735
941;25,27;-459,64;0,00;0,00;0,00;-0,46;0,00;0,00;57;145;32;28;21;556;591
942;22,29;-441,85;0,00;0,00;0,00;-0,44;0,00;0,00;86;82;172;13;35;917;820
943;46,03;-214,99;0,00;0,00;0,00;-0,21;0,00;0,00;200;32;118;16;39;636;913
944;68,24;13,65;0,00;0,00;0,00;0,01;0,00;0,00;379;145;69;23;37;876;678
945;5,78;-683,39;0,00;0,00;0,00;-0,68;0,00;0,00;336;88;49;24;36;200;549
946;75,60;112,61;0,00;0,00;0,00;0,11;0,00;0,00;247;130;183;45;35;169;473
947;4,08;-644,40;0,00;0,00;0,00;-0,64;0,00;0,00;383;133;45;15;17;789;899
948;71,36;-11,08;0,00;0,00;0,00;-0,01;0,00;0,00;461;68;78;18;29;611;232
949;53,58;-193,55;0,00;0,00;0,00;-0,19;0,00;0,00;160;48;33;42;18;433;205
950;57,11;-257,04;0,00;0,00;0,00;-0,26;0,00;0,00;158;37;190;14;33;761;642
951;54,81;-169,16;0,00;0,00;0,00;-0,17;0,00;0,00;410;30;55;25;21;569;939
952;61,54;-33,40;0,00;0,00;0,00;-0,03;0,00;0,00;380;150;152;11;19;963;387
953;64,88;-67,89;0,00;0,00;0,00;-0,07;0,00;0,00;272;144;96;13;16;486;730
954;58,13;-148,54;0,00;0,00;0,00;-0,15;0,00;0,00;330;124;25;19;31;782;482
955;0,00;-620,47;0,00;0,00;0,00;-0,62;0,00;0,00;175;167;72;16;33;447;965
956;58,52;-216,69;0,00;0,00;0,00;-0,22;0,00;0,00;477;131;47;30;20;484;720
957;67,60;39,90;0,00;0,00;0,00;0,04;0,00;0,00;465;23;44;29;36;638;309
958;82,81;153,56;0,00;0,00;0,00;0,15;0,00;0,00;312;62;102;24;37;774;561
959;50,14;-135,76;0,00;0,00;0,00;-0,14;0,00;0,00;208;49;138;34;31;722;837
960;51,28;-217,78;0,00;0,00;0,00;-0,22;0,00;0,00;21;76;97;35;33;568;249
961;30,15;-350,95;0,00;0,00;0,00;-0,35;0,00;0,00;433;148;13;32;22;686;979
962;31,61;-438,87;0,00;0,00;0,00;-0,44;0,00;0,00;332;182;164;42;29;944;472
963;65,02;-46,53;0,00;0,00;0,00;-0,05;0,00;0,00;35;116;188;22;36;844;495
964;67,84;-15,10;0,00;0,00;0,00;-0,02;0,00;0,00;116;112;47;31;18;475;747
965;69,03;24,58;0,00;0,00;0,00;0,02;0,00;0,00;485;123;165;33;18;113;372
966;30,91;-413,63;0,00;0,00;0,00;-0,41;0,00;0,00;312;166;63;26;33;371;148
967;59,53;-64,89;0,00;0,00;0,00;-0,06;0,00;0,00;245;54;129;29;35;142;344
968;19,47;-536,72;0,00;0,00;0,00;-0,54;0,00;0,00;375;31;180;18;36;221;342
969;62,38;20,99;0,00;0,00;0,00;0,02;0,00;0,00;191;32;116;11;29;483;378
970;56,98;-120,87;0,00;0,00;0,00;-0,12;0,00;0,00;171;190;102;23;38;107;403
971;0,00;-642,56;0,00;0,00;0,00;-0,64;0,00;0,00;271;170;93;16;26;967;756
972;27,10;-527,67;0,00;0,00;0,00;-0,53;0,00;0,00;499;55;140;41;17;114;428
973;46,21;-235,96;0,00;0,00;0,00;-0,24;0,00;0,00;72;116;10;18;38;397;843
974;60,18;-21,89;0,00;0,00;0,00;-0,02;0,00;0,00;129;156;140;12;17;122;933
975;75,48;29,03;0,00;0,00;0,00;0,03;0,00;0,00;28;93;174;32;17;917;160
976;66,52;-30,76;0,00;0,00;0,00;-0,03;0,00;0,00;198;66;124;17;35;863;715
977;74,70;99,42;0,00;0,00;0,00;0,10;0,00;0,00;308;12;93;48;33;934;817
978;75,15;63,98;0,00;0,00;0,00;0,06;0,00;0,00;404;166;142;35;33;622;508
979;32,88;-329,37;0,00;0,00;0,00;-0,33;0,00;0,00;34;162;91;46;37;326;109
980;31,13;-366,15;0,00;0,00;0,00;-0,37;0,00;0,00;197;158;143;19;36;785;201
981;58,55;-206,59;0,00;0,00;0,00;-0,21;0,00;0,00;83;43;17;21;38;725;136
982;58,25;-73,95;0,00;0,00;0,00;-0,07;0,00;0,00;352;143;86;22;30;613;525
983;27,79;-382,96;0,00;0,00;0,00;-0,38;0,00;0,00;354;146;198;37;34;815;824
984;7,52;-596,37;0,00;0,00;0,00;-0,60;0,00;0,00;442;140;87;48;30;724;699
985;85,56;78,55;0,00;0,00;0,00;0,08;0,00;0,00;83;54;42;46;20;601;725
986;57,07;-95,00;0,00;0,00;0,00;-0,10;0,00;0,00;168;159;37;19;19;956;695
987;67,92;-70,39;0,00;0,00;0,00;-0,07;0,00;0,00;217;13;132;43;17;820;261
988;16,80;-529,71;0,00;0,00;0,00;-0,53;0,00;0,00;343;148;23;25;35;622;467
989;92,82;198,66;0,00;0,00;0,00;0,20;0,00;0,00;372;87;98;10;15;135;380
990;78,62;55,14;0,00;0,00;0,00;0,06;0,00;0,00;78;85;105;21;30;749;204
991;93,62;262,04;0,00;0,00;0,00;0,26;0,00;0,00;358;121;69;47;27;767;245
992;100,00;238,17;0,00;0,00;0,00;0,24;0,00;0,00;152;87;174;41;31;184;538
993;85,74;103,89;0,00;0,00;0,00;0,10;0,00;0,00;477;165;139;39;35;526;379
994;46,41;-247,90;0,00;0,00;0,00;-0,25;0,00;0,00;133;153;191;24;35;121;115
995;57,81;-179,76;0,00;0,00;0,00;-0,18;0,00;0,00;398;73;94;26;38;314;222
996;18,78;-535,13;0,00;0,00;0,00;-0,54;0,00;0,00;154;134;47;18;21;353;425
997;85,58;131,79;0,00;0,00;0,00;0,13;0,00;0,00;55;63;139;45;23;927;125
998;41,34;-285,86;0,00;0,00;0,00;-0,29;0,00;0,00;152;112;161;45;25;275;639
999;58,80;-81,49;0,00;0,00;0,00;-0,08;0,00;0,00;227;114;158;31;34;622;946
1000;41,48;-241,05;0,00;0,00;0,00;-0,24;0,00;0,00;305;169;124;43;16;399;121
1001;42,71;-382,70;0,00;0,00;0,00;-0,38;0,00;0,00;232;144;94;19;29;782;681
1002;10,95;-502,69;0,00;0,00;0,00;-0,50;0,00;0,00;274;151;81;48;27;338;733
1003;72,50;-4,87;0,00;0,00;0,00;-0,00;0,00;0,00;418;148;150;26;29;921;180
1004;100,00;346,17;0,00;0,00;0,00;0,35;0,00;0,00;169;153;63;24;30;616;295
1005;72,97;-16,05;0,00;0,00;0,00;-0,02;0,00;0,00;95;151;142;46;36;946;894
1006;48,69;-246,14;0,00;0,00;0,00;-0,25;0,00;0,00;48;198;106;40;33;856;640
1007;27,54;-463,73;0,00;0,00;0,00;-0,46;0,00;0,00;281;24;13;34;28;643;463
1008;53,48;-155,48;0,00;0,00;0,00;-0,16;0,00;0,00;434;136;82;13;20;156;904
1009;48,47;-227,34;0,00;0,00;0,00;-0,23;0,00;0,00;344;50;102;49;21;987;327
1010;57,80;-85,17;0,00;0,00;0,00;-0,09;0,00;0,00;77;119;189;31;23;941;986
1011;65,88;-90,33;0,00;0,00;0,00;-0,09;0,00;0,00;269;157;43;22;37;396;754
1012;34,99;-349,01;0,00;0,00;0,00;-0,35;0,00;0,00;401;59;19;27;27;616;668
1013;40,58;-234,50;0,00;0,00;0,00;-0,23;0,00;0,00;294;176;88;44;22;463;136
1014;62,22;-135,82;0,00;0,00;0,00;-0,14;0,00;0,00;142;15;194;43;18;329;264
1015;58,51;-71,67;0,00;0,00;0,00;-0,07;0,00;0,00;487;162;141;42;20;681;168
1016;16,50;-583,91;0,00;0,00;0,00;-0,58;0,00;0,00;459;39;33;12;35;964;632
1017;14,24;-533,75;0,00;0,00;0,00;-0,53;0,00;0,00;448;142;158;12;20;654;323
1018;57,24;-166,72;0,00;0,00;0,00;-0,17;0,00;0,00;472;140;196;28;24;835;796
1019;15,60;-502,44;0,00;0,00;0,00;-0,50;0,00;0,00;254;177;60;43;26;879;822
1020;61,46;-55,32;0,00;0,00;0,00;-0,06;0,00;0,00;116;124;86;31;27;829;419
1021;49,15;-209,68;0,00;0,00;0,00;-0,21;0,00;0,00;320;72;20;36;31;128;864
1022;0,00;-655,86;0,00;0,00;0,00;-0,66;0,00;0,00;497;188;46;28;36;735;287
1023;22,99;-467,16;0,00;0,00;0,00;-0,47;0,00;0,00;301;86;192;39;26;415;475
1024;41,87;-262,51;0,00;0,00;0,00;-0,26;0,00;0,00;238;143;151;35;20;233;756
1025;29,52;-407,17;0,00;0,00;0,00;-0,41;0,00;0,00;452;184;74;43;25;424;341
1026;49,74;-167,01;0,00;0,00;0,00;-0,17;0,00;0,00;221;88;100;25;34;273;501
1027;22,88;-506,20;0,00;0,00;0,00;-0,51;0,00;0,00;86;137;20;45;15;109;577
1028;67,61;-68,81;0,00;0,00;0,00;-0,07;0,00;0,00;67;103;130;23;24;609;903
1029;49,71;-274,84;0,00;0,00;0,00;-0,27;0,00;0,00;394;159;190;16;29;415;374
1030;54,46;-216,56;0,00;0,00;0,00;-0,22;0,00;0,00;286;130;66;17;18;675;258
1031;78,99;84,96;0,00;0,00;0,00;0,08;0,00;0,00;217;184;97;48;32;692;464
1032;35,79;-364,66;0,00;0,00;0,00;-0,36;0,00;0,00;310;90;114;34;29;556;785
1033;20,29;-535,71;0,00;0,00;0,00;-0,54;0,00;0,00;239;170;62;17;21;770;634
1034;78,26;23,71;0,00;0,00;0,00;0,02;0,00;0,00;349;195;15;23;15;893;238
1035;65,33;65,68;0,00;0,00;0,00;0,07;0,00;0,00;308;72;27;13;36;371;248
1036;28,10;-390,15;0,00;0,00;0,00;-0,39;0,00;0,00;60;88;148;32;29;232;814
1037;45,77;-306,18;0,00;0,00;0,00;-0,31;0,00;0,00;228;53;138;23;36;165;268
1038;29,91;-392,73;0,00;0,00;0,00;-0,39;0,00;0,00;287;99;188;37;28;991;836
1039;43,47;-294,23;0,00;0,00;0,00;-0,29;0,00;0,00;60;38;13;25;16;173;276
1040;100,00;272,20;0,00;0,00;0,00;0,27;0,00;0,00;430;174;126;38;32;737;682
1041;63,53;-56,24;0,00;0,00;0,00;-0,06;0,00;0,00;322;31;74;28;19;864;413
1042;42,00;-226,92;0,00;0,00;0,00;-0,23;0,00;0,00;222;170;79;32;37;921;468
1043;38,18;-277,35;0,00;0,00;0,00;-0,28;0,00;0,00;443;26;61;30;28;785;572
1044;98,85;239,79;0,00;0,00;0,00;0,24;0,00;0,00;487;42;83;47;19;598;735
1045;58,55;-12,14;0,00;0,00;0,00;-0,01;0,00;0,00;419;12;75;49;15;903;722
1046;100,00;287,55;0,00;0,00;0,00;0,29;0,00;0,00;103;193;192;19;33;866;531
1047;89,55;287,66;0,00;0,00;0,00;0,29;0,00;0,00;386;160;41;19;15;626;461
1048;40,84;-326,59;0,00;0,00;0,00;-0,33;0,00;0,00;268;181;135;17;25;424;550
1049;13,98;-535,07;0,00;0,00;0,00;-0,54;0,00;0,00;476;32;119;19;37;439;727
1050;82,76;149,70;0,00;0,00;0,00;0,15;0,00;0,00;477;100;165;49;28;328;241
1051;62,65;-65,08;0,00;0,00;0,00;-0,07;0,00;0,00;417;54;14;32;16;787;665
1052;24,42;-528,00;0,00;0,00;0,00;-0,53;0,00;0,00;267;64;192;33;23;538;371
1053;53,84;-126,99;0,00;0,00;0,00;-0,13;0,00;0,00;177;53;162;49;37;231;456
1054;34,01;-419,26;0,00;0,00;0,00;-0,42;0,00;0,00;249;61;141;40;32;794;626
1055;22,15;-581,78;0,00;0,00;0,00;-0,58;0,00;0,00;116;21;75;47;28;273;881
1056;100,00;361,96;0,00;0,00;0,00;0,36;0,00;0,00;442;164;59;45;39;205;374
1057;54,07;-225,48;0,00;0,00;0,00;-0,23;0,00;0,00;425;21;48;18;38;562;298
1058;19,92;-504,87;0,00;0,00;0,00;-0,50;0,00;0,00;374;157;122;17;33;330;735
1059;70,18;55,91;0,00;0,00;0,00;0,06;0,00;0,00;470;138;199;17;18;131;678
1060;83,70;194,23;0,00;0,00;0,00;0,19;0,00;0,00;203;55;18;42;18;488;673
1061;39,86;-364,48;0,00;0,00;0,00;-0,36;0,00;0,00;412;66;168;18;22;626;228
1062;43,64;-284,24;0,00;0,00;0,00;-0,28;0,00;0,00;405;191;180;29;35;119;301
1063;39,76;-291,55;0,00;0,00;0,00;-0,29;0,00;0,00;154;171;76;48;34;682;794
1064;46,38;-182,52;0,00;0,00;0,00;-0,18;0,00;0,00;169;129;61;21;17;798;734
1065;34,06;-303,43;0,00;0,00;0,00;-0,30;0,00;0,00;118;43;15;47;15;570;278
1066;65,16;-47,90;0,00;0,00;0,00;-0,05;0,00;0,00;400;101;25;49;23;854;133
1067;0,00;-614,92;0,00;0,00;0,00;-0,61;0,00;0,00;115;192;94;45;30;351;370
1068;30,45;-348,83;0,00;0,00;0,00;-0,35;0,00;0,00;86;74;91;30;27;779;779
1069;58,18;-84,40;0,00;0,00;0,00;-0,08;0,00;0,00;215;122;88;25;23;561;457
1070;63,94;-13,86;0,00;0,00;0,00;-0,01;0,00;0,00;458;177;171;34;33;757;296
1071;30,90;-447,55;0,00;0,00;0,00;-0,45;0,00;0,00;439;76;141;26;31;881;385
1072;30,65;-460,94;0,00;0,00;0,00;-0,46;0,00;0,00;266;67;17;46;19;614;253
1073;40,66;-336,54;0,00;0,00;0,00;-0,34;0,00;0,00;270;175;134;34;37;946;454
1074;48,51;-232,83;0,00;0,00;0,00;-0,23;0,00;0,00;133;154;37;27;35;529;372
1075;73,78;82,81;0,00;0,00;0,00;0,08;0,00;0,00;74;158;165;38;15;344;856
1076;57,96;-74,52;0,00;0,00;0,00;-0,07;0,00;0,00;66;27;124;17;17;461;216
1077;62,80;-37,88;0,00;0,00;0,00;-0,04;0,00;0,00;303;186;28;13;30;292;207
1078;24,59;-435,60;0,00;0,00;0,00;-0,44;0,00;0,00;331;71;184;26;17;676;440
1079;51,96;-164,37;0,00;0,00;0,00;-0,16;0,00;0,00;40;49;95;10;33;747;185
1080;20,71;-480,89;0,00;0,00;0,00;-0,48;0,00;0,00;439;115;107;22;24;791;851
1081;80,28;114,79;0,00;0,00;0,00;0,11;0,00;0,00;79;94;123;40;26;551;458
1082;0,00;-702,98;0,00;0,00;0,00;-0,70;0,00;0,00;188;123;131;37;39;476;630
1083;43,27;-355,48;0,00;0,00;0,00;-0,36;0,00;0,00;94;26;138;31;39;676;167
1084;60,17;15,96;0,00;0,00;0,00;0,02;0,00;0,00;101;31;14;28;16;829;910
1085;67,32;12,01;0,00;0,00;0,00;0,01;0,00;0,00;122;111;18;32;15;187;990
1086;19,73;-512,63;0,00;0,00;0,00;-0,51;0,00;0,00;68;170;183;28;22;307;245
1087;45,25;-201,68;0,00;0,00;0,00;-0,20;0,00;0,00;120;76;151;30;33;993;428
1088;73,96;-3,53;0,00;0,00;0,00;-0,00;0,00;0,00;350;99;39;34;23;528;919
1089;48,09;-235,24;0,00;0,00;0,00;-0,24;0,00;0,00;438;177;55;41;33;335;318
1090;97,44;368,89;0,00;0,00;0,00;0,37;0,00;0,00;279;95;73;21;31;405;420
1091;31,65;-382,04;0,00;0,00;0,00;-0,38;0,00;0,00;433;30;95;29;36;363;543
1092;39,08;-373,63;0,00;0,00;0,00;-0,37;0,00;0,00;116;196;177;24;31;913;280
1093;51,26;-179,12;0,00;0,00;0,00;-0,18;0,00;0,00;165;197;189;32;36;852;576
1094;34,95;-356,35;0,00;0,00;0,00;-0,36;0,00;0,00;458;83;115;31;18;946;130
1095;40,40;-330,71;0,00;0,00;0,00;-0,33;0,00;0,00;477;154;185;48;31;886;139
1096;24,41;-517,72;0,00;0,00;0,00;-0,52;0,00;0,00;428;170;91;38;26;368;726
1097;27,10;-390,15;0,00;0,00;0,00;-0,39;0,00;0,00;267;145;61;49;25;565;838
1098;67,93;-22,98;0,00;0,00;0,00;-0,02;0,00;0,00;21;100;21;40;25;104;966
1099;29,36;-478,52;0,00;0,00;0,00;-0,48;0,00;0,00;266;136;126;48;15;906;631
1100;14,99;-529,95;0,00;0,00;0,00;-0,53;0,00;0,00;372;112;95;13;36;750;979
1101;38,59;-291,01;0,00;0,00;0,00;-0,29;0,00;0,00;267;137;117;36;31;165;268
1102;81,64;141,57;0,00;0,00;0,00;0,14;0,00;0,00;330;86;19;27;24;953;481
1103;45,40;-159,79;0,00;0,00;0,00;-0,16;0,00;0,00;130;85;191;25;32;534;299
1104;35,18;-394,37;0,00;0,00;0,00;-0,39;0,00;0,00;491;32;81;30;24;150;593
1105;21,19;-458,14;0,00;0,00;0,00;-0,46;0,00;0,00;428;95;82;25;18;934;598
1106;90,42;251,99;0,00;0,00;0,00;0,25;0,00;0,00;374;50;43;22;30;273;297
1107;25,28;-368,80;0,00;0,00;0,00;-0,37;0,00;0,00;489;85;123;23;21;169;127
1108;63,94;-49,81;0,00;0,00;0,00;-0,05;0,00;0,00;368;98;107;16;21;913;892
1109;33,06;-360,84;0,00;0,00;0,00;-0,36;0,00;0,00;24;161;120;19;22;923;306
1110;72,27;62,96;0,00;0,00;0,00;0,06;0,00;0,00;295;27;63;24;16;326;240
1111;78,34;102,48;0,00;0,00;0,00;0,10;0,00;0,00;65;93;20;31;21;636;568
1112;86,24;111,49;0,00;0,00;0,00;0,11;0,00;0,00;64;182;20;26;28;854;299
1113;69,78;-19,55;0,00;0,00;0,00;-0,02;0,00;0,00;320;70;67;35;27;160;313
1114;17,33;-547,42;0,00;0,00;0,00;-0,55;0,00;0,00;435;157;117;20;15;664;586
1115;48,07;-295,99;0,00;0,00;0,00;-0,30;0,00;0,00;177;25;30;49;16;695;501
1116;63,64;-75,57;0,00;0,00;0,00;-0,08;0,00;0,00;250;147;149;49;29;150;784
1117;73,54;24,10;0,00;0,00;0,00;0,02;0,00;0,00;166;50;44;32;24;162;156
1118;59,24;-50,63;0,00;0,00;0,00;-0,05;0,00;0,00;345;28;168;27;29;670;879
1119;30,15;-334,76;0,00;0,00;0,00;-0,33;0,00;0,00;57;75;103;40;24;730;883
1120;90,33;222,45;0,00;0,00;0,00;0,22;0,00;0,00;180;92;50;15;33;166;932
1121;33,34;-397,28;0,00;0,00;0,00;-0,40;0,00;0,00;24;30;96;23;38;787;878
1122;38,47;-289,28;0,00;0,00;0,00;-0,29;0,00;0,00;392;168;179;33;25;188;469
1123;16,01;-506,28;0,00;0,00;0,00;-0,51;0,00;0,00;138;129;182;48;31;240;502
1124;61,62;-67,55;0,00;0,00;0,00;-0,07;0,00;0,00;56;97;181;40;30;151;321
1125;37,63;-338,21;0,00;0,00;0,00;-0,34;0,00;0,00;224;165;153;32;19;906;101
1126;83,70;188,73;0,00;0,00;0,00;0,19;0,00;0,00;488;45;88;27;29;286;412
1127;80,49;134,37;0,00;0,00;0,00;0,13;0,00;0,00;448;87;17;36;35;446;132
1128;29,76;-479,23;0,00;0,00;0,00;-0,48;0,00;0,00;415;151;157;13;15;195;854
1129;27,98;-328,55;0,00;0,00;0,00;-0,33;0,00;0,00;29;12;160;32;35;238;959
1130;90,53;220,52;0,00;0,00;0,00;0,22;0,00;0,00;408;40;109;29;33;750;632
1131;67,05;-103,51;0,00;0,00;0,00;-0,10;0,00;0,00;286;133;69;16;37;910;200
1132;100,00;262,42;0,00;0,00;0,00;0,26;0,00;0,00;338;196;41;31;23;367;913
1133;44,08;-318,96;0,00;0,00;0,00;-0,32;0,00;0,00;234;61;19;18;35;130;321
1134;12,45;-538,53;0,00;0,00;0,00;-0,54;0,00;0,00;230;196;120;25;16;879;407
1135;66,53;-37,30;0,00;0,00;0,00;-0,04;0,00;0,00;33;173;53;12;34;834;588
1136;54,95;-131,87;0,00;0,00;0,00;-0,13;0,00;0,00;267;162;20;41;29;563;826
1137;83,91;208,03;0,00;0,00;0,00;0,21;0,00;0,00;435;16;62;31;23;120;915
1138;100,00;280,83;0,00;0,00;0,00;0,28;0,00;0,00;386;148;72;46;33;374;274
1139;1,23;-789,43;0,00;0,00;0,00;-0,79;0,00;0,00;40;149;179;18;18;839;542
1140;66,84;-49,05;0,00;0,00;0,00;-0,05;0,00;0,00;338;36;146;42;31;139;944
1141;17,00;-547,71;0,00;0,00;0,00;-0,55;0,00;0,00;309;40;186;49;24;454;677
1142;48,18;-214,19;0,00;0,00;0,00;-0,21;0,00;0,00;43;53;14;39;39;397;236
1143;63,62;-18,02;0,00;0,00;0,00;-0,02;0,00;0,00;280;138;86;19;29;463;125
1144;46,70;-247,65;0,00;0,00;0,00;-0,25;0,00;0,00;70;80;113;33;20;700;560
1145;30,97;-419,86;0,00;0,00;0,00;-0,42;0,00;0,00;31;171;137;40;18;509;103
1146;88,98;167,86;0,00;0,00;0,00;0,17;0,00;0,00;243;145;48;39;33;111;239
1147;40,37;-272,87;0,00;0,00;0,00;-0,27;0,00;0,00;347;29;168;36;29;330;712
1148;33,14;-369,77;0,00;0,00;0,00;-0,37;0,00;0,00;435;146;124;34;38;424;611
1149;65,71;-40,86;0,00;0,00;0,00;-0,04;0,00;0,00;195;171;173;47;37;663;628
1150;60,34;-176,44;0,00;0,00;0,00;-0,18;0,00;0,00;339;133;187;21;19;382;866
1151;35,85;-314,00;0,00;0,00;0,00;-0,31;0,00;0,00;365;195;21;14;19;483;158
1152;68,42;7,35;0,00;0,00;0,00;0,01;0,00;0,00;315;64;14;44;15;868;804
1153;83,28;135,95;0,00;0,00;0,00;0,14;0,00;0,00;348;168;76;43;31;854;301
1154;63,92;-7,78;0,00;0,00;0,00;-0,01;0,00;0,00;253;62;72;33;16;270;973
1155;25,14;-435,11;0,00;0,00;0,00;-0,44;0,00;0,00;373;111;113;25;16;434;327
1156;54,10;-157,81;0,00;0,00;0,00;-0,16;0,00;0,00;117;130;65;49;30;321;198
1157;23,21;-461,25;0,00;0,00;0,00;-0,46;0,00;0,00;456;57;10;21;17;285;275
1158;29,40;-423,40;0,00;0,00;0,00;-0,42;0,00;0,00;311;144;13;25;16;887;307
1159;35,01;-321,83;0,00;0,00;0,00;-0,32;0,00;0,00;222;144;121;10;25;861;335
1160;42,48;-236,08;0,00;0,00;0,00;-0,24;0,00;0,00;90;32;47;26;18;842;841
1161;61,97;1,33;0,00;0,00;0,00;0,00;0,00;0,00;22;165;155;16;37;517;302
1162;52,66;-188,19;0,00;0,00;0,00;-0,19;0,00;0,00;77;132;100;40;27;407;884
1163;60,68;-135,41;0,00;0,00;0,00;-0,14;0,00;0,00;493;16;87;21;16;288;198
1164;39,67;-351,87;0,00;0,00;0,00;-0,35;0,00;0,00;168;195;40;28;21;122;866
1165;37,54;-259,90;0,00;0,00;0,00;-0,26;0,00;0,00;340;74;157;26;17;759;208
1166;50,28;-217,17;0,00;0,00;0,00;-0,22;0,00;0,00;263;17;95;10;32;936;298
1167;62,85;-163,38;0,00;0,00;0,00;-0,16;0,00;0,00;356;90;155;24;20;332;235
1168;31,90;-378,04;0,00;0,00;0,00;-0,38;0,00;0,00;164;39;115;28;16;632;477
1169;16,05;-500,18;0,00;0,00;0,00;-0,50;0,00;0,00;103;122;93;31;28;468;875
1170;64,98;-98,81;0,00;0,00;0,00;-0,10;0,00;0,00;465;175;107;30;34;557;818
1171;24,72;-388,94;0,00;0,00;0,00;-0,39;0,00;0,00;423;176;191;48;30;833;242
1172;45,40;-215,10;0,00;0,00;0,00;-0,22;0,00;0,00;373;13;149;24;39;607;366
1173;48,40;-266,32;0,00;0,00;0,00;-0,27;0,00;0,00;285;29;76;37;15;185;613
1174;53,02;-163,74;0,00;0,00;0,00;-0,16;0,00;0,00;40;81;102;49;20;169;186
1175;77,81;89,94;0,00;0,00;0,00;0,09;0,00;0,00;309;170;105;48;38;225;228
1176;80,57;75,20;0,00;0,00;0,00;0,08;0,00;0,00;272;101;138;16;18;819;866
1177;13,35;-687,17;0,00;0,00;0,00;-0,69;0,00;0,00;199;135;35;41;35;882;428
1178;53,10;-123,57;0,00;0,00;0,00;-0,12;0,00;0,00;88;161;69;27;19;295;616
1179;51,41;-246,53;0,00;0,00;0,00;-0,25;0,00;0,00;121;190;181;19;21;284;609
1180;86,56;114,58;0,00;0,00;0,00;0,11;0,00;0,00;294;12;83;21;24;141;411
1181;58,43;-139,98;0,00;0,00;0,00;-0,14;0,00;0,00;241;64;105;43;21;999;429
1182;76,31;175,04;0,00;0,00;0,00;0,18;0,00;0,00;102;43;160;14;39;110;358
1183;29,44;-496,21;0,00;0,00;0,00;-0,50;0,00;0,00;460;78;75;26;29;869;806
1184;73,69;46,21;0,00;0,00;0,00;0,05;0,00;0,00;215;15;155;16;18;921;536
1185;62,76;-127,99;0,00;0,00;0,00;-0,13;0,00;0,00;456;18;75;27;21;735;925
1186;57,40;-167,35;0,00;0,00;0,00;-0,17;0,00;0,00;141;118;16;37;36;253;282
1187;71,83;-75,15;0,00;0,00;0,00;-0,08;0,00;0,00;157;18;199;42;35;262;420
1188;55,88;-144,68;0,00;0,00;0,00;-0,14;0,00;0,00;330;188;136;23;34;504;451
1189;43,63;-246,54;0,00;0,00;0,00;-0,25;0,00;0,00;241;132;107;35;31;513;297
1190;100,00;201,34;0,00;0,00;0,00;0,20;0,00;0,00;323;73;80;11;26;573;990
1191;49,46;-183,98;0,00;0,00;0,00;-0,18;0,00;0,00;246;177;131;40;26;807;689
1192;88,46;92,82;0,00;0,00;0,00;0,09;0,00;0,00;391;23;19;13;20;435;939
1193;34,25;-309,01;0,00;0,00;0,00;-0,31;0,00;0,00;141;44;44;18;27;754;730
1194;33,28;-339,59;0,00;0,00;0,00;-0,34;0,00;0,00;355;21;172;46;33;324;345
1195;32,78;-341,89;0,00;0,00;0,00;-0,34;0,00;0,00;394;166;116;49;20;168;782
1196;86,63;117,39;0,00;0,00;0,00;0,12;0,00;0,00;109;94;51;26;30;228;208
1197;77,64;136,00;0,00;0,00;0,00;0,14;0,00;0,00;176;61;191;36;39;549;659
1198;45,90;-357,27;0,00;0,00;0,00;-0,36;0,00;0,00;279;64;136;38;15;334;775
1199;45,84;-256,05;0,00;0,00;0,00;-0,26;0,00;0,00;399;98;105;38;25;223;727
1200;28,01;-427,62;0,00;0,00;0,00;-0,43;0,00;0,00;465;61;124;37;31;550;391
1201;0,00;-787,41;0,00;0,00;0,00;-0,79;0,00;0,00;464;175;180;31;32;862;359
1202;74,77;53,97;0,00;0,00;0,00;0,05;0,00;0,00;483;114;164;15;23;243;663
1203;0,00;-722,88;0,00;0,00;0,00;-0,72;0,00;0,00;467;22;57;32;28;393;384
1204;45,10;-282,68;0,00;0,00;0,00;-0,28;0,00;0,00;443;42;182;35;24;218;977
1205;53,02;-126,33;0,00;0,00;0,00;-0,13;0,00;0,00;339;35;19;13;18;684;429
1206;89,56;158,97;0,00;0,00;0,00;0,16;0,00;0,00;84;185;165;38;38;196;894
1207;61,09;-119,40;0,00;0,00;0,00;-0,12;0,00;0,00;326;157;75;46;23;559;534
1208;8,16;-654,22;0,00;0,00;0,00;-0,65;0,00;0,00;471;160;57;30;19;329;124
1209;23,04;-455,74;0,00;0,00;0,00;-0,46;0,00;0,00;424;179;68;38;35;286;518
1210;73,54;111,62;0,00;0,00;0,00;0,11;0,00;0,00;313;78;65;40;30;214;521
1211;69,82;-6,25;0,00;0,00;0,00;-0,01;0,00;0,00;123;70;168;24;29;960;585
1212;73,87;-46,12;0,00;0,00;0,00;-0,05;0,00;0,00;222;190;60;37;22;338;411
1213;24,38;-473,90;0,00;0,00;0,00;-0,47;0,00;0,00;147;131;41;41;36;150;507
1214;25,36;-423,62;0,00;0,00;0,00;-0,42;0,00;0,00;256;48;16;42;39;286;616
1215;64,68;0,13;0,00;0,00;0,00;0,00;0,00;0,00;458;133;14;15;21;971;485
1216;43,01;-313,97;0,00;0,00;0,00;-0,31;0,00;0,00;249;109;92;23;26;672;661
1217;25,01;-362,71;0,00;0,00;0,00;-0,36;0,00;0,00;261;165;57;31;25;656;242
1218;0,00;-719,10;0,00;0,00;0,00;-0,72;0,00;0,00;440;62;63;10;38;188;619
1219;29,86;-395,95;0,00;0,00;0,00;-0,40;0,00;0,00;224;101;55;18;34;336;253
1220;38,04;-334,47;0,00;0,00;0,00;-0,33;0,00;0,00;95;199;57;41;22;115;431
1221;87,91;214,80;0,00;0,00;0,00;0,21;0,00;0,00;194;39;96;37;25;100;442
1222;23,85;-516,60;0,00;0,00;0,00;-0,52;0,00;0,00;182;39;192;38;39;565;650
1223;47,25;-201,27;0,00;0,00;0,00;-0,20;0,00;0,00;269;123;163;31;18;108;364
1224;60,55;-73,43;0,00;0,00;0,00;-0,07;0,00;0,00;329;133;135;32;36;514;515
1225;42,86;-221,24;0,00;0,00;0,00;-0,22;0,00;0,00;206;170;192;11;29;943;679
1226;24,73;-560,15;0,00;0,00;0,00;-0,56;0,00;0,00;382;56;26;14;16;660;644
1227;50,04;-227,25;0,00;0,00;0,00;-0,23;0,00;0,00;194;140;149;45;23;239;922
1228;57,63;-133,24;0,00;0,00;0,00;-0,13;0,00;0,00;196;159;57;32;19;426;525
1229;48,99;-197,19;0,00;0,00;0,00;-0,20;0,00;0,00;450;56;139;17;24;836;965
1230;30,39;-336,78;0,00;0,00;0,00;-0,34;0,00;0,00;119;53;132;27;38;828;912
1231;45,47;-225,02;0,00;0,00;0,00;-0,23;0,00;0,00;14;188;72;22;32;162;174
1232;42,08;-354,14;0,00;0,00;0,00;-0,35;0,00;0,00;421;155;59;31;33;851;925
1233;88,01;75,92;0,00;0,00;0,00;0,08;0,00;0,00;405;173;146;21;35;138;502
1234;70,85;-40,13;0,00;0,00;0,00;-0,04;0,00;0,00;222;77;114;41;28;673;142
1235;64,85;-40,78;0,00;0,00;0,00;-0,04;0,00;0,00;354;96;49;31;31;837;650
1236;9,19;-623,42;0,00;0,00;0,00;-0,62;0,00;0,00;311;150;38;32;38;316;538
1237;59,25;-43,76;0,00;0,00;0,00;-0,04;0,00;0,00;132;25;199;14;27;640;297
1238;27,69;-518,73;0,00;0,00;0,00;-0,52;0,00;0,00;27;168;34;33;18;799;909
1239;52,02;-201,74;0,00;0,00;0,00;-0,20;0,00;0,00;12;188;107;42;37;978;459
1240;4,68;-596,44;0,00;0,00;0,00;-0,60;0,00;0,00;168;116;138;48;39;338;397
1241;56,35;-128,79;0,00;0,00;0,00;-0,13;0,00;0,00;15;18;156;11;29;457;169
1242;31,74;-449,53;0,00;0,00;0,00;-0,45;0,00;0,00;64;51;128;47;36;598;590
1243;69,48;19,25;0,00;0,00;0,00;0,02;0,00;0,00;427;76;139;38;39;503;260
1244;35,63;-297,99;0,00;0,00;0,00;-0,30;0,00;0,00;339;161;86;13;18;361;951
1245;81,25;181,52;0,00;0,00;0,00;0,18;0,00;0,00;422;181;195;48;19;689;439
1246;24,57;-534,16;0,00;0,00;0,00;-0,53;0,00;0,00;329;176;152;43;23;545;249
1247;16,16;-558,79;0,00;0,00;0,00;-0,56;0,00;0,00;307;67;111;22;17;198;343
1248;41,00;-264,95;0,00;0,00;0,00;-0,26;0,00;0,00;32;121;106;37;18;850;188
1249;2,14;-685,85;0,00;0,00;0,00;-0,69;0,00;0,00;175;25;139;21;18;996;204
1250;42,27;-206,11;0,00;0,00;0,00;-0,21;0,00;0,00;393;109;193;28;15;205;260
1251;47,30;-208,87;0,00;0,00;0,00;-0,21;0,00;0,00;241;101;150;25;32;226;924
1252;52,74;-175,74;0,00;0,00;0,00;-0,18;0,00;0,00;402;174;17;39;21;877;443
1253;0,00;-760,72;0,00;0,00;0,00;-0,76;0,00;0,00;497;100;127;29;25;328;834
1254;0,00;-698,53;0,00;0,00;0,00;-0,70;0,00;0,00;404;153;10;19;18;548;791
1255;65,19;-112,14;0,00;0,00;0,00;-0,11;0,00;0,00;337;97;24;13;27;657;989
1256;49,45;-231,13;0,00;0,00;0,00;-0,23;0,00;0,00;343;105;151;49;30;541;251
1257;66,77;23,36;0,00;0,00;0,00;0,02;0,00;0,00;260;179;101;25;35;887;460
1258;28,26;-405,44;0,00;0,00;0,00;-0,41;0,00;0,00;153;115;98;22;26;331;658
1259;98,34;282,27;0,00;0,00;0,00;0,28;0,00;0,00;155;157;158;31;17;522;777
1260;46,56;-178,21;0,00;0,00;0,00;-0,18;0,00;0,00;407;86;171;41;39;242;499
1261;92,20;109,14;0,00;0,00;0,00;0,11;0,00;0,00;473;180;109;34;27;624;183
1262;46,62;-285,17;0,00;0,00;0,00;-0,29;0,00;0,00;109;183;29;41;17;293;274
1263;48,98;-209,75;0,00;0,00;0,00;-0,21;0,00;0,00;275;134;132;39;39;737;579
1264;40,92;-333,03;0,00;0,00;0,00;-0,33;0,00;0,00;496;190;192;23;37;726;913
1265;58,54;-202,20;0,00;0,00;0,00;-0,20;0,00;0,00;469;198;119;48;20;773;543
1266;1,41;-740,80;0,00;0,00;0,00;-0,74;0,00;0,00;316;64;115;45;39;229;179
1267;58,60;-165,35;0,00;0,00;0,00;-0,17;0,00;0,00;215;121;182;26;28;111;686
1268;77,48;95,82;0,00;0,00;0,00;0,10;0,00;0,00;341;181;171;45;28;667;505
1269;35,74;-326,48;0,00;0,00;0,00;-0,33;0,00;0,00;348;141;194;33;35;300;300
1270;23,73;-412,82;0,00;0,00;0,00;-0,41;0,00;0,00;292;150;172;15;24;982;484
1271;25,43;-450,98;0,00;0,00;0,00;-0,45;0,00;0,00;376;147;31;34;37;366;150
1272;37,03;-347,71;0,00;0,00;0,00;-0,35;0,00;0,00;86;101;144;27;25;584;730
1273;86,52;194,51;0,00;0,00;0,00;0,19;0,00;0,00;189;164;118;16;17;179;913
1274;62,69;36,79;0,00;0,00;0,00;0,04;0,00;0,00;464;173;106;22;21;921;592
1275;44,19;-242,93;0,00;0,00;0,00;-0,24;0,00;0,00;468;18;69;35;37;989;444
1276;86,40;271,09;0,00;0,00;0,00;0,27;0,00;0,00;64;170;182;11;36;606;386
1277;37,60;-355,48;0,00;0,00;0,00;-0,36;0,00;0,00;146;129;103;17;15;856;481
1278;41,45;-295,97;0,00;0,00;0,00;-0,30;0,00;0,00;119;83;186;26;25;781;304
1279;83,32;144,66;0,00;0,00;0,00;0,14;0,00;0,00;191;147;95;34;27;479;716
1280;24,46;-499,19;0,00;0,00;0,00;-0,50;0,00;0,00;330;181;65;37;31;666;643
1281;75,67;24,12;0,00;0,00;0,00;0,02;0,00;0,00;486;43;166;39;38;811;293
1282;82,40;73,95;0,00;0,00;0,00;0,07;0,00;0,00;111;94;42;11;38;724;677
1283;46,01;-221,85;0,00;0,00;0,00;-0,22;0,00;0,00;479;198;196;48;38;685;700
1284;18,37;-328,00;0,00;0,00;0,00;-0,33;0,00;0,00;77;95;147;11;21;377;409
1285;89,67;193,08;0,00;0,00;0,00;0,19;0,00;0,00;487;101;58;22;22;615;603
1286;36,14;-199,55;0,00;0,00;0,00;-0,20;0,00;0,00;419;159;178;48;30;281;394
1287;96,06;236,58;0,00;0,00;0,00;0,24;0,00;0,00;76;191;68;25;25;775;799
1288;40,15;-196,98;0,00;0,00;0,00;-0,20;0,00;0,00;387;74;180;23;15;557;944
1289;75,66;41,57;0,00;0,00;0,00;0,04;0,00;0,00;140;120;113;20;30;177;983
1290;37,56;-407,14;0,00;0,00;0,00;-0,41;0,00;0,00;387;16;44;43;38;831;790
1291;83,14;218,16;0,00;0,00;0,00;0,22;0,00;0,00;365;185;24;27;23;981;821
1292;5,49;-593,69;0,00;0,00;0,00;-0,59;0,00;0,00;121;20;192;43;38;711;606
1293;44,23;-304,23;0,00;0,00;0,00;-0,30;0,00;0,00;462;112;49;36;15;147;183
1294;31,99;-357,23;0,00;0,00;0,00;-0,36;0,00;0,00;397;111;190;29;32;698;790
1295;36,87;-410,04;0,00;0,00;0,00;-0,41;0,00;0,00;92;61;70;23;34;155;671
1296;87,34;182,61;0,00;0,00;0,00;0,18;0,00;0,00;13;101;50;23;26;308;532
1297;72,56;16,35;0,00;0,00;0,00;0,02;0,00;0,00;338;30;101;16;34;454;314
1298;52,20;-146,58;0,00;0,00;0,00;-0,15;0,00;0,00;44;139;22;45;25;895;507
1299;80,41;102,23;0,00;0,00;0,00;0,10;0,00;0,00;253;72;43;48;36;951;817
1300;18,73;-583,76;0,00;0,00;0,00;-0,58;0,00;0,00;480;30;79;12;23;622;137
1301;81,04;95,32;0,00;0,00;0,00;0,10;0,00;0,00;377;62;57;21;17;827;886
1302;24,61;-421,51;0,00;0,00;0,00;-0,42;0,00;0,00;120;110;91;39;15;546;598
1303;78,94;119,19;0,00;0,00;0,00;0,12;0,00;0,00;227;31;185;24;29;911;981
1304;38,67;-227,72;0,00;0,00;0,00;-0,23;0,00;0,00;445;155;15;43;21;677;529
1305;73,93;0,56;0,00;0,00;0,00;0,00;0,00;0,00;13;135;39;48;17;203;865
1306;31,36;-442,83;0,00;0,00;0,00;-0,44;0,00;0,00;191;136;141;45;39;754;470
1307;72,91;11,71;0,00;0,00;0,00;0,01;0,00;0,00;430;154;23;12;39;508;540
1308;69,70;-27,13;0,00;0,00;0,00;-0,03;0,00;0,00;355;74;10;30;21;379;764
1309;35,48;-330,58;0,00;0,00;0,00;-0,33;0,00;0,00;189;36;87;20;19;110;149
1310;57,33;-87,15;0,00;0,00;0,00;-0,09;0,00;0,00;471;126;99;22;20;972;734
1311;78,27;80,48;0,00;0,00;0,00;0,08;0,00;0,00;341;154;93;29;34;535;664
1312;40,86;-273,16;0,00;0,00;0,00;-0,27;0,00;0,00;27;14;143;15;25;238;878
1313;48,25;-244,44;0,00;0,00;0,00;-0,24;0,00;0,00;96;164;172;48;15;700;241
1314;38,87;-351,63;0,00;0,00;0,00;-0,35;0,00;0,00;309;62;20;27;34;656;451
1315;23,12;-449,34;0,00;0,00;0,00;-0,45;0,00;0,00;40;182;178;29;38;867;411
1316;44,48;-308,68;0,00;0,00;0,00;-0,31;0,00;0,00;119;90;48;37;27;891;280
1317;82,94;172,92;0,00;0,00;0,00;0,17;0,00;0,00;206;186;141;37;20;603;193
1318;40,42;-226,94;0,00;0,00;0,00;-0,23;0,00;0,00;44;106;83;29;18;811;302
1319;71,41;100,08;0,00;0,00;0,00;0,10;0,00;0,00;210;118;145;33;26;881;617
1320;50,31;-181,74;0,00;0,00;0,00;-0,18;0,00;0,00;431;98;118;32;17;708;702
1321;71,58;-61,46;0,00;0,00;0,00;-0,06;0,00;0,00;494;17;74;43;15;171;486
1322;31,11;-341,72;0,00;0,00;0,00;-0,34;0,00;0,00;48;152;85;15;34;514;411
1323;30,94;-400,43;0,00;0,00;0,00;-0,40;0,00;0,00;437;134;100;13;21;367;882
1324;23,00;-436,30;0,00;0,00;0,00;-0,44;0,00;0,00;118;171;69;29;37;166;292
1325;72,00;46,64;0,00;0,00;0,00;0,05;0,00;0,00;440;74;197;16;31;280;302
1326;24,10;-429,09;0,00;0,00;0,00;-0,43;0,00;0,00;154;92;150;22;35;925;850
1327;94,22;317,37;0,00;0,00;0,00;0,32;0,00;0,00;256;71;65;45;29;735;373
1328;59,82;-145,45;0,00;0,00;0,00;-0,15;0,00;0,00;496;25;108;13;19;772;898
1329;11,07;-569,13;0,00;0,00;0,00;-0,57;0,00;0,00;120;154;164;11;20;361;855
1330;0,00;-651,42;0,00;0,00;0,00;-0,65;0,00;0,00;18;18;193;21;28;774;506
1331;61,31;-74,42;0,00;0,00;0,00;-0,07;0,00;0,00;288;29;180;38;26;279;145
1332;95,70;276,64;0,00;0,00;0,00;0,28;0,00;0,00;129;160;115;43;26;577;728
1333;18,80;-505,04;0,00;0,00;0,00;-0,51;0,00;0,00;15;184;183;17;37;334;933
1334;39,88;-219,97;0,00;0,00;0,00;-0,22;0,00;0,00;492;70;91;12;36;121;932
1335;14,80;-546,61;0,00;0,00;0,00;-0,55;0,00;0,00;154;113;46;38;32;425;748
1336;83,17;89,02;0,00;0,00;0,00;0,09;0,00;0,00;172;45;117;13;34;732;545
1337;88,82;209,00;0,00;0,00;0,00;0,21;0,00;0,00;382;96;37;28;38;995;451
1338;67,90;51,33;0,00;0,00;0,00;0,05;0,00;0,00;121;52;124;40;38;132;269
1339;0,00;-690,03;0,00;0,00;0,00;-0,69;0,00;0,00;289;192;187;16;34;677;296
1340;68,08;-95,54;0,00;0,00;0,00;-0,10;0,00;0,00;467;191;96;24;33;418;768
1341;75,56;8,74;0,00;0,00;0,00;0,01;0,00;0,00;107;124;49;15;22;641;981
1342;42,46;-274,25;0,00;0,00;0,00;-0,27;0,00;0,00;128;192;169;42;35;266;679
1343;23,72;-496,03;0,00;0,00;0,00;-0,50;0,00;0,00;306;112;47;41;37;562;593
1344;26,36;-436,65;0,00;0,00;0,00;-0,44;0,00;0,00;478;196;140;46;37;165;939
1345;61,23;-110,41;0,00;0,00;0,00;-0,11;0,00;0,00;305;133;125;44;15;842;764
1346;64,26;-103,25;0,00;0,00;0,00;-0,10;0,00;0,00;194;182;151;14;39;537;569
1347;71,57;3,81;0,00;0,00;0,00;0,00;0,00;0,00;189;109;33;19;28;129;976
1348;57,12;-169,23;0,00;0,00;0,00;-0,17;0,00;0,00;97;112;83;26;20;448;692
1349;44,94;-225,01;0,00;0,00;0,00;-0,23;0,00;0,00;193;87;153;23;38;791;272
1350;56,64;-167,62;0,00;0,00;0,00;-0,17;0,00;0,00;267;109;157;36;26;581;199
1351;80,63;103,20;0,00;0,00;0,00;0,10;0,00;0,00;369;153;146;34;22;109;802
1352;16,78;-460,44;0,00;0,00;0,00;-0,46;0,00;0,00;247;69;190;46;34;178;539
1353;55,27;-190,01;0,00;0,00;0,00;-0,19;0,00;0,00;350;90;125;46;36;651;363
1354;50,40;-262,15;0,00;0,00;0,00;-0,26;0,00;0,00;65;143;95;32;35;725;667
1355;65,19;-20,81;0,00;0,00;0,00;-0,02;0,00;0,00;278;189;66;40;33;509;984
1356;44,03;-231,36;0,00;0,00;0,00;-0,23;0,00;0,00;353;112;199;15;21;730;103
1357;49,54;-227,76;0,00;0,00;0,00;-0,23;0,00;0,00;430;197;178;13;28;101;641
1358;12,39;-580,75;0,00;0,00;0,00;-0,58;0,00;0,00;65;107;32;49;36;736;731
1359;46,01;-192,14;0,00;0,00;0,00;-0,19;0,00;0,00;461;168;154;20;25;489;601
1360;63,11;-110,42;0,00;0,00;0,00;-0,11;0,00;0,00;255;58;178;20;36;817;131
1361;61,26;-186,69;0,00;0,00;0,00;-0,19;0,00;0,00;201;34;64;25;34;381;180
1362;27,98;-443,11;0,00;0,00;0,00;-0,44;0,00;0,00;67;108;178;39;32;249;680
1363;71,86;46,64;0,00;0,00;0,00;0,05;0,00;0,00;344;136;186;14;15;122;426
1364;8,47;-617,41;0,00;0,00;0,00;-0,62;0,00;0,00;89;41;89;35;22;514;736
1365;58,03;-208,36;0,00;0,00;0,00;-0,21;0,00;0,00;177;198;38;14;28;337;597
1366;32,70;-402,03;0,00;0,00;0,00;-0,40;0,00;0,00;133;95;150;27;32;769;599
1367;74,97;29,87;0,00;0,00;0,00;0,03;0,00;0,00;99;23;13;24;20;125;407
1368;20,83;-443,23;0,00;0,00;0,00;-0,44;0,00;0,00;348;111;92;32;25;638;225
1369;54,73;-264,85;0,00;0,00;0,00;-0,26;0,00;0,00;362;125;121;41;38;447;571
1370;40,00;-277,44;0,00;0,00;0,00;-0,28;0,00;0,00;324;15;138;24;16;998;407
1371;72,01;76,68;0,00;0,00;0,00;0,08;0,00;0,00;38;41;11;41;35;435;902
1372;81,11;-7,40;0,00;0,00;0,00;-0,01;0,00;0,00;275;98;169;26;39;229;807
1373;84,70;166,42;0,00;0,00;0,00;0,17;0,00;0,00;153;117;39;44;27;785;608
1374;95,10;209,25;0,00;0,00;0,00;0,21;0,00;0,00;260;155;161;25;19;964;410
1375;19,37;-524,52;0,00;0,00;0,00;-0,52;0,00;0,00;427;97;164;47;33;762;639
1376;64,77;-1,65;0,00;0,00;0,00;-0,00;0,00;0,00;166;88;121;44;35;756;918
1377;69,54;-45,93;0,00;0,00;0,00;-0,05;0,00;0,00;314;169;83;25;36;365;304
1378;92,63;278,66;0,00;0,00;0,00;0,28;0,00;0,00;216;129;113;25;34;182;397
1379;58,45;-171,36;0,00;0,00;0,00;-0,17;0,00;0,00;183;27;137;10;16;840;432
1380;28,30;-401,78;0,00;0,00;0,00;-0,40;0,00;0,00;292;67;78;31;30;581;178
1381;37,33;-398,11;0,00;0,00;0,00;-0,40;0,00;0,00;125;42;79;21;37;895;160
1382;98,31;220,13;0,00;0,00;0,00;0,22;0,00;0,00;110;10;63;34;18;191;910
1383;39,41;-379,20;0,00;0,00;0,00;-0,38;0,00;0,00;179;165;30;36;20;437;500
1384;24,03;-356,37;0,00;0,00;0,00;-0,36;0,00;0,00;342;122;161;40;15;194;382
1385;36,05;-314,29;0,00;0,00;0,00;-0,31;0,00;0,00;103;182;143;30;15;164;701
1386;89,57;138,15;0,00;0,00;0,00;0,14;0,00;0,00;215;107;27;36;15;184;786
1387;64,47;-149,25;0,00;0,00;0,00;-0,15;0,00;0,00;151;23;163;25;16;545;709
1388;92,84;198,76;0,00;0,00;0,00;0,20;0,00;0,00;215;26;100;20;30;979;317
1389;48,14;-153,68;0,00;0,00;0,00;-0,15;0,00;0,00;275;29;11;30;17;821;539
1390;98,53;287,19;0,00;0,00;0,00;0,29;0,00;0,00;464;68;45;45;27;591;219
1391;51,60;-181,95;0,00;0,00;0,00;-0,18;0,00;0,00;130;34;74;36;37;728;211
1392;41,80;-237,70;0,00;0,00;0,00;-0,24;0,00;0,00;345;164;176;32;25;966;668
1393;66,06;19,86;0,00;0,00;0,00;0,02;0,00;0,00;111;148;61;37;36;460;102
1394;45,97;-286,43;0,00;0,00;0,00;-0,29;0,00;0,00;354;106;51;46;29;406;505
1395;89,55;183,27;0,00;0,00;0,00;0,18;0,00;0,00;295;84;142;16;15;661;246
1396;68,03;-55,99;0,00;0,00;0,00;-0,06;0,00;0,00;365;98;199;45;22;251;336
1397;10,74;-686,80;0,00;0,00;0,00;-0,69;0,00;0,00;330;171;102;42;24;308;823
1398;80,94;83,08;0,00;0,00;0,00;0,08;0,00;0,00;321;53;177;27;37;445;354
1399;0,00;-779,48;0,00;0,00;0,00;-0,78;0,00;0,00;251;125;46;10;27;868;641
1400;55,84;-154,81;0,00;0,00;0,00;-0,15;0,00;0,00;326;181;54;42;21;851;607
1401;45,27;-263,93;0,00;0,00;0,00;-0,26;0,00;0,00;116;121;143;10;22;841;406
1402;17,27;-491,54;0,00;0,00;0,00;-0,49;0,00;0,00;144;145;82;17;39;899;845
1403;0,00;-641,00;0,00;0,00;0,00;-0,64;0,00;0,00;108;56;148;38;38;241;786
1404;39,03;-309,80;0,00;0,00;0,00;-0,31;0,00;0,00;348;117;44;16;17;490;179
1405;69,51;63,10;0,00;0,00;0,00;0,06;0,00;0,00;181;192;34;32;30;752;279
1406;44,60;-315,17;0,00;0,00;0,00;-0,32;0,00;0,00;418;83;126;45;35;533;793
1407;3,71;-712,26;0,00;0,00;0,00;-0,71;0,00;0,00;470;194;22;39;17;922;666
1408;25,77;-500,06;0,00;0,00;0,00;-0,50;0,00;0,00;10;127;85;48;15;774;908
1409;42,09;-213,07;0,00;0,00;0,00;-0,21;0,00;0,00;370;84;29;43;39;724;984
1410;64,46;-75,17;0,00;0,00;0,00;-0,08;0,00;0,00;369;112;60;19;19;973;267
1411;51,67;-148,97;0,00;0,00;0,00;-0,15;0,00;0,00;157;43;129;48;30;705;951
1412;89,26;136,00;0,00;0,00;0,00;0,14;0,00;0,00;284;170;68;23;22;192;343
1413;55,96;-172,73;0,00;0,00;0,00;-0,17;0,00;0,00;252;150;172;14;30;696;535
1414;63,64;-116,82;0,00;0,00;0,00;-0,12;0,00;0,00;400;10;44;43;16;557;786
1415;9,28;-655,61;0,00;0,00;0,00;-0,66;0,00;0,00;209;30;68;38;24;952;836
1416;69,18;-116,25;0,00;0,00;0,00;-0,12;0,00;0,00;51;37;176;48;19;445;844
1417;66,83;-83,39;0,00;0,00;0,00;-0,08;0,00;0,00;254;100;61;29;27;196;176
1418;52,24;-216,91;0,00;0,00;0,00;-0,22;0,00;0,00;412;196;178;44;21;292;970
1419;32,41;-398,99;0,00;0,00;0,00;-0,40;0,00;0,00;198;39;52;34;15;372;125
1420;63,54;49,01;0,00;0,00;0,00;0,05;0,00;0,00;464;44;169;47;15;886;980
1421;27,20;-474,02;0,00;0,00;0,00;-0,47;0,00;0,00;235;70;99;12;33;746;889
1422;68,17;38,45;0,00;0,00;0,00;0,04;0,00;0,00;166;139;181;16;29;272;273
1423;25,94;-405,37;0,00;0,00;0,00;-0,41;0,00;0,00;257;176;155;13;26;983;457
1424;38,25;-392,78;0,00;0,00;0,00;-0,39;0,00;0,00;214;106;129;48;39;774;849
1425;48,14;-234,60;0,00;0,00;0,00;-0,23;0,00;0,00;103;173;148;35;32;701;111
1426;65,09;-5,07;0,00;0,00;0,00;-0,01;0,00;0,00;243;36;62;27;30;578;881
1427;2,06;-709,18;0,00;0,00;0,00;-0,71;0,00;0,00;486;39;47;27;26;291;474
1428;44,95;-230,25;0,00;0,00;0,00;-0,23;0,00;0,00;283;163;72;47;19;840;254
1429;61,88;-93,95;0,00;0,00;0,00;-0,09;0,00;0,00;152;138;13;34;29;740;730
1430;30,84;-381,11;0,00;0,00;0,00;-0,38;0,00;0,00;338;136;71;24;26;275;684
1431;59,83;25,44;0,00;0,00;0,00;0,03;0,00;0,00;279;152;195;22;31;521;115
1432;70,23;65,56;0,00;0,00;0,00;0,07;0,00;0,00;232;65;82;36;22;524;390
1433;24,66;-392,41;0,00;0,00;0,00;-0,39;0,00;0,00;288;147;163;48;39;730;228
1434;94,09;255,17;0,00;0,00;0,00;0,26;0,00;0,00;156;150;119;12;23;935;155
1435;78,65;109,38;0,00;0,00;0,00;0,11;0,00;0,00;452;197;49;23;15;487;404
1436;16,49;-482,06;0,00;0,00;0,00;-0,48;0,00;0,00;357;30;165;24;36;556;914
1437;0,00;-723,87;0,00;0,00;0,00;-0,72;0,00;0,00;200;60;54;27;29;730;553
1438;64,82;-173,88;0,00;0,00;0,00;-0,17;0,00;0,00;289;84;60;15;36;882;325
1439;60,80;-83,40;0,00;0,00;0,00;-0,08;0,00;0,00;324;109;155;27;17;383;417
1440;75,72;62,46;0,00;0,00;0,00;0,06;0,00;0,00;318;91;18;15;23;304;997
1441;52,00;-192,01;0,00;0,00;0,00;-0,19;0,00;0,00;318;56;121;29;26;267;172
1442;66,15;-107,19;0,00;0,00;0,00;-0,11;0,00;0,00;22;122;90;33;39;177;938
1443;43,50;-190,73;0,00;0,00;0,00;-0,19;0,00;0,00;227;150;32;37;23;230;987
1444;34,70;-261,64;0,00;0,00;0,00;-0,26;0,00;0,00;382;98;99;38;35;508;725
1445;40,82;-388,35;0,00;0,00;0,00;-0,39;0,00;0,00;172;163;57;17;15;882;413
1446;54,21;-114,03;0,00;0,00;0,00;-0,11;0,00;0,00;309;173;79;46;39;606;427
1447;42,09;-225,91;0,00;0,00;0,00;-0,23;0,00;0,00;341;152;125;25;17;704;279
1448;41,41;-204,63;0,00;0,00;0,00;-0,20;0,00;0,00;417;37;89;30;22;418;550
1449;56,60;-173,49;0,00;0,00;0,00;-0,17;0,00;0,00;192;20;52;44;25;288;838
1450;24,48;-451,38;0,00;0,00;0,00;-0,45;0,00;0,00;172;150;167;24;31;951;794
1451;100,00;355,30;0,00;0,00;0,00;0,36;0,00;0,00;25;73;71;17;15;143;786
1452;69,81;-80,52;0,00;0,00;0,00;-0,08;0,00;0,00;272;181;14;40;33;919;591
1453;38,10;-202,71;0,00;0,00;0,00;-0,20;0,00;0,00;91;146;109;46;26;150;432
1454;28,59;-418,36;0,00;0,00;0,00;-0,42;0,00;0,00;347;158;12;20;25;440;466
1455;58,45;-74,13;0,00;0,00;0,00;-0,07;0,00;0,00;306;17;144;46;20;781;105
1456;4,02;-743,07;0,00;0,00;0,00;-0,74;0,00;0,00;115;52;156;28;34;358;486
1457;68,61;-100,91;0,00;0,00;0,00;-0,10;0,00;0,00;241;83;119;49;21;974;104
1458;33,02;-358,30;0,00;0,00;0,00;-0,36;0,00;0,00;323;36;172;26;31;767;643
1459;63,03;-72,11;0,00;0,00;0,00;-0,07;0,00;0,00;341;29;77;36;15;363;943
1460;52,17;-265,78;0,00;0,00;0,00;-0,27;0,00;0,00;29;73;33;34;38;163;795
1461;48,61;-211,73;0,00;0,00;0,00;-0,21;0,00;0,00;446;31;156;31;24;216;660
1462;25,03;-439,77;0,00;0,00;0,00;-0,44;0,00;0,00;478;94;177;35;38;511;274
1463;25,52;-389,44;0,00;0,00;0,00;-0,39;0,00;0,00;290;184;143;29;17;838;394
1464;74,08;-3,77;0,00;0,00;0,00;-0,00;0,00;0,00;402;72;114;41;38;409;400
1465;61,60;-130,46;0,00;0,00;0,00;-0,13;0,00;0,00;498;26;151;18;23;678;169
1466;66,46;-48,79;0,00;0,00;0,00;-0,05;0,00;0,00;270;181;183;36;23;482;863
1467;42,43;-293,27;0,00;0,00;0,00;-0,29;0,00;0,00;187;172;123;10;20;868;750
1468;88,00;209,40;0,00;0,00;0,00;0,21;0,00;0,00;427;124;52;34;17;847;711
1469;94,36;218,71;0,00;0,00;0,00;0,22;0,00;0,00;447;65;192;28;19;810;949
1470;30,63;-351,07;0,00;0,00;0,00;-0,35;0,00;0,00;80;148;76;17;33;678;620
1471;57,45;-128,64;0,00;0,00;0,00;-0,13;0,00;0,00;92;47;138;22;39;270;510
1472;60,41;-136,83;0,00;0,00;0,00;-0,14;0,00;0,00;412;113;97;24;35;947;188
1473;14,42;-476,24;0,00;0,00;0,00;-0,48;0,00;0,00;49;116;53;19;27;993;602
1474;8,87;-662,02;0,00;0,00;0,00;-0,66;0,00;0,00;81;84;193;29;19;205;941
1475;63,53;-43,81;0,00;0,00;0,00;-0,04;0,00;0,00;430;50;84;48;37;819;822
1476;64,90;-33,79;0,00;0,00;0,00;-0,03;0,00;0,00;211;33;133;43;17;632;130
1477;63,16;-127,68;0,00;0,00;0,00;-0,13;0,00;0,00;227;59;17;19;17;293;798
1478;46,75;-232,36;0,00;0,00;0,00;-0,23;0,00;0,00;141;37;179;13;15;970;930
1479;63,54;-0,88;0,00;0,00;0,00;-0,00;0,00;0,00;103;117;199;40;31;360;211
1480;47,79;-183,04;0,00;0,00;0,00;-0,18;0,00;0,00;303;194;54;32;27;411;745
1481;85,25;136,50;0,00;0,00;0,00;0,14;0,00;0,00;432;22;186;34;20;299;214
1482;66,88;-24,86;0,00;0,00;0,00;-0,02;0,00;0,00;317;130;133;49;38;166;269
1483;65,42;-103,28;0,00;0,00;0,00;-0,10;0,00;0,00;24;30;175;16;35;435;175
1484;77,48;149,08;0,00;0,00;0,00;0,15;0,00;0,00;31;38;50;26;23;494;325
1485;53,24;-206,52;0,00;0,00;0,00;-0,21;0,00;0,00;196;23;24;39;20;696;548
1486;46,73;-289,91;0,00;0,00;0,00;-0,29;0,00;0,00;392;84;167;13;17;755;847
1487;71,78;75,11;0,00;0,00;0,00;0,08;0,00;0,00;74;181;181;44;16;820;812
1488;73,13;58,55;0,00;0,00;0,00;0,06;0,00;0,00;327;33;42;21;24;375;190
1489;68,68;-46,35;0,00;0,00;0,00;-0,05;0,00;0,00;359;105;163;26;37;524;194
1490;55,52;-135,95;0,00;0,00;0,00;-0,14;0,00;0,00;401;51;192;11;24;686;312
1491;55,09;-118,06;0,00;0,00;0,00;-0,12;0,00;0,00;286;164;159;14;21;510;512
1492;38,52;-273,11;0,00;0,00;0,00;-0,27;0,00;0,00;11;142;129;19;25;648;840
1493;86,79;50,43;0,00;0,00;0,00;0,05;0,00;0,00;437;145;78;43;35;971;956
1494;50,33;-182,39;0,00;0,00;0,00;-0,18;0,00;0,00;284;127;19;23;28;663;897
1495;0,00;-771,75;0,00;0,00;0,00;-0,77;0,00;0,00;419;173;156;23;27;907;657
1496;44,93;-191,81;0,00;0,00;0,00;-0,19;0,00;0,00;414;108;20;44;33;357;398
1497;55,55;-130,48;0,00;0,00;0,00;-0,13;0,00;0,00;258;38;161;15;35;252;585
1498;27,90;-416,23;0,00;0,00;0,00;-0,42;0,00;0,00;109;136;163;29;39;467;352
1499;65,10;-15,63;0,00;0,00;0,00;-0,02;0,00;0,00;133;32;50;11;21;265;544
1500;57,69;-116,37;0,00;0,00;0,00;-0,12;0,00;0,00;92;182;197;15;33;570;568
1501;30,67;-421,46;0,00;0,00;0,00;-0,42;0,00;0,00;250;198;110;25;27;923;975
1502;49,75;-159,99;0,00;0,00;0,00;-0,16;0,00;0,00;194;13;17;29;32;581;854
1503;31,50;-425,52;0,00;0,00;0,00;-0,43;0,00;0,00;231;68;24;45;37;515;584
1504;34,52;-380,76;0,00;0,00;0,00;-0,38;0,00;0,00;252;44;183;13;32;644;469
1505;44,31;-225,04;0,00;0,00;0,00;-0,23;0,00;0,00;306;31;123;21;18;815;803
1506;44,41;-197,87;0,00;0,00;0,00;-0,20;0,00;0,00;60;40;157;47;26;821;528
1507;44,01;-214,16;0,00;0,00;0,00;-0,21;0,00;0,00;146;131;87;16;26;945;723
1508;26,86;-420,74;0,00;0,00;0,00;-0,42;0,00;0,00;308;175;158;32;21;801;534
1509;37,27;-300,82;0,00;0,00;0,00;-0,30;0,00;0,00;446;141;111;12;16;407;851
1510;8,11;-596,45;0,00;0,00;0,00;-0,60;0,00;0,00;45;106;64;31;39;707;366
1511;63,39;-45,79;0,00;0,00;0,00;-0,05;0,00;0,00;414;194;103;48;27;555;793
1512;38,44;-254,81;0,00;0,00;0,00;-0,25;0,00;0,00;51;36;111;13;34;616;668
1513;37,77;-319,94;0,00;0,00;0,00;-0,32;0,00;0,00;259;20;52;41;16;425;366
1514;3,10;-642,36;0,00;0,00;0,00;-0,64;0,00;0,00;37;199;48;47;23;909;396
1515;36,81;-302,32;0,00;0,00;0,00;-0,30;0,00;0,00;127;128;86;43;28;959;946
1516;49,09;-164,30;0,00;0,00;0,00;-0,16;0,00;0,00;113;152;43;36;37;115;314
1517;92,39;206,65;0,00;0,00;0,00;0,21;0,00;0,00;482;141;111;45;18;621;747
1518;62,78;-83,86;0,00;0,00;0,00;-0,08;0,00;0,00;360;115;157;22;19;672;124
1519;56,05;-27,26;0,00;0,00;0,00;-0,03;0,00;0,00;316;197;144;38;25;523;562
1520;29,24;-462,22;0,00;0,00;0,00;-0,46;0,00;0,00;31;103;53;35;32;133;141
1521;60,37;-167,28;0,00;0,00;0,00;-0,17;0,00;0,00;327;48;25;10;38;883;476
1522;23,71;-500,14;0,00;0,00;0,00;-0,50;0,00;0,00;441;159;64;20;34;478;694
1523;58,49;-112,42;0,00;0,00;0,00;-0,11;0,00;0,00;289;144;96;42;30;494;533
1524;32,53;-351,21;0,00;0,00;0,00;-0,35;0,00;0,00;493;88;98;49;22;443;494
1525;45,05;-211,41;0,00;0,00;0,00;-0,21;0,00;0,00;257;197;23;48;29;445;854
1526;22,62;-523,86;0,00;0,00;0,00;-0,52;0,00;0,00;159;130;168;38;37;393;756
1527;40,95;-211,40;0,00;0,00;0,00;-0,21;0,00;0,00;469;195;115;41;24;425;892
1528;4,11;-772,93;0,00;0,00;0,00;-0,77;0,00;0,00;220;171;40;47;27;904;206
1529;31,29;-302,12;0,00;0,00;0,00;-0,30;0,00;0,00;236;136;189;45;34;588;951
1530;43,07;-319,47;0,00;0,00;0,00;-0,32;0,00;0,00;479;162;41;48;31;219;630
1531;49,50;-251,83;0,00;0,00;0,00;-0,25;0,00;0,00;451;95;46;10;21;835;900
1532;61,61;-104,43;0,00;0,00;0,00;-0,10;0,00;0,00;211;100;196;10;33;113;918
1533;58,62;-87,96;0,00;0,00;0,00;-0,09;0,00;0,00;64;185;112;47;33;813;459
1534;60,56;-101,99;0,00;0,00;0,00;-0,10;0,00;0,00;337;65;118;40;23;935;842
1535;58,35;-51,71;0,00;0,00;0,00;-0,05;0,00;0,00;354;190;156;46;34;637;194
1536;14,35;-622,79;0,00;0,00;0,00;-0,62;0,00;0,00;233;156;36;26;15;888;162
1537;32,93;-417,91;0,00;0,00;0,00;-0,42;0,00;0,00;35;102;90;29;33;814;190
1538;72,22;130,27;0,00;0,00;0,00;0,13;0,00;0,00;293;144;138;34;29;355;465
1539;48,83;-210,65;0,00;0,00;0,00;-0,21;0,00;0,00;387;90;72;16;17;779;480
1540;66,88;-16,36;0,00;0,00;0,00;-0,02;0,00;0,00;238;150;16;15;33;707;331
1541;59,00;-91,88;0,00;0,00;0,00;-0,09;0,00;0,00;203;43;116;44;34;909;546
1542;28,71;-411,95;0,00;0,00;0,00;-0,41;0,00;0,00;261;121;18;38;24;823;330
1543;43,67;-300,16;0,00;0,00;0,00;-0,30;0,00;0,00;479;68;137;37;32;711;429
1544;80,19;150,49;0,00;0,00;0,00;0,15;0,00;0,00;10;13;90;37;22;883;768
1545;57,79;-184,26;0,00;0,00;0,00;-0,18;0,00;0,00;247;158;109;13;18;317;534
1546;33,13;-412,09;0,00;0,00;0,00;-0,41;0,00;0,00;337;177;182;49;30;803;387
1547;97,24;241,59;0,00;0,00;0,00;0,24;0,00;0,00;140;160;34;48;23;388;573
1548;5,33;-759,50;0,00;0,00;0,00;-0,76;0,00;0,00;293;61;128;31;35;771;140
1549;60,98;-37,97;0,00;0,00;0,00;-0,04;0,00;0,00;66;186;132;36;36;324;291
1550;0,00;-706,38;0,00;0,00;0,00;-0,71;0,00;0,00;339;183;179;18;15;957;341
1551;68,35;24,54;0,00;0,00;0,00;0,02;0,00;0,00;330;82;67;36;31;913;216
1552;16,04;-521,45;0,00;0,00;0,00;-0,52;0,00;0,00;18;75;36;22;17;511;787
1553;70,61;39,16;0,00;0,00;0,00;0,04;0,00;0,00;405;167;165;31;30;294;629
1554;35,75;-432,61;0,00;0,00;0,00;-0,43;0,00;0,00;171;77;105;12;15;526;198
1555;46,71;-207,14;0,00;0,00;0,00;-0,21;0,00;0,00;395;156;140;33;26;848;505
1556;18,68;-598,63;0,00;0,00;0,00;-0,60;0,00;0,00;487;131;157;25;31;616;757
1557;28,95;-441,09;0,00;0,00;0,00;-0,44;0,00;0,00;296;81;197;26;26;627;390
1558;4,04;-600,63;0,00;0,00;0,00;-0,60;0,00;0,00;397;192;134;33;34;896;784
1559;21,93;-480,61;0,00;0,00;0,00;-0,48;0,00;0,00;373;135;42;46;25;354;446
1560;81,23;166,77;0,00;0,00;0,00;0,17;0,00;0,00;95;176;177;41;37;950;420
1561;36,52;-317,10;0,00;0,00;0,00;-0,32;0,00;0,00;370;139;149;15;30;158;948
1562;33,66;-334,65;0,00;0,00;0,00;-0,33;0,00;0,00;362;15;41;15;28;262;444
1563;68,00;-141,19;0,00;0,00;0,00;-0,14;0,00;0,00;49;145;132;19;28;624;116
1564;100,00;217,19;0,00;0,00;0,00;0,22;0,00;0,00;135;81;76;24;20;669;727
1565;42,21;-321,50;0,00;0,00;0,00;-0,32;0,00;0,00;413;39;116;40;20;121;148
1566;64,25;-128,47;0,00;0,00;0,00;-0,13;0,00;0,00;230;97;179;39;38;308;668
1567;69,22;64,94;0,00;0,00;0,00;0,06;0,00;0,00;455;87;172;24;16;738;658
1568;60,92;-67,80;0,00;0,00;0,00;-0,07;0,00;0,00;21;166;173;29;33;611;654
1569;65,04;-5,92;0,00;0,00;0,00;-0,01;0,00;0,00;308;11;48;20;22;662;719
1570;53,13;-179,58;0,00;0,00;0,00;-0,18;0,00;0,00;182;187;36;46;16;350;716
1571;58,19;-108,41;0,00;0,00;0,00;-0,11;0,00;0,00;308;131;66;26;37;932;961
1572;0,00;-651,46;0,00;0,00;0,00;-0,65;0,00;0,00;53;163;172;28;38;143;700
1573;34,67;-375,17;0,00;0,00;0,00;-0,38;0,00;0,00;246;147;12;30;16;277;823
1574;71,90;1,75;0,00;0,00;0,00;0,00;0,00;0,00;105;88;21;39;23;160;417
1575;35,38;-394,46;0,00;0,00;0,00;-0,39;0,00;0,00;104;146;113;21;39;395;116
1576;51,35;-171,10;0,00;0,00;0,00;-0,17;0,00;0,00;75;169;85;14;31;798;906
1577;91,35;206,75;0,00;0,00;0,00;0,21;0,00;0,00;431;25;102;18;22;214;934
1578;46,08;-169,13;0,00;0,00;0,00;-0,17;0,00;0,00;382;121;169;34;23;394;861
1579;48,53;-275,80;0,00;0,00;0,00;-0,28;0,00;0,00;200;154;46;46;19;438;518
1580;37,76;-373,52;0,00;0,00;0,00;-0,37;0,00;0,00;412;19;158;21;32;359;631
1581;23,56;-432,02;0,00;0,00;0,00;-0,43;0,00;0,00;418;138;80;30;18;440;749
1582;9,75;-646,21;0,00;0,00;0,00;-0,65;0,00;0,00;84;78;55;15;32;680;228
1583;54,28;-210,90;0,00;0,00;0,00;-0,21;0,00;0,00;133;126;120;39;29;718;676
1584;85,01;128,88;0,00;0,00;0,00;0,13;0,00;0,00;472;199;150;12;19;229;733
1585;61,36;-122,11;0,00;0,00;0,00;-0,12;0,00;0,00;84;126;99;29;38;593;914
1586;80,97;64,67;0,00;0,00;0,00;0,06;0,00;0,00;435;57;118;19;33;880;941
1587;53,04;-228,41;0,00;0,00;0,00;-0,23;0,00;0,00;257;103;186;12;20;877;188
1588;46,04;-328,41;0,00;0,00;0,00;-0,33;0,00;0,00;283;52;153;12;15;259;570
1589;22,54;-564,26;0,00;0,00;0,00;-0,56;0,00;0,00;243;94;65;34;33;111;973
1590;91,81;200,21;0,00;0,00;0,00;0,20;0,00;0,00;486;176;38;38;34;626;638
1591;78,36;37,01;0,00;0,00;0,00;0,04;0,00;0,00;384;79;21;19;28;341;489
1592;0,00;-716,86;0,00;0,00;0,00;-0,72;0,00;0,00;190;74;70;14;33;371;855
1593;21,52;-472,57;0,00;0,00;0,00;-0,47;0,00;0,00;265;165;131;13;21;114;830
1594;61,64;-144,62;0,00;0,00;0,00;-0,14;0,00;0,00;389;43;33;39;15;390;914
1595;40,09;-335,40;0,00;0,00;0,00;-0,34;0,00;0,00;461;70;50;17;28;204;393
1596;21,44;-533,87;0,00;0,00;0,00;-0,53;0,00;0,00;95;61;161;33;26;925;774
1597;33,56;-412,28;0,00;0,00;0,00;-0,41;0,00;0,00;448;15;140;48;34;445;698
1598;0,00;-682,44;0,00;0,00;0,00;-0,68;0,00;0,00;119;49;115;45;39;294;163
1599;100,00;343,52;0,00;0,00;0,00;0,34;0,00;0,00;339;117;175;31;17;702;996
1600;13,66;-506,54;0,00;0,00;0,00;-0,51;0,00;0,00;392;178;87;47;21;487;389
1601;43,73;-215,23;0,00;0,00;0,00;-0,22;0,00;0,00;77;181;100;35;30;496;310
1602;73,61;52,91;0,00;0,00;0,00;0,05;0,00;0,00;494;176;194;36;27;708;507
1603;73,42;64,72;0,00;0,00;0,00;0,06;0,00;0,00;154;137;17;48;17;228;220
1604;68,90;-70,78;0,00;0,00;0,00;-0,07;0,00;0,00;401;13;102;48;15;913;803
1605;94,55;206,79;0,00;0,00;0,00;0,21;0,00;0,00;178;96;153;22;33;298;193
1606;6,78;-649,18;0,00;0,00;0,00;-0,65;0,00;0,00;127;149;110;38;32;856;126
1607;45,61;-157,22;0,00;0,00;0,00;-0,16;0,00;0,00;15;98;112;31;19;640;505
1608;58,18;-109,81;0,00;0,00;0,00;-0,11;0,00;0,00;219;85;35;21;33;872;273
1609;68,52;-49,69;0,00;0,00;0,00;-0,05;0,00;0,00;27;70;38;22;37;598;460
1610;26,05;-399,12;0,00;0,00;0,00;-0,40;0,00;0,00;83;59;71;30;22;481;537
1611;42,28;-225,40;0,00;0,00;0,00;-0,23;0,00;0,00;377;75;31;39;25;948;867
1612;54,37;-251,97;0,00;0,00;0,00;-0,25;0,00;0,00;244;55;109;30;17;530;410
1613;97,86;177,83;0,00;0,00;0,00;0,18;0,00;0,00;376;135;120;24;36;972;356
1614;57,95;-224,45;0,00;0,00;0,00;-0,22;0,00;0,00;37;118;153;49;20;192;811
1615;62,95;-35,63;0,00;0,00;0,00;-0,04;0,00;0,00;178;191;31;32;15;108;767
1616;32,70;-414,98;0,00;0,00;0,00;-0,41;0,00;0,00;123;83;17;24;27;234;306
1617;55,40;-124,51;0,00;0,00;0,00;-0,12;0,00;0,00;290;148;190;31;25;967;457
1618;15,65;-646,39;0,00;0,00;0,00;-0,65;0,00;0,00;55;55;135;48;24;280;450
1619;55,10;-247,45;0,00;0,00;0,00;-0,25;0,00;0,00;262;16;179;43;29;420;221
1620;55,02;-145,45;0,00;0,00;0,00;-0,15;0,00;0,00;10;100;75;48;22;669;923
1621;33,06;-296,19;0,00;0,00;0,00;-0,30;0,00;0,00;79;73;71;21;19;889;743
1622;21,23;-459,56;0,00;0,00;0,00;-0,46;0,00;0,00;21;164;45;28;34;974;649
1623;46,98;-256,74;0,00;0,00;0,00;-0,26;0,00;0,00;255;90;159;47;34;947;882
1624;65,79;-40,69;0,00;0,00;0,00;-0,04;0,00;0,00;466;89;118;42;21;724;305
1625;59,74;-43,60;0,00;0,00;0,00;-0,04;0,00;0,00;276;79;147;31;37;834;280
1626;70,25;-0,03;0,00;0,00;0,00;-0,00;0,00;0,00;233;53;184;30;17;597;279
1627;22,90;-375,93;0,00;0,00;0,00;-0,38;0,00;0,00;224;171;70;22;20;582;621
1628;50,50;-216,87;0,00;0,00;0,00;-0,22;0,00;0,00;125;28;59;32;20;437;777
1629;62,16;-147,50;0,00;0,00;0,00;-0,15;0,00;0,00;188;17;41;18;27;669;317
1630;39,69;-332,42;0,00;0,00;0,00;-0,33;0,00;0,00;499;105;14;23;15;611;131
1631;25,38;-409,90;0,00;0,00;0,00;-0,41;0,00;0,00;357;121;18;49;33;332;837
1632;75,00;117,41;0,00;0,00;0,00;0,12;0,00;0,00;375;180;33;22;26;193;605
1633;54,38;-173,21;0,00;0,00;0,00;-0,17;0,00;0,00;155;186;90;36;16;414;997
1634;37,21;-316,18;0,00;0,00;0,00;-0,32;0,00;0,00;271;104;107;40;16;492;851
1635;59,29;-147,04;0,00;0,00;0,00;-0,15;0,00;0,00;61;66;20;28;26;618;892
1636;74,80;97,87;0,00;0,00;0,00;0,10;0,00;0,00;165;178;111;28;39;375;484
1637;40,54;-233,77;0,00;0,00;0,00;-0,23;0,00;0,00;207;150;135;40;17;803;552
1638;66,48;-27,97;0,00;0,00;0,00;-0,03;0,00;0,00;188;152;85;24;18;193;507
1639;0,00;-595,31;0,00;0,00;0,00;-0,60;0,00;0,00;415;134;61;34;25;934;899
1640;41,95;-346,81;0,00;0,00;0,00;-0,35;0,00;0,00;442;82;112;23;21;586;314
1641;46,80;-249,51;0,00;0,00;0,00;-0,25;0,00;0,00;477;168;81;37;37;574;143
1642;96,20;261,44;0,00;0,00;0,00;0,26;0,00;0,00;226;101;122;28;19;541;310
1643;75,55;34,64;0,00;0,00;0,00;0,03;0,00;0,00;417;174;122;47;32;949;386
1644;84,64;103,13;0,00;0,00;0,00;0,10;0,00;0,00;151;41;199;17;35;268;420
1645;52,26;-150,94;0,00;0,00;0,00;-0,15;0,00;0,00;436;109;185;14;39;306;895
1646;100,00;313,87;0,00;0,00;0,00;0,31;0,00;0,00;256;34;10;27;35;262;888
1647;37,52;-327,91;0,00;0,00;0,00;-0,33;0,00;0,00;375;29;106;17;23;522;409
1648;27,69;-350,05;0,00;0,00;0,00;-0,35;0,00;0,00;483;40;186;10;22;405;331
1649;51,24;-166,27;0,00;0,00;0,00;-0,17;0,00;0,00;320;99;49;18;15;467;471
1650;58,62;-82,32;0,00;0,00;0,00;-0,08;0,00;0,00;206;50;184;30;24;372;699
1651;3,96;-652,01;0,00;0,00;0,00;-0,65;0,00;0,00;352;125;14;16;27;719;788
1652;97,28;283,15;0,00;0,00;0,00;0,28;0,00;0,00;377;107;34;43;34;127;397
1653;35,08;-298,06;0,00;0,00;0,00;-0,30;0,00;0,00;229;162;76;12;19;844;871
1654;26,50;-411,80;0,00;0,00;0,00;-0,41;0,00;0,00;494;56;62;12;28;594;630
1655;46,43;-300,16;0,00;0,00;0,00;-0,30;0,00;0,00;416;130;128;19;32;855;550
1656;55,87;-59,23;0,00;0,00;0,00;-0,06;0,00;0,00;236;69;177;16;16;752;998
1657;20,98;-578,13;0,00;0,00;0,00;-0,58;0,00;0,00;44;65;10;46;39;432;668
1658;87,01;173,66;0,00;0,00;0,00;0,17;0,00;0,00;355;178;135;32;26;974;635
1659;55,14;-126,65;0,00;0,00;0,00;-0,13;0,00;0,00;426;42;163;40;27;333;518
1660;78,17;39,19;0,00;0,00;0,00;0,04;0,00;0,00;475;185;163;28;32;385;400
1661;51,75;-137,38;0,00;0,00;0,00;-0,14;0,00;0,00;333;116;97;17;27;627;920
1662;45,09;-313,74;0,00;0,00;0,00;-0,31;0,00;0,00;219;153;60;15;22;941;340
1663;14,08;-654,04;0,00;0,00;0,00;-0,65;0,00;0,00;378;33;13;35;21;259;504
1664;67,95;5,02;0,00;0,00;0,00;0,01;0,00;0,00;470;152;119;27;15;109;413
1665;22,17;-434,23;0,00;0,00;0,00;-0,43;0,00;0,00;325;15;178;14;24;997;217
1666;14,26;-571,47;0,00;0,00;0,00;-0,57;0,00;0,00;326;90;95;28;30;232;428
1667;0,00;-757,91;0,00;0,00;0,00;-0,76;0,00;0,00;155;153;162;34;22;785;644
1668;11,16;-586,01;0,00;0,00;0,00;-0,59;0,00;0,00;419;56;128;22;23;260;618
1669;26,24;-423,49;0,00;0,00;0,00;-0,42;0,00;0,00;449;109;194;39;17;661;472
1670;78,48;81,45;0,00;0,00;0,00;0,08;0,00;0,00;150;31;180;39;38;957;276
1671;79,39;-9,99;0,00;0,00;0,00;-0,01;0,00;0,00;473;96;12;20;30;253;741
1672;8,36;-561,34;0,00;0,00;0,00;-0,56;0,00;0,00;69;35;102;43;19;873;671
1673;26,78;-405,06;0,00;0,00;0,00;-0,41;0,00;0,00;421;62;37;47;19;859;213
1674;96,29;406,77;0,00;0,00;0,00;0,41;0,00;0,00;376;199;195;27;34;788;812
1675;49,54;-193,38;0,00;0,00;0,00;-0,19;0,00;0,00;15;80;44;21;17;563;515
1676;65,24;-131,68;0,00;0,00;0,00;-0,13;0,00;0,00;102;72;162;36;15;201;427
1677;55,04;-66,66;0,00;0,00;0,00;-0,07;0,00;0,00;264;80;57;30;20;508;841
1678;34,64;-288,36;0,00;0,00;0,00;-0,29;0,00;0,00;61;114;29;36;37;733;326
1679;30,54;-348,80;0,00;0,00;0,00;-0,35;0,00;0,00;13;104;76;20;28;371;738
1680;27,58;-498,64;0,00;0,00;0,00;-0,50;0,00;0,00;336;48;19;23;30;345;977
1681;86,52;188,74;0,00;0,00;0,00;0,19;0,00;0,00;161;44;177;16;38;236;119
1682;22,16;-448,25;0,00;0,00;0,00;-0,45;0,00;0,00;331;83;127;18;16;276;584
1683;51,37;-193,39;0,00;0,00;0,00;-0,19;0,00;0,00;330;120;112;11;28;769;269
1684;43,14;-332,68;0,00;0,00;0,00;-0,33;0,00;0,00;369;63;59;16;34;481;665
1685;70,60;6,52;0,00;0,00;0,00;0,01;0,00;0,00;151;183;97;18;16;226;405
1686;46,12;-239,61;0,00;0,00;0,00;-0,24;0,00;0,00;83;143;59;23;38;411;194
1687;22,64;-467,91;0,00;0,00;0,00;-0,47;0,00;0,00;340;12;12;48;32;430;938
1688;59,75;-46,79;0,00;0,00;0,00;-0,05;0,00;0,00;408;96;16;27;35;348;520
1689;0,27;-717,25;0,00;0,00;0,00;-0,72;0,00;0,00;381;38;52;24;38;879;326
1690;55,19;-207,43;0,00;0,00;0,00;-0,21;0,00;0,00;416;14;191;46;32;396;412
1691;28,07;-429,72;0,00;0,00;0,00;-0,43;0,00;0,00;294;42;119;12;17;793;979
1692;59,46;-25,00;0,00;0,00;0,00;-0,03;0,00;0,00;33;21;188;13;38;291;917
1693;43,15;-279,91;0,00;0,00;0,00;-0,28;0,00;0,00;40;113;112;40;30;813;190
1694;42,41;-244,09;0,00;0,00;0,00;-0,24;0,00;0,00;16;103;91;22;39;479;268
1695;76,17;22,96;0,00;0,00;0,00;0,02;0,00;0,00;82;163;195;21;26;149;557
1696;57,93;-85,99;0,00;0,00;0,00;-0,09;0,00;0,00;27;131;71;32;24;250;579
1697;41,96;-305,16;0,00;0,00;0,00;-0,31;0,00;0,00;269;111;162;44;32;711;975
1698;65,06;-98,42;0,00;0,00;0,00;-0,10;0,00;0,00;41;39;76;28;16;343;411
1699;49,38;-228,77;0,00;0,00;0,00;-0,23;0,00;0,00;100;99;74;21;29;438;326
1700;29,89;-371,44;0,00;0,00;0,00;-0,37;0,00;0,00;161;40;63;23;33;612;604
1701;0,00;-638,07;0,00;0,00;0,00;-0,64;0,00;0,00;172;121;163;20;22;204;836
1702;51,76;-147,81;0,00;0,00;0,00;-0,15;0,00;0,00;78;14;133;10;23;767;863
1703;51,58;-187,48;0,00;0,00;0,00;-0,19;0,00;0,00;216;86;77;22;34;647;657
1704;39,88;-337,81;0,00;0,00;0,00;-0,34;0,00;0,00;464;14;48;47;33;710;760
1705;71,36;-31,55;0,00;0,00;0,00;-0,03;0,00;0,00;133;65;68;14;17;260;852
1706;31,48;-440,00;0,00;0,00;0,00;-0,44;0,00;0,00;467;186;192;36;22;176;225
1707;8,07;-681,09;0,00;0,00;0,00;-0,68;0,00;0,00;90;98;41;21;28;245;212
1708;15,45;-538,70;0,00;0,00;0,00;-0,54;0,00;0,00;188;10;56;45;32;361;196
1709;45,96;-298,65;0,00;0,00;0,00;-0,30;0,00;0,00;319;47;44;45;27;617;686
1710;28,01;-408,60;0,00;0,00;0,00;-0,41;0,00;0,00;444;75;22;23;19;629;993
1711;7,04;-612,98;0,00;0,00;0,00;-0,61;0,00;0,00;229;31;75;48;25;373;736
1712;9,94;-608,45;0,00;0,00;0,00;-0,61;0,00;0,00;154;11;122;15;37;849;718
1713;100,00;356,79;0,00;0,00;0,00;0,36;0,00;0,00;220;36;86;32;32;181;722
1714;55,63;-67,48;0,00;0,00;0,00;-0,07;0,00;0,00;378;101;47;20;29;637;825
1715;39,28;-232,91;0,00;0,00;0,00;-0,23;0,00;0,00;66;135;105;31;21;296;414
1716;0,00;-762,32;0,00;0,00;0,00;-0,76;0,00;0,00;423;19;37;22;36;134;965
1717;95,68;326,71;0,00;0,00;0,00;0,33;0,00;0,00;362;149;114;16;22;460;828
1718;58,85;-158,36;0,00;0,00;0,00;-0,16;0,00;0,00;114;29;145;37;16;359;150
1719;100,00;285,88;0,00;0,00;0,00;0,29;0,00;0,00;445;100;118;26;22;205;817
1720;0,00;-802,93;0,00;0,00;0,00;-0,80;0,00;0,00;330;131;31;38;20;867;193
1721;38,39;-450,51;0,00;0,00;0,00;-0,45;0,00;0,00;265;63;104;21;24;735;485
1722;67,84;-2,91;0,00;0,00;0,00;-0,00;0,00;0,00;422;110;144;34;32;453;958
1723;16,29;-657,39;0,00;0,00;0,00;-0,66;0,00;0,00;313;21;41;37;29;789;814
1724;44,80;-323,61;0,00;0,00;0,00;-0,32;0,00;0,00;132;46;58;45;22;566;319
1725;27,75;-432,36;0,00;0,00;0,00;-0,43;0,00;0,00;291;114;48;25;21;889;765
1726;31,21;-311,96;0,00;0,00;0,00;-0,31;0,00;0,00;493;105;111;30;19;246;987
1727;51,01;-154,26;0,00;0,00;0,00;-0,15;0,00;0,00;272;59;82;39;23;482;447
1728;3,21;-724,42;0,00;0,00;0,00;-0,72;0,00;0,00;209;16;178;39;33;294;203
1729;55,96;-236,15;0,00;0,00;0,00;-0,24;0,00;0,00;122;124;185;49;25;758;577
1730;9,26;-579,74;0,00;0,00;0,00;-0,58;0,00;0,00;161;145;41;16;20;791;997
1731;87,27;194,57;0,00;0,00;0,00;0,19;0,00;0,00;33;17;120;33;15;759;570
1732;28,30;-397,59;0,00;0,00;0,00;-0,40;0,00;0,00;217;183;137;15;37;954;919
1733;71,10;-10,62;0,00;0,00;0,00;-0,01;0,00;0,00;126;77;189;49;19;788;876
1734;13,40;-438,44;0,00;0,00;0,00;-0,44;0,00;0,00;391;157;151;10;35;367;369
1735;6,41;-700,20;0,00;0,00;0,00;-0,70;0,00;0,00;473;93;25;20;16;598;192
1736;53,13;-169,63;0,00;0,00;0,00;-0,17;0,00;0,00;19;75;82;41;35;192;852
1737;41,37;-302,44;0,00;0,00;0,00;-0,30;0,00;0,00;225;106;80;34;34;107;687
1738;49,90;-166,56;0,00;0,00;0,00;-0,17;0,00;0,00;222;28;100;12;25;965;350
1739;53,64;-126,11;0,00;0,00;0,00;-0,13;0,00;0,00;467;185;27;43;32;676;173
1740;54,87;-160,78;0,00;0,00;0,00;-0,16;0,00;0,00;100;24;115;26;16;470;431
1741;5,57;-599,37;0,00;0,00;0,00;-0,60;0,00;0,00;330;192;37;26;38;158;735
1742;84,83;143,03;0,00;0,00;0,00;0,14;0,00;0,00;233;97;166;19;28;295;689
1743;30,09;-336,76;0,00;0,00;0,00;-0,34;0,00;0,00;130;164;16;13;20;653;793
1744;54,20;-168,17;0,00;0,00;0,00;-0,17;0,00;0,00;349;17;14;42;16;457;730
1745;21,13;-520,25;0,00;0,00;0,00;-0,52;0,00;0,00;290;20;22;46;21;392;998
1746;54,94;-330,16;0,00;0,00;0,00;-0,33;0,00;0,00;251;194;177;49;17;593;216
1747;16,36;-522,53;0,00;0,00;0,00;-0,52;0,00;0,00;388;75;118;45;37;872;953
1748;36,67;-356,92;0,00;0,00;0,00;-0,36;0,00;0,00;161;191;15;49;31;776;304
1749;40,81;-382,31;0,00;0,00;0,00;-0,38;0,00;0,00;74;167;158;41;33;419;427
1750;89,41;130,35;0,00;0,00;0,00;0,13;0,00;0,00;477;79;180;20;17;517;790
1751;2,07;-644,99;0,00;0,00;0,00;-0,64;0,00;0,00;285;91;156;27;15;599;619
1752;56,24;-199,64;0,00;0,00;0,00;-0,20;0,00;0,00;101;124;59;48;27;323;789
1753;79,96;128,62;0,00;0,00;0,00;0,13;0,00;0,00;200;154;87;32;22;190;840
1754;66,82;17,43;0,00;0,00;0,00;0,02;0,00;0,00;26;127;151;17;30;779;512
1755;14,89;-558,66;0,00;0,00;0,00;-0,56;0,00;0,00;400;24;191;48;15;336;393
1756;0,00;-775,05;0,00;0,00;0,00;-0,78;0,00;0,00;25;170;17;14;27;369;858
1757;72,77;-11,89;0,00;0,00;0,00;-0,01;0,00;0,00;482;187;22;40;25;415;171
1758;0,00;-701,07;0,00;0,00;0,00;-0,70;0,00;0,00;435;74;121;16;24;232;138
1759;44,18;-318,18;0,00;0,00;0,00;-0,32;0,00;0,00;423;53;105;37;27;766;120
1760;93,09;248,19;0,00;0,00;0,00;0,25;0,00;0,00;309;186;176;27;31;288;918
1761;0,00;-633,29;0,00;0,00;0,00;-0,63;0,00;0,00;240;68;182;14;28;942;754
1762;45,29;-347,02;0,00;0,00;0,00;-0,35;0,00;0,00;57;190;191;20;38;705;604
1763;56,06;-174,23;0,00;0,00;0,00;-0,17;0,00;0,00;343;116;81;17;39;520;259
1764;72,56;19,35;0,00;0,00;0,00;0,02;0,00;0,00;173;63;47;34;39;701;862
1765;61,83;-12,84;0,00;0,00;0,00;-0,01;0,00;0,00;425;76;72;22;17;986;826
1766;45,43;-257,97;0,00;0,00;0,00;-0,26;0,00;0,00;239;15;89;17;28;969;408
1767;38,13;-361,08;0,00;0,00;0,00;-0,36;0,00;0,00;361;191;188;44;25;855;487
1768;0,00;-769,78;0,00;0,00;0,00;-0,77;0,00;0,00;287;141;54;16;15;887;940
1769;54,36;-176,64;0,00;0,00;0,00;-0,18;0,00;0,00;387;179;124;11;22;700;915
1770;43,93;-248,07;0,00;0,00;0,00;-0,25;0,00;0,00;370;11;186;41;16;162;912
1771;40,40;-367,37;0,00;0,00;0,00;-0,37;0,00;0,00;475;34;27;31;23;702;868
1772;22,62;-415,95;0,00;0,00;0,00;-0,42;0,00;0,00;233;42;110;30;36;602;835
1773;62,89;-123,69;0,00;0,00;0,00;-0,12;0,00;0,00;120;69;119;25;28;729;787
1774;62,96;-72,76;0,00;0,00;0,00;-0,07;0,00;0,00;62;138;76;40;31;638;184
1775;17,60;-550,09;0,00;0,00;0,00;-0,55;0,00;0,00;355;67;41;29;27;784;598
1776;26,47;-476,89;0,00;0,00;0,00;-0,48;0,00;0,00;90;66;44;43;21;753;514
1777;31,70;-407,22;0,00;0,00;0,00;-0,41;0,00;0,00;331;87;30;40;26;332;574
1778;42,29;-259,47;0,00;0,00;0,00;-0,26;0,00;0,00;358;99;62;19;26;490;954
1779;24,55;-525,02;0,00;0,00;0,00;-0,53;0,00;0,00;251;96;39;36;35;176;144
1780;0,00;-735,52;0,00;0,00;0,00;-0,74;0,00;0,00;28;149;98;32;15;384;844
1781;1,76;-687,17;0,00;0,00;0,00;-0,69;0,00;0,00;444;172;49;41;25;614;101
1782;12,88;-548,70;0,00;0,00;0,00;-0,55;0,00;0,00;332;32;156;45;31;977;242
1783;86,38;152,12;0,00;0,00;0,00;0,15;0,00;0,00;401;94;88;36;18;456;262
1784;23,31;-413,29;0,00;0,00;0,00;-0,41;0,00;0,00;20;80;156;25;38;240;467
1785;44,98;-288,66;0,00;0,00;0,00;-0,29;0,00;0,00;422;174;146;11;39;940;213
1786;34,12;-447,24;0,00;0,00;0,00;-0,45;0,00;0,00;385;145;77;22;35;819;407
1787;51,15;-275,51;0,00;0,00;0,00;-0,28;0,00;0,00;375;101;108;34;21;329;111
1788;8,71;-581,55;0,00;0,00;0,00;-0,58;0,00;0,00;324;60;85;45;28;127;757
1789;48,44;-172,43;0,00;0,00;0,00;-0,17;0,00;0,00;374;80;159;23;28;313;836
1790;75,69;40,64;0,00;0,00;0,00;0,04;0,00;0,00;441;46;98;19;18;659;662
1791;19,80;-471,75;0,00;0,00;0,00;-0,47;0,00;0,00;152;133;130;16;19;678;772
1792;35,49;-378,77;0,00;0,00;0,00;-0,38;0,00;0,00;498;115;188;40;15;366;235
1793;85,16;88,17;0,00;0,00;0,00;0,09;0,00;0,00;418;59;181;11;39;993;981
1794;49,04;-224,55;0,00;0,00;0,00;-0,22;0,00;0,00;227;168;106;24;33;239;459
1795;47,78;-226,94;0,00;0,00;0,00;-0,23;0,00;0,00;201;120;121;41;30;603;679
1796;0,73;-662,32;0,00;0,00;0,00;-0,66;0,00;0,00;35;118;172;35;25;693;356
1797;57,43;-186,52;0,00;0,00;0,00;-0,19;0,00;0,00;206;70;148;39;32;603;469
1798;59,60;-153,84;0,00;0,00;0,00;-0,15;0,00;0,00;215;58;164;33;29;128;752
1799;62,40;-109,89;0,00;0,00;0,00;-0,11;0,00;0,00;88;41;60;27;20;507;632
1800;100,00;331,89;0,00;0,00;0,00;0,33;0,00;0,00;72;151;62;39;24;191;587
1801;55,61;-226,94;0,00;0,00;0,00;-0,23;0,00;0,00;486;84;22;15;18;541;639
1802;84,12;200,32;0,00;0,00;0,00;0,20;0,00;0,00;58;121;101;18;36;522;292
1803;68,21;-3,09;0,00;0,00;0,00;-0,00;0,00;0,00;312;96;101;46;26;809;182
1804;28,99;-372,64;0,00;0,00;0,00;-0,37;0,00;0,00;388;17;33;43;23;821;456
1805;28,16;-471,47;0,00;0,00;0,00;-0,47;0,00;0,00;227;21;195;35;34;410;797
1806;41,20;-319,49;0,00;0,00;0,00;-0,32;0,00;0,00;358;139;178;24;32;777;783
1807;90,86;183,69;0,00;0,00;0,00;0,18;0,00;0,00;292;25;38;26;18;266;375
1808;34,10;-317,23;0,00;0,00;0,00;-0,32;0,00;0,00;210;143;37;47;22;173;730
1809;18,67;-475,62;0,00;0,00;0,00;-0,48;0,00;0,00;471;51;126;16;19;119;637
1810;34,79;-300,01;0,00;0,00;0,00;-0,30;0,00;0,00;236;135;162;38;32;707;341
1811;22,58;-444,98;0,00;0,00;0,00;-0,44;0,00;0,00;460;196;87;14;18;229;536
1812;33,69;-289,69;0,00;0,00;0,00;-0,29;0,00;0,00;365;123;99;16;39;578;348
1813;41,99;-247,43;0,00;0,00;0,00;-0,25;0,00;0,00;200;147;133;28;32;280;313
1814;21,45;-452,06;0,00;0,00;0,00;-0,45;0,00;0,00;303;147;186;42;22;814;734
1815;71,48;10,16;0,00;0,00;0,00;0,01;0,00;0,00;158;91;152;26;15;100;718
1816;42,45;-279,46;0,00;0,00;0,00;-0,28;0,00;0,00;348;173;157;39;20;321;523
1817;59,53;-48,61;0,00;0,00;0,00;-0,05;0,00;0,00;26;129;39;16;29;105;142
1818;19,44;-562,88;0,00;0,00;0,00;-0,56;0,00;0,00;441;87;198;12;27;210;444
1819;70,58;-31,20;0,00;0,00;0,00;-0,03;0,00;0,00;472;198;62;25;19;465;301
1820;70,47;-46,60;0,00;0,00;0,00;-0,05;0,00;0,00;400;59;72;24;36;915;278
1821;49,67;-221,45;0,00;0,00;0,00;-0,22;0,00;0,00;228;141;118;16;23;742;448
1822;67,80;-32,98;0,00;0,00;0,00;-0,03;0,00;0,00;389;53;53;34;35;439;228
1823;100,00;379,73;0,00;0,00;0,00;0,38;0,00;0,00;199;163;175;10;27;164;506
1824;12,86;-644,39;0,00;0,00;0,00;-0,64;0,00;0,00;346;169;130;49;28;808;502
1825;56,38;-139,44;0,00;0,00;0,00;-0,14;0,00;0,00;169;136;66;11;22;143;639
1826;45,95;-287,31;0,00;0,00;0,00;-0,29;0,00;0,00;120;61;160;41;19;753;913
1827;43,61;-370,34;0,00;0,00;0,00;-0,37;0,00;0,00;475;172;96;23;16;485;442
1828;67,16;-59,87;0,00;0,00;0,00;-0,06;0,00;0,00;183;59;95;21;25;312;174
1829;0,00;-647,25;0,00;0,00;0,00;-0,65;0,00;0,00;363;40;129;27;16;367;642
1830;51,48;-133,31;0,00;0,00;0,00;-0,13;0,00;0,00;486;54;37;23;33;579;300
1831;100,00;349,27;0,00;0,00;0,00;0,35;0,00;0,00;434;124;119;45;37;668;627
1832;15,53;-606,84;0,00;0,00;0,00;-0,61;0,00;0,00;431;185;82;44;25;856;928
1833;79,10;82,97;0,00;0,00;0,00;0,08;0,00;0,00;202;94;186;43;20;991;659
1834;78,44;147,49;0,00;0,00;0,00;0,15;0,00;0,00;236;127;40;43;19;431;883
1835;89,77;240,18;0,00;0,00;0,00;0,24;0,00;0,00;189;57;100;28;38;429;436
1836;70,62;51,70;0,00;0,00;0,00;0,05;0,00;0,00;57;61;114;17;32;701;849
1837;60,55;-109,50;0,00;0,00;0,00;-0,11;0,00;0,00;447;44;139;33;26;469;477
1838;53,98;-193,70;0,00;0,00;0,00;-0,19;0,00;0,00;68;48;102;20;18;924;810
1839;22,97;-494,16;0,00;0,00;0,00;-0,49;0,00;0,00;412;16;198;18;16;376;523
1840;89,01;177,46;0,00;0,00;0,00;0,18;0,00;0,00;155;150;185;37;20;571;207
1841;46,13;-281,20;0,00;0,00;0,00;-0,28;0,00;0,00;304;106;108;40;27;446;614
1842;59,91;-189,79;0,00;0,00;0,00;-0,19;0,00;0,00;106;64;121;37;20;440;881
1843;53,08;-127,00;0,00;0,00;0,00;-0,13;0,00;0,00;189;15;22;35;15;620;126
1844;29,18;-334,45;0,00;0,00;0,00;-0,33;0,00;0,00;147;62;84;26;24;410;615
1845;73,90;-46,82;0,00;0,00;0,00;-0,05;0,00;0,00;49;10;119;31;16;384;141
1846;100,00;251,00;0,00;0,00;0,00;0,25;0,00;0,00;112;45;29;13;23;764;559
1847;60,93;-115,79;0,00;0,00;0,00;-0,12;0,00;0,00;330;77;19;32;33;486;486
1848;16,51;-552,30;0,00;0,00;0,00;-0,55;0,00;0,00;53;89;120;28;21;285;766
1849;66,17;-48,43;0,00;0,00;0,00;-0,05;0,00;0,00;238;154;49;21;27;696;345
1850;71,94;137,16;0,00;0,00;0,00;0,14;0,00;0,00;125;179;25;42;24;375;492
1851;46,54;-222,14;0,00;0,00;0,00;-0,22;0,00;0,00;191;189;76;26;38;800;288
1852;21,49;-412,47;0,00;0,00;0,00;-0,41;0,00;0,00;107;12;144;40;16;288;295
1853;87,07;132,42;0,00;0,00;0,00;0,13;0,00;0,00;358;71;115;42;33;242;476
1854;73,04;80,21;0,00;0,00;0,00;0,08;0,00;0,00;381;102;28;29;20;681;670
1855;75,95;54,87;0,00;0,00;0,00;0,05;0,00;0,00;129;151;125;22;22;979;412
1856;65,21;15,84;0,00;0,00;0,00;0,02;0,00;0,00;316;184;20;23;22;122;967
1857;100,00;295,26;0,00;0,00;0,00;0,30;0,00;0,00;279;34;29;45;28;805;118
1858;28,93;-392,78;0,00;0,00;0,00;-0,39;0,00;0,00;430;47;40;44;25;405;353
1859;31,11;-396,24;0,00;0,00;0,00;-0,40;0,00;0,00;312;24;72;33;21;836;786
1860;48,99;-150,64;0,00;0,00;0,00;-0,15;0,00;0,00;286;112;43;17;24;492;650
1861;25,94;-527,40;0,00;0,00;0,00;-0,53;0,00;0,00;439;41;29;14;20;457;904
1862;80,54;42,90;0,00;0,00;0,00;0,04;0,00;0,00;399;35;27;35;23;192;108
1863;49,39;-243,56;0,00;0,00;0,00;-0,24;0,00;0,00;241;140;148;48;37;101;364
1864;27,77;-417,19;0,00;0,00;0,00;-0,42;0,00;0,00;361;159;32;25;36;840;456
1865;29,60;-405,99;0,00;0,00;0,00;-0,41;0,00;0,00;44;27;87;28;18;392;117
1866;43,55;-339,77;0,00;0,00;0,00;-0,34;0,00;0,00;230;72;99;20;28;767;524
1867;70,01;-19,15;0,00;0,00;0,00;-0,02;0,00;0,00;327;169;101;40;20;134;228
1868;40,19;-208,49;0,00;0,00;0,00;-0,21;0,00;0,00;196;152;94;40;25;388;792
1869;11,90;-480,82;0,00;0,00;0,00;-0,48;0,00;0,00;418;199;71;23;23;746;472
1870;53,00;-153,54;0,00;0,00;0,00;-0,15;0,00;0,00;498;73;150;12;37;337;389
1871;24,70;-439,65;0,00;0,00;0,00;-0,44;0,00;0,00;272;45;139;43;19;912;765
1872;8,77;-563,70;0,00;0,00;0,00;-0,56;0,00;0,00;207;141;61;13;35;303;793
1873;94,19;198,29;0,00;0,00;0,00;0,20;0,00;0,00;243;166;41;21;29;988;261
1874;45,37;-190,81;0,00;0,00;0,00;-0,19;0,00;0,00;245;90;172;36;17;665;707
1875;67,16;67,69;0,00;0,00;0,00;0,07;0,00;0,00;71;81;62;32;33;882;777
1876;20,71;-497,14;0,00;0,00;0,00;-0,50;0,00;0,00;129;177;79;18;37;262;348
1877;67,61;-70,22;0,00;0,00;0,00;-0,07;0,00;0,00;46;168;141;10;20;975;567
1878;32,43;-301,13;0,00;0,00;0,00;-0,30;0,00;0,00;136;160;43;28;35;898;507
1879;73,13;-11,40;0,00;0,00;0,00;-0,01;0,00;0,00;174;125;159;13;26;375;544
1880;14,08;-644,19;0,00;0,00;0,00;-0,64;0,00;0,00;188;48;101;41;25;170;467
1881;69,39;15,62;0,00;0,00;0,00;0,02;0,00;0,00;266;38;32;10;29;991;354
1882;67,17;9,14;0,00;0,00;0,00;0,01;0,00;0,00;460;135;161;29;37;230;567
1883;35,34;-329,16;0,00;0,00;0,00;-0,33;0,00;0,00;407;66;174;38;27;653;227
1884;79,93;45,75;0,00;0,00;0,00;0,05;0,00;0,00;49;63;192;26;16;152;501
1885;58,68;-115,71;0,00;0,00;0,00;-0,12;0,00;0,00;447;99;53;15;29;651;542
1886;96,95;328,71;0,00;0,00;0,00;0,33;0,00;0,00;202;93;60;42;20;638;256
1887;27,30;-361,54;0,00;0,00;0,00;-0,36;0,00;0,00;39;31;131;35;31;663;100
1888;23,11;-491,18;0,00;0,00;0,00;-0,49;0,00;0,00;344;129;113;17;25;113;846
1889;8,51;-610,24;0,00;0,00;0,00;-0,61;0,00;0,00;241;96;132;14;36;803;793
1890;25,66;-375,29;0,00;0,00;0,00;-0,38;0,00;0,00;105;86;37;25;37;570;872
1891;44,19;-211,38;0,00;0,00;0,00;-0,21;0,00;0,00;467;179;163;39;28;398;306
1892;63,76;-78,60;0,00;0,00;0,00;-0,08;0,00;0,00;395;180;114;45;38;492;476
1893;61,50;-143,07;0,00;0,00;0,00;-0,14;0,00;0,00;456;124;181;25;18;976;152
1894;0,00;-689,13;0,00;0,00;0,00;-0,69;0,00;0,00;319;18;83;46;16;454;539
1895;43,81;-322,32;0,00;0,00;0,00;-0,32;0,00;0,00;85;48;119;49;31;460;718
1896;72,05;-88,31;0,00;0,00;0,00;-0,09;0,00;0,00;313;165;53;27;30;572;539
1897;41,26;-363,40;0,00;0,00;0,00;-0,36;0,00;0,00;242;48;149;15;25;798;342
1898;33,22;-345,64;0,00;0,00;0,00;-0,35;0,00;0,00;213;191;112;45;24;810;133
1899;20,30;-583,28;0,00;0,00;0,00;-0,58;0,00;0,00;38;25;182;26;34;370;978
1900;22,50;-541,34;0,00;0,00;0,00;-0,54;0,00;0,00;62;188;24;35;16;427;715
1901;13,50;-614,38;0,00;0,00;0,00;-0,61;0,00;0,00;17;58;34;12;36;393;139
1902;9,16;-707,27;0,00;0,00;0,00;-0,71;0,00;0,00;141;161;76;49;18;490;842
1903;55,36;-152,12;0,00;0,00;0,00;-0,15;0,00;0,00;66;29;17;14;15;233;832
1904;15,87;-434,63;0,00;0,00;0,00;-0,43;0,00;0,00;152;115;153;19;30;246;995
1905;43,15;-279,25;0,00;0,00;0,00;-0,28;0,00;0,00;308;105;25;26;23;891;621
1906;33,18;-330,54;0,00;0,00;0,00;-0,33;0,00;0,00;127;21;186;19;23;358;157
1907;6,19;-659,91;0,00;0,00;0,00;-0,66;0,00;0,00;306;89;177;44;35;874;930
1908;99,06;254,04;0,00;0,00;0,00;0,25;0,00;0,00;133;175;44;47;29;403;204
1909;0,00;-715,63;0,00;0,00;0,00;-0,72;0,00;0,00;175;199;185;27;27;442;967
1910;1,06;-638,49;0,00;0,00;0,00;-0,64;0,00;0,00;323;155;141;14;37;127;452
1911;69,74;-48,44;0,00;0,00;0,00;-0,05;0,00;0,00;488;153;75;15;33;166;486
1912;28,56;-438,79;0,00;0,00;0,00;-0,44;0,00;0,00;264;157;13;27;35;194;296
1913;100,00;359,32;0,00;0,00;0,00;0,36;0,00;0,00;17;49;50;22;34;743;224
1914;76,01;-29,34;0,00;0,00;0,00;-0,03;0,00;0,00;295;34;21;18;38;708;641
1915;61,78;-179,60;0,00;0,00;0,00;-0,18;0,00;0,00;212;23;121;48;32;408;267
1916;81,77;146,50;0,00;0,00;0,00;0,15;0,00;0,00;154;79;32;19;21;386;218
1917;37,82;-366,05;0,00;0,00;0,00;-0,37;0,00;0,00;484;102;66;24;19;305;692
1918;44,42;-262,24;0,00;0,00;0,00;-0,26;0,00;0,00;235;59;34;18;31;395;976
1919;49,29;-259,15;0,00;0,00;0,00;-0,26;0,00;0,00;259;113;152;20;35;650;399
1920;75,99;81,78;0,00;0,00;0,00;0,08;0,00;0,00;490;143;132;14;22;424;960
1921;65,01;-6,14;0,00;0,00;0,00;-0,01;0,00;0,00;283;107;169;41;15;470;566
1922;100,00;334,13;0,00;0,00;0,00;0,33;0,00;0,00;261;110;93;25;29;487;701
1923;52,48;-75,92;0,00;0,00;0,00;-0,08;0,00;0,00;283;10;21;36;21;441;304
1924;80,65;178,36;0,00;0,00;0,00;0,18;0,00;0,00;108;30;26;29;23;790;727
1925;54,22;-230,95;0,00;0,00;0,00;-0,23;0,00;0,00;259;134;85;17;34;172;115
1926;68,63;33,23;0,00;0,00;0,00;0,03;0,00;0,00;403;112;142;42;21;395;844
1927;62,20;-24,81;0,00;0,00;0,00;-0,02;0,00;0,00;78;30;195;11;23;321;510
1928;100,00;327,99;0,00;0,00;0,00;0,33;0,00;0,00;428;181;11;14;27;308;771
1929;33,07;-314,58;0,00;0,00;0,00;-0,31;0,00;0,00;156;186;69;43;36;244;288
1930;9,44;-615,64;0,00;0,00;0,00;-0,62;0,00;0,00;495;99;76;11;35;109;339
1931;36,73;-288,48;0,00;0,00;0,00;-0,29;0,00;0,00;47;91;102;23;32;558;790
1932;28,20;-350,64;0,00;0,00;0,00;-0,35;0,00;0,00;210;112;20;38;39;540;289
1933;55,40;-152,93;0,00;0,00;0,00;-0,15;0,00;0,00;446;73;158;42;30;575;678
1934;47,84;-173,12;0,00;0,00;0,00;-0,17;0,00;0,00;395;188;18;26;18;190;972
1935;100,00;287,00;0,00;0,00;0,00;0,29;0,00;0,00;455;36;47;29;26;523;130
1936;63,63;-60,78;0,00;0,00;0,00;-0,06;0,00;0,00;403;24;62;12;17;259;542
1937;71,41;-34,32;0,00;0,00;0,00;-0,03;0,00;0,00;356;154;107;12;36;214;965
1938;39,16;-241,31;0,00;0,00;0,00;-0,24;0,00;0,00;83;164;180;49;39;355;706
1939;88,15;250,85;0,00;0,00;0,00;0,25;0,00;0,00;124;108;14;46;22;915;887
1940;24,82;-466,79;0,00;0,00;0,00;-0,47;0,00;0,00;417;122;39;40;21;699;404
1941;17,31;-587,52;0,00;0,00;0,00;-0,59;0,00;0,00;158;72;72;34;31;618;341
1942;54,66;-142,90;0,00;0,00;0,00;-0,14;0,00;0,00;484;122;165;25;39;799;387
1943;61,90;-57,27;0,00;0,00;0,00;-0,06;0,00;0,00;221;136;72;11;32;376;651
1944;58,44;-190,30;0,00;0,00;0,00;-0,19;0,00;0,00;72;139;178;36;37;766;781
1945;51,28;-191,62;0,00;0,00;0,00;-0,19;0,00;0,00;102;102;154;48;28;371;831
1946;44,23;-190,88;0,00;0,00;0,00;-0,19;0,00;0,00;354;61;173;14;38;286;448
1947;58,59;-25,17;0,00;0,00;0,00;-0,03;0,00;0,00;291;65;14;30;23;985;772
1948;23,02;-467,65;0,00;0,00;0,00;-0,47;0,00;0,00;147;100;14;34;26;196;875
1949;46,78;-259,91;0,00;0,00;0,00;-0,26;0,00;0,00;454;154;35;43;29;206;974
1950;9,74;-575,31;0,00;0,00;0,00;-0,58;0,00;0,00;242;155;101;14;25;313;683
1951;96,27;256,93;0,00;0,00;0,00;0,26;0,00;0,00;17;64;134;40;30;104;415
1952;42,34;-203,75;0,00;0,00;0,00;-0,20;0,00;0,00;46;27;70;44;34;787;883
1953;22,79;-527,42;0,00;0,00;0,00;-0,53;0,00;0,00;366;117;98;19;24;588;499
1954;38,51;-348,99;0,00;0,00;0,00;-0,35;0,00;0,00;67;189;24;35;23;219;426
1955;60,12;-152,25;0,00;0,00;0,00;-0,15;0,00;0,00;315;190;193;41;37;257;744
1956;51,17;-189,42;0,00;0,00;0,00;-0,19;0,00;0,00;54;192;82;30;25;832;178
1957;15,23;-562,12;0,00;0,00;0,00;-0,56;0,00;0,00;263;134;79;10;20;674;963
1958;58,90;-54,10;0,00;0,00;0,00;-0,05;0,00;0,00;154;190;196;46;31;227;720
1959;51,43;-363,86;0,00;0,00;0,00;-0,36;0,00;0,00;183;182;69;17;39;980;205
1960;30,86;-363,75;0,00;0,00;0,00;-0,36;0,00;0,00;220;156;115;30;38;205;167
1961;44,99;-246,61;0,00;0,00;0,00;-0,25;0,00;0,00;211;198;47;32;19;515;327
1962;53,79;-218,53;0,00;0,00;0,00;-0,22;0,00;0,00;252;111;43;43;23;580;436
1963;84,62;131,30;0,00;0,00;0,00;0,13;0,00;0,00;439;196;109;23;26;291;488
1964;17,04;-492,05;0,00;0,00;0,00;-0,49;0,00;0,00;77;57;61;11;20;695;314
1965;29,07;-450,13;0,00;0,00;0,00;-0,45;0,00;0,00;379;103;174;13;36;496;649
1966;23,53;-428,58;0,00;0,00;0,00;-0,43;0,00;0,00;352;47;43;33;35;588;335
1967;75,16;139,38;0,00;0,00;0,00;0,14;0,00;0,00;278;44;147;42;21;703;401
1968;80,89;168,78;0,00;0,00;0,00;0,17;0,00;0,00;281;47;168;49;29;176;138
1969;50,66;-120,83;0,00;0,00;0,00;-0,12;0,00;0,00;224;40;174;22;23;119;600
1970;41,30;-250,05;0,00;0,00;0,00;-0,25;0,00;0,00;256;108;29;49;26;279;510
1971;45,27;-222,34;0,00;0,00;0,00;-0,22;0,00;0,00;41;195;189;34;36;273;586
1972;35,25;-382,72;0,00;0,00;0,00;-0,38;0,00;0,00;95;22;18;47;19;986;284
1973;77,64;31,41;0,00;0,00;0,00;0,03;0,00;0,00;105;73;81;17;23;314;603
1974;61,61;-13,59;0,00;0,00;0,00;-0,01;0,00;0,00;326;126;78;43;18;358;332
1975;73,01;58,31;0,00;0,00;0,00;0,06;0,00;0,00;325;113;91;33;19;141;305
1976;59,82;-51,83;0,00;0,00;0,00;-0,05;0,00;0,00;445;55;77;19;24;978;916
1977;50,39;-164,16;0,00;0,00;0,00;-0,16;0,00;0,00;492;96;45;12;24;957;425
1978;11,52;-629,20;0,00;0,00;0,00;-0,63;0,00;0,00;123;13;111;47;21;802;871
1979;50,19;-229,65;0,00;0,00;0,00;-0,23;0,00;0,00;479;152;67;13;20;384;559
1980;62,95;-95,12;0,00;0,00;0,00;-0,10;0,00;0,00;186;149;64;37;25;133;212
1981;64,26;-122,98;0,00;0,00;0,00;-0,12;0,00;0,00;45;183;195;36;17;319;485
1982;0,00;-704,34;0,00;0,00;0,00;-0,70;0,00;0,00;169;136;37;20;36;761;876
1983;50,57;-200,81;0,00;0,00;0,00;-0,20;0,00;0,00;102;172;178;42;22;140;374
1984;100,00;290,23;0,00;0,00;0,00;0,29;0,00;0,00;250;161;41;25;15;544;488
1985;26,18;-463,14;0,00;0,00;0,00;-0,46;0,00;0,00;96;51;10;38;36;107;658
1986;38,01;-346,98;0,00;0,00;0,00;-0,35;0,00;0,00;324;166;12;33;15;177;160
1987;33,37;-343,98;0,00;0,00;0,00;-0,34;0,00;0,00;347;36;121;48;24;937;894
1988;99,12;200,37;0,00;0,00;0,00;0,20;0,00;0,00;442;89;116;34;16;781;223
1989;41,50;-274,24;0,00;0,00;0,00;-0,27;0,00;0,00;145;44;96;38;39;349;755
1990;80,69;149,92;0,00;0,00;0,00;0,15;0,00;0,00;11;93;127;20;31;473;379
1991;2,27;-635,31;0,00;0,00;0,00;-0,64;0,00;0,00;190;184;33;49;25;155;165
1992;83,85;78,60;0,00;0,00;0,00;0,08;0,00;0,00;361;187;147;42;36;947;416
1993;9,72;-594,48;0,00;0,00;0,00;-0,59;0,00;0,00;43;27;13;13;36;474;794
1994;98,29;362,69;0,00;0,00;0,00;0,36;0,00;0,00;138;179;24;43;32;697;383
1995;3,54;-719,43;0,00;0,00;0,00;-0,72;0,00;0,00;457;55;158;33;34;984;939
1996;36,00;-327,50;0,00;0,00;0,00;-0,33;0,00;0,00;449;182;11;12;30;418;314
1997;63,61;-6,61;0,00;0,00;0,00;-0,01;0,00;0,00;447;175;56;22;23;794;627
1998;100,00;259,73;0,00;0,00;0,00;0,26;0,00;0,00;109;25;174;47;38;873;550
1999;20,51;-473,24;0,00;0,00;0,00;-0,47;0,00;0,00;127;44;171;24;23;807;122
2000;24,18;-448,61;0,00;0,00;0,00;-0,45;0,00;0,00;376;185;27;47;17;203;706
2001;0,00;-681,59;0,00;0,00;0,00;-0,68;0,00;0,00;12;180;161;13;18;200;173
2002;58,01;-233,21;0,00;0,00;0,00;-0,23;0,00;0,00;313;82;154;10;26;765;674
2003;40,89;-357,32;0,00;0,00;0,00;-0,36;0,00;0,00;317;139;133;41;33;324;170
2004;71,37;44,05;0,00;0,00;0,00;0,04;0,00;0,00;317;84;177;28;27;537;563
2005;56,87;-122,27;0,00;0,00;0,00;-0,12;0,00;0,00;439;160;95;32;31;164;248
2006;100,00;319,65;0,00;0,00;0,00;0,32;0,00;0,00;456;35;69;23;23;549;108
2007;79,89;122,35;0,00;0,00;0,00;0,12;0,00;0,00;211;24;48;48;31;513;270
2008;39,38;-324,37;0,00;0,00;0,00;-0,32;0,00;0,00;104;50;52;29;34;177;254
2009;24,31;-433,09;0,00;0,00;0,00;-0,43;0,00;0,00;343;123;145;48;18;731;110
2010;63,63;-75,33;0,00;0,00;0,00;-0,08;0,00;0,00;345;113;86;11;22;654;839
2011;64,43;-10,77;0,00;0,00;0,00;-0,01;0,00;0,00;470;180;108;34;35;774;156
2012;54,26;-159,39;0,00;0,00;0,00;-0,16;0,00;0,00;164;98;105;41;38;726;974
2013;39,82;-351,00;0,00;0,00;0,00;-0,35;0,00;0,00;362;32;46;33;28;841;433
2014;0,00;-705,44;0,00;0,00;0,00;-0,71;0,00;0,00;212;113;12;17;20;561;437
2015;45,02;-230,83;0,00;0,00;0,00;-0,23;0,00;0,00;80;59;68;40;28;356;842
2016;40,96;-371,66;0,00;0,00;0,00;-0,37;0,00;0,00;442;176;129;27;15;270;630
2017;65,55;-60,57;0,00;0,00;0,00;-0,06;0,00;0,00;289;120;65;35;37;519;263
2018;44,55;-177,83;0,00;0,00;0,00;-0,18;0,00;0,00;497;115;135;18;39;821;876
2019;41,81;-235,98;0,00;0,00;0,00;-0,24;0,00;0,00;258;49;117;28;20;601;708
2020;10,09;-528,74;0,00;0,00;0,00;-0,53;0,00;0,00;68;16;177;15;23;485;589
2021;82,41;162,82;0,00;0,00;0,00;0,16;0,00;0,00;45;107;115;36;37;125;412
2022;45,71;-189,07;0,00;0,00;0,00;-0,19;0,00;0,00;402;170;159;43;30;339;461
2023;29,13;-418,54;0,00;0,00;0,00;-0,42;0,00;0,00;276;128;40;37;39;806;521
2024;57,71;-151,99;0,00;0,00;0,00;-0,15;0,00;0,00;126;88;166;41;29;833;777
2025;45,86;-170,42;0,00;0,00;0,00;-0,17;0,00;0,00;369;138;133;46;27;274;630
2026;52,76;-122,31;0,00;0,00;0,00;-0,12;0,00;0,00;438;30;92;39;23;835;905
2027;3,51;-616,40;0,00;0,00;0,00;-0,62;0,00;0,00;403;31;11;16;33;607;259
2028;49,87;-131,40;0,00;0,00;0,00;-0,13;0,00;0,00;170;26;136;20;19;684;446
2029;83,07;152,62;0,00;0,00;0,00;0,15;0,00;0,00;459;85;14;36;36;300;314
2030;81,38;180,96;0,00;0,00;0,00;0,18;0,00;0,00;370;145;140;22;22;807;202
2031;63,45;-63,85;0,00;0,00;0,00;-0,06;0,00;0,00;76;126;17;32;20;821;582
2032;41,64;-231,53;0,00;0,00;0,00;-0,23;0,00;0,00;264;53;125;13;18;647;300
2033;61,61;-117,77;0,00;0,00;0,00;-0,12;0,00;0,00;192;104;63;21;30;628;767
2034;38,09;-285,71;0,00;0,00;0,00;-0,29;0,00;0,00;161;43;149;25;23;685;926
2035;36,29;-295,50;0,00;0,00;0,00;-0,30;0,00;0,00;72;198;126;33;23;940;285
2036;54,99;-125,47;0,00;0,00;0,00;-0,13;0,00;0,00;314;29;175;29;31;659;222
2037;15,23;-589,83;0,00;0,00;0,00;-0,59;0,00;0,00;41;153;60;45;17;937;760
2038;27,02;-401,40;0,00;0,00;0,00;-0,40;0,00;0,00;203;66;185;45;17;868;852
2039;0,94;-642,20;0,00;0,00;0,00;-0,64;0,00;0,00;320;188;11;21;39;830;585
2040;31,19;-331,48;0,00;0,00;0,00;-0,33;0,00;0,00;381;90;108;25;37;987;572
2041;57,74;-99,85;0,00;0,00;0,00;-0,10;0,00;0,00;475;17;130;25;27;979;140
2042;61,49;-96,80;0,00;0,00;0,00;-0,10;0,00;0,00;294;174;128;41;28;348;761
2043;52,31;-176,88;0,00;0,00;0,00;-0,18;0,00;0,00;444;28;63;14;38;264;486
2044;58,00;-109,75;0,00;0,00;0,00;-0,11;0,00;0,00;160;157;179;23;37;178;908
2045;35,99;-332,51;0,00;0,00;0,00;-0,33;0,00;0,00;295;84;135;28;19;658;322
2046;8,29;-638,82;0,00;0,00;0,00;-0,64;0,00;0,00;26;71;192;32;34;827;587
2047;26,56;-431,02;0,00;0,00;0,00;-0,43;0,00;0,00;39;166;189;14;20;599;659
2048;52,63;-149,81;0,00;0,00;0,00;-0,15;0,00;0,00;332;13;91;11;28;516;196
2049;0,00;-742,32;0,00;0,00;0,00;-0,74;0,00;0,00;342;34;171;40;25;557;131
2050;38,26;-275,05;0,00;0,00;0,00;-0,28;0,00;0,00;338;173;20;23;28;428;263
2051;61,39;-27,17;0,00;0,00;0,00;-0,03;0,00;0,00;142;80;163;32;34;512;544
2052;25,69;-504,55;0,00;0,00;0,00;-0,50;0,00;0,00;111;117;137;25;34;219;786
2053;37,00;-371,15;0,00;0,00;0,00;-0,37;0,00;0,00;15;68;182;21;17;971;325
2054;20,06;-527,69;0,00;0,00;0,00;-0,53;0,00;0,00;282;100;85;34;25;534;769
2055;70,48;-70,97;0,00;0,00;0,00;-0,07;0,00;0,00;411;104;119;39;32;268;883
2056;69,56;7,61;0,00;0,00;0,00;0,01;0,00;0,00;246;117;59;26;38;133;815
2057;9,71;-636,68;0,00;0,00;0,00;-0,64;0,00;0,00;346;33;130;23;16;883;657
2058;18,47;-470,08;0,00;0,00;0,00;-0,47;0,00;0,00;252;150;178;11;24;439;650
2059;35,82;-373,92;0,00;0,00;0,00;-0,37;0,00;0,00;87;135;72;26;15;520;258
2060;23,60;-413,11;0,00;0,00;0,00;-0,41;0,00;0,00;427;31;151;10;25;646;789
2061;90,31;127,32;0,00;0,00;0,00;0,13;0,00;0,00;235;79;69;47;32;369;755
2062;82,02;131,78;0,00;0,00;0,00;0,13;0,00;0,00;147;12;69;12;16;128;955
2063;56,39;-124,19;0,00;0,00;0,00;-0,12;0,00;0,00;254;59;112;15;23;367;506
2064;73,47;-47,57;0,00;0,00;0,00;-0,05;0,00;0,00;371;167;34;14;25;609;449
2065;40,10;-348,08;0,00;0,00;0,00;-0,35;0,00;0,00;391;20;146;43;31;995;263
2066;76,83;163,72;0,00;0,00;0,00;0,16;0,00;0,00;10;114;22;48;32;641;369
2067;70,41;83,63;0,00;0,00;0,00;0,08;0,00;0,00;399;181;75;49;31;667;736
2068;27,28;-439,22;0,00;0,00;0,00;-0,44;0,00;0,00;234;86;177;28;39;445;301
2069;27,34;-422,36;0,00;0,00;0,00;-0,42;0,00;0,00;351;161;121;42;36;487;902
2070;66,97;123,14;0,00;0,00;0,00;0,12;0,00;0,00;68;126;80;34;23;197;979
2071;81,44;76,21;0,00;0,00;0,00;0,08;0,00;0,00;401;114;172;40;31;268;868
2072;99,57;260,18;0,00;0,00;0,00;0,26;0,00;0,00;390;116;167;40;17;848;370
2073;54,91;-201,35;0,00;0,00;0,00;-0,20;0,00;0,00;316;92;94;26;15;542;199
2074;21,06;-426,16;0,00;0,00;0,00;-0,43;0,00;0,00;68;129;90;38;38;516;778
2075;10,48;-655,72;0,00;0,00;0,00;-0,66;0,00;0,00;353;194;79;43;32;642;380
2076;77,55;60,28;0,00;0,00;0,00;0,06;0,00;0,00;437;12;60;28;33;784;104
2077;21,35;-451,23;0,00;0,00;0,00;-0,45;0,00;0,00;393;100;23;10;21;685;346
2078;46,82;-240,53;0,00;0,00;0,00;-0,24;0,00;0,00;12;120;53;15;27;533;118
2079;40,60;-332,84;0,00;0,00;0,00;-0,33;0,00;0,00;70;199;95;32;30;654;177
2080;39,32;-343,52;0,00;0,00;0,00;-0,34;0,00;0,00;290;142;26;14;34;460;551
2081;58,01;-64,24;0,00;0,00;0,00;-0,06;0,00;0,00;441;76;156;10;19;267;447
2082;22,25;-529,62;0,00;0,00;0,00;-0,53;0,00;0,00;289;146;62;33;39;905;653
2083;100,00;216,34;0,00;0,00;0,00;0,22;0,00;0,00;209;147;49;26;34;500;463
2084;64,30;22,45;0,00;0,00;0,00;0,02;0,00;0,00;456;75;92;49;37;275;825
2085;51,60;-113,05;0,00;0,00;0,00;-0,11;0,00;0,00;482;71;92;33;38;620;920
2086;0,00;-679,84;0,00;0,00;0,00;-0,68;0,00;0,00;302;66;133;29;19;125;411
2087;87,26;222,79;0,00;0,00;0,00;0,22;0,00;0,00;299;153;13;48;27;446;570
2088;13,92;-518,68;0,00;0,00;0,00;-0,52;0,00;0,00;151;28;65;48;31;326;619
2089;69,22;21,98;0,00;0,00;0,00;0,02;0,00;0,00;383;92;94;34;18;687;373
2090;49,54;-141,79;0,00;0,00;0,00;-0,14;0,00;0,00;29;43;49;38;27;275;865
2091;82,67;123,05;0,00;0,00;0,00;0,12;0,00;0,00;23;80;12;46;31;644;894
2092;55,80;-106,21;0,00;0,00;0,00;-0,11;0,00;0,00;416;64;89;30;33;360;627
2093;52,13;-114,26;0,00;0,00;0,00;-0,11;0,00;0,00;441;77;21;22;31;627;710
2094;79,46;136,54;0,00;0,00;0,00;0,14;0,00;0,00;269;24;150;13;25;181;965
2095;56,79;-105,95;0,00;0,00;0,00;-0,11;0,00;0,00;366;100;100;26;17;562;473
2096;53,42;-124,58;0,00;0,00;0,00;-0,12;0,00;0,00;465;169;11;20;25;530;489
2097;73,21;47,25;0,00;0,00;0,00;0,05;0,00;0,00;251;70;128;24;39;802;781
2098;71,04;92,35;0,00;0,00;0,00;0,09;0,00;0,00;441;162;97;27;25;649;922
2099;39,29;-377,30;0,00;0,00;0,00;-0,38;0,00;0,00;370;20;98;21;28;158;711
2100;44,72;-262,83;0,00;0,00;0,00;-0,26;0,00;0,00;246;56;195;35;24;895;500
2101;9,32;-653,97;0,00;0,00;0,00;-0,65;0,00;0,00;189;94;67;22;35;638;371
2102;67,72;28,81;0,00;0,00;0,00;0,03;0,00;0,00;126;161;153;17;28;138;172
2103;53,32;-223,27;0,00;0,00;0,00;-0,22;0,00;0,00;82;187;129;17;20;610;682
2104;54,67;-92,29;0,00;0,00;0,00;-0,09;0,00;0,00;431;23;187;39;23;538;741
2105;56,28;-122,59;0,00;0,00;0,00;-0,12;0,00;0,00;85;19;109;25;22;578;122
2106;42,39;-216,06;0,00;0,00;0,00;-0,22;0,00;0,00;468;92;46;11;24;689;483
2107;79,89;85,97;0,00;0,00;0,00;0,09;0,00;0,00;36;114;112;12;16;620;741
2108;33,42;-434,81;0,00;0,00;0,00;-0,43;0,00;0,00;34;98;55;35;32;751;333
2109;77,77;124,58;0,00;0,00;0,00;0,12;0,00;0,00;165;22;99;28;19;922;244
2110;47,95;-152,12;0,00;0,00;0,00;-0,15;0,00;0,00;139;138;184;32;19;611;908
2111;55,25;-229,67;0,00;0,00;0,00;-0,23;0,00;0,00;414;157;188;26;21;871;657
2112;29,57;-405,45;0,00;0,00;0,00;-0,41;0,00;0,00;75;55;139;12;15;265;621
2113;22,69;-471,10;0,00;0,00;0,00;-0,47;0,00;0,00;72;63;148;25;27;536;680
2114;48,06;-204,37;0,00;0,00;0,00;-0,20;0,00;0,00;41;27;122;45;19;420;874
2115;51,46;-134,38;0,00;0,00;0,00;-0,13;0,00;0,00;359;133;124;13;32;844;285
2116;77,14;78,86;0,00;0,00;0,00;0,08;0,00;0,00;356;184;36;42;15;983;505
2117;61,38;-10,52;0,00;0,00;0,00;-0,01;0,00;0,00;493;24;127;46;19;689;851
2118;50,45;-236,77;0,00;0,00;0,00;-0,24;0,00;0,00;320;131;62;47;16;836;422
2119;51,94;-159,66;0,00;0,00;0,00;-0,16;0,00;0,00;288;162;22;41;32;538;582
2120;36,71;-338,89;0,00;0,00;0,00;-0,34;0,00;0,00;93;29;119;47;31;242;685
2121;73,59;-17,02;0,00;0,00;0,00;-0,02;0,00;0,00;168;106;127;23;37;419;617
2122;69,13;89,12;0,00;0,00;0,00;0,09;0,00;0,00;332;61;192;27;26;804;486
2123;55,68;-86,99;0,00;0,00;0,00;-0,09;0,00;0,00;230;36;167;14;33;489;111
2124;24,94;-487,39;0,00;0,00;0,00;-0,49;0,00;0,00;100;107;131;24;21;402;870
2125;66,58;-84,92;0,00;0,00;0,00;-0,08;0,00;0,00;314;86;171;20;32;724;361
2126;82,29;190,38;0,00;0,00;0,00;0,19;0,00;0,00;116;10;32;45;32;415;157
2127;29,92;-416,44;0,00;0,00;0,00;-0,42;0,00;0,00;131;186;20;38;37;705;102
2128;0,00;-679,17;0,00;0,00;0,00;-0,68;0,00;0,00;371;112;15;31;39;614;897
2129;30,90;-361,77;0,00;0,00;0,00;-0,36;0,00;0,00;393;107;167;28;17;721;896
2130;22,19;-420,98;0,00;0,00;0,00;-0,42;0,00;0,00;169;50;37;17;36;536;335
2131;47,93;-246,47;0,00;0,00;0,00;-0,25;0,00;0,00;477;39;79;35;30;537;468
2132;35,18;-375,61;0,00;0,00;0,00;-0,38;0,00;0,00;410;66;144;26;36;870;595
2133;44,20;-227,26;0,00;0,00;0,00;-0,23;0,00;0,00;173;171;44;33;29;773;338
2134;58,03;-92,90;0,00;0,00;0,00;-0,09;0,00;0,00;147;124;46;29;30;872;692
2135;60,41;-66,58;0,00;0,00;0,00;-0,07;0,00;0,00;162;45;23;13;33;301;930
2136;41,89;-275,87;0,00;0,00;0,00;-0,28;0,00;0,00;195;138;43;31;34;367;476
2137;41,36;-344,22;0,00;0,00;0,00;-0,34;0,00;0,00;389;76;133;41;34;744;911
2138;22,50;-428,15;0,00;0,00;0,00;-0,43;0,00;0,00;473;194;62;45;19;272;254
2139;100,00;246,27;0,00;0,00;0,00;0,25;0,00;0,00;29;99;82;14;25;917;383
2140;100,00;290,58;0,00;0,00;0,00;0,29;0,00;0,00;275;172;159;39;16;160;640
2141;71,10;-86,80;0,00;0,00;0,00;-0,09;0,00;0,00;493;133;49;48;29;971;416
2142;45,51;-269,16;0,00;0,00;0,00;-0,27;0,00;0,00;262;190;111;18;31;197;835
2143;24,09;-385,79;0,00;0,00;0,00;-0,39;0,00;0,00;393;126;100;20;16;398;404
2144;61,41;-110,42;0,00;0,00;0,00;-0,11;0,00;0,00;142;181;16;16;34;522;527
2145;12,26;-565,00;0,00;0,00;0,00;-0,56;0,00;0,00;17;187;66;34;35;783;214
2146;66,07;-26,36;0,00;0,00;0,00;-0,03;0,00;0,00;59;81;154;24;20;864;468
2147;35,91;-445,27;0,00;0,00;0,00;-0,45;0,00;0,00;356;74;153;16;21;894;106
2148;87,50;176,70;0,00;0,00;0,00;0,18;0,00;0,00;203;82;10;45;29;612;713
2149;52,61;-96,48;0,00;0,00;0,00;-0,10;0,00;0,00;100;168;159;26;15;625;838
2150;6,04;-721,49;0,00;0,00;0,00;-0,72;0,00;0,00;180;136;184;26;28;741;411
2151;48,70;-198,53;0,00;0,00;0,00;-0,20;0,00;0,00;379;118;60;36;33;610;747
2152;100,00;230,21;0,00;0,00;0,00;0,23;0,00;0,00;384;13;57;18;29;283;248
2153;32,36;-410,27;0,00;0,00;0,00;-0,41;0,00;0,00;257;183;73;22;21;784;805
2154;43,53;-281,49;0,00;0,00;0,00;-0,28;0,00;0,00;469;158;38;21;37;549;532
2155;42,72;-275,08;0,00;0,00;0,00;-0,28;0,00;0,00;429;106;40;27;35;491;830
2156;65,33;-74,54;0,00;0,00;0,00;-0,07;0,00;0,00;77;154;84;12;30;944;335
2157;59,98;-122,60;0,00;0,00;0,00;-0,12;0,00;0,00;115;59;115;10;21;153;121
2158;42,12;-274,07;0,00;0,00;0,00;-0,27;0,00;0,00;67;134;113;18;17;376;247
2159;0,00;-604,22;0,00;0,00;0,00;-0,60;0,00;0,00;162;39;98;26;17;894;722
2160;28,19;-406,29;0,00;0,00;0,00;-0,41;0,00;0,00;203;128;168;16;36;245;591
2161;100,00;311,86;0,00;0,00;0,00;0,31;0,00;0,00;98;30;40;16;31;904;481
2162;19,63;-478,29;0,00;0,00;0,00;-0,48;0,00;0,00;93;173;143;31;22;780;806
2163;98,41;375,65;0,00;0,00;0,00;0,38;0,00;0,00;12;145;188;36;33;425;715
2164;56,48;-156,99;0,00;0,00;0,00;-0,16;0,00;0,00;135;167;56;38;20;189;723
2165;61,00;-111,98;0,00;0,00;0,00;-0,11;0,00;0,00;300;188;86;36;22;816;211
2166;24,70;-466,44;0,00;0,00;0,00;-0,47;0,00;0,00;185;142;80;22;34;640;697
2167;38,07;-312,31;0,00;0,00;0,00;-0,31;0,00;0,00;418;126;162;14;31;304;541
2168;68,65;1,75;0,00;0,00;0,00;0,00;0,00;0,00;30;127;165;35;27;563;460
2169;84,20;86,02;0,00;0,00;0,00;0,09;0,00;0,00;81;82;11;38;31;721;559
2170;51,33;-175,19;0,00;0,00;0,00;-0,18;0,00;0,00;173;188;60;22;29;563;106
2171;37,06;-281,94;0,00;0,00;0,00;-0,28;0,00;0,00;393;193;76;46;31;486;378
2172;97,91;325,54;0,00;0,00;0,00;0,33;0,00;0,00;67;136;141;39;35;389;820
2173;32,75;-450,15;0,00;0,00;0,00;-0,45;0,00;0,00;295;51;110;30;17;738;655
2174;53,69;-179,61;0,00;0,00;0,00;-0,18;0,00;0,00;468;48;101;25;24;841;924
2175;42,89;-241,73;0,00;0,00;0,00;-0,24;0,00;0,00;445;151;59;21;15;377;547
2176;0,00;-710,64;0,00;0,00;0,00;-0,71;0,00;0,00;481;108;55;14;31;119;809
2177;97,44;323,45;0,00;0,00;0,00;0,32;0,00;0,00;33;72;150;29;28;787;322
2178;56,52;-118,81;0,00;0,00;0,00;-0,12;0,00;0,00;155;155;19;21;22;505;238
2179;49,81;-260,17;0,00;0,00;0,00;-0,26;0,00;0,00;230;19;152;41;15;361;971
2180;79,89;143,61;0,00;0,00;0,00;0,14;0,00;0,00;241;110;83;27;25;557;938
2181;51,89;-255,72;0,00;0,00;0,00;-0,26;0,00;0,00;242;142;152;19;34;379;554
2182;45,41;-226,70;0,00;0,00;0,00;-0,23;0,00;0,00;425;163;160;22;19;137;494
2183;74,78;48,96;0,00;0,00;0,00;0,05;0,00;0,00;492;30;106;48;29;861;467
2184;29,71;-378,20;0,00;0,00;0,00;-0,38;0,00;0,00;24;110;23;11;15;830;859
2185;43,99;-264,26;0,00;0,00;0,00;-0,26;0,00;0,00;333;164;157;38;28;536;281
2186;23,37;-551,38;0,00;0,00;0,00;-0,55;0,00;0,00;205;14;30;42;25;385;824
2187;42,47;-330,99;0,00;0,00;0,00;-0,33;0,00;0,00;229;187;36;29;36;683;911
2188;34,37;-356,63;0,00;0,00;0,00;-0,36;0,00;0,00;78;126;135;45;17;601;550
2189;25,93;-406,70;0,00;0,00;0,00;-0,41;0,00;0,00;476;111;47;18;21;826;409
2190;40,14;-249,35;0,00;0,00;0,00;-0,25;0,00;0,00;395;129;17;13;36;153;233
2191;20,55;-434,79;0,00;0,00;0,00;-0,43;0,00;0,00;452;79;45;30;21;363;850
2192;88,83;106,52;0,00;0,00;0,00;0,11;0,00;0,00;313;25;12;16;15;735;204
2193;94,30;269,85;0,00;0,00;0,00;0,27;0,00;0,00;354;141;44;37;37;794;579
2194;21,01;-515,88;0,00;0,00;0,00;-0,52;0,00;0,00;488;190;177;42;24;454;251
2195;53,31;-237,04;0,00;0,00;0,00;-0,24;0,00;0,00;99;88;69;24;18;738;437
2196;72,18;11,84;0,00;0,00;0,00;0,01;0,00;0,00;137;40;162;19;38;377;199
2197;60,40;-26,78;0,00;0,00;0,00;-0,03;0,00;0,00;102;171;75;25;28;220;631
2198;30,61;-411,93;0,00;0,00;0,00;-0,41;0,00;0,00;10;125;29;23;31;538;151
2199;43,42;-249,07;0,00;0,00;0,00;-0,25;0,00;0,00;341;44;79;47;34;970;173
2200;23,18;-527,16;0,00;0,00;0,00;-0,53;0,00;0,00;452;146;85;24;25;494;258
2201;21,66;-449,63;0,00;0,00;0,00;-0,45;0,00;0,00;315;25;144;42;25;781;559
2202;69,80;22,06;0,00;0,00;0,00;0,02;0,00;0,00;415;184;124;11;32;866;463
2203;51,10;-146,60;0,00;0,00;0,00;-0,15;0,00;0,00;192;60;43;40;29;795;378
2204;100,00;380,81;0,00;0,00;0,00;0,38;0,00;0,00;99;70;101;35;19;261;813
2205;63,50;-108,17;0,00;0,00;0,00;-0,11;0,00;0,00;61;60;173;43;17;363;606
2206;37,77;-346,89;0,00;0,00;0,00;-0,35;0,00;0,00;337;86;162;13;27;969;697
2207;38,56;-309,66;0,00;0,00;0,00;-0,31;0,00;0,00;224;137;116;27;35;182;839
2208;20,12;-471,41;0,00;0,00;0,00;-0,47;0,00;0,00;144;76;195;17;31;296;981
2209;80,17;182,63;0,00;0,00;0,00;0,18;0,00;0,00;224;183;103;43;37;442;153
2210;34,45;-422,63;0,00;0,00;0,00;-0,42;0,00;0,00;395;120;38;25;29;166;983
2211;57,05;-142,68;0,00;0,00;0,00;-0,14;0,00;0,00;90;169;169;15;29;146;510
2212;43,43;-255,34;0,00;0,00;0,00;-0,26;0,00;0,00;41;17;90;33;39;922;527
2213;72,48;6,38;0,00;0,00;0,00;0,01;0,00;0,00;199;147;60;16;16;715;689
2214;85,16;143,96;0,00;0,00;0,00;0,14;0,00;0,00;37;72;174;41;18;754;758
2215;24,16;-404,06;0,00;0,00;0,00;-0,40;0,00;0,00;95;130;117;11;34;699;154
2216;78,28;109,66;0,00;0,00;0,00;0,11;0,00;0,00;131;38;75;26;38;263;200
2217;92,17;173,44;0,00;0,00;0,00;0,17;0,00;0,00;39;187;114;27;21;255;639
2218;68,80;145,83;0,00;0,00;0,00;0,15;0,00;0,00;276;72;194;12;25;359;139
2219;73,67;-13,90;0,00;0,00;0,00;-0,01;0,00;0,00;71;59;142;46;26;227;451
2220;48,58;-235,52;0,00;0,00;0,00;-0,24;0,00;0,00;23;144;49;26;32;949;108
2221;51,04;-232,54;0,00;0,00;0,00;-0,23;0,00;0,00;343;47;62;44;25;324;440
2222;87,31;121,36;0,00;0,00;0,00;0,12;0,00;0,00;485;66;115;34;39;995;119
2223;11,78;-555,42;0,00;0,00;0,00;-0,56;0,00;0,00;23;17;109;25;19;505;720
2224;67,96;-102,60;0,00;0,00;0,00;-0,10;0,00;0,00;318;63;18;40;37;818;954
2225;50,23;-196,50;0,00;0,00;0,00;-0,20;0,00;0,00;150;145;28;31;34;324;132
2226;27,71;-501,45;0,00;0,00;0,00;-0,50;0,00;0,00;182;87;190;28;19;835;593
2227;47,63;-201,21;0,00;0,00;0,00;-0,20;0,00;0,00;493;161;47;17;32;287;980
2228;27,24;-500,33;0,00;0,00;0,00;-0,50;0,00;0,00;271;59;79;31;19;178;177
2229;0,00;-730,22;0,00;0,00;0,00;-0,73;0,00;0,00;213;76;117;48;18;310;371
2230;81,81;179,24;0,00;0,00;0,00;0,18;0,00;0,00;445;15;142;23;28;274;659
2231;52,75;-200,62;0,00;0,00;0,00;-0,20;0,00;0,00;165;165;25;17;21;525;349
2232;76,68;99,32;0,00;0,00;0,00;0,10;0,00;0,00;222;185;169;11;22;196;134
2233;89,36;299,14;0,00;0,00;0,00;0,30;0,00;0,00;366;92;172;49;39;805;884
2234;44,27;-297,04;0,00;0,00;0,00;-0,30;0,00;0,00;232;50;194;39;27;959;228
2235;20,30;-507,66;0,00;0,00;0,00;-0,51;0,00;0,00;112;121;179;18;26;569;808
2236;39,25;-278,10;0,00;0,00;0,00;-0,28;0,00;0,00;140;146;78;12;19;176;295
2237;24,54;-442,69;0,00;0,00;0,00;-0,44;0,00;0,00;67;30;16;37;30;397;610
2238;33,58;-388,37;0,00;0,00;0,00;-0,39;0,00;0,00;194;199;105;28;25;701;295
2239;64,73;-66,82;0,00;0,00;0,00;-0,07;0,00;0,00;135;198;83;36;23;293;993
2240;50,97;-219,84;0,00;0,00;0,00;-0,22;0,00;0,00;223;143;16;16;39;998;221
2241;81,35;107,44;0,00;0,00;0,00;0,11;0,00;0,00;177;46;173;36;29;497;829
2242;53,20;-165,34;0,00;0,00;0,00;-0,17;0,00;0,00;287;28;21;43;19;512;942
2243;45,23;-259,93;0,00;0,00;0,00;-0,26;0,00;0,00;98;155;46;40;27;400;826
2244;44,96;-128,48;0,00;0,00;0,00;-0,13;0,00;0,00;231;191;137;12;33;447;222
2245;39,69;-305,11;0,00;0,00;0,00;-0,31;0,00;0,00;430;157;162;28;37;149;436
2246;91,49;204,30;0,00;0,00;0,00;0,20;0,00;0,00;440;112;76;31;20;489;234
2247;84,03;129,01;0,00;0,00;0,00;0,13;0,00;0,00;154;170;133;36;19;530;478
2248;85,33;125,72;0,00;0,00;0,00;0,13;0,00;0,00;196;90;50;37;38;516;411
2249;56,41;-178,70;0,00;0,00;0,00;-0,18;0,00;0,00;160;93;122;48;39;748;183
2250;46,83;-254,11;0,00;0,00;0,00;-0,25;0,00;0,00;301;113;78;42;34;539;480
2251;53,92;-119,94;0,00;0,00;0,00;-0,12;0,00;0,00;414;135;193;33;37;847;868
2252;54,22;-192,81;0,00;0,00;0,00;-0,19;0,00;0,00;307;176;79;21;29;898;607
2253;100,00;273,62;0,00;0,00;0,00;0,27;0,00;0,00;124;114;67;45;26;388;691
2254;56,18;-118,80;0,00;0,00;0,00;-0,12;0,00;0,00;67;197;84;41;34;521;501
2255;35,73;-361,82;0,00;0,00;0,00;-0,36;0,00;0,00;364;116;190;34;22;836;486
2256;5,90;-676,59;0,00;0,00;0,00;-0,68;0,00;0,00;18;103;71;27;16;769;760
2257;40,66;-282,49;0,00;0,00;0,00;-0,28;0,00;0,00;462;50;192;43;38;474;420
2258;59,78;-135,36;0,00;0,00;0,00;-0,14;0,00;0,00;294;164;20;22;34;932;767
2259;35,30;-385,87;0,00;0,00;0,00;-0,39;0,00;0,00;214;33;30;12;24;259;266
2260;46,82;-208,30;0,00;0,00;0,00;-0,21;0,00;0,00;160;151;47;27;37;480;707
2261;53,54;-113,28;0,00;0,00;0,00;-0,11;0,00;0,00;299;104;63;29;18;692;281
2262;67,34;-40,18;0,00;0,00;0,00;-0,04;0,00;0,00;400;61;54;29;18;446;181
2263;82,34;128,60;0,00;0,00;0,00;0,13;0,00;0,00;237;79;86;19;35;840;582
2264;37,94;-389,41;0,00;0,00;0,00;-0,39;0,00;0,00;481;31;24;41;39;788;372
2265;35,99;-357,76;0,00;0,00;0,00;-0,36;0,00;0,00;100;37;44;45;38;691;396
2266;77,53;43,15;0,00;0,00;0,00;0,04;0,00;0,00;196;25;36;24;38;389;193
2267;63,99;-70,54;0,00;0,00;0,00;-0,07;0,00;0,00;486;22;16;49;36;768;817
2268;49,75;-211,29;0,00;0,00;0,00;-0,21;0,00;0,00;121;176;35;28;19;152;717
2269;38,43;-409,09;0,00;0,00;0,00;-0,41;0,00;0,00;223;156;159;46;34;671;935
2270;66,78;7,42;0,00;0,00;0,00;0,01;0,00;0,00;300;43;136;32;19;489;626
2271;70,99;13,61;0,00;0,00;0,00;0,01;0,00;0,00;377;57;33;15;37;996;611
2272;67,42;2,55;0,00;0,00;0,00;0,00;0,00;0,00;379;168;129;33;38;264;357
2273;21,56;-587,97;0,00;0,00;0,00;-0,59;0,00;0,00;283;192;149;30;38;795;245
2274;60,80;-157,11;0,00;0,00;0,00;-0,16;0,00;0,00;346;11;187;39;31;595;842
2275;69,25;-75,05;0,00;0,00;0,00;-0,08;0,00;0,00;468;48;143;35;28;993;305
2276;94,91;242,38;0,00;0,00;0,00;0,24;0,00;0,00;146;144;36;20;17;961;733
2277;62,45;-100,92;0,00;0,00;0,00;-0,10;0,00;0,00;154;107;98;44;22;942;877
2278;22,25;-459,98;0,00;0,00;0,00;-0,46;0,00;0,00;187;178;65;26;33;864;823
2279;39,73;-178,72;0,00;0,00;0,00;-0,18;0,00;0,00;447;143;73;46;26;869;470
2280;49,49;-200,32;0,00;0,00;0,00;-0,20;0,00;0,00;84;115;157;15;27;538;600
2281;86,14;206,47;0,00;0,00;0,00;0,21;0,00;0,00;200;174;19;19;37;870;904
2282;67,04;-24,58;0,00;0,00;0,00;-0,02;0,00;0,00;50;38;39;34;19;371;743
2283;62,06;-179,64;0,00;0,00;0,00;-0,18;0,00;0,00;494;26;66;48;22;191;204
2284;85,22;161,78;0,00;0,00;0,00;0,16;0,00;0,00;372;184;64;37;30;442;136
2285;51,33;-215,06;0,00;0,00;0,00;-0,22;0,00;0,00;486;165;73;37;29;732;305
2286;87,94;183,05;0,00;0,00;0,00;0,18;0,00;0,00;31;110;154;40;24;577;264
2287;37,06;-386,34;0,00;0,00;0,00;-0,39;0,00;0,00;458;178;80;44;20;466;291
2288;79,97;53,56;0,00;0,00;0,00;0,05;0,00;0,00;263;32;123;19;22;584;817
2289;23,36;-507,37;0,00;0,00;0,00;-0,51;0,00;0,00;422;19;96;27;32;509;373
2290;72,21;82,26;0,00;0,00;0,00;0,08;0,00;0,00;388;33;44;18;37;539;182
2291;71,90;9,83;0,00;0,00;0,00;0,01;0,00;0,00;21;119;54;11;19;993;998
2292;9,67;-589,04;0,00;0,00;0,00;-0,59;0,00;0,00;386;194;183;42;24;284;701
2293;51,44;-132,24;0,00;0,00;0,00;-0,13;0,00;0,00;267;13;29;14;17;320;914
2294;59,31;-195,43;0,00;0,00;0,00;-0,20;0,00;0,00;358;20;188;43;30;484;137
2295;62,90;-80,73;0,00;0,00;0,00;-0,08;0,00;0,00;446;166;154;44;18;803;491
2296;99,31;288,82;0,00;0,00;0,00;0,29;0,00;0,00;67;37;150;44;37;440;748
2297;15,50;-467,03;0,00;0,00;0,00;-0,47;0,00;0,00;112;36;158;39;15;960;428
2298;31,58;-396,30;0,00;0,00;0,00;-0,40;0,00;0,00;108;18;102;34;27;627;784
2299;55,69;-169,37;0,00;0,00;0,00;-0,17;0,00;0,00;68;142;118;43;33;637;576
2300;39,17;-337,59;0,00;0,00;0,00;-0,34;0,00;0,00;96;123;108;22;19;219;513
2301;91,83;264,82;0,00;0,00;0,00;0,26;0,00;0,00;463;71;72;43;36;473;317
2302;20,71;-538,21;0,00;0,00;0,00;-0,54;0,00;0,00;388;107;108;39;22;574;358
2303;46,88;-279,17;0,00;0,00;0,00;-0,28;0,00;0,00;241;120;119;29;26;949;681
2304;54,29;-128,74;0,00;0,00;0,00;-0,13;0,00;0,00;312;184;190;29;23;777;283
2305;49,27;-169,72;0,00;0,00;0,00;-0,17;0,00;0,00;95;73;55;41;21;174;905
2306;72,64;24,74;0,00;0,00;0,00;0,02;0,00;0,00;53;13;166;29;35;840;573
2307;38,83;-287,17;0,00;0,00;0,00;-0,29;0,00;0,00;78;133;95;12;15;651;458
2308;61,59;-110,69;0,00;0,00;0,00;-0,11;0,00;0,00;80;99;174;32;33;631;989
2309;85,72;147,37;0,00;0,00;0,00;0,15;0,00;0,00;340;31;177;37;34;488;778
2310;51,22;-87,92;0,00;0,00;0,00;-0,09;0,00;0,00;237;139;193;39;26;312;657
2311;38,64;-256,25;0,00;0,00;0,00;-0,26;0,00;0,00;242;127;139;18;15;924;423
2312;27,74;-431,39;0,00;0,00;0,00;-0,43;0,00;0,00;333;127;64;12;17;948;512
2313;42,11;-211,78;0,00;0,00;0,00;-0,21;0,00;0,00;225;189;121;24;20;614;855
2314;55,53;-138,42;0,00;0,00;0,00;-0,14;0,00;0,00;83;168;193;18;33;174;539
2315;24,29;-526,38;0,00;0,00;0,00;-0,53;0,00;0,00;311;97;174;26;31;683;190
2316;67,69;-89,66;0,00;0,00;0,00;-0,09;0,00;0,00;126;188;76;45;38;689;501
2317;25,19;-436,36;0,00;0,00;0,00;-0,44;0,00;0,00;360;70;138;30;24;684;162
2318;78,50;149,26;0,00;0,00;0,00;0,15;0,00;0,00;71;129;124;43;17;238;349
2319;15,72;-603,58;0,00;0,00;0,00;-0,60;0,00;0,00;284;111;65;41;34;172;315
2320;35,42;-229,26;0,00;0,00;0,00;-0,23;0,00;0,00;313;179;139;15;21;521;314
2321;52,07;-112,79;0,00;0,00;0,00;-0,11;0,00;0,00;444;197;184;41;19;270;387
2322;20,65;-544,72;0,00;0,00;0,00;-0,54;0,00;0,00;409;127;134;30;15;903;745
2323;65,21;-38,00;0,00;0,00;0,00;-0,04;0,00;0,00;492;191;170;22;39;715;829
2324;25,19;-482,57;0,00;0,00;0,00;-0,48;0,00;0,00;187;97;193;30;30;228;122
2325;71,54;-70,16;0,00;0,00;0,00;-0,07;0,00;0,00;122;178;32;11;22;482;225
2326;54,19;-171,94;0,00;0,00;0,00;-0,17;0,00;0,00;459;198;13;38;17;257;590
2327;54,60;-113,91;0,00;0,00;0,00;-0,11;0,00;0,00;332;157;73;35;16;532;576
2328;51,55;-174,85;0,00;0,00;0,00;-0,17;0,00;0,00;72;183;193;27;19;154;923
2329;85,63;96,43;0,00;0,00;0,00;0,10;0,00;0,00;476;86;77;31;17;468;470
2330;42,95;-167,25;0,00;0,00;0,00;-0,17;0,00;0,00;325;74;173;46;29;335;208
2331;77,53;78,35;0,00;0,00;0,00;0,08;0,00;0,00;278;170;187;32;17;931;294
2332;72,87;42,45;0,00;0,00;0,00;0,04;0,00;0,00;245;61;198;40;26;994;561
2333;57,31;-145,89;0,00;0,00;0,00;-0,15;0,00;0,00;161;109;65;45;21;177;374
2334;29,35;-374,09;0,00;0,00;0,00;-0,37;0,00;0,00;406;119;134;41;28;503;251
2335;51,42;-140,38;0,00;0,00;0,00;-0,14;0,00;0,00;330;46;13;11;18;549;596
2336;97,38;282,98;0,00;0,00;0,00;0,28;0,00;0,00;199;27;188;24;23;470;335
2337;86,13;193,12;0,00;0,00;0,00;0,19;0,00;0,00;239;147;97;27;36;514;907
2338;22,55;-476,19;0,00;0,00;0,00;-0,48;0,00;0,00;35;156;155;14;37;678;593
2339;74,83;53,36;0,00;0,00;0,00;0,05;0,00;0,00;203;84;131;48;28;585;971
2340;36,36;-361,47;0,00;0,00;0,00;-0,36;0,00;0,00;14;182;43;13;24;831;602
2341;36,51;-211,66;0,00;0,00;0,00;-0,21;0,00;0,00;398;57;199;47;17;593;889
2342;77,76;80,75;0,00;0,00;0,00;0,08;0,00;0,00;313;137;148;26;22;965;350
2343;100,00;252,85;0,00;0,00;0,00;0,25;0,00;0,00;247;24;115;14;25;461;361
2344;23,76;-476,73;0,00;0,00;0,00;-0,48;0,00;0,00;244;124;161;19;17;584;815
2345;50,52;-230,73;0,00;0,00;0,00;-0,23;0,00;0,00;277;162;125;36;34;699;933
2346;72,40;31,51;0,00;0,00;0,00;0,03;0,00;0,00;276;48;82;17;38;420;937
2347;25,50;-397,88;0,00;0,00;0,00;-0,40;0,00;0,00;413;103;12;13;26;855;334
2348;47,86;-242,31;0,00;0,00;0,00;-0,24;0,00;0,00;351;74;11;18;17;374;141
2349;8,53;-660,69;0,00;0,00;0,00;-0,66;0,00;0,00;447;59;44;20;32;700;272
2350;56,40;-148,82;0,00;0,00;0,00;-0,15;0,00;0,00;223;72;62;42;33;321;846
2351;100,00;255,18;0,00;0,00;0,00;0,26;0,00;0,00;199;151;163;39;35;131;820
2352;47,94;-125,45;0,00;0,00;0,00;-0,13;0,00;0,00;108;115;36;34;28;439;549
2353;67,63;85,62;0,00;0,00;0,00;0,09;0,00;0,00;118;109;80;33;35;266;768
2354;68,74;22,60;0,00;0,00;0,00;0,02;0,00;0,00;483;15;173;33;31;886;462
2355;58,06;-91,53;0,00;0,00;0,00;-0,09;0,00;0,00;86;184;22;39;30;982;416
2356;49,36;-279,62;0,00;0,00;0,00;-0,28;0,00;0,00;69;22;163;14;28;874;253
2357;33,77;-409,34;0,00;0,00;0,00;-0,41;0,00;0,00;395;106;152;34;16;453;574
2358;8,28;-623,30;0,00;0,00;0,00;-0,62;0,00;0,00;338;192;165;17;36;261;863
2359;27,40;-381,21;0,00;0,00;0,00;-0,38;0,00;0,00;144;123;122;19;32;590;896
2360;99,25;277,07;0,00;0,00;0,00;0,28;0,00;0,00;285;189;184;40;28;560;820
2361;11,11;-598,97;0,00;0,00;0,00;-0,60;0,00;0,00;211;168;85;34;33;558;619
2362;59,98;-115,61;0,00;0,00;0,00;-0,12;0,00;0,00;211;162;56;33;25;562;930
2363;55,45;-100,68;0,00;0,00;0,00;-0,10;0,00;0,00;437;168;179;44;31;735;237
2364;38,26;-279,42;0,00;0,00;0,00;-0,28;0,00;0,00;277;174;86;20;35;904;206
2365;68,64;-79,82;0,00;0,00;0,00;-0,08;0,00;0,00;251;43;109;41;28;343;564
2366;26,59;-398,74;0,00;0,00;0,00;-0,40;0,00;0,00;70;116;57;35;37;979;230
2367;75,16;1,08;0,00;0,00;0,00;0,00;0,00;0,00;199;131;146;20;17;665;401
2368;98,57;292,55;0,00;0,00;0,00;0,29;0,00;0,00;255;162;143;19;30;332;533
2369;96,73;295,70;0,00;0,00;0,00;0,30;0,00;0,00;486;170;75;12;37;393;384
2370;66,65;-36,19;0,00;0,00;0,00;-0,04;0,00;0,00;105;17;61;14;25;518;172
2371;35,46;-403,80;0,00;0,00;0,00;-0,40;0,00;0,00;448;63;170;27;27;362;617
2372;25,83;-391,60;0,00;0,00;0,00;-0,39;0,00;0,00;100;160;173;46;32;288;201
2373;58,49;-89,09;0,00;0,00;0,00;-0,09;0,00;0,00;372;132;67;48;39;368;955
2374;51,41;-110,50;0,00;0,00;0,00;-0,11;0,00;0,00;219;117;53;10;34;886;416
2375;18,28;-484,43;0,00;0,00;0,00;-0,48;0,00;0,00;81;109;80;15;36;338;252
2376;46,07;-269,21;0,00;0,00;0,00;-0,27;0,00;0,00;425;78;60;45;16;790;401
2377;31,39;-384,45;0,00;0,00;0,00;-0,38;0,00;0,00;263;31;136;10;33;164;558
2378;9,00;-581,59;0,00;0,00;0,00;-0,58;0,00;0,00;178;124;142;41;37;163;373
2379;40,67;-267,28;0,00;0,00;0,00;-0,27;0,00;0,00;269;120;105;45;29;358;575
2380;0,00;-633,53;0,00;0,00;0,00;-0,63;0,00;0,00;115;48;21;17;34;203;336
2381;59,37;11,55;0,00;0,00;0,00;0,01;0,00;0,00;441;118;101;44;39;822;206
2382;38,01;-310,18;0,00;0,00;0,00;-0,31;0,00;0,00;332;190;36;26;32;422;829
2383;12,60;-614,86;0,00;0,00;0,00;-0,61;0,00;0,00;345;59;177;14;35;226;291
2384;82,46;65,93;0,00;0,00;0,00;0,07;0,00;0,00;190;162;35;42;32;952;833
2385;28,21;-385,10;0,00;0,00;0,00;-0,39;0,00;0,00;16;186;140;37;15;962;333
2386;66,72;-48,00;0,00;0,00;0,00;-0,05;0,00;0,00;412;90;199;34;38;121;576
2387;25,37;-407,76;0,00;0,00;0,00;-0,41;0,00;0,00;109;195;116;44;35;455;388
2388;74,19;64,23;0,00;0,00;0,00;0,06;0,00;0,00;89;154;27;10;19;555;867
2389;38,86;-327,32;0,00;0,00;0,00;-0,33;0,00;0,00;403;129;113;42;15;275;293
2390;0,00;-756,57;0,00;0,00;0,00;-0,76;0,00;0,00;437;166;22;21;27;639;745
2391;73,55;89,52;0,00;0,00;0,00;0,09;0,00;0,00;20;154;132;46;31;809;571
2392;39,75;-273,33;0,00;0,00;0,00;-0,27;0,00;0,00;279;125;45;38;23;834;788
2393;72,43;-26,37;0,00;0,00;0,00;-0,03;0,00;0,00;481;44;153;42;25;181;107
2394;12,76;-595,87;0,00;0,00;0,00;-0,60;0,00;0,00;104;15;82;11;34;285;473
2395;45,27;-287,08;0,00;0,00;0,00;-0,29;0,00;0,00;136;188;93;36;30;261;173
2396;12,10;-564,93;0,00;0,00;0,00;-0,56;0,00;0,00;98;188;96;17;27;870;541
2397;59,96;-83,71;0,00;0,00;0,00;-0,08;0,00;0,00;158;149;123;28;34;945;308
2398;47,91;-262,37;0,00;0,00;0,00;-0,26;0,00;0,00;476;156;32;33;33;144;776
2399;40,15;-311,97;0,00;0,00;0,00;-0,31;0,00;0,00;474;76;130;37;27;845;913
2400;50,80;-234,05;0,00;0,00;0,00;-0,23;0,00;0,00;207;22;172;14;27;867;660
2401;46,40;-155,48;0,00;0,00;0,00;-0,16;0,00;0,00;356;45;68;46;35;899;158
2402;70,10;1,83;0,00;0,00;0,00;0,00;0,00;0,00;211;147;175;17;18;992;294
2403;71,34;-19,91;0,00;0,00;0,00;-0,02;0,00;0,00;212;40;40;46;28;704;804
2404;49,43;-222,16;0,00;0,00;0,00;-0,22;0,00;0,00;316;179;36;29;19;151;137
2405;71,54;-4,65;0,00;0,00;0,00;-0,00;0,00;0,00;39;87;21;48;29;622;855
2406;15,09;-563,72;0,00;0,00;0,00;-0,56;0,00;0,00;469;150;99;46;31;290;331
2407;47,07;-243,57;0,00;0,00;0,00;-0,24;0,00;0,00;142;196;80;21;26;695;910
2408;87,95;176,31;0,00;0,00;0,00;0,18;0,00;0,00;351;189;134;17;34;205;663
2409;33,16;-296,06;0,00;0,00;0,00;-0,30;0,00;0,00;210;91;27;34;34;490;848
2410;45,61;-260,39;0,00;0,00;0,00;-0,26;0,00;0,00;127;160;172;10;33;764;522
2411;43,17;-278,85;0,00;0,00;0,00;-0,28;0,00;0,00;119;19;27;20;20;734;221
2412;64,02;-33,70;0,00;0,00;0,00;-0,03;0,00;0,00;356;189;76;14;25;650;248
2413;68,86;-47,07;0,00;0,00;0,00;-0,05;0,00;0,00;464;94;53;35;34;334;714
2414;24,76;-460,57;0,00;0,00;0,00;-0,46;0,00;0,00;127;123;134;16;34;452;321
2415;84,03;141,47;0,00;0,00;0,00;0,14;0,00;0,00;329;119;165;10;21;259;337
2416;94,77;250,13;0,00;0,00;0,00;0,25;0,00;0,00;77;29;59;49;38;675;371
2417;23,45;-483,63;0,00;0,00;0,00;-0,48;0,00;0,00;59;83;71;13;33;816;535
2418;68,64;21,16;0,00;0,00;0,00;0,02;0,00;0,00;92;28;41;34;37;180;169
2419;16,07;-485,59;0,00;0,00;0,00;-0,49;0,00;0,00;97;41;195;20;25;331;380
2420;26,12;-468,96;0,00;0,00;0,00;-0,47;0,00;0,00;490;112;121;16;19;395;852
2421;33,88;-285,54;0,00;0,00;0,00;-0,29;0,00;0,00;245;196;137;26;33;826;915
2422;68,99;25,33;0,00;0,00;0,00;0,03;0,00;0,00;455;92;13;27;19;819;801
2423;46,73;-193,68;0,00;0,00;0,00;-0,19;0,00;0,00;481;61;147;34;36;775;823
2424;100,00;286,98;0,00;0,00;0,00;0,29;0,00;0,00;393;67;103;35;15;117;375
2425;63,36;-92,43;0,00;0,00;0,00;-0,09;0,00;0,00;263;118;13;17;19;136;344
2426;55,27;-250,79;0,00;0,00;0,00;-0,25;0,00;0,00;289;139;194;14;18;227;467
2427;57,78;-148,28;0,00;0,00;0,00;-0,15;0,00;0,00;338;94;123;19;21;559;474
2428;54,60;-130,51;0,00;0,00;0,00;-0,13;0,00;0,00;204;190;20;18;24;271;741
2429;72,21;74,97;0,00;0,00;0,00;0,07;0,00;0,00;291;154;68;16;34;951;957
2430;19,99;-490,58;0,00;0,00;0,00;-0,49;0,00;0,00;252;110;76;48;33;941;408
2431;32,71;-319,47;0,00;0,00;0,00;-0,32;0,00;0,00;196;13;181;18;39;905;185
2432;61,83;-109,60;0,00;0,00;0,00;-0,11;0,00;0,00;327;145;52;17;23;167;627
2433;44,75;-254,22;0,00;0,00;0,00;-0,25;0,00;0,00;22;157;156;47;17;902;452
2434;100,00;346,55;0,00;0,00;0,00;0,35;0,00;0,00;326;56;77;12;19;943;789
2435;39,42;-270,33;0,00;0,00;0,00;-0,27;0,00;0,00;133;12;49;27;36;761;153
2436;36,09;-358,15;0,00;0,00;0,00;-0,36;0,00;0,00;253;127;32;20;17;253;161
2437;8,87;-634,84;0,00;0,00;0,00;-0,63;0,00;0,00;413;184;173;38;15;399;406
2438;46,85;-321,88;0,00;0,00;0,00;-0,32;0,00;0,00;396;24;186;10;26;858;911
2439;39,23;-268,04;0,00;0,00;0,00;-0,27;0,00;0,00;430;48;176;37;39;923;234
2440;0,00;-710,27;0,00;0,00;0,00;-0,71;0,00;0,00;252;57;15;15;35;259;827
2441;63,19;-62,42;0,00;0,00;0,00;-0,06;0,00;0,00;232;102;34;41;31;970;326
2442;51,84;-278,55;0,00;0,00;0,00;-0,28;0,00;0,00;47;30;182;46;33;285;695
2443;35,38;-254,55;0,00;0,00;0,00;-0,25;0,00;0,00;96;65;143;22;20;353;297
2444;60,76;-52,14;0,00;0,00;0,00;-0,05;0,00;0,00;167;46;63;23;34;318;526
2445;0,00;-658,51;0,00;0,00;0,00;-0,66;0,00;0,00;220;77;13;36;19;492;506
2446;50,97;-114,95;0,00;0,00;0,00;-0,11;0,00;0,00;103;171;23;26;18;540;786
2447;65,70;-73,74;0,00;0,00;0,00;-0,07;0,00;0,00;200;159;133;44;24;591;508
2448;45,65;-172,87;0,00;0,00;0,00;-0,17;0,00;0,00;31;112;97;38;34;431;178
2449;59,83;-154,46;0,00;0,00;0,00;-0,15;0,00;0,00;466;191;19;38;20;482;567
2450;46,86;-253,22;0,00;0,00;0,00;-0,25;0,00;0,00;148;148;109;10;34;777;297
2451;46,60;-270,13;0,00;0,00;0,00;-0,27;0,00;0,00;115;65;17;44;37;231;546
2452;21,82;-450,40;0,00;0,00;0,00;-0,45;0,00;0,00;28;103;192;18;27;658;198
2453;27,94;-367,39;0,00;0,00;0,00;-0,37;0,00;0,00;76;144;175;12;17;186;702
2454;26,28;-414,06;0,00;0,00;0,00;-0,41;0,00;0,00;150;194;157;10;32;830;779
2455;80,45;83,25;0,00;0,00;0,00;0,08;0,00;0,00;39;136;139;48;15;969;910
2456;0,00;-706,57;0,00;0,00;0,00;-0,71;0,00;0,00;67;194;13;39;22;929;615
2457;68,57;48,85;0,00;0,00;0,00;0,05;0,00;0,00;147;70;79;12;27;525;158
2458;95,77;275,51;0,00;0,00;0,00;0,28;0,00;0,00;277;152;40;46;33;453;129
2459;55,62;-125,37;0,00;0,00;0,00;-0,13;0,00;0,00;244;137;144;17;17;976;394
2460;63,55;-97,47;0,00;0,00;0,00;-0,10;0,00;0,00;131;135;172;27;32;310;970
2461;75,30;74,11;0,00;0,00;0,00;0,07;0,00;0,00;479;17;145;13;26;285;687
2462;95,49;272,98;0,00;0,00;0,00;0,27;0,00;0,00;412;146;154;39;39;390;589
2463;63,91;-43,97;0,00;0,00;0,00;-0,04;0,00;0,00;240;44;83;44;29;442;418
2464;41,38;-214,47;0,00;0,00;0,00;-0,21;0,00;0,00;206;14;188;38;30;691;645
2465;17,49;-573,98;0,00;0,00;0,00;-0,57;0,00;0,00;114;53;98;32;29;109;531
2466;64,29;10,50;0,00;0,00;0,00;0,01;0,00;0,00;198;171;73;28;36;427;487
2467;44,89;-268,30;0,00;0,00;0,00;-0,27;0,00;0,00;377;143;75;20;28;866;611
2468;43,81;-189,42;0,00;0,00;0,00;-0,19;0,00;0,00;320;16;179;27;35;651;830
2469;98,51;285,42;0,00;0,00;0,00;0,29;0,00;0,00;161;50;156;39;27;683;573
2470;64,58;-45,53;0,00;0,00;0,00;-0,05;0,00;0,00;43;46;87;23;35;138;475
2471;48,11;-137,83;0,00;0,00;0,00;-0,14;0,00;0,00;51;103;20;39;35;579;127
2472;62,36;-12,09;0,00;0,00;0,00;-0,01;0,00;0,00;398;11;69;27;19;913;449
2473;98,06;293,43;0,00;0,00;0,00;0,29;0,00;0,00;65;168;154;32;30;724;664
2474;67,47;-20,73;0,00;0,00;0,00;-0,02;0,00;0,00;373;191;184;34;32;403;143
2475;25,16;-496,43;0,00;0,00;0,00;-0,50;0,00;0,00;161;131;115;22;32;549;635
2476;59,76;-85,99;0,00;0,00;0,00;-0,09;0,00;0,00;241;37;159;44;30;149;241
2477;54,07;-147,53;0,00;0,00;0,00;-0,15;0,00;0,00;87;53;119;18;28;805;984
2478;70,44;-115,05;0,00;0,00;0,00;-0,12;0,00;0,00;358;88;73;45;38;454;859
2479;6,90;-599,06;0,00;0,00;0,00;-0,60;0,00;0,00;233;83;104;35;33;869;823
2480;21,21;-440,56;0,00;0,00;0,00;-0,44;0,00;0,00;108;113;23;46;16;838;283
2481;37,95;-219,23;0,00;0,00;0,00;-0,22;0,00;0,00;81;131;33;15;20;510;318
2482;75,64;72,28;0,00;0,00;0,00;0,07;0,00;0,00;109;77;160;16;36;970;547
2483;33,41;-297,35;0,00;0,00;0,00;-0,30;0,00;0,00;322;128;119;15;23;748;860
2484;42,59;-266,86;0,00;0,00;0,00;-0,27;0,00;0,00;459;168;63;12;36;886;299
2485;51,04;-219,04;0,00;0,00;0,00;-0,22;0,00;0,00;295;179;94;42;35;371;823
2486;100,00;306,64;0,00;0,00;0,00;0,31;0,00;0,00;488;197;119;49;33;578;678
2487;39,10;-207,69;0,00;0,00;0,00;-0,21;0,00;0,00;359;181;121;47;15;554;117
2488;11,66;-547,44;0,00;0,00;0,00;-0,55;0,00;0,00;76;195;195;24;34;513;710
2489;18,62;-531,76;0,00;0,00;0,00;-0,53;0,00;0,00;92;27;111;16;26;531;381
2490;46,98;-245,43;0,00;0,00;0,00;-0,25;0,00;0,00;267;63;72;47;17;639;256
2491;49,46;-226,68;0,00;0,00;0,00;-0,23;0,00;0,00;101;75;15;10;34;136;325
2492;66,81;14,18;0,00;0,00;0,00;0,01;0,00;0,00;382;47;64;45;25;987;242
2493;53,64;-146,43;0,00;0,00;0,00;-0,15;0,00;0,00;74;84;108;39;39;700;391
2494;30,83;-390,95;0,00;0,00;0,00;-0,39;0,00;0,00;26;111;129;33;31;496;740
2495;64,67;-61,57;0,00;0,00;0,00;-0,06;0,00;0,00;449;157;15;27;30;924;986
2496;57,23;-164,82;0,00;0,00;0,00;-0,16;0,00;0,00;332;191;126;23;32;498;276
2497;16,02;-580,83;0,00;0,00;0,00;-0,58;0,00;0,00;338;119;191;23;17;282;277
2498;54,50;-129,80;0,00;0,00;0,00;-0,13;0,00;0,00;186;198;190;49;18;177;705
2499;2,11;-796,76;0,00;0,00;0,00;-0,80;0,00;0,00;212;190;148;32;28;843;881
2500;49,45;-168,68;0,00;0,00;0,00;-0,17;0,00;0,00;95;143;46;21;31;693;938
2501;79,36;182,06;0,00;0,00;0,00;0,18;0,00;0,00;483;135;190;49;30;785;484
2502;41,50;-294,72;0,00;0,00;0,00;-0,29;0,00;0,00;285;188;98;36;27;677;543
2503;48,30;-187,12;0,00;0,00;0,00;-0,19;0,00;0,00;477;129;36;48;17;418;707
2504;18,18;-428,42;0,00;0,00;0,00;-0,43;0,00;0,00;79;140;158;27;15;708;154
2505;58,12;-165,47;0,00;0,00;0,00;-0,17;0,00;0,00;353;147;131;29;36;870;945
2506;57,60;-40,58;0,00;0,00;0,00;-0,04;0,00;0,00;260;40;118;21;32;318;152
2507;47,76;-163,53;0,00;0,00;0,00;-0,16;0,00;0,00;103;141;38;26;39;191;449
2508;62,04;-105,66;0,00;0,00;0,00;-0,11;0,00;0,00;207;191;61;18;21;148;849
2509;20,47;-480,64;0,00;0,00;0,00;-0,48;0,00;0,00;474;11;121;40;32;566;199
2510;19,17;-397,72;0,00;0,00;0,00;-0,40;0,00;0,00;255;15;88;49;19;802;753
2511;45,57;-260,71;0,00;0,00;0,00;-0,26;0,00;0,00;331;100;183;10;23;927;187
2512;67,64;44,64;0,00;0,00;0,00;0,04;0,00;0,00;193;24;108;48;35;335;610
2513;76,58;-11,24;0,00;0,00;0,00;-0,01;0,00;0,00;157;189;24;19;38;526;551
2514;33,66;-386,08;0,00;0,00;0,00;-0,39;0,00;0,00;111;41;111;39;15;179;337
2515;52,50;-121,06;0,00;0,00;0,00;-0,12;0,00;0,00;239;24;126;46;38;816;586
2516;0,00;-685,36;0,00;0,00;0,00;-0,69;0,00;0,00;339;108;58;18;30;113;318
2517;22,32;-508,21;0,00;0,00;0,00;-0,51;0,00;0,00;483;11;144;13;17;668;237
2518;92,18;178,15;0,00;0,00;0,00;0,18;0,00;0,00;218;85;50;23;28;328;559
2519;52,16;-186,84;0,00;0,00;0,00;-0,19;0,00;0,00;404;141;169;15;21;279;543
2520;50,66;-198,36;0,00;0,00;0,00;-0,20;0,00;0,00;92;18;143;31;17;834;842
2521;58,20;-92,02;0,00;0,00;0,00;-0,09;0,00;0,00;114;170;153;28;30;514;848
2522;46,40;-200,93;0,00;0,00;0,00;-0,20;0,00;0,00;154;128;147;42;19;877;558
2523;29,38;-472,60;0,00;0,00;0,00;-0,47;0,00;0,00;169;46;27;40;16;911;238
2524;78,61;171,07;0,00;0,00;0,00;0,17;0,00;0,00;299;25;17;29;33;523;530
2525;39,19;-216,81;0,00;0,00;0,00;-0,22;0,00;0,00;178;153;20;25;36;468;779
2526;100,00;266,98;0,00;0,00;0,00;0,27;0,00;0,00;117;10;98;23;18;287;549
2527;47,99;-272,99;0,00;0,00;0,00;-0,27;0,00;0,00;280;71;71;10;26;262;273
2528;50,93;-105,89;0,00;0,00;0,00;-0,11;0,00;0,00;45;164;52;44;21;208;786
2529;86,46;258,16;0,00;0,00;0,00;0,26;0,00;0,00;178;88;126;36;16;269;729
2530;83,73;187,18;0,00;0,00;0,00;0,19;0,00;0,00;436;21;23;13;32;550;384
2531;44,63;-242,78;0,00;0,00;0,00;-0,24;0,00;0,00;338;42;25;23;36;895;116
2532;0,00;-799,54;0,00;0,00;0,00;-0,80;0,00;0,00;100;137;197;40;22;626;260
2533;86,89;52,01;0,00;0,00;0,00;0,05;0,00;0,00;211;130;92;42;16;716;489
2534;56,35;-158,15;0,00;0,00;0,00;-0,16;0,00;0,00;49;82;91;27;15;858;737
2535;77,39;10,76;0,00;0,00;0,00;0,01;0,00;0,00;96;127;83;40;17;838;144
2536;45,20;-269,52;0,00;0,00;0,00;-0,27;0,00;0,00;470;67;46;22;29;214;889
2537;36,76;-363,66;0,00;0,00;0,00;-0,36;0,00;0,00;385;22;19;41;18;693;278
2538;45,22;-166,70;0,00;0,00;0,00;-0,17;0,00;0,00;206;196;81;18;20;771;532
2539;60,26;-36,22;0,00;0,00;0,00;-0,04;0,00;0,00;56;175;184;39;35;543;424
2540;96,33;336,87;0,00;0,00;0,00;0,34;0,00;0,00;93;98;161;38;38;766;663
2541;64,89;-71,17;0,00;0,00;0,00;-0,07;0,00;0,00;171;139;85;38;37;303;522
2542;51,75;-227,05;0,00;0,00;0,00;-0,23;0,00;0,00;409;92;76;29;39;257;586
2543;59,53;-100,06;0,00;0,00;0,00;-0,10;0,00;0,00;59;158;163;38;31;775;609
2544;100,00;296,26;0,00;0,00;0,00;0,30;0,00;0,00;143;148;152;38;29;912;999
2545;55,71;-118,54;0,00;0,00;0,00;-0,12;0,00;0,00;62;163;10;23;16;584;231
2546;52,53;-203,82;0,00;0,00;0,00;-0,20;0,00;0,00;472;70;196;34;36;162;935
2547;0,00;-785,62;0,00;0,00;0,00;-0,79;0,00;0,00;34;164;83;20;20;756;791
2548;87,54;156,05;0,00;0,00;0,00;0,16;0,00;0,00;483;140;135;13;38;326;499
2549;81,57;149,91;0,00;0,00;0,00;0,15;0,00;0,00;30;159;45;49;36;894;662
2550;49,41;-239,73;0,00;0,00;0,00;-0,24;0,00;0,00;423;110;198;14;16;441;623
2551;24,79;-439,33;0,00;0,00;0,00;-0,44;0,00;0,00;72;62;165;20;16;726;858
2552;44,49;-156,26;0,00;0,00;0,00;-0,16;0,00;0,00;90;130;51;15;34;484;918
2553;52,83;-216,04;0,00;0,00;0,00;-0,22;0,00;0,00;495;87;127;14;18;760;284
2554;65,20;-101,28;0,00;0,00;0,00;-0,10;0,00;0,00;375;185;117;21;32;285;847
2555;56,86;-123,30;0,00;0,00;0,00;-0,12;0,00;0,00;277;41;99;36;18;402;803
2556;39,39;-343,29;0,00;0,00;0,00;-0,34;0,00;0,00;460;60;82;47;22;829;925
2557;91,93;232,61;0,00;0,00;0,00;0,23;0,00;0,00;499;153;97;23;26;820;924
2558;24,09;-408,80;0,00;0,00;0,00;-0,41;0,00;0,00;455;92;143;19;25;622;867
2559;89,61;234,49;0,00;0,00;0,00;0,23;0,00;0,00;50;143;98;15;33;115;458
2560;25,49;-524,16;0,00;0,00;0,00;-0,52;0,00;0,00;208;153;72;17;37;738;779
2561;51,95;-196,63;0,00;0,00;0,00;-0,20;0,00;0,00;431;52;111;43;38;556;925
2562;65,41;-56,50;0,00;0,00;0,00;-0,06;0,00;0,00;234;59;142;26;32;598;170
2563;22,18;-472,16;0,00;0,00;0,00;-0,47;0,00;0,00;361;174;66;41;18;444;517
2564;41,44;-246,87;0,00;0,00;0,00;-0,25;0,00;0,00;66;35;146;11;36;169;763
2565;38,08;-331,61;0,00;0,00;0,00;-0,33;0,00;0,00;134;198;24;26;20;555;597
2566;26,23;-525,58;0,00;0,00;0,00;-0,53;0,00;0,00;370;140;158;35;18;790;116
2567;80,89;113,06;0,00;0,00;0,00;0,11;0,00;0,00;90;97;122;34;35;343;212
2568;63,38;24,54;0,00;0,00;0,00;0,02;0,00;0,00;16;120;34;46;20;295;929
2569;59,32;-176,48;0,00;0,00;0,00;-0,18;0,00;0,00;229;25;198;17;29;561;950
2570;84,62;281,45;0,00;0,00;0,00;0,28;0,00;0,00;372;68;180;24;37;593;850
2571;37,10;-343,24;0,00;0,00;0,00;-0,34;0,00;0,00;252;61;52;46;31;149;673
2572;14,81;-524,75;0,00;0,00;0,00;-0,52;0,00;0,00;55;104;135;35;18;634;526
2573;57,58;-132,01;0,00;0,00;0,00;-0,13;0,00;0,00;156;96;175;15;17;219;241
2574;39,25;-279,21;0,00;0,00;0,00;-0,28;0,00;0,00;205;123;81;12;21;634;556
2575;40,29;-290,21;0,00;0,00;0,00;-0,29;0,00;0,00;340;15;29;22;15;724;908
2576;82,52;151,68;0,00;0,00;0,00;0,15;0,00;0,00;340;61;197;38;33;214;130
2577;53,81;-97,41;0,00;0,00;0,00;-0,10;0,00;0,00;470;31;119;38;17;945;174
2578;22,69;-514,57;0,00;0,00;0,00;-0,51;0,00;0,00;110;12;194;30;20;600;789
2579;56,57;-114,06;0,00;0,00;0,00;-0,11;0,00;0,00;444;145;75;22;27;379;424
2580;43,41;-349,90;0,00;0,00;0,00;-0,35;0,00;0,00;331;62;106;24;33;721;360
2581;51,81;-260,22;0,00;0,00;0,00;-0,26;0,00;0,00;357;179;104;34;18;940;448
2582;43,06;-244,01;0,00;0,00;0,00;-0,24;0,00;0,00;190;103;48;10;35;775;196
2583;55,94;-109,90;0,00;0,00;0,00;-0,11;0,00;0,00;80;148;130;11;34;258;792
2584;53,53;-131,42;0,00;0,00;0,00;-0,13;0,00;0,00;382;79;77;38;32;151;450
2585;56,40;-226,80;0,00;0,00;0,00;-0,23;0,00;0,00;434;33;92;25;34;366;109
2586;28,50;-360,18;0,00;0,00;0,00;-0,36;0,00;0,00;206;139;127;18;36;135;347
2587;14,18;-569,72;0,00;0,00;0,00;-0,57;0,00;0,00;62;181;88;15;31;230;495
2588;67,46;2,72;0,00;0,00;0,00;0,00;0,00;0,00;243;181;103;24;31;480;865
2589;54,23;-228,61;0,00;0,00;0,00;-0,23;0,00;0,00;326;170;141;36;36;424;898
2590;62,82;-92,34;0,00;0,00;0,00;-0,09;0,00;0,00;428;74;111;10;31;695;550
2591;44,75;-232,55;0,00;0,00;0,00;-0,23;0,00;0,00;47;118;92;33;20;977;425
2592;68,87;-80,24;0,00;0,00;0,00;-0,08;0,00;0,00;476;96;196;38;39;717;708
2593;62,02;-121,02;0,00;0,00;0,00;-0,12;0,00;0,00;321;96;136;35;39;509;197
2594;39,03;-258,61;0,00;0,00;0,00;-0,26;0,00;0,00;276;73;82;38;31;858;707
2595;61,73;-45,35;0,00;0,00;0,00;-0,05;0,00;0,00;303;140;72;17;24;343;834
2596;52,09;-233,04;0,00;0,00;0,00;-0,23;0,00;0,00;95;99;170;43;18;365;385
2597;55,05;-242,34;0,00;0,00;0,00;-0,24;0,00;0,00;33;158;152;40;27;268;183
2598;86,52;148,48;0,00;0,00;0,00;0,15;0,00;0,00;297;105;115;46;25;531;145
2599;58,14;-141,52;0,00;0,00;0,00;-0,14;0,00;0,00;116;195;84;40;34;623;106
2600;51,37;-170,73;0,00;0,00;0,00;-0,17;0,00;0,00;262;158;26;33;27;947;797
2601;46,69;-194,62;0,00;0,00;0,00;-0,19;0,00;0,00;447;193;61;23;27;178;308
2602;36,82;-338,09;0,00;0,00;0,00;-0,34;0,00;0,00;473;139;109;24;23;726;250
2603;29,20;-381,43;0,00;0,00;0,00;-0,38;0,00;0,00;127;91;53;29;22;849;550
2604;12,78;-559,20;0,00;0,00;0,00;-0,56;0,00;0,00;470;44;77;41;20;573;451
2605;0,00;-730,49;0,00;0,00;0,00;-0,73;0,00;0,00;293;111;43;46;38;149;827
2606;43,85;-238,07;0,00;0,00;0,00;-0,24;0,00;0,00;302;128;28;31;26;211;483
2607;51,92;-197,46;0,00;0,00;0,00;-0,20;0,00;0,00;30;174;111;42;34;859;684
2608;19,54;-516,84;0,00;0,00;0,00;-0,52;0,00;0,00;61;51;196;17;27;485;558
2609;86,84;153,72;0,00;0,00;0,00;0,15;0,00;0,00;80;166;170;39;18;167;985
2610;25,11;-373,08;0,00;0,00;0,00;-0,37;0,00;0,00;377;182;181;37;35;154;878
2611;94,56;222,51;0,00;0,00;0,00;0,22;0,00;0,00;499;78;125;41;26;853;150
2612;72,89;7,35;0,00;0,00;0,00;0,01;0,00;0,00;196;28;162;34;36;990;766
2613;58,56;-148,18;0,00;0,00;0,00;-0,15;0,00;0,00;105;189;65;38;26;667;270
2614;56,84;-137,41;0,00;0,00;0,00;-0,14;0,00;0,00;189;55;99;37;31;462;133
2615;51,59;-91,83;0,00;0,00;0,00;-0,09;0,00;0,00;27;44;126;35;37;407;443
2616;73,96;136,28;0,00;0,00;0,00;0,14;0,00;0,00;141;137;26;42;22;413;101
2617;20,48;-522,46;0,00;0,00;0,00;-0,52;0,00;0,00;261;197;46;28;30;328;799
2618;19,06;-477,13;0,00;0,00;0,00;-0,48;0,00;0,00;308;116;174;43;34;378;887
2619;47,82;-212,14;0,00;0,00;0,00;-0,21;0,00;0,00;85;98;116;23;28;514;549
2620;66,55;37,25;0,00;0,00;0,00;0,04;0,00;0,00;406;80;55;38;25;772;315
2621;45,47;-253,46;0,00;0,00;0,00;-0,25;0,00;0,00;327;59;78;18;33;400;667
2622;38,56;-277,91;0,00;0,00;0,00;-0,28;0,00;0,00;109;73;12;16;25;851;728
2623;57,20;-143,18;0,00;0,00;0,00;-0,14;0,00;0,00;380;159;20;21;19;978;487
2624;41,85;-260,43;0,00;0,00;0,00;-0,26;0,00;0,00;145;81;15;37;28;990;716
2625;68,96;-9,25;0,00;0,00;0,00;-0,01;0,00;0,00;124;131;92;26;26;641;158
2626;23,77;-438,33;0,00;0,00;0,00;-0,44;0,00;0,00;149;43;63;23;35;174;377
2627;44,90;-187,50;0,00;0,00;0,00;-0,19;0,00;0,00;392;191;186;33;15;584;967
2628;16,61;-541,66;0,00;0,00;0,00;-0,54;0,00;0,00;158;100;187;46;36;873;892
2629;100,00;349,53;0,00;0,00;0,00;0,35;0,00;0,00;321;128;46;28;19;962;140
2630;61,03;-160,64;0,00;0,00;0,00;-0,16;0,00;0,00;38;108;12;15;35;870;351
2631;61,45;-110,84;0,00;0,00;0,00;-0,11;0,00;0,00;365;95;120;41;31;981;770
2632;38,21;-286,47;0,00;0,00;0,00;-0,29;0,00;0,00;423;107;80;24;18;842;966
2633;36,68;-300,43;0,00;0,00;0,00;-0,30;0,00;0,00;54;57;27;26;26;483;575
2634;51,70;-168,30;0,00;0,00;0,00;-0,17;0,00;0,00;143;169;60;34;23;948;233
2635;36,55;-350,74;0,00;0,00;0,00;-0,35;0,00;0,00;189;79;45;25;29;612;985
2636;52,13;-222,51;0,00;0,00;0,00;-0,22;0,00;0,00;105;97;84;35;17;223;977
2637;44,01;-282,28;0,00;0,00;0,00;-0,28;0,00;0,00;449;19;123;43;35;584;302
2638;73,64;83,56;0,00;0,00;0,00;0,08;0,00;0,00;369;183;74;46;31;163;953
2639;53,67;-166,47;0,00;0,00;0,00;-0,17;0,00;0,00;186;144;133;20;35;928;711
2640;75,46;-56,80;0,00;0,00;0,00;-0,06;0,00;0,00;365;90;130;49;32;368;690
2641;59,30;-106,04;0,00;0,00;0,00;-0,11;0,00;0,00;395;97;160;33;25;970;201
2642;44,87;-239,53;0,00;0,00;0,00;-0,24;0,00;0,00;114;112;187;47;17;143;190
2643;31,39;-401,68;0,00;0,00;0,00;-0,40;0,00;0,00;401;61;105;19;28;258;973
2644;53,04;-89,02;0,00;0,00;0,00;-0,09;0,00;0,00;316;137;133;10;23;345;528
2645;33,18;-374,35;0,00;0,00;0,00;-0,37;0,00;0,00;274;193;99;19;33;407;453
2646;33,41;-379,70;0,00;0,00;0,00;-0,38;0,00;0,00;122;155;101;46;36;679;883
2647;37,76;-323,56;0,00;0,00;0,00;-0,32;0,00;0,00;173;126;171;32;29;930;517
2648;80,21;91,92;0,00;0,00;0,00;0,09;0,00;0,00;300;82;73;12;34;433;762
2649;24,51;-474,95;0,00;0,00;0,00;-0,47;0,00;0,00;268;142;12;16;30;115;100
2650;63,24;-92,99;0,00;0,00;0,00;-0,09;0,00;0,00;146;92;147;13;23;621;780
2651;0,00;-734,35;0,00;0,00;0,00;-0,73;0,00;0,00;110;28;98;14;37;965;378
2652;73,83;58,19;0,00;0,00;0,00;0,06;0,00;0,00;441;31;162;19;33;109;250
2653;53,09;-185,25;0,00;0,00;0,00;-0,19;0,00;0,00;457;12;125;19;26;768;429
2654;17,94;-603,59;0,00;0,00;0,00;-0,60;0,00;0,00;63;58;122;34;34;300;620
2655;61,62;-93,48;0,00;0,00;0,00;-0,09;0,00;0,00;10;18;42;11;32;144;695
2656;47,14;-150,81;0,00;0,00;0,00;-0,15;0,00;0,00;346;124;35;42;38;553;367
2657;32,12;-312,03;0,00;0,00;0,00;-0,31;0,00;0,00;482;162;118;16;23;264;763
2658;65,61;38,01;0,00;0,00;0,00;0,04;0,00;0,00;54;108;177;32;22;362;847
2659;53,37;-135,12;0,00;0,00;0,00;-0,14;0,00;0,00;434;158;126;47;16;115;198
2660;69,91;-8,77;0,00;0,00;0,00;-0,01;0,00;0,00;404;73;39;44;26;652;635
2661;71,10;21,43;0,00;0,00;0,00;0,02;0,00;0,00;281;73;13;23;15;244;253
2662;0,00;-705,87;0,00;0,00;0,00;-0,71;0,00;0,00;272;159;38;41;16;485;516
2663;43,26;-281,85;0,00;0,00;0,00;-0,28;0,00;0,00;58;179;25;17;16;623;922
2664;17,50;-516,63;0,00;0,00;0,00;-0,52;0,00;0,00;257;31;167;46;34;575;486
2665;52,60;-232,93;0,00;0,00;0,00;-0,23;0,00;0,00;76;130;65;18;19;735;232
2666;51,96;-163,00;0,00;0,00;0,00;-0,16;0,00;0,00;330;173;57;37;28;721;189
2667;36,42;-378,27;0,00;0,00;0,00;-0,38;0,00;0,00;456;110;150;20;37;789;233
2668;23,14;-335,96;0,00;0,00;0,00;-0,34;0,00;0,00;455;121;54;16;22;864;847
2669;69,89;15,06;0,00;0,00;0,00;0,02;0,00;0,00;117;74;168;31;29;470;983
2670;42,17;-282,51;0,00;0,00;0,00;-0,28;0,00;0,00;210;23;190;27;31;909;924
2671;50,70;-232,39;0,00;0,00;0,00;-0,23;0,00;0,00;406;140;38;23;26;226;993
2672;88,95;109,18;0,00;0,00;0,00;0,11;0,00;0,00;321;99;31;16;36;238;558
2673;37,57;-344,46;0,00;0,00;0,00;-0,34;0,00;0,00;204;181;10;12;16;407;638
2674;97,58;268,79;0,00;0,00;0,00;0,27;0,00;0,00;234;117;71;35;28;534;315
2675;32,95;-309,98;0,00;0,00;0,00;-0,31;0,00;0,00;314;124;35;17;29;178;830
2676;0,00;-603,63;0,00;0,00;0,00;-0,60;0,00;0,00;451;159;123;42;17;655;873
2677;13,41;-610,90;0,00;0,00;0,00;-0,61;0,00;0,00;318;88;155;24;20;999;471
2678;47,44;-260,10;0,00;0,00;0,00;-0,26;0,00;0,00;422;188;82;30;25;641;529
2679;0,00;-743,57;0,00;0,00;0,00;-0,74;0,00;0,00;11;112;144;41;32;721;482
2680;29,59;-430,11;0,00;0,00;0,00;-0,43;0,00;0,00;417;120;14;24;25;711;632
2681;86,10;295,84;0,00;0,00;0,00;0,30;0,00;0,00;255;150;76;33;25;211;490
2682;55,89;-83,80;0,00;0,00;0,00;-0,08;0,00;0,00;397;34;139;43;25;761;532
2683;84,36;98,43;0,00;0,00;0,00;0,10;0,00;0,00;351;164;35;24;27;811;257
2684;21,51;-449,08;0,00;0,00;0,00;-0,45;0,00;0,00;145;170;185;28;20;677;189
2685;66,96;-46,99;0,00;0,00;0,00;-0,05;0,00;0,00;128;101;19;14;30;507;840
2686;96,14;365,04;0,00;0,00;0,00;0,37;0,00;0,00;124;54;26;33;27;558;597
2687;40,57;-229,15;0,00;0,00;0,00;-0,23;0,00;0,00;263;158;126;38;16;856;673
2688;14,31;-583,12;0,00;0,00;0,00;-0,58;0,00;0,00;314;17;113;28;29;352;277
2689;29,00;-337,04;0,00;0,00;0,00;-0,34;0,00;0,00;233;88;39;43;26;372;997
2690;36,78;-341,44;0,00;0,00;0,00;-0,34;0,00;0,00;18;132;187;34;26;440;628
2691;44,25;-188,29;0,00;0,00;0,00;-0,19;0,00;0,00;376;45;190;31;35;946;368
2692;98,60;259,25;0,00;0,00;0,00;0,26;0,00;0,00;379;76;62;19;28;353;403
2693;28,70;-507,12;0,00;0,00;0,00;-0,51;0,00;0,00;191;186;34;19;15;221;812
2694;62,00;-147,39;0,00;0,00;0,00;-0,15;0,00;0,00;224;62;123;20;36;234;725
2695;71,36;-51,58;0,00;0,00;0,00;-0,05;0,00;0,00;244;89;92;32;37;764;583
2696;24,87;-522,46;0,00;0,00;0,00;-0,52;0,00;0,00;33;198;92;23;39;310;441
2697;72,16;51,71;0,00;0,00;0,00;0,05;0,00;0,00;35;65;150;13;27;999;473
2698;78,25;129,53;0,00;0,00;0,00;0,13;0,00;0,00;392;68;126;32;18;913;570
2699;76,69;79,92;0,00;0,00;0,00;0,08;0,00;0,00;225;39;16;15;25;207;590
2700;22,66;-441,83;0,00;0,00;0,00;-0,44;0,00;0,00;441;172;44;18;31;843;957
2701;25,12;-590,53;0,00;0,00;0,00;-0,59;0,00;0,00;22;19;37;29;23;531;785
2702;0,00;-680,50;0,00;0,00;0,00;-0,68;0,00;0,00;211;134;98;44;37;318;913
2703;33,35;-355,38;0,00;0,00;0,00;-0,36;0,00;0,00;47;43;140;38;28;264;240
2704;31,82;-390,42;0,00;0,00;0,00;-0,39;0,00;0,00;241;136;198;19;16;543;981
2705;23,66;-491,05;0,00;0,00;0,00;-0,49;0,00;0,00;249;90;183;29;34;613;654
2706;56,56;-151,57;0,00;0,00;0,00;-0,15;0,00;0,00;269;25;91;19;21;134;839
2707;33,32;-293,67;0,00;0,00;0,00;-0,29;0,00;0,00;27;176;26;23;34;374;741
2708;87,45;192,41;0,00;0,00;0,00;0,19;0,00;0,00;257;143;79;17;24;812;302
2709;61,25;-104,40;0,00;0,00;0,00;-0,10;0,00;0,00;79;157;91;49;37;459;546
2710;69,47;-13,25;0,00;0,00;0,00;-0,01;0,00;0,00;49;113;94;11;38;827;472
2711;52,28;-204,90;0,00;0,00;0,00;-0,20;0,00;0,00;19;173;11;24;15;589;348
2712;77,73;116,29;0,00;0,00;0,00;0,12;0,00;0,00;87;163;67;23;25;497;494
2713;100,00;323,95;0,00;0,00;0,00;0,32;0,00;0,00;460;147;104;12;25;665;858
2714;78,69;177,14;0,00;0,00;0,00;0,18;0,00;0,00;152;60;12;17;20;862;760
2715;67,68;-49,76;0,00;0,00;0,00;-0,05;0,00;0,00;38;184;138;19;32;981;575
2716;40,72;-325,02;0,00;0,00;0,00;-0,33;0,00;0,00;466;193;173;29;18;221;235
2717;40,63;-311,60;0,00;0,00;0,00;-0,31;0,00;0,00;140;89;35;26;19;864;757
2718;74,22;133,79;0,00;0,00;0,00;0,13;0,00;0,00;131;86;157;48;34;250;179
2719;44,62;-218,82;0,00;0,00;0,00;-0,22;0,00;0,00;400;162;140;28;39;141;204
2720;5,49;-702,06;0,00;0,00;0,00;-0,70;0,00;0,00;36;175;197;36;24;138;191
2721;42,33;-164,33;0,00;0,00;0,00;-0,16;0,00;0,00;258;19;155;17;22;362;723
2722;48,41;-220,66;0,00;0,00;0,00;-0,22;0,00;0,00;370;112;166;34;37;533;722
2723;68,61;-41,42;0,00;0,00;0,00;-0,04;0,00;0,00;330;195;179;26;18;822;722
2724;36,23;-345,24;0,00;0,00;0,00;-0,35;0,00;0,00;91;50;185;16;28;496;163
2725;48,49;-330,84;0,00;0,00;0,00;-0,33;0,00;0,00;283;149;155;27;35;193;134
2726;86,65;128,53;0,00;0,00;0,00;0,13;0,00;0,00;231;73;136;17;16;897;904
2727;64,57;-61,63;0,00;0,00;0,00;-0,06;0,00;0,00;388;67;102;13;24;500;916
2728;18,87;-611,60;0,00;0,00;0,00;-0,61;0,00;0,00;407;197;111;40;26;861;109
2729;66,26;-18,72;0,00;0,00;0,00;-0,02;0,00;0,00;78;148;172;13;38;332;498
2730;64,32;-89,45;0,00;0,00;0,00;-0,09;0,00;0,00;364;92;173;29;34;498;284
2731;85,18;116,54;0,00;0,00;0,00;0,12;0,00;0,00;442;194;136;36;30;448;606
2732;73,38;26,63;0,00;0,00;0,00;0,03;0,00;0,00;488;53;28;12;28;467;268
2733;79,65;119,33;0,00;0,00;0,00;0,12;0,00;0,00;114;128;146;21;26;654;819
2734;0,00;-648,57;0,00;0,00;0,00;-0,65;0,00;0,00;126;115;187;45;29;446;864
2735;45,90;-238,50;0,00;0,00;0,00;-0,24;0,00;0,00;138;120;100;25;19;559;133
2736;99,84;333,79;0,00;0,00;0,00;0,33;0,00;0,00;271;60;69;16;17;153;552
2737;48,78;-309,47;0,00;0,00;0,00;-0,31;0,00;0,00;286;29;19;10;37;430;551
2738;77,09;98,30;0,00;0,00;0,00;0,10;0,00;0,00;416;104;20;27;28;116;581
2739;61,42;-61,35;0,00;0,00;0,00;-0,06;0,00;0,00;446;154;56;13;24;341;170
2740;11,45;-593,67;0,00;0,00;0,00;-0,59;0,00;0,00;126;30;149;19;24;962;544
2741;34,32;-430,50;0,00;0,00;0,00;-0,43;0,00;0,00;150;130;132;16;21;905;387
2742;72,10;-39,42;0,00;0,00;0,00;-0,04;0,00;0,00;305;105;161;48;15;962;194
2743;55,28;-127,82;0,00;0,00;0,00;-0,13;0,00;0,00;176;187;71;31;17;414;730
2744;26,45;-457,77;0,00;0,00;0,00;-0,46;0,00;0,00;304;76;95;38;20;927;874
2745;65,07;-34,34;0,00;0,00;0,00;-0,03;0,00;0,00;64;158;175;49;20;556;403
2746;31,42;-360,91;0,00;0,00;0,00;-0,36;0,00;0,00;439;108;160;38;20;696;718
2747;97,29;214,14;0,00;0,00;0,00;0,21;0,00;0,00;67;113;117;39;34;993;370
2748;70,46;38,72;0,00;0,00;0,00;0,04;0,00;0,00;397;15;143;41;17;237;615
2749;43,41;-160,85;0,00;0,00;0,00;-0,16;0,00;0,00;491;102;90;36;31;786;385
2750;64,38;-132,38;0,00;0,00;0,00;-0,13;0,00;0,00;283;112;119;27;16;114;827
2751;14,98;-554,29;0,00;0,00;0,00;-0,55;0,00;0,00;20;18;92;21;39;792;630
2752;100,00;281,59;0,00;0,00;0,00;0,28;0,00;0,00;398;70;66;39;38;708;352
2753;93,39;216,23;0,00;0,00;0,00;0,22;0,00;0,00;453;85;12;49;29;978;651
2754;67,24;-108,76;0,00;0,00;0,00;-0,11;0,00;0,00;250;18;48;17;20;227;657
2755;58,67;-103,20;0,00;0,00;0,00;-0,10;0,00;0,00;246;189;122;38;39;387;521
2756;66,79;-44,79;0,00;0,00;0,00;-0,04;0,00;0,00;80;150;70;17;37;237;740
2757;82,23;198,38;0,00;0,00;0,00;0,20;0,00;0,00;215;186;167;23;28;204;459
2758;65,99;-48,44;0,00;0,00;0,00;-0,05;0,00;0,00;98;184;127;30;34;488;331
2759;42,06;-328,97;0,00;0,00;0,00;-0,33;0,00;0,00;130;161;91;19;18;341;338
2760;71,00;37,70;0,00;0,00;0,00;0,04;0,00;0,00;346;138;159;37;38;495;470
2761;55,05;-171,08;0,00;0,00;0,00;-0,17;0,00;0,00;292;94;140;45;21;250;153
2762;58,86;-155,18;0,00;0,00;0,00;-0,16;0,00;0,00;222;22;20;32;28;386;588
2763;79,31;159,63;0,00;0,00;0,00;0,16;0,00;0,00;458;177;19;41;37;898;128
2764;56,22;-154,22;0,00;0,00;0,00;-0,15;0,00;0,00;308;148;134;34;28;681;284
2765;5,71;-649,41;0,00;0,00;0,00;-0,65;0,00;0,00;385;119;46;27;38;741;595
2766;11,66;-596,11;0,00;0,00;0,00;-0,60;0,00;0,00;142;183;98;41;22;580;780
2767;24,89;-513,44;0,00;0,00;0,00;-0,51;0,00;0,00;74;152;87;19;36;358;557
2768;11,63;-574,69;0,00;0,00;0,00;-0,57;0,00;0,00;355;21;68;15;21;176;416
2769;63,64;-47,87;0,00;0,00;0,00;-0,05;0,00;0,00;381;128;128;49;15;247;886
2770;76,08;136,54;0,00;0,00;0,00;0,14;0,00;0,00;405;178;65;30;18;546;295
2771;71,39;-32,54;0,00;0,00;0,00;-0,03;0,00;0,00;141;90;138;22;22;645;617
2772;90,20;197,30;0,00;0,00;0,00;0,20;0,00;0,00;304;183;163;37;16;323;335
2773;88,00;148,75;0,00;0,00;0,00;0,15;0,00;0,00;10;97;101;27;33;666;182
2774;23,54;-456,17;0,00;0,00;0,00;-0,46;0,00;0,00;276;48;164;44;35;825;894
2775;50,49;-173,70;0,00;0,00;0,00;-0,17;0,00;0,00;365;18;32;37;25;351;672
2776;93,31;145,16;0,00;0,00;0,00;0,15;0,00;0,00;20;29;189;20;23;614;960
2777;48,24;-238,28;0,00;0,00;0,00;-0,24;0,00;0,00;404;23;181;16;33;547;237
2778;32,72;-363,04;0,00;0,00;0,00;-0,36;0,00;0,00;384;55;69;34;22;875;210
2779;33,09;-323,24;0,00;0,00;0,00;-0,32;0,00;0,00;465;124;98;29;23;684;505
2780;83,71;171,39;0,00;0,00;0,00;0,17;0,00;0,00;304;23;43;30;20;588;963
2781;59,95;-125,61;0,00;0,00;0,00;-0,13;0,00;0,00;278;32;100;23;34;918;392
2782;32,81;-358,91;0,00;0,00;0,00;-0,36;0,00;0,00;61;48;176;10;24;314;764
2783;74,50;58,66;0,00;0,00;0,00;0,06;0,00;0,00;297;166;102;13;28;592;689
2784;50,25;-122,98;0,00;0,00;0,00;-0,12;0,00;0,00;292;16;31;24;18;492;479
2785;32,54;-410,61;0,00;0,00;0,00;-0,41;0,00;0,00;254;92;125;19;18;583;226
2786;80,13;107,39;0,00;0,00;0,00;0,11;0,00;0,00;105;106;187;29;34;608;305
2787;73,22;-128,05;0,00;0,00;0,00;-0,13;0,00;0,00;464;16;66;21;38;149;969
2788;100,00;348,55;0,00;0,00;0,00;0,35;0,00;0,00;22;61;109;45;21;182;209
2789;61,93;-27,80;0,00;0,00;0,00;-0,03;0,00;0,00;159;111;140;48;30;365;420
2790;68,11;-62,26;0,00;0,00;0,00;-0,06;0,00;0,00;404;176;166;29;28;200;904
2791;43,50;-347,06;0,00;0,00;0,00;-0,35;0,00;0,00;118;66;115;21;26;240;483
2792;66,86;21,29;0,00;0,00;0,00;0,02;0,00;0,00;267;104;57;10;31;386;443
2793;46,21;-202,97;0,00;0,00;0,00;-0,20;0,00;0,00;351;128;168;40;35;352;453
2794;37,42;-276,36;0,00;0,00;0,00;-0,28;0,00;0,00;92;187;172;23;19;804;287
2795;38,20;-342,20;0,00;0,00;0,00;-0,34;0,00;0,00;310;36;111;32;18;386;513
2796;41,10;-232,46;0,00;0,00;0,00;-0,23;0,00;0,00;96;161;175;34;20;256;337
2797;49,89;-139,11;0,00;0,00;0,00;-0,14;0,00;0,00;195;43;39;18;31;853;969
2798;53,24;-183,57;0,00;0,00;0,00;-0,18;0,00;0,00;253;152;37;13;38;422;631
2799;45,22;-230,32;0,00;0,00;0,00;-0,23;0,00;0,00;398;76;44;19;25;125;780
2800;39,80;-304,04;0,00;0,00;0,00;-0,30;0,00;0,00;129;95;77;41;29;866;307
2801;38,38;-238,79;0,00;0,00;0,00;-0,24;0,00;0,00;213;146;192;49;25;176;830
2802;27,11;-483,63;0,00;0,00;0,00;-0,48;0,00;0,00;459;69;83;30;15;215;447
2803;34,21;-273,69;0,00;0,00;0,00;-0,27;0,00;0,00;239;25;112;25;15;239;314
2804;53,47;-103,35;0,00;0,00;0,00;-0,10;0,00;0,00;306;175;81;19;33;222;197
2805;72,38;-40,20;0,00;0,00;0,00;-0,04;0,00;0,00;490;93;84;31;24;697;176
2806;57,36;-81,01;0,00;0,00;0,00;-0,08;0,00;0,00;236;175;156;13;29;554;500
2807;49,86;-230,31;0,00;0,00;0,00;-0,23;0,00;0,00;368;172;75;34;28;848;310
2808;55,14;-138,43;0,00;0,00;0,00;-0,14;0,00;0,00;294;146;182;14;31;586;465
2809;97,40;202,77;0,00;0,00;0,00;0,20;0,00;0,00;175;18;41;19;20;109;327
2810;61,70;-67,72;0,00;0,00;0,00;-0,07;0,00;0,00;294;107;117;48;16;702;649
2811;66,49;1,34;0,00;0,00;0,00;0,00;0,00;0,00;214;39;111;47;26;478;234
2812;58,86;-141,77;0,00;0,00;0,00;-0,14;0,00;0,00;418;190;11;40;38;749;138
2813;32,10;-368,05;0,00;0,00;0,00;-0,37;0,00;0,00;197;117;188;15;35;364;806
2814;39,90;-314,53;0,00;0,00;0,00;-0,31;0,00;0,00;150;27;74;48;35;916;795
2815;74,93;-0,62;0,00;0,00;0,00;-0,00;0,00;0,00;208;133;64;34;16;468;619
2816;69,02;-1,83;0,00;0,00;0,00;-0,00;0,00;0,00;76;43;162;11;34;170;228
2817;57,65;-207,25;0,00;0,00;0,00;-0,21;0,00;0,00;378;118;182;36;20;536;347
2818;47,73;-310,50;0,00;0,00;0,00;-0,31;0,00;0,00;264;183;172;12;23;271;325
2819;63,21;-94,20;0,00;0,00;0,00;-0,09;0,00;0,00;263;155;106;43;32;841;578
2820;0,00;-703,32;0,00;0,00;0,00;-0,70;0,00;0,00;253;108;48;41;30;513;973
2821;11,52;-609,86;0,00;0,00;0,00;-0,61;0,00;0,00;145;112;59;31;30;807;645
2822;54,10;-125,01;0,00;0,00;0,00;-0,13;0,00;0,00;465;121;14;43;22;532;469
2823;52,43;-190,67;0,00;0,00;0,00;-0,19;0,00;0,00;165;77;86;13;24;546;884
2824;47,00;-300,26;0,00;0,00;0,00;-0,30;0,00;0,00;10;74;155;49;21;188;824
2825;77,98;59,81;0,00;0,00;0,00;0,06;0,00;0,00;350;175;184;36;20;879;590
2826;55,21;-191,52;0,00;0,00;0,00;-0,19;0,00;0,00;267;194;191;21;26;747;475
2827;30,08;-329,61;0,00;0,00;0,00;-0,33;0,00;0,00;36;172;54;35;35;181;303
2828;65,48;-106,31;0,00;0,00;0,00;-0,11;0,00;0,00;229;140;74;23;39;145;906
2829;66,83;-40,43;0,00;0,00;0,00;-0,04;0,00;0,00;94;150;152;33;36;710;922
2830;10,65;-629,04;0,00;0,00;0,00;-0,63;0,00;0,00;170;127;114;24;18;206;778
2831;35,65;-371,45;0,00;0,00;0,00;-0,37;0,00;0,00;388;177;58;35;17;949;751
2832;59,72;-78,24;0,00;0,00;0,00;-0,08;0,00;0,00;361;38;44;20;25;305;316
2833;56,67;-126,28;0,00;0,00;0,00;-0,13;0,00;0,00;54;132;131;20;22;881;795
2834;8,12;-632,74;0,00;0,00;0,00;-0,63;0,00;0,00;272;123;39;21;32;197;612
2835;59,64;-96,58;0,00;0,00;0,00;-0,10;0,00;0,00;434;51;189;10;21;974;474
2836;0,00;-720,35;0,00;0,00;0,00;-0,72;0,00;0,00;291;178;137;43;36;375;745
2837;74,56;103,70;0,00;0,00;0,00;0,10;0,00;0,00;254;111;152;26;19;680;139
2838;36,17;-376,13;0,00;0,00;0,00;-0,38;0,00;0,00;372;87;128;19;33;399;369
2839;46,60;-217,28;0,00;0,00;0,00;-0,22;0,00;0,00;420;101;182;22;27;798;338
2840;1,51;-670,57;0,00;0,00;0,00;-0,67;0,00;0,00;185;159;46;28;35;250;846
2841;32,08;-269,63;0,00;0,00;0,00;-0,27;0,00;0,00;218;129;11;11;33;491;640
2842;41,53;-303,73;0,00;0,00;0,00;-0,30;0,00;0,00;74;182;187;45;19;822;718
2843;73,73;53,73;0,00;0,00;0,00;0,05;0,00;0,00;98;92;120;40;20;585;414
2844;41,32;-364,34;0,00;0,00;0,00;-0,36;0,00;0,00;228;56;118;28;18;541;741
2845;33,56;-475,44;0,00;0,00;0,00;-0,48;0,00;0,00;213;73;113;22;24;453;260
2846;56,92;17,18;0,00;0,00;0,00;0,02;0,00;0,00;444;167;58;39;23;517;931
2847;17,00;-547,33;0,00;0,00;0,00;-0,55;0,00;0,00;301;47;103;48;17;502;164
2848;73,54;-49,05;0,00;0,00;0,00;-0,05;0,00;0,00;250;81;195;40;37;850;827
2849;38,43;-273,33;0,00;0,00;0,00;-0,27;0,00;0,00;280;120;117;38;15;257;933
2850;33,10;-388,98;0,00;0,00;0,00;-0,39;0,00;0,00;270;183;155;16;31;140;187
2851;50,54;-121,10;0,00;0,00;0,00;-0,12;0,00;0,00;256;98;16;15;27;151;229
2852;97,28;223,14;0,00;0,00;0,00;0,22;0,00;0,00;497;172;40;16;15;798;542
2853;73,33;-110,08;0,00;0,00;0,00;-0,11;0,00;0,00;334;71;23;32;23;837;281
2854;48,17;-188,98;0,00;0,00;0,00;-0,19;0,00;0,00;124;159;141;46;19;720;471
2855;41,03;-266,57;0,00;0,00;0,00;-0,27;0,00;0,00;198;47;41;26;36;415;433
2856;45,25;-215,25;0,00;0,00;0,00;-0,22;0,00;0,00;192;117;189;30;32;249;945
2857;72,45;-36,85;0,00;0,00;0,00;-0,04;0,00;0,00;263;188;99;12;19;245;819
2858;41,91;-330,29;0,00;0,00;0,00;-0,33;0,00;0,00;219;66;108;23;37;287;355
2859;96,86;280,13;0,00;0,00;0,00;0,28;0,00;0,00;90;156;101;28;20;405;716
2860;68,77;-66,24;0,00;0,00;0,00;-0,07;0,00;0,00;457;180;170;18;35;132;882
2861;97,38;231,69;0,00;0,00;0,00;0,23;0,00;0,00;213;163;90;47;39;259;532
2862;28,88;-457,05;0,00;0,00;0,00;-0,46;0,00;0,00;329;57;86;17;25;137;367
2863;61,16;-71,02;0,00;0,00;0,00;-0,07;0,00;0,00;138;143;77;12;34;382;894
2864;97,69;303,68;0,00;0,00;0,00;0,30;0,00;0,00;229;188;196;15;20;307;384
2865;47,91;-262,54;0,00;0,00;0,00;-0,26;0,00;0,00;290;97;140;18;27;217;235
2866;50,86;-232,39;0,00;0,00;0,00;-0,23;0,00;0,00;289;179;106;31;20;436;964
2867;35,38;-333,96;0,00;0,00;0,00;-0,33;0,00;0,00;17;11;21;18;35;446;449
2868;31,12;-430,23;0,00;0,00;0,00;-0,43;0,00;0,00;281;150;171;16;24;850;311
2869;40,81;-310,24;0,00;0,00;0,00;-0,31;0,00;0,00;291;121;187;40;17;801;939
2870;78,15;69,64;0,00;0,00;0,00;0,07;0,00;0,00;434;186;164;12;30;225;528
2871;71,33;33,24;0,00;0,00;0,00;0,03;0,00;0,00;410;183;120;43;16;996;212
2872;55,06;-174,73;0,00;0,00;0,00;-0,17;0,00;0,00;322;51;121;31;39;177;101
2873;78,00;50,83;0,00;0,00;0,00;0,05;0,00;0,00;226;66;132;15;38;612;342
2874;28,57;-427,73;0,00;0,00;0,00;-0,43;0,00;0,00;406;173;12;44;16;570;576
2875;34,32;-415,09;0,00;0,00;0,00;-0,42;0,00;0,00;239;34;63;37;32;443;470
2876;48,66;-217,24;0,00;0,00;0,00;-0,22;0,00;0,00;351;68;42;26;33;615;177
2877;57,51;-116,56;0,00;0,00;0,00;-0,12;0,00;0,00;202;22;30;17;37;221;932
2878;15,64;-604,06;0,00;0,00;0,00;-0,60;0,00;0,00;308;130;146;38;22;464;639
2879;70,79;0,69;0,00;0,00;0,00;0,00;0,00;0,00;182;195;80;15;29;232;611
2880;60,44;-150,81;0,00;0,00;0,00;-0,15;0,00;0,00;201;124;157;24;33;130;103
2881;43,78;-259,14;0,00;0,00;0,00;-0,26;0,00;0,00;295;25;17;32;26;752;609
2882;67,48;-45,48;0,00;0,00;0,00;-0,05;0,00;0,00;78;192;48;19;31;232;961
2883;97,67;336,91;0,00;0,00;0,00;0,34;0,00;0,00;392;189;132;43;21;437;826
2884;69,20;-17,12;0,00;0,00;0,00;-0,02;0,00;0,00;273;139;134;43;19;458;457
2885;80,18;3,64;0,00;0,00;0,00;0,00;0,00;0,00;469;156;136;33;36;412;483
2886;81,63;211,96;0,00;0,00;0,00;0,21;0,00;0,00;400;146;159;29;36;535;978
2887;80,03;136,41;0,00;0,00;0,00;0,14;0,00;0,00;325;158;113;12;34;636;350
2888;63,98;-13,66;0,00;0,00;0,00;-0,01;0,00;0,00;351;123;114;21;27;127;925
2889;43,97;-244,19;0,00;0,00;0,00;-0,24;0,00;0,00;320;13;118;38;32;262;979
2890;9,36;-579,89;0,00;0,00;0,00;-0,58;0,00;0,00;286;131;110;24;30;844;770
2891;71,63;52,83;0,00;0,00;0,00;0,05;0,00;0,00;303;100;94;40;27;541;582
2892;85,70;151,24;0,00;0,00;0,00;0,15;0,00;0,00;467;87;67;29;34;969;734
2893;57,73;-174,97;0,00;0,00;0,00;-0,17;0,00;0,00;135;53;72;12;36;941;974
2894;48,48;-115,11;0,00;0,00;0,00;-0,12;0,00;0,00;157;119;134;16;22;678;995
2895;65,30;-73,71;0,00;0,00;0,00;-0,07;0,00;0,00;492;107;46;18;31;491;416
2896;37,02;-282,40;0,00;0,00;0,00;-0,28;0,00;0,00;370;125;93;16;38;831;784
2897;100,00;251,46;0,00;0,00;0,00;0,25;0,00;0,00;157;171;112;38;23;332;387
2898;33,75;-385,68;0,00;0,00;0,00;-0,39;0,00;0,00;235;147;167;46;39;209;209
2899;58,88;-137,85;0,00;0,00;0,00;-0,14;0,00;0,00;216;144;128;19;29;330;858
2900;74,13;5,20;0,00;0,00;0,00;0,01;0,00;0,00;278;191;195;17;34;804;521
2901;44,55;-288,98;0,00;0,00;0,00;-0,29;0,00;0,00;461;64;155;36;24;493;798
2902;56,92;-91,82;0,00;0,00;0,00;-0,09;0,00;0,00;362;61;41;18;23;841;444
2903;77,19;28,60;0,00;0,00;0,00;0,03;0,00;0,00;256;81;108;48;25;207;226
2904;56,50;-111,61;0,00;0,00;0,00;-0,11;0,00;0,00;409;61;136;17;20;144;484
2905;44,66;-244,80;0,00;0,00;0,00;-0,24;0,00;0,00;370;27;80;10;36;571;857
2906;96,35;320,28;0,00;0,00;0,00;0,32;0,00;0,00;468;142;36;32;24;501;470
2907;50,03;-140,24;0,00;0,00;0,00;-0,14;0,00;0,00;382;101;195;28;26;393;776
2908;63,82;-133,84;0,00;0,00;0,00;-0,13;0,00;0,00;438;73;158;19;36;411;128
2909;40,99;-214,37;0,00;0,00;0,00;-0,21;0,00;0,00;129;80;159;39;39;113;915
2910;41,02;-232,72;0,00;0,00;0,00;-0,23;0,00;0,00;398;98;111;17;22;293;670
2911;70,96;16,77;0,00;0,00;0,00;0,02;0,00;0,00;222;127;74;48;36;757;113
2912;65,22;-188,24;0,00;0,00;0,00;-0,19;0,00;0,00;227;110;33;23;18;205;214
2913;90,69;190,26;0,00;0,00;0,00;0,19;0,00;0,00;153;131;74;47;36;978;535
2914;85,72;162,65;0,00;0,00;0,00;0,16;0,00;0,00;63;14;38;21;33;973;669
2915;40,40;-298,91;0,00;0,00;0,00;-0,30;0,00;0,00;429;106;138;16;28;800;807
2916;41,43;-249,49;0,00;0,00;0,00;-0,25;0,00;0,00;322;74;29;31;31;127;297
2917;75,52;55,84;0,00;0,00;0,00;0,06;0,00;0,00;152;13;100;16;27;492;754
2918;83,71;185,34;0,00;0,00;0,00;0,19;0,00;0,00;151;175;141;30;37;419;136
2919;61,47;-122,02;0,00;0,00;0,00;-0,12;0,00;0,00;309;199;159;48;31;904;588
2920;82,44;145,46;0,00;0,00;0,00;0,15;0,00;0,00;99;54;22;21;20;680;684
2921;46,22;-266,92;0,00;0,00;0,00;-0,27;0,00;0,00;71;95;98;40;39;974;172
2922;70,30;52,88;0,00;0,00;0,00;0,05;0,00;0,00;58;149;151;17;37;582;501
2923;33,65;-317,56;0,00;0,00;0,00;-0,32;0,00;0,00;431;83;86;41;22;812;280
2924;54,84;-165,00;0,00;0,00;0,00;-0,16;0,00;0,00;72;192;36;18;20;615;948
2925;40,41;-300,51;0,00;0,00;0,00;-0,30;0,00;0,00;365;194;151;48;21;902;433
2926;59,33;-36,00;0,00;0,00;0,00;-0,04;0,00;0,00;269;198;24;38;28;219;551
2927;20,31;-540,51;0,00;0,00;0,00;-0,54;0,00;0,00;212;55;188;13;24;764;352
2928;44,33;-220,02;0,00;0,00;0,00;-0,22;0,00;0,00;223;168;144;37;35;527;375
2929;74,54;36,52;0,00;0,00;0,00;0,04;0,00;0,00;431;130;54;26;26;352;216
2930;42,67;-303,37;0,00;0,00;0,00;-0,30;0,00;0,00;344;149;39;21;30;327;251
2931;55,65;-101,17;0,00;0,00;0,00;-0,10;0,00;0,00;467;98;192;16;30;242;989
2932;75,84;55,33;0,00;0,00;0,00;0,06;0,00;0,00;418;45;65;17;32;424;519
2933;36,98;-307,04;0,00;0,00;0,00;-0,31;0,00;0,00;285;14;112;43;34;551;234
2934;35,29;-336,63;0,00;0,00;0,00;-0,34;0,00;0,00;99;98;139;25;38;834;946
2935;21,15;-483,43;0,00;0,00;0,00;-0,48;0,00;0,00;392;17;116;46;21;397;457
2936;25,98;-386,86;0,00;0,00;0,00;-0,39;0,00;0,00;436;57;178;22;18;390;444
2937;23,91;-458,78;0,00;0,00;0,00;-0,46;0,00;0,00;169;46;86;41;39;451;847
2938;83,48;130,47;0,00;0,00;0,00;0,13;0,00;0,00;352;115;100;39;17;334;432
2939;38,46;-348,40;0,00;0,00;0,00;-0,35;0,00;0,00;82;190;97;25;33;900;557
2940;30,41;-398,57;0,00;0,00;0,00;-0,40;0,00;0,00;251;191;94;39;28;535;458
2941;88,63;169,08;0,00;0,00;0,00;0,17;0,00;0,00;350;135;54;48;29;195;908
2942;59,58;-70,73;0,00;0,00;0,00;-0,07;0,00;0,00;471;130;145;32;33;453;531
2943;65,65;-28,17;0,00;0,00;0,00;-0,03;0,00;0,00;392;120;23;43;27;924;365
2944;19,90;-472,94;0,00;0,00;0,00;-0,47;0,00;0,00;46;120;118;14;31;446;384
2945;43,97;-254,22;0,00;0,00;0,00;-0,25;0,00;0,00;320;165;99;14;19;615;970
2946;20,85;-484,56;0,00;0,00;0,00;-0,48;0,00;0,00;235;64;28;11;17;285;873
2947;17,52;-502,79;0,00;0,00;0,00;-0,50;0,00;0,00;231;156;23;12;15;834;144
2948;43,77;-288,61;0,00;0,00;0,00;-0,29;0,00;0,00;254;179;62;21;26;734;761
2949;100,00;366,93;0,00;0,00;0,00;0,37;0,00;0,00;46;60;12;39;16;152;380
2950;56,85;-157,09;0,00;0,00;0,00;-0,16;0,00;0,00;144;19;184;17;30;851;478
2951;39,54;-216,89;0,00;0,00;0,00;-0,22;0,00;0,00;301;33;149;48;32;787;132
2952;62,44;-98,01;0,00;0,00;0,00;-0,10;0,00;0,00;143;105;14;39;17;469;636
2953;30,58;-359,42;0,00;0,00;0,00;-0,36;0,00;0,00;118;84;131;47;33;155;484
2954;67,09;-107,01;0,00;0,00;0,00;-0,11;0,00;0,00;138;129;169;47;21;376;127
2955;80,38;145,94;0,00;0,00;0,00;0,15;0,00;0,00;464;32;98;34;34;145;243
2956;87,01;100,05;0,00;0,00;0,00;0,10;0,00;0,00;33;194;86;43;18;229;109
2957;100,00;336,18;0,00;0,00;0,00;0,34;0,00;0,00;409;167;132;26;38;515;488
2958;34,32;-435,38;0,00;0,00;0,00;-0,44;0,00;0,00;16;91;143;38;17;240;157
2959;16,77;-585,83;0,00;0,00;0,00;-0,59;0,00;0,00;382;62;135;11;33;270;841
2960;7,80;-673,27;0,00;0,00;0,00;-0,67;0,00;0,00;351;116;171;41;16;569;203
2961;69,06;35,16;0,00;0,00;0,00;0,04;0,00;0,00;395;51;83;29;25;123;895
2962;97,49;261,53;0,00;0,00;0,00;0,26;0,00;0,00;463;127;40;29;21;898;920
2963;25,63;-417,20;0,00;0,00;0,00;-0,42;0,00;0,00;51;64;114;46;32;527;467
2964;45,35;-289,44;0,00;0,00;0,00;-0,29;0,00;0,00;133;47;119;39;35;769;664
2965;0,00;-729,51;0,00;0,00;0,00;-0,73;0,00;0,00;408;167;150;46;27;441;127
2966;39,48;-415,98;0,00;0,00;0,00;-0,42;0,00;0,00;300;197;123;20;31;826;328
2967;8,51;-647,40;0,00;0,00;0,00;-0,65;0,00;0,00;86;123;78;48;39;972;122
2968;41,98;-230,72;0,00;0,00;0,00;-0,23;0,00;0,00;450;155;171;49;32;500;640
2969;69,95;60,50;0,00;0,00;0,00;0,06;0,00;0,00;264;124;82;37;35;866;226
2970;27,32;-439,94;0,00;0,00;0,00;-0,44;0,00;0,00;215;88;163;15;38;274;242
2971;65,26;-45,69;0,00;0,00;0,00;-0,05;0,00;0,00;197;39;103;13;30;920;285
2972;54,34;-262,96;0,00;0,00;0,00;-0,26;0,00;0,00;201;135;136;17;20;132;152
2973;100,00;353,20;0,00;0,00;0,00;0,35;0,00;0,00;122;34;67;33;19;233;550
2974;71,05;58,37;0,00;0,00;0,00;0,06;0,00;0,00;35;172;128;16;33;691;928
2975;60,15;-150,45;0,00;0,00;0,00;-0,15;0,00;0,00;425;73;132;30;17;123;486
2976;71,65;-24,27;0,00;0,00;0,00;-0,02;0,00;0,00;57;47;147;47;35;199;314
2977;43,62;-279,69;0,00;0,00;0,00;-0,28;0,00;0,00;234;129;75;46;37;252;631
2978;57,01;-138,22;0,00;0,00;0,00;-0,14;0,00;0,00;19;176;104;25;19;876;629
2979;48,15;-201,39;0,00;0,00;0,00;-0,20;0,00;0,00;35;197;55;12;15;349;379
2980;47,23;-174,16;0,00;0,00;0,00;-0,17;0,00;0,00;293;78;26;32;25;915;231
2981;0,00;-762,92;0,00;0,00;0,00;-0,76;0,00;0,00;158;127;61;14;27;460;528
2982;18,77;-419,00;0,00;0,00;0,00;-0,42;0,00;0,00;493;163;84;17;26;398;354
2983;75,83;102,29;0,00;0,00;0,00;0,10;0,00;0,00;73;104;157;42;18;222;753
2984;35,11;-295,89;0,00;0,00;0,00;-0,30;0,00;0,00;44;180;189;12;37;518;884
2985;51,58;-144,10;0,00;0,00;0,00;-0,14;0,00;0,00;185;47;56;14;31;221;151
2986;35,91;-378,71;0,00;0,00;0,00;-0,38;0,00;0,00;167;68;67;26;26;932;985
2987;73,52;58,56;0,00;0,00;0,00;0,06;0,00;0,00;152;14;86;24;35;327;477
2988;31,20;-365,43;0,00;0,00;0,00;-0,37;0,00;0,00;243;98;133;10;21;158;374
2989;71,74;-80,02;0,00;0,00;0,00;-0,08;0,00;0,00;244;73;141;27;15;128;655
2990;30,34;-325,25;0,00;0,00;0,00;-0,33;0,00;0,00;12;193;71;23;22;641;618
2991;75,90;97,04;0,00;0,00;0,00;0,10;0,00;0,00;50;141;32;32;35;250;817
2992;57,72;-169,05;0,00;0,00;0,00;-0,17;0,00;0,00;183;190;185;11;36;225;908
2993;6,53;-639,11;0,00;0,00;0,00;-0,64;0,00;0,00;474;102;131;29;33;977;391
2994;76,52;-12,00;0,00;0,00;0,00;-0,01;0,00;0,00;426;183;182;32;31;549;197
2995;17,57;-484,56;0,00;0,00;0,00;-0,48;0,00;0,00;430;46;165;27;35;767;441
2996;34,52;-322,58;0,00;0,00;0,00;-0,32;0,00;0,00;435;29;141;14;30;532;259
2997;15,49;-540,29;0,00;0,00;0,00;-0,54;0,00;0,00;140;171;176;17;37;497;159
2998;32,59;-357,61;0,00;0,00;0,00;-0,36;0,00;0,00;333;28;89;12;39;360;620
2999;82,10;152,10;0,00;0,00;0,00;0,15;0,00;0,00;310;171;74;46;32;169;154
3000;78,79;165,68;0,00;0,00;0,00;0,17;0,00;0,00;405;161;176;35;21;876;384
3001;82,60;139,24;0,00;0,00;0,00;0,14;0,00;0,00;341;47;63;26;32;149;251
3002;39,48;-381,75;0,00;0,00;0,00;-0,38;0,00;0,00;90;147;69;36;32;252;615
3003;0,00;-720,80;0,00;0,00;0,00;-0,72;0,00;0,00;422;110;113;23;32;980;693
3004;19,70;-492,36;0,00;0,00;0,00;-0,49;0,00;0,00;40;75;136;49;36;180;835
3005;56,65;-116,11;0,00;0,00;0,00;-0,12;0,00;0,00;213;161;14;29;21;671;850
3006;76,05;99,09;0,00;0,00;0,00;0,10;0,00;0,00;232;99;41;28;29;727;508
3007;56,56;-36,81;0,00;0,00;0,00;-0,04;0,00;0,00;115;190;136;13;34;417;319
3008;36,13;-378,45;0,00;0,00;0,00;-0,38;0,00;0,00;170;46;189;24;28;675;423
3009;32,04;-413,41;0,00;0,00;0,00;-0,41;0,00;0,00;456;134;88;23;29;248;855
3010;47,80;-242,44;0,00;0,00;0,00;-0,24;0,00;0,00;117;80;10;14;17;438;111
3011;100,00;264,67;0,00;0,00;0,00;0,26;0,00;0,00;407;99;64;10;28;776;350
3012;17,14;-590,89;0,00;0,00;0,00;-0,59;0,00;0,00;371;97;94;26;22;958;446
3013;33,01;-374,85;0,00;0,00;0,00;-0,37;0,00;0,00;384;80;139;29;18;257;171
3014;40,02;-252,26;0,00;0,00;0,00;-0,25;0,00;0,00;159;137;74;29;21;441;628
3015;48,05;-214,87;0,00;0,00;0,00;-0,21;0,00;0,00;263;14;175;14;21;698;753
3016;63,73;-96,10;0,00;0,00;0,00;-0,10;0,00;0,00;327;88;196;29;23;865;306
3017;19,63;-460,19;0,00;0,00;0,00;-0,46;0,00;0,00;409;181;40;31;21;128;860
3018;34,64;-287,18;0,00;0,00;0,00;-0,29;0,00;0,00;319;140;46;11;20;615;451
3019;53,97;-175,47;0,00;0,00;0,00;-0,18;0,00;0,00;469;82;130;30;27;182;860
3020;38,45;-289,18;0,00;0,00;0,00;-0,29;0,00;0,00;270;83;171;46;34;329;145
3021;49,79;-107,50;0,00;0,00;0,00;-0,11;0,00;0,00;16;160;96;18;17;839;961
3022;81,28;121,04;0,00;0,00;0,00;0,12;0,00;0,00;326;126;149;35;20;637;332
3023;81,76;63,97;0,00;0,00;0,00;0,06;0,00;0,00;262;57;23;24;32;952;914
3024;26,79;-400,60;0,00;0,00;0,00;-0,40;0,00;0,00;165;23;184;31;23;840;480
3025;9,18;-580,88;0,00;0,00;0,00;-0,58;0,00;0,00;32;31;25;30;28;565;352
3026;36,62;-259,24;0,00;0,00;0,00;-0,26;0,00;0,00;328;85;61;25;25;540;545
3027;61,10;-115,80;0,00;0,00;0,00;-0,12;0,00;0,00;312;42;64;17;27;767;184
3028;14,81;-581,79;0,00;0,00;0,00;-0,58;0,00;0,00;144;176;44;25;21;966;626
3029;24,29;-489,17;0,00;0,00;0,00;-0,49;0,00;0,00;22;68;74;20;23;180;222
3030;78,58;142,27;0,00;0,00;0,00;0,14;0,00;0,00;174;169;148;22;22;170;870
3031;96,67;254,79;0,00;0,00;0,00;0,25;0,00;0,00;261;99;195;46;24;776;873
3032;37,90;-356,46;0,00;0,00;0,00;-0,36;0,00;0,00;51;62;125;35;35;778;739
3033;0,00;-738,67;0,00;0,00;0,00;-0,74;0,00;0,00;281;160;103;37;35;904;286
3034;28,38;-358,97;0,00;0,00;0,00;-0,36;0,00;0,00;183;48;30;17;37;928;658
3035;45,49;-184,06;0,00;0,00;0,00;-0,18;0,00;0,00;215;47;77;20;19;357;810
3036;0,00;-703,37;0,00;0,00;0,00;-0,70;0,00;0,00;243;101;189;21;22;562;774
3037;50,54;-163,70;0,00;0,00;0,00;-0,16;0,00;0,00;17;148;56;42;24;821;720
3038;72,80;14,95;0,00;0,00;0,00;0,01;0,00;0,00;460;74;78;39;19;633;442
3039;89,91;282,16;0,00;0,00;0,00;0,28;0,00;0,00;312;188;157;23;22;991;675
3040;34,04;-310,58;0,00;0,00;0,00;-0,31;0,00;0,00;498;31;30;23;35;421;596
3041;35,64;-264,29;0,00;0,00;0,00;-0,26;0,00;0,00;100;112;80;37;34;762;302
3042;11,80;-638,47;0,00;0,00;0,00;-0,64;0,00;0,00;283;41;174;12;32;953;237
3043;81,80;146,81;0,00;0,00;0,00;0,15;0,00;0,00;267;26;50;47;38;913;524
3044;50,15;-141,58;0,00;0,00;0,00;-0,14;0,00;0,00;235;53;74;38;38;405;692
3045;32,79;-445,06;0,00;0,00;0,00;-0,45;0,00;0,00;120;190;14;27;36;389;935
3046;100,00;360,70;0,00;0,00;0,00;0,36;0,00;0,00;34;180;161;38;29;575;870
3047;100,00;301,45;0,00;0,00;0,00;0,30;0,00;0,00;75;48;120;16;29;788;279
3048;63,99;-87,77;0,00;0,00;0,00;-0,09;0,00;0,00;350;151;180;40;33;667;291
3049;90,37;280,62;0,00;0,00;0,00;0,28;0,00;0,00;446;74;15;16;17;596;715
3050;64,30;-74,93;0,00;0,00;0,00;-0,07;0,00;0,00;196;18;198;27;33;897;372
3051;79,38;96,34;0,00;0,00;0,00;0,10;0,00;0,00;298;29;195;29;19;416;804
3052;18,75;-439,45;0,00;0,00;0,00;-0,44;0,00;0,00;467;28;32;29;19;734;236
3053;46,69;-249,97;0,00;0,00;0,00;-0,25;0,00;0,00;200;171;89;18;35;366;694
3054;56,52;-137,85;0,00;0,00;0,00;-0,14;0,00;0,00;316;50;114;43;29;338;527
3055;40,35;-301,03;0,00;0,00;0,00;-0,30;0,00;0,00;375;107;55;13;36;374;265
3056;54,14;-175,51;0,00;0,00;0,00;-0,18;0,00;0,00;64;196;89;12;18;504;765
3057;37,66;-197,70;0,00;0,00;0,00;-0,20;0,00;0,00;434;146;105;28;31;598;616
3058;64,96;-71,95;0,00;0,00;0,00;-0,07;0,00;0,00;57;127;174;33;24;670;772
3059;23,10;-460,08;0,00;0,00;0,00;-0,46;0,00;0,00;117;102;182;33;30;166;404
3060;24,12;-400,81;0,00;0,00;0,00;-0,40;0,00;0,00;281;180;74;43;37;688;340
3061;78,76;73,12;0,00;0,00;0,00;0,07;0,00;0,00;302;121;154;49;39;316;570
3062;79,67;51,65;0,00;0,00;0,00;0,05;0,00;0,00;264;155;30;40;30;417;985
3063;86,67;194,66;0,00;0,00;0,00;0,19;0,00;0,00;428;135;88;34;32;443;497
3064;42,83;-295,57;0,00;0,00;0,00;-0,30;0,00;0,00;356;80;88;12;23;601;178
3065;44,09;-299,85;0,00;0,00;0,00;-0,30;0,00;0,00;150;10;79;30;21;912;399
3066;33,08;-377,97;0,00;0,00;0,00;-0,38;0,00;0,00;244;29;157;21;23;636;384
3067;68,85;-51,58;0,00;0,00;0,00;-0,05;0,00;0,00;327;165;12;13;38;481;115
3068;55,35;-132,60;0,00;0,00;0,00;-0,13;0,00;0,00;32;83;110;33;26;970;369
3069;50,57;-155,72;0,00;0,00;0,00;-0,16;0,00;0,00;209;198;53;14;24;680;754
3070;48,48;-251,96;0,00;0,00;0,00;-0,25;0,00;0,00;485;96;158;15;32;165;187
3071;56,01;-76,59;0,00;0,00;0,00;-0,08;0,00;0,00;304;145;161;10;36;437;999
3072;16,47;-521,86;0,00;0,00;0,00;-0,52;0,00;0,00;17;85;194;44;15;679;437
3073;67,02;70,59;0,00;0,00;0,00;0,07;0,00;0,00;429;97;154;34;39;303;837
3074;82,08;152,95;0,00;0,00;0,00;0,15;0,00;0,00;92;74;56;23;16;632;212
3075;47,86;-222,61;0,00;0,00;0,00;-0,22;0,00;0,00;105;183;195;48;23;432;713
3076;62,83;12,28;0,00;0,00;0,00;0,01;0,00;0,00;117;19;173;25;33;105;165
3077;83,32;79,96;0,00;0,00;0,00;0,08;0,00;0,00;453;147;167;39;15;661;940
3078;50,50;-262,73;0,00;0,00;0,00;-0,26;0,00;0,00;480;91;85;19;34;410;462
3079;45,69;-297,85;0,00;0,00;0,00;-0,30;0,00;0,00;367;41;15;18;19;975;315
3080;64,75;-43,51;0,00;0,00;0,00;-0,04;0,00;0,00;459;155;64;35;38;689;961
3081;13,77;-565,58;0,00;0,00;0,00;-0,57;0,00;0,00;410;100;62;17;38;449;976
3082;17,33;-530,28;0,00;0,00;0,00;-0,53;0,00;0,00;15;46;142;37;35;551;113
3083;30,23;-307,29;0,00;0,00;0,00;-0,31;0,00;0,00;152;157;51;38;20;503;211
3084;79,92;86,05;0,00;0,00;0,00;0,09;0,00;0,00;416;160;100;49;30;386;908
3085;55,94;-100,00;0,00;0,00;0,00;-0,10;0,00;0,00;446;76;77;39;26;673;831
3086;72,71;14,90;0,00;0,00;0,00;0,01;0,00;0,00;198;109;83;30;30;145;949
3087;75,05;92,82;0,00;0,00;0,00;0,09;0,00;0,00;248;35;185;29;23;140;349
3088;0,00;-626,67;0,00;0,00;0,00;-0,63;0,00;0,00;452;79;87;46;23;262;171
3089;50,21;-144,94;0,00;0,00;0,00;-0,14;0,00;0,00;403;96;194;31;22;203;153
3090;27,44;-335,15;0,00;0,00;0,00;-0,34;0,00;0,00;430;33;148;41;37;806;201
3091;70,63;-31,38;0,00;0,00;0,00;-0,03;0,00;0,00;251;66;18;18;34;507;558
3092;35,34;-368,67;0,00;0,00;0,00;-0,37;0,00;0,00;37;66;13;28;30;784;632
3093;82,87;87,32;0,00;0,00;0,00;0,09;0,00;0,00;389;20;76;49;21;690;860
3094;40,37;-296,18;0,00;0,00;0,00;-0,30;0,00;0,00;227;51;165;21;33;363;813
3095;36,01;-377,40;0,00;0,00;0,00;-0,38;0,00;0,00;296;106;120;29;21;151;467
3096;54,73;-203,28;0,00;0,00;0,00;-0,20;0,00;0,00;439;150;178;39;21;541;224
3097;89,80;221,11;0,00;0,00;0,00;0,22;0,00;0,00;107;113;74;47;32;894;287
3098;92,75;294,27;0,00;0,00;0,00;0,29;0,00;0,00;491;37;33;11;30;382;757
3099;52,74;-159,20;0,00;0,00;0,00;-0,16;0,00;0,00;221;32;103;44;28;329;348
3100;37,13;-342,30;0,00;0,00;0,00;-0,34;0,00;0,00;91;176;96;34;29;771;324
3101;13,48;-468,68;0,00;0,00;0,00;-0,47;0,00;0,00;371;142;90;10;38;400;878
3102;6,37;-632,97;0,00;0,00;0,00;-0,63;0,00;0,00;355;24;112;43;23;156;422
3103;77,64;14,19;0,00;0,00;0,00;0,01;0,00;0,00;267;58;14;13;39;677;688
3104;39,37;-349,13;0,00;0,00;0,00;-0,35;0,00;0,00;341;142;126;46;35;996;936
3105;48,41;-183,10;0,00;0,00;0,00;-0,18;0,00;0,00;135;167;127;29;20;285;380
3106;40,14;-244,45;0,00;0,00;0,00;-0,24;0,00;0,00;159;166;34;15;15;644;315
3107;80,95;193,34;0,00;0,00;0,00;0,19;0,00;0,00;301;128;175;40;25;519;608
3108;32,16;-454,59;0,00;0,00;0,00;-0,45;0,00;0,00;182;68;161;46;21;388;367
3109;67,49;-36,84;0,00;0,00;0,00;-0,04;0,00;0,00;258;114;17;41;35;379;220
3110;40,52;-240,66;0,00;0,00;0,00;-0,24;0,00;0,00;262;24;63;25;15;420;386
3111;36,54;-277,37;0,00;0,00;0,00;-0,28;0,00;0,00;96;169;184;19;18;909;204
3112;44,15;-279,64;0,00;0,00;0,00;-0,28;0,00;0,00;54;196;177;15;38;847;568
3113;14,39;-451,25;0,00;0,00;0,00;-0,45;0,00;0,00;300;192;58;42;32;382;797
3114;54,21;-224,29;0,00;0,00;0,00;-0,22;0,00;0,00;408;166;83;30;18;806;603
3115;52,51;-217,11;0,00;0,00;0,00;-0,22;0,00;0,00;441;133;160;42;33;255;958
3116;9,51;-627,83;0,00;0,00;0,00;-0,63;0,00;0,00;27;50;133;23;27;650;941
3117;44,06;-300,81;0,00;0,00;0,00;-0,30;0,00;0,00;219;50;190;19;30;637;151
3118;22,84;-489,60;0,00;0,00;0,00;-0,49;0,00;0,00;153;184;94;35;29;960;453
3119;49,54;-217,41;0,00;0,00;0,00;-0,22;0,00;0,00;46;149;175;47;32;779;840
3120;49,99;-103,08;0,00;0,00;0,00;-0,10;0,00;0,00;272;143;106;21;26;213;886
3121;45,45;-257,61;0,00;0,00;0,00;-0,26;0,00;0,00;216;29;100;19;29;204;469
3122;47,47;-289,70;0,00;0,00;0,00;-0,29;0,00;0,00;188;32;47;15;31;705;211
3123;66,01;40,32;0,00;0,00;0,00;0,04;0,00;0,00;361;129;14;10;36;683;194
3124;46,78;-297,87;0,00;0,00;0,00;-0,30;0,00;0,00;202;174;10;17;21;270;585
3125;31,64;-375,10;0,00;0,00;0,00;-0,38;0,00;0,00;269;124;41;40;26;877;437
3126;94,57;204,94;0,00;0,00;0,00;0,20;0,00;0,00;285;74;83;22;35;774;666
3127;50,22;-176,10;0,00;0,00;0,00;-0,18;0,00;0,00;302;139;73;34;28;830;559
3128;81,14;81,14;0,00;0,00;0,00;0,08;0,00;0,00;339;196;30;29;39;617;889
3129;37,24;-402,32;0,00;0,00;0,00;-0,40;0,00;0,00;121;85;40;42;29;637;908
3130;92,41;208,61;0,00;0,00;0,00;0,21;0,00;0,00;491;67;157;48;26;996;902
3131;89,51;124,50;0,00;0,00;0,00;0,12;0,00;0,00;394;178;70;37;38;496;925
3132;45,74;-249,57;0,00;0,00;0,00;-0,25;0,00;0,00;33;10;18;17;18;685;539
3133;21,77;-482,17;0,00;0,00;0,00;-0,48;0,00;0,00;397;103;127;45;35;377;960
3134;53,59;-116,25;0,00;0,00;0,00;-0,12;0,00;0,00;166;189;174;11;20;111;980
3135;34,05;-305,59;0,00;0,00;0,00;-0,31;0,00;0,00;60;62;31;27;19;229;381
3136;41,02;-326,51;0,00;0,00;0,00;-0,33;0,00;0,00;276;64;176;10;17;966;956
3137;37,15;-345,72;0,00;0,00;0,00;-0,35;0,00;0,00;494;104;178;49;31;349;128
3138;60,91;-68,29;0,00;0,00;0,00;-0,07;0,00;0,00;389;152;44;34;24;490;423
3139;86,70;138,40;0,00;0,00;0,00;0,14;0,00;0,00;70;116;169;46;35;557;558
3140;86,68;136,19;0,00;0,00;0,00;0,14;0,00;0,00;323;155;11;38;20;396;154
3141;27,00;-462,49;0,00;0,00;0,00;-0,46;0,00;0,00;462;161;191;12;34;918;394
3142;97,37;253,21;0,00;0,00;0,00;0,25;0,00;0,00;315;125;193;48;17;649;602
3143;36,82;-247,63;0,00;0,00;0,00;-0,25;0,00;0,00;363;167;104;48;19;276;125
3144;21,49;-507,97;0,00;0,00;0,00;-0,51;0,00;0,00;178;158;164;49;19;252;319
3145;38,93;-292,34;0,00;0,00;0,00;-0,29;0,00;0,00;155;64;42;28;30;189;451
3146;60,28;-130,43;0,00;0,00;0,00;-0,13;0,00;0,00;412;21;20;19;37;221;678
3147;73,18;43,99;0,00;0,00;0,00;0,04;0,00;0,00;169;137;42;14;38;809;302
3148;11,17;-573,60;0,00;0,00;0,00;-0,57;0,00;0,00;73;186;88;22;24;901;566
3149;70,75;-82,41;0,00;0,00;0,00;-0,08;0,00;0,00;401;116;84;46;32;111;835
3150;100,00;357,48;0,00;0,00;0,00;0,36;0,00;0,00;315;73;79;33;21;980;614
3151;52,12;-296,07;0,00;0,00;0,00;-0,30;0,00;0,00;265;180;109;31;36;204;892
3152;13,88;-491,12;0,00;0,00;0,00;-0,49;0,00;0,00;275;22;125;29;18;959;839
3153;33,81;-390,88;0,00;0,00;0,00;-0,39;0,00;0,00;127;24;198;17;19;401;589
3154;68,50;-68,08;0,00;0,00;0,00;-0,07;0,00;0,00;413;42;189;34;32;217;930
3155;49,19;-189,11;0,00;0,00;0,00;-0,19;0,00;0,00;26;46;171;20;38;109;171
3156;57,85;-82,55;0,00;0,00;0,00;-0,08;0,00;0,00;400;71;89;13;18;384;676
3157;57,49;-24,98;0,00;0,00;0,00;-0,02;0,00;0,00;346;51;111;13;32;793;421
3158;57,21;-66,95;0,00;0,00;0,00;-0,07;0,00;0,00;97;42;44;29;22;932;906
3159;94,72;297,65;0,00;0,00;0,00;0,30;0,00;0,00;160;37;194;37;31;411;902
3160;37,73;-283,79;0,00;0,00;0,00;-0,28;0,00;0,00;197;19;172;31;22;196;176
3161;42,10;-307,60;0,00;0,00;0,00;-0,31;0,00;0,00;310;134;61;15;39;684;593
3162;47,44;-178,88;0,00;0,00;0,00;-0,18;0,00;0,00;232;145;183;16;35;397;247
3163;34,61;-361,96;0,00;0,00;0,00;-0,36;0,00;0,00;462;192;84;27;19;580;977
3164;51,46;-197,09;0,00;0,00;0,00;-0,20;0,00;0,00;90;45;96;20;39;801;211
3165;55,67;-63,61;0,00;0,00;0,00;-0,06;0,00;0,00;386;112;14;31;17;689;146
3166;38,21;-280,19;0,00;0,00;0,00;-0,28;0,00;0,00;96;75;168;46;26;973;819
3167;73,94;66,10;0,00;0,00;0,00;0,07;0,00;0,00;167;84;191;15;24;418;138
3168;67,36;-3,94;0,00;0,00;0,00;-0,00;0,00;0,00;183;70;107;41;33;226;953
3169;25,71;-429,46;0,00;0,00;0,00;-0,43;0,00;0,00;302;186;163;27;36;518;467
3170;99,70;313,24;0,00;0,00;0,00;0,31;0,00;0,00;434;190;55;10;34;214;747
3171;25,65;-444,98;0,00;0,00;0,00;-0,44;0,00;0,00;251;12;149;37;32;725;601
3172;56,90;-108,22;0,00;0,00;0,00;-0,11;0,00;0,00;329;58;159;13;24;540;920
3173;88,51;217,66;0,00;0,00;0,00;0,22;0,00;0,00;63;122;135;18;30;185;406
3174;25,37;-407,39;0,00;0,00;0,00;-0,41;0,00;0,00;92;137;156;46;17;633;863
3175;61,11;-71,83;0,00;0,00;0,00;-0,07;0,00;0,00;312;81;111;28;29;441;618
3176;61,72;-46,85;0,00;0,00;0,00;-0,05;0,00;0,00;221;23;15;29;22;610;395
3177;56,76;-81,31;0,00;0,00;0,00;-0,08;0,00;0,00;432;15;188;20;38;960;951
3178;54,89;-266,45;0,00;0,00;0,00;-0,27;0,00;0,00;48;37;54;23;20;897;415
3179;49,64;-185,00;0,00;0,00;0,00;-0,18;0,00;0,00;140;29;169;15;30;470;159
3180;71,53;39,72;0,00;0,00;0,00;0,04;0,00;0,00;95;164;155;43;17;907;195
3181;21,61;-440,06;0,00;0,00;0,00;-0,44;0,00;0,00;485;69;110;23;36;850;328
3182;5,28;-715,57;0,00;0,00;0,00;-0,72;0,00;0,00;398;134;54;20;20;479;504
3183;52,71;-173,45;0,00;0,00;0,00;-0,17;0,00;0,00;197;81;102;35;31;899;954
3184;73,72;7,43;0,00;0,00;0,00;0,01;0,00;0,00;215;144;115;31;23;848;271
3185;91,88;252,13;0,00;0,00;0,00;0,25;0,00;0,00;336;24;112;12;31;818;409
3186;55,83;-157,06;0,00;0,00;0,00;-0,16;0,00;0,00;72;28;113;29;16;275;951
3187;28,46;-445,34;0,00;0,00;0,00;-0,45;0,00;0,00;25;156;115;49;38;800;854
3188;41,56;-220,00;0,00;0,00;0,00;-0,22;0,00;0,00;120;40;13;26;32;300;673
3189;100,00;243,94;0,00;0,00;0,00;0,24;0,00;0,00;240;95;83;43;29;184;490
3190;35,91;-322,66;0,00;0,00;0,00;-0,32;0,00;0,00;417;57;165;19;16;685;371
3191;85,68;188,76;0,00;0,00;0,00;0,19;0,00;0,00;389;42;28;16;22;170;262
3192;54,67;-192,05;0,00;0,00;0,00;-0,19;0,00;0,00;156;116;120;28;31;850;158
3193;61,84;-117,58;0,00;0,00;0,00;-0,12;0,00;0,00;409;172;110;21;20;146;748
3194;84,63;139,54;0,00;0,00;0,00;0,14;0,00;0,00;273;87;122;36;37;271;945
3195;100,00;234,60;0,00;0,00;0,00;0,23;0,00;0,00;427;137;31;34;19;884;640
3196;90,70;183,45;0,00;0,00;0,00;0,18;0,00;0,00;279;67;88;18;22;786;132
3197;9,84;-600,32;0,00;0,00;0,00;-0,60;0,00;0,00;181;83;85;48;29;743;902
3198;28,96;-375,34;0,00;0,00;0,00;-0,38;0,00;0,00;56;43;29;46;24;409;262
3199;64,47;-39,70;0,00;0,00;0,00;-0,04;0,00;0,00;221;12;186;39;38;321;572
3200;70,86;20,89;0,00;0,00;0,00;0,02;0,00;0,00;232;155;13;47;33;466;456
3201;68,52;-54,74;0,00;0,00;0,00;-0,05;0,00;0,00;188;84;190;47;28;884;389
3202;69,29;-75,08;0,00;0,00;0,00;-0,08;0,00;0,00;224;148;105;22;34;445;709
3203;40,19;-227,19;0,00;0,00;0,00;-0,23;0,00;0,00;446;119;164;24;39;119;599
3204;49,88;-227,02;0,00;0,00;0,00;-0,23;0,00;0,00;148;139;155;46;33;564;293
3205;22,17;-484,81;0,00;0,00;0,00;-0,48;0,00;0,00;70;11;176;39;16;780;315
3206;10,18;-578,76;0,00;0,00;0,00;-0,58;0,00;0,00;260;129;188;24;36;206;453
3207;28,74;-441,06;0,00;0,00;0,00;-0,44;0,00;0,00;68;150;51;43;30;354;120
3208;31,54;-420,20;0,00;0,00;0,00;-0,42;0,00;0,00;272;111;125;16;23;753;361
3209;69,60;53,14;0,00;0,00;0,00;0,05;0,00;0,00;77;101;58;41;35;525;394
3210;42,82;-252,68;0,00;0,00;0,00;-0,25;0,00;0,00;16;187;145;32;35;607;488
3211;59,81;-9,53;0,00;0,00;0,00;-0,01;0,00;0,00;213;116;171;24;29;271;774
3212;76,49;141,56;0,00;0,00;0,00;0,14;0,00;0,00;463;26;112;41;37;786;657
3213;39,52;-392,00;0,00;0,00;0,00;-0,39;0,00;0,00;418;116;109;48;27;468;178
3214;0,00;-692,80;0,00;0,00;0,00;-0,69;0,00;0,00;279;95;158;49;32;984;655
3215;63,01;-94,84;0,00;0,00;0,00;-0,09;0,00;0,00;91;83;23;16;33;566;854
3216;66,16;-71,65;0,00;0,00;0,00;-0,07;0,00;0,00;46;186;49;30;26;214;307
3217;97,72;273,87;0,00;0,00;0,00;0,27;0,00;0,00;149;150;182;25;38;891;323
3218;66,88;-40,98;0,00;0,00;0,00;-0,04;0,00;0,00;185;136;147;14;29;960;886
3219;97,52;248,22;0,00;0,00;0,00;0,25;0,00;0,00;375;144;45;44;15;731;742
3220;100,00;322,92;0,00;0,00;0,00;0,32;0,00;0,00;217;132;32;10;19;810;717
3221;47,35;-112,45;0,00;0,00;0,00;-0,11;0,00;0,00;401;23;57;10;15;430;961
3222;2,16;-649,18;0,00;0,00;0,00;-0,65;0,00;0,00;291;110;53;26;33;790;364
3223;65,60;-101,87;0,00;0,00;0,00;-0,10;0,00;0,00;362;80;12;21;18;722;682
3224;61,85;-19,76;0,00;0,00;0,00;-0,02;0,00;0,00;142;26;186;19;16;440;383
3225;48,12;-247,39;0,00;0,00;0,00;-0,25;0,00;0,00;427;42;109;24;32;672;782
3226;63,40;-140,74;0,00;0,00;0,00;-0,14;0,00;0,00;129;22;120;35;28;640;901
3227;29,49;-298,52;0,00;0,00;0,00;-0,30;0,00;0,00;301;21;180;10;30;135;472
3228;44,28;-294,28;0,00;0,00;0,00;-0,29;0,00;0,00;191;92;11;14;21;604;757
3229;79,24;31,59;0,00;0,00;0,00;0,03;0,00;0,00;10;134;67;25;17;620;827
3230;54,15;-97,30;0,00;0,00;0,00;-0,10;0,00;0,00;354;54;42;38;27;813;953
3231;23,93;-464,21;0,00;0,00;0,00;-0,46;0,00;0,00;351;146;165;40;32;101;769
3232;44,27;-206,72;0,00;0,00;0,00;-0,21;0,00;0,00;332;197;77;27;31;696;427
3233;73,06;16,22;0,00;0,00;0,00;0,02;0,00;0,00;466;47;114;43;27;701;769
3234;53,29;-155,44;0,00;0,00;0,00;-0,16;0,00;0,00;142;16;135;42;38;693;875
3235;54,32;-183,34;0,00;0,00;0,00;-0,18;0,00;0,00;76;40;130;21;38;831;947
3236;44,21;-142,19;0,00;0,00;0,00;-0,14;0,00;0,00;244;84;111;13;18;376;793
3237;94,28;237,60;0,00;0,00;0,00;0,24;0,00;0,00;366;73;133;26;19;946;329
3238;83,43;78,82;0,00;0,00;0,00;0,08;0,00;0,00;50;22;90;42;15;584;632
3239;54,72;-214,83;0,00;0,00;0,00;-0,21;0,00;0,00;371;56;12;11;20;101;856
3240;61,03;-139,85;0,00;0,00;0,00;-0,14;0,00;0,00;411;43;168;45;26;184;551
3241;75,99;27,48;0,00;0,00;0,00;0,03;0,00;0,00;164;191;45;23;24;135;781
3242;42,58;-242,29;0,00;0,00;0,00;-0,24;0,00;0,00;495;103;151;39;28;987;756
3243;65,77;27,30;0,00;0,00;0,00;0,03;0,00;0,00;168;19;97;44;32;418;614
3244;12,49;-523,58;0,00;0,00;0,00;-0,52;0,00;0,00;146;151;50;38;24;421;410
3245;81,82;158,73;0,00;0,00;0,00;0,16;0,00;0,00;154;68;107;37;15;142;150
3246;81,69;81,37;0,00;0,00;0,00;0,08;0,00;0,00;346;115;31;26;39;729;573
3247;34,11;-406,93;0,00;0,00;0,00;-0,41;0,00;0,00;300;164;161;19;30;352;892
3248;54,92;-181,64;0,00;0,00;0,00;-0,18;0,00;0,00;239;71;128;13;16;628;628
3249;66,58;35,09;0,00;0,00;0,00;0,04;0,00;0,00;248;19;139;19;21;415;373
3250;37,80;-378,65;0,00;0,00;0,00;-0,38;0,00;0,00;183;83;11;32;35;858;142
3251;39,63;-294,92;0,00;0,00;0,00;-0,29;0,00;0,00;450;143;27;43;25;268;139
3252;61,97;-66,93;0,00;0,00;0,00;-0,07;0,00;0,00;464;37;156;12;26;451;244
3253;66,17;11,90;0,00;0,00;0,00;0,01;0,00;0,00;378;51;108;13;22;324;863
3254;0,69;-686,32;0,00;0,00;0,00;-0,69;0,00;0,00;135;176;173;42;37;884;355
3255;84,73;146,23;0,00;0,00;0,00;0,15;0,00;0,00;417;96;19;41;27;158;954
3256;82,42;112,07;0,00;0,00;0,00;0,11;0,00;0,00;103;141;15;18;39;832;232
3257;58,23;-144,29;0,00;0,00;0,00;-0,14;0,00;0,00;356;96;99;10;38;628;944
3258;20,03;-433,78;0,00;0,00;0,00;-0,43;0,00;0,00;221;59;115;41;17;917;229
3259;43,91;-226,59;0,00;0,00;0,00;-0,23;0,00;0,00;478;34;27;40;36;387;134
3260;12,83;-528,40;0,00;0,00;0,00;-0,53;0,00;0,00;449;131;48;38;37;393;520
3261;31,43;-425,84;0,00;0,00;0,00;-0,43;0,00;0,00;23;37;20;27;28;630;282
3262;46,85;-265,05;0,00;0,00;0,00;-0,27;0,00;0,00;222;142;75;24;23;321;155
3263;75,38;5,90;0,00;0,00;0,00;0,01;0,00;0,00;202;134;77;38;34;335;813
3264;57,79;-123,43;0,00;0,00;0,00;-0,12;0,00;0,00;377;40;153;45;16;443;582
3265;53,88;-197,15;0,00;0,00;0,00;-0,20;0,00;0,00;189;77;52;19;38;136;432
3266;78,04;1,88;0,00;0,00;0,00;0,00;0,00;0,00;97;165;82;11;25;447;471
3267;74,74;-1,78;0,00;0,00;0,00;-0,00;0,00;0,00;316;61;151;37;24;226;988
3268;78,75;75,91;0,00;0,00;0,00;0,08;0,00;0,00;399;147;157;23;27;883;539
3269;39,92;-224,32;0,00;0,00;0,00;-0,22;0,00;0,00;114;146;82;35;27;224;975
3270;56,24;-110,25;0,00;0,00;0,00;-0,11;0,00;0,00;146;158;49;41;21;673;688
3271;86,72;186,79;0,00;0,00;0,00;0,19;0,00;0,00;311;156;135;19;21;961;375
3272;24,22;-432,74;0,00;0,00;0,00;-0,43;0,00;0,00;222;87;71;16;21;527;187
3273;36,95;-264,00;0,00;0,00;0,00;-0,26;0,00;0,00;419;14;97;20;29;492;947
3274;47,38;-175,13;0,00;0,00;0,00;-0,18;0,00;0,00;497;187;109;35;29;821;964
3275;87,01;176,47;0,00;0,00;0,00;0,18;0,00;0,00;76;177;147;17;22;582;243
3276;57,00;-114,13;0,00;0,00;0,00;-0,11;0,00;0,00;402;86;15;33;23;601;282
3277;41,94;-220,90;0,00;0,00;0,00;-0,22;0,00;0,00;82;110;46;47;28;254;933
3278;55,60;-62,38;0,00;0,00;0,00;-0,06;0,00;0,00;446;173;163;35;19;648;219
3279;22,73;-438,00;0,00;0,00;0,00;-0,44;0,00;0,00;115;106;13;12;39;798;910
3280;40,32;-312,87;0,00;0,00;0,00;-0,31;0,00;0,00;314;22;96;38;30;810;571
3281;62,71;-14,70;0,00;0,00;0,00;-0,01;0,00;0,00;199;18;65;32;19;106;261
3282;11,28;-552,35;0,00;0,00;0,00;-0,55;0,00;0,00;40;48;73;46;23;320;337
3283;65,31;-40,30;0,00;0,00;0,00;-0,04;0,00;0,00;272;135;102;13;28;817;561
3284;9,65;-643,37;0,00;0,00;0,00;-0,64;0,00;0,00;78;10;45;31;35;569;700
3285;63,99;-12,97;0,00;0,00;0,00;-0,01;0,00;0,00;96;186;96;21;32;125;165
3286;23,78;-549,66;0,00;0,00;0,00;-0,55;0,00;0,00;81;61;192;38;39;580;202
3287;57,60;-146,00;0,00;0,00;0,00;-0,15;0,00;0,00;220;82;119;39;29;940;865
3288;78,77;76,36;0,00;0,00;0,00;0,08;0,00;0,00;293;50;134;29;15;852;968
3289;43,60;-308,71;0,00;0,00;0,00;-0,31;0,00;0,00;188;171;79;36;31;729;438
3290;63,10;-93,32;0,00;0,00;0,00;-0,09;0,00;0,00;487;122;160;25;26;447;804
3291;46,36;-256,61;0,00;0,00;0,00;-0,26;0,00;0,00;462;68;137;48;31;784;959
3292;10,05;-575,47;0,00;0,00;0,00;-0,58;0,00;0,00;87;180;49;17;30;782;902
3293;38,66;-310,18;0,00;0,00;0,00;-0,31;0,00;0,00;75;52;11;36;32;554;944
3294;64,57;20,13;0,00;0,00;0,00;0,02;0,00;0,00;254;116;49;26;19;366;962
3295;59,13;-91,32;0,00;0,00;0,00;-0,09;0,00;0,00;105;139;164;42;38;739;627
3296;75,67;91,86;0,00;0,00;0,00;0,09;0,00;0,00;158;133;137;39;28;368;549
3297;48,77;-121,38;0,00;0,00;0,00;-0,12;0,00;0,00;382;137;190;24;32;806;692
3298;46,31;-333,43;0,00;0,00;0,00;-0,33;0,00;0,00;385;28;191;20;27;437;616
3299;57,68;-91,78;0,00;0,00;0,00;-0,09;0,00;0,00;374;110;93;30;24;382;285
3300;54,47;-177,37;0,00;0,00;0,00;-0,18;0,00;0,00;82;141;192;41;30;995;956
3301;34,38;-300,39;0,00;0,00;0,00;-0,30;0,00;0,00;286;80;189;49;16;565;697
3302;41,85;-293,01;0,00;0,00;0,00;-0,29;0,00;0,00;52;106;18;23;23;401;315
3303;24,97;-551,55;0,00;0,00;0,00;-0,55;0,00;0,00;386;24;42;45;22;489;227
3304;57,11;-146,48;0,00;0,00;0,00;-0,15;0,00;0,00;252;99;191;48;28;661;220
3305;55,43;-121,33;0,00;0,00;0,00;-0,12;0,00;0,00;233;118;161;40;29;946;613
3306;50,21;-163,77;0,00;0,00;0,00;-0,16;0,00;0,00;317;137;113;34;29;839;313
3307;27,97;-417,88;0,00;0,00;0,00;-0,42;0,00;0,00;390;164;74;33;24;984;451
3308;17,15;-554,59;0,00;0,00;0,00;-0,55;0,00;0,00;127;73;54;10;32;479;320
3309;49,56;-261,30;0,00;0,00;0,00;-0,26;0,00;0,00;311;96;114;40;19;636;419
3310;61,36;-96,62;0,00;0,00;0,00;-0,10;0,00;0,00;181;134;132;23;15;132;858
3311;43,80;-325,64;0,00;0,00;0,00;-0,33;0,00;0,00;373;128;127;11;32;676;971
3312;54,42;-126,55;0,00;0,00;0,00;-0,13;0,00;0,00;329;184;38;42;30;170;215
3313;57,09;-101,48;0,00;0,00;0,00;-0,10;0,00;0,00;454;76;168;30;20;659;370
3314;100,00;356,34;0,00;0,00;0,00;0,36;0,00;0,00;386;105;121;26;30;975;412
3315;67,30;-45,35;0,00;0,00;0,00;-0,05;0,00;0,00;460;174;146;28;18;373;325
3316;56,77;-112,00;0,00;0,00;0,00;-0,11;0,00;0,00;304;199;54;19;37;804;529
3317;70,17;1,63;0,00;0,00;0,00;0,00;0,00;0,00;122;101;48;29;18;818;658
3318;23,96;-499,83;0,00;0,00;0,00;-0,50;0,00;0,00;251;75;83;21;20;385;307
3319;48,43;-145,57;0,00;0,00;0,00;-0,15;0,00;0,00;261;121;147;18;25;734;583
3320;74,95;15,57;0,00;0,00;0,00;0,02;0,00;0,00;46;145;175;24;27;591;727
3321;41,65;-321,65;0,00;0,00;0,00;-0,32;0,00;0,00;17;128;183;48;23;870;662
3322;92,58;194,23;0,00;0,00;0,00;0,19;0,00;0,00;120;53;113;33;32;992;902
3323;93,06;268,41;0,00;0,00;0,00;0,27;0,00;0,00;82;180;120;46;31;990;735
3324;0,00;-706,94;0,00;0,00;0,00;-0,71;0,00;0,00;355;167;134;19;17;972;663
3325;44,71;-214,99;0,00;0,00;0,00;-0,21;0,00;0,00;96;39;34;15;22;170;646
3326;28,44;-427,13;0,00;0,00;0,00;-0,43;0,00;0,00;275;32;104;14;28;570;560
3327;30,95;-388,58;0,00;0,00;0,00;-0,39;0,00;0,00;395;41;127;19;25;997;755
3328;40,54;-287,12;0,00;0,00;0,00;-0,29;0,00;0,00;63;167;54;10;15;775;819
3329;81,82;38,61;0,00;0,00;0,00;0,04;0,00;0,00;443;160;14;20;20;889;976
3330;83,68;156,75;0,00;0,00;0,00;0,16;0,00;0,00;354;64;162;36;25;978;317
3331;68,69;65,55;0,00;0,00;0,00;0,07;0,00;0,00;423;100;195;48;29;618;938
3332;4,10;-624,14;0,00;0,00;0,00;-0,62;0,00;0,00;200;10;140;20;16;635;648
3333;32,77;-400,10;0,00;0,00;0,00;-0,40;0,00;0,00;166;62;112;19;34;426;220
3334;54,38;-98,11;0,00;0,00;0,00;-0,10;0,00;0,00;332;104;98;41;39;365;437
3335;72,27;2,26;0,00;0,00;0,00;0,00;0,00;0,00;153;69;103;22;28;760;905
3336;100,00;299,50;0,00;0,00;0,00;0,30;0,00;0,00;31;142;43;46;23;681;757
3337;16,86;-542,35;0,00;0,00;0,00;-0,54;0,00;0,00;27;61;118;25;34;558;594
3338;17,83;-459,42;0,00;0,00;0,00;-0,46;0,00;0,00;257;43;146;47;25;617;270
3339;31,62;-410,62;0,00;0,00;0,00;-0,41;0,00;0,00;169;99;48;14;23;172;854
3340;54,22;-133,40;0,00;0,00;0,00;-0,13;0,00;0,00;229;32;152;46;39;651;513
3341;91,54;203,92;0,00;0,00;0,00;0,20;0,00;0,00;73;41;69;21;33;130;396
3342;82,59;101,95;0,00;0,00;0,00;0,10;0,00;0,00;105;20;117;48;27;309;240
3343;78,99;34,70;0,00;0,00;0,00;0,03;0,00;0,00;48;20;128;43;22;391;582
3344;85,59;157,87;0,00;0,00;0,00;0,16;0,00;0,00;79;127;180;25;24;705;723
3345;42,00;-361,20;0,00;0,00;0,00;-0,36;0,00;0,00;102;64;149;37;35;392;268
3346;65,94;-37,40;0,00;0,00;0,00;-0,04;0,00;0,00;306;154;69;41;23;194;913
3347;56,52;-140,65;0,00;0,00;0,00;-0,14;0,00;0,00;123;172;59;34;35;698;306
3348;60,61;-74,17;0,00;0,00;0,00;-0,07;0,00;0,00;389;107;138;36;31;964;518
3349;10,57;-487,09;0,00;0,00;0,00;-0,49;0,00;0,00;65;166;58;48;21;141;129
3350;99,89;300,93;0,00;0,00;0,00;0,30;0,00;0,00;167;61;165;20;37;185;126
3351;41,79;-308,36;0,00;0,00;0,00;-0,31;0,00;0,00;71;32;21;12;39;261;376
3352;58,38;-94,36;0,00;0,00;0,00;-0,09;0,00;0,00;267;93;49;42;38;462;349
3353;87,88;213,54;0,00;0,00;0,00;0,21;0,00;0,00;291;68;118;12;22;851;395
3354;87,71;90,07;0,00;0,00;0,00;0,09;0,00;0,00;496;68;192;22;18;131;312
3355;52,76;-146,22;0,00;0,00;0,00;-0,15;0,00;0,00;174;127;153;22;34;511;861
3356;64,26;-112,08;0,00;0,00;0,00;-0,11;0,00;0,00;439;39;11;15;38;691;923
3357;71,37;50,51;0,00;0,00;0,00;0,05;0,00;0,00;485;178;16;28;30;137;385
3358;54,53;-114,73;0,00;0,00;0,00;-0,11;0,00;0,00;476;17;175;40;18;983;531
3359;35,68;-296,50;0,00;0,00;0,00;-0,30;0,00;0,00;138;102;58;33;16;306;681
3360;100,00;317,00;0,00;0,00;0,00;0,32;0,00;0,00;366;23;50;37;30;876;913
3361;89,72;154,25;0,00;0,00;0,00;0,15;0,00;0,00;479;125;186;27;19;724;142
3362;56,16;-193,96;0,00;0,00;0,00;-0,19;0,00;0,00;491;90;113;40;22;449;490
3363;97,80;225,94;0,00;0,00;0,00;0,23;0,00;0,00;249;137;65;42;15;854;460
3364;18,59;-537,09;0,00;0,00;0,00;-0,54;0,00;0,00;315;71;91;30;23;351;879
3365;4,30;-714,41;0,00;0,00;0,00;-0,71;0,00;0,00;432;151;81;19;17;238;734
3366;80,05;113,20;0,00;0,00;0,00;0,11;0,00;0,00;316;154;31;15;15;787;139
3367;79,49;88,03;0,00;0,00;0,00;0,09;0,00;0,00;299;153;102;34;37;662;704
3368;47,28;-248,57;0,00;0,00;0,00;-0,25;0,00;0,00;351;141;126;36;31;662;806
3369;55,63;-57,66;0,00;0,00;0,00;-0,06;0,00;0,00;262;38;187;19;37;270;959
3370;70,62;-42,22;0,00;0,00;0,00;-0,04;0,00;0,00;226;143;146;44;32;635;819
3371;13,64;-655,02;0,00;0,00;0,00;-0,66;0,00;0,00;425;168;60;11;39;993;238
3372;40,30;-277,25;0,00;0,00;0,00;-0,28;0,00;0,00;352;10;10;23;27;699;117
3373;28,48;-365,78;0,00;0,00;0,00;-0,37;0,00;0,00;262;38;125;35;35;417;159
3374;71,40;38,52;0,00;0,00;0,00;0,04;0,00;0,00;433;165;23;22;39;415;396
3375;36,92;-300,29;0,00;0,00;0,00;-0,30;0,00;0,00;417;57;121;40;33;520;824
3376;66,57;-39,74;0,00;0,00;0,00;-0,04;0,00;0,00;73;70;77;43;21;473;375
3377;44,22;-225,75;0,00;0,00;0,00;-0,23;0,00;0,00;250;129;68;18;37;672;242
3378;50,89;-62,96;0,00;0,00;0,00;-0,06;0,00;0,00;369;151;60;33;34;598;668
3379;42,77;-199,65;0,00;0,00;0,00;-0,20;0,00;0,00;46;94;117;30;15;468;579
3380;43,18;-290,84;0,00;0,00;0,00;-0,29;0,00;0,00;115;156;143;46;38;830;910
3381;26,43;-471,88;0,00;0,00;0,00;-0,47;0,00;0,00;40;79;29;28;32;626;680
3382;40,51;-284,39;0,00;0,00;0,00;-0,28;0,00;0,00;409;47;177;10;17;227;771
3383;33,95;-420,25;0,00;0,00;0,00;-0,42;0,00;0,00;410;49;192;20;36;517;549
3384;63,20;-79,04;0,00;0,00;0,00;-0,08;0,00;0,00;141;25;165;26;36;976;724
3385;67,03;-32,98;0,00;0,00;0,00;-0,03;0,00;0,00;284;163;59;44;24;911;492
3386;76,44;80,04;0,00;0,00;0,00;0,08;0,00;0,00;303;192;175;25;24;134;713
3387;16,89;-546,11;0,00;0,00;0,00;-0,55;0,00;0,00;360;186;124;26;22;478;244
3388;72,90;145,12;0,00;0,00;0,00;0,15;0,00;0,00;201;34;113;13;30;851;490
3389;82,84;251,95;0,00;0,00;0,00;0,25;0,00;0,00;221;45;171;16;26;627;163
3390;73,57;-56,12;0,00;0,00;0,00;-0,06;0,00;0,00;339;77;147;20;22;715;214
3391;51,83;-189,34;0,00;0,00;0,00;-0,19;0,00;0,00;453;89;141;39;36;709;325
3392;33,16;-318,67;0,00;0,00;0,00;-0,32;0,00;0,00;449;176;199;14;26;250;112
3393;69,67;-54,01;0,00;0,00;0,00;-0,05;0,00;0,00;498;135;72;47;35;171;671
3394;38,22;-374,29;0,00;0,00;0,00;-0,37;0,00;0,00;70;165;121;19;29;815;568
3395;43,46;-278,37;0,00;0,00;0,00;-0,28;0,00;0,00;169;85;159;35;21;923;326
3396;81,62;182,38;0,00;0,00;0,00;0,18;0,00;0,00;261;132;137;41;36;436;333
3397;37,73;-335,13;0,00;0,00;0,00;-0,34;0,00;0,00;13;88;88;43;22;703;223
3398;64,40;-47,74;0,00;0,00;0,00;-0,05;0,00;0,00;382;74;21;36;34;947;239
3399;93,12;211,36;0,00;0,00;0,00;0,21;0,00;0,00;293;96;193;33;30;854;485
3400;43,55;-253,05;0,00;0,00;0,00;-0,25;0,00;0,00;335;126;25;22;17;608;247
3401;54,48;-203,56;0,00;0,00;0,00;-0,20;0,00;0,00;498;41;110;15;16;486;542
3402;54,22;-150,28;0,00;0,00;0,00;-0,15;0,00;0,00;255;73;111;10;31;967;793
3403;0,42;-804,81;0,00;0,00;0,00;-0,80;0,00;0,00;346;68;178;10;27;928;670
3404;60,49;-65,22;0,00;0,00;0,00;-0,07;0,00;0,00;73;37;43;42;25;908;934
3405;46,23;-375,56;0,00;0,00;0,00;-0,38;0,00;0,00;40;65;94;14;27;552;301
3406;86,90;164,48;0,00;0,00;0,00;0,16;0,00;0,00;373;49;22;10;21;820;516
3407;1,12;-611,23;0,00;0,00;0,00;-0,61;0,00;0,00;407;116;193;44;25;317;643
3408;57,83;-164,08;0,00;0,00;0,00;-0,16;0,00;0,00;50;92;66;38;30;208;131
3409;75,47;62,22;0,00;0,00;0,00;0,06;0,00;0,00;161;113;109;26;29;746;286
3410;80,98;130,94;0,00;0,00;0,00;0,13;0,00;0,00;298;177;62;47;30;307;396
3411;48,10;-228,47;0,00;0,00;0,00;-0,23;0,00;0,00;204;153;175;11;31;169;104
3412;45,60;-285,29;0,00;0,00;0,00;-0,29;0,00;0,00;418;10;26;47;24;109;695
3413;41,69;-285,57;0,00;0,00;0,00;-0,29;0,00;0,00;246;91;163;44;28;603;686
3414;29,63;-346,03;0,00;0,00;0,00;-0,35;0,00;0,00;162;74;14;21;32;367;272
3415;39,14;-274,60;0,00;0,00;0,00;-0,27;0,00;0,00;405;138;124;44;25;453;933
3416;61,81;-130,10;0,00;0,00;0,00;-0,13;0,00;0,00;435;21;128;36;33;829;552
3417;36,41;-420,23;0,00;0,00;0,00;-0,42;0,00;0,00;154;32;48;25;21;145;345
3418;47,66;-162,06;0,00;0,00;0,00;-0,16;0,00;0,00;93;178;109;30;19;983;895
3419;35,39;-361,36;0,00;0,00;0,00;-0,36;0,00;0,00;496;190;83;20;26;362;865
3420;69,05;43,83;0,00;0,00;0,00;0,04;0,00;0,00;62;39;63;21;32;985;838
3421;17,38;-473,24;0,00;0,00;0,00;-0,47;0,00;0,00;369;33;126;25;27;632;957
3422;100,00;354,94;0,00;0,00;0,00;0,35;0,00;0,00;309;191;164;14;20;728;372
3423;38,24;-385,45;0,00;0,00;0,00;-0,39;0,00;0,00;410;107;104;14;26;761;559
3424;63,78;-45,84;0,00;0,00;0,00;-0,05;0,00;0,00;179;49;137;40;30;237;653
3425;46,03;-189,71;0,00;0,00;0,00;-0,19;0,00;0,00;49;163;58;11;30;967;197
3426;70,56;-40,10;0,00;0,00;0,00;-0,04;0,00;0,00;381;92;34;12;19;225;656
3427;38,25;-276,35;0,00;0,00;0,00;-0,28;0,00;0,00;223;60;25;33;35;286;857
3428;100,00;281,79;0,00;0,00;0,00;0,28;0,00;0,00;47;154;91;38;19;874;972
3429;23,45;-445,18;0,00;0,00;0,00;-0,45;0,00;0,00;157;36;45;30;17;632;357
3430;46,69;-216,75;0,00;0,00;0,00;-0,22;0,00;0,00;83;89;73;35;32;395;757
3431;83,90;140,83;0,00;0,00;0,00;0,14;0,00;0,00;395;99;196;10;19;455;320
3432;52,36;-209,64;0,00;0,00;0,00;-0,21;0,00;0,00;482;193;186;39;29;995;395
3433;18,46;-556,31;0,00;0,00;0,00;-0,56;0,00;0,00;339;188;41;15;29;446;895
3434;76,88;72,99;0,00;0,00;0,00;0,07;0,00;0,00;376;127;120;17;39;680;453
3435;14,38;-608,06;0,00;0,00;0,00;-0,61;0,00;0,00;238;186;41;38;25;684;171
3436;42,34;-303,87;0,00;0,00;0,00;-0,30;0,00;0,00;377;57;146;24;22;462;263
3437;20,48;-453,73;0,00;0,00;0,00;-0,45;0,00;0,00;256;80;118;35;15;709;831
3438;59,18;-97,30;0,00;0,00;0,00;-0,10;0,00;0,00;499;69;63;29;28;647;481
3439;76,16;-32,41;0,00;0,00;0,00;-0,03;0,00;0,00;151;115;46;21;18;569;400
3440;30,12;-488,52;0,00;0,00;0,00;-0,49;0,00;0,00;104;168;176;42;33;778;308
3441;3,01;-695,13;0,00;0,00;0,00;-0,70;0,00;0,00;14;60;31;13;26;140;210
3442;23,45;-507,28;0,00;0,00;0,00;-0,51;0,00;0,00;60;107;78;30;38;876;649
3443;22,69;-453,89;0,00;0,00;0,00;-0,45;0,00;0,00;483;181;94;19;17;867;815
3444;69,89;33,41;0,00;0,00;0,00;0,03;0,00;0,00;399;72;162;15;24;962;705
3445;54,71;-169,29;0,00;0,00;0,00;-0,17;0,00;0,00;100;101;65;15;22;520;337
3446;30,60;-439,20;0,00;0,00;0,00;-0,44;0,00;0,00;287;86;118;47;37;196;987
3447;41,43;-203,58;0,00;0,00;0,00;-0,20;0,00;0,00;413;71;197;12;37;474;762
3448;57,44;-151,26;0,00;0,00;0,00;-0,15;0,00;0,00;245;81;86;22;16;670;794
3449;18,32;-500,04;0,00;0,00;0,00;-0,50;0,00;0,00;246;21;20;24;36;888;598
3450;24,17;-327,16;0,00;0,00;0,00;-0,33;0,00;0,00;258;93;68;13;15;111;146
3451;42,46;-220,66;0,00;0,00;0,00;-0,22;0,00;0,00;209;98;160;32;36;480;799
3452;45,43;-167,01;0,00;0,00;0,00;-0,17;0,00;0,00;300;83;188;18;23;539;461
3453;33,89;-299,53;0,00;0,00;0,00;-0,30;0,00;0,00;399;46;32;37;27;113;219
3454;61,14;-46,42;0,00;0,00;0,00;-0,05;0,00;0,00;223;66;103;33;38;672;100
3455;88,73;228,29;0,00;0,00;0,00;0,23;0,00;0,00;329;17;69;36;22;972;316
3456;100,00;333,97;0,00;0,00;0,00;0,33;0,00;0,00;388;127;179;28;37;544;970
3457;47,29;-183,30;0,00;0,00;0,00;-0,18;0,00;0,00;42;102;96;32;27;912;856
3458;100,00;258,77;0,00;0,00;0,00;0,26;0,00;0,00;162;35;67;46;34;214;602
3459;35,60;-257,85;0,00;0,00;0,00;-0,26;0,00;0,00;391;92;21;40;31;802;664
3460;61,94;-164,13;0,00;0,00;0,00;-0,16;0,00;0,00;266;182;144;34;17;880;989
3461;54,42;-277,00;0,00;0,00;0,00;-0,28;0,00;0,00;290;97;87;47;23;417;673
3462;50,37;-258,71;0,00;0,00;0,00;-0,26;0,00;0,00;486;146;10;41;37;293;806
3463;28,95;-382,68;0,00;0,00;0,00;-0,38;0,00;0,00;314;15;155;35;32;899;991
3464;81,79;76,68;0,00;0,00;0,00;0,08;0,00;0,00;163;153;57;26;36;820;578
3465;82,85;185,78;0,00;0,00;0,00;0,19;0,00;0,00;106;65;192;24;24;615;380
3466;50,44;-232,12;0,00;0,00;0,00;-0,23;0,00;0,00;57;127;161;49;28;808;603
3467;47,39;-330,11;0,00;0,00;0,00;-0,33;0,00;0,00;318;43;95;17;16;870;952
3468;11,47;-597,68;0,00;0,00;0,00;-0,60;0,00;0,00;452;73;145;21;37;688;396
3469;0,00;-635,84;0,00;0,00;0,00;-0,64;0,00;0,00;29;50;19;42;20;434;755
3470;41,34;-256,63;0,00;0,00;0,00;-0,26;0,00;0,00;144;65;24;16;15;364;376
3471;32,39;-388,34;0,00;0,00;0,00;-0,39;0,00;0,00;426;173;144;42;31;342;610
3472;35,39;-379,39;0,00;0,00;0,00;-0,38;0,00;0,00;75;55;70;48;22;527;697
3473;53,07;-168,07;0,00;0,00;0,00;-0,17;0,00;0,00;59;71;181;23;30;760;330
3474;57,40;-122,46;0,00;0,00;0,00;-0,12;0,00;0,00;229;84;61;14;37;269;810
3475;46,41;-226,81;0,00;0,00;0,00;-0,23;0,00;0,00;63;111;111;31;34;269;382
3476;0,38;-705,18;0,00;0,00;0,00;-0,71;0,00;0,00;319;46;173;48;22;754;662
3477;68,55;-42,27;0,00;0,00;0,00;-0,04;0,00;0,00;291;119;26;46;31;141;425
3478;27,16;-512,82;0,00;0,00;0,00;-0,51;0,00;0,00;488;67;52;42;36;496;682
3479;37,96;-330,49;0,00;0,00;0,00;-0,33;0,00;0,00;383;16;66;43;28;491;460
3480;72,46;-49,14;0,00;0,00;0,00;-0,05;0,00;0,00;474;135;37;25;23;297;314
3481;37,74;-262,29;0,00;0,00;0,00;-0,26;0,00;0,00;362;80;108;13;17;215;871
3482;48,04;-319,38;0,00;0,00;0,00;-0,32;0,00;0,00;292;192;151;26;25;262;947
3483;57,10;-173,89;0,00;0,00;0,00;-0,17;0,00;0,00;78;143;51;27;16;937;207
3484;7,72;-663,51;0,00;0,00;0,00;-0,66;0,00;0,00;60;124;184;42;31;773;485
3485;11,09;-587,34;0,00;0,00;0,00;-0,59;0,00;0,00;96;110;33;13;22;624;711
3486;67,11;-26,12;0,00;0,00;0,00;-0,03;0,00;0,00;436;157;67;18;16;623;499
3487;32,94;-440,62;0,00;0,00;0,00;-0,44;0,00;0,00;450;23;156;22;25;298;300
3488;49,48;-156,63;0,00;0,00;0,00;-0,16;0,00;0,00;129;99;64;33;35;224;195
3489;57,78;-90,15;0,00;0,00;0,00;-0,09;0,00;0,00;236;115;15;38;18;623;413
3490;44,64;-184,95;0,00;0,00;0,00;-0,18;0,00;0,00;339;30;16;14;27;246;691
3491;32,40;-349,04;0,00;0,00;0,00;-0,35;0,00;0,00;185;104;191;28;32;928;502
3492;23,01;-453,55;0,00;0,00;0,00;-0,45;0,00;0,00;309;142;94;45;30;543;919
3493;52,71;-128,19;0,00;0,00;0,00;-0,13;0,00;0,00;217;110;98;35;25;688;699
3494;14,28;-527,71;0,00;0,00;0,00;-0,53;0,00;0,00;222;147;45;39;27;370;802
3495;33,40;-342,69;0,00;0,00;0,00;-0,34;0,00;0,00;179;26;127;45;20;336;965
3496;100,00;187,83;0,00;0,00;0,00;0,19;0,00;0,00;24;92;79;45;25;279;814
3497;20,20;-468,12;0,00;0,00;0,00;-0,47;0,00;0,00;157;74;177;25;17;869;787
3498;79,41;134,83;0,00;0,00;0,00;0,13;0,00;0,00;71;70;121;48;19;734;599
3499;52,28;-165,39;0,00;0,00;0,00;-0,17;0,00;0,00;490;181;79;40;15;590;647
3500;78,86;70,79;0,00;0,00;0,00;0,07;0,00;0,00;425;32;72;37;31;880;924
3501;96,29;241,37;0,00;0,00;0,00;0,24;0,00;0,00;130;177;178;12;27;988;646
3502;21,69;-518,40;0,00;0,00;0,00;-0,52;0,00;0,00;355;97;158;39;15;179;507
3503;58,17;-186,24;0,00;0,00;0,00;-0,19;0,00;0,00;452;46;76;28;35;552;318
3504;61,63;-61,48;0,00;0,00;0,00;-0,06;0,00;0,00;44;28;30;49;39;422;366
3505;22,92;-441,28;0,00;0,00;0,00;-0,44;0,00;0,00;339;57;119;26;36;266;134
3506;31,68;-369,11;0,00;0,00;0,00;-0,37;0,00;0,00;348;112;33;15;33;713;355
3507;85,89;145,29;0,00;0,00;0,00;0,15;0,00;0,00;259;24;193;21;39;379;299
3508;39,89;-169,86;0,00;0,00;0,00;-0,17;0,00;0,00;216;172;47;23;21;418;848
3509;63,99;-3,75;0,00;0,00;0,00;-0,00;0,00;0,00;294;107;40;40;26;106;522
3510;67,92;-5,55;0,00;0,00;0,00;-0,01;0,00;0,00;180;59;34;17;27;805;684
3511;53,23;-230,18;0,00;0,00;0,00;-0,23;0,00;0,00;332;117;107;27;19;839;284
3512;46,00;-336,73;0,00;0,00;0,00;-0,34;0,00;0,00;351;174;181;26;36;607;107
3513;40,21;-424,93;0,00;0,00;0,00;-0,42;0,00;0,00;432;47;76;35;25;756;946
3514;34,25;-451,01;0,00;0,00;0,00;-0,45;0,00;0,00;108;128;12;39;16;412;448
3515;54,18;-227,56;0,00;0,00;0,00;-0,23;0,00;0,00;438;21;101;16;26;961;863
3516;75,09;57,41;0,00;0,00;0,00;0,06;0,00;0,00;271;59;165;43;32;811;332
3517;44,36;-340,04;0,00;0,00;0,00;-0,34;0,00;0,00;479;71;17;11;36;373;771
3518;50,34;-178,12;0,00;0,00;0,00;-0,18;0,00;0,00;221;142;78;31;29;526;681
3519;44,93;-250,41;0,00;0,00;0,00;-0,25;0,00;0,00;354;17;115;34;27;313;456
3520;54,77;-108,46;0,00;0,00;0,00;-0,11;0,00;0,00;394;135;114;33;22;722;529
3521;3,62;-683,15;0,00;0,00;0,00;-0,68;0,00;0,00;195;34;58;43;15;468;689
3522;77,21;49,95;0,00;0,00;0,00;0,05;0,00;0,00;182;84;111;27;18;403;572
3523;56,38;-3,42;0,00;0,00;0,00;-0,00;0,00;0,00;296;39;129;46;26;963;702
3524;53,80;-117,94;0,00;0,00;0,00;-0,12;0,00;0,00;307;56;196;31;38;465;215
3525;73,22;50,89;0,00;0,00;0,00;0,05;0,00;0,00;32;129;85;26;19;886;161
3526;12,70;-606,51;0,00;0,00;0,00;-0,61;0,00;0,00;96;108;44;28;19;497;424
3527;51,40;-213,66;0,00;0,00;0,00;-0,21;0,00;0,00;474;16;149;11;36;769;463
3528;62,74;-21,02;0,00;0,00;0,00;-0,02;0,00;0,00;172;95;63;35;28;228;735
3529;76,48;51,33;0,00;0,00;0,00;0,05;0,00;0,00;223;50;124;43;17;329;784
3530;47,07;-318,96;0,00;0,00;0,00;-0,32;0,00;0,00;470;81;50;33;20;280;265
3531;46,96;-275,34;0,00;0,00;0,00;-0,28;0,00;0,00;417;120;135;23;20;848;650
3532;97,07;252,30;0,00;0,00;0,00;0,25;0,00;0,00;354;36;198;34;25;358;778
3533;30,84;-309,30;0,00;0,00;0,00;-0,31;0,00;0,00;101;145;101;47;24;817;540
3534;67,23;-40,54;0,00;0,00;0,00;-0,04;0,00;0,00;101;15;35;34;19;331;770
3535;50,96;-217,72;0,00;0,00;0,00;-0,22;0,00;0,00;459;148;73;12;19;463;229
3536;11,92;-556,34;0,00;0,00;0,00;-0,56;0,00;0,00;484;127;89;16;17;789;126
3537;73,61;33,43;0,00;0,00;0,00;0,03;0,00;0,00;106;43;84;42;27;494;755
3538;91,43;201,29;0,00;0,00;0,00;0,20;0,00;0,00;448;84;72;15;19;176;103
3539;95,45;273,39;0,00;0,00;0,00;0,27;0,00;0,00;61;57;152;24;26;182;143
3540;64,47;-30,89;0,00;0,00;0,00;-0,03;0,00;0,00;326;193;145;46;32;447;241
3541;45,03;-158,65;0,00;0,00;0,00;-0,16;0,00;0,00;292;151;61;29;35;933;847
3542;9,24;-534,14;0,00;0,00;0,00;-0,53;0,00;0,00;474;23;76;47;24;359;923
3543;72,77;37,43;0,00;0,00;0,00;0,04;0,00;0,00;202;78;131;42;21;126;801
3544;58,24;-149,93;0,00;0,00;0,00;-0,15;0,00;0,00;464;70;179;43;37;467;392
3545;42,33;-252,44;0,00;0,00;0,00;-0,25;0,00;0,00;217;44;159;32;35;115;854
3546;60,36;-42,51;0,00;0,00;0,00;-0,04;0,00;0,00;249;126;51;40;19;504;277
3547;14,69;-596,88;0,00;0,00;0,00;-0,60;0,00;0,00;494;36;129;45;38;741;567
3548;49,21;-199,84;0,00;0,00;0,00;-0,20;0,00;0,00;488;137;42;49;18;420;278
3549;36,15;-385,50;0,00;0,00;0,00;-0,39;0,00;0,00;174;111;157;19;23;737;302
3550;19,19;-526,15;0,00;0,00;0,00;-0,53;0,00;0,00;146;10;143;23;34;167;741
3551;28,81;-421,07;0,00;0,00;0,00;-0,42;0,00;0,00;205;19;65;35;37;113;101
3552;44,46;-292,53;0,00;0,00;0,00;-0,29;0,00;0,00;376;94;44;34;23;107;995
3553;0,00;-668,39;0,00;0,00;0,00;-0,67;0,00;0,00;93;189;48;32;29;788;539
3554;21,28;-480,00;0,00;0,00;0,00;-0,48;0,00;0,00;484;143;45;22;24;290;717
3555;54,53;-175,68;0,00;0,00;0,00;-0,18;0,00;0,00;251;99;55;11;16;920;336
3556;46,19;-364,05;0,00;0,00;0,00;-0,36;0,00;0,00;298;174;35;47;27;493;725
3557;28,62;-389,51;0,00;0,00;0,00;-0,39;0,00;0,00;195;172;42;31;32;305;450
3558;71,72;-31,41;0,00;0,00;0,00;-0,03;0,00;0,00;169;17;56;40;20;701;672
3559;16,32;-552,70;0,00;0,00;0,00;-0,55;0,00;0,00;346;170;165;49;20;753;629
3560;14,39;-533,00;0,00;0,00;0,00;-0,53;0,00;0,00;250;195;16;45;21;740;736
3561;62,84;-72,12;0,00;0,00;0,00;-0,07;0,00;0,00;375;94;100;49;27;902;400
3562;28,55;-387,48;0,00;0,00;0,00;-0,39;0,00;0,00;20;119;126;25;30;261;469
3563;48,42;-159,16;0,00;0,00;0,00;-0,16;0,00;0,00;292;31;38;15;24;511;982
3564;56,80;-256,89;0,00;0,00;0,00;-0,26;0,00;0,00;13;102;158;12;32;623;491
3565;22,26;-447,80;0,00;0,00;0,00;-0,45;0,00;0,00;208;190;97;20;20;231;273
3566;7,01;-604,74;0,00;0,00;0,00;-0,60;0,00;0,00;264;69;190;39;38;527;208
3567;78,20;122,86;0,00;0,00;0,00;0,12;0,00;0,00;212;49;165;38;17;188;720
3568;16,67;-650,98;0,00;0,00;0,00;-0,65;0,00;0,00;448;19;19;45;35;435;698
3569;37,36;-371,96;0,00;0,00;0,00;-0,37;0,00;0,00;198;128;88;16;28;183;655
3570;47,38;-192,72;0,00;0,00;0,00;-0,19;0,00;0,00;197;125;161;30;24;301;716
3571;73,48;-28,52;0,00;0,00;0,00;-0,03;0,00;0,00;169;72;29;23;21;718;809
3572;43,89;-267,97;0,00;0,00;0,00;-0,27;0,00;0,00;239;31;178;10;29;159;135
3573;15,67;-594,05;0,00;0,00;0,00;-0,59;0,00;0,00;376;145;166;36;23;778;462
3574;48,39;-190,22;0,00;0,00;0,00;-0,19;0,00;0,00;421;23;121;23;15;433;682
3575;40,66;-277,27;0,00;0,00;0,00;-0,28;0,00;0,00;464;126;11;15;22;344;199
3576;22,78;-509,52;0,00;0,00;0,00;-0,51;0,00;0,00;152;185;149;35;25;115;244
3577;91,72;232,64;0,00;0,00;0,00;0,23;0,00;0,00;19;184;14;30;36;362;820
3578;54,03;-160,77;0,00;0,00;0,00;-0,16;0,00;0,00;325;33;164;28;20;292;563
3579;78,06;117,98;0,00;0,00;0,00;0,12;0,00;0,00;131;110;26;10;36;810;482
3580;32,92;-335,73;0,00;0,00;0,00;-0,34;0,00;0,00;45;121;176;36;24;822;736
3581;47,21;-262,07;0,00;0,00;0,00;-0,26;0,00;0,00;303;90;178;10;21;952;229
3582;33,09;-462,93;0,00;0,00;0,00;-0,46;0,00;0,00;13;145;74;32;16;775;413
3583;10,57;-556,00;0,00;0,00;0,00;-0,56;0,00;0,00;443;48;82;23;21;350;234
3584;70,33;-84,55;0,00;0,00;0,00;-0,08;0,00;0,00;368;150;180;37;18;363;165
3585;57,77;-18,65;0,00;0,00;0,00;-0,02;0,00;0,00;108;173;190;13;33;391;748
3586;92,29;163,09;0,00;0,00;0,00;0,16;0,00;0,00;257;94;166;45;22;336;397
3587;90,86;235,44;0,00;0,00;0,00;0,24;0,00;0,00;322;77;14;31;23;131;978
3588;80,48;59,46;0,00;0,00;0,00;0,06;0,00;0,00;388;37;28;48;33;751;599
3589;69,84;91,74;0,00;0,00;0,00;0,09;0,00;0,00;327;109;85;36;21;627;491
3590;97,90;294,31;0,00;0,00;0,00;0,29;0,00;0,00;259;149;171;19;25;779;105
3591;44,96;-336,69;0,00;0,00;0,00;-0,34;0,00;0,00;343;188;45;21;39;620;911
3592;29,26;-429,62;0,00;0,00;0,00;-0,43;0,00;0,00;256;178;86;27;34;700;654
3593;53,37;-68,97;0,00;0,00;0,00;-0,07;0,00;0,00;282;15;145;46;15;832;192
3594;46,18;-284,88;0,00;0,00;0,00;-0,28;0,00;0,00;24;79;136;31;29;448;424
3595;80,52;89,63;0,00;0,00;0,00;0,09;0,00;0,00;360;54;82;38;17;639;421
3596;65,67;-43,26;0,00;0,00;0,00;-0,04;0,00;0,00;263;23;17;45;39;583;484
3597;62,18;-50,37;0,00;0,00;0,00;-0,05;0,00;0,00;407;175;39;38;35;904;461
3598;47,00;-175,01;0,00;0,00;0,00;-0,18;0,00;0,00;366;105;96;30;30;811;888
3599;52,20;-176,96;0,00;0,00;0,00;-0,18;0,00;0,00;59;45;81;12;28;900;589
3600;51,58;-171,12;0,00;0,00;0,00;-0,17;0,00;0,00;445;111;161;40;28;574;605
3601;48,13;-220,51;0,00;0,00;0,00;-0,22;0,00;0,00;26;96;83;23;29;642;359
3602;68,81;-6,50;0,00;0,00;0,00;-0,01;0,00;0,00;79;176;115;29;37;973;669
3603;41,95;-290,64;0,00;0,00;0,00;-0,29;0,00;0,00;356;67;160;49;25;442;290
3604;56,91;-94,10;0,00;0,00;0,00;-0,09;0,00;0,00;389;67;72;19;19;679;398
3605;80,14;67,35;0,00;0,00;0,00;0,07;0,00;0,00;233;150;71;27;26;436;820
3606;37,96;-360,20;0,00;0,00;0,00;-0,36;0,00;0,00;338;65;197;28;18;908;367
3607;53,15;-189,31;0,00;0,00;0,00;-0,19;0,00;0,00;218;96;96;23;15;298;834
3608;0,00;-687,01;0,00;0,00;0,00;-0,69;0,00;0,00;28;28;149;42;23;942;424
3609;46,35;-243,99;0,00;0,00;0,00;-0,24;0,00;0,00;482;118;11;30;26;400;969
3610;64,48;-128,83;0,00;0,00;0,00;-0,13;0,00;0,00;245;73;78;46;28;989;803
3611;55,56;-206,80;0,00;0,00;0,00;-0,21;0,00;0,00;396;181;65;13;17;112;259
3612;43,46;-242,76;0,00;0,00;0,00;-0,24;0,00;0,00;195;73;81;15;38;536;287
3613;55,56;-226,29;0,00;0,00;0,00;-0,23;0,00;0,00;136;154;111;45;21;402;867
3614;58,13;-79,94;0,00;0,00;0,00;-0,08;0,00;0,00;444;191;38;28;18;773;651
3615;78,88;0,73;0,00;0,00;0,00;0,00;0,00;0,00;85;167;23;22;27;318;358
3616;48,93;-302,62;0,00;0,00;0,00;-0,30;0,00;0,00;317;135;187;15;29;381;975
3617;71,89;64,30;0,00;0,00;0,00;0,06;0,00;0,00;497;116;184;22;20;849;814
3618;79,34;89,23;0,00;0,00;0,00;0,09;0,00;0,00;202;172;10;26;36;876;137
3619;13,64;-546,66;0,00;0,00;0,00;-0,55;0,00;0,00;129;114;194;10;27;699;719
3620;73,09;143,38;0,00;0,00;0,00;0,14;0,00;0,00;265;18;198;46;21;998;380
3621;41,65;-291,86;0,00;0,00;0,00;-0,29;0,00;0,00;87;148;32;46;39;450;431
3622;40,66;-309,87;0,00;0,00;0,00;-0,31;0,00;0,00;362;75;143;24;28;270;707
3623;74,12;106,93;0,00;0,00;0,00;0,11;0,00;0,00;167;34;62;47;26;246;245
3624;81,07;147,92;0,00;0,00;0,00;0,15;0,00;0,00;83;113;146;25;32;357;550
3625;13,95;-575,54;0,00;0,00;0,00;-0,58;0,00;0,00;108;64;51;21;22;640;285
3626;53,59;-168,19;0,00;0,00;0,00;-0,17;0,00;0,00;464;33;195;39;17;372;373
3627;53,61;-204,64;0,00;0,00;0,00;-0,20;0,00;0,00;247;84;20;47;32;293;470
3628;100,00;274,27;0,00;0,00;0,00;0,27;0,00;0,00;97;171;57;42;34;423;791
3629;27,96;-465,08;0,00;0,00;0,00;-0,47;0,00;0,00;184;98;94;43;31;207;658
3630;57,13;-106,35;0,00;0,00;0,00;-0,11;0,00;0,00;472;153;176;37;34;269;720
3631;61,28;-43,69;0,00;0,00;0,00;-0,04;0,00;0,00;183;99;145;47;26;392;232
3632;70,41;17,50;0,00;0,00;0,00;0,02;0,00;0,00;402;174;15;29;19;802;694
3633;71,53;32,32;0,00;0,00;0,00;0,03;0,00;0,00;407;149;18;30;16;244;691
3634;5,35;-612,89;0,00;0,00;0,00;-0,61;0,00;0,00;471;107;123;34;38;378;460
3635;47,42;-202,21;0,00;0,00;0,00;-0,20;0,00;0,00;455;167;10;42;25;203;508
3636;12,27;-514,48;0,00;0,00;0,00;-0,51;0,00;0,00;498;90;97;36;35;130;618
3637;66,79;-77,88;0,00;0,00;0,00;-0,08;0,00;0,00;396;24;168;45;15;438;600
3638;74,54;151,32;0,00;0,00;0,00;0,15;0,00;0,00;114;50;83;47;24;933;222
3639;25,78;-536,11;0,00;0,00;0,00;-0,54;0,00;0,00;88;100;190;24;34;370;665
3640;58,15;-164,00;0,00;0,00;0,00;-0,16;0,00;0,00;241;33;81;14;23;765;175
3641;13,16;-576,02;0,00;0,00;0,00;-0,58;0,00;0,00;478;157;52;42;39;957;460
3642;68,39;-8,67;0,00;0,00;0,00;-0,01;0,00;0,00;252;105;75;38;29;829;595
3643;55,93;-129,49;0,00;0,00;0,00;-0,13;0,00;0,00;125;145;15;12;29;526;964
3644;62,16;-17,25;0,00;0,00;0,00;-0,02;0,00;0,00;283;67;196;30;30;509;950
3645;61,37;-136,69;0,00;0,00;0,00;-0,14;0,00;0,00;173;127;144;15;35;288;985
3646;58,64;-193,14;0,00;0,00;0,00;-0,19;0,00;0,00;415;124;124;35;32;187;293
3647;68,90;62,18;0,00;0,00;0,00;0,06;0,00;0,00;211;70;30;44;24;415;217
3648;53,78;-212,39;0,00;0,00;0,00;-0,21;0,00;0,00;408;118;121;22;16;908;810
3649;32,61;-305,60;0,00;0,00;0,00;-0,31;0,00;0,00;458;54;12;49;38;272;280
3650;70,44;66,93;0,00;0,00;0,00;0,07;0,00;0,00;128;12;155;32;22;822;705
3651;39,91;-287,14;0,00;0,00;0,00;-0,29;0,00;0,00;159;188;79;32;37;270;770
3652;65,08;-68,33;0,00;0,00;0,00;-0,07;0,00;0,00;180;190;194;38;39;522;770
3653;48,96;-124,50;0,00;0,00;0,00;-0,12;0,00;0,00;222;17;172;41;37;815;469
3654;42,25;-258,20;0,00;0,00;0,00;-0,26;0,00;0,00;483;61;30;44;33;226;332
3655;61,84;-61,94;0,00;0,00;0,00;-0,06;0,00;0,00;458;23;44;14;31;366;967
3656;47,71;-222,79;0,00;0,00;0,00;-0,22;0,00;0,00;87;184;77;13;17;922;117
3657;57,70;-25,31;0,00;0,00;0,00;-0,03;0,00;0,00;418;169;127;22;21;619;108
3658;13,47;-513,13;0,00;0,00;0,00;-0,51;0,00;0,00;357;127;57;32;30;120;133
3659;69,20;56,05;0,00;0,00;0,00;0,06;0,00;0,00;263;107;190;32;22;600;666
3660;40,59;-394,83;0,00;0,00;0,00;-0,39;0,00;0,00;405;47;44;33;17;690;269
3661;22,33;-483,41;0,00;0,00;0,00;-0,48;0,00;0,00;443;104;111;48;36;741;531
3662;56,81;-212,24;0,00;0,00;0,00;-0,21;0,00;0,00;162;168;181;31;25;232;577
3663;1,48;-697,73;0,00;0,00;0,00;-0,70;0,00;0,00;431;10;136;29;24;977;377
3664;52,55;-258,65;0,00;0,00;0,00;-0,26;0,00;0,00;448;137;25;48;30;732;727
3665;75,27;195,69;0,00;0,00;0,00;0,20;0,00;0,00;89;162;101;21;33;242;678
3666;88,96;192,37;0,00;0,00;0,00;0,19;0,00;0,00;63;96;22;18;20;419;866
3667;82,62;83,00;0,00;0,00;0,00;0,08;0,00;0,00;101;102;16;33;16;341;116
3668;7,92;-541,45;0,00;0,00;0,00;-0,54;0,00;0,00;313;37;163;18;37;972;224
3669;33,54;-394,24;0,00;0,00;0,00;-0,39;0,00;0,00;364;181;184;34;34;901;855
3670;31,24;-364,21;0,00;0,00;0,00;-0,36;0,00;0,00;486;82;182;44;27;162;335
3671;28,19;-488,72;0,00;0,00;0,00;-0,49;0,00;0,00;243;170;20;13;20;335;578
3672;67,15;-5,90;0,00;0,00;0,00;-0,01;0,00;0,00;257;176;29;10;23;279;474
3673;88,84;170,16;0,00;0,00;0,00;0,17;0,00;0,00;184;169;74;13;30;835;760
3674;38,74;-358,85;0,00;0,00;0,00;-0,36;0,00;0,00;220;81;58;25;26;613;742
3675;27,49;-419,32;0,00;0,00;0,00;-0,42;0,00;0,00;103;22;62;17;31;201;598
3676;39,23;-264,88;0,00;0,00;0,00;-0,26;0,00;0,00;202;164;109;45;35;623;622
3677;48,56;-126,68;0,00;0,00;0,00;-0,13;0,00;0,00;352;24;45;18;29;296;576
3678;36,19;-329,09;0,00;0,00;0,00;-0,33;0,00;0,00;172;156;39;42;39;757;139
3679;67,68;8,38;0,00;0,00;0,00;0,01;0,00;0,00;115;15;125;28;26;652;358
3680;16,79;-437,35;0,00;0,00;0,00;-0,44;0,00;0,00;65;62;65;40;16;259;379
3681;80,49;137,09;0,00;0,00;0,00;0,14;0,00;0,00;471;95;128;37;20;393;344
3682;64,09;-43,70;0,00;0,00;0,00;-0,04;0,00;0,00;28;52;143;14;39;812;160
3683;33,73;-391,40;0,00;0,00;0,00;-0,39;0,00;0,00;404;137;50;38;32;949;682
3684;79,17;83,75;0,00;0,00;0,00;0,08;0,00;0,00;122;96;119;48;37;731;114
3685;41,59;-228,64;0,00;0,00;0,00;-0,23;0,00;0,00;200;87;36;47;39;369;233
3686;50,35;-164,73;0,00;0,00;0,00;-0,16;0,00;0,00;35;73;159;30;26;397;668
3687;53,77;-163,33;0,00;0,00;0,00;-0,16;0,00;0,00;145;54;160;35;30;400;846
3688;29,42;-316,86;0,00;0,00;0,00;-0,32;0,00;0,00;136;140;184;33;38;616;525
3689;19,27;-478,13;0,00;0,00;0,00;-0,48;0,00;0,00;498;32;93;33;25;959;828
3690;62,68;7,90;0,00;0,00;0,00;0,01;0,00;0,00;205;196;184;15;33;423;206
3691;52,15;-167,42;0,00;0,00;0,00;-0,17;0,00;0,00;157;101;17;10;20;785;323
3692;70,50;18,45;0,00;0,00;0,00;0,02;0,00;0,00;26;19;178;45;27;620;983
3693;55,16;-209,22;0,00;0,00;0,00;-0,21;0,00;0,00;225;177;153;25;27;507;404
3694;72,21;-49,37;0,00;0,00;0,00;-0,05;0,00;0,00;266;145;38;33;36;489;811
3695;55,47;-123,31;0,00;0,00;0,00;-0,12;0,00;0,00;70;38;61;30;37;629;591
3696;61,62;-73,63;0,00;0,00;0,00;-0,07;0,00;0,00;145;177;142;22;26;793;845
3697;63,40;-32,14;0,00;0,00;0,00;-0,03;0,00;0,00;57;72;16;40;30;396;682
3698;23,81;-458,75;0,00;0,00;0,00;-0,46;0,00;0,00;254;31;71;34;17;186;707
3699;19,27;-542,72;0,00;0,00;0,00;-0,54;0,00;0,00;156;83;58;36;31;890;128
3700;67,50;15,57;0,00;0,00;0,00;0,02;0,00;0,00;117;123;177;30;16;677;746
3701;87,25;159,08;0,00;0,00;0,00;0,16;0,00;0,00;235;155;151;38;29;652;579
3702;73,87;-5,64;0,00;0,00;0,00;-0,01;0,00;0,00;347;101;178;12;26;521;176
3703;26,99;-363,74;0,00;0,00;0,00;-0,36;0,00;0,00;181;31;104;27;32;683;936
3704;40,57;-307,24;0,00;0,00;0,00;-0,31;0,00;0,00;101;20;61;16;37;484;715
3705;76,96;107,87;0,00;0,00;0,00;0,11;0,00;0,00;389;93;114;34;37;448;361
3706;82,14;214,83;0,00;0,00;0,00;0,21;0,00;0,00;307;87;152;46;21;703;774
3707;61,76;-105,49;0,00;0,00;0,00;-0,11;0,00;0,00;271;123;65;31;39;761;969
3708;28,81;-334,96;0,00;0,00;0,00;-0,33;0,00;0,00;45;180;55;44;25;688;786
3709;0,00;-705,57;0,00;0,00;0,00;-0,71;0,00;0,00;188;84;187;14;33;320;140
3710;100,00;272,70;0,00;0,00;0,00;0,27;0,00;0,00;293;31;189;26;30;250;170
3711;61,93;-128,42;0,00;0,00;0,00;-0,13;0,00;0,00;115;182;149;37;27;223;521
3712;13,74;-494,13;0,00;0,00;0,00;-0,49;0,00;0,00;33;70;14;23;26;462;664
3713;75,92;99,66;0,00;0,00;0,00;0,10;0,00;0,00;449;102;169;46;22;813;235
3714;32,11;-310,68;0,00;0,00;0,00;-0,31;0,00;0,00;386;36;29;37;20;845;712
3715;68,42;39,30;0,00;0,00;0,00;0,04;0,00;0,00;477;46;166;28;25;921;911
3716;57,41;-144,06;0,00;0,00;0,00;-0,14;0,00;0,00;182;174;83;26;33;520;727
3717;61,52;-206,88;0,00;0,00;0,00;-0,21;0,00;0,00;153;53;20;41;23;734;966
3718;64,49;-27,89;0,00;0,00;0,00;-0,03;0,00;0,00;47;63;90;44;15;905;324
3719;28,55;-379,16;0,00;0,00;0,00;-0,38;0,00;0,00;398;80;123;27;27;856;753
3720;24,30;-444,52;0,00;0,00;0,00;-0,44;0,00;0,00;461;126;22;45;28;356;136
3721;23,36;-474,95;0,00;0,00;0,00;-0,47;0,00;0,00;160;162;176;12;26;542;440
3722;38,39;-357,82;0,00;0,00;0,00;-0,36;0,00;0,00;308;52;68;33;19;235;451
3723;56,33;-184,22;0,00;0,00;0,00;-0,18;0,00;0,00;300;178;123;45;21;336;333
3724;53,39;-215,06;0,00;0,00;0,00;-0,22;0,00;0,00;176;152;86;27;38;605;398
3725;5,05;-675,10;0,00;0,00;0,00;-0,68;0,00;0,00;46;66;62;29;31;468;634
3726;25,37;-517,60;0,00;0,00;0,00;-0,52;0,00;0,00;396;29;173;26;23;603;745
3727;18,33;-539,39;0,00;0,00;0,00;-0,54;0,00;0,00;377;32;100;34;21;658;750
3728;67,41;12,98;0,00;0,00;0,00;0,01;0,00;0,00;483;111;159;25;16;518;437
3729;69,30;-6,16;0,00;0,00;0,00;-0,01;0,00;0,00;138;192;183;42;34;398;924
3730;64,15;-60,86;0,00;0,00;0,00;-0,06;0,00;0,00;317;115;89;13;36;936;634
3731;15,36;-570,50;0,00;0,00;0,00;-0,57;0,00;0,00;130;108;18;28;29;128;670
3732;50,98;-226,44;0,00;0,00;0,00;-0,23;0,00;0,00;279;54;158;26;34;521;624
3733;50,56;-93,49;0,00;0,00;0,00;-0,09;0,00;0,00;263;85;41;35;26;129;252
3734;19,12;-490,09;0,00;0,00;0,00;-0,49;0,00;0,00;458;83;186;42;16;605;692
3735;59,45;-118,54;0,00;0,00;0,00;-0,12;0,00;0,00;393;151;37;44;16;795;293
3736;44,05;-316,17;0,00;0,00;0,00;-0,32;0,00;0,00;92;59;45;35;31;753;385
3737;62,36;-68,09;0,00;0,00;0,00;-0,07;0,00;0,00;124;59;182;20;23;727;210
3738;24,39;-503,28;0,00;0,00;0,00;-0,50;0,00;0,00;252;32;168;21;39;310;840
3739;55,40;-53,83;0,00;0,00;0,00;-0,05;0,00;0,00;58;115;132;33;20;407;575
3740;50,98;-226,40;0,00;0,00;0,00;-0,23;0,00;0,00;27;155;113;16;35;808;832
3741;24,62;-413,11;0,00;0,00;0,00;-0,41;0,00;0,00;187;160;89;21;37;466;339
3742;40,44;-235,23;0,00;0,00;0,00;-0,24;0,00;0,00;356;10;109;30;30;440;273
3743;20,30;-499,23;0,00;0,00;0,00;-0,50;0,00;0,00;91;47;61;15;36;922;114
3744;38,75;-279,74;0,00;0,00;0,00;-0,28;0,00;0,00;62;18;21;39;35;760;342
3745;38,68;-270,78;0,00;0,00;0,00;-0,27;0,00;0,00;415;122;100;23;30;238;636
3746;65,53;-14,05;0,00;0,00;0,00;-0,01;0,00;0,00;315;89;144;13;32;643;395
3747;30,30;-381,75;0,00;0,00;0,00;-0,38;0,00;0,00;133;19;157;21;17;258;334
3748;29,06;-371,95;0,00;0,00;0,00;-0,37;0,00;0,00;385;177;195;36;21;482;486
3749;66,88;-3,66;0,00;0,00;0,00;-0,00;0,00;0,00;347;64;121;15;30;838;550
3750;84,06;154,46;0,00;0,00;0,00;0,15;0,00;0,00;410;147;161;39;22;266;232
3751;100,00;338,38;0,00;0,00;0,00;0,34;0,00;0,00;308;60;160;19;29;900;602
3752;52,56;-178,85;0,00;0,00;0,00;-0,18;0,00;0,00;149;48;37;31;23;719;165
3753;71,82;-23,59;0,00;0,00;0,00;-0,02;0,00;0,00;36;133;13;42;27;877;801
3754;30,97;-305,55;0,00;0,00;0,00;-0,31;0,00;0,00;447;88;64;13;38;199;423
3755;25,90;-485,49;0,00;0,00;0,00;-0,49;0,00;0,00;62;25;184;35;19;378;857
3756;68,67;-21,02;0,00;0,00;0,00;-0,02;0,00;0,00;121;18;19;44;36;957;641
3757;48,09;-256,22;0,00;0,00;0,00;-0,26;0,00;0,00;318;138;116;26;29;857;585
3758;80,49;102,85;0,00;0,00;0,00;0,10;0,00;0,00;415;26;101;32;34;909;948
3759;91,76;179,67;0,00;0,00;0,00;0,18;0,00;0,00;495;76;131;49;29;708;959
3760;28,99;-363,79;0,00;0,00;0,00;-0,36;0,00;0,00;452;155;151;14;32;877;163
3761;41,00;-346,68;0,00;0,00;0,00;-0,35;0,00;0,00;137;95;30;44;23;528;613
3762;39,90;-259,74;0,00;0,00;0,00;-0,26;0,00;0,00;126;67;177;19;37;308;387
3763;21,60;-457,92;0,00;0,00;0,00;-0,46;0,00;0,00;291;158;102;36;39;342;654
3764;98,72;303,61;0,00;0,00;0,00;0,30;0,00;0,00;416;88;44;12;19;517;899
3765;16,09;-590,93;0,00;0,00;0,00;-0,59;0,00;0,00;180;90;109;29;32;498;720
3766;54,74;-117,53;0,00;0,00;0,00;-0,12;0,00;0,00;296;184;55;27;30;170;703
3767;45,34;-255,59;0,00;0,00;0,00;-0,26;0,00;0,00;471;94;140;14;27;247;780
3768;17,98;-510,55;0,00;0,00;0,00;-0,51;0,00;0,00;215;144;59;36;17;636;117
3769;42,52;-238,33;0,00;0,00;0,00;-0,24;0,00;0,00;163;176;122;25;22;783;870
3770;38,88;-250,89;0,00;0,00;0,00;-0,25;0,00;0,00;128;59;34;21;27;696;920
3771;100,00;354,20;0,00;0,00;0,00;0,35;0,00;0,00;451;51;74;32;32;661;463
3772;56,66;-179,78;0,00;0,00;0,00;-0,18;0,00;0,00;151;91;171;35;18;782;596
3773;91,91;242,54;0,00;0,00;0,00;0,24;0,00;0,00;334;159;53;20;27;233;447
3774;42,60;-208,65;0,00;0,00;0,00;-0,21;0,00;0,00;185;63;143;28;34;194;327
3775;49,82;-219,13;0,00;0,00;0,00;-0,22;0,00;0,00;102;103;165;23;24;560;925
3776;5,86;-641,60;0,00;0,00;0,00;-0,64;0,00;0,00;180;163;160;30;18;475;383
3777;33,45;-345,62;0,00;0,00;0,00;-0,35;0,00;0,00;198;159;51;12;32;711;659
3778;25,18;-400,25;0,00;0,00;0,00;-0,40;0,00;0,00;375;55;151;37;22;541;741
3779;5,19;-618,80;0,00;0,00;0,00;-0,62;0,00;0,00;64;172;140;39;38;260;128
3780;63,99;-101,43;0,00;0,00;0,00;-0,10;0,00;0,00;366;87;84;34;18;675;365
3781;94,15;243,46;0,00;0,00;0,00;0,24;0,00;0,00;267;34;19;30;21;847;257
3782;47,01;-221,43;0,00;0,00;0,00;-0,22;0,00;0,00;88;98;120;36;35;616;992
3783;51,14;-224,85;0,00;0,00;0,00;-0,22;0,00;0,00;371;133;112;21;25;972;682
3784;85,91;87,02;0,00;0,00;0,00;0,09;0,00;0,00;85;115;193;41;26;204;519
3785;51,82;-210,66;0,00;0,00;0,00;-0,21;0,00;0,00;230;123;89;46;25;550;280
3786;38,71;-293,38;0,00;0,00;0,00;-0,29;0,00;0,00;345;108;43;10;24;154;762
3787;66,08;-57,99;0,00;0,00;0,00;-0,06;0,00;0,00;394;110;55;49;15;511;560
3788;2,42;-682,61;0,00;0,00;0,00;-0,68;0,00;0,00;493;147;118;32;31;275;375
3789;33,07;-350,79;0,00;0,00;0,00;-0,35;0,00;0,00;63;160;149;25;39;889;225
3790;47,45;-150,89;0,00;0,00;0,00;-0,15;0,00;0,00;159;64;25;16;28;370;871
3791;52,23;-129,63;0,00;0,00;0,00;-0,13;0,00;0,00;391;162;82;10;25;322;471
3792;47,60;-209,25;0,00;0,00;0,00;-0,21;0,00;0,00;210;45;89;47;16;193;692
3793;66,25;-30,24;0,00;0,00;0,00;-0,03;0,00;0,00;409;190;133;17;17;526;151
3794;72,57;28,22;0,00;0,00;0,00;0,03;0,00;0,00;409;186;92;23;31;932;976
3795;47,10;-215,34;0,00;0,00;0,00;-0,22;0,00;0,00;387;197;159;24;27;538;808
3796;14,82;-614,64;0,00;0,00;0,00;-0,61;0,00;0,00;245;146;100;16;30;784;473
3797;58,90;-77,67;0,00;0,00;0,00;-0,08;0,00;0,00;180;178;190;41;31;614;874
3798;83,08;184,08;0,00;0,00;0,00;0,18;0,00;0,00;234;85;53;37;29;808;301
3799;48,71;-153,93;0,00;0,00;0,00;-0,15;0,00;0,00;223;14;73;14;18;781;789
3800;0,00;-767,55;0,00;0,00;0,00;-0,77;0,00;0,00;328;162;139;12;33;489;362
3801;62,21;-143,86;0,00;0,00;0,00;-0,14;0,00;0,00;132;161;149;49;20;827;440
3802;67,35;57,95;0,00;0,00;0,00;0,06;0,00;0,00;396;10;185;37;37;176;256
3803;10,31;-511,82;0,00;0,00;0,00;-0,51;0,00;0,00;47;150;108;17;21;414;262
3804;42,76;-340,86;0,00;0,00;0,00;-0,34;0,00;0,00;113;96;109;22;23;129;723
3805;62,59;-1,62;0,00;0,00;0,00;-0,00;0,00;0,00;340;176;176;13;18;532;931
3806;46,98;-270,70;0,00;0,00;0,00;-0,27;0,00;0,00;19;143;46;45;24;635;774
3807;46,19;-153,33;0,00;0,00;0,00;-0,15;0,00;0,00;295;103;176;46;31;296;780
3808;31,17;-357,64;0,00;0,00;0,00;-0,36;0,00;0,00;77;146;63;47;27;707;806
3809;70,57;88,45;0,00;0,00;0,00;0,09;0,00;0,00;440;119;73;43;23;215;359
3810;98,32;311,10;0,00;0,00;0,00;0,31;0,00;0,00;16;42;92;17;19;589;994
3811;64,04;-45,78;0,00;0,00;0,00;-0,05;0,00;0,00;419;168;94;23;28;127;928
3812;70,10;21,13;0,00;0,00;0,00;0,02;0,00;0,00;486;38;51;36;22;360;547
3813;46,02;-248,60;0,00;0,00;0,00;-0,25;0,00;0,00;409;50;106;17;34;576;532
3814;37,57;-348,91;0,00;0,00;0,00;-0,35;0,00;0,00;154;159;69;19;16;267;162
3815;72,10;38,47;0,00;0,00;0,00;0,04;0,00;0,00;326;184;82;39;32;392;865
3816;65,74;-5,80;0,00;0,00;0,00;-0,01;0,00;0,00;485;94;11;14;17;645;543
3817;46,04;-260,88;0,00;0,00;0,00;-0,26;0,00;0,00;462;79;158;40;21;585;711
3818;49,46;-177,63;0,00;0,00;0,00;-0,18;0,00;0,00;278;31;144;21;36;209;216
3819;59,09;-83,25;0,00;0,00;0,00;-0,08;0,00;0,00;393;140;38;10;36;156;134
3820;58,33;-200,26;0,00;0,00;0,00;-0,20;0,00;0,00;388;128;197;28;20;135;858
3821;63,32;-107,95;0,00;0,00;0,00;-0,11;0,00;0,00;429;149;92;31;28;589;538
3822;30,13;-322,04;0,00;0,00;0,00;-0,32;0,00;0,00;130;136;121;47;18;178;791
3823;61,69;-130,01;0,00;0,00;0,00;-0,13;0,00;0,00;28;118;139;11;20;986;451
3824;20,60;-441,64;0,00;0,00;0,00;-0,44;0,00;0,00;326;52;50;36;29;684;279
3825;79,06;52,50;0,00;0,00;0,00;0,05;0,00;0,00;46;84;121;42;21;487;337
3826;83,81;95,36;0,00;0,00;0,00;0,10;0,00;0,00;278;10;95;32;32;835;589
3827;52,55;-163,25;0,00;0,00;0,00;-0,16;0,00;0,00;15;127;129;43;26;651;495
3828;90,25;134,35;0,00;0,00;0,00;0,13;0,00;0,00;101;174;158;20;27;172;346
3829;100,00;256,07;0,00;0,00;0,00;0,26;0,00;0,00;329;70;195;19;35;701;530
3830;93,73;231,84;0,00;0,00;0,00;0,23;0,00;0,00;348;125;98;33;26;173;857
3831;14,29;-578,41;0,00;0,00;0,00;-0,58;0,00;0,00;29;116;82;41;19;436;840
3832;98,22;183,14;0,00;0,00;0,00;0,18;0,00;0,00;120;106;179;32;33;476;260
3833;44,52;-380,71;0,00;0,00;0,00;-0,38;0,00;0,00;101;108;29;12;30;587;979
3834;80,44;118,33;0,00;0,00;0,00;0,12;0,00;0,00;127;194;181;28;27;380;600
3835;40,71;-284,92;0,00;0,00;0,00;-0,28;0,00;0,00;265;132;163;36;22;553;506
3836;0,00;-644,22;0,00;0,00;0,00;-0,64;0,00;0,00;226;173;44;21;21;240;147
3837;47,86;-273,96;0,00;0,00;0,00;-0,27;0,00;0,00;113;189;138;28;30;167;501
3838;1,68;-720,59;0,00;0,00;0,00;-0,72;0,00;0,00;200;84;111;42;32;596;248
3839;100,00;288,86;0,00;0,00;0,00;0,29;0,00;0,00;201;195;103;27;18;719;366
3840;56,67;-88,86;0,00;0,00;0,00;-0,09;0,00;0,00;141;70;102;20;28;133;209
3841;31,03;-371,73;0,00;0,00;0,00;-0,37;0,00;0,00;138;151;65;27;25;866;527
3842;44,90;-328,87;0,00;0,00;0,00;-0,33;0,00;0,00;323;88;104;42;26;296;888
3843;46,50;-150,75;0,00;0,00;0,00;-0,15;0,00;0,00;327;73;42;34;24;312;564
3844;43,78;-153,75;0,00;0,00;0,00;-0,15;0,00;0,00;306;84;15;18;28;545;565
3845;16,92;-548,11;0,00;0,00;0,00;-0,55;0,00;0,00;169;186;128;29;28;728;194
3846;56,26;-113,38;0,00;0,00;0,00;-0,11;0,00;0,00;434;69;135;19;38;968;621
3847;39,94;-319,68;0,00;0,00;0,00;-0,32;0,00;0,00;470;118;198;49;19;709;937
3848;80,74;75,81;0,00;0,00;0,00;0,08;0,00;0,00;446;98;158;31;34;953;302
3849;29,69;-377,94;0,00;0,00;0,00;-0,38;0,00;0,00;470;187;129;39;23;626;350
3850;25,18;-383,08;0,00;0,00;0,00;-0,38;0,00;0,00;320;184;61;44;36;643;316
3851;49,81;-228,41;0,00;0,00;0,00;-0,23;0,00;0,00;270;195;149;49;38;107;202
3852;0,01;-661,72;0,00;0,00;0,00;-0,66;0,00;0,00;324;162;147;29;19;891;742
3853;21,03;-512,04;0,00;0,00;0,00;-0,51;0,00;0,00;204;174;42;11;21;285;578
3854;39,26;-258,40;0,00;0,00;0,00;-0,26;0,00;0,00;34;92;118;14;36;720;483
3855;44,34;-179,57;0,00;0,00;0,00;-0,18;0,00;0,00;194;85;61;43;20;900;157
3856;38,89;-230,17;0,00;0,00;0,00;-0,23;0,00;0,00;337;172;113;37;15;227;563
3857;73,93;30,12;0,00;0,00;0,00;0,03;0,00;0,00;242;189;85;43;25;687;244
3858;73,65;143,05;0,00;0,00;0,00;0,14;0,00;0,00;263;186;187;32;21;991;429
3859;80,16;50,37;0,00;0,00;0,00;0,05;0,00;0,00;378;112;97;47;20;893;169
3860;8,71;-578,01;0,00;0,00;0,00;-0,58;0,00;0,00;54;32;96;14;35;918;474
3861;68,28;-103,76;0,00;0,00;0,00;-0,10;0,00;0,00;130;15;123;38;28;724;791
3862;59,63;-118,29;0,00;0,00;0,00;-0,12;0,00;0,00;398;71;62;44;22;161;611
3863;50,84;-233,09;0,00;0,00;0,00;-0,23;0,00;0,00;406;115;132;49;27;405;473
3864;49,09;-257,33;0,00;0,00;0,00;-0,26;0,00;0,00;102;28;162;36;35;427;104
3865;14,60;-584,22;0,00;0,00;0,00;-0,58;0,00;0,00;422;185;167;11;26;399;610
3866;67,10;-94,30;0,00;0,00;0,00;-0,09;0,00;0,00;372;22;145;28;25;318;406
3867;58,29;-93,68;0,00;0,00;0,00;-0,09;0,00;0,00;92;172;165;29;18;563;341
3868;46,26;-278,67;0,00;0,00;0,00;-0,28;0,00;0,00;157;79;165;44;21;244;874
3869;5,21;-652,49;0,00;0,00;0,00;-0,65;0,00;0,00;242;20;147;25;32;895;750
3870;39,96;-368,76;0,00;0,00;0,00;-0,37;0,00;0,00;202;167;17;42;36;239;802
3871;3,22;-667,43;0,00;0,00;0,00;-0,67;0,00;0,00;119;147;83;35;27;893;313
3872;68,09;9,50;0,00;0,00;0,00;0,01;0,00;0,00;493;22;77;37;20;573;958
3873;18,58;-539,67;0,00;0,00;0,00;-0,54;0,00;0,00;194;25;49;21;24;957;751
3874;32,83;-371,13;0,00;0,00;0,00;-0,37;0,00;0,00;131;47;189;31;22;143;590
3875;36,61;-343,09;0,00;0,00;0,00;-0,34;0,00;0,00;107;116;161;10;23;384;121
3876;36,66;-403,51;0,00;0,00;0,00;-0,40;0,00;0,00;207;118;165;21;33;366;665
3877;46,47;-194,16;0,00;0,00;0,00;-0,19;0,00;0,00;353;115;22;19;33;861;492
3878;39,53;-296,12;0,00;0,00;0,00;-0,30;0,00;0,00;172;107;98;29;15;952;799
3879;71,97;71,67;0,00;0,00;0,00;0,07;0,00;0,00;443;185;129;26;27;797;497
3880;16,82;-531,96;0,00;0,00;0,00;-0,53;0,00;0,00;297;19;190;41;31;683;532
3881;81,03;115,94;0,00;0,00;0,00;0,12;0,00;0,00;403;91;194;10;37;891;699
3882;45,97;-255,14;0,00;0,00;0,00;-0,26;0,00;0,00;131;65;46;16;27;375;496
3883;59,86;-83,71;0,00;0,00;0,00;-0,08;0,00;0,00;212;71;13;17;35;365;871
3884;56,42;-69,72;0,00;0,00;0,00;-0,07;0,00;0,00;94;180;50;17;21;788;932
3885;50,13;-307,17;0,00;0,00;0,00;-0,31;0,00;0,00;479;164;199;19;37;204;990
3886;34,21;-340,98;0,00;0,00;0,00;-0,34;0,00;0,00;11;181;91;39;37;307;730
3887;84,88;125,58;0,00;0,00;0,00;0,13;0,00;0,00;23;184;153;16;25;988;462
3888;41,37;-320,87;0,00;0,00;0,00;-0,32;0,00;0,00;317;120;157;35;21;407;510
3889;16,84;-537,94;0,00;0,00;0,00;-0,54;0,00;0,00;36;126;104;47;30;291;616
3890;48,52;-139,01;0,00;0,00;0,00;-0,14;0,00;0,00;167;20;44;25;18;919;446
3891;11,10;-556,16;0,00;0,00;0,00;-0,56;0,00;0,00;367;137;71;47;21;722;705
3892;23,22;-443,77;0,00;0,00;0,00;-0,44;0,00;0,00;228;43;190;35;17;842;683
3893;27,53;-441,81;0,00;0,00;0,00;-0,44;0,00;0,00;59;130;36;21;25;180;123
3894;100,00;328,87;0,00;0,00;0,00;0,33;0,00;0,00;408;192;197;30;35;640;998
3895;61,42;-126,75;0,00;0,00;0,00;-0,13;0,00;0,00;278;45;49;25;21;465;612
3896;40,49;-326,90;0,00;0,00;0,00;-0,33;0,00;0,00;348;20;111;13;18;169;422
3897;57,56;-114,54;0,00;0,00;0,00;-0,11;0,00;0,00;52;146;159;13;24;652;450
3898;40,73;-344,69;0,00;0,00;0,00;-0,34;0,00;0,00;242;181;11;41;24;488;173
3899;100,00;364,36;0,00;0,00;0,00;0,36;0,00;0,00;466;52;127;36;24;211;201
3900;71,90;39,38;0,00;0,00;0,00;0,04;0,00;0,00;71;64;40;35;19;298;764
3901;0,00;-672,28;0,00;0,00;0,00;-0,67;0,00;0,00;265;128;97;16;29;356;430
3902;14,71;-566,39;0,00;0,00;0,00;-0,57;0,00;0,00;209;198;174;30;33;181;802
3903;15,06;-660,47;0,00;0,00;0,00;-0,66;0,00;0,00;284;152;103;11;18;662;644
3904;83,94;45,13;0,00;0,00;0,00;0,05;0,00;0,00;317;37;63;23;23;919;580
3905;100,00;278,30;0,00;0,00;0,00;0,28;0,00;0,00;499;96;99;43;28;222;611
3906;66,38;-28,36;0,00;0,00;0,00;-0,03;0,00;0,00;117;90;191;46;28;145;378
3907;53,10;-146,56;0,00;0,00;0,00;-0,15;0,00;0,00;166;131;109;16;29;939;472
3908;69,20;29,74;0,00;0,00;0,00;0,03;0,00;0,00;380;62;27;34;21;218;670
3909;67,25;-130,82;0,00;0,00;0,00;-0,13;0,00;0,00;213;79;158;45;23;524;643
3910;68,87;-25,98;0,00;0,00;0,00;-0,03;0,00;0,00;157;137;16;36;31;679;642
3911;72,17;-2,10;0,00;0,00;0,00;-0,00;0,00;0,00;144;82;167;46;29;742;502
3912;18,57;-591,58;0,00;0,00;0,00;-0,59;0,00;0,00;118;146;87;46;33;721;411
3913;74,22;82,94;0,00;0,00;0,00;0,08;0,00;0,00;189;106;78;36;23;637;723
3914;82,21;96,91;0,00;0,00;0,00;0,10;0,00;0,00;77;150;64;40;34;915;723
3915;48,99;-300,48;0,00;0,00;0,00;-0,30;0,00;0,00;395;144;110;49;15;210;683
3916;57,52;-106,77;0,00;0,00;0,00;-0,11;0,00;0,00;403;140;36;34;21;186;903
3917;54,32;-138,70;0,00;0,00;0,00;-0,14;0,00;0,00;148;32;74;20;39;705;889
3918;59,91;-70,56;0,00;0,00;0,00;-0,07;0,00;0,00;303;140;181;38;25;665;428
3919;84,54;57,13;0,00;0,00;0,00;0,06;0,00;0,00;205;149;24;45;33;526;716
3920;18,37;-516,96;0,00;0,00;0,00;-0,52;0,00;0,00;486;30;65;17;19;547;271
3921;32,10;-359,98;0,00;0,00;0,00;-0,36;0,00;0,00;177;180;195;42;15;499;575
3922;44,28;-241,91;0,00;0,00;0,00;-0,24;0,00;0,00;458;69;150;12;39;309;213
3923;74,12;71,98;0,00;0,00;0,00;0,07;0,00;0,00;487;66;70;10;36;280;216
3924;36,71;-322,57;0,00;0,00;0,00;-0,32;0,00;0,00;213;160;57;26;21;898;645
3925;72,81;47,60;0,00;0,00;0,00;0,05;0,00;0,00;142;41;70;29;38;622;937
3926;73,88;8,25;0,00;0,00;0,00;0,01;0,00;0,00;245;93;85;25;34;409;617
3927;38,85;-340,46;0,00;0,00;0,00;-0,34;0,00;0,00;445;199;119;36;36;240;323
3928;69,03;9,83;0,00;0,00;0,00;0,01;0,00;0,00;387;189;66;36;16;415;615
3929;78,44;102,15;0,00;0,00;0,00;0,10;0,00;0,00;128;11;171;15;37;205;842
3930;33,92;-430,17;0,00;0,00;0,00;-0,43;0,00;0,00;340;56;42;36;16;753;653
3931;82,67;91,97;0,00;0,00;0,00;0,09;0,00;0,00;439;165;196;33;20;909;468
3932;41,97;-222,85;0,00;0,00;0,00;-0,22;0,00;0,00;292;17;39;13;28;383;808
3933;32,89;-351,98;0,00;0,00;0,00;-0,35;0,00;0,00;200;22;192;44;38;370;624
3934;87,73;131,14;0,00;0,00;0,00;0,13;0,00;0,00;293;94;169;34;23;987;655
3935;78,82;157,73;0,00;0,00;0,00;0,16;0,00;0,00;44;147;149;20;21;232;918
3936;57,26;0,03;0,00;0,00;0,00;0,00;0,00;0,00;442;139;171;34;34;676;927
3937;100,00;360,55;0,00;0,00;0,00;0,36;0,00;0,00;38;105;68;24;31;348;537
3938;72,54;-38,51;0,00;0,00;0,00;-0,04;0,00;0,00;399;189;121;29;19;184;913
3939;23,30;-356,23;0,00;0,00;0,00;-0,36;0,00;0,00;237;162;19;22;37;889;741
3940;15,98;-497,36;0,00;0,00;0,00;-0,50;0,00;0,00;366;183;151;29;37;199;763
3941;1,06;-728,91;0,00;0,00;0,00;-0,73;0,00;0,00;367;164;79;13;22;518;753
3942;2,47;-716,77;0,00;0,00;0,00;-0,72;0,00;0,00;216;155;181;20;39;938;893
3943;57,08;-13,80;0,00;0,00;0,00;-0,01;0,00;0,00;41;73;65;22;19;614;621
3944;41,56;-235,61;0,00;0,00;0,00;-0,24;0,00;0,00;454;111;115;19;23;584;864
3945;31,19;-418,95;0,00;0,00;0,00;-0,42;0,00;0,00;296;103;167;27;26;185;984
3946;49,97;-166,89;0,00;0,00;0,00;-0,17;0,00;0,00;12;99;56;24;35;731;132
3947;72,50;-137,56;0,00;0,00;0,00;-0,14;0,00;0,00;164;109;108;15;19;737;900
3948;40,46;-313,30;0,00;0,00;0,00;-0,31;0,00;0,00;194;48;155;36;25;268;613
3949;82,67;178,52;0,00;0,00;0,00;0,18;0,00;0,00;106;120;196;22;22;750;967
3950;36,81;-291,85;0,00;0,00;0,00;-0,29;0,00;0,00;165;126;48;23;15;432;767
3951;97,75;234,24;0,00;0,00;0,00;0,23;0,00;0,00;189;83;139;26;39;737;781
3952;74,53;-31,89;0,00;0,00;0,00;-0,03;0,00;0,00;126;198;89;11;24;929;593
3953;50,34;-155,44;0,00;0,00;0,00;-0,16;0,00;0,00;208;22;61;25;37;457;621
3954;54,62;-212,73;0,00;0,00;0,00;-0,21;0,00;0,00;446;82;190;42;23;745;545
3955;100,00;278,97;0,00;0,00;0,00;0,28;0,00;0,00;426;168;144;45;34;857;588
3956;37,33;-253,51;0,00;0,00;0,00;-0,25;0,00;0,00;432;119;97;32;36;573;676
3957;24,30;-448,30;0,00;0,00;0,00;-0,45;0,00;0,00;20;196;132;21;39;822;385
3958;65,95;-26,82;0,00;0,00;0,00;-0,03;0,00;0,00;303;28;101;15;24;276;970
3959;37,12;-281,49;0,00;0,00;0,00;-0,28;0,00;0,00;28;182;165;30;17;518;610
3960;61,50;-131,64;0,00;0,00;0,00;-0,13;0,00;0,00;194;178;106;33;39;625;207
3961;54,18;-105,07;0,00;0,00;0,00;-0,11;0,00;0,00;41;189;146;17;39;695;300
3962;37,31;-229,10;0,00;0,00;0,00;-0,23;0,00;0,00;367;139;163;14;32;394;515
3963;52,78;-176,37;0,00;0,00;0,00;-0,18;0,00;0,00;279;84;123;45;39;749;925
3964;62,81;-89,52;0,00;0,00;0,00;-0,09;0,00;0,00;218;77;61;25;33;272;659
3965;45,60;-221,27;0,00;0,00;0,00;-0,22;0,00;0,00;165;198;120;12;26;800;805
3966;75,04;71,10;0,00;0,00;0,00;0,07;0,00;0,00;405;55;68;27;35;391;607
3967;45,37;-285,57;0,00;0,00;0,00;-0,29;0,00;0,00;312;125;154;19;31;451;211
3968;75,35;17,74;0,00;0,00;0,00;0,02;0,00;0,00;228;30;187;20;17;816;200
3969;61,10;-124,63;0,00;0,00;0,00;-0,12;0,00;0,00;68;24;87;11;35;342;526
3970;22,04;-475,62;0,00;0,00;0,00;-0,48;0,00;0,00;137;147;130;44;36;962;852
3971;52,08;-166,20;0,00;0,00;0,00;-0,17;0,00;0,00;432;178;156;48;28;663;759
3972;69,82;61,24;0,00;0,00;0,00;0,06;0,00;0,00;441;166;157;12;38;894;350
3973;71,25;53,15;0,00;0,00;0,00;0,05;0,00;0,00;352;88;104;12;15;147;987
3974;5,58;-607,27;0,00;0,00;0,00;-0,61;0,00;0,00;231;100;153;31;20;652;833
3975;50,73;-212,47;0,00;0,00;0,00;-0,21;0,00;0,00;372;46;190;45;39;743;480
3976;87,51;179,22;0,00;0,00;0,00;0,18;0,00;0,00;210;94;187;11;36;280;847
3977;68,51;18,58;0,00;0,00;0,00;0,02;0,00;0,00;353;65;84;34;27;528;124
3978;29,29;-335,85;0,00;0,00;0,00;-0,34;0,00;0,00;141;23;171;41;34;427;791
3979;3,89;-647,97;0,00;0,00;0,00;-0,65;0,00;0,00;103;41;54;32;32;114;223
3980;60,77;-17,76;0,00;0,00;0,00;-0,02;0,00;0,00;267;65;119;34;30;158;471
3981;66,82;-102,31;0,00;0,00;0,00;-0,10;0,00;0,00;121;131;34;45;31;402;174
3982;68,74;62,44;0,00;0,00;0,00;0,06;0,00;0,00;154;196;133;23;28;459;622
3983;45,76;-186,10;0,00;0,00;0,00;-0,19;0,00;0,00;86;167;150;26;28;496;460
3984;64,50;-85,61;0,00;0,00;0,00;-0,09;0,00;0,00;210;56;11;26;20;123;587
3985;49,64;-226,20;0,00;0,00;0,00;-0,23;0,00;0,00;256;103;139;45;16;852;422
3986;14,65;-578,03;0,00;0,00;0,00;-0,58;0,00;0,00;473;167;140;33;27;425;395
3987;19,95;-406,09;0,00;0,00;0,00;-0,41;0,00;0,00;487;52;17;41;31;826;537
3988;44,85;-190,21;0,00;0,00;0,00;-0,19;0,00;0,00;20;31;10;49;28;283;259
3989;52,36;-82,90;0,00;0,00;0,00;-0,08;0,00;0,00;458;86;149;17;29;290;212
3990;77,75;25,97;0,00;0,00;0,00;0,03;0,00;0,00;441;14;11;26;33;575;493
3991;21,79;-410,35;0,00;0,00;0,00;-0,41;0,00;0,00;282;124;26;35;30;145;569
3992;22,23;-512,94;0,00;0,00;0,00;-0,51;0,00;0,00;394;171;149;17;38;879;769
3993;46,99;-244,86;0,00;0,00;0,00;-0,24;0,00;0,00;406;58;34;48;38;197;916
3994;51,11;-139,45;0,00;0,00;0,00;-0,14;0,00;0,00;213;115;70;25;35;294;801
3995;67,70;-55,25;0,00;0,00;0,00;-0,06;0,00;0,00;142;128;47;21;35;669;854
3996;29,00;-437,17;0,00;0,00;0,00;-0,44;0,00;0,00;161;109;59;22;35;403;273
3997;65,63;-3,88;0,00;0,00;0,00;-0,00;0,00;0,00;101;173;28;35;23;465;954
3998;25,38;-412,06;0,00;0,00;0,00;-0,41;0,00;0,00;204;79;124;47;39;586;278
3999;61,96;-66,87;0,00;0,00;0,00;-0,07;0,00;0,00;168;92;141;28;27;635;271
4000;0,00;-647,19;0,00;0,00;0,00;-0,65;0,00;0,00;206;69;190;17;28;298;929
4001;25,55;-509,13;0,00;0,00;0,00;-0,51;0,00;0,00;113;124;23;39;36;571;906
4002;58,08;-65,97;0,00;0,00;0,00;-0,07;0,00;0,00;245;127;56;34;19;750;230
4003;55,45;-182,05;0,00;0,00;0,00;-0,18;0,00;0,00;403;26;96;42;32;822;188
4004;7,95;-671,80;0,00;0,00;0,00;-0,67;0,00;0,00;395;177;47;48;35;480;954
4005;66,69;-24,07;0,00;0,00;0,00;-0,02;0,00;0,00;369;62;82;11;17;746;754
4006;39,78;-264,57;0,00;0,00;0,00;-0,26;0,00;0,00;340;164;11;36;25;434;189
4007;49,99;-187,25;0,00;0,00;0,00;-0,19;0,00;0,00;310;164;73;11;38;994;384
4008;67,82;31,19;0,00;0,00;0,00;0,03;0,00;0,00;254;152;96;13;28;296;638
4009;77,80;138,91;0,00;0,00;0,00;0,14;0,00;0,00;392;51;62;15;28;234;577
4010;25,84;-438,84;0,00;0,00;0,00;-0,44;0,00;0,00;487;199;81;31;39;297;970
4011;78,09;88,67;0,00;0,00;0,00;0,09;0,00;0,00;99;198;63;32;16;771;675
4012;100,00;305,63;0,00;0,00;0,00;0,31;0,00;0,00;378;56;69;42;33;529;342
4013;86,43;209,49;0,00;0,00;0,00;0,21;0,00;0,00;290;155;109;43;20;357;826
4014;24,87;-437,73;0,00;0,00;0,00;-0,44;0,00;0,00;460;72;174;34;36;954;488
4015;45,43;-307,45;0,00;0,00;0,00;-0,31;0,00;0,00;320;117;48;32;34;382;231
4016;62,55;-117,94;0,00;0,00;0,00;-0,12;0,00;0,00;67;111;115;22;26;345;883
4017;45,88;-300,80;0,00;0,00;0,00;-0,30;0,00;0,00;320;66;71;33;37;833;828
4018;0,00;-751,48;0,00;0,00;0,00;-0,75;0,00;0,00;161;151;122;17;26;317;193
4019;41,16;-248,52;0,00;0,00;0,00;-0,25;0,00;0,00;210;52;161;21;19;833;466
4020;55,57;-61,13;0,00;0,00;0,00;-0,06;0,00;0,00;192;44;100;20;26;652;866
4021;37,96;-315,06;0,00;0,00;0,00;-0,32;0,00;0,00;134;170;35;38;16;330;539
4022;62,58;-127,75;0,00;0,00;0,00;-0,13;0,00;0,00;168;129;34;47;39;460;723
4023;31,76;-386,61;0,00;0,00;0,00;-0,39;0,00;0,00;248;110;94;48;38;157;378
4024;44,80;-305,15;0,00;0,00;0,00;-0,31;0,00;0,00;453;160;119;36;15;329;538
4025;45,17;-273,65;0,00;0,00;0,00;-0,27;0,00;0,00;334;109;21;37;16;278;150
4026;52,37;-186,14;0,00;0,00;0,00;-0,19;0,00;0,00;396;13;90;29;36;173;436
4027;46,30;-261,27;0,00;0,00;0,00;-0,26;0,00;0,00;188;100;183;30;15;995;133
4028;17,61;-553,38;0,00;0,00;0,00;-0,55;0,00;0,00;494;57;87;30;25;414;248
4029;54,24;-222,49;0,00;0,00;0,00;-0,22;0,00;0,00;321;153;190;26;21;419;359
4030;35,92;-294,69;0,00;0,00;0,00;-0,29;0,00;0,00;116;46;182;39;17;878;613
4031;40,42;-300,35;0,00;0,00;0,00;-0,30;0,00;0,00;68;62;137;48;32;722;360
4032;3,02;-595,98;0,00;0,00;0,00;-0,60;0,00;0,00;298;34;138;26;16;666;321
4033;80,48;155,02;0,00;0,00;0,00;0,16;0,00;0,00;191;158;123;32;33;332;236
4034;60,44;-44,88;0,00;0,00;0,00;-0,04;0,00;0,00;67;143;84;28;28;444;104
4035;85,10;208,72;0,00;0,00;0,00;0,21;0,00;0,00;409;86;197;27;18;111;749
4036;63,29;-19,63;0,00;0,00;0,00;-0,02;0,00;0,00;62;77;34;34;34;880;807
4037;17,74;-490,21;0,00;0,00;0,00;-0,49;0,00;0,00;350;49;184;35;31;908;120
4038;62,82;-66,65;0,00;0,00;0,00;-0,07;0,00;0,00;345;58;117;44;28;361;119
4039;63,85;-45,26;0,00;0,00;0,00;-0,05;0,00;0,00;444;121;44;14;38;206;748
4040;27,97;-386,10;0,00;0,00;0,00;-0,39;0,00;0,00;305;171;125;31;24;779;793
4041;56,56;-174,87;0,00;0,00;0,00;-0,17;0,00;0,00;25;21;121;14;19;493;285
4042;36,87;-326,56;0,00;0,00;0,00;-0,33;0,00;0,00;84;164;122;18;37;569;359
4043;40,99;-309,99;0,00;0,00;0,00;-0,31;0,00;0,00;201;125;150;20;21;443;960
4044;58,51;-87,92;0,00;0,00;0,00;-0,09;0,00;0,00;317;76;139;21;33;311;226
4045;44,49;-304,39;0,00;0,00;0,00;-0,30;0,00;0,00;44;81;167;15;37;544;730
4046;100,00;285,81;0,00;0,00;0,00;0,29;0,00;0,00;285;191;112;31;28;216;495
4047;86,51;273,37;0,00;0,00;0,00;0,27;0,00;0,00;201;142;139;16;23;861;219
4048;45,08;-160,85;0,00;0,00;0,00;-0,16;0,00;0,00;488;78;75;43;38;801;512
4049;43,06;-320,87;0,00;0,00;0,00;-0,32;0,00;0,00;281;143;79;23;34;480;650
4050;33,33;-379,84;0,00;0,00;0,00;-0,38;0,00;0,00;281;60;77;25;29;616;286
4051;78,85;151,54;0,00;0,00;0,00;0,15;0,00;0,00;103;63;150;43;33;710;653
4052;70,56;-53,11;0,00;0,00;0,00;-0,05;0,00;0,00;301;60;121;41;39;647;247
4053;45,22;-260,25;0,00;0,00;0,00;-0,26;0,00;0,00;187;176;142;40;32;140;949
4054;42,37;-235,64;0,00;0,00;0,00;-0,24;0,00;0,00;147;107;21;48;16;487;772
4055;100,00;255,08;0,00;0,00;0,00;0,26;0,00;0,00;285;84;89;13;24;684;785
4056;52,96;-137,01;0,00;0,00;0,00;-0,14;0,00;0,00;294;49;97;20;39;615;496
4057;100,00;416,42;0,00;0,00;0,00;0,42;0,00;0,00;66;33;19;38;30;110;467
4058;61,95;-125,74;0,00;0,00;0,00;-0,13;0,00;0,00;359;21;137;45;22;360;989
4059;59,60;-202,42;0,00;0,00;0,00;-0,20;0,00;0,00;21;76;130;20;35;977;214
4060;28,65;-424,56;0,00;0,00;0,00;-0,42;0,00;0,00;52;152;65;37;20;771;263
4061;99,00;389,87;0,00;0,00;0,00;0,39;0,00;0,00;149;187;158;42;28;596;365
4062;54,87;-131,02;0,00;0,00;0,00;-0,13;0,00;0,00;385;129;116;24;23;466;782
4063;6,48;-571,89;0,00;0,00;0,00;-0,57;0,00;0,00;136;23;113;25;21;717;117
4064;13,85;-478,40;0,00;0,00;0,00;-0,48;0,00;0,00;423;93;173;49;35;333;301
4065;48,32;-222,35;0,00;0,00;0,00;-0,22;0,00;0,00;83;190;174;31;27;373;830
4066;41,14;-242,75;0,00;0,00;0,00;-0,24;0,00;0,00;220;66;127;26;30;791;530
4067;60,53;-112,94;0,00;0,00;0,00;-0,11;0,00;0,00;424;188;134;46;37;295;897
4068;1,69;-660,81;0,00;0,00;0,00;-0,66;0,00;0,00;400;71;44;26;16;652;108
4069;15,32;-456,61;0,00;0,00;0,00;-0,46;0,00;0,00;190;175;122;20;38;927;830
4070;35,71;-363,41;0,00;0,00;0,00;-0,36;0,00;0,00;341;87;29;17;34;451;798
4071;51,57;-193,69;0,00;0,00;0,00;-0,19;0,00;0,00;381;92;149;18;32;576;655
4072;58,61;-39,34;0,00;0,00;0,00;-0,04;0,00;0,00;352;58;177;21;27;586;218
4073;62,77;-30,21;0,00;0,00;0,00;-0,03;0,00;0,00;319;168;129;27;38;600;555
4074;47,24;-142,73;0,00;0,00;0,00;-0,14;0,00;0,00;111;53;140;34;30;134;248
4075;63,64;-89,73;0,00;0,00;0,00;-0,09;0,00;0,00;38;146;142;35;24;783;877
4076;22,00;-472,06;0,00;0,00;0,00;-0,47;0,00;0,00;213;109;96;38;35;593;686
4077;35,03;-324,28;0,00;0,00;0,00;-0,32;0,00;0,00;107;90;53;44;33;727;893
4078;100,00;353,82;0,00;0,00;0,00;0,35;0,00;0,00;150;193;130;20;38;814;514
4079;89,82;122,61;0,00;0,00;0,00;0,12;0,00;0,00;262;161;112;31;25;503;576
4080;65,26;-95,16;0,00;0,00;0,00;-0,10;0,00;0,00;136;12;51;26;37;953;788
4081;71,78;51,29;0,00;0,00;0,00;0,05;0,00;0,00;477;11;69;28;17;266;728
4082;82,26;60,35;0,00;0,00;0,00;0,06;0,00;0,00;192;163;77;33;32;610;600
4083;65,35;-124,41;0,00;0,00;0,00;-0,12;0,00;0,00;95;114;69;45;31;412;759
4084;60,32;-89,67;0,00;0,00;0,00;-0,09;0,00;0,00;91;163;135;39;37;863;148
4085;22,43;-425,68;0,00;0,00;0,00;-0,43;0,00;0,00;297;184;20;10;39;901;925
4086;27,81;-410,85;0,00;0,00;0,00;-0,41;0,00;0,00;257;67;182;20;16;559;310
4087;60,31;-121,79;0,00;0,00;0,00;-0,12;0,00;0,00;119;168;199;33;30;812;110
4088;0,69;-634,82;0,00;0,00;0,00;-0,63;0,00;0,00;361;164;191;19;31;211;683
4089;79,36;111,70;0,00;0,00;0,00;0,11;0,00;0,00;303;69;93;45;19;502;505
4090;63,44;16,52;0,00;0,00;0,00;0,02;0,00;0,00;473;154;187;37;22;152;561
4091;56,14;-102,56;0,00;0,00;0,00;-0,10;0,00;0,00;185;171;113;40;32;880;279
4092;44,15;-227,13;0,00;0,00;0,00;-0,23;0,00;0,00;447;198;128;45;34;289;457
4093;33,20;-272,51;0,00;0,00;0,00;-0,27;0,00;0,00;71;157;56;12;28;950;393
4094;47,17;-318,26;0,00;0,00;0,00;-0,32;0,00;0,00;322;163;187;10;15;990;927
4095;18,53;-501,10;0,00;0,00;0,00;-0,50;0,00;0,00;319;31;175;40;31;623;415
4096;34,66;-338,80;0,00;0,00;0,00;-0,34;0,00;0,00;45;189;185;13;35;170;851
4097;33,78;-283,00;0,00;0,00;0,00;-0,28;0,00;0,00;447;132;93;25;30;461;962
4098;83,72;127,22;0,00;0,00;0,00;0,13;0,00;0,00;161;59;47;21;24;846;942
4099;65,21;-81,44;0,00;0,00;0,00;-0,08;0,00;0,00;32;139;179;27;29;959;301
4100;8,00;-644,50;0,00;0,00;0,00;-0,64;0,00;0,00;65;67;196;46;37;662;936
4101;60,70;-131,29;0,00;0,00;0,00;-0,13;0,00;0,00;462;31;50;49;29;289;165
4102;60,74;-138,48;0,00;0,00;0,00;-0,14;0,00;0,00;237;188;116;49;24;672;485
4103;77,65;43,19;0,00;0,00;0,00;0,04;0,00;0,00;154;59;175;49;18;122;417
4104;31,31;-343,42;0,00;0,00;0,00;-0,34;0,00;0,00;384;43;156;30;18;488;726
4105;41,27;-319,02;0,00;0,00;0,00;-0,32;0,00;0,00;16;10;106;43;33;970;210
4106;50,88;-224,69;0,00;0,00;0,00;-0,22;0,00;0,00;438;179;79;15;32;767;354
4107;43,67;-259,71;0,00;0,00;0,00;-0,26;0,00;0,00;470;117;158;18;28;409;273
4108;1,61;-684,26;0,00;0,00;0,00;-0,68;0,00;0,00;224;86;83;28;29;383;289
4109;45,09;-307,15;0,00;0,00;0,00;-0,31;0,00;0,00;62;171;100;34;15;993;437
4110;77,22;61,10;0,00;0,00;0,00;0,06;0,00;0,00;269;42;109;25;39;372;852
4111;100,00;281,64;0,00;0,00;0,00;0,28;0,00;0,00;33;40;167;13;27;311;861
4112;29,18;-419,03;0,00;0,00;0,00;-0,42;0,00;0,00;67;193;134;27;23;592;322
4113;22,19;-512,19;0,00;0,00;0,00;-0,51;0,00;0,00;436;81;48;30;36;371;281
4114;28,66;-367,22;0,00;0,00;0,00;-0,37;0,00;0,00;203;143;107;20;18;608;568
4115;65,43;-49,75;0,00;0,00;0,00;-0,05;0,00;0,00;381;142;129;18;20;698;584
4116;33,96;-361,69;0,00;0,00;0,00;-0,36;0,00;0,00;165;73;145;17;30;530;206
4117;80,27;179,53;0,00;0,00;0,00;0,18;0,00;0,00;445;145;106;44;31;138;211
4118;60,14;-145,01;0,00;0,00;0,00;-0,15;0,00;0,00;16;78;67;24;18;578;721
4119;65,00;-61,58;0,00;0,00;0,00;-0,06;0,00;0,00;183;91;65;13;25;722;966
4120;42,80;-253,75;0,00;0,00;0,00;-0,25;0,00;0,00;10;178;193;32;25;376;351
4121;66,61;-18,47;0,00;0,00;0,00;-0,02;0,00;0,00;259;36;185;38;20;435;629
4122;34,85;-325,13;0,00;0,00;0,00;-0,33;0,00;0,00;98;48;148;20;22;322;174
4123;0,00;-735,59;0,00;0,00;0,00;-0,74;0,00;0,00;340;104;55;29;21;240;749
4124;25,12;-425,44;0,00;0,00;0,00;-0,43;0,00;0,00;469;92;95;39;33;626;552
4125;51,28;-207,64;0,00;0,00;0,00;-0,21;0,00;0,00;69;122;108;29;23;815;687
4126;1,71;-707,71;0,00;0,00;0,00;-0,71;0,00;0,00;288;103;192;13;38;672;929
4127;77,33;171,37;0,00;0,00;0,00;0,17;0,00;0,00;371;121;27;14;19;400;648
4128;42,10;-330,46;0,00;0,00;0,00;-0,33;0,00;0,00;144;108;49;35;26;817;734
4129;86,72;202,39;0,00;0,00;0,00;0,20;0,00;0,00;354;138;23;24;26;341;374
4130;78,17;54,15;0,00;0,00;0,00;0,05;0,00;0,00;464;77;59;42;38;465;115
4131;60,11;-135,72;0,00;0,00;0,00;-0,14;0,00;0,00;481;53;43;17;16;202;581
4132;54,04;-213,85;0,00;0,00;0,00;-0,21;0,00;0,00;467;181;63;43;32;783;606
4133;65,92;-24,19;0,00;0,00;0,00;-0,02;0,00;0,00;10;139;68;10;39;592;602
4134;62,36;-121,06;0,00;0,00;0,00;-0,12;0,00;0,00;94;165;112;24;17;525;188
4135;72,35;85,97;0,00;0,00;0,00;0,09;0,00;0,00;188;87;147;23;23;370;763
4136;56,89;-116,55;0,00;0,00;0,00;-0,12;0,00;0,00;367;96;167;11;35;276;209
4137;58,54;-98,84;0,00;0,00;0,00;-0,10;0,00;0,00;238;166;49;25;28;386;779
4138;76,10;74,15;0,00;0,00;0,00;0,07;0,00;0,00;325;68;63;23;36;227;265
4139;81,45;192,62;0,00;0,00;0,00;0,19;0,00;0,00;44;51;189;13;38;626;858
4140;46,01;-266,30;0,00;0,00;0,00;-0,27;0,00;0,00;46;40;28;41;35;625;210
4141;18,84;-546,54;0,00;0,00;0,00;-0,55;0,00;0,00;291;184;160;34;21;973;806
4142;62,81;-44,97;0,00;0,00;0,00;-0,04;0,00;0,00;404;86;14;17;17;914;301
4143;29,64;-451,92;0,00;0,00;0,00;-0,45;0,00;0,00;196;133;25;30;17;208;482
4144;25,49;-447,67;0,00;0,00;0,00;-0,45;0,00;0,00;392;111;163;34;21;259;743
4145;0,00;-766,86;0,00;0,00;0,00;-0,77;0,00;0,00;416;114;32;19;21;801;519
4146;17,98;-417,74;0,00;0,00;0,00;-0,42;0,00;0,00;79;18;130;28;32;522;527
4147;57,73;-238,56;0,00;0,00;0,00;-0,24;0,00;0,00;424;13;40;42;19;530;915
4148;46,24;-242,02;0,00;0,00;0,00;-0,24;0,00;0,00;443;99;172;13;34;247;456
4149;36,94;-286,03;0,00;0,00;0,00;-0,29;0,00;0,00;221;32;171;40;34;585;856
4150;14,70;-513,77;0,00;0,00;0,00;-0,51;0,00;0,00;333;195;53;24;24;676;452
4151;59,16;-90,92;0,00;0,00;0,00;-0,09;0,00;0,00;202;187;171;10;25;179;714
4152;65,13;-56,97;0,00;0,00;0,00;-0,06;0,00;0,00;441;134;108;12;25;733;455
4153;60,80;-110,90;0,00;0,00;0,00;-0,11;0,00;0,00;378;113;124;48;35;234;748
4154;37,34;-327,33;0,00;0,00;0,00;-0,33;0,00;0,00;245;76;134;23;20;490;714
4155;47,32;-222,43;0,00;0,00;0,00;-0,22;0,00;0,00;176;171;32;31;24;835;581
4156;74,88;-16,55;0,00;0,00;0,00;-0,02;0,00;0,00;251;13;136;36;38;703;999
4157;51,38;-226,44;0,00;0,00;0,00;-0,23;0,00;0,00;473;70;164;26;34;588;618
4158;14,03;-550,64;0,00;0,00;0,00;-0,55;0,00;0,00;412;25;112;49;38;584;562
4159;16,17;-568,96;0,00;0,00;0,00;-0,57;0,00;0,00;367;134;37;29;29;174;932
4160;29,01;-393,79;0,00;0,00;0,00;-0,39;0,00;0,00;267;29;113;34;16;326;478
4161;66,39;-69,32;0,00;0,00;0,00;-0,07;0,00;0,00;120;41;108;21;34;460;256
4162;33,23;-321,34;0,00;0,00;0,00;-0,32;0,00;0,00;420;76;45;16;28;923;103
4163;37,36;-326,19;0,00;0,00;0,00;-0,33;0,00;0,00;37;109;124;43;37;224;430
4164;29,34;-373,30;0,00;0,00;0,00;-0,37;0,00;0,00;91;51;179;30;38;847;850
4165;48,30;-143,58;0,00;0,00;0,00;-0,14;0,00;0,00;279;157;59;37;21;859;487
4166;49,60;-190,85;0,00;0,00;0,00;-0,19;0,00;0,00;470;62;29;41;27;192;696
4167;57,22;-152,57;0,00;0,00;0,00;-0,15;0,00;0,00;300;13;76;35;33;689;337
4168;66,22;30,52;0,00;0,00;0,00;0,03;0,00;0,00;445;33;51;29;39;998;613
4169;100,00;315,30;0,00;0,00;0,00;0,32;0,00;0,00;423;170;64;17;19;346;920
4170;93,05;171,36;0,00;0,00;0,00;0,17;0,00;0,00;136;132;34;45;19;127;505
4171;19,86;-577,46;0,00;0,00;0,00;-0,58;0,00;0,00;274;138;89;29;15;594;663
4172;48,69;-282,37;0,00;0,00;0,00;-0,28;0,00;0,00;471;36;186;31;31;345;917
4173;70,51;46,84;0,00;0,00;0,00;0,05;0,00;0,00;163;73;53;24;21;908;500
4174;23,60;-465,41;0,00;0,00;0,00;-0,47;0,00;0,00;260;171;128;25;19;633;625
4175;48,02;-257,59;0,00;0,00;0,00;-0,26;0,00;0,00;293;184;11;31;32;153;260
4176;97,19;348,31;0,00;0,00;0,00;0,35;0,00;0,00;393;117;134;24;29;755;108
4177;82,80;94,58;0,00;0,00;0,00;0,09;0,00;0,00;438;87;48;23;27;565;615
4178;70,05;-35,07;0,00;0,00;0,00;-0,04;0,00;0,00;212;125;72;44;34;209;423
4179;53,82;-193,27;0,00;0,00;0,00;-0,19;0,00;0,00;102;74;123;13;22;780;282
4180;51,95;-66,44;0,00;0,00;0,00;-0,07;0,00;0,00;336;118;181;18;33;219;120
4181;36,83;-351,91;0,00;0,00;0,00;-0,35;0,00;0,00;354;176;110;23;30;405;520
4182;54,21;-114,67;0,00;0,00;0,00;-0,11;0,00;0,00;455;62;110;43;19;784;277
4183;66,77;25,17;0,00;0,00;0,00;0,03;0,00;0,00;318;111;118;15;35;780;574
4184;69,10;-67,19;0,00;0,00;0,00;-0,07;0,00;0,00;188;193;199;22;19;825;866
4185;47,46;-214,31;0,00;0,00;0,00;-0,21;0,00;0,00;138;102;31;44;34;868;255
4186;51,50;-156,27;0,00;0,00;0,00;-0,16;0,00;0,00;102;86;185;34;31;122;478
4187;38,76;-318,90;0,00;0,00;0,00;-0,32;0,00;0,00;316;78;76;22;31;314;117
4188;45,99;-256,26;0,00;0,00;0,00;-0,26;0,00;0,00;185;106;126;12;24;111;963
4189;13,56;-525,55;0,00;0,00;0,00;-0,53;0,00;0,00;397;21;187;30;23;472;323
4190;71,79;18,03;0,00;0,00;0,00;0,02;0,00;0,00;328;44;82;17;29;591;164
4191;65,98;8,27;0,00;0,00;0,00;0,01;0,00;0,00;404;43;191;45;17;903;200
4192;64,52;13,02;0,00;0,00;0,00;0,01;0,00;0,00;293;16;161;43;29;536;212
4193;44,28;-202,12;0,00;0,00;0,00;-0,20;0,00;0,00;414;84;55;26;33;309;827
4194;60,59;-61,37;0,00;0,00;0,00;-0,06;0,00;0,00;248;127;67;20;32;116;431
4195;70,02;13,90;0,00;0,00;0,00;0,01;0,00;0,00;374;152;56;44;19;575;312
4196;48,63;-204,92;0,00;0,00;0,00;-0,20;0,00;0,00;452;138;169;38;32;276;945
4197;11,81;-518,52;0,00;0,00;0,00;-0,52;0,00;0,00;315;118;135;40;23;272;185
4198;63,61;-5,12;0,00;0,00;0,00;-0,01;0,00;0,00;439;66;91;22;34;283;466
4199;91,96;200,80;0,00;0,00;0,00;0,20;0,00;0,00;207;52;146;30;24;213;329
4200;61,89;-75,75;0,00;0,00;0,00;-0,08;0,00;0,00;466;36;71;25;34;424;805
4201;44,26;-204,27;0,00;0,00;0,00;-0,20;0,00;0,00;292;60;167;32;18;798;433
4202;58,23;-210,32;0,00;0,00;0,00;-0,21;0,00;0,00;20;188;118;28;35;996;140
4203;86,52;204,87;0,00;0,00;0,00;0,20;0,00;0,00;485;151;88;22;17;271;399
4204;14,31;-534,92;0,00;0,00;0,00;-0,53;0,00;0,00;205;160;188;33;19;594;868
4205;58,35;-71,78;0,00;0,00;0,00;-0,07;0,00;0,00;101;53;46;38;35;164;900
4206;36,68;-310,29;0,00;0,00;0,00;-0,31;0,00;0,00;237;95;62;42;16;448;780
4207;40,56;-311,15;0,00;0,00;0,00;-0,31;0,00;0,00;24;49;13;30;21;446;595
4208;81,68;17,14;0,00;0,00;0,00;0,02;0,00;0,00;26;168;119;43;19;668;419
4209;9,07;-646,40;0,00;0,00;0,00;-0,65;0,00;0,00;229;34;58;14;28;205;181
4210;78,97;124,93;0,00;0,00;0,00;0,12;0,00;0,00;35;71;33;11;29;453;326
4211;47,52;-155,25;0,00;0,00;0,00;-0,16;0,00;0,00;165;14;154;31;27;978;353
4212;53,59;-104,51;0,00;0,00;0,00;-0,10;0,00;0,00;217;160;98;32;15;318;865
4213;40,56;-315,72;0,00;0,00;0,00;-0,32;0,00;0,00;179;102;43;46;30;397;942
4214;0,00;-659,96;0,00;0,00;0,00;-0,66;0,00;0,00;85;59;168;26;36;319;722
4215;38,14;-307,86;0,00;0,00;0,00;-0,31;0,00;0,00;50;192;195;19;19;526;576
4216;70,61;125,10;0,00;0,00;0,00;0,13;0,00;0,00;65;36;49;35;30;761;521
4217;46,24;-248,10;0,00;0,00;0,00;-0,25;0,00;0,00;331;52;123;49;31;113;517
4218;48,11;-280,62;0,00;0,00;0,00;-0,28;0,00;0,00;16;125;32;23;23;342;971
4219;41,79;-240,42;0,00;0,00;0,00;-0,24;0,00;0,00;151;120;33;21;24;569;149
4220;23,31;-407,56;0,00;0,00;0,00;-0,41;0,00;0,00;238;58;39;13;36;180;488
4221;36,23;-329,28;0,00;0,00;0,00;-0,33;0,00;0,00;40;33;56;49;29;558;518
4222;34,04;-497,53;0,00;0,00;0,00;-0,50;0,00;0,00;239;116;92;48;29;242;725
4223;34,10;-339,11;0,00;0,00;0,00;-0,34;0,00;0,00;15;75;196;24;24;282;902
4224;75,00;69,79;0,00;0,00;0,00;0,07;0,00;0,00;119;198;146;26;35;781;932
4225;73,35;84,54;0,00;0,00;0,00;0,08;0,00;0,00;20;43;24;36;38;410;651
4226;100,00;254,80;0,00;0,00;0,00;0,25;0,00;0,00;366;180;109;34;33;878;118
4227;0,00;-702,79;0,00;0,00;0,00;-0,70;0,00;0,00;363;156;55;19;28;900;170
4228;92,01;254,96;0,00;0,00;0,00;0,25;0,00;0,00;156;91;66;13;17;901;693
4229;80,58;98,42;0,00;0,00;0,00;0,10;0,00;0,00;165;186;53;14;22;126;236
4230;78,84;86,18;0,00;0,00;0,00;0,09;0,00;0,00;184;15;97;38;20;363;553
4231;63,67;-114,67;0,00;0,00;0,00;-0,11;0,00;0,00;72;184;14;12;24;773;821
4232;56,86;-151,67;0,00;0,00;0,00;-0,15;0,00;0,00;317;166;95;42;26;581;571
4233;93,34;250,87;0,00;0,00;0,00;0,25;0,00;0,00;221;130;71;27;26;939;291
4234;46,56;-229,19;0,00;0,00;0,00;-0,23;0,00;0,00;414;54;112;43;30;768;429
4235;32,24;-427,54;0,00;0,00;0,00;-0,43;0,00;0,00;266;120;40;16;37;186;646
4236;19,95;-542,84;0,00;0,00;0,00;-0,54;0,00;0,00;20;91;157;10;19;233;507
4237;44,91;-223,35;0,00;0,00;0,00;-0,22;0,00;0,00;17;46;78;19;33;684;126
4238;64,58;-68,20;0,00;0,00;0,00;-0,07;0,00;0,00;435;145;179;35;20;573;908
4239;10,47;-670,53;0,00;0,00;0,00;-0,67;0,00;0,00;263;174;68;45;20;980;827
4240;29,05;-432,22;0,00;0,00;0,00;-0,43;0,00;0,00;288;186;160;29;20;560;790
4241;28,95;-308,69;0,00;0,00;0,00;-0,31;0,00;0,00;410;177;189;12;38;108;150
4242;45,16;-193,14;0,00;0,00;0,00;-0,19;0,00;0,00;366;44;39;22;39;618;649
4243;34,59;-427,02;0,00;0,00;0,00;-0,43;0,00;0,00;385;198;182;14;16;675;701
4244;53,41;-139,58;0,00;0,00;0,00;-0,14;0,00;0,00;281;52;20;26;32;438;312
4245;50,02;-296,84;0,00;0,00;0,00;-0,30;0,00;0,00;96;32;195;45;29;393;442
4246;36,45;-292,73;0,00;0,00;0,00;-0,29;0,00;0,00;258;129;14;24;32;206;310
4247;60,48;-89,24;0,00;0,00;0,00;-0,09;0,00;0,00;90;119;69;37;19;726;845
4248;65,91;10,64;0,00;0,00;0,00;0,01;0,00;0,00;406;33;72;28;17;331;986
4249;11,40;-584,12;0,00;0,00;0,00;-0,58;0,00;0,00;22;139;198;44;32;173;911
4250;42,59;-151,40;0,00;0,00;0,00;-0,15;0,00;0,00;14;83;156;11;28;970;445
4251;70,01;-22,10;0,00;0,00;0,00;-0,02;0,00;0,00;242;195;172;46;35;855;704
4252;74,19;-66,87;0,00;0,00;0,00;-0,07;0,00;0,00;241;15;157;20;39;881;103
4253;86,75;169,95;0,00;0,00;0,00;0,17;0,00;0,00;363;73;118;11;26;560;535
4254;45,55;-325,65;0,00;0,00;0,00;-0,33;0,00;0,00;113;89;92;21;30;131;194
4255;20,02;-509,46;0,00;0,00;0,00;-0,51;0,00;0,00;229;38;122;19;21;107;576
4256;27,20;-442,14;0,00;0,00;0,00;-0,44;0,00;0,00;459;22;69;21;30;464;650
4257;56,09;-281,17;0,00;0,00;0,00;-0,28;0,00;0,00;378;39;25;22;30;492;344
4258;54,24;-177,70;0,00;0,00;0,00;-0,18;0,00;0,00;442;98;64;22;34;914;149
4259;19,84;-573,88;0,00;0,00;0,00;-0,57;0,00;0,00;347;84;27;33;16;649;974
4260;66,49;34,98;0,00;0,00;0,00;0,03;0,00;0,00;232;192;157;44;30;735;944
4261;31,54;-327,56;0,00;0,00;0,00;-0,33;0,00;0,00;195;124;108;30;26;187;574
4262;25,53;-447,84;0,00;0,00;0,00;-0,45;0,00;0,00;330;137;72;30;35;792;738
4263;46,66;-307,70;0,00;0,00;0,00;-0,31;0,00;0,00;189;90;59;16;20;483;215
4264;96,14;270,26;0,00;0,00;0,00;0,27;0,00;0,00;65;125;64;24;23;469;745
4265;39,35;-302,47;0,00;0,00;0,00;-0,30;0,00;0,00;290;147;57;43;38;960;479
4266;100,00;245,73;0,00;0,00;0,00;0,25;0,00;0,00;81;48;60;30;30;980;335
4267;48,61;-101,91;0,00;0,00;0,00;-0,10;0,00;0,00;127;179;35;48;30;511;502
4268;73,55;55,51;0,00;0,00;0,00;0,06;0,00;0,00;386;40;108;10;16;495;390
4269;40,25;-301,76;0,00;0,00;0,00;-0,30;0,00;0,00;126;193;31;43;34;878;162
4270;37,31;-274,43;0,00;0,00;0,00;-0,27;0,00;0,00;211;196;92;26;18;270;874
4271;45,56;-259,01;0,00;0,00;0,00;-0,26;0,00;0,00;298;92;190;41;36;339;263
4272;72,14;-21,22;0,00;0,00;0,00;-0,02;0,00;0,00;354;123;94;23;31;844;158
4273;40,67;-271,46;0,00;0,00;0,00;-0,27;0,00;0,00;210;131;27;49;38;457;171
4274;55,37;-116,63;0,00;0,00;0,00;-0,12;0,00;0,00;186;161;11;10;30;614;232
4275;42,70;-215,26;0,00;0,00;0,00;-0,22;0,00;0,00;372;166;158;21;20;960;304
4276;28,33;-399,89;0,00;0,00;0,00;-0,40;0,00;0,00;372;15;141;17;17;139;210
4277;58,51;-103,75;0,00;0,00;0,00;-0,10;0,00;0,00;365;170;145;43;18;755;877
4278;32,75;-408,27;0,00;0,00;0,00;-0,41;0,00;0,00;456;98;51;18;35;682;435
4279;39,29;-316,51;0,00;0,00;0,00;-0,32;0,00;0,00;450;168;116;29;35;234;153
4280;44,01;-243,66;0,00;0,00;0,00;-0,24;0,00;0,00;272;87;95;48;21;272;630
4281;36,03;-308,74;0,00;0,00;0,00;-0,31;0,00;0,00;179;13;54;23;38;637;975
4282;76,98;53,09;0,00;0,00;0,00;0,05;0,00;0,00;120;144;78;47;31;369;412
4283;44,53;-212,10;0,00;0,00;0,00;-0,21;0,00;0,00;259;111;86;48;20;213;345
4284;89,02;185,80;0,00;0,00;0,00;0,19;0,00;0,00;309;59;74;20;22;227;528
4285;75,38;131,00;0,00;0,00;0,00;0,13;0,00;0,00;207;163;166;33;39;866;434
4286;62,97;-135,47;0,00;0,00;0,00;-0,14;0,00;0,00;386;118;49;47;27;314;566
4287;100,00;369,24;0,00;0,00;0,00;0,37;0,00;0,00;237;191;24;17;22;361;780
4288;52,84;-269,90;0,00;0,00;0,00;-0,27;0,00;0,00;368;71;158;14;26;549;342
4289;30,90;-343,36;0,00;0,00;0,00;-0,34;0,00;0,00;158;155;100;41;15;230;301
4290;84,36;174,98;0,00;0,00;0,00;0,17;0,00;0,00;430;190;76;31;36;438;973
4291;39,35;-328,01;0,00;0,00;0,00;-0,33;0,00;0,00;491;11;167;31;28;653;349
4292;60,06;-80,58;0,00;0,00;0,00;-0,08;0,00;0,00;79;186;188;34;34;215;994
4293;67,89;16,14;0,00;0,00;0,00;0,02;0,00;0,00;171;74;192;20;27;589;644
4294;56,14;-59,04;0,00;0,00;0,00;-0,06;0,00;0,00;93;21;128;23;21;244;713
4295;100,00;317,82;0,00;0,00;0,00;0,32;0,00;0,00;52;66;109;36;38;348;873
4296;37,23;-363,17;0,00;0,00;0,00;-0,36;0,00;0,00;94;122;21;29;20;788;805
4297;38,25;-224,03;0,00;0,00;0,00;-0,22;0,00;0,00;56;88;20;37;26;100;272
4298;21,90;-590,15;0,00;0,00;0,00;-0,59;0,00;0,00;17;10;193;18;26;838;777
4299;59,58;-64,69;0,00;0,00;0,00;-0,06;0,00;0,00;119;12;80;22;22;339;343
4300;28,21;-356,27;0,00;0,00;0,00;-0,36;0,00;0,00;42;140;115;31;39;257;589
4301;72,67;-1,03;0,00;0,00;0,00;-0,00;0,00;0,00;433;135;115;44;20;408;610
4302;14,93;-609,20;0,00;0,00;0,00;-0,61;0,00;0,00;396;99;179;15;18;428;524
4303;51,35;-206,10;0,00;0,00;0,00;-0,21;0,00;0,00;248;121;161;44;28;383;931
4304;42,91;-233,69;0,00;0,00;0,00;-0,23;0,00;0,00;53;14;185;34;28;944;211
4305;69,90;81,63;0,00;0,00;0,00;0,08;0,00;0,00;260;187;42;36;24;357;107
4306;82,07;166,12;0,00;0,00;0,00;0,17;0,00;0,00;69;61;28;15;29;285;984
4307;53,62;-67,41;0,00;0,00;0,00;-0,07;0,00;0,00;75;49;182;14;39;141;315
4308;71,79;-3,82;0,00;0,00;0,00;-0,00;0,00;0,00;338;170;174;31;23;366;676
4309;59,46;-106,82;0,00;0,00;0,00;-0,11;0,00;0,00;295;167;174;31;16;995;285
4310;18,89;-512,95;0,00;0,00;0,00;-0,51;0,00;0,00;92;172;160;15;34;125;652
4311;55,62;-191,68;0,00;0,00;0,00;-0,19;0,00;0,00;19;44;191;19;25;204;192
4312;9,72;-654,26;0,00;0,00;0,00;-0,65;0,00;0,00;374;56;78;36;32;876;395
4313;89,96;164,15;0,00;0,00;0,00;0,16;0,00;0,00;449;87;80;26;35;336;658
4314;60,82;-66,27;0,00;0,00;0,00;-0,07;0,00;0,00;112;41;115;41;38;658;587
4315;32,99;-430,35;0,00;0,00;0,00;-0,43;0,00;0,00;432;186;117;26;27;553;533
4316;85,25;263,15;0,00;0,00;0,00;0,26;0,00;0,00;43;161;81;22;31;547;392
4317;56,55;-96,61;0,00;0,00;0,00;-0,10;0,00;0,00;390;86;191;16;30;944;715
4318;51,59;-213,97;0,00;0,00;0,00;-0,21;0,00;0,00;44;18;143;49;26;267;318
4319;34,26;-415,39;0,00;0,00;0,00;-0,42;0,00;0,00;16;44;130;18;22;228;191
4320;72,33;90,05;0,00;0,00;0,00;0,09;0,00;0,00;46;93;40;12;39;976;185
4321;37,37;-349,09;0,00;0,00;0,00;-0,35;0,00;0,00;177;34;40;36;22;246;234
4322;72,21;98,25;0,00;0,00;0,00;0,10;0,00;0,00;259;29;131;35;32;709;440
4323;80,28;88,58;0,00;0,00;0,00;0,09;0,00;0,00;108;16;169;43;32;735;818
4324;72,82;-20,62;0,00;0,00;0,00;-0,02;0,00;0,00;465;167;194;26;21;412;997
4325;44,64;-144,79;0,00;0,00;0,00;-0,14;0,00;0,00;417;37;76;31;32;351;976
4326;28,93;-356,70;0,00;0,00;0,00;-0,36;0,00;0,00;260;25;69;12;15;609;531
4327;48,85;-290,45;0,00;0,00;0,00;-0,29;0,00;0,00;485;166;24;48;28;410;503
4328;18,32;-474,93;0,00;0,00;0,00;-0,47;0,00;0,00;186;167;155;29;29;170;980
4329;46,14;-185,26;0,00;0,00;0,00;-0,19;0,00;0,00;40;103;188;47;38;508;387
4330;56,35;-63,28;0,00;0,00;0,00;-0,06;0,00;0,00;477;186;148;30;33;503;401
4331;47,78;-184,44;0,00;0,00;0,00;-0,18;0,00;0,00;278;174;24;11;29;275;740
4332;82,13;55,59;0,00;0,00;0,00;0,06;0,00;0,00;460;131;63;41;32;299;237
4333;19,39;-473,23;0,00;0,00;0,00;-0,47;0,00;0,00;221;92;190;29;24;176;803
4334;17,71;-514,38;0,00;0,00;0,00;-0,51;0,00;0,00;166;177;111;20;30;832;587
4335;50,04;-204,56;0,00;0,00;0,00;-0,20;0,00;0,00;429;179;18;14;34;945;708
4336;46,15;-226,19;0,00;0,00;0,00;-0,23;0,00;0,00;107;104;58;34;26;957;435
4337;60,25;-127,84;0,00;0,00;0,00;-0,13;0,00;0,00;122;157;84;48;20;655;975
4338;50,29;-180,12;0,00;0,00;0,00;-0,18;0,00;0,00;199;22;15;49;18;920;887
4339;63,59;-62,67;0,00;0,00;0,00;-0,06;0,00;0,00;303;166;106;44;18;315;640
4340;27,25;-372,19;0,00;0,00;0,00;-0,37;0,00;0,00;451;40;22;43;29;867;829
4341;11,41;-690,55;0,00;0,00;0,00;-0,69;0,00;0,00;405;86;79;33;39;501;324
4342;49,52;-166,75;0,00;0,00;0,00;-0,17;0,00;0,00;157;20;76;28;15;381;326
4343;39,57;-230,87;0,00;0,00;0,00;-0,23;0,00;0,00;296;192;83;16;15;591;534
4344;61,83;-126,23;0,00;0,00;0,00;-0,13;0,00;0,00;314;92;89;29;26;408;219
4345;39,96;-342,92;0,00;0,00;0,00;-0,34;0,00;0,00;493;110;155;32;25;588;443
4346;35,22;-410,07;0,00;0,00;0,00;-0,41;0,00;0,00;182;196;161;45;16;253;592
4347;0,51;-624,15;0,00;0,00;0,00;-0,62;0,00;0,00;435;33;29;27;36;292;631
4348;66,31;16,35;0,00;0,00;0,00;0,02;0,00;0,00;206;102;60;28;26;547;415
4349;86,61;213,63;0,00;0,00;0,00;0,21;0,00;0,00;13;135;109;41;17;459;194
4350;56,23;-89,98;0,00;0,00;0,00;-0,09;0,00;0,00;258;38;192;20;32;730;787
4351;64,72;-79,00;0,00;0,00;0,00;-0,08;0,00;0,00;143;84;164;39;38;214;163
4352;33,92;-342,52;0,00;0,00;0,00;-0,34;0,00;0,00;439;166;153;39;37;911;459
4353;8,96;-579,23;0,00;0,00;0,00;-0,58;0,00;0,00;12;66;102;19;27;407;315
4354;32,25;-397,71;0,00;0,00;0,00;-0,40;0,00;0,00;266;64;159;20;20;681;588
4355;71,79;22,30;0,00;0,00;0,00;0,02;0,00;0,00;403;51;60;41;24;870;263
4356;27,38;-467,75;0,00;0,00;0,00;-0,47;0,00;0,00;202;15;106;45;29;256;460
4357;76,84;122,62;0,00;0,00;0,00;0,12;0,00;0,00;121;168;93;28;38;760;827
4358;90,74;179,04;0,00;0,00;0,00;0,18;0,00;0,00;216;21;187;14;30;890;736
4359;42,31;-335,12;0,00;0,00;0,00;-0,34;0,00;0,00;204;187;137;42;27;140;150
4360;33,02;-288,87;0,00;0,00;0,00;-0,29;0,00;0,00;123;199;26;12;21;938;577
4361;53,43;-213,68;0,00;0,00;0,00;-0,21;0,00;0,00;66;146;164;23;31;279;173
4362;67,35;-85,22;0,00;0,00;0,00;-0,09;0,00;0,00;180;188;163;35;38;568;550
4363;8,43;-500,73;0,00;0,00;0,00;-0,50;0,00;0,00;142;188;177;10;17;977;614
4364;67,66;-89,22;0,00;0,00;0,00;-0,09;0,00;0,00;173;21;72;45;39;710;315
4365;34,83;-277,67;0,00;0,00;0,00;-0,28;0,00;0,00;310;108;67;27;30;115;907
4366;48,45;-231,89;0,00;0,00;0,00;-0,23;0,00;0,00;354;184;28;30;23;531;266
4367;30,45;-423,62;0,00;0,00;0,00;-0,42;0,00;0,00;244;160;46;31;18;301;894
4368;53,53;-188,93;0,00;0,00;0,00;-0,19;0,00;0,00;345;114;164;43;18;994;502
4369;45,86;-304,95;0,00;0,00;0,00;-0,30;0,00;0,00;451;174;134;16;33;680;716
4370;100,00;265,35;0,00;0,00;0,00;0,27;0,00;0,00;332;173;95;16;33;317;701
4371;50,43;-136,62;0,00;0,00;0,00;-0,14;0,00;0,00;325;131;162;17;29;271;486
4372;8,98;-611,48;0,00;0,00;0,00;-0,61;0,00;0,00;82;179;155;28;16;486;778
4373;64,38;-87,01;0,00;0,00;0,00;-0,09;0,00;0,00;236;54;112;16;23;672;955
4374;59,32;-129,25;0,00;0,00;0,00;-0,13;0,00;0,00;197;90;172;31;18;742;162
4375;45,14;-253,96;0,00;0,00;0,00;-0,25;0,00;0,00;493;21;39;13;15;512;396
4376;52,80;-141,00;0,00;0,00;0,00;-0,14;0,00;0,00;493;121;66;41;32;487;574
4377;77,53;68,28;0,00;0,00;0,00;0,07;0,00;0,00;497;154;10;33;29;259;575
4378;74,43;67,19;0,00;0,00;0,00;0,07;0,00;0,00;492;89;15;16;22;521;256
4379;22,36;-482,14;0,00;0,00;0,00;-0,48;0,00;0,00;13;68;77;11;29;527;541
4380;35,43;-365,42;0,00;0,00;0,00;-0,37;0,00;0,00;210;115;48;41;29;760;943
4381;99,06;326,52;0,00;0,00;0,00;0,33;0,00;0,00;113;87;103;36;29;318;334
4382;15,50;-572,48;0,00;0,00;0,00;-0,57;0,00;0,00;192;153;11;48;21;506;567
4383;60,30;3,31;0,00;0,00;0,00;0,00;0,00;0,00;439;162;57;18;39;746;105
4384;71,41;95,07;0,00;0,00;0,00;0,10;0,00;0,00;221;182;34;38;37;136;133
4385;24,50;-484,67;0,00;0,00;0,00;-0,48;0,00;0,00;107;33;11;10;15;658;511
4386;71,84;-9,53;0,00;0,00;0,00;-0,01;0,00;0,00;326;194;128;32;27;681;928
4387;69,65;-55,82;0,00;0,00;0,00;-0,06;0,00;0,00;136;119;122;42;35;281;896
4388;33,57;-274,79;0,00;0,00;0,00;-0,27;0,00;0,00;275;50;33;23;26;674;726
4389;41,88;-196,93;0,00;0,00;0,00;-0,20;0,00;0,00;378;154;167;35;17;469;377
4390;62,07;-36,52;0,00;0,00;0,00;-0,04;0,00;0,00;71;58;93;41;25;595;152
4391;27,01;-377,56;0,00;0,00;0,00;-0,38;0,00;0,00;421;192;86;26;24;598;138
4392;73,10;-34,04;0,00;0,00;0,00;-0,03;0,00;0,00;403;118;89;43;23;222;473
4393;75,21;30,91;0,00;0,00;0,00;0,03;0,00;0,00;428;159;87;22;23;890;529
4394;43,23;-257,35;0,00;0,00;0,00;-0,26;0,00;0,00;430;198;160;45;18;973;171
4395;4,87;-616,28;0,00;0,00;0,00;-0,62;0,00;0,00;337;93;30;15;22;541;194
4396;35,78;-429,94;0,00;0,00;0,00;-0,43;0,00;0,00;380;52;13;34;31;299;157
4397;29,19;-535,26;0,00;0,00;0,00;-0,54;0,00;0,00;482;82;95;42;34;226;350
4398;37,87;-333,85;0,00;0,00;0,00;-0,33;0,00;0,00;356;154;164;20;31;178;828
4399;85,97;64,07;0,00;0,00;0,00;0,06;0,00;0,00;125;44;182;23;16;364;389
4400;42,43;-253,55;0,00;0,00;0,00;-0,25;0,00;0,00;169;43;87;12;35;710;355
4401;63,32;-111,56;0,00;0,00;0,00;-0,11;0,00;0,00;308;163;78;32;20;441;867
4402;100,00;243,56;0,00;0,00;0,00;0,24;0,00;0,00;433;126;60;21;18;919;282
4403;2,44;-582,84;0,00;0,00;0,00;-0,58;0,00;0,00;124;36;34;49;35;503;967
4404;43,04;-277,03;0,00;0,00;0,00;-0,28;0,00;0,00;263;128;65;33;22;402;600
4405;33,23;-370,53;0,00;0,00;0,00;-0,37;0,00;0,00;62;185;75;20;18;657;477
4406;22,45;-499,73;0,00;0,00;0,00;-0,50;0,00;0,00;479;145;90;27;29;504;988
4407;35,64;-462,96;0,00;0,00;0,00;-0,46;0,00;0,00;390;99;112;25;33;205;510
4408;36,40;-440,21;0,00;0,00;0,00;-0,44;0,00;0,00;390;142;45;18;24;445;373
4409;38,18;-267,20;0,00;0,00;0,00;-0,27;0,00;0,00;123;89;77;20;27;632;249
4410;44,67;-267,22;0,00;0,00;0,00;-0,27;0,00;0,00;83;111;45;33;33;955;477
4411;52,46;-245,78;0,00;0,00;0,00;-0,25;0,00;0,00;137;21;101;33;28;219;955
4412;21,07;-551,96;0,00;0,00;0,00;-0,55;0,00;0,00;114;16;131;45;35;361;927
4413;0,00;-767,29;0,00;0,00;0,00;-0,77;0,00;0,00;202;91;163;25;17;182;425
4414;70,62;56,10;0,00;0,00;0,00;0,06;0,00;0,00;249;28;159;24;31;739;613
4415;33,72;-420,30;0,00;0,00;0,00;-0,42;0,00;0,00;69;92;189;46;18;610;182
4416;100,00;248,93;0,00;0,00;0,00;0,25;0,00;0,00;348;76;109;47;26;112;298
4417;19,36;-517,21;0,00;0,00;0,00;-0,52;0,00;0,00;106;148;26;20;38;904;556
4418;72,09;24,29;0,00;0,00;0,00;0,02;0,00;0,00;154;62;106;42;16;892;177
4419;31,66;-368,94;0,00;0,00;0,00;-0,37;0,00;0,00;397;147;70;42;16;770;735
4420;40,73;-362,74;0,00;0,00;0,00;-0,36;0,00;0,00;423;17;40;35;16;678;311
4421;54,33;-164,55;0,00;0,00;0,00;-0,16;0,00;0,00;50;194;47;27;22;252;728
4422;0,00;-715,63;0,00;0,00;0,00;-0,72;0,00;0,00;459;149;132;43;25;201;493
4423;46,79;-227,43;0,00;0,00;0,00;-0,23;0,00;0,00;401;170;112;34;27;569;987
4424;0,00;-662,50;0,00;0,00;0,00;-0,66;0,00;0,00;30;82;10;20;25;746;676
4425;27,41;-328,90;0,00;0,00;0,00;-0,33;0,00;0,00;238;136;181;48;34;518;798
4426;34,99;-404,18;0,00;0,00;0,00;-0,40;0,00;0,00;343;14;156;47;27;477;340
4427;66,56;-57,10;0,00;0,00;0,00;-0,06;0,00;0,00;226;187;17;31;22;808;105
4428;98,32;237,98;0,00;0,00;0,00;0,24;0,00;0,00;499;101;163;21;32;505;679
4429;30,85;-381,26;0,00;0,00;0,00;-0,38;0,00;0,00;391;145;156;29;29;403;517
4430;57,83;-99,63;0,00;0,00;0,00;-0,10;0,00;0,00;285;24;38;29;32;105;401
4431;41,35;-270,69;0,00;0,00;0,00;-0,27;0,00;0,00;459;113;22;36;25;563;923
4432;65,74;-49,85;0,00;0,00;0,00;-0,05;0,00;0,00;416;99;28;39;25;983;827
4433;32,14;-430,65;0,00;0,00;0,00;-0,43;0,00;0,00;82;149;68;35;17;503;174
4434;4,57;-605,98;0,00;0,00;0,00;-0,61;0,00;0,00;235;80;180;45;37;171;630
4435;31,83;-488,88;0,00;0,00;0,00;-0,49;0,00;0,00;122;95;27;36;34;796;841
4436;25,16;-471,30;0,00;0,00;0,00;-0,47;0,00;0,00;93;172;157;17;37;642;996
4437;90,00;162,25;0,00;0,00;0,00;0,16;0,00;0,00;75;151;26;37;36;157;715
4438;59,44;-131,90;0,00;0,00;0,00;-0,13;0,00;0,00;92;117;92;47;25;974;419
4439;87,30;77,03;0,00;0,00;0,00;0,08;0,00;0,00;287;33;97;13;30;444;838
4440;91,69;198,34;0,00;0,00;0,00;0,20;0,00;0,00;250;67;79;48;29;351;104
4441;71,00;50,78;0,00;0,00;0,00;0,05;0,00;0,00;380;110;83;34;39;588;140
4442;71,89;39,17;0,00;0,00;0,00;0,04;0,00;0,00;407;188;99;43;23;542;702
4443;77,70;89,89;0,00;0,00;0,00;0,09;0,00;0,00;108;144;67;36;28;183;568
4444;8,00;-562,03;0,00;0,00;0,00;-0,56;0,00;0,00;65;25;166;42;28;146;464
4445;84,44;95,82;0,00;0,00;0,00;0,10;0,00;0,00;176;176;93;47;36;316;915
4446;30,34;-392,68;0,00;0,00;0,00;-0,39;0,00;0,00;107;136;48;30;22;991;225
4447;80,44;133,22;0,00;0,00;0,00;0,13;0,00;0,00;125;147;41;30;38;895;785
4448;63,88;-115,85;0,00;0,00;0,00;-0,12;0,00;0,00;417;175;162;44;30;413;146
4449;28,19;-395,81;0,00;0,00;0,00;-0,40;0,00;0,00;29;115;24;43;26;578;369
4450;33,54;-355,62;0,00;0,00;0,00;-0,36;0,00;0,00;485;190;31;21;37;988;864
4451;56,81;-194,48;0,00;0,00;0,00;-0,19;0,00;0,00;354;71;49;24;17;882;149
4452;95,37;205,72;0,00;0,00;0,00;0,21;0,00;0,00;338;132;160;15;37;884;939
4453;63,87;-99,76;0,00;0,00;0,00;-0,10;0,00;0,00;132;197;118;29;17;477;560
4454;25,31;-399,38;0,00;0,00;0,00;-0,40;0,00;0,00;395;29;101;39;34;718;740
4455;61,22;-25,52;0,00;0,00;0,00;-0,03;0,00;0,00;242;149;65;10;15;593;501
4456;10,19;-521,42;0,00;0,00;0,00;-0,52;0,00;0,00;215;70;93;10;35;971;605
4457;40,72;-393,57;0,00;0,00;0,00;-0,39;0,00;0,00;349;146;174;10;15;494;641
4458;55,41;-190,94;0,00;0,00;0,00;-0,19;0,00;0,00;474;128;190;44;24;794;435
4459;28,38;-468,67;0,00;0,00;0,00;-0,47;0,00;0,00;210;138;166;31;25;520;873
4460;23,29;-460,90;0,00;0,00;0,00;-0,46;0,00;0,00;340;140;118;26;30;425;761
4461;30,12;-383,44;0,00;0,00;0,00;-0,38;0,00;0,00;330;62;44;25;24;394;757
4462;61,87;8,32;0,00;0,00;0,00;0,01;0,00;0,00;366;59;146;43;26;725;918
4463;25,72;-396,83;0,00;0,00;0,00;-0,40;0,00;0,00;38;193;187;14;37;965;563
4464;65,89;-22,18;0,00;0,00;0,00;-0,02;0,00;0,00;282;144;185;30;15;798;756
4465;50,04;-167,64;0,00;0,00;0,00;-0,17;0,00;0,00;381;150;75;49;21;633;992
4466;73,30;82,00;0,00;0,00;0,00;0,08;0,00;0,00;349;109;142;43;17;732;132
4467;27,77;-351,28;0,00;0,00;0,00;-0,35;0,00;0,00;234;114;71;37;32;545;308
4468;100,00;303,24;0,00;0,00;0,00;0,30;0,00;0,00;260;32;116;27;22;549;612
4469;55,50;-106,57;0,00;0,00;0,00;-0,11;0,00;0,00;426;191;114;30;26;897;294
4470;75,00;140,90;0,00;0,00;0,00;0,14;0,00;0,00;103;95;184;40;20;944;919
4471;64,34;11,43;0,00;0,00;0,00;0,01;0,00;0,00;188;157;107;45;33;242;333
4472;38,43;-278,90;0,00;0,00;0,00;-0,28;0,00;0,00;401;124;86;14;35;998;266
4473;7,01;-662,82;0,00;0,00;0,00;-0,66;0,00;0,00;115;17;188;39;28;560;173
4474;70,43;65,14;0,00;0,00;0,00;0,07;0,00;0,00;115;26;144;15;34;224;374
4475;45,82;-258,94;0,00;0,00;0,00;-0,26;0,00;0,00;360;78;99;37;15;192;415
4476;22,17;-415,65;0,00;0,00;0,00;-0,42;0,00;0,00;393;185;182;22;39;812;462
4477;62,61;-45,69;0,00;0,00;0,00;-0,05;0,00;0,00;139;105;19;32;16;214;106
4478;44,60;-307,43;0,00;0,00;0,00;-0,31;0,00;0,00;397;98;174;30;35;281;397
4479;78,52;159,58;0,00;0,00;0,00;0,16;0,00;0,00;273;38;18;36;24;138;495
4480;41,31;-308,59;0,00;0,00;0,00;-0,31;0,00;0,00;190;190;88;36;27;137;350
4481;25,02;-507,46;0,00;0,00;0,00;-0,51;0,00;0,00;116;88;10;49;33;990;943
4482;44,75;-265,08;0,00;0,00;0,00;-0,27;0,00;0,00;127;23;80;48;37;697;367
4483;100,00;189,59;0,00;0,00;0,00;0,19;0,00;0,00;264;11;77;32;21;603;476
4484;8,30;-600,21;0,00;0,00;0,00;-0,60;0,00;0,00;462;177;78;16;33;271;652
4485;40,33;-253,09;0,00;0,00;0,00;-0,25;0,00;0,00;99;30;171;40;19;163;462
4486;27,53;-428,65;0,00;0,00;0,00;-0,43;0,00;0,00;412;194;52;35;26;345;403
4487;14,77;-517,07;0,00;0,00;0,00;-0,52;0,00;0,00;229;42;134;27;16;361;230
4488;57,74;-45,27;0,00;0,00;0,00;-0,05;0,00;0,00;98;17;154;12;22;895;506
4489;65,21;-137,72;0,00;0,00;0,00;-0,14;0,00;0,00;250;65;22;18;31;354;613
4490;44,16;-221,03;0,00;0,00;0,00;-0,22;0,00;0,00;490;111;79;49;16;803;767
4491;40,28;-235,78;0,00;0,00;0,00;-0,24;0,00;0,00;489;74;43;20;34;916;587
4492;41,23;-228,04;0,00;0,00;0,00;-0,23;0,00;0,00;188;27;59;44;17;861;224
4493;44,86;-266,24;0,00;0,00;0,00;-0,27;0,00;0,00;266;56;145;19;34;194;290
4494;25,93;-422,49;0,00;0,00;0,00;-0,42;0,00;0,00;85;107;51;10;35;292;446
4495;49,23;-207,62;0,00;0,00;0,00;-0,21;0,00;0,00;292;60;37;18;27;609;576
4496;52,90;-180,88;0,00;0,00;0,00;-0,18;0,00;0,00;482;107;143;30;35;654;539
4497;76,95;34,76;0,00;0,00;0,00;0,03;0,00;0,00;80;190;40;28;34;647;380
4498;96,05;288,91;0,00;0,00;0,00;0,29;0,00;0,00;31;117;174;21;38;643;735
4499;26,12;-452,42;0,00;0,00;0,00;-0,45;0,00;0,00;485;60;183;32;30;100;746
4500;26,28;-413,93;0,00;0,00;0,00;-0,41;0,00;0,00;132;87;176;43;36;918;920
4501;53,03;-212,23;0,00;0,00;0,00;-0,21;0,00;0,00;218;46;30;41;19;420;153
4502;31,62;-381,65;0,00;0,00;0,00;-0,38;0,00;0,00;287;87;35;48;18;585;620
4503;45,22;-247,74;0,00;0,00;0,00;-0,25;0,00;0,00;48;69;103;39;37;144;875
4504;58,39;-149,39;0,00;0,00;0,00;-0,15;0,00;0,00;425;47;13;16;30;681;694
4505;86,67;96,70;0,00;0,00;0,00;0,10;0,00;0,00;276;91;51;22;22;164;275
4506;70,93;23,34;0,00;0,00;0,00;0,02;0,00;0,00;340;103;185;15;19;106;155
4507;13,85;-569,31;0,00;0,00;0,00;-0,57;0,00;0,00;406;95;127;27;21;468;522
4508;63,86;-76,21;0,00;0,00;0,00;-0,08;0,00;0,00;325;48;195;44;33;742;955
4509;49,31;-160,48;0,00;0,00;0,00;-0,16;0,00;0,00;10;190;147;33;19;217;286
4510;66,56;-9,03;0,00;0,00;0,00;-0,01;0,00;0,00;454;78;183;16;30;665;810
4511;66,76;18,79;0,00;0,00;0,00;0,02;0,00;0,00;381;110;40;34;28;487;808
4512;44,81;-186,46;0,00;0,00;0,00;-0,19;0,00;0,00;295;189;48;15;18;316;896
4513;74,86;168,73;0,00;0,00;0,00;0,17;0,00;0,00;431;57;15;41;36;976;787
4514;69,43;-57,67;0,00;0,00;0,00;-0,06;0,00;0,00;319;47;14;40;18;261;841
4515;28,14;-391,08;0,00;0,00;0,00;-0,39;0,00;0,00;220;100;51;35;29;456;751
4516;58,34;-145,76;0,00;0,00;0,00;-0,15;0,00;0,00;259;57;56;49;21;672;362
4517;100,00;274,39;0,00;0,00;0,00;0,27;0,00;0,00;153;113;180;19;36;819;703
4518;21,25;-510,37;0,00;0,00;0,00;-0,51;0,00;0,00;370;116;45;38;25;710;155
4519;46,62;-218,53;0,00;0,00;0,00;-0,22;0,00;0,00;72;170;156;36;22;928;429
4520;54,37;-188,75;0,00;0,00;0,00;-0,19;0,00;0,00;215;50;135;20;36;961;697
4521;64,57;-5,53;0,00;0,00;0,00;-0,01;0,00;0,00;37;163;136;21;22;275;569
4522;59,24;-19,27;0,00;0,00;0,00;-0,02;0,00;0,00;457;28;172;25;21;322;487
4523;60,11;-143,24;0,00;0,00;0,00;-0,14;0,00;0,00;239;80;144;35;28;758;832
4524;56,82;-162,68;0,00;0,00;0,00;-0,16;0,00;0,00;127;104;54;49;34;140;849
4525;95,08;243,97;0,00;0,00;0,00;0,24;0,00;0,00;352;99;27;38;38;627;533
4526;68,67;-96,03;0,00;0,00;0,00;-0,10;0,00;0,00;53;30;31;39;33;889;676
4527;53,02;-172,23;0,00;0,00;0,00;-0,17;0,00;0,00;21;51;76;29;38;343;239
4528;62,21;-95,41;0,00;0,00;0,00;-0,10;0,00;0,00;242;157;86;45;20;247;897
4529;75,54;80,43;0,00;0,00;0,00;0,08;0,00;0,00;493;133;122;45;26;554;511
4530;59,49;-122,14;0,00;0,00;0,00;-0,12;0,00;0,00;412;40;13;27;28;730;753
4531;85,36;101,38;0,00;0,00;0,00;0,10;0,00;0,00;429;153;69;23;39;361;337
4532;40,87;-252,97;0,00;0,00;0,00;-0,25;0,00;0,00;381;16;139;16;39;737;414
4533;57,29;-118,42;0,00;0,00;0,00;-0,12;0,00;0,00;260;15;119;44;19;545;658
4534;44,12;-189,84;0,00;0,00;0,00;-0,19;0,00;0,00;52;40;58;14;29;822;986
4535;30,40;-413,42;0,00;0,00;0,00;-0,41;0,00;0,00;396;36;26;21;17;794;661
4536;0,00;-651,48;0,00;0,00;0,00;-0,65;0,00;0,00;460;181;114;42;18;435;276
4537;0,00;-675,60;0,00;0,00;0,00;-0,68;0,00;0,00;274;46;146;37;33;488;438
4538;49,55;-161,23;0,00;0,00;0,00;-0,16;0,00;0,00;51;143;177;21;23;282;732
4539;69,39;2,43;0,00;0,00;0,00;0,00;0,00;0,00;414;79;88;31;17;874;798
4540;90,55;226,48;0,00;0,00;0,00;0,23;0,00;0,00;304;139;68;49;34;720;516
4541;49,11;-246,00;0,00;0,00;0,00;-0,25;0,00;0,00;331;75;134;43;26;555;856
4542;71,37;-1,69;0,00;0,00;0,00;-0,00;0,00;0,00;207;120;62;47;29;983;383
4543;83,87;257,90;0,00;0,00;0,00;0,26;0,00;0,00;447;82;129;28;28;964;122
4544;66,43;-6,27;0,00;0,00;0,00;-0,01;0,00;0,00;59;20;110;49;28;257;941
4545;71,41;-47,89;0,00;0,00;0,00;-0,05;0,00;0,00;312;191;74;23;24;869;563
4546;69,95;-64,94;0,00;0,00;0,00;-0,06;0,00;0,00;149;117;135;32;28;885;842
4547;72,27;55,14;0,00;0,00;0,00;0,06;0,00;0,00;157;162;127;27;25;422;790
4548;39,51;-324,15;0,00;0,00;0,00;-0,32;0,00;0,00;444;118;128;46;19;670;494
4549;37,29;-336,10;0,00;0,00;0,00;-0,34;0,00;0,00;382;187;122;25;32;383;131
4550;12,05;-580,89;0,00;0,00;0,00;-0,58;0,00;0,00;422;117;56;15;30;523;627
4551;8,20;-621,74;0,00;0,00;0,00;-0,62;0,00;0,00;224;179;34;19;19;188;712
4552;81,46;151,30;0,00;0,00;0,00;0,15;0,00;0,00;132;123;37;10;18;303;981
4553;100,00;253,58;0,00;0,00;0,00;0,25;0,00;0,00;79;37;101;12;23;992;781
4554;44,82;-182,37;0,00;0,00;0,00;-0,18;0,00;0,00;179;120;62;20;26;130;301
4555;9,83;-575,28;0,00;0,00;0,00;-0,58;0,00;0,00;171;131;56;31;29;554;135
4556;61,36;-63,47;0,00;0,00;0,00;-0,06;0,00;0,00;364;68;45;33;21;851;769
4557;52,35;-194,64;0,00;0,00;0,00;-0,19;0,00;0,00;418;76;168;39;30;316;494
4558;68,83;77,55;0,00;0,00;0,00;0,08;0,00;0,00;34;81;165;24;28;146;100
4559;68,30;-13,59;0,00;0,00;0,00;-0,01;0,00;0,00;219;166;10;29;26;215;397
4560;41,45;-260,29;0,00;0,00;0,00;-0,26;0,00;0,00;444;36;32;17;26;831;306
4561;28,36;-464,11;0,00;0,00;0,00;-0,46;0,00;0,00;75;37;107;17;37;918;626
4562;29,48;-416,31;0,00;0,00;0,00;-0,42;0,00;0,00;379;117;111;46;26;844;603
4563;45,21;-261,68;0,00;0,00;0,00;-0,26;0,00;0,00;252;25;10;38;18;584;495
4564;43,11;-204,84;0,00;0,00;0,00;-0,20;0,00;0,00;266;40;135;35;26;126;571
4565;100,00;303,39;0,00;0,00;0,00;0,30;0,00;0,00;153;47;42;15;36;670;640
4566;37,80;-386,25;0,00;0,00;0,00;-0,39;0,00;0,00;481;142;130;18;22;262;796
4567;52,69;-68,53;0,00;0,00;0,00;-0,07;0,00;0,00;286;134;142;36;27;747;202
4568;46,66;-236,89;0,00;0,00;0,00;-0,24;0,00;0,00;457;10;78;46;31;196;339
4569;49,17;-243,52;0,00;0,00;0,00;-0,24;0,00;0,00;422;174;57;36;16;114;869
4570;56,33;-121,99;0,00;0,00;0,00;-0,12;0,00;0,00;12;178;190;31;26;847;463
4571;21,51;-520,69;0,00;0,00;0,00;-0,52;0,00;0,00;389;105;149;18;25;155;893
4572;43,20;-284,83;0,00;0,00;0,00;-0,28;0,00;0,00;313;65;126;47;23;597;692
4573;74,38;-24,90;0,00;0,00;0,00;-0,02;0,00;0,00;407;171;65;22;19;621;149
4574;29,50;-468,43;0,00;0,00;0,00;-0,47;0,00;0,00;31;150;193;49;26;391;133
4575;61,80;-162,91;0,00;0,00;0,00;-0,16;0,00;0,00;389;134;143;38;30;278;161
4576;45,66;-198,78;0,00;0,00;0,00;-0,20;0,00;0,00;397;123;47;36;24;809;496
4577;11,89;-653,65;0,00;0,00;0,00;-0,65;0,00;0,00;374;170;104;25;33;761;434
4578;75,69;-25,60;0,00;0,00;0,00;-0,03;0,00;0,00;395;115;131;19;32;767;404
4579;43,96;-256,94;0,00;0,00;0,00;-0,26;0,00;0,00;115;31;72;27;33;806;386
4580;63,12;-53,05;0,00;0,00;0,00;-0,05;0,00;0,00;18;124;33;26;36;278;342
4581;51,31;-107,59;0,00;0,00;0,00;-0,11;0,00;0,00;313;149;148;41;24;887;519
4582;100,00;450,34;0,00;0,00;0,00;0,45;0,00;0,00;254;127;36;33;22;262;405
4583;26,12;-531,56;0,00;0,00;0,00;-0,53;0,00;0,00;406;50;182;45;24;432;746
4584;40,45;-260,54;0,00;0,00;0,00;-0,26;0,00;0,00;152;16;19;49;24;293;625
4585;64,61;-42,42;0,00;0,00;0,00;-0,04;0,00;0,00;183;166;196;13;24;452;766
4586;89,31;257,08;0,00;0,00;0,00;0,26;0,00;0,00;40;98;106;29;35;277;588
4587;47,30;-263,45;0,00;0,00;0,00;-0,26;0,00;0,00;100;97;51;48;30;889;785
4588;60,76;-117,62;0,00;0,00;0,00;-0,12;0,00;0,00;236;64;89;32;35;566;264
4589;43,34;-298,93;0,00;0,00;0,00;-0,30;0,00;0,00;351;183;19;29;20;445;201
4590;54,75;-109,50;0,00;0,00;0,00;-0,11;0,00;0,00;463;178;139;49;22;105;806
4591;17,09;-578,72;0,00;0,00;0,00;-0,58;0,00;0,00;307;96;171;41;30;758;164
4592;20,10;-498,63;0,00;0,00;0,00;-0,50;0,00;0,00;71;44;162;40;36;585;681
4593;91,70;120,18;0,00;0,00;0,00;0,12;0,00;0,00;236;90;150;19;34;528;714
4594;74,63;16,11;0,00;0,00;0,00;0,02;0,00;0,00;105;117;159;41;38;122;800
4595;35,68;-315,89;0,00;0,00;0,00;-0,32;0,00;0,00;310;58;67;34;18;832;224
4596;52,00;-175,67;0,00;0,00;0,00;-0,18;0,00;0,00;398;76;49;47;34;511;247
4597;33,86;-344,74;0,00;0,00;0,00;-0,34;0,00;0,00;197;24;17;23;19;974;312
4598;94,18;209,13;0,00;0,00;0,00;0,21;0,00;0,00;261;66;42;32;36;336;305
4599;58,53;-225,89;0,00;0,00;0,00;-0,23;0,00;0,00;247;192;155;34;30;746;823
4600;54,27;-155,70;0,00;0,00;0,00;-0,16;0,00;0,00;81;145;90;34;33;796;705
4601;71,21;38,28;0,00;0,00;0,00;0,04;0,00;0,00;68;169;197;27;31;768;667
4602;44,04;-211,83;0,00;0,00;0,00;-0,21;0,00;0,00;187;16;12;25;29;930;453
4603;23,80;-449,23;0,00;0,00;0,00;-0,45;0,00;0,00;290;146;17;17;27;117;952
4604;22,95;-538,82;0,00;0,00;0,00;-0,54;0,00;0,00;97;90;53;40;34;774;652
4605;17,93;-560,36;0,00;0,00;0,00;-0,56;0,00;0,00;117;178;110;22;30;521;211
4606;48,74;-173,30;0,00;0,00;0,00;-0,17;0,00;0,00;82;101;90;30;17;401;488
4607;39,39;-255,14;0,00;0,00;0,00;-0,26;0,00;0,00;47;195;90;21;35;872;276
4608;53,88;-174,89;0,00;0,00;0,00;-0,17;0,00;0,00;22;106;153;17;16;513;496
4609;40,62;-249,65;0,00;0,00;0,00;-0,25;0,00;0,00;270;124;176;30;35;411;218
4610;70,61;17,18;0,00;0,00;0,00;0,02;0,00;0,00;75;199;148;25;29;996;210
4611;53,29;-135,77;0,00;0,00;0,00;-0,14;0,00;0,00;387;126;186;49;18;309;176
4612;24,70;-434,44;0,00;0,00;0,00;-0,43;0,00;0,00;434;56;136;45;39;494;314
4613;41,12;-258,52;0,00;0,00;0,00;-0,26;0,00;0,00;10;140;23;13;31;242;531
4614;69,37;-2,48;0,00;0,00;0,00;-0,00;0,00;0,00;148;177;165;33;38;898;534
4615;65,07;-72,64;0,00;0,00;0,00;-0,07;0,00;0,00;449;24;60;14;29;277;817
4616;74,38;44,85;0,00;0,00;0,00;0,04;0,00;0,00;318;16;166;44;31;838;319
4617;54,03;-233,74;0,00;0,00;0,00;-0,23;0,00;0,00;390;46;167;33;15;288;212
4618;17,07;-477,11;0,00;0,00;0,00;-0,48;0,00;0,00;424;17;70;27;32;304;456
4619;46,07;-178,58;0,00;0,00;0,00;-0,18;0,00;0,00;409;51;140;28;28;599;440
4620;40,87;-314,64;0,00;0,00;0,00;-0,31;0,00;0,00;250;58;59;28;37;993;446
4621;90,53;140,78;0,00;0,00;0,00;0,14;0,00;0,00;68;157;180;41;29;936;709
4622;86,77;89,58;0,00;0,00;0,00;0,09;0,00;0,00;28;173;102;25;15;664;528
4623;77,88;86,91;0,00;0,00;0,00;0,09;0,00;0,00;413;140;78;43;36;438;154
4624;47,75;-159,63;0,00;0,00;0,00;-0,16;0,00;0,00;470;125;193;27;23;863;720
4625;25,29;-442,03;0,00;0,00;0,00;-0,44;0,00;0,00;274;10;55;35;33;190;803
4626;65,46;-70,13;0,00;0,00;0,00;-0,07;0,00;0,00;381;166;42;23;30;515;181
4627;65,60;-1,67;0,00;0,00;0,00;-0,00;0,00;0,00;438;49;45;17;36;247;121
4628;83,11;137,41;0,00;0,00;0,00;0,14;0,00;0,00;363;36;134;36;21;705;429
4629;27,54;-435,41;0,00;0,00;0,00;-0,44;0,00;0,00;406;150;159;43;17;785;810
4630;76,36;10,06;0,00;0,00;0,00;0,01;0,00;0,00;435;133;62;29;27;150;638
4631;3,62;-718,00;0,00;0,00;0,00;-0,72;0,00;0,00;83;46;36;35;15;897;769
4632;35,75;-326,65;0,00;0,00;0,00;-0,33;0,00;0,00;183;66;120;31;35;324;739
4633;34,01;-357,44;0,00;0,00;0,00;-0,36;0,00;0,00;457;59;180;39;21;678;329
4634;64,48;-27,39;0,00;0,00;0,00;-0,03;0,00;0,00;335;109;15;10;21;950;845
4635;84,13;222,69;0,00;0,00;0,00;0,22;0,00;0,00;495;66;169;19;37;185;855
4636;38,93;-398,20;0,00;0,00;0,00;-0,40;0,00;0,00;68;59;117;12;39;135;149
4637;58,32;-67,80;0,00;0,00;0,00;-0,07;0,00;0,00;121;149;193;47;17;390;323
4638;4,77;-607,92;0,00;0,00;0,00;-0,61;0,00;0,00;222;103;128;31;28;988;601
4639;70,63;-51,19;0,00;0,00;0,00;-0,05;0,00;0,00;87;29;144;47;24;465;356
4640;38,97;-386,26;0,00;0,00;0,00;-0,39;0,00;0,00;407;133;134;38;37;818;823
4641;74,30;-27,33;0,00;0,00;0,00;-0,03;0,00;0,00;284;81;184;27;38;637;260
4642;40,88;-353,25;0,00;0,00;0,00;-0,35;0,00;0,00;152;179;85;11;39;322;496
4643;23,80;-476,86;0,00;0,00;0,00;-0,48;0,00;0,00;151;137;54;18;26;159;339
4644;58,29;-180,97;0,00;0,00;0,00;-0,18;0,00;0,00;446;178;156;49;22;657;329
4645;53,38;-103,52;0,00;0,00;0,00;-0,10;0,00;0,00;61;59;151;10;23;169;221
4646;18,02;-518,81;0,00;0,00;0,00;-0,52;0,00;0,00;117;107;122;49;28;587;418
4647;68,91;-28,44;0,00;0,00;0,00;-0,03;0,00;0,00;349;43;85;20;24;573;265
4648;79,96;125,59;0,00;0,00;0,00;0,13;0,00;0,00;95;32;180;44;18;283;129
4649;58,58;-78,73;0,00;0,00;0,00;-0,08;0,00;0,00;162;97;129;30;16;634;998
4650;24,86;-449,24;0,00;0,00;0,00;-0,45;0,00;0,00;279;71;149;31;37;203;548
4651;100,00;274,37;0,00;0,00;0,00;0,27;0,00;0,00;466;77;34;19;34;864;993
4652;29,50;-445,22;0,00;0,00;0,00;-0,45;0,00;0,00;485;17;45;15;34;494;720
4653;6,46;-692,50;0,00;0,00;0,00;-0,69;0,00;0,00;434;153;138;30;22;770;394
4654;75,98;107,31;0,00;0,00;0,00;0,11;0,00;0,00;480;76;175;31;33;727;457
4655;61,23;-103,54;0,00;0,00;0,00;-0,10;0,00;0,00;219;117;102;18;30;351;405
4656;73,58;-9,95;0,00;0,00;0,00;-0,01;0,00;0,00;202;77;79;31;38;628;362
4657;54,08;-181,04;0,00;0,00;0,00;-0,18;0,00;0,00;294;76;135;27;34;402;684
4658;35,71;-389,93;0,00;0,00;0,00;-0,39;0,00;0,00;86;152;148;20;18;144;730
4659;0,00;-646,96;0,00;0,00;0,00;-0,65;0,00;0,00;265;143;160;11;28;148;640
4660;79,79;98,48;0,00;0,00;0,00;0,10;0,00;0,00;300;107;180;43;25;867;540
4661;75,01;73,42;0,00;0,00;0,00;0,07;0,00;0,00;422;74;169;24;28;263;567
4662;100,00;355,43;0,00;0,00;0,00;0,36;0,00;0,00;476;64;21;17;35;660;568
4663;90,62;219,78;0,00;0,00;0,00;0,22;0,00;0,00;216;63;180;27;34;574;145
4664;78,74;41,43;0,00;0,00;0,00;0,04;0,00;0,00;255;36;38;18;24;374;156
4665;71,00;19,16;0,00;0,00;0,00;0,02;0,00;0,00;104;171;27;19;32;707;101
4666;41,19;-314,65;0,00;0,00;0,00;-0,31;0,00;0,00;41;156;94;34;29;167;907
4667;47,38;-232,67;0,00;0,00;0,00;-0,23;0,00;0,00;232;47;160;22;28;318;225
4668;65,70;-70,22;0,00;0,00;0,00;-0,07;0,00;0,00;434;53;41;41;28;160;336
4669;66,24;-9,47;0,00;0,00;0,00;-0,01;0,00;0,00;331;174;102;32;21;699;989
4670;47,94;-236,58;0,00;0,00;0,00;-0,24;0,00;0,00;429;63;101;21;21;796;933
4671;54,50;-149,37;0,00;0,00;0,00;-0,15;0,00;0,00;123;51;31;24;19;483;944
4672;26,35;-440,94;0,00;0,00;0,00;-0,44;0,00;0,00;451;174;134;48;32;830;622
4673;76,55;33,25;0,00;0,00;0,00;0,03;0,00;0,00;331;86;16;30;18;753;888
4674;60,75;-145,62;0,00;0,00;0,00;-0,15;0,00;0,00;128;14;180;11;34;334;132
4675;37,99;-310,48;0,00;0,00;0,00;-0,31;0,00;0,00;470;198;147;14;39;907;316
4676;49,76;-120,60;0,00;0,00;0,00;-0,12;0,00;0,00;389;129;158;22;29;186;361
4677;38,25;-324,29;0,00;0,00;0,00;-0,32;0,00;0,00;461;102;145;46;24;567;629
4678;68,07;-7,36;0,00;0,00;0,00;-0,01;0,00;0,00;120;46;10;11;15;867;805
4679;49,01;-264,80;0,00;0,00;0,00;-0,26;0,00;0,00;443;114;100;18;20;910;810
4680;91,57;204,12;0,00;0,00;0,00;0,20;0,00;0,00;69;91;47;41;30;675;879
4681;25,09;-524,94;0,00;0,00;0,00;-0,52;0,00;0,00;383;78;94;31;32;949;571
4682;50,36;-160,78;0,00;0,00;0,00;-0,16;0,00;0,00;106;41;179;37;32;291;728
4683;20,81;-451,49;0,00;0,00;0,00;-0,45;0,00;0,00;376;57;150;39;33;952;847
4684;41,64;-263,75;0,00;0,00;0,00;-0,26;0,00;0,00;319;14;102;49;37;196;447
4685;100,00;334,61;0,00;0,00;0,00;0,33;0,00;0,00;236;126;14;13;34;713;159
4686;67,79;-69,40;0,00;0,00;0,00;-0,07;0,00;0,00;302;99;10;29;16;718;714
4687;43,37;-289,51;0,00;0,00;0,00;-0,29;0,00;0,00;52;12;20;11;17;394;648
4688;55,78;-191,82;0,00;0,00;0,00;-0,19;0,00;0,00;319;146;61;33;32;275;700
4689;59,98;-224,49;0,00;0,00;0,00;-0,22;0,00;0,00;246;79;41;43;17;941;962
4690;6,54;-679,63;0,00;0,00;0,00;-0,68;0,00;0,00;181;167;129;26;30;306;917
4691;28,99;-455,59;0,00;0,00;0,00;-0,46;0,00;0,00;37;47;199;46;17;263;805
4692;43,23;-285,92;0,00;0,00;0,00;-0,29;0,00;0,00;13;151;73;34;32;438;693
4693;40,69;-158,78;0,00;0,00;0,00;-0,16;0,00;0,00;269;37;159;24;23;140;729
4694;18,44;-497,50;0,00;0,00;0,00;-0,50;0,00;0,00;373;168;160;16;15;710;309
4695;36,20;-394,47;0,00;0,00;0,00;-0,39;0,00;0,00;359;82;33;34;17;494;145
4696;76,04;138,76;0,00;0,00;0,00;0,14;0,00;0,00;178;91;197;38;20;506;311
4697;61,27;-30,77;0,00;0,00;0,00;-0,03;0,00;0,00;236;177;129;49;16;750;997
4698;47,19;-287,42;0,00;0,00;0,00;-0,29;0,00;0,00;422;177;42;40;24;295;948
4699;29,33;-318,95;0,00;0,00;0,00;-0,32;0,00;0,00;32;192;165;40;36;127;360
4700;60,87;-89,47;0,00;0,00;0,00;-0,09;0,00;0,00;127;22;35;44;25;326;893
4701;46,51;-297,52;0,00;0,00;0,00;-0,30;0,00;0,00;262;58;148;19;39;876;518
4702;60,37;-184,93;0,00;0,00;0,00;-0,18;0,00;0,00;92;167;192;43;18;581;714
4703;92,35;227,94;0,00;0,00;0,00;0,23;0,00;0,00;469;185;194;41;16;309;180
4704;53,29;-175,20;0,00;0,00;0,00;-0,18;0,00;0,00;429;147;187;25;16;518;400
4705;50,94;-133,37;0,00;0,00;0,00;-0,13;0,00;0,00;499;128;114;18;36;450;139
4706;20,84;-478,21;0,00;0,00;0,00;-0,48;0,00;0,00;256;147;35;23;39;654;453
4707;28,94;-462,15;0,00;0,00;0,00;-0,46;0,00;0,00;228;108;149;41;22;373;105
4708;49,89;-184,24;0,00;0,00;0,00;-0,18;0,00;0,00;61;48;136;44;33;580;877
4709;33,31;-437,51;0,00;0,00;0,00;-0,44;0,00;0,00;418;12;66;35;32;651;175
4710;36,71;-297,97;0,00;0,00;0,00;-0,30;0,00;0,00;117;44;93;45;32;263;920
4711;63,96;-46,00;0,00;0,00;0,00;-0,05;0,00;0,00;392;175;165;22;25;173;986
4712;35,46;-367,67;0,00;0,00;0,00;-0,37;0,00;0,00;12;129;10;30;31;314;586
4713;40,80;-357,40;0,00;0,00;0,00;-0,36;0,00;0,00;104;27;174;21;24;717;756
4714;43,92;-209,26;0,00;0,00;0,00;-0,21;0,00;0,00;486;66;10;21;21;414;990
4715;19,35;-484,20;0,00;0,00;0,00;-0,48;0,00;0,00;218;29;61;33;31;266;382
4716;80,52;110,85;0,00;0,00;0,00;0,11;0,00;0,00;309;139;42;31;16;489;911
4717;87,34;146,49;0,00;0,00;0,00;0,15;0,00;0,00;130;28;27;34;23;487;394
4718;75,12;57,50;0,00;0,00;0,00;0,06;0,00;0,00;42;192;173;47;19;277;833
4719;6,73;-680,52;0,00;0,00;0,00;-0,68;0,00;0,00;219;44;189;47;15;946;287
4720;35,08;-348,59;0,00;0,00;0,00;-0,35;0,00;0,00;445;23;53;24;20;432;707
4721;3,89;-576,82;0,00;0,00;0,00;-0,58;0,00;0,00;384;178;77;16;21;859;339
4722;25,39;-384,51;0,00;0,00;0,00;-0,38;0,00;0,00;183;12;161;47;28;559;575
4723;14,48;-634,47;0,00;0,00;0,00;-0,63;0,00;0,00;399;104;132;19;26;552;811
4724;29,14;-452,58;0,00;0,00;0,00;-0,45;0,00;0,00;101;45;120;11;18;286;385
4725;47,61;-214,30;0,00;0,00;0,00;-0,21;0,00;0,00;263;160;39;10;34;747;321
4726;63,89;-91,58;0,00;0,00;0,00;-0,09;0,00;0,00;57;137;124;38;27;114;788
4727;64,83;-112,12;0,00;0,00;0,00;-0,11;0,00;0,00;283;77;79;33;39;414;284
4728;60,87;-152,75;0,00;0,00;0,00;-0,15;0,00;0,00;476;42;150;18;32;676;404
4729;55,55;-6,00;0,00;0,00;0,00;-0,01;0,00;0,00;368;92;117;41;23;215;703
4730;30,78;-410,44;0,00;0,00;0,00;-0,41;0,00;0,00;110;191;70;42;22;385;854
4731;59,01;-10,04;0,00;0,00;0,00;-0,01;0,00;0,00;256;135;19;34;24;890;380
4732;61,29;-62,97;0,00;0,00;0,00;-0,06;0,00;0,00;118;175;176;22;17;236;418
4733;40,97;-288,69;0,00;0,00;0,00;-0,29;0,00;0,00;288;116;20;10;32;722;330
4734;7,42;-636,90;0,00;0,00;0,00;-0,64;0,00;0,00;20;94;125;12;19;349;887
4735;55,88;-163,09;0,00;0,00;0,00;-0,16;0,00;0,00;316;46;50;44;20;555;652
4736;47,44;-259,61;0,00;0,00;0,00;-0,26;0,00;0,00;392;56;21;16;22;728;665
4737;68,36;14,68;0,00;0,00;0,00;0,01;0,00;0,00;355;99;94;13;30;556;144
4738;53,77;-206,18;0,00;0,00;0,00;-0,21;0,00;0,00;412;104;125;37;20;596;661
4739;21,09;-437,74;0,00;0,00;0,00;-0,44;0,00;0,00;279;53;18;22;29;802;705
4740;55,24;-212,98;0,00;0,00;0,00;-0,21;0,00;0,00;223;14;17;32;28;255;152
4741;59,65;-91,78;0,00;0,00;0,00;-0,09;0,00;0,00;344;87;137;30;33;929;609
4742;30,79;-359,10;0,00;0,00;0,00;-0,36;0,00;0,00;67;15;13;48;39;685;136
4743;0,00;-653,97;0,00;0,00;0,00;-0,65;0,00;0,00;348;20;58;29;30;635;665
4744;83,46;158,32;0,00;0,00;0,00;0,16;0,00;0,00;315;190;21;20;37;476;676
4745;96,25;293,82;0,00;0,00;0,00;0,29;0,00;0,00;123;11;174;15;39;133;514
4746;53,84;-198,06;0,00;0,00;0,00;-0,20;0,00;0,00;454;151;42;32;38;859;366
4747;34,81;-433,40;0,00;0,00;0,00;-0,43;0,00;0,00;133;48;178;17;18;871;825
4748;50,08;-175,44;0,00;0,00;0,00;-0,18;0,00;0,00;268;78;78;19;27;768;417
4749;25,82;-453,33;0,00;0,00;0,00;-0,45;0,00;0,00;492;144;31;45;38;793;700
4750;50,48;-254,57;0,00;0,00;0,00;-0,25;0,00;0,00;100;125;176;36;31;527;158
4751;63,35;-110,21;0,00;0,00;0,00;-0,11;0,00;0,00;422;122;17;40;35;568;573
4752;66,45;-85,49;0,00;0,00;0,00;-0,09;0,00;0,00;277;46;190;44;38;212;468
4753;58,77;-71,04;0,00;0,00;0,00;-0,07;0,00;0,00;458;46;151;32;17;178;530
4754;12,32;-572,23;0,00;0,00;0,00;-0,57;0,00;0,00;134;186;79;13;30;503;997
4755;100,00;378,50;0,00;0,00;0,00;0,38;0,00;0,00;384;41;109;42;20;561;574
4756;57,22;-106,15;0,00;0,00;0,00;-0,11;0,00;0,00;214;93;34;24;35;363;879
4757;100,00;292,41;0,00;0,00;0,00;0,29;0,00;0,00;362;37;49;40;38;504;289
4758;80,08;63,53;0,00;0,00;0,00;0,06;0,00;0,00;221;106;70;30;17;542;692
4759;69,40;-103,26;0,00;0,00;0,00;-0,10;0,00;0,00;482;195;138;32;33;107;350
4760;22,04;-497,83;0,00;0,00;0,00;-0,50;0,00;0,00;180;49;37;17;23;633;917
4761;22,37;-395,25;0,00;0,00;0,00;-0,40;0,00;0,00;82;137;85;45;36;453;420
4762;69,66;3,93;0,00;0,00;0,00;0,00;0,00;0,00;420;76;54;16;39;889;826
4763;32,89;-418,74;0,00;0,00;0,00;-0,42;0,00;0,00;126;105;176;31;19;803;390
4764;39,71;-288,33;0,00;0,00;0,00;-0,29;0,00;0,00;459;150;156;32;25;943;460
4765;63,88;-62,98;0,00;0,00;0,00;-0,06;0,00;0,00;44;21;168;28;22;900;398
4766;9,48;-543,87;0,00;0,00;0,00;-0,54;0,00;0,00;96;197;33;40;24;284;434
4767;76,85;73,74;0,00;0,00;0,00;0,07;0,00;0,00;119;178;107;19;20;583;471
4768;67,45;-84,00;0,00;0,00;0,00;-0,08;0,00;0,00;129;142;47;14;26;721;233
4769;6,27;-671,48;0,00;0,00;0,00;-0,67;0,00;0,00;47;193;61;43;33;253;351
4770;52,78;-176,63;0,00;0,00;0,00;-0,18;0,00;0,00;116;140;144;22;24;343;795
4771;39,10;-335,25;0,00;0,00;0,00;-0,34;0,00;0,00;483;137;166;27;34;445;923
4772;58,70;-116,36;0,00;0,00;0,00;-0,12;0,00;0,00;375;66;198;45;34;101;974
4773;31,70;-398,60;0,00;0,00;0,00;-0,40;0,00;0,00;90;31;75;20;23;525;261
4774;42,93;-271,96;0,00;0,00;0,00;-0,27;0,00;0,00;287;106;21;10;23;636;534
4775;58,99;-116,08;0,00;0,00;0,00;-0,12;0,00;0,00;200;49;16;39;32;550;896
4776;42,02;-320,64;0,00;0,00;0,00;-0,32;0,00;0,00;419;85;173;43;22;693;135
4777;48,40;-240,80;0,00;0,00;0,00;-0,24;0,00;0,00;229;122;86;16;37;285;957
4778;64,45;-170,93;0,00;0,00;0,00;-0,17;0,00;0,00;446;15;61;30;19;388;556
4779;57,83;-196,35;0,00;0,00;0,00;-0,20;0,00;0,00;151;33;82;31;29;584;245
4780;71,94;24,79;0,00;0,00;0,00;0,02;0,00;0,00;172;108;50;47;36;612;129
4781;17,10;-587,54;0,00;0,00;0,00;-0,59;0,00;0,00;217;51;89;31;33;578;454
4782;71,93;7,10;0,00;0,00;0,00;0,01;0,00;0,00;149;101;14;18;25;332;510
4783;36,65;-335,27;0,00;0,00;0,00;-0,34;0,00;0,00;84;161;73;11;27;990;756
4784;69,48;-75,32;0,00;0,00;0,00;-0,08;0,00;0,00;90;98;98;43;26;773;552
4785;58,03;-139,39;0,00;0,00;0,00;-0,14;0,00;0,00;260;155;24;25;16;529;907
4786;44,43;-278,75;0,00;0,00;0,00;-0,28;0,00;0,00;401;194;69;14;23;444;182
4787;31,11;-340,14;0,00;0,00;0,00;-0,34;0,00;0,00;200;75;73;42;22;666;162
4788;13,75;-560,63;0,00;0,00;0,00;-0,56;0,00;0,00;154;71;169;39;34;169;184
4789;100,00;425,38;0,00;0,00;0,00;0,43;0,00;0,00;43;149;111;46;27;573;992
4790;64,22;-121,15;0,00;0,00;0,00;-0,12;0,00;0,00;190;64;59;37;34;776;752
4791;22,87;-457,04;0,00;0,00;0,00;-0,46;0,00;0,00;329;49;43;35;23;925;572
4792;71,87;-3,67;0,00;0,00;0,00;-0,00;0,00;0,00;156;95;82;46;33;357;322
4793;39,27;-412,46;0,00;0,00;0,00;-0,41;0,00;0,00;336;82;129;32;25;824;770
4794;46,39;-303,40;0,00;0,00;0,00;-0,30;0,00;0,00;70;166;177;36;21;150;478
4795;97,25;273,85;0,00;0,00;0,00;0,27;0,00;0,00;441;113;96;37;28;639;868
4796;37,57;-436,13;0,00;0,00;0,00;-0,44;0,00;0,00;438;18;140;36;30;320;546
4797;64,00;-51,65;0,00;0,00;0,00;-0,05;0,00;0,00;250;90;185;48;19;734;841
4798;35,34;-237,46;0,00;0,00;0,00;-0,24;0,00;0,00;211;11;73;16;29;339;144
4799;99,61;358,27;0,00;0,00;0,00;0,36;0,00;0,00;405;95;94;44;23;456;154
4800;29,06;-447,58;0,00;0,00;0,00;-0,45;0,00;0,00;49;54;66;11;16;286;463
4801;61,00;17,39;0,00;0,00;0,00;0,02;0,00;0,00;388;76;136;17;34;741;788
4802;71,14;109,19;0,00;0,00;0,00;0,11;0,00;0,00;45;120;29;34;21;624;226
4803;44,19;-252,29;0,00;0,00;0,00;-0,25;0,00;0,00;390;90;118;35;29;502;773
4804;53,85;-58,95;0,00;0,00;0,00;-0,06;0,00;0,00;433;10;45;12;23;741;830
4805;58,76;-84,79;0,00;0,00;0,00;-0,08;0,00;0,00;255;24;118;29;37;988;695
4806;71,20;28,94;0,00;0,00;0,00;0,03;0,00;0,00;149;196;139;25;18;652;568
4807;23,53;-557,52;0,00;0,00;0,00;-0,56;0,00;0,00;272;156;79;24;25;894;193
4808;84,23;110,61;0,00;0,00;0,00;0,11;0,00;0,00;165;137;133;15;20;498;714
4809;88,60;288,51;0,00;0,00;0,00;0,29;0,00;0,00;224;27;160;24;36;745;526
4810;51,62;-182,04;0,00;0,00;0,00;-0,18;0,00;0,00;345;78;169;12;22;593;361
4811;86,32;234,08;0,00;0,00;0,00;0,23;0,00;0,00;447;161;36;46;19;416;708
4812;20,73;-487,03;0,00;0,00;0,00;-0,49;0,00;0,00;489;112;38;38;23;894;903
4813;72,14;12,63;0,00;0,00;0,00;0,01;0,00;0,00;402;136;196;12;25;372;961
4814;54,74;-80,68;0,00;0,00;0,00;-0,08;0,00;0,00;12;30;71;10;24;543;423
4815;47,48;-209,97;0,00;0,00;0,00;-0,21;0,00;0,00;214;106;161;17;20;383;602
4816;48,49;-218,08;0,00;0,00;0,00;-0,22;0,00;0,00;163;67;175;44;19;491;951
4817;54,13;-195,70;0,00;0,00;0,00;-0,20;0,00;0,00;88;171;167;27;21;706;442
4818;80,14;95,56;0,00;0,00;0,00;0,10;0,00;0,00;307;149;58;21;37;701;902
4819;33,37;-371,74;0,00;0,00;0,00;-0,37;0,00;0,00;53;63;129;41;25;563;457
4820;66,71;-59,83;0,00;0,00;0,00;-0,06;0,00;0,00;439;66;57;15;15;228;401
4821;31,56;-377,69;0,00;0,00;0,00;-0,38;0,00;0,00;462;172;111;13;30;342;963
4822;79,08;175,44;0,00;0,00;0,00;0,18;0,00;0,00;476;180;158;41;35;758;517
4823;34,47;-330,74;0,00;0,00;0,00;-0,33;0,00;0,00;10;61;103;44;21;394;901
4824;69,09;42,13;0,00;0,00;0,00;0,04;0,00;0,00;114;77;152;29;16;357;140
4825;37,30;-361,57;0,00;0,00;0,00;-0,36;0,00;0,00;446;17;78;25;30;274;617
4826;72,17;80,13;0,00;0,00;0,00;0,08;0,00;0,00;449;20;143;44;19;651;947
4827;64,20;-25,84;0,00;0,00;0,00;-0,03;0,00;0,00;33;97;162;11;21;115;270
4828;72,58;8,82;0,00;0,00;0,00;0,01;0,00;0,00;349;188;148;22;28;976;750
4829;43,56;-287,08;0,00;0,00;0,00;-0,29;0,00;0,00;373;142;102;35;33;393;731
4830;44,56;-278,51;0,00;0,00;0,00;-0,28;0,00;0,00;430;34;26;47;25;404;438
4831;50,52;-216,89;0,00;0,00;0,00;-0,22;0,00;0,00;420;26;110;33;31;218;340
4832;36,32;-412,04;0,00;0,00;0,00;-0,41;0,00;0,00;45;21;83;10;16;449;560
4833;38,47;-279,68;0,00;0,00;0,00;-0,28;0,00;0,00;243;14;19;43;33;774;819
4834;17,33;-476,63;0,00;0,00;0,00;-0,48;0,00;0,00;468;175;166;33;16;668;915
4835;36,07;-254,75;0,00;0,00;0,00;-0,25;0,00;0,00;11;74;176;15;21;454;559
4836;100,00;306,83;0,00;0,00;0,00;0,31;0,00;0,00;447;69;10;37;26;374;627
4837;60,56;-145,45;0,00;0,00;0,00;-0,15;0,00;0,00;326;110;151;18;26;357;671
4838;24,85;-351,03;0,00;0,00;0,00;-0,35;0,00;0,00;189;172;139;10;31;384;768
4839;88,61;157,59;0,00;0,00;0,00;0,16;0,00;0,00;261;76;43;16;31;552;276
4840;65,36;-89,31;0,00;0,00;0,00;-0,09;0,00;0,00;334;27;117;18;38;193;452
4841;53,30;-207,49;0,00;0,00;0,00;-0,21;0,00;0,00;492;135;158;25;33;899;561
4842;77,72;7,47;0,00;0,00;0,00;0,01;0,00;0,00;26;165;194;13;39;476;439
4843;63,15;-88,38;0,00;0,00;0,00;-0,09;0,00;0,00;95;96;34;49;34;352;149
4844;27,41;-378,42;0,00;0,00;0,00;-0,38;0,00;0,00;185;78;186;40;30;699;595
4845;48,12;-189,59;0,00;0,00;0,00;-0,19;0,00;0,00;226;179;137;46;34;267;875
4846;36,03;-358,22;0,00;0,00;0,00;-0,36;0,00;0,00;121;179;98;40;15;106;735
4847;56,31;-98,67;0,00;0,00;0,00;-0,10;0,00;0,00;114;47;25;43;16;687;212
4848;69,09;-73,43;0,00;0,00;0,00;-0,07;0,00;0,00;294;98;24;19;18;493;575
4849;51,15;-202,70;0,00;0,00;0,00;-0,20;0,00;0,00;53;13;56;45;38;198;285
4850;53,38;-245,03;0,00;0,00;0,00;-0,25;0,00;0,00;344;33;152;47;32;831;853
4851;36,33;-348,32;0,00;0,00;0,00;-0,35;0,00;0,00;212;194;196;11;36;251;250
4852;51,55;-46,56;0,00;0,00;0,00;-0,05;0,00;0,00;48;76;114;17;34;284;675
4853;51,82;-220,32;0,00;0,00;0,00;-0,22;0,00;0,00;35;150;72;32;29;539;507
4854;35,25;-398,72;0,00;0,00;0,00;-0,40;0,00;0,00;184;22;10;28;34;774;167
4855;52,30;-233,51;0,00;0,00;0,00;-0,23;0,00;0,00;340;149;187;41;22;859;203
4856;41,66;-380,95;0,00;0,00;0,00;-0,38;0,00;0,00;446;167;143;13;30;257;502
4857;86,51;208,02;0,00;0,00;0,00;0,21;0,00;0,00;145;59;72;43;31;698;297
4858;60,07;-88,23;0,00;0,00;0,00;-0,09;0,00;0,00;350;157;69;34;25;996;771
4859;48,55;-176,52;0,00;0,00;0,00;-0,18;0,00;0,00;389;153;22;16;30;870;369
4860;67,66;-8,48;0,00;0,00;0,00;-0,01;0,00;0,00;458;106;162;10;36;637;541
4861;24,17;-485,63;0,00;0,00;0,00;-0,49;0,00;0,00;337;133;109;41;18;731;969
4862;66,06;39,04;0,00;0,00;0,00;0,04;0,00;0,00;282;181;23;17;20;933;974
4863;23,43;-429,82;0,00;0,00;0,00;-0,43;0,00;0,00;385;14;157;21;16;823;224
4864;50,78;-219,66;0,00;0,00;0,00;-0,22;0,00;0,00;120;39;167;21;24;111;528
4865;34,92;-384,68;0,00;0,00;0,00;-0,38;0,00;0,00;495;76;123;44;29;677;904
4866;61,10;-88,51;0,00;0,00;0,00;-0,09;0,00;0,00;441;101;77;45;31;480;641
4867;14,86;-522,67;0,00;0,00;0,00;-0,52;0,00;0,00;105;105;114;37;33;886;250
4868;74,83;35,77;0,00;0,00;0,00;0,04;0,00;0,00;357;158;190;38;32;208;192
4869;69,79;16,66;0,00;0,00;0,00;0,02;0,00;0,00;330;73;45;26;24;898;539
4870;27,81;-348,87;0,00;0,00;0,00;-0,35;0,00;0,00;87;72;138;29;34;736;952
4871;32,69;-422,78;0,00;0,00;0,00;-0,42;0,00;0,00;180;108;34;12;34;740;540
4872;48,88;-214,90;0,00;0,00;0,00;-0,21;0,00;0,00;295;129;36;18;21;661;128
4873;58,73;-101,82;0,00;0,00;0,00;-0,10;0,00;0,00;289;134;36;36;32;151;866
4874;83,33;119,40;0,00;0,00;0,00;0,12;0,00;0,00;355;170;166;20;15;968;541
4875;54,26;-133,47;0,00;0,00;0,00;-0,13;0,00;0,00;65;181;156;33;33;828;730
4876;43,16;-261,24;0,00;0,00;0,00;-0,26;0,00;0,00;21;124;31;33;25;438;420
4877;65,61;23,62;0,00;0,00;0,00;0,02;0,00;0,00;231;42;75;46;19;601;873
4878;67,23;-124,36;0,00;0,00;0,00;-0,12;0,00;0,00;292;102;38;19;16;143;896
4879;46,80;-232,54;0,00;0,00;0,00;-0,23;0,00;0,00;172;151;166;39;38;657;763
4880;42,92;-217,27;0,00;0,00;0,00;-0,22;0,00;0,00;276;139;117;13;30;820;287
4881;27,60;-349,06;0,00;0,00;0,00;-0,35;0,00;0,00;26;191;156;29;19;343;179
4882;65,56;12,50;0,00;0,00;0,00;0,01;0,00;0,00;478;92;149;19;26;546;433
4883;39,24;-315,13;0,00;0,00;0,00;-0,32;0,00;0,00;194;193;32;49;23;983;966
4884;55,23;-123,92;0,00;0,00;0,00;-0,12;0,00;0,00;150;164;114;38;33;872;414
4885;35,34;-381,14;0,00;0,00;0,00;-0,38;0,00;0,00;498;176;25;20;38;366;903
4886;24,94;-574,02;0,00;0,00;0,00;-0,57;0,00;0,00;481;178;98;15;32;580;868
4887;19,14;-497,41;0,00;0,00;0,00;-0,50;0,00;0,00;217;83;40;11;28;910;704
4888;63,91;-45,70;0,00;0,00;0,00;-0,05;0,00;0,00;473;55;68;15;39;834;931
4889;34,15;-312,18;0,00;0,00;0,00;-0,31;0,00;0,00;116;113;28;22;38;452;955
4890;30,66;-410,55;0,00;0,00;0,00;-0,41;0,00;0,00;181;189;189;12;16;783;669
4891;54,09;-206,30;0,00;0,00;0,00;-0,21;0,00;0,00;410;117;108;30;21;906;753
4892;86,04;96,65;0,00;0,00;0,00;0,10;0,00;0,00;25;65;23;22;16;358;896
4893;38,66;-245,68;0,00;0,00;0,00;-0,25;0,00;0,00;92;140;73;20;18;751;775
4894;33,79;-400,92;0,00;0,00;0,00;-0,40;0,00;0,00;172;127;135;25;32;584;917
4895;83,54;189,04;0,00;0,00;0,00;0,19;0,00;0,00;465;52;13;14;36;546;490
4896;53,19;-63,47;0,00;0,00;0,00;-0,06;0,00;0,00;179;44;74;29;32;794;932
4897;94,21;251,49;0,00;0,00;0,00;0,25;0,00;0,00;68;43;177;18;27;591;235
4898;28,09;-397,08;0,00;0,00;0,00;-0,40;0,00;0,00;204;115;108;44;27;571;732
4899;62,74;-92,13;0,00;0,00;0,00;-0,09;0,00;0,00;416;84;186;47;24;387;324
4900;88,15;164,31;0,00;0,00;0,00;0,16;0,00;0,00;457;12;171;27;22;748;930
4901;0,00;-633,27;0,00;0,00;0,00;-0,63;0,00;0,00;102;196;151;49;35;515;976
4902;100,00;288,48;0,00;0,00;0,00;0,29;0,00;0,00;470;194;63;22;22;590;640
4903;40,86;-238,97;0,00;0,00;0,00;-0,24;0,00;0,00;417;160;123;24;30;273;826
4904;25,57;-449,85;0,00;0,00;0,00;-0,45;0,00;0,00;287;141;102;17;26;534;929
4905;89,21;154,27;0,00;0,00;0,00;0,15;0,00;0,00;300;89;174;44;18;778;812
4906;56,78;-189,46;0,00;0,00;0,00;-0,19;0,00;0,00;124;67;26;28;15;625;327
4907;28,22;-393,90;0,00;0,00;0,00;-0,39;0,00;0,00;257;178;56;37;19;794;591
4908;22,68;-551,29;0,00;0,00;0,00;-0,55;0,00;0,00;222;103;57;20;17;589;578
4909;100,00;264,09;0,00;0,00;0,00;0,26;0,00;0,00;139;56;145;18;33;591;411
4910;36,69;-418,84;0,00;0,00;0,00;-0,42;0,00;0,00;374;14;191;26;21;560;268
4911;53,76;-158,54;0,00;0,00;0,00;-0,16;0,00;0,00;459;62;72;49;20;462;846
4912;69,84;-24,89;0,00;0,00;0,00;-0,02;0,00;0,00;302;65;171;42;21;116;780
4913;43,73;-332,08;0,00;0,00;0,00;-0,33;0,00;0,00;299;184;123;17;29;538;966
4914;58,53;-124,29;0,00;0,00;0,00;-0,12;0,00;0,00;349;100;58;15;36;683;719
4915;53,49;-109,45;0,00;0,00;0,00;-0,11;0,00;0,00;481;47;178;41;37;303;732
4916;97,09;279,60;0,00;0,00;0,00;0,28;0,00;0,00;425;178;182;13;21;252;282
4917;66,13;-68,61;0,00;0,00;0,00;-0,07;0,00;0,00;327;124;151;38;24;618;762
4918;5,29;-669,13;0,00;0,00;0,00;-0,67;0,00;0,00;69;106;179;38;30;584;267
4919;33,53;-394,75;0,00;0,00;0,00;-0,39;0,00;0,00;468;145;189;25;34;868;600
4920;25,25;-356,53;0,00;0,00;0,00;-0,36;0,00;0,00;171;58;102;29;28;896;878
4921;75,04;69,62;0,00;0,00;0,00;0,07;0,00;0,00;326;100;57;33;18;572;766
4922;49,60;-177,43;0,00;0,00;0,00;-0,18;0,00;0,00;197;70;37;12;25;319;127
4923;92,36;205,04;0,00;0,00;0,00;0,21;0,00;0,00;32;87;125;18;21;558;783
4924;56,49;-204,13;0,00;0,00;0,00;-0,20;0,00;0,00;259;123;146;40;32;249;339
4925;22,19;-546,86;0,00;0,00;0,00;-0,55;0,00;0,00;383;89;159;42;25;170;394
4926;39,78;-361,33;0,00;0,00;0,00;-0,36;0,00;0,00;208;39;49;15;35;742;580
4927;12,36;-563,51;0,00;0,00;0,00;-0,56;0,00;0,00;406;113;103;23;28;314;748
4928;28,52;-463,36;0,00;0,00;0,00;-0,46;0,00;0,00;136;163;197;41;31;224;515
4929;56,54;-137,11;0,00;0,00;0,00;-0,14;0,00;0,00;359;182;111;22;28;851;810
4930;58,43;-142,32;0,00;0,00;0,00;-0,14;0,00;0,00;270;15;192;25;39;781;511
4931;41,50;-303,47;0,00;0,00;0,00;-0,30;0,00;0,00;414;173;179;32;17;337;805
4932;93,44;188,16;0,00;0,00;0,00;0,19;0,00;0,00;111;146;137;33;26;933;931
4933;27,37;-433,08;0,00;0,00;0,00;-0,43;0,00;0,00;426;119;199;21;18;937;493
4934;30,67;-487,94;0,00;0,00;0,00;-0,49;0,00;0,00;21;105;132;31;24;128;441
4935;60,96;-75,25;0,00;0,00;0,00;-0,08;0,00;0,00;292;113;110;10;32;489;527
4936;19,08;-482,25;0,00;0,00;0,00;-0,48;0,00;0,00;114;20;146;33;21;306;387
4937;61,72;-80,17;0,00;0,00;0,00;-0,08;0,00;0,00;35;82;110;16;22;773;613
4938;59,39;-92,48;0,00;0,00;0,00;-0,09;0,00;0,00;32;46;130;10;15;987;689
4939;36,04;-352,66;0,00;0,00;0,00;-0,35;0,00;0,00;128;85;103;43;31;678;536
4940;39,90;-291,40;0,00;0,00;0,00;-0,29;0,00;0,00;144;50;37;31;21;103;594
4941;70,73;-14,96;0,00;0,00;0,00;-0,01;0,00;0,00;385;105;187;16;20;446;328
4942;84,00;82,86;0,00;0,00;0,00;0,08;0,00;0,00;225;163;39;39;26;282;288
4943;37,10;-389,12;0,00;0,00;0,00;-0,39;0,00;0,00;145;15;51;23;19;537;616
4944;0,00;-687,27;0,00;0,00;0,00;-0,69;0,00;0,00;203;91;134;31;31;140;341
4945;32,54;-383,97;0,00;0,00;0,00;-0,38;0,00;0,00;11;151;42;27;39;777;931
4946;69,33;9,90;0,00;0,00;0,00;0,01;0,00;0,00;359;27;150;37;25;364;865
4947;60,81;-43,26;0,00;0,00;0,00;-0,04;0,00;0,00;106;113;151;12;26;960;556
4948;39,42;-356,66;0,00;0,00;0,00;-0,36;0,00;0,00;67;30;95;41;30;394;401
4949;57,16;-112,44;0,00;0,00;0,00;-0,11;0,00;0,00;232;127;177;30;35;873;822
4950;66,78;-10,63;0,00;0,00;0,00;-0,01;0,00;0,00;438;105;61;21;24;995;284
4951;15,17;-568,42;0,00;0,00;0,00;-0,57;0,00;0,00;343;52;160;46;30;556;778
4952;49,25;-217,47;0,00;0,00;0,00;-0,22;0,00;0,00;67;127;77;30;27;986;721
4953;26,08;-404,69;0,00;0,00;0,00;-0,40;0,00;0,00;261;31;111;36;30;910;366
4954;73,25;5,36;0,00;0,00;0,00;0,01;0,00;0,00;156;161;129;11;25;368;119
4955;92,44;307,96;0,00;0,00;0,00;0,31;0,00;0,00;461;157;127;33;31;951;916
4956;60,78;-101,87;0,00;0,00;0,00;-0,10;0,00;0,00;145;51;69;20;37;559;773
4957;75,05;62,70;0,00;0,00;0,00;0,06;0,00;0,00;324;46;21;11;16;486;468
4958;8,86;-604,78;0,00;0,00;0,00;-0,60;0,00;0,00;25;182;141;26;28;146;398
4959;65,46;-139,48;0,00;0,00;0,00;-0,14;0,00;0,00;453;52;94;38;17;162;601
4960;43,21;-262,51;0,00;0,00;0,00;-0,26;0,00;0,00;61;109;76;22;26;963;652
4961;1,05;-710,84;0,00;0,00;0,00;-0,71;0,00;0,00;40;166;105;23;38;914;638
4962;37,02;-383,69;0,00;0,00;0,00;-0,38;0,00;0,00;417;156;44;40;30;569;646
4963;25,54;-395,22;0,00;0,00;0,00;-0,40;0,00;0,00;263;105;139;19;36;243;589
4964;91,00;147,39;0,00;0,00;0,00;0,15;0,00;0,00;209;57;176;15;16;716;982
4965;100,00;292,87;0,00;0,00;0,00;0,29;0,00;0,00;113;66;185;41;16;858;435
4966;27,36;-466,72;0,00;0,00;0,00;-0,47;0,00;0,00;461;14;120;12;33;836;256
4967;52,64;-132,86;0,00;0,00;0,00;-0,13;0,00;0,00;494;114;28;20;21;332;814
4968;54,86;-154,30;0,00;0,00;0,00;-0,15;0,00;0,00;43;158;121;39;21;653;550
4969;60,83;-62,34;0,00;0,00;0,00;-0,06;0,00;0,00;69;98;194;39;34;393;158
4970;43,56;-246,51;0,00;0,00;0,00;-0,25;0,00;0,00;31;80;10;46;38;169;748
4971;96,81;311,76;0,00;0,00;0,00;0,31;0,00;0,00;273;178;84;10;39;772;910
4972;34,07;-369,98;0,00;0,00;0,00;-0,37;0,00;0,00;156;178;27;20;36;993;664
4973;48,95;-197,93;0,00;0,00;0,00;-0,20;0,00;0,00;153;170;191;33;37;687;568
4974;18,38;-488,54;0,00;0,00;0,00;-0,49;0,00;0,00;68;155;117;12;38;131;843
4975;96,09;168,98;0,00;0,00;0,00;0,17;0,00;0,00;121;15;162;15;15;334;675
4976;53,81;-186,19;0,00;0,00;0,00;-0,19;0,00;0,00;237;111;100;36;27;405;833
4977;2,91;-693,04;0,00;0,00;0,00;-0,69;0,00;0,00;118;45;16;39;17;252;523
4978;60,28;-16,02;0,00;0,00;0,00;-0,02;0,00;0,00;329;113;162;33;38;146;282
4979;62,93;-25,59;0,00;0,00;0,00;-0,03;0,00;0,00;184;54;147;16;34;474;381
4980;22,63;-517,91;0,00;0,00;0,00;-0,52;0,00;0,00;475;78;77;38;33;517;346
4981;0,00;-691,41;0,00;0,00;0,00;-0,69;0,00;0,00;353;129;88;11;16;196;944
4982;59,07;-117,04;0,00;0,00;0,00;-0,12;0,00;0,00;244;56;132;28;24;892;846
4983;50,03;-220,11;0,00;0,00;0,00;-0,22;0,00;0,00;88;10;10;14;37;932;113
4984;33,44;-426,33;0,00;0,00;0,00;-0,43;0,00;0,00;370;161;151;39;26;653;627
4985;44,12;-207,64;0,00;0,00;0,00;-0,21;0,00;0,00;47;81;15;40;30;938;493
4986;69,05;2,73;0,00;0,00;0,00;0,00;0,00;0,00;377;168;103;22;33;577;886
4987;28,27;-398,20;0,00;0,00;0,00;-0,40;0,00;0,00;292;32;147;33;29;900;352
4988;80,61;123,12;0,00;0,00;0,00;0,12;0,00;0,00;186;179;148;14;28;515;813
4989;27,24;-395,65;0,00;0,00;0,00;-0,40;0,00;0,00;361;48;34;23;38;135;625
4990;100,00;262,02;0,00;0,00;0,00;0,26;0,00;0,00;433;27;134;36;16;522;429
4991;56,58;-133,78;0,00;0,00;0,00;-0,13;0,00;0,00;103;183;20;14;37;423;693
4992;19,34;-465,45;0,00;0,00;0,00;-0,47;0,00;0,00;389;40;127;24;33;718;653
4993;64,57;-135,92;0,00;0,00;0,00;-0,14;0,00;0,00;77;44;135;35;38;162;621
4994;53,95;-125,61;0,00;0,00;0,00;-0,13;0,00;0,00;345;47;94;11;30;995;259
4995;35,68;-433,22;0,00;0,00;0,00;-0,43;0,00;0,00;145;12;47;32;30;317;898
4996;56,44;-175,39;0,00;0,00;0,00;-0,18;0,00;0,00;456;130;100;40;35;903;837
4997;67,30;45,30;0,00;0,00;0,00;0,05;0,00;0,00;433;70;164;47;25;540;700
4998;50,04;-211,30;0,00;0,00;0,00;-0,21;0,00;0,00;288;160;172;29;25;671;892
4999;79,53;32,33;0,00;0,00;0,00;0,03;0,00;0,00;61;94;40;42;27;529;473
5000;55,81;-172,75;0,00;0,00;0,00;-0,17;0,00;0,00;318;48;117;31;39;966;996
5001;34,25;-379,31;0,00;0,00;0,00;-0,38;0,00;0,00;31;115;162;21;28;787;592
5002;46,94;-293,24;0,00;0,00;0,00;-0,29;0,00;0,00;229;189;122;29;15;166;671
5003;69,34;-27,36;0,00;0,00;0,00;-0,03;0,00;0,00;219;119;187;16;39;228;342
5004;57,68;-163,65;0,00;0,00;0,00;-0,16;0,00;0,00;167;166;171;49;19;860;391
5005;57,74;-80,58;0,00;0,00;0,00;-0,08;0,00;0,00;149;116;131;24;38;179;651
5006;34,91;-375,13;0,00;0,00;0,00;-0,38;0,00;0,00;128;72;38;33;19;234;499
5007;100,00;330,80;0,00;0,00;0,00;0,33;0,00;0,00;442;77;173;42;17;717;835
5008;86,20;150,23;0,00;0,00;0,00;0,15;0,00;0,00;384;93;77;30;27;236;206
5009;49,85;-151,94;0,00;0,00;0,00;-0,15;0,00;0,00;253;102;96;22;15;962;438
5010;55,19;-259,07;0,00;0,00;0,00;-0,26;0,00;0,00;283;191;29;48;19;476;649
5011;48,82;-268,56;0,00;0,00;0,00;-0,27;0,00;0,00;149;87;138;45;26;963;676
5012;50,05;-198,77;0,00;0,00;0,00;-0,20;0,00;0,00;372;132;170;12;30;726;318
5013;67,47;-20,38;0,00;0,00;0,00;-0,02;0,00;0,00;161;73;171;22;17;229;570
5014;50,39;-254,44;0,00;0,00;0,00;-0,25;0,00;0,00;181;166;89;29;39;711;775
5015;30,36;-357,18;0,00;0,00;0,00;-0,36;0,00;0,00;131;163;95;19;21;990;417
5016;24,90;-505,75;0,00;0,00;0,00;-0,51;0,00;0,00;363;86;128;15;24;466;398
5017;25,94;-434,12;0,00;0,00;0,00;-0,43;0,00;0,00;376;40;52;40;39;463;438
5018;24,72;-452,27;0,00;0,00;0,00;-0,45;0,00;0,00;309;187;23;40;22;778;150
5019;80,61;57,83;0,00;0,00;0,00;0,06;0,00;0,00;269;136;27;31;30;970;626
5020;57,16;-26,43;0,00;0,00;0,00;-0,03;0,00;0,00;330;171;96;45;36;128;240
5021;79,60;68,38;0,00;0,00;0,00;0,07;0,00;0,00;82;74;198;12;16;320;149
5022;72,12;15,13;0,00;0,00;0,00;0,02;0,00;0,00;218;140;129;43;33;702;386
5023;39,95;-280,61;0,00;0,00;0,00;-0,28;0,00;0,00;232;99;65;48;18;377;678
5024;33,99;-376,35;0,00;0,00;0,00;-0,38;0,00;0,00;292;127;121;10;36;865;834
5025;63,86;39,10;0,00;0,00;0,00;0,04;0,00;0,00;484;85;42;44;32;955;138
5026;72,14;88,27;0,00;0,00;0,00;0,09;0,00;0,00;391;110;191;41;28;638;404
5027;67,28;-14,89;0,00;0,00;0,00;-0,01;0,00;0,00;42;36;45;18;39;682;921
5028;0,00;-729,40;0,00;0,00;0,00;-0,73;0,00;0,00;430;121;134;44;29;688;545
5029;5,05;-659,48;0,00;0,00;0,00;-0,66;0,00;0,00;46;124;163;41;21;939;119
5030;73,33;113,43;0,00;0,00;0,00;0,11;0,00;0,00;354;187;28;10;18;420;736
5031;48,89;-241,90;0,00;0,00;0,00;-0,24;0,00;0,00;392;103;179;16;39;135;197
5032;52,12;-157,84;0,00;0,00;0,00;-0,16;0,00;0,00;37;166;107;13;36;906;484
5033;62,22;65,34;0,00;0,00;0,00;0,07;0,00;0,00;42;165;44;46;23;928;389
5034;48,85;-222,41;0,00;0,00;0,00;-0,22;0,00;0,00;388;51;83;30;20;127;267
5035;22,76;-456,73;0,00;0,00;0,00;-0,46;0,00;0,00;21;36;51;32;19;712;998
5036;78,98;0,36;0,00;0,00;0,00;0,00;0,00;0,00;201;121;172;32;35;608;197
5037;34,69;-400,37;0,00;0,00;0,00;-0,40;0,00;0,00;308;108;131;44;20;322;455
5038;80,64;164,47;0,00;0,00;0,00;0,16;0,00;0,00;472;83;154;36;20;230;862
5039;38,18;-344,85;0,00;0,00;0,00;-0,34;0,00;0,00;375;166;129;21;32;419;611
5040;68,32;38,89;0,00;0,00;0,00;0,04;0,00;0,00;425;87;47;42;35;619;462
5041;47,17;-191,55;0,00;0,00;0,00;-0,19;0,00;0,00;439;71;140;22;39;212;282
5042;22,19;-512,94;0,00;0,00;0,00;-0,51;0,00;0,00;29;163;49;30;19;729;579
5043;80,98;104,07;0,00;0,00;0,00;0,10;0,00;0,00;340;106;64;11;25;478;435
5044;41,13;-250,75;0,00;0,00;0,00;-0,25;0,00;0,00;311;185;149;39;39;271;806
5045;61,47;-51,45;0,00;0,00;0,00;-0,05;0,00;0,00;264;129;121;31;17;276;355
5046;90,01;211,48;0,00;0,00;0,00;0,21;0,00;0,00;208;124;58;15;27;870;245
5047;25,06;-473,88;0,00;0,00;0,00;-0,47;0,00;0,00;107;171;126;30;32;973;742
5048;41,53;-378,60;0,00;0,00;0,00;-0,38;0,00;0,00;430;187;106;37;32;313;618
5049;7,83;-565,93;0,00;0,00;0,00;-0,57;0,00;0,00;494;85;19;44;16;387;180
5050;53,45;-127,30;0,00;0,00;0,00;-0,13;0,00;0,00;216;38;126;23;28;547;999
5051;51,25;-233,12;0,00;0,00;0,00;-0,23;0,00;0,00;130;192;74;24;30;233;737
5052;54,46;-135,00;0,00;0,00;0,00;-0,13;0,00;0,00;127;142;164;21;22;925;468
5053;46,59;-294,11;0,00;0,00;0,00;-0,29;0,00;0,00;30;121;146;29;26;553;956
5054;1,45;-634,29;0,00;0,00;0,00;-0,63;0,00;0,00;327;105;122;32;17;467;423
5055;39,09;-379,87;0,00;0,00;0,00;-0,38;0,00;0,00;188;117;99;14;29;669;508
5056;82,99;154,00;0,00;0,00;0,00;0,15;0,00;0,00;78;95;21;21;27;757;110
5057;35,08;-418,72;0,00;0,00;0,00;-0,42;0,00;0,00;212;67;43;28;35;312;185
5058;34,55;-379,02;0,00;0,00;0,00;-0,38;0,00;0,00;498;152;98;17;30;655;941
5059;99,34;295,80;0,00;0,00;0,00;0,30;0,00;0,00;131;83;26;18;27;297;104
5060;100,00;225,43;0,00;0,00;0,00;0,23;0,00;0,00;296;50;89;42;30;186;335
5061;48,21;-171,59;0,00;0,00;0,00;-0,17;0,00;0,00;182;161;172;26;33;461;623
5062;50,65;-164,28;0,00;0,00;0,00;-0,16;0,00;0,00;258;151;91;11;33;499;374
5063;35,03;-384,14;0,00;0,00;0,00;-0,38;0,00;0,00;357;149;55;29;17;983;931
5064;35,73;-367,95;0,00;0,00;0,00;-0,37;0,00;0,00;223;163;71;37;36;303;988
5065;56,29;-109,19;0,00;0,00;0,00;-0,11;0,00;0,00;195;164;161;20;16;411;495
5066;100,00;384,02;0,00;0,00;0,00;0,38;0,00;0,00;84;184;63;22;33;787;466
5067;61,69;19,30;0,00;0,00;0,00;0,02;0,00;0,00;78;27;69;21;25;495;993
5068;48,96;-165,03;0,00;0,00;0,00;-0,17;0,00;0,00;126;87;21;24;30;263;723
5069;0,00;-694,33;0,00;0,00;0,00;-0,69;0,00;0,00;115;70;28;16;33;965;811
5070;69,72;23,21;0,00;0,00;0,00;0,02;0,00;0,00;387;143;90;44;35;294;484
5071;53,22;-80,15;0,00;0,00;0,00;-0,08;0,00;0,00;344;164;95;45;23;696;985
5072;64,16;-13,95;0,00;0,00;0,00;-0,01;0,00;0,00;117;106;137;21;20;910;210
5073;77,13;104,07;0,00;0,00;0,00;0,10;0,00;0,00;353;84;97;30;23;457;414
5074;37,60;-323,75;0,00;0,00;0,00;-0,32;0,00;0,00;401;70;38;32;22;237;364
5075;64,38;-134,11;0,00;0,00;0,00;-0,13;0,00;0,00;80;76;188;18;39;179;289
5076;61,92;-140,19;0,00;0,00;0,00;-0,14;0,00;0,00;435;78;164;22;28;937;515
5077;31,17;-400,50;0,00;0,00;0,00;-0,40;0,00;0,00;480;124;104;49;21;423;319
5078;54,43;-227,43;0,00;0,00;0,00;-0,23;0,00;0,00;337;33;116;26;28;868;651
5079;54,44;-104,30;0,00;0,00;0,00;-0,10;0,00;0,00;99;126;146;17;38;178;625
5080;65,13;-57,30;0,00;0,00;0,00;-0,06;0,00;0,00;117;109;146;39;17;732;209
5081;45,01;-383,23;0,00;0,00;0,00;-0,38;0,00;0,00;190;183;151;42;33;140;202
5082;48,90;-193,56;0,00;0,00;0,00;-0,19;0,00;0,00;449;117;88;27;26;991;642
5083;86,06;235,16;0,00;0,00;0,00;0,24;0,00;0,00;252;87;130;49;25;707;680
5084;72,26;45,60;0,00;0,00;0,00;0,05;0,00;0,00;193;95;112;15;33;462;981
5085;61,75;-63,38;0,00;0,00;0,00;-0,06;0,00;0,00;108;52;32;44;33;319;966
5086;32,88;-521,33;0,00;0,00;0,00;-0,52;0,00;0,00;39;144;40;46;32;288;137
5087;49,69;-253,55;0,00;0,00;0,00;-0,25;0,00;0,00;94;65;141;18;19;413;889
5088;34,55;-366,66;0,00;0,00;0,00;-0,37;0,00;0,00;454;152;49;34;22;423;449
5089;62,49;-42,27;0,00;0,00;0,00;-0,04;0,00;0,00;75;41;106;21;26;531;209
5090;66,36;24,15;0,00;0,00;0,00;0,02;0,00;0,00;62;145;85;35;39;821;773
5091;86,38;205,73;0,00;0,00;0,00;0,21;0,00;0,00;302;82;29;39;18;773;410
5092;35,71;-324,26;0,00;0,00;0,00;-0,32;0,00;0,00;247;127;149;36;23;681;460
5093;20,23;-383,15;0,00;0,00;0,00;-0,38;0,00;0,00;30;99;28;40;20;357;326
5094;22,81;-510,45;0,00;0,00;0,00;-0,51;0,00;0,00;342;45;158;13;32;485;542
5095;2,46;-628,57;0,00;0,00;0,00;-0,63;0,00;0,00;137;52;26;34;34;272;391
5096;82,41;88,82;0,00;0,00;0,00;0,09;0,00;0,00;411;159;174;31;22;140;331
5097;18,08;-610,73;0,00;0,00;0,00;-0,61;0,00;0,00;104;123;196;35;27;548;975
5098;60,31;-24,68;0,00;0,00;0,00;-0,02;0,00;0,00;260;87;52;47;17;776;857
5099;60,72;1,01;0,00;0,00;0,00;0,00;0,00;0,00;251;108;194;12;37;261;600
5100;65,12;7,17;0,00;0,00;0,00;0,01;0,00;0,00;499;61;15;46;39;350;448
5101;69,97;-4,22;0,00;0,00;0,00;-0,00;0,00;0,00;219;178;174;22;28;345;516
5102;50,69;-132,02;0,00;0,00;0,00;-0,13;0,00;0,00;481;57;29;24;27;718;845
5103;46,54;-318,20;0,00;0,00;0,00;-0,32;0,00;0,00;236;32;48;27;16;700;688
5104;77,99;107,55;0,00;0,00;0,00;0,11;0,00;0,00;37;56;70;25;21;347;203
5105;49,40;-178,77;0,00;0,00;0,00;-0,18;0,00;0,00;371;11;125;19;24;332;802
5106;85,70;190,83;0,00;0,00;0,00;0,19;0,00;0,00;192;191;171;17;26;377;137
5107;36,48;-329,85;0,00;0,00;0,00;-0,33;0,00;0,00;50;67;54;43;25;149;122
5108;72,49;-23,64;0,00;0,00;0,00;-0,02;0,00;0,00;350;101;85;28;25;733;896
5109;42,40;-283,38;0,00;0,00;0,00;-0,28;0,00;0,00;206;10;190;32;39;123;696
5110;63,85;-47,77;0,00;0,00;0,00;-0,05;0,00;0,00;189;195;67;20;15;798;121
5111;82,59;173,25;0,00;0,00;0,00;0,17;0,00;0,00;292;62;78;41;25;579;590
5112;49,52;-201,89;0,00;0,00;0,00;-0,20;0,00;0,00;306;14;138;42;18;799;390
5113;48,57;-207,96;0,00;0,00;0,00;-0,21;0,00;0,00;307;174;188;10;24;661;178
5114;31,89;-469,51;0,00;0,00;0,00;-0,47;0,00;0,00;205;106;158;42;31;857;762
5115;77,87;75,03;0,00;0,00;0,00;0,08;0,00;0,00;122;70;19;13;30;800;103
5116;27,19;-507,98;0,00;0,00;0,00;-0,51;0,00;0,00;376;117;159;28;18;645;949
5117;68,68;83,79;0,00;0,00;0,00;0,08;0,00;0,00;244;99;188;26;39;201;266
5118;4,73;-616,81;0,00;0,00;0,00;-0,62;0,00;0,00;462;179;47;22;39;798;729
5119;52,57;-134,67;0,00;0,00;0,00;-0,13;0,00;0,00;122;172;181;37;19;746;550
5120;70,00;-76,75;0,00;0,00;0,00;-0,08;0,00;0,00;241;167;131;21;39;215;424
5121;80,42;167,56;0,00;0,00;0,00;0,17;0,00;0,00;323;122;175;31;36;383;861
5122;48,33;-221,65;0,00;0,00;0,00;-0,22;0,00;0,00;329;44;78;40;22;950;780
5123;27,59;-441,12;0,00;0,00;0,00;-0,44;0,00;0,00;294;72;180;25;15;449;540
5124;24,42;-438,58;0,00;0,00;0,00;-0,44;0,00;0,00;57;122;109;14;17;747;626
5125;53,00;-158,70;0,00;0,00;0,00;-0,16;0,00;0,00;229;93;69;42;33;656;276
5126;32,07;-346,28;0,00;0,00;0,00;-0,35;0,00;0,00;208;92;129;37;23;885;741
5127;64,66;-67,86;0,00;0,00;0,00;-0,07;0,00;0,00;330;162;158;10;22;890;342
5128;55,44;-276,62;0,00;0,00;0,00;-0,28;0,00;0,00;466;56;116;39;18;893;642
5129;62,20;-17,29;0,00;0,00;0,00;-0,02;0,00;0,00;131;130;45;41;32;287;839
5130;11,18;-651,26;0,00;0,00;0,00;-0,65;0,00;0,00;30;105;52;38;32;713;616
5131;47,47;-261,91;0,00;0,00;0,00;-0,26;0,00;0,00;311;191;62;10;15;657;673
5132;59,80;-43,23;0,00;0,00;0,00;-0,04;0,00;0,00;273;38;72;31;32;867;735
5133;15,62;-543,93;0,00;0,00;0,00;-0,54;0,00;0,00;119;49;192;49;28;268;969
5134;77,68;-5,94;0,00;0,00;0,00;-0,01;0,00;0,00;370;135;122;34;22;739;292
5135;34,24;-339,93;0,00;0,00;0,00;-0,34;0,00;0,00;304;19;108;13;20;565;738
5136;59,29;-128,27;0,00;0,00;0,00;-0,13;0,00;0,00;281;103;178;26;39;823;851
5137;36,77;-313,06;0,00;0,00;0,00;-0,31;0,00;0,00;469;152;14;15;26;233;601
5138;54,06;-160,61;0,00;0,00;0,00;-0,16;0,00;0,00;386;183;57;34;23;109;379
5139;48,42;-277,66;0,00;0,00;0,00;-0,28;0,00;0,00;143;131;195;20;34;618;906
5140;97,13;316,69;0,00;0,00;0,00;0,32;0,00;0,00;329;124;108;33;30;810;853
5141;46,58;-279,83;0,00;0,00;0,00;-0,28;0,00;0,00;364;83;24;45;25;828;114
5142;95,10;294,49;0,00;0,00;0,00;0,29;0,00;0,00;267;104;96;26;28;573;178
5143;6,09;-693,19;0,00;0,00;0,00;-0,69;0,00;0,00;29;158;118;24;21;823;555
5144;84,71;210,34;0,00;0,00;0,00;0,21;0,00;0,00;269;48;75;31;22;648;654
5145;0,00;-725,77;0,00;0,00;0,00;-0,73;0,00;0,00;264;80;117;17;39;911;608
5146;42,51;-305,86;0,00;0,00;0,00;-0,31;0,00;0,00;335;168;44;39;21;462;420
5147;81,56;186,22;0,00;0,00;0,00;0,19;0,00;0,00;322;177;56;40;24;386;762
5148;43,80;-206,86;0,00;0,00;0,00;-0,21;0,00;0,00;182;86;56;48;39;490;648
5149;26,19;-407,03;0,00;0,00;0,00;-0,41;0,00;0,00;433;22;126;16;33;815;434
5150;44,43;-269,03;0,00;0,00;0,00;-0,27;0,00;0,00;405;20;62;12;25;345;203
5151;49,17;-171,28;0,00;0,00;0,00;-0,17;0,00;0,00;494;145;147;25;25;789;885
5152;72,59;-42,32;0,00;0,00;0,00;-0,04;0,00;0,00;160;198;47;15;33;601;521
5153;24,97;-438,01;0,00;0,00;0,00;-0,44;0,00;0,00;430;174;57;15;35;190;829
5154;62,55;-49,19;0,00;0,00;0,00;-0,05;0,00;0,00;158;193;68;47;33;761;575
5155;57,28;-27,40;0,00;0,00;0,00;-0,03;0,00;0,00;297;33;125;33;36;241;679
5156;56,16;-192,66;0,00;0,00;0,00;-0,19;0,00;0,00;107;174;100;39;34;385;738
5157;54,23;-141,96;0,00;0,00;0,00;-0,14;0,00;0,00;129;91;21;42;26;780;400
5158;41,42;-273,33;0,00;0,00;0,00;-0,27;0,00;0,00;401;163;148;14;30;675;122
5159;51,37;-131,77;0,00;0,00;0,00;-0,13;0,00;0,00;43;115;187;27;17;959;177
5160;98,94;187,85;0,00;0,00;0,00;0,19;0,00;0,00;224;183;105;14;27;342;423
5161;45,93;-244,35;0,00;0,00;0,00;-0,24;0,00;0,00;258;135;93;17;15;689;756
5162;67,09;-20,29;0,00;0,00;0,00;-0,02;0,00;0,00;406;87;69;15;36;936;565
5163;66,97;2,81;0,00;0,00;0,00;0,00;0,00;0,00;381;171;199;32;20;978;662
5164;45,47;-160,88;0,00;0,00;0,00;-0,16;0,00;0,00;287;174;149;22;26;265;148
5165;75,73;53,87;0,00;0,00;0,00;0,05;0,00;0,00;55;197;195;37;24;239;320
5166;40,80;-214,22;0,00;0,00;0,00;-0,21;0,00;0,00;48;164;10;25;39;135;551
5167;27,71;-410,96;0,00;0,00;0,00;-0,41;0,00;0,00;204;186;196;43;34;131;595
5168;60,14;-158,98;0,00;0,00;0,00;-0,16;0,00;0,00;135;170;124;11;29;745;827
5169;73,50;-5,71;0,00;0,00;0,00;-0,01;0,00;0,00;251;123;102;41;36;803;218
5170;56,36;-98,01;0,00;0,00;0,00;-0,10;0,00;0,00;376;171;188;18;38;789;106
5171;39,37;-338,51;0,00;0,00;0,00;-0,34;0,00;0,00;489;17;21;16;28;804;216
5172;63,94;-85,99;0,00;0,00;0,00;-0,09;0,00;0,00;469;69;143;33;36;673;256
5173;62,52;-88,34;0,00;0,00;0,00;-0,09;0,00;0,00;22;92;120;18;18;186;557
5174;57,27;-214,99;0,00;0,00;0,00;-0,21;0,00;0,00;327;191;179;21;38;778;951
5175;16,11;-541,43;0,00;0,00;0,00;-0,54;0,00;0,00;253;184;26;14;22;624;806
5176;61,97;-54,77;0,00;0,00;0,00;-0,05;0,00;0,00;203;192;175;33;36;533;314
5177;74,67;120,38;0,00;0,00;0,00;0,12;0,00;0,00;46;32;134;30;21;762;353
5178;78,36;108,70;0,00;0,00;0,00;0,11;0,00;0,00;270;18;47;15;37;768;460
5179;29,38;-329,35;0,00;0,00;0,00;-0,33;0,00;0,00;103;45;101;28;25;936;979
5180;44,88;-266,95;0,00;0,00;0,00;-0,27;0,00;0,00;241;195;167;32;17;163;650
5181;83,55;217,22;0,00;0,00;0,00;0,22;0,00;0,00;479;113;193;16;19;579;168
5182;38,57;-282,98;0,00;0,00;0,00;-0,28;0,00;0,00;232;68;131;46;26;452;859
5183;50,08;-186,74;0,00;0,00;0,00;-0,19;0,00;0,00;62;188;109;35;15;815;996
5184;74,03;-8,04;0,00;0,00;0,00;-0,01;0,00;0,00;195;138;54;12;24;349;702
5185;62,79;-164,71;0,00;0,00;0,00;-0,16;0,00;0,00;230;192;152;11;16;313;213
5186;81,95;116,68;0,00;0,00;0,00;0,12;0,00;0,00;469;154;149;37;22;585;506
5187;86,01;179,31;0,00;0,00;0,00;0,18;0,00;0,00;95;135;24;40;26;874;309
5188;37,10;-296,81;0,00;0,00;0,00;-0,30;0,00;0,00;402;189;43;17;33;466;888
5189;6,51;-622,86;0,00;0,00;0,00;-0,62;0,00;0,00;121;170;172;48;39;132;631
5190;15,78;-580,55;0,00;0,00;0,00;-0,58;0,00;0,00;152;149;27;48;17;910;830
5191;57,36;-93,08;0,00;0,00;0,00;-0,09;0,00;0,00;91;144;102;46;18;765;645
5192;95,38;299,58;0,00;0,00;0,00;0,30;0,00;0,00;279;95;12;48;16;147;178
5193;99,58;324,48;0,00;0,00;0,00;0,32;0,00;0,00;272;198;93;11;20;271;953
5194;46,54;-193,04;0,00;0,00;0,00;-0,19;0,00;0,00;415;160;141;42;25;471;399
5195;100,00;351,66;0,00;0,00;0,00;0,35;0,00;0,00;214;56;16;25;34;134;860
5196;85,02;215,28;0,00;0,00;0,00;0,22;0,00;0,00;356;131;171;26;23;907;261
5197;83,75;70,35;0,00;0,00;0,00;0,07;0,00;0,00;480;45;49;18;36;122;659
5198;49,18;-293,92;0,00;0,00;0,00;-0,29;0,00;0,00;250;121;61;21;20;615;261
5199;76,56;55,27;0,00;0,00;0,00;0,06;0,00;0,00;18;197;192;45;39;739;559
5200;46,57;-148,02;0,00;0,00;0,00;-0,15;0,00;0,00;47;160;127;11;21;284;422
5201;0,00;-598,61;0,00;0,00;0,00;-0,60;0,00;0,00;397;59;172;11;21;789;725
5202;9,91;-492,94;0,00;0,00;0,00;-0,49;0,00;0,00;94;65;90;38;35;320;158
5203;66,35;-41,70;0,00;0,00;0,00;-0,04;0,00;0,00;119;15;159;35;34;222;965
5204;52,90;-279,76;0,00;0,00;0,00;-0,28;0,00;0,00;120;81;68;23;34;821;440
5205;41,25;-251,38;0,00;0,00;0,00;-0,25;0,00;0,00;39;169;147;23;28;373;791
5206;38,28;-262,67;0,00;0,00;0,00;-0,26;0,00;0,00;371;170;148;46;32;731;952
5207;61,33;-0,35;0,00;0,00;0,00;-0,00;0,00;0,00;218;39;66;13;31;671;586
5208;38,57;-383,15;0,00;0,00;0,00;-0,38;0,00;0,00;18;143;172;30;31;586;632
5209;79,61;0,68;0,00;0,00;0,00;0,00;0,00;0,00;77;19;158;34;30;936;926
5210;45,04;-259,57;0,00;0,00;0,00;-0,26;0,00;0,00;108;65;131;44;24;222;999
5211;69,21;69,68;0,00;0,00;0,00;0,07;0,00;0,00;52;182;196;42;34;887;960
5212;57,96;-97,05;0,00;0,00;0,00;-0,10;0,00;0,00;426;89;184;13;34;337;634
5213;61,83;-101,10;0,00;0,00;0,00;-0,10;0,00;0,00;237;29;175;41;37;744;271
5214;20,46;-520,46;0,00;0,00;0,00;-0,52;0,00;0,00;113;26;55;23;30;982;121
5215;91,03;230,33;0,00;0,00;0,00;0,23;0,00;0,00;438;130;25;14;34;550;764
5216;40,84;-298,31;0,00;0,00;0,00;-0,30;0,00;0,00;225;98;102;31;17;602;447
5217;25,15;-369,20;0,00;0,00;0,00;-0,37;0,00;0,00;67;160;134;23;35;992;257
5218;71,24;1,83;0,00;0,00;0,00;0,00;0,00;0,00;160;96;196;12;36;969;871
5219;18,43;-521,21;0,00;0,00;0,00;-0,52;0,00;0,00;442;106;112;38;20;529;916
5220;54,41;-104,45;0,00;0,00;0,00;-0,10;0,00;0,00;341;122;165;32;34;774;434
5221;56,15;-140,71;0,00;0,00;0,00;-0,14;0,00;0,00;175;90;119;16;33;468;534
5222;76,86;147,70;0,00;0,00;0,00;0,15;0,00;0,00;432;39;100;26;34;948;775
5223;39,97;-343,11;0,00;0,00;0,00;-0,34;0,00;0,00;148;18;101;23;28;286;222
5224;52,04;-172,32;0,00;0,00;0,00;-0,17;0,00;0,00;263;29;181;40;32;106;382
5225;25,82;-405,37;0,00;0,00;0,00;-0,41;0,00;0,00;256;84;130;33;28;129;502
5226;72,02;22,80;0,00;0,00;0,00;0,02;0,00;0,00;396;159;53;40;24;627;218
5227;49,54;-259,24;0,00;0,00;0,00;-0,26;0,00;0,00;304;96;15;48;17;976;806
5228;68,74;-21,91;0,00;0,00;0,00;-0,02;0,00;0,00;189;112;141;17;27;645;694
5229;52,36;-206,98;0,00;0,00;0,00;-0,21;0,00;0,00;478;24;128;29;15;929;777
5230;58,94;-129,92;0,00;0,00;0,00;-0,13;0,00;0,00;420;127;96;40;38;466;618
5231;89,84;200,86;0,00;0,00;0,00;0,20;0,00;0,00;273;33;145;17;25;455;899
5232;67,17;23,23;0,00;0,00;0,00;0,02;0,00;0,00;456;187;143;11;37;409;667
5233;31,38;-401,24;0,00;0,00;0,00;-0,40;0,00;0,00;146;51;179;27;21;613;922
5234;82,96;194,46;0,00;0,00;0,00;0,19;0,00;0,00;273;48;133;44;16;803;693
5235;38,56;-462,00;0,00;0,00;0,00;-0,46;0,00;0,00;461;36;154;48;22;477;868
5236;55,11;-250,16;0,00;0,00;0,00;-0,25;0,00;0,00;111;45;194;46;27;392;432
5237;5,19;-600,23;0,00;0,00;0,00;-0,60;0,00;0,00;143;181;152;18;25;333;129
5238;72,36;51,68;0,00;0,00;0,00;0,05;0,00;0,00;427;195;64;22;35;746;751
5239;84,46;124,77;0,00;0,00;0,00;0,12;0,00;0,00;495;91;97;24;35;559;365
5240;0,00;-708,14;0,00;0,00;0,00;-0,71;0,00;0,00;312;185;71;38;32;940;912
5241;35,77;-276,07;0,00;0,00;0,00;-0,28;0,00;0,00;195;48;71;38;25;106;835
5242;21,16;-533,26;0,00;0,00;0,00;-0,53;0,00;0,00;292;165;74;49;19;735;287
5243;75,78;126,08;0,00;0,00;0,00;0,13;0,00;0,00;411;85;115;37;23;598;554
5244;19,74;-476,54;0,00;0,00;0,00;-0,48;0,00;0,00;487;90;142;12;34;712;835
5245;19,55;-563,12;0,00;0,00;0,00;-0,56;0,00;0,00;310;165;102;21;21;491;862
5246;51,04;-139,25;0,00;0,00;0,00;-0,14;0,00;0,00;402;146;193;34;35;689;354
5247;42,67;-222,01;0,00;0,00;0,00;-0,22;0,00;0,00;411;132;154;13;25;908;972
5248;61,00;-142,37;0,00;0,00;0,00;-0,14;0,00;0,00;392;124;126;33;23;518;443
5249;59,41;-178,61;0,00;0,00;0,00;-0,18;0,00;0,00;407;43;57;26;32;430;575
5250;27,59;-480,89;0,00;0,00;0,00;-0,48;0,00;0,00;413;89;93;36;23;597;772
5251;4,53;-721,90;0,00;0,00;0,00;-0,72;0,00;0,00;75;58;90;18;36;987;877
5252;63,92;-100,67;0,00;0,00;0,00;-0,10;0,00;0,00;309;36;28;30;29;319;288
5253;29,89;-479,94;0,00;0,00;0,00;-0,48;0,00;0,00;304;56;109;33;38;911;934
5254;37,52;-360,86;0,00;0,00;0,00;-0,36;0,00;0,00;428;181;40;13;18;286;771
5255;63,64;-126,02;0,00;0,00;0,00;-0,13;0,00;0,00;454;174;132;41;25;232;286
5256;16,68;-581,40;0,00;0,00;0,00;-0,58;0,00;0,00;95;108;29;47;28;405;836
5257;30,46;-394,12;0,00;0,00;0,00;-0,39;0,00;0,00;419;134;73;25;26;590;346
5258;45,51;-272,02;0,00;0,00;0,00;-0,27;0,00;0,00;234;101;43;49;33;905;643
5259;70,11;30,24;0,00;0,00;0,00;0,03;0,00;0,00;339;86;184;32;34;368;255
5260;71,18;175,64;0,00;0,00;0,00;0,18;0,00;0,00;428;177;151;11;18;218;576
5261;100,00;356,14;0,00;0,00;0,00;0,36;0,00;0,00;214;114;122;29;38;248;995
5262;46,90;-186,70;0,00;0,00;0,00;-0,19;0,00;0,00;192;119;176;25;34;203;570
5263;79,40;60,78;0,00;0,00;0,00;0,06;0,00;0,00;280;121;110;45;35;958;808
5264;49,76;-179,98;0,00;0,00;0,00;-0,18;0,00;0,00;13;81;21;22;19;781;817
5265;55,90;-93,21;0,00;0,00;0,00;-0,09;0,00;0,00;62;47;99;44;17;771;860
5266;41,01;-326,12;0,00;0,00;0,00;-0,33;0,00;0,00;222;134;150;19;34;118;915
5267;57,42;-49,25;0,00;0,00;0,00;-0,05;0,00;0,00;31;48;109;35;29;548;481
5268;33,56;-324,12;0,00;0,00;0,00;-0,32;0,00;0,00;365;188;133;37;28;450;319
5269;67,04;-11,91;0,00;0,00;0,00;-0,01;0,00;0,00;30;120;157;11;34;492;790
5270;41,62;-224,44;0,00;0,00;0,00;-0,22;0,00;0,00;36;117;154;23;29;923;729
5271;33,23;-273,02;0,00;0,00;0,00;-0,27;0,00;0,00;221;196;15;43;27;364;747
5272;42,57;-311,29;0,00;0,00;0,00;-0,31;0,00;0,00;105;128;146;32;33;544;429
5273;96,48;314,76;0,00;0,00;0,00;0,31;0,00;0,00;373;98;22;11;29;560;390
5274;39,60;-291,93;0,00;0,00;0,00;-0,29;0,00;0,00;198;86;143;39;32;891;603
5275;59,55;-58,51;0,00;0,00;0,00;-0,06;0,00;0,00;191;43;198;18;16;914;326
5276;51,16;-187,45;0,00;0,00;0,00;-0,19;0,00;0,00;51;106;180;47;25;358;499
5277;17,70;-498,30;0,00;0,00;0,00;-0,50;0,00;0,00;407;16;143;12;29;452;199
5278;21,81;-483,58;0,00;0,00;0,00;-0,48;0,00;0,00;118;115;175;26;25;233;734
5279;38,24;-273,73;0,00;0,00;0,00;-0,27;0,00;0,00;456;137;144;15;36;981;435
5280;80,98;82,49;0,00;0,00;0,00;0,08;0,00;0,00;83;187;146;45;15;988;876
5281;76,03;-11,07;0,00;0,00;0,00;-0,01;0,00;0,00;368;40;34;18;22;367;943
5282;45,52;-219,08;0,00;0,00;0,00;-0,22;0,00;0,00;363;177;72;47;28;995;840
5283;0,00;-613,43;0,00;0,00;0,00;-0,61;0,00;0,00;292;47;160;40;21;921;290
5284;38,31;-461,77;0,00;0,00;0,00;-0,46;0,00;0,00;106;151;42;47;38;227;643
5285;43,38;-308,70;0,00;0,00;0,00;-0,31;0,00;0,00;125;62;30;20;34;993;167
5286;67,37;-15,72;0,00;0,00;0,00;-0,02;0,00;0,00;407;29;183;19;37;896;921
5287;60,51;-44,75;0,00;0,00;0,00;-0,04;0,00;0,00;306;131;197;38;39;334;893
5288;54,40;-164,67;0,00;0,00;0,00;-0,16;0,00;0,00;486;100;81;36;18;644;516
5289;73,05;81,89;0,00;0,00;0,00;0,08;0,00;0,00;114;167;52;25;29;385;378
5290;35,80;-218,21;0,00;0,00;0,00;-0,22;0,00;0,00;339;147;61;10;27;837;272
5291;96,15;240,94;0,00;0,00;0,00;0,24;0,00;0,00;390;172;80;28;37;780;596
5292;67,14;-50,56;0,00;0,00;0,00;-0,05;0,00;0,00;406;175;56;25;25;609;430
5293;53,60;-213,35;0,00;0,00;0,00;-0,21;0,00;0,00;68;191;157;15;17;363;118
5294;48,26;-226,53;0,00;0,00;0,00;-0,23;0,00;0,00;211;70;183;24;26;905;176
5295;41,83;-260,99;0,00;0,00;0,00;-0,26;0,00;0,00;366;194;88;28;28;675;769
5296;44,34;-230,37;0,00;0,00;0,00;-0,23;0,00;0,00;189;103;14;16;16;351;208
5297;50,23;-120,32;0,00;0,00;0,00;-0,12;0,00;0,00;114;135;99;16;30;161;873
5298;61,00;-183,49;0,00;0,00;0,00;-0,18;0,00;0,00;376;69;178;49;33;787;987
5299;44,18;-234,39;0,00;0,00;0,00;-0,23;0,00;0,00;161;135;34;29;16;738;106
5300;41,71;-323,74;0,00;0,00;0,00;-0,32;0,00;0,00;469;131;20;38;35;778;247
5301;48,59;-253,33;0,00;0,00;0,00;-0,25;0,00;0,00;308;56;100;25;30;518;245
5302;76,01;82,96;0,00;0,00;0,00;0,08;0,00;0,00;320;161;43;35;23;291;567
5303;66,72;26,51;0,00;0,00;0,00;0,03;0,00;0,00;349;138;189;41;18;209;543
5304;40,36;-231,95;0,00;0,00;0,00;-0,23;0,00;0,00;95;184;46;29;37;891;306
5305;48,21;-168,88;0,00;0,00;0,00;-0,17;0,00;0,00;295;129;74;18;30;267;699
5306;76,11;61,65;0,00;0,00;0,00;0,06;0,00;0,00;384;181;163;45;17;260;667
5307;81,72;155,01;0,00;0,00;0,00;0,16;0,00;0,00;264;114;96;34;24;399;861
5308;77,44;76,00;0,00;0,00;0,00;0,08;0,00;0,00;455;128;16;24;32;871;527
5309;23,37;-388,76;0,00;0,00;0,00;-0,39;0,00;0,00;144;53;130;47;22;580;504
5310;53,67;-171,97;0,00;0,00;0,00;-0,17;0,00;0,00;311;151;80;38;36;705;761
5311;39,73;-296,25;0,00;0,00;0,00;-0,30;0,00;0,00;82;124;154;38;17;872;858
5312;88,15;103,52;0,00;0,00;0,00;0,10;0,00;0,00;381;158;105;36;29;777;760
5313;52,84;-200,01;0,00;0,00;0,00;-0,20;0,00;0,00;248;170;93;31;30;698;286
5314;57,41;-70,91;0,00;0,00;0,00;-0,07;0,00;0,00;104;168;10;26;39;698;534
5315;19,65;-535,04;0,00;0,00;0,00;-0,54;0,00;0,00;39;46;55;30;39;404;732
5316;31,02;-417,43;0,00;0,00;0,00;-0,42;0,00;0,00;141;53;34;44;38;893;952
5317;19,51;-580,30;0,00;0,00;0,00;-0,58;0,00;0,00;138;175;152;31;24;267;260
5318;27,95;-396,82;0,00;0,00;0,00;-0,40;0,00;0,00;44;86;103;28;20;764;695
5319;88,90;236,59;0,00;0,00;0,00;0,24;0,00;0,00;486;189;33;46;24;292;866
5320;69,38;-86,34;0,00;0,00;0,00;-0,09;0,00;0,00;101;48;148;28;29;709;851
5321;55,97;-107,20;0,00;0,00;0,00;-0,11;0,00;0,00;480;130;110;42;15;982;418
5322;83,77;166,90;0,00;0,00;0,00;0,17;0,00;0,00;84;121;115;24;33;100;793
5323;49,70;-209,80;0,00;0,00;0,00;-0,21;0,00;0,00;297;70;112;10;15;456;297
5324;0,82;-658,06;0,00;0,00;0,00;-0,66;0,00;0,00;96;167;34;20;34;110;914
5325;40,14;-266,14;0,00;0,00;0,00;-0,27;0,00;0,00;233;130;178;46;20;852;720
5326;84,28;156,72;0,00;0,00;0,00;0,16;0,00;0,00;77;93;194;39;33;467;700
5327;15,04;-539,82;0,00;0,00;0,00;-0,54;0,00;0,00;377;21;46;46;27;513;194
5328;63,90;-32,70;0,00;0,00;0,00;-0,03;0,00;0,00;320;184;196;29;19;496;581
5329;32,06;-363,40;0,00;0,00;0,00;-0,36;0,00;0,00;287;123;178;47;38;792;981
5330;63,75;-155,62;0,00;0,00;0,00;-0,16;0,00;0,00;119;32;126;27;16;208;921
5331;56,84;-184,37;0,00;0,00;0,00;-0,18;0,00;0,00;213;188;127;24;33;715;996
5332;72,60;-6,40;0,00;0,00;0,00;-0,01;0,00;0,00;57;108;60;15;17;145;629
5333;23,86;-401,80;0,00;0,00;0,00;-0,40;0,00;0,00;153;68;102;12;33;568;715
5334;20,21;-511,99;0,00;0,00;0,00;-0,51;0,00;0,00;31;107;30;25;21;499;515
5335;48,21;-170,10;0,00;0,00;0,00;-0,17;0,00;0,00;352;188;112;32;32;633;520
5336;1,50;-666,41;0,00;0,00;0,00;-0,67;0,00;0,00;464;178;90;40;28;918;178
5337;73,53;-51,83;0,00;0,00;0,00;-0,05;0,00;0,00;129;14;157;14;20;671;951
5338;6,41;-716,73;0,00;0,00;0,00;-0,72;0,00;0,00;474;165;110;48;28;761;175
5339;38,33;-217,43;0,00;0,00;0,00;-0,22;0,00;0,00;251;144;58;15;36;350;275
5340;59,20;-109,93;0,00;0,00;0,00;-0,11;0,00;0,00;214;113;162;37;39;352;594
5341;0,73;-554,79;0,00;0,00;0,00;-0,55;0,00;0,00;220;121;160;37;38;414;563
5342;7,06;-632,91;0,00;0,00;0,00;-0,63;0,00;0,00;267;155;171;33;23;297;301
5343;15,38;-453,34;0,00;0,00;0,00;-0,45;0,00;0,00;263;43;189;13;23;783;946
5344;53,44;-131,16;0,00;0,00;0,00;-0,13;0,00;0,00;320;84;173;48;25;364;461
5345;18,05;-436,55;0,00;0,00;0,00;-0,44;0,00;0,00;93;149;10;19;18;374;502
5346;50,46;-222,64;0,00;0,00;0,00;-0,22;0,00;0,00;465;49;100;19;27;846;455
5347;24,34;-485,62;0,00;0,00;0,00;-0,49;0,00;0,00;451;138;90;47;36;894;164
5348;51,53;-221,90;0,00;0,00;0,00;-0,22;0,00;0,00;321;124;120;28;17;619;186
5349;11,79;-628,37;0,00;0,00;0,00;-0,63;0,00;0,00;88;133;44;26;23;673;525
5350;57,38;-219,50;0,00;0,00;0,00;-0,22;0,00;0,00;128;58;72;36;26;354;151
5351;48,14;-268,94;0,00;0,00;0,00;-0,27;0,00;0,00;267;175;172;42;15;455;933
5352;16,02;-582,93;0,00;0,00;0,00;-0,58;0,00;0,00;394;161;31;45;37;868;118
5353;70,94;50,13;0,00;0,00;0,00;0,05;0,00;0,00;403;127;191;44;17;201;896
5354;5,24;-748,94;0,00;0,00;0,00;-0,75;0,00;0,00;443;139;14;11;22;833;158
5355;58,22;-110,17;0,00;0,00;0,00;-0,11;0,00;0,00;36;75;174;47;36;519;527
5356;75,04;104,47;0,00;0,00;0,00;0,10;0,00;0,00;167;69;72;20;29;756;186
5357;57,52;-143,00;0,00;0,00;0,00;-0,14;0,00;0,00;152;103;165;16;18;893;717
5358;47,16;-230,91;0,00;0,00;0,00;-0,23;0,00;0,00;481;180;196;37;33;389;804
5359;70,54;-16,03;0,00;0,00;0,00;-0,02;0,00;0,00;16;126;22;47;27;117;357
5360;53,43;-150,04;0,00;0,00;0,00;-0,15;0,00;0,00;369;39;84;20;32;875;755
5361;10,19;-647,58;0,00;0,00;0,00;-0,65;0,00;0,00;69;71;34;36;36;870;563
5362;48,03;-278,89;0,00;0,00;0,00;-0,28;0,00;0,00;88;92;60;13;24;531;867
5363;2,27;-623,78;0,00;0,00;0,00;-0,62;0,00;0,00;295;143;100;47;21;836;463
5364;1,64;-718,55;0,00;0,00;0,00;-0,72;0,00;0,00;366;157;143;18;34;938;275
5365;52,44;-108,92;0,00;0,00;0,00;-0,11;0,00;0,00;281;133;75;37;23;157;711
5366;83,13;10,19;0,00;0,00;0,00;0,01;0,00;0,00;202;99;144;38;26;142;552
5367;69,64;49,22;0,00;0,00;0,00;0,05;0,00;0,00;65;159;99;31;30;559;336
5368;58,71;-118,75;0,00;0,00;0,00;-0,12;0,00;0,00;402;199;82;30;37;265;134
5369;0,00;-748,70;0,00;0,00;0,00;-0,75;0,00;0,00;64;101;191;25;25;572;538
5370;13,72;-621,97;0,00;0,00;0,00;-0,62;0,00;0,00;479;144;61;18;20;299;799
5371;43,46;-302,80;0,00;0,00;0,00;-0,30;0,00;0,00;495;14;44;25;29;488;511
5372;64,79;-61,47;0,00;0,00;0,00;-0,06;0,00;0,00;278;14;23;34;19;722;214
5373;32,09;-351,75;0,00;0,00;0,00;-0,35;0,00;0,00;120;74;58;49;28;973;968
5374;9,49;-608,96;0,00;0,00;0,00;-0,61;0,00;0,00;398;107;68;26;34;335;535
5375;65,66;-90,21;0,00;0,00;0,00;-0,09;0,00;0,00;278;11;179;23;38;672;379
5376;59,60;-149,46;0,00;0,00;0,00;-0,15;0,00;0,00;451;140;19;23;22;563;346
5377;54,06;-92,01;0,00;0,00;0,00;-0,09;0,00;0,00;109;15;114;18;24;766;289
5378;65,20;-81,51;0,00;0,00;0,00;-0,08;0,00;0,00;20;48;118;31;20;877;550
5379;100,00;308,29;0,00;0,00;0,00;0,31;0,00;0,00;339;120;189;15;37;531;546
5380;65,97;-149,30;0,00;0,00;0,00;-0,15;0,00;0,00;360;157;146;11;38;711;624
5381;26,44;-423,02;0,00;0,00;0,00;-0,42;0,00;0,00;443;92;83;34;36;943;449
5382;66,95;-32,63;0,00;0,00;0,00;-0,03;0,00;0,00;423;126;133;28;33;703;628
5383;50,62;-172,45;0,00;0,00;0,00;-0,17;0,00;0,00;175;44;41;46;30;457;923
5384;15,06;-526,93;0,00;0,00;0,00;-0,53;0,00;0,00;305;33;191;33;38;110;229
5385;79,75;168,30;0,00;0,00;0,00;0,17;0,00;0,00;68;138;158;46;39;548;713
5386;82,56;182,65;0,00;0,00;0,00;0,18;0,00;0,00;308;87;135;30;26;492;945
5387;79,70;106,08;0,00;0,00;0,00;0,11;0,00;0,00;432;180;148;47;16;503;601
5388;80,24;98,94;0,00;0,00;0,00;0,10;0,00;0,00;326;114;188;16;32;988;855
5389;48,97;-185,27;0,00;0,00;0,00;-0,19;0,00;0,00;427;157;98;20;29;761;779
5390;37,20;-348,60;0,00;0,00;0,00;-0,35;0,00;0,00;414;168;185;21;18;691;302
5391;71,50;4,66;0,00;0,00;0,00;0,00;0,00;0,00;24;182;149;24;39;607;945
5392;82,32;125,26;0,00;0,00;0,00;0,13;0,00;0,00;237;40;67;43;28;135;167
5393;37,30;-389,10;0,00;0,00;0,00;-0,39;0,00;0,00;103;166;93;46;32;622;880
5394;34,22;-289,10;0,00;0,00;0,00;-0,29;0,00;0,00;329;59;179;28;21;449;616
5395;100,00;231,42;0,00;0,00;0,00;0,23;0,00;0,00;36;135;143;20;26;901;438
5396;86,13;94,20;0,00;0,00;0,00;0,09;0,00;0,00;212;82;184;38;34;101;615
5397;29,46;-422,09;0,00;0,00;0,00;-0,42;0,00;0,00;168;10;174;31;34;383;390
5398;64,15;-135,00;0,00;0,00;0,00;-0,13;0,00;0,00;199;175;197;44;27;515;841
5399;67,65;-17,98;0,00;0,00;0,00;-0,02;0,00;0,00;239;94;150;48;36;151;487
5400;2,27;-763,81;0,00;0,00;0,00;-0,76;0,00;0,00;100;28;53;41;21;248;547
5401;60,59;-128,83;0,00;0,00;0,00;-0,13;0,00;0,00;97;173;93;30;36;706;570
5402;51,97;-184,47;0,00;0,00;0,00;-0,18;0,00;0,00;458;139;51;21;36;802;274
5403;63,70;-29,93;0,00;0,00;0,00;-0,03;0,00;0,00;82;28;80;32;20;568;776
5404;38,67;-414,29;0,00;0,00;0,00;-0,41;0,00;0,00;30;136;38;34;26;465;786
5405;87,20;193,13;0,00;0,00;0,00;0,19;0,00;0,00;386;179;62;19;18;897;650
5406;77,02;29,59;0,00;0,00;0,00;0,03;0,00;0,00;81;132;75;26;15;483;821
5407;57,01;-200,15;0,00;0,00;0,00;-0,20;0,00;0,00;143;138;44;17;34;322;594
5408;54,07;-213,29;0,00;0,00;0,00;-0,21;0,00;0,00;438;176;178;49;19;528;494
5409;72,84;-22,30;0,00;0,00;0,00;-0,02;0,00;0,00;187;21;40;47;25;310;850
5410;5,90;-608,23;0,00;0,00;0,00;-0,61;0,00;0,00;441;120;17;39;15;285;991
5411;85,75;84,39;0,00;0,00;0,00;0,08;0,00;0,00;117;112;95;43;31;119;931
5412;68,30;98,85;0,00;0,00;0,00;0,10;0,00;0,00;417;19;135;40;26;343;820
5413;36,33;-303,31;0,00;0,00;0,00;-0,30;0,00;0,00;313;25;51;14;17;106;343
5414;76,60;-23,81;0,00;0,00;0,00;-0,02;0,00;0,00;381;64;77;40;35;298;193
5415;56,73;-181,56;0,00;0,00;0,00;-0,18;0,00;0,00;436;193;36;34;19;426;224
5416;26,10;-324,90;0,00;0,00;0,00;-0,32;0,00;0,00;101;33;180;32;34;135;331
5417;74,04;22,49;0,00;0,00;0,00;0,02;0,00;0,00;13;63;148;26;25;494;165
5418;18,26;-588,62;0,00;0,00;0,00;-0,59;0,00;0,00;366;50;132;32;33;889;972
5419;22,81;-449,52;0,00;0,00;0,00;-0,45;0,00;0,00;368;99;143;29;39;764;497
5420;59,52;-87,04;0,00;0,00;0,00;-0,09;0,00;0,00;369;181;84;20;30;741;547
5421;34,12;-369,09;0,00;0,00;0,00;-0,37;0,00;0,00;453;98;179;44;17;394;359
5422;32,76;-442,32;0,00;0,00;0,00;-0,44;0,00;0,00;289;199;186;11;22;326;195
5423;56,37;-109,55;0,00;0,00;0,00;-0,11;0,00;0,00;69;73;175;42;20;952;610
5424;58,45;-210,25;0,00;0,00;0,00;-0,21;0,00;0,00;391;85;12;30;33;916;742
5425;48,67;-244,05;0,00;0,00;0,00;-0,24;0,00;0,00;206;66;181;39;16;215;115
5426;46,37;-231,74;0,00;0,00;0,00;-0,23;0,00;0,00;474;94;131;32;30;997;611
5427;22,43;-505,42;0,00;0,00;0,00;-0,51;0,00;0,00;344;108;166;47;27;733;711
5428;25,81;-551,57;0,00;0,00;0,00;-0,55;0,00;0,00;255;199;180;44;29;225;842
5429;66,58;-82,82;0,00;0,00;0,00;-0,08;0,00;0,00;412;30;104;27;26;383;780
5430;63,17;-72,22;0,00;0,00;0,00;-0,07;0,00;0,00;485;24;54;33;39;792;953
5431;90,87;154,61;0,00;0,00;0,00;0,15;0,00;0,00;113;87;35;46;30;113;650
5432;95,89;273,45;0,00;0,00;0,00;0,27;0,00;0,00;407;150;11;36;35;925;170
5433;59,54;-129,28;0,00;0,00;0,00;-0,13;0,00;0,00;191;22;47;28;18;816;353
5434;9,22;-591,18;0,00;0,00;0,00;-0,59;0,00;0,00;340;158;33;12;33;236;376
5435;90,39;213,64;0,00;0,00;0,00;0,21;0,00;0,00;154;64;190;46;36;457;671
5436;41,58;-232,27;0,00;0,00;0,00;-0,23;0,00;0,00;472;38;57;14;19;574;788
5437;15,72;-579,04;0,00;0,00;0,00;-0,58;0,00;0,00;54;121;68;34;31;250;129
5438;55,79;-183,02;0,00;0,00;0,00;-0,18;0,00;0,00;22;145;119;16;24;906;952
5439;30,16;-366,59;0,00;0,00;0,00;-0,37;0,00;0,00;267;42;125;25;30;470;947
5440;0,00;-725,23;0,00;0,00;0,00;-0,73;0,00;0,00;77;141;46;42;25;492;199
5441;31,80;-381,10;0,00;0,00;0,00;-0,38;0,00;0,00;187;194;177;37;28;464;618
5442;48,63;-200,64;0,00;0,00;0,00;-0,20;0,00;0,00;449;174;170;33;35;251;270
5443;53,30;-138,82;0,00;0,00;0,00;-0,14;0,00;0,00;273;148;45;13;28;146;462
5444;32,28;-324,48;0,00;0,00;0,00;-0,32;0,00;0,00;43;109;70;45;33;944;529
5445;81,33;91,14;0,00;0,00;0,00;0,09;0,00;0,00;85;81;71;33;38;849;987
5446;56,35;-121,97;0,00;0,00;0,00;-0,12;0,00;0,00;492;104;36;13;29;150;357
5447;67,13;127,20;0,00;0,00;0,00;0,13;0,00;0,00;300;52;95;36;36;148;157
5448;25,77;-450,93;0,00;0,00;0,00;-0,45;0,00;0,00;71;46;57;31;22;385;904
5449;79,54;16,03;0,00;0,00;0,00;0,02;0,00;0,00;320;68;57;27;32;645;553
5450;7,89;-669,55;0,00;0,00;0,00;-0,67;0,00;0,00;330;151;85;37;27;208;528
5451;34,03;-432,77;0,00;0,00;0,00;-0,43;0,00;0,00;203;148;85;20;20;824;914
5452;0,00;-744,68;0,00;0,00;0,00;-0,74;0,00;0,00;63;83;196;42;25;827;778
5453;78,78;87,29;0,00;0,00;0,00;0,09;0,00;0,00;494;96;74;43;31;951;824
5454;0,00;-757,51;0,00;0,00;0,00;-0,76;0,00;0,00;357;153;171;20;20;788;379
5455;13,56;-539,76;0,00;0,00;0,00;-0,54;0,00;0,00;61;62;134;12;31;976;742
5456;70,48;-17,24;0,00;0,00;0,00;-0,02;0,00;0,00;414;66;51;37;17;560;932
5457;33,73;-406,65;0,00;0,00;0,00;-0,41;0,00;0,00;410;63;192;21;18;849;269
5458;37,69;-299,28;0,00;0,00;0,00;-0,30;0,00;0,00;167;15;40;22;16;779;153
5459;100,00;343,74;0,00;0,00;0,00;0,34;0,00;0,00;176;115;126;41;15;739;981
5460;86,65;164,97;0,00;0,00;0,00;0,16;0,00;0,00;220;81;148;42;35;455;789
5461;43,12;-277,01;0,00;0,00;0,00;-0,28;0,00;0,00;233;103;152;14;34;167;806
5462;46,03;-260,46;0,00;0,00;0,00;-0,26;0,00;0,00;67;85;190;30;35;876;551
5463;58,75;-140,73;0,00;0,00;0,00;-0,14;0,00;0,00;141;119;49;17;24;308;286
5464;71,36;37,05;0,00;0,00;0,00;0,04;0,00;0,00;14;58;56;21;37;346;449
5465;8,86;-636,84;0,00;0,00;0,00;-0,64;0,00;0,00;25;30;19;48;32;591;625
5466;38,31;-354,40;0,00;0,00;0,00;-0,35;0,00;0,00;265;43;141;33;21;170;241
5467;53,17;-118,09;0,00;0,00;0,00;-0,12;0,00;0,00;128;75;95;15;34;157;913
5468;40,21;-258,08;0,00;0,00;0,00;-0,26;0,00;0,00;401;147;68;35;39;667;957
5469;17,39;-536,44;0,00;0,00;0,00;-0,54;0,00;0,00;30;127;120;37;38;747;823
5470;52,73;-204,43;0,00;0,00;0,00;-0,20;0,00;0,00;408;177;76;37;24;794;988
5471;38,99;-329,39;0,00;0,00;0,00;-0,33;0,00;0,00;171;90;98;37;36;767;126
5472;20,64;-451,42;0,00;0,00;0,00;-0,45;0,00;0,00;339;40;83;46;20;699;613
5473;3,09;-685,46;0,00;0,00;0,00;-0,69;0,00;0,00;18;99;92;20;30;178;156
5474;55,52;-187,26;0,00;0,00;0,00;-0,19;0,00;0,00;14;32;110;21;21;373;838
5475;66,67;-69,83;0,00;0,00;0,00;-0,07;0,00;0,00;476;109;86;31;37;636;518
5476;88,89;126,41;0,00;0,00;0,00;0,13;0,00;0,00;195;104;56;40;30;510;504
5477;80,78;110,45;0,00;0,00;0,00;0,11;0,00;0,00;160;14;113;48;28;614;885
5478;47,70;-228,59;0,00;0,00;0,00;-0,23;0,00;0,00;273;90;17;34;27;781;673
5479;0,00;-788,27;0,00;0,00;0,00;-0,79;0,00;0,00;257;47;84;28;20;404;951
5480;37,19;-351,84;0,00;0,00;0,00;-0,35;0,00;0,00;412;160;137;28;39;833;893
5481;100,00;263,31;0,00;0,00;0,00;0,26;0,00;0,00;290;181;81;44;35;833;403
5482;37,25;-333,35;0,00;0,00;0,00;-0,33;0,00;0,00;456;119;71;28;21;126;104
5483;39,02;-314,30;0,00;0,00;0,00;-0,31;0,00;0,00;102;50;91;34;35;667;569
5484;43,13;-315,35;0,00;0,00;0,00;-0,32;0,00;0,00;218;77;83;12;29;892;172
5485;33,62;-342,63;0,00;0,00;0,00;-0,34;0,00;0,00;288;109;36;13;21;412;611
5486;64,19;12,61;0,00;0,00;0,00;0,01;0,00;0,00;387;110;185;47;37;232;431
5487;9,31;-631,97;0,00;0,00;0,00;-0,63;0,00;0,00;336;148;125;31;22;339;881
5488;75,09;37,70;0,00;0,00;0,00;0,04;0,00;0,00;265;195;151;40;15;277;203
5489;72,68;50,38;0,00;0,00;0,00;0,05;0,00;0,00;156;48;63;21;30;702;290
5490;52,08;-183,16;0,00;0,00;0,00;-0,18;0,00;0,00;407;25;45;29;36;776;138
5491;22,51;-519,35;0,00;0,00;0,00;-0,52;0,00;0,00;53;25;139;45;17;873;293
5492;73,77;4,04;0,00;0,00;0,00;0,00;0,00;0,00;307;119;171;24;31;806;198
5493;59,46;-124,48;0,00;0,00;0,00;-0,12;0,00;0,00;411;198;163;47;23;656;821
5494;79,67;71,28;0,00;0,00;0,00;0,07;0,00;0,00;202;10;59;24;15;101;192
5495;62,63;-120,30;0,00;0,00;0,00;-0,12;0,00;0,00;262;35;98;20;29;582;225
5496;41,03;-331,83;0,00;0,00;0,00;-0,33;0,00;0,00;80;88;159;39;21;635;761
5497;37,55;-433,06;0,00;0,00;0,00;-0,43;0,00;0,00;459;21;157;41;36;732;615
5498;3,58;-675,50;0,00;0,00;0,00;-0,68;0,00;0,00;155;95;61;15;35;724;574
5499;16,96;-492,80;0,00;0,00;0,00;-0,49;0,00;0,00;377;124;130;20;20;807;137
5500;4,15;-724,18;0,00;0,00;0,00;-0,72;0,00;0,00;354;174;171;42;39;230;601
5501;77,65;28,94;0,00;0,00;0,00;0,03;0,00;0,00;350;180;195;11;38;221;411
5502;54,29;-121,01;0,00;0,00;0,00;-0,12;0,00;0,00;94;20;16;16;37;289;490
5503;38,53;-309,01;0,00;0,00;0,00;-0,31;0,00;0,00;327;144;71;28;32;437;215
5504;8,59;-643,92;0,00;0,00;0,00;-0,64;0,00;0,00;459;113;105;28;38;603;573
5505;88,09;128,46;0,00;0,00;0,00;0,13;0,00;0,00;280;181;88;46;28;192;750
5506;80,60;95,60;0,00;0,00;0,00;0,10;0,00;0,00;300;11;104;49;32;436;215
5507;51,43;-112,52;0,00;0,00;0,00;-0,11;0,00;0,00;338;96;91;35;34;247;496
5508;36,51;-211,26;0,00;0,00;0,00;-0,21;0,00;0,00;146;122;126;38;22;746;154
5509;45,96;-212,87;0,00;0,00;0,00;-0,21;0,00;0,00;26;128;122;32;32;434;123
5510;59,12;-171,93;0,00;0,00;0,00;-0,17;0,00;0,00;81;140;30;11;24;971;581
5511;32,31;-353,64;0,00;0,00;0,00;-0,35;0,00;0,00;499;101;144;46;26;932;450
5512;4,82;-703,26;0,00;0,00;0,00;-0,70;0,00;0,00;343;30;55;30;35;966;289
5513;32,72;-348,79;0,00;0,00;0,00;-0,35;0,00;0,00;356;168;41;20;39;191;239
5514;28,68;-453,26;0,00;0,00;0,00;-0,45;0,00;0,00;290;98;138;38;34;646;330
5515;56,38;-196,94;0,00;0,00;0,00;-0,20;0,00;0,00;179;195;15;43;35;823;998
5516;47,63;-272,06;0,00;0,00;0,00;-0,27;0,00;0,00;463;10;179;10;19;287;931
5517;28,48;-451,71;0,00;0,00;0,00;-0,45;0,00;0,00;125;46;82;46;28;224;986
5518;44,67;-322,92;0,00;0,00;0,00;-0,32;0,00;0,00;283;15;46;29;21;689;965
5519;21,56;-447,24;0,00;0,00;0,00;-0,45;0,00;0,00;282;59;89;15;35;117;169
5520;68,61;-55,04;0,00;0,00;0,00;-0,06;0,00;0,00;177;100;93;16;19;139;362
5521;21,16;-480,13;0,00;0,00;0,00;-0,48;0,00;0,00;259;184;43;13;38;431;535
5522;6,53;-571,80;0,00;0,00;0,00;-0,57;0,00;0,00;93;35;184;22;18;912;553
5523;88,63;201,45;0,00;0,00;0,00;0,20;0,00;0,00;24;152;171;10;25;442;614
5524;54,93;-87,41;0,00;0,00;0,00;-0,09;0,00;0,00;204;150;87;39;25;385;173
5525;58,07;-138,36;0,00;0,00;0,00;-0,14;0,00;0,00;371;163;117;32;15;356;728
5526;50,69;-150,22;0,00;0,00;0,00;-0,15;0,00;0,00;428;81;87;44;30;614;712
5527;60,33;-137,63;0,00;0,00;0,00;-0,14;0,00;0,00;182;22;91;49;39;517;867
5528;49,99;-168,27;0,00;0,00;0,00;-0,17;0,00;0,00;398;186;143;12;37;619;995
5529;61,37;-44,49;0,00;0,00;0,00;-0,04;0,00;0,00;361;34;168;25;31;141;312
5530;74,96;46,05;0,00;0,00;0,00;0,05;0,00;0,00;205;168;59;45;32;513;557
5531;89,48;107,02;0,00;0,00;0,00;0,11;0,00;0,00;328;59;123;37;24;184;109
5532;50,49;-253,60;0,00;0,00;0,00;-0,25;0,00;0,00;285;76;164;20;26;930;190
5533;31,51;-449,87;0,00;0,00;0,00;-0,45;0,00;0,00;105;116;66;38;15;633;359
5534;56,23;-55,04;0,00;0,00;0,00;-0,06;0,00;0,00;437;186;132;44;28;604;583
5535;22,51;-438,29;0,00;0,00;0,00;-0,44;0,00;0,00;494;79;115;28;25;802;724
5536;79,60;122,24;0,00;0,00;0,00;0,12;0,00;0,00;48;171;174;35;36;151;390
5537;46,58;-254,59;0,00;0,00;0,00;-0,25;0,00;0,00;428;99;199;12;39;434;786
5538;68,74;3,41;0,00;0,00;0,00;0,00;0,00;0,00;455;154;47;31;19;164;811
5539;40,47;-282,85;0,00;0,00;0,00;-0,28;0,00;0,00;60;30;110;47;19;222;752
5540;56,68;-148,92;0,00;0,00;0,00;-0,15;0,00;0,00;333;50;126;17;33;575;539
5541;42,41;-312,97;0,00;0,00;0,00;-0,31;0,00;0,00;263;134;158;15;36;351;458
5542;23,77;-526,18;0,00;0,00;0,00;-0,53;0,00;0,00;93;181;25;47;22;254;688
5543;89,19;232,84;0,00;0,00;0,00;0,23;0,00;0,00;357;195;179;22;21;414;681
5544;57,94;-108,94;0,00;0,00;0,00;-0,11;0,00;0,00;23;65;169;27;19;135;270
5545;70,03;-55,89;0,00;0,00;0,00;-0,06;0,00;0,00;136;160;155;25;18;844;677
5546;48,33;-188,85;0,00;0,00;0,00;-0,19;0,00;0,00;87;161;62;26;28;485;731
5547;64,26;-22,91;0,00;0,00;0,00;-0,02;0,00;0,00;85;143;143;37;36;317;926
5548;96,74;293,19;0,00;0,00;0,00;0,29;0,00;0,00;452;71;156;31;15;699;830
5549;37,34;-357,03;0,00;0,00;0,00;-0,36;0,00;0,00;115;26;105;45;31;944;524
5550;38,02;-339,77;0,00;0,00;0,00;-0,34;0,00;0,00;404;168;134;31;16;944;539
5551;47,56;-281,76;0,00;0,00;0,00;-0,28;0,00;0,00;32;136;55;18;37;544;998
5552;60,79;-127,18;0,00;0,00;0,00;-0,13;0,00;0,00;339;62;192;37;32;989;413
5553;35,83;-311,30;0,00;0,00;0,00;-0,31;0,00;0,00;67;179;32;19;29;922;751
5554;52,78;-90,72;0,00;0,00;0,00;-0,09;0,00;0,00;496;155;52;23;38;370;581
5555;30,71;-433,75;0,00;0,00;0,00;-0,43;0,00;0,00;268;36;167;44;37;137;519
5556;31,76;-308,41;0,00;0,00;0,00;-0,31;0,00;0,00;58;64;47;14;35;391;710
5557;15,40;-637,30;0,00;0,00;0,00;-0,64;0,00;0,00;162;23;155;48;31;171;633
5558;54,80;-185,83;0,00;0,00;0,00;-0,19;0,00;0,00;109;99;98;21;20;989;346
5559;33,06;-392,59;0,00;0,00;0,00;-0,39;0,00;0,00;376;141;186;20;19;403;531
5560;32,07;-367,70;0,00;0,00;0,00;-0,37;0,00;0,00;263;35;46;40;32;139;826
5561;68,17;-30,70;0,00;0,00;0,00;-0,03;0,00;0,00;447;172;101;41;17;883;471
5562;97,65;337,98;0,00;0,00;0,00;0,34;0,00;0,00;75;187;105;42;30;593;934
5563;83,42;181,59;0,00;0,00;0,00;0,18;0,00;0,00;392;146;81;19;24;708;830
5564;36,31;-371,16;0,00;0,00;0,00;-0,37;0,00;0,00;232;192;136;22;29;620;251
5565;33,21;-384,41;0,00;0,00;0,00;-0,38;0,00;0,00;292;97;173;31;32;389;695
5566;63,20;-53,81;0,00;0,00;0,00;-0,05;0,00;0,00;70;192;176;10;26;760;838
5567;54,71;-185,30;0,00;0,00;0,00;-0,19;0,00;0,00;55;169;17;15;24;976;248
5568;52,32;-85,48;0,00;0,00;0,00;-0,09;0,00;0,00;123;144;152;11;32;530;422
5569;22,25;-511,05;0,00;0,00;0,00;-0,51;0,00;0,00;305;94;190;12;37;616;464
5570;33,86;-328,61;0,00;0,00;0,00;-0,33;0,00;0,00;496;63;77;46;18;283;548
5571;5,52;-647,44;0,00;0,00;0,00;-0,65;0,00;0,00;25;93;79;33;27;806;482
5572;37,24;-412,73;0,00;0,00;0,00;-0,41;0,00;0,00;326;58;120;30;21;571;834
5573;36,84;-332,76;0,00;0,00;0,00;-0,33;0,00;0,00;148;85;188;48;21;351;370
5574;39,14;-369,74;0,00;0,00;0,00;-0,37;0,00;0,00;328;113;168;32;30;522;983
5575;55,96;-8,17;0,00;0,00;0,00;-0,01;0,00;0,00;287;54;133;44;26;443;117
5576;43,93;-265,25;0,00;0,00;0,00;-0,27;0,00;0,00;450;110;37;36;36;113;683
5577;66,66;-12,63;0,00;0,00;0,00;-0,01;0,00;0,00;200;194;49;46;22;820;218
5578;86,15;115,25;0,00;0,00;0,00;0,12;0,00;0,00;45;158;87;18;34;600;942
5579;39,02;-209,04;0,00;0,00;0,00;-0,21;0,00;0,00;466;183;31;43;27;135;554
5580;74,52;44,26;0,00;0,00;0,00;0,04;0,00;0,00;499;124;29;37;21;536;468
5581;62,99;-112,31;0,00;0,00;0,00;-0,11;0,00;0,00;497;141;12;26;33;776;478
5582;72,79;77,24;0,00;0,00;0,00;0,08;0,00;0,00;45;148;188;34;28;538;182
5583;32,61;-357,95;0,00;0,00;0,00;-0,36;0,00;0,00;186;29;116;41;21;879;239
5584;78,38;-12,44;0,00;0,00;0,00;-0,01;0,00;0,00;12;43;90;27;36;929;483
5585;88,19;204,74;0,00;0,00;0,00;0,20;0,00;0,00;25;85;186;43;31;786;231
5586;65,80;-61,52;0,00;0,00;0,00;-0,06;0,00;0,00;85;193;199;25;25;109;501
5587;40,80;-257,23;0,00;0,00;0,00;-0,26;0,00;0,00;172;106;185;36;15;408;150
5588;62,57;-147,56;0,00;0,00;0,00;-0,15;0,00;0,00;394;86;26;21;16;752;401
5589;46,32;-222,36;0,00;0,00;0,00;-0,22;0,00;0,00;403;72;166;20;22;821;561
5590;34,19;-325,05;0,00;0,00;0,00;-0,33;0,00;0,00;322;115;99;45;31;641;183
5591;72,23;8,26;0,00;0,00;0,00;0,01;0,00;0,00;35;34;194;34;26;754;982
5592;45,48;-218,90;0,00;0,00;0,00;-0,22;0,00;0,00;42;26;16;47;29;130;292
5593;39,27;-281,35;0,00;0,00;0,00;-0,28;0,00;0,00;420;79;90;30;16;903;213
5594;81,37;152,45;0,00;0,00;0,00;0,15;0,00;0,00;174;190;81;46;17;961;684
5595;43,04;-254,20;0,00;0,00;0,00;-0,25;0,00;0,00;95;12;158;10;19;170;118
5596;43,44;-302,60;0,00;0,00;0,00;-0,30;0,00;0,00;299;16;107;38;34;771;561
5597;48,03;-193,15;0,00;0,00;0,00;-0,19;0,00;0,00;492;37;58;45;21;878;990
5598;48,93;-220,95;0,00;0,00;0,00;-0,22;0,00;0,00;466;189;59;29;33;138;485
5599;39,10;-357,28;0,00;0,00;0,00;-0,36;0,00;0,00;137;61;111;46;25;562;535
5600;71,11;-31,60;0,00;0,00;0,00;-0,03;0,00;0,00;152;43;107;41;39;990;870
5601;77,52;97,90;0,00;0,00;0,00;0,10;0,00;0,00;362;52;132;22;39;122;165
5602;33,09;-370,70;0,00;0,00;0,00;-0,37;0,00;0,00;275;149;195;41;33;801;460
5603;35,72;-336,50;0,00;0,00;0,00;-0,34;0,00;0,00;268;75;96;42;22;437;582
5604;67,05;-28,79;0,00;0,00;0,00;-0,03;0,00;0,00;329;122;19;12;24;798;545
5605;60,46;-163,04;0,00;0,00;0,00;-0,16;0,00;0,00;82;27;164;44;34;613;808
5606;49,63;-265,57;0,00;0,00;0,00;-0,27;0,00;0,00;495;41;140;40;34;396;809
5607;70,37;-69,49;0,00;0,00;0,00;-0,07;0,00;0,00;391;22;74;13;18;843;545
5608;34,24;-318,79;0,00;0,00;0,00;-0,32;0,00;0,00;377;135;143;22;16;467;589
5609;53,65;-166,28;0,00;0,00;0,00;-0,17;0,00;0,00;35;57;113;47;28;976;824
5610;74,63;84,56;0,00;0,00;0,00;0,08;0,00;0,00;279;90;38;19;23;206;740
5611;80,30;86,76;0,00;0,00;0,00;0,09;0,00;0,00;466;167;139;18;20;727;160
5612;23,41;-440,78;0,00;0,00;0,00;-0,44;0,00;0,00;47;30;89;12;28;401;377
5613;100,00;304,51;0,00;0,00;0,00;0,30;0,00;0,00;14;17;91;17;17;881;605
5614;20,31;-495,61;0,00;0,00;0,00;-0,50;0,00;0,00;281;31;85;35;26;218;583
5615;55,52;-56,06;0,00;0,00;0,00;-0,06;0,00;0,00;218;166;114;44;31;211;293
5616;26,27;-327,86;0,00;0,00;0,00;-0,33;0,00;0,00;158;78;23;45;33;785;187
5617;58,54;-166,73;0,00;0,00;0,00;-0,17;0,00;0,00;112;163;18;18;26;222;882
5618;75,68;94,35;0,00;0,00;0,00;0,09;0,00;0,00;393;65;181;34;34;863;457
5619;55,41;-27,16;0,00;0,00;0,00;-0,03;0,00;0,00;203;154;175;49;29;804;497
5620;49,45;-144,48;0,00;0,00;0,00;-0,14;0,00;0,00;189;100;154;23;30;666;607
5621;82,74;58,14;0,00;0,00;0,00;0,06;0,00;0,00;343;149;174;25;25;937;545
5622;73,79;6,83;0,00;0,00;0,00;0,01;0,00;0,00;237;95;154;19;31;540;279
5623;40,69;-296,74;0,00;0,00;0,00;-0,30;0,00;0,00;368;151;117;24;33;474;432
5624;37,11;-294,52;0,00;0,00;0,00;-0,29;0,00;0,00;160;137;26;37;39;388;998
5625;70,11;-9,83;0,00;0,00;0,00;-0,01;0,00;0,00;450;76;130;23;33;251;692
5626;54,58;-159,06;0,00;0,00;0,00;-0,16;0,00;0,00;171;57;170;47;23;689;583
5627;26,84;-349,36;0,00;0,00;0,00;-0,35;0,00;0,00;305;14;123;35;16;757;862
5628;39,55;-311,49;0,00;0,00;0,00;-0,31;0,00;0,00;462;187;98;45;34;667;469
5629;6,48;-713,52;0,00;0,00;0,00;-0,71;0,00;0,00;167;97;165;27;30;299;149
5630;34,10;-368,72;0,00;0,00;0,00;-0,37;0,00;0,00;328;99;142;41;26;109;535
5631;0,16;-679,73;0,00;0,00;0,00;-0,68;0,00;0,00;49;153;52;15;32;826;693
5632;58,59;-79,07;0,00;0,00;0,00;-0,08;0,00;0,00;301;47;117;12;15;278;856
5633;100,00;247,94;0,00;0,00;0,00;0,25;0,00;0,00;310;168;42;23;36;583;447
5634;48,13;-158,85;0,00;0,00;0,00;-0,16;0,00;0,00;347;68;29;34;24;394;127
5635;35,09;-350,55;0,00;0,00;0,00;-0,35;0,00;0,00;277;133;91;49;20;223;530
5636;20,86;-495,71;0,00;0,00;0,00;-0,50;0,00;0,00;448;62;140;37;16;337;418
5637;0,00;-745,35;0,00;0,00;0,00;-0,75;0,00;0,00;438;128;131;37;28;235;919
5638;7,82;-681,36;0,00;0,00;0,00;-0,68;0,00;0,00;339;126;63;27;21;165;822
5639;62,34;24,15;0,00;0,00;0,00;0,02;0,00;0,00;171;112;39;13;20;470;201
5640;48,11;-188,77;0,00;0,00;0,00;-0,19;0,00;0,00;184;134;78;33;15;602;905
5641;33,54;-475,53;0,00;0,00;0,00;-0,48;0,00;0,00;321;172;123;11;31;122;142
5642;65,50;-30,43;0,00;0,00;0,00;-0,03;0,00;0,00;296;155;163;10;20;842;211
5643;100,00;332,19;0,00;0,00;0,00;0,33;0,00;0,00;322;121;117;26;33;370;546
5644;69,31;-12,34;0,00;0,00;0,00;-0,01;0,00;0,00;208;111;132;16;18;695;877
5645;56,49;-95,37;0,00;0,00;0,00;-0,10;0,00;0,00;444;89;150;28;38;863;661
5646;61,82;-19,39;0,00;0,00;0,00;-0,02;0,00;0,00;413;32;129;11;16;375;965
5647;66,28;-124,51;0,00;0,00;0,00;-0,12;0,00;0,00;122;109;68;22;32;856;427
5648;69,53;17,60;0,00;0,00;0,00;0,02;0,00;0,00;458;177;178;29;34;841;937
5649;24,61;-484,33;0,00;0,00;0,00;-0,48;0,00;0,00;338;180;157;29;27;109;696
5650;78,24;11,86;0,00;0,00;0,00;0,01;0,00;0,00;83;102;100;40;37;716;921
5651;48,97;-149,46;0,00;0,00;0,00;-0,15;0,00;0,00;380;172;198;36;19;486;539
5652;53,98;-264,76;0,00;0,00;0,00;-0,26;0,00;0,00;165;96;51;35;17;303;339
5653;31,63;-434,67;0,00;0,00;0,00;-0,43;0,00;0,00;213;15;102;22;37;445;205
5654;90,97;174,97;0,00;0,00;0,00;0,17;0,00;0,00;242;106;196;11;17;434;996
5655;48,74;-195,85;0,00;0,00;0,00;-0,20;0,00;0,00;456;66;34;30;16;964;505
5656;57,15;-93,40;0,00;0,00;0,00;-0,09;0,00;0,00;215;177;127;16;16;252;200
5657;41,85;-325,54;0,00;0,00;0,00;-0,33;0,00;0,00;174;117;179;42;26;917;872
5658;85,56;161,27;0,00;0,00;0,00;0,16;0,00;0,00;90;194;64;11;17;733;700
5659;63,09;-27,47;0,00;0,00;0,00;-0,03;0,00;0,00;261;93;28;35;39;387;419
5660;87,87;212,18;0,00;0,00;0,00;0,21;0,00;0,00;466;79;125;21;26;112;849
5661;36,44;-331,90;0,00;0,00;0,00;-0,33;0,00;0,00;288;120;55;44;32;849;965
5662;5,21;-651,25;0,00;0,00;0,00;-0,65;0,00;0,00;483;190;19;33;37;607;724
5663;29,01;-434,77;0,00;0,00;0,00;-0,43;0,00;0,00;129;118;96;31;22;546;705
5664;25,18;-378,65;0,00;0,00;0,00;-0,38;0,00;0,00;221;154;64;19;36;693;804
5665;66,54;-25,41;0,00;0,00;0,00;-0,03;0,00;0,00;294;106;157;23;17;765;374
5666;55,93;-156,69;0,00;0,00;0,00;-0,16;0,00;0,00;316;78;59;27;23;331;837
5667;75,84;19,39;0,00;0,00;0,00;0,02;0,00;0,00;476;162;145;21;37;817;249
5668;62,01;-20,70;0,00;0,00;0,00;-0,02;0,00;0,00;406;185;103;36;19;455;200
5669;45,74;-239,28;0,00;0,00;0,00;-0,24;0,00;0,00;384;160;53;44;31;141;378
5670;76,58;78,94;0,00;0,00;0,00;0,08;0,00;0,00;117;110;132;41;24;854;537
5671;18,54;-521,65;0,00;0,00;0,00;-0,52;0,00;0,00;434;25;195;43;36;662;910
5672;52,92;-194,69;0,00;0,00;0,00;-0,19;0,00;0,00;382;33;56;23;24;138;407
5673;48,27;-271,28;0,00;0,00;0,00;-0,27;0,00;0,00;84;144;156;45;19;245;295
5674;26,04;-450,26;0,00;0,00;0,00;-0,45;0,00;0,00;300;109;63;33;18;465;305
5675;28,19;-426,83;0,00;0,00;0,00;-0,43;0,00;0,00;74;181;136;21;32;512;376
5676;46,47;-192,29;0,00;0,00;0,00;-0,19;0,00;0,00;121;114;147;20;24;380;460
5677;19,76;-529,83;0,00;0,00;0,00;-0,53;0,00;0,00;135;14;102;26;15;481;241
5678;53,40;-231,69;0,00;0,00;0,00;-0,23;0,00;0,00;145;44;70;36;35;838;171
5679;35,88;-318,99;0,00;0,00;0,00;-0,32;0,00;0,00;119;47;117;28;30;861;135
5680;39,10;-307,73;0,00;0,00;0,00;-0,31;0,00;0,00;480;81;29;49;34;978;204
5681;39,22;-225,69;0,00;0,00;0,00;-0,23;0,00;0,00;310;168;190;22;27;727;538
5682;69,73;27,94;0,00;0,00;0,00;0,03;0,00;0,00;352;156;115;16;36;435;926
5683;61,34;-70,15;0,00;0,00;0,00;-0,07;0,00;0,00;231;110;183;48;19;226;415
5684;67,87;85,29;0,00;0,00;0,00;0,09;0,00;0,00;419;88;51;23;27;815;997
5685;27,60;-385,13;0,00;0,00;0,00;-0,39;0,00;0,00;457;130;126;33;39;392;987
5686;32,35;-366,38;0,00;0,00;0,00;-0,37;0,00;0,00;35;126;179;45;22;811;791
5687;36,50;-232,83;0,00;0,00;0,00;-0,23;0,00;0,00;108;174;71;14;18;611;563
5688;33,60;-315,45;0,00;0,00;0,00;-0,32;0,00;0,00;233;170;32;30;32;371;213
5689;45,19;-250,46;0,00;0,00;0,00;-0,25;0,00;0,00;205;139;171;22;27;765;219
5690;51,24;-143,69;0,00;0,00;0,00;-0,14;0,00;0,00;251;20;60;45;21;119;970
5691;76,48;107,61;0,00;0,00;0,00;0,11;0,00;0,00;459;146;186;11;26;976;839
5692;23,34;-500,93;0,00;0,00;0,00;-0,50;0,00;0,00;69;125;106;33;35;307;804
5693;72,25;-15,07;0,00;0,00;0,00;-0,02;0,00;0,00;397;83;135;38;29;961;909
5694;93,98;254,60;0,00;0,00;0,00;0,25;0,00;0,00;457;146;22;11;20;882;420
5695;86,81;240,30;0,00;0,00;0,00;0,24;0,00;0,00;361;58;91;27;34;493;567
5696;50,34;-251,70;0,00;0,00;0,00;-0,25;0,00;0,00;85;90;154;31;34;233;346
5697;41,39;-315,06;0,00;0,00;0,00;-0,32;0,00;0,00;312;46;74;41;38;123;916
5698;44,14;-189,49;0,00;0,00;0,00;-0,19;0,00;0,00;481;39;38;43;18;650;701
5699;65,35;-78,23;0,00;0,00;0,00;-0,08;0,00;0,00;309;133;54;15;31;259;639
5700;86,47;125,08;0,00;0,00;0,00;0,13;0,00;0,00;361;143;38;30;18;809;578
5701;56,64;-39,26;0,00;0,00;0,00;-0,04;0,00;0,00;156;89;29;25;15;886;417
5702;55,37;-179,14;0,00;0,00;0,00;-0,18;0,00;0,00;348;78;55;18;18;333;458
5703;30,00;-422,23;0,00;0,00;0,00;-0,42;0,00;0,00;103;71;54;18;22;903;715
5704;65,07;75,75;0,00;0,00;0,00;0,08;0,00;0,00;489;17;150;29;19;609;220
5705;76,82;91,95;0,00;0,00;0,00;0,09;0,00;0,00;129;39;78;49;34;398;448
5706;83,06;40,37;0,00;0,00;0,00;0,04;0,00;0,00;116;38;161;18;16;278;158
5707;87,76;72,24;0,00;0,00;0,00;0,07;0,00;0,00;373;180;24;45;19;615;308
5708;68,39;-31,47;0,00;0,00;0,00;-0,03;0,00;0,00;146;92;88;31;25;688;786
5709;32,71;-362,04;0,00;0,00;0,00;-0,36;0,00;0,00;474;14;93;44;22;908;432
5710;100,00;337,50;0,00;0,00;0,00;0,34;0,00;0,00;285;130;35;19;32;140;884
5711;44,17;-260,80;0,00;0,00;0,00;-0,26;0,00;0,00;417;60;126;36;24;664;641
5712;46,38;-274,29;0,00;0,00;0,00;-0,27;0,00;0,00;52;50;91;42;38;172;788
5713;45,54;-244,01;0,00;0,00;0,00;-0,24;0,00;0,00;297;10;114;36;22;896;281
5714;70,05;-27,62;0,00;0,00;0,00;-0,03;0,00;0,00;379;160;160;28;39;929;851
5715;85,51;166,66;0,00;0,00;0,00;0,17;0,00;0,00;338;117;195;46;36;311;475
5716;33,29;-420,16;0,00;0,00;0,00;-0,42;0,00;0,00;284;169;92;21;35;137;562
5717;19,18;-562,46;0,00;0,00;0,00;-0,56;0,00;0,00;194;117;41;27;27;297;376
5718;27,37;-377,56;0,00;0,00;0,00;-0,38;0,00;0,00;144;67;106;31;22;819;254
5719;53,55;-203,43;0,00;0,00;0,00;-0,20;0,00;0,00;151;76;81;35;24;796;337
5720;23,83;-482,06;0,00;0,00;0,00;-0,48;0,00;0,00;126;174;52;31;39;877;928
5721;33,35;-324,66;0,00;0,00;0,00;-0,32;0,00;0,00;75;27;95;45;23;272;428
5722;28,15;-470,00;0,00;0,00;0,00;-0,47;0,00;0,00;324;166;11;35;24;791;588
5723;62,05;-95,75;0,00;0,00;0,00;-0,10;0,00;0,00;83;105;175;10;22;840;130
5724;45,01;-289,16;0,00;0,00;0,00;-0,29;0,00;0,00;199;144;50;31;19;870;768
5725;4,69;-671,03;0,00;0,00;0,00;-0,67;0,00;0,00;295;156;194;18;24;403;787
5726;66,32;-17,92;0,00;0,00;0,00;-0,02;0,00;0,00;372;132;86;18;32;527;772
5727;25,91;-427,91;0,00;0,00;0,00;-0,43;0,00;0,00;296;12;35;41;16;670;631
5728;75,59;53,30;0,00;0,00;0,00;0,05;0,00;0,00;486;65;153;23;27;238;546
5729;77,54;135,09;0,00;0,00;0,00;0,14;0,00;0,00;267;70;114;39;18;764;432
5730;4,90;-620,50;0,00;0,00;0,00;-0,62;0,00;0,00;149;61;39;39;34;338;134
5731;44,07;-302,27;0,00;0,00;0,00;-0,30;0,00;0,00;490;157;145;15;27;380;563
5732;90,88;176,63;0,00;0,00;0,00;0,18;0,00;0,00;103;57;180;36;33;812;829
5733;78,73;83,72;0,00;0,00;0,00;0,08;0,00;0,00;291;21;86;10;35;447;810
5734;78,12;103,71;0,00;0,00;0,00;0,10;0,00;0,00;42;21;63;11;28;450;140
5735;93,57;238,95;0,00;0,00;0,00;0,24;0,00;0,00;491;108;15;21;23;772;843
5736;78,92;33,71;0,00;0,00;0,00;0,03;0,00;0,00;280;60;186;15;36;687;909
5737;59,31;-98,99;0,00;0,00;0,00;-0,10;0,00;0,00;177;122;122;13;17;639;367
5738;60,06;-35,14;0,00;0,00;0,00;-0,04;0,00;0,00;91;83;68;15;33;918;676
5739;29,94;-408,64;0,00;0,00;0,00;-0,41;0,00;0,00;155;59;88;32;17;978;427
5740;18,45;-611,36;0,00;0,00;0,00;-0,61;0,00;0,00;305;103;38;10;16;698;939
5741;70,99;51,58;0,00;0,00;0,00;0,05;0,00;0,00;71;125;156;19;21;580;665
5742;56,34;-193,07;0,00;0,00;0,00;-0,19;0,00;0,00;34;16;109;37;32;580;764
5743;22,43;-452,07;0,00;0,00;0,00;-0,45;0,00;0,00;13;102;98;40;34;525;255
5744;54,28;-105,08;0,00;0,00;0,00;-0,11;0,00;0,00;419;97;178;46;15;631;846
5745;58,15;-146,56;0,00;0,00;0,00;-0,15;0,00;0,00;173;152;77;49;30;300;958
5746;64,68;-19,80;0,00;0,00;0,00;-0,02;0,00;0,00;425;88;198;16;27;336;898
5747;30,54;-399,59;0,00;0,00;0,00;-0,40;0,00;0,00;472;169;97;28;18;635;213
5748;47,55;-128,33;0,00;0,00;0,00;-0,13;0,00;0,00;84;177;43;12;31;212;139
5749;21,72;-528,30;0,00;0,00;0,00;-0,53;0,00;0,00;356;99;102;19;21;915;240
5750;92,46;211,87;0,00;0,00;0,00;0,21;0,00;0,00;113;29;153;29;27;799;728
5751;40,22;-317,15;0,00;0,00;0,00;-0,32;0,00;0,00;131;93;130;46;29;200;679
5752;12,57;-549,89;0,00;0,00;0,00;-0,55;0,00;0,00;267;132;43;36;35;182;555
5753;100,00;368,84;0,00;0,00;0,00;0,37;0,00;0,00;369;128;39;10;15;392;973
5754;50,83;-117,61;0,00;0,00;0,00;-0,12;0,00;0,00;221;146;52;36;27;609;760
5755;72,76;51,17;0,00;0,00;0,00;0,05;0,00;0,00;354;18;27;13;36;425;726
5756;51,78;-156,06;0,00;0,00;0,00;-0,16;0,00;0,00;155;160;104;12;39;785;131
5757;69,48;-87,81;0,00;0,00;0,00;-0,09;0,00;0,00;216;161;116;31;37;769;514
5758;24,86;-438,01;0,00;0,00;0,00;-0,44;0,00;0,00;65;92;57;10;32;183;628
5759;19,96;-482,30;0,00;0,00;0,00;-0,48;0,00;0,00;310;102;189;14;35;271;132
5760;42,01;-282,12;0,00;0,00;0,00;-0,28;0,00;0,00;33;93;47;24;32;443;626
5761;67,14;6,91;0,00;0,00;0,00;0,01;0,00;0,00;465;34;170;46;30;709;731
5762;17,73;-574,44;0,00;0,00;0,00;-0,57;0,00;0,00;468;27;139;40;36;444;391
5763;49,78;-256,79;0,00;0,00;0,00;-0,26;0,00;0,00;165;110;120;36;25;828;222
5764;58,85;-78,83;0,00;0,00;0,00;-0,08;0,00;0,00;211;34;84;21;38;354;380
5765;40,18;-277,40;0,00;0,00;0,00;-0,28;0,00;0,00;114;118;16;24;19;972;893
5766;16,18;-584,94;0,00;0,00;0,00;-0,58;0,00;0,00;347;154;94;33;34;810;812
5767;65,04;-84,40;0,00;0,00;0,00;-0,08;0,00;0,00;456;165;66;46;33;737;362
5768;9,19;-658,50;0,00;0,00;0,00;-0,66;0,00;0,00;129;190;147;47;31;830;692
5769;48,07;-176,24;0,00;0,00;0,00;-0,18;0,00;0,00;404;69;49;19;24;989;494
5770;69,63;-17,35;0,00;0,00;0,00;-0,02;0,00;0,00;449;56;144;36;15;169;848
5771;66,31;-2,99;0,00;0,00;0,00;-0,00;0,00;0,00;483;71;163;48;35;699;491
5772;16,75;-510,55;0,00;0,00;0,00;-0,51;0,00;0,00;41;98;56;11;26;365;295
5773;52,87;-119,52;0,00;0,00;0,00;-0,12;0,00;0,00;225;83;131;29;21;646;380
5774;58,94;-41,84;0,00;0,00;0,00;-0,04;0,00;0,00;397;172;69;35;19;791;956
5775;29,13;-397,19;0,00;0,00;0,00;-0,40;0,00;0,00;187;47;16;39;39;128;992
5776;48,09;-210,67;0,00;0,00;0,00;-0,21;0,00;0,00;94;10;111;40;32;390;784
5777;20,03;-511,71;0,00;0,00;0,00;-0,51;0,00;0,00;220;156;107;43;26;876;684
5778;66,04;-72,38;0,00;0,00;0,00;-0,07;0,00;0,00;124;166;125;19;17;354;588
5779;65,62;-63,92;0,00;0,00;0,00;-0,06;0,00;0,00;245;156;21;24;17;331;799
5780;62,44;-0,42;0,00;0,00;0,00;-0,00;0,00;0,00;67;21;14;28;21;565;268
5781;81,02;31,37;0,00;0,00;0,00;0,03;0,00;0,00;180;18;83;39;28;966;407
5782;58,28;-185,01;0,00;0,00;0,00;-0,19;0,00;0,00;49;41;94;37;37;264;224
5783;70,74;80,85;0,00;0,00;0,00;0,08;0,00;0,00;172;181;51;29;19;547;746
5784;85,72;167,38;0,00;0,00;0,00;0,17;0,00;0,00;241;114;181;21;19;906;217
5785;56,77;-160,13;0,00;0,00;0,00;-0,16;0,00;0,00;358;199;74;41;15;840;504
5786;22,99;-375,04;0,00;0,00;0,00;-0,38;0,00;0,00;400;127;191;49;27;740;953
5787;35,30;-339,05;0,00;0,00;0,00;-0,34;0,00;0,00;439;97;96;13;18;121;952
5788;71,90;-21,91;0,00;0,00;0,00;-0,02;0,00;0,00;488;148;15;16;15;744;899
5789;64,60;-30,88;0,00;0,00;0,00;-0,03;0,00;0,00;98;142;149;11;29;752;440
5790;46,09;-174,54;0,00;0,00;0,00;-0,17;0,00;0,00;251;39;116;27;21;632;257
5791;39,34;-356,41;0,00;0,00;0,00;-0,36;0,00;0,00;493;39;136;45;16;425;948
5792;16,49;-507,42;0,00;0,00;0,00;-0,51;0,00;0,00;94;82;44;42;27;105;729
5793;52,33;-216,36;0,00;0,00;0,00;-0,22;0,00;0,00;91;51;197;42;35;541;432
5794;59,83;-127,10;0,00;0,00;0,00;-0,13;0,00;0,00;156;185;135;14;33;721;831
5795;21,11;-441,98;0,00;0,00;0,00;-0,44;0,00;0,00;257;184;114;47;22;461;719
5796;90,12;243,54;0,00;0,00;0,00;0,24;0,00;0,00;383;48;123;33;33;776;922
5797;86,32;172,36;0,00;0,00;0,00;0,17;0,00;0,00;425;178;188;19;22;906;319
5798;56,46;-94,53;0,00;0,00;0,00;-0,09;0,00;0,00;51;52;148;43;35;565;252
5799;35,94;-402,27;0,00;0,00;0,00;-0,40;0,00;0,00;63;134;177;43;36;886;317
5800;41,29;-306,18;0,00;0,00;0,00;-0,31;0,00;0,00;323;173;59;34;15;214;503
5801;23,33;-479,65;0,00;0,00;0,00;-0,48;0,00;0,00;188;169;81;32;24;198;621
5802;33,63;-418,83;0,00;0,00;0,00;-0,42;0,00;0,00;41;54;190;34;26;780;686
5803;39,26;-314,58;0,00;0,00;0,00;-0,31;0,00;0,00;129;141;118;12;32;264;184
5804;54,23;-171,87;0,00;0,00;0,00;-0,17;0,00;0,00;70;122;173;42;34;172;545
5805;29,05;-384,53;0,00;0,00;0,00;-0,38;0,00;0,00;117;65;166;39;35;999;696
5806;16,19;-557,75;0,00;0,00;0,00;-0,56;0,00;0,00;303;160;43;39;16;388;246
5807;35,14;-282,53;0,00;0,00;0,00;-0,28;0,00;0,00;363;142;55;43;31;906;870
5808;54,17;-203,93;0,00;0,00;0,00;-0,20;0,00;0,00;83;33;187;49;26;409;503
5809;5,26;-704,56;0,00;0,00;0,00;-0,70;0,00;0,00;434;97;190;19;31;381;409
5810;44,30;-293,36;0,00;0,00;0,00;-0,29;0,00;0,00;464;47;172;35;20;416;380
5811;56,82;-185,72;0,00;0,00;0,00;-0,19;0,00;0,00;447;71;12;16;38;640;361
5812;33,85;-352,54;0,00;0,00;0,00;-0,35;0,00;0,00;149;105;47;26;31;878;819
5813;45,09;-361,87;0,00;0,00;0,00;-0,36;0,00;0,00;279;152;112;24;34;671;115
5814;43,20;-285,32;0,00;0,00;0,00;-0,29;0,00;0,00;155;22;182;23;15;600;916
5815;36,30;-331,89;0,00;0,00;0,00;-0,33;0,00;0,00;238;12;160;28;29;158;358
5816;82,38;190,65;0,00;0,00;0,00;0,19;0,00;0,00;311;166;62;40;34;613;845
5817;40,49;-283,37;0,00;0,00;0,00;-0,28;0,00;0,00;228;146;116;39;31;871;397
5818;24,25;-471,63;0,00;0,00;0,00;-0,47;0,00;0,00;408;62;131;31;21;855;469
5819;22,19;-447,16;0,00;0,00;0,00;-0,45;0,00;0,00;156;59;145;40;32;693;572
5820;67,88;-2,47;0,00;0,00;0,00;-0,00;0,00;0,00;108;188;36;20;25;105;452
5821;21,42;-399,94;0,00;0,00;0,00;-0,40;0,00;0,00;155;130;69;22;32;390;413
5822;50,43;-194,68;0,00;0,00;0,00;-0,19;0,00;0,00;20;73;194;32;39;734;289
5823;57,92;-52,11;0,00;0,00;0,00;-0,05;0,00;0,00;161;13;32;38;33;144;600
5824;43,08;-271,62;0,00;0,00;0,00;-0,27;0,00;0,00;142;71;191;19;32;357;573
5825;87,73;189,95;0,00;0,00;0,00;0,19;0,00;0,00;373;51;179;15;38;149;900
5826;55,76;-53,31;0,00;0,00;0,00;-0,05;0,00;0,00;130;151;117;27;32;686;872
5827;75,22;5,93;0,00;0,00;0,00;0,01;0,00;0,00;170;155;46;39;17;840;369
5828;94,77;210,20;0,00;0,00;0,00;0,21;0,00;0,00;380;47;181;41;24;569;263
5829;15,99;-572,29;0,00;0,00;0,00;-0,57;0,00;0,00;39;78;157;41;27;609;380
5830;72,38;-76,86;0,00;0,00;0,00;-0,08;0,00;0,00;213;45;160;36;26;585;236
5831;51,48;-137,43;0,00;0,00;0,00;-0,14;0,00;0,00;461;18;98;27;17;134;669
5832;39,26;-300,75;0,00;0,00;0,00;-0,30;0,00;0,00;447;88;161;41;17;474;807
5833;21,10;-445,44;0,00;0,00;0,00;-0,45;0,00;0,00;302;159;177;25;24;645;534
5834;24,18;-481,34;0,00;0,00;0,00;-0,48;0,00;0,00;90;15;181;13;29;348;838
5835;28,88;-313,27;0,00;0,00;0,00;-0,31;0,00;0,00;103;147;149;22;25;636;199
5836;36,39;-299,50;0,00;0,00;0,00;-0,30;0,00;0,00;460;91;105;36;28;946;442
5837;65,84;-53,89;0,00;0,00;0,00;-0,05;0,00;0,00;204;154;41;44;20;739;212
5838;36,18;-358,74;0,00;0,00;0,00;-0,36;0,00;0,00;190;186;147;12;22;586;154
5839;37,75;-338,06;0,00;0,00;0,00;-0,34;0,00;0,00;163;70;88;24;21;532;620
5840;77,59;100,86;0,00;0,00;0,00;0,10;0,00;0,00;284;132;14;41;22;654;515
5841;87,88;139,29;0,00;0,00;0,00;0,14;0,00;0,00;150;187;29;23;18;268;689
5842;67,51;-104,88;0,00;0,00;0,00;-0,10;0,00;0,00;175;37;14;47;24;185;988
5843;19,44;-528,31;0,00;0,00;0,00;-0,53;0,00;0,00;306;111;90;19;24;139;414
5844;38,63;-307,62;0,00;0,00;0,00;-0,31;0,00;0,00;97;19;165;16;24;375;919
5845;63,40;12,67;0,00;0,00;0,00;0,01;0,00;0,00;50;173;49;13;33;298;459
5846;27,78;-444,89;0,00;0,00;0,00;-0,44;0,00;0,00;366;129;129;35;17;601;430
5847;17,52;-536,35;0,00;0,00;0,00;-0,54;0,00;0,00;351;81;100;26;33;494;446
5848;60,46;-65,39;0,00;0,00;0,00;-0,07;0,00;0,00;242;42;86;27;33;737;529
5849;23,37;-508,92;0,00;0,00;0,00;-0,51;0,00;0,00;444;104;113;11;25;325;646
5850;27,79;-395,33;0,00;0,00;0,00;-0,40;0,00;0,00;24;161;72;21;23;773;224
5851;48,46;-224,52;0,00;0,00;0,00;-0,22;0,00;0,00;91;140;148;28;19;111;869
5852;31,63;-450,49;0,00;0,00;0,00;-0,45;0,00;0,00;141;102;49;39;24;555;265
5853;34,38;-326,47;0,00;0,00;0,00;-0,33;0,00;0,00;175;191;95;47;17;346;397
5854;49,86;-197,40;0,00;0,00;0,00;-0,20;0,00;0,00;72;119;61;36;33;145;773
5855;74,17;59,04;0,00;0,00;0,00;0,06;0,00;0,00;121;115;123;16;15;946;385
5856;34,44;-299,83;0,00;0,00;0,00;-0,30;0,00;0,00;389;71;162;12;20;581;832
5857;10,20;-684,59;0,00;0,00;0,00;-0,68;0,00;0,00;310;95;121;26;36;444;755
5858;25,50;-500,75;0,00;0,00;0,00;-0,50;0,00;0,00;179;49;114;35;37;184;131
5859;29,17;-340,59;0,00;0,00;0,00;-0,34;0,00;0,00;375;186;174;41;39;823;452
5860;40,05;-268,04;0,00;0,00;0,00;-0,27;0,00;0,00;392;85;138;17;26;937;164
5861;64,10;-70,95;0,00;0,00;0,00;-0,07;0,00;0,00;306;59;152;36;39;595;756
5862;42,31;-292,65;0,00;0,00;0,00;-0,29;0,00;0,00;18;126;77;16;29;196;339
5863;22,10;-481,34;0,00;0,00;0,00;-0,48;0,00;0,00;48;187;159;43;31;250;835
5864;35,42;-249,59;0,00;0,00;0,00;-0,25;0,00;0,00;134;41;155;18;31;305;557
5865;68,68;-2,11;0,00;0,00;0,00;-0,00;0,00;0,00;437;181;177;28;34;274;384
5866;22,92;-542,11;0,00;0,00;0,00;-0,54;0,00;0,00;192;11;39;26;20;595;615
5867;0,00;-780,37;0,00;0,00;0,00;-0,78;0,00;0,00;371;122;103;16;27;540;191
5868;0,00;-725,78;0,00;0,00;0,00;-0,73;0,00;0,00;498;75;31;49;15;876;789
5869;64,98;-60,76;0,00;0,00;0,00;-0,06;0,00;0,00;385;170;132;45;29;632;475
5870;79,85;160,47;0,00;0,00;0,00;0,16;0,00;0,00;476;141;60;20;21;756;875
5871;27,66;-416,91;0,00;0,00;0,00;-0,42;0,00;0,00;346;23;199;19;25;358;281
5872;37,91;-309,82;0,00;0,00;0,00;-0,31;0,00;0,00;406;89;152;39;38;501;377
5873;42,46;-290,80;0,00;0,00;0,00;-0,29;0,00;0,00;233;114;199;35;25;680;574
5874;54,72;-218,65;0,00;0,00;0,00;-0,22;0,00;0,00;221;140;95;48;24;788;925
5875;19,35;-541,02;0,00;0,00;0,00;-0,54;0,00;0,00;435;196;168;41;15;201;249
5876;67,04;-5,63;0,00;0,00;0,00;-0,01;0,00;0,00;406;128;68;34;33;116;273
5877;71,42;69,12;0,00;0,00;0,00;0,07;0,00;0,00;395;79;56;40;16;436;626
5878;79,62;80,08;0,00;0,00;0,00;0,08;0,00;0,00;17;110;150;22;38;869;513
5879;17,90;-487,00;0,00;0,00;0,00;-0,49;0,00;0,00;170;50;126;27;20;925;856
5880;90,79;204,35;0,00;0,00;0,00;0,20;0,00;0,00;481;158;104;22;35;380;921
5881;71,90;3,70;0,00;0,00;0,00;0,00;0,00;0,00;273;94;173;44;23;534;875
5882;69,59;62,33;0,00;0,00;0,00;0,06;0,00;0,00;369;61;44;48;29;639;110
5883;20,50;-448,93;0,00;0,00;0,00;-0,45;0,00;0,00;194;143;184;37;20;591;898
5884;76,21;106,68;0,00;0,00;0,00;0,11;0,00;0,00;88;34;143;16;39;489;921
5885;22,47;-477,82;0,00;0,00;0,00;-0,48;0,00;0,00;383;168;100;48;32;764;385
5886;2,60;-734,78;0,00;0,00;0,00;-0,73;0,00;0,00;73;144;77;21;27;683;227
5887;43,30;-321,11;0,00;0,00;0,00;-0,32;0,00;0,00;285;86;63;25;36;109;892
5888;88,97;136,59;0,00;0,00;0,00;0,14;0,00;0,00;189;88;47;25;31;812;303
5889;24,83;-490,38;0,00;0,00;0,00;-0,49;0,00;0,00;129;21;112;26;36;742;990
5890;70,23;0,60;0,00;0,00;0,00;0,00;0,00;0,00;366;93;35;16;27;965;201
5891;44,59;-307,32;0,00;0,00;0,00;-0,31;0,00;0,00;63;156;61;12;34;843;171
5892;33,67;-277,55;0,00;0,00;0,00;-0,28;0,00;0,00;487;58;35;35;36;621;613
5893;70,97;-56,09;0,00;0,00;0,00;-0,06;0,00;0,00;378;147;33;48;24;894;638
5894;35,75;-410,36;0,00;0,00;0,00;-0,41;0,00;0,00;306;101;26;35;34;290;730
5895;42,50;-341,52;0,00;0,00;0,00;-0,34;0,00;0,00;59;169;180;47;29;519;926
5896;46,69;-196,16;0,00;0,00;0,00;-0,20;0,00;0,00;437;158;69;30;33;319;972
5897;55,06;-114,30;0,00;0,00;0,00;-0,11;0,00;0,00;31;143;144;17;38;452;564
5898;59,79;-161,50;0,00;0,00;0,00;-0,16;0,00;0,00;172;119;172;10;20;483;688
5899;65,11;-7,72;0,00;0,00;0,00;-0,01;0,00;0,00;429;165;99;37;27;673;926
5900;64,10;-50,53;0,00;0,00;0,00;-0,05;0,00;0,00;495;33;182;25;22;652;227
5901;40,65;-188,19;0,00;0,00;0,00;-0,19;0,00;0,00;334;33;183;22;36;618;728
5902;85,44;119,76;0,00;0,00;0,00;0,12;0,00;0,00;331;121;175;10;22;674;628
5903;33,21;-356,13;0,00;0,00;0,00;-0,36;0,00;0,00;18;88;20;13;38;138;214
5904;12,48;-542,60;0,00;0,00;0,00;-0,54;0,00;0,00;480;135;25;31;38;322;987
5905;70,69;5,70;0,00;0,00;0,00;0,01;0,00;0,00;386;76;15;35;17;220;659
5906;41,50;-278,49;0,00;0,00;0,00;-0,28;0,00;0,00;239;143;78;32;20;560;362
5907;73,01;-39,10;0,00;0,00;0,00;-0,04;0,00;0,00;122;58;90;18;24;801;774
5908;51,96;-311,98;0,00;0,00;0,00;-0,31;0,00;0,00;341;84;146;29;29;681;222
5909;63,54;-12,04;0,00;0,00;0,00;-0,01;0,00;0,00;206;118;30;16;39;290;185
5910;31,97;-397,27;0,00;0,00;0,00;-0,40;0,00;0,00;354;159;59;40;39;835;741
5911;79,17;-0,41;0,00;0,00;0,00;-0,00;0,00;0,00;305;170;17;26;29;807;937
5912;66,44;-20,50;0,00;0,00;0,00;-0,02;0,00;0,00;231;95;187;39;17;817;745
5913;46,85;-290,85;0,00;0,00;0,00;-0,29;0,00;0,00;254;159;178;10;35;865;164
5914;43,79;-215,64;0,00;0,00;0,00;-0,22;0,00;0,00;391;147;92;18;39;919;775
5915;11,30;-565,48;0,00;0,00;0,00;-0,57;0,00;0,00;42;93;113;16;36;971;628
5916;84,26;154,86;0,00;0,00;0,00;0,15;0,00;0,00;295;138;78;35;21;437;727
5917;76,18;34,45;0,00;0,00;0,00;0,03;0,00;0,00;59;16;65;21;21;648;808
5918;6,39;-635,40;0,00;0,00;0,00;-0,64;0,00;0,00;133;130;190;16;33;341;864
5919;39,99;-310,99;0,00;0,00;0,00;-0,31;0,00;0,00;156;26;46;36;32;656;901
5920;74,72;-17,99;0,00;0,00;0,00;-0,02;0,00;0,00;232;72;53;22;16;906;178
5921;17,00;-663,84;0,00;0,00;0,00;-0,66;0,00;0,00;200;156;117;12;16;461;712
5922;49,59;-233,69;0,00;0,00;0,00;-0,23;0,00;0,00;99;146;179;33;20;899;540
5923;39,72;-231,66;0,00;0,00;0,00;-0,23;0,00;0,00;302;91;19;44;18;109;752
5924;61,64;-96,08;0,00;0,00;0,00;-0,10;0,00;0,00;359;186;116;46;31;942;829
5925;10,92;-627,93;0,00;0,00;0,00;-0,63;0,00;0,00;124;27;127;11;20;840;992
5926;62,71;-20,77;0,00;0,00;0,00;-0,02;0,00;0,00;472;198;48;13;28;838;210
5927;58,10;-166,77;0,00;0,00;0,00;-0,17;0,00;0,00;392;141;12;14;27;629;922
5928;45,11;-285,09;0,00;0,00;0,00;-0,29;0,00;0,00;421;186;74;41;32;444;472
5929;100,00;342,79;0,00;0,00;0,00;0,34;0,00;0,00;134;135;63;10;35;368;832
5930;3,89;-664,60;0,00;0,00;0,00;-0,66;0,00;0,00;129;124;29;45;22;671;909
5931;60,20;-86,87;0,00;0,00;0,00;-0,09;0,00;0,00;397;75;87;33;38;521;263
5932;54,56;-143,10;0,00;0,00;0,00;-0,14;0,00;0,00;175;83;53;41;27;790;949
5933;98,87;253,42;0,00;0,00;0,00;0,25;0,00;0,00;206;35;44;28;37;741;753
5934;85,70;159,95;0,00;0,00;0,00;0,16;0,00;0,00;365;157;78;41;31;821;566
5935;42,88;-266,66;0,00;0,00;0,00;-0,27;0,00;0,00;473;120;41;17;37;496;925
5936;49,77;-204,07;0,00;0,00;0,00;-0,20;0,00;0,00;117;151;169;22;17;837;283
5937;69,75;31,40;0,00;0,00;0,00;0,03;0,00;0,00;58;66;192;37;17;779;374
5938;81,78;96,83;0,00;0,00;0,00;0,10;0,00;0,00;169;176;195;44;26;205;867
5939;52,88;-258,34;0,00;0,00;0,00;-0,26;0,00;0,00;75;61;113;36;37;884;987
5940;76,62;53,33;0,00;0,00;0,00;0,05;0,00;0,00;38;197;199;44;29;183;908
5941;6,79;-584,40;0,00;0,00;0,00;-0,58;0,00;0,00;494;12;47;19;24;862;377
5942;42,10;-268,11;0,00;0,00;0,00;-0,27;0,00;0,00;210;135;145;12;16;117;652
5943;43,85;-251,30;0,00;0,00;0,00;-0,25;0,00;0,00;128;126;170;40;19;127;426
5944;25,99;-431,58;0,00;0,00;0,00;-0,43;0,00;0,00;292;102;144;29;19;991;143
5945;51,64;-260,04;0,00;0,00;0,00;-0,26;0,00;0,00;144;21;39;42;24;305;328
5946;18,96;-546,95;0,00;0,00;0,00;-0,55;0,00;0,00;234;28;82;38;27;773;960
5947;41,54;-299,98;0,00;0,00;0,00;-0,30;0,00;0,00;122;110;176;39;37;205;816
5948;66,35;-17,30;0,00;0,00;0,00;-0,02;0,00;0,00;67;141;93;47;28;302;888
5949;6,97;-744,20;0,00;0,00;0,00;-0,74;0,00;0,00;191;31;25;47;31;527;986
5950;67,67;-80,82;0,00;0,00;0,00;-0,08;0,00;0,00;20;52;37;40;15;811;277
5951;39,48;-237,58;0,00;0,00;0,00;-0,24;0,00;0,00;444;195;154;39;31;305;456
5952;49,88;-223,45;0,00;0,00;0,00;-0,22;0,00;0,00;218;159;172;24;32;306;567
5953;54,97;-222,37;0,00;0,00;0,00;-0,22;0,00;0,00;463;117;106;47;25;689;441
5954;100,00;305,55;0,00;0,00;0,00;0,31;0,00;0,00;400;110;21;26;23;987;858
5955;55,71;-203,15;0,00;0,00;0,00;-0,20;0,00;0,00;40;63;146;44;35;623;791
5956;17,92;-546,65;0,00;0,00;0,00;-0,55;0,00;0,00;72;116;32;41;35;651;637
5957;90,02;255,24;0,00;0,00;0,00;0,26;0,00;0,00;159;198;58;32;34;880;946
5958;19,00;-446,18;0,00;0,00;0,00;-0,45;0,00;0,00;98;68;33;23;23;251;802
5959;35,65;-428,76;0,00;0,00;0,00;-0,43;0,00;0,00;11;66;121;45;17;650;944
5960;46,86;-161,50;0,00;0,00;0,00;-0,16;0,00;0,00;362;88;52;22;36;241;914
5961;30,14;-384,87;0,00;0,00;0,00;-0,38;0,00;0,00;142;128;55;40;37;360;188
5962;30,71;-358,96;0,00;0,00;0,00;-0,36;0,00;0,00;350;109;164;47;39;218;761
5963;37,54;-294,84;0,00;0,00;0,00;-0,29;0,00;0,00;313;54;150;45;27;504;159
5964;20,71;-464,83;0,00;0,00;0,00;-0,46;0,00;0,00;248;94;68;45;24;357;901
5965;48,10;-308,24;0,00;0,00;0,00;-0,31;0,00;0,00;337;10;26;23;33;538;333
5966;55,86;-173,80;0,00;0,00;0,00;-0,17;0,00;0,00;274;40;46;39;36;631;553
5967;53,86;-94,98;0,00;0,00;0,00;-0,09;0,00;0,00;86;125;110;44;33;826;908
5968;0,00;-748,73;0,00;0,00;0,00;-0,75;0,00;0,00;289;127;148;12;15;550;265
5969;18,71;-514,45;0,00;0,00;0,00;-0,51;0,00;0,00;371;183;157;12;15;584;114
5970;74,11;12,83;0,00;0,00;0,00;0,01;0,00;0,00;467;165;150;34;25;265;582
5971;53,82;-175,09;0,00;0,00;0,00;-0,18;0,00;0,00;52;135;75;28;39;965;961
5972;35,68;-316,98;0,00;0,00;0,00;-0,32;0,00;0,00;95;45;72;39;36;874;552
5973;49,73;-188,25;0,00;0,00;0,00;-0,19;0,00;0,00;230;154;24;14;32;171;244
5974;56,99;-96,20;0,00;0,00;0,00;-0,10;0,00;0,00;280;115;180;33;26;952;827
5975;47,61;-217,39;0,00;0,00;0,00;-0,22;0,00;0,00;413;132;167;38;34;876;251
5976;66,79;-59,81;0,00;0,00;0,00;-0,06;0,00;0,00;52;82;42;38;37;463;355
5977;62,17;-38,61;0,00;0,00;0,00;-0,04;0,00;0,00;222;36;19;38;26;724;438
5978;46,80;-232,00;0,00;0,00;0,00;-0,23;0,00;0,00;145;60;119;26;25;549;213
5979;43,86;-205,59;0,00;0,00;0,00;-0,21;0,00;0,00;189;177;22;23;27;409;611
5980;38,83;-305,07;0,00;0,00;0,00;-0,31;0,00;0,00;310;112;105;48;34;641;513
5981;31,09;-322,52;0,00;0,00;0,00;-0,32;0,00;0,00;130;121;122;36;20;230;998
5982;97,29;189,86;0,00;0,00;0,00;0,19;0,00;0,00;259;35;184;28;25;858;582
5983;48,78;-189,16;0,00;0,00;0,00;-0,19;0,00;0,00;307;38;159;23;33;883;859
5984;39,55;-343,67;0,00;0,00;0,00;-0,34;0,00;0,00;442;28;16;14;21;364;354
5985;68,66;84,83;0,00;0,00;0,00;0,08;0,00;0,00;186;97;46;39;22;233;777
5986;51,28;-147,27;0,00;0,00;0,00;-0,15;0,00;0,00;455;126;53;25;19;672;952
5987;59,65;-179,69;0,00;0,00;0,00;-0,18;0,00;0,00;334;120;191;41;35;593;904
5988;48,97;-226,21;0,00;0,00;0,00;-0,23;0,00;0,00;270;163;52;32;19;786;558
5989;55,73;-224,58;0,00;0,00;0,00;-0,22;0,00;0,00;11;187;68;41;15;363;148
5990;31,23;-417,42;0,00;0,00;0,00;-0,42;0,00;0,00;482;68;190;28;30;200;426
5991;50,69;-145,54;0,00;0,00;0,00;-0,15;0,00;0,00;230;174;81;18;36;803;862
5992;38,08;-319,34;0,00;0,00;0,00;-0,32;0,00;0,00;119;89;123;20;29;687;218
5993;17,58;-532,75;0,00;0,00;0,00;-0,53;0,00;0,00;348;171;86;14;34;447;272
5994;89,17;160,09;0,00;0,00;0,00;0,16;0,00;0,00;30;182;186;43;18;710;705
5995;92,52;221,51;0,00;0,00;0,00;0,22;0,00;0,00;280;75;42;24;38;123;108
5996;26,70;-498,77;0,00;0,00;0,00;-0,50;0,00;0,00;387;34;111;45;22;955;478
5997;84,87;166,23;0,00;0,00;0,00;0,17;0,00;0,00;373;66;106;11;36;660;200
5998;65,74;-31,00;0,00;0,00;0,00;-0,03;0,00;0,00;446;167;164;42;39;908;528
5999;88,62;187,78;0,00;0,00;0,00;0,19;0,00;0,00;392;186;45;39;17;616;956
6000;53,02;-97,85;0,00;0,00;0,00;-0,10;0,00;0,00;97;41;14;20;39;770;800
6001;53,85;-120,76;0,00;0,00;0,00;-0,12;0,00;0,00;413;56;94;46;29;136;214
6002;40,61;-331,21;0,00;0,00;0,00;-0,33;0,00;0,00;428;23;179;49;17;973;758
6003;0,65;-808,56;0,00;0,00;0,00;-0,81;0,00;0,00;139;25;107;27;29;964;724
6004;100,00;334,02;0,00;0,00;0,00;0,33;0,00;0,00;410;26;93;24;30;769;455
6005;37,80;-276,37;0,00;0,00;0,00;-0,28;0,00;0,00;442;83;115;34;30;283;658
6006;42,02;-310,49;0,00;0,00;0,00;-0,31;0,00;0,00;170;130;53;27;26;671;781
6007;33,25;-337,50;0,00;0,00;0,00;-0,34;0,00;0,00;239;23;107;30;21;194;462
6008;28,90;-546,66;0,00;0,00;0,00;-0,55;0,00;0,00;352;146;190;48;34;797;457
6009;32,34;-381,96;0,00;0,00;0,00;-0,38;0,00;0,00;234;178;127;17;17;459;138
6010;71,00;7,94;0,00;0,00;0,00;0,01;0,00;0,00;154;36;166;31;17;577;528
6011;53,94;-214,14;0,00;0,00;0,00;-0,21;0,00;0,00;390;75;123;13;31;587;457
6012;34,83;-286,26;0,00;0,00;0,00;-0,29;0,00;0,00;285;155;58;27;26;208;897
6013;75,69;30,18;0,00;0,00;0,00;0,03;0,00;0,00;67;118;159;35;24;470;419
6014;66,91;-49,89;0,00;0,00;0,00;-0,05;0,00;0,00;414;167;63;26;25;543;750
6015;55,98;-141,08;0,00;0,00;0,00;-0,14;0,00;0,00;354;110;12;35;36;442;757
6016;29,12;-406,43;0,00;0,00;0,00;-0,41;0,00;0,00;319;101;188;37;22;779;270
6017;47,59;-144,41;0,00;0,00;0,00;-0,14;0,00;0,00;286;127;11;21;32;804;302
6018;62,05;-5,44;0,00;0,00;0,00;-0,01;0,00;0,00;420;50;53;35;21;385;207
6019;38,27;-367,49;0,00;0,00;0,00;-0,37;0,00;0,00;134;53;101;15;39;943;262
6020;0,00;-651,68;0,00;0,00;0,00;-0,65;0,00;0,00;17;141;179;12;16;691;188
6021;31,88;-435,53;0,00;0,00;0,00;-0,44;0,00;0,00;25;195;192;29;16;360;977
6022;53,23;-238,74;0,00;0,00;0,00;-0,24;0,00;0,00;474;140;185;47;24;241;813
6023;69,68;4,58;0,00;0,00;0,00;0,00;0,00;0,00;46;61;150;29;33;613;472
6024;70,42;-13,38;0,00;0,00;0,00;-0,01;0,00;0,00;251;126;111;31;20;859;431
6025;67,75;-24,24;0,00;0,00;0,00;-0,02;0,00;0,00;101;17;199;43;31;717;165
6026;48,51;-167,04;0,00;0,00;0,00;-0,17;0,00;0,00;33;106;131;14;39;996;463
6027;52,33;-193,10;0,00;0,00;0,00;-0,19;0,00;0,00;344;176;116;12;28;668;344
6028;55,61;-125,23;0,00;0,00;0,00;-0,13;0,00;0,00;185;71;172;14;35;156;714
6029;50,90;-163,92;0,00;0,00;0,00;-0,16;0,00;0,00;386;173;116;21;17;102;368
6030;100,00;268,88;0,00;0,00;0,00;0,27;0,00;0,00;99;75;155;41;19;260;977
6031;42,55;-297,27;0,00;0,00;0,00;-0,30;0,00;0,00;52;156;165;35;26;366;645
6032;60,08;-130,58;0,00;0,00;0,00;-0,13;0,00;0,00;350;92;177;10;20;389;322
6033;79,16;84,21;0,00;0,00;0,00;0,08;0,00;0,00;141;53;160;49;37;402;510
6034;11,51;-590,38;0,00;0,00;0,00;-0,59;0,00;0,00;228;114;94;41;15;288;884
6035;74,98;55,79;0,00;0,00;0,00;0,06;0,00;0,00;424;12;165;44;23;512;995
6036;29,64;-418,55;0,00;0,00;0,00;-0,42;0,00;0,00;451;88;155;13;34;135;148
6037;38,07;-346,38;0,00;0,00;0,00;-0,35;0,00;0,00;195;84;176;11;33;360;593
6038;100,00;211,36;0,00;0,00;0,00;0,21;0,00;0,00;382;166;17;47;36;974;530
6039;45,93;-250,07;0,00;0,00;0,00;-0,25;0,00;0,00;195;124;128;13;26;169;730
6040;90,40;152,53;0,00;0,00;0,00;0,15;0,00;0,00;23;105;192;40;30;570;656
6041;4,45;-644,05;0,00;0,00;0,00;-0,64;0,00;0,00;49;192;79;18;23;955;453
6042;13,84;-552,52;0,00;0,00;0,00;-0,55;0,00;0,00;476;94;152;19;31;431;119
6043;54,34;-186,36;0,00;0,00;0,00;-0,19;0,00;0,00;418;177;97;36;21;172;482
6044;54,29;-69,31;0,00;0,00;0,00;-0,07;0,00;0,00;394;193;125;46;38;593;855
6045;63,07;-12,56;0,00;0,00;0,00;-0,01;0,00;0,00;163;103;120;41;19;730;291
6046;45,01;-257,61;0,00;0,00;0,00;-0,26;0,00;0,00;105;89;30;34;34;924;322
6047;49,20;-223,27;0,00;0,00;0,00;-0,22;0,00;0,00;88;76;49;19;28;118;619
6048;17,32;-494,88;0,00;0,00;0,00;-0,49;0,00;0,00;88;83;109;33;20;214;153
6049;82,06;125,70;0,00;0,00;0,00;0,13;0,00;0,00;170;101;111;34;23;528;915
6050;73,22;15,33;0,00;0,00;0,00;0,02;0,00;0,00;413;19;173;12;32;912;409
6051;37,82;-323,75;0,00;0,00;0,00;-0,32;0,00;0,00;417;142;14;38;30;746;972
6052;17,48;-602,15;0,00;0,00;0,00;-0,60;0,00;0,00;88;137;102;24;37;969;504
6053;35,67;-373,74;0,00;0,00;0,00;-0,37;0,00;0,00;18;128;159;41;24;795;612
6054;45,33;-276,90;0,00;0,00;0,00;-0,28;0,00;0,00;49;38;73;26;31;766;367
6055;42,10;-191,38;0,00;0,00;0,00;-0,19;0,00;0,00;400;86;18;45;23;441;313
6056;45,77;-326,10;0,00;0,00;0,00;-0,33;0,00;0,00;246;113;81;49;29;491;755
6057;47,65;-273,86;0,00;0,00;0,00;-0,27;0,00;0,00;380;164;189;46;29;878;634
6058;11,97;-618,25;0,00;0,00;0,00;-0,62;0,00;0,00;428;17;122;12;29;804;486
6059;72,83;40,36;0,00;0,00;0,00;0,04;0,00;0,00;68;42;64;26;37;786;676
6060;64,78;-110,26;0,00;0,00;0,00;-0,11;0,00;0,00;297;122;40;24;34;774;706
6061;89,16;213,52;0,00;0,00;0,00;0,21;0,00;0,00;259;90;92;21;21;445;560
6062;55,62;28,52;0,00;0,00;0,00;0,03;0,00;0,00;446;161;78;15;39;689;637
6063;35,59;-346,41;0,00;0,00;0,00;-0,35;0,00;0,00;119;113;20;43;22;154;209
6064;88,45;183,20;0,00;0,00;0,00;0,18;0,00;0,00;80;195;107;32;22;904;176
6065;65,57;-106,65;0,00;0,00;0,00;-0,11;0,00;0,00;481;106;15;31;36;868;331
6066;35,40;-368,21;0,00;0,00;0,00;-0,37;0,00;0,00;256;125;112;30;35;627;467
6067;49,29;-224,64;0,00;0,00;0,00;-0,22;0,00;0,00;234;80;83;28;23;444;264
6068;61,39;-43,30;0,00;0,00;0,00;-0,04;0,00;0,00;305;31;199;47;25;229;657
6069;45,18;-374,63;0,00;0,00;0,00;-0,37;0,00;0,00;100;155;77;35;22;863;770
6070;70,78;-35,58;0,00;0,00;0,00;-0,04;0,00;0,00;443;29;198;35;23;387;432
6071;16,35;-484,84;0,00;0,00;0,00;-0,48;0,00;0,00;250;27;182;42;34;692;787
6072;41,80;-351,83;0,00;0,00;0,00;-0,35;0,00;0,00;367;157;31;34;35;988;523
6073;84,43;58,86;0,00;0,00;0,00;0,06;0,00;0,00;25;32;67;32;15;231;888
6074;6,98;-577,13;0,00;0,00;0,00;-0,58;0,00;0,00;77;124;116;45;28;699;799
6075;78,92;75,16;0,00;0,00;0,00;0,08;0,00;0,00;244;172;170;33;25;696;975
6076;76,74;91,65;0,00;0,00;0,00;0,09;0,00;0,00;27;67;102;42;29;411;922
6077;16,52;-555,01;0,00;0,00;0,00;-0,56;0,00;0,00;334;111;12;31;20;318;312
6078;53,32;-189,09;0,00;0,00;0,00;-0,19;0,00;0,00;438;173;165;31;17;592;152
6079;72,03;-4,14;0,00;0,00;0,00;-0,00;0,00;0,00;402;105;55;10;29;796;207
6080;42,07;-246,74;0,00;0,00;0,00;-0,25;0,00;0,00;218;192;163;26;26;867;588
6081;38,83;-318,22;0,00;0,00;0,00;-0,32;0,00;0,00;50;109;150;46;39;413;773
6082;64,94;-3,23;0,00;0,00;0,00;-0,00;0,00;0,00;147;138;114;28;26;186;602
6083;60,37;41,80;0,00;0,00;0,00;0,04;0,00;0,00;476;90;126;34;30;730;394
6084;66,03;-144,74;0,00;0,00;0,00;-0,14;0,00;0,00;369;194;90;29;22;738;180
6085;56,27;-184,83;0,00;0,00;0,00;-0,18;0,00;0,00;446;67;81;44;24;748;158
6086;50,48;-203,85;0,00;0,00;0,00;-0,20;0,00;0,00;315;21;138;45;17;569;962
6087;51,88;-174,42;0,00;0,00;0,00;-0,17;0,00;0,00;403;25;109;47;17;743;637
6088;43,72;-268,08;0,00;0,00;0,00;-0,27;0,00;0,00;312;41;126;21;32;462;318
6089;93,34;334,83;0,00;0,00;0,00;0,33;0,00;0,00;320;62;41;24;31;630;517
6090;100,00;338,55;0,00;0,00;0,00;0,34;0,00;0,00;397;104;126;32;16;305;817
6091;68,87;-46,24;0,00;0,00;0,00;-0,05;0,00;0,00;444;92;157;10;27;596;611
6092;38,64;-396,13;0,00;0,00;0,00;-0,40;0,00;0,00;81;116;43;29;38;751;697
6093;36,30;-356,65;0,00;0,00;0,00;-0,36;0,00;0,00;10;55;124;12;19;885;559
6094;64,14;-102,60;0,00;0,00;0,00;-0,10;0,00;0,00;312;186;167;40;19;453;201
6095;44,73;-195,20;0,00;0,00;0,00;-0,20;0,00;0,00;321;148;178;34;19;130;305
6096;53,10;-164,29;0,00;0,00;0,00;-0,16;0,00;0,00;169;188;124;26;31;511;358
6097;29,17;-422,75;0,00;0,00;0,00;-0,42;0,00;0,00;415;92;143;44;25;533;743
6098;45,21;-245,78;0,00;0,00;0,00;-0,25;0,00;0,00;159;173;143;27;39;414;951
6099;0,63;-656,19;0,00;0,00;0,00;-0,66;0,00;0,00;457;37;169;22;27;492;367
6100;66,34;-155,63;0,00;0,00;0,00;-0,16;0,00;0,00;286;123;95;35;15;526;902
6101;72,76;39,24;0,00;0,00;0,00;0,04;0,00;0,00;439;37;196;20;28;688;797
6102;9,79;-639,06;0,00;0,00;0,00;-0,64;0,00;0,00;219;47;47;26;33;426;107
6103;73,81;-3,57;0,00;0,00;0,00;-0,00;0,00;0,00;139;147;93;17;33;842;180
6104;45,59;-274,67;0,00;0,00;0,00;-0,27;0,00;0,00;49;181;22;23;27;125;831
6105;11,33;-596,76;0,00;0,00;0,00;-0,60;0,00;0,00;408;64;97;15;15;931;479
6106;69,98;14,08;0,00;0,00;0,00;0,01;0,00;0,00;303;11;90;41;17;653;667
6107;36,81;-373,71;0,00;0,00;0,00;-0,37;0,00;0,00;453;143;95;11;39;519;217
6108;59,90;-41,58;0,00;0,00;0,00;-0,04;0,00;0,00;50;153;120;46;34;293;807
6109;10,03;-638,89;0,00;0,00;0,00;-0,64;0,00;0,00;468;187;189;22;34;870;799
6110;45,51;-253,03;0,00;0,00;0,00;-0,25;0,00;0,00;386;143;118;44;34;100;499
6111;85,87;126,25;0,00;0,00;0,00;0,13;0,00;0,00;303;182;28;13;33;894;777
6112;39,28;-377,66;0,00;0,00;0,00;-0,38;0,00;0,00;303;187;141;30;23;639;678
6113;58,61;-127,05;0,00;0,00;0,00;-0,13;0,00;0,00;104;169;59;25;16;889;795
6114;100,00;334,09;0,00;0,00;0,00;0,33;0,00;0,00;159;117;125;45;35;678;466
6115;15,57;-573,54;0,00;0,00;0,00;-0,57;0,00;0,00;420;188;97;20;15;578;546
6116;77,91;67,52;0,00;0,00;0,00;0,07;0,00;0,00;294;143;26;19;36;447;127
6117;48,99;-172,63;0,00;0,00;0,00;-0,17;0,00;0,00;33;77;37;47;36;840;556
6118;0,00;-688,16;0,00;0,00;0,00;-0,69;0,00;0,00;407;15;82;26;35;480;880
6119;65,20;20,01;0,00;0,00;0,00;0,02;0,00;0,00;497;78;63;24;38;593;765
6120;67,49;-40,78;0,00;0,00;0,00;-0,04;0,00;0,00;477;67;157;34;19;706;266
6121;30,33;-399,77;0,00;0,00;0,00;-0,40;0,00;0,00;365;78;196;27;19;473;240
6122;92,44;193,35;0,00;0,00;0,00;0,19;0,00;0,00;95;138;55;18;31;844;533
6123;72,28;3,20;0,00;0,00;0,00;0,00;0,00;0,00;196;125;67;10;16;681;353
6124;18,36;-513,12;0,00;0,00;0,00;-0,51;0,00;0,00;496;195;115;14;32;230;573
6125;100,00;255,61;0,00;0,00;0,00;0,26;0,00;0,00;426;44;164;45;36;279;320
6126;67,31;-101,03;0,00;0,00;0,00;-0,10;0,00;0,00;40;118;144;29;29;792;472
6127;32,83;-369,80;0,00;0,00;0,00;-0,37;0,00;0,00;350;165;93;14;20;640;947
6128;65,51;-63,70;0,00;0,00;0,00;-0,06;0,00;0,00;147;138;104;23;17;740;522
6129;64,50;-31,28;0,00;0,00;0,00;-0,03;0,00;0,00;12;153;16;19;34;762;304
6130;82,02;70,32;0,00;0,00;0,00;0,07;0,00;0,00;143;60;128;48;34;686;147
6131;42,68;-278,05;0,00;0,00;0,00;-0,28;0,00;0,00;129;25;83;46;23;347;878
6132;33,41;-392,42;0,00;0,00;0,00;-0,39;0,00;0,00;191;196;97;36;15;905;658
6133;45,51;-267,80;0,00;0,00;0,00;-0,27;0,00;0,00;82;183;174;19;17;378;491
6134;50,84;-218,49;0,00;0,00;0,00;-0,22;0,00;0,00;280;70;168;24;39;568;277
6135;49,15;-196,08;0,00;0,00;0,00;-0,20;0,00;0,00;456;193;102;46;18;815;387
6136;47,94;-240,13;0,00;0,00;0,00;-0,24;0,00;0,00;364;149;85;36;22;233;971
6137;16,45;-491,72;0,00;0,00;0,00;-0,49;0,00;0,00;464;168;198;20;37;415;439
6138;55,20;-228,40;0,00;0,00;0,00;-0,23;0,00;0,00;492;46;160;15;35;878;559
6139;68,04;-10,60;0,00;0,00;0,00;-0,01;0,00;0,00;108;74;68;17;23;926;559
6140;33,09;-405,17;0,00;0,00;0,00;-0,41;0,00;0,00;124;73;79;16;17;584;729
6141;60,63;0,91;0,00;0,00;0,00;0,00;0,00;0,00;201;157;96;35;39;903;205
6142;89,24;323,49;0,00;0,00;0,00;0,32;0,00;0,00;101;127;117;11;28;292;354
6143;100,00;340,20;0,00;0,00;0,00;0,34;0,00;0,00;342;98;49;14;27;160;397
6144;26,24;-408,37;0,00;0,00;0,00;-0,41;0,00;0,00;33;49;198;33;29;447;532
6145;85,25;160,88;0,00;0,00;0,00;0,16;0,00;0,00;276;152;72;24;31;328;404
6146;75,64;22,35;0,00;0,00;0,00;0,02;0,00;0,00;94;142;75;27;25;344;697
6147;0,00;-678,14;0,00;0,00;0,00;-0,68;0,00;0,00;240;80;81;15;23;909;799
6148;40,43;-261,40;0,00;0,00;0,00;-0,26;0,00;0,00;412;171;118;13;36;792;481
6149;49,74;-226,52;0,00;0,00;0,00;-0,23;0,00;0,00;402;17;153;44;30;669;544
6150;41,26;-267,32;0,00;0,00;0,00;-0,27;0,00;0,00;217;150;78;10;22;557;230
6151;45,15;-276,41;0,00;0,00;0,00;-0,28;0,00;0,00;423;180;143;43;20;377;443
6152;69,17;-50,53;0,00;0,00;0,00;-0,05;0,00;0,00;214;126;35;13;23;556;136
6153;38,58;-476,13;0,00;0,00;0,00;-0,48;0,00;0,00;367;60;42;46;29;222;695
6154;45,22;-285,61;0,00;0,00;0,00;-0,29;0,00;0,00;388;140;130;10;15;903;669
6155;47,02;-238,22;0,00;0,00;0,00;-0,24;0,00;0,00;397;109;121;12;22;329;113
6156;26,07;-428,30;0,00;0,00;0,00;-0,43;0,00;0,00;128;154;107;11;38;134;329
6157;65,41;79,11;0,00;0,00;0,00;0,08;0,00;0,00;402;72;141;29;30;799;790
6158;51,77;-134,63;0,00;0,00;0,00;-0,13;0,00;0,00;390;26;56;19;30;277;270
6159;65,66;-9,48;0,00;0,00;0,00;-0,01;0,00;0,00;220;167;29;44;37;359;856
6160;62,95;-91,92;0,00;0,00;0,00;-0,09;0,00;0,00;116;87;119;19;17;785;447
6161;73,68;42,95;0,00;0,00;0,00;0,04;0,00;0,00;420;12;199;11;17;227;762
6162;24,13;-504,11;0,00;0,00;0,00;-0,50;0,00;0,00;66;156;36;36;17;434;773
6163;62,47;-128,66;0,00;0,00;0,00;-0,13;0,00;0,00;341;15;44;41;19;122;853
6164;75,12;46,57;0,00;0,00;0,00;0,05;0,00;0,00;292;82;41;13;31;538;221
6165;81,78;117,28;0,00;0,00;0,00;0,12;0,00;0,00;35;181;137;14;30;872;589
6166;42,93;-285,01;0,00;0,00;0,00;-0,29;0,00;0,00;24;188;194;45;24;828;588
6167;70,63;19,87;0,00;0,00;0,00;0,02;0,00;0,00;254;27;140;23;23;314;974
6168;0,00;-653,58;0,00;0,00;0,00;-0,65;0,00;0,00;387;134;56;33;35;970;816
6169;1,65;-637,78;0,00;0,00;0,00;-0,64;0,00;0,00;198;50;17;24;31;555;901
6170;31,89;-393,85;0,00;0,00;0,00;-0,39;0,00;0,00;153;71;71;30;24;559;210
6171;38,63;-272,18;0,00;0,00;0,00;-0,27;0,00;0,00;313;98;145;43;17;826;839
6172;17,89;-533,87;0,00;0,00;0,00;-0,53;0,00;0,00;407;178;189;18;39;896;463
6173;82,87;170,60;0,00;0,00;0,00;0,17;0,00;0,00;100;172;19;16;30;636;597
6174;47,64;-227,57;0,00;0,00;0,00;-0,23;0,00;0,00;93;44;27;39;31;777;477
6175;13,58;-446,09;0,00;0,00;0,00;-0,45;0,00;0,00;365;161;47;10;37;889;186
6176;36,16;-295,82;0,00;0,00;0,00;-0,30;0,00;0,00;304;102;90;32;29;483;160
6177;58,16;-119,44;0,00;0,00;0,00;-0,12;0,00;0,00;494;155;10;49;20;246;567
6178;48,29;-196,51;0,00;0,00;0,00;-0,20;0,00;0,00;330;53;161;22;19;806;395
6179;64,65;-128,08;0,00;0,00;0,00;-0,13;0,00;0,00;260;146;14;38;19;930;613
6180;23,37;-456,73;0,00;0,00;0,00;-0,46;0,00;0,00;159;100;76;48;20;612;307
6181;55,70;-135,08;0,00;0,00;0,00;-0,14;0,00;0,00;443;138;198;39;26;295;940
6182;75,48;58,11;0,00;0,00;0,00;0,06;0,00;0,00;287;31;135;11;35;446;942
6183;76,81;109,94;0,00;0,00;0,00;0,11;0,00;0,00;131;50;122;22;20;179;229
6184;90,59;231,68;0,00;0,00;0,00;0,23;0,00;0,00;39;100;53;33;36;896;903
6185;78,39;30,04;0,00;0,00;0,00;0,03;0,00;0,00;410;31;157;16;22;122;961
6186;27,74;-371,73;0,00;0,00;0,00;-0,37;0,00;0,00;175;102;124;31;27;799;833
6187;43,25;-297,24;0,00;0,00;0,00;-0,30;0,00;0,00;95;61;31;37;37;276;529
6188;96,45;254,72;0,00;0,00;0,00;0,25;0,00;0,00;467;124;137;10;39;212;225
6189;14,96;-590,31;0,00;0,00;0,00;-0,59;0,00;0,00;178;15;10;31;15;781;951
6190;34,11;-327,37;0,00;0,00;0,00;-0,33;0,00;0,00;194;129;87;29;28;845;747
6191;66,06;2,21;0,00;0,00;0,00;0,00;0,00;0,00;146;132;175;39;36;855;314
6192;17,75;-482,44;0,00;0,00;0,00;-0,48;0,00;0,00;254;190;160;12;18;729;397
6193;41,21;-327,93;0,00;0,00;0,00;-0,33;0,00;0,00;430;109;124;12;25;945;799
6194;70,24;65,80;0,00;0,00;0,00;0,07;0,00;0,00;380;134;86;36;20;275;312
6195;84,12;180,80;0,00;0,00;0,00;0,18;0,00;0,00;426;112;58;16;29;294;823
6196;58,75;-217,34;0,00;0,00;0,00;-0,22;0,00;0,00;114;160;125;40;38;188;821
6197;18,99;-520,61;0,00;0,00;0,00;-0,52;0,00;0,00;126;124;169;43;30;117;392
6198;53,60;-142,34;0,00;0,00;0,00;-0,14;0,00;0,00;44;31;129;25;35;112;103
6199;53,99;-90,75;0,00;0,00;0,00;-0,09;0,00;0,00;349;70;96;26;39;552;203
6200;35,73;-321,54;0,00;0,00;0,00;-0,32;0,00;0,00;472;78;78;20;19;713;728
6201;62,46;-132,09;0,00;0,00;0,00;-0,13;0,00;0,00;69;157;133;36;32;476;362
6202;67,92;-34,96;0,00;0,00;0,00;-0,03;0,00;0,00;476;169;167;37;20;862;256
6203;97,24;285,00;0,00;0,00;0,00;0,29;0,00;0,00;108;30;19;41;16;837;109
6204;39,03;-225,66;0,00;0,00;0,00;-0,23;0,00;0,00;275;136;41;12;38;238;441
6205;17,01;-609,23;0,00;0,00;0,00;-0,61;0,00;0,00;480;24;94;44;20;714;587
6206;68,81;36,05;0,00;0,00;0,00;0,04;0,00;0,00;192;18;85;29;35;712;997
6207;28,00;-450,86;0,00;0,00;0,00;-0,45;0,00;0,00;23;80;27;13;16;124;546
6208;94,00;272,76;0,00;0,00;0,00;0,27;0,00;0,00;66;91;85;49;15;815;328
6209;22,73;-499,58;0,00;0,00;0,00;-0,50;0,00;0,00;335;61;37;12;19;432;536
6210;36,38;-367,80;0,00;0,00;0,00;-0,37;0,00;0,00;420;37;15;36;31;349;845
6211;35,38;-315,84;0,00;0,00;0,00;-0,32;0,00;0,00;350;193;143;49;20;408;520
6212;52,75;-133,86;0,00;0,00;0,00;-0,13;0,00;0,00;36;106;58;17;18;765;222
6213;44,51;-242,21;0,00;0,00;0,00;-0,24;0,00;0,00;59;75;174;17;18;939;724
6214;47,04;-187,62;0,00;0,00;0,00;-0,19;0,00;0,00;327;134;43;22;37;940;195
6215;65,47;-81,31;0,00;0,00;0,00;-0,08;0,00;0,00;206;113;32;15;34;512;256
6216;53,11;-206,95;0,00;0,00;0,00;-0,21;0,00;0,00;97;35;162;44;31;150;665
6217;64,43;-23,07;0,00;0,00;0,00;-0,02;0,00;0,00;198;125;86;23;28;800;529
6218;60,81;-125,33;0,00;0,00;0,00;-0,13;0,00;0,00;327;64;82;17;26;130;854
6219;88,95;159,87;0,00;0,00;0,00;0,16;0,00;0,00;336;39;192;22;27;889;857
6220;0,00;-579,37;0,00;0,00;0,00;-0,58;0,00;0,00;153;169;146;48;18;755;444
6221;94,11;216,97;0,00;0,00;0,00;0,22;0,00;0,00;284;111;136;18;38;841;322
6222;58,44;-141,61;0,00;0,00;0,00;-0,14;0,00;0,00;422;18;97;26;30;826;682
6223;71,32;58,90;0,00;0,00;0,00;0,06;0,00;0,00;208;23;29;38;15;285;972
6224;38,46;-332,02;0,00;0,00;0,00;-0,33;0,00;0,00;317;50;78;36;21;319;845
6225;42,09;-413,70;0,00;0,00;0,00;-0,41;0,00;0,00;210;136;83;19;20;699;904
6226;66,77;-7,54;0,00;0,00;0,00;-0,01;0,00;0,00;343;100;47;32;26;762;410
6227;32,69;-417,69;0,00;0,00;0,00;-0,42;0,00;0,00;20;27;30;17;37;534;169
6228;66,86;-58,20;0,00;0,00;0,00;-0,06;0,00;0,00;458;50;115;23;28;425;916
6229;30,74;-317,65;0,00;0,00;0,00;-0,32;0,00;0,00;448;174;29;48;16;723;220
6230;29,25;-394,45;0,00;0,00;0,00;-0,39;0,00;0,00;284;110;185;15;21;772;490
6231;74,28;101,47;0,00;0,00;0,00;0,10;0,00;0,00;381;12;85;13;38;733;525
6232;49,29;-273,82;0,00;0,00;0,00;-0,27;0,00;0,00;158;159;138;34;21;329;398
6233;93,37;182,46;0,00;0,00;0,00;0,18;0,00;0,00;470;20;79;39;24;391;969
6234;24,17;-538,20;0,00;0,00;0,00;-0,54;0,00;0,00;145;128;136;24;27;150;733
6235;52,30;-195,75;0,00;0,00;0,00;-0,20;0,00;0,00;202;184;179;38;37;845;453
6236;28,76;-417,47;0,00;0,00;0,00;-0,42;0,00;0,00;381;130;81;39;33;723;224
6237;27,91;-307,24;0,00;0,00;0,00;-0,31;0,00;0,00;80;107;136;48;21;617;327
6238;47,97;-235,26;0,00;0,00;0,00;-0,24;0,00;0,00;228;72;170;31;18;343;575
6239;82,08;118,81;0,00;0,00;0,00;0,12;0,00;0,00;324;112;99;41;17;937;211
6240;14,27;-577,38;0,00;0,00;0,00;-0,58;0,00;0,00;217;172;52;28;18;175;924
6241;81,69;157,95;0,00;0,00;0,00;0,16;0,00;0,00;105;127;103;18;20;562;884
6242;46,87;-234,05;0,00;0,00;0,00;-0,23;0,00;0,00;428;36;184;23;19;751;588
6243;33,42;-406,62;0,00;0,00;0,00;-0,41;0,00;0,00;429;23;89;49;31;387;463
6244;49,87;-245,22;0,00;0,00;0,00;-0,25;0,00;0,00;386;95;15;14;28;457;475
6245;26,07;-437,74;0,00;0,00;0,00;-0,44;0,00;0,00;467;157;103;18;21;777;916
6246;100,00;252,49;0,00;0,00;0,00;0,25;0,00;0,00;151;145;148;38;34;682;708
6247;43,25;-319,87;0,00;0,00;0,00;-0,32;0,00;0,00;487;170;42;39;38;335;271
6248;95,56;355,95;0,00;0,00;0,00;0,36;0,00;0,00;173;136;151;31;16;827;480
6249;48,38;-228,31;0,00;0,00;0,00;-0,23;0,00;0,00;358;39;83;46;15;318;978
6250;54,54;-90,78;0,00;0,00;0,00;-0,09;0,00;0,00;490;79;136;19;15;772;411
6251;51,05;-181,43;0,00;0,00;0,00;-0,18;0,00;0,00;311;80;146;46;36;444;924
6252;40,39;-191,99;0,00;0,00;0,00;-0,19;0,00;0,00;47;35;105;21;20;531;639
6253;32,61;-295,44;0,00;0,00;0,00;-0,30;0,00;0,00;288;174;64;23;32;154;592
6254;27,37;-440,24;0,00;0,00;0,00;-0,44;0,00;0,00;222;72;42;12;33;659;317
6255;89,61;139,15;0,00;0,00;0,00;0,14;0,00;0,00;47;112;126;13;26;735;674
6256;13,17;-501,39;0,00;0,00;0,00;-0,50;0,00;0,00;499;29;138;35;36;350;865
6257;75,53;76,91;0,00;0,00;0,00;0,08;0,00;0,00;196;168;92;10;30;443;128
6258;17,22;-460,17;0,00;0,00;0,00;-0,46;0,00;0,00;343;172;10;16;24;384;760
6259;5,91;-668,67;0,00;0,00;0,00;-0,67;0,00;0,00;51;190;30;45;16;582;532
6260;73,10;98,80;0,00;0,00;0,00;0,10;0,00;0,00;238;101;31;15;21;112;311
6261;18,23;-551,42;0,00;0,00;0,00;-0,55;0,00;0,00;345;180;130;17;30;657;654
6262;24,16;-439,77;0,00;0,00;0,00;-0,44;0,00;0,00;42;99;79;32;31;223;920
6263;45,78;-184,23;0,00;0,00;0,00;-0,18;0,00;0,00;364;190;31;35;15;845;813
6264;51,14;-176,95;0,00;0,00;0,00;-0,18;0,00;0,00;235;164;160;23;20;111;806
6265;84,32;150,85;0,00;0,00;0,00;0,15;0,00;0,00;382;147;140;24;24;678;763
6266;70,90;38,03;0,00;0,00;0,00;0,04;0,00;0,00;494;189;129;24;28;991;846
6267;54,31;-182,27;0,00;0,00;0,00;-0,18;0,00;0,00;18;115;136;14;31;533;455
6268;22,35;-472,53;0,00;0,00;0,00;-0,47;0,00;0,00;174;66;49;43;30;691;641
6269;10,05;-514,58;0,00;0,00;0,00;-0,51;0,00;0,00;58;181;60;22;28;409;120
6270;84,08;82,04;0,00;0,00;0,00;0,08;0,00;0,00;20;36;125;34;25;972;515
6271;89,08;188,80;0,00;0,00;0,00;0,19;0,00;0,00;150;96;115;28;27;845;181
6272;15,90;-546,49;0,00;0,00;0,00;-0,55;0,00;0,00;442;24;43;11;22;487;963
6273;77,91;112,13;0,00;0,00;0,00;0,11;0,00;0,00;331;91;59;20;39;386;866
6274;41,06;-329,38;0,00;0,00;0,00;-0,33;0,00;0,00;258;29;75;48;34;135;504
6275;74,40;-13,89;0,00;0,00;0,00;-0,01;0,00;0,00;410;91;178;19;35;394;281
6276;53,32;-138,78;0,00;0,00;0,00;-0,14;0,00;0,00;181;61;56;17;38;588;980
6277;86,60;185,39;0,00;0,00;0,00;0,19;0,00;0,00;49;65;176;40;24;108;349
6278;94,96;320,14;0,00;0,00;0,00;0,32;0,00;0,00;338;81;143;22;31;815;662
6279;36,59;-334,81;0,00;0,00;0,00;-0,33;0,00;0,00;442;114;77;34;38;952;548
6280;29,13;-390,46;0,00;0,00;0,00;-0,39;0,00;0,00;379;135;178;38;17;927;384
6281;63,31;-8,80;0,00;0,00;0,00;-0,01;0,00;0,00;292;96;195;44;26;888;500
6282;89,49;203,01;0,00;0,00;0,00;0,20;0,00;0,00;62;52;117;36;37;242;578
6283;33,24;-318,58;0,00;0,00;0,00;-0,32;0,00;0,00;335;171;121;18;19;472;396
6284;38,88;-285,91;0,00;0,00;0,00;-0,29;0,00;0,00;34;133;193;37;28;248;121
6285;20,79;-452,66;0,00;0,00;0,00;-0,45;0,00;0,00;392;181;43;22;25;983;387
6286;34,11;-329,94;0,00;0,00;0,00;-0,33;0,00;0,00;89;143;105;27;38;961;822
6287;36,15;-376,21;0,00;0,00;0,00;-0,38;0,00;0,00;360;95;146;10;24;235;853
6288;37,43;-402,47;0,00;0,00;0,00;-0,40;0,00;0,00;242;102;111;13;16;458;728
6289;10,50;-663,56;0,00;0,00;0,00;-0,66;0,00;0,00;374;132;168;11;37;953;246
6290;30,43;-372,75;0,00;0,00;0,00;-0,37;0,00;0,00;412;40;23;43;31;522;337
6291;85,16;184,38;0,00;0,00;0,00;0,18;0,00;0,00;18;14;20;30;36;561;149
6292;57,48;-126,92;0,00;0,00;0,00;-0,13;0,00;0,00;370;37;37;36;23;369;156
6293;40,07;-324,12;0,00;0,00;0,00;-0,32;0,00;0,00;401;122;79;14;29;922;427
6294;0,00;-643,91;0,00;0,00;0,00;-0,64;0,00;0,00;149;82;16;17;24;244;538
6295;35,18;-419,02;0,00;0,00;0,00;-0,42;0,00;0,00;67;116;45;15;37;484;176
6296;45,57;-259,92;0,00;0,00;0,00;-0,26;0,00;0,00;280;121;103;38;18;296;513
6297;32,23;-381,70;0,00;0,00;0,00;-0,38;0,00;0,00;481;96;158;46;15;531;699
6298;23,77;-477,37;0,00;0,00;0,00;-0,48;0,00;0,00;339;149;29;18;17;775;196
6299;75,68;89,63;0,00;0,00;0,00;0,09;0,00;0,00;168;46;150;36;23;730;553
6300;46,85;-288,09;0,00;0,00;0,00;-0,29;0,00;0,00;399;171;146;22;33;123;947
6301;56,55;-58,19;0,00;0,00;0,00;-0,06;0,00;0,00;41;142;91;37;22;979;104
6302;44,82;-225,05;0,00;0,00;0,00;-0,23;0,00;0,00;427;192;78;21;25;618;577
6303;14,17;-507,86;0,00;0,00;0,00;-0,51;0,00;0,00;258;109;82;26;28;881;624
6304;0,00;-725,32;0,00;0,00;0,00;-0,73;0,00;0,00;376;50;96;38;21;259;363
6305;44,64;-178,74;0,00;0,00;0,00;-0,18;0,00;0,00;420;120;161;23;25;910;584
6306;74,27;-29,57;0,00;0,00;0,00;-0,03;0,00;0,00;321;34;62;26;39;461;540
6307;75,87;59,04;0,00;0,00;0,00;0,06;0,00;0,00;359;68;45;42;24;714;767
6308;35,54;-447,33;0,00;0,00;0,00;-0,45;0,00;0,00;444;68;19;47;19;245;594
6309;71,48;44,62;0,00;0,00;0,00;0,04;0,00;0,00;200;55;54;23;30;958;779
6310;55,03;-144,56;0,00;0,00;0,00;-0,14;0,00;0,00;133;18;54;38;21;467;785
6311;78,35;24,50;0,00;0,00;0,00;0,02;0,00;0,00;481;64;114;49;23;997;153
6312;100,00;352,80;0,00;0,00;0,00;0,35;0,00;0,00;178;86;147;40;39;503;811
6313;40,32;-294,93;0,00;0,00;0,00;-0,29;0,00;0,00;239;70;119;27;23;726;651
6314;31,05;-475,47;0,00;0,00;0,00;-0,48;0,00;0,00;43;160;137;42;20;396;802
6315;54,40;-202,35;0,00;0,00;0,00;-0,20;0,00;0,00;253;23;105;19;31;657;878
6316;17,72;-510,72;0,00;0,00;0,00;-0,51;0,00;0,00;61;12;106;44;26;134;723
6317;20,34;-502,51;0,00;0,00;0,00;-0,50;0,00;0,00;246;193;83;21;21;366;586
6318;26,88;-468,52;0,00;0,00;0,00;-0,47;0,00;0,00;243;135;16;40;28;706;764
6319;13,07;-515,81;0,00;0,00;0,00;-0,52;0,00;0,00;60;10;100;19;31;642;748
6320;54,59;-222,77;0,00;0,00;0,00;-0,22;0,00;0,00;444;114;197;49;16;209;830
6321;25,60;-418,06;0,00;0,00;0,00;-0,42;0,00;0,00;76;197;33;45;24;497;841
6322;100,00;221,84;0,00;0,00;0,00;0,22;0,00;0,00;103;186;110;15;39;270;960
6323;43,23;-208,94;0,00;0,00;0,00;-0,21;0,00;0,00;437;83;112;33;26;747;812
6324;27,18;-391,68;0,00;0,00;0,00;-0,39;0,00;0,00;346;145;170;38;19;689;103
6325;98,57;288,82;0,00;0,00;0,00;0,29;0,00;0,00;125;31;54;44;35;954;165
6326;23,43;-453,88;0,00;0,00;0,00;-0,45;0,00;0,00;319;20;32;32;26;705;119
6327;0,00;-698,88;0,00;0,00;0,00;-0,70;0,00;0,00;306;67;94;19;30;783;524
6328;4,33;-698,12;0,00;0,00;0,00;-0,70;0,00;0,00;210;26;24;16;25;951;171
6329;23,66;-483,51;0,00;0,00;0,00;-0,48;0,00;0,00;353;81;114;48;22;137;436
6330;23,70;-530,03;0,00;0,00;0,00;-0,53;0,00;0,00;225;105;68;34;17;214;300
6331;72,85;39,26;0,00;0,00;0,00;0,04;0,00;0,00;349;68;114;49;28;922;595
6332;61,04;-82,14;0,00;0,00;0,00;-0,08;0,00;0,00;376;180;85;42;17;233;879
6333;68,56;-39,75;0,00;0,00;0,00;-0,04;0,00;0,00;465;13;141;44;22;618;696
6334;88,20;189,03;0,00;0,00;0,00;0,19;0,00;0,00;293;42;23;31;20;345;574
6335;83,99;144,85;0,00;0,00;0,00;0,14;0,00;0,00;418;114;27;28;37;979;309
6336;59,84;-86,88;0,00;0,00;0,00;-0,09;0,00;0,00;166;79;114;10;15;245;439
6337;20,76;-471,33;0,00;0,00;0,00;-0,47;0,00;0,00;72;13;152;23;21;990;436
6338;37,65;-210,32;0,00;0,00;0,00;-0,21;0,00;0,00;222;70;40;38;15;739;548
6339;76,76;66,10;0,00;0,00;0,00;0,07;0,00;0,00;402;62;195;11;21;329;137
6340;13,25;-637,33;0,00;0,00;0,00;-0,64;0,00;0,00;483;65;26;40;34;563;256
6341;33,34;-427,93;0,00;0,00;0,00;-0,43;0,00;0,00;48;103;125;18;39;370;725
6342;49,53;-205,64;0,00;0,00;0,00;-0,21;0,00;0,00;63;109;57;43;38;231;945
6343;36,44;-294,81;0,00;0,00;0,00;-0,29;0,00;0,00;302;28;100;13;37;154;525
6344;18,12;-549,38;0,00;0,00;0,00;-0,55;0,00;0,00;66;161;189;27;19;997;493
6345;100,00;288,80;0,00;0,00;0,00;0,29;0,00;0,00;464;84;80;16;39;412;587
6346;38,77;-292,85;0,00;0,00;0,00;-0,29;0,00;0,00;415;99;199;10;19;868;422
6347;50,21;-167,94;0,00;0,00;0,00;-0,17;0,00;0,00;359;40;104;33;15;414;833
6348;27,19;-338,49;0,00;0,00;0,00;-0,34;0,00;0,00;419;174;81;44;18;764;115
6349;0,00;-746,13;0,00;0,00;0,00;-0,75;0,00;0,00;395;182;186;23;34;266;665
6350;65,50;-101,47;0,00;0,00;0,00;-0,10;0,00;0,00;110;148;37;44;16;719;193
6351;70,90;11,08;0,00;0,00;0,00;0,01;0,00;0,00;122;62;166;49;32;535;594
6352;41,76;-214,63;0,00;0,00;0,00;-0,21;0,00;0,00;195;39;103;43;18;985;622
6353;90,25;219,26;0,00;0,00;0,00;0,22;0,00;0,00;315;71;19;14;18;825;697
6354;61,46;-75,91;0,00;0,00;0,00;-0,08;0,00;0,00;132;139;167;10;22;568;106
6355;46,71;-315,22;0,00;0,00;0,00;-0,32;0,00;0,00;474;38;149;41;35;726;414
6356;49,23;-168,32;0,00;0,00;0,00;-0,17;0,00;0,00;140;110;120;17;21;676;198
6357;23,37;-475,99;0,00;0,00;0,00;-0,48;0,00;0,00;138;135;66;34;19;460;936
6358;53,84;-147,36;0,00;0,00;0,00;-0,15;0,00;0,00;458;191;64;35;36;147;511
6359;30,51;-399,99;0,00;0,00;0,00;-0,40;0,00;0,00;101;161;111;11;28;223;958
6360;10,19;-530,00;0,00;0,00;0,00;-0,53;0,00;0,00;485;140;59;47;15;138;518
6361;65,61;-122,03;0,00;0,00;0,00;-0,12;0,00;0,00;229;20;184;17;20;475;399
6362;78,72;49,31;0,00;0,00;0,00;0,05;0,00;0,00;346;59;125;40;33;604;983
6363;59,58;-203,09;0,00;0,00;0,00;-0,20;0,00;0,00;122;170;120;33;16;770;926
6364;49,46;-146,04;0,00;0,00;0,00;-0,15;0,00;0,00;109;44;182;47;21;786;659
6365;79,37;59,68;0,00;0,00;0,00;0,06;0,00;0,00;335;191;164;41;23;405;354
6366;48,89;-205,52;0,00;0,00;0,00;-0,21;0,00;0,00;249;108;145;16;28;621;472
6367;53,13;-183,24;0,00;0,00;0,00;-0,18;0,00;0,00;10;86;138;20;29;885;105
6368;25,93;-483,60;0,00;0,00;0,00;-0,48;0,00;0,00;366;41;21;16;21;578;761
6369;14,37;-563,15;0,00;0,00;0,00;-0,56;0,00;0,00;411;144;88;34;30;573;220
6370;5,35;-758,10;0,00;0,00;0,00;-0,76;0,00;0,00;382;199;40;42;32;863;819
6371;76,80;164,15;0,00;0,00;0,00;0,16;0,00;0,00;446;18;47;37;39;689;236
6372;76,58;49,84;0,00;0,00;0,00;0,05;0,00;0,00;91;193;18;43;37;269;650
6373;38,55;-300,39;0,00;0,00;0,00;-0,30;0,00;0,00;164;121;185;45;33;698;424
6374;44,35;-258,60;0,00;0,00;0,00;-0,26;0,00;0,00;470;109;30;49;33;485;562
6375;57,01;-204,78;0,00;0,00;0,00;-0,20;0,00;0,00;44;137;67;39;15;917;852
6376;92,78;176,62;0,00;0,00;0,00;0,18;0,00;0,00;477;31;51;37;39;227;578
6377;32,93;-309,04;0,00;0,00;0,00;-0,31;0,00;0,00;232;110;120;28;23;514;568
6378;72,24;-2,75;0,00;0,00;0,00;-0,00;0,00;0,00;23;137;39;47;17;938;264
6379;63,40;-79,60;0,00;0,00;0,00;-0,08;0,00;0,00;441;174;63;28;18;632;708
6380;48,85;-194,93;0,00;0,00;0,00;-0,19;0,00;0,00;439;97;148;43;27;476;382
6381;38,30;-267,12;0,00;0,00;0,00;-0,27;0,00;0,00;373;159;82;38;29;711;272
6382;58,10;-101,63;0,00;0,00;0,00;-0,10;0,00;0,00;414;33;153;31;39;674;870
6383;35,43;-318,90;0,00;0,00;0,00;-0,32;0,00;0,00;257;94;82;36;18;526;268
6384;70,62;39,65;0,00;0,00;0,00;0,04;0,00;0,00;480;51;139;17;27;869;223
6385;50,85;-187,18;0,00;0,00;0,00;-0,19;0,00;0,00;268;113;182;32;30;431;834
6386;0,00;-777,17;0,00;0,00;0,00;-0,78;0,00;0,00;43;137;151;15;39;895;915
6387;63,67;-102,19;0,00;0,00;0,00;-0,10;0,00;0,00;66;22;14;21;33;630;969
6388;61,21;-67,20;0,00;0,00;0,00;-0,07;0,00;0,00;310;40;19;19;18;486;239
6389;24,36;-421,74;0,00;0,00;0,00;-0,42;0,00;0,00;140;194;191;35;25;173;274
6390;47,13;-303,32;0,00;0,00;0,00;-0,30;0,00;0,00;380;56;114;18;19;342;789
6391;44,45;-183,05;0,00;0,00;0,00;-0,18;0,00;0,00;480;52;145;17;19;320;929
6392;20,96;-463,87;0,00;0,00;0,00;-0,46;0,00;0,00;284;199;157;31;17;329;705
6393;63,55;-101,66;0,00;0,00;0,00;-0,10;0,00;0,00;310;174;34;43;22;535;413
6394;79,80;120,07;0,00;0,00;0,00;0,12;0,00;0,00;260;52;62;49;26;119;293
6395;16,27;-499,75;0,00;0,00;0,00;-0,50;0,00;0,00;339;22;61;10;37;881;559
6396;63,70;-13,39;0,00;0,00;0,00;-0,01;0,00;0,00;93;182;144;21;39;990;437
6397;73,29;111,28;0,00;0,00;0,00;0,11;0,00;0,00;275;45;172;22;28;743;339
6398;39,49;-249,15;0,00;0,00;0,00;-0,25;0,00;0,00;425;14;100;30;20;594;201
6399;49,18;-193,25;0,00;0,00;0,00;-0,19;0,00;0,00;338;157;79;27;29;867;331
6400;63,96;-21,55;0,00;0,00;0,00;-0,02;0,00;0,00;446;58;107;15;28;431;928
6401;50,56;-172,89;0,00;0,00;0,00;-0,17;0,00;0,00;457;44;197;46;23;463;591
6402;0,00;-677,32;0,00;0,00;0,00;-0,68;0,00;0,00;273;176;140;46;15;832;572
6403;52,10;-228,13;0,00;0,00;0,00;-0,23;0,00;0,00;203;147;183;37;33;417;715
6404;60,75;28,17;0,00;0,00;0,00;0,03;0,00;0,00;307;81;183;24;18;619;822
6405;62,88;-80,75;0,00;0,00;0,00;-0,08;0,00;0,00;448;104;152;47;33;795;619
6406;67,94;3,26;0,00;0,00;0,00;0,00;0,00;0,00;252;59;181;44;17;757;224
6407;21,66;-479,12;0,00;0,00;0,00;-0,48;0,00;0,00;330;60;87;29;27;936;930
6408;19,71;-529,70;0,00;0,00;0,00;-0,53;0,00;0,00;282;41;82;42;21;643;543
6409;45,77;-251,82;0,00;0,00;0,00;-0,25;0,00;0,00;333;151;175;28;25;760;476
6410;56,45;-106,84;0,00;0,00;0,00;-0,11;0,00;0,00;253;156;14;21;24;695;175
6411;49,06;-145,90;0,00;0,00;0,00;-0,15;0,00;0,00;57;70;92;41;34;998;270
6412;34,77;-292,76;0,00;0,00;0,00;-0,29;0,00;0,00;153;138;33;40;33;330;134
6413;26,19;-377,90;0,00;0,00;0,00;-0,38;0,00;0,00;231;128;22;23;30;787;850
6414;46,72;-293,73;0,00;0,00;0,00;-0,29;0,00;0,00;301;132;146;11;27;268;117
6415;64,44;-37,59;0,00;0,00;0,00;-0,04;0,00;0,00;80;42;74;29;24;373;854
6416;49,43;-243,55;0,00;0,00;0,00;-0,24;0,00;0,00;180;34;174;18;22;793;621
6417;63,00;-65,35;0,00;0,00;0,00;-0,07;0,00;0,00;46;50;125;12;24;627;105
6418;28,82;-468,02;0,00;0,00;0,00;-0,47;0,00;0,00;183;85;118;23;22;540;355
6419;100,00;343,62;0,00;0,00;0,00;0,34;0,00;0,00;108;111;41;22;20;353;487
6420;37,13;-308,77;0,00;0,00;0,00;-0,31;0,00;0,00;289;104;194;17;23;969;950
6421;48,88;-210,62;0,00;0,00;0,00;-0,21;0,00;0,00;91;144;69;32;32;480;992
6422;23,81;-437,64;0,00;0,00;0,00;-0,44;0,00;0,00;457;63;68;18;19;537;695
6423;68,53;-4,66;0,00;0,00;0,00;-0,00;0,00;0,00;350;45;176;13;15;712;256
6424;100,00;267,73;0,00;0,00;0,00;0,27;0,00;0,00;34;56;34;16;16;474;321
6425;32,35;-350,74;0,00;0,00;0,00;-0,35;0,00;0,00;24;78;122;14;19;129;641
6426;20,22;-555,19;0,00;0,00;0,00;-0,56;0,00;0,00;406;65;52;12;32;896;761
6427;75,70;95,16;0,00;0,00;0,00;0,10;0,00;0,00;480;59;22;18;18;314;636
6428;45,38;-202,52;0,00;0,00;0,00;-0,20;0,00;0,00;358;75;34;18;31;398;929
6429;17,74;-480,56;0,00;0,00;0,00;-0,48;0,00;0,00;204;183;173;43;24;169;573
6430;50,28;-248,30;0,00;0,00;0,00;-0,25;0,00;0,00;87;196;62;34;33;391;659
6431;56,78;-95,90;0,00;0,00;0,00;-0,10;0,00;0,00;319;164;18;25;33;368;376
6432;44,98;-322,03;0,00;0,00;0,00;-0,32;0,00;0,00;246;167;88;46;21;996;389
6433;33,49;-315,79;0,00;0,00;0,00;-0,32;0,00;0,00;426;99;138;22;23;554;168
6434;71,88;96,15;0,00;0,00;0,00;0,10;0,00;0,00;185;39;74;17;15;133;299
6435;99,99;254,36;0,00;0,00;0,00;0,25;0,00;0,00;243;100;63;10;33;926;304
6436;24,93;-455,59;0,00;0,00;0,00;-0,46;0,00;0,00;241;78;142;25;37;161;650
6437;16,96;-584,78;0,00;0,00;0,00;-0,58;0,00;0,00;106;148;46;34;23;737;484
6438;68,68;41,90;0,00;0,00;0,00;0,04;0,00;0,00;254;76;135;36;36;722;823
6439;0,00;-802,35;0,00;0,00;0,00;-0,80;0,00;0,00;443;32;141;23;36;468;961
6440;4,37;-698,43;0,00;0,00;0,00;-0,70;0,00;0,00;495;48;12;31;22;465;882
6441;65,56;-78,97;0,00;0,00;0,00;-0,08;0,00;0,00;265;30;59;47;29;882;835
6442;46,40;-221,96;0,00;0,00;0,00;-0,22;0,00;0,00;199;26;104;35;34;816;346
6443;59,02;-100,42;0,00;0,00;0,00;-0,10;0,00;0,00;250;83;152;15;24;781;430
6444;57,74;-70,01;0,00;0,00;0,00;-0,07;0,00;0,00;173;196;14;22;28;840;157
6445;64,34;-12,03;0,00;0,00;0,00;-0,01;0,00;0,00;199;52;109;30;36;205;675
6446;7,82;-622,02;0,00;0,00;0,00;-0,62;0,00;0,00;88;87;152;46;18;641;587
6447;36,25;-386,02;0,00;0,00;0,00;-0,39;0,00;0,00;365;134;14;24;36;328;843
6448;44,78;-180,65;0,00;0,00;0,00;-0,18;0,00;0,00;224;165;121;14;31;805;576
6449;23,56;-395,05;0,00;0,00;0,00;-0,40;0,00;0,00;79;43;120;33;20;739;851
6450;41,27;-261,02;0,00;0,00;0,00;-0,26;0,00;0,00;461;49;105;15;30;118;381
6451;51,31;-98,89;0,00;0,00;0,00;-0,10;0,00;0,00;127;92;84;22;32;788;539
6452;33,91;-357,58;0,00;0,00;0,00;-0,36;0,00;0,00;112;161;194;41;21;461;201
6453;34,93;-264,90;0,00;0,00;0,00;-0,26;0,00;0,00;41;71;174;24;37;474;869
6454;53,64;-176,28;0,00;0,00;0,00;-0,18;0,00;0,00;445;188;110;37;26;837;517
6455;69,41;2,63;0,00;0,00;0,00;0,00;0,00;0,00;53;46;123;18;19;569;166
6456;35,32;-365,09;0,00;0,00;0,00;-0,37;0,00;0,00;43;53;16;37;24;735;595
6457;26,13;-456,59;0,00;0,00;0,00;-0,46;0,00;0,00;261;184;57;21;29;754;315
6458;39,28;-314,00;0,00;0,00;0,00;-0,31;0,00;0,00;398;185;185;19;18;758;190
6459;1,20;-673,62;0,00;0,00;0,00;-0,67;0,00;0,00;454;54;73;24;25;454;699
6460;0,00;-711,48;0,00;0,00;0,00;-0,71;0,00;0,00;366;162;16;19;30;958;870
6461;13,05;-573,30;0,00;0,00;0,00;-0,57;0,00;0,00;387;17;157;22;30;474;689
6462;57,84;-159,01;0,00;0,00;0,00;-0,16;0,00;0,00;217;108;79;42;20;952;627
6463;100,00;256,00;0,00;0,00;0,00;0,26;0,00;0,00;43;33;195;16;36;353;147
6464;37,37;-357,67;0,00;0,00;0,00;-0,36;0,00;0,00;97;113;111;36;21;393;785
6465;84,70;118,64;0,00;0,00;0,00;0,12;0,00;0,00;164;134;67;31;18;874;434
6466;58,07;-155,70;0,00;0,00;0,00;-0,16;0,00;0,00;173;30;25;18;34;460;135
6467;15,46;-563,51;0,00;0,00;0,00;-0,56;0,00;0,00;73;199;72;27;25;161;116
6468;52,92;-200,37;0,00;0,00;0,00;-0,20;0,00;0,00;67;91;152;14;39;244;391
6469;20,44;-457,86;0,00;0,00;0,00;-0,46;0,00;0,00;251;20;150;35;20;977;683
6470;49,97;-153,43;0,00;0,00;0,00;-0,15;0,00;0,00;270;14;91;18;37;149;797
6471;51,03;-213,31;0,00;0,00;0,00;-0,21;0,00;0,00;478;14;29;20;33;351;656
6472;68,60;-30,79;0,00;0,00;0,00;-0,03;0,00;0,00;339;70;110;18;32;725;638
6473;39,70;-294,45;0,00;0,00;0,00;-0,29;0,00;0,00;24;126;59;45;24;294;443
6474;81,59;173,69;0,00;0,00;0,00;0,17;0,00;0,00;497;88;59;17;34;703;193
6475;63,87;-4,00;0,00;0,00;0,00;-0,00;0,00;0,00;202;155;169;20;23;731;135
6476;72,24;-103,00;0,00;0,00;0,00;-0,10;0,00;0,00;150;57;12;28;35;442;635
6477;45,52;-268,00;0,00;0,00;0,00;-0,27;0,00;0,00;467;119;129;48;31;557;758
6478;64,50;-91,45;0,00;0,00;0,00;-0,09;0,00;0,00;17;36;94;27;36;743;820
6479;40,22;-343,51;0,00;0,00;0,00;-0,34;0,00;0,00;388;141;19;37;22;249;991
6480;42,78;-241,69;0,00;0,00;0,00;-0,24;0,00;0,00;110;30;118;18;34;287;616
6481;65,13;-100,58;0,00;0,00;0,00;-0,10;0,00;0,00;194;78;20;20;29;956;163
6482;36,79;-369,02;0,00;0,00;0,00;-0,37;0,00;0,00;91;38;146;18;37;104;941
6483;24,54;-418,12;0,00;0,00;0,00;-0,42;0,00;0,00;421;138;108;47;33;634;740
6484;51,76;-204,80;0,00;0,00;0,00;-0,20;0,00;0,00;358;138;19;39;31;538;463
6485;44,88;-198,67;0,00;0,00;0,00;-0,20;0,00;0,00;250;167;188;37;30;866;296
6486;47,16;-266,20;0,00;0,00;0,00;-0,27;0,00;0,00;142;124;52;29;30;836;456
6487;42,53;-333,18;0,00;0,00;0,00;-0,33;0,00;0,00;219;94;143;48;35;627;990
6488;57,70;-11,03;0,00;0,00;0,00;-0,01;0,00;0,00;369;38;67;34;37;992;944
6489;73,01;129,87;0,00;0,00;0,00;0,13;0,00;0,00;296;166;130;31;24;826;181
6490;15,97;-546,77;0,00;0,00;0,00;-0,55;0,00;0,00;231;13;134;46;18;931;951
6491;54,15;-130,21;0,00;0,00;0,00;-0,13;0,00;0,00;267;15;64;23;27;329;836
6492;86,42;193,22;0,00;0,00;0,00;0,19;0,00;0,00;88;135;159;14;21;780;888
6493;64,05;-74,04;0,00;0,00;0,00;-0,07;0,00;0,00;214;150;92;35;23;508;130
6494;23,31;-399,73;0,00;0,00;0,00;-0,40;0,00;0,00;195;43;140;18;34;565;559
6495;34,91;-430,27;0,00;0,00;0,00;-0,43;0,00;0,00;88;152;83;44;29;987;321
6496;68,93;23,87;0,00;0,00;0,00;0,02;0,00;0,00;293;27;26;34;32;706;866
6497;25,07;-482,07;0,00;0,00;0,00;-0,48;0,00;0,00;306;17;166;42;16;901;212
6498;62,11;-19,59;0,00;0,00;0,00;-0,02;0,00;0,00;142;194;55;13;38;284;558
6499;71,06;-17,98;0,00;0,00;0,00;-0,02;0,00;0,00;256;20;167;33;25;927;508
6500;0,00;-573,97;0,00;0,00;0,00;-0,57;0,00;0,00;145;48;65;33;26;764;600
6501;43,42;-299,13;0,00;0,00;0,00;-0,30;0,00;0,00;131;129;114;34;25;497;417
6502;0,00;-625,92;0,00;0,00;0,00;-0,63;0,00;0,00;316;17;13;36;34;163;235
6503;60,21;-58,46;0,00;0,00;0,00;-0,06;0,00;0,00;101;43;159;15;39;770;349
6504;0,00;-638,73;0,00;0,00;0,00;-0,64;0,00;0,00;140;11;130;45;24;961;414
6505;71,92;14,73;0,00;0,00;0,00;0,01;0,00;0,00;233;199;63;13;22;610;868
6506;78,53;73,17;0,00;0,00;0,00;0,07;0,00;0,00;201;44;32;30;23;621;412
6507;53,04;-113,88;0,00;0,00;0,00;-0,11;0,00;0,00;375;89;145;28;30;252;672
6508;82,67;159,25;0,00;0,00;0,00;0,16;0,00;0,00;335;144;149;16;22;290;609
6509;76,80;30,99;0,00;0,00;0,00;0,03;0,00;0,00;338;186;42;32;17;933;481
6510;45,21;-103,10;0,00;0,00;0,00;-0,10;0,00;0,00;320;149;66;27;16;320;210
6511;100,00;333,66;0,00;0,00;0,00;0,33;0,00;0,00;453;117;61;25;15;133;735
6512;61,20;-79,34;0,00;0,00;0,00;-0,08;0,00;0,00;75;159;57;41;20;124;854
6513;41,42;-240,32;0,00;0,00;0,00;-0,24;0,00;0,00;360;20;34;40;31;496;979
6514;42,30;-298,91;0,00;0,00;0,00;-0,30;0,00;0,00;44;197;116;32;23;375;162
6515;25,14;-421,57;0,00;0,00;0,00;-0,42;0,00;0,00;132;166;55;46;30;461;137
6516;19,38;-462,88;0,00;0,00;0,00;-0,46;0,00;0,00;208;106;46;13;33;204;995
6517;49,80;-97,01;0,00;0,00;0,00;-0,10;0,00;0,00;462;133;175;13;34;374;796
6518;0,00;-753,00;0,00;0,00;0,00;-0,75;0,00;0,00;472;104;33;27;28;269;358
6519;31,68;-287,47;0,00;0,00;0,00;-0,29;0,00;0,00;495;156;63;22;30;965;219
6520;49,17;-136,66;0,00;0,00;0,00;-0,14;0,00;0,00;265;154;94;38;32;714;304
6521;59,98;-98,85;0,00;0,00;0,00;-0,10;0,00;0,00;384;123;57;20;32;748;426
6522;21,67;-537,48;0,00;0,00;0,00;-0,54;0,00;0,00;23;185;60;27;26;729;899
6523;52,70;-68,68;0,00;0,00;0,00;-0,07;0,00;0,00;23;116;58;25;15;582;339
6524;56,79;-153,16;0,00;0,00;0,00;-0,15;0,00;0,00;104;119;45;21;20;896;913
6525;85,41;156,66;0,00;0,00;0,00;0,16;0,00;0,00;296;147;162;18;33;190;130
6526;52,81;-71,85;0,00;0,00;0,00;-0,07;0,00;0,00;450;40;36;10;16;603;460
6527;100,00;281,96;0,00;0,00;0,00;0,28;0,00;0,00;377;13;92;26;27;514;187
6528;35,47;-278,93;0,00;0,00;0,00;-0,28;0,00;0,00;121;104;170;10;25;783;495
6529;80,86;105,04;0,00;0,00;0,00;0,11;0,00;0,00;291;42;112;24;35;445;989
6530;0,00;-714,87;0,00;0,00;0,00;-0,71;0,00;0,00;213;192;49;23;30;531;251
6531;22,53;-423,75;0,00;0,00;0,00;-0,42;0,00;0,00;331;49;23;14;39;399;805
6532;52,15;-146,20;0,00;0,00;0,00;-0,15;0,00;0,00;227;83;26;21;23;297;652
6533;51,66;-183,33;0,00;0,00;0,00;-0,18;0,00;0,00;309;178;93;42;32;598;690
6534;27,48;-351,17;0,00;0,00;0,00;-0,35;0,00;0,00;277;196;199;31;37;240;422
6535;1,26;-700,14;0,00;0,00;0,00;-0,70;0,00;0,00;123;164;105;27;28;821;111
6536;84,39;148,34;0,00;0,00;0,00;0,15;0,00;0,00;323;16;146;20;30;131;705
6537;59,20;-125,06;0,00;0,00;0,00;-0,13;0,00;0,00;484;23;52;19;17;769;691
6538;30,38;-426,22;0,00;0,00;0,00;-0,43;0,00;0,00;116;38;122;29;17;482;409
6539;37,40;-271,94;0,00;0,00;0,00;-0,27;0,00;0,00;236;31;172;13;34;803;967
6540;11,78;-558,84;0,00;0,00;0,00;-0,56;0,00;0,00;413;151;116;35;29;589;449
6541;63,47;-23,64;0,00;0,00;0,00;-0,02;0,00;0,00;175;45;133;13;31;455;271
6542;23,01;-493,80;0,00;0,00;0,00;-0,49;0,00;0,00;107;174;93;37;26;141;316
6543;0,00;-686,27;0,00;0,00;0,00;-0,69;0,00;0,00;191;116;115;42;28;283;362
6544;80,86;141,20;0,00;0,00;0,00;0,14;0,00;0,00;368;115;120;24;37;472;737
6545;57,88;-157,89;0,00;0,00;0,00;-0,16;0,00;0,00;229;140;61;48;31;295;937
6546;47,90;-236,75;0,00;0,00;0,00;-0,24;0,00;0,00;272;92;79;20;23;516;784
6547;17,58;-522,12;0,00;0,00;0,00;-0,52;0,00;0,00;263;39;12;13;18;958;470
6548;49,82;-189,54;0,00;0,00;0,00;-0,19;0,00;0,00;398;56;119;22;36;182;943
6549;47,08;-144,77;0,00;0,00;0,00;-0,14;0,00;0,00;361;167;155;30;32;828;660
6550;54,34;-163,64;0,00;0,00;0,00;-0,16;0,00;0,00;208;133;151;32;22;218;877
6551;14,60;-687,29;0,00;0,00;0,00;-0,69;0,00;0,00;17;121;24;45;20;519;329
6552;17,70;-490,77;0,00;0,00;0,00;-0,49;0,00;0,00;335;156;121;21;36;453;278
6553;53,59;-151,49;0,00;0,00;0,00;-0,15;0,00;0,00;357;85;127;30;22;998;319
6554;56,42;-107,83;0,00;0,00;0,00;-0,11;0,00;0,00;385;134;80;34;28;447;930
6555;0,10;-752,92;0,00;0,00;0,00;-0,75;0,00;0,00;176;36;170;17;24;896;983
6556;24,54;-549,14;0,00;0,00;0,00;-0,55;0,00;0,00;463;180;173;16;28;921;176
6557;22,41;-489,85;0,00;0,00;0,00;-0,49;0,00;0,00;179;99;190;17;19;968;200
6558;35,93;-353,68;0,00;0,00;0,00;-0,35;0,00;0,00;360;89;43;28;28;888;849
6559;37,92;-199,28;0,00;0,00;0,00;-0,20;0,00;0,00;33;114;74;28;32;240;158
6560;34,37;-388,00;0,00;0,00;0,00;-0,39;0,00;0,00;240;162;155;37;36;234;172
6561;67,10;-49,69;0,00;0,00;0,00;-0,05;0,00;0,00;471;79;196;25;23;440;649
6562;8,40;-550,97;0,00;0,00;0,00;-0,55;0,00;0,00;49;174;74;18;36;716;198
6563;49,86;-100,28;0,00;0,00;0,00;-0,10;0,00;0,00;448;121;184;18;15;172;420
6564;50,00;-220,48;0,00;0,00;0,00;-0,22;0,00;0,00;189;32;110;15;34;237;766
6565;11,16;-575,15;0,00;0,00;0,00;-0,58;0,00;0,00;463;114;165;33;39;881;345
6566;50,94;-242,45;0,00;0,00;0,00;-0,24;0,00;0,00;271;149;154;20;34;208;931
6567;10,78;-727,84;0,00;0,00;0,00;-0,73;0,00;0,00;231;193;87;30;34;868;819
6568;71,08;-42,92;0,00;0,00;0,00;-0,04;0,00;0,00;238;192;70;37;15;743;809
6569;63,70;-79,78;0,00;0,00;0,00;-0,08;0,00;0,00;155;105;133;38;32;203;689
6570;94,57;207,35;0,00;0,00;0,00;0,21;0,00;0,00;493;22;112;24;33;989;909
6571;29,66;-441,13;0,00;0,00;0,00;-0,44;0,00;0,00;26;17;93;35;18;170;292
6572;42,06;-383,44;0,00;0,00;0,00;-0,38;0,00;0,00;296;96;22;15;26;899;110
6573;58,04;-132,02;0,00;0,00;0,00;-0,13;0,00;0,00;39;64;90;48;33;214;334
6574;57,95;-85,08;0,00;0,00;0,00;-0,09;0,00;0,00;295;155;31;20;22;831;238
6575;42,28;-367,49;0,00;0,00;0,00;-0,37;0,00;0,00;396;51;64;29;30;188;317
6576;61,39;-1,52;0,00;0,00;0,00;-0,00;0,00;0,00;322;152;138;46;28;164;140
6577;67,97;16,54;0,00;0,00;0,00;0,02;0,00;0,00;396;77;129;33;33;631;312
6578;83,73;124,66;0,00;0,00;0,00;0,12;0,00;0,00;330;55;99;41;31;401;578
6579;47,05;-212,38;0,00;0,00;0,00;-0,21;0,00;0,00;285;145;30;37;23;814;386
6580;56,45;-159,52;0,00;0,00;0,00;-0,16;0,00;0,00;242;86;124;10;34;785;977
6581;44,09;-227,40;0,00;0,00;0,00;-0,23;0,00;0,00;362;58;101;31;25;137;951
6582;34,38;-302,95;0,00;0,00;0,00;-0,30;0,00;0,00;375;55;67;36;34;843;506
6583;67,80;-44,86;0,00;0,00;0,00;-0,04;0,00;0,00;194;137;198;10;23;282;958
6584;63,07;-22,35;0,00;0,00;0,00;-0,02;0,00;0,00;296;38;70;28;24;486;896
6585;93,66;293,13;0,00;0,00;0,00;0,29;0,00;0,00;475;88;45;13;21;996;869
6586;99,82;255,31;0,00;0,00;0,00;0,26;0,00;0,00;480;163;107;21;31;559;440
6587;65,97;58,64;0,00;0,00;0,00;0,06;0,00;0,00;332;158;57;44;35;565;137
6588;0,00;-771,29;0,00;0,00;0,00;-0,77;0,00;0,00;229;23;41;48;20;563;795
6589;16,30;-550,33;0,00;0,00;0,00;-0,55;0,00;0,00;38;141;62;16;31;108;482
6590;36,11;-324,02;0,00;0,00;0,00;-0,32;0,00;0,00;60;29;138;24;36;848;709
6591;83,93;151,99;0,00;0,00;0,00;0,15;0,00;0,00;444;103;128;10;24;321;383
6592;23,96;-489,22;0,00;0,00;0,00;-0,49;0,00;0,00;258;25;66;36;29;575;902
6593;12,66;-607,08;0,00;0,00;0,00;-0,61;0,00;0,00;183;38;175;11;26;128;791
6594;0,00;-561,11;0,00;0,00;0,00;-0,56;0,00;0,00;439;40;70;44;32;421;117
6595;82,36;98,12;0,00;0,00;0,00;0,10;0,00;0,00;277;104;128;43;34;534;314
6596;41,90;-290,95;0,00;0,00;0,00;-0,29;0,00;0,00;399;75;109;25;27;615;671
6597;10,21;-598,57;0,00;0,00;0,00;-0,60;0,00;0,00;170;35;90;25;16;179;786
6598;20,59;-536,68;0,00;0,00;0,00;-0,54;0,00;0,00;345;75;193;19;16;332;524
6599;56,26;-120,90;0,00;0,00;0,00;-0,12;0,00;0,00;412;130;84;22;24;545;873
6600;61,64;-69,01;0,00;0,00;0,00;-0,07;0,00;0,00;364;39;64;49;22;651;589
6601;48,78;-254,68;0,00;0,00;0,00;-0,25;0,00;0,00;53;81;169;17;23;384;584
6602;49,16;-209,94;0,00;0,00;0,00;-0,21;0,00;0,00;157;105;195;49;27;447;177
6603;20,58;-550,65;0,00;0,00;0,00;-0,55;0,00;0,00;88;36;70;18;38;872;206
6604;51,38;-165,56;0,00;0,00;0,00;-0,17;0,00;0,00;360;17;14;49;26;525;732
6605;73,80;-2,20;0,00;0,00;0,00;-0,00;0,00;0,00;223;126;170;25;27;156;960
6606;58,59;-73,07;0,00;0,00;0,00;-0,07;0,00;0,00;59;184;30;12;34;849;339
6607;8,78;-638,52;0,00;0,00;0,00;-0,64;0,00;0,00;490;178;105;27;25;867;515
6608;58,82;-133,20;0,00;0,00;0,00;-0,13;0,00;0,00;491;167;195;43;23;502;796
6609;25,57;-455,37;0,00;0,00;0,00;-0,46;0,00;0,00;381;116;146;18;29;838;447
6610;57,95;-170,50;0,00;0,00;0,00;-0,17;0,00;0,00;178;124;15;33;35;759;477
6611;10,32;-595,17;0,00;0,00;0,00;-0,60;0,00;0,00;483;186;175;20;29;380;562
6612;48,64;-115,91;0,00;0,00;0,00;-0,12;0,00;0,00;51;81;188;45;33;665;736
6613;49,54;-210,72;0,00;0,00;0,00;-0,21;0,00;0,00;398;16;167;21;28;745;286
6614;52,05;-189,10;0,00;0,00;0,00;-0,19;0,00;0,00;256;109;68;24;19;431;854
6615;64,78;-165,05;0,00;0,00;0,00;-0,17;0,00;0,00;198;177;52;49;27;556;921
6616;63,19;-27,84;0,00;0,00;0,00;-0,03;0,00;0,00;107;100;196;27;32;584;166
6617;28,70;-370,34;0,00;0,00;0,00;-0,37;0,00;0,00;232;100;119;17;33;216;289
6618;67,50;46,86;0,00;0,00;0,00;0,05;0,00;0,00;218;130;91;43;33;599;547
6619;18,61;-560,61;0,00;0,00;0,00;-0,56;0,00;0,00;227;71;33;46;19;717;341
6620;63,76;-0,47;0,00;0,00;0,00;-0,00;0,00;0,00;208;79;137;10;37;928;501
6621;52,01;-138,69;0,00;0,00;0,00;-0,14;0,00;0,00;272;128;118;43;31;713;491
6622;51,25;-213,38;0,00;0,00;0,00;-0,21;0,00;0,00;411;190;29;22;38;447;811
6623;58,73;-82,77;0,00;0,00;0,00;-0,08;0,00;0,00;309;128;85;25;35;467;805
6624;67,97;-64,71;0,00;0,00;0,00;-0,06;0,00;0,00;55;72;180;16;20;210;344
6625;64,88;68,35;0,00;0,00;0,00;0,07;0,00;0,00;441;67;110;26;23;990;539
6626;67,81;-32,87;0,00;0,00;0,00;-0,03;0,00;0,00;273;24;180;42;19;729;462
6627;100,00;252,97;0,00;0,00;0,00;0,25;0,00;0,00;212;27;41;44;22;980;378
6628;64,86;-53,96;0,00;0,00;0,00;-0,05;0,00;0,00;391;175;138;17;23;932;385
6629;66,17;19,85;0,00;0,00;0,00;0,02;0,00;0,00;479;90;123;17;31;847;460
6630;36,75;-396,38;0,00;0,00;0,00;-0,40;0,00;0,00;416;173;60;30;30;592;542
6631;14,94;-518,12;0,00;0,00;0,00;-0,52;0,00;0,00;494;30;36;18;19;586;622
6632;46,65;-298,34;0,00;0,00;0,00;-0,30;0,00;0,00;461;127;92;25;36;923;776
6633;2,18;-689,22;0,00;0,00;0,00;-0,69;0,00;0,00;80;16;154;14;17;706;863
6634;9,66;-600,59;0,00;0,00;0,00;-0,60;0,00;0,00;187;81;80;19;16;133;353
6635;68,23;-68,79;0,00;0,00;0,00;-0,07;0,00;0,00;460;172;42;35;17;805;312
6636;39,62;-332,98;0,00;0,00;0,00;-0,33;0,00;0,00;364;178;124;11;16;429;401
6637;100,00;244,22;0,00;0,00;0,00;0,24;0,00;0,00;64;122;90;20;20;536;666
6638;94,54;327,53;0,00;0,00;0,00;0,33;0,00;0,00;357;106;96;25;28;942;621
6639;100,00;249,15;0,00;0,00;0,00;0,25;0,00;0,00;419;186;171;14;38;209;911
6640;11,99;-544,25;0,00;0,00;0,00;-0,54;0,00;0,00;177;154;189;38;28;150;294
6641;48,16;-176,95;0,00;0,00;0,00;-0,18;0,00;0,00;173;65;151;10;39;143;830
6642;81,12;63,31;0,00;0,00;0,00;0,06;0,00;0,00;121;154;68;30;31;769;356
6643;0,00;-715,40;0,00;0,00;0,00;-0,72;0,00;0,00;278;181;89;43;35;238;268
6644;74,56;140,90;0,00;0,00;0,00;0,14;0,00;0,00;160;150;91;33;35;760;340
6645;47,34;-269,50;0,00;0,00;0,00;-0,27;0,00;0,00;309;70;45;45;37;662;520
6646;64,15;-140,02;0,00;0,00;0,00;-0,14;0,00;0,00;53;45;141;42;15;749;950
6647;64,78;-12,79;0,00;0,00;0,00;-0,01;0,00;0,00;235;179;130;23;35;664;329
6648;20,35;-462,89;0,00;0,00;0,00;-0,46;0,00;0,00;181;20;174;47;17;877;435
6649;60,96;-116,87;0,00;0,00;0,00;-0,12;0,00;0,00;372;151;35;26;22;179;467
6650;29,90;-317,24;0,00;0,00;0,00;-0,32;0,00;0,00;447;102;187;14;30;258;723
6651;77,57;75,11;0,00;0,00;0,00;0,08;0,00;0,00;403;95;196;20;28;315;699
6652;62,68;-34,69;0,00;0,00;0,00;-0,03;0,00;0,00;187;120;55;11;38;142;693
6653;61,22;-108,93;0,00;0,00;0,00;-0,11;0,00;0,00;188;174;74;31;21;699;798
6654;37,57;-307,75;0,00;0,00;0,00;-0,31;0,00;0,00;341;73;176;22;23;722;654
6655;58,34;-64,95;0,00;0,00;0,00;-0,06;0,00;0,00;483;52;137;35;22;910;805
6656;70,95;-63,67;0,00;0,00;0,00;-0,06;0,00;0,00;67;159;165;17;17;907;985
6657;16,43;-485,39;0,00;0,00;0,00;-0,49;0,00;0,00;87;51;118;19;27;744;476
6658;48,95;-227,99;0,00;0,00;0,00;-0,23;0,00;0,00;149;157;156;42;17;141;936
6659;53,42;-227,89;0,00;0,00;0,00;-0,23;0,00;0,00;496;135;94;41;35;651;634
6660;87,79;135,84;0,00;0,00;0,00;0,14;0,00;0,00;24;44;30;12;31;785;287
6661;73,44;-33,16;0,00;0,00;0,00;-0,03;0,00;0,00;203;171;64;46;21;484;796
6662;18,51;-501,39;0,00;0,00;0,00;-0,50;0,00;0,00;306;60;42;34;24;877;260
6663;62,17;-11,87;0,00;0,00;0,00;-0,01;0,00;0,00;194;27;75;28;32;197;941
6664;100,00;320,02;0,00;0,00;0,00;0,32;0,00;0,00;319;70;46;29;29;208;967
6665;64,93;-107,90;0,00;0,00;0,00;-0,11;0,00;0,00;373;31;69;45;27;621;384
6666;71,68;-11,34;0,00;0,00;0,00;-0,01;0,00;0,00;199;197;21;49;19;117;113
6667;41,02;-271,42;0,00;0,00;0,00;-0,27;0,00;0,00;56;182;46;10;24;598;950
6668;66,75;-58,51;0,00;0,00;0,00;-0,06;0,00;0,00;19;189;182;17;23;133;269
6669;57,89;-133,89;0,00;0,00;0,00;-0,13;0,00;0,00;431;36;51;23;16;637;761
6670;51,43;-102,79;0,00;0,00;0,00;-0,10;0,00;0,00;114;85;117;11;24;229;992
6671;46,27;-171,31;0,00;0,00;0,00;-0,17;0,00;0,00;79;55;186;11;37;481;316
6672;14,93;-500,88;0,00;0,00;0,00;-0,50;0,00;0,00;306;110;26;16;26;731;600
6673;78,28;41,86;0,00;0,00;0,00;0,04;0,00;0,00;251;96;164;40;17;730;784
6674;74,41;-95,42;0,00;0,00;0,00;-0,10;0,00;0,00;29;81;120;38;23;548;721
6675;44,30;-289,81;0,00;0,00;0,00;-0,29;0,00;0,00;118;80;187;46;26;198;237
6676;38,49;-344,10;0,00;0,00;0,00;-0,34;0,00;0,00;343;124;134;40;17;158;274
6677;22,09;-462,29;0,00;0,00;0,00;-0,46;0,00;0,00;61;61;136;32;32;354;107
6678;51,71;-151,52;0,00;0,00;0,00;-0,15;0,00;0,00;145;50;126;21;37;380;435
6679;25,74;-454,00;0,00;0,00;0,00;-0,45;0,00;0,00;175;72;118;49;20;947;637
6680;74,70;-23,33;0,00;0,00;0,00;-0,02;0,00;0,00;363;84;106;27;36;914;667
6681;78,05;106,52;0,00;0,00;0,00;0,11;0,00;0,00;440;24;184;35;35;870;248
6682;60,17;17,73;0,00;0,00;0,00;0,02;0,00;0,00;491;104;63;34;39;169;182
6683;100,00;339,55;0,00;0,00;0,00;0,34;0,00;0,00;367;11;46;19;32;183;613
6684;51,53;-227,46;0,00;0,00;0,00;-0,23;0,00;0,00;310;172;195;21;37;638;617
6685;66,72;14,53;0,00;0,00;0,00;0,01;0,00;0,00;274;59;60;44;21;255;178
6686;55,05;-212,32;0,00;0,00;0,00;-0,21;0,00;0,00;497;102;188;27;20;663;404
6687;56,07;-111,52;0,00;0,00;0,00;-0,11;0,00;0,00;252;145;109;40;35;662;576
6688;48,25;-174,70;0,00;0,00;0,00;-0,17;0,00;0,00;55;91;89;27;26;119;235
6689;36,24;-359,60;0,00;0,00;0,00;-0,36;0,00;0,00;52;132;146;25;19;612;409
6690;51,78;-214,60;0,00;0,00;0,00;-0,21;0,00;0,00;154;172;124;12;20;633;392
6691;100,00;335,98;0,00;0,00;0,00;0,34;0,00;0,00;381;96;168;17;37;362;901
6692;50,34;-212,05;0,00;0,00;0,00;-0,21;0,00;0,00;315;97;44;18;20;946;975
6693;95,65;251,09;0,00;0,00;0,00;0,25;0,00;0,00;408;98;42;25;16;162;294
6694;55,81;-110,03;0,00;0,00;0,00;-0,11;0,00;0,00;241;144;20;12;18;714;364
6695;38,68;-352,69;0,00;0,00;0,00;-0,35;0,00;0,00;388;57;141;28;35;634;170
6696;58,13;-191,86;0,00;0,00;0,00;-0,19;0,00;0,00;27;113;33;16;38;687;824
6697;42,51;-277,05;0,00;0,00;0,00;-0,28;0,00;0,00;162;153;158;16;38;416;418
6698;57,87;-123,44;0,00;0,00;0,00;-0,12;0,00;0,00;334;40;174;34;18;855;990
6699;25,58;-460,74;0,00;0,00;0,00;-0,46;0,00;0,00;296;81;87;27;15;441;576
6700;27,57;-442,33;0,00;0,00;0,00;-0,44;0,00;0,00;329;90;78;28;32;300;228
6701;86,35;217,55;0,00;0,00;0,00;0,22;0,00;0,00;463;164;56;18;26;575;730
6702;31,22;-395,31;0,00;0,00;0,00;-0,40;0,00;0,00;471;106;32;21;15;428;132
6703;39,07;-404,51;0,00;0,00;0,00;-0,40;0,00;0,00;150;141;193;21;30;924;643
6704;42,30;-350,24;0,00;0,00;0,00;-0,35;0,00;0,00;107;82;131;24;28;435;634
6705;48,28;-155,17;0,00;0,00;0,00;-0,16;0,00;0,00;332;95;108;15;18;376;473
6706;42,43;-335,21;0,00;0,00;0,00;-0,34;0,00;0,00;250;27;163;28;25;169;956
6707;38,55;-343,98;0,00;0,00;0,00;-0,34;0,00;0,00;315;179;52;12;27;369;829
6708;0,00;-751,29;0,00;0,00;0,00;-0,75;0,00;0,00;470;87;175;43;38;899;403
6709;31,26;-417,38;0,00;0,00;0,00;-0,42;0,00;0,00;17;65;128;21;20;547;794
6710;58,76;-161,90;0,00;0,00;0,00;-0,16;0,00;0,00;276;78;190;11;27;314;667
6711;64,53;0,74;0,00;0,00;0,00;0,00;0,00;0,00;313;41;117;16;16;558;843
6712;67,29;-57,46;0,00;0,00;0,00;-0,06;0,00;0,00;43;47;171;39;18;793;740
6713;0,00;-640,17;0,00;0,00;0,00;-0,64;0,00;0,00;51;137;33;42;24;442;651
6714;52,59;-155,26;0,00;0,00;0,00;-0,16;0,00;0,00;228;97;133;39;27;606;784
6715;11,28;-623,05;0,00;0,00;0,00;-0,62;0,00;0,00;465;30;54;39;20;274;515
6716;73,62;58,49;0,00;0,00;0,00;0,06;0,00;0,00;431;126;138;23;21;455;402
6717;12,22;-607,34;0,00;0,00;0,00;-0,61;0,00;0,00;272;47;23;34;37;191;917
6718;62,69;-88,50;0,00;0,00;0,00;-0,09;0,00;0,00;308;189;26;43;16;668;551
6719;31,80;-379,83;0,00;0,00;0,00;-0,38;0,00;0,00;475;114;152;28;27;735;845
6720;30,30;-314,54;0,00;0,00;0,00;-0,31;0,00;0,00;300;21;18;46;33;465;642
6721;13,47;-614,89;0,00;0,00;0,00;-0,61;0,00;0,00;175;137;144;24;18;644;664
6722;63,40;-41,80;0,00;0,00;0,00;-0,04;0,00;0,00;409;117;179;28;19;651;871
6723;50,12;-159,02;0,00;0,00;0,00;-0,16;0,00;0,00;440;191;46;22;17;264;810
6724;32,97;-396,99;0,00;0,00;0,00;-0,40;0,00;0,00;406;11;147;36;19;516;326
6725;100,00;233,70;0,00;0,00;0,00;0,23;0,00;0,00;485;113;170;24;25;330;801
6726;57,10;-155,63;0,00;0,00;0,00;-0,16;0,00;0,00;69;106;165;25;28;468;739
6727;78,46;24,32;0,00;0,00;0,00;0,02;0,00;0,00;330;28;155;36;36;948;970
6728;29,29;-437,69;0,00;0,00;0,00;-0,44;0,00;0,00;378;189;38;14;26;908;978
6729;74,06;24,47;0,00;0,00;0,00;0,02;0,00;0,00;115;80;162;18;17;597;484
6730;81,61;134,97;0,00;0,00;0,00;0,13;0,00;0,00;198;100;158;24;30;484;239
6731;20,91;-507,36;0,00;0,00;0,00;-0,51;0,00;0,00;343;190;181;33;26;888;617
6732;23,91;-532,89;0,00;0,00;0,00;-0,53;0,00;0,00;141;163;53;37;23;606;958
6733;62,91;-40,28;0,00;0,00;0,00;-0,04;0,00;0,00;344;128;49;49;28;633;284
6734;56,27;-96,02;0,00;0,00;0,00;-0,10;0,00;0,00;259;64;130;38;38;867;466
6735;48,83;-109,15;0,00;0,00;0,00;-0,11;0,00;0,00;414;46;90;35;24;995;520
6736;62,33;-165,84;0,00;0,00;0,00;-0,17;0,00;0,00;145;94;53;47;25;633;487
6737;76,89;214,03;0,00;0,00;0,00;0,21;0,00;0,00;348;114;166;34;30;661;962
6738;24,37;-528,74;0,00;0,00;0,00;-0,53;0,00;0,00;470;43;138;34;25;416;115
6739;69,99;42,68;0,00;0,00;0,00;0,04;0,00;0,00;173;22;151;48;36;518;573
6740;79,46;70,33;0,00;0,00;0,00;0,07;0,00;0,00;335;40;179;24;32;896;885
6741;41,14;-296,70;0,00;0,00;0,00;-0,30;0,00;0,00;113;157;159;23;31;772;589
6742;59,23;-122,93;0,00;0,00;0,00;-0,12;0,00;0,00;318;69;30;38;20;289;657
6743;60,98;-56,36;0,00;0,00;0,00;-0,06;0,00;0,00;304;13;98;40;15;945;291
6744;24,90;-518,11;0,00;0,00;0,00;-0,52;0,00;0,00;349;125;101;35;33;924;236
6745;23,94;-450,75;0,00;0,00;0,00;-0,45;0,00;0,00;189;52;159;49;27;455;664
6746;9,00;-510,67;0,00;0,00;0,00;-0,51;0,00;0,00;297;181;74;10;29;323;875
6747;41,54;-282,34;0,00;0,00;0,00;-0,28;0,00;0,00;417;160;70;20;26;376;716
6748;70,89;62,98;0,00;0,00;0,00;0,06;0,00;0,00;93;162;124;22;15;582;837
6749;16,15;-528,34;0,00;0,00;0,00;-0,53;0,00;0,00;317;163;45;48;36;344;504
6750;54,53;-175,70;0,00;0,00;0,00;-0,18;0,00;0,00;333;119;23;24;38;648;406
6751;51,30;-76,05;0,00;0,00;0,00;-0,08;0,00;0,00;412;158;124;19;31;804;842
6752;61,74;-78,48;0,00;0,00;0,00;-0,08;0,00;0,00;132;100;39;27;34;150;443
6753;41,49;-291,30;0,00;0,00;0,00;-0,29;0,00;0,00;98;136;143;46;38;628;124
6754;39,69;-292,44;0,00;0,00;0,00;-0,29;0,00;0,00;357;90;68;27;15;468;360
6755;22,76;-471,38;0,00;0,00;0,00;-0,47;0,00;0,00;174;134;76;24;39;939;383
6756;30,69;-397,65;0,00;0,00;0,00;-0,40;0,00;0,00;450;162;19;35;27;197;189
6757;73,14;17,06;0,00;0,00;0,00;0,02;0,00;0,00;141;87;124;42;32;387;538
6758;7,54;-580,84;0,00;0,00;0,00;-0,58;0,00;0,00;354;25;132;46;28;503;181
6759;67,08;24,59;0,00;0,00;0,00;0,02;0,00;0,00;223;36;169;32;28;421;701
6760;22,14;-489,87;0,00;0,00;0,00;-0,49;0,00;0,00;451;192;197;34;34;526;942
6761;68,45;-32,08;0,00;0,00;0,00;-0,03;0,00;0,00;10;78;69;24;34;346;413
6762;57,98;-112,35;0,00;0,00;0,00;-0,11;0,00;0,00;362;160;27;46;22;912;148
6763;58,72;-88,18;0,00;0,00;0,00;-0,09;0,00;0,00;270;108;122;30;29;179;877
6764;27,03;-458,77;0,00;0,00;0,00;-0,46;0,00;0,00;10;57;18;36;31;348;455
6765;53,53;-109,97;0,00;0,00;0,00;-0,11;0,00;0,00;381;90;120;24;27;133;325
6766;34,54;-337,15;0,00;0,00;0,00;-0,34;0,00;0,00;431;59;10;23;31;582;659
6767;46,87;-283,72;0,00;0,00;0,00;-0,28;0,00;0,00;375;187;122;31;26;198;743
6768;81,38;139,26;0,00;0,00;0,00;0,14;0,00;0,00;87;54;46;32;30;943;377
6769;38,31;-318,27;0,00;0,00;0,00;-0,32;0,00;0,00;445;156;13;38;36;640;601
6770;30,30;-433,55;0,00;0,00;0,00;-0,43;0,00;0,00;408;116;147;46;32;848;666
6771;11,79;-606,67;0,00;0,00;0,00;-0,61;0,00;0,00;127;156;36;19;17;737;576
6772;62,13;-18,45;0,00;0,00;0,00;-0,02;0,00;0,00;310;85;128;24;35;445;611
6773;64,58;-96,99;0,00;0,00;0,00;-0,10;0,00;0,00;150;25;112;15;21;211;123
6774;30,58;-433,19;0,00;0,00;0,00;-0,43;0,00;0,00;431;16;79;29;33;595;631
6775;25,81;-388,75;0,00;0,00;0,00;-0,39;0,00;0,00;340;50;113;25;17;630;517
6776;68,89;31,57;0,00;0,00;0,00;0,03;0,00;0,00;271;56;157;47;26;886;440
6777;61,19;-4,85;0,00;0,00;0,00;-0,00;0,00;0,00;77;114;134;30;34;202;630
6778;19,52;-480,99;0,00;0,00;0,00;-0,48;0,00;0,00;439;188;62;39;17;586;996
6779;65,98;-40,11;0,00;0,00;0,00;-0,04;0,00;0,00;217;146;95;11;21;815;762
6780;42,11;-293,93;0,00;0,00;0,00;-0,29;0,00;0,00;89;71;77;38;25;642;129
6781;40,21;-277,05;0,00;0,00;0,00;-0,28;0,00;0,00;260;74;97;42;24;178;828
6782;94,26;276,64;0,00;0,00;0,00;0,28;0,00;0,00;194;145;86;28;22;220;722
6783;74,10;67,36;0,00;0,00;0,00;0,07;0,00;0,00;173;84;51;13;33;482;877
6784;51,63;-144,41;0,00;0,00;0,00;-0,14;0,00;0,00;173;115;12;38;31;219;435
6785;49,35;-197,13;0,00;0,00;0,00;-0,20;0,00;0,00;352;115;49;20;33;197;370
6786;20,93;-469,41;0,00;0,00;0,00;-0,47;0,00;0,00;430;163;11;39;20;159;462
6787;56,16;-122,21;0,00;0,00;0,00;-0,12;0,00;0,00;86;111;148;29;22;961;515
6788;38,64;-297,45;0,00;0,00;0,00;-0,30;0,00;0,00;51;113;37;12;34;903;120
6789;79,25;51,31;0,00;0,00;0,00;0,05;0,00;0,00;196;121;183;17;38;975;901
6790;58,71;-75,32;0,00;0,00;0,00;-0,08;0,00;0,00;176;79;74;31;32;515;669
6791;37,50;-332,65;0,00;0,00;0,00;-0,33;0,00;0,00;439;147;109;49;22;562;898
6792;57,27;-176,80;0,00;0,00;0,00;-0,18;0,00;0,00;446;145;67;10;24;182;757
6793;62,41;-81,73;0,00;0,00;0,00;-0,08;0,00;0,00;352;191;196;43;39;159;901
6794;95,25;272,05;0,00;0,00;0,00;0,27;0,00;0,00;478;124;138;47;28;101;958
6795;23,94;-498,84;0,00;0,00;0,00;-0,50;0,00;0,00;216;114;27;20;29;181;352
6796;52,43;-108,93;0,00;0,00;0,00;-0,11;0,00;0,00;280;38;123;16;15;582;274
6797;63,97;-56,14;0,00;0,00;0,00;-0,06;0,00;0,00;147;167;86;10;15;130;978
6798;67,05;-151,05;0,00;0,00;0,00;-0,15;0,00;0,00;489;18;136;10;36;376;484
6799;52,97;-121,13;0,00;0,00;0,00;-0,12;0,00;0,00;115;198;42;47;23;540;466
6800;100,00;339,46;0,00;0,00;0,00;0,34;0,00;0,00;405;66;173;49;21;652;388
6801;65,39;-65,60;0,00;0,00;0,00;-0,07;0,00;0,00;65;22;184;49;35;395;620
6802;31,92;-372,75;0,00;0,00;0,00;-0,37;0,00;0,00;326;76;29;26;37;477;475
6803;12,29;-555,41;0,00;0,00;0,00;-0,56;0,00;0,00;301;169;92;45;38;971;690
6804;61,40;-92,55;0,00;0,00;0,00;-0,09;0,00;0,00;295;63;172;23;26;340;231
6805;41,44;-280,74;0,00;0,00;0,00;-0,28;0,00;0,00;463;135;24;21;28;606;483
6806;60,46;-64,71;0,00;0,00;0,00;-0,06;0,00;0,00;243;116;157;28;38;977;932
6807;35,09;-354,95;0,00;0,00;0,00;-0,35;0,00;0,00;310;174;91;46;24;474;553
6808;0,00;-706,25;0,00;0,00;0,00;-0,71;0,00;0,00;392;100;46;22;15;335;334
6809;53,15;-171,83;0,00;0,00;0,00;-0,17;0,00;0,00;238;62;58;18;17;589;555
6810;35,91;-286,67;0,00;0,00;0,00;-0,29;0,00;0,00;461;182;99;15;27;500;553
6811;26,86;-418,91;0,00;0,00;0,00;-0,42;0,00;0,00;324;82;153;10;33;166;499
6812;67,42;-13,84;0,00;0,00;0,00;-0,01;0,00;0,00;254;102;47;33;39;157;250
6813;53,30;-232,19;0,00;0,00;0,00;-0,23;0,00;0,00;228;30;167;23;20;533;257
6814;53,56;-266,31;0,00;0,00;0,00;-0,27;0,00;0,00;115;112;155;30;37;369;699
6815;88,42;279,61;0,00;0,00;0,00;0,28;0,00;0,00;218;55;72;49;28;965;317
6816;37,29;-279,28;0,00;0,00;0,00;-0,28;0,00;0,00;125;134;30;42;29;115;360
6817;12,14;-598,05;0,00;0,00;0,00;-0,60;0,00;0,00;319;102;111;24;18;694;304
6818;36,07;-220,34;0,00;0,00;0,00;-0,22;0,00;0,00;77;151;10;26;21;896;455
6819;95,09;265,58;0,00;0,00;0,00;0,27;0,00;0,00;238;36;188;31;15;893;886
6820;44,75;-249,04;0,00;0,00;0,00;-0,25;0,00;0,00;100;143;93;41;36;219;493
6821;88,89;139,53;0,00;0,00;0,00;0,14;0,00;0,00;469;159;80;16;19;359;175
6822;28,65;-446,74;0,00;0,00;0,00;-0,45;0,00;0,00;183;198;54;18;39;956;745
6823;87,03;189,20;0,00;0,00;0,00;0,19;0,00;0,00;430;114;27;23;34;358;349
6824;81,18;187,08;0,00;0,00;0,00;0,19;0,00;0,00;314;139;132;13;29;348;152
6825;72,67;34,22;0,00;0,00;0,00;0,03;0,00;0,00;399;30;192;13;28;954;304
6826;54,38;-205,54;0,00;0,00;0,00;-0,21;0,00;0,00;21;75;91;23;38;272;808
6827;65,41;-120,25;0,00;0,00;0,00;-0,12;0,00;0,00;431;39;193;22;25;967;224
6828;60,84;-75,82;0,00;0,00;0,00;-0,08;0,00;0,00;393;179;178;38;17;511;250
6829;11,52;-670,36;0,00;0,00;0,00;-0,67;0,00;0,00;358;113;129;11;29;926;158
6830;45,85;-234,10;0,00;0,00;0,00;-0,23;0,00;0,00;184;158;58;46;37;224;981
6831;41,93;-313,73;0,00;0,00;0,00;-0,31;0,00;0,00;157;136;128;14;35;993;171
6832;45,96;-308,67;0,00;0,00;0,00;-0,31;0,00;0,00;303;105;95;31;19;798;886
6833;27,91;-398,01;0,00;0,00;0,00;-0,40;0,00;0,00;66;58;148;49;17;640;132
6834;48,09;-203,56;0,00;0,00;0,00;-0,20;0,00;0,00;449;121;150;14;16;475;449
6835;44,68;-338,07;0,00;0,00;0,00;-0,34;0,00;0,00;433;32;121;13;36;448;319
6836;45,82;-268,65;0,00;0,00;0,00;-0,27;0,00;0,00;279;174;66;16;23;381;859
6837;71,75;0,89;0,00;0,00;0,00;0,00;0,00;0,00;305;39;33;40;19;993;421
6838;72,27;116,01;0,00;0,00;0,00;0,12;0,00;0,00;206;150;20;11;29;843;909
6839;39,73;-234,47;0,00;0,00;0,00;-0,23;0,00;0,00;452;147;190;43;23;460;382
6840;80,92;144,62;0,00;0,00;0,00;0,14;0,00;0,00;429;56;121;20;30;613;419
6841;98,98;289,93;0,00;0,00;0,00;0,29;0,00;0,00;379;100;130;23;37;200;311
6842;32,39;-281,51;0,00;0,00;0,00;-0,28;0,00;0,00;414;102;161;38;21;212;637
6843;31,44;-387,69;0,00;0,00;0,00;-0,39;0,00;0,00;248;167;28;36;16;169;145
6844;36,85;-382,11;0,00;0,00;0,00;-0,38;0,00;0,00;118;66;63;27;21;255;444
6845;26,27;-433,90;0,00;0,00;0,00;-0,43;0,00;0,00;486;40;84;38;30;266;220
6846;37,00;-368,69;0,00;0,00;0,00;-0,37;0,00;0,00;347;80;77;22;37;581;110
6847;78,77;80,68;0,00;0,00;0,00;0,08;0,00;0,00;452;131;189;39;33;474;978
6848;81,81;77,99;0,00;0,00;0,00;0,08;0,00;0,00;456;49;47;25;35;239;926
6849;60,55;-108,33;0,00;0,00;0,00;-0,11;0,00;0,00;311;187;168;24;16;953;607
6850;59,49;-144,11;0,00;0,00;0,00;-0,14;0,00;0,00;17;123;143;43;34;254;478
6851;65,33;-69,40;0,00;0,00;0,00;-0,07;0,00;0,00;192;107;40;35;39;787;889
6852;28,74;-318,51;0,00;0,00;0,00;-0,32;0,00;0,00;262;45;163;41;20;976;111
6853;63,56;51,44;0,00;0,00;0,00;0,05;0,00;0,00;49;143;95;28;26;690;387
6854;61,38;-129,00;0,00;0,00;0,00;-0,13;0,00;0,00;475;132;36;48;28;107;743
6855;32,31;-337,67;0,00;0,00;0,00;-0,34;0,00;0,00;412;160;43;46;29;700;314
6856;44,05;-289,02;0,00;0,00;0,00;-0,29;0,00;0,00;276;84;128;20;32;906;194
6857;54,76;-160,94;0,00;0,00;0,00;-0,16;0,00;0,00;138;144;51;10;27;869;305
6858;43,28;-227,24;0,00;0,00;0,00;-0,23;0,00;0,00;321;35;89;49;31;993;655
6859;71,15;11,69;0,00;0,00;0,00;0,01;0,00;0,00;197;128;62;16;21;509;599
6860;42,14;-236,72;0,00;0,00;0,00;-0,24;0,00;0,00;92;74;63;39;22;138;992
6861;9,37;-564,13;0,00;0,00;0,00;-0,56;0,00;0,00;415;89;191;31;39;573;536
6862;57,22;-52,68;0,00;0,00;0,00;-0,05;0,00;0,00;253;54;36;34;31;492;208
6863;80,09;86,77;0,00;0,00;0,00;0,09;0,00;0,00;249;33;65;30;33;998;567
6864;95,65;205,08;0,00;0,00;0,00;0,21;0,00;0,00;269;131;120;33;18;514;176
6865;71,34;10,63;0,00;0,00;0,00;0,01;0,00;0,00;172;79;197;30;37;596;835
6866;39,18;-257,30;0,00;0,00;0,00;-0,26;0,00;0,00;232;61;175;39;31;708;100
6867;83,14;82,88;0,00;0,00;0,00;0,08;0,00;0,00;350;170;66;14;36;195;225
6868;0,00;-728,16;0,00;0,00;0,00;-0,73;0,00;0,00;326;59;172;17;34;384;687
6869;25,70;-423,28;0,00;0,00;0,00;-0,42;0,00;0,00;98;104;107;40;33;344;784
6870;59,42;-46,21;0,00;0,00;0,00;-0,05;0,00;0,00;354;115;77;47;22;906;505
6871;71,18;-24,20;0,00;0,00;0,00;-0,02;0,00;0,00;434;159;177;36;31;930;554
6872;34,74;-341,70;0,00;0,00;0,00;-0,34;0,00;0,00;131;129;190;24;17;927;685
6873;37,27;-260,69;0,00;0,00;0,00;-0,26;0,00;0,00;103;126;137;15;19;221;794
6874;59,66;-140,02;0,00;0,00;0,00;-0,14;0,00;0,00;35;144;26;27;25;927;371
6875;61,64;-43,20;0,00;0,00;0,00;-0,04;0,00;0,00;454;46;129;47;30;693;983
6876;28,79;-499,83;0,00;0,00;0,00;-0,50;0,00;0,00;207;73;49;30;33;497;125
6877;57,93;-122,45;0,00;0,00;0,00;-0,12;0,00;0,00;496;182;40;22;23;704;536
6878;51,85;-114,39;0,00;0,00;0,00;-0,11;0,00;0,00;111;161;158;26;23;151;635
6879;38,05;-329,49;0,00;0,00;0,00;-0,33;0,00;0,00;366;189;137;39;37;216;773
6880;85,47;154,39;0,00;0,00;0,00;0,15;0,00;0,00;437;144;178;19;23;464;263
6881;47,76;-197,62;0,00;0,00;0,00;-0,20;0,00;0,00;369;153;132;11;19;669;586
6882;75,78;69,60;0,00;0,00;0,00;0,07;0,00;0,00;73;88;149;18;34;577;269
6883;93,71;223,99;0,00;0,00;0,00;0,22;0,00;0,00;458;158;43;10;35;211;732
6884;54,29;-158,44;0,00;0,00;0,00;-0,16;0,00;0,00;162;154;111;20;34;394;135
6885;12,37;-561,94;0,00;0,00;0,00;-0,56;0,00;0,00;375;195;152;24;26;768;634
6886;83,12;118,82;0,00;0,00;0,00;0,12;0,00;0,00;169;183;52;13;19;341;348
6887;37,72;-317,64;0,00;0,00;0,00;-0,32;0,00;0,00;47;128;123;33;19;779;632
6888;55,18;-111,62;0,00;0,00;0,00;-0,11;0,00;0,00;165;131;61;41;35;780;477
6889;46,84;-235,29;0,00;0,00;0,00;-0,24;0,00;0,00;487;139;182;41;32;995;874
6890;42,48;-285,95;0,00;0,00;0,00;-0,29;0,00;0,00;253;143;30;31;24;404;565
6891;29,26;-404,96;0,00;0,00;0,00;-0,40;0,00;0,00;162;100;150;36;26;611;935
6892;68,13;-37,43;0,00;0,00;0,00;-0,04;0,00;0,00;117;196;33;12;18;700;522
6893;81,33;131,78;0,00;0,00;0,00;0,13;0,00;0,00;246;34;47;23;25;973;320
6894;42,05;-313,01;0,00;0,00;0,00;-0,31;0,00;0,00;262;119;174;37;23;144;810
6895;98,77;367,12;0,00;0,00;0,00;0,37;0,00;0,00;168;166;172;27;39;814;592
6896;26,61;-457,15;0,00;0,00;0,00;-0,46;0,00;0,00;201;48;69;37;23;864;869
6897;31,65;-337,25;0,00;0,00;0,00;-0,34;0,00;0,00;310;94;67;41;28;947;292
6898;61,53;-47,77;0,00;0,00;0,00;-0,05;0,00;0,00;28;153;119;15;33;783;440
6899;59,52;-86,31;0,00;0,00;0,00;-0,09;0,00;0,00;204;98;152;12;22;106;486
6900;35,15;-404,45;0,00;0,00;0,00;-0,40;0,00;0,00;459;194;106;49;31;797;444
6901;82,42;178,33;0,00;0,00;0,00;0,18;0,00;0,00;224;133;107;19;38;694;763
6902;31,47;-361,26;0,00;0,00;0,00;-0,36;0,00;0,00;28;54;140;19;36;357;545
6903;92,11;208,88;0,00;0,00;0,00;0,21;0,00;0,00;60;43;194;35;15;750;942
6904;25,47;-466,54;0,00;0,00;0,00;-0,47;0,00;0,00;287;165;33;17;19;508;965
6905;78,95;78,16;0,00;0,00;0,00;0,08;0,00;0,00;281;36;139;24;16;846;815
6906;70,33;-17,41;0,00;0,00;0,00;-0,02;0,00;0,00;275;61;149;33;39;783;129
6907;53,92;-266,29;0,00;0,00;0,00;-0,27;0,00;0,00;215;195;54;23;28;512;195
6908;44,73;-248,25;0,00;0,00;0,00;-0,25;0,00;0,00;275;179;40;38;39;437;175
6909;15,81;-516,77;0,00;0,00;0,00;-0,52;0,00;0,00;363;83;169;39;24;267;775
6910;43,32;-253,72;0,00;0,00;0,00;-0,25;0,00;0,00;191;76;43;10;33;620;642
6911;20,60;-443,60;0,00;0,00;0,00;-0,44;0,00;0,00;346;39;126;43;30;993;594
6912;62,16;-72,87;0,00;0,00;0,00;-0,07;0,00;0,00;113;178;27;18;19;883;867
6913;45,99;-186,77;0,00;0,00;0,00;-0,19;0,00;0,00;222;172;54;43;17;251;276
6914;34,23;-382,53;0,00;0,00;0,00;-0,38;0,00;0,00;339;78;128;21;24;695;596
6915;52,28;-212,99;0,00;0,00;0,00;-0,21;0,00;0,00;251;36;33;16;21;501;582
6916;60,70;-88,36;0,00;0,00;0,00;-0,09;0,00;0,00;494;53;144;38;24;198;821
6917;75,21;67,49;0,00;0,00;0,00;0,07;0,00;0,00;467;59;197;42;29;312;465
6918;40,67;-240,74;0,00;0,00;0,00;-0,24;0,00;0,00;144;187;143;15;20;814;651
6919;65,67;18,01;0,00;0,00;0,00;0,02;0,00;0,00;203;181;108;10;15;103;849
6920;53,37;-192,55;0,00;0,00;0,00;-0,19;0,00;0,00;461;42;147;49;33;376;466
6921;23,01;-550,69;0,00;0,00;0,00;-0,55;0,00;0,00;311;24;182;15;36;900;483
6922;55,00;-89,90;0,00;0,00;0,00;-0,09;0,00;0,00;244;97;37;49;39;526;879
6923;12,88;-446,59;0,00;0,00;0,00;-0,45;0,00;0,00;432;48;123;39;34;149;996
6924;79,42;89,35;0,00;0,00;0,00;0,09;0,00;0,00;263;78;139;40;15;219;795
6925;36,69;-294,76;0,00;0,00;0,00;-0,29;0,00;0,00;53;107;144;38;32;103;968
6926;48,35;-195,12;0,00;0,00;0,00;-0,20;0,00;0,00;120;100;42;35;27;682;366
6927;100,00;306,35;0,00;0,00;0,00;0,31;0,00;0,00;411;124;61;15;18;951;674
6928;69,92;-0,20;0,00;0,00;0,00;-0,00;0,00;0,00;280;163;83;23;39;976;238
6929;47,18;-152,38;0,00;0,00;0,00;-0,15;0,00;0,00;425;177;124;18;36;823;457
6930;100,00;321,89;0,00;0,00;0,00;0,32;0,00;0,00;258;59;50;40;39;750;218
6931;85,94;146,29;0,00;0,00;0,00;0,15;0,00;0,00;482;91;170;46;17;263;328
6932;53,30;-176,81;0,00;0,00;0,00;-0,18;0,00;0,00;389;70;170;14;32;872;951
6933;32,53;-408,36;0,00;0,00;0,00;-0,41;0,00;0,00;46;46;23;41;16;314;320
6934;42,03;-277,97;0,00;0,00;0,00;-0,28;0,00;0,00;91;72;42;27;19;784;872
6935;29,38;-451,45;0,00;0,00;0,00;-0,45;0,00;0,00;227;105;73;49;32;329;582
6936;57,31;-97,61;0,00;0,00;0,00;-0,10;0,00;0,00;475;168;169;45;32;124;939
6937;68,91;7,92;0,00;0,00;0,00;0,01;0,00;0,00;320;140;23;19;28;929;406
6938;59,88;-79,42;0,00;0,00;0,00;-0,08;0,00;0,00;222;118;190;19;28;891;472
6939;35,26;-367,02;0,00;0,00;0,00;-0,37;0,00;0,00;25;60;31;34;38;400;639
6940;57,45;-76,48;0,00;0,00;0,00;-0,08;0,00;0,00;216;138;74;39;20;853;797
6941;1,59;-759,31;0,00;0,00;0,00;-0,76;0,00;0,00;61;146;115;35;27;588;255
6942;54,80;-225,12;0,00;0,00;0,00;-0,23;0,00;0,00;66;191;35;12;24;117;890
6943;78,28;57,02;0,00;0,00;0,00;0,06;0,00;0,00;440;178;72;25;26;788;623
6944;43,82;-302,91;0,00;0,00;0,00;-0,30;0,00;0,00;137;175;59;39;25;524;962
6945;89,18;157,68;0,00;0,00;0,00;0,16;0,00;0,00;159;27;116;44;16;686;722
6946;17,02;-512,62;0,00;0,00;0,00;-0,51;0,00;0,00;417;127;117;33;20;690;283
6947;67,21;-17,85;0,00;0,00;0,00;-0,02;0,00;0,00;271;12;57;23;36;849;151
6948;63,06;-117,47;0,00;0,00;0,00;-0,12;0,00;0,00;277;53;102;46;28;174;450
6949;56,26;-127,51;0,00;0,00;0,00;-0,13;0,00;0,00;273;120;159;16;39;200;912
6950;79,46;105,60;0,00;0,00;0,00;0,11;0,00;0,00;102;57;119;10;35;332;301
6951;38,88;-252,13;0,00;0,00;0,00;-0,25;0,00;0,00;109;159;188;11;19;361;279
6952;42,20;-203,34;0,00;0,00;0,00;-0,20;0,00;0,00;397;156;56;39;21;407;316
6953;70,67;-5,07;0,00;0,00;0,00;-0,01;0,00;0,00;457;154;155;12;39;901;435
6954;67,13;-29,63;0,00;0,00;0,00;-0,03;0,00;0,00;236;172;27;21;33;391;571
6955;43,77;-232,92;0,00;0,00;0,00;-0,23;0,00;0,00;151;23;148;47;35;408;505
6956;52,80;-160,88;0,00;0,00;0,00;-0,16;0,00;0,00;275;87;154;47;26;310;192
6957;80,24;79,91;0,00;0,00;0,00;0,08;0,00;0,00;440;16;123;16;27;139;267
6958;51,32;-274,62;0,00;0,00;0,00;-0,27;0,00;0,00;290;38;120;35;23;911;263
6959;23,07;-484,66;0,00;0,00;0,00;-0,48;0,00;0,00;463;154;188;43;16;789;617
6960;27,55;-348,04;0,00;0,00;0,00;-0,35;0,00;0,00;181;128;13;31;38;299;879
6961;30,13;-452,55;0,00;0,00;0,00;-0,45;0,00;0,00;249;38;41;18;34;379;713
6962;46,18;-290,87;0,00;0,00;0,00;-0,29;0,00;0,00;104;135;155;42;23;191;390
6963;82,84;157,10;0,00;0,00;0,00;0,16;0,00;0,00;210;199;191;24;22;212;938
6964;77,43;72,37;0,00;0,00;0,00;0,07;0,00;0,00;26;161;106;47;28;426;596
6965;21,65;-416,89;0,00;0,00;0,00;-0,42;0,00;0,00;454;143;139;45;30;685;101
6966;7,58;-568,25;0,00;0,00;0,00;-0,57;0,00;0,00;165;84;138;48;29;914;636
6967;0,00;-784,77;0,00;0,00;0,00;-0,78;0,00;0,00;279;179;141;37;17;561;538
6968;34,21;-346,67;0,00;0,00;0,00;-0,35;0,00;0,00;75;138;183;19;29;110;901
6969;55,94;-133,67;0,00;0,00;0,00;-0,13;0,00;0,00;138;35;111;11;24;161;993
6970;67,10;-4,73;0,00;0,00;0,00;-0,00;0,00;0,00;210;108;117;32;31;969;600
6971;42,33;-288,16;0,00;0,00;0,00;-0,29;0,00;0,00;472;67;85;16;26;497;360
6972;21,74;-576,56;0,00;0,00;0,00;-0,58;0,00;0,00;457;170;182;15;34;191;644
6973;34,55;-364,89;0,00;0,00;0,00;-0,36;0,00;0,00;95;121;43;46;25;115;991
6974;33,61;-312,34;0,00;0,00;0,00;-0,31;0,00;0,00;171;10;62;13;16;160;642
6975;73,49;-47,30;0,00;0,00;0,00;-0,05;0,00;0,00;320;121;10;19;24;941;168
6976;65,31;-32,58;0,00;0,00;0,00;-0,03;0,00;0,00;96;125;197;37;39;942;322
6977;65,17;-36,91;0,00;0,00;0,00;-0,04;0,00;0,00;245;128;31;36;25;770;227
6978;60,14;-144,60;0,00;0,00;0,00;-0,14;0,00;0,00;251;186;23;26;33;277;996
6979;49,94;-148,23;0,00;0,00;0,00;-0,15;0,00;0,00;190;115;147;22;23;206;252
6980;48,90;-258,91;0,00;0,00;0,00;-0,26;0,00;0,00;84;58;32;43;19;389;993
6981;33,83;-412,86;0,00;0,00;0,00;-0,41;0,00;0,00;442;159;135;17;35;566;513
6982;12,56;-598,61;0,00;0,00;0,00;-0,60;0,00;0,00;51;48;193;44;30;223;134
6983;66,90;-60,83;0,00;0,00;0,00;-0,06;0,00;0,00;82;119;57;30;32;858;898
6984;76,98;7,49;0,00;0,00;0,00;0,01;0,00;0,00;338;110;191;36;15;818;654
6985;57,56;-167,98;0,00;0,00;0,00;-0,17;0,00;0,00;41;55;149;44;32;881;763
6986;32,66;-333,22;0,00;0,00;0,00;-0,33;0,00;0,00;369;56;100;15;38;531;424
6987;63,82;-49,26;0,00;0,00;0,00;-0,05;0,00;0,00;15;79;46;38;31;959;900
6988;54,88;-94,26;0,00;0,00;0,00;-0,09;0,00;0,00;408;60;10;46;19;800;581
6989;40,79;-289,90;0,00;0,00;0,00;-0,29;0,00;0,00;379;143;77;31;23;762;435
6990;100,00;304,59;0,00;0,00;0,00;0,30;0,00;0,00;108;65;177;41;21;181;341
6991;47,34;-132,01;0,00;0,00;0,00;-0,13;0,00;0,00;190;106;77;33;38;934;222
6992;62,83;-62,03;0,00;0,00;0,00;-0,06;0,00;0,00;25;156;47;19;16;525;641
6993;49,42;-304,29;0,00;0,00;0,00;-0,30;0,00;0,00;303;178;181;43;20;921;186
6994;22,90;-376,88;0,00;0,00;0,00;-0,38;0,00;0,00;380;135;165;18;17;308;772
6995;5,71;-698,02;0,00;0,00;0,00;-0,70;0,00;0,00;113;143;10;37;24;256;135
6996;54,31;-163,09;0,00;0,00;0,00;-0,16;0,00;0,00;25;115;21;34;26;570;574
6997;55,07;-153,97;0,00;0,00;0,00;-0,15;0,00;0,00;258;88;40;26;18;609;724
6998;35,54;-369,75;0,00;0,00;0,00;-0,37;0,00;0,00;108;192;58;21;16;911;579
6999;61,98;-116,08;0,00;0,00;0,00;-0,12;0,00;0,00;96;172;55;37;15;462;992
7000;26,90;-431,98;0,00;0,00;0,00;-0,43;0,00;0,00;463;73;77;45;37;955;456
7001;47,02;-204,84;0,00;0,00;0,00;-0,20;0,00;0,00;450;34;166;12;22;116;678
7002;41,28;-241,63;0,00;0,00;0,00;-0,24;0,00;0,00;165;84;89;20;19;355;329
7003;73,09;84,22;0,00;0,00;0,00;0,08;0,00;0,00;168;58;32;39;29;602;907
7004;49,39;-192,69;0,00;0,00;0,00;-0,19;0,00;0,00;25;109;189;17;33;182;239
7005;23,95;-466,37;0,00;0,00;0,00;-0,47;0,00;0,00;345;128;113;13;34;318;186
7006;25,15;-459,51;0,00;0,00;0,00;-0,46;0,00;0,00;186;150;167;39;25;345;986
7007;59,83;-15,21;0,00;0,00;0,00;-0,02;0,00;0,00;346;132;46;43;32;888;129
7008;32,74;-351,54;0,00;0,00;0,00;-0,35;0,00;0,00;124;89;18;26;28;862;804
7009;20,99;-384,72;0,00;0,00;0,00;-0,38;0,00;0,00;39;87;166;24;27;575;253
7010;64,15;-162,36;0,00;0,00;0,00;-0,16;0,00;0,00;374;177;16;17;27;343;201
7011;98,45;258,71;0,00;0,00;0,00;0,26;0,00;0,00;408;30;95;14;17;322;964
7012;38,04;-381,98;0,00;0,00;0,00;-0,38;0,00;0,00;379;54;87;39;15;177;976
7013;66,92;-11,12;0,00;0,00;0,00;-0,01;0,00;0,00;204;80;10;43;38;338;400
7014;80,49;137,28;0,00;0,00;0,00;0,14;0,00;0,00;361;80;168;46;29;604;992
7015;35,70;-315,88;0,00;0,00;0,00;-0,32;0,00;0,00;445;133;66;16;23;778;978
7016;8,22;-627,03;0,00;0,00;0,00;-0,63;0,00;0,00;306;88;122;34;19;631;619
7017;0,00;-638,40;0,00;0,00;0,00;-0,64;0,00;0,00;43;189;142;37;26;738;590
7018;37,43;-343,38;0,00;0,00;0,00;-0,34;0,00;0,00;239;44;42;22;17;803;295
7019;69,19;-44,91;0,00;0,00;0,00;-0,04;0,00;0,00;424;142;93;11;38;256;948
7020;2,14;-627,87;0,00;0,00;0,00;-0,63;0,00;0,00;358;70;98;23;28;709;225
7021;53,93;-169,02;0,00;0,00;0,00;-0,17;0,00;0,00;11;141;46;39;15;646;407
7022;42,72;-290,48;0,00;0,00;0,00;-0,29;0,00;0,00;287;84;196;27;38;340;742
7023;30,11;-450,50;0,00;0,00;0,00;-0,45;0,00;0,00;429;15;11;28;25;580;117
7024;38,80;-326,76;0,00;0,00;0,00;-0,33;0,00;0,00;97;137;179;45;32;551;471
7025;68,13;-48,98;0,00;0,00;0,00;-0,05;0,00;0,00;356;164;154;24;37;964;906
7026;26,27;-362,74;0,00;0,00;0,00;-0,36;0,00;0,00;291;104;76;12;37;356;835
7027;29,86;-441,34;0,00;0,00;0,00;-0,44;0,00;0,00;282;35;126;34;19;790;965
7028;43,52;-171,45;0,00;0,00;0,00;-0,17;0,00;0,00;194;154;158;10;39;898;733
7029;19,88;-491,68;0,00;0,00;0,00;-0,49;0,00;0,00;91;61;126;16;37;356;413
7030;30,38;-351,22;0,00;0,00;0,00;-0,35;0,00;0,00;336;190;32;36;28;372;670
7031;17,87;-539,84;0,00;0,00;0,00;-0,54;0,00;0,00;470;166;76;35;38;590;397
7032;41,89;-195,50;0,00;0,00;0,00;-0,20;0,00;0,00;82;150;50;25;36;629;922
7033;48,29;-259,31;0,00;0,00;0,00;-0,26;0,00;0,00;371;149;162;37;31;572;952
7034;64,87;-104,12;0,00;0,00;0,00;-0,10;0,00;0,00;35;151;97;11;31;501;512
7035;0,00;-688,46;0,00;0,00;0,00;-0,69;0,00;0,00;497;32;41;24;32;525;407
7036;63,40;-26,77;0,00;0,00;0,00;-0,03;0,00;0,00;235;100;137;19;20;750;721
7037;34,95;-376,79;0,00;0,00;0,00;-0,38;0,00;0,00;455;178;95;26;20;658;100
7038;28,31;-501,55;0,00;0,00;0,00;-0,50;0,00;0,00;421;113;66;39;19;224;921
7039;17,88;-620,02;0,00;0,00;0,00;-0,62;0,00;0,00;335;56;134;19;15;380;462
7040;43,29;-315,97;0,00;0,00;0,00;-0,32;0,00;0,00;224;78;56;45;18;773;590
7041;56,63;-57,30;0,00;0,00;0,00;-0,06;0,00;0,00;49;47;181;47;27;318;847
7042;42,64;-289,90;0,00;0,00;0,00;-0,29;0,00;0,00;145;35;141;35;33;227;819
7043;53,45;-225,59;0,00;0,00;0,00;-0,23;0,00;0,00;448;100;137;39;27;868;495
7044;85,61;174,49;0,00;0,00;0,00;0,17;0,00;0,00;114;113;59;26;27;886;190
7045;48,35;-225,26;0,00;0,00;0,00;-0,23;0,00;0,00;64;96;82;24;26;168;793
7046;53,57;-93,88;0,00;0,00;0,00;-0,09;0,00;0,00;348;162;162;25;21;399;507
7047;63,03;-86,22;0,00;0,00;0,00;-0,09;0,00;0,00;263;98;140;40;18;323;826
7048;52,27;-216,52;0,00;0,00;0,00;-0,22;0,00;0,00;125;119;74;29;25;228;166
7049;1,08;-738,16;0,00;0,00;0,00;-0,74;0,00;0,00;302;173;193;40;39;923;353
7050;51,69;-77,37;0,00;0,00;0,00;-0,08;0,00;0,00;129;199;16;24;31;921;836
7051;60,66;-30,15;0,00;0,00;0,00;-0,03;0,00;0,00;169;197;130;47;35;816;432
7052;71,08;58,03;0,00;0,00;0,00;0,06;0,00;0,00;260;10;135;28;18;582;965
7053;67,90;-56,77;0,00;0,00;0,00;-0,06;0,00;0,00;274;32;160;39;30;905;289
7054;75,64;32,41;0,00;0,00;0,00;0,03;0,00;0,00;313;188;176;49;28;441;687
7055;57,49;-174,57;0,00;0,00;0,00;-0,17;0,00;0,00;492;36;152;40;27;727;595
7056;4,78;-620,79;0,00;0,00;0,00;-0,62;0,00;0,00;490;80;178;48;37;358;931
7057;76,91;75,27;0,00;0,00;0,00;0,08;0,00;0,00;357;176;190;24;38;986;948
7058;43,06;-328,50;0,00;0,00;0,00;-0,33;0,00;0,00;174;190;144;21;32;197;292
7059;52,00;-224,63;0,00;0,00;0,00;-0,22;0,00;0,00;127;56;176;27;18;995;659
7060;34,60;-376,72;0,00;0,00;0,00;-0,38;0,00;0,00;32;90;143;16;31;319;283
7061;40,72;-270,55;0,00;0,00;0,00;-0,27;0,00;0,00;216;185;87;32;34;940;468
7062;79,80;117,17;0,00;0,00;0,00;0,12;0,00;0,00;284;147;24;23;39;329;255
7063;54,00;-165,48;0,00;0,00;0,00;-0,17;0,00;0,00;468;169;142;18;20;253;174
7064;18,96;-441,86;0,00;0,00;0,00;-0,44;0,00;0,00;56;198;149;10;34;903;111
7065;69,08;15,24;0,00;0,00;0,00;0,02;0,00;0,00;417;41;43;17;39;192;873
7066;76,00;100,23;0,00;0,00;0,00;0,10;0,00;0,00;389;100;173;20;19;836;679
7067;49,65;-206,53;0,00;0,00;0,00;-0,21;0,00;0,00;170;96;36;37;35;270;469
7068;94,66;253,16;0,00;0,00;0,00;0,25;0,00;0,00;66;113;65;34;38;414;678
7069;1,57;-752,35;0,00;0,00;0,00;-0,75;0,00;0,00;430;32;78;23;24;723;521
7070;16,91;-529,02;0,00;0,00;0,00;-0,53;0,00;0,00;376;122;141;40;24;435;734
7071;89,34;266,37;0,00;0,00;0,00;0,27;0,00;0,00;417;178;84;31;33;786;857
7072;10,40;-567,37;0,00;0,00;0,00;-0,57;0,00;0,00;101;45;86;26;17;817;940
7073;26,79;-419,91;0,00;0,00;0,00;-0,42;0,00;0,00;280;154;66;42;18;611;501
7074;97,25;216,42;0,00;0,00;0,00;0,22;0,00;0,00;214;86;43;40;24;768;724
7075;87,43;215,22;0,00;0,00;0,00;0,22;0,00;0,00;417;115;138;41;23;400;540
7076;77,26;96,94;0,00;0,00;0,00;0,10;0,00;0,00;499;56;56;28;38;167;893
7077;29,78;-522,24;0,00;0,00;0,00;-0,52;0,00;0,00;475;59;197;44;20;737;199
7078;55,74;-229,02;0,00;0,00;0,00;-0,23;0,00;0,00;233;145;55;28;35;279;960
7079;37,66;-358,25;0,00;0,00;0,00;-0,36;0,00;0,00;433;162;138;29;24;591;915
7080;100,00;277,59;0,00;0,00;0,00;0,28;0,00;0,00;366;79;46;16;24;403;323
7081;39,88;-314,96;0,00;0,00;0,00;-0,31;0,00;0,00;285;183;127;44;20;677;483
7082;13,62;-588,74;0,00;0,00;0,00;-0,59;0,00;0,00;279;171;133;32;16;348;965
7083;43,96;-296,64;0,00;0,00;0,00;-0,30;0,00;0,00;441;182;135;39;31;904;978
7084;70,35;201,52;0,00;0,00;0,00;0,20;0,00;0,00;301;153;120;22;39;691;728
7085;50,49;-188,96;0,00;0,00;0,00;-0,19;0,00;0,00;161;110;79;12;31;834;198
7086;57,93;-139,13;0,00;0,00;0,00;-0,14;0,00;0,00;289;22;16;21;23;740;736
7087;68,91;19,68;0,00;0,00;0,00;0,02;0,00;0,00;179;124;193;33;39;475;579
7088;51,26;-136,94;0,00;0,00;0,00;-0,14;0,00;0,00;196;50;90;30;39;117;613
7089;38,36;-269,93;0,00;0,00;0,00;-0,27;0,00;0,00;428;161;168;17;27;459;304
7090;18,68;-476,60;0,00;0,00;0,00;-0,48;0,00;0,00;102;102;49;25;22;376;674
7091;46,34;-354,11;0,00;0,00;0,00;-0,35;0,00;0,00;103;19;52;30;31;179;703
7092;45,29;-229,37;0,00;0,00;0,00;-0,23;0,00;0,00;161;107;77;26;27;988;308
7093;32,22;-407,87;0,00;0,00;0,00;-0,41;0,00;0,00;480;155;179;28;19;116;479
7094;33,05;-299,65;0,00;0,00;0,00;-0,30;0,00;0,00;123;168;84;12;33;523;174
7095;9,49;-623,02;0,00;0,00;0,00;-0,62;0,00;0,00;299;164;62;23;33;343;631
7096;91,86;205,47;0,00;0,00;0,00;0,21;0,00;0,00;94;110;79;31;33;264;560
7097;31,03;-444,50;0,00;0,00;0,00;-0,44;0,00;0,00;363;49;93;35;21;817;914
7098;39,59;-268,62;0,00;0,00;0,00;-0,27;0,00;0,00;438;98;179;40;24;358;116
7099;76,15;21,46;0,00;0,00;0,00;0,02;0,00;0,00;299;187;72;40;29;360;329
7100;37,82;-258,57;0,00;0,00;0,00;-0,26;0,00;0,00;48;90;152;32;35;357;520
7101;88,50;168,89;0,00;0,00;0,00;0,17;0,00;0,00;272;166;175;44;29;268;278
7102;76,16;-11,52;0,00;0,00;0,00;-0,01;0,00;0,00;293;67;13;41;26;145;661
7103;15,43;-527,17;0,00;0,00;0,00;-0,53;0,00;0,00;103;101;170;27;33;856;741
7104;59,50;-131,60;0,00;0,00;0,00;-0,13;0,00;0,00;450;73;182;18;16;486;328
7105;33,98;-379,79;0,00;0,00;0,00;-0,38;0,00;0,00;225;35;69;39;28;676;724
7106;35,52;-345,74;0,00;0,00;0,00;-0,35;0,00;0,00;233;90;58;49;18;732;250
7107;36,69;-370,28;0,00;0,00;0,00;-0,37;0,00;0,00;380;161;127;32;39;109;425
7108;34,24;-368,07;0,00;0,00;0,00;-0,37;0,00;0,00;36;101;136;40;35;363;693
7109;13,66;-634,30;0,00;0,00;0,00;-0,63;0,00;0,00;369;47;140;36;30;548;417
7110;14,33;-544,91;0,00;0,00;0,00;-0,54;0,00;0,00;73;79;170;12;33;671;638
7111;48,59;-163,87;0,00;0,00;0,00;-0,16;0,00;0,00;44;191;190;12;27;660;754
7112;39,69;-235,86;0,00;0,00;0,00;-0,24;0,00;0,00;412;91;114;18;36;116;210
7113;60,85;-121,79;0,00;0,00;0,00;-0,12;0,00;0,00;318;177;84;10;24;604;352
7114;15,42;-443,69;0,00;0,00;0,00;-0,44;0,00;0,00;38;43;122;47;16;216;276
7115;100,00;213,39;0,00;0,00;0,00;0,21;0,00;0,00;216;167;192;21;39;634;659
7116;60,36;-160,97;0,00;0,00;0,00;-0,16;0,00;0,00;12;146;186;32;28;956;750
7117;83,36;92,63;0,00;0,00;0,00;0,09;0,00;0,00;213;24;72;22;22;137;696
7118;35,86;-367,58;0,00;0,00;0,00;-0,37;0,00;0,00;192;95;164;26;18;305;925
7119;18,25;-565,14;0,00;0,00;0,00;-0,57;0,00;0,00;263;79;120;20;36;288;525
7120;43,53;-342,76;0,00;0,00;0,00;-0,34;0,00;0,00;181;136;71;18;33;580;147
7121;20,71;-401,28;0,00;0,00;0,00;-0,40;0,00;0,00;33;158;103;48;16;418;295
7122;68,84;-136,87;0,00;0,00;0,00;-0,14;0,00;0,00;450;60;59;26;21;860;258
7123;17,78;-583,64;0,00;0,00;0,00;-0,58;0,00;0,00;287;101;46;40;20;137;517
7124;53,23;-246,95;0,00;0,00;0,00;-0,25;0,00;0,00;29;91;108;40;39;294;244
7125;43,51;-293,13;0,00;0,00;0,00;-0,29;0,00;0,00;231;60;196;43;21;880;118
7126;97,85;303,52;0,00;0,00;0,00;0,30;0,00;0,00;443;20;135;37;21;917;975
7127;52,45;-89,97;0,00;0,00;0,00;-0,09;0,00;0,00;120;53;83;33;29;260;261
7128;38,93;-297,67;0,00;0,00;0,00;-0,30;0,00;0,00;214;19;134;12;33;182;168
7129;65,08;-26,77;0,00;0,00;0,00;-0,03;0,00;0,00;376;37;92;33;21;328;235
7130;90,97;207,63;0,00;0,00;0,00;0,21;0,00;0,00;81;161;27;46;39;606;195
7131;34,78;-380,83;0,00;0,00;0,00;-0,38;0,00;0,00;347;94;52;40;18;971;752
7132;20,30;-454,20;0,00;0,00;0,00;-0,45;0,00;0,00;318;24;76;36;19;457;781
7133;22,29;-503,02;0,00;0,00;0,00;-0,50;0,00;0,00;474;155;133;13;35;484;774
7134;79,80;97,88;0,00;0,00;0,00;0,10;0,00;0,00;125;51;104;18;39;864;127
7135;41,98;-350,59;0,00;0,00;0,00;-0,35;0,00;0,00;258;122;114;35;27;197;943
7136;33,02;-399,22;0,00;0,00;0,00;-0,40;0,00;0,00;349;39;56;47;39;646;818
7137;11,78;-439,27;0,00;0,00;0,00;-0,44;0,00;0,00;154;60;193;11;36;364;533
7138;0,00;-648,52;0,00;0,00;0,00;-0,65;0,00;0,00;33;125;192;18;35;135;213
7139;78,19;168,29;0,00;0,00;0,00;0,17;0,00;0,00;234;130;156;31;38;839;891
7140;48,79;-201,22;0,00;0,00;0,00;-0,20;0,00;0,00;281;49;151;31;23;132;519
7141;89,06;117,58;0,00;0,00;0,00;0,12;0,00;0,00;100;56;29;20;18;530;446
7142;60,60;-36,67;0,00;0,00;0,00;-0,04;0,00;0,00;208;94;179;41;18;963;985
7143;0,00;-720,04;0,00;0,00;0,00;-0,72;0,00;0,00;348;23;17;18;36;175;707
7144;64,03;-38,46;0,00;0,00;0,00;-0,04;0,00;0,00;187;55;162;13;20;235;947
7145;44,39;-276,88;0,00;0,00;0,00;-0,28;0,00;0,00;280;190;168;49;37;182;123
7146;26,55;-478,11;0,00;0,00;0,00;-0,48;0,00;0,00;248;160;32;13;19;921;471
7147;57,81;-148,45;0,00;0,00;0,00;-0,15;0,00;0,00;346;184;135;14;16;685;142
7148;24,11;-519,95;0,00;0,00;0,00;-0,52;0,00;0,00;60;44;58;49;38;339;361
7149;90,38;156,94;0,00;0,00;0,00;0,16;0,00;0,00;475;95;63;19;30;840;137
7150;67,55;6,43;0,00;0,00;0,00;0,01;0,00;0,00;274;140;60;36;19;502;817
7151;38,48;-351,09;0,00;0,00;0,00;-0,35;0,00;0,00;337;58;131;12;29;503;874
7152;60,61;-68,39;0,00;0,00;0,00;-0,07;0,00;0,00;185;125;92;27;27;311;753
7153;67,94;-48,72;0,00;0,00;0,00;-0,05;0,00;0,00;479;136;71;22;34;884;330
7154;44,23;-276,79;0,00;0,00;0,00;-0,28;0,00;0,00;431;146;64;17;26;925;373
7155;58,27;-80,50;0,00;0,00;0,00;-0,08;0,00;0,00;423;20;16;42;25;110;117
7156;82,25;177,64;0,00;0,00;0,00;0,18;0,00;0,00;453;50;130;33;21;629;705
7157;60,60;-149,15;0,00;0,00;0,00;-0,15;0,00;0,00;410;39;109;36;39;998;456
7158;73,08;49,46;0,00;0,00;0,00;0,05;0,00;0,00;457;151;128;34;34;952;632
7159;21,67;-389,39;0,00;0,00;0,00;-0,39;0,00;0,00;147;29;169;20;28;171;384
7160;44,61;-204,41;0,00;0,00;0,00;-0,20;0,00;0,00;455;109;17;24;34;522;732
7161;11,24;-596,45;0,00;0,00;0,00;-0,60;0,00;0,00;178;49;122;10;33;626;478
7162;73,45;-19,21;0,00;0,00;0,00;-0,02;0,00;0,00;397;156;23;42;31;705;720
7163;100,00;273,80;0,00;0,00;0,00;0,27;0,00;0,00;140;132;13;18;35;997;572
7164;45,24;-259,92;0,00;0,00;0,00;-0,26;0,00;0,00;95;197;134;28;35;554;392
7165;19,27;-500,97;0,00;0,00;0,00;-0,50;0,00;0,00;50;90;65;49;18;847;873
7166;64,89;-99,83;0,00;0,00;0,00;-0,10;0,00;0,00;232;192;172;28;29;471;255
7167;73,14;18,42;0,00;0,00;0,00;0,02;0,00;0,00;463;75;157;42;28;151;295
7168;9,08;-548,02;0,00;0,00;0,00;-0,55;0,00;0,00;232;10;33;49;24;652;489
7169;42,61;-215,63;0,00;0,00;0,00;-0,22;0,00;0,00;122;127;43;47;18;262;392
7170;68,49;133,72;0,00;0,00;0,00;0,13;0,00;0,00;160;172;67;39;32;995;386
7171;67,91;-88,41;0,00;0,00;0,00;-0,09;0,00;0,00;165;88;22;46;38;729;135
7172;29,74;-365,39;0,00;0,00;0,00;-0,37;0,00;0,00;337;24;23;14;29;717;754
7173;0,46;-622,16;0,00;0,00;0,00;-0,62;0,00;0,00;183;171;88;23;32;236;388
7174;60,50;-116,89;0,00;0,00;0,00;-0,12;0,00;0,00;10;47;60;28;39;670;120
7175;64,57;-50,37;0,00;0,00;0,00;-0,05;0,00;0,00;235;158;105;18;25;143;845
7176;47,31;-185,96;0,00;0,00;0,00;-0,19;0,00;0,00;247;121;119;48;35;413;789
7177;50,58;-163,86;0,00;0,00;0,00;-0,16;0,00;0,00;419;91;150;43;15;503;165
7178;33,60;-362,88;0,00;0,00;0,00;-0,36;0,00;0,00;292;58;157;31;29;859;795
7179;0,00;-652,03;0,00;0,00;0,00;-0,65;0,00;0,00;168;165;117;38;30;579;210
7180;19,08;-460,46;0,00;0,00;0,00;-0,46;0,00;0,00;172;196;91;17;33;742;192
7181;47,45;-284,85;0,00;0,00;0,00;-0,28;0,00;0,00;136;25;136;39;18;360;469
7182;61,81;-42,83;0,00;0,00;0,00;-0,04;0,00;0,00;225;125;79;48;32;108;257
7183;68,55;-46,99;0,00;0,00;0,00;-0,05;0,00;0,00;360;21;113;49;25;904;351
7184;56,59;-209,10;0,00;0,00;0,00;-0,21;0,00;0,00;30;47;157;24;19;570;709
7185;68,61;-53,91;0,00;0,00;0,00;-0,05;0,00;0,00;444;128;36;21;27;129;980
7186;31,15;-334,79;0,00;0,00;0,00;-0,33;0,00;0,00;41;134;164;37;31;544;748
7187;75,77;-19,10;0,00;0,00;0,00;-0,02;0,00;0,00;30;147;84;23;27;497;106
7188;28,02;-278,67;0,00;0,00;0,00;-0,28;0,00;0,00;452;148;121;21;27;212;812
7189;50,14;-146,14;0,00;0,00;0,00;-0,15;0,00;0,00;371;80;22;16;39;399;850
7190;75,19;99,46;0,00;0,00;0,00;0,10;0,00;0,00;14;33;75;14;15;454;155
7191;89,54;163,47;0,00;0,00;0,00;0,16;0,00;0,00;52;29;87;35;31;460;317
7192;86,69;231,40;0,00;0,00;0,00;0,23;0,00;0,00;125;124;147;32;17;754;781
7193;47,86;-235,95;0,00;0,00;0,00;-0,24;0,00;0,00;440;61;63;48;24;138;179
7194;87,98;276,67;0,00;0,00;0,00;0,28;0,00;0,00;334;112;151;44;16;831;652
7195;56,09;-66,03;0,00;0,00;0,00;-0,07;0,00;0,00;18;86;139;36;19;951;267
7196;39,95;-321,00;0,00;0,00;0,00;-0,32;0,00;0,00;318;139;22;42;32;890;492
7197;36,68;-340,29;0,00;0,00;0,00;-0,34;0,00;0,00;122;81;73;25;37;394;776
7198;47,79;-305,76;0,00;0,00;0,00;-0,31;0,00;0,00;447;87;187;48;36;236;370
7199;37,67;-414,82;0,00;0,00;0,00;-0,41;0,00;0,00;65;57;12;40;17;158;566
7200;18,12;-578,30;0,00;0,00;0,00;-0,58;0,00;0,00;212;195;58;14;34;385;333
7201;70,55;-17,40;0,00;0,00;0,00;-0,02;0,00;0,00;437;121;112;19;15;680;448
7202;47,81;-319,22;0,00;0,00;0,00;-0,32;0,00;0,00;201;84;12;39;22;327;844
7203;31,20;-362,98;0,00;0,00;0,00;-0,36;0,00;0,00;479;72;77;35;28;189;211
7204;12,47;-622,34;0,00;0,00;0,00;-0,62;0,00;0,00;247;156;188;39;29;593;249
7205;24,48;-349,52;0,00;0,00;0,00;-0,35;0,00;0,00;72;101;176;38;31;450;765
7206;25,31;-384,38;0,00;0,00;0,00;-0,38;0,00;0,00;160;165;89;46;19;200;620
7207;47,23;-254,00;0,00;0,00;0,00;-0,25;0,00;0,00;421;19;58;14;25;237;156
7208;57,34;-136,64;0,00;0,00;0,00;-0,14;0,00;0,00;213;97;146;12;22;357;835
7209;100,00;384,88;0,00;0,00;0,00;0,38;0,00;0,00;492;179;14;35;37;679;710
7210;64,51;-52,61;0,00;0,00;0,00;-0,05;0,00;0,00;237;145;158;33;32;249;472
7211;63,72;-111,46;0,00;0,00;0,00;-0,11;0,00;0,00;200;65;89;27;21;371;658
7212;42,82;-342,57;0,00;0,00;0,00;-0,34;0,00;0,00;147;166;112;26;37;148;971
7213;59,11;-117,42;0,00;0,00;0,00;-0,12;0,00;0,00;483;177;164;41;32;897;712
7214;22,21;-482,19;0,00;0,00;0,00;-0,48;0,00;0,00;49;89;194;28;29;440;192
7215;40,20;-306,41;0,00;0,00;0,00;-0,31;0,00;0,00;109;80;138;32;34;266;943
7216;35,98;-350,58;0,00;0,00;0,00;-0,35;0,00;0,00;185;132;77;28;39;662;722
7217;67,12;16,49;0,00;0,00;0,00;0,02;0,00;0,00;220;78;154;39;30;793;293
7218;93,97;203,68;0,00;0,00;0,00;0,20;0,00;0,00;463;54;98;16;33;227;717
7219;21,08;-559,46;0,00;0,00;0,00;-0,56;0,00;0,00;324;121;27;15;19;369;268
7220;96,31;284,98;0,00;0,00;0,00;0,28;0,00;0,00;277;119;117;27;35;849;417
7221;42,21;-299,94;0,00;0,00;0,00;-0,30;0,00;0,00;490;55;183;18;30;891;652
7222;0,00;-767,12;0,00;0,00;0,00;-0,77;0,00;0,00;244;67;169;49;29;872;213
7223;22,01;-418,59;0,00;0,00;0,00;-0,42;0,00;0,00;54;193;32;39;21;506;383
7224;64,39;-124,55;0,00;0,00;0,00;-0,12;0,00;0,00;174;113;63;21;38;194;479
7225;0,00;-630,17;0,00;0,00;0,00;-0,63;0,00;0,00;21;170;35;10;15;566;894
7226;99,67;264,25;0,00;0,00;0,00;0,26;0,00;0,00;119;118;161;29;21;676;167
7227;19,42;-498,09;0,00;0,00;0,00;-0,50;0,00;0,00;56;17;68;27;18;513;420
7228;38,25;-366,55;0,00;0,00;0,00;-0,37;0,00;0,00;178;27;64;24;36;745;195
7229;9,51;-601,07;0,00;0,00;0,00;-0,60;0,00;0,00;57;130;31;30;28;594;465
7230;39,32;-349,71;0,00;0,00;0,00;-0,35;0,00;0,00;280;140;195;48;20;452;582
7231;68,49;-81,36;0,00;0,00;0,00;-0,08;0,00;0,00;427;155;32;39;29;117;389
7232;68,20;-36,54;0,00;0,00;0,00;-0,04;0,00;0,00;114;161;104;19;33;191;237
7233;49,35;-222,04;0,00;0,00;0,00;-0,22;0,00;0,00;461;114;194;25;34;311;745
7234;79,20;145,90;0,00;0,00;0,00;0,15;0,00;0,00;429;132;115;42;21;298;118
7235;23,43;-456,85;0,00;0,00;0,00;-0,46;0,00;0,00;490;12;191;28;35;769;166
7236;19,28;-432,39;0,00;0,00;0,00;-0,43;0,00;0,00;131;64;86;46;33;391;799
7237;45,61;-297,27;0,00;0,00;0,00;-0,30;0,00;0,00;414;54;19;12;34;406;675
7238;48,34;-173,98;0,00;0,00;0,00;-0,17;0,00;0,00;408;158;72;29;26;814;323
7239;23,39;-432,11;0,00;0,00;0,00;-0,43;0,00;0,00;361;58;51;30;34;963;607
7240;61,79;-37,13;0,00;0,00;0,00;-0,04;0,00;0,00;330;178;194;46;36;522;881
7241;61,75;-21,41;0,00;0,00;0,00;-0,02;0,00;0,00;212;157;74;13;36;216;533
7242;68,67;65,42;0,00;0,00;0,00;0,07;0,00;0,00;88;81;117;25;26;309;425
7243;80,84;224,84;0,00;0,00;0,00;0,22;0,00;0,00;30;112;66;19;34;635;556
7244;44,06;-243,70;0,00;0,00;0,00;-0,24;0,00;0,00;478;195;107;21;36;417;632
7245;92,00;210,30;0,00;0,00;0,00;0,21;0,00;0,00;143;142;89;26;18;928;202
7246;65,94;-82,40;0,00;0,00;0,00;-0,08;0,00;0,00;266;20;139;43;24;224;136
7247;28,87;-368,16;0,00;0,00;0,00;-0,37;0,00;0,00;201;105;150;27;29;363;279
7248;43,39;-245,05;0,00;0,00;0,00;-0,25;0,00;0,00;318;36;66;48;37;849;439
7249;65,36;-35,71;0,00;0,00;0,00;-0,04;0,00;0,00;376;167;33;39;19;703;538
7250;21,25;-605,06;0,00;0,00;0,00;-0,61;0,00;0,00;91;129;38;31;22;263;356
7251;18,73;-564,84;0,00;0,00;0,00;-0,56;0,00;0,00;161;67;118;34;15;818;620
7252;74,02;56,47;0,00;0,00;0,00;0,06;0,00;0,00;184;139;75;45;20;111;755
7253;9,05;-614,87;0,00;0,00;0,00;-0,61;0,00;0,00;320;105;39;49;29;281;192
7254;37,67;-327,19;0,00;0,00;0,00;-0,33;0,00;0,00;326;125;176;15;28;985;998
7255;96,72;317,33;0,00;0,00;0,00;0,32;0,00;0,00;47;174;47;40;27;709;925
7256;0,00;-646,57;0,00;0,00;0,00;-0,65;0,00;0,00;290;58;138;46;32;291;737
7257;36,51;-287,33;0,00;0,00;0,00;-0,29;0,00;0,00;38;184;164;29;17;687;247
7258;88,62;125,37;0,00;0,00;0,00;0,13;0,00;0,00;286;69;187;45;28;502;450
7259;57,50;-140,74;0,00;0,00;0,00;-0,14;0,00;0,00;91;96;145;15;18;597;661
7260;69,77;-34,75;0,00;0,00;0,00;-0,03;0,00;0,00;39;62;22;29;21;198;492
7261;19,04;-460,84;0,00;0,00;0,00;-0,46;0,00;0,00;379;40;139;39;36;613;628
7262;40,45;-406,96;0,00;0,00;0,00;-0,41;0,00;0,00;433;34;123;11;31;435;386
7263;36,53;-307,68;0,00;0,00;0,00;-0,31;0,00;0,00;38;35;166;12;16;100;845
7264;23,84;-421,27;0,00;0,00;0,00;-0,42;0,00;0,00;161;191;45;32;34;774;211
7265;82,67;77,97;0,00;0,00;0,00;0,08;0,00;0,00;199;130;132;19;33;917;179
7266;52,05;-136,48;0,00;0,00;0,00;-0,14;0,00;0,00;208;82;36;33;32;922;801
7267;29,39;-416,32;0,00;0,00;0,00;-0,42;0,00;0,00;358;180;148;20;37;389;390
7268;100,00;269,31;0,00;0,00;0,00;0,27;0,00;0,00;474;196;75;18;35;808;519
7269;72,47;-1,79;0,00;0,00;0,00;-0,00;0,00;0,00;376;184;18;35;39;551;545
7270;0,00;-723,16;0,00;0,00;0,00;-0,72;0,00;0,00;267;145;178;18;32;174;529
7271;7,25;-598,68;0,00;0,00;0,00;-0,60;0,00;0,00;38;138;134;28;33;716;945
7272;41,83;-348,97;0,00;0,00;0,00;-0,35;0,00;0,00;248;94;177;28;29;476;356
7273;27,00;-353,68;0,00;0,00;0,00;-0,35;0,00;0,00;187;16;105;33;27;990;887
7274;100,00;263,23;0,00;0,00;0,00;0,26;0,00;0,00;330;85;34;10;30;799;860
7275;17,77;-466,13;0,00;0,00;0,00;-0,47;0,00;0,00;488;132;178;38;34;154;384
7276;57,29;-75,99;0,00;0,00;0,00;-0,08;0,00;0,00;410;124;140;25;38;397;544
7277;22,76;-403,37;0,00;0,00;0,00;-0,40;0,00;0,00;218;140;87;49;16;879;192
7278;58,98;-93,55;0,00;0,00;0,00;-0,09;0,00;0,00;404;58;52;17;16;968;841
7279;87,54;102,81;0,00;0,00;0,00;0,10;0,00;0,00;318;128;182;37;39;414;687
7280;10,39;-542,71;0,00;0,00;0,00;-0,54;0,00;0,00;381;187;164;14;15;729;969
7281;92,96;250,55;0,00;0,00;0,00;0,25;0,00;0,00;108;41;99;42;23;156;197
7282;17,27;-532,23;0,00;0,00;0,00;-0,53;0,00;0,00;84;163;85;21;35;227;435
7283;51,75;-168,11;0,00;0,00;0,00;-0,17;0,00;0,00;437;169;61;14;30;567;507
7284;6,55;-592,78;0,00;0,00;0,00;-0,59;0,00;0,00;186;52;12;15;39;169;834
7285;0,00;-743,87;0,00;0,00;0,00;-0,74;0,00;0,00;28;109;28;31;17;616;193
7286;58,12;-94,42;0,00;0,00;0,00;-0,09;0,00;0,00;71;25;156;30;38;767;865
7287;96,03;185,02;0,00;0,00;0,00;0,19;0,00;0,00;227;137;66;26;39;198;645
7288;28,39;-437,76;0,00;0,00;0,00;-0,44;0,00;0,00;486;165;84;36;34;321;635
7289;45,58;-271,29;0,00;0,00;0,00;-0,27;0,00;0,00;342;106;81;15;16;754;809
7290;46,04;-266,56;0,00;0,00;0,00;-0,27;0,00;0,00;123;113;123;30;32;362;883
7291;93,51;166,61;0,00;0,00;0,00;0,17;0,00;0,00;497;126;108;41;31;426;514
7292;59,03;-104,66;0,00;0,00;0,00;-0,10;0,00;0,00;241;158;192;49;36;904;154
7293;80,65;92,69;0,00;0,00;0,00;0,09;0,00;0,00;82;89;51;16;33;501;830
7294;24,85;-473,36;0,00;0,00;0,00;-0,47;0,00;0,00;427;106;36;34;31;451;755
7295;69,97;0,57;0,00;0,00;0,00;0,00;0,00;0,00;271;152;126;42;30;172;352
7296;33,27;-388,46;0,00;0,00;0,00;-0,39;0,00;0,00;341;10;86;18;23;955;509
7297;13,50;-618,19;0,00;0,00;0,00;-0,62;0,00;0,00;20;94;14;20;26;973;339
7298;88,99;263,07;0,00;0,00;0,00;0,26;0,00;0,00;491;45;189;18;30;350;328
7299;59,17;-36,98;0,00;0,00;0,00;-0,04;0,00;0,00;363;45;186;19;37;729;132
7300;0,00;-771,98;0,00;0,00;0,00;-0,77;0,00;0,00;167;130;169;45;28;432;658
7301;75,81;40,44;0,00;0,00;0,00;0,04;0,00;0,00;163;193;28;10;30;919;280
7302;49,69;-218,90;0,00;0,00;0,00;-0,22;0,00;0,00;220;32;161;16;25;440;188
7303;28,14;-362,68;0,00;0,00;0,00;-0,36;0,00;0,00;331;151;57;47;37;110;478
7304;29,03;-379,42;0,00;0,00;0,00;-0,38;0,00;0,00;476;106;27;29;39;232;735
7305;67,07;-42,90;0,00;0,00;0,00;-0,04;0,00;0,00;446;115;79;49;26;678;974
7306;46,00;-246,13;0,00;0,00;0,00;-0,25;0,00;0,00;399;171;20;31;21;268;314
7307;23,94;-400,45;0,00;0,00;0,00;-0,40;0,00;0,00;152;167;161;35;29;462;391
7308;52,40;-192,83;0,00;0,00;0,00;-0,19;0,00;0,00;115;116;195;19;33;974;997
7309;18,96;-460,34;0,00;0,00;0,00;-0,46;0,00;0,00;288;151;39;11;31;329;995
7310;0,00;-697,56;0,00;0,00;0,00;-0,70;0,00;0,00;409;127;131;37;23;704;379
7311;60,80;-173,19;0,00;0,00;0,00;-0,17;0,00;0,00;41;54;55;23;31;474;242
7312;74,00;-8,86;0,00;0,00;0,00;-0,01;0,00;0,00;239;39;146;21;35;552;453
7313;99,15;277,03;0,00;0,00;0,00;0,28;0,00;0,00;306;174;163;42;32;579;953
7314;88,06;130,63;0,00;0,00;0,00;0,13;0,00;0,00;475;36;22;27;39;858;917
7315;42,28;-306,81;0,00;0,00;0,00;-0,31;0,00;0,00;438;177;41;10;30;323;129
7316;28,28;-433,72;0,00;0,00;0,00;-0,43;0,00;0,00;106;191;53;25;26;221;120
7317;43,68;-308,67;0,00;0,00;0,00;-0,31;0,00;0,00;45;150;87;37;17;987;313
7318;50,98;-260,18;0,00;0,00;0,00;-0,26;0,00;0,00;230;22;85;20;20;914;115
7319;60,66;-227,17;0,00;0,00;0,00;-0,23;0,00;0,00;212;125;39;28;34;562;715
7320;92,96;177,06;0,00;0,00;0,00;0,18;0,00;0,00;104;78;86;28;20;432;870
7321;86,42;158,60;0,00;0,00;0,00;0,16;0,00;0,00;301;131;161;38;15;292;559
7322;68,67;-63,54;0,00;0,00;0,00;-0,06;0,00;0,00;402;141;61;16;39;841;333
7323;57,76;-156,98;0,00;0,00;0,00;-0,16;0,00;0,00;395;102;62;12;36;846;857
7324;86,62;260,37;0,00;0,00;0,00;0,26;0,00;0,00;454;131;41;25;22;316;403
7325;71,24;-8,46;0,00;0,00;0,00;-0,01;0,00;0,00;205;18;69;17;36;325;574
7326;43,26;-274,27;0,00;0,00;0,00;-0,27;0,00;0,00;356;93;114;21;15;960;692
7327;84,19;177,11;0,00;0,00;0,00;0,18;0,00;0,00;431;192;14;48;36;797;595
7328;54,08;-238,40;0,00;0,00;0,00;-0,24;0,00;0,00;237;95;54;28;36;298;121
7329;50,55;-236,05;0,00;0,00;0,00;-0,24;0,00;0,00;76;166;194;25;19;298;210
7330;26,72;-456,87;0,00;0,00;0,00;-0,46;0,00;0,00;330;46;49;25;23;730;367
7331;91,68;308,94;0,00;0,00;0,00;0,31;0,00;0,00;434;148;98;10;28;117;200
7332;28,27;-353,64;0,00;0,00;0,00;-0,35;0,00;0,00;248;132;127;17;24;291;973
7333;42,27;-403,77;0,00;0,00;0,00;-0,40;0,00;0,00;357;132;87;33;24;911;152
7334;2,03;-599,06;0,00;0,00;0,00;-0,60;0,00;0,00;344;77;121;22;21;131;457
7335;45,93;-313,84;0,00;0,00;0,00;-0,31;0,00;0,00;126;133;167;26;20;227;388
7336;52,25;-214,77;0,00;0,00;0,00;-0,21;0,00;0,00;477;75;12;43;32;412;354
7337;24,15;-481,57;0,00;0,00;0,00;-0,48;0,00;0,00;135;74;67;26;32;723;664
7338;31,28;-373,20;0,00;0,00;0,00;-0,37;0,00;0,00;148;62;71;40;19;142;863
7339;70,34;2,65;0,00;0,00;0,00;0,00;0,00;0,00;24;166;83;32;21;267;544
7340;4,30;-663,71;0,00;0,00;0,00;-0,66;0,00;0,00;273;144;86;23;18;659;689
7341;56,59;-80,14;0,00;0,00;0,00;-0,08;0,00;0,00;491;106;14;16;34;695;580
7342;56,84;-133,57;0,00;0,00;0,00;-0,13;0,00;0,00;376;41;14;35;35;687;413
7343;17,91;-504,63;0,00;0,00;0,00;-0,50;0,00;0,00;97;148;137;28;22;882;685
7344;65,87;-9,83;0,00;0,00;0,00;-0,01;0,00;0,00;233;112;84;20;25;857;588
7345;40,98;-347,67;0,00;0,00;0,00;-0,35;0,00;0,00;355;83;129;17;29;816;961
7346;31,61;-387,86;0,00;0,00;0,00;-0,39;0,00;0,00;401;160;21;35;33;780;206
7347;15,87;-550,27;0,00;0,00;0,00;-0,55;0,00;0,00;197;10;191;10;28;195;556
7348;100,00;311,89;0,00;0,00;0,00;0,31;0,00;0,00;361;81;54;49;29;781;329
7349;52,43;-221,64;0,00;0,00;0,00;-0,22;0,00;0,00;392;165;163;38;37;841;918
7350;70,36;18,46;0,00;0,00;0,00;0,02;0,00;0,00;448;52;193;45;35;536;771
7351;37,73;-313,82;0,00;0,00;0,00;-0,31;0,00;0,00;250;117;83;18;38;236;905
7352;20,87;-400,42;0,00;0,00;0,00;-0,40;0,00;0,00;156;94;119;32;15;628;363
7353;18,62;-491,64;0,00;0,00;0,00;-0,49;0,00;0,00;195;22;20;35;39;800;352
7354;41,60;-291,83;0,00;0,00;0,00;-0,29;0,00;0,00;172;169;142;26;32;240;379
7355;68,13;14,88;0,00;0,00;0,00;0,01;0,00;0,00;54;197;20;28;17;264;344
7356;39,97;-308,28;0,00;0,00;0,00;-0,31;0,00;0,00;421;49;172;12;31;869;293
7357;62,56;-93,55;0,00;0,00;0,00;-0,09;0,00;0,00;474;18;22;18;25;229;304
7358;44,44;-206,39;0,00;0,00;0,00;-0,21;0,00;0,00;190;186;36;17;31;461;847
7359;59,02;-131,54;0,00;0,00;0,00;-0,13;0,00;0,00;108;151;178;48;38;740;305
7360;2,04;-617,53;0,00;0,00;0,00;-0,62;0,00;0,00;48;43;12;28;34;118;677
7361;15,31;-610,14;0,00;0,00;0,00;-0,61;0,00;0,00;86;146;26;45;30;122;895
7362;57,93;-94,54;0,00;0,00;0,00;-0,09;0,00;0,00;65;142;62;22;35;595;417
7363;27,81;-418,13;0,00;0,00;0,00;-0,42;0,00;0,00;294;184;118;22;38;249;828
7364;70,62;-4,80;0,00;0,00;0,00;-0,00;0,00;0,00;257;82;128;25;37;442;220
7365;51,23;-166,41;0,00;0,00;0,00;-0,17;0,00;0,00;26;19;180;45;17;701;721
7366;37,71;-298,21;0,00;0,00;0,00;-0,30;0,00;0,00;152;24;102;23;27;850;751
7367;49,75;-254,75;0,00;0,00;0,00;-0,25;0,00;0,00;181;153;63;41;19;168;241
7368;3,44;-730,86;0,00;0,00;0,00;-0,73;0,00;0,00;358;174;25;31;23;523;228
7369;7,09;-648,59;0,00;0,00;0,00;-0,65;0,00;0,00;260;199;71;49;31;791;663
7370;67,01;-24,61;0,00;0,00;0,00;-0,02;0,00;0,00;213;175;37;21;16;221;881
7371;71,21;34,23;0,00;0,00;0,00;0,03;0,00;0,00;322;136;26;42;25;892;675
7372;58,00;-67,32;0,00;0,00;0,00;-0,07;0,00;0,00;164;83;199;44;35;353;821
7373;7,23;-602,35;0,00;0,00;0,00;-0,60;0,00;0,00;71;45;123;36;32;195;779
7374;49,41;-265,62;0,00;0,00;0,00;-0,27;0,00;0,00;189;89;112;15;17;848;744
7375;100,00;393,00;0,00;0,00;0,00;0,39;0,00;0,00;246;86;111;33;18;928;205
7376;15,11;-517,03;0,00;0,00;0,00;-0,52;0,00;0,00;64;90;167;47;33;325;961
7377;60,05;-122,27;0,00;0,00;0,00;-0,12;0,00;0,00;498;59;42;13;32;573;638
7378;57,54;-110,52;0,00;0,00;0,00;-0,11;0,00;0,00;252;184;50;32;21;488;291
7379;34,46;-369,46;0,00;0,00;0,00;-0,37;0,00;0,00;59;69;29;30;31;749;538
7380;0,00;-724,46;0,00;0,00;0,00;-0,72;0,00;0,00;436;160;20;33;31;852;566
7381;29,48;-385,46;0,00;0,00;0,00;-0,39;0,00;0,00;44;191;42;45;27;781;347
7382;22,42;-514,61;0,00;0,00;0,00;-0,51;0,00;0,00;29;189;49;34;19;105;727
7383;33,91;-322,03;0,00;0,00;0,00;-0,32;0,00;0,00;236;109;49;19;26;214;389
7384;10,25;-683,52;0,00;0,00;0,00;-0,68;0,00;0,00;111;62;122;32;28;971;337
7385;77,74;-5,49;0,00;0,00;0,00;-0,01;0,00;0,00;196;83;184;40;26;786;483
7386;1,59;-652,33;0,00;0,00;0,00;-0,65;0,00;0,00;135;74;162;46;22;679;971
7387;74,05;20,25;0,00;0,00;0,00;0,02;0,00;0,00;151;182;189;44;35;924;524
7388;5,08;-572,83;0,00;0,00;0,00;-0,57;0,00;0,00;315;47;33;38;15;558;137
7389;36,39;-370,39;0,00;0,00;0,00;-0,37;0,00;0,00;379;16;124;45;39;273;974
7390;68,30;-63,48;0,00;0,00;0,00;-0,06;0,00;0,00;30;76;110;49;27;755;588
7391;50,27;-254,81;0,00;0,00;0,00;-0,25;0,00;0,00;99;15;56;21;21;916;993
7392;14,43;-486,56;0,00;0,00;0,00;-0,49;0,00;0,00;191;106;174;18;30;257;704
7393;68,22;-43,97;0,00;0,00;0,00;-0,04;0,00;0,00;354;80;26;47;24;310;935
7394;93,41;289,73;0,00;0,00;0,00;0,29;0,00;0,00;105;65;65;11;25;728;357
7395;43,96;-291,66;0,00;0,00;0,00;-0,29;0,00;0,00;146;57;95;25;20;170;676
7396;34,71;-315,60;0,00;0,00;0,00;-0,32;0,00;0,00;338;160;124;31;39;463;372
7397;46,86;-261,25;0,00;0,00;0,00;-0,26;0,00;0,00;72;120;20;31;27;905;936
7398;10,46;-487,01;0,00;0,00;0,00;-0,49;0,00;0,00;481;148;163;38;35;472;238
7399;72,63;-64,61;0,00;0,00;0,00;-0,06;0,00;0,00;279;82;114;42;20;601;863
7400;41,53;-243,47;0,00;0,00;0,00;-0,24;0,00;0,00;479;58;91;49;35;533;518
7401;45,86;-296,01;0,00;0,00;0,00;-0,30;0,00;0,00;479;185;80;18;31;492;949
7402;53,48;-146,92;0,00;0,00;0,00;-0,15;0,00;0,00;35;87;24;35;26;638;334
7403;62,24;-25,58;0,00;0,00;0,00;-0,03;0,00;0,00;78;24;179;20;36;231;654
7404;16,35;-548,22;0,00;0,00;0,00;-0,55;0,00;0,00;463;22;67;34;26;197;143
7405;60,99;-137,23;0,00;0,00;0,00;-0,14;0,00;0,00;166;129;155;34;33;705;112
7406;85,42;142,33;0,00;0,00;0,00;0,14;0,00;0,00;332;132;25;49;37;724;819
7407;60,35;-113,78;0,00;0,00;0,00;-0,11;0,00;0,00;354;186;174;35;16;380;996
7408;65,73;-148,87;0,00;0,00;0,00;-0,15;0,00;0,00;108;190;174;35;15;994;988
7409;48,02;-234,08;0,00;0,00;0,00;-0,23;0,00;0,00;140;166;193;38;39;244;550
7410;85,03;219,19;0,00;0,00;0,00;0,22;0,00;0,00;100;43;43;45;22;581;968
7411;46,48;-174,81;0,00;0,00;0,00;-0,17;0,00;0,00;403;174;106;25;23;310;974
7412;33,43;-351,19;0,00;0,00;0,00;-0,35;0,00;0,00;224;107;118;33;21;484;887
7413;61,97;-52,69;0,00;0,00;0,00;-0,05;0,00;0,00;104;196;118;20;31;889;644
7414;60,52;-122,90;0,00;0,00;0,00;-0,12;0,00;0,00;263;17;47;48;29;879;683
7415;48,88;-190,35;0,00;0,00;0,00;-0,19;0,00;0,00;410;97;48;13;29;253;919
7416;28,21;-425,96;0,00;0,00;0,00;-0,43;0,00;0,00;88;12;170;12;27;338;152
7417;44,33;-254,16;0,00;0,00;0,00;-0,25;0,00;0,00;138;121;152;20;22;168;619
7418;44,36;-168,42;0,00;0,00;0,00;-0,17;0,00;0,00;446;140;198;48;29;961;559
7419;28,16;-400,11;0,00;0,00;0,00;-0,40;0,00;0,00;447;151;12;22;19;635;931
7420;44,14;-174,51;0,00;0,00;0,00;-0,17;0,00;0,00;193;189;93;42;18;656;965
7421;17,36;-549,71;0,00;0,00;0,00;-0,55;0,00;0,00;130;24;51;29;37;485;694
7422;16,82;-545,53;0,00;0,00;0,00;-0,55;0,00;0,00;464;81;83;24;29;655;693
7423;41,33;-197,63;0,00;0,00;0,00;-0,20;0,00;0,00;228;92;72;39;32;744;156
7424;48,39;-173,90;0,00;0,00;0,00;-0,17;0,00;0,00;116;127;130;17;24;182;301
7425;100,00;276,11;0,00;0,00;0,00;0,28;0,00;0,00;135;38;167;35;31;469;391
7426;48,86;-257,82;0,00;0,00;0,00;-0,26;0,00;0,00;270;162;32;45;30;474;705
7427;36,44;-338,27;0,00;0,00;0,00;-0,34;0,00;0,00;87;28;12;32;39;854;460
7428;62,51;-113,62;0,00;0,00;0,00;-0,11;0,00;0,00;435;93;74;39;23;801;997
7429;37,21;-388,52;0,00;0,00;0,00;-0,39;0,00;0,00;206;78;35;31;29;116;286
7430;39,58;-347,56;0,00;0,00;0,00;-0,35;0,00;0,00;337;129;163;43;16;931;991
7431;96,21;307,10;0,00;0,00;0,00;0,31;0,00;0,00;16;166;46;40;15;497;606
7432;5,31;-645,63;0,00;0,00;0,00;-0,65;0,00;0,00;136;181;148;17;38;396;237
7433;67,61;-72,82;0,00;0,00;0,00;-0,07;0,00;0,00;474;129;40;25;31;573;933
7434;22,61;-424,40;0,00;0,00;0,00;-0,42;0,00;0,00;364;98;130;16;25;351;465
7435;58,89;-125,33;0,00;0,00;0,00;-0,13;0,00;0,00;243;14;94;49;38;493;926
7436;18,02;-508,36;0,00;0,00;0,00;-0,51;0,00;0,00;60;103;27;44;29;498;148
7437;72,00;7,19;0,00;0,00;0,00;0,01;0,00;0,00;164;46;91;12;15;168;141
7438;54,61;-222,82;0,00;0,00;0,00;-0,22;0,00;0,00;453;113;173;38;18;506;236
7439;45,16;-276,06;0,00;0,00;0,00;-0,28;0,00;0,00;63;54;58;11;38;470;685
7440;37,14;-352,94;0,00;0,00;0,00;-0,35;0,00;0,00;70;138;92;37;39;665;409
7441;56,14;-152,84;0,00;0,00;0,00;-0,15;0,00;0,00;197;95;27;39;35;487;836
7442;30,44;-416,02;0,00;0,00;0,00;-0,42;0,00;0,00;326;110;40;35;36;775;439
7443;72,19;21,19;0,00;0,00;0,00;0,02;0,00;0,00;286;173;43;44;17;814;234
7444;68,95;9,29;0,00;0,00;0,00;0,01;0,00;0,00;252;161;110;41;33;243;384
7445;80,03;79,25;0,00;0,00;0,00;0,08;0,00;0,00;84;44;141;41;17;919;764
7446;63,01;-3,22;0,00;0,00;0,00;-0,00;0,00;0,00;127;102;76;25;31;469;631
7447;72,64;16,18;0,00;0,00;0,00;0,02;0,00;0,00;132;167;190;33;18;347;812
7448;81,80;111,17;0,00;0,00;0,00;0,11;0,00;0,00;141;135;183;34;38;489;828
7449;47,54;-263,74;0,00;0,00;0,00;-0,26;0,00;0,00;190;198;195;11;22;336;923
7450;46,55;-222,96;0,00;0,00;0,00;-0,22;0,00;0,00;256;25;180;30;16;213;713
7451;64,49;-89,22;0,00;0,00;0,00;-0,09;0,00;0,00;191;181;120;46;22;349;182
7452;57,68;-101,89;0,00;0,00;0,00;-0,10;0,00;0,00;318;157;78;10;35;622;149
7453;75,23;80,06;0,00;0,00;0,00;0,08;0,00;0,00;391;149;22;30;32;511;403
7454;46,58;-307,99;0,00;0,00;0,00;-0,31;0,00;0,00;135;69;182;37;17;550;213
7455;86,59;198,88;0,00;0,00;0,00;0,20;0,00;0,00;379;130;69;32;23;897;765
7456;74,37;73,32;0,00;0,00;0,00;0,07;0,00;0,00;217;11;185;39;33;577;131
7457;39,07;-322,76;0,00;0,00;0,00;-0,32;0,00;0,00;466;156;64;47;29;225;872
7458;77,91;21,68;0,00;0,00;0,00;0,02;0,00;0,00;331;108;174;10;21;900;132
7459;81,56;155,59;0,00;0,00;0,00;0,16;0,00;0,00;226;141;188;11;15;536;568
7460;80,13;194,75;0,00;0,00;0,00;0,19;0,00;0,00;323;28;154;24;29;799;361
7461;94,89;329,37;0,00;0,00;0,00;0,33;0,00;0,00;378;158;134;24;35;529;739
7462;71,87;1,33;0,00;0,00;0,00;0,00;0,00;0,00;400;184;138;36;33;980;544
7463;60,41;-91,61;0,00;0,00;0,00;-0,09;0,00;0,00;260;79;198;32;31;832;898
7464;39,88;-320,38;0,00;0,00;0,00;-0,32;0,00;0,00;187;13;188;29;33;310;834
7465;42,19;-296,96;0,00;0,00;0,00;-0,30;0,00;0,00;138;21;160;33;38;752;629
7466;71,21;2,35;0,00;0,00;0,00;0,00;0,00;0,00;119;141;120;47;34;557;719
7467;39,74;-269,90;0,00;0,00;0,00;-0,27;0,00;0,00;374;50;70;41;29;392;511
7468;76,54;53,13;0,00;0,00;0,00;0,05;0,00;0,00;309;80;57;31;24;482;201
7469;21,42;-462,50;0,00;0,00;0,00;-0,46;0,00;0,00;413;129;64;40;29;115;863
7470;98,53;238,70;0,00;0,00;0,00;0,24;0,00;0,00;253;91;44;14;16;516;316
7471;48,11;-244,14;0,00;0,00;0,00;-0,24;0,00;0,00;428;166;114;26;19;888;179
7472;51,48;-247,89;0,00;0,00;0,00;-0,25;0,00;0,00;462;78;109;29;27;365;466
7473;29,08;-361,17;0,00;0,00;0,00;-0,36;0,00;0,00;19;75;78;30;30;363;953
7474;51,60;-173,33;0,00;0,00;0,00;-0,17;0,00;0,00;443;135;115;32;38;291;363
7475;54,73;-187,70;0,00;0,00;0,00;-0,19;0,00;0,00;56;85;174;36;20;435;861
7476;27,31;-395,18;0,00;0,00;0,00;-0,40;0,00;0,00;289;17;63;21;34;971;240
7477;57,97;-250,80;0,00;0,00;0,00;-0,25;0,00;0,00;196;120;108;32;16;769;335
7478;55,83;-205,68;0,00;0,00;0,00;-0,21;0,00;0,00;426;80;20;21;16;500;566
7479;95,21;252,00;0,00;0,00;0,00;0,25;0,00;0,00;96;108;55;31;24;494;684
7480;92,10;185,04;0,00;0,00;0,00;0,19;0,00;0,00;381;158;118;47;24;115;872
7481;0,00;-770,20;0,00;0,00;0,00;-0,77;0,00;0,00;376;123;24;26;33;236;161
7482;82,44;172,11;0,00;0,00;0,00;0,17;0,00;0,00;84;190;183;43;20;606;875
7483;51,88;-115,90;0,00;0,00;0,00;-0,12;0,00;0,00;203;140;64;48;26;659;795
7484;36,41;-264,96;0,00;0,00;0,00;-0,26;0,00;0,00;277;126;64;25;33;165;467
7485;67,01;-74,43;0,00;0,00;0,00;-0,07;0,00;0,00;313;63;181;38;24;790;534
7486;38,30;-407,81;0,00;0,00;0,00;-0,41;0,00;0,00;59;158;85;22;33;288;775
7487;16,04;-499,46;0,00;0,00;0,00;-0,50;0,00;0,00;14;178;60;29;20;830;374
7488;38,32;-292,92;0,00;0,00;0,00;-0,29;0,00;0,00;82;136;184;43;15;191;719
7489;11,32;-591,17;0,00;0,00;0,00;-0,59;0,00;0,00;275;101;124;33;39;456;337
7490;68,87;-28,62;0,00;0,00;0,00;-0,03;0,00;0,00;430;118;45;42;33;274;550
7491;63,50;-74,07;0,00;0,00;0,00;-0,07;0,00;0,00;344;93;112;37;31;853;992
7492;38,08;-335,81;0,00;0,00;0,00;-0,34;0,00;0,00;419;21;15;31;25;610;515
7493;62,72;-23,72;0,00;0,00;0,00;-0,02;0,00;0,00;14;172;126;31;18;744;938
7494;17,95;-551,79;0,00;0,00;0,00;-0,55;0,00;0,00;180;15;86;16;22;861;456
7495;54,38;-212,96;0,00;0,00;0,00;-0,21;0,00;0,00;293;190;197;48;36;737;957
7496;90,98;209,96;0,00;0,00;0,00;0,21;0,00;0,00;417;154;180;32;16;523;919
7497;38,27;-281,11;0,00;0,00;0,00;-0,28;0,00;0,00;143;69;199;49;20;308;974
7498;17,82;-525,54;0,00;0,00;0,00;-0,53;0,00;0,00;138;58;194;18;25;641;732
7499;92,04;212,61;0,00;0,00;0,00;0,21;0,00;0,00;54;84;173;23;29;321;616
7500;24,77;-440,50;0,00;0,00;0,00;-0,44;0,00;0,00;459;175;167;16;36;249;182
7501;94,27;191,66;0,00;0,00;0,00;0,19;0,00;0,00;44;58;58;11;18;169;583
7502;19,85;-461,87;0,00;0,00;0,00;-0,46;0,00;0,00;34;76;113;12;39;225;305
7503;53,39;-121,49;0,00;0,00;0,00;-0,12;0,00;0,00;75;84;195;14;15;245;661
7504;29,92;-379,64;0,00;0,00;0,00;-0,38;0,00;0,00;50;128;121;17;29;556;783
7505;86,02;135,79;0,00;0,00;0,00;0,14;0,00;0,00;320;57;155;16;28;931;982
7506;43,30;-216,49;0,00;0,00;0,00;-0,22;0,00;0,00;288;117;100;44;39;176;711
7507;4,35;-695,64;0,00;0,00;0,00;-0,70;0,00;0,00;295;19;44;20;30;641;948
7508;73,68;-25,77;0,00;0,00;0,00;-0,03;0,00;0,00;96;123;55;17;31;748;402
7509;57,10;-115,29;0,00;0,00;0,00;-0,12;0,00;0,00;140;83;115;12;37;675;497
7510;1,68;-639,71;0,00;0,00;0,00;-0,64;0,00;0,00;373;84;58;38;39;379;542
7511;86,51;186,89;0,00;0,00;0,00;0,19;0,00;0,00;481;16;109;40;27;849;835
7512;55,67;-131,31;0,00;0,00;0,00;-0,13;0,00;0,00;158;33;154;39;18;996;851
7513;84,39;126,58;0,00;0,00;0,00;0,13;0,00;0,00;103;199;167;44;39;544;762
7514;36,48;-391,84;0,00;0,00;0,00;-0,39;0,00;0,00;143;161;121;46;17;228;313
7515;85,72;139,09;0,00;0,00;0,00;0,14;0,00;0,00;406;20;39;36;29;758;252
7516;41,15;-307,75;0,00;0,00;0,00;-0,31;0,00;0,00;318;42;16;24;32;587;970
7517;1,88;-709,35;0,00;0,00;0,00;-0,71;0,00;0,00;498;21;192;14;27;290;911
7518;30,18;-355,17;0,00;0,00;0,00;-0,36;0,00;0,00;288;122;20;39;15;813;160
7519;66,75;-22,92;0,00;0,00;0,00;-0,02;0,00;0,00;145;130;194;34;28;765;632
7520;60,47;-188,91;0,00;0,00;0,00;-0,19;0,00;0,00;193;33;190;46;20;953;809
7521;38,69;-284,58;0,00;0,00;0,00;-0,28;0,00;0,00;403;96;165;47;30;654;935
7522;41,22;-280,96;0,00;0,00;0,00;-0,28;0,00;0,00;332;45;159;12;29;544;288
7523;7,62;-593,33;0,00;0,00;0,00;-0,59;0,00;0,00;306;97;113;31;33;581;219
7524;44,29;-327,65;0,00;0,00;0,00;-0,33;0,00;0,00;245;18;153;46;35;285;573
7525;48,88;-199,73;0,00;0,00;0,00;-0,20;0,00;0,00;68;96;60;48;15;843;792
7526;21,49;-453,77;0,00;0,00;0,00;-0,45;0,00;0,00;248;105;114;29;21;797;415
7527;57,06;-184,39;0,00;0,00;0,00;-0,18;0,00;0,00;143;102;198;40;24;415;663
7528;44,93;-219,10;0,00;0,00;0,00;-0,22;0,00;0,00;175;196;199;38;34;859;617
7529;100,00;260,21;0,00;0,00;0,00;0,26;0,00;0,00;418;77;69;29;35;987;542
7530;52,50;-273,44;0,00;0,00;0,00;-0,27;0,00;0,00;473;164;179;28;32;366;296
7531;73,16;35,90;0,00;0,00;0,00;0,04;0,00;0,00;271;67;180;33;24;720;218
7532;70,07;90,64;0,00;0,00;0,00;0,09;0,00;0,00;321;91;99;17;36;328;644
7533;48,39;-166,93;0,00;0,00;0,00;-0,17;0,00;0,00;423;27;186;11;35;244;362
7534;24,41;-455,62;0,00;0,00;0,00;-0,46;0,00;0,00;237;99;51;31;25;928;839
7535;62,80;-62,66;0,00;0,00;0,00;-0,06;0,00;0,00;357;84;136;34;19;930;763
7536;17,71;-408,71;0,00;0,00;0,00;-0,41;0,00;0,00;450;97;118;48;18;160;221
7537;65,03;-49,41;0,00;0,00;0,00;-0,05;0,00;0,00;301;46;188;11;35;657;874
7538;50,45;-212,26;0,00;0,00;0,00;-0,21;0,00;0,00;311;20;197;41;22;394;278
7539;89,95;297,04;0,00;0,00;0,00;0,30;0,00;0,00;310;196;187;36;30;769;254
7540;0,00;-727,75;0,00;0,00;0,00;-0,73;0,00;0,00;100;90;115;37;31;644;838
7541;32,23;-361,25;0,00;0,00;0,00;-0,36;0,00;0,00;24;37;187;46;30;409;858
7542;52,04;-249,30;0,00;0,00;0,00;-0,25;0,00;0,00;404;25;32;16;36;529;842
7543;38,85;-306,86;0,00;0,00;0,00;-0,31;0,00;0,00;186;102;156;11;16;629;617
7544;32,02;-493,01;0,00;0,00;0,00;-0,49;0,00;0,00;24;50;62;47;34;649;499
7545;75,53;-3,52;0,00;0,00;0,00;-0,00;0,00;0,00;49;181;39;27;30;379;667
7546;59,02;-108,32;0,00;0,00;0,00;-0,11;0,00;0,00;331;104;14;12;35;943;620
7547;48,73;-283,57;0,00;0,00;0,00;-0,28;0,00;0,00;416;63;168;32;26;982;369
7548;41,48;-215,81;0,00;0,00;0,00;-0,22;0,00;0,00;282;47;51;37;38;439;740
7549;59,15;-134,58;0,00;0,00;0,00;-0,13;0,00;0,00;395;123;141;10;18;725;484
7550;31,63;-442,62;0,00;0,00;0,00;-0,44;0,00;0,00;470;23;177;13;21;994;889
7551;35,59;-330,90;0,00;0,00;0,00;-0,33;0,00;0,00;223;74;192;23;17;195;931
7552;70,38;-37,92;0,00;0,00;0,00;-0,04;0,00;0,00;214;46;161;18;18;864;673
7553;26,05;-407,16;0,00;0,00;0,00;-0,41;0,00;0,00;470;179;62;33;36;908;344
7554;53,16;-298,55;0,00;0,00;0,00;-0,30;0,00;0,00;474;179;199;31;33;933;269
7555;90,75;144,55;0,00;0,00;0,00;0,14;0,00;0,00;340;78;65;35;28;458;794
7556;18,57;-415,68;0,00;0,00;0,00;-0,42;0,00;0,00;12;76;190;35;35;862;183
7557;50,03;-273,35;0,00;0,00;0,00;-0,27;0,00;0,00;308;126;114;49;33;919;758
7558;86,38;153,53;0,00;0,00;0,00;0,15;0,00;0,00;168;165;119;32;32;204;107
7559;66,85;-46,61;0,00;0,00;0,00;-0,05;0,00;0,00;244;105;73;25;23;800;253
7560;28,99;-401,82;0,00;0,00;0,00;-0,40;0,00;0,00;152;74;131;34;39;510;528
7561;76,86;115,30;0,00;0,00;0,00;0,12;0,00;0,00;148;44;68;43;35;365;560
7562;74,72;58,38;0,00;0,00;0,00;0,06;0,00;0,00;363;27;136;44;39;907;347
7563;58,44;-119,99;0,00;0,00;0,00;-0,12;0,00;0,00;168;43;29;39;29;482;848
7564;85,76;170,74;0,00;0,00;0,00;0,17;0,00;0,00;43;193;23;11;17;308;941
7565;50,26;-198,09;0,00;0,00;0,00;-0,20;0,00;0,00;205;88;65;21;29;496;105
7566;46,55;-213,35;0,00;0,00;0,00;-0,21;0,00;0,00;497;109;198;25;19;546;868
7567;52,56;-131,82;0,00;0,00;0,00;-0,13;0,00;0,00;208;16;93;48;39;136;131
7568;49,31;-221,94;0,00;0,00;0,00;-0,22;0,00;0,00;461;47;178;29;27;676;865
7569;20,91;-506,60;0,00;0,00;0,00;-0,51;0,00;0,00;299;11;178;11;25;827;851
7570;49,84;-159,55;0,00;0,00;0,00;-0,16;0,00;0,00;368;148;61;44;28;911;263
7571;16,77;-568,42;0,00;0,00;0,00;-0,57;0,00;0,00;286;66;71;16;21;232;501
7572;34,30;-434,84;0,00;0,00;0,00;-0,43;0,00;0,00;234;78;99;30;19;973;506
7573;66,78;-11,46;0,00;0,00;0,00;-0,01;0,00;0,00;247;38;182;23;22;158;282
7574;42,57;-211,50;0,00;0,00;0,00;-0,21;0,00;0,00;258;187;92;23;16;258;130
7575;27,13;-440,17;0,00;0,00;0,00;-0,44;0,00;0,00;203;153;78;41;34;695;754
7576;36,23;-304,13;0,00;0,00;0,00;-0,30;0,00;0,00;351;83;177;11;28;430;593
7577;0,00;-710,32;0,00;0,00;0,00;-0,71;0,00;0,00;353;67;78;15;19;522;382
7578;29,48;-343,23;0,00;0,00;0,00;-0,34;0,00;0,00;94;64;126;28;21;903;680
7579;37,31;-340,37;0,00;0,00;0,00;-0,34;0,00;0,00;383;171;34;21;35;366;363
7580;64,09;-138,62;0,00;0,00;0,00;-0,14;0,00;0,00;115;167;166;43;23;872;889
7581;42,19;-309,41;0,00;0,00;0,00;-0,31;0,00;0,00;480;191;113;22;38;488;147
7582;76,80;94,54;0,00;0,00;0,00;0,09;0,00;0,00;294;125;132;23;21;556;985
7583;60,42;-66,92;0,00;0,00;0,00;-0,07;0,00;0,00;108;194;102;28;30;741;902
7584;6,97;-606,18;0,00;0,00;0,00;-0,61;0,00;0,00;182;57;37;44;32;259;414
7585;64,69;-1,54;0,00;0,00;0,00;-0,00;0,00;0,00;263;77;122;45;29;835;248
7586;20,95;-431,60;0,00;0,00;0,00;-0,43;0,00;0,00;466;83;109;29;19;751;392
7587;87,99;229,17;0,00;0,00;0,00;0,23;0,00;0,00;124;78;18;48;29;713;992
7588;60,69;-39,76;0,00;0,00;0,00;-0,04;0,00;0,00;157;199;25;19;26;604;753
7589;29,31;-420,67;0,00;0,00;0,00;-0,42;0,00;0,00;66;134;140;39;22;687;117
7590;72,89;0,56;0,00;0,00;0,00;0,00;0,00;0,00;383;22;72;22;31;170;111
7591;53,60;-148,85;0,00;0,00;0,00;-0,15;0,00;0,00;464;83;51;27;28;748;493
7592;51,33;-252,96;0,00;0,00;0,00;-0,25;0,00;0,00;40;14;13;30;18;112;314
7593;73,99;-7,08;0,00;0,00;0,00;-0,01;0,00;0,00;460;51;193;23;20;818;718
7594;34,30;-321,40;0,00;0,00;0,00;-0,32;0,00;0,00;301;34;141;13;17;507;886
7595;37,21;-224,93;0,00;0,00;0,00;-0,22;0,00;0,00;332;122;112;10;27;188;264
7596;40,26;-287,50;0,00;0,00;0,00;-0,29;0,00;0,00;457;63;191;48;28;541;310
7597;56,41;-159,19;0,00;0,00;0,00;-0,16;0,00;0,00;464;153;96;15;32;284;540
7598;66,86;-15,33;0,00;0,00;0,00;-0,02;0,00;0,00;151;156;150;13;27;326;323
7599;32,68;-443,26;0,00;0,00;0,00;-0,44;0,00;0,00;157;59;191;16;37;831;427
7600;52,60;-225,41;0,00;0,00;0,00;-0,23;0,00;0,00;228;89;149;32;24;498;976
7601;73,50;-37,56;0,00;0,00;0,00;-0,04;0,00;0,00;206;75;53;32;26;376;909
7602;42,21;-224,23;0,00;0,00;0,00;-0,22;0,00;0,00;48;21;156;38;35;604;686
7603;26,07;-398,74;0,00;0,00;0,00;-0,40;0,00;0,00;109;183;98;21;38;153;845
7604;64,74;-19,96;0,00;0,00;0,00;-0,02;0,00;0,00;168;28;23;35;33;629;215
7605;34,81;-458,06;0,00;0,00;0,00;-0,46;0,00;0,00;399;184;165;25;27;696;898
7606;90,54;160,95;0,00;0,00;0,00;0,16;0,00;0,00;267;174;38;30;26;903;393
7607;32,24;-356,63;0,00;0,00;0,00;-0,36;0,00;0,00;499;36;193;31;35;934;827
7608;63,09;-143,04;0,00;0,00;0,00;-0,14;0,00;0,00;467;70;143;13;23;859;655
7609;21,91;-459,34;0,00;0,00;0,00;-0,46;0,00;0,00;478;25;64;32;29;589;432
7610;56,99;-171,01;0,00;0,00;0,00;-0,17;0,00;0,00;53;21;139;17;39;782;544
7611;61,06;-13,99;0,00;0,00;0,00;-0,01;0,00;0,00;468;55;99;18;18;786;116
7612;85,26;78,15;0,00;0,00;0,00;0,08;0,00;0,00;339;147;107;24;38;619;921
7613;38,95;-332,60;0,00;0,00;0,00;-0,33;0,00;0,00;476;110;178;43;17;898;425
7614;60,00;-98,14;0,00;0,00;0,00;-0,10;0,00;0,00;123;78;145;11;28;526;281
7615;55,31;-204,67;0,00;0,00;0,00;-0,20;0,00;0,00;344;100;157;46;30;402;992
7616;55,41;-191,86;0,00;0,00;0,00;-0,19;0,00;0,00;313;198;76;17;15;149;325
7617;75,03;81,67;0,00;0,00;0,00;0,08;0,00;0,00;291;144;96;22;26;745;575
7618;57,51;-219,88;0,00;0,00;0,00;-0,22;0,00;0,00;271;59;153;28;31;960;172
7619;98,00;334,74;0,00;0,00;0,00;0,33;0,00;0,00;39;37;117;46;24;909;671
7620;26,96;-383,90;0,00;0,00;0,00;-0,38;0,00;0,00;327;101;88;27;27;709;110
7621;12,85;-592,94;0,00;0,00;0,00;-0,59;0,00;0,00;364;57;23;25;30;310;389
7622;62,01;-47,41;0,00;0,00;0,00;-0,05;0,00;0,00;188;24;199;43;29;182;797
7623;64,57;-58,26;0,00;0,00;0,00;-0,06;0,00;0,00;172;139;192;47;26;270;345
7624;38,64;-331,46;0,00;0,00;0,00;-0,33;0,00;0,00;12;39;98;26;16;502;905
7625;17,06;-522,55;0,00;0,00;0,00;-0,52;0,00;0,00;24;28;89;45;23;109;771
7626;62,28;-165,44;0,00;0,00;0,00;-0,17;0,00;0,00;91;124;154;42;29;523;876
7627;0,00;-679,22;0,00;0,00;0,00;-0,68;0,00;0,00;171;103;43;27;30;917;769
7628;31,38;-342,41;0,00;0,00;0,00;-0,34;0,00;0,00;296;179;115;28;35;847;178
7629;100,00;293,10;0,00;0,00;0,00;0,29;0,00;0,00;339;186;45;43;34;904;828
7630;48,64;-165,09;0,00;0,00;0,00;-0,17;0,00;0,00;432;53;13;44;39;763;986
7631;56,65;-47,12;0,00;0,00;0,00;-0,05;0,00;0,00;399;57;37;20;28;361;270
7632;51,22;-97,05;0,00;0,00;0,00;-0,10;0,00;0,00;96;64;24;12;34;645;207
7633;53,39;-235,25;0,00;0,00;0,00;-0,24;0,00;0,00;220;134;196;32;34;583;176
7634;78,58;136,08;0,00;0,00;0,00;0,14;0,00;0,00;339;84;199;24;21;240;993
7635;52,56;-139,79;0,00;0,00;0,00;-0,14;0,00;0,00;302;191;87;22;24;898;172
7636;31,11;-338,18;0,00;0,00;0,00;-0,34;0,00;0,00;453;66;115;42;36;652;322
7637;67,11;-42,56;0,00;0,00;0,00;-0,04;0,00;0,00;71;166;185;31;29;665;244
7638;20,82;-473,54;0,00;0,00;0,00;-0,47;0,00;0,00;140;98;135;42;24;350;651
7639;68,03;-62,60;0,00;0,00;0,00;-0,06;0,00;0,00;473;134;111;38;19;565;640
7640;42,12;-286,58;0,00;0,00;0,00;-0,29;0,00;0,00;327;185;23;23;15;163;974
7641;7,29;-669,83;0,00;0,00;0,00;-0,67;0,00;0,00;427;135;174;17;15;457;755
7642;76,87;94,61;0,00;0,00;0,00;0,09;0,00;0,00;294;150;187;23;38;557;972
7643;79,59;76,12;0,00;0,00;0,00;0,08;0,00;0,00;454;45;150;30;17;304;271
7644;65,25;39,17;0,00;0,00;0,00;0,04;0,00;0,00;278;13;136;30;23;462;349
7645;58,47;-151,72;0,00;0,00;0,00;-0,15;0,00;0,00;109;187;149;21;26;721;994
7646;57,32;-97,75;0,00;0,00;0,00;-0,10;0,00;0,00;108;34;107;35;17;146;276
7647;58,63;-50,43;0,00;0,00;0,00;-0,05;0,00;0,00;79;78;91;46;23;145;589
7648;27,56;-437,51;0,00;0,00;0,00;-0,44;0,00;0,00;412;14;57;23;26;356;107
7649;70,06;29,13;0,00;0,00;0,00;0,03;0,00;0,00;168;92;190;20;16;494;658
7650;76,79;85,50;0,00;0,00;0,00;0,09;0,00;0,00;327;161;75;47;29;357;785
7651;39,00;-304,28;0,00;0,00;0,00;-0,30;0,00;0,00;444;152;60;36;35;429;896
7652;43,05;-197,19;0,00;0,00;0,00;-0,20;0,00;0,00;57;46;99;45;16;557;512
7653;56,03;-200,69;0,00;0,00;0,00;-0,20;0,00;0,00;67;21;84;17;16;144;873
7654;53,37;-89,10;0,00;0,00;0,00;-0,09;0,00;0,00;461;105;34;21;18;304;817
7655;49,17;-254,73;0,00;0,00;0,00;-0,25;0,00;0,00;491;96;75;23;17;109;886
7656;38,42;-268,07;0,00;0,00;0,00;-0,27;0,00;0,00;18;148;26;38;22;533;900
7657;32,83;-379,86;0,00;0,00;0,00;-0,38;0,00;0,00;491;97;85;38;31;675;901
7658;73,85;-71,86;0,00;0,00;0,00;-0,07;0,00;0,00;176;23;157;44;16;330;209
7659;23,36;-427,66;0,00;0,00;0,00;-0,43;0,00;0,00;42;51;83;29;16;829;411
7660;46,29;-278,84;0,00;0,00;0,00;-0,28;0,00;0,00;88;29;142;45;21;319;886
7661;68,61;41,70;0,00;0,00;0,00;0,04;0,00;0,00;236;110;170;16;20;163;960
7662;19,84;-581,21;0,00;0,00;0,00;-0,58;0,00;0,00;31;61;187;28;21;595;403
7663;23,59;-434,82;0,00;0,00;0,00;-0,43;0,00;0,00;128;102;105;10;17;182;105
7664;87,42;156,89;0,00;0,00;0,00;0,16;0,00;0,00;222;30;92;13;38;362;585
7665;68,34;-23,35;0,00;0,00;0,00;-0,02;0,00;0,00;200;101;48;30;27;822;258
7666;55,43;-124,90;0,00;0,00;0,00;-0,12;0,00;0,00;388;16;63;48;30;958;384
7667;36,45;-322,74;0,00;0,00;0,00;-0,32;0,00;0,00;285;124;116;44;31;389;475
7668;50,27;-292,03;0,00;0,00;0,00;-0,29;0,00;0,00;358;185;185;26;18;512;760
7669;100,00;186,46;0,00;0,00;0,00;0,19;0,00;0,00;486;153;30;30;16;471;367
7670;51,29;-108,42;0,00;0,00;0,00;-0,11;0,00;0,00;450;56;188;46;27;114;837
7671;66,45;-39,20;0,00;0,00;0,00;-0,04;0,00;0,00;475;143;16;24;24;232;783
7672;51,50;-145,60;0,00;0,00;0,00;-0,15;0,00;0,00;304;109;185;33;17;897;170
7673;53,92;-115,87;0,00;0,00;0,00;-0,12;0,00;0,00;43;187;136;27;26;645;864
7674;18,35;-512,85;0,00;0,00;0,00;-0,51;0,00;0,00;146;84;70;15;23;784;564
7675;59,55;-122,17;0,00;0,00;0,00;-0,12;0,00;0,00;495;114;123;17;17;348;522
7676;78,80;130,74;0,00;0,00;0,00;0,13;0,00;0,00;296;142;129;49;22;477;309
7677;55,94;-182,04;0,00;0,00;0,00;-0,18;0,00;0,00;289;34;179;33;26;695;991
7678;50,60;-214,43;0,00;0,00;0,00;-0,21;0,00;0,00;256;132;101;36;19;749;985
7679;95,30;203,17;0,00;0,00;0,00;0,20;0,00;0,00;76;23;40;16;24;984;898
7680;11,93;-553,26;0,00;0,00;0,00;-0,55;0,00;0,00;25;54;122;13;16;671;808
7681;31,78;-365,22;0,00;0,00;0,00;-0,37;0,00;0,00;302;109;25;16;15;848;905
7682;55,08;-201,40;0,00;0,00;0,00;-0,20;0,00;0,00;392;60;133;31;35;927;444
7683;16,22;-567,02;0,00;0,00;0,00;-0,57;0,00;0,00;180;125;85;49;37;761;216
7684;71,44;25,54;0,00;0,00;0,00;0,03;0,00;0,00;83;46;175;17;20;153;401
7685;69,07;26,71;0,00;0,00;0,00;0,03;0,00;0,00;358;21;55;43;24;296;802
7686;39,64;-339,27;0,00;0,00;0,00;-0,34;0,00;0,00;423;52;48;49;38;756;457
7687;71,59;38,62;0,00;0,00;0,00;0,04;0,00;0,00;373;135;182;14;19;371;671
7688;35,93;-380,16;0,00;0,00;0,00;-0,38;0,00;0,00;61;15;70;18;34;237;672
7689;47,80;-300,45;0,00;0,00;0,00;-0,30;0,00;0,00;332;24;130;17;16;610;569
7690;67,95;-11,86;0,00;0,00;0,00;-0,01;0,00;0,00;387;45;139;38;17;961;345
7691;39,54;-269,89;0,00;0,00;0,00;-0,27;0,00;0,00;428;32;109;31;37;749;100
7692;62,66;-97,78;0,00;0,00;0,00;-0,10;0,00;0,00;436;172;36;35;22;815;746
7693;55,99;-228,84;0,00;0,00;0,00;-0,23;0,00;0,00;469;96;162;34;15;745;950
7694;18,06;-537,47;0,00;0,00;0,00;-0,54;0,00;0,00;481;35;174;20;20;790;639
7695;61,01;-89,60;0,00;0,00;0,00;-0,09;0,00;0,00;112;37;65;11;33;934;858
7696;25,68;-493,51;0,00;0,00;0,00;-0,49;0,00;0,00;61;193;188;42;24;516;653
7697;46,76;-261,30;0,00;0,00;0,00;-0,26;0,00;0,00;177;45;166;32;22;894;767
7698;46,89;-308,47;0,00;0,00;0,00;-0,31;0,00;0,00;23;192;179;34;33;907;423
7699;0,00;-731,74;0,00;0,00;0,00;-0,73;0,00;0,00;430;42;61;21;16;949;269
7700;58,56;-75,87;0,00;0,00;0,00;-0,08;0,00;0,00;189;191;34;15;18;511;816
7701;33,95;-397,47;0,00;0,00;0,00;-0,40;0,00;0,00;56;143;103;35;30;560;903
7702;57,19;-179,45;0,00;0,00;0,00;-0,18;0,00;0,00;146;181;161;17;19;692;863
7703;75,26;39,64;0,00;0,00;0,00;0,04;0,00;0,00;216;137;193;28;19;514;115
7704;48,94;-196,01;0,00;0,00;0,00;-0,20;0,00;0,00;122;190;161;13;36;344;521
7705;67,38;-73,08;0,00;0,00;0,00;-0,07;0,00;0,00;499;161;27;45;16;619;382
7706;34,97;-420,90;0,00;0,00;0,00;-0,42;0,00;0,00;224;130;140;38;36;597;262
7707;70,19;45,19;0,00;0,00;0,00;0,05;0,00;0,00;163;27;140;23;25;501;989
7708;60,92;-68,34;0,00;0,00;0,00;-0,07;0,00;0,00;477;197;147;11;27;547;853
7709;100,00;227,15;0,00;0,00;0,00;0,23;0,00;0,00;294;79;100;42;30;448;554
7710;57,82;-131,04;0,00;0,00;0,00;-0,13;0,00;0,00;181;121;186;11;38;289;588
7711;50,81;-234,84;0,00;0,00;0,00;-0,23;0,00;0,00;291;149;28;30;22;899;639
7712;29,84;-473,48;0,00;0,00;0,00;-0,47;0,00;0,00;194;133;20;34;29;844;601
7713;57,34;-174,26;0,00;0,00;0,00;-0,17;0,00;0,00;204;35;129;13;30;427;763
7714;58,74;-144,44;0,00;0,00;0,00;-0,14;0,00;0,00;304;130;47;10;24;151;559
7715;46,00;-209,12;0,00;0,00;0,00;-0,21;0,00;0,00;100;91;192;39;34;228;522
7716;57,69;-185,09;0,00;0,00;0,00;-0,19;0,00;0,00;261;42;162;10;29;826;871
7717;58,07;-130,04;0,00;0,00;0,00;-0,13;0,00;0,00;240;87;82;36;15;941;892
7718;24,35;-462,77;0,00;0,00;0,00;-0,46;0,00;0,00;166;77;115;27;19;116;197
7719;36,71;-265,30;0,00;0,00;0,00;-0,27;0,00;0,00;179;28;58;16;21;309;218
7720;81,21;146,40;0,00;0,00;0,00;0,15;0,00;0,00;177;199;167;26;27;236;878
7721;70,52;-25,92;0,00;0,00;0,00;-0,03;0,00;0,00;302;37;44;18;36;817;933
7722;47,94;-190,84;0,00;0,00;0,00;-0,19;0,00;0,00;27;138;39;38;38;328;624
7723;23,62;-545,20;0,00;0,00;0,00;-0,55;0,00;0,00;43;41;41;47;21;416;505
7724;76,64;186,35;0,00;0,00;0,00;0,19;0,00;0,00;144;63;53;38;29;511;692
7725;50,99;-220,19;0,00;0,00;0,00;-0,22;0,00;0,00;337;172;38;39;34;614;815
7726;43,62;-325,68;0,00;0,00;0,00;-0,33;0,00;0,00;109;16;48;38;21;163;314
7727;45,31;-195,86;0,00;0,00;0,00;-0,20;0,00;0,00;223;86;164;34;36;157;557
7728;61,21;-89,87;0,00;0,00;0,00;-0,09;0,00;0,00;23;136;78;43;22;999;280
7729;42,22;-275,78;0,00;0,00;0,00;-0,28;0,00;0,00;206;163;170;32;39;285;294
7730;38,46;-295,33;0,00;0,00;0,00;-0,30;0,00;0,00;448;18;158;49;32;933;710
7731;30,01;-359,80;0,00;0,00;0,00;-0,36;0,00;0,00;448;176;138;17;17;418;977
7732;62,28;-125,44;0,00;0,00;0,00;-0,13;0,00;0,00;14;97;12;21;21;188;893
7733;37,26;-343,45;0,00;0,00;0,00;-0,34;0,00;0,00;193;81;155;40;17;578;362
7734;42,20;-318,55;0,00;0,00;0,00;-0,32;0,00;0,00;106;66;71;20;22;332;208
7735;72,21;-35,72;0,00;0,00;0,00;-0,04;0,00;0,00;255;143;154;39;23;247;581
7736;0,00;-682,07;0,00;0,00;0,00;-0,68;0,00;0,00;181;12;164;45;25;483;878
7737;37,60;-325,16;0,00;0,00;0,00;-0,33;0,00;0,00;116;117;156;41;31;912;461
7738;30,94;-363,72;0,00;0,00;0,00;-0,36;0,00;0,00;386;128;32;15;16;675;655
7739;0,51;-678,50;0,00;0,00;0,00;-0,68;0,00;0,00;21;22;144;37;39;199;730
7740;90,06;244,57;0,00;0,00;0,00;0,24;0,00;0,00;197;28;98;34;27;623;847
7741;29,43;-432,61;0,00;0,00;0,00;-0,43;0,00;0,00;112;104;85;23;17;559;463
7742;66,90;-13,27;0,00;0,00;0,00;-0,01;0,00;0,00;424;138;184;26;18;889;296
7743;70,71;-24,76;0,00;0,00;0,00;-0,02;0,00;0,00;53;193;38;35;33;225;193
7744;35,97;-421,41;0,00;0,00;0,00;-0,42;0,00;0,00;152;95;185;24;32;165;822
7745;54,14;-107,69;0,00;0,00;0,00;-0,11;0,00;0,00;266;60;182;34;35;817;918
7746;71,66;43,91;0,00;0,00;0,00;0,04;0,00;0,00;479;167;28;47;35;612;172
7747;33,31;-370,21;0,00;0,00;0,00;-0,37;0,00;0,00;435;35;180;33;28;538;589
7748;50,09;-191,23;0,00;0,00;0,00;-0,19;0,00;0,00;38;72;180;46;31;632;465
7749;75,06;109,70;0,00;0,00;0,00;0,11;0,00;0,00;263;44;132;46;33;409;310
7750;0,00;-671,37;0,00;0,00;0,00;-0,67;0,00;0,00;157;107;113;18;32;266;248
7751;34,60;-283,95;0,00;0,00;0,00;-0,28;0,00;0,00;355;106;16;24;36;109;985
7752;36,08;-337,26;0,00;0,00;0,00;-0,34;0,00;0,00;371;21;131;20;22;785;428
7753;35,50;-342,20;0,00;0,00;0,00;-0,34;0,00;0,00;200;171;160;12;30;352;408
7754;52,45;-203,04;0,00;0,00;0,00;-0,20;0,00;0,00;134;85;138;13;25;228;686
7755;53,44;-162,94;0,00;0,00;0,00;-0,16;0,00;0,00;263;128;119;24;17;264;165
7756;79,49;1,48;0,00;0,00;0,00;0,00;0,00;0,00;315;43;166;41;36;920;948
7757;41,42;-302,64;0,00;0,00;0,00;-0,30;0,00;0,00;209;63;114;19;24;595;519
7758;27,05;-495,41;0,00;0,00;0,00;-0,50;0,00;0,00;137;162;108;29;22;232;873
7759;10,52;-623,47;0,00;0,00;0,00;-0,62;0,00;0,00;463;24;185;16;38;457;691
7760;67,67;-5,02;0,00;0,00;0,00;-0,01;0,00;0,00;484;58;97;22;27;849;794
7761;32,04;-398,20;0,00;0,00;0,00;-0,40;0,00;0,00;379;34;104;24;29;304;987
7762;54,82;-169,14;0,00;0,00;0,00;-0,17;0,00;0,00;104;122;177;42;17;391;958
7763;51,55;-145,32;0,00;0,00;0,00;-0,15;0,00;0,00;373;21;52;38;35;814;192
7764;43,57;-333,59;0,00;0,00;0,00;-0,33;0,00;0,00;200;164;188;34;31;449;625
7765;30,77;-296,04;0,00;0,00;0,00;-0,30;0,00;0,00;62;113;187;39;19;450;139
7766;22,38;-342,30;0,00;0,00;0,00;-0,34;0,00;0,00;499;143;155;37;15;434;713
7767;39,38;-351,73;0,00;0,00;0,00;-0,35;0,00;0,00;102;56;114;13;35;293;236
7768;0,00;-689,07;0,00;0,00;0,00;-0,69;0,00;0,00;358;102;150;13;26;198;860
7769;57,04;-186,17;0,00;0,00;0,00;-0,19;0,00;0,00;462;121;27;41;36;102;711
7770;60,77;-178,85;0,00;0,00;0,00;-0,18;0,00;0,00;340;24;164;24;32;562;850
7771;74,97;114,78;0,00;0,00;0,00;0,11;0,00;0,00;20;184;75;15;28;861;432
7772;55,99;-103,01;0,00;0,00;0,00;-0,10;0,00;0,00;403;123;42;20;20;611;690
7773;64,36;-89,96;0,00;0,00;0,00;-0,09;0,00;0,00;315;53;83;18;26;217;775
7774;33,48;-331,73;0,00;0,00;0,00;-0,33;0,00;0,00;28;26;151;17;23;836;415
7775;70,26;-46,82;0,00;0,00;0,00;-0,05;0,00;0,00;68;133;160;39;23;191;505
7776;60,66;-123,26;0,00;0,00;0,00;-0,12;0,00;0,00;250;185;145;42;23;831;685
7777;52,95;-185,66;0,00;0,00;0,00;-0,19;0,00;0,00;140;86;174;25;24;707;864
7778;98,85;267,93;0,00;0,00;0,00;0,27;0,00;0,00;225;107;28;45;37;378;861
7779;86,82;181,24;0,00;0,00;0,00;0,18;0,00;0,00;13;192;123;43;28;730;379
7780;41,06;-336,66;0,00;0,00;0,00;-0,34;0,00;0,00;487;122;159;48;17;156;414
7781;0,00;-777,33;0,00;0,00;0,00;-0,78;0,00;0,00;16;130;185;14;37;913;512
7782;68,93;71,57;0,00;0,00;0,00;0,07;0,00;0,00;158;42;66;10;25;741;218
7783;49,23;-143,95;0,00;0,00;0,00;-0,14;0,00;0,00;229;22;87;39;20;843;556
7784;52,28;-200,08;0,00;0,00;0,00;-0,20;0,00;0,00;103;139;153;21;20;446;394
7785;38,66;-169,11;0,00;0,00;0,00;-0,17;0,00;0,00;333;115;144;38;19;857;223
7786;61,60;-116,44;0,00;0,00;0,00;-0,12;0,00;0,00;160;184;177;29;21;898;933
7787;25,99;-550,58;0,00;0,00;0,00;-0,55;0,00;0,00;436;125;62;27;21;811;227
7788;27,16;-438,73;0,00;0,00;0,00;-0,44;0,00;0,00;245;38;74;12;32;722;633
7789;38,44;-333,39;0,00;0,00;0,00;-0,33;0,00;0,00;382;22;186;25;36;627;390
7790;36,39;-378,37;0,00;0,00;0,00;-0,38;0,00;0,00;277;118;39;28;21;536;348
7791;12,62;-615,53;0,00;0,00;0,00;-0,62;0,00;0,00;211;100;192;30;39;662;856
7792;51,98;-197,57;0,00;0,00;0,00;-0,20;0,00;0,00;258;51;32;46;30;634;803
7793;77,96;119,12;0,00;0,00;0,00;0,12;0,00;0,00;498;21;192;11;25;829;781
7794;68,32;12,92;0,00;0,00;0,00;0,01;0,00;0,00;43;89;122;41;24;620;816
7795;12,51;-622,32;0,00;0,00;0,00;-0,62;0,00;0,00;98;79;95;13;37;304;679
7796;16,01;-557,56;0,00;0,00;0,00;-0,56;0,00;0,00;400;48;74;13;32;743;574
7797;23,52;-431,46;0,00;0,00;0,00;-0,43;0,00;0,00;206;188;159;44;31;251;288
7798;89,10;204,70;0,00;0,00;0,00;0,20;0,00;0,00;290;50;142;21;27;160;592
7799;36,71;-309,41;0,00;0,00;0,00;-0,31;0,00;0,00;395;164;173;23;15;304;356
7800;73,68;-26,28;0,00;0,00;0,00;-0,03;0,00;0,00;373;137;65;19;34;493;270
7801;38,10;-289,82;0,00;0,00;0,00;-0,29;0,00;0,00;397;67;74;20;27;899;305
7802;62,14;19,93;0,00;0,00;0,00;0,02;0,00;0,00;458;22;73;12;20;251;690
7803;61,25;-99,62;0,00;0,00;0,00;-0,10;0,00;0,00;45;198;12;17;36;835;905
7804;40,25;-211,10;0,00;0,00;0,00;-0,21;0,00;0,00;382;73;149;33;20;513;320
7805;82,32;143,82;0,00;0,00;0,00;0,14;0,00;0,00;173;52;93;33;39;456;758
7806;49,95;-152,73;0,00;0,00;0,00;-0,15;0,00;0,00;321;158;16;23;32;839;843
7807;63,19;-119,90;0,00;0,00;0,00;-0,12;0,00;0,00;466;157;164;42;30;346;676
7808;41,50;-260,10;0,00;0,00;0,00;-0,26;0,00;0,00;294;116;149;40;37;981;893
7809;63,86;-140,82;0,00;0,00;0,00;-0,14;0,00;0,00;170;116;99;27;35;140;373
7810;3,75;-676,19;0,00;0,00;0,00;-0,68;0,00;0,00;291;17;77;39;36;142;954
7811;62,21;-191,28;0,00;0,00;0,00;-0,19;0,00;0,00;324;100;102;41;30;671;246
7812;77,12;-21,40;0,00;0,00;0,00;-0,02;0,00;0,00;388;192;164;13;27;287;116
7813;27,98;-319,31;0,00;0,00;0,00;-0,32;0,00;0,00;193;86;167;19;15;754;987
7814;41,33;-289,69;0,00;0,00;0,00;-0,29;0,00;0,00;115;150;58;14;25;793;721
7815;99,23;329,24;0,00;0,00;0,00;0,33;0,00;0,00;28;186;182;32;37;485;357
7816;17,53;-557,95;0,00;0,00;0,00;-0,56;0,00;0,00;343;104;198;14;16;435;173
7817;63,40;-84,71;0,00;0,00;0,00;-0,08;0,00;0,00;498;147;124;40;19;928;669
7818;67,92;-117,07;0,00;0,00;0,00;-0,12;0,00;0,00;494;33;90;32;38;551;246
7819;67,64;10,24;0,00;0,00;0,00;0,01;0,00;0,00;305;65;132;29;15;131;677
7820;43,63;-282,74;0,00;0,00;0,00;-0,28;0,00;0,00;475;177;23;38;15;763;633
7821;32,56;-317,39;0,00;0,00;0,00;-0,32;0,00;0,00;175;129;14;41;24;853;238
7822;58,69;-143,48;0,00;0,00;0,00;-0,14;0,00;0,00;254;31;192;47;31;749;376
7823;100,00;273,37;0,00;0,00;0,00;0,27;0,00;0,00;151;132;182;35;23;273;210
7824;40,53;-341,53;0,00;0,00;0,00;-0,34;0,00;0,00;246;61;83;45;18;682;937
7825;22,25;-521,98;0,00;0,00;0,00;-0,52;0,00;0,00;398;173;141;27;18;924;935
7826;57,56;-128,60;0,00;0,00;0,00;-0,13;0,00;0,00;455;92;35;24;35;134;173
7827;24,54;-501,89;0,00;0,00;0,00;-0,50;0,00;0,00;78;45;39;36;31;894;585
7828;28,13;-416,80;0,00;0,00;0,00;-0,42;0,00;0,00;258;105;137;45;39;585;240
7829;0,00;-637,69;0,00;0,00;0,00;-0,64;0,00;0,00;239;12;176;14;39;924;584
7830;75,96;99,37;0,00;0,00;0,00;0,10;0,00;0,00;477;29;53;24;25;639;165
7831;32,39;-367,08;0,00;0,00;0,00;-0,37;0,00;0,00;393;189;56;41;26;414;590
7832;7,59;-589,93;0,00;0,00;0,00;-0,59;0,00;0,00;473;178;103;38;30;177;984
7833;64,52;-45,29;0,00;0,00;0,00;-0,05;0,00;0,00;423;161;188;14;30;734;172
7834;100,00;224,66;0,00;0,00;0,00;0,22;0,00;0,00;381;112;88;38;39;363;655
7835;83,42;108,03;0,00;0,00;0,00;0,11;0,00;0,00;412;124;148;12;26;769;170
7836;52,51;-108,17;0,00;0,00;0,00;-0,11;0,00;0,00;459;188;60;17;16;511;413
7837;38,96;-304,99;0,00;0,00;0,00;-0,30;0,00;0,00;117;194;99;28;28;197;796
7838;44,71;-275,18;0,00;0,00;0,00;-0,28;0,00;0,00;32;138;118;12;26;880;720
7839;48,76;-299,86;0,00;0,00;0,00;-0,30;0,00;0,00;227;101;80;37;15;708;328
7840;38,01;-335,21;0,00;0,00;0,00;-0,34;0,00;0,00;472;174;132;28;34;351;449
7841;60,63;-53,92;0,00;0,00;0,00;-0,05;0,00;0,00;23;140;123;44;15;705;933
7842;75,03;136,46;0,00;0,00;0,00;0,14;0,00;0,00;454;139;114;37;23;845;461
7843;7,54;-581,29;0,00;0,00;0,00;-0,58;0,00;0,00;300;124;55;16;30;409;487
7844;47,81;-237,72;0,00;0,00;0,00;-0,24;0,00;0,00;291;34;50;23;39;338;734
7845;9,24;-616,22;0,00;0,00;0,00;-0,62;0,00;0,00;227;176;92;41;16;427;410
7846;67,58;-67,94;0,00;0,00;0,00;-0,07;0,00;0,00;40;169;125;42;16;503;533
7847;56,73;-157,12;0,00;0,00;0,00;-0,16;0,00;0,00;263;67;52;33;29;367;294
7848;23,27;-446,91;0,00;0,00;0,00;-0,45;0,00;0,00;45;94;101;25;27;959;452
7849;69,75;16,12;0,00;0,00;0,00;0,02;0,00;0,00;328;153;89;23;15;369;854
7850;40,17;-357,02;0,00;0,00;0,00;-0,36;0,00;0,00;434;188;72;48;26;980;760
7851;44,86;-213,77;0,00;0,00;0,00;-0,21;0,00;0,00;203;66;104;10;27;951;722
7852;43,57;-337,45;0,00;0,00;0,00;-0,34;0,00;0,00;323;121;31;28;35;636;783
7853;44,19;-279,96;0,00;0,00;0,00;-0,28;0,00;0,00;88;189;140;24;23;738;338
7854;67,78;49,54;0,00;0,00;0,00;0,05;0,00;0,00;155;41;138;21;39;195;633
7855;22,31;-443,83;0,00;0,00;0,00;-0,44;0,00;0,00;18;177;105;34;20;170;424
7856;53,60;-170,11;0,00;0,00;0,00;-0,17;0,00;0,00;180;111;44;21;26;794;981
7857;41,33;-290,29;0,00;0,00;0,00;-0,29;0,00;0,00;33;181;27;42;17;583;600
7858;87,06;144,18;0,00;0,00;0,00;0,14;0,00;0,00;191;20;163;24;30;224;361
7859;60,12;-175,62;0,00;0,00;0,00;-0,18;0,00;0,00;148;162;14;15;37;478;230
7860;13,70;-532,59;0,00;0,00;0,00;-0,53;0,00;0,00;275;172;41;15;33;352;698
7861;50,66;-256,85;0,00;0,00;0,00;-0,26;0,00;0,00;285;138;17;13;32;110;448
7862;62,18;-38,29;0,00;0,00;0,00;-0,04;0,00;0,00;27;87;160;44;27;504;601
7863;34,73;-443,31;0,00;0,00;0,00;-0,44;0,00;0,00;429;20;131;41;16;976;414
7864;49,48;-143,93;0,00;0,00;0,00;-0,14;0,00;0,00;24;160;152;38;24;265;129
7865;87,55;152,03;0,00;0,00;0,00;0,15;0,00;0,00;465;57;29;15;28;479;345
7866;64,12;65,44;0,00;0,00;0,00;0,07;0,00;0,00;34;78;46;34;20;716;474
7867;54,51;-190,45;0,00;0,00;0,00;-0,19;0,00;0,00;481;70;48;29;19;234;642
7868;65,96;-11,83;0,00;0,00;0,00;-0,01;0,00;0,00;292;48;13;12;34;516;689
7869;45,15;-297,42;0,00;0,00;0,00;-0,30;0,00;0,00;10;192;86;13;34;556;519
7870;48,24;-199,47;0,00;0,00;0,00;-0,20;0,00;0,00;150;63;167;40;34;268;594
7871;67,32;-56,79;0,00;0,00;0,00;-0,06;0,00;0,00;139;38;197;22;26;162;484
7872;39,47;-346,30;0,00;0,00;0,00;-0,35;0,00;0,00;179;140;66;47;34;638;756
7873;42,70;-269,33;0,00;0,00;0,00;-0,27;0,00;0,00;60;56;126;45;34;968;643
7874;87,22;175,38;0,00;0,00;0,00;0,18;0,00;0,00;189;87;199;27;38;277;132
7875;75,46;114,32;0,00;0,00;0,00;0,11;0,00;0,00;484;59;131;23;27;109;329
7876;55,48;-145,78;0,00;0,00;0,00;-0,15;0,00;0,00;184;136;74;46;22;958;664
7877;28,96;-549,19;0,00;0,00;0,00;-0,55;0,00;0,00;301;197;72;45;15;156;548
7878;80,85;98,06;0,00;0,00;0,00;0,10;0,00;0,00;18;181;53;49;23;632;488
7879;23,56;-525,50;0,00;0,00;0,00;-0,53;0,00;0,00;300;170;167;24;22;563;615
7880;55,41;-80,40;0,00;0,00;0,00;-0,08;0,00;0,00;479;65;195;30;28;723;171
7881;57,56;-157,35;0,00;0,00;0,00;-0,16;0,00;0,00;310;179;71;19;17;461;527
7882;20,50;-590,20;0,00;0,00;0,00;-0,59;0,00;0,00;77;20;67;39;16;136;682
7883;69,48;-24,54;0,00;0,00;0,00;-0,02;0,00;0,00;253;31;55;35;26;658;126
7884;19,99;-479,45;0,00;0,00;0,00;-0,48;0,00;0,00;181;120;192;37;33;455;208
7885;77,65;113,66;0,00;0,00;0,00;0,11;0,00;0,00;396;34;131;33;16;741;253
7886;43,74;-256,03;0,00;0,00;0,00;-0,26;0,00;0,00;63;143;134;16;24;863;113
7887;17,84;-569,69;0,00;0,00;0,00;-0,57;0,00;0,00;332;21;74;23;27;796;187
7888;73,32;38,36;0,00;0,00;0,00;0,04;0,00;0,00;98;198;22;29;36;446;858
7889;20,50;-537,17;0,00;0,00;0,00;-0,54;0,00;0,00;239;59;111;29;30;317;495
7890;30,46;-349,03;0,00;0,00;0,00;-0,35;0,00;0,00;105;173;107;41;24;801;324
7891;37,96;-337,79;0,00;0,00;0,00;-0,34;0,00;0,00;74;27;118;17;36;161;394
7892;16,49;-535,60;0,00;0,00;0,00;-0,54;0,00;0,00;417;145;161;31;20;830;160
7893;52,61;-131,14;0,00;0,00;0,00;-0,13;0,00;0,00;270;64;98;49;36;613;190
7894;73,16;69,12;0,00;0,00;0,00;0,07;0,00;0,00;189;197;152;36;32;234;334
7895;33,13;-337,85;0,00;0,00;0,00;-0,34;0,00;0,00;401;175;36;26;39;791;150
7896;70,08;-43,94;0,00;0,00;0,00;-0,04;0,00;0,00;288;120;62;25;34;585;357
7897;98,62;157,67;0,00;0,00;0,00;0,16;0,00;0,00;117;178;17;18;19;745;815
7898;72,72;44,14;0,00;0,00;0,00;0,04;0,00;0,00;427;14;78;10;18;584;469
7899;10,67;-617,62;0,00;0,00;0,00;-0,62;0,00;0,00;463;136;82;46;19;560;781
7900;31,74;-337,37;0,00;0,00;0,00;-0,34;0,00;0,00;337;156;16;44;39;519;813
7901;33,33;-326,71;0,00;0,00;0,00;-0,33;0,00;0,00;219;193;41;33;35;377;179
7902;83,22;121,34;0,00;0,00;0,00;0,12;0,00;0,00;463;109;87;25;16;242;351
7903;80,96;101,55;0,00;0,00;0,00;0,10;0,00;0,00;466;86;181;42;35;919;123
7904;57,59;-31,75;0,00;0,00;0,00;-0,03;0,00;0,00;342;126;21;21;26;445;528
7905;47,27;-329,38;0,00;0,00;0,00;-0,33;0,00;0,00;379;19;30;32;15;235;651
7906;19,67;-604,89;0,00;0,00;0,00;-0,60;0,00;0,00;346;114;187;29;23;527;360
7907;26,02;-467,53;0,00;0,00;0,00;-0,47;0,00;0,00;312;95;134;33;23;900;914
7908;26,05;-475,78;0,00;0,00;0,00;-0,48;0,00;0,00;58;144;108;29;20;843;909
7909;48,47;-174,24;0,00;0,00;0,00;-0,17;0,00;0,00;145;199;114;26;18;413;919
7910;45,98;-184,78;0,00;0,00;0,00;-0,18;0,00;0,00;141;49;54;47;36;288;848
7911;67,61;-18,63;0,00;0,00;0,00;-0,02;0,00;0,00;152;117;82;27;34;748;990
7912;67,45;-143,75;0,00;0,00;0,00;-0,14;0,00;0,00;267;118;178;19;16;619;302
7913;90,28;221,62;0,00;0,00;0,00;0,22;0,00;0,00;27;124;131;46;34;123;989
7914;97,39;322,93;0,00;0,00;0,00;0,32;0,00;0,00;346;183;111;26;17;788;631
7915;54,66;-154,00;0,00;0,00;0,00;-0,15;0,00;0,00;418;166;189;40;39;181;894
7916;85,68;203,23;0,00;0,00;0,00;0,20;0,00;0,00;239;124;87;47;30;367;127
7917;70,57;-20,78;0,00;0,00;0,00;-0,02;0,00;0,00;495;66;122;39;15;668;888
7918;79,85;38,52;0,00;0,00;0,00;0,04;0,00;0,00;488;16;130;22;27;118;901
7919;47,77;-215,51;0,00;0,00;0,00;-0,22;0,00;0,00;419;66;106;10;39;377;625
7920;100,00;344,20;0,00;0,00;0,00;0,34;0,00;0,00;116;136;177;34;31;936;625
7921;45,98;-227,59;0,00;0,00;0,00;-0,23;0,00;0,00;347;29;194;31;27;664;163
7922;21,23;-449,33;0,00;0,00;0,00;-0,45;0,00;0,00;331;193;107;35;19;304;565
7923;0,00;-682,20;0,00;0,00;0,00;-0,68;0,00;0,00;423;110;133;30;31;630;722
7924;45,01;-287,76;0,00;0,00;0,00;-0,29;0,00;0,00;53;169;96;34;36;939;450
7925;60,83;-49,22;0,00;0,00;0,00;-0,05;0,00;0,00;66;151;33;27;21;630;525
7926;59,26;-138,87;0,00;0,00;0,00;-0,14;0,00;0,00;425;91;78;39;34;157;678
7927;28,78;-491,22;0,00;0,00;0,00;-0,49;0,00;0,00;343;131;180;47;33;976;506
7928;65,22;-40,39;0,00;0,00;0,00;-0,04;0,00;0,00;423;170;51;33;36;284;584
7929;67,39;-12,09;0,00;0,00;0,00;-0,01;0,00;0,00;63;126;106;27;34;803;252
7930;41,42;-272,98;0,00;0,00;0,00;-0,27;0,00;0,00;40;30;16;29;17;770;145
7931;59,22;-132,38;0,00;0,00;0,00;-0,13;0,00;0,00;477;133;105;47;36;898;514
7932;45,89;-215,26;0,00;0,00;0,00;-0,22;0,00;0,00;260;88;17;44;20;796;180
7933;45,84;-206,81;0,00;0,00;0,00;-0,21;0,00;0,00;370;48;114;21;18;634;853
7934;46,90;-167,68;0,00;0,00;0,00;-0,17;0,00;0,00;107;186;156;38;27;238;102
7935;76,45;82,86;0,00;0,00;0,00;0,08;0,00;0,00;152;28;137;35;17;169;378
7936;71,68;15,97;0,00;0,00;0,00;0,02;0,00;0,00;206;134;178;23;26;126;934
7937;62,10;-138,59;0,00;0,00;0,00;-0,14;0,00;0,00;262;123;172;18;23;700;357
7938;86,57;198,77;0,00;0,00;0,00;0,20;0,00;0,00;40;65;94;47;35;949;762
7939;83,23;203,63;0,00;0,00;0,00;0,20;0,00;0,00;143;79;121;47;39;953;737
7940;9,22;-593,19;0,00;0,00;0,00;-0,59;0,00;0,00;272;77;119;31;34;613;747
7941;25,36;-374,50;0,00;0,00;0,00;-0,37;0,00;0,00;108;34;186;39;28;432;912
7942;78,18;99,76;0,00;0,00;0,00;0,10;0,00;0,00;110;68;91;19;19;998;191
7943;14,54;-405,15;0,00;0,00;0,00;-0,41;0,00;0,00;323;25;92;27;35;961;980
7944;30,60;-397,41;0,00;0,00;0,00;-0,40;0,00;0,00;435;41;44;23;39;741;813
7945;0,00;-650,38;0,00;0,00;0,00;-0,65;0,00;0,00;45;179;167;25;16;957;953
7946;0,00;-707,84;0,00;0,00;0,00;-0,71;0,00;0,00;330;169;141;41;22;869;801
7947;34,53;-304,27;0,00;0,00;0,00;-0,30;0,00;0,00;269;68;64;20;32;858;359
7948;64,74;14,19;0,00;0,00;0,00;0,01;0,00;0,00;129;116;195;49;26;808;885
7949;69,45;-41,55;0,00;0,00;0,00;-0,04;0,00;0,00;308;68;82;38;34;803;730
7950;22,39;-513,39;0,00;0,00;0,00;-0,51;0,00;0,00;494;16;130;14;33;169;319
7951;36,91;-270,69;0,00;0,00;0,00;-0,27;0,00;0,00;166;69;82;40;22;551;486
7952;44,15;-270,10;0,00;0,00;0,00;-0,27;0,00;0,00;176;141;109;18;25;633;166
7953;59,18;-207,57;0,00;0,00;0,00;-0,21;0,00;0,00;493;84;134;22;26;703;431
7954;100,00;382,96;0,00;0,00;0,00;0,38;0,00;0,00;426;171;129;44;31;585;913
7955;0,40;-627,78;0,00;0,00;0,00;-0,63;0,00;0,00;296;137;196;16;39;242;581
7956;16,99;-606,58;0,00;0,00;0,00;-0,61;0,00;0,00;282;60;47;11;29;760;775
7957;86,17;201,63;0,00;0,00;0,00;0,20;0,00;0,00;400;158;188;22;22;461;901
7958;39,48;-322,18;0,00;0,00;0,00;-0,32;0,00;0,00;193;40;129;33;29;367;794
7959;53,85;-155,80;0,00;0,00;0,00;-0,16;0,00;0,00;59;100;144;45;34;138;312
7960;16,78;-514,07;0,00;0,00;0,00;-0,51;0,00;0,00;431;190;54;27;32;265;765
7961;100,00;290,15;0,00;0,00;0,00;0,29;0,00;0,00;448;154;66;17;35;592;197
7962;66,65;-38,61;0,00;0,00;0,00;-0,04;0,00;0,00;472;191;54;35;36;401;867
7963;12,12;-557,01;0,00;0,00;0,00;-0,56;0,00;0,00;24;140;119;26;35;958;949
7964;64,72;-0,28;0,00;0,00;0,00;-0,00;0,00;0,00;124;108;174;32;35;655;765
7965;33,02;-293,10;0,00;0,00;0,00;-0,29;0,00;0,00;460;193;17;23;36;974;215
7966;54,94;-106,65;0,00;0,00;0,00;-0,11;0,00;0,00;290;189;88;20;31;665;990
7967;63,11;-91,83;0,00;0,00;0,00;-0,09;0,00;0,00;231;78;145;37;39;923;444
7968;80,06;267,44;0,00;0,00;0,00;0,27;0,00;0,00;472;87;77;41;17;655;262
7969;0,00;-679,25;0,00;0,00;0,00;-0,68;0,00;0,00;58;33;75;29;16;241;645
7970;59,66;-68,68;0,00;0,00;0,00;-0,07;0,00;0,00;131;92;15;41;29;854;433
7971;6,71;-683,94;0,00;0,00;0,00;-0,68;0,00;0,00;252;101;183;48;20;739;395
7972;100,00;280,99;0,00;0,00;0,00;0,28;0,00;0,00;402;103;111;42;31;318;301
7973;43,05;-355,58;0,00;0,00;0,00;-0,36;0,00;0,00;198;141;76;24;30;338;654
7974;54,66;-150,62;0,00;0,00;0,00;-0,15;0,00;0,00;357;93;49;36;33;202;176
7975;72,14;75,45;0,00;0,00;0,00;0,08;0,00;0,00;386;125;43;14;15;157;585
7976;18,04;-471,49;0,00;0,00;0,00;-0,47;0,00;0,00;338;155;150;15;34;411;337
7977;41,79;-380,94;0,00;0,00;0,00;-0,38;0,00;0,00;16;174;164;14;24;545;518
7978;6,72;-674,42;0,00;0,00;0,00;-0,67;0,00;0,00;334;82;38;44;30;514;457
7979;58,17;-102,98;0,00;0,00;0,00;-0,10;0,00;0,00;91;114;59;34;31;656;506
7980;0,70;-710,86;0,00;0,00;0,00;-0,71;0,00;0,00;60;169;187;32;31;742;187
7981;71,19;48,52;0,00;0,00;0,00;0,05;0,00;0,00;290;191;188;41;23;478;375
7982;53,81;-170,35;0,00;0,00;0,00;-0,17;0,00;0,00;234;59;188;41;37;846;872
7983;16,71;-505,26;0,00;0,00;0,00;-0,51;0,00;0,00;438;125;186;13;37;874;320
7984;27,43;-426,50;0,00;0,00;0,00;-0,43;0,00;0,00;90;177;119;47;33;180;124
7985;44,55;-241,09;0,00;0,00;0,00;-0,24;0,00;0,00;498;146;194;48;33;300;486
7986;65,49;-44,93;0,00;0,00;0,00;-0,04;0,00;0,00;124;30;34;32;32;380;596
7987;73,64;63,71;0,00;0,00;0,00;0,06;0,00;0,00;174;138;85;30;15;967;342
7988;63,28;-44,65;0,00;0,00;0,00;-0,04;0,00;0,00;182;99;144;23;29;919;529
7989;0,00;-813,56;0,00;0,00;0,00;-0,81;0,00;0,00;156;38;77;31;26;552;644
7990;48,75;-178,82;0,00;0,00;0,00;-0,18;0,00;0,00;119;23;166;31;29;349;349
7991;57,75;-95,68;0,00;0,00;0,00;-0,10;0,00;0,00;343;131;39;24;19;430;919
7992;5,78;-615,10;0,00;0,00;0,00;-0,62;0,00;0,00;467;93;164;16;20;986;221
7993;76,52;-4,78;0,00;0,00;0,00;-0,00;0,00;0,00;248;133;131;42;26;267;794
7994;59,34;-65,02;0,00;0,00;0,00;-0,07;0,00;0,00;353;166;41;18;16;591;747
7995;70,80;3,43;0,00;0,00;0,00;0,00;0,00;0,00;224;137;104;42;25;742;347
7996;29,98;-440,65;0,00;0,00;0,00;-0,44;0,00;0,00;363;192;166;38;29;867;672
7997;50,29;-176,74;0,00;0,00;0,00;-0,18;0,00;0,00;72;134;105;40;15;240;479
7998;69,28;16,22;0,00;0,00;0,00;0,02;0,00;0,00;131;52;188;46;34;582;541
7999;19,80;-536,85;0,00;0,00;0,00;-0,54;0,00;0,00;202;125;156;12;15;651;395
8000;27,42;-473,06;0,00;0,00;0,00;-0,47;0,00;0,00;326;58;176;24;15;310;100
8001;22,33;-471,14;0,00;0,00;0,00;-0,47;0,00;0,00;349;38;21;35;19;967;837
8002;6,36;-579,36;0,00;0,00;0,00;-0,58;0,00;0,00;182;111;59;30;30;315;955
8003;52,42;-189,03;0,00;0,00;0,00;-0,19;0,00;0,00;291;36;92;31;32;829;580
8004;0,00;-743,34;0,00;0,00;0,00;-0,74;0,00;0,00;404;183;26;12;39;444;473
8005;58,53;-82,61;0,00;0,00;0,00;-0,08;0,00;0,00;146;189;72;39;28;797;794
8006;44,41;-143,35;0,00;0,00;0,00;-0,14;0,00;0,00;420;20;98;43;30;629;739
8007;45,37;-286,24;0,00;0,00;0,00;-0,29;0,00;0,00;479;173;196;12;35;293;239
8008;36,97;-401,39;0,00;0,00;0,00;-0,40;0,00;0,00;265;125;23;19;18;266;665
8009;11,09;-612,26;0,00;0,00;0,00;-0,61;0,00;0,00;34;143;33;33;35;735;280
8010;13,73;-606,51;0,00;0,00;0,00;-0,61;0,00;0,00;52;62;32;44;20;217;493
8011;77,29;27,65;0,00;0,00;0,00;0,03;0,00;0,00;417;15;181;42;33;896;889
8012;73,87;-54,03;0,00;0,00;0,00;-0,05;0,00;0,00;275;162;28;27;38;147;169
8013;81,58;90,58;0,00;0,00;0,00;0,09;0,00;0,00;46;39;67;21;39;398;996
8014;58,34;-75,14;0,00;0,00;0,00;-0,08;0,00;0,00;46;149;194;19;20;592;233
8015;60,22;-169,77;0,00;0,00;0,00;-0,17;0,00;0,00;179;25;69;48;31;463;301
8016;40,25;-200,57;0,00;0,00;0,00;-0,20;0,00;0,00;234;174;106;39;19;587;821
8017;53,94;-236,61;0,00;0,00;0,00;-0,24;0,00;0,00;265;12;113;17;16;541;466
8018;50,61;-173,49;0,00;0,00;0,00;-0,17;0,00;0,00;235;33;14;38;33;685;702
8019;87,64;184,10;0,00;0,00;0,00;0,18;0,00;0,00;126;95;127;38;33;789;631
8020;51,08;-166,80;0,00;0,00;0,00;-0,17;0,00;0,00;471;82;153;31;33;597;827
8021;78,18;112,88;0,00;0,00;0,00;0,11;0,00;0,00;282;15;154;24;34;588;614
8022;33,53;-330,55;0,00;0,00;0,00;-0,33;0,00;0,00;493;67;175;22;17;993;719
8023;48,71;-284,85;0,00;0,00;0,00;-0,28;0,00;0,00;191;157;50;44;36;418;372
8024;0,00;-694,19;0,00;0,00;0,00;-0,69;0,00;0,00;433;138;121;14;39;863;393
8025;73,48;110,00;0,00;0,00;0,00;0,11;0,00;0,00;87;156;179;29;31;258;850
8026;55,26;-63,70;0,00;0,00;0,00;-0,06;0,00;0,00;426;84;109;45;22;966;399
8027;49,62;-214,89;0,00;0,00;0,00;-0,21;0,00;0,00;24;60;103;33;21;573;577
8028;56,14;-201,06;0,00;0,00;0,00;-0,20;0,00;0,00;213;110;129;22;31;813;603
8029;30,33;-383,57;0,00;0,00;0,00;-0,38;0,00;0,00;283;81;153;29;21;747;931
8030;43,57;-160,85;0,00;0,00;0,00;-0,16;0,00;0,00;376;36;193;24;22;480;888
8031;71,62;70,48;0,00;0,00;0,00;0,07;0,00;0,00;251;88;82;25;26;795;772
8032;60,59;-83,10;0,00;0,00;0,00;-0,08;0,00;0,00;396;159;154;30;22;145;298
8033;63,08;-128,56;0,00;0,00;0,00;-0,13;0,00;0,00;106;17;16;10;26;316;520
8034;35,59;-400,29;0,00;0,00;0,00;-0,40;0,00;0,00;230;161;174;28;23;963;570
8035;67,27;23,36;0,00;0,00;0,00;0,02;0,00;0,00;384;142;114;13;23;378;112
8036;40,97;-240,63;0,00;0,00;0,00;-0,24;0,00;0,00;160;134;130;28;21;577;302
8037;96,14;298,33;0,00;0,00;0,00;0,30;0,00;0,00;165;197;181;45;34;496;906
8038;11,65;-506,09;0,00;0,00;0,00;-0,51;0,00;0,00;352;22;83;26;25;939;276
8039;67,81;-0,05;0,00;0,00;0,00;-0,00;0,00;0,00;302;152;95;41;35;451;447
8040;83,41;152,56;0,00;0,00;0,00;0,15;0,00;0,00;137;162;145;21;33;243;347
8041;66,65;-24,41;0,00;0,00;0,00;-0,02;0,00;0,00;146;46;83;21;21;444;343
8042;46,13;-195,37;0,00;0,00;0,00;-0,20;0,00;0,00;137;53;121;16;25;643;965
8043;0,00;-682,38;0,00;0,00;0,00;-0,68;0,00;0,00;296;151;126;23;24;786;313
8044;6,21;-616,62;0,00;0,00;0,00;-0,62;0,00;0,00;241;97;84;11;34;888;432
8045;12,75;-477,89;0,00;0,00;0,00;-0,48;0,00;0,00;349;190;170;39;27;682;306
8046;97,40;343,00;0,00;0,00;0,00;0,34;0,00;0,00;72;32;114;47;20;180;130
8047;36,25;-331,45;0,00;0,00;0,00;-0,33;0,00;0,00;430;182;64;38;28;757;307
8048;70,42;-64,16;0,00;0,00;0,00;-0,06;0,00;0,00;485;67;30;24;26;798;331
8049;21,42;-431,66;0,00;0,00;0,00;-0,43;0,00;0,00;218;45;25;39;16;821;156
8050;78,65;43,13;0,00;0,00;0,00;0,04;0,00;0,00;97;191;148;34;32;919;910
8051;37,22;-439,57;0,00;0,00;0,00;-0,44;0,00;0,00;476;18;12;35;39;694;599
8052;31,52;-414,94;0,00;0,00;0,00;-0,41;0,00;0,00;68;113;52;49;25;840;949
8053;7,78;-567,31;0,00;0,00;0,00;-0,57;0,00;0,00;286;23;156;27;15;934;767
8054;57,71;-50,15;0,00;0,00;0,00;-0,05;0,00;0,00;345;178;72;38;23;138;985
8055;60,19;-89,30;0,00;0,00;0,00;-0,09;0,00;0,00;261;152;45;40;39;318;961
8056;61,98;-108,63;0,00;0,00;0,00;-0,11;0,00;0,00;255;181;195;20;27;164;629
8057;1,02;-607,87;0,00;0,00;0,00;-0,61;0,00;0,00;76;78;169;39;33;427;138
8058;60,41;-141,25;0,00;0,00;0,00;-0,14;0,00;0,00;370;22;73;45;34;920;388
8059;65,22;-71,77;0,00;0,00;0,00;-0,07;0,00;0,00;186;195;121;43;32;458;674
8060;49,65;-234,25;0,00;0,00;0,00;-0,23;0,00;0,00;472;111;64;15;19;366;826
8061;90,72;222,88;0,00;0,00;0,00;0,22;0,00;0,00;182;125;77;40;29;894;348
8062;35,26;-390,70;0,00;0,00;0,00;-0,39;0,00;0,00;208;51;122;16;32;194;187
8063;3,34;-581,76;0,00;0,00;0,00;-0,58;0,00;0,00;306;178;127;44;15;369;773
8064;43,80;-223,13;0,00;0,00;0,00;-0,22;0,00;0,00;89;12;95;11;34;788;572
8065;36,70;-354,44;0,00;0,00;0,00;-0,35;0,00;0,00;50;43;66;23;25;945;721
8066;52,77;-246,71;0,00;0,00;0,00;-0,25;0,00;0,00;191;22;38;28;33;774;956
8067;16,88;-669,30;0,00;0,00;0,00;-0,67;0,00;0,00;286;61;30;42;27;161;158
8068;65,48;-68,98;0,00;0,00;0,00;-0,07;0,00;0,00;434;44;141;34;30;205;730
8069;41,82;-236,74;0,00;0,00;0,00;-0,24;0,00;0,00;167;170;141;41;32;476;552
8070;86,12;156,87;0,00;0,00;0,00;0,16;0,00;0,00;164;91;182;34;23;710;767
8071;40,62;-217,46;0,00;0,00;0,00;-0,22;0,00;0,00;150;181;198;42;17;847;253
8072;21,16;-545,19;0,00;0,00;0,00;-0,55;0,00;0,00;188;55;79;36;29;849;499
8073;15,06;-555,39;0,00;0,00;0,00;-0,56;0,00;0,00;221;51;22;46;21;588;477
8074;44,92;-203,65;0,00;0,00;0,00;-0,20;0,00;0,00;12;57;141;31;28;799;292
8075;20,22;-542,97;0,00;0,00;0,00;-0,54;0,00;0,00;227;112;29;18;23;559;788
8076;31,58;-397,57;0,00;0,00;0,00;-0,40;0,00;0,00;17;197;109;20;33;546;161
8077;0,00;-721,94;0,00;0,00;0,00;-0,72;0,00;0,00;15;101;172;17;30;259;236
8078;48,17;-217,61;0,00;0,00;0,00;-0,22;0,00;0,00;74;42;192;36;34;511;483
8079;44,52;-232,37;0,00;0,00;0,00;-0,23;0,00;0,00;330;103;98;48;37;843;624
8080;58,21;-13,00;0,00;0,00;0,00;-0,01;0,00;0,00;53;171;121;27;22;971;339
8081;30,21;-440,59;0,00;0,00;0,00;-0,44;0,00;0,00;438;119;162;28;21;202;536
8082;19,25;-527,12;0,00;0,00;0,00;-0,53;0,00;0,00;157;20;149;16;20;368;843
8083;82,51;92,29;0,00;0,00;0,00;0,09;0,00;0,00;349;164;59;35;26;900;160
8084;24,93;-373,08;0,00;0,00;0,00;-0,37;0,00;0,00;206;191;113;28;15;629;279
8085;55,29;-238,22;0,00;0,00;0,00;-0,24;0,00;0,00;117;126;135;20;38;473;951
8086;6,80;-587,47;0,00;0,00;0,00;-0,59;0,00;0,00;271;145;78;10;31;408;461
8087;32,90;-397,97;0,00;0,00;0,00;-0,40;0,00;0,00;154;36;73;28;25;791;146
8088;90,89;164,64;0,00;0,00;0,00;0,16;0,00;0,00;412;48;89;22;32;298;799
8089;48,88;-241,21;0,00;0,00;0,00;-0,24;0,00;0,00;384;134;126;22;16;596;124
8090;83,58;94,45;0,00;0,00;0,00;0,09;0,00;0,00;57;157;42;46;21;484;797
8091;14,24;-574,63;0,00;0,00;0,00;-0,57;0,00;0,00;100;193;194;45;21;259;197
8092;54,74;-163,29;0,00;0,00;0,00;-0,16;0,00;0,00;142;147;166;20;20;166;341
8093;0,00;-706,54;0,00;0,00;0,00;-0,71;0,00;0,00;410;187;55;22;27;633;396
8094;38,56;-330,36;0,00;0,00;0,00;-0,33;0,00;0,00;145;137;158;27;18;441;537
8095;0,00;-634,13;0,00;0,00;0,00;-0,63;0,00;0,00;346;192;118;10;19;270;867
8096;52,52;-162,63;0,00;0,00;0,00;-0,16;0,00;0,00;22;121;89;28;25;494;336
8097;17,04;-545,53;0,00;0,00;0,00;-0,55;0,00;0,00;178;164;112;43;32;457;677
8098;64,38;-35,62;0,00;0,00;0,00;-0,04;0,00;0,00;89;67;35;22;30;554;918
8099;43,32;-260,34;0,00;0,00;0,00;-0,26;0,00;0,00;99;183;175;12;25;645;836
8100;38,98;-339,14;0,00;0,00;0,00;-0,34;0,00;0,00;306;129;148;29;31;283;842
8101;35,95;-297,58;0,00;0,00;0,00;-0,30;0,00;0,00;217;70;146;35;34;752;402
8102;46,07;-163,98;0,00;0,00;0,00;-0,16;0,00;0,00;192;101;68;49;34;475;835
8103;62,88;-45,13;0,00;0,00;0,00;-0,05;0,00;0,00;151;75;143;11;39;804;948
8104;58,50;11,79;0,00;0,00;0,00;0,01;0,00;0,00;338;132;100;25;15;926;139
8105;43,32;-311,62;0,00;0,00;0,00;-0,31;0,00;0,00;338;124;34;33;18;519;194
8106;55,29;-165,84;0,00;0,00;0,00;-0,17;0,00;0,00;471;35;138;15;18;396;273
8107;49,22;-151,88;0,00;0,00;0,00;-0,15;0,00;0,00;82;87;184;32;17;553;201
8108;36,46;-349,32;0,00;0,00;0,00;-0,35;0,00;0,00;272;166;195;19;35;550;286
8109;63,20;-64,45;0,00;0,00;0,00;-0,06;0,00;0,00;249;75;109;14;30;680;939
8110;45,33;-223,70;0,00;0,00;0,00;-0,22;0,00;0,00;316;159;182;28;16;222;345
8111;31,89;-479,42;0,00;0,00;0,00;-0,48;0,00;0,00;111;132;39;34;23;171;149
8112;20,52;-493,83;0,00;0,00;0,00;-0,49;0,00;0,00;318;157;57;18;16;697;864
8113;0,00;-740,18;0,00;0,00;0,00;-0,74;0,00;0,00;14;58;27;18;39;881;146
8114;63,68;-91,42;0,00;0,00;0,00;-0,09;0,00;0,00;231;26;34;42;20;326;763
8115;54,56;-147,01;0,00;0,00;0,00;-0,15;0,00;0,00;79;152;119;21;31;609;829
8116;63,85;-92,07;0,00;0,00;0,00;-0,09;0,00;0,00;278;139;184;25;32;240;813
8117;31,48;-343,91;0,00;0,00;0,00;-0,34;0,00;0,00;290;126;78;20;37;317;283
8118;14,72;-569,81;0,00;0,00;0,00;-0,57;0,00;0,00;78;60;116;42;31;424;166
8119;68,11;-98,76;0,00;0,00;0,00;-0,10;0,00;0,00;440;35;179;33;16;506;543
8120;0,00;-704,77;0,00;0,00;0,00;-0,70;0,00;0,00;147;44;158;24;16;746;381
8121;17,80;-571,81;0,00;0,00;0,00;-0,57;0,00;0,00;485;91;127;41;27;771;455
8122;37,61;-494,65;0,00;0,00;0,00;-0,49;0,00;0,00;256;28;56;33;28;827;239
8123;81,15;117,84;0,00;0,00;0,00;0,12;0,00;0,00;382;125;72;46;39;238;765
8124;37,35;-303,26;0,00;0,00;0,00;-0,30;0,00;0,00;239;36;39;38;26;553;507
8125;91,53;189,92;0,00;0,00;0,00;0,19;0,00;0,00;45;27;182;26;35;225;850
8126;60,23;-154,14;0,00;0,00;0,00;-0,15;0,00;0,00;290;101;100;30;34;921;742
8127;47,93;-214,64;0,00;0,00;0,00;-0,21;0,00;0,00;98;35;134;23;22;575;443
8128;61,79;-133,53;0,00;0,00;0,00;-0,13;0,00;0,00;464;161;113;13;21;149;102
8129;40,77;-306,65;0,00;0,00;0,00;-0,31;0,00;0,00;22;142;138;23;22;709;633
8130;100,00;312,60;0,00;0,00;0,00;0,31;0,00;0,00;251;105;149;34;27;898;920
8131;47,72;-232,98;0,00;0,00;0,00;-0,23;0,00;0,00;238;122;154;44;39;915;894
8132;28,07;-373,72;0,00;0,00;0,00;-0,37;0,00;0,00;372;186;27;19;26;520;217
8133;30,11;-355,78;0,00;0,00;0,00;-0,36;0,00;0,00;434;84;13;45;20;710;538
8134;73,10;18,00;0,00;0,00;0,00;0,02;0,00;0,00;304;112;29;33;29;660;634
8135;55,85;-149,58;0,00;0,00;0,00;-0,15;0,00;0,00;250;149;110;20;28;328;630
8136;22,14;-499,07;0,00;0,00;0,00;-0,50;0,00;0,00;82;193;85;16;16;303;231
8137;63,38;-102,32;0,00;0,00;0,00;-0,10;0,00;0,00;27;33;155;11;19;105;839
8138;46,15;-306,00;0,00;0,00;0,00;-0,31;0,00;0,00;479;143;83;48;34;243;679
8139;86,30;187,93;0,00;0,00;0,00;0,19;0,00;0,00;287;180;21;33;23;170;795
8140;38,03;-290,89;0,00;0,00;0,00;-0,29;0,00;0,00;336;116;68;40;24;826;218
8141;26,87;-515,44;0,00;0,00;0,00;-0,52;0,00;0,00;45;141;64;30;29;825;137
8142;41,52;-317,83;0,00;0,00;0,00;-0,32;0,00;0,00;424;174;118;10;17;293;137
8143;58,43;-158,75;0,00;0,00;0,00;-0,16;0,00;0,00;39;105;141;38;37;305;214
8144;25,88;-474,21;0,00;0,00;0,00;-0,47;0,00;0,00;204;139;151;12;26;405;729
8145;42,94;-214,19;0,00;0,00;0,00;-0,21;0,00;0,00;258;88;103;32;20;850;987
8146;66,70;3,55;0,00;0,00;0,00;0,00;0,00;0,00;263;192;124;25;32;544;506
8147;36,78;-297,50;0,00;0,00;0,00;-0,30;0,00;0,00;152;42;100;31;35;300;320
8148;33,00;-340,45;0,00;0,00;0,00;-0,34;0,00;0,00;144;178;144;40;20;776;693
8149;70,53;77,97;0,00;0,00;0,00;0,08;0,00;0,00;493;49;62;48;19;378;796
8150;51,66;-208,41;0,00;0,00;0,00;-0,21;0,00;0,00;476;42;10;37;38;293;314
8151;48,97;-210,74;0,00;0,00;0,00;-0,21;0,00;0,00;405;177;148;29;22;986;208
8152;35,16;-423,05;0,00;0,00;0,00;-0,42;0,00;0,00;67;176;158;40;39;198;725
8153;73,67;17,26;0,00;0,00;0,00;0,02;0,00;0,00;213;143;23;15;30;332;904
8154;51,94;-276,74;0,00;0,00;0,00;-0,28;0,00;0,00;251;36;90;42;26;907;244
8155;41,72;-280,58;0,00;0,00;0,00;-0,28;0,00;0,00;404;134;101;37;30;463;691
8156;53,40;-172,76;0,00;0,00;0,00;-0,17;0,00;0,00;67;103;116;25;26;300;150
8157;33,88;-356,25;0,00;0,00;0,00;-0,36;0,00;0,00;306;96;10;17;37;594;583
8158;23,17;-516,99;0,00;0,00;0,00;-0,52;0,00;0,00;260;198;28;41;36;322;898
8159;58,42;-126,27;0,00;0,00;0,00;-0,13;0,00;0,00;351;14;19;48;37;530;609
8160;48,17;-175,68;0,00;0,00;0,00;-0,18;0,00;0,00;10;199;157;49;28;357;447
8161;87,23;75,86;0,00;0,00;0,00;0,08;0,00;0,00;306;58;37;25;25;582;646
8162;100,00;304,87;0,00;0,00;0,00;0,30;0,00;0,00;77;96;34;23;21;306;519
8163;67,94;-56,70;0,00;0,00;0,00;-0,06;0,00;0,00;433;96;136;25;32;291;311
8164;67,26;57,36;0,00;0,00;0,00;0,06;0,00;0,00;209;81;179;25;32;401;928
8165;30,47;-411,74;0,00;0,00;0,00;-0,41;0,00;0,00;345;193;68;19;30;139;898
8166;37,70;-277,63;0,00;0,00;0,00;-0,28;0,00;0,00;103;76;49;14;21;582;714
8167;45,14;-286,95;0,00;0,00;0,00;-0,29;0,00;0,00;46;143;146;20;28;623;980
8168;55,38;-120,12;0,00;0,00;0,00;-0,12;0,00;0,00;245;179;104;15;38;833;127
8169;100,00;251,70;0,00;0,00;0,00;0,25;0,00;0,00;317;31;106;27;34;648;579
8170;14,45;-546,82;0,00;0,00;0,00;-0,55;0,00;0,00;164;29;56;21;38;954;424
8171;32,06;-356,46;0,00;0,00;0,00;-0,36;0,00;0,00;456;173;116;25;18;515;161
8172;41,67;-271,31;0,00;0,00;0,00;-0,27;0,00;0,00;347;55;46;10;22;901;204
8173;25,50;-449,12;0,00;0,00;0,00;-0,45;0,00;0,00;238;126;172;10;33;990;803
8174;59,47;-150,61;0,00;0,00;0,00;-0,15;0,00;0,00;237;192;37;12;23;685;126
8175;54,54;-142,18;0,00;0,00;0,00;-0,14;0,00;0,00;305;167;184;35;23;641;105
8176;74,42;41,28;0,00;0,00;0,00;0,04;0,00;0,00;467;24;148;38;38;798;494
8177;0,00;-674,23;0,00;0,00;0,00;-0,67;0,00;0,00;134;160;120;32;38;939;665
8178;10,19;-577,81;0,00;0,00;0,00;-0,58;0,00;0,00;216;193;102;35;29;122;323
8179;43,47;-348,88;0,00;0,00;0,00;-0,35;0,00;0,00;366;179;77;28;29;911;384
8180;0,00;-722,04;0,00;0,00;0,00;-0,72;0,00;0,00;60;105;101;27;25;729;695
8181;58,03;-137,30;0,00;0,00;0,00;-0,14;0,00;0,00;382;144;139;34;24;392;648
8182;53,78;-181,59;0,00;0,00;0,00;-0,18;0,00;0,00;95;42;69;41;26;506;298
8183;40,64;-341,96;0,00;0,00;0,00;-0,34;0,00;0,00;12;90;28;34;31;787;510
8184;23,41;-415,65;0,00;0,00;0,00;-0,42;0,00;0,00;106;192;166;27;22;478;618
8185;42,90;-378,02;0,00;0,00;0,00;-0,38;0,00;0,00;369;47;149;24;17;305;385
8186;72,73;45,33;0,00;0,00;0,00;0,05;0,00;0,00;175;23;168;21;29;496;416
8187;30,73;-224,58;0,00;0,00;0,00;-0,22;0,00;0,00;286;73;12;18;35;606;166
8188;21,87;-483,25;0,00;0,00;0,00;-0,48;0,00;0,00;250;125;192;27;30;189;952
8189;54,32;-186,39;0,00;0,00;0,00;-0,19;0,00;0,00;389;48;186;30;37;273;123
8190;75,70;47,48;0,00;0,00;0,00;0,05;0,00;0,00;282;77;98;24;34;925;666
8191;8,96;-658,85;0,00;0,00;0,00;-0,66;0,00;0,00;486;189;50;24;15;260;925
8192;28,63;-438,88;0,00;0,00;0,00;-0,44;0,00;0,00;378;31;29;46;20;363;266
8193;41,67;-354,18;0,00;0,00;0,00;-0,35;0,00;0,00;275;85;192;33;23;122;209
8194;46,05;-283,52;0,00;0,00;0,00;-0,28;0,00;0,00;151;138;100;20;24;272;372
8195;29,26;-466,37;0,00;0,00;0,00;-0,47;0,00;0,00;206;11;103;22;15;540;694
8196;59,26;-44,30;0,00;0,00;0,00;-0,04;0,00;0,00;474;192;59;17;38;323;404
8197;32,00;-435,72;0,00;0,00;0,00;-0,44;0,00;0,00;384;16;81;43;28;329;115
8198;51,34;-163,13;0,00;0,00;0,00;-0,16;0,00;0,00;385;136;81;12;24;690;740
8199;61,95;-105,51;0,00;0,00;0,00;-0,11;0,00;0,00;50;16;104;45;30;970;392
8200;37,64;-289,83;0,00;0,00;0,00;-0,29;0,00;0,00;193;55;193;42;25;888;736
8201;41,53;-398,65;0,00;0,00;0,00;-0,40;0,00;0,00;276;95;183;27;21;110;596
8202;17,96;-515,28;0,00;0,00;0,00;-0,52;0,00;0,00;436;174;46;25;32;331;393
8203;35,82;-296,93;0,00;0,00;0,00;-0,30;0,00;0,00;148;145;130;35;16;281;806
8204;67,81;-17,44;0,00;0,00;0,00;-0,02;0,00;0,00;81;149;163;14;16;927;954
8205;41,59;-284,67;0,00;0,00;0,00;-0,28;0,00;0,00;453;119;169;18;15;563;560
8206;66,88;-27,17;0,00;0,00;0,00;-0,03;0,00;0,00;329;46;27;10;32;647;995
8207;48,01;-233,76;0,00;0,00;0,00;-0,23;0,00;0,00;429;100;124;10;20;270;593
8208;45,22;-206,84;0,00;0,00;0,00;-0,21;0,00;0,00;485;106;93;45;17;142;415
8209;38,45;-324,98;0,00;0,00;0,00;-0,32;0,00;0,00;372;96;99;26;37;402;111
8210;37,74;-189,39;0,00;0,00;0,00;-0,19;0,00;0,00;153;145;158;26;33;501;101
8211;0,60;-658,90;0,00;0,00;0,00;-0,66;0,00;0,00;151;154;123;45;25;152;875
8212;67,92;51,23;0,00;0,00;0,00;0,05;0,00;0,00;234;41;17;28;22;127;786
8213;36,31;-210,35;0,00;0,00;0,00;-0,21;0,00;0,00;297;51;149;27;15;182;812
8214;81,22;83,33;0,00;0,00;0,00;0,08;0,00;0,00;163;122;69;39;28;311;185
8215;79,88;180,55;0,00;0,00;0,00;0,18;0,00;0,00;39;44;121;30;29;672;422
8216;25,93;-464,52;0,00;0,00;0,00;-0,46;0,00;0,00;485;61;157;15;19;990;822
8217;56,63;-203,76;0,00;0,00;0,00;-0,20;0,00;0,00;69;51;49;26;35;554;412
8218;4,97;-649,40;0,00;0,00;0,00;-0,65;0,00;0,00;471;187;125;10;33;352;747
8219;68,19;-36,15;0,00;0,00;0,00;-0,04;0,00;0,00;460;32;162;36;37;118;213
8220;38,40;-371,29;0,00;0,00;0,00;-0,37;0,00;0,00;161;54;70;24;23;440;786
8221;67,20;-41,71;0,00;0,00;0,00;-0,04;0,00;0,00;416;124;119;40;23;308;584
8222;43,82;-280,97;0,00;0,00;0,00;-0,28;0,00;0,00;315;39;184;29;35;929;427
8223;50,89;-190,80;0,00;0,00;0,00;-0,19;0,00;0,00;67;76;59;33;31;918;405
8224;8,75;-578,18;0,00;0,00;0,00;-0,58;0,00;0,00;220;173;127;41;25;637;380
8225;35,09;-337,45;0,00;0,00;0,00;-0,34;0,00;0,00;251;95;60;14;30;688;195
8226;50,64;-244,70;0,00;0,00;0,00;-0,24;0,00;0,00;320;21;20;44;25;325;145
8227;84,99;74,19;0,00;0,00;0,00;0,07;0,00;0,00;149;45;189;13;29;257;673
8228;18,26;-469,06;0,00;0,00;0,00;-0,47;0,00;0,00;176;42;146;15;27;508;487
8229;17,83;-471,88;0,00;0,00;0,00;-0,47;0,00;0,00;14;49;153;22;31;537;305
8230;42,31;-266,40;0,00;0,00;0,00;-0,27;0,00;0,00;367;112;193;10;23;314;129
8231;48,66;-213,52;0,00;0,00;0,00;-0,21;0,00;0,00;218;78;136;33;16;894;160
8232;53,37;-236,74;0,00;0,00;0,00;-0,24;0,00;0,00;171;181;140;20;29;216;361
8233;51,33;-162,41;0,00;0,00;0,00;-0,16;0,00;0,00;352;21;78;22;20;499;377
8234;54,32;-217,77;0,00;0,00;0,00;-0,22;0,00;0,00;333;180;62;42;16;429;263
8235;32,56;-442,25;0,00;0,00;0,00;-0,44;0,00;0,00;384;139;183;10;18;729;553
8236;46,13;-303,94;0,00;0,00;0,00;-0,30;0,00;0,00;250;157;197;25;36;843;664
8237;29,98;-411,47;0,00;0,00;0,00;-0,41;0,00;0,00;363;78;176;37;36;473;951
8238;63,22;-124,56;0,00;0,00;0,00;-0,12;0,00;0,00;50;100;86;12;29;648;819
8239;69,55;-39,43;0,00;0,00;0,00;-0,04;0,00;0,00;246;94;23;23;26;298;698
8240;33,27;-405,72;0,00;0,00;0,00;-0,41;0,00;0,00;488;182;174;40;22;141;684
8241;46,07;-235,22;0,00;0,00;0,00;-0,24;0,00;0,00;103;156;96;16;32;189;607
8242;76,42;148,80;0,00;0,00;0,00;0,15;0,00;0,00;142;122;146;15;23;474;432
8243;47,70;-208,36;0,00;0,00;0,00;-0,21;0,00;0,00;162;16;124;19;32;264;478
8244;43,41;-185,79;0,00;0,00;0,00;-0,19;0,00;0,00;307;132;64;28;31;921;770
8245;61,29;-39,12;0,00;0,00;0,00;-0,04;0,00;0,00;70;115;64;24;30;932;706
8246;53,97;-115,40;0,00;0,00;0,00;-0,12;0,00;0,00;208;60;168;27;29;815;980
8247;67,58;21,30;0,00;0,00;0,00;0,02;0,00;0,00;381;184;16;39;35;199;844
8248;43,09;-258,71;0,00;0,00;0,00;-0,26;0,00;0,00;375;96;156;40;32;743;711
8249;26,81;-496,22;0,00;0,00;0,00;-0,50;0,00;0,00;54;156;33;21;26;879;495
8250;66,05;-34,75;0,00;0,00;0,00;-0,03;0,00;0,00;463;56;85;34;34;905;269
8251;66,36;5,62;0,00;0,00;0,00;0,01;0,00;0,00;360;41;22;48;31;635;939
8252;44,99;-253,90;0,00;0,00;0,00;-0,25;0,00;0,00;174;57;93;37;35;296;311
8253;35,21;-333,15;0,00;0,00;0,00;-0,33;0,00;0,00;408;89;149;45;34;177;544
8254;78,09;85,93;0,00;0,00;0,00;0,09;0,00;0,00;186;150;26;46;39;485;499
8255;31,63;-313,78;0,00;0,00;0,00;-0,31;0,00;0,00;272;84;68;35;18;330;328
8256;100,00;301,86;0,00;0,00;0,00;0,30;0,00;0,00;494;119;194;12;17;592;204
8257;25,33;-422,92;0,00;0,00;0,00;-0,42;0,00;0,00;432;194;46;11;23;764;636
8258;50,26;-235,27;0,00;0,00;0,00;-0,24;0,00;0,00;321;63;145;24;25;958;828
8259;75,16;23,31;0,00;0,00;0,00;0,02;0,00;0,00;327;134;72;40;35;900;425
8260;10,11;-645,35;0,00;0,00;0,00;-0,65;0,00;0,00;317;46;97;12;16;941;826
8261;9,53;-625,80;0,00;0,00;0,00;-0,63;0,00;0,00;25;111;106;41;28;424;980
8262;80,39;103,24;0,00;0,00;0,00;0,10;0,00;0,00;434;81;118;14;21;158;892
8263;52,82;-180,39;0,00;0,00;0,00;-0,18;0,00;0,00;259;69;85;26;15;530;747
8264;53,96;-197,14;0,00;0,00;0,00;-0,20;0,00;0,00;165;75;100;39;27;462;194
8265;70,04;-20,16;0,00;0,00;0,00;-0,02;0,00;0,00;419;85;17;39;27;294;180
8266;74,54;19,46;0,00;0,00;0,00;0,02;0,00;0,00;396;121;28;16;39;297;444
8267;68,75;-80,19;0,00;0,00;0,00;-0,08;0,00;0,00;69;129;188;39;19;419;827
8268;75,69;15,50;0,00;0,00;0,00;0,02;0,00;0,00;291;129;95;11;25;671;353
8269;0,00;-713,69;0,00;0,00;0,00;-0,71;0,00;0,00;134;81;22;17;26;794;599
8270;39,17;-346,22;0,00;0,00;0,00;-0,35;0,00;0,00;460;132;42;28;25;807;852
8271;68,99;-46,74;0,00;0,00;0,00;-0,05;0,00;0,00;198;176;112;42;22;235;881
8272;31,00;-467,96;0,00;0,00;0,00;-0,47;0,00;0,00;219;11;185;43;18;233;308
8273;60,53;-105,76;0,00;0,00;0,00;-0,11;0,00;0,00;216;10;16;28;15;308;723
8274;65,48;-75,63;0,00;0,00;0,00;-0,08;0,00;0,00;423;168;124;45;35;973;290
8275;37,20;-399,56;0,00;0,00;0,00;-0,40;0,00;0,00;352;190;152;20;19;533;305
8276;46,98;-139,18;0,00;0,00;0,00;-0,14;0,00;0,00;223;185;10;34;30;512;660
8277;4,92;-668,90;0,00;0,00;0,00;-0,67;0,00;0,00;34;182;198;21;19;126;700
8278;62,60;-83,01;0,00;0,00;0,00;-0,08;0,00;0,00;473;28;107;19;23;291;599
8279;64,74;-141,01;0,00;0,00;0,00;-0,14;0,00;0,00;273;178;176;16;22;925;737
8280;65,64;63,25;0,00;0,00;0,00;0,06;0,00;0,00;404;33;118;44;33;481;135
8281;59,75;-142,14;0,00;0,00;0,00;-0,14;0,00;0,00;90;168;184;19;25;828;235
8282;90,92;192,57;0,00;0,00;0,00;0,19;0,00;0,00;468;100;38;34;25;898;742
8283;71,75;-32,36;0,00;0,00;0,00;-0,03;0,00;0,00;417;18;30;29;32;712;106
8284;61,56;-124,98;0,00;0,00;0,00;-0,12;0,00;0,00;184;67;171;40;24;428;553
8285;36,72;-208,66;0,00;0,00;0,00;-0,21;0,00;0,00;404;170;71;37;30;107;292
8286;79,25;104,73;0,00;0,00;0,00;0,10;0,00;0,00;162;74;19;48;37;617;803
8287;94,23;255,98;0,00;0,00;0,00;0,26;0,00;0,00;303;65;29;27;32;693;925
8288;33,55;-366,18;0,00;0,00;0,00;-0,37;0,00;0,00;77;71;56;44;38;182;657
8289;22,69;-519,33;0,00;0,00;0,00;-0,52;0,00;0,00;489;54;154;41;32;119;192
8290;100,00;363,54;0,00;0,00;0,00;0,36;0,00;0,00;144;193;162;20;17;883;959
8291;36,89;-390,15;0,00;0,00;0,00;-0,39;0,00;0,00;457;158;44;16;34;185;784
8292;88,12;177,34;0,00;0,00;0,00;0,18;0,00;0,00;169;159;56;48;35;394;928
8293;58,02;-92,08;0,00;0,00;0,00;-0,09;0,00;0,00;39;163;134;27;16;663;257
8294;83,62;183,87;0,00;0,00;0,00;0,18;0,00;0,00;471;112;43;10;26;405;253
8295;39,59;-251,72;0,00;0,00;0,00;-0,25;0,00;0,00;301;152;100;21;27;797;606
8296;64,24;-40,79;0,00;0,00;0,00;-0,04;0,00;0,00;479;103;124;18;24;497;409
8297;82,94;131,71;0,00;0,00;0,00;0,13;0,00;0,00;453;134;144;45;20;278;148
8298;72,49;-70,31;0,00;0,00;0,00;-0,07;0,00;0,00;287;42;70;46;38;662;831
8299;66,89;-14,01;0,00;0,00;0,00;-0,01;0,00;0,00;397;124;120;36;26;326;610
8300;57,62;-129,46;0,00;0,00;0,00;-0,13;0,00;0,00;238;36;88;42;24;751;988
8301;45,47;-162,90;0,00;0,00;0,00;-0,16;0,00;0,00;85;128;14;10;39;934;477
8302;78,59;79,14;0,00;0,00;0,00;0,08;0,00;0,00;233;135;20;25;28;744;690
8303;10,21;-584,86;0,00;0,00;0,00;-0,58;0,00;0,00;253;125;137;38;33;577;667
8304;98,07;200,37;0,00;0,00;0,00;0,20;0,00;0,00;107;25;91;17;18;292;763
8305;27,36;-410,83;0,00;0,00;0,00;-0,41;0,00;0,00;150;168;37;43;24;535;263
8306;63,44;-34,62;0,00;0,00;0,00;-0,03;0,00;0,00;141;74;163;26;17;972;738
8307;78,54;137,06;0,00;0,00;0,00;0,14;0,00;0,00;133;65;159;31;34;877;960
8308;87,88;156,52;0,00;0,00;0,00;0,16;0,00;0,00;87;74;33;24;28;698;417
8309;44,66;-307,48;0,00;0,00;0,00;-0,31;0,00;0,00;96;150;80;30;16;987;957
8310;88,99;246,28;0,00;0,00;0,00;0,25;0,00;0,00;142;64;105;44;28;837;607
8311;42,67;-373,48;0,00;0,00;0,00;-0,37;0,00;0,00;82;30;143;19;19;791;106
8312;61,06;-125,87;0,00;0,00;0,00;-0,13;0,00;0,00;323;127;131;38;37;329;896
8313;79,99;5,80;0,00;0,00;0,00;0,01;0,00;0,00;389;37;185;27;33;269;957
8314;85,13;136,33;0,00;0,00;0,00;0,14;0,00;0,00;403;196;182;36;28;982;627
8315;76,63;26,34;0,00;0,00;0,00;0,03;0,00;0,00;106;26;79;30;37;656;464
8316;75,09;136,05;0,00;0,00;0,00;0,14;0,00;0,00;319;82;137;24;27;874;679
8317;3,45;-625,88;0,00;0,00;0,00;-0,63;0,00;0,00;68;31;194;33;31;381;466
8318;62,46;-66,92;0,00;0,00;0,00;-0,07;0,00;0,00;333;106;20;47;31;966;984
8319;60,46;-126,31;0,00;0,00;0,00;-0,13;0,00;0,00;353;105;175;21;37;787;183
8320;72,46;3,95;0,00;0,00;0,00;0,00;0,00;0,00;94;178;16;39;15;253;557
8321;2,60;-650,23;0,00;0,00;0,00;-0,65;0,00;0,00;275;96;18;38;29;358;361
8322;70,55;-81,22;0,00;0,00;0,00;-0,08;0,00;0,00;37;77;57;30;34;196;633
8323;67,26;-35,40;0,00;0,00;0,00;-0,04;0,00;0,00;124;100;43;23;23;433;147
8324;36,64;-219,29;0,00;0,00;0,00;-0,22;0,00;0,00;78;181;92;44;18;867;606
8325;61,57;-55,66;0,00;0,00;0,00;-0,06;0,00;0,00;80;73;166;32;31;287;388
8326;39,98;-365,00;0,00;0,00;0,00;-0,36;0,00;0,00;184;109;57;40;25;510;121
8327;59,91;-110,50;0,00;0,00;0,00;-0,11;0,00;0,00;122;92;153;19;27;159;683
8328;27,33;-480,15;0,00;0,00;0,00;-0,48;0,00;0,00;294;93;49;19;18;258;241
8329;77,39;108,47;0,00;0,00;0,00;0,11;0,00;0,00;352;145;192;43;33;604;210
8330;78,39;158,08;0,00;0,00;0,00;0,16;0,00;0,00;307;187;50;36;24;910;134
8331;45,78;-301,13;0,00;0,00;0,00;-0,30;0,00;0,00;265;120;45;29;38;576;334
8332;83,19;83,79;0,00;0,00;0,00;0,08;0,00;0,00;302;173;105;10;27;173;284
8333;66,56;-84,57;0,00;0,00;0,00;-0,08;0,00;0,00;116;104;123;19;15;584;516
8334;84,56;161,72;0,00;0,00;0,00;0,16;0,00;0,00;27;71;67;11;16;106;422
8335;28,86;-349,72;0,00;0,00;0,00;-0,35;0,00;0,00;282;23;39;47;32;264;888
8336;56,16;-149,11;0,00;0,00;0,00;-0,15;0,00;0,00;143;57;40;37;15;436;142
8337;100,00;324,72;0,00;0,00;0,00;0,32;0,00;0,00;482;68;142;47;28;762;647
8338;50,88;-233,22;0,00;0,00;0,00;-0,23;0,00;0,00;171;80;13;22;29;403;862
8339;19,12;-499,97;0,00;0,00;0,00;-0,50;0,00;0,00;403;173;184;29;28;309;858
8340;35,82;-307,84;0,00;0,00;0,00;-0,31;0,00;0,00;496;168;89;11;15;497;592
8341;65,33;-29,82;0,00;0,00;0,00;-0,03;0,00;0,00;278;188;85;31;39;768;677
8342;52,09;-214,59;0,00;0,00;0,00;-0,21;0,00;0,00;243;100;32;24;20;395;691
8343;60,98;-58,49;0,00;0,00;0,00;-0,06;0,00;0,00;432;136;162;42;35;774;520
8344;57,35;-174,17;0,00;0,00;0,00;-0,17;0,00;0,00;394;155;164;36;16;114;264
8345;74,78;102,07;0,00;0,00;0,00;0,10;0,00;0,00;205;27;152;43;20;939;883
8346;67,57;31,36;0,00;0,00;0,00;0,03;0,00;0,00;25;79;82;30;38;107;644
8347;100,00;271,29;0,00;0,00;0,00;0,27;0,00;0,00;285;179;102;24;36;972;873
8348;60,24;-78,39;0,00;0,00;0,00;-0,08;0,00;0,00;351;190;56;15;28;733;679
8349;61,40;3,28;0,00;0,00;0,00;0,00;0,00;0,00;59;169;146;11;31;975;522
8350;78,20;147,80;0,00;0,00;0,00;0,15;0,00;0,00;203;23;192;11;30;703;267
8351;65,16;-55,45;0,00;0,00;0,00;-0,06;0,00;0,00;144;182;78;40;18;310;789
8352;55,61;-72,91;0,00;0,00;0,00;-0,07;0,00;0,00;222;16;102;49;30;865;124
8353;48,32;-236,54;0,00;0,00;0,00;-0,24;0,00;0,00;493;184;121;27;17;906;606
8354;0,00;-673,99;0,00;0,00;0,00;-0,67;0,00;0,00;462;147;147;13;25;806;650
8355;60,93;-150,30;0,00;0,00;0,00;-0,15;0,00;0,00;499;164;166;27;15;515;323
8356;77,54;118,89;0,00;0,00;0,00;0,12;0,00;0,00;308;168;64;39;28;228;742
8357;58,05;-134,34;0,00;0,00;0,00;-0,13;0,00;0,00;112;37;190;37;35;702;406
8358;40,22;-350,10;0,00;0,00;0,00;-0,35;0,00;0,00;333;15;116;14;19;239;706
8359;48,88;-282,03;0,00;0,00;0,00;-0,28;0,00;0,00;113;18;166;14;33;879;377
8360;92,96;236,63;0,00;0,00;0,00;0,24;0,00;0,00;297;48;40;18;20;623;335
8361;51,82;-183,64;0,00;0,00;0,00;-0,18;0,00;0,00;136;153;82;35;24;489;906
8362;82,13;111,09;0,00;0,00;0,00;0,11;0,00;0,00;309;183;110;16;17;866;460
8363;86,25;55,29;0,00;0,00;0,00;0,06;0,00;0,00;320;136;187;41;25;356;383
8364;89,13;173,44;0,00;0,00;0,00;0,17;0,00;0,00;408;117;166;33;29;691;712
8365;60,94;-81,44;0,00;0,00;0,00;-0,08;0,00;0,00;424;47;75;20;37;999;395
8366;11,05;-511,48;0,00;0,00;0,00;-0,51;0,00;0,00;121;61;88;37;34;859;570
8367;58,56;-101,53;0,00;0,00;0,00;-0,10;0,00;0,00;436;185;132;17;38;125;441
8368;66,60;1,85;0,00;0,00;0,00;0,00;0,00;0,00;157;96;153;22;15;374;321
8369;46,14;-209,52;0,00;0,00;0,00;-0,21;0,00;0,00;458;31;35;13;37;814;822
8370;48,26;-267,06;0,00;0,00;0,00;-0,27;0,00;0,00;300;62;157;39;17;477;272
8371;78,64;202,32;0,00;0,00;0,00;0,20;0,00;0,00;407;58;119;34;38;578;258
8372;82,31;154,15;0,00;0,00;0,00;0,15;0,00;0,00;248;32;24;28;17;342;196
8373;68,28;-80,31;0,00;0,00;0,00;-0,08;0,00;0,00;24;116;159;20;34;301;343
8374;87,69;148,72;0,00;0,00;0,00;0,15;0,00;0,00;70;115;87;43;37;169;663
8375;68,62;-46,14;0,00;0,00;0,00;-0,05;0,00;0,00;426;27;22;48;28;408;593
8376;27,31;-481,97;0,00;0,00;0,00;-0,48;0,00;0,00;454;17;164;16;33;946;499
8377;64,31;-141,03;0,00;0,00;0,00;-0,14;0,00;0,00;331;74;53;27;26;486;109
8378;48,05;-196,82;0,00;0,00;0,00;-0,20;0,00;0,00;372;89;184;19;15;160;594
8379;64,02;-12,06;0,00;0,00;0,00;-0,01;0,00;0,00;338;47;82;32;23;981;410
8380;44,79;-295,68;0,00;0,00;0,00;-0,30;0,00;0,00;131;131;130;19;33;378;601
8381;59,83;-68,85;0,00;0,00;0,00;-0,07;0,00;0,00;168;40;55;48;18;263;624
8382;72,75;112,57;0,00;0,00;0,00;0,11;0,00;0,00;307;20;91;23;21;928;447
8383;64,16;-56,38;0,00;0,00;0,00;-0,06;0,00;0,00;261;175;13;34;37;412;825
8384;56,37;-175,11;0,00;0,00;0,00;-0,18;0,00;0,00;86;76;195;39;21;562;895
8385;87,48;152,74;0,00;0,00;0,00;0,15;0,00;0,00;228;136;111;12;35;995;795
8386;35,74;-334,27;0,00;0,00;0,00;-0,33;0,00;0,00;73;40;85;19;33;261;240
8387;35,06;-381,20;0,00;0,00;0,00;-0,38;0,00;0,00;106;11;71;35;39;910;471
8388;32,85;-312,40;0,00;0,00;0,00;-0,31;0,00;0,00;403;128;190;40;33;181;926
8389;47,85;-186,75;0,00;0,00;0,00;-0,19;0,00;0,00;401;30;115;29;21;678;934
8390;56,69;-112,30;0,00;0,00;0,00;-0,11;0,00;0,00;84;35;13;30;28;846;632
8391;60,73;-134,42;0,00;0,00;0,00;-0,13;0,00;0,00;286;16;16;37;24;204;561
8392;74,48;38,32;0,00;0,00;0,00;0,04;0,00;0,00;140;83;13;42;33;871;479
8393;40,96;-270,80;0,00;0,00;0,00;-0,27;0,00;0,00;273;99;23;22;39;554;965
8394;45,54;-236,16;0,00;0,00;0,00;-0,24;0,00;0,00;337;27;52;16;27;173;178
8395;58,77;-83,21;0,00;0,00;0,00;-0,08;0,00;0,00;362;145;107;23;33;255;834
8396;46,72;-258,04;0,00;0,00;0,00;-0,26;0,00;0,00;151;135;155;37;27;321;258
8397;90,75;244,22;0,00;0,00;0,00;0,24;0,00;0,00;436;174;94;16;32;677;196
8398;65,52;0,75;0,00;0,00;0,00;0,00;0,00;0,00;446;60;150;39;20;573;895
8399;72,55;12,01;0,00;0,00;0,00;0,01;0,00;0,00;61;43;53;10;37;893;597
8400;52,40;-238,59;0,00;0,00;0,00;-0,24;0,00;0,00;406;30;187;29;39;691;797
8401;50,96;-209,73;0,00;0,00;0,00;-0,21;0,00;0,00;48;90;107;14;24;467;506
8402;46,97;-260,93;0,00;0,00;0,00;-0,26;0,00;0,00;56;95;163;30;37;888;543
8403;30,77;-312,35;0,00;0,00;0,00;-0,31;0,00;0,00;309;12;109;27;26;270;359
8404;0,00;-719,30;0,00;0,00;0,00;-0,72;0,00;0,00;200;53;92;12;34;869;661
8405;43,62;-244,84;0,00;0,00;0,00;-0,24;0,00;0,00;312;67;85;16;27;475;469
8406;77,77;95,04;0,00;0,00;0,00;0,10;0,00;0,00;250;86;56;33;20;316;519
8407;27,94;-410,33;0,00;0,00;0,00;-0,41;0,00;0,00;237;138;25;11;22;250;222
8408;31,80;-306,16;0,00;0,00;0,00;-0,31;0,00;0,00;472;31;94;37;21;445;241
8409;69,67;14,87;0,00;0,00;0,00;0,01;0,00;0,00;58;176;50;14;32;523;540
8410;69,29;57,69;0,00;0,00;0,00;0,06;0,00;0,00;297;131;140;37;21;848;800
8411;30,88;-423,23;0,00;0,00;0,00;-0,42;0,00;0,00;297;152;24;44;39;677;824
8412;28,99;-500,47;0,00;0,00;0,00;-0,50;0,00;0,00;401;164;55;36;25;416;658
8413;78,47;69,55;0,00;0,00;0,00;0,07;0,00;0,00;201;162;60;20;20;957;458
8414;41,41;-266,58;0,00;0,00;0,00;-0,27;0,00;0,00;385;94;116;24;38;174;494
8415;45,86;-121,02;0,00;0,00;0,00;-0,12;0,00;0,00;208;134;47;30;30;680;165
8416;35,46;-341,79;0,00;0,00;0,00;-0,34;0,00;0,00;273;39;88;33;36;677;848
8417;64,85;25,02;0,00;0,00;0,00;0,03;0,00;0,00;424;31;67;46;17;697;383
8418;64,03;-57,32;0,00;0,00;0,00;-0,06;0,00;0,00;101;164;154;33;23;552;190
8419;82,30;225,28;0,00;0,00;0,00;0,23;0,00;0,00;143;62;100;19;26;789;668
8420;54,36;-257,79;0,00;0,00;0,00;-0,26;0,00;0,00;365;51;28;44;33;701;540
8421;55,51;-117,27;0,00;0,00;0,00;-0,12;0,00;0,00;77;97;44;10;30;190;600
8422;39,55;-302,05;0,00;0,00;0,00;-0,30;0,00;0,00;394;94;193;13;15;451;165
8423;38,12;-300,52;0,00;0,00;0,00;-0,30;0,00;0,00;286;97;164;23;36;909;154
8424;100,00;195,58;0,00;0,00;0,00;0,20;0,00;0,00;75;135;45;32;31;265;476
8425;72,39;76,80;0,00;0,00;0,00;0,08;0,00;0,00;196;175;32;31;16;264;462
8426;40,15;-271,43;0,00;0,00;0,00;-0,27;0,00;0,00;412;90;119;48;35;231;783
8427;45,01;-261,30;0,00;0,00;0,00;-0,26;0,00;0,00;43;171;127;13;18;633;213
8428;8,45;-565,86;0,00;0,00;0,00;-0,57;0,00;0,00;274;99;176;36;28;935;954
8429;91,19;203,54;0,00;0,00;0,00;0,20;0,00;0,00;161;99;176;37;33;941;820
8430;13,82;-622,90;0,00;0,00;0,00;-0,62;0,00;0,00;421;178;55;28;31;211;552
8431;59,62;-108,55;0,00;0,00;0,00;-0,11;0,00;0,00;30;155;46;13;19;419;172
8432;14,83;-562,24;0,00;0,00;0,00;-0,56;0,00;0,00;30;39;131;12;38;206;651
8433;41,68;-290,20;0,00;0,00;0,00;-0,29;0,00;0,00;362;98;95;26;33;772;614
8434;33,15;-295,99;0,00;0,00;0,00;-0,30;0,00;0,00;116;22;186;25;27;257;270
8435;41,64;-267,43;0,00;0,00;0,00;-0,27;0,00;0,00;117;63;144;29;18;897;347
8436;69,96;121,35;0,00;0,00;0,00;0,12;0,00;0,00;129;178;151;27;36;405;568
8437;35,86;-361,35;0,00;0,00;0,00;-0,36;0,00;0,00;435;175;121;27;33;219;940
8438;28,10;-409,62;0,00;0,00;0,00;-0,41;0,00;0,00;182;106;81;29;30;171;479
8439;51,41;-153,66;0,00;0,00;0,00;-0,15;0,00;0,00;424;166;27;37;31;267;692
8440;5,38;-755,45;0,00;0,00;0,00;-0,76;0,00;0,00;125;84;13;34;22;685;920
8441;66,41;48,45;0,00;0,00;0,00;0,05;0,00;0,00;176;138;150;12;25;463;330
8442;37,90;-318,28;0,00;0,00;0,00;-0,32;0,00;0,00;89;193;20;23;21;832;567
8443;28,27;-393,10;0,00;0,00;0,00;-0,39;0,00;0,00;160;71;190;44;38;325;995
8444;22,81;-510,10;0,00;0,00;0,00;-0,51;0,00;0,00;210;93;129;27;15;925;765
8445;75,72;88,32;0,00;0,00;0,00;0,09;0,00;0,00;425;41;90;23;29;281;719
8446;20,50;-504,98;0,00;0,00;0,00;-0,50;0,00;0,00;18;75;100;33;21;544;862
8447;46,56;-228,38;0,00;0,00;0,00;-0,23;0,00;0,00;185;14;74;36;31;641;246
8448;42,75;-256,95;0,00;0,00;0,00;-0,26;0,00;0,00;436;150;151;15;24;571;779
8449;43,20;-169,89;0,00;0,00;0,00;-0,17;0,00;0,00;462;77;148;30;25;276;482
8450;27,60;-491,95;0,00;0,00;0,00;-0,49;0,00;0,00;418;58;75;15;21;906;796
8451;10,12;-631,87;0,00;0,00;0,00;-0,63;0,00;0,00;474;149;141;48;34;582;615
8452;30,26;-434,75;0,00;0,00;0,00;-0,43;0,00;0,00;395;87;151;10;20;831;454
8453;24,36;-533,74;0,00;0,00;0,00;-0,53;0,00;0,00;337;79;106;49;38;275;952
8454;53,44;-147,49;0,00;0,00;0,00;-0,15;0,00;0,00;429;78;49;14;22;472;119
8455;95,77;180,47;0,00;0,00;0,00;0,18;0,00;0,00;181;122;146;36;30;491;659
8456;63,51;-109,16;0,00;0,00;0,00;-0,11;0,00;0,00;395;66;20;14;28;396;572
8457;56,76;-164,80;0,00;0,00;0,00;-0,16;0,00;0,00;88;106;47;44;37;207;833
8458;82,08;133,87;0,00;0,00;0,00;0,13;0,00;0,00;465;97;42;49;15;707;264
8459;79,62;116,02;0,00;0,00;0,00;0,12;0,00;0,00;419;17;73;12;35;164;976
8460;27,68;-456,41;0,00;0,00;0,00;-0,46;0,00;0,00;325;50;72;41;29;390;127
8461;26,81;-360,22;0,00;0,00;0,00;-0,36;0,00;0,00;10;97;130;20;29;550;355
8462;0,00;-747,41;0,00;0,00;0,00;-0,75;0,00;0,00;59;185;108;18;34;434;593
8463;40,92;-295,77;0,00;0,00;0,00;-0,30;0,00;0,00;46;199;151;18;15;101;763
8464;52,02;-204,86;0,00;0,00;0,00;-0,20;0,00;0,00;16;35;123;17;25;828;894
8465;74,43;104,79;0,00;0,00;0,00;0,10;0,00;0,00;247;182;197;46;25;992;227
8466;31,17;-348,30;0,00;0,00;0,00;-0,35;0,00;0,00;284;148;173;45;17;304;719
8467;36,86;-391,56;0,00;0,00;0,00;-0,39;0,00;0,00;141;56;183;17;25;359;614
8468;8,06;-613,44;0,00;0,00;0,00;-0,61;0,00;0,00;20;120;47;33;16;224;730
8469;69,11;83,59;0,00;0,00;0,00;0,08;0,00;0,00;58;81;10;33;31;193;450
8470;91,00;256,16;0,00;0,00;0,00;0,26;0,00;0,00;84;23;104;30;30;187;105
8471;45,37;-184,19;0,00;0,00;0,00;-0,18;0,00;0,00;480;72;132;29;26;120;118
8472;31,46;-371,13;0,00;0,00;0,00;-0,37;0,00;0,00;220;75;100;11;27;670;925
8473;59,00;-95,16;0,00;0,00;0,00;-0,10;0,00;0,00;340;164;38;18;30;471;618
8474;35,88;-452,97;0,00;0,00;0,00;-0,45;0,00;0,00;183;20;40;49;36;807;533
8475;0,00;-711,15;0,00;0,00;0,00;-0,71;0,00;0,00;393;32;72;37;19;310;720
8476;46,65;-196,85;0,00;0,00;0,00;-0,20;0,00;0,00;477;122;30;40;20;773;506
8477;37,79;-295,42;0,00;0,00;0,00;-0,30;0,00;0,00;314;93;165;31;17;645;413
8478;72,40;-26,20;0,00;0,00;0,00;-0,03;0,00;0,00;155;63;147;21;17;280;584
8479;76,48;62,95;0,00;0,00;0,00;0,06;0,00;0,00;386;78;96;26;27;352;486
8480;78,13;163,44;0,00;0,00;0,00;0,16;0,00;0,00;209;74;120;15;22;810;458
8481;83,46;152,37;0,00;0,00;0,00;0,15;0,00;0,00;39;31;157;33;39;417;580
8482;52,32;-150,58;0,00;0,00;0,00;-0,15;0,00;0,00;15;148;98;38;23;738;789
8483;22,01;-476,23;0,00;0,00;0,00;-0,48;0,00;0,00;252;30;66;18;21;894;109
8484;64,66;-48,90;0,00;0,00;0,00;-0,05;0,00;0,00;222;166;69;28;20;296;535
8485;47,80;-277,53;0,00;0,00;0,00;-0,28;0,00;0,00;342;58;91;30;33;451;750
8486;75,43;11,31;0,00;0,00;0,00;0,01;0,00;0,00;313;72;123;23;15;445;725
8487;56,69;-172,09;0,00;0,00;0,00;-0,17;0,00;0,00;277;147;154;36;20;362;216
8488;32,86;-338,78;0,00;0,00;0,00;-0,34;0,00;0,00;331;130;147;42;17;151;684
8489;34,36;-321,58;0,00;0,00;0,00;-0,32;0,00;0,00;381;188;88;22;31;450;721
8490;49,84;-218,23;0,00;0,00;0,00;-0,22;0,00;0,00;420;101;96;28;20;766;556
8491;48,05;-267,51;0,00;0,00;0,00;-0,27;0,00;0,00;418;57;50;18;35;914;927
8492;69,28;92,45;0,00;0,00;0,00;0,09;0,00;0,00;474;138;99;34;23;293;533
8493;47,79;-261,92;0,00;0,00;0,00;-0,26;0,00;0,00;62;12;46;10;27;667;610
8494;73,79;74,16;0,00;0,00;0,00;0,07;0,00;0,00;254;161;159;45;39;664;151
8495;69,91;-6,54;0,00;0,00;0,00;-0,01;0,00;0,00;98;61;46;41;23;425;351
8496;99,21;349,56;0,00;0,00;0,00;0,35;0,00;0,00;338;78;100;11;34;506;986
8497;51,59;-203,10;0,00;0,00;0,00;-0,20;0,00;0,00;94;48;161;31;23;942;279
8498;66,40;-18,46;0,00;0,00;0,00;-0,02;0,00;0,00;147;68;26;33;26;954;651
8499;59,94;-144,23;0,00;0,00;0,00;-0,14;0,00;0,00;178;146;148;17;26;335;560
8500;28,39;-379,01;0,00;0,00;0,00;-0,38;0,00;0,00;249;118;94;28;27;633;104
8501;59,26;-97,02;0,00;0,00;0,00;-0,10;0,00;0,00;452;61;50;10;34;641;963
8502;69,87;32,75;0,00;0,00;0,00;0,03;0,00;0,00;82;71;30;35;31;652;485
8503;61,90;-201,91;0,00;0,00;0,00;-0,20;0,00;0,00;453;13;187;44;37;970;665
8504;74,01;0,39;0,00;0,00;0,00;0,00;0,00;0,00;373;47;56;29;31;748;237
8505;71,51;134,16;0,00;0,00;0,00;0,13;0,00;0,00;151;26;145;28;20;372;288
8506;76,76;39,65;0,00;0,00;0,00;0,04;0,00;0,00;272;160;139;44;28;841;383
8507;71,56;2,94;0,00;0,00;0,00;0,00;0,00;0,00;230;17;75;13;31;475;507
8508;26,56;-319,94;0,00;0,00;0,00;-0,32;0,00;0,00;114;159;13;42;29;443;400
8509;100,00;361,82;0,00;0,00;0,00;0,36;0,00;0,00;452;107;102;20;32;146;527
8510;42,44;-282,05;0,00;0,00;0,00;-0,28;0,00;0,00;37;70;11;28;31;558;865
8511;15,09;-471,07;0,00;0,00;0,00;-0,47;0,00;0,00;163;60;62;24;15;112;740
8512;41,36;-302,15;0,00;0,00;0,00;-0,30;0,00;0,00;494;16;87;30;32;989;307
8513;28,74;-368,50;0,00;0,00;0,00;-0,37;0,00;0,00;484;158;22;43;38;727;908
8514;88,45;177,13;0,00;0,00;0,00;0,18;0,00;0,00;248;97;151;19;25;758;609
8515;57,42;-51,53;0,00;0,00;0,00;-0,05;0,00;0,00;336;145;156;25;16;139;144
8516;65,95;-22,65;0,00;0,00;0,00;-0,02;0,00;0,00;165;120;89;21;35;380;943
8517;43,44;-302,96;0,00;0,00;0,00;-0,30;0,00;0,00;107;22;140;47;19;128;765
8518;67,63;18,10;0,00;0,00;0,00;0,02;0,00;0,00;453;154;94;38;25;231;138
8519;96,33;286,39;0,00;0,00;0,00;0,29;0,00;0,00;242;99;74;39;28;524;728
8520;78,58;75,77;0,00;0,00;0,00;0,08;0,00;0,00;267;137;49;43;20;718;723
8521;80,08;172,61;0,00;0,00;0,00;0,17;0,00;0,00;98;135;114;35;24;844;673
8522;77,32;42,90;0,00;0,00;0,00;0,04;0,00;0,00;17;96;77;10;18;107;947
8523;64,26;-30,85;0,00;0,00;0,00;-0,03;0,00;0,00;496;77;21;41;26;982;987
8524;0,00;-643,71;0,00;0,00;0,00;-0,64;0,00;0,00;22;44;185;13;17;992;989
8525;77,87;95,83;0,00;0,00;0,00;0,10;0,00;0,00;289;105;145;41;21;164;426
8526;81,50;173,02;0,00;0,00;0,00;0,17;0,00;0,00;491;95;167;15;17;717;317
8527;83,23;191,98;0,00;0,00;0,00;0,19;0,00;0,00;34;39;183;23;24;410;493
8528;85,23;189,42;0,00;0,00;0,00;0,19;0,00;0,00;410;25;33;19;22;474;985
8529;37,76;-325,13;0,00;0,00;0,00;-0,33;0,00;0,00;338;87;125;15;32;957;515
8530;14,27;-457,87;0,00;0,00;0,00;-0,46;0,00;0,00;220;83;180;16;20;819;478
8531;68,25;-52,42;0,00;0,00;0,00;-0,05;0,00;0,00;393;12;108;40;37;726;530
8532;43,34;-209,27;0,00;0,00;0,00;-0,21;0,00;0,00;120;127;40;15;17;390;144
8533;52,86;-124,02;0,00;0,00;0,00;-0,12;0,00;0,00;340;186;95;34;25;677;745
8534;28,63;-361,01;0,00;0,00;0,00;-0,36;0,00;0,00;227;48;149;16;39;859;229
8535;80,35;80,36;0,00;0,00;0,00;0,08;0,00;0,00;338;140;173;29;21;738;385
8536;37,03;-279,11;0,00;0,00;0,00;-0,28;0,00;0,00;168;50;89;11;20;972;178
8537;17,43;-528,91;0,00;0,00;0,00;-0,53;0,00;0,00;58;75;11;31;24;493;363
8538;74,02;1,22;0,00;0,00;0,00;0,00;0,00;0,00;319;88;130;27;17;656;898
8539;61,83;-66,36;0,00;0,00;0,00;-0,07;0,00;0,00;197;195;155;29;31;932;570
8540;27,69;-490,14;0,00;0,00;0,00;-0,49;0,00;0,00;454;30;73;46;38;555;986
8541;85,47;136,99;0,00;0,00;0,00;0,14;0,00;0,00;455;154;132;46;34;957;178
8542;66,30;-114,06;0,00;0,00;0,00;-0,11;0,00;0,00;46;83;87;48;21;189;173
8543;46,97;-154,72;0,00;0,00;0,00;-0,15;0,00;0,00;40;91;107;25;30;196;284
8544;25,83;-456,44;0,00;0,00;0,00;-0,46;0,00;0,00;118;95;26;34;38;245;104
8545;56,42;-197,51;0,00;0,00;0,00;-0,20;0,00;0,00;188;155;55;31;33;536;668
8546;36,03;-372,31;0,00;0,00;0,00;-0,37;0,00;0,00;498;17;178;48;31;905;705
8547;35,74;-411,79;0,00;0,00;0,00;-0,41;0,00;0,00;259;124;16;26;32;244;607
8548;37,82;-239,53;0,00;0,00;0,00;-0,24;0,00;0,00;37;89;55;42;37;901;866
8549;53,47;-153,87;0,00;0,00;0,00;-0,15;0,00;0,00;358;109;52;35;39;896;635
8550;56,88;-114,94;0,00;0,00;0,00;-0,11;0,00;0,00;21;168;20;14;27;259;971
8551;50,12;-167,24;0,00;0,00;0,00;-0,17;0,00;0,00;357;162;35;15;22;165;663
8552;51,05;-83,03;0,00;0,00;0,00;-0,08;0,00;0,00;308;72;168;10;38;361;525
8553;26,32;-392,44;0,00;0,00;0,00;-0,39;0,00;0,00;402;140;66;17;26;529;745
8554;76,07;67,15;0,00;0,00;0,00;0,07;0,00;0,00;66;139;194;38;32;231;985
8555;56,83;-151,22;0,00;0,00;0,00;-0,15;0,00;0,00;29;63;27;21;25;207;768
8556;40,63;-350,69;0,00;0,00;0,00;-0,35;0,00;0,00;238;25;66;48;28;675;742
8557;78,10;47,58;0,00;0,00;0,00;0,05;0,00;0,00;245;98;113;17;30;512;387
8558;58,32;-72,38;0,00;0,00;0,00;-0,07;0,00;0,00;171;21;164;45;26;517;841
8559;13,45;-523,39;0,00;0,00;0,00;-0,52;0,00;0,00;330;40;175;13;37;996;455
8560;10,57;-639,72;0,00;0,00;0,00;-0,64;0,00;0,00;254;131;49;25;32;482;715
8561;40,62;-284,83;0,00;0,00;0,00;-0,28;0,00;0,00;163;158;108;40;19;103;614
8562;70,19;8,19;0,00;0,00;0,00;0,01;0,00;0,00;369;53;112;14;26;245;304
8563;77,78;0,35;0,00;0,00;0,00;0,00;0,00;0,00;33;73;24;35;17;669;445
8564;73,64;90,26;0,00;0,00;0,00;0,09;0,00;0,00;287;61;69;48;16;418;808
8565;22,57;-488,19;0,00;0,00;0,00;-0,49;0,00;0,00;388;34;139;39;18;711;220
8566;47,66;-167,20;0,00;0,00;0,00;-0,17;0,00;0,00;148;122;121;35;30;438;839
8567;70,21;51,03;0,00;0,00;0,00;0,05;0,00;0,00;42;118;170;26;20;207;574
8568;82,53;145,23;0,00;0,00;0,00;0,15;0,00;0,00;195;181;135;33;39;655;701
8569;51,76;-52,24;0,00;0,00;0,00;-0,05;0,00;0,00;124;28;109;13;20;892;546
8570;61,29;2,31;0,00;0,00;0,00;0,00;0,00;0,00;139;129;106;20;37;954;724
8571;88,39;201,05;0,00;0,00;0,00;0,20;0,00;0,00;171;54;38;41;35;298;775
8572;56,82;-147,78;0,00;0,00;0,00;-0,15;0,00;0,00;47;91;110;29;28;137;240
8573;46,61;-235,44;0,00;0,00;0,00;-0,24;0,00;0,00;13;122;107;40;22;459;268
8574;93,33;224,64;0,00;0,00;0,00;0,22;0,00;0,00;478;27;30;13;33;600;584
8575;94,15;263,37;0,00;0,00;0,00;0,26;0,00;0,00;84;175;56;14;32;902;102
8576;51,11;-186,85;0,00;0,00;0,00;-0,19;0,00;0,00;118;26;84;19;33;938;195
8577;68,54;-60,26;0,00;0,00;0,00;-0,06;0,00;0,00;312;148;28;15;23;653;801
8578;78,61;60,16;0,00;0,00;0,00;0,06;0,00;0,00;416;134;19;45;34;630;308
8579;5,80;-656,63;0,00;0,00;0,00;-0,66;0,00;0,00;193;83;39;29;29;945;300
8580;82,19;97,73;0,00;0,00;0,00;0,10;0,00;0,00;230;22;20;38;17;985;202
8581;69,44;-5,90;0,00;0,00;0,00;-0,01;0,00;0,00;154;176;62;32;15;219;213
8582;75,26;49,84;0,00;0,00;0,00;0,05;0,00;0,00;153;179;71;47;36;207;788
8583;72,04;0,48;0,00;0,00;0,00;0,00;0,00;0,00;394;24;69;44;24;832;959
8584;39,34;-349,80;0,00;0,00;0,00;-0,35;0,00;0,00;309;35;179;33;31;150;202
8585;47,40;-242,82;0,00;0,00;0,00;-0,24;0,00;0,00;361;100;97;31;24;297;275
8586;13,14;-547,57;0,00;0,00;0,00;-0,55;0,00;0,00;294;149;174;40;36;392;833
8587;29,37;-392,64;0,00;0,00;0,00;-0,39;0,00;0,00;63;114;74;16;31;313;346
8588;42,18;-339,90;0,00;0,00;0,00;-0,34;0,00;0,00;72;91;100;31;39;329;945
8589;32,99;-385,56;0,00;0,00;0,00;-0,39;0,00;0,00;19;64;174;18;16;826;185
8590;77,27;57,64;0,00;0,00;0,00;0,06;0,00;0,00;261;137;69;49;23;903;891
8591;74,17;72,93;0,00;0,00;0,00;0,07;0,00;0,00;297;43;123;30;38;613;156
8592;40,47;-362,95;0,00;0,00;0,00;-0,36;0,00;0,00;312;127;122;44;18;456;177
8593;89,79;150,11;0,00;0,00;0,00;0,15;0,00;0,00;209;179;122;19;37;512;245
8594;21,90;-448,02;0,00;0,00;0,00;-0,45;0,00;0,00;497;142;62;32;21;599;444
8595;45,38;-193,06;0,00;0,00;0,00;-0,19;0,00;0,00;257;196;102;37;35;720;593
8596;36,98;-321,35;0,00;0,00;0,00;-0,32;0,00;0,00;51;150;21;42;35;838;871
8597;76,02;23,93;0,00;0,00;0,00;0,02;0,00;0,00;146;120;148;27;27;899;845
8598;76,94;86,91;0,00;0,00;0,00;0,09;0,00;0,00;379;109;154;34;15;441;384
8599;47,32;-226,45;0,00;0,00;0,00;-0,23;0,00;0,00;22;85;153;25;30;178;354
8600;48,65;-175,14;0,00;0,00;0,00;-0,18;0,00;0,00;411;138;82;32;39;500;552
8601;65,26;-60,66;0,00;0,00;0,00;-0,06;0,00;0,00;79;125;117;31;25;376;952
8602;34,70;-376,00;0,00;0,00;0,00;-0,38;0,00;0,00;60;13;165;34;23;468;314
8603;17,54;-470,13;0,00;0,00;0,00;-0,47;0,00;0,00;100;140;114;33;20;272;936
8604;38,49;-318,97;0,00;0,00;0,00;-0,32;0,00;0,00;253;173;148;32;28;783;247
8605;26,25;-479,25;0,00;0,00;0,00;-0,48;0,00;0,00;465;105;68;49;25;398;604
8606;50,17;-191,98;0,00;0,00;0,00;-0,19;0,00;0,00;382;102;183;43;27;409;775
8607;64,40;-44,19;0,00;0,00;0,00;-0,04;0,00;0,00;249;72;100;34;36;452;185
8608;65,55;-83,36;0,00;0,00;0,00;-0,08;0,00;0,00;168;122;140;20;30;480;368
8609;79,45;140,62;0,00;0,00;0,00;0,14;0,00;0,00;259;113;103;11;18;492;527
8610;45,94;-305,19;0,00;0,00;0,00;-0,31;0,00;0,00;104;48;69;49;17;393;266
8611;63,22;-121,54;0,00;0,00;0,00;-0,12;0,00;0,00;271;35;61;49;26;977;551
8612;38,03;-321,49;0,00;0,00;0,00;-0,32;0,00;0,00;108;151;154;45;29;139;167
8613;45,51;-229,42;0,00;0,00;0,00;-0,23;0,00;0,00;359;45;78;30;18;514;862
8614;60,88;-85,71;0,00;0,00;0,00;-0,09;0,00;0,00;357;76;83;26;37;616;183
8615;50,84;-139,82;0,00;0,00;0,00;-0,14;0,00;0,00;442;86;126;34;39;617;820
8616;33,58;-377,86;0,00;0,00;0,00;-0,38;0,00;0,00;453;171;71;11;16;938;731
8617;61,08;-31,15;0,00;0,00;0,00;-0,03;0,00;0,00;56;167;94;29;15;426;731
8618;33,30;-449,79;0,00;0,00;0,00;-0,45;0,00;0,00;115;172;129;35;26;158;591
8619;46,04;-276,65;0,00;0,00;0,00;-0,28;0,00;0,00;152;109;63;46;26;428;909
8620;66,61;-93,33;0,00;0,00;0,00;-0,09;0,00;0,00;56;20;146;22;31;923;563
8621;17,50;-483,00;0,00;0,00;0,00;-0,48;0,00;0,00;197;56;73;45;21;115;327
8622;30,10;-360,27;0,00;0,00;0,00;-0,36;0,00;0,00;195;21;16;25;16;520;319
8623;69,22;-100,95;0,00;0,00;0,00;-0,10;0,00;0,00;97;24;116;48;23;971;556
8624;76,13;13,19;0,00;0,00;0,00;0,01;0,00;0,00;457;191;36;21;32;155;651
8625;52,93;-233,36;0,00;0,00;0,00;-0,23;0,00;0,00;66;65;117;43;33;683;663
8626;100,00;345,89;0,00;0,00;0,00;0,35;0,00;0,00;305;19;176;30;15;100;384
8627;84,42;161,63;0,00;0,00;0,00;0,16;0,00;0,00;334;88;182;13;20;205;590
8628;59,72;-100,86;0,00;0,00;0,00;-0,10;0,00;0,00;375;151;115;29;29;819;877
8629;70,63;87,54;0,00;0,00;0,00;0,09;0,00;0,00;21;145;12;37;19;982;436
8630;56,36;-145,92;0,00;0,00;0,00;-0,15;0,00;0,00;432;14;191;45;16;573;946
8631;29,56;-379,54;0,00;0,00;0,00;-0,38;0,00;0,00;264;35;69;25;39;120;578
8632;56,92;-180,65;0,00;0,00;0,00;-0,18;0,00;0,00;403;31;104;39;33;425;283
8633;60,73;-31,02;0,00;0,00;0,00;-0,03;0,00;0,00;277;83;166;35;38;859;746
8634;33,00;-238,93;0,00;0,00;0,00;-0,24;0,00;0,00;268;39;72;26;21;870;951
8635;36,66;-280,11;0,00;0,00;0,00;-0,28;0,00;0,00;165;22;121;41;37;220;726
8636;50,08;-114,75;0,00;0,00;0,00;-0,11;0,00;0,00;162;181;85;41;18;364;515
8637;43,67;-180,86;0,00;0,00;0,00;-0,18;0,00;0,00;117;170;141;36;30;636;956
8638;5,25;-779,42;0,00;0,00;0,00;-0,78;0,00;0,00;44;52;171;20;24;849;537
8639;65,64;-36,94;0,00;0,00;0,00;-0,04;0,00;0,00;277;70;106;26;29;581;449
8640;87,39;163,77;0,00;0,00;0,00;0,16;0,00;0,00;472;156;62;15;15;831;681
8641;23,30;-497,66;0,00;0,00;0,00;-0,50;0,00;0,00;400;27;174;27;19;670;974
8642;38,28;-393,61;0,00;0,00;0,00;-0,39;0,00;0,00;46;133;69;14;15;927;589
8643;70,93;0,25;0,00;0,00;0,00;0,00;0,00;0,00;302;158;52;42;25;256;568
8644;60,39;-151,55;0,00;0,00;0,00;-0,15;0,00;0,00;365;173;55;39;22;157;193
8645;46,72;-230,04;0,00;0,00;0,00;-0,23;0,00;0,00;439;100;75;17;29;386;109
8646;60,81;1,62;0,00;0,00;0,00;0,00;0,00;0,00;399;60;184;34;21;751;979
8647;100,00;246,05;0,00;0,00;0,00;0,25;0,00;0,00;481;119;82;36;30;125;946
8648;43,42;-321,07;0,00;0,00;0,00;-0,32;0,00;0,00;378;75;140;42;23;974;237
8649;60,03;-85,75;0,00;0,00;0,00;-0,09;0,00;0,00;48;45;139;41;31;667;122
8650;100,00;215,37;0,00;0,00;0,00;0,22;0,00;0,00;211;37;54;33;21;245;583
8651;42,69;-289,44;0,00;0,00;0,00;-0,29;0,00;0,00;210;138;111;28;32;380;785
8652;54,70;-120,55;0,00;0,00;0,00;-0,12;0,00;0,00;297;10;189;39;29;621;172
8653;41,36;-285,44;0,00;0,00;0,00;-0,29;0,00;0,00;404;162;96;41;29;118;884
8654;66,50;-61,19;0,00;0,00;0,00;-0,06;0,00;0,00;310;154;111;40;31;679;950
8655;51,46;-135,35;0,00;0,00;0,00;-0,14;0,00;0,00;69;133;40;27;35;234;712
8656;53,48;-124,84;0,00;0,00;0,00;-0,12;0,00;0,00;238;160;153;42;26;981;234
8657;100,00;341,69;0,00;0,00;0,00;0,34;0,00;0,00;96;64;138;26;29;551;835
8658;84,88;178,47;0,00;0,00;0,00;0,18;0,00;0,00;191;177;11;20;21;584;575
8659;46,67;-183,85;0,00;0,00;0,00;-0,18;0,00;0,00;403;139;105;30;28;646;228
8660;16,51;-409,34;0,00;0,00;0,00;-0,41;0,00;0,00;13;108;113;11;21;524;207
8661;66,80;77,92;0,00;0,00;0,00;0,08;0,00;0,00;476;94;115;49;19;224;812
8662;4,42;-648,09;0,00;0,00;0,00;-0,65;0,00;0,00;275;144;118;45;19;525;753
8663;24,45;-456,47;0,00;0,00;0,00;-0,46;0,00;0,00;457;38;101;36;37;931;773
8664;57,03;-44,21;0,00;0,00;0,00;-0,04;0,00;0,00;115;32;56;48;21;654;181
8665;36,70;-389,90;0,00;0,00;0,00;-0,39;0,00;0,00;481;54;151;18;38;898;337
8666;94,25;207,89;0,00;0,00;0,00;0,21;0,00;0,00;225;26;48;33;24;624;368
8667;77,04;31,65;0,00;0,00;0,00;0,03;0,00;0,00;259;95;80;41;16;197;189
8668;74,26;47,48;0,00;0,00;0,00;0,05;0,00;0,00;479;102;19;12;16;480;998
8669;53,01;-182,95;0,00;0,00;0,00;-0,18;0,00;0,00;179;58;161;28;21;259;586
8670;49,52;-231,66;0,00;0,00;0,00;-0,23;0,00;0,00;372;156;101;29;31;252;113
8671;68,99;-77,65;0,00;0,00;0,00;-0,08;0,00;0,00;197;49;182;19;21;783;366
8672;27,23;-450,72;0,00;0,00;0,00;-0,45;0,00;0,00;145;129;55;18;24;510;861
8673;65,81;-94,64;0,00;0,00;0,00;-0,09;0,00;0,00;429;128;28;29;22;300;542
8674;14,44;-524,49;0,00;0,00;0,00;-0,52;0,00;0,00;477;70;118;34;35;989;708
8675;11,87;-523,14;0,00;0,00;0,00;-0,52;0,00;0,00;495;135;79;25;29;376;296
8676;57,03;-160,64;0,00;0,00;0,00;-0,16;0,00;0,00;96;123;126;43;39;680;268
8677;60,44;-92,09;0,00;0,00;0,00;-0,09;0,00;0,00;203;90;166;22;25;308;901
8678;61,06;-102,85;0,00;0,00;0,00;-0,10;0,00;0,00;285;60;13;22;37;735;712
8679;26,99;-466,54;0,00;0,00;0,00;-0,47;0,00;0,00;118;13;124;46;19;649;551
8680;51,53;-166,92;0,00;0,00;0,00;-0,17;0,00;0,00;130;108;133;37;23;564;427
8681;28,28;-440,67;0,00;0,00;0,00;-0,44;0,00;0,00;427;177;16;44;39;998;730
8682;17,32;-467,90;0,00;0,00;0,00;-0,47;0,00;0,00;341;192;18;34;33;813;691
8683;66,33;6,32;0,00;0,00;0,00;0,01;0,00;0,00;108;92;129;41;36;835;477
8684;29,72;-364,86;0,00;0,00;0,00;-0,36;0,00;0,00;139;21;60;27;16;994;110
8685;0,00;-658,34;0,00;0,00;0,00;-0,66;0,00;0,00;129;138;168;30;37;271;803
8686;43,76;-236,02;0,00;0,00;0,00;-0,24;0,00;0,00;333;128;73;29;32;643;169
8687;51,48;-291,91;0,00;0,00;0,00;-0,29;0,00;0,00;21;76;166;35;15;990;679
8688;15,95;-582,28;0,00;0,00;0,00;-0,58;0,00;0,00;219;188;179;41;17;727;756
8689;73,87;43,44;0,00;0,00;0,00;0,04;0,00;0,00;163;159;173;47;33;563;623
8690;38,94;-305,94;0,00;0,00;0,00;-0,31;0,00;0,00;492;191;172;19;26;517;737
8691;73,90;-19,41;0,00;0,00;0,00;-0,02;0,00;0,00;431;197;152;31;39;859;459
8692;32,78;-540,80;0,00;0,00;0,00;-0,54;0,00;0,00;317;144;13;32;31;306;527
8693;38,04;-307,40;0,00;0,00;0,00;-0,31;0,00;0,00;467;134;92;28;24;642;845
8694;60,39;-119,58;0,00;0,00;0,00;-0,12;0,00;0,00;209;68;193;38;15;577;517
8695;36,92;-363,93;0,00;0,00;0,00;-0,36;0,00;0,00;282;182;150;25;37;324;959
8696;46,50;-225,26;0,00;0,00;0,00;-0,23;0,00;0,00;336;53;153;38;39;224;469
8697;41,12;-333,13;0,00;0,00;0,00;-0,33;0,00;0,00;485;19;178;30;16;804;443
8698;57,51;-271,08;0,00;0,00;0,00;-0,27;0,00;0,00;172;156;58;14;34;211;335
8699;14,68;-575,63;0,00;0,00;0,00;-0,58;0,00;0,00;341;164;101;25;20;553;688
8700;59,33;-111,39;0,00;0,00;0,00;-0,11;0,00;0,00;192;92;165;46;26;288;122
8701;55,38;-142,04;0,00;0,00;0,00;-0,14;0,00;0,00;150;63;90;28;23;524;924
8702;95,31;175,78;0,00;0,00;0,00;0,18;0,00;0,00;130;151;16;20;21;202;746
8703;80,09;92,52;0,00;0,00;0,00;0,09;0,00;0,00;55;66;23;40;19;517;207
8704;88,17;164,10;0,00;0,00;0,00;0,16;0,00;0,00;223;117;116;41;38;985;889
8705;44,10;-278,96;0,00;0,00;0,00;-0,28;0,00;0,00;111;96;54;19;23;199;503
8706;8,63;-550,96;0,00;0,00;0,00;-0,55;0,00;0,00;40;79;11;37;20;766;144
8707;70,97;57,11;0,00;0,00;0,00;0,06;0,00;0,00;170;199;161;42;28;488;643
8708;48,68;-153,08;0,00;0,00;0,00;-0,15;0,00;0,00;103;177;63;39;19;746;994
8709;45,08;-317,52;0,00;0,00;0,00;-0,32;0,00;0,00;266;117;79;30;24;357;980
8710;38,00;-363,42;0,00;0,00;0,00;-0,36;0,00;0,00;432;23;74;44;28;371;740
8711;70,41;44,52;0,00;0,00;0,00;0,04;0,00;0,00;209;62;193;25;33;699;753
8712;69,47;47,13;0,00;0,00;0,00;0,05;0,00;0,00;70;121;139;49;38;182;128
8713;17,70;-530,18;0,00;0,00;0,00;-0,53;0,00;0,00;456;189;45;23;28;760;449
8714;36,00;-414,91;0,00;0,00;0,00;-0,41;0,00;0,00;458;28;193;49;19;588;544
8715;48,85;-174,07;0,00;0,00;0,00;-0,17;0,00;0,00;194;131;168;32;21;610;236
8716;72,26;82,30;0,00;0,00;0,00;0,08;0,00;0,00;191;58;21;37;19;410;236
8717;93,23;188,83;0,00;0,00;0,00;0,19;0,00;0,00;321;26;160;45;36;815;462
8718;76,66;-2,86;0,00;0,00;0,00;-0,00;0,00;0,00;19;21;151;14;35;148;939
8719;94,19;229,98;0,00;0,00;0,00;0,23;0,00;0,00;259;186;151;43;20;684;181
8720;33,69;-357,95;0,00;0,00;0,00;-0,36;0,00;0,00;300;58;64;12;37;736;625
8721;47,67;-222,10;0,00;0,00;0,00;-0,22;0,00;0,00;139;173;40;33;15;427;354
8722;37,09;-458,38;0,00;0,00;0,00;-0,46;0,00;0,00;317;158;89;15;28;500;285
8723;15,69;-462,92;0,00;0,00;0,00;-0,46;0,00;0,00;22;182;126;17;25;281;570
8724;55,65;-169,56;0,00;0,00;0,00;-0,17;0,00;0,00;344;126;157;25;29;147;978
8725;0,00;-700,91;0,00;0,00;0,00;-0,70;0,00;0,00;438;71;97;12;29;778;948
8726;58,24;-162,51;0,00;0,00;0,00;-0,16;0,00;0,00;295;40;21;49;28;882;976
8727;59,75;-75,47;0,00;0,00;0,00;-0,08;0,00;0,00;425;139;43;45;27;332;553
8728;6,18;-596,51;0,00;0,00;0,00;-0,60;0,00;0,00;137;97;67;44;22;732;674
8729;96,67;268,33;0,00;0,00;0,00;0,27;0,00;0,00;464;111;68;43;20;307;137
8730;41,07;-385,83;0,00;0,00;0,00;-0,39;0,00;0,00;190;179;47;26;22;643;261
8731;76,83;94,55;0,00;0,00;0,00;0,09;0,00;0,00;269;139;70;21;29;706;714
8732;22,80;-488,45;0,00;0,00;0,00;-0,49;0,00;0,00;64;110;186;19;37;106;570
8733;64,14;-59,92;0,00;0,00;0,00;-0,06;0,00;0,00;384;111;180;16;37;811;710
8734;39,58;-272,15;0,00;0,00;0,00;-0,27;0,00;0,00;413;116;187;38;16;479;243
8735;57,65;-209,06;0,00;0,00;0,00;-0,21;0,00;0,00;407;110;59;25;31;417;272
8736;36,25;-363,59;0,00;0,00;0,00;-0,36;0,00;0,00;15;182;164;38;20;170;987
8737;1,36;-634,87;0,00;0,00;0,00;-0,63;0,00;0,00;287;167;38;20;22;576;742
8738;18,63;-615,43;0,00;0,00;0,00;-0,62;0,00;0,00;367;135;196;32;34;257;799
8739;70,19;8,71;0,00;0,00;0,00;0,01;0,00;0,00;132;196;85;21;27;848;573
8740;28,20;-330,76;0,00;0,00;0,00;-0,33;0,00;0,00;429;167;96;43;27;970;733
8741;79,58;122,15;0,00;0,00;0,00;0,12;0,00;0,00;139;21;66;22;24;523;229
8742;49,55;-207,70;0,00;0,00;0,00;-0,21;0,00;0,00;329;84;183;46;23;648;144
8743;46,24;-232,75;0,00;0,00;0,00;-0,23;0,00;0,00;465;173;60;46;34;777;904
8744;53,61;-182,73;0,00;0,00;0,00;-0,18;0,00;0,00;415;114;33;23;38;467;985
8745;87,66;225,42;0,00;0,00;0,00;0,23;0,00;0,00;222;88;62;31;24;322;989
8746;23,05;-411,29;0,00;0,00;0,00;-0,41;0,00;0,00;13;55;120;34;17;705;946
8747;59,64;-41,99;0,00;0,00;0,00;-0,04;0,00;0,00;186;181;23;28;21;466;766
8748;22,78;-468,85;0,00;0,00;0,00;-0,47;0,00;0,00;205;167;132;35;18;362;938
8749;69,94;-15,65;0,00;0,00;0,00;-0,02;0,00;0,00;355;40;169;23;26;572;716
8750;10,01;-640,66;0,00;0,00;0,00;-0,64;0,00;0,00;55;100;144;49;24;466;568
8751;76,67;138,85;0,00;0,00;0,00;0,14;0,00;0,00;439;11;195;35;18;500;459
8752;35,24;-328,49;0,00;0,00;0,00;-0,33;0,00;0,00;64;108;122;16;36;928;481
8753;38,29;-290,60;0,00;0,00;0,00;-0,29;0,00;0,00;398;115;51;47;35;971;394
8754;35,85;-322,01;0,00;0,00;0,00;-0,32;0,00;0,00;352;62;90;22;36;181;272
8755;65,44;-87,59;0,00;0,00;0,00;-0,09;0,00;0,00;466;39;83;11;39;863;537
8756;38,11;-355,56;0,00;0,00;0,00;-0,36;0,00;0,00;385;85;140;44;31;670;293
8757;57,71;-101,52;0,00;0,00;0,00;-0,10;0,00;0,00;246;154;69;11;24;424;767
8758;41,73;-228,79;0,00;0,00;0,00;-0,23;0,00;0,00;97;51;56;22;33;676;578
8759;27,08;-356,90;0,00;0,00;0,00;-0,36;0,00;0,00;453;119;115;36;22;918;469
8760;56,53;-125,87;0,00;0,00;0,00;-0,13;0,00;0,00;228;81;73;20;34;701;242
8761;47,31;-219,06;0,00;0,00;0,00;-0,22;0,00;0,00;168;123;153;13;26;945;328
8762;53,20;-205,62;0,00;0,00;0,00;-0,21;0,00;0,00;251;73;167;29;35;511;314
8763;54,26;-201,10;0,00;0,00;0,00;-0,20;0,00;0,00;79;38;123;47;36;622;155
8764;45,41;-263,16;0,00;0,00;0,00;-0,26;0,00;0,00;190;58;117;47;29;230;557
8765;20,29;-471,56;0,00;0,00;0,00;-0,47;0,00;0,00;272;19;16;35;23;311;498
8766;31,29;-378,21;0,00;0,00;0,00;-0,38;0,00;0,00;60;136;68;37;24;761;369
8767;10,23;-591,35;0,00;0,00;0,00;-0,59;0,00;0,00;279;171;103;47;29;800;817
8768;57,54;-161,19;0,00;0,00;0,00;-0,16;0,00;0,00;461;143;63;30;30;539;214
8769;56,14;-198,46;0,00;0,00;0,00;-0,20;0,00;0,00;113;41;46;38;19;926;925
8770;42,67;-285,08;0,00;0,00;0,00;-0,29;0,00;0,00;17;36;118;23;32;683;234
8771;82,00;102,94;0,00;0,00;0,00;0,10;0,00;0,00;98;59;75;45;25;550;303
8772;71,09;52,12;0,00;0,00;0,00;0,05;0,00;0,00;220;119;174;17;21;686;369
8773;0,00;-593,00;0,00;0,00;0,00;-0,59;0,00;0,00;368;156;55;34;19;443;414
8774;68,04;44,21;0,00;0,00;0,00;0,04;0,00;0,00;403;28;127;44;23;588;312
8775;21,12;-518,80;0,00;0,00;0,00;-0,52;0,00;0,00;491;57;147;36;29;548;429
8776;92,30;294,58;0,00;0,00;0,00;0,29;0,00;0,00;163;112;166;15;23;656;579
8777;100,00;350,21;0,00;0,00;0,00;0,35;0,00;0,00;102;168;145;18;21;184;462
8778;26,89;-458,58;0,00;0,00;0,00;-0,46;0,00;0,00;433;101;62;40;23;569;892
8779;81,33;160,16;0,00;0,00;0,00;0,16;0,00;0,00;342;131;35;22;22;339;649
8780;37,13;-297,22;0,00;0,00;0,00;-0,30;0,00;0,00;394;188;156;43;16;139;821
8781;36,55;-359,03;0,00;0,00;0,00;-0,36;0,00;0,00;168;73;25;13;34;896;553
8782;47,79;-180,79;0,00;0,00;0,00;-0,18;0,00;0,00;224;81;93;31;28;129;543
8783;0,00;-700,51;0,00;0,00;0,00;-0,70;0,00;0,00;170;174;69;40;26;505;796
8784;69,59;51,37;0,00;0,00;0,00;0,05;0,00;0,00;388;178;151;45;36;804;880
8785;47,00;-252,89;0,00;0,00;0,00;-0,25;0,00;0,00;105;25;133;42;33;185;690
8786;52,91;-129,17;0,00;0,00;0,00;-0,13;0,00;0,00;288;55;55;21;29;490;553
8787;63,24;0,96;0,00;0,00;0,00;0,00;0,00;0,00;303;114;48;27;28;838;630
8788;60,29;-109,19;0,00;0,00;0,00;-0,11;0,00;0,00;241;66;193;24;33;130;656
8789;44,90;-237,02;0,00;0,00;0,00;-0,24;0,00;0,00;188;40;182;37;16;762;286
8790;34,34;-373,86;0,00;0,00;0,00;-0,37;0,00;0,00;362;57;49;49;33;498;688
8791;61,39;-24,96;0,00;0,00;0,00;-0,02;0,00;0,00;49;114;179;43;21;606;583
8792;24,94;-481,91;0,00;0,00;0,00;-0,48;0,00;0,00;62;193;160;22;16;756;862
8793;60,84;-133,13;0,00;0,00;0,00;-0,13;0,00;0,00;389;170;153;24;28;290;606
8794;87,23;120,02;0,00;0,00;0,00;0,12;0,00;0,00;337;62;145;39;26;376;948
8795;68,48;-78,05;0,00;0,00;0,00;-0,08;0,00;0,00;198;12;29;30;19;199;286
8796;11,36;-662,82;0,00;0,00;0,00;-0,66;0,00;0,00;280;94;120;12;31;315;552
8797;32,87;-393,28;0,00;0,00;0,00;-0,39;0,00;0,00;22;149;160;38;30;272;864
8798;19,81;-441,28;0,00;0,00;0,00;-0,44;0,00;0,00;396;60;144;46;35;852;381
8799;50,30;-200,68;0,00;0,00;0,00;-0,20;0,00;0,00;21;128;54;47;36;348;834
8800;57,49;-197,81;0,00;0,00;0,00;-0,20;0,00;0,00;58;135;199;14;34;588;719
8801;47,44;-248,72;0,00;0,00;0,00;-0,25;0,00;0,00;31;169;128;13;33;777;850
8802;61,43;-214,77;0,00;0,00;0,00;-0,21;0,00;0,00;265;184;111;20;21;399;215
8803;4,57;-661,78;0,00;0,00;0,00;-0,66;0,00;0,00;329;126;34;49;18;164;381
8804;64,12;-42,75;0,00;0,00;0,00;-0,04;0,00;0,00;438;148;72;22;16;800;200
8805;71,77;41,63;0,00;0,00;0,00;0,04;0,00;0,00;457;89;189;47;39;505;212
8806;51,29;-132,25;0,00;0,00;0,00;-0,13;0,00;0,00;208;22;194;23;18;997;770
8807;50,52;-213,06;0,00;0,00;0,00;-0,21;0,00;0,00;384;167;178;28;30;432;226
8808;27,07;-453,35;0,00;0,00;0,00;-0,45;0,00;0,00;240;169;37;10;25;155;928
8809;83,43;124,78;0,00;0,00;0,00;0,12;0,00;0,00;115;65;17;18;16;691;960
8810;19,42;-447,11;0,00;0,00;0,00;-0,45;0,00;0,00;200;141;65;18;27;591;869
8811;46,21;-267,37;0,00;0,00;0,00;-0,27;0,00;0,00;168;77;184;45;35;269;730
8812;34,29;-316,63;0,00;0,00;0,00;-0,32;0,00;0,00;451;84;71;31;35;723;416
8813;78,07;120,33;0,00;0,00;0,00;0,12;0,00;0,00;312;128;85;19;39;103;983
8814;8,50;-623,87;0,00;0,00;0,00;-0,62;0,00;0,00;346;81;28;42;16;383;874
8815;46,91;-205,52;0,00;0,00;0,00;-0,21;0,00;0,00;493;169;46;22;28;317;600
8816;61,71;10,16;0,00;0,00;0,00;0,01;0,00;0,00;68;72;115;27;29;478;527
8817;50,69;-172,96;0,00;0,00;0,00;-0,17;0,00;0,00;354;34;54;49;16;740;931
8818;20,95;-511,07;0,00;0,00;0,00;-0,51;0,00;0,00;255;19;196;22;26;825;588
8819;42,67;-301,77;0,00;0,00;0,00;-0,30;0,00;0,00;332;147;187;37;22;303;278
8820;59,15;-158,94;0,00;0,00;0,00;-0,16;0,00;0,00;344;149;37;43;27;959;921
8821;28,47;-393,50;0,00;0,00;0,00;-0,39;0,00;0,00;432;60;17;35;34;232;334
8822;56,34;-163,82;0,00;0,00;0,00;-0,16;0,00;0,00;26;128;97;33;22;593;503
8823;65,10;-77,86;0,00;0,00;0,00;-0,08;0,00;0,00;288;100;154;48;38;978;796
8824;45,74;-316,51;0,00;0,00;0,00;-0,32;0,00;0,00;493;29;147;38;25;714;138
8825;42,00;-309,41;0,00;0,00;0,00;-0,31;0,00;0,00;212;125;119;23;19;612;104
8826;100,00;288,68;0,00;0,00;0,00;0,29;0,00;0,00;358;76;30;30;34;674;200
8827;63,22;-39,65;0,00;0,00;0,00;-0,04;0,00;0,00;262;150;105;18;34;405;141
8828;84,60;233,37;0,00;0,00;0,00;0,23;0,00;0,00;290;52;140;38;34;156;184
8829;67,10;50,82;0,00;0,00;0,00;0,05;0,00;0,00;149;153;95;18;17;943;613
8830;81,22;75,90;0,00;0,00;0,00;0,08;0,00;0,00;263;89;152;10;22;625;552
8831;39,45;-294,88;0,00;0,00;0,00;-0,29;0,00;0,00;396;165;111;37;36;322;699
8832;42,09;-264,11;0,00;0,00;0,00;-0,26;0,00;0,00;452;62;165;26;23;406;686
8833;56,25;-86,94;0,00;0,00;0,00;-0,09;0,00;0,00;152;92;30;40;20;585;163
8834;78,75;77,42;0,00;0,00;0,00;0,08;0,00;0,00;158;151;16;33;22;946;664
8835;86,80;255,16;0,00;0,00;0,00;0,26;0,00;0,00;338;23;127;22;16;342;123
8836;51,95;-116,15;0,00;0,00;0,00;-0,12;0,00;0,00;419;49;92;24;20;151;281
8837;50,28;-200,93;0,00;0,00;0,00;-0,20;0,00;0,00;151;34;79;44;36;734;111
8838;62,29;-46,52;0,00;0,00;0,00;-0,05;0,00;0,00;380;145;136;20;18;515;303
8839;21,73;-488,99;0,00;0,00;0,00;-0,49;0,00;0,00;62;134;51;11;33;541;606
8840;9,20;-560,37;0,00;0,00;0,00;-0,56;0,00;0,00;479;81;158;33;38;158;736
8841;31,18;-452,55;0,00;0,00;0,00;-0,45;0,00;0,00;51;171;145;18;39;940;329
8842;47,31;-265,83;0,00;0,00;0,00;-0,27;0,00;0,00;460;35;36;43;33;242;332
8843;54,38;-176,85;0,00;0,00;0,00;-0,18;0,00;0,00;230;129;168;32;25;363;549
8844;17,97;-494,77;0,00;0,00;0,00;-0,49;0,00;0,00;64;194;195;13;23;708;663
8845;40,63;-237,64;0,00;0,00;0,00;-0,24;0,00;0,00;23;133;169;20;33;629;369
8846;35,43;-450,45;0,00;0,00;0,00;-0,45;0,00;0,00;235;18;90;14;21;527;269
8847;76,53;-44,94;0,00;0,00;0,00;-0,04;0,00;0,00;20;41;146;39;27;528;119
8848;59,20;-74,68;0,00;0,00;0,00;-0,07;0,00;0,00;231;21;109;24;36;560;172
8849;50,84;-161,68;0,00;0,00;0,00;-0,16;0,00;0,00;415;29;132;41;22;899;779
8850;69,68;22,82;0,00;0,00;0,00;0,02;0,00;0,00;331;89;82;10;15;830;507
8851;83,96;46,98;0,00;0,00;0,00;0,05;0,00;0,00;264;69;107;13;23;600;281
8852;46,80;-244,01;0,00;0,00;0,00;-0,24;0,00;0,00;239;20;194;13;29;568;441
8853;60,71;-57,94;0,00;0,00;0,00;-0,06;0,00;0,00;321;92;121;49;25;738;281
8854;45,40;-209,10;0,00;0,00;0,00;-0,21;0,00;0,00;149;38;78;47;26;651;141
8855;23,39;-462,18;0,00;0,00;0,00;-0,46;0,00;0,00;173;122;46;24;29;844;771
8856;47,79;-208,05;0,00;0,00;0,00;-0,21;0,00;0,00;205;153;113;15;20;652;269
8857;53,22;-215,89;0,00;0,00;0,00;-0,22;0,00;0,00;424;195;117;41;26;753;570
8858;62,07;-145,15;0,00;0,00;0,00;-0,15;0,00;0,00;449;133;184;41;20;204;892
8859;14,68;-593,99;0,00;0,00;0,00;-0,59;0,00;0,00;137;121;196;27;23;637;597
8860;49,21;-185,04;0,00;0,00;0,00;-0,19;0,00;0,00;193;84;179;16;22;489;703
8861;69,22;-114,68;0,00;0,00;0,00;-0,11;0,00;0,00;48;39;75;46;19;271;856
8862;65,13;-69,32;0,00;0,00;0,00;-0,07;0,00;0,00;63;75;113;29;23;363;845
8863;66,18;4,86;0,00;0,00;0,00;0,00;0,00;0,00;99;46;63;27;28;913;800
8864;81,37;103,56;0,00;0,00;0,00;0,10;0,00;0,00;362;113;175;32;22;751;780
8865;21,74;-503,04;0,00;0,00;0,00;-0,50;0,00;0,00;326;26;168;32;38;119;240
8866;14,09;-558,71;0,00;0,00;0,00;-0,56;0,00;0,00;447;92;165;23;39;247;820
8867;67,75;-73,10;0,00;0,00;0,00;-0,07;0,00;0,00;150;95;172;43;27;933;249
8868;56,42;-96,08;0,00;0,00;0,00;-0,10;0,00;0,00;320;63;48;47;35;669;723
8869;69,46;-30,29;0,00;0,00;0,00;-0,03;0,00;0,00;477;168;149;35;39;787;196
8870;48,29;-264,74;0,00;0,00;0,00;-0,26;0,00;0,00;208;176;99;45;16;783;146
8871;56,04;-183,01;0,00;0,00;0,00;-0,18;0,00;0,00;198;18;103;16;18;230;266
8872;81,94;16,35;0,00;0,00;0,00;0,02;0,00;0,00;70;78;96;48;26;111;952
8873;35,48;-347,74;0,00;0,00;0,00;-0,35;0,00;0,00;462;77;53;33;20;260;404
8874;36,30;-289,26;0,00;0,00;0,00;-0,29;0,00;0,00;62;28;33;43;23;972;207
8875;91,48;254,90;0,00;0,00;0,00;0,25;0,00;0,00;372;67;37;42;34;941;897
8876;35,31;-337,06;0,00;0,00;0,00;-0,34;0,00;0,00;458;25;109;31;33;269;569
8877;3,91;-759,17;0,00;0,00;0,00;-0,76;0,00;0,00;474;80;118;24;38;773;255
8878;88,72;229,83;0,00;0,00;0,00;0,23;0,00;0,00;176;168;157;19;25;534;193
8879;29,37;-465,98;0,00;0,00;0,00;-0,47;0,00;0,00;495;90;142;48;31;723;814
8880;39,20;-320,61;0,00;0,00;0,00;-0,32;0,00;0,00;370;185;55;48;21;385;990
8881;44,56;-323,58;0,00;0,00;0,00;-0,32;0,00;0,00;278;93;22;18;35;972;928
8882;48,90;-200,71;0,00;0,00;0,00;-0,20;0,00;0,00;177;63;40;20;15;446;463
8883;44,48;-301,98;0,00;0,00;0,00;-0,30;0,00;0,00;68;129;179;19;24;993;580
8884;78,38;76,82;0,00;0,00;0,00;0,08;0,00;0,00;78;108;88;46;19;278;168
8885;44,45;-264,39;0,00;0,00;0,00;-0,26;0,00;0,00;459;118;106;17;28;698;547
8886;82,10;94,61;0,00;0,00;0,00;0,09;0,00;0,00;66;84;92;16;25;144;809
8887;44,82;-253,48;0,00;0,00;0,00;-0,25;0,00;0,00;481;41;51;26;17;829;720
8888;69,16;-35,31;0,00;0,00;0,00;-0,04;0,00;0,00;18;59;92;35;28;376;441
8889;85,14;178,25;0,00;0,00;0,00;0,18;0,00;0,00;350;44;18;29;32;425;544
8890;58,05;-46,23;0,00;0,00;0,00;-0,05;0,00;0,00;367;64;57;40;21;883;924
8891;65,47;-66,92;0,00;0,00;0,00;-0,07;0,00;0,00;187;162;195;25;25;308;821
8892;54,84;-178,92;0,00;0,00;0,00;-0,18;0,00;0,00;446;195;43;26;30;474;438
8893;45,29;-242,50;0,00;0,00;0,00;-0,24;0,00;0,00;242;124;136;46;17;968;791
8894;100,00;208,82;0,00;0,00;0,00;0,21;0,00;0,00;354;125;160;12;19;461;429
8895;42,56;-324,22;0,00;0,00;0,00;-0,32;0,00;0,00;475;90;54;14;30;687;519
8896;73,02;-26,61;0,00;0,00;0,00;-0,03;0,00;0,00;56;112;99;16;34;736;619
8897;41,89;-318,09;0,00;0,00;0,00;-0,32;0,00;0,00;209;21;188;47;37;986;852
8898;13,49;-633,06;0,00;0,00;0,00;-0,63;0,00;0,00;70;55;63;48;24;280;632
8899;65,42;-38,71;0,00;0,00;0,00;-0,04;0,00;0,00;308;114;94;29;30;305;823
8900;86,07;187,91;0,00;0,00;0,00;0,19;0,00;0,00;131;164;147;21;17;494;902
8901;59,53;-120,69;0,00;0,00;0,00;-0,12;0,00;0,00;122;32;152;14;17;437;634
8902;31,23;-505,59;0,00;0,00;0,00;-0,51;0,00;0,00;309;114;68;38;39;848;673
8903;34,83;-325,55;0,00;0,00;0,00;-0,33;0,00;0,00;427;66;67;40;38;398;301
8904;18,06;-463,09;0,00;0,00;0,00;-0,46;0,00;0,00;202;114;160;17;20;837;618
8905;79,26;-10,49;0,00;0,00;0,00;-0,01;0,00;0,00;105;192;61;43;22;692;374
8906;0,00;-658,94;0,00;0,00;0,00;-0,66;0,00;0,00;347;193;38;15;22;343;408
8907;46,20;-202,76;0,00;0,00;0,00;-0,20;0,00;0,00;419;53;95;38;34;988;767
8908;61,43;-89,35;0,00;0,00;0,00;-0,09;0,00;0,00;460;114;34;39;25;882;273
8909;80,41;207,99;0,00;0,00;0,00;0,21;0,00;0,00;296;151;166;14;25;996;747
8910;53,40;-139,98;0,00;0,00;0,00;-0,14;0,00;0,00;39;18;153;44;37;415;474
8911;50,98;-236,01;0,00;0,00;0,00;-0,24;0,00;0,00;373;139;105;14;33;442;216
8912;91,61;156,66;0,00;0,00;0,00;0,16;0,00;0,00;462;118;189;47;37;913;453
8913;44,61;-260,64;0,00;0,00;0,00;-0,26;0,00;0,00;329;158;126;18;16;759;918
8914;72,12;37,29;0,00;0,00;0,00;0,04;0,00;0,00;252;28;49;12;33;404;166
8915;52,04;-255,38;0,00;0,00;0,00;-0,26;0,00;0,00;472;68;65;47;28;323;636
8916;32,79;-321,90;0,00;0,00;0,00;-0,32;0,00;0,00;191;182;36;27;36;549;742
8917;17,87;-548,72;0,00;0,00;0,00;-0,55;0,00;0,00;461;81;22;27;24;538;808
8918;66,21;-7,13;0,00;0,00;0,00;-0,01;0,00;0,00;422;23;77;37;38;758;668
8919;72,58;72,73;0,00;0,00;0,00;0,07;0,00;0,00;43;121;61;39;39;359;841
8920;65,66;-8,16;0,00;0,00;0,00;-0,01;0,00;0,00;335;181;39;18;34;469;469
8921;29,36;-420,73;0,00;0,00;0,00;-0,42;0,00;0,00;146;89;119;35;21;776;323
8922;86,17;216,12;0,00;0,00;0,00;0,22;0,00;0,00;202;32;142;42;38;683;935
8923;17,13;-509,17;0,00;0,00;0,00;-0,51;0,00;0,00;108;193;25;39;28;710;214
8924;61,45;-132,08;0,00;0,00;0,00;-0,13;0,00;0,00;236;193;89;44;36;117;775
8925;56,50;-113,59;0,00;0,00;0,00;-0,11;0,00;0,00;209;58;67;43;37;238;318
8926;81,86;52,66;0,00;0,00;0,00;0,05;0,00;0,00;145;117;142;42;31;145;808
8927;41,92;-300,47;0,00;0,00;0,00;-0,30;0,00;0,00;346;128;77;20;25;157;936
8928;33,97;-359,72;0,00;0,00;0,00;-0,36;0,00;0,00;165;176;11;19;19;263;920
8929;57,34;-3,85;0,00;0,00;0,00;-0,00;0,00;0,00;470;77;130;42;32;926;892
8930;39,46;-266,24;0,00;0,00;0,00;-0,27;0,00;0,00;161;109;184;21;30;564;451
8931;42,62;-305,21;0,00;0,00;0,00;-0,31;0,00;0,00;164;77;105;26;27;852;167
8932;100,00;354,82;0,00;0,00;0,00;0,35;0,00;0,00;291;28;96;44;30;662;280
8933;71,00;17,96;0,00;0,00;0,00;0,02;0,00;0,00;291;144;177;22;36;431;699
8934;78,03;70,58;0,00;0,00;0,00;0,07;0,00;0,00;334;21;153;49;26;127;665
8935;49,14;-203,36;0,00;0,00;0,00;-0,20;0,00;0,00;136;84;77;43;17;228;124
8936;59,16;-245,93;0,00;0,00;0,00;-0,25;0,00;0,00;415;41;60;13;32;139;382
8937;37,81;-319,31;0,00;0,00;0,00;-0,32;0,00;0,00;464;52;74;12;19;313;481
8938;67,73;57,21;0,00;0,00;0,00;0,06;0,00;0,00;106;32;145;17;30;157;942
8939;40,68;-230,27;0,00;0,00;0,00;-0,23;0,00;0,00;378;199;171;39;28;910;875
8940;74,09;41,03;0,00;0,00;0,00;0,04;0,00;0,00;317;53;17;40;17;641;500
8941;25,66;-483,87;0,00;0,00;0,00;-0,48;0,00;0,00;357;169;191;18;28;282;894
8942;84,88;156,50;0,00;0,00;0,00;0,16;0,00;0,00;398;15;28;45;36;159;855
8943;57,39;-168,30;0,00;0,00;0,00;-0,17;0,00;0,00;309;53;95;10;39;125;514
8944;18,83;-626,72;0,00;0,00;0,00;-0,63;0,00;0,00;294;182;190;14;31;158;279
8945;77,22;43,10;0,00;0,00;0,00;0,04;0,00;0,00;379;65;161;38;29;802;603
8946;64,31;-52,51;0,00;0,00;0,00;-0,05;0,00;0,00;355;139;85;42;34;143;191
8947;55,07;-181,17;0,00;0,00;0,00;-0,18;0,00;0,00;442;41;72;20;39;822;497
8948;62,75;-87,07;0,00;0,00;0,00;-0,09;0,00;0,00;71;171;158;30;22;622;297
8949;36,83;-328,06;0,00;0,00;0,00;-0,33;0,00;0,00;333;149;155;31;19;315;196
8950;77,96;140,83;0,00;0,00;0,00;0,14;0,00;0,00;285;190;140;26;32;666;311
8951;63,97;-112,87;0,00;0,00;0,00;-0,11;0,00;0,00;152;167;92;48;25;808;493
8952;45,50;-223,82;0,00;0,00;0,00;-0,22;0,00;0,00;177;88;31;47;19;222;884
8953;53,74;-92,82;0,00;0,00;0,00;-0,09;0,00;0,00;22;131;133;21;18;102;923
8954;71,47;83,21;0,00;0,00;0,00;0,08;0,00;0,00;272;34;127;16;17;379;476
8955;31,72;-467,91;0,00;0,00;0,00;-0,47;0,00;0,00;364;133;163;27;32;489;688
8956;34,52;-313,43;0,00;0,00;0,00;-0,31;0,00;0,00;147;140;164;30;23;499;435
8957;0,00;-714,48;0,00;0,00;0,00;-0,71;0,00;0,00;232;83;70;11;38;614;933
8958;45,52;-228,30;0,00;0,00;0,00;-0,23;0,00;0,00;450;125;13;17;15;179;476
8959;7,48;-557,24;0,00;0,00;0,00;-0,56;0,00;0,00;214;49;44;47;38;139;452
8960;82,18;87,99;0,00;0,00;0,00;0,09;0,00;0,00;87;189;193;20;32;487;171
8961;79,01;75,81;0,00;0,00;0,00;0,08;0,00;0,00;335;176;59;36;23;221;802
8962;34,90;-320,21;0,00;0,00;0,00;-0,32;0,00;0,00;101;195;32;29;19;360;686
8963;57,46;-102,61;0,00;0,00;0,00;-0,10;0,00;0,00;114;139;107;27;31;549;883
8964;70,25;50,23;0,00;0,00;0,00;0,05;0,00;0,00;191;190;55;49;35;141;180
8965;32,65;-354,33;0,00;0,00;0,00;-0,35;0,00;0,00;344;65;185;41;35;674;386
8966;28,96;-364,12;0,00;0,00;0,00;-0,36;0,00;0,00;474;136;186;38;25;776;395
8967;62,30;-160,40;0,00;0,00;0,00;-0,16;0,00;0,00;244;57;14;43;25;137;567
8968;61,61;-104,89;0,00;0,00;0,00;-0,10;0,00;0,00;174;13;38;28;16;309;703
8969;22,07;-514,10;0,00;0,00;0,00;-0,51;0,00;0,00;242;115;91;37;33;759;461
8970;23,01;-391,55;0,00;0,00;0,00;-0,39;0,00;0,00;116;43;41;13;38;517;127
8971;64,65;-127,69;0,00;0,00;0,00;-0,13;0,00;0,00;192;168;105;18;20;408;721
8972;41,44;-281,43;0,00;0,00;0,00;-0,28;0,00;0,00;41;120;180;47;20;920;167
8973;46,41;-245,90;0,00;0,00;0,00;-0,25;0,00;0,00;221;121;170;35;30;711;597
8974;65,68;-108,51;0,00;0,00;0,00;-0,11;0,00;0,00;43;130;107;23;22;891;615
8975;42,69;-263,54;0,00;0,00;0,00;-0,26;0,00;0,00;443;178;150;25;20;812;884
8976;78,78;91,69;0,00;0,00;0,00;0,09;0,00;0,00;128;194;168;11;38;872;256
8977;100,00;341,68;0,00;0,00;0,00;0,34;0,00;0,00;267;75;35;39;17;527;296
8978;79,22;47,08;0,00;0,00;0,00;0,05;0,00;0,00;150;144;59;33;18;256;601
8979;30,95;-396,82;0,00;0,00;0,00;-0,40;0,00;0,00;78;106;38;35;19;555;646
8980;30,74;-392,84;0,00;0,00;0,00;-0,39;0,00;0,00;368;191;120;43;30;452;455
8981;34,38;-377,18;0,00;0,00;0,00;-0,38;0,00;0,00;275;182;170;24;24;166;249
8982;14,92;-553,21;0,00;0,00;0,00;-0,55;0,00;0,00;51;118;89;46;23;999;677
8983;63,49;-24,25;0,00;0,00;0,00;-0,02;0,00;0,00;113;180;165;10;15;212;238
8984;88,42;173,48;0,00;0,00;0,00;0,17;0,00;0,00;391;144;161;32;25;818;208
8985;40,01;-298,19;0,00;0,00;0,00;-0,30;0,00;0,00;385;123;62;44;35;954;764
8986;32,74;-280,89;0,00;0,00;0,00;-0,28;0,00;0,00;462;133;155;32;17;124;567
8987;36,60;-360,21;0,00;0,00;0,00;-0,36;0,00;0,00;417;115;122;32;28;305;931
8988;19,35;-574,38;0,00;0,00;0,00;-0,57;0,00;0,00;194;149;122;16;33;473;634
8989;57,25;-119,67;0,00;0,00;0,00;-0,12;0,00;0,00;177;15;194;49;30;561;190
8990;69,02;123,83;0,00;0,00;0,00;0,12;0,00;0,00;98;10;109;32;33;446;999
8991;65,41;-39,54;0,00;0,00;0,00;-0,04;0,00;0,00;224;89;18;16;24;902;463
8992;43,61;-277,73;0,00;0,00;0,00;-0,28;0,00;0,00;135;53;194;15;38;732;778
8993;45,42;-298,85;0,00;0,00;0,00;-0,30;0,00;0,00;218;74;189;25;30;678;561
8994;39,92;-290,52;0,00;0,00;0,00;-0,29;0,00;0,00;168;75;21;10;35;129;774
8995;13,41;-624,82;0,00;0,00;0,00;-0,62;0,00;0,00;219;74;109;33;34;356;818
8996;56,07;-175,86;0,00;0,00;0,00;-0,18;0,00;0,00;289;44;146;21;15;198;910
8997;57,94;-90,25;0,00;0,00;0,00;-0,09;0,00;0,00;182;198;92;17;20;580;383
8998;65,78;-94,55;0,00;0,00;0,00;-0,09;0,00;0,00;258;108;160;19;27;513;458
8999;72,64;-24,49;0,00;0,00;0,00;-0,02;0,00;0,00;162;127;47;20;21;597;174
9000;80,50;127,13;0,00;0,00;0,00;0,13;0,00;0,00;495;72;149;25;30;632;628
9001;76,67;78,94;0,00;0,00;0,00;0,08;0,00;0,00;304;34;133;37;29;782;124
9002;38,20;-283,04;0,00;0,00;0,00;-0,28;0,00;0,00;127;67;105;34;19;616;302
9003;75,24;98,22;0,00;0,00;0,00;0,10;0,00;0,00;39;145;24;43;15;234;137
9004;90,15;224,20;0,00;0,00;0,00;0,22;0,00;0,00;446;75;47;42;17;574;904
9005;100,00;272,56;0,00;0,00;0,00;0,27;0,00;0,00;19;70;94;39;31;119;177
9006;15,51;-493,72;0,00;0,00;0,00;-0,49;0,00;0,00;253;21;64;42;22;349;673
9007;44,37;-293,33;0,00;0,00;0,00;-0,29;0,00;0,00;233;166;173;48;24;665;676
9008;29,44;-413,25;0,00;0,00;0,00;-0,41;0,00;0,00;477;57;199;25;26;861;677
9009;31,01;-380,96;0,00;0,00;0,00;-0,38;0,00;0,00;215;177;187;37;27;282;456
9010;76,44;61,52;0,00;0,00;0,00;0,06;0,00;0,00;99;154;26;39;36;901;816
9011;54,42;-279,74;0,00;0,00;0,00;-0,28;0,00;0,00;172;152;44;26;32;723;756
9012;17,16;-471,62;0,00;0,00;0,00;-0,47;0,00;0,00;116;115;140;47;36;504;774
9013;69,88;43,15;0,00;0,00;0,00;0,04;0,00;0,00;127;66;133;24;36;940;956
9014;61,63;-69,21;0,00;0,00;0,00;-0,07;0,00;0,00;422;117;63;27;27;934;696
9015;15,13;-571,32;0,00;0,00;0,00;-0,57;0,00;0,00;235;184;72;46;22;837;589
9016;74,45;101,29;0,00;0,00;0,00;0,10;0,00;0,00;382;19;160;47;27;885;202
9017;33,89;-294,11;0,00;0,00;0,00;-0,29;0,00;0,00;136;21;36;15;19;112;579
9018;9,59;-636,64;0,00;0,00;0,00;-0,64;0,00;0,00;55;61;58;18;31;391;781
9019;63,54;-53,47;0,00;0,00;0,00;-0,05;0,00;0,00;322;199;176;14;34;209;270
9020;29,22;-426,89;0,00;0,00;0,00;-0,43;0,00;0,00;68;187;62;31;25;895;891
9021;33,23;-381,79;0,00;0,00;0,00;-0,38;0,00;0,00;468;69;129;41;32;482;428
9022;61,03;-98,01;0,00;0,00;0,00;-0,10;0,00;0,00;381;159;32;16;25;979;447
9023;62,03;-158,22;0,00;0,00;0,00;-0,16;0,00;0,00;417;198;65;29;20;311;903
9024;43,65;-240,73;0,00;0,00;0,00;-0,24;0,00;0,00;269;179;100;16;31;458;379
9025;44,27;-280,78;0,00;0,00;0,00;-0,28;0,00;0,00;322;150;92;23;26;721;617
9026;45,23;-300,95;0,00;0,00;0,00;-0,30;0,00;0,00;298;111;168;13;18;383;989
9027;77,49;48,42;0,00;0,00;0,00;0,05;0,00;0,00;472;114;174;42;23;243;678
9028;57,49;-72,09;0,00;0,00;0,00;-0,07;0,00;0,00;128;189;140;31;25;449;294
9029;91,61;97,17;0,00;0,00;0,00;0,10;0,00;0,00;280;91;34;35;34;981;395
9030;30,67;-447,17;0,00;0,00;0,00;-0,45;0,00;0,00;302;31;166;46;26;268;853
9031;96,37;256,15;0,00;0,00;0,00;0,26;0,00;0,00;83;119;155;13;32;725;908
9032;59,84;-27,48;0,00;0,00;0,00;-0,03;0,00;0,00;355;41;59;49;39;223;682
9033;62,22;-115,35;0,00;0,00;0,00;-0,12;0,00;0,00;248;173;40;48;24;638;464
9034;15,81;-570,63;0,00;0,00;0,00;-0,57;0,00;0,00;496;60;53;34;20;373;397
9035;45,83;-218,65;0,00;0,00;0,00;-0,22;0,00;0,00;474;140;46;38;17;144;178
9036;21,52;-438,97;0,00;0,00;0,00;-0,44;0,00;0,00;40;148;111;13;30;377;222
9037;33,60;-383,71;0,00;0,00;0,00;-0,38;0,00;0,00;389;151;140;42;24;136;134
9038;74,48;-49,64;0,00;0,00;0,00;-0,05;0,00;0,00;63;186;13;46;23;243;335
9039;91,19;167,30;0,00;0,00;0,00;0,17;0,00;0,00;214;52;99;12;22;957;439
9040;42,25;-348,32;0,00;0,00;0,00;-0,35;0,00;0,00;458;84;149;17;38;288;237
9041;64,89;-51,54;0,00;0,00;0,00;-0,05;0,00;0,00;190;91;30;26;25;721;374
9042;43,82;-206,61;0,00;0,00;0,00;-0,21;0,00;0,00;245;26;136;19;31;741;845
9043;28,61;-370,92;0,00;0,00;0,00;-0,37;0,00;0,00;315;12;73;21;38;164;978
9044;60,21;-100,44;0,00;0,00;0,00;-0,10;0,00;0,00;498;24;38;22;38;170;860
9045;13,08;-513,02;0,00;0,00;0,00;-0,51;0,00;0,00;449;61;48;49;34;948;217
9046;34,20;-351,65;0,00;0,00;0,00;-0,35;0,00;0,00;251;65;129;14;35;639;816
9047;44,92;-207,71;0,00;0,00;0,00;-0,21;0,00;0,00;206;155;79;19;20;416;753
9048;15,46;-523,94;0,00;0,00;0,00;-0,52;0,00;0,00;155;117;40;31;20;738;321
9049;51,83;-132,72;0,00;0,00;0,00;-0,13;0,00;0,00;253;80;63;32;31;514;534
9050;28,59;-365,95;0,00;0,00;0,00;-0,37;0,00;0,00;185;44;85;24;15;915;201
9051;35,50;-332,45;0,00;0,00;0,00;-0,33;0,00;0,00;27;77;125;49;31;702;459
9052;48,60;-147,28;0,00;0,00;0,00;-0,15;0,00;0,00;428;97;164;21;35;656;946
9053;38,46;-229,45;0,00;0,00;0,00;-0,23;0,00;0,00;132;136;26;19;39;972;649
9054;73,24;62,41;0,00;0,00;0,00;0,06;0,00;0,00;10;96;120;28;18;401;990
9055;35,81;-275,57;0,00;0,00;0,00;-0,28;0,00;0,00;438;64;11;16;25;737;571
9056;67,89;-48,56;0,00;0,00;0,00;-0,05;0,00;0,00;345;92;163;11;28;744;185
9057;10,06;-584,65;0,00;0,00;0,00;-0,58;0,00;0,00;125;123;65;45;17;978;362
9058;18,39;-489,49;0,00;0,00;0,00;-0,49;0,00;0,00;81;102;68;12;33;392;774
9059;66,50;83,38;0,00;0,00;0,00;0,08;0,00;0,00;497;163;55;24;32;322;663
9060;67,21;-30,78;0,00;0,00;0,00;-0,03;0,00;0,00;165;191;62;21;29;455;453
9061;10,79;-582,31;0,00;0,00;0,00;-0,58;0,00;0,00;34;28;151;10;34;139;434
9062;64,58;71,61;0,00;0,00;0,00;0,07;0,00;0,00;133;177;191;39;18;512;638
9063;30,62;-421,97;0,00;0,00;0,00;-0,42;0,00;0,00;261;192;145;10;17;810;803
9064;77,73;109,14;0,00;0,00;0,00;0,11;0,00;0,00;292;27;63;11;22;565;387
9065;32,26;-393,77;0,00;0,00;0,00;-0,39;0,00;0,00;252;81;188;10;33;410;298
9066;48,95;-129,78;0,00;0,00;0,00;-0,13;0,00;0,00;370;38;59;46;30;599;623
9067;73,30;35,94;0,00;0,00;0,00;0,04;0,00;0,00;256;30;40;36;32;614;825
9068;23,38;-518,52;0,00;0,00;0,00;-0,52;0,00;0,00;488;118;192;25;23;226;831
9069;40,79;-279,28;0,00;0,00;0,00;-0,28;0,00;0,00;127;79;116;44;15;564;240
9070;3,32;-706,44;0,00;0,00;0,00;-0,71;0,00;0,00;492;29;46;32;20;846;358
9071;0,00;-712,11;0,00;0,00;0,00;-0,71;0,00;0,00;72;63;19;16;19;922;735
9072;23,65;-429,23;0,00;0,00;0,00;-0,43;0,00;0,00;317;164;109;31;23;230;940
9073;70,13;5,49;0,00;0,00;0,00;0,01;0,00;0,00;353;191;109;23;30;395;705
9074;64,80;-80,10;0,00;0,00;0,00;-0,08;0,00;0,00;458;95;122;25;31;606;875
9075;100,00;412,13;0,00;0,00;0,00;0,41;0,00;0,00;69;139;155;48;19;336;415
9076;98,39;246,77;0,00;0,00;0,00;0,25;0,00;0,00;391;133;169;32;16;902;768
9077;29,88;-297,95;0,00;0,00;0,00;-0,30;0,00;0,00;462;197;139;27;15;348;606
9078;88,39;113,36;0,00;0,00;0,00;0,11;0,00;0,00;176;26;11;42;29;512;608
9079;5,34;-654,30;0,00;0,00;0,00;-0,65;0,00;0,00;316;179;79;33;36;775;907
9080;56,20;-42,00;0,00;0,00;0,00;-0,04;0,00;0,00;149;136;185;42;28;224;529
9081;53,37;-136,92;0,00;0,00;0,00;-0,14;0,00;0,00;155;195;37;21;37;380;381
9082;15,92;-527,38;0,00;0,00;0,00;-0,53;0,00;0,00;474;83;54;16;18;821;232
9083;52,02;-202,89;0,00;0,00;0,00;-0,20;0,00;0,00;149;123;19;20;25;932;861
9084;81,91;181,17;0,00;0,00;0,00;0,18;0,00;0,00;321;105;112;37;38;193;925
9085;80,30;128,14;0,00;0,00;0,00;0,13;0,00;0,00;288;153;56;40;24;338;124
9086;59,10;-96,25;0,00;0,00;0,00;-0,10;0,00;0,00;396;143;54;10;39;500;768
9087;71,49;44,41;0,00;0,00;0,00;0,04;0,00;0,00;433;181;87;43;24;610;801
9088;59,83;-165,74;0,00;0,00;0,00;-0,17;0,00;0,00;382;103;194;24;23;168;986
9089;19,64;-473,52;0,00;0,00;0,00;-0,47;0,00;0,00;152;16;85;21;29;381;478
9090;55,07;-96,67;0,00;0,00;0,00;-0,10;0,00;0,00;159;12;49;28;21;191;844
9091;0,00;-529,91;0,00;0,00;0,00;-0,53;0,00;0,00;215;24;156;22;19;861;417
9092;62,71;-146,17;0,00;0,00;0,00;-0,15;0,00;0,00;223;65;102;47;33;458;461
9093;12,95;-558,74;0,00;0,00;0,00;-0,56;0,00;0,00;211;75;121;42;15;718;960
9094;62,50;-99,61;0,00;0,00;0,00;-0,10;0,00;0,00;144;136;60;13;24;793;456
9095;13,54;-551,65;0,00;0,00;0,00;-0,55;0,00;0,00;204;116;63;10;38;110;896
9096;26,34;-470,33;0,00;0,00;0,00;-0,47;0,00;0,00;271;97;10;10;26;894;634
9097;66,78;-48,16;0,00;0,00;0,00;-0,05;0,00;0,00;15;12;101;42;31;696;837
9098;41,63;-362,71;0,00;0,00;0,00;-0,36;0,00;0,00;407;44;130;23;24;297;239
9099;46,73;-223,43;0,00;0,00;0,00;-0,22;0,00;0,00;397;174;135;29;17;447;448
9100;36,50;-303,11;0,00;0,00;0,00;-0,30;0,00;0,00;397;164;137;23;22;940;620
9101;44,35;-322,55;0,00;0,00;0,00;-0,32;0,00;0,00;492;92;130;29;22;875;614
9102;49,33;-262,80;0,00;0,00;0,00;-0,26;0,00;0,00;256;191;175;23;25;632;766
9103;56,70;-116,33;0,00;0,00;0,00;-0,12;0,00;0,00;247;111;166;44;15;337;697
9104;37,83;-314,66;0,00;0,00;0,00;-0,31;0,00;0,00;145;171;114;28;39;592;876
9105;44,28;-194,04;0,00;0,00;0,00;-0,19;0,00;0,00;459;117;182;11;31;842;809
9106;92,64;266,27;0,00;0,00;0,00;0,27;0,00;0,00;469;94;17;25;17;260;946
9107;47,26;-221,64;0,00;0,00;0,00;-0,22;0,00;0,00;173;190;154;23;21;415;664
9108;86,49;154,53;0,00;0,00;0,00;0,15;0,00;0,00;480;147;129;27;31;603;714
9109;69,79;5,90;0,00;0,00;0,00;0,01;0,00;0,00;153;146;108;40;20;137;228
9110;45,72;-214,57;0,00;0,00;0,00;-0,21;0,00;0,00;345;180;27;13;15;438;113
9111;85,24;149,95;0,00;0,00;0,00;0,15;0,00;0,00;333;25;121;11;20;164;764
9112;77,41;2,65;0,00;0,00;0,00;0,00;0,00;0,00;424;18;38;17;20;931;551
9113;53,55;-226,05;0,00;0,00;0,00;-0,23;0,00;0,00;435;127;156;11;25;177;538
9114;53,13;-237,92;0,00;0,00;0,00;-0,24;0,00;0,00;173;149;151;11;16;677;769
9115;19,86;-613,92;0,00;0,00;0,00;-0,61;0,00;0,00;331;167;127;11;35;760;890
9116;66,92;-18,59;0,00;0,00;0,00;-0,02;0,00;0,00;438;175;152;15;22;757;238
9117;32,24;-462,54;0,00;0,00;0,00;-0,46;0,00;0,00;497;43;54;41;26;604;434
9118;100,00;240,43;0,00;0,00;0,00;0,24;0,00;0,00;164;75;109;42;17;569;525
9119;50,60;-170,30;0,00;0,00;0,00;-0,17;0,00;0,00;227;95;195;19;15;547;115
9120;32,68;-310,51;0,00;0,00;0,00;-0,31;0,00;0,00;114;105;142;39;22;811;270
9121;28,46;-478,09;0,00;0,00;0,00;-0,48;0,00;0,00;406;64;51;13;29;732;317
9122;73,16;90,19;0,00;0,00;0,00;0,09;0,00;0,00;164;179;97;41;38;962;183
9123;46,15;-261,97;0,00;0,00;0,00;-0,26;0,00;0,00;173;37;166;48;31;229;171
9124;0,00;-699,67;0,00;0,00;0,00;-0,70;0,00;0,00;10;129;151;44;22;332;512
9125;27,43;-388,71;0,00;0,00;0,00;-0,39;0,00;0,00;482;41;186;40;35;136;109
9126;93,54;373,72;0,00;0,00;0,00;0,37;0,00;0,00;453;31;75;47;28;838;134
9127;19,20;-447,07;0,00;0,00;0,00;-0,45;0,00;0,00;426;122;21;29;36;231;918
9128;42,54;-238,46;0,00;0,00;0,00;-0,24;0,00;0,00;440;42;31;41;34;421;716
9129;42,02;-347,92;0,00;0,00;0,00;-0,35;0,00;0,00;362;91;80;40;19;581;590
9130;80,81;218,12;0,00;0,00;0,00;0,22;0,00;0,00;367;132;48;42;36;642;716
9131;63,64;-58,71;0,00;0,00;0,00;-0,06;0,00;0,00;112;131;12;35;37;461;116
9132;54,38;-233,29;0,00;0,00;0,00;-0,23;0,00;0,00;351;138;185;20;22;380;719
9133;63,94;-12,44;0,00;0,00;0,00;-0,01;0,00;0,00;150;96;81;33;35;121;507
9134;33,13;-359,57;0,00;0,00;0,00;-0,36;0,00;0,00;346;135;29;11;28;118;603
9135;30,77;-336,76;0,00;0,00;0,00;-0,34;0,00;0,00;109;176;191;36;18;116;410
9136;42,96;-247,50;0,00;0,00;0,00;-0,25;0,00;0,00;492;65;31;47;25;384;530
9137;29,89;-460,41;0,00;0,00;0,00;-0,46;0,00;0,00;468;162;144;19;28;488;828
9138;3,43;-631,92;0,00;0,00;0,00;-0,63;0,00;0,00;197;152;146;29;35;384;332
9139;85,51;122,95;0,00;0,00;0,00;0,12;0,00;0,00;449;187;181;16;16;368;515
9140;45,91;-178,39;0,00;0,00;0,00;-0,18;0,00;0,00;22;184;101;12;36;687;128
9141;1,29;-670,22;0,00;0,00;0,00;-0,67;0,00;0,00;292;121;113;31;39;116;487
9142;68,80;-25,88;0,00;0,00;0,00;-0,03;0,00;0,00;97;164;188;27;16;713;207
9143;60,06;-96,45;0,00;0,00;0,00;-0,10;0,00;0,00;228;191;176;40;36;987;785
9144;41,08;-285,73;0,00;0,00;0,00;-0,29;0,00;0,00;231;30;90;35;19;348;522
9145;43,19;-301,00;0,00;0,00;0,00;-0,30;0,00;0,00;133;101;196;14;20;607;260
9146;52,10;-235,63;0,00;0,00;0,00;-0,24;0,00;0,00;278;27;38;43;28;925;521
9147;44,09;-249,36;0,00;0,00;0,00;-0,25;0,00;0,00;48;115;142;35;31;164;763
9148;91,38;143,07;0,00;0,00;0,00;0,14;0,00;0,00;344;109;75;48;37;474;526
9149;69,53;4,68;0,00;0,00;0,00;0,00;0,00;0,00;68;113;134;10;39;355;678
9150;76,86;0,26;0,00;0,00;0,00;0,00;0,00;0,00;210;20;115;46;38;236;644
9151;57,39;-78,65;0,00;0,00;0,00;-0,08;0,00;0,00;424;175;103;10;34;945;957
9152;66,79;-0,87;0,00;0,00;0,00;-0,00;0,00;0,00;241;106;11;20;35;938;155
9153;18,56;-590,38;0,00;0,00;0,00;-0,59;0,00;0,00;130;41;23;16;20;712;411
9154;29,90;-439,01;0,00;0,00;0,00;-0,44;0,00;0,00;30;65;121;13;34;271;142
9155;84,19;100,92;0,00;0,00;0,00;0,10;0,00;0,00;151;187;64;37;15;399;161
9156;51,80;-195,68;0,00;0,00;0,00;-0,20;0,00;0,00;395;79;77;36;19;644;577
9157;56,65;-126,59;0,00;0,00;0,00;-0,13;0,00;0,00;44;102;147;21;38;737;725
9158;39,88;-356,30;0,00;0,00;0,00;-0,36;0,00;0,00;89;43;86;21;26;423;228
9159;54,61;-169,24;0,00;0,00;0,00;-0,17;0,00;0,00;458;100;117;48;20;864;782
9160;70,26;-10,94;0,00;0,00;0,00;-0,01;0,00;0,00;261;178;125;33;18;508;967
9161;5,71;-637,35;0,00;0,00;0,00;-0,64;0,00;0,00;374;44;15;13;16;982;689
9162;64,40;-100,98;0,00;0,00;0,00;-0,10;0,00;0,00;466;192;139;15;17;613;917
9163;20,13;-550,21;0,00;0,00;0,00;-0,55;0,00;0,00;137;69;118;29;25;233;140
9164;49,85;-313,50;0,00;0,00;0,00;-0,31;0,00;0,00;307;196;60;45;24;181;484
9165;18,65;-502,31;0,00;0,00;0,00;-0,50;0,00;0,00;341;185;66;38;15;531;219
9166;30,11;-465,06;0,00;0,00;0,00;-0,47;0,00;0,00;333;50;152;47;38;326;906
9167;69,20;-73,91;0,00;0,00;0,00;-0,07;0,00;0,00;116;160;154;49;31;141;905
9168;0,00;-638,60;0,00;0,00;0,00;-0,64;0,00;0,00;437;86;68;49;30;647;420
9169;46,92;-218,56;0,00;0,00;0,00;-0,22;0,00;0,00;466;173;149;25;17;204;328
9170;27,01;-381,26;0,00;0,00;0,00;-0,38;0,00;0,00;93;68;70;25;38;446;327
9171;19,01;-578,11;0,00;0,00;0,00;-0,58;0,00;0,00;117;13;139;19;15;655;582
9172;35,13;-347,56;0,00;0,00;0,00;-0,35;0,00;0,00;452;190;118;30;31;105;652
9173;100,00;217,44;0,00;0,00;0,00;0,22;0,00;0,00;98;16;81;31;24;639;974
9174;82,16;136,40;0,00;0,00;0,00;0,14;0,00;0,00;468;89;42;46;38;519;877
9175;21,66;-441,41;0,00;0,00;0,00;-0,44;0,00;0,00;322;112;178;47;34;933;944
9176;65,65;43,99;0,00;0,00;0,00;0,04;0,00;0,00;171;137;157;48;26;485;531
9177;49,03;-250,40;0,00;0,00;0,00;-0,25;0,00;0,00;392;62;196;27;22;964;204
9178;38,99;-337,52;0,00;0,00;0,00;-0,34;0,00;0,00;159;114;74;13;15;708;462
9179;56,66;-215,27;0,00;0,00;0,00;-0,22;0,00;0,00;249;144;25;30;26;611;484
9180;37,24;-305,51;0,00;0,00;0,00;-0,31;0,00;0,00;362;51;150;22;21;491;704
9181;81,90;213,70;0,00;0,00;0,00;0,21;0,00;0,00;262;194;196;26;18;624;491
9182;50,53;-210,24;0,00;0,00;0,00;-0,21;0,00;0,00;212;62;90;31;19;225;156
9183;57,10;-148,81;0,00;0,00;0,00;-0,15;0,00;0,00;422;16;38;47;16;654;476
9184;83,19;147,84;0,00;0,00;0,00;0,15;0,00;0,00;150;137;103;30;18;739;834
9185;11,91;-583,77;0,00;0,00;0,00;-0,58;0,00;0,00;338;162;100;23;37;372;465
9186;53,28;-159,59;0,00;0,00;0,00;-0,16;0,00;0,00;256;114;90;21;23;952;147
9187;51,72;-200,28;0,00;0,00;0,00;-0,20;0,00;0,00;300;129;10;21;36;624;581
9188;18,71;-510,41;0,00;0,00;0,00;-0,51;0,00;0,00;408;54;145;30;20;726;900
9189;53,32;-179,75;0,00;0,00;0,00;-0,18;0,00;0,00;431;126;65;34;33;260;581
9190;14,07;-591,82;0,00;0,00;0,00;-0,59;0,00;0,00;383;169;138;11;25;483;329
9191;79,10;109,25;0,00;0,00;0,00;0,11;0,00;0,00;385;72;100;41;34;297;821
9192;95,46;130,01;0,00;0,00;0,00;0,13;0,00;0,00;483;19;108;40;33;231;917
9193;56,13;-84,58;0,00;0,00;0,00;-0,08;0,00;0,00;11;36;27;35;19;103;515
9194;21,46;-491,67;0,00;0,00;0,00;-0,49;0,00;0,00;334;96;149;22;31;728;636
9195;64,38;-93,96;0,00;0,00;0,00;-0,09;0,00;0,00;107;89;18;49;35;221;668
9196;69,52;-44,45;0,00;0,00;0,00;-0,04;0,00;0,00;23;162;150;19;22;331;879
9197;54,32;-184,87;0,00;0,00;0,00;-0,18;0,00;0,00;396;66;161;40;37;794;862
9198;63,64;-34,99;0,00;0,00;0,00;-0,03;0,00;0,00;90;152;96;25;25;595;939
9199;63,50;-40,35;0,00;0,00;0,00;-0,04;0,00;0,00;267;189;122;23;32;715;532
9200;76,20;112,17;0,00;0,00;0,00;0,11;0,00;0,00;384;77;46;26;24;684;734
9201;47,75;-195,72;0,00;0,00;0,00;-0,20;0,00;0,00;72;56;155;49;16;913;916
9202;0,00;-721,49;0,00;0,00;0,00;-0,72;0,00;0,00;417;194;36;20;35;461;189
9203;47,72;-194,19;0,00;0,00;0,00;-0,19;0,00;0,00;460;92;110;35;35;109;248
9204;33,94;-398,67;0,00;0,00;0,00;-0,40;0,00;0,00;222;186;142;28;22;285;941
9205;8,64;-621,98;0,00;0,00;0,00;-0,62;0,00;0,00;435;46;114;10;15;464;313
9206;58,68;-39,78;0,00;0,00;0,00;-0,04;0,00;0,00;125;178;20;29;26;142;160
9207;100,00;325,55;0,00;0,00;0,00;0,33;0,00;0,00;24;123;139;21;37;674;800
9208;69,40;14,25;0,00;0,00;0,00;0,01;0,00;0,00;429;147;124;40;31;619;162
9209;30,35;-371,15;0,00;0,00;0,00;-0,37;0,00;0,00;39;60;37;43;39;598;159
9210;88,42;114,35;0,00;0,00;0,00;0,11;0,00;0,00;460;124;100;11;16;181;858
9211;54,24;-249,27;0,00;0,00;0,00;-0,25;0,00;0,00;243;157;163;34;15;183;136
9212;72,01;-9,79;0,00;0,00;0,00;-0,01;0,00;0,00;209;102;77;10;21;329;530
9213;11,20;-571,00;0,00;0,00;0,00;-0,57;0,00;0,00;420;197;160;16;32;816;398
9214;46,81;-251,67;0,00;0,00;0,00;-0,25;0,00;0,00;155;176;89;23;24;306;199
9215;60,55;-106,58;0,00;0,00;0,00;-0,11;0,00;0,00;364;68;131;16;20;654;246
9216;30,40;-379,66;0,00;0,00;0,00;-0,38;0,00;0,00;94;54;50;39;26;902;203
9217;75,33;-24,41;0,00;0,00;0,00;-0,02;0,00;0,00;166;130;58;21;24;622;862
9218;65,14;-55,03;0,00;0,00;0,00;-0,06;0,00;0,00;199;57;127;15;25;452;565
9219;69,76;-17,19;0,00;0,00;0,00;-0,02;0,00;0,00;80;185;130;17;33;857;623
9220;16,86;-451,13;0,00;0,00;0,00;-0,45;0,00;0,00;32;161;48;21;32;118;515
9221;44,84;-312,76;0,00;0,00;0,00;-0,31;0,00;0,00;221;180;174;42;39;514;655
9222;27,77;-462,85;0,00;0,00;0,00;-0,46;0,00;0,00;159;13;80;49;27;669;788
9223;81,58;91,96;0,00;0,00;0,00;0,09;0,00;0,00;348;29;19;20;28;859;859
9224;48,90;-173,12;0,00;0,00;0,00;-0,17;0,00;0,00;257;57;102;17;17;642;859
9225;90,78;180,16;0,00;0,00;0,00;0,18;0,00;0,00;330;157;149;15;38;232;165
9226;62,02;-75,80;0,00;0,00;0,00;-0,08;0,00;0,00;128;52;149;24;34;448;415
9227;54,62;-256,33;0,00;0,00;0,00;-0,26;0,00;0,00;464;139;142;32;38;867;388
9228;69,46;17,21;0,00;0,00;0,00;0,02;0,00;0,00;352;175;50;38;16;862;593
9229;53,59;-211,14;0,00;0,00;0,00;-0,21;0,00;0,00;122;133;161;41;18;976;761
9230;30,48;-420,37;0,00;0,00;0,00;-0,42;0,00;0,00;313;31;119;32;25;100;620
9231;70,26;-19,71;0,00;0,00;0,00;-0,02;0,00;0,00;416;180;92;34;36;201;442
9232;30,94;-413,28;0,00;0,00;0,00;-0,41;0,00;0,00;240;94;99;15;21;451;339
9233;23,52;-490,29;0,00;0,00;0,00;-0,49;0,00;0,00;72;35;157;15;33;521;265
9234;43,88;-326,41;0,00;0,00;0,00;-0,33;0,00;0,00;125;32;114;43;32;300;278
9235;20,34;-533,07;0,00;0,00;0,00;-0,53;0,00;0,00;264;83;37;45;18;439;743
9236;81,04;112,67;0,00;0,00;0,00;0,11;0,00;0,00;85;162;134;10;34;999;725
9237;62,41;-101,77;0,00;0,00;0,00;-0,10;0,00;0,00;329;114;151;24;24;691;118
9238;27,25;-477,96;0,00;0,00;0,00;-0,48;0,00;0,00;92;193;151;14;18;768;122
9239;19,57;-581,70;0,00;0,00;0,00;-0,58;0,00;0,00;462;171;49;13;19;840;941
9240;46,06;-205,38;0,00;0,00;0,00;-0,21;0,00;0,00;272;67;21;49;34;949;210
9241;97,74;269,03;0,00;0,00;0,00;0,27;0,00;0,00;175;177;157;10;34;875;132
9242;10,53;-587,65;0,00;0,00;0,00;-0,59;0,00;0,00;224;49;24;39;39;748;171
9243;24,47;-465,91;0,00;0,00;0,00;-0,47;0,00;0,00;474;101;185;41;28;577;381
9244;66,21;-55,23;0,00;0,00;0,00;-0,06;0,00;0,00;469;131;166;36;16;914;137
9245;18,00;-494,32;0,00;0,00;0,00;-0,49;0,00;0,00;266;153;181;10;15;732;383
9246;85,85;90,53;0,00;0,00;0,00;0,09;0,00;0,00;419;19;111;24;27;309;224
9247;16,01;-446,18;0,00;0,00;0,00;-0,45;0,00;0,00;201;94;148;11;37;545;416
9248;23,55;-465,65;0,00;0,00;0,00;-0,47;0,00;0,00;482;136;105;20;26;489;173
9249;14,88;-632,39;0,00;0,00;0,00;-0,63;0,00;0,00;317;113;122;18;31;347;757
9250;73,25;57,79;0,00;0,00;0,00;0,06;0,00;0,00;150;160;54;28;16;490;544
9251;69,54;90,12;0,00;0,00;0,00;0,09;0,00;0,00;380;142;106;26;33;518;164
9252;28,65;-410,76;0,00;0,00;0,00;-0,41;0,00;0,00;366;23;142;18;23;138;385
9253;36,89;-322,08;0,00;0,00;0,00;-0,32;0,00;0,00;49;128;17;23;26;305;165
9254;85,77;185,66;0,00;0,00;0,00;0,19;0,00;0,00;35;46;57;13;23;892;997
9255;67,05;-25,99;0,00;0,00;0,00;-0,03;0,00;0,00;409;104;159;10;35;115;132
9256;78,44;98,72;0,00;0,00;0,00;0,10;0,00;0,00;493;53;166;37;30;320;850
9257;50,23;-264,16;0,00;0,00;0,00;-0,26;0,00;0,00;376;173;89;36;33;338;835
9258;44,29;-351,58;0,00;0,00;0,00;-0,35;0,00;0,00;70;175;101;47;28;640;560
9259;36,54;-264,91;0,00;0,00;0,00;-0,26;0,00;0,00;114;62;186;27;18;850;467
9260;18,25;-571,41;0,00;0,00;0,00;-0,57;0,00;0,00;435;195;197;38;36;407;141
9261;7,23;-666,94;0,00;0,00;0,00;-0,67;0,00;0,00;212;120;134;48;20;447;867
9262;33,38;-369,60;0,00;0,00;0,00;-0,37;0,00;0,00;46;191;50;44;36;632;166
9263;50,88;-144,60;0,00;0,00;0,00;-0,14;0,00;0,00;17;45;134;10;38;235;341
9264;39,58;-256,73;0,00;0,00;0,00;-0,26;0,00;0,00;296;56;131;11;16;540;472
9265;54,57;-225,17;0,00;0,00;0,00;-0,23;0,00;0,00;364;80;23;24;19;596;813
9266;93,35;213,26;0,00;0,00;0,00;0,21;0,00;0,00;359;195;154;26;21;883;871
9267;32,95;-336,10;0,00;0,00;0,00;-0,34;0,00;0,00;354;40;98;23;28;287;299
9268;54,28;-159,38;0,00;0,00;0,00;-0,16;0,00;0,00;61;14;166;29;24;720;467
9269;14,03;-553,32;0,00;0,00;0,00;-0,55;0,00;0,00;426;194;49;22;27;217;729
9270;80,19;87,56;0,00;0,00;0,00;0,09;0,00;0,00;232;134;106;16;21;683;193
9271;48,34;-189,02;0,00;0,00;0,00;-0,19;0,00;0,00;151;165;172;35;24;696;960
9272;34,90;-283,38;0,00;0,00;0,00;-0,28;0,00;0,00;446;89;99;21;27;599;630
9273;28,54;-385,96;0,00;0,00;0,00;-0,39;0,00;0,00;464;52;180;28;22;660;986
9274;76,55;132,77;0,00;0,00;0,00;0,13;0,00;0,00;357;109;83;15;15;990;873
9275;27,41;-375,57;0,00;0,00;0,00;-0,38;0,00;0,00;236;27;155;33;24;454;400
9276;61,33;-88,56;0,00;0,00;0,00;-0,09;0,00;0,00;94;119;97;47;16;593;223
9277;18,90;-434,30;0,00;0,00;0,00;-0,43;0,00;0,00;325;37;72;25;31;553;976
9278;33,82;-393,43;0,00;0,00;0,00;-0,39;0,00;0,00;230;177;144;11;34;326;732
9279;63,76;1,19;0,00;0,00;0,00;0,00;0,00;0,00;422;110;132;34;30;698;958
9280;62,01;12,13;0,00;0,00;0,00;0,01;0,00;0,00;303;91;23;17;30;481;566
9281;73,92;19,09;0,00;0,00;0,00;0,02;0,00;0,00;454;160;42;29;38;719;322
9282;63,54;-52,83;0,00;0,00;0,00;-0,05;0,00;0,00;203;163;163;11;19;884;638
9283;35,37;-363,12;0,00;0,00;0,00;-0,36;0,00;0,00;29;113;180;45;20;872;584
9284;29,98;-402,53;0,00;0,00;0,00;-0,40;0,00;0,00;206;147;40;23;33;248;448
9285;100,00;241,23;0,00;0,00;0,00;0,24;0,00;0,00;318;159;138;13;20;194;893
9286;83,74;187,90;0,00;0,00;0,00;0,19;0,00;0,00;64;88;56;14;37;709;751
9287;44,01;-228,52;0,00;0,00;0,00;-0,23;0,00;0,00;219;114;153;10;37;686;455
9288;100,00;367,32;0,00;0,00;0,00;0,37;0,00;0,00;474;13;165;10;39;313;702
9289;0,00;-681,47;0,00;0,00;0,00;-0,68;0,00;0,00;11;199;126;25;26;605;449
9290;70,16;91,34;0,00;0,00;0,00;0,09;0,00;0,00;150;167;133;36;35;705;880
9291;75,69;-8,05;0,00;0,00;0,00;-0,01;0,00;0,00;333;22;118;24;18;194;574
9292;61,39;-19,94;0,00;0,00;0,00;-0,02;0,00;0,00;351;122;138;28;33;967;391
9293;0,00;-714,53;0,00;0,00;0,00;-0,71;0,00;0,00;108;162;163;41;33;115;308
9294;8,19;-607,96;0,00;0,00;0,00;-0,61;0,00;0,00;61;137;171;27;20;942;175
9295;75,33;207,37;0,00;0,00;0,00;0,21;0,00;0,00;387;116;172;21;24;284;750
9296;47,05;-294,62;0,00;0,00;0,00;-0,29;0,00;0,00;84;177;61;29;28;783;751
9297;71,24;22,13;0,00;0,00;0,00;0,02;0,00;0,00;49;55;121;28;15;924;651
9298;39,74;-368,80;0,00;0,00;0,00;-0,37;0,00;0,00;33;186;61;37;28;995;858
9299;9,95;-597,36;0,00;0,00;0,00;-0,60;0,00;0,00;260;36;31;21;37;489;979
9300;50,73;-177,24;0,00;0,00;0,00;-0,18;0,00;0,00;139;167;118;10;16;380;801
9301;87,39;100,17;0,00;0,00;0,00;0,10;0,00;0,00;455;51;140;26;29;844;838
9302;64,88;3,98;0,00;0,00;0,00;0,00;0,00;0,00;480;62;189;26;22;344;490
9303;63,48;-101,48;0,00;0,00;0,00;-0,10;0,00;0,00;159;101;47;42;24;986;247
9304;60,27;-31,61;0,00;0,00;0,00;-0,03;0,00;0,00;248;172;11;20;36;673;252
9305;27,86;-495,48;0,00;0,00;0,00;-0,50;0,00;0,00;461;193;128;25;34;413;499
9306;47,91;-225,57;0,00;0,00;0,00;-0,23;0,00;0,00;340;189;18;33;35;242;727
9307;48,99;-237,39;0,00;0,00;0,00;-0,24;0,00;0,00;329;84;102;44;32;676;297
9308;28,18;-359,86;0,00;0,00;0,00;-0,36;0,00;0,00;481;167;109;23;16;659;465
9309;4,11;-656,87;0,00;0,00;0,00;-0,66;0,00;0,00;190;24;113;48;21;700;161
9310;21,89;-442,44;0,00;0,00;0,00;-0,44;0,00;0,00;40;171;110;31;27;717;815
9311;16,57;-501,05;0,00;0,00;0,00;-0,50;0,00;0,00;61;165;47;21;27;423;600
9312;13,16;-477,88;0,00;0,00;0,00;-0,48;0,00;0,00;75;132;174;40;19;803;435
9313;25,95;-469,74;0,00;0,00;0,00;-0,47;0,00;0,00;186;165;57;34;32;121;828
9314;38,42;-382,84;0,00;0,00;0,00;-0,38;0,00;0,00;16;197;197;48;19;333;602
9315;72,05;-61,17;0,00;0,00;0,00;-0,06;0,00;0,00;495;68;198;29;36;279;401
9316;38,55;-245,62;0,00;0,00;0,00;-0,25;0,00;0,00;315;113;162;14;36;757;891
9317;82,02;20,01;0,00;0,00;0,00;0,02;0,00;0,00;125;145;50;17;30;866;804
9318;21,50;-491,58;0,00;0,00;0,00;-0,49;0,00;0,00;44;180;65;25;22;151;320
9319;39,33;-343,38;0,00;0,00;0,00;-0,34;0,00;0,00;443;54;193;19;36;843;262
9320;42,28;-177,20;0,00;0,00;0,00;-0,18;0,00;0,00;455;65;82;14;22;822;915
9321;37,19;-263,30;0,00;0,00;0,00;-0,26;0,00;0,00;342;86;39;27;39;320;172
9322;18,69;-414,47;0,00;0,00;0,00;-0,41;0,00;0,00;361;52;67;11;25;280;451
9323;68,86;-39,60;0,00;0,00;0,00;-0,04;0,00;0,00;28;181;109;18;25;418;962
9324;57,90;-13,23;0,00;0,00;0,00;-0,01;0,00;0,00;373;189;47;25;37;149;668
9325;68,06;-2,00;0,00;0,00;0,00;-0,00;0,00;0,00;416;153;114;40;39;983;334
9326;49,08;-238,21;0,00;0,00;0,00;-0,24;0,00;0,00;132;62;75;33;33;623;602
9327;20,83;-543,05;0,00;0,00;0,00;-0,54;0,00;0,00;69;27;18;12;24;569;540
9328;28,20;-365,73;0,00;0,00;0,00;-0,37;0,00;0,00;54;40;76;48;20;692;557
9329;76,92;67,26;0,00;0,00;0,00;0,07;0,00;0,00;63;137;117;35;24;220;314
9330;61,76;-100,50;0,00;0,00;0,00;-0,10;0,00;0,00;283;115;176;10;27;373;105
9331;66,25;-63,39;0,00;0,00;0,00;-0,06;0,00;0,00;468;95;22;10;25;102;463
9332;35,57;-359,53;0,00;0,00;0,00;-0,36;0,00;0,00;51;37;109;47;35;800;203
9333;65,10;14,29;0,00;0,00;0,00;0,01;0,00;0,00;114;110;196;23;34;771;610
9334;33,03;-417,29;0,00;0,00;0,00;-0,42;0,00;0,00;128;133;82;32;32;686;886
9335;32,57;-435,63;0,00;0,00;0,00;-0,44;0,00;0,00;55;104;119;33;30;288;367
9336;36,92;-262,63;0,00;0,00;0,00;-0,26;0,00;0,00;324;40;80;49;37;967;871
9337;61,13;-102,44;0,00;0,00;0,00;-0,10;0,00;0,00;484;100;140;25;15;384;916
9338;77,99;33,59;0,00;0,00;0,00;0,03;0,00;0,00;118;57;71;19;17;726;376
9339;92,38;198,52;0,00;0,00;0,00;0,20;0,00;0,00;46;90;172;37;32;661;739
9340;86,86;127,15;0,00;0,00;0,00;0,13;0,00;0,00;472;47;194;22;28;458;398
9341;68,24;38,65;0,00;0,00;0,00;0,04;0,00;0,00;336;67;107;26;24;223;392
9342;10,86;-627,48;0,00;0,00;0,00;-0,63;0,00;0,00;469;76;94;32;31;511;334
9343;70,38;37,66;0,00;0,00;0,00;0,04;0,00;0,00;190;122;138;30;36;610;793
9344;100,00;362,72;0,00;0,00;0,00;0,36;0,00;0,00;285;82;111;27;38;236;837
9345;21,56;-534,99;0,00;0,00;0,00;-0,53;0,00;0,00;286;74;51;45;30;411;168
9346;56,41;-103,66;0,00;0,00;0,00;-0,10;0,00;0,00;215;47;129;32;16;857;261
9347;73,02;81,90;0,00;0,00;0,00;0,08;0,00;0,00;82;199;12;49;17;394;718
9348;57,90;-106,37;0,00;0,00;0,00;-0,11;0,00;0,00;132;151;95;36;16;507;323
9349;58,66;-169,00;0,00;0,00;0,00;-0,17;0,00;0,00;68;127;171;18;16;206;401
9350;71,18;30,68;0,00;0,00;0,00;0,03;0,00;0,00;320;73;162;34;21;632;852
9351;48,17;-160,09;0,00;0,00;0,00;-0,16;0,00;0,00;110;59;84;42;25;617;734
9352;38,16;-278,39;0,00;0,00;0,00;-0,28;0,00;0,00;324;160;33;46;26;397;128
9353;56,96;-118,96;0,00;0,00;0,00;-0,12;0,00;0,00;453;75;64;32;20;340;115
9354;76,22;46,22;0,00;0,00;0,00;0,05;0,00;0,00;351;110;34;49;30;164;393
9355;3,84;-661,28;0,00;0,00;0,00;-0,66;0,00;0,00;210;17;120;45;25;895;524
9356;34,46;-329,46;0,00;0,00;0,00;-0,33;0,00;0,00;318;125;155;31;19;232;573
9357;28,24;-461,11;0,00;0,00;0,00;-0,46;0,00;0,00;179;55;176;49;32;891;583
9358;44,73;-229,06;0,00;0,00;0,00;-0,23;0,00;0,00;404;131;152;12;39;513;954
9359;63,98;-27,66;0,00;0,00;0,00;-0,03;0,00;0,00;220;134;197;22;19;652;108
9360;99,89;284,76;0,00;0,00;0,00;0,28;0,00;0,00;147;199;134;19;17;212;596
9361;84,49;112,25;0,00;0,00;0,00;0,11;0,00;0,00;16;120;132;26;33;390;103
9362;36,82;-325,91;0,00;0,00;0,00;-0,33;0,00;0,00;192;86;70;17;15;773;606
9363;55,31;-135,41;0,00;0,00;0,00;-0,14;0,00;0,00;31;39;105;32;32;878;520
9364;59,79;-128,04;0,00;0,00;0,00;-0,13;0,00;0,00;406;153;30;22;33;831;886
9365;73,46;17,88;0,00;0,00;0,00;0,02;0,00;0,00;450;171;199;36;35;149;265
9366;35,46;-353,99;0,00;0,00;0,00;-0,35;0,00;0,00;203;156;146;38;20;986;775
9367;62,30;-158,23;0,00;0,00;0,00;-0,16;0,00;0,00;399;109;15;34;34;652;539
9368;40,46;-303,55;0,00;0,00;0,00;-0,30;0,00;0,00;70;190;199;32;26;381;514
9369;70,41;-29,05;0,00;0,00;0,00;-0,03;0,00;0,00;499;14;76;20;16;114;133
9370;18,22;-583,09;0,00;0,00;0,00;-0,58;0,00;0,00;90;195;169;13;37;465;228
9371;0,00;-695,89;0,00;0,00;0,00;-0,70;0,00;0,00;424;18;40;36;16;374;981
9372;56,66;-151,50;0,00;0,00;0,00;-0,15;0,00;0,00;153;106;35;12;20;638;992
9373;81,50;35,37;0,00;0,00;0,00;0,04;0,00;0,00;471;57;36;29;24;342;571
9374;98,43;309,09;0,00;0,00;0,00;0,31;0,00;0,00;390;58;19;12;26;660;669
9375;75,31;23,17;0,00;0,00;0,00;0,02;0,00;0,00;329;10;153;46;26;558;957
9376;47,43;-274,40;0,00;0,00;0,00;-0,27;0,00;0,00;36;79;52;42;26;581;802
9377;68,05;105,23;0,00;0,00;0,00;0,11;0,00;0,00;430;64;32;16;16;114;777
9378;64,56;-41,78;0,00;0,00;0,00;-0,04;0,00;0,00;80;132;91;24;30;298;430
9379;40,82;-258,59;0,00;0,00;0,00;-0,26;0,00;0,00;270;172;86;45;31;338;807
9380;48,95;-260,62;0,00;0,00;0,00;-0,26;0,00;0,00;316;146;183;44;26;235;763
9381;59,50;-120,70;0,00;0,00;0,00;-0,12;0,00;0,00;367;63;182;39;31;666;619
9382;51,31;-161,90;0,00;0,00;0,00;-0,16;0,00;0,00;309;85;119;13;22;684;721
9383;76,55;-46,45;0,00;0,00;0,00;-0,05;0,00;0,00;203;25;176;19;34;163;486
9384;51,59;-170,45;0,00;0,00;0,00;-0,17;0,00;0,00;449;154;16;21;24;586;651
9385;58,93;-184,43;0,00;0,00;0,00;-0,18;0,00;0,00;234;136;111;40;21;875;493
9386;31,38;-416,54;0,00;0,00;0,00;-0,42;0,00;0,00;113;177;26;31;22;349;914
9387;32,67;-371,61;0,00;0,00;0,00;-0,37;0,00;0,00;61;153;36;20;22;682;312
9388;46,00;-360,12;0,00;0,00;0,00;-0,36;0,00;0,00;304;11;143;27;26;609;679
9389;98,27;273,58;0,00;0,00;0,00;0,27;0,00;0,00;232;30;31;28;36;402;718
9390;54,74;-105,64;0,00;0,00;0,00;-0,11;0,00;0,00;170;95;179;33;36;732;284
9391;52,53;-161,45;0,00;0,00;0,00;-0,16;0,00;0,00;385;193;14;30;15;476;751
9392;67,01;-10,96;0,00;0,00;0,00;-0,01;0,00;0,00;266;193;103;10;20;211;750
9393;19,42;-409,76;0,00;0,00;0,00;-0,41;0,00;0,00;284;42;130;18;37;406;941
9394;41,31;-288,27;0,00;0,00;0,00;-0,29;0,00;0,00;467;64;25;19;35;149;452
9395;85,99;139,89;0,00;0,00;0,00;0,14;0,00;0,00;320;54;167;48;38;922;159
9396;16,49;-558,00;0,00;0,00;0,00;-0,56;0,00;0,00;471;173;184;16;38;224;121
9397;13,45;-521,83;0,00;0,00;0,00;-0,52;0,00;0,00;275;198;96;39;17;420;940
9398;27,06;-463,10;0,00;0,00;0,00;-0,46;0,00;0,00;301;155;143;22;39;452;524
9399;0,00;-680,99;0,00;0,00;0,00;-0,68;0,00;0,00;325;101;151;46;38;356;136
9400;64,64;-82,66;0,00;0,00;0,00;-0,08;0,00;0,00;376;179;98;20;25;431;323
9401;44,23;-304,22;0,00;0,00;0,00;-0,30;0,00;0,00;386;174;172;18;28;113;720
9402;51,11;-157,21;0,00;0,00;0,00;-0,16;0,00;0,00;342;70;104;40;33;634;580
9403;35,33;-353,72;0,00;0,00;0,00;-0,35;0,00;0,00;378;164;40;20;35;699;147
9404;66,91;-54,02;0,00;0,00;0,00;-0,05;0,00;0,00;299;187;84;38;36;353;338
9405;59,64;-67,11;0,00;0,00;0,00;-0,07;0,00;0,00;447;110;51;38;30;781;493
9406;20,73;-544,40;0,00;0,00;0,00;-0,54;0,00;0,00;463;142;133;25;36;149;346
9407;25,84;-431,00;0,00;0,00;0,00;-0,43;0,00;0,00;56;127;147;44;15;831;445
9408;52,90;-166,03;0,00;0,00;0,00;-0,17;0,00;0,00;453;118;177;39;15;688;667
9409;74,71;18,83;0,00;0,00;0,00;0,02;0,00;0,00;278;124;177;35;30;745;676
9410;36,00;-387,50;0,00;0,00;0,00;-0,39;0,00;0,00;131;167;18;13;16;332;669
9411;41,35;-264,65;0,00;0,00;0,00;-0,26;0,00;0,00;432;138;31;25;39;729;517
9412;46,08;-226,73;0,00;0,00;0,00;-0,23;0,00;0,00;238;130;25;47;27;894;217
9413;64,39;-87,22;0,00;0,00;0,00;-0,09;0,00;0,00;301;199;48;28;16;760;102
9414;82,56;95,22;0,00;0,00;0,00;0,10;0,00;0,00;292;106;114;36;34;553;623
9415;77,55;91,36;0,00;0,00;0,00;0,09;0,00;0,00;266;53;101;22;25;459;542
9416;35,82;-353,81;0,00;0,00;0,00;-0,35;0,00;0,00;258;139;123;15;31;501;988
9417;50,42;-127,57;0,00;0,00;0,00;-0,13;0,00;0,00;143;54;39;12;19;280;144
9418;33,78;-277,94;0,00;0,00;0,00;-0,28;0,00;0,00;428;175;47;19;25;298;230
9419;97,30;216,61;0,00;0,00;0,00;0,22;0,00;0,00;371;151;163;38;30;867;543
9420;59,23;-126,45;0,00;0,00;0,00;-0,13;0,00;0,00;162;59;17;17;30;929;624
9421;91,52;188,17;0,00;0,00;0,00;0,19;0,00;0,00;276;68;124;26;30;599;242
9422;41,39;-167,51;0,00;0,00;0,00;-0,17;0,00;0,00;185;139;150;37;27;634;603
9423;52,13;-235,14;0,00;0,00;0,00;-0,24;0,00;0,00;49;127;88;27;20;168;149
9424;68,55;10,18;0,00;0,00;0,00;0,01;0,00;0,00;266;37;49;18;20;651;376
9425;4,57;-659,58;0,00;0,00;0,00;-0,66;0,00;0,00;216;192;195;16;33;955;715
9426;43,38;-288,10;0,00;0,00;0,00;-0,29;0,00;0,00;241;112;16;47;16;710;332
9427;60,21;-81,75;0,00;0,00;0,00;-0,08;0,00;0,00;158;77;17;42;21;898;238
9428;89,97;256,27;0,00;0,00;0,00;0,26;0,00;0,00;384;49;114;29;15;196;203
9429;83,60;167,76;0,00;0,00;0,00;0,17;0,00;0,00;378;90;188;13;27;115;144
9430;38,01;-386,89;0,00;0,00;0,00;-0,39;0,00;0,00;253;51;183;13;23;877;522
9431;71,30;32,11;0,00;0,00;0,00;0,03;0,00;0,00;311;171;86;36;23;192;763
9432;26,35;-364,45;0,00;0,00;0,00;-0,36;0,00;0,00;146;41;184;28;19;769;464
9433;68,37;-9,25;0,00;0,00;0,00;-0,01;0,00;0,00;46;20;139;27;25;522;449
9434;44,31;-191,84;0,00;0,00;0,00;-0,19;0,00;0,00;63;12;138;32;35;803;265
9435;45,23;-205,21;0,00;0,00;0,00;-0,21;0,00;0,00;64;109;99;48;24;659;883
9436;60,02;-44,64;0,00;0,00;0,00;-0,04;0,00;0,00;238;141;34;26;21;257;268
9437;67,70;-118,76;0,00;0,00;0,00;-0,12;0,00;0,00;107;25;26;39;15;694;919
9438;12,86;-556,01;0,00;0,00;0,00;-0,56;0,00;0,00;255;44;48;31;15;797;213
9439;52,98;-128,40;0,00;0,00;0,00;-0,13;0,00;0,00;141;102;160;49;38;292;670
9440;65,89;-16,04;0,00;0,00;0,00;-0,02;0,00;0,00;398;135;52;34;16;428;515
9441;52,84;-146,40;0,00;0,00;0,00;-0,15;0,00;0,00;142;28;99;37;37;251;698
9442;69,26;-16,70;0,00;0,00;0,00;-0,02;0,00;0,00;145;76;128;49;23;153;600
9443;71,56;-20,75;0,00;0,00;0,00;-0,02;0,00;0,00;167;123;106;34;39;273;999
9444;34,74;-328,67;0,00;0,00;0,00;-0,33;0,00;0,00;150;195;148;39;18;481;157
9445;29,60;-387,44;0,00;0,00;0,00;-0,39;0,00;0,00;32;164;150;45;27;207;751
9446;53,36;-221,19;0,00;0,00;0,00;-0,22;0,00;0,00;375;10;188;49;34;109;309
9447;49,44;-202,40;0,00;0,00;0,00;-0,20;0,00;0,00;121;88;199;42;31;456;675
9448;0,00;-797,39;0,00;0,00;0,00;-0,80;0,00;0,00;150;192;71;11;28;182;533
9449;65,72;23,07;0,00;0,00;0,00;0,02;0,00;0,00;31;162;81;27;37;139;409
9450;91,75;191,64;0,00;0,00;0,00;0,19;0,00;0,00;387;75;79;23;25;225;624
9451;26,09;-494,39;0,00;0,00;0,00;-0,49;0,00;0,00;12;106;27;31;20;286;677
9452;65,45;-90,19;0,00;0,00;0,00;-0,09;0,00;0,00;318;64;155;16;31;915;735
9453;12,15;-550,88;0,00;0,00;0,00;-0,55;0,00;0,00;231;113;172;11;35;950;935
9454;51,25;-222,33;0,00;0,00;0,00;-0,22;0,00;0,00;465;184;98;17;25;869;728
9455;87,66;176,24;0,00;0,00;0,00;0,18;0,00;0,00;11;60;99;37;33;932;403
9456;75,54;65,82;0,00;0,00;0,00;0,07;0,00;0,00;332;130;72;26;37;920;586
9457;0,00;-678,31;0,00;0,00;0,00;-0,68;0,00;0,00;411;199;194;37;38;618;175
9458;42,74;-369,26;0,00;0,00;0,00;-0,37;0,00;0,00;205;121;63;38;19;583;825
9459;75,69;73,20;0,00;0,00;0,00;0,07;0,00;0,00;461;40;186;13;30;482;284
9460;75,59;75,30;0,00;0,00;0,00;0,08;0,00;0,00;14;169;32;25;15;424;254
9461;21,79;-459,73;0,00;0,00;0,00;-0,46;0,00;0,00;386;134;44;14;17;656;614
9462;78,96;67,02;0,00;0,00;0,00;0,07;0,00;0,00;63;162;169;22;33;853;318
9463;73,85;-7,45;0,00;0,00;0,00;-0,01;0,00;0,00;79;144;61;14;29;783;204
9464;42,00;-236,76;0,00;0,00;0,00;-0,24;0,00;0,00;451;163;95;42;24;353;118
9465;1,76;-651,86;0,00;0,00;0,00;-0,65;0,00;0,00;474;119;26;42;19;398;685
9466;21,98;-467,60;0,00;0,00;0,00;-0,47;0,00;0,00;425;164;113;25;23;334;440
9467;94,82;292,37;0,00;0,00;0,00;0,29;0,00;0,00;180;66;36;44;39;248;594
9468;25,12;-383,20;0,00;0,00;0,00;-0,38;0,00;0,00;456;10;56;47;19;801;421
9469;44,76;-205,76;0,00;0,00;0,00;-0,21;0,00;0,00;91;157;56;45;15;816;983
9470;49,44;-195,67;0,00;0,00;0,00;-0,20;0,00;0,00;223;40;134;40;35;226;563
9471;7,49;-676,82;0,00;0,00;0,00;-0,68;0,00;0,00;352;118;110;30;30;670;293
9472;74,29;64,32;0,00;0,00;0,00;0,06;0,00;0,00;223;119;149;29;21;930;243
9473;42,93;-213,06;0,00;0,00;0,00;-0,21;0,00;0,00;238;183;185;36;32;606;795
9474;47,42;-216,76;0,00;0,00;0,00;-0,22;0,00;0,00;369;160;77;49;22;777;332
9475;67,46;-85,80;0,00;0,00;0,00;-0,09;0,00;0,00;458;104;59;39;20;182;814
9476;68,11;-45,57;0,00;0,00;0,00;-0,05;0,00;0,00;53;107;142;13;25;299;888
9477;69,31;87,41;0,00;0,00;0,00;0,09;0,00;0,00;163;128;161;38;32;385;578
9478;56,25;-203,68;0,00;0,00;0,00;-0,20;0,00;0,00;273;96;65;10;27;992;724
9479;32,28;-361,83;0,00;0,00;0,00;-0,36;0,00;0,00;15;58;82;20;18;603;452
9480;53,69;-161,54;0,00;0,00;0,00;-0,16;0,00;0,00;341;26;140;15;19;894;602
9481;72,00;-43,27;0,00;0,00;0,00;-0,04;0,00;0,00;431;35;36;49;33;724;871
9482;63,47;-32,04;0,00;0,00;0,00;-0,03;0,00;0,00;150;130;70;41;18;904;646
9483;19,49;-475,61;0,00;0,00;0,00;-0,48;0,00;0,00;213;21;175;46;28;952;804
9484;77,20;-22,26;0,00;0,00;0,00;-0,02;0,00;0,00;36;84;103;12;18;161;519
9485;74,95;56,63;0,00;0,00;0,00;0,06;0,00;0,00;288;90;41;48;15;235;512
9486;16,38;-509,03;0,00;0,00;0,00;-0,51;0,00;0,00;363;132;125;16;18;901;829
9487;54,88;-232,77;0,00;0,00;0,00;-0,23;0,00;0,00;408;19;182;43;19;453;750
9488;72,60;74,23;0,00;0,00;0,00;0,07;0,00;0,00;275;70;72;34;27;537;424
9489;14,93;-588,00;0,00;0,00;0,00;-0,59;0,00;0,00;417;80;142;30;19;190;736
9490;68,96;19,32;0,00;0,00;0,00;0,02;0,00;0,00;16;105;77;22;18;531;673
9491;82,51;125,52;0,00;0,00;0,00;0,13;0,00;0,00;182;96;41;21;15;177;149
9492;100,00;325,17;0,00;0,00;0,00;0,33;0,00;0,00;249;72;117;41;31;994;238
9493;47,29;-263,82;0,00;0,00;0,00;-0,26;0,00;0,00;397;175;71;15;24;637;663
9494;34,77;-400,24;0,00;0,00;0,00;-0,40;0,00;0,00;445;158;75;32;17;776;230
9495;7,61;-664,36;0,00;0,00;0,00;-0,66;0,00;0,00;129;37;166;42;18;447;211
9496;40,37;-333,04;0,00;0,00;0,00;-0,33;0,00;0,00;317;172;179;28;19;220;235
9497;85,98;225,11;0,00;0,00;0,00;0,23;0,00;0,00;430;150;146;19;16;550;634
9498;70,60;-55,26;0,00;0,00;0,00;-0,06;0,00;0,00;123;159;117;47;36;512;540
9499;41,42;-273,78;0,00;0,00;0,00;-0,27;0,00;0,00;429;128;143;17;33;212;289
9500;61,73;-130,28;0,00;0,00;0,00;-0,13;0,00;0,00;109;47;162;29;34;593;113
9501;7,81;-629,80;0,00;0,00;0,00;-0,63;0,00;0,00;172;110;113;45;33;139;817
9502;42,97;-243,98;0,00;0,00;0,00;-0,24;0,00;0,00;410;123;57;44;20;874;804
9503;68,96;-36,96;0,00;0,00;0,00;-0,04;0,00;0,00;72;106;40;22;24;917;430
9504;27,54;-456,32;0,00;0,00;0,00;-0,46;0,00;0,00;201;32;145;37;38;307;690
9505;55,11;-128,05;0,00;0,00;0,00;-0,13;0,00;0,00;73;88;45;44;22;773;868
9506;77,98;-32,85;0,00;0,00;0,00;-0,03;0,00;0,00;108;136;141;43;19;910;854
9507;25,99;-322,43;0,00;0,00;0,00;-0,32;0,00;0,00;19;135;97;29;39;660;675
9508;60,11;-185,75;0,00;0,00;0,00;-0,19;0,00;0,00;267;91;149;46;35;959;748
9509;59,68;-68,54;0,00;0,00;0,00;-0,07;0,00;0,00;186;119;160;12;24;749;417
9510;70,03;80,25;0,00;0,00;0,00;0,08;0,00;0,00;412;182;174;17;28;126;972
9511;51,80;-184,89;0,00;0,00;0,00;-0,18;0,00;0,00;23;118;155;17;34;115;181
9512;31,36;-448,50;0,00;0,00;0,00;-0,45;0,00;0,00;270;184;175;22;24;781;103
9513;49,72;-216,52;0,00;0,00;0,00;-0,22;0,00;0,00;51;150;191;35;29;533;223
9514;0,00;-731,41;0,00;0,00;0,00;-0,73;0,00;0,00;58;44;158;37;39;714;523
9515;30,26;-468,38;0,00;0,00;0,00;-0,47;0,00;0,00;455;70;88;31;20;644;188
9516;9,42;-602,72;0,00;0,00;0,00;-0,60;0,00;0,00;412;52;125;25;38;336;551
9517;19,89;-458,34;0,00;0,00;0,00;-0,46;0,00;0,00;457;122;82;29;39;320;719
9518;16,95;-513,44;0,00;0,00;0,00;-0,51;0,00;0,00;44;94;185;28;16;269;786
9519;100,00;338,20;0,00;0,00;0,00;0,34;0,00;0,00;419;71;154;41;38;963;818
9520;68,44;18,95;0,00;0,00;0,00;0,02;0,00;0,00;485;89;75;13;17;167;604
9521;57,73;-126,31;0,00;0,00;0,00;-0,13;0,00;0,00;317;11;18;44;15;662;123
9522;69,48;9,99;0,00;0,00;0,00;0,01;0,00;0,00;76;172;127;29;31;856;227
9523;24,38;-442,55;0,00;0,00;0,00;-0,44;0,00;0,00;90;117;103;38;17;533;343
9524;51,27;-239,48;0,00;0,00;0,00;-0,24;0,00;0,00;406;188;28;26;15;938;690
9525;29,39;-448,47;0,00;0,00;0,00;-0,45;0,00;0,00;133;194;49;26;19;897;365
9526;48,83;-285,61;0,00;0,00;0,00;-0,29;0,00;0,00;123;15;106;33;33;872;994
9527;53,87;-111,58;0,00;0,00;0,00;-0,11;0,00;0,00;212;28;128;38;20;585;959
9528;13,92;-566,25;0,00;0,00;0,00;-0,57;0,00;0,00;240;61;178;25;32;236;639
9529;39,09;-303,52;0,00;0,00;0,00;-0,30;0,00;0,00;399;189;34;13;26;653;987
9530;33,65;-379,44;0,00;0,00;0,00;-0,38;0,00;0,00;363;87;165;30;20;384;999
9531;75,40;171,72;0,00;0,00;0,00;0,17;0,00;0,00;295;157;175;43;15;976;106
9532;53,21;-107,16;0,00;0,00;0,00;-0,11;0,00;0,00;257;123;168;22;23;967;526
9533;77,96;155,78;0,00;0,00;0,00;0,16;0,00;0,00;35;117;129;48;26;766;369
9534;51,26;-163,86;0,00;0,00;0,00;-0,16;0,00;0,00;123;178;164;24;27;660;882
9535;26,13;-408,90;0,00;0,00;0,00;-0,41;0,00;0,00;160;35;193;15;24;728;463
9536;69,30;32,46;0,00;0,00;0,00;0,03;0,00;0,00;54;18;169;24;25;254;269
9537;69,06;15,80;0,00;0,00;0,00;0,02;0,00;0,00;46;53;156;28;31;551;204
9538;91,08;248,06;0,00;0,00;0,00;0,25;0,00;0,00;323;60;133;47;27;460;264
9539;17,54;-591,75;0,00;0,00;0,00;-0,59;0,00;0,00;324;90;52;12;38;312;202
9540;88,96;144,83;0,00;0,00;0,00;0,14;0,00;0,00;219;163;116;37;15;473;806
9541;38,89;-223,04;0,00;0,00;0,00;-0,22;0,00;0,00;250;102;144;10;35;154;683
9542;66,67;15,39;0,00;0,00;0,00;0,02;0,00;0,00;380;73;135;27;26;621;605
9543;89,87;101,86;0,00;0,00;0,00;0,10;0,00;0,00;28;36;41;12;22;381;773
9544;80,77;106,15;0,00;0,00;0,00;0,11;0,00;0,00;459;162;82;13;18;426;474
9545;67,52;-24,80;0,00;0,00;0,00;-0,02;0,00;0,00;101;132;135;37;16;307;405
9546;13,83;-509,29;0,00;0,00;0,00;-0,51;0,00;0,00;430;34;72;46;29;157;694
9547;79,89;63,45;0,00;0,00;0,00;0,06;0,00;0,00;483;155;76;34;15;302;266
9548;64,42;-100,86;0,00;0,00;0,00;-0,10;0,00;0,00;335;114;114;42;37;848;754
9549;71,58;37,65;0,00;0,00;0,00;0,04;0,00;0,00;12;60;111;49;38;531;159
9550;45,28;-382,65;0,00;0,00;0,00;-0,38;0,00;0,00;256;190;14;10;20;540;183
9551;72,62;95,54;0,00;0,00;0,00;0,10;0,00;0,00;425;29;12;25;24;971;714
9552;39,86;-242,35;0,00;0,00;0,00;-0,24;0,00;0,00;443;172;176;24;37;869;528
9553;49,39;-195,04;0,00;0,00;0,00;-0,20;0,00;0,00;224;192;96;31;25;651;625
9554;29,65;-277,00;0,00;0,00;0,00;-0,28;0,00;0,00;155;24;107;37;17;730;256
9555;37,29;-361,10;0,00;0,00;0,00;-0,36;0,00;0,00;204;192;13;49;21;775;392
9556;66,93;-15,90;0,00;0,00;0,00;-0,02;0,00;0,00;151;176;55;48;20;611;334
9557;71,42;46,75;0,00;0,00;0,00;0,05;0,00;0,00;319;167;114;15;35;998;828
9558;25,37;-512,85;0,00;0,00;0,00;-0,51;0,00;0,00;314;132;182;17;27;658;575
9559;76,04;83,09;0,00;0,00;0,00;0,08;0,00;0,00;290;49;150;19;38;777;586
9560;23,71;-445,33;0,00;0,00;0,00;-0,45;0,00;0,00;259;158;161;35;19;602;929
9561;67,56;62,43;0,00;0,00;0,00;0,06;0,00;0,00;242;155;170;27;26;159;224
9562;80,03;101,55;0,00;0,00;0,00;0,10;0,00;0,00;199;77;36;30;37;530;223
9563;56,47;-131,34;0,00;0,00;0,00;-0,13;0,00;0,00;379;162;35;49;32;534;126
9564;46,94;-223,26;0,00;0,00;0,00;-0,22;0,00;0,00;36;20;128;32;33;190;648
9565;46,99;-226,75;0,00;0,00;0,00;-0,23;0,00;0,00;294;66;55;46;15;865;410
9566;18,18;-499,27;0,00;0,00;0,00;-0,50;0,00;0,00;464;152;157;24;24;574;850
9567;44,68;-280,23;0,00;0,00;0,00;-0,28;0,00;0,00;483;123;192;30;34;493;324
9568;75,28;91,55;0,00;0,00;0,00;0,09;0,00;0,00;281;82;111;49;33;967;272
9569;26,71;-376,98;0,00;0,00;0,00;-0,38;0,00;0,00;453;36;156;18;26;620;710
9570;63,97;-84,06;0,00;0,00;0,00;-0,08;0,00;0,00;244;139;111;11;20;351;884
9571;51,71;-113,92;0,00;0,00;0,00;-0,11;0,00;0,00;411;161;140;35;20;288;551
9572;20,24;-474,16;0,00;0,00;0,00;-0,47;0,00;0,00;221;26;49;30;18;845;369
9573;86,25;140,06;0,00;0,00;0,00;0,14;0,00;0,00;291;167;157;33;28;149;453
9574;18,90;-522,97;0,00;0,00;0,00;-0,52;0,00;0,00;140;42;35;18;38;741;731
9575;51,47;-202,79;0,00;0,00;0,00;-0,20;0,00;0,00;329;126;184;43;28;175;937
9576;67,19;-34,00;0,00;0,00;0,00;-0,03;0,00;0,00;498;153;181;21;15;934;768
9577;24,30;-446,50;0,00;0,00;0,00;-0,45;0,00;0,00;300;163;162;39;37;779;753
9578;78,47;99,91;0,00;0,00;0,00;0,10;0,00;0,00;494;19;54;39;38;450;837
9579;77,10;149,85;0,00;0,00;0,00;0,15;0,00;0,00;411;186;26;22;15;132;361
9580;80,00;136,99;0,00;0,00;0,00;0,14;0,00;0,00;309;153;152;38;32;879;730
9581;51,42;-94,78;0,00;0,00;0,00;-0,09;0,00;0,00;318;178;154;14;21;699;715
9582;49,27;-310,38;0,00;0,00;0,00;-0,31;0,00;0,00;358;40;163;29;28;750;661
9583;20,26;-471,20;0,00;0,00;0,00;-0,47;0,00;0,00;151;184;79;20;20;743;766
9584;41,33;-275,71;0,00;0,00;0,00;-0,28;0,00;0,00;375;189;144;27;22;114;507
9585;90,11;125,78;0,00;0,00;0,00;0,13;0,00;0,00;173;166;131;32;24;595;927
9586;26,49;-428,85;0,00;0,00;0,00;-0,43;0,00;0,00;353;80;182;35;28;259;411
9587;47,71;-277,45;0,00;0,00;0,00;-0,28;0,00;0,00;442;14;153;32;33;740;909
9588;62,23;-152,36;0,00;0,00;0,00;-0,15;0,00;0,00;116;132;184;36;28;924;610
9589;36,96;-343,91;0,00;0,00;0,00;-0,34;0,00;0,00;317;123;159;40;36;742;733
9590;72,69;51,44;0,00;0,00;0,00;0,05;0,00;0,00;42;68;140;27;29;509;635
9591;53,41;-150,93;0,00;0,00;0,00;-0,15;0,00;0,00;270;12;77;49;22;225;821
9592;14,76;-615,75;0,00;0,00;0,00;-0,62;0,00;0,00;226;91;111;32;26;881;609
9593;0,00;-746,44;0,00;0,00;0,00;-0,75;0,00;0,00;250;104;109;16;16;694;738
9594;69,64;-46,82;0,00;0,00;0,00;-0,05;0,00;0,00;362;141;135;20;19;770;248
9595;44,41;-268,13;0,00;0,00;0,00;-0,27;0,00;0,00;180;13;37;17;27;206;894
9596;70,74;33,31;0,00;0,00;0,00;0,03;0,00;0,00;271;45;103;25;28;270;653
9597;59,28;-114,24;0,00;0,00;0,00;-0,11;0,00;0,00;341;74;147;39;24;443;486
9598;100,00;346,90;0,00;0,00;0,00;0,35;0,00;0,00;14;19;167;36;23;236;645
9599;35,23;-312,65;0,00;0,00;0,00;-0,31;0,00;0,00;38;24;18;24;34;970;631
9600;21,55;-491,38;0,00;0,00;0,00;-0,49;0,00;0,00;173;123;117;43;22;164;167
9601;79,31;105,61;0,00;0,00;0,00;0,11;0,00;0,00;442;157;177;35;29;972;873
9602;0,00;-702,96;0,00;0,00;0,00;-0,70;0,00;0,00;219;35;138;25;30;109;706
9603;71,84;129,95;0,00;0,00;0,00;0,13;0,00;0,00;11;122;63;30;20;886;528
9604;77,26;97,01;0,00;0,00;0,00;0,10;0,00;0,00;429;96;66;15;20;359;220
9605;36,19;-425,80;0,00;0,00;0,00;-0,43;0,00;0,00;183;104;79;31;23;662;621
9606;65,13;-25,30;0,00;0,00;0,00;-0,03;0,00;0,00;78;40;66;45;21;940;101
9607;9,23;-510,77;0,00;0,00;0,00;-0,51;0,00;0,00;352;35;84;18;34;915;442
9608;56,93;-117,29;0,00;0,00;0,00;-0,12;0,00;0,00;267;139;107;24;37;626;894
9609;28,95;-392,68;0,00;0,00;0,00;-0,39;0,00;0,00;489;162;99;42;18;440;410
9610;53,74;-268,49;0,00;0,00;0,00;-0,27;0,00;0,00;428;146;164;19;30;243;417
9611;31,94;-382,05;0,00;0,00;0,00;-0,38;0,00;0,00;92;185;181;32;20;830;162
9612;95,58;307,01;0,00;0,00;0,00;0,31;0,00;0,00;244;47;80;20;16;299;140
9613;50,37;-122,83;0,00;0,00;0,00;-0,12;0,00;0,00;288;65;25;13;19;378;532
9614;18,59;-501,04;0,00;0,00;0,00;-0,50;0,00;0,00;444;32;136;31;17;602;888
9615;59,23;-163,97;0,00;0,00;0,00;-0,16;0,00;0,00;155;110;161;15;25;884;360
9616;52,92;-207,58;0,00;0,00;0,00;-0,21;0,00;0,00;185;41;79;18;36;206;895
9617;31,84;-477,96;0,00;0,00;0,00;-0,48;0,00;0,00;229;113;101;22;22;443;584
9618;73,36;78,74;0,00;0,00;0,00;0,08;0,00;0,00;229;104;39;35;25;912;743
9619;32,12;-340,12;0,00;0,00;0,00;-0,34;0,00;0,00;210;50;115;35;27;739;495
9620;94,28;212,57;0,00;0,00;0,00;0,21;0,00;0,00;379;34;136;30;30;330;440
9621;46,25;-211,07;0,00;0,00;0,00;-0,21;0,00;0,00;361;13;54;36;32;450;968
9622;37,69;-315,61;0,00;0,00;0,00;-0,32;0,00;0,00;104;135;197;25;37;338;736
9623;47,72;-254,62;0,00;0,00;0,00;-0,25;0,00;0,00;423;130;189;26;19;548;139
9624;88,37;175,56;0,00;0,00;0,00;0,18;0,00;0,00;312;136;161;13;16;350;399
9625;68,40;13,62;0,00;0,00;0,00;0,01;0,00;0,00;138;128;114;17;28;182;936
9626;48,34;-180,88;0,00;0,00;0,00;-0,18;0,00;0,00;486;82;129;12;23;263;990
9627;40,13;-310,88;0,00;0,00;0,00;-0,31;0,00;0,00;241;81;190;45;32;503;371
9628;42,64;-303,32;0,00;0,00;0,00;-0,30;0,00;0,00;204;70;55;40;16;204;390
9629;58,89;0,09;0,00;0,00;0,00;0,00;0,00;0,00;159;28;146;26;30;669;791
9630;75,87;71,88;0,00;0,00;0,00;0,07;0,00;0,00;464;77;65;27;22;734;542
9631;30,55;-402,47;0,00;0,00;0,00;-0,40;0,00;0,00;490;50;117;10;39;452;263
9632;31,38;-306,41;0,00;0,00;0,00;-0,31;0,00;0,00;244;49;180;13;19;588;192
9633;62,24;-87,53;0,00;0,00;0,00;-0,09;0,00;0,00;208;92;153;23;38;291;500
9634;46,77;-183,80;0,00;0,00;0,00;-0,18;0,00;0,00;259;114;77;34;24;663;496
9635;51,78;-203,31;0,00;0,00;0,00;-0,20;0,00;0,00;310;93;65;27;19;220;552
9636;64,40;-115,96;0,00;0,00;0,00;-0,12;0,00;0,00;30;161;45;38;35;729;814
9637;42,00;-284,47;0,00;0,00;0,00;-0,28;0,00;0,00;242;136;17;19;26;200;457
9638;36,87;-357,67;0,00;0,00;0,00;-0,36;0,00;0,00;167;58;193;30;34;519;688
9639;62,70;-92,60;0,00;0,00;0,00;-0,09;0,00;0,00;114;30;125;35;27;941;270
9640;41,04;-269,71;0,00;0,00;0,00;-0,27;0,00;0,00;64;158;12;46;18;642;602
9641;30,73;-355,66;0,00;0,00;0,00;-0,36;0,00;0,00;490;86;103;40;39;180;246
9642;41,88;-353,62;0,00;0,00;0,00;-0,35;0,00;0,00;420;15;154;48;34;871;968
9643;81,66;48,59;0,00;0,00;0,00;0,05;0,00;0,00;136;131;13;48;35;832;724
9644;77,59;104,91;0,00;0,00;0,00;0,10;0,00;0,00;322;46;26;48;30;432;105
9645;45,39;-201,59;0,00;0,00;0,00;-0,20;0,00;0,00;140;142;46;20;35;489;112
9646;78,28;135,71;0,00;0,00;0,00;0,14;0,00;0,00;485;161;35;33;35;828;129
9647;0,68;-730,40;0,00;0,00;0,00;-0,73;0,00;0,00;14;142;182;38;36;636;249
9648;54,33;-201,75;0,00;0,00;0,00;-0,20;0,00;0,00;223;36;32;20;27;988;996
9649;86,48;252,41;0,00;0,00;0,00;0,25;0,00;0,00;12;192;66;31;22;379;513
9650;25,06;-380,77;0,00;0,00;0,00;-0,38;0,00;0,00;210;56;150;32;29;982;156
9651;0,00;-670,71;0,00;0,00;0,00;-0,67;0,00;0,00;292;171;150;12;39;860;708
9652;33,50;-285,81;0,00;0,00;0,00;-0,29;0,00;0,00;149;59;138;40;35;191;195
9653;81,19;80,52;0,00;0,00;0,00;0,08;0,00;0,00;461;178;41;12;16;461;993
9654;42,99;-273,98;0,00;0,00;0,00;-0,27;0,00;0,00;113;178;133;20;21;858;158
9655;39,02;-245,92;0,00;0,00;0,00;-0,25;0,00;0,00;164;90;121;32;22;411;727
9656;67,23;-69,81;0,00;0,00;0,00;-0,07;0,00;0,00;471;197;52;28;19;214;758
9657;72,71;29,20;0,00;0,00;0,00;0,03;0,00;0,00;323;119;186;42;28;978;177
9658;47,81;-259,38;0,00;0,00;0,00;-0,26;0,00;0,00;270;62;20;12;35;720;592
9659;64,29;-98,84;0,00;0,00;0,00;-0,10;0,00;0,00;86;38;168;18;17;491;506
9660;59,28;-117,67;0,00;0,00;0,00;-0,12;0,00;0,00;283;123;76;25;29;235;283
9661;0,00;-753,00;0,00;0,00;0,00;-0,75;0,00;0,00;215;175;128;23;37;126;571
9662;49,27;-189,20;0,00;0,00;0,00;-0,19;0,00;0,00;369;75;67;36;20;101;998
9663;50,41;-273,83;0,00;0,00;0,00;-0,27;0,00;0,00;394;58;159;14;32;439;282
9664;33,27;-300,34;0,00;0,00;0,00;-0,30;0,00;0,00;234;83;28;44;35;780;944
9665;47,55;-257,07;0,00;0,00;0,00;-0,26;0,00;0,00;155;69;184;41;28;633;101
9666;35,53;-303,31;0,00;0,00;0,00;-0,30;0,00;0,00;106;20;73;43;28;227;791
9667;49,11;-218,19;0,00;0,00;0,00;-0,22;0,00;0,00;115;40;98;26;31;640;600
9668;50,82;-231,96;0,00;0,00;0,00;-0,23;0,00;0,00;133;81;37;42;33;953;190
9669;75,36;71,15;0,00;0,00;0,00;0,07;0,00;0,00;448;83;67;20;27;242;402
9670;71,03;31,30;0,00;0,00;0,00;0,03;0,00;0,00;290;82;87;36;25;107;955
9671;70,29;13,67;0,00;0,00;0,00;0,01;0,00;0,00;379;91;47;31;34;869;293
9672;16,58;-547,99;0,00;0,00;0,00;-0,55;0,00;0,00;150;195;122;17;18;121;328
9673;62,07;-126,48;0,00;0,00;0,00;-0,13;0,00;0,00;173;143;80;21;23;900;146
9674;2,87;-679,31;0,00;0,00;0,00;-0,68;0,00;0,00;303;46;73;11;32;262;961
9675;44,89;-263,36;0,00;0,00;0,00;-0,26;0,00;0,00;276;108;99;32;25;659;512
9676;62,66;-50,40;0,00;0,00;0,00;-0,05;0,00;0,00;49;110;21;18;37;291;510
9677;66,31;-69,24;0,00;0,00;0,00;-0,07;0,00;0,00;65;105;115;43;38;614;803
9678;74,46;-88,03;0,00;0,00;0,00;-0,09;0,00;0,00;277;147;30;28;18;536;731
9679;40,60;-293,60;0,00;0,00;0,00;-0,29;0,00;0,00;438;22;148;13;28;317;401
9680;96,85;285,94;0,00;0,00;0,00;0,29;0,00;0,00;170;186;20;48;16;720;918
9681;97,32;241,76;0,00;0,00;0,00;0,24;0,00;0,00;210;47;126;23;19;729;533
9682;100,00;244,29;0,00;0,00;0,00;0,24;0,00;0,00;445;160;86;48;19;149;317
9683;28,52;-463,63;0,00;0,00;0,00;-0,46;0,00;0,00;259;103;151;36;36;816;204
9684;83,32;161,81;0,00;0,00;0,00;0,16;0,00;0,00;54;118;22;35;30;463;558
9685;53,23;-213,44;0,00;0,00;0,00;-0,21;0,00;0,00;185;79;114;21;37;969;104
9686;51,89;-128,70;0,00;0,00;0,00;-0,13;0,00;0,00;352;193;167;28;20;129;233
9687;63,00;-98,67;0,00;0,00;0,00;-0,10;0,00;0,00;134;143;133;28;27;644;700
9688;28,68;-436,39;0,00;0,00;0,00;-0,44;0,00;0,00;486;22;35;20;16;109;543
9689;84,32;111,21;0,00;0,00;0,00;0,11;0,00;0,00;421;86;56;16;31;721;857
9690;30,71;-377,25;0,00;0,00;0,00;-0,38;0,00;0,00;493;51;59;29;34;231;642
9691;56,79;-123,54;0,00;0,00;0,00;-0,12;0,00;0,00;166;65;76;37;31;539;635
9692;53,40;-209,46;0,00;0,00;0,00;-0,21;0,00;0,00;440;121;178;24;38;374;459
9693;0,00;-653,17;0,00;0,00;0,00;-0,65;0,00;0,00;365;173;178;12;26;283;789
9694;73,52;-69,94;0,00;0,00;0,00;-0,07;0,00;0,00;127;135;196;49;31;274;887
9695;62,54;-97,27;0,00;0,00;0,00;-0,10;0,00;0,00;329;80;112;25;22;787;152
9696;46,05;-361,51;0,00;0,00;0,00;-0,36;0,00;0,00;376;13;100;36;25;491;385
9697;96,70;202,01;0,00;0,00;0,00;0,20;0,00;0,00;78;180;181;47;37;211;465
9698;58,71;-165,42;0,00;0,00;0,00;-0,17;0,00;0,00;488;139;85;26;37;135;727
9699;64,48;9,25;0,00;0,00;0,00;0,01;0,00;0,00;304;101;144;34;20;574;758
9700;27,92;-514,90;0,00;0,00;0,00;-0,51;0,00;0,00;208;195;51;26;39;955;170
9701;44,52;-161,65;0,00;0,00;0,00;-0,16;0,00;0,00;483;156;13;10;32;667;785
9702;35,22;-220,57;0,00;0,00;0,00;-0,22;0,00;0,00;473;18;181;16;16;427;842
9703;64,58;-12,06;0,00;0,00;0,00;-0,01;0,00;0,00;436;151;30;44;36;229;228
9704;73,48;27,65;0,00;0,00;0,00;0,03;0,00;0,00;365;110;78;20;17;422;240
9705;74,00;-6,47;0,00;0,00;0,00;-0,01;0,00;0,00;274;85;14;40;27;622;382
9706;25,96;-516,50;0,00;0,00;0,00;-0,52;0,00;0,00;218;96;150;25;35;935;297
9707;62,31;-25,33;0,00;0,00;0,00;-0,03;0,00;0,00;241;100;143;18;20;299;372
9708;93,58;141,28;0,00;0,00;0,00;0,14;0,00;0,00;97;40;50;48;28;383;713
9709;12,72;-648,49;0,00;0,00;0,00;-0,65;0,00;0,00;145;162;120;23;32;265;131
9710;31,98;-465,19;0,00;0,00;0,00;-0,47;0,00;0,00;218;53;119;17;20;184;408
9711;40,52;-297,52;0,00;0,00;0,00;-0,30;0,00;0,00;422;74;121;17;20;374;667
9712;36,24;-367,64;0,00;0,00;0,00;-0,37;0,00;0,00;181;47;161;15;39;249;543
9713;45,79;-282,82;0,00;0,00;0,00;-0,28;0,00;0,00;276;171;144;17;33;391;966
9714;61,66;-129,99;0,00;0,00;0,00;-0,13;0,00;0,00;355;23;81;26;17;812;798
9715;19,24;-490,52;0,00;0,00;0,00;-0,49;0,00;0,00;295;155;77;23;21;897;347
9716;51,52;-160,54;0,00;0,00;0,00;-0,16;0,00;0,00;124;145;193;15;39;661;167
9717;67,35;-62,46;0,00;0,00;0,00;-0,06;0,00;0,00;167;114;127;34;24;259;229
9718;75,02;89,81;0,00;0,00;0,00;0,09;0,00;0,00;365;177;55;11;20;921;831
9719;19,78;-491,58;0,00;0,00;0,00;-0,49;0,00;0,00;432;10;81;25;39;736;669
9720;35,93;-363,29;0,00;0,00;0,00;-0,36;0,00;0,00;339;59;149;44;28;361;259
9721;91,44;315,39;0,00;0,00;0,00;0,32;0,00;0,00;342;61;10;36;31;187;820
9722;68,57;13,16;0,00;0,00;0,00;0,01;0,00;0,00;408;168;63;36;21;101;320
9723;70,24;49,19;0,00;0,00;0,00;0,05;0,00;0,00;48;61;195;45;29;473;263
9724;42,64;-293,92;0,00;0,00;0,00;-0,29;0,00;0,00;41;21;45;13;35;431;329
9725;61,34;-131,59;0,00;0,00;0,00;-0,13;0,00;0,00;208;108;154;12;15;844;838
9726;41,80;-311,22;0,00;0,00;0,00;-0,31;0,00;0,00;135;184;129;14;38;670;134
9727;33,44;-327,81;0,00;0,00;0,00;-0,33;0,00;0,00;311;28;28;31;37;718;487
9728;65,85;-4,97;0,00;0,00;0,00;-0,00;0,00;0,00;464;120;13;18;17;523;540
9729;52,79;-190,47;0,00;0,00;0,00;-0,19;0,00;0,00;284;84;107;49;31;670;656
9730;53,28;-117,66;0,00;0,00;0,00;-0,12;0,00;0,00;309;144;91;15;27;954;356
9731;97,54;266,44;0,00;0,00;0,00;0,27;0,00;0,00;346;39;199;27;21;897;338
9732;70,82;-5,50;0,00;0,00;0,00;-0,01;0,00;0,00;235;75;83;40;28;604;527
9733;43,58;-197,36;0,00;0,00;0,00;-0,20;0,00;0,00;401;90;185;30;15;397;306
9734;64,25;-66,76;0,00;0,00;0,00;-0,07;0,00;0,00;337;153;97;28;38;960;557
9735;33,21;-370,73;0,00;0,00;0,00;-0,37;0,00;0,00;347;78;87;49;20;416;584
9736;69,37;75,40;0,00;0,00;0,00;0,08;0,00;0,00;468;170;112;45;32;980;134
9737;34,44;-350,59;0,00;0,00;0,00;-0,35;0,00;0,00;87;91;144;41;18;460;781
9738;69,08;-19,56;0,00;0,00;0,00;-0,02;0,00;0,00;96;68;103;38;21;948;220
9739;13,37;-569,38;0,00;0,00;0,00;-0,57;0,00;0,00;429;198;42;44;19;110;648
9740;32,18;-504,39;0,00;0,00;0,00;-0,50;0,00;0,00;445;125;38;35;27;588;803
9741;47,13;-171,37;0,00;0,00;0,00;-0,17;0,00;0,00;325;160;102;35;25;684;666
9742;27,44;-430,09;0,00;0,00;0,00;-0,43;0,00;0,00;376;33;80;46;30;252;745
9743;15,30;-453,58;0,00;0,00;0,00;-0,45;0,00;0,00;340;70;95;16;29;282;161
9744;26,02;-352,12;0,00;0,00;0,00;-0,35;0,00;0,00;262;118;26;35;34;488;914
9745;87,00;219,90;0,00;0,00;0,00;0,22;0,00;0,00;477;30;79;10;22;707;930
9746;35,62;-361,22;0,00;0,00;0,00;-0,36;0,00;0,00;442;28;135;14;28;641;675
9747;34,30;-332,27;0,00;0,00;0,00;-0,33;0,00;0,00;142;92;125;33;25;491;121
9748;66,22;81,90;0,00;0,00;0,00;0,08;0,00;0,00;440;62;162;40;36;123;535
9749;37,66;-334,31;0,00;0,00;0,00;-0,33;0,00;0,00;123;33;172;31;33;530;546
9750;7,01;-648,18;0,00;0,00;0,00;-0,65;0,00;0,00;64;76;34;14;15;272;357
9751;92,56;90,98;0,00;0,00;0,00;0,09;0,00;0,00;489;85;97;31;15;204;789
9752;51,24;-111,14;0,00;0,00;0,00;-0,11;0,00;0,00;491;187;191;35;37;251;671
9753;40,13;-216,35;0,00;0,00;0,00;-0,22;0,00;0,00;252;146;61;24;33;177;508
9754;62,54;-64,97;0,00;0,00;0,00;-0,06;0,00;0,00;499;176;135;17;37;157;759
9755;16,46;-512,50;0,00;0,00;0,00;-0,51;0,00;0,00;169;103;93;49;31;855;525
9756;35,30;-472,17;0,00;0,00;0,00;-0,47;0,00;0,00;353;17;27;40;23;890;358
9757;79,58;15,79;0,00;0,00;0,00;0,02;0,00;0,00;418;188;81;42;25;854;550
9758;24,88;-477,91;0,00;0,00;0,00;-0,48;0,00;0,00;171;78;27;43;20;533;255
9759;38,21;-332,02;0,00;0,00;0,00;-0,33;0,00;0,00;101;119;178;20;19;126;720
9760;63,87;-101,15;0,00;0,00;0,00;-0,10;0,00;0,00;346;124;189;44;36;205;196
9761;0,00;-666,66;0,00;0,00;0,00;-0,67;0,00;0,00;418;68;62;45;18;677;955
9762;76,59;66,16;0,00;0,00;0,00;0,07;0,00;0,00;190;198;156;41;27;259;204
9763;83,45;75,51;0,00;0,00;0,00;0,08;0,00;0,00;313;140;45;28;29;867;720
9764;51,15;-199,29;0,00;0,00;0,00;-0,20;0,00;0,00;257;73;103;40;31;567;155
9765;0,00;-641,60;0,00;0,00;0,00;-0,64;0,00;0,00;281;98;91;41;20;925;681
9766;62,19;-100,35;0,00;0,00;0,00;-0,10;0,00;0,00;167;14;157;49;21;684;524
9767;59,95;-129,29;0,00;0,00;0,00;-0,13;0,00;0,00;106;195;184;11;30;873;657
9768;37,67;-325,61;0,00;0,00;0,00;-0,33;0,00;0,00;76;134;11;47;31;123;699
9769;72,24;129,66;0,00;0,00;0,00;0,13;0,00;0,00;242;180;162;37;19;574;331
9770;23,39;-525,74;0,00;0,00;0,00;-0,53;0,00;0,00;30;67;43;17;35;858;365
9771;79,21;117,51;0,00;0,00;0,00;0,12;0,00;0,00;91;147;169;22;29;640;206
9772;58,63;-184,70;0,00;0,00;0,00;-0,18;0,00;0,00;199;42;172;46;32;442;899
9773;69,88;56,74;0,00;0,00;0,00;0,06;0,00;0,00;376;182;103;35;38;412;614
9774;66,64;-76,24;0,00;0,00;0,00;-0,08;0,00;0,00;236;112;139;42;18;414;401
9775;100,00;369,63;0,00;0,00;0,00;0,37;0,00;0,00;478;115;25;15;18;978;122
9776;78,96;49,00;0,00;0,00;0,00;0,05;0,00;0,00;429;138;77;21;25;956;951
9777;52,24;-167,32;0,00;0,00;0,00;-0,17;0,00;0,00;485;25;16;42;26;707;951
9778;51,01;-210,78;0,00;0,00;0,00;-0,21;0,00;0,00;314;126;18;40;22;998;768
9779;72,20;59,12;0,00;0,00;0,00;0,06;0,00;0,00;169;131;168;31;30;824;855
9780;94,37;216,27;0,00;0,00;0,00;0,22;0,00;0,00;131;126;61;42;22;893;851
9781;0,00;-742,82;0,00;0,00;0,00;-0,74;0,00;0,00;176;151;175;35;19;832;511
9782;45,50;-324,41;0,00;0,00;0,00;-0,32;0,00;0,00;374;26;104;48;16;833;318
9783;14,80;-513,11;0,00;0,00;0,00;-0,51;0,00;0,00;57;161;191;27;37;237;926
9784;49,50;-218,38;0,00;0,00;0,00;-0,22;0,00;0,00;410;131;42;48;39;265;286
9785;63,86;-104,33;0,00;0,00;0,00;-0,10;0,00;0,00;385;22;73;40;32;506;789
9786;37,76;-373,83;0,00;0,00;0,00;-0,37;0,00;0,00;138;113;55;26;15;743;810
9787;57,83;-152,18;0,00;0,00;0,00;-0,15;0,00;0,00;164;57;188;31;31;780;890
9788;23,20;-346,39;0,00;0,00;0,00;-0,35;0,00;0,00;358;119;78;33;16;109;958
9789;55,64;-107,17;0,00;0,00;0,00;-0,11;0,00;0,00;130;126;83;26;29;125;481
9790;80,32;81,10;0,00;0,00;0,00;0,08;0,00;0,00;477;186;56;44;32;263;814
9791;49,21;-242,52;0,00;0,00;0,00;-0,24;0,00;0,00;421;52;106;32;32;926;918
9792;46,70;-234,51;0,00;0,00;0,00;-0,23;0,00;0,00;158;122;148;37;31;109;390
9793;86,24;208,15;0,00;0,00;0,00;0,21;0,00;0,00;295;88;44;15;28;451;832
9794;74,81;156,72;0,00;0,00;0,00;0,16;0,00;0,00;356;173;97;42;18;580;414
9795;83,63;73,43;0,00;0,00;0,00;0,07;0,00;0,00;371;144;109;18;32;839;915
9796;47,22;-244,40;0,00;0,00;0,00;-0,24;0,00;0,00;34;73;191;43;39;828;673
9797;32,91;-332,96;0,00;0,00;0,00;-0,33;0,00;0,00;289;101;122;17;38;967;848
9798;71,41;16,25;0,00;0,00;0,00;0,02;0,00;0,00;196;72;72;16;15;335;349
9799;48,04;-189,22;0,00;0,00;0,00;-0,19;0,00;0,00;357;19;135;14;37;396;791
9800;62,57;-55,73;0,00;0,00;0,00;-0,06;0,00;0,00;178;70;110;17;25;994;965
9801;48,11;-203,47;0,00;0,00;0,00;-0,20;0,00;0,00;216;123;104;22;25;917;231
9802;63,58;-179,33;0,00;0,00;0,00;-0,18;0,00;0,00;171;70;179;41;17;549;472
9803;73,43;52,87;0,00;0,00;0,00;0,05;0,00;0,00;455;114;149;45;23;428;779
9804;88,66;238,75;0,00;0,00;0,00;0,24;0,00;0,00;116;13;40;19;18;443;132
9805;82,13;129,55;0,00;0,00;0,00;0,13;0,00;0,00;151;99;171;37;18;330;168
9806;0,00;-603,97;0,00;0,00;0,00;-0,60;0,00;0,00;225;146;74;38;26;407;180
9807;84,59;178,86;0,00;0,00;0,00;0,18;0,00;0,00;48;190;26;19;39;191;173
9808;79,11;67,62;0,00;0,00;0,00;0,07;0,00;0,00;55;57;85;41;23;763;189
9809;53,17;-161,80;0,00;0,00;0,00;-0,16;0,00;0,00;214;166;64;25;29;401;664
9810;71,73;123,56;0,00;0,00;0,00;0,12;0,00;0,00;62;88;108;20;34;885;761
9811;59,46;-152,90;0,00;0,00;0,00;-0,15;0,00;0,00;123;121;91;42;20;370;361
9812;61,05;-34,33;0,00;0,00;0,00;-0,03;0,00;0,00;153;175;198;14;20;589;290
9813;85,90;97,45;0,00;0,00;0,00;0,10;0,00;0,00;90;112;58;48;36;413;889
9814;67,57;-40,55;0,00;0,00;0,00;-0,04;0,00;0,00;86;119;29;23;38;451;406
9815;28,38;-397,32;0,00;0,00;0,00;-0,40;0,00;0,00;205;193;189;47;39;789;338
9816;41,96;-205,23;0,00;0,00;0,00;-0,21;0,00;0,00;375;61;113;47;17;128;455
9817;51,27;-194,56;0,00;0,00;0,00;-0,19;0,00;0,00;38;19;164;11;28;798;902
9818;69,48;77,36;0,00;0,00;0,00;0,08;0,00;0,00;221;107;115;48;29;709;952
9819;79,80;60,65;0,00;0,00;0,00;0,06;0,00;0,00;420;137;169;36;21;357;469
9820;52,20;-168,24;0,00;0,00;0,00;-0,17;0,00;0,00;375;95;99;15;22;486;460
9821;8,53;-676,96;0,00;0,00;0,00;-0,68;0,00;0,00;487;104;65;49;15;926;314
9822;18,55;-517,74;0,00;0,00;0,00;-0,52;0,00;0,00;467;152;124;14;15;411;319
9823;43,68;-342,25;0,00;0,00;0,00;-0,34;0,00;0,00;187;138;120;20;31;796;297
9824;84,37;177,15;0,00;0,00;0,00;0,18;0,00;0,00;155;56;178;46;33;539;381
9825;93,33;264,39;0,00;0,00;0,00;0,26;0,00;0,00;76;135;149;48;32;694;202
9826;46,89;-264,92;0,00;0,00;0,00;-0,26;0,00;0,00;340;120;89;29;35;226;281
9827;0,00;-756,56;0,00;0,00;0,00;-0,76;0,00;0,00;428;182;20;27;28;855;687
9828;0,86;-747,05;0,00;0,00;0,00;-0,75;0,00;0,00;48;160;98;31;21;209;414
9829;21,25;-473,38;0,00;0,00;0,00;-0,47;0,00;0,00;121;164;165;39;29;753;649
9830;3,67;-496,87;0,00;0,00;0,00;-0,50;0,00;0,00;387;152;108;34;22;581;833
9831;70,79;-12,64;0,00;0,00;0,00;-0,01;0,00;0,00;67;173;62;16;32;606;651
9832;62,61;-24,13;0,00;0,00;0,00;-0,02;0,00;0,00;103;82;114;42;29;509;451
9833;32,81;-252,69;0,00;0,00;0,00;-0,25;0,00;0,00;254;37;179;11;36;375;322
9834;9,09;-589,83;0,00;0,00;0,00;-0,59;0,00;0,00;243;105;77;41;30;605;890
9835;61,01;-87,03;0,00;0,00;0,00;-0,09;0,00;0,00;350;173;36;13;24;197;304
9836;1,61;-696,05;0,00;0,00;0,00;-0,70;0,00;0,00;200;28;159;23;31;175;673
9837;11,39;-622,31;0,00;0,00;0,00;-0,62;0,00;0,00;164;93;11;20;23;470;179
9838;47,21;-149,95;0,00;0,00;0,00;-0,15;0,00;0,00;298;65;156;13;34;822;901
9839;55,06;-143,66;0,00;0,00;0,00;-0,14;0,00;0,00;229;143;185;41;18;866;780
9840;0,00;-675,33;0,00;0,00;0,00;-0,68;0,00;0,00;413;10;91;16;31;532;537
9841;77,33;160,07;0,00;0,00;0,00;0,16;0,00;0,00;392;72;90;28;21;268;761
9842;38,94;-255,64;0,00;0,00;0,00;-0,26;0,00;0,00;375;137;66;48;29;871;581
9843;60,83;-70,59;0,00;0,00;0,00;-0,07;0,00;0,00;32;123;151;43;17;939;469
9844;51,68;-161,43;0,00;0,00;0,00;-0,16;0,00;0,00;340;82;31;13;34;659;683
9845;61,32;-83,80;0,00;0,00;0,00;-0,08;0,00;0,00;212;33;85;46;18;624;244
9846;12,25;-605,31;0,00;0,00;0,00;-0,61;0,00;0,00;274;89;149;40;17;361;362
9847;68,66;-41,51;0,00;0,00;0,00;-0,04;0,00;0,00;348;150;46;27;22;726;692
9848;65,14;-70,92;0,00;0,00;0,00;-0,07;0,00;0,00;222;65;141;23;29;153;235
9849;46,20;-215,48;0,00;0,00;0,00;-0,22;0,00;0,00;454;141;54;16;20;636;615
9850;73,15;23,88;0,00;0,00;0,00;0,02;0,00;0,00;109;10;23;27;33;311;392
9851;100,00;274,83;0,00;0,00;0,00;0,27;0,00;0,00;275;137;193;39;36;150;903
9852;25,37;-421,49;0,00;0,00;0,00;-0,42;0,00;0,00;301;82;162;40;30;452;244
9853;65,80;-62,38;0,00;0,00;0,00;-0,06;0,00;0,00;147;21;116;37;16;566;861
9854;37,00;-220,72;0,00;0,00;0,00;-0,22;0,00;0,00;364;52;27;30;26;822;777
9855;27,32;-337,75;0,00;0,00;0,00;-0,34;0,00;0,00;59;174;198;16;36;463;930
9856;70,65;-54,34;0,00;0,00;0,00;-0,05;0,00;0,00;264;22;70;35;32;167;665
9857;93,11;215,96;0,00;0,00;0,00;0,22;0,00;0,00;440;21;168;31;30;521;159
9858;100,00;331,63;0,00;0,00;0,00;0,33;0,00;0,00;206;15;99;16;24;295;445
9859;60,43;-183,43;0,00;0,00;0,00;-0,18;0,00;0,00;368;196;144;14;34;873;162
9860;54,45;-260,54;0,00;0,00;0,00;-0,26;0,00;0,00;380;176;88;45;30;264;784
9861;71,58;86,45;0,00;0,00;0,00;0,09;0,00;0,00;333;168;21;46;28;457;350
9862;30,85;-352,01;0,00;0,00;0,00;-0,35;0,00;0,00;107;176;171;17;29;805;921
9863;37,50;-391,71;0,00;0,00;0,00;-0,39;0,00;0,00;457;108;48;30;33;252;619
9864;66,35;-94,08;0,00;0,00;0,00;-0,09;0,00;0,00;23;94;188;25;34;623;578
9865;44,83;-265,78;0,00;0,00;0,00;-0,27;0,00;0,00;211;132;148;49;24;585;824
9866;55,19;-124,00;0,00;0,00;0,00;-0,12;0,00;0,00;266;61;91;12;20;708;821
9867;13,83;-516,60;0,00;0,00;0,00;-0,52;0,00;0,00;395;86;80;49;27;198;678
9868;95,01;230,29;0,00;0,00;0,00;0,23;0,00;0,00;463;81;66;44;38;928;865
9869;0,00;-638,42;0,00;0,00;0,00;-0,64;0,00;0,00;284;100;153;38;29;142;358
9870;32,95;-468,60;0,00;0,00;0,00;-0,47;0,00;0,00;389;175;166;22;34;295;742
9871;50,81;-122,29;0,00;0,00;0,00;-0,12;0,00;0,00;258;12;11;34;33;723;714
9872;0,00;-745,26;0,00;0,00;0,00;-0,75;0,00;0,00;484;169;90;41;37;792;681
9873;74,07;9,99;0,00;0,00;0,00;0,01;0,00;0,00;402;147;71;14;16;451;104
9874;80,85;125,07;0,00;0,00;0,00;0,13;0,00;0,00;392;177;46;21;36;769;833
9875;81,98;77,21;0,00;0,00;0,00;0,08;0,00;0,00;389;194;156;37;38;347;815
9876;42,98;-223,93;0,00;0,00;0,00;-0,22;0,00;0,00;37;177;111;27;28;201;921
9877;54,54;-185,46;0,00;0,00;0,00;-0,19;0,00;0,00;141;196;107;49;27;579;711
9878;35,28;-409,71;0,00;0,00;0,00;-0,41;0,00;0,00;57;53;74;45;36;713;226
9879;59,62;-32,99;0,00;0,00;0,00;-0,03;0,00;0,00;430;194;187;16;33;811;995
9880;65,73;-13,56;0,00;0,00;0,00;-0,01;0,00;0,00;154;37;169;41;27;891;622
9881;79,09;173,82;0,00;0,00;0,00;0,17;0,00;0,00;104;79;79;17;16;358;368
9882;93,25;199,44;0,00;0,00;0,00;0,20;0,00;0,00;42;80;174;42;29;955;961
9883;62,78;-70,75;0,00;0,00;0,00;-0,07;0,00;0,00;141;12;136;16;18;252;618
9884;54,69;-121,23;0,00;0,00;0,00;-0,12;0,00;0,00;168;130;34;19;31;603;403
9885;100,00;327,50;0,00;0,00;0,00;0,33;0,00;0,00;291;31;107;17;39;480;661
9886;43,25;-321,86;0,00;0,00;0,00;-0,32;0,00;0,00;65;33;19;40;35;798;511
9887;82,67;43,48;0,00;0,00;0,00;0,04;0,00;0,00;434;138;67;35;36;584;416
9888;2,47;-687,03;0,00;0,00;0,00;-0,69;0,00;0,00;230;21;30;37;29;634;356
9889;9,74;-588,57;0,00;0,00;0,00;-0,59;0,00;0,00;423;31;191;39;34;473;180
9890;48,66;-160,01;0,00;0,00;0,00;-0,16;0,00;0,00;379;79;36;23;23;701;409
9891;29,42;-448,44;0,00;0,00;0,00;-0,45;0,00;0,00;303;143;168;14;19;171;736
9892;30,67;-279,23;0,00;0,00;0,00;-0,28;0,00;0,00;299;186;138;19;21;402;996
9893;52,01;-279,09;0,00;0,00;0,00;-0,28;0,00;0,00;101;79;142;33;20;672;143
9894;49,66;-202,42;0,00;0,00;0,00;-0,20;0,00;0,00;126;62;100;25;25;437;911
9895;78,24;75,11;0,00;0,00;0,00;0,08;0,00;0,00;319;32;88;34;27;390;417
9896;56,04;-257,67;0,00;0,00;0,00;-0,26;0,00;0,00;216;153;178;30;18;796;894
9897;73,40;52,07;0,00;0,00;0,00;0,05;0,00;0,00;99;125;90;44;28;927;663
9898;34,25;-376,00;0,00;0,00;0,00;-0,38;0,00;0,00;467;49;81;41;26;652;181
9899;28,91;-472,75;0,00;0,00;0,00;-0,47;0,00;0,00;40;48;19;41;29;687;719
9900;53,98;-137,63;0,00;0,00;0,00;-0,14;0,00;0,00;164;152;122;37;35;327;729
9901;42,61;-284,10;0,00;0,00;0,00;-0,28;0,00;0,00;33;147;111;17;26;775;856
9902;63,18;-94,44;0,00;0,00;0,00;-0,09;0,00;0,00;384;104;139;37;38;112;773
9903;96,76;295,77;0,00;0,00;0,00;0,30;0,00;0,00;148;147;57;11;19;492;924
9904;26,19;-455,41;0,00;0,00;0,00;-0,46;0,00;0,00;175;114;141;12;17;714;875
9905;62,69;-44,01;0,00;0,00;0,00;-0,04;0,00;0,00;35;169;104;16;34;851;331
9906;45,71;-277,85;0,00;0,00;0,00;-0,28;0,00;0,00;367;22;117;33;19;347;288
9907;4,35;-673,85;0,00;0,00;0,00;-0,67;0,00;0,00;25;79;142;32;35;312;202
9908;78,88;203,05;0,00;0,00;0,00;0,20;0,00;0,00;442;173;132;32;21;958;975
9909;79,65;55,60;0,00;0,00;0,00;0,06;0,00;0,00;213;102;178;49;18;450;594
9910;28,12;-485,12;0,00;0,00;0,00;-0,49;0,00;0,00;398;77;162;15;18;235;265
9911;77,02;107,22;0,00;0,00;0,00;0,11;0,00;0,00;123;131;197;19;38;571;495
9912;20,57;-501,28;0,00;0,00;0,00;-0,50;0,00;0,00;327;140;180;47;18;374;205
9913;0,00;-720,38;0,00;0,00;0,00;-0,72;0,00;0,00;413;82;197;26;31;889;166
9914;44,67;-260,58;0,00;0,00;0,00;-0,26;0,00;0,00;494;101;52;20;20;473;926
9915;56,92;-112,54;0,00;0,00;0,00;-0,11;0,00;0,00;282;110;184;22;20;806;215
9916;53,78;-151,13;0,00;0,00;0,00;-0,15;0,00;0,00;336;182;48;30;33;238;214
9917;100,00;305,20;0,00;0,00;0,00;0,31;0,00;0,00;60;67;175;48;26;291;830
9918;89,97;176,45;0,00;0,00;0,00;0,18;0,00;0,00;374;141;113;23;17;576;412
9919;73,44;52,25;0,00;0,00;0,00;0,05;0,00;0,00;147;140;119;26;19;401;434
9920;6,06;-619,23;0,00;0,00;0,00;-0,62;0,00;0,00;335;121;30;12;33;273;733
9921;49,60;-149,46;0,00;0,00;0,00;-0,15;0,00;0,00;421;47;20;15;30;129;565
9922;93,58;263,21;0,00;0,00;0,00;0,26;0,00;0,00;466;163;88;37;22;661;331
9923;32,93;-404,80;0,00;0,00;0,00;-0,40;0,00;0,00;209;87;52;38;24;571;896
9924;21,81;-439,98;0,00;0,00;0,00;-0,44;0,00;0,00;34;161;115;21;35;589;258
9925;54,90;-205,46;0,00;0,00;0,00;-0,21;0,00;0,00;457;157;110;14;31;451;791
9926;53,57;-307,32;0,00;0,00;0,00;-0,31;0,00;0,00;106;158;182;41;18;722;218
9927;7,88;-600,03;0,00;0,00;0,00;-0,60;0,00;0,00;111;58;126;31;33;149;706
9928;69,27;-4,72;0,00;0,00;0,00;-0,00;0,00;0,00;238;101;71;41;19;702;721
9929;26,90;-504,88;0,00;0,00;0,00;-0,50;0,00;0,00;93;158;31;22;28;963;697
9930;42,50;-271,62;0,00;0,00;0,00;-0,27;0,00;0,00;227;100;94;19;21;423;680
9931;56,92;-212,60;0,00;0,00;0,00;-0,21;0,00;0,00;339;27;22;15;32;391;284
9932;68,71;76,53;0,00;0,00;0,00;0,08;0,00;0,00;60;153;111;47;28;785;296
9933;12,58;-454,64;0,00;0,00;0,00;-0,45;0,00;0,00;330;79;120;43;36;342;622
9934;79,12;99,03;0,00;0,00;0,00;0,10;0,00;0,00;64;176;165;40;18;735;107
9935;46,85;-228,83;0,00;0,00;0,00;-0,23;0,00;0,00;135;161;109;16;29;686;863
9936;24,17;-420,28;0,00;0,00;0,00;-0,42;0,00;0,00;468;133;92;28;20;638;564
9937;38,19;-282,93;0,00;0,00;0,00;-0,28;0,00;0,00;231;51;39;43;20;126;390
9938;39,15;-379,85;0,00;0,00;0,00;-0,38;0,00;0,00;119;155;42;30;37;141;243
9939;46,58;-131,12;0,00;0,00;0,00;-0,13;0,00;0,00;130;50;36;44;29;195;524
9940;66,99;-58,63;0,00;0,00;0,00;-0,06;0,00;0,00;113;87;43;46;37;219;577
9941;0,00;-706,29;0,00;0,00;0,00;-0,71;0,00;0,00;276;77;199;37;22;244;185
9942;100,00;222,76;0,00;0,00;0,00;0,22;0,00;0,00;29;188;20;24;21;279;592
9943;53,58;-198,93;0,00;0,00;0,00;-0,20;0,00;0,00;54;129;41;10;21;235;674
9944;46,57;-310,12;0,00;0,00;0,00;-0,31;0,00;0,00;453;149;172;21;27;736;802
9945;28,19;-406,13;0,00;0,00;0,00;-0,41;0,00;0,00;84;47;159;24;25;686;303
9946;83,53;35,71;0,00;0,00;0,00;0,04;0,00;0,00;126;134;169;44;15;426;395
9947;65,14;45,21;0,00;0,00;0,00;0,05;0,00;0,00;443;168;19;24;33;226;150
9948;34,63;-358,02;0,00;0,00;0,00;-0,36;0,00;0,00;458;139;90;33;29;446;666
9949;80,87;34,42;0,00;0,00;0,00;0,03;0,00;0,00;332;45;37;22;39;586;799
9950;69,63;49,99;0,00;0,00;0,00;0,05;0,00;0,00;304;73;88;49;19;954;579
9951;49,00;-184,53;0,00;0,00;0,00;-0,18;0,00;0,00;168;167;93;21;36;821;952
9952;9,64;-691,40;0,00;0,00;0,00;-0,69;0,00;0,00;234;48;118;30;36;198;959
9953;51,12;-179,54;0,00;0,00;0,00;-0,18;0,00;0,00;46;59;115;37;20;244;527
9954;44,39;-204,35;0,00;0,00;0,00;-0,20;0,00;0,00;66;117;172;40;28;635;181
9955;57,26;-123,34;0,00;0,00;0,00;-0,12;0,00;0,00;179;40;96;27;36;115;832
9956;40,71;-195,31;0,00;0,00;0,00;-0,20;0,00;0,00;90;66;68;31;24;935;783
9957;39,22;-256,92;0,00;0,00;0,00;-0,26;0,00;0,00;479;168;152;15;20;676;541
9958;12,62;-556,54;0,00;0,00;0,00;-0,56;0,00;0,00;454;148;34;13;20;714;415
9959;2,47;-679,40;0,00;0,00;0,00;-0,68;0,00;0,00;471;179;32;21;34;149;376
9960;0,00;-697,49;0,00;0,00;0,00;-0,70;0,00;0,00;406;103;120;29;31;454;312
9961;66,55;-56,32;0,00;0,00;0,00;-0,06;0,00;0,00;483;37;175;48;32;536;625
9962;67,03;-35,94;0,00;0,00;0,00;-0,04;0,00;0,00;272;93;191;34;29;649;699
9963;37,44;-407,25;0,00;0,00;0,00;-0,41;0,00;0,00;57;133;18;49;32;260;909
9964;24,62;-447,83;0,00;0,00;0,00;-0,45;0,00;0,00;34;72;142;35;16;791;990
9965;84,57;148,54;0,00;0,00;0,00;0,15;0,00;0,00;62;161;83;11;27;918;771
9966;71,31;15,19;0,00;0,00;0,00;0,02;0,00;0,00;389;101;65;25;30;818;157
9967;59,69;14,34;0,00;0,00;0,00;0,01;0,00;0,00;277;83;51;29;31;124;614
9968;54,86;-229,99;0,00;0,00;0,00;-0,23;0,00;0,00;106;103;151;44;26;841;198
9969;66,17;-60,11;0,00;0,00;0,00;-0,06;0,00;0,00;451;42;77;38;36;867;786
9970;41,02;-259,12;0,00;0,00;0,00;-0,26;0,00;0,00;162;170;34;10;36;372;133
9971;48,69;-261,96;0,00;0,00;0,00;-0,26;0,00;0,00;52;11;153;21;25;113;388
9972;54,96;-129,09;0,00;0,00;0,00;-0,13;0,00;0,00;52;129;165;42;30;347;368
9973;95,12;329,35;0,00;0,00;0,00;0,33;0,00;0,00;11;26;103;47;32;883;192
9974;89,34;131,93;0,00;0,00;0,00;0,13;0,00;0,00;203;171;177;22;29;757;400
9975;40,72;-306,80;0,00;0,00;0,00;-0,31;0,00;0,00;145;152;159;47;36;548;711
9976;60,27;-125,06;0,00;0,00;0,00;-0,13;0,00;0,00;469;85;181;13;35;350;150
9977;11,24;-579,54;0,00;0,00;0,00;-0,58;0,00;0,00;179;76;94;20;31;759;903
9978;48,55;-226,26;0,00;0,00;0,00;-0,23;0,00;0,00;240;39;12;15;30;471;862
9979;59,71;-109,56;0,00;0,00;0,00;-0,11;0,00;0,00;171;136;156;25;27;952;526
9980;31,33;-353,02;0,00;0,00;0,00;-0,35;0,00;0,00;224;148;130;14;18;628;753
9981;58,26;-214,04;0,00;0,00;0,00;-0,21;0,00;0,00;453;90;46;15;29;269;414
9982;67,47;-44,71;0,00;0,00;0,00;-0,04;0,00;0,00;194;25;18;46;23;768;588
9983;57,65;-216,69;0,00;0,00;0,00;-0,22;0,00;0,00;191;163;107;43;20;545;905
9984;94,25;222,98;0,00;0,00;0,00;0,22;0,00;0,00;362;56;131;31;39;575;223
9985;39,52;-235,26;0,00;0,00;0,00;-0,24;0,00;0,00;214;162;63;41;34;947;359
9986;43,40;-213,46;0,00;0,00;0,00;-0,21;0,00;0,00;213;62;82;23;32;346;567
9987;44,73;-251,89;0,00;0,00;0,00;-0,25;0,00;0,00;201;81;170;34;27;439;823
9988;14,07;-666,81;0,00;0,00;0,00;-0,67;0,00;0,00;272;77;162;27;20;567;681
9989;54,36;-115,32;0,00;0,00;0,00;-0,12;0,00;0,00;422;124;178;25;17;326;545
9990;82,38;189,34;0,00;0,00;0,00;0,19;0,00;0,00;83;58;37;48;19;406;694
9991;65,12;-48,54;0,00;0,00;0,00;-0,05;0,00;0,00;427;62;34;20;36;646;300
9992;83,97;185,19;0,00;0,00;0,00;0,19;0,00;0,00;362;75;135;16;37;725;368
9993;42,01;-246,59;0,00;0,00;0,00;-0,25;0,00;0,00;199;140;68;46;17;755;443
9994;40,32;-363,25;0,00;0,00;0,00;-0,36;0,00;0,00;258;98;164;18;31;936;972
9995;22,51;-579,26;0,00;0,00;0,00;-0,58;0,00;0,00;98;171;44;18;34;217;718
9996;29,87;-472,49;0,00;0,00;0,00;-0,47;0,00;0,00;344;50;167;30;36;311;662
9997;31,92;-357,88;0,00;0,00;0,00;-0,36;0,00;0,00;68;61;178;13;31;357;730
9998;40,39;-337,12;0,00;0,00;0,00;-0,34;0,00;0,00;444;166;109;49;21;586;761
9999;58,31;-136,04;0,00;0,00;0,00;-0,14;0,00;0,00;157;93;11;43;19;793;729
10000;37,07;-353,18;0,00;0,00;0,00;-0,35;0,00;0,00;426;113;180;13;18;817;275
