Pass;Result;Profit;Expected Payoff;Profit Factor;Recovery Factor;Sharpe Ratio;Custom;Equity DD %;Trades;InpMA1Period;InpMA2Period;InpADXPeriod;InpADXThreshold;InpTPPoints;InpSLPoints
1;46,57;-39,06;0,00;0,00;0,00;-0,04;0,00;0,00;79;150;98;38;19;872;349
2;54,18;37,47;0,00;0,00;0,00;0,04;0,00;0,00;52;54;118;42;29;904;851
3;61,52;36,31;0,00;0,00;0,00;0,04;0,00;0,00;477;193;135;38;35;556;207
4;64,29;109,79;0,00;0,00;0,00;0,11;0,00;0,00;186;130;155;25;17;304;999
5;60,46;74,17;0,00;0,00;0,00;0,07;0,00;0,00;24;187;108;41;33;493;622
6;67,02;180,13;0,00;0,00;0,00;0,18;0,00;0,00;381;102;71;49;37;136;976
7;57,28;164,13;0,00;0,00;0,00;0,16;0,00;0,00;65;124;19;16;33;683;797
8;45,17;25,58;0,00;0,00;0,00;0,03;0,00;0,00;497;87;69;19;39;862;898
9;21,95;-199,62;0,00;0,00;0,00;-0,20;0,00;0,00;465;68;116;33;25;762;340
10;50,16;44,29;0,00;0,00;0,00;0,04;0,00;0,00;173;162;75;49;23;792;965
11;61,17;72,53;0,00;0,00;0,00;0,07;0,00;0,00;383;147;16;39;17;990;977
12;50,98;-61,57;0,00;0,00;0,00;-0,06;0,00;0,00;230;163;12;32;20;981;795
13;49,11;-65,81;0,00;0,00;0,00;-0,07;0,00;0,00;281;155;83;41;34;989;624
14;21,54;-292,83;0,00;0,00;0,00;-0,29;0,00;0,00;399;106;68;38;32;895;407
15;57,97;84,53;0,00;0,00;0,00;0,08;0,00;0,00;241;60;66;13;17;714;950
16;53,02;46,31;0,00;0,00;0,00;0,05;0,00;0,00;250;54;194;17;33;918;987
17;29,23;-122,95;0,00;0,00;0,00;-0,12;0,00;0,00;131;163;189;39;24;224;123
18;79,02;288,93;0,00;0,00;0,00;0,29;0,00;0,00;194;185;191;43;35;479;850
19;33,75;-178,84;0,00;0,00;0,00;-0,18;0,00;0,00;283;98;136;42;22;363;920
20;48,82;-49,28;0,00;0,00;0,00;-0,05;0,00;0,00;202;180;107;18;28;396;447
21;66,80;137,25;0,00;0,00;0,00;0,14;0,00;0,00;399;126;129;21;29;516;637
22;43,37;-143,03;0,00;0,00;0,00;-0,14;0,00;0,00;168;144;143;20;37;697;951
23;43,57;-49,31;0,00;0,00;0,00;-0,05;0,00;0,00;394;92;92;20;18;928;737
24;44,73;-104,92;0,00;0,00;0,00;-0,10;0,00;0,00;374;104;134;16;16;852;290
25;45,70;-152,80;0,00;0,00;0,00;-0,15;0,00;0,00;194;92;50;10;16;165;272
26;45,46;-112,96;0,00;0,00;0,00;-0,11;0,00;0,00;59;184;129;33;26;453;452
27;38,70;-99,39;0,00;0,00;0,00;-0,10;0,00;0,00;228;115;191;33;18;986;307
28;45,72;-8,31;0,00;0,00;0,00;-0,01;0,00;0,00;469;13;154;11;23;747;162
29;52,31;-9,24;0,00;0,00;0,00;-0,01;0,00;0,00;295;87;172;33;20;582;343
30;42,67;16,55;0,00;0,00;0,00;0,02;0,00;0,00;183;72;193;41;23;350;790
31;57,59;117,58;0,00;0,00;0,00;0,12;0,00;0,00;150;78;143;33;15;199;988
32;38,14;-83,82;0,00;0,00;0,00;-0,08;0,00;0,00;282;147;45;42;34;781;432
33;44,65;-21,91;0,00;0,00;0,00;-0,02;0,00;0,00;431;52;77;31;37;222;215
34;39,38;-128,52;0,00;0,00;0,00;-0,13;0,00;0,00;490;112;198;13;24;547;233
35;36,08;-157,46;0,00;0,00;0,00;-0,16;0,00;0,00;171;165;184;14;32;307;808
36;56,00;90,25;0,00;0,00;0,00;0,09;0,00;0,00;44;71;115;30;17;384;888
37;45,07;-79,49;0,00;0,00;0,00;-0,08;0,00;0,00;418;180;129;38;34;661;192
38;51,25;-37,94;0,00;0,00;0,00;-0,04;0,00;0,00;56;154;119;21;23;995;955
39;88,86;373,14;0,00;0,00;0,00;0,37;0,00;0,00;246;146;46;45;20;260;861
40;57,79;50,99;0,00;0,00;0,00;0,05;0,00;0,00;232;27;199;48;34;789;634
41;44,78;-10,20;0,00;0,00;0,00;-0,01;0,00;0,00;27;32;40;28;29;230;716
42;51,33;-68,12;0,00;0,00;0,00;-0,07;0,00;0,00;309;14;54;11;18;381;314
43;57,67;123,38;0,00;0,00;0,00;0,12;0,00;0,00;225;181;194;23;28;950;468
44;58,13;47,03;0,00;0,00;0,00;0,05;0,00;0,00;476;47;187;32;33;846;657
45;44,04;-176,50;0,00;0,00;0,00;-0,18;0,00;0,00;261;64;151;44;27;529;191
46;53,63;-1,69;0,00;0,00;0,00;-0,00;0,00;0,00;242;115;63;37;34;555;583
47;71,20;238,83;0,00;0,00;0,00;0,24;0,00;0,00;323;79;182;45;18;705;798
48;50,43;43,82;0,00;0,00;0,00;0,04;0,00;0,00;327;14;24;27;35;391;136
49;41,75;-41,56;0,00;0,00;0,00;-0,04;0,00;0,00;278;54;29;36;28;679;584
50;10,51;-348,84;0,00;0,00;0,00;-0,35;0,00;0,00;499;148;123;26;30;797;642
51;50,56;16,25;0,00;0,00;0,00;0,02;0,00;0,00;67;38;132;26;31;166;319
52;45,78;-31,66;0,00;0,00;0,00;-0,03;0,00;0,00;415;108;191;23;24;680;859
53;44,89;-55,96;0,00;0,00;0,00;-0,06;0,00;0,00;39;71;33;46;34;354;451
54;31,46;-176,97;0,00;0,00;0,00;-0,18;0,00;0,00;58;178;27;30;29;333;773
55;85,28;283,12;0,00;0,00;0,00;0,28;0,00;0,00;235;158;99;17;37;221;779
56;53,76;80,99;0,00;0,00;0,00;0,08;0,00;0,00;218;49;45;37;16;312;524
57;45,42;-157,57;0,00;0,00;0,00;-0,16;0,00;0,00;453;89;62;19;16;338;211
58;60,44;190,10;0,00;0,00;0,00;0,19;0,00;0,00;499;87;147;41;21;859;128
59;37,77;-128,94;0,00;0,00;0,00;-0,13;0,00;0,00;61;114;166;29;24;876;982
60;68,96;143,61;0,00;0,00;0,00;0,14;0,00;0,00;65;78;123;45;15;652;658
61;46,80;-8,30;0,00;0,00;0,00;-0,01;0,00;0,00;340;32;41;37;27;435;572
62;50,30;-27,30;0,00;0,00;0,00;-0,03;0,00;0,00;203;13;155;43;21;424;944
63;52,08;68,34;0,00;0,00;0,00;0,07;0,00;0,00;156;15;35;37;31;883;823
64;31,34;-68,25;0,00;0,00;0,00;-0,07;0,00;0,00;88;188;126;12;21;907;771
65;47,91;-103,51;0,00;0,00;0,00;-0,10;0,00;0,00;301;82;28;11;38;367;689
66;76,33;230,60;0,00;0,00;0,00;0,23;0,00;0,00;12;46;171;38;38;138;225
67;35,97;-126,83;0,00;0,00;0,00;-0,13;0,00;0,00;364;113;67;41;32;952;406
68;47,46;-33,82;0,00;0,00;0,00;-0,03;0,00;0,00;68;194;161;48;24;488;117
69;20,18;-305,96;0,00;0,00;0,00;-0,31;0,00;0,00;246;70;75;20;36;336;797
70;59,44;115,79;0,00;0,00;0,00;0,12;0,00;0,00;53;111;163;22;20;803;647
71;38,49;-123,71;0,00;0,00;0,00;-0,12;0,00;0,00;429;26;113;17;22;779;976
72;61,23;128,92;0,00;0,00;0,00;0,13;0,00;0,00;454;199;87;45;21;680;177
73;44,72;-125,75;0,00;0,00;0,00;-0,13;0,00;0,00;398;139;88;33;22;426;914
74;48,06;-44,66;0,00;0,00;0,00;-0,04;0,00;0,00;49;160;144;31;33;199;488
75;34,43;-109,33;0,00;0,00;0,00;-0,11;0,00;0,00;487;55;112;24;16;699;779
76;52,32;-39,50;0,00;0,00;0,00;-0,04;0,00;0,00;397;60;16;46;38;131;934
77;66,77;162,32;0,00;0,00;0,00;0,16;0,00;0,00;327;10;20;34;16;598;528
78;56,26;132,00;0,00;0,00;0,00;0,13;0,00;0,00;488;79;114;34;24;213;324
79;24,42;-314,28;0,00;0,00;0,00;-0,31;0,00;0,00;208;45;120;16;30;986;559
80;61,56;172,57;0,00;0,00;0,00;0,17;0,00;0,00;320;144;71;37;19;158;983
81;66,91;223,51;0,00;0,00;0,00;0,22;0,00;0,00;19;199;144;30;30;767;194
82;24,64;-296,27;0,00;0,00;0,00;-0,30;0,00;0,00;292;75;62;33;28;685;786
83;48,34;-12,26;0,00;0,00;0,00;-0,01;0,00;0,00;485;95;164;45;27;115;114
84;61,70;128,31;0,00;0,00;0,00;0,13;0,00;0,00;313;93;166;47;32;643;562
85;46,51;-16,00;0,00;0,00;0,00;-0,02;0,00;0,00;44;125;127;30;36;781;362
86;66,01;163,02;0,00;0,00;0,00;0,16;0,00;0,00;430;79;102;15;17;447;959
87;48,40;-41,39;0,00;0,00;0,00;-0,04;0,00;0,00;195;27;68;17;29;275;296
88;58,33;91,36;0,00;0,00;0,00;0,09;0,00;0,00;57;137;157;26;36;301;597
89;48,90;93,11;0,00;0,00;0,00;0,09;0,00;0,00;206;11;182;14;30;153;235
90;63,35;74,07;0,00;0,00;0,00;0,07;0,00;0,00;345;120;103;47;25;596;770
91;50,55;55,06;0,00;0,00;0,00;0,06;0,00;0,00;67;162;27;41;35;116;628
92;58,64;72,01;0,00;0,00;0,00;0,07;0,00;0,00;81;99;89;33;28;215;621
93;47,06;65,19;0,00;0,00;0,00;0,07;0,00;0,00;350;189;132;22;30;507;363
94;40,35;-92,76;0,00;0,00;0,00;-0,09;0,00;0,00;325;152;58;34;22;119;939
95;35,05;-125,76;0,00;0,00;0,00;-0,13;0,00;0,00;204;183;68;39;36;890;646
96;34,84;-169,79;0,00;0,00;0,00;-0,17;0,00;0,00;276;115;145;16;32;158;412
97;57,06;71,03;0,00;0,00;0,00;0,07;0,00;0,00;195;77;133;47;23;742;379
98;24,18;-211,43;0,00;0,00;0,00;-0,21;0,00;0,00;458;178;110;44;31;930;263
99;66,23;141,73;0,00;0,00;0,00;0,14;0,00;0,00;427;84;149;11;38;680;804
100;49,69;86,74;0,00;0,00;0,00;0,09;0,00;0,00;343;179;29;18;31;505;748
101;48,36;-37,38;0,00;0,00;0,00;-0,04;0,00;0,00;369;34;30;33;22;461;243
102;62,55;167,66;0,00;0,00;0,00;0,17;0,00;0,00;183;121;30;12;20;194;865
103;48,90;30,77;0,00;0,00;0,00;0,03;0,00;0,00;288;31;115;38;32;192;792
104;49,53;27,51;0,00;0,00;0,00;0,03;0,00;0,00;230;188;147;32;16;219;269
105;50,50;-94,95;0,00;0,00;0,00;-0,09;0,00;0,00;274;192;160;16;31;219;850
106;55,89;103,59;0,00;0,00;0,00;0,10;0,00;0,00;34;50;178;23;22;781;484
107;55,94;110,41;0,00;0,00;0,00;0,11;0,00;0,00;342;88;177;37;18;764;542
108;60,96;105,96;0,00;0,00;0,00;0,11;0,00;0,00;439;139;62;12;22;544;609
109;60,20;32,86;0,00;0,00;0,00;0,03;0,00;0,00;497;76;164;16;24;508;793
110;51,58;40,18;0,00;0,00;0,00;0,04;0,00;0,00;94;57;113;41;19;297;479
111;43,36;-46,32;0,00;0,00;0,00;-0,05;0,00;0,00;128;73;65;44;32;882;909
112;43,37;-109,44;0,00;0,00;0,00;-0,11;0,00;0,00;307;169;36;48;36;383;821
113;81,34;233,85;0,00;0,00;0,00;0,23;0,00;0,00;24;142;119;18;23;803;245
114;46,52;-73,30;0,00;0,00;0,00;-0,07;0,00;0,00;436;194;127;35;20;685;982
115;56,61;51,75;0,00;0,00;0,00;0,05;0,00;0,00;491;16;91;11;29;916;945
116;16,36;-289,89;0,00;0,00;0,00;-0,29;0,00;0,00;220;134;48;18;36;902;761
117;41,20;-5,04;0,00;0,00;0,00;-0,01;0,00;0,00;43;84;100;30;23;455;176
118;46,90;-90,40;0,00;0,00;0,00;-0,09;0,00;0,00;210;49;28;39;32;248;531
119;69,11;177,22;0,00;0,00;0,00;0,18;0,00;0,00;250;178;108;48;16;265;704
120;22,94;-251,62;0,00;0,00;0,00;-0,25;0,00;0,00;176;160;75;36;29;292;186
121;72,61;228,88;0,00;0,00;0,00;0,23;0,00;0,00;34;38;181;34;30;169;738
122;48,82;25,63;0,00;0,00;0,00;0,03;0,00;0,00;478;174;72;23;39;403;905
123;7,79;-401,55;0,00;0,00;0,00;-0,40;0,00;0,00;74;18;165;25;24;458;530
124;27,57;-248,32;0,00;0,00;0,00;-0,25;0,00;0,00;438;55;101;31;17;747;136
125;54,61;98,43;0,00;0,00;0,00;0,10;0,00;0,00;87;164;87;44;21;332;716
126;91,77;422,16;0,00;0,00;0,00;0,42;0,00;0,00;217;153;140;19;26;153;805
127;46,15;-57,73;0,00;0,00;0,00;-0,06;0,00;0,00;16;36;43;30;17;717;274
128;48,74;-110,23;0,00;0,00;0,00;-0,11;0,00;0,00;72;25;17;33;38;978;409
129;70,11;137,13;0,00;0,00;0,00;0,14;0,00;0,00;238;43;137;10;28;167;106
130;54,94;-35,07;0,00;0,00;0,00;-0,04;0,00;0,00;106;160;176;24;25;422;671
131;67,57;199,18;0,00;0,00;0,00;0,20;0,00;0,00;306;108;129;19;25;398;514
132;40,87;-165,37;0,00;0,00;0,00;-0,17;0,00;0,00;489;73;154;25;19;358;153
133;43,02;-27,58;0,00;0,00;0,00;-0,03;0,00;0,00;129;174;123;37;27;240;316
134;59,59;108,06;0,00;0,00;0,00;0,11;0,00;0,00;324;11;112;32;30;627;931
135;65,43;124,02;0,00;0,00;0,00;0,12;0,00;0,00;45;198;181;13;24;269;806
136;31,97;-191,11;0,00;0,00;0,00;-0,19;0,00;0,00;398;160;42;14;39;687;245
137;67,43;136,96;0,00;0,00;0,00;0,14;0,00;0,00;116;190;85;45;16;475;942
138;47,10;-26,31;0,00;0,00;0,00;-0,03;0,00;0,00;264;99;139;34;23;769;940
139;30,24;-246,19;0,00;0,00;0,00;-0,25;0,00;0,00;336;148;137;15;24;687;196
140;42,38;-169,91;0,00;0,00;0,00;-0,17;0,00;0,00;268;18;41;33;39;608;465
141;52,21;36,23;0,00;0,00;0,00;0,04;0,00;0,00;453;164;48;32;25;830;219
142;33,66;-252,14;0,00;0,00;0,00;-0,25;0,00;0,00;477;101;161;17;17;513;891
143;46,50;-99,23;0,00;0,00;0,00;-0,10;0,00;0,00;59;41;124;31;32;373;877
144;34,71;-159,02;0,00;0,00;0,00;-0,16;0,00;0,00;290;196;83;47;25;652;142
145;68,31;136,14;0,00;0,00;0,00;0,14;0,00;0,00;83;98;197;21;24;700;649
146;61,26;120,02;0,00;0,00;0,00;0,12;0,00;0,00;138;85;162;36;19;311;862
147;56,40;93,10;0,00;0,00;0,00;0,09;0,00;0,00;199;47;65;37;36;539;536
148;48,03;48,68;0,00;0,00;0,00;0,05;0,00;0,00;357;10;79;46;23;324;341
149;39,01;-152,25;0,00;0,00;0,00;-0,15;0,00;0,00;50;83;147;49;20;257;692
150;37,26;-23,71;0,00;0,00;0,00;-0,02;0,00;0,00;481;107;140;29;34;927;152
151;56,79;58,19;0,00;0,00;0,00;0,06;0,00;0,00;463;138;184;29;24;607;534
152;31,94;-208,24;0,00;0,00;0,00;-0,21;0,00;0,00;71;19;164;42;33;187;933
153;79,81;357,02;0,00;0,00;0,00;0,36;0,00;0,00;98;146;53;35;22;556;993
154;27,94;-282,52;0,00;0,00;0,00;-0,28;0,00;0,00;46;104;124;42;30;948;411
155;39,33;-79,03;0,00;0,00;0,00;-0,08;0,00;0,00;287;29;73;35;27;699;416
156;51,38;-1,51;0,00;0,00;0,00;-0,00;0,00;0,00;493;61;45;39;25;110;546
157;33,74;-141,08;0,00;0,00;0,00;-0,14;0,00;0,00;80;44;108;20;26;548;459
158;59,62;81,10;0,00;0,00;0,00;0,08;0,00;0,00;131;169;133;31;32;895;858
159;64,60;140,53;0,00;0,00;0,00;0,14;0,00;0,00;382;157;175;10;30;421;424
160;57,53;30,86;0,00;0,00;0,00;0,03;0,00;0,00;416;195;41;33;20;966;176
161;36,91;-207,32;0,00;0,00;0,00;-0,21;0,00;0,00;82;92;141;48;20;471;406
162;52,98;102,04;0,00;0,00;0,00;0,10;0,00;0,00;415;179;37;19;18;653;668
163;42,77;-8,44;0,00;0,00;0,00;-0,01;0,00;0,00;225;138;148;49;21;826;850
164;45,82;2,55;0,00;0,00;0,00;0,00;0,00;0,00;59;199;125;17;31;511;157
165;53,26;37,19;0,00;0,00;0,00;0,04;0,00;0,00;430;33;122;34;33;750;115
166;51,69;-46,04;0,00;0,00;0,00;-0,05;0,00;0,00;30;163;85;46;19;842;445
167;81,04;325,03;0,00;0,00;0,00;0,33;0,00;0,00;286;197;147;14;31;949;328
168;29,07;-241,73;0,00;0,00;0,00;-0,24;0,00;0,00;49;118;119;13;19;252;983
169;77,58;243,12;0,00;0,00;0,00;0,24;0,00;0,00;152;179;33;36;33;405;582
170;47,07;-0,62;0,00;0,00;0,00;-0,00;0,00;0,00;120;39;181;31;30;547;214
171;32,96;-306,93;0,00;0,00;0,00;-0,31;0,00;0,00;13;76;134;48;16;482;474
172;52,93;-18,21;0,00;0,00;0,00;-0,02;0,00;0,00;183;173;49;36;39;669;940
173;51,36;58,31;0,00;0,00;0,00;0,06;0,00;0,00;311;11;64;33;30;200;899
174;53,40;-140,76;0,00;0,00;0,00;-0,14;0,00;0,00;84;80;30;19;34;293;810
175;27,62;-199,90;0,00;0,00;0,00;-0,20;0,00;0,00;20;31;176;40;16;215;353
176;56,14;23,71;0,00;0,00;0,00;0,02;0,00;0,00;130;35;13;30;28;565;400
177;60,54;111,13;0,00;0,00;0,00;0,11;0,00;0,00;317;112;47;45;34;454;636
178;42,63;-96,20;0,00;0,00;0,00;-0,10;0,00;0,00;98;125;38;16;35;855;887
179;66,71;195,60;0,00;0,00;0,00;0,20;0,00;0,00;463;148;83;48;18;967;824
180;59,70;98,36;0,00;0,00;0,00;0,10;0,00;0,00;121;165;123;13;21;971;627
181;32,40;-152,26;0,00;0,00;0,00;-0,15;0,00;0,00;262;157;150;45;33;148;199
182;32,11;-187,54;0,00;0,00;0,00;-0,19;0,00;0,00;221;88;24;42;23;244;831
183;67,34;167,63;0,00;0,00;0,00;0,17;0,00;0,00;44;129;166;14;19;532;273
184;45,58;-8,94;0,00;0,00;0,00;-0,01;0,00;0,00;173;58;102;43;36;894;760
185;38,83;-101,46;0,00;0,00;0,00;-0,10;0,00;0,00;240;158;62;18;28;341;575
186;38,43;-185,01;0,00;0,00;0,00;-0,19;0,00;0,00;489;165;115;32;35;251;117
187;48,05;-77,12;0,00;0,00;0,00;-0,08;0,00;0,00;395;137;103;47;30;441;721
188;64,74;36,51;0,00;0,00;0,00;0,04;0,00;0,00;159;40;173;13;22;266;432
189;67,18;202,49;0,00;0,00;0,00;0,20;0,00;0,00;282;61;87;20;16;753;105
190;33,21;-171,95;0,00;0,00;0,00;-0,17;0,00;0,00;298;177;159;33;23;493;570
191;45,70;-18,51;0,00;0,00;0,00;-0,02;0,00;0,00;331;137;22;33;15;842;559
192;40,25;-91,78;0,00;0,00;0,00;-0,09;0,00;0,00;63;97;180;17;15;428;950
193;43,92;35,09;0,00;0,00;0,00;0,04;0,00;0,00;290;55;134;20;17;189;629
194;49,40;-34,38;0,00;0,00;0,00;-0,03;0,00;0,00;117;178;162;25;30;588;504
195;56,56;144,92;0,00;0,00;0,00;0,14;0,00;0,00;345;107;55;38;34;881;757
196;15,46;-401,04;0,00;0,00;0,00;-0,40;0,00;0,00;362;94;192;11;25;825;296
197;68,18;236,78;0,00;0,00;0,00;0,24;0,00;0,00;123;42;23;49;37;575;114
198;53,37;8,71;0,00;0,00;0,00;0,01;0,00;0,00;295;150;51;48;28;930;674
199;51,10;-48,65;0,00;0,00;0,00;-0,05;0,00;0,00;39;166;138;32;26;125;351
200;53,46;-24,88;0,00;0,00;0,00;-0,02;0,00;0,00;85;27;70;44;29;984;112
201;44,02;31,19;0,00;0,00;0,00;0,03;0,00;0,00;238;169;189;37;16;932;486
202;4,12;-529,98;0,00;0,00;0,00;-0,53;0,00;0,00;146;106;47;16;28;330;636
203;29,18;-278,56;0,00;0,00;0,00;-0,28;0,00;0,00;121;18;158;14;24;919;322
204;40,07;-42,25;0,00;0,00;0,00;-0,04;0,00;0,00;225;118;100;29;24;830;724
205;31,93;-119,38;0,00;0,00;0,00;-0,12;0,00;0,00;347;74;41;32;38;749;492
206;67,83;247,47;0,00;0,00;0,00;0,25;0,00;0,00;107;81;180;20;19;903;660
207;73,52;183,87;0,00;0,00;0,00;0,18;0,00;0,00;433;124;161;27;29;431;395
208;79,45;277,88;0,00;0,00;0,00;0,28;0,00;0,00;408;126;130;15;22;623;436
209;73,18;279,20;0,00;0,00;0,00;0,28;0,00;0,00;183;181;65;44;30;820;159
210;46,31;-19,76;0,00;0,00;0,00;-0,02;0,00;0,00;382;95;100;10;28;159;311
211;62,28;90,75;0,00;0,00;0,00;0,09;0,00;0,00;190;78;79;42;26;915;995
212;41,28;-49,66;0,00;0,00;0,00;-0,05;0,00;0,00;403;72;78;14;33;281;315
213;23,36;-153,21;0,00;0,00;0,00;-0,15;0,00;0,00;446;56;122;27;37;959;320
214;55,20;45,97;0,00;0,00;0,00;0,05;0,00;0,00;190;33;24;22;29;651;916
215;31,22;-232,75;0,00;0,00;0,00;-0,23;0,00;0,00;294;179;46;43;16;363;376
216;30,03;-181,30;0,00;0,00;0,00;-0,18;0,00;0,00;134;153;13;24;28;806;254
217;49,16;10,06;0,00;0,00;0,00;0,01;0,00;0,00;325;145;48;13;16;666;837
218;49,05;-17,88;0,00;0,00;0,00;-0,02;0,00;0,00;36;166;107;18;20;572;740
219;54,49;59,41;0,00;0,00;0,00;0,06;0,00;0,00;273;46;63;24;19;711;911
220;40,00;-105,58;0,00;0,00;0,00;-0,11;0,00;0,00;128;181;68;26;17;372;878
221;51,00;-28,54;0,00;0,00;0,00;-0,03;0,00;0,00;274;14;123;17;39;476;445
222;53,09;-93,24;0,00;0,00;0,00;-0,09;0,00;0,00;70;135;39;17;34;869;124
223;51,93;17,42;0,00;0,00;0,00;0,02;0,00;0,00;154;61;73;16;21;120;526
224;46,91;-15,94;0,00;0,00;0,00;-0,02;0,00;0,00;173;18;14;10;32;789;668
225;63,05;120,85;0,00;0,00;0,00;0,12;0,00;0,00;339;37;87;44;37;672;439
226;57,02;97,43;0,00;0,00;0,00;0,10;0,00;0,00;201;11;116;24;30;440;617
227;42,48;-47,62;0,00;0,00;0,00;-0,05;0,00;0,00;452;84;16;46;30;737;817
228;40,75;-91,45;0,00;0,00;0,00;-0,09;0,00;0,00;467;181;85;24;29;576;946
229;69,65;229,72;0,00;0,00;0,00;0,23;0,00;0,00;440;16;21;25;21;861;468
230;15,54;-350,05;0,00;0,00;0,00;-0,35;0,00;0,00;194;184;81;13;35;757;760
231;69,22;186,42;0,00;0,00;0,00;0,19;0,00;0,00;329;198;180;41;31;165;750
232;69,96;223,75;0,00;0,00;0,00;0,22;0,00;0,00;36;124;89;17;34;739;980
233;60,46;117,31;0,00;0,00;0,00;0,12;0,00;0,00;490;108;78;17;27;642;578
234;54,54;61,43;0,00;0,00;0,00;0,06;0,00;0,00;174;134;142;25;39;931;553
235;40,07;-81,37;0,00;0,00;0,00;-0,08;0,00;0,00;265;35;180;14;35;446;791
236;43,41;16,46;0,00;0,00;0,00;0,02;0,00;0,00;132;35;121;48;39;759;574
237;45,74;-122,08;0,00;0,00;0,00;-0,12;0,00;0,00;332;179;125;22;36;831;824
238;74,26;254,92;0,00;0,00;0,00;0,25;0,00;0,00;151;72;124;42;37;744;244
239;24,61;-207,08;0,00;0,00;0,00;-0,21;0,00;0,00;174;56;19;44;32;911;933
240;48,12;1,00;0,00;0,00;0,00;0,00;0,00;0,00;136;167;35;14;28;668;963
241;39,69;-73,44;0,00;0,00;0,00;-0,07;0,00;0,00;284;127;108;19;36;936;190
242;57,26;49,94;0,00;0,00;0,00;0,05;0,00;0,00;185;198;191;13;32;130;615
243;60,70;48,27;0,00;0,00;0,00;0,05;0,00;0,00;87;169;26;14;30;527;848
244;39,10;-78,08;0,00;0,00;0,00;-0,08;0,00;0,00;95;60;111;49;24;645;759
245;46,97;-22,42;0,00;0,00;0,00;-0,02;0,00;0,00;490;195;75;29;31;467;244
246;26,21;-207,83;0,00;0,00;0,00;-0,21;0,00;0,00;129;182;198;27;26;493;706
247;69,35;189,27;0,00;0,00;0,00;0,19;0,00;0,00;109;12;120;16;33;814;450
248;76,51;277,62;0,00;0,00;0,00;0,28;0,00;0,00;244;137;38;32;33;148;528
249;38,43;-82,93;0,00;0,00;0,00;-0,08;0,00;0,00;168;51;103;42;36;182;354
250;60,68;47,28;0,00;0,00;0,00;0,05;0,00;0,00;235;116;151;35;20;350;677
251;61,35;124,84;0,00;0,00;0,00;0,12;0,00;0,00;84;136;48;36;38;641;509
252;50,27;-18,50;0,00;0,00;0,00;-0,02;0,00;0,00;98;147;53;19;30;439;107
253;30,87;-164,66;0,00;0,00;0,00;-0,16;0,00;0,00;39;141;128;30;20;376;179
254;61,34;117,06;0,00;0,00;0,00;0,12;0,00;0,00;341;86;178;30;23;849;529
255;57,55;102,42;0,00;0,00;0,00;0,10;0,00;0,00;491;74;62;49;28;595;557
256;69,91;180,11;0,00;0,00;0,00;0,18;0,00;0,00;259;125;125;17;36;903;993
257;54,59;62,16;0,00;0,00;0,00;0,06;0,00;0,00;300;41;117;12;39;616;886
258;84,50;351,71;0,00;0,00;0,00;0,35;0,00;0,00;443;113;149;25;21;298;209
259;53,23;-9,92;0,00;0,00;0,00;-0,01;0,00;0,00;31;128;145;12;37;662;477
260;44,63;-27,15;0,00;0,00;0,00;-0,03;0,00;0,00;422;169;66;11;31;555;844
261;19,74;-368,22;0,00;0,00;0,00;-0,37;0,00;0,00;239;158;134;42;33;531;267
262;70,13;130,57;0,00;0,00;0,00;0,13;0,00;0,00;222;84;187;47;34;261;929
263;38,61;-137,56;0,00;0,00;0,00;-0,14;0,00;0,00;446;197;36;36;37;858;733
264;37,98;-121,06;0,00;0,00;0,00;-0,12;0,00;0,00;99;157;184;45;33;512;824
265;61,76;150,05;0,00;0,00;0,00;0,15;0,00;0,00;37;71;39;15;18;693;412
266;80,91;281,63;0,00;0,00;0,00;0,28;0,00;0,00;477;95;119;26;33;507;260
267;30,96;-208,13;0,00;0,00;0,00;-0,21;0,00;0,00;23;123;83;29;28;158;310
268;56,12;-5,92;0,00;0,00;0,00;-0,01;0,00;0,00;237;73;146;18;38;876;844
269;27,72;-213,61;0,00;0,00;0,00;-0,21;0,00;0,00;123;94;47;27;38;377;304
270;60,94;60,51;0,00;0,00;0,00;0,06;0,00;0,00;116;107;132;38;25;240;722
271;49,23;48,32;0,00;0,00;0,00;0,05;0,00;0,00;158;144;180;36;27;622;191
272;70,04;211,54;0,00;0,00;0,00;0,21;0,00;0,00;318;146;33;33;27;455;426
273;30,15;-150,33;0,00;0,00;0,00;-0,15;0,00;0,00;424;56;18;30;38;376;450
274;56,46;74,07;0,00;0,00;0,00;0,07;0,00;0,00;491;161;81;19;36;664;791
275;58,72;77,54;0,00;0,00;0,00;0,08;0,00;0,00;192;54;96;23;33;271;854
276;72,09;357,03;0,00;0,00;0,00;0,36;0,00;0,00;149;65;130;35;20;599;548
277;51,90;82,84;0,00;0,00;0,00;0,08;0,00;0,00;293;172;188;30;27;884;394
278;55,70;-59,09;0,00;0,00;0,00;-0,06;0,00;0,00;378;87;90;44;36;574;573
279;30,42;-220,27;0,00;0,00;0,00;-0,22;0,00;0,00;137;85;65;37;24;929;185
280;36,95;-147,10;0,00;0,00;0,00;-0,15;0,00;0,00;237;124;182;35;23;685;205
281;57,95;38,66;0,00;0,00;0,00;0,04;0,00;0,00;236;55;54;36;36;790;541
282;43,34;-40,62;0,00;0,00;0,00;-0,04;0,00;0,00;470;96;76;39;19;702;738
283;36,31;-166,12;0,00;0,00;0,00;-0,17;0,00;0,00;47;108;16;30;19;401;257
284;42,32;-40,74;0,00;0,00;0,00;-0,04;0,00;0,00;395;151;104;29;27;447;116
285;55,66;53,97;0,00;0,00;0,00;0,05;0,00;0,00;224;132;22;27;33;975;495
286;46,15;33,15;0,00;0,00;0,00;0,03;0,00;0,00;251;114;169;14;23;525;459
287;4,42;-411,39;0,00;0,00;0,00;-0,41;0,00;0,00;77;43;142;42;28;624;552
288;51,08;47,25;0,00;0,00;0,00;0,05;0,00;0,00;310;144;22;45;24;958;472
289;54,76;11,76;0,00;0,00;0,00;0,01;0,00;0,00;480;189;139;47;37;387;673
290;56,07;60,63;0,00;0,00;0,00;0,06;0,00;0,00;170;108;114;13;24;709;335
291;55,39;-10,29;0,00;0,00;0,00;-0,01;0,00;0,00;353;166;101;49;29;696;721
292;12,07;-388,94;0,00;0,00;0,00;-0,39;0,00;0,00;468;133;171;44;25;117;701
293;34,91;-209,83;0,00;0,00;0,00;-0,21;0,00;0,00;403;61;29;18;26;359;446
294;87,45;389,13;0,00;0,00;0,00;0,39;0,00;0,00;413;43;148;49;38;754;660
295;73,14;244,92;0,00;0,00;0,00;0,24;0,00;0,00;430;20;159;15;23;460;273
296;61,14;75,92;0,00;0,00;0,00;0,08;0,00;0,00;356;169;126;14;15;927;921
297;51,68;27,85;0,00;0,00;0,00;0,03;0,00;0,00;280;169;156;43;15;251;778
298;54,91;13,08;0,00;0,00;0,00;0,01;0,00;0,00;365;97;16;20;18;760;551
299;64,66;214,28;0,00;0,00;0,00;0,21;0,00;0,00;182;35;61;10;31;445;554
300;63,48;164,03;0,00;0,00;0,00;0,16;0,00;0,00;163;27;116;31;32;311;278
301;24,65;-209,76;0,00;0,00;0,00;-0,21;0,00;0,00;112;71;56;26;24;228;430
302;81,63;337,45;0,00;0,00;0,00;0,34;0,00;0,00;364;122;149;44;19;581;617
303;68,68;324,70;0,00;0,00;0,00;0,32;0,00;0,00;414;185;169;38;28;578;251
304;64,73;145,02;0,00;0,00;0,00;0,15;0,00;0,00;209;171;155;27;24;268;577
305;52,00;-46,41;0,00;0,00;0,00;-0,05;0,00;0,00;314;142;99;40;39;239;738
306;46,20;24,37;0,00;0,00;0,00;0,02;0,00;0,00;398;187;74;36;15;952;592
307;66,40;189,69;0,00;0,00;0,00;0,19;0,00;0,00;50;16;80;28;17;521;282
308;48,34;-51,28;0,00;0,00;0,00;-0,05;0,00;0,00;253;189;129;34;24;795;148
309;45,23;-23,49;0,00;0,00;0,00;-0,02;0,00;0,00;489;37;74;15;21;273;650
310;44,90;-79,76;0,00;0,00;0,00;-0,08;0,00;0,00;91;45;18;27;34;503;850
311;42,23;-104,22;0,00;0,00;0,00;-0,10;0,00;0,00;255;178;142;25;35;911;828
312;15,58;-400,71;0,00;0,00;0,00;-0,40;0,00;0,00;238;128;134;19;35;227;424
313;62,57;153,47;0,00;0,00;0,00;0,15;0,00;0,00;15;114;49;37;31;331;924
314;61,61;100,22;0,00;0,00;0,00;0,10;0,00;0,00;431;151;74;15;29;685;291
315;60,06;37,68;0,00;0,00;0,00;0,04;0,00;0,00;59;100;97;11;16;164;879
316;48,40;-49,62;0,00;0,00;0,00;-0,05;0,00;0,00;311;154;161;17;15;650;441
317;39,93;-108,46;0,00;0,00;0,00;-0,11;0,00;0,00;382;164;67;19;34;302;281
318;54,50;22,42;0,00;0,00;0,00;0,02;0,00;0,00;183;86;134;14;35;580;307
319;51,59;-17,81;0,00;0,00;0,00;-0,02;0,00;0,00;362;96;90;26;19;927;536
320;17,27;-323,76;0,00;0,00;0,00;-0,32;0,00;0,00;325;25;128;20;25;240;559
321;68,92;202,30;0,00;0,00;0,00;0,20;0,00;0,00;51;117;139;17;16;135;129
322;24,90;-163,55;0,00;0,00;0,00;-0,16;0,00;0,00;432;165;132;27;32;116;606
323;48,65;-46,87;0,00;0,00;0,00;-0,05;0,00;0,00;257;102;12;26;39;704;985
324;70,34;222,45;0,00;0,00;0,00;0,22;0,00;0,00;467;190;42;16;27;939;125
325;68,07;138,58;0,00;0,00;0,00;0,14;0,00;0,00;468;94;38;27;35;911;780
326;20,02;-292,32;0,00;0,00;0,00;-0,29;0,00;0,00;479;136;58;23;34;774;117
327;39,99;-86,95;0,00;0,00;0,00;-0,09;0,00;0,00;226;56;68;13;38;252;205
328;37,46;-87,84;0,00;0,00;0,00;-0,09;0,00;0,00;336;92;71;41;21;803;322
329;33,87;-135,39;0,00;0,00;0,00;-0,14;0,00;0,00;251;183;16;11;25;213;689
330;30,86;-185,12;0,00;0,00;0,00;-0,19;0,00;0,00;132;104;149;32;32;429;626
331;39,08;-56,05;0,00;0,00;0,00;-0,06;0,00;0,00;200;124;60;36;29;968;252
332;40,50;-120,60;0,00;0,00;0,00;-0,12;0,00;0,00;205;24;11;48;26;424;840
333;50,08;31,44;0,00;0,00;0,00;0,03;0,00;0,00;469;88;57;18;25;281;359
334;51,33;-52,30;0,00;0,00;0,00;-0,05;0,00;0,00;364;178;145;27;23;569;773
335;22,15;-350,44;0,00;0,00;0,00;-0,35;0,00;0,00;100;63;26;36;25;949;532
336;71,33;175,13;0,00;0,00;0,00;0,18;0,00;0,00;464;26;104;22;23;273;737
337;48,69;7,07;0,00;0,00;0,00;0,01;0,00;0,00;186;86;138;22;26;892;841
338;31,20;-163,09;0,00;0,00;0,00;-0,16;0,00;0,00;55;41;73;33;31;170;617
339;48,99;-25,48;0,00;0,00;0,00;-0,03;0,00;0,00;440;49;57;22;29;883;927
340;44,30;-60,02;0,00;0,00;0,00;-0,06;0,00;0,00;59;28;128;16;25;885;403
341;58,82;-33,07;0,00;0,00;0,00;-0,03;0,00;0,00;254;92;156;31;37;427;640
342;28,79;-277,99;0,00;0,00;0,00;-0,28;0,00;0,00;259;114;159;13;36;185;630
343;31,10;-187,63;0,00;0,00;0,00;-0,19;0,00;0,00;316;18;77;12;36;243;472
344;61,10;108,74;0,00;0,00;0,00;0,11;0,00;0,00;254;198;125;33;37;184;144
345;57,02;62,52;0,00;0,00;0,00;0,06;0,00;0,00;25;74;162;41;17;717;689
346;85,24;414,36;0,00;0,00;0,00;0,41;0,00;0,00;156;76;69;13;32;545;699
347;58,27;64,36;0,00;0,00;0,00;0,06;0,00;0,00;117;115;84;31;21;638;348
348;31,24;-128,72;0,00;0,00;0,00;-0,13;0,00;0,00;277;53;35;35;37;448;837
349;59,03;133,63;0,00;0,00;0,00;0,13;0,00;0,00;280;168;59;15;29;372;838
350;73,32;177,62;0,00;0,00;0,00;0,18;0,00;0,00;329;77;72;46;33;637;243
351;59,68;72,40;0,00;0,00;0,00;0,07;0,00;0,00;359;64;159;43;36;532;298
352;57,64;75,80;0,00;0,00;0,00;0,08;0,00;0,00;310;44;15;36;38;333;670
353;52,63;-39,98;0,00;0,00;0,00;-0,04;0,00;0,00;199;49;61;19;20;677;979
354;49,37;17,30;0,00;0,00;0,00;0,02;0,00;0,00;351;60;94;10;19;586;482
355;27,94;-211,97;0,00;0,00;0,00;-0,21;0,00;0,00;236;157;23;30;35;558;183
356;86,48;322,24;0,00;0,00;0,00;0,32;0,00;0,00;439;59;105;43;17;382;715
357;43,90;-126,28;0,00;0,00;0,00;-0,13;0,00;0,00;150;78;134;17;34;230;369
358;48,86;37,51;0,00;0,00;0,00;0,04;0,00;0,00;372;180;100;14;36;943;597
359;38,51;-167,52;0,00;0,00;0,00;-0,17;0,00;0,00;214;95;135;29;24;667;299
360;61,93;164,16;0,00;0,00;0,00;0,16;0,00;0,00;32;77;48;25;22;786;711
361;61,96;153,89;0,00;0,00;0,00;0,15;0,00;0,00;156;91;65;43;38;893;224
362;59,77;80,43;0,00;0,00;0,00;0,08;0,00;0,00;104;93;58;19;37;810;991
363;48,33;29,45;0,00;0,00;0,00;0,03;0,00;0,00;416;124;149;12;21;645;821
364;61,08;184,28;0,00;0,00;0,00;0,18;0,00;0,00;237;107;181;29;17;850;896
365;44,57;-16,68;0,00;0,00;0,00;-0,02;0,00;0,00;342;77;79;15;28;430;937
366;46,60;-60,24;0,00;0,00;0,00;-0,06;0,00;0,00;123;45;191;44;25;935;910
367;41,96;-40,08;0,00;0,00;0,00;-0,04;0,00;0,00;422;35;99;33;26;202;244
368;23,12;-306,98;0,00;0,00;0,00;-0,31;0,00;0,00;488;20;107;40;35;294;446
369;57,23;120,94;0,00;0,00;0,00;0,12;0,00;0,00;391;110;47;13;35;977;944
370;65,79;168,66;0,00;0,00;0,00;0,17;0,00;0,00;279;145;134;25;32;994;348
371;63,90;161,07;0,00;0,00;0,00;0,16;0,00;0,00;387;78;86;36;39;816;808
372;47,29;40,27;0,00;0,00;0,00;0,04;0,00;0,00;117;43;166;27;18;326;521
373;46,60;-94,39;0,00;0,00;0,00;-0,09;0,00;0,00;41;152;192;11;18;978;100
374;69,28;167,91;0,00;0,00;0,00;0,17;0,00;0,00;489;37;46;32;19;667;300
375;33,18;-150,76;0,00;0,00;0,00;-0,15;0,00;0,00;457;174;175;42;20;126;523
376;42,77;-144,57;0,00;0,00;0,00;-0,14;0,00;0,00;365;154;172;40;30;799;634
377;32,93;-100,71;0,00;0,00;0,00;-0,10;0,00;0,00;344;54;197;44;23;925;992
378;29,70;-205,68;0,00;0,00;0,00;-0,21;0,00;0,00;374;105;146;42;32;695;201
379;60,45;165,15;0,00;0,00;0,00;0,17;0,00;0,00;400;52;129;13;18;242;509
380;45,19;-22,72;0,00;0,00;0,00;-0,02;0,00;0,00;459;89;138;40;18;707;800
381;43,98;-108,01;0,00;0,00;0,00;-0,11;0,00;0,00;367;158;73;16;37;405;497
382;78,37;315,46;0,00;0,00;0,00;0,32;0,00;0,00;151;181;91;29;21;531;640
383;40,57;-62,57;0,00;0,00;0,00;-0,06;0,00;0,00;378;182;167;41;17;304;751
384;58,67;137,90;0,00;0,00;0,00;0,14;0,00;0,00;28;162;126;43;16;133;644
385;89,39;409,26;0,00;0,00;0,00;0,41;0,00;0,00;85;53;53;30;15;303;287
386;80,85;201,10;0,00;0,00;0,00;0,20;0,00;0,00;389;78;195;27;26;422;556
387;67,94;111,35;0,00;0,00;0,00;0,11;0,00;0,00;24;132;62;18;19;718;488
388;68,37;195,97;0,00;0,00;0,00;0,20;0,00;0,00;345;34;92;15;28;706;443
389;59,44;135,24;0,00;0,00;0,00;0,14;0,00;0,00;342;190;125;10;17;955;460
390;30,65;-190,21;0,00;0,00;0,00;-0,19;0,00;0,00;156;161;107;19;31;753;294
391;57,55;43,19;0,00;0,00;0,00;0,04;0,00;0,00;174;101;27;18;25;833;592
392;100,00;566,05;0,00;0,00;0,00;0,57;0,00;0,00;48;79;172;21;36;762;960
393;53,45;173,44;0,00;0,00;0,00;0,17;0,00;0,00;250;173;69;36;17;510;424
394;78,29;241,13;0,00;0,00;0,00;0,24;0,00;0,00;331;27;95;13;32;894;673
395;51,64;-7,29;0,00;0,00;0,00;-0,01;0,00;0,00;41;48;165;18;18;330;994
396;40,37;-173,78;0,00;0,00;0,00;-0,17;0,00;0,00;159;92;14;35;26;491;574
397;55,73;41,07;0,00;0,00;0,00;0,04;0,00;0,00;378;103;23;48;26;510;896
398;81,72;277,86;0,00;0,00;0,00;0,28;0,00;0,00;249;53;198;39;20;296;701
399;35,49;-118,97;0,00;0,00;0,00;-0,12;0,00;0,00;55;99;122;30;37;414;311
400;32,30;-191,58;0,00;0,00;0,00;-0,19;0,00;0,00;416;18;23;35;18;576;938
401;62,65;234,31;0,00;0,00;0,00;0,23;0,00;0,00;148;156;109;39;30;753;701
402;63,24;78,79;0,00;0,00;0,00;0,08;0,00;0,00;455;197;25;15;17;221;656
403;35,10;-103,43;0,00;0,00;0,00;-0,10;0,00;0,00;312;156;19;20;26;390;168
404;47,77;50,18;0,00;0,00;0,00;0,05;0,00;0,00;329;120;190;28;39;317;307
405;54,31;46,98;0,00;0,00;0,00;0,05;0,00;0,00;211;120;87;48;17;277;566
406;60,55;65,84;0,00;0,00;0,00;0,07;0,00;0,00;172;99;64;19;22;236;608
407;44,76;-86,65;0,00;0,00;0,00;-0,09;0,00;0,00;277;39;102;43;27;146;231
408;35,26;-112,80;0,00;0,00;0,00;-0,11;0,00;0,00;67;20;178;42;23;416;556
409;59,63;121,95;0,00;0,00;0,00;0,12;0,00;0,00;212;21;119;21;27;700;737
410;29,58;-178,10;0,00;0,00;0,00;-0,18;0,00;0,00;399;170;23;17;27;278;378
411;59,56;57,81;0,00;0,00;0,00;0,06;0,00;0,00;380;160;122;19;39;331;620
412;39,07;-106,73;0,00;0,00;0,00;-0,11;0,00;0,00;217;86;146;46;18;957;292
413;46,11;-77,66;0,00;0,00;0,00;-0,08;0,00;0,00;435;178;44;29;33;669;324
414;30,75;-207,05;0,00;0,00;0,00;-0,21;0,00;0,00;274;11;116;36;15;215;115
415;59,30;79,86;0,00;0,00;0,00;0,08;0,00;0,00;416;73;21;13;27;348;745
416;44,65;-31,10;0,00;0,00;0,00;-0,03;0,00;0,00;277;175;31;47;36;835;520
417;57,45;51,79;0,00;0,00;0,00;0,05;0,00;0,00;471;21;159;23;30;232;535
418;43,41;-127,65;0,00;0,00;0,00;-0,13;0,00;0,00;258;28;127;22;39;323;543
419;62,59;141,74;0,00;0,00;0,00;0,14;0,00;0,00;359;30;115;43;37;915;637
420;44,55;-84,86;0,00;0,00;0,00;-0,08;0,00;0,00;450;54;44;39;20;945;940
421;82,22;343,79;0,00;0,00;0,00;0,34;0,00;0,00;436;81;134;15;37;140;903
422;64,09;101,49;0,00;0,00;0,00;0,10;0,00;0,00;318;182;34;39;36;865;395
423;44,54;-6,26;0,00;0,00;0,00;-0,01;0,00;0,00;122;71;47;22;18;587;326
424;35,95;-111,93;0,00;0,00;0,00;-0,11;0,00;0,00;13;176;56;34;23;637;539
425;49,09;-78,08;0,00;0,00;0,00;-0,08;0,00;0,00;182;42;190;18;25;306;568
426;58,32;111,24;0,00;0,00;0,00;0,11;0,00;0,00;497;59;156;35;25;975;430
427;55,95;80,31;0,00;0,00;0,00;0,08;0,00;0,00;123;68;28;22;24;607;834
428;84,66;344,46;0,00;0,00;0,00;0,34;0,00;0,00;488;158;149;16;17;575;670
429;44,22;-82,89;0,00;0,00;0,00;-0,08;0,00;0,00;474;165;187;46;36;680;118
430;18,01;-249,80;0,00;0,00;0,00;-0,25;0,00;0,00;315;78;54;49;26;177;610
431;50,92;1,30;0,00;0,00;0,00;0,00;0,00;0,00;64;45;10;32;16;482;302
432;85,30;305,22;0,00;0,00;0,00;0,31;0,00;0,00;294;124;141;26;16;468;578
433;46,31;-50,27;0,00;0,00;0,00;-0,05;0,00;0,00;117;103;119;44;24;997;497
434;26,81;-201,38;0,00;0,00;0,00;-0,20;0,00;0,00;119;180;196;28;38;503;444
435;46,07;-52,24;0,00;0,00;0,00;-0,05;0,00;0,00;293;74;183;48;39;482;646
436;38,22;-75,51;0,00;0,00;0,00;-0,08;0,00;0,00;226;113;70;48;16;678;316
437;52,44;16,76;0,00;0,00;0,00;0,02;0,00;0,00;384;181;81;17;23;518;746
438;57,36;9,11;0,00;0,00;0,00;0,01;0,00;0,00;383;96;119;49;20;981;322
439;62,65;115,22;0,00;0,00;0,00;0,12;0,00;0,00;162;31;194;22;39;903;669
440;73,52;120,69;0,00;0,00;0,00;0,12;0,00;0,00;78;126;11;44;28;208;818
441;52,32;80,88;0,00;0,00;0,00;0,08;0,00;0,00;22;191;114;14;19;642;790
442;42,22;-56,98;0,00;0,00;0,00;-0,06;0,00;0,00;227;73;117;45;27;994;995
443;45,93;-127,36;0,00;0,00;0,00;-0,13;0,00;0,00;387;87;39;48;32;339;123
444;29,96;-207,47;0,00;0,00;0,00;-0,21;0,00;0,00;214;185;74;37;27;650;196
445;25,87;-226,10;0,00;0,00;0,00;-0,23;0,00;0,00;433;83;70;16;36;809;740
446;23,93;-303,81;0,00;0,00;0,00;-0,30;0,00;0,00;196;168;13;24;30;957;156
447;35,35;-127,55;0,00;0,00;0,00;-0,13;0,00;0,00;181;52;189;14;22;986;160
448;13,50;-386,26;0,00;0,00;0,00;-0,39;0,00;0,00;338;145;164;34;34;645;102
449;27,81;-208,84;0,00;0,00;0,00;-0,21;0,00;0,00;253;133;124;27;33;384;793
450;57,90;98,58;0,00;0,00;0,00;0,10;0,00;0,00;132;42;142;29;19;369;375
451;55,03;18,35;0,00;0,00;0,00;0,02;0,00;0,00;14;91;186;21;36;160;602
452;63,72;114,25;0,00;0,00;0,00;0,11;0,00;0,00;184;55;64;42;38;697;309
453;33,11;-146,75;0,00;0,00;0,00;-0,15;0,00;0,00;218;110;129;39;38;535;486
454;89,02;356,62;0,00;0,00;0,00;0,36;0,00;0,00;108;23;158;45;20;491;926
455;41,65;-69,13;0,00;0,00;0,00;-0,07;0,00;0,00;398;170;178;25;37;521;323
456;34,80;-136,96;0,00;0,00;0,00;-0,14;0,00;0,00;99;123;104;43;39;185;944
457;49,27;48,39;0,00;0,00;0,00;0,05;0,00;0,00;381;72;178;48;26;882;274
458;81,83;319,75;0,00;0,00;0,00;0,32;0,00;0,00;208;117;63;24;26;880;650
459;61,71;115,20;0,00;0,00;0,00;0,12;0,00;0,00;102;193;14;17;30;157;542
460;64,52;84,21;0,00;0,00;0,00;0,08;0,00;0,00;242;93;63;32;17;995;677
461;35,56;-32,99;0,00;0,00;0,00;-0,03;0,00;0,00;350;33;45;44;37;745;244
462;65,83;133,64;0,00;0,00;0,00;0,13;0,00;0,00;398;95;18;43;32;724;257
463;59,50;-5,21;0,00;0,00;0,00;-0,01;0,00;0,00;94;16;114;18;16;494;852
464;62,11;99,02;0,00;0,00;0,00;0,10;0,00;0,00;128;50;97;39;17;991;216
465;69,86;174,21;0,00;0,00;0,00;0,17;0,00;0,00;266;117;150;29;17;844;427
466;45,35;-93,15;0,00;0,00;0,00;-0,09;0,00;0,00;430;126;94;35;24;803;200
467;44,49;2,06;0,00;0,00;0,00;0,00;0,00;0,00;401;93;74;28;35;986;633
468;69,90;82,40;0,00;0,00;0,00;0,08;0,00;0,00;92;99;41;27;39;389;337
469;84,63;359,66;0,00;0,00;0,00;0,36;0,00;0,00;136;69;131;25;18;848;353
470;44,69;-69,51;0,00;0,00;0,00;-0,07;0,00;0,00;33;161;28;35;25;172;433
471;54,19;71,00;0,00;0,00;0,00;0,07;0,00;0,00;97;89;189;16;36;604;178
472;44,31;-72,18;0,00;0,00;0,00;-0,07;0,00;0,00;207;50;122;14;21;767;330
473;49,37;-43,29;0,00;0,00;0,00;-0,04;0,00;0,00;417;10;52;10;17;211;631
474;46,80;9,28;0,00;0,00;0,00;0,01;0,00;0,00;22;121;179;44;30;361;552
475;63,09;59,50;0,00;0,00;0,00;0,06;0,00;0,00;341;50;11;39;39;462;246
476;50,13;39,81;0,00;0,00;0,00;0,04;0,00;0,00;161;34;74;46;31;273;805
477;45,18;-1,22;0,00;0,00;0,00;-0,00;0,00;0,00;304;160;126;49;15;261;396
478;33,17;-231,30;0,00;0,00;0,00;-0,23;0,00;0,00;371;160;132;24;16;939;741
479;58,37;121,46;0,00;0,00;0,00;0,12;0,00;0,00;110;173;144;44;34;873;878
480;62,54;109,11;0,00;0,00;0,00;0,11;0,00;0,00;476;132;80;13;34;179;676
481;38,08;-174,55;0,00;0,00;0,00;-0,17;0,00;0,00;55;11;109;30;35;241;963
482;68,44;112,84;0,00;0,00;0,00;0,11;0,00;0,00;107;55;10;15;25;106;499
483;37,29;-151,35;0,00;0,00;0,00;-0,15;0,00;0,00;251;190;53;28;38;521;761
484;70,11;142,63;0,00;0,00;0,00;0,14;0,00;0,00;170;158;162;26;39;802;936
485;70,02;221,64;0,00;0,00;0,00;0,22;0,00;0,00;263;86;179;35;32;181;639
486;30,74;-171,43;0,00;0,00;0,00;-0,17;0,00;0,00;301;88;126;42;32;577;450
487;69,62;195,50;0,00;0,00;0,00;0,20;0,00;0,00;325;173;198;14;21;779;282
488;48,41;-53,03;0,00;0,00;0,00;-0,05;0,00;0,00;79;114;152;10;20;588;143
489;49,28;-57,18;0,00;0,00;0,00;-0,06;0,00;0,00;55;46;75;13;32;869;285
490;74,84;215,87;0,00;0,00;0,00;0,22;0,00;0,00;36;30;27;35;32;453;537
491;78,74;365,55;0,00;0,00;0,00;0,37;0,00;0,00;415;188;134;42;33;490;897
492;63,41;140,17;0,00;0,00;0,00;0,14;0,00;0,00;440;87;56;11;30;739;181
493;44,71;-64,48;0,00;0,00;0,00;-0,06;0,00;0,00;179;104;155;22;29;768;955
494;37,45;-109,80;0,00;0,00;0,00;-0,11;0,00;0,00;190;36;62;25;25;207;473
495;61,21;117,50;0,00;0,00;0,00;0,12;0,00;0,00;241;38;43;37;31;194;300
496;65,06;223,24;0,00;0,00;0,00;0,22;0,00;0,00;43;47;132;41;17;503;661
497;58,51;57,71;0,00;0,00;0,00;0,06;0,00;0,00;124;46;145;16;26;779;497
498;41,14;-146,34;0,00;0,00;0,00;-0,15;0,00;0,00;259;187;65;32;37;762;823
499;44,06;-40,50;0,00;0,00;0,00;-0,04;0,00;0,00;49;21;67;16;24;449;893
500;45,89;27,38;0,00;0,00;0,00;0,03;0,00;0,00;242;28;187;29;19;819;423
501;23,87;-223,76;0,00;0,00;0,00;-0,22;0,00;0,00;286;45;159;48;29;900;777
502;79,74;295,70;0,00;0,00;0,00;0,30;0,00;0,00;47;85;111;15;15;127;187
503;63,14;156,51;0,00;0,00;0,00;0,16;0,00;0,00;75;45;11;26;22;210;858
504;54,77;37,14;0,00;0,00;0,00;0,04;0,00;0,00;132;166;71;30;30;893;752
505;63,99;226,52;0,00;0,00;0,00;0,23;0,00;0,00;349;75;18;40;20;843;841
506;34,72;-182,86;0,00;0,00;0,00;-0,18;0,00;0,00;426;87;199;43;23;770;856
507;41,99;-158,93;0,00;0,00;0,00;-0,16;0,00;0,00;85;36;96;40;35;866;594
508;23,98;-242,88;0,00;0,00;0,00;-0,24;0,00;0,00;143;127;12;48;17;357;257
509;31,18;-140,79;0,00;0,00;0,00;-0,14;0,00;0,00;128;67;131;47;25;567;646
510;78,29;192,26;0,00;0,00;0,00;0,19;0,00;0,00;234;159;198;49;21;423;453
511;34,50;-156,75;0,00;0,00;0,00;-0,16;0,00;0,00;439;161;111;26;37;331;855
512;42,19;-29,06;0,00;0,00;0,00;-0,03;0,00;0,00;484;102;16;11;26;568;374
513;53,91;62,87;0,00;0,00;0,00;0,06;0,00;0,00;172;147;162;38;15;181;912
514;67,36;231,10;0,00;0,00;0,00;0,23;0,00;0,00;307;55;116;48;16;537;328
515;59,34;84,38;0,00;0,00;0,00;0,08;0,00;0,00;378;159;21;38;31;972;715
516;69,65;301,46;0,00;0,00;0,00;0,30;0,00;0,00;13;79;105;15;36;767;438
517;23,44;-243,43;0,00;0,00;0,00;-0,24;0,00;0,00;426;78;21;41;35;453;721
518;40,46;-199,98;0,00;0,00;0,00;-0,20;0,00;0,00;110;54;31;39;22;231;816
519;50,26;-87,97;0,00;0,00;0,00;-0,09;0,00;0,00;392;30;65;14;38;617;171
520;44,24;-140,43;0,00;0,00;0,00;-0,14;0,00;0,00;218;151;120;18;30;761;678
521;33,25;-187,11;0,00;0,00;0,00;-0,19;0,00;0,00;488;64;132;16;29;255;212
522;75,80;240,21;0,00;0,00;0,00;0,24;0,00;0,00;190;16;187;23;22;577;816
523;50,99;-92,13;0,00;0,00;0,00;-0,09;0,00;0,00;256;121;142;34;23;926;189
524;70,02;208,38;0,00;0,00;0,00;0,21;0,00;0,00;192;30;71;18;36;558;102
525;58,30;149,95;0,00;0,00;0,00;0,15;0,00;0,00;78;63;22;10;22;933;871
526;74,30;270,26;0,00;0,00;0,00;0,27;0,00;0,00;98;23;124;11;26;782;318
527;49,31;-1,57;0,00;0,00;0,00;-0,00;0,00;0,00;176;115;13;36;35;734;846
528;53,31;63,60;0,00;0,00;0,00;0,06;0,00;0,00;257;184;60;19;32;649;416
529;49,95;-86,12;0,00;0,00;0,00;-0,09;0,00;0,00;317;108;92;37;34;708;819
530;51,83;14,28;0,00;0,00;0,00;0,01;0,00;0,00;422;156;191;26;23;493;608
531;46,75;11,84;0,00;0,00;0,00;0,01;0,00;0,00;357;167;192;31;19;151;947
532;54,12;3,65;0,00;0,00;0,00;0,00;0,00;0,00;213;168;14;24;17;830;567
533;33,19;-37,74;0,00;0,00;0,00;-0,04;0,00;0,00;42;109;172;38;39;370;563
534;75,56;288,79;0,00;0,00;0,00;0,29;0,00;0,00;104;47;22;14;15;964;615
535;80,11;354,18;0,00;0,00;0,00;0,35;0,00;0,00;377;104;149;23;30;163;596
536;57,76;163,99;0,00;0,00;0,00;0,16;0,00;0,00;20;116;23;20;38;696;567
537;55,62;85,43;0,00;0,00;0,00;0,09;0,00;0,00;389;116;92;18;33;667;519
538;44,09;-26,42;0,00;0,00;0,00;-0,03;0,00;0,00;353;184;146;12;27;335;827
539;57,23;-27,15;0,00;0,00;0,00;-0,03;0,00;0,00;444;158;37;14;35;285;763
540;64,57;135,13;0,00;0,00;0,00;0,14;0,00;0,00;82;70;101;45;19;846;205
541;66,31;174,80;0,00;0,00;0,00;0,17;0,00;0,00;146;125;16;33;28;427;274
542;20,80;-222,56;0,00;0,00;0,00;-0,22;0,00;0,00;393;144;84;22;28;505;136
543;56,80;77,83;0,00;0,00;0,00;0,08;0,00;0,00;469;123;118;10;35;459;205
544;48,61;-32,73;0,00;0,00;0,00;-0,03;0,00;0,00;208;22;119;10;36;845;487
545;35,74;-190,71;0,00;0,00;0,00;-0,19;0,00;0,00;209;53;134;47;38;497;284
546;72,80;168,23;0,00;0,00;0,00;0,17;0,00;0,00;390;173;106;37;31;935;154
547;64,03;52,73;0,00;0,00;0,00;0,05;0,00;0,00;115;131;53;10;26;946;466
548;31,87;-144,32;0,00;0,00;0,00;-0,14;0,00;0,00;294;136;115;10;38;781;484
549;76,07;254,46;0,00;0,00;0,00;0,25;0,00;0,00;187;102;17;34;33;640;929
550;61,16;133,83;0,00;0,00;0,00;0,13;0,00;0,00;147;181;129;26;37;864;120
551;34,24;-176,46;0,00;0,00;0,00;-0,18;0,00;0,00;435;104;127;25;16;414;809
552;30,36;-141,40;0,00;0,00;0,00;-0,14;0,00;0,00;492;176;47;31;39;357;668
553;76,15;284,46;0,00;0,00;0,00;0,28;0,00;0,00;262;144;72;38;17;900;239
554;53,36;11,27;0,00;0,00;0,00;0,01;0,00;0,00;140;54;87;19;27;706;437
555;29,68;-320,42;0,00;0,00;0,00;-0,32;0,00;0,00;499;178;134;17;27;930;150
556;72,64;244,46;0,00;0,00;0,00;0,24;0,00;0,00;218;185;96;16;22;743;383
557;42,76;12,95;0,00;0,00;0,00;0,01;0,00;0,00;95;173;69;35;22;956;752
558;41,20;-46,04;0,00;0,00;0,00;-0,05;0,00;0,00;451;77;71;40;34;167;490
559;56,41;89,74;0,00;0,00;0,00;0,09;0,00;0,00;418;147;122;47;38;360;399
560;63,03;57,03;0,00;0,00;0,00;0,06;0,00;0,00;340;50;138;10;19;707;360
561;56,27;112,84;0,00;0,00;0,00;0,11;0,00;0,00;332;95;46;30;34;158;487
562;42,78;-26,29;0,00;0,00;0,00;-0,03;0,00;0,00;346;129;185;43;22;384;341
563;45,67;-18,35;0,00;0,00;0,00;-0,02;0,00;0,00;152;46;139;23;27;453;645
564;64,60;83,53;0,00;0,00;0,00;0,08;0,00;0,00;69;185;116;14;39;801;441
565;39,69;-102,32;0,00;0,00;0,00;-0,10;0,00;0,00;108;88;10;42;19;700;973
566;43,34;-78,11;0,00;0,00;0,00;-0,08;0,00;0,00;442;189;82;32;19;979;434
567;27,69;-146,41;0,00;0,00;0,00;-0,15;0,00;0,00;247;72;37;47;29;676;528
568;69,62;223,67;0,00;0,00;0,00;0,22;0,00;0,00;136;19;136;32;22;456;840
569;51,76;56,32;0,00;0,00;0,00;0,06;0,00;0,00;279;46;25;26;28;596;797
570;34,60;-164,52;0,00;0,00;0,00;-0,16;0,00;0,00;490;62;144;48;17;110;659
571;55,62;15,86;0,00;0,00;0,00;0,02;0,00;0,00;255;46;154;44;17;343;998
572;45,77;-37,90;0,00;0,00;0,00;-0,04;0,00;0,00;433;75;67;30;21;356;975
573;61,45;124,08;0,00;0,00;0,00;0,12;0,00;0,00;76;113;99;42;24;488;324
574;39,72;-110,90;0,00;0,00;0,00;-0,11;0,00;0,00;461;23;109;47;33;125;881
575;56,87;-38,32;0,00;0,00;0,00;-0,04;0,00;0,00;62;123;44;37;15;213;344
576;44,98;-79,23;0,00;0,00;0,00;-0,08;0,00;0,00;432;144;48;46;35;795;374
577;52,74;21,66;0,00;0,00;0,00;0,02;0,00;0,00;179;24;23;29;28;522;835
578;51,20;58,51;0,00;0,00;0,00;0,06;0,00;0,00;347;165;97;13;29;670;203
579;42,54;-61,54;0,00;0,00;0,00;-0,06;0,00;0,00;224;20;67;22;29;379;295
580;46,46;-56,49;0,00;0,00;0,00;-0,06;0,00;0,00;127;158;40;15;39;516;907
581;57,57;75,30;0,00;0,00;0,00;0,08;0,00;0,00;168;166;161;23;36;530;895
582;70,72;266,49;0,00;0,00;0,00;0,27;0,00;0,00;279;55;197;47;32;540;981
583;41,41;-41,32;0,00;0,00;0,00;-0,04;0,00;0,00;475;89;125;23;32;176;110
584;47,96;-21,40;0,00;0,00;0,00;-0,02;0,00;0,00;256;149;86;47;26;253;194
585;66,36;146,68;0,00;0,00;0,00;0,15;0,00;0,00;71;94;155;16;38;822;530
586;27,48;-185,79;0,00;0,00;0,00;-0,19;0,00;0,00;221;174;184;41;29;930;386
587;78,09;259,29;0,00;0,00;0,00;0,26;0,00;0,00;230;137;195;34;25;480;984
588;40,65;-106,19;0,00;0,00;0,00;-0,11;0,00;0,00;28;59;160;17;18;161;725
589;36,34;-78,95;0,00;0,00;0,00;-0,08;0,00;0,00;104;91;173;26;19;142;698
590;61,97;93,39;0,00;0,00;0,00;0,09;0,00;0,00;361;39;92;26;18;768;400
591;38,91;-138,56;0,00;0,00;0,00;-0,14;0,00;0,00;238;100;62;12;31;158;609
592;40,96;-231,21;0,00;0,00;0,00;-0,23;0,00;0,00;127;140;171;18;22;801;905
593;40,52;-64,17;0,00;0,00;0,00;-0,06;0,00;0,00;16;186;123;26;23;642;133
594;33,34;-239,70;0,00;0,00;0,00;-0,24;0,00;0,00;478;40;87;14;19;404;137
595;31,57;-207,47;0,00;0,00;0,00;-0,21;0,00;0,00;65;34;130;47;19;901;734
596;73,43;240,18;0,00;0,00;0,00;0,24;0,00;0,00;258;134;22;23;31;692;572
597;73,40;294,29;0,00;0,00;0,00;0,29;0,00;0,00;208;122;90;36;35;782;944
598;50,62;-49,91;0,00;0,00;0,00;-0,05;0,00;0,00;203;11;143;32;29;531;129
599;59,85;132,65;0,00;0,00;0,00;0,13;0,00;0,00;140;26;108;49;29;718;250
600;60,25;96,08;0,00;0,00;0,00;0,10;0,00;0,00;96;12;121;40;23;459;980
601;47,15;-41,43;0,00;0,00;0,00;-0,04;0,00;0,00;251;195;10;27;21;731;993
602;47,47;-74,91;0,00;0,00;0,00;-0,07;0,00;0,00;182;45;119;41;37;494;327
603;63,32;132,94;0,00;0,00;0,00;0,13;0,00;0,00;492;19;192;12;28;656;612
604;36,23;-56,85;0,00;0,00;0,00;-0,06;0,00;0,00;407;87;175;23;39;925;340
605;44,22;-66,38;0,00;0,00;0,00;-0,07;0,00;0,00;66;13;145;27;19;741;215
606;25,68;-205,04;0,00;0,00;0,00;-0,21;0,00;0,00;226;28;138;14;32;370;511
607;48,23;-6,40;0,00;0,00;0,00;-0,01;0,00;0,00;443;196;165;38;21;960;909
608;37,31;-131,63;0,00;0,00;0,00;-0,13;0,00;0,00;69;66;41;28;21;685;358
609;47,40;-132,20;0,00;0,00;0,00;-0,13;0,00;0,00;92;106;54;22;38;107;262
610;74,12;225,37;0,00;0,00;0,00;0,23;0,00;0,00;409;154;14;15;30;163;560
611;54,06;4,73;0,00;0,00;0,00;0,00;0,00;0,00;23;147;33;12;38;339;916
612;38,85;-134,69;0,00;0,00;0,00;-0,13;0,00;0,00;477;87;184;11;28;883;978
613;55,16;75,70;0,00;0,00;0,00;0,08;0,00;0,00;309;127;39;18;18;571;511
614;62,92;183,19;0,00;0,00;0,00;0,18;0,00;0,00;104;132;177;22;25;923;605
615;44,00;-37,88;0,00;0,00;0,00;-0,04;0,00;0,00;478;99;44;14;17;331;355
616;22,57;-303,36;0,00;0,00;0,00;-0,30;0,00;0,00;43;151;101;10;21;402;480
617;52,06;-43,69;0,00;0,00;0,00;-0,04;0,00;0,00;121;133;174;42;17;126;244
618;48,22;-50,21;0,00;0,00;0,00;-0,05;0,00;0,00;160;144;126;22;24;452;299
619;68,20;104,75;0,00;0,00;0,00;0,10;0,00;0,00;256;144;69;33;18;508;205
620;53,77;0,28;0,00;0,00;0,00;0,00;0,00;0,00;453;141;130;18;25;981;436
621;76,73;292,13;0,00;0,00;0,00;0,29;0,00;0,00;58;133;75;24;38;930;585
622;23,50;-163,83;0,00;0,00;0,00;-0,16;0,00;0,00;216;58;49;29;39;459;345
623;59,28;135,25;0,00;0,00;0,00;0,14;0,00;0,00;120;108;93;27;15;195;292
624;53,95;95,35;0,00;0,00;0,00;0,10;0,00;0,00;12;115;155;28;17;804;668
625;50,64;89,75;0,00;0,00;0,00;0,09;0,00;0,00;148;48;33;41;19;346;540
626;56,05;88,22;0,00;0,00;0,00;0,09;0,00;0,00;393;115;19;21;35;707;660
627;75,70;320,21;0,00;0,00;0,00;0,32;0,00;0,00;62;37;128;25;23;933;947
628;41,72;-77,08;0,00;0,00;0,00;-0,08;0,00;0,00;498;28;177;35;29;459;484
629;70,37;207,48;0,00;0,00;0,00;0,21;0,00;0,00;34;151;45;21;17;932;421
630;69,31;81,42;0,00;0,00;0,00;0,08;0,00;0,00;336;51;91;24;35;878;734
631;44,81;-58,24;0,00;0,00;0,00;-0,06;0,00;0,00;48;61;54;14;21;559;452
632;35,36;-118,05;0,00;0,00;0,00;-0,12;0,00;0,00;142;42;65;28;16;387;268
633;53,36;101,37;0,00;0,00;0,00;0,10;0,00;0,00;176;85;193;17;39;251;377
634;36,05;-195,19;0,00;0,00;0,00;-0,20;0,00;0,00;281;90;189;17;23;214;569
635;55,89;3,96;0,00;0,00;0,00;0,00;0,00;0,00;386;156;38;35;25;287;390
636;47,15;49,02;0,00;0,00;0,00;0,05;0,00;0,00;297;102;112;26;19;797;827
637;36,23;-70,74;0,00;0,00;0,00;-0,07;0,00;0,00;422;139;138;39;31;386;727
638;57,16;136,43;0,00;0,00;0,00;0,14;0,00;0,00;20;164;184;41;37;740;370
639;53,01;8,23;0,00;0,00;0,00;0,01;0,00;0,00;21;54;59;39;21;192;467
640;40,80;-21,36;0,00;0,00;0,00;-0,02;0,00;0,00;429;182;183;16;15;264;619
641;38,21;-147,30;0,00;0,00;0,00;-0,15;0,00;0,00;386;39;12;30;19;682;586
642;31,83;-171,37;0,00;0,00;0,00;-0,17;0,00;0,00;365;34;69;11;33;123;916
643;62,13;67,83;0,00;0,00;0,00;0,07;0,00;0,00;370;79;11;24;38;629;146
644;44,26;-89,33;0,00;0,00;0,00;-0,09;0,00;0,00;284;145;169;31;31;215;164
645;22,22;-299,76;0,00;0,00;0,00;-0,30;0,00;0,00;194;38;54;30;21;773;218
646;37,19;-100,52;0,00;0,00;0,00;-0,10;0,00;0,00;198;54;92;14;39;316;940
647;59,37;58,88;0,00;0,00;0,00;0,06;0,00;0,00;245;38;12;33;25;698;880
648;69,09;181,11;0,00;0,00;0,00;0,18;0,00;0,00;328;102;69;27;19;425;529
649;27,41;-117,88;0,00;0,00;0,00;-0,12;0,00;0,00;485;31;100;20;23;114;853
650;41,94;-99,86;0,00;0,00;0,00;-0,10;0,00;0,00;301;51;111;33;15;783;764
651;44,71;-61,21;0,00;0,00;0,00;-0,06;0,00;0,00;257;76;100;40;27;738;468
652;65,32;180,58;0,00;0,00;0,00;0,18;0,00;0,00;42;89;151;36;17;432;760
653;31,27;-88,08;0,00;0,00;0,00;-0,09;0,00;0,00;90;32;28;32;24;204;156
654;56,66;63,49;0,00;0,00;0,00;0,06;0,00;0,00;356;51;86;44;33;678;694
655;56,71;136,11;0,00;0,00;0,00;0,14;0,00;0,00;417;46;86;41;23;926;731
656;49,46;-28,38;0,00;0,00;0,00;-0,03;0,00;0,00;54;92;192;10;28;946;632
657;49,16;-41,10;0,00;0,00;0,00;-0,04;0,00;0,00;125;21;147;34;25;906;670
658;71,29;172,77;0,00;0,00;0,00;0,17;0,00;0,00;66;45;107;41;36;589;888
659;70,93;226,42;0,00;0,00;0,00;0,23;0,00;0,00;258;160;109;49;20;125;295
660;42,16;-144,99;0,00;0,00;0,00;-0,14;0,00;0,00;32;26;97;28;37;541;905
661;68,19;260,00;0,00;0,00;0,00;0,26;0,00;0,00;24;96;172;18;35;659;772
662;50,51;-6,82;0,00;0,00;0,00;-0,01;0,00;0,00;418;177;67;33;20;211;287
663;76,28;278,33;0,00;0,00;0,00;0,28;0,00;0,00;273;157;79;46;20;916;786
664;68,56;130,04;0,00;0,00;0,00;0,13;0,00;0,00;151;128;90;22;22;267;585
665;48,63;39,01;0,00;0,00;0,00;0,04;0,00;0,00;121;48;60;24;28;210;745
666;57,69;150,46;0,00;0,00;0,00;0,15;0,00;0,00;477;127;107;19;38;410;742
667;67,90;279,12;0,00;0,00;0,00;0,28;0,00;0,00;478;196;80;49;32;198;971
668;52,40;-56,19;0,00;0,00;0,00;-0,06;0,00;0,00;326;83;33;46;24;686;695
669;29,99;-157,46;0,00;0,00;0,00;-0,16;0,00;0,00;239;58;92;27;16;242;498
670;55,59;-16,04;0,00;0,00;0,00;-0,02;0,00;0,00;244;13;43;13;20;838;437
671;40,53;-82,64;0,00;0,00;0,00;-0,08;0,00;0,00;14;159;171;17;24;745;996
672;33,13;-198,57;0,00;0,00;0,00;-0,20;0,00;0,00;366;106;118;13;34;870;331
673;43,57;-20,44;0,00;0,00;0,00;-0,02;0,00;0,00;283;21;111;18;17;711;775
674;42,14;-61,46;0,00;0,00;0,00;-0,06;0,00;0,00;301;48;130;35;39;968;127
675;19,01;-351,54;0,00;0,00;0,00;-0,35;0,00;0,00;196;133;135;37;37;236;479
676;59,26;95,32;0,00;0,00;0,00;0,10;0,00;0,00;89;144;13;41;22;438;982
677;68,27;258,93;0,00;0,00;0,00;0,26;0,00;0,00;421;120;179;33;36;984;615
678;53,25;6,43;0,00;0,00;0,00;0,01;0,00;0,00;423;142;20;39;32;966;509
679;71,27;258,06;0,00;0,00;0,00;0,26;0,00;0,00;411;115;157;49;27;694;550
680;58,65;29,47;0,00;0,00;0,00;0,03;0,00;0,00;100;58;98;34;25;708;654
681;64,30;155,29;0,00;0,00;0,00;0,16;0,00;0,00;85;113;126;28;27;472;467
682;46,65;-20,10;0,00;0,00;0,00;-0,02;0,00;0,00;180;43;163;40;31;449;453
683;59,15;30,10;0,00;0,00;0,00;0,03;0,00;0,00;106;133;95;17;34;313;383
684;44,14;-43,45;0,00;0,00;0,00;-0,04;0,00;0,00;387;80;131;32;16;799;262
685;43,82;-41,84;0,00;0,00;0,00;-0,04;0,00;0,00;150;166;179;41;16;751;252
686;58,89;54,43;0,00;0,00;0,00;0,05;0,00;0,00;25;179;96;40;36;794;757
687;53,40;92,00;0,00;0,00;0,00;0,09;0,00;0,00;214;62;62;18;35;991;521
688;26,27;-256,42;0,00;0,00;0,00;-0,26;0,00;0,00;62;186;171;16;28;423;586
689;41,85;-25,67;0,00;0,00;0,00;-0,03;0,00;0,00;69;72;56;38;18;427;707
690;36,73;-153,18;0,00;0,00;0,00;-0,15;0,00;0,00;86;114;139;36;29;700;729
691;50,17;-25,73;0,00;0,00;0,00;-0,03;0,00;0,00;142;79;187;23;38;863;596
692;64,49;169,31;0,00;0,00;0,00;0,17;0,00;0,00;83;60;32;39;22;553;158
693;75,79;173,07;0,00;0,00;0,00;0,17;0,00;0,00;405;37;44;24;37;788;238
694;57,74;106,82;0,00;0,00;0,00;0,11;0,00;0,00;307;51;191;24;16;290;419
695;39,78;-146,56;0,00;0,00;0,00;-0,15;0,00;0,00;204;123;75;49;39;185;202
696;51,08;-9,82;0,00;0,00;0,00;-0,01;0,00;0,00;394;10;171;10;33;873;650
697;61,38;172,62;0,00;0,00;0,00;0,17;0,00;0,00;396;66;111;16;39;118;687
698;36,68;-162,71;0,00;0,00;0,00;-0,16;0,00;0,00;495;32;92;20;17;338;643
699;58,53;117,80;0,00;0,00;0,00;0,12;0,00;0,00;448;94;98;44;16;462;785
700;56,30;43,67;0,00;0,00;0,00;0,04;0,00;0,00;248;43;141;30;23;803;129
701;44,45;-94,64;0,00;0,00;0,00;-0,09;0,00;0,00;82;95;157;48;18;950;343
702;44,04;-2,29;0,00;0,00;0,00;-0,00;0,00;0,00;19;71;10;37;18;961;857
703;45,11;-31,95;0,00;0,00;0,00;-0,03;0,00;0,00;453;42;41;30;29;463;318
704;45,80;-82,16;0,00;0,00;0,00;-0,08;0,00;0,00;344;137;105;34;24;499;951
705;29,10;-231,99;0,00;0,00;0,00;-0,23;0,00;0,00;396;17;131;15;28;237;580
706;52,90;-13,48;0,00;0,00;0,00;-0,01;0,00;0,00;112;103;34;46;23;648;143
707;66,33;128,79;0,00;0,00;0,00;0,13;0,00;0,00;136;152;107;37;15;449;181
708;22,12;-226,86;0,00;0,00;0,00;-0,23;0,00;0,00;392;197;101;30;25;926;404
709;54,28;66,71;0,00;0,00;0,00;0,07;0,00;0,00;346;151;139;44;35;264;755
710;54,85;7,70;0,00;0,00;0,00;0,01;0,00;0,00;417;177;74;29;25;497;447
711;20,57;-321,00;0,00;0,00;0,00;-0,32;0,00;0,00;34;176;107;17;38;517;412
712;56,25;201,19;0,00;0,00;0,00;0,20;0,00;0,00;255;69;50;36;20;267;281
713;39,02;-157,32;0,00;0,00;0,00;-0,16;0,00;0,00;429;84;21;37;26;400;313
714;37,76;-193,00;0,00;0,00;0,00;-0,19;0,00;0,00;64;25;126;26;27;954;399
715;69,09;187,65;0,00;0,00;0,00;0,19;0,00;0,00;239;176;72;17;29;175;305
716;38,13;-141,00;0,00;0,00;0,00;-0,14;0,00;0,00;182;117;147;24;23;829;402
717;50,86;-32,41;0,00;0,00;0,00;-0,03;0,00;0,00;242;108;158;14;21;851;914
718;44,00;-43,44;0,00;0,00;0,00;-0,04;0,00;0,00;18;172;87;15;38;101;719
719;36,78;-122,62;0,00;0,00;0,00;-0,12;0,00;0,00;345;107;96;42;34;140;877
720;55,25;68,96;0,00;0,00;0,00;0,07;0,00;0,00;496;75;42;38;39;519;755
721;54,64;85,77;0,00;0,00;0,00;0,09;0,00;0,00;457;100;72;12;15;397;770
722;75,40;319,67;0,00;0,00;0,00;0,32;0,00;0,00;375;171;157;38;33;381;742
723;51,65;31,74;0,00;0,00;0,00;0,03;0,00;0,00;419;14;54;18;37;479;166
724;68,83;178,93;0,00;0,00;0,00;0,18;0,00;0,00;64;139;28;43;38;865;551
725;84,02;334,93;0,00;0,00;0,00;0,33;0,00;0,00;163;52;131;11;20;261;244
726;43,77;-61,03;0,00;0,00;0,00;-0,06;0,00;0,00;66;115;166;29;35;515;719
727;33,23;-110,69;0,00;0,00;0,00;-0,11;0,00;0,00;274;152;106;32;18;385;479
728;58,97;86,34;0,00;0,00;0,00;0,09;0,00;0,00;492;113;149;25;18;944;614
729;52,84;80,14;0,00;0,00;0,00;0,08;0,00;0,00;161;34;156;22;20;751;465
730;42,87;5,36;0,00;0,00;0,00;0,01;0,00;0,00;93;34;123;33;22;478;216
731;68,53;197,85;0,00;0,00;0,00;0,20;0,00;0,00;245;54;88;34;20;863;129
732;68,07;185,73;0,00;0,00;0,00;0,19;0,00;0,00;243;178;74;38;36;689;586
733;8,07;-410,91;0,00;0,00;0,00;-0,41;0,00;0,00;478;112;144;27;29;432;761
734;37,02;-106,97;0,00;0,00;0,00;-0,11;0,00;0,00;188;73;160;22;26;799;779
735;29,84;-213,27;0,00;0,00;0,00;-0,21;0,00;0,00;300;60;18;20;23;211;179
736;45,33;-31,84;0,00;0,00;0,00;-0,03;0,00;0,00;483;83;16;42;29;894;928
737;69,51;208,85;0,00;0,00;0,00;0,21;0,00;0,00;268;116;114;39;39;905;730
738;40,64;-47,14;0,00;0,00;0,00;-0,05;0,00;0,00;306;91;56;47;21;928;973
739;64,90;112,17;0,00;0,00;0,00;0,11;0,00;0,00;45;96;178;23;33;402;560
740;17,62;-460,57;0,00;0,00;0,00;-0,46;0,00;0,00;201;120;186;44;28;996;802
741;55,10;3,73;0,00;0,00;0,00;0,00;0,00;0,00;395;25;147;12;35;633;448
742;42,62;-83,32;0,00;0,00;0,00;-0,08;0,00;0,00;228;128;157;49;28;723;773
743;65,28;153,14;0,00;0,00;0,00;0,15;0,00;0,00;74;158;21;47;34;545;978
744;50,31;-37,32;0,00;0,00;0,00;-0,04;0,00;0,00;346;75;197;49;30;743;468
745;64,38;132,65;0,00;0,00;0,00;0,13;0,00;0,00;300;50;116;28;33;181;473
746;45,06;-21,25;0,00;0,00;0,00;-0,02;0,00;0,00;262;90;176;35;26;468;122
747;54,14;37,33;0,00;0,00;0,00;0,04;0,00;0,00;242;12;58;32;19;251;418
748;31,32;-225,12;0,00;0,00;0,00;-0,23;0,00;0,00;390;122;148;17;15;727;874
749;38,70;-222,13;0,00;0,00;0,00;-0,22;0,00;0,00;219;149;30;38;25;266;594
750;25,06;-272,03;0,00;0,00;0,00;-0,27;0,00;0,00;425;113;74;13;25;684;328
751;46,74;53,83;0,00;0,00;0,00;0,05;0,00;0,00;173;48;130;36;33;886;152
752;42,55;-38,84;0,00;0,00;0,00;-0,04;0,00;0,00;90;84;67;32;29;561;606
753;66,27;189,48;0,00;0,00;0,00;0,19;0,00;0,00;351;169;93;19;25;911;904
754;55,41;21,98;0,00;0,00;0,00;0,02;0,00;0,00;383;14;134;48;30;856;463
755;30,06;-208,29;0,00;0,00;0,00;-0,21;0,00;0,00;252;55;34;14;18;481;883
756;38,64;-97,39;0,00;0,00;0,00;-0,10;0,00;0,00;391;98;138;24;27;526;513
757;31,44;-187,89;0,00;0,00;0,00;-0,19;0,00;0,00;206;44;113;25;25;811;173
758;52,67;67,08;0,00;0,00;0,00;0,07;0,00;0,00;497;75;38;39;27;667;793
759;40,85;-65,28;0,00;0,00;0,00;-0,07;0,00;0,00;198;117;156;10;39;545;969
760;35,13;-130,93;0,00;0,00;0,00;-0,13;0,00;0,00;197;185;49;23;23;204;531
761;47,92;-64,58;0,00;0,00;0,00;-0,06;0,00;0,00;73;191;44;16;35;987;625
762;41,37;-82,93;0,00;0,00;0,00;-0,08;0,00;0,00;96;146;109;12;32;545;623
763;63,81;181,64;0,00;0,00;0,00;0,18;0,00;0,00;116;141;128;26;28;933;577
764;25,64;-304,16;0,00;0,00;0,00;-0,30;0,00;0,00;397;109;87;16;30;585;924
765;49,97;-42,05;0,00;0,00;0,00;-0,04;0,00;0,00;380;197;195;20;30;490;286
766;73,59;186,49;0,00;0,00;0,00;0,19;0,00;0,00;254;157;13;11;39;965;211
767;34,19;-175,87;0,00;0,00;0,00;-0,18;0,00;0,00;55;74;103;48;33;452;827
768;80,14;331,02;0,00;0,00;0,00;0,33;0,00;0,00;407;19;108;29;35;845;119
769;36,96;-114,32;0,00;0,00;0,00;-0,11;0,00;0,00;107;148;163;28;15;421;622
770;48,68;6,49;0,00;0,00;0,00;0,01;0,00;0,00;153;142;198;36;29;585;594
771;84,85;352,23;0,00;0,00;0,00;0,35;0,00;0,00;93;80;103;36;27;524;420
772;34,80;-140,56;0,00;0,00;0,00;-0,14;0,00;0,00;174;123;179;18;37;223;632
773;64,66;181,50;0,00;0,00;0,00;0,18;0,00;0,00;38;196;140;36;32;579;171
774;61,22;83,21;0,00;0,00;0,00;0,08;0,00;0,00;53;107;70;42;30;113;297
775;24,81;-211,44;0,00;0,00;0,00;-0,21;0,00;0,00;166;80;102;48;18;429;917
776;46,50;-30,62;0,00;0,00;0,00;-0,03;0,00;0,00;156;146;66;37;30;193;344
777;73,12;189,33;0,00;0,00;0,00;0,19;0,00;0,00;485;191;143;18;19;303;403
778;63,52;114,52;0,00;0,00;0,00;0,11;0,00;0,00;37;154;84;43;17;418;128
779;73,81;242,82;0,00;0,00;0,00;0,24;0,00;0,00;465;10;142;22;34;229;314
780;27,96;-186,41;0,00;0,00;0,00;-0,19;0,00;0,00;249;141;112;38;38;741;579
781;42,20;-144,58;0,00;0,00;0,00;-0,14;0,00;0,00;103;82;73;20;38;422;970
782;68,19;115,13;0,00;0,00;0,00;0,12;0,00;0,00;14;122;48;18;31;317;569
783;56,05;-6,54;0,00;0,00;0,00;-0,01;0,00;0,00;315;161;45;40;33;357;959
784;22,65;-261,56;0,00;0,00;0,00;-0,26;0,00;0,00;153;184;181;19;21;817;781
785;54,09;16,49;0,00;0,00;0,00;0,02;0,00;0,00;233;188;53;22;22;500;456
786;26,41;-329,27;0,00;0,00;0,00;-0,33;0,00;0,00;387;94;186;35;36;480;892
787;73,51;112,23;0,00;0,00;0,00;0,11;0,00;0,00;101;136;29;43;24;683;127
788;48,48;66,84;0,00;0,00;0,00;0,07;0,00;0,00;177;20;88;22;32;973;986
789;66,48;182,80;0,00;0,00;0,00;0,18;0,00;0,00;415;189;51;32;25;698;384
790;44,68;-30,14;0,00;0,00;0,00;-0,03;0,00;0,00;152;33;56;29;16;774;119
791;67,51;201,45;0,00;0,00;0,00;0,20;0,00;0,00;243;32;147;28;33;544;889
792;71,44;172,46;0,00;0,00;0,00;0,17;0,00;0,00;259;38;167;18;24;108;187
793;65,68;98,91;0,00;0,00;0,00;0,10;0,00;0,00;388;193;87;28;23;707;501
794;34,23;-181,17;0,00;0,00;0,00;-0,18;0,00;0,00;60;99;140;45;23;729;702
795;52,48;12,24;0,00;0,00;0,00;0,01;0,00;0,00;213;57;23;27;21;946;305
796;72,64;184,29;0,00;0,00;0,00;0,18;0,00;0,00;125;108;24;40;39;505;935
797;42,47;4,94;0,00;0,00;0,00;0,00;0,00;0,00;494;110;97;32;21;456;266
798;49,60;-18,03;0,00;0,00;0,00;-0,02;0,00;0,00;47;26;165;12;20;589;557
799;34,93;-174,55;0,00;0,00;0,00;-0,17;0,00;0,00;324;43;67;21;15;685;336
800;11,63;-399,43;0,00;0,00;0,00;-0,40;0,00;0,00;205;67;122;47;18;692;737
801;65,00;150,72;0,00;0,00;0,00;0,15;0,00;0,00;373;198;29;40;29;473;191
802;67,81;160,27;0,00;0,00;0,00;0,16;0,00;0,00;205;138;146;49;29;288;234
803;66,69;164,70;0,00;0,00;0,00;0,16;0,00;0,00;122;80;104;19;19;250;277
804;68,78;215,09;0,00;0,00;0,00;0,22;0,00;0,00;419;199;162;29;24;949;250
805;67,05;272,33;0,00;0,00;0,00;0,27;0,00;0,00;467;61;192;10;34;337;491
806;26,09;-179,04;0,00;0,00;0,00;-0,18;0,00;0,00;399;70;76;45;37;590;951
807;8,46;-400,25;0,00;0,00;0,00;-0,40;0,00;0,00;161;41;31;29;32;321;200
808;0,00;-535,54;0,00;0,00;0,00;-0,54;0,00;0,00;185;195;38;23;20;332;382
809;49,46;160,07;0,00;0,00;0,00;0,16;0,00;0,00;276;19;110;31;23;629;129
810;58,60;69,24;0,00;0,00;0,00;0,07;0,00;0,00;32;126;101;30;16;720;970
811;60,12;99,61;0,00;0,00;0,00;0,10;0,00;0,00;287;107;125;29;27;789;962
812;41,70;-87,76;0,00;0,00;0,00;-0,09;0,00;0,00;450;71;88;21;20;613;466
813;67,73;171,68;0,00;0,00;0,00;0,17;0,00;0,00;413;85;86;25;29;179;356
814;33,81;-236,06;0,00;0,00;0,00;-0,24;0,00;0,00;25;183;71;23;26;296;533
815;43,66;-80,48;0,00;0,00;0,00;-0,08;0,00;0,00;499;56;151;40;20;295;884
816;45,15;16,35;0,00;0,00;0,00;0,02;0,00;0,00;118;19;176;48;34;534;861
817;58,00;120,19;0,00;0,00;0,00;0,12;0,00;0,00;441;44;96;25;19;307;380
818;33,56;-161,66;0,00;0,00;0,00;-0,16;0,00;0,00;87;95;126;20;33;185;314
819;41,01;-44,01;0,00;0,00;0,00;-0,04;0,00;0,00;428;171;67;35;16;582;382
820;38,69;-86,37;0,00;0,00;0,00;-0,09;0,00;0,00;304;148;128;19;27;439;822
821;30,54;-252,47;0,00;0,00;0,00;-0,25;0,00;0,00;29;157;140;19;15;160;530
822;50,84;24,79;0,00;0,00;0,00;0,02;0,00;0,00;97;51;15;47;31;999;457
823;49,15;30,09;0,00;0,00;0,00;0,03;0,00;0,00;92;164;90;39;39;760;701
824;21,10;-330,21;0,00;0,00;0,00;-0,33;0,00;0,00;466;57;182;38;22;690;911
825;17,46;-326,27;0,00;0,00;0,00;-0,33;0,00;0,00;480;76;49;14;17;319;476
826;22,67;-312,40;0,00;0,00;0,00;-0,31;0,00;0,00;288;56;121;31;29;781;924
827;37,87;-33,48;0,00;0,00;0,00;-0,03;0,00;0,00;235;33;158;43;23;586;107
828;75,81;255,37;0,00;0,00;0,00;0,26;0,00;0,00;323;100;20;30;20;189;168
829;30,71;-164,36;0,00;0,00;0,00;-0,16;0,00;0,00;320;24;93;45;37;487;920
830;57,16;50,99;0,00;0,00;0,00;0,05;0,00;0,00;316;147;44;22;25;482;653
831;65,71;145,43;0,00;0,00;0,00;0,15;0,00;0,00;456;111;132;42;32;133;766
832;59,28;104,70;0,00;0,00;0,00;0,10;0,00;0,00;364;164;50;12;32;754;286
833;60,61;108,70;0,00;0,00;0,00;0,11;0,00;0,00;211;57;25;15;37;877;652
834;46,64;-42,84;0,00;0,00;0,00;-0,04;0,00;0,00;132;161;59;25;20;858;928
835;21,99;-250,42;0,00;0,00;0,00;-0,25;0,00;0,00;303;163;54;48;26;533;767
836;37,33;-150,43;0,00;0,00;0,00;-0,15;0,00;0,00;91;66;44;23;34;956;409
837;40,30;-95,91;0,00;0,00;0,00;-0,10;0,00;0,00;342;174;85;49;31;935;520
838;50,16;35,61;0,00;0,00;0,00;0,04;0,00;0,00;184;111;152;16;38;673;825
839;66,50;221,91;0,00;0,00;0,00;0,22;0,00;0,00;125;155;147;16;38;486;184
840;45,99;-50,15;0,00;0,00;0,00;-0,05;0,00;0,00;383;199;155;17;16;515;481
841;54,10;-32,45;0,00;0,00;0,00;-0,03;0,00;0,00;117;13;24;34;16;285;447
842;31,93;-147,28;0,00;0,00;0,00;-0,15;0,00;0,00;250;43;72;13;37;898;557
843;9,64;-451,44;0,00;0,00;0,00;-0,45;0,00;0,00;342;181;31;29;29;618;438
844;39,11;-136,65;0,00;0,00;0,00;-0,14;0,00;0,00;139;150;125;14;22;314;944
845;34,60;-74,28;0,00;0,00;0,00;-0,07;0,00;0,00;167;107;49;40;22;394;974
846;29,91;-190,18;0,00;0,00;0,00;-0,19;0,00;0,00;84;131;99;20;18;349;936
847;53,00;26,65;0,00;0,00;0,00;0,03;0,00;0,00;461;38;186;22;36;242;828
848;44,79;-61,48;0,00;0,00;0,00;-0,06;0,00;0,00;403;40;137;32;19;740;148
849;61,58;69,05;0,00;0,00;0,00;0,07;0,00;0,00;149;65;127;30;27;977;951
850;66,73;94,22;0,00;0,00;0,00;0,09;0,00;0,00;232;166;197;24;21;575;532
851;49,65;40,89;0,00;0,00;0,00;0,04;0,00;0,00;472;75;38;28;20;356;431
852;60,19;51,57;0,00;0,00;0,00;0,05;0,00;0,00;339;171;137;48;18;446;232
853;31,42;-189,04;0,00;0,00;0,00;-0,19;0,00;0,00;35;176;112;13;31;827;573
854;35,26;-178,15;0,00;0,00;0,00;-0,18;0,00;0,00;24;28;140;25;22;668;208
855;54,34;80,08;0,00;0,00;0,00;0,08;0,00;0,00;128;89;88;49;32;481;115
856;42,92;-27,74;0,00;0,00;0,00;-0,03;0,00;0,00;404;118;29;47;36;280;595
857;55,78;40,45;0,00;0,00;0,00;0,04;0,00;0,00;357;88;20;35;15;117;379
858;35,89;-121,22;0,00;0,00;0,00;-0,12;0,00;0,00;122;16;17;18;34;146;669
859;69,81;209,77;0,00;0,00;0,00;0,21;0,00;0,00;270;134;138;24;15;170;252
860;52,92;70,37;0,00;0,00;0,00;0,07;0,00;0,00;478;103;115;15;20;882;573
861;57,02;115,74;0,00;0,00;0,00;0,12;0,00;0,00;183;91;106;17;24;163;905
862;68,98;269,64;0,00;0,00;0,00;0,27;0,00;0,00;247;145;20;38;17;160;956
863;28,45;-300,41;0,00;0,00;0,00;-0,30;0,00;0,00;301;61;170;24;33;278;973
864;55,98;38,22;0,00;0,00;0,00;0,04;0,00;0,00;482;15;22;31;31;286;794
865;51,74;90,74;0,00;0,00;0,00;0,09;0,00;0,00;35;48;104;26;31;113;127
866;20,04;-353,65;0,00;0,00;0,00;-0,35;0,00;0,00;354;151;96;29;18;545;738
867;43,92;-61,54;0,00;0,00;0,00;-0,06;0,00;0,00;359;185;46;18;30;368;781
868;28,18;-218,12;0,00;0,00;0,00;-0,22;0,00;0,00;91;169;168;19;37;598;945
869;52,79;-34,06;0,00;0,00;0,00;-0,03;0,00;0,00;179;46;76;45;37;533;972
870;36,72;-160,01;0,00;0,00;0,00;-0,16;0,00;0,00;310;121;60;29;22;494;433
871;49,69;18,54;0,00;0,00;0,00;0,02;0,00;0,00;119;63;38;10;20;299;554
872;58,19;189,03;0,00;0,00;0,00;0,19;0,00;0,00;72;136;10;19;37;927;383
873;71,94;264,13;0,00;0,00;0,00;0,26;0,00;0,00;88;199;51;18;36;383;825
874;52,40;55,70;0,00;0,00;0,00;0,06;0,00;0,00;39;32;171;45;30;298;316
875;48,49;14,64;0,00;0,00;0,00;0,01;0,00;0,00;255;109;130;13;15;624;727
876;55,85;74,69;0,00;0,00;0,00;0,07;0,00;0,00;281;136;65;46;34;784;242
877;35,69;-169,92;0,00;0,00;0,00;-0,17;0,00;0,00;159;162;73;48;15;306;294
878;81,32;337,12;0,00;0,00;0,00;0,34;0,00;0,00;208;50;45;13;21;893;438
879;58,19;23,25;0,00;0,00;0,00;0,02;0,00;0,00;483;181;151;17;23;183;607
880;79,47;312,22;0,00;0,00;0,00;0,31;0,00;0,00;273;182;190;11;19;992;558
881;48,85;-38,36;0,00;0,00;0,00;-0,04;0,00;0,00;284;91;116;43;25;160;810
882;37,40;-167,50;0,00;0,00;0,00;-0,17;0,00;0,00;333;191;48;22;39;722;335
883;32,35;-247,10;0,00;0,00;0,00;-0,25;0,00;0,00;301;83;58;16;26;299;971
884;57,21;124,57;0,00;0,00;0,00;0,12;0,00;0,00;185;192;120;40;23;525;605
885;38,58;-158,42;0,00;0,00;0,00;-0,16;0,00;0,00;246;84;24;13;35;212;858
886;58,72;88,92;0,00;0,00;0,00;0,09;0,00;0,00;274;54;184;16;38;852;919
887;32,35;-214,24;0,00;0,00;0,00;-0,21;0,00;0,00;480;150;196;40;19;660;841
888;42,47;-97,78;0,00;0,00;0,00;-0,10;0,00;0,00;134;78;37;35;27;901;648
889;69,14;286,55;0,00;0,00;0,00;0,29;0,00;0,00;124;54;48;37;35;466;384
890;73,68;241,35;0,00;0,00;0,00;0,24;0,00;0,00;244;121;108;13;32;312;629
891;46,99;-16,55;0,00;0,00;0,00;-0,02;0,00;0,00;434;64;82;48;32;580;864
892;39,64;-133,36;0,00;0,00;0,00;-0,13;0,00;0,00;187;109;96;36;29;185;539
893;66,09;185,68;0,00;0,00;0,00;0,19;0,00;0,00;188;77;13;44;35;188;606
894;52,32;97,94;0,00;0,00;0,00;0,10;0,00;0,00;446;68;171;15;35;511;402
895;29,10;-205,01;0,00;0,00;0,00;-0,21;0,00;0,00;278;18;151;44;35;895;490
896;44,24;-98,91;0,00;0,00;0,00;-0,10;0,00;0,00;171;25;169;35;17;389;784
897;49,18;51,55;0,00;0,00;0,00;0,05;0,00;0,00;263;71;94;21;18;422;355
898;43,61;-9,50;0,00;0,00;0,00;-0,01;0,00;0,00;197;91;111;29;33;640;859
899;60,96;38,67;0,00;0,00;0,00;0,04;0,00;0,00;298;198;64;38;25;979;543
900;67,15;196,02;0,00;0,00;0,00;0,20;0,00;0,00;280;112;112;34;24;109;831
901;28,51;-169,83;0,00;0,00;0,00;-0,17;0,00;0,00;362;170;93;44;32;408;284
902;68,26;233,92;0,00;0,00;0,00;0,23;0,00;0,00;52;75;187;29;35;200;407
903;80,55;323,16;0,00;0,00;0,00;0,32;0,00;0,00;55;88;60;19;19;709;949
904;41,04;-207,60;0,00;0,00;0,00;-0,21;0,00;0,00;472;76;141;42;19;669;140
905;45,50;-40,02;0,00;0,00;0,00;-0,04;0,00;0,00;124;156;193;45;26;199;774
906;57,01;27,08;0,00;0,00;0,00;0,03;0,00;0,00;296;160;15;17;16;876;578
907;55,24;85,75;0,00;0,00;0,00;0,09;0,00;0,00;294;125;87;12;16;661;746
908;25,55;-215,01;0,00;0,00;0,00;-0,22;0,00;0,00;466;179;24;17;39;430;504
909;54,75;-41,42;0,00;0,00;0,00;-0,04;0,00;0,00;439;140;122;47;17;455;650
910;56,06;-1,59;0,00;0,00;0,00;-0,00;0,00;0,00;154;69;125;15;35;651;629
911;66,28;197,76;0,00;0,00;0,00;0,20;0,00;0,00;54;49;77;24;36;260;650
912;50,76;44,32;0,00;0,00;0,00;0,04;0,00;0,00;161;113;45;46;30;736;505
913;76,38;183,24;0,00;0,00;0,00;0,18;0,00;0,00;228;162;56;43;28;122;889
914;27,09;-259,92;0,00;0,00;0,00;-0,26;0,00;0,00;176;120;194;35;37;278;401
915;47,02;-46,94;0,00;0,00;0,00;-0,05;0,00;0,00;188;149;166;26;38;512;271
916;61,37;-1,49;0,00;0,00;0,00;-0,00;0,00;0,00;241;67;68;33;21;696;715
917;47,07;-59,02;0,00;0,00;0,00;-0,06;0,00;0,00;382;152;139;10;26;541;796
918;54,48;95,53;0,00;0,00;0,00;0,10;0,00;0,00;261;175;181;19;33;989;924
919;63,14;101,94;0,00;0,00;0,00;0,10;0,00;0,00;88;79;82;23;37;531;469
920;39,21;-120,38;0,00;0,00;0,00;-0,12;0,00;0,00;239;126;155;35;21;942;336
921;49,48;-10,53;0,00;0,00;0,00;-0,01;0,00;0,00;296;94;168;38;34;916;377
922;41,64;-54,84;0,00;0,00;0,00;-0,05;0,00;0,00;27;10;144;43;24;885;837
923;13,37;-327,19;0,00;0,00;0,00;-0,33;0,00;0,00;265;41;94;46;17;701;427
924;29,07;-179,80;0,00;0,00;0,00;-0,18;0,00;0,00;460;102;154;25;17;199;197
925;57,69;90,89;0,00;0,00;0,00;0,09;0,00;0,00;116;127;144;27;15;322;327
926;74,67;248,41;0,00;0,00;0,00;0,25;0,00;0,00;209;49;123;27;23;191;354
927;42,26;-97,81;0,00;0,00;0,00;-0,10;0,00;0,00;498;76;135;42;23;866;779
928;47,23;38,01;0,00;0,00;0,00;0,04;0,00;0,00;235;59;81;44;30;360;228
929;64,86;147,96;0,00;0,00;0,00;0,15;0,00;0,00;371;194;117;22;39;221;919
930;54,87;52,19;0,00;0,00;0,00;0,05;0,00;0,00;392;178;134;38;26;979;906
931;53,14;1,72;0,00;0,00;0,00;0,00;0,00;0,00;144;46;13;32;37;603;730
932;59,40;37,86;0,00;0,00;0,00;0,04;0,00;0,00;172;116;11;17;34;677;256
933;57,85;-2,06;0,00;0,00;0,00;-0,00;0,00;0,00;340;57;161;28;39;618;286
934;38,54;-101,12;0,00;0,00;0,00;-0,10;0,00;0,00;292;151;166;21;20;292;385
935;39,17;-157,80;0,00;0,00;0,00;-0,16;0,00;0,00;80;133;63;19;29;967;352
936;39,06;28,73;0,00;0,00;0,00;0,03;0,00;0,00;491;80;52;35;21;665;235
937;48,75;-91,88;0,00;0,00;0,00;-0,09;0,00;0,00;64;163;109;32;36;881;903
938;61,22;74,71;0,00;0,00;0,00;0,07;0,00;0,00;322;80;193;21;25;410;935
939;48,43;-13,11;0,00;0,00;0,00;-0,01;0,00;0,00;104;165;192;26;15;253;211
940;67,80;225,19;0,00;0,00;0,00;0,23;0,00;0,00;21;71;141;41;26;623;582
941;35,48;-98,81;0,00;0,00;0,00;-0,10;0,00;0,00;455;165;159;29;18;878;898
942;66,64;125,06;0,00;0,00;0,00;0,13;0,00;0,00;98;135;164;17;31;327;168
943;45,03;-88,21;0,00;0,00;0,00;-0,09;0,00;0,00;107;185;26;22;35;806;726
944;54,87;19,64;0,00;0,00;0,00;0,02;0,00;0,00;136;54;127;21;34;952;182
945;19,59;-324,55;0,00;0,00;0,00;-0,32;0,00;0,00;456;147;153;49;34;576;450
946;54,94;67,21;0,00;0,00;0,00;0,07;0,00;0,00;167;34;123;35;22;384;573
947;38,59;-55,42;0,00;0,00;0,00;-0,06;0,00;0,00;137;156;14;44;34;825;961
948;32,69;-162,45;0,00;0,00;0,00;-0,16;0,00;0,00;163;44;10;45;23;110;550
949;81,64;361,80;0,00;0,00;0,00;0,36;0,00;0,00;331;165;141;39;24;182;783
950;43,53;-118,96;0,00;0,00;0,00;-0,12;0,00;0,00;351;149;136;16;25;164;728
951;51,01;41,74;0,00;0,00;0,00;0,04;0,00;0,00;241;99;116;30;30;165;598
952;69,60;155,99;0,00;0,00;0,00;0,16;0,00;0,00;413;103;95;33;32;268;539
953;77,22;199,96;0,00;0,00;0,00;0,20;0,00;0,00;409;91;67;35;36;675;235
954;31,73;-114,04;0,00;0,00;0,00;-0,11;0,00;0,00;35;139;110;36;22;916;179
955;47,04;-41,87;0,00;0,00;0,00;-0,04;0,00;0,00;465;107;63;43;25;120;947
956;42,76;-87,92;0,00;0,00;0,00;-0,09;0,00;0,00;76;47;48;34;17;589;809
957;42,56;-79,27;0,00;0,00;0,00;-0,08;0,00;0,00;139;190;116;25;20;687;888
958;60,47;127,71;0,00;0,00;0,00;0,13;0,00;0,00;278;123;20;49;26;369;279
959;70,69;153,44;0,00;0,00;0,00;0,15;0,00;0,00;225;16;93;49;30;939;516
960;61,61;43,88;0,00;0,00;0,00;0,04;0,00;0,00;200;58;33;45;32;350;235
961;48,11;-31,69;0,00;0,00;0,00;-0,03;0,00;0,00;487;199;30;18;36;673;898
962;61,93;156,31;0,00;0,00;0,00;0,16;0,00;0,00;191;120;198;33;27;805;156
963;53,80;53,39;0,00;0,00;0,00;0,05;0,00;0,00;346;109;113;26;38;206;805
964;49,40;32,60;0,00;0,00;0,00;0,03;0,00;0,00;384;182;113;25;32;616;745
965;54,69;-3,65;0,00;0,00;0,00;-0,00;0,00;0,00;198;187;136;49;34;605;777
966;40,76;-147,03;0,00;0,00;0,00;-0,15;0,00;0,00;165;180;61;29;19;220;283
967;45,54;-68,32;0,00;0,00;0,00;-0,07;0,00;0,00;341;15;59;26;29;628;698
968;48,13;56,17;0,00;0,00;0,00;0,06;0,00;0,00;343;87;25;22;20;841;271
969;41,61;6,23;0,00;0,00;0,00;0,01;0,00;0,00;217;101;157;30;29;144;667
970;38,38;-110,47;0,00;0,00;0,00;-0,11;0,00;0,00;425;117;83;27;16;820;990
971;30,19;-173,92;0,00;0,00;0,00;-0,17;0,00;0,00;225;110;146;22;23;421;585
972;33,50;-211,78;0,00;0,00;0,00;-0,21;0,00;0,00;52;46;57;17;20;621;909
973;64,75;165,51;0,00;0,00;0,00;0,17;0,00;0,00;208;191;28;33;17;185;156
974;49,86;-50,16;0,00;0,00;0,00;-0,05;0,00;0,00;468;87;164;38;23;759;806
975;39,69;-133,55;0,00;0,00;0,00;-0,13;0,00;0,00;326;159;59;19;21;611;410
976;58,70;137,31;0,00;0,00;0,00;0,14;0,00;0,00;225;107;169;39;30;733;985
977;38,36;-64,45;0,00;0,00;0,00;-0,06;0,00;0,00;306;96;22;23;38;685;413
978;44,41;-20,12;0,00;0,00;0,00;-0,02;0,00;0,00;342;119;68;38;16;148;730
979;56,62;56,61;0,00;0,00;0,00;0,06;0,00;0,00;18;149;134;16;31;641;712
980;25,62;-240,51;0,00;0,00;0,00;-0,24;0,00;0,00;307;126;77;32;22;962;255
981;41,90;-69,90;0,00;0,00;0,00;-0,07;0,00;0,00;129;11;191;12;35;612;632
982;64,17;206,75;0,00;0,00;0,00;0,21;0,00;0,00;496;152;184;28;30;648;143
983;37,79;-119,86;0,00;0,00;0,00;-0,12;0,00;0,00;19;134;135;15;27;387;300
984;46,85;-90,15;0,00;0,00;0,00;-0,09;0,00;0,00;165;60;28;17;26;597;762
985;47,05;-75,92;0,00;0,00;0,00;-0,08;0,00;0,00;127;99;98;16;23;363;211
986;31,99;-187,99;0,00;0,00;0,00;-0,19;0,00;0,00;312;132;175;15;31;586;731
987;34,13;-156,06;0,00;0,00;0,00;-0,16;0,00;0,00;275;48;17;31;25;403;735
988;42,13;-140,19;0,00;0,00;0,00;-0,14;0,00;0,00;252;103;195;16;36;711;191
989;73,60;173,37;0,00;0,00;0,00;0,17;0,00;0,00;385;163;138;21;28;381;918
990;60,67;142,02;0,00;0,00;0,00;0,14;0,00;0,00;42;40;109;42;38;664;969
991;30,46;-150,11;0,00;0,00;0,00;-0,15;0,00;0,00;287;165;34;20;17;368;826
992;66,72;167,21;0,00;0,00;0,00;0,17;0,00;0,00;164;136;121;36;37;770;395
993;40,19;-128,45;0,00;0,00;0,00;-0,13;0,00;0,00;420;194;128;37;16;854;900
994;28,25;-302,22;0,00;0,00;0,00;-0,30;0,00;0,00;273;40;199;35;33;421;859
995;57,53;97,78;0,00;0,00;0,00;0,10;0,00;0,00;432;193;138;31;26;274;926
996;62,16;155,24;0,00;0,00;0,00;0,16;0,00;0,00;424;114;33;38;25;509;338
997;48,98;-16,54;0,00;0,00;0,00;-0,02;0,00;0,00;303;146;90;48;18;185;444
998;40,73;-115,72;0,00;0,00;0,00;-0,12;0,00;0,00;257;57;23;17;34;131;764
999;54,07;114,95;0,00;0,00;0,00;0,11;0,00;0,00;252;101;134;17;31;399;978
1000;53,23;-10,48;0,00;0,00;0,00;-0,01;0,00;0,00;20;63;143;31;23;110;961
1001;49,44;-36,93;0,00;0,00;0,00;-0,04;0,00;0,00;42;73;154;39;19;336;271
1002;43,19;-33,52;0,00;0,00;0,00;-0,03;0,00;0,00;306;139;122;18;32;685;670
1003;39,12;-99,70;0,00;0,00;0,00;-0,10;0,00;0,00;397;44;25;45;34;940;270
1004;46,17;-63,63;0,00;0,00;0,00;-0,06;0,00;0,00;24;122;182;42;37;492;232
1005;69,11;173,95;0,00;0,00;0,00;0,17;0,00;0,00;420;164;112;23;20;390;339
1006;46,22;16,62;0,00;0,00;0,00;0,02;0,00;0,00;425;143;190;32;29;975;100
1007;60,21;142,86;0,00;0,00;0,00;0,14;0,00;0,00;396;29;153;29;26;183;316
1008;24,28;-176,53;0,00;0,00;0,00;-0,18;0,00;0,00;320;90;53;14;17;639;763
1009;57,36;70,92;0,00;0,00;0,00;0,07;0,00;0,00;102;16;129;35;35;495;793
1010;43,39;-54,29;0,00;0,00;0,00;-0,05;0,00;0,00;144;136;31;18;19;355;350
1011;54,00;75,72;0,00;0,00;0,00;0,08;0,00;0,00;27;129;170;15;34;986;190
1012;65,86;193,27;0,00;0,00;0,00;0,19;0,00;0,00;123;23;26;12;35;395;742
1013;38,80;-132,12;0,00;0,00;0,00;-0,13;0,00;0,00;447;172;163;18;38;548;855
1014;56,18;136,00;0,00;0,00;0,00;0,14;0,00;0,00;443;60;145;48;22;880;891
1015;28,29;-227,84;0,00;0,00;0,00;-0,23;0,00;0,00;166;31;131;22;37;927;322
1016;43,63;-22,86;0,00;0,00;0,00;-0,02;0,00;0,00;400;139;18;17;23;568;196
1017;56,91;-3,42;0,00;0,00;0,00;-0,00;0,00;0,00;228;10;186;35;21;890;786
1018;14,93;-383,81;0,00;0,00;0,00;-0,38;0,00;0,00;492;105;76;10;34;508;671
1019;36,04;-138,69;0,00;0,00;0,00;-0,14;0,00;0,00;231;62;38;48;15;269;790
1020;64,47;209,13;0,00;0,00;0,00;0,21;0,00;0,00;358;50;141;47;23;876;469
1021;57,00;60,84;0,00;0,00;0,00;0,06;0,00;0,00;366;42;48;12;35;361;488
1022;65,19;104,21;0,00;0,00;0,00;0,10;0,00;0,00;138;172;12;33;34;807;838
1023;57,07;19,49;0,00;0,00;0,00;0,02;0,00;0,00;425;62;43;10;18;531;249
1024;47,32;-66,94;0,00;0,00;0,00;-0,07;0,00;0,00;166;59;140;44;38;643;124
1025;51,75;-14,32;0,00;0,00;0,00;-0,01;0,00;0,00;389;63;129;27;16;953;847
1026;60,15;100,04;0,00;0,00;0,00;0,10;0,00;0,00;296;53;181;13;24;543;452
1027;65,38;210,63;0,00;0,00;0,00;0,21;0,00;0,00;160;65;127;18;24;937;343
1028;26,90;-297,20;0,00;0,00;0,00;-0,30;0,00;0,00;157;18;74;12;33;884;419
1029;35,27;-108,04;0,00;0,00;0,00;-0,11;0,00;0,00;277;154;18;17;31;420;456
1030;42,03;-23,76;0,00;0,00;0,00;-0,02;0,00;0,00;171;19;72;23;38;238;214
1031;33,62;-216,59;0,00;0,00;0,00;-0,22;0,00;0,00;51;47;25;17;22;263;838
1032;37,30;-175,27;0,00;0,00;0,00;-0,18;0,00;0,00;117;41;68;14;15;699;632
1033;60,09;122,38;0,00;0,00;0,00;0,12;0,00;0,00;210;124;195;21;20;279;631
1034;51,12;-50,90;0,00;0,00;0,00;-0,05;0,00;0,00;113;165;102;16;19;178;550
1035;43,84;-31,56;0,00;0,00;0,00;-0,03;0,00;0,00;433;64;34;12;32;847;907
1036;45,39;22,81;0,00;0,00;0,00;0,02;0,00;0,00;334;183;114;31;23;751;356
1037;60,41;76,92;0,00;0,00;0,00;0,08;0,00;0,00;242;44;29;44;31;784;756
1038;45,05;-109,34;0,00;0,00;0,00;-0,11;0,00;0,00;311;135;58;20;30;854;208
1039;37,20;-100,40;0,00;0,00;0,00;-0,10;0,00;0,00;160;74;186;33;18;926;980
1040;35,05;-193,57;0,00;0,00;0,00;-0,19;0,00;0,00;30;178;32;40;28;562;467
1041;17,97;-352,57;0,00;0,00;0,00;-0,35;0,00;0,00;51;92;21;45;39;198;840
1042;39,56;-141,41;0,00;0,00;0,00;-0,14;0,00;0,00;487;150;58;41;19;443;243
1043;67,14;174,13;0,00;0,00;0,00;0,17;0,00;0,00;36;89;41;17;36;179;761
1044;27,00;-170,63;0,00;0,00;0,00;-0,17;0,00;0,00;157;140;92;36;25;584;928
1045;60,35;20,79;0,00;0,00;0,00;0,02;0,00;0,00;46;180;107;39;34;922;492
1046;51,99;80,53;0,00;0,00;0,00;0,08;0,00;0,00;450;141;175;42;31;585;795
1047;47,57;-89,99;0,00;0,00;0,00;-0,09;0,00;0,00;49;180;42;16;36;877;392
1048;51,81;-2,74;0,00;0,00;0,00;-0,00;0,00;0,00;45;131;91;10;38;740;758
1049;57,81;138,29;0,00;0,00;0,00;0,14;0,00;0,00;298;194;181;22;24;781;129
1050;28,86;-231,47;0,00;0,00;0,00;-0,23;0,00;0,00;372;123;96;29;29;263;237
1051;42,50;-23,14;0,00;0,00;0,00;-0,02;0,00;0,00;35;155;27;22;15;772;884
1052;36,26;-258,28;0,00;0,00;0,00;-0,26;0,00;0,00;499;175;66;20;32;913;516
1053;75,17;312,03;0,00;0,00;0,00;0,31;0,00;0,00;491;110;103;47;23;513;610
1054;51,61;7,13;0,00;0,00;0,00;0,01;0,00;0,00;243;159;16;23;29;203;920
1055;66,30;90,05;0,00;0,00;0,00;0,09;0,00;0,00;382;178;68;32;18;160;794
1056;51,38;-26,83;0,00;0,00;0,00;-0,03;0,00;0,00;396;85;191;13;25;421;709
1057;46,62;-24,47;0,00;0,00;0,00;-0,02;0,00;0,00;112;199;23;23;31;411;855
1058;27,85;-227,40;0,00;0,00;0,00;-0,23;0,00;0,00;351;176;149;41;23;167;461
1059;43,80;-45,87;0,00;0,00;0,00;-0,05;0,00;0,00;460;43;38;27;30;854;741
1060;60,22;70,05;0,00;0,00;0,00;0,07;0,00;0,00;224;34;107;14;35;633;929
1061;44,40;-64,40;0,00;0,00;0,00;-0,06;0,00;0,00;140;97;140;47;35;818;761
1062;63,59;183,86;0,00;0,00;0,00;0,18;0,00;0,00;419;184;18;34;32;543;965
1063;48,35;-65,54;0,00;0,00;0,00;-0,07;0,00;0,00;499;88;10;45;33;753;801
1064;62,68;131,25;0,00;0,00;0,00;0,13;0,00;0,00;58;94;124;26;24;718;164
1065;56,50;19,42;0,00;0,00;0,00;0,02;0,00;0,00;237;147;122;45;29;710;403
1066;78,37;270,81;0,00;0,00;0,00;0,27;0,00;0,00;382;24;73;39;27;896;189
1067;65,51;127,36;0,00;0,00;0,00;0,13;0,00;0,00;101;54;161;24;19;674;141
1068;48,06;-66,57;0,00;0,00;0,00;-0,07;0,00;0,00;451;10;199;26;15;579;844
1069;39,05;-120,81;0,00;0,00;0,00;-0,12;0,00;0,00;91;103;185;38;30;959;890
1070;33,52;-83,91;0,00;0,00;0,00;-0,08;0,00;0,00;36;152;197;48;31;826;245
1071;43,56;0,75;0,00;0,00;0,00;0,00;0,00;0,00;332;32;159;42;26;763;888
1072;79,54;365,59;0,00;0,00;0,00;0,37;0,00;0,00;189;10;46;39;36;917;252
1073;32,45;-188,08;0,00;0,00;0,00;-0,19;0,00;0,00;446;72;25;29;21;594;560
1074;60,48;111,49;0,00;0,00;0,00;0,11;0,00;0,00;211;105;10;49;35;537;675
1075;77,29;318,60;0,00;0,00;0,00;0,32;0,00;0,00;356;190;38;22;16;811;951
1076;58,38;151,08;0,00;0,00;0,00;0,15;0,00;0,00;198;90;195;19;30;291;997
1077;52,61;95,50;0,00;0,00;0,00;0,10;0,00;0,00;466;78;36;37;30;419;714
1078;59,75;114,59;0,00;0,00;0,00;0,11;0,00;0,00;267;130;105;14;33;389;696
1079;85,52;377,61;0,00;0,00;0,00;0,38;0,00;0,00;412;92;34;40;26;221;874
1080;51,04;58,24;0,00;0,00;0,00;0,06;0,00;0,00;123;121;99;38;27;812;148
1081;42,05;-165,31;0,00;0,00;0,00;-0,17;0,00;0,00;381;25;29;34;29;323;303
1082;51,29;-50,95;0,00;0,00;0,00;-0,05;0,00;0,00;464;157;64;19;30;492;993
1083;49,95;33,13;0,00;0,00;0,00;0,03;0,00;0,00;353;61;79;13;30;865;635
1084;18,92;-363,73;0,00;0,00;0,00;-0,36;0,00;0,00;33;81;53;35;24;671;544
1085;50,06;-26,02;0,00;0,00;0,00;-0,03;0,00;0,00;482;136;128;46;27;387;427
1086;35,68;-172,41;0,00;0,00;0,00;-0,17;0,00;0,00;274;126;25;15;38;486;514
1087;60,34;126,73;0,00;0,00;0,00;0,13;0,00;0,00;30;193;19;18;33;567;701
1088;69,94;185,38;0,00;0,00;0,00;0,19;0,00;0,00;78;60;155;23;24;425;689
1089;57,06;45,00;0,00;0,00;0,00;0,04;0,00;0,00;432;173;58;25;31;342;297
1090;37,55;-148,96;0,00;0,00;0,00;-0,15;0,00;0,00;449;165;87;21;16;982;542
1091;51,49;-33,26;0,00;0,00;0,00;-0,03;0,00;0,00;255;54;100;31;16;135;212
1092;68,65;152,06;0,00;0,00;0,00;0,15;0,00;0,00;90;64;136;41;17;690;881
1093;41,94;-123,52;0,00;0,00;0,00;-0,12;0,00;0,00;497;109;159;42;24;115;958
1094;53,59;79,41;0,00;0,00;0,00;0,08;0,00;0,00;231;64;149;28;18;953;352
1095;71,83;265,25;0,00;0,00;0,00;0,27;0,00;0,00;136;97;40;43;26;981;801
1096;53,10;9,00;0,00;0,00;0,00;0,01;0,00;0,00;180;125;167;44;25;829;832
1097;25,05;-258,38;0,00;0,00;0,00;-0,26;0,00;0,00;473;175;142;22;22;176;322
1098;65,25;116,43;0,00;0,00;0,00;0,12;0,00;0,00;235;153;177;18;31;269;885
1099;54,05;9,28;0,00;0,00;0,00;0,01;0,00;0,00;425;50;102;28;24;542;352
1100;44,67;-48,34;0,00;0,00;0,00;-0,05;0,00;0,00;119;120;151;18;38;351;211
1101;66,23;197,42;0,00;0,00;0,00;0,20;0,00;0,00;317;148;171;39;18;418;918
1102;39,80;-134,54;0,00;0,00;0,00;-0,13;0,00;0,00;134;156;191;17;25;614;701
1103;39,60;-171,16;0,00;0,00;0,00;-0,17;0,00;0,00;144;145;64;43;30;816;378
1104;66,51;109,14;0,00;0,00;0,00;0,11;0,00;0,00;440;180;58;49;20;724;798
1105;61,98;181,31;0,00;0,00;0,00;0,18;0,00;0,00;254;134;126;28;29;693;315
1106;43,58;-19,63;0,00;0,00;0,00;-0,02;0,00;0,00;479;151;88;39;15;858;899
1107;41,72;-126,31;0,00;0,00;0,00;-0,13;0,00;0,00;283;135;135;20;17;130;176
1108;32,63;-222,50;0,00;0,00;0,00;-0,22;0,00;0,00;426;124;45;29;29;473;305
1109;46,13;-39,27;0,00;0,00;0,00;-0,04;0,00;0,00;138;102;88;14;19;930;193
1110;57,81;135,39;0,00;0,00;0,00;0,14;0,00;0,00;369;133;138;27;29;590;217
1111;64,73;223,82;0,00;0,00;0,00;0,22;0,00;0,00;206;101;25;43;17;211;919
1112;93,05;379,66;0,00;0,00;0,00;0,38;0,00;0,00;55;126;119;42;18;312;283
1113;49,18;69,90;0,00;0,00;0,00;0,07;0,00;0,00;47;166;121;47;24;428;549
1114;11,91;-360,79;0,00;0,00;0,00;-0,36;0,00;0,00;105;70;35;27;21;247;949
1115;44,20;-88,39;0,00;0,00;0,00;-0,09;0,00;0,00;467;94;157;40;39;893;650
1116;53,14;42,28;0,00;0,00;0,00;0,04;0,00;0,00;248;107;155;48;15;277;497
1117;18,50;-264,93;0,00;0,00;0,00;-0,26;0,00;0,00;177;143;128;47;38;203;939
1118;54,73;45,51;0,00;0,00;0,00;0,05;0,00;0,00;312;177;83;39;35;822;707
1119;99,38;392,25;0,00;0,00;0,00;0,39;0,00;0,00;489;79;71;18;15;664;285
1120;56,18;80,12;0,00;0,00;0,00;0,08;0,00;0,00;71;136;197;31;23;198;570
1121;40,00;-128,83;0,00;0,00;0,00;-0,13;0,00;0,00;310;12;105;11;28;871;476
1122;54,14;57,74;0,00;0,00;0,00;0,06;0,00;0,00;194;62;14;11;38;811;200
1123;30,54;-156,08;0,00;0,00;0,00;-0,16;0,00;0,00;257;186;162;46;35;548;795
1124;64,08;191,94;0,00;0,00;0,00;0,19;0,00;0,00;331;123;53;15;34;133;624
1125;44,48;27,29;0,00;0,00;0,00;0,03;0,00;0,00;229;56;57;14;39;370;922
1126;60,24;130,51;0,00;0,00;0,00;0,13;0,00;0,00;426;175;154;33;28;664;392
1127;66,77;208,54;0,00;0,00;0,00;0,21;0,00;0,00;182;148;189;37;19;635;745
1128;60,51;161,81;0,00;0,00;0,00;0,16;0,00;0,00;439;147;11;18;28;966;141
1129;62,99;165,70;0,00;0,00;0,00;0,17;0,00;0,00;380;183;40;15;38;158;719
1130;59,02;154,57;0,00;0,00;0,00;0,15;0,00;0,00;86;124;85;19;25;612;846
1131;73,67;223,91;0,00;0,00;0,00;0,22;0,00;0,00;499;24;67;24;37;585;755
1132;60,55;160,03;0,00;0,00;0,00;0,16;0,00;0,00;269;114;146;16;29;511;863
1133;53,47;5,81;0,00;0,00;0,00;0,01;0,00;0,00;223;153;152;18;36;420;694
1134;71,88;262,79;0,00;0,00;0,00;0,26;0,00;0,00;75;75;174;42;23;423;702
1135;21,48;-229,86;0,00;0,00;0,00;-0,23;0,00;0,00;452;178;45;39;22;126;697
1136;26,91;-176,80;0,00;0,00;0,00;-0,18;0,00;0,00;152;73;162;19;23;123;616
1137;73,18;126,13;0,00;0,00;0,00;0,13;0,00;0,00;153;146;149;13;33;682;799
1138;40,76;-123,38;0,00;0,00;0,00;-0,12;0,00;0,00;155;38;92;29;31;298;289
1139;40,21;-134,28;0,00;0,00;0,00;-0,13;0,00;0,00;109;55;100;27;15;252;265
1140;20,84;-372,98;0,00;0,00;0,00;-0,37;0,00;0,00;14;66;51;10;33;707;112
1141;33,04;-225,61;0,00;0,00;0,00;-0,23;0,00;0,00;363;151;141;12;38;799;284
1142;55,43;-26,79;0,00;0,00;0,00;-0,03;0,00;0,00;405;74;161;37;23;711;523
1143;57,18;10,99;0,00;0,00;0,00;0,01;0,00;0,00;437;199;79;36;37;906;159
1144;66,55;151,84;0,00;0,00;0,00;0,15;0,00;0,00;360;82;80;47;34;741;504
1145;22,96;-294,65;0,00;0,00;0,00;-0,29;0,00;0,00;192;145;11;20;37;223;849
1146;63,25;84,42;0,00;0,00;0,00;0,08;0,00;0,00;75;70;45;48;36;793;475
1147;67,97;222,93;0,00;0,00;0,00;0,22;0,00;0,00;157;196;29;45;31;354;405
1148;65,76;217,91;0,00;0,00;0,00;0,22;0,00;0,00;335;103;171;13;35;768;625
1149;71,68;194,06;0,00;0,00;0,00;0,19;0,00;0,00;406;165;183;29;26;637;293
1150;52,79;48,49;0,00;0,00;0,00;0,05;0,00;0,00;341;178;41;39;30;528;873
1151;45,24;-125,94;0,00;0,00;0,00;-0,13;0,00;0,00;229;148;75;31;18;942;219
1152;50,27;7,48;0,00;0,00;0,00;0,01;0,00;0,00;186;33;20;40;20;834;335
1153;37,27;-170,46;0,00;0,00;0,00;-0,17;0,00;0,00;407;119;59;22;22;240;172
1154;81,22;369,89;0,00;0,00;0,00;0,37;0,00;0,00;382;80;85;30;19;999;934
1155;45,56;-83,95;0,00;0,00;0,00;-0,08;0,00;0,00;339;22;14;44;33;787;900
1156;53,87;35,30;0,00;0,00;0,00;0,04;0,00;0,00;445;30;119;20;24;425;968
1157;30,62;-222,89;0,00;0,00;0,00;-0,22;0,00;0,00;11;106;72;45;39;654;563
1158;82,03;302,97;0,00;0,00;0,00;0,30;0,00;0,00;324;28;103;11;31;928;246
1159;53,45;15,07;0,00;0,00;0,00;0,02;0,00;0,00;378;59;50;49;27;242;184
1160;59,34;127,28;0,00;0,00;0,00;0,13;0,00;0,00;58;48;85;49;32;146;404
1161;37,11;-164,57;0,00;0,00;0,00;-0,16;0,00;0,00;108;116;34;39;17;881;388
1162;66,90;149,95;0,00;0,00;0,00;0,15;0,00;0,00;363;35;179;25;25;118;676
1163;69,38;144,31;0,00;0,00;0,00;0,14;0,00;0,00;21;123;116;26;38;500;815
1164;50,39;-4,96;0,00;0,00;0,00;-0,00;0,00;0,00;298;90;134;25;22;973;414
1165;67,02;225,07;0,00;0,00;0,00;0,23;0,00;0,00;73;69;57;14;31;113;178
1166;34,24;-186,09;0,00;0,00;0,00;-0,19;0,00;0,00;17;124;189;45;20;703;479
1167;27,31;-191,76;0,00;0,00;0,00;-0,19;0,00;0,00;188;177;67;42;30;551;484
1168;39,50;-85,00;0,00;0,00;0,00;-0,08;0,00;0,00;65;166;197;28;30;448;632
1169;36,38;-69,51;0,00;0,00;0,00;-0,07;0,00;0,00;350;12;27;18;21;254;111
1170;55,94;55,40;0,00;0,00;0,00;0,06;0,00;0,00;46;189;97;11;26;821;924
1171;48,78;-46,69;0,00;0,00;0,00;-0,05;0,00;0,00;375;45;197;24;29;646;615
1172;18,41;-241,36;0,00;0,00;0,00;-0,24;0,00;0,00;344;86;183;13;36;773;352
1173;48,26;25,91;0,00;0,00;0,00;0,03;0,00;0,00;116;169;175;46;16;766;397
1174;50,72;21,05;0,00;0,00;0,00;0,02;0,00;0,00;276;134;86;18;24;608;722
1175;53,63;-10,96;0,00;0,00;0,00;-0,01;0,00;0,00;424;65;137;12;35;140;845
1176;40,07;-68,98;0,00;0,00;0,00;-0,07;0,00;0,00;328;199;83;48;21;306;604
1177;56,60;90,10;0,00;0,00;0,00;0,09;0,00;0,00;405;135;158;37;15;399;127
1178;45,70;-10,02;0,00;0,00;0,00;-0,01;0,00;0,00;420;122;47;33;31;347;840
1179;74,28;199,35;0,00;0,00;0,00;0,20;0,00;0,00;464;26;86;48;35;730;185
1180;34,49;-124,36;0,00;0,00;0,00;-0,12;0,00;0,00;496;138;31;22;15;581;764
1181;37,66;-237,40;0,00;0,00;0,00;-0,24;0,00;0,00;314;31;172;21;24;620;863
1182;32,67;-163,63;0,00;0,00;0,00;-0,16;0,00;0,00;195;36;167;16;15;417;176
1183;82,25;301,37;0,00;0,00;0,00;0,30;0,00;0,00;390;46;110;42;17;457;468
1184;30,16;-179,18;0,00;0,00;0,00;-0,18;0,00;0,00;41;19;164;39;15;675;963
1185;70,04;215,24;0,00;0,00;0,00;0,22;0,00;0,00;37;69;138;17;34;714;965
1186;42,07;-35,69;0,00;0,00;0,00;-0,04;0,00;0,00;12;38;18;47;38;486;505
1187;53,72;60,40;0,00;0,00;0,00;0,06;0,00;0,00;107;125;47;26;22;638;124
1188;39,70;-101,90;0,00;0,00;0,00;-0,10;0,00;0,00;279;185;173;34;25;284;704
1189;24,25;-198,73;0,00;0,00;0,00;-0,20;0,00;0,00;441;132;30;15;18;325;984
1190;47,48;-37,07;0,00;0,00;0,00;-0,04;0,00;0,00;37;180;179;14;23;848;126
1191;40,01;-75,94;0,00;0,00;0,00;-0,08;0,00;0,00;120;185;156;39;26;552;550
1192;40,29;-97,67;0,00;0,00;0,00;-0,10;0,00;0,00;98;18;198;20;33;107;789
1193;44,76;9,44;0,00;0,00;0,00;0,01;0,00;0,00;113;21;30;41;18;976;342
1194;37,60;-148,69;0,00;0,00;0,00;-0,15;0,00;0,00;45;160;147;24;38;229;977
1195;63,82;95,00;0,00;0,00;0,00;0,10;0,00;0,00;235;121;151;12;22;671;755
1196;45,07;-33,09;0,00;0,00;0,00;-0,03;0,00;0,00;494;57;67;45;33;254;464
1197;63,39;141,14;0,00;0,00;0,00;0,14;0,00;0,00;367;21;26;14;26;744;673
1198;51,25;71,98;0,00;0,00;0,00;0,07;0,00;0,00;122;180;22;11;23;376;136
1199;54,50;103,53;0,00;0,00;0,00;0,10;0,00;0,00;282;172;185;33;24;613;688
1200;33,49;-98,73;0,00;0,00;0,00;-0,10;0,00;0,00;32;116;27;30;32;532;815
1201;53,93;63,20;0,00;0,00;0,00;0,06;0,00;0,00;83;100;133;29;28;890;528
1202;46,75;-16,19;0,00;0,00;0,00;-0,02;0,00;0,00;112;187;121;21;16;553;989
1203;54,67;140,62;0,00;0,00;0,00;0,14;0,00;0,00;335;13;37;44;35;111;530
1204;51,76;62,64;0,00;0,00;0,00;0,06;0,00;0,00;390;141;125;21;29;644;662
1205;51,33;75,27;0,00;0,00;0,00;0,08;0,00;0,00;293;190;182;44;30;882;316
1206;43,59;-99,00;0,00;0,00;0,00;-0,10;0,00;0,00;299;88;18;40;27;965;238
1207;51,08;11,44;0,00;0,00;0,00;0,01;0,00;0,00;462;118;70;17;39;475;667
1208;52,76;16,26;0,00;0,00;0,00;0,02;0,00;0,00;285;73;81;44;39;497;770
1209;42,85;-121,63;0,00;0,00;0,00;-0,12;0,00;0,00;431;169;13;33;26;198;773
1210;84,22;245,43;0,00;0,00;0,00;0,25;0,00;0,00;173;179;117;13;20;634;113
1211;69,18;258,72;0,00;0,00;0,00;0,26;0,00;0,00;127;106;148;25;26;644;948
1212;59,62;95,42;0,00;0,00;0,00;0,10;0,00;0,00;249;152;170;43;27;193;763
1213;55,78;102,33;0,00;0,00;0,00;0,10;0,00;0,00;206;124;14;10;33;740;811
1214;83,21;340,68;0,00;0,00;0,00;0,34;0,00;0,00;179;78;169;13;15;566;389
1215;39,44;-175,83;0,00;0,00;0,00;-0,18;0,00;0,00;259;10;152;19;29;545;415
1216;53,93;-37,87;0,00;0,00;0,00;-0,04;0,00;0,00;494;198;166;42;37;169;799
1217;40,41;-86,71;0,00;0,00;0,00;-0,09;0,00;0,00;80;20;171;27;38;224;694
1218;47,05;-74,32;0,00;0,00;0,00;-0,07;0,00;0,00;466;69;195;36;32;557;256
1219;33,30;-212,69;0,00;0,00;0,00;-0,21;0,00;0,00;382;40;146;32;27;366;900
1220;55,16;-11,47;0,00;0,00;0,00;-0,01;0,00;0,00;313;138;86;15;29;266;266
1221;37,33;-191,95;0,00;0,00;0,00;-0,19;0,00;0,00;161;148;185;36;19;898;177
1222;79,75;277,87;0,00;0,00;0,00;0,28;0,00;0,00;366;146;123;33;29;681;584
1223;59,09;67,22;0,00;0,00;0,00;0,07;0,00;0,00;167;52;19;25;15;113;758
1224;69,32;233,51;0,00;0,00;0,00;0,23;0,00;0,00;134;135;185;18;36;405;436
1225;43,17;-17,01;0,00;0,00;0,00;-0,02;0,00;0,00;192;147;172;22;20;666;971
1226;69,33;106,50;0,00;0,00;0,00;0,11;0,00;0,00;213;181;159;41;22;994;753
1227;66,71;142,18;0,00;0,00;0,00;0,14;0,00;0,00;64;144;162;19;24;998;840
1228;70,93;250,07;0,00;0,00;0,00;0,25;0,00;0,00;24;100;14;21;15;778;735
1229;60,47;130,13;0,00;0,00;0,00;0,13;0,00;0,00;194;197;156;42;33;817;528
1230;40,40;-51,56;0,00;0,00;0,00;-0,05;0,00;0,00;73;99;113;36;39;817;191
1231;59,08;87,06;0,00;0,00;0,00;0,09;0,00;0,00;412;29;131;47;20;684;478
1232;51,94;76,82;0,00;0,00;0,00;0,08;0,00;0,00;56;64;130;32;22;705;646
1233;56,45;19,55;0,00;0,00;0,00;0,02;0,00;0,00;287;98;53;48;31;242;424
1234;53,62;2,98;0,00;0,00;0,00;0,00;0,00;0,00;42;153;155;27;35;874;250
1235;57,62;99,40;0,00;0,00;0,00;0,10;0,00;0,00;335;33;40;45;15;336;979
1236;49,72;-4,43;0,00;0,00;0,00;-0,00;0,00;0,00;155;167;58;30;20;227;839
1237;67,62;222,53;0,00;0,00;0,00;0,22;0,00;0,00;425;26;37;41;25;579;569
1238;37,51;-147,27;0,00;0,00;0,00;-0,15;0,00;0,00;468;62;109;29;35;357;260
1239;41,63;-68,04;0,00;0,00;0,00;-0,07;0,00;0,00;257;148;96;46;30;775;364
1240;38,37;-139,01;0,00;0,00;0,00;-0,14;0,00;0,00;149;151;103;10;37;177;463
1241;56,18;99,82;0,00;0,00;0,00;0,10;0,00;0,00;428;110;136;11;37;728;475
1242;37,31;-143,84;0,00;0,00;0,00;-0,14;0,00;0,00;398;110;198;49;30;794;125
1243;43,65;-93,65;0,00;0,00;0,00;-0,09;0,00;0,00;78;52;179;42;37;594;365
1244;67,26;189,78;0,00;0,00;0,00;0,19;0,00;0,00;447;46;179;32;16;377;654
1245;53,55;-20,26;0,00;0,00;0,00;-0,02;0,00;0,00;465;115;92;40;19;935;766
1246;59,10;145,20;0,00;0,00;0,00;0,15;0,00;0,00;228;50;35;17;20;466;423
1247;52,57;5,79;0,00;0,00;0,00;0,01;0,00;0,00;396;115;160;26;25;675;108
1248;48,61;-24,09;0,00;0,00;0,00;-0,02;0,00;0,00;173;182;83;40;39;385;492
1249;53,38;-52,44;0,00;0,00;0,00;-0,05;0,00;0,00;257;14;10;40;35;648;458
1250;34,74;-253,19;0,00;0,00;0,00;-0,25;0,00;0,00;163;137;57;39;24;390;753
1251;66,05;76,33;0,00;0,00;0,00;0,08;0,00;0,00;73;61;38;23;20;711;784
1252;52,92;11,99;0,00;0,00;0,00;0,01;0,00;0,00;277;61;103;21;29;111;901
1253;37,32;-78,90;0,00;0,00;0,00;-0,08;0,00;0,00;176;89;158;39;39;853;802
1254;29,24;-254,57;0,00;0,00;0,00;-0,25;0,00;0,00;104;91;39;39;32;416;452
1255;41,05;-38,62;0,00;0,00;0,00;-0,04;0,00;0,00;457;114;143;49;23;735;615
1256;73,25;242,60;0,00;0,00;0,00;0,24;0,00;0,00;470;69;58;13;21;639;368
1257;65,54;188,90;0,00;0,00;0,00;0,19;0,00;0,00;385;177;163;16;31;131;532
1258;75,32;213,31;0,00;0,00;0,00;0,21;0,00;0,00;16;122;19;37;19;942;379
1259;49,59;28,70;0,00;0,00;0,00;0,03;0,00;0,00;470;56;90;23;27;234;965
1260;38,05;-48,93;0,00;0,00;0,00;-0,05;0,00;0,00;263;134;143;43;19;105;877
1261;70,41;145,77;0,00;0,00;0,00;0,15;0,00;0,00;366;10;156;38;32;705;518
1262;42,01;-57,22;0,00;0,00;0,00;-0,06;0,00;0,00;44;82;40;16;27;860;970
1263;40,96;-160,85;0,00;0,00;0,00;-0,16;0,00;0,00;377;113;171;18;26;187;377
1264;49,53;129,83;0,00;0,00;0,00;0,13;0,00;0,00;18;186;110;16;20;675;366
1265;39,73;-149,80;0,00;0,00;0,00;-0,15;0,00;0,00;314;113;109;39;15;457;989
1266;52,31;17,29;0,00;0,00;0,00;0,02;0,00;0,00;236;65;99;27;24;684;495
1267;22,90;-184,50;0,00;0,00;0,00;-0,18;0,00;0,00;350;103;75;32;37;255;784
1268;39,14;-102,90;0,00;0,00;0,00;-0,10;0,00;0,00;142;123;127;13;24;229;345
1269;58,18;74,26;0,00;0,00;0,00;0,07;0,00;0,00;129;139;108;25;39;349;753
1270;65,51;154,33;0,00;0,00;0,00;0,15;0,00;0,00;412;150;14;23;21;931;182
1271;66,29;181,40;0,00;0,00;0,00;0,18;0,00;0,00;381;44;85;42;31;389;630
1272;33,38;-214,61;0,00;0,00;0,00;-0,21;0,00;0,00;19;59;52;29;38;389;705
1273;40,85;-57,42;0,00;0,00;0,00;-0,06;0,00;0,00;42;43;78;24;19;318;965
1274;45,71;-18,12;0,00;0,00;0,00;-0,02;0,00;0,00;56;196;70;26;39;557;507
1275;40,19;-139,80;0,00;0,00;0,00;-0,14;0,00;0,00;127;124;187;14;35;235;910
1276;36,02;-96,72;0,00;0,00;0,00;-0,10;0,00;0,00;295;76;157;33;33;601;871
1277;32,39;-167,18;0,00;0,00;0,00;-0,17;0,00;0,00;429;158;148;45;28;781;504
1278;27,91;-190,38;0,00;0,00;0,00;-0,19;0,00;0,00;298;79;137;15;37;618;671
1279;41,38;-85,85;0,00;0,00;0,00;-0,09;0,00;0,00;270;30;179;24;39;929;940
1280;12,04;-420,01;0,00;0,00;0,00;-0,42;0,00;0,00;453;134;127;10;18;143;639
1281;57,85;113,82;0,00;0,00;0,00;0,11;0,00;0,00;229;115;86;30;16;810;987
1282;58,16;181,34;0,00;0,00;0,00;0,18;0,00;0,00;339;86;171;36;29;414;337
1283;47,67;-78,79;0,00;0,00;0,00;-0,08;0,00;0,00;11;193;125;16;39;221;960
1284;32,35;-218,48;0,00;0,00;0,00;-0,22;0,00;0,00;270;38;52;45;33;400;881
1285;59,14;73,88;0,00;0,00;0,00;0,07;0,00;0,00;172;76;110;42;39;780;844
1286;37,39;-107,90;0,00;0,00;0,00;-0,11;0,00;0,00;136;154;171;44;37;990;534
1287;45,27;-44,18;0,00;0,00;0,00;-0,04;0,00;0,00;21;74;133;36;29;823;211
1288;17,27;-348,00;0,00;0,00;0,00;-0,35;0,00;0,00;492;182;161;37;27;877;335
1289;15,43;-397,07;0,00;0,00;0,00;-0,40;0,00;0,00;472;61;107;19;31;326;846
1290;75,60;189,17;0,00;0,00;0,00;0,19;0,00;0,00;294;139;63;30;38;844;287
1291;52,57;-72,33;0,00;0,00;0,00;-0,07;0,00;0,00;436;111;40;13;30;598;372
1292;54,64;36,29;0,00;0,00;0,00;0,04;0,00;0,00;250;157;111;16;39;357;181
1293;45,90;5,54;0,00;0,00;0,00;0,01;0,00;0,00;301;141;197;31;28;416;434
1294;47,31;-12,28;0,00;0,00;0,00;-0,01;0,00;0,00;109;43;153;42;22;213;884
1295;85,50;339,60;0,00;0,00;0,00;0,34;0,00;0,00;208;54;185;16;26;447;872
1296;61,03;149,46;0,00;0,00;0,00;0,15;0,00;0,00;386;96;64;16;31;709;463
1297;62,79;164,65;0,00;0,00;0,00;0,16;0,00;0,00;497;145;153;10;34;935;947
1298;22,66;-214,74;0,00;0,00;0,00;-0,21;0,00;0,00;152;123;135;29;33;865;641
1299;49,04;-93,77;0,00;0,00;0,00;-0,09;0,00;0,00;388;140;183;29;19;804;535
1300;53,72;-7,51;0,00;0,00;0,00;-0,01;0,00;0,00;292;133;26;12;30;258;535
1301;67,52;210,95;0,00;0,00;0,00;0,21;0,00;0,00;18;66;194;35;18;710;862
1302;62,50;186,63;0,00;0,00;0,00;0,19;0,00;0,00;344;147;66;12;31;856;325
1303;38,88;-56,72;0,00;0,00;0,00;-0,06;0,00;0,00;103;195;20;23;25;517;943
1304;49,55;38,91;0,00;0,00;0,00;0,04;0,00;0,00;468;29;14;17;30;809;587
1305;37,23;-175,90;0,00;0,00;0,00;-0,18;0,00;0,00;272;48;30;10;38;577;784
1306;52,05;58,74;0,00;0,00;0,00;0,06;0,00;0,00;437;52;27;13;38;825;399
1307;32,81;-143,37;0,00;0,00;0,00;-0,14;0,00;0,00;297;27;30;35;20;523;290
1308;67,60;184,62;0,00;0,00;0,00;0,18;0,00;0,00;477;19;181;25;17;787;272
1309;76,71;176,36;0,00;0,00;0,00;0,18;0,00;0,00;440;150;24;24;31;809;474
1310;34,51;-109,86;0,00;0,00;0,00;-0,11;0,00;0,00;46;28;117;46;32;197;257
1311;67,07;203,76;0,00;0,00;0,00;0,20;0,00;0,00;192;102;128;43;36;439;296
1312;49,28;84,62;0,00;0,00;0,00;0,08;0,00;0,00;365;154;11;10;26;889;906
1313;42,57;-81,50;0,00;0,00;0,00;-0,08;0,00;0,00;382;84;105;42;27;287;221
1314;31,37;-202,26;0,00;0,00;0,00;-0,20;0,00;0,00;444;79;159;43;20;761;536
1315;40,60;-85,53;0,00;0,00;0,00;-0,09;0,00;0,00;108;35;106;34;38;227;588
1316;48,78;-39,91;0,00;0,00;0,00;-0,04;0,00;0,00;495;185;115;24;31;433;140
1317;53,35;49,20;0,00;0,00;0,00;0,05;0,00;0,00;309;157;175;22;22;231;483
1318;65,18;238,37;0,00;0,00;0,00;0,24;0,00;0,00;350;159;32;21;33;341;602
1319;38,65;-208,18;0,00;0,00;0,00;-0,21;0,00;0,00;40;174;161;48;23;615;467
1320;78,36;241,74;0,00;0,00;0,00;0,24;0,00;0,00;386;161;190;39;19;918;830
1321;69,79;189,30;0,00;0,00;0,00;0,19;0,00;0,00;159;37;144;48;21;922;835
1322;33,51;-100,03;0,00;0,00;0,00;-0,10;0,00;0,00;178;48;98;40;30;435;886
1323;53,81;73,82;0,00;0,00;0,00;0,07;0,00;0,00;115;25;106;46;17;571;564
1324;34,59;-126,12;0,00;0,00;0,00;-0,13;0,00;0,00;147;114;54;37;39;773;619
1325;35,67;-114,60;0,00;0,00;0,00;-0,11;0,00;0,00;97;56;187;48;24;316;925
1326;48,27;-62,83;0,00;0,00;0,00;-0,06;0,00;0,00;123;171;197;32;31;492;604
1327;30,19;-110,42;0,00;0,00;0,00;-0,11;0,00;0,00;439;16;59;27;17;684;796
1328;54,45;98,58;0,00;0,00;0,00;0,10;0,00;0,00;31;63;169;40;27;790;592
1329;68,78;150,46;0,00;0,00;0,00;0,15;0,00;0,00;182;18;184;16;31;563;701
1330;55,47;-26,27;0,00;0,00;0,00;-0,03;0,00;0,00;28;99;68;23;31;140;590
1331;52,87;40,39;0,00;0,00;0,00;0,04;0,00;0,00;389;120;104;11;20;608;173
1332;40,45;-147,15;0,00;0,00;0,00;-0,15;0,00;0,00;79;96;60;39;25;267;148
1333;60,96;203,30;0,00;0,00;0,00;0,20;0,00;0,00;142;175;43;44;38;943;544
1334;58,15;5,91;0,00;0,00;0,00;0,01;0,00;0,00;99;195;154;13;36;317;163
1335;63,55;255,55;0,00;0,00;0,00;0,26;0,00;0,00;72;131;141;24;31;437;408
1336;47,94;-69,17;0,00;0,00;0,00;-0,07;0,00;0,00;352;196;11;27;16;543;902
1337;42,21;-70,74;0,00;0,00;0,00;-0,07;0,00;0,00;40;170;192;45;19;125;163
1338;55,62;6,00;0,00;0,00;0,00;0,01;0,00;0,00;495;168;55;27;19;182;191
1339;33,79;-233,09;0,00;0,00;0,00;-0,23;0,00;0,00;482;79;79;20;27;260;447
1340;49,16;76,87;0,00;0,00;0,00;0,08;0,00;0,00;365;43;180;12;25;621;179
1341;51,34;73,53;0,00;0,00;0,00;0,07;0,00;0,00;492;26;128;42;24;710;599
1342;45,87;-130,00;0,00;0,00;0,00;-0,13;0,00;0,00;479;77;186;34;39;132;664
1343;64,15;66,07;0,00;0,00;0,00;0,07;0,00;0,00;426;72;48;47;30;732;594
1344;49,27;83,92;0,00;0,00;0,00;0,08;0,00;0,00;271;145;184;10;35;499;631
1345;62,36;109,46;0,00;0,00;0,00;0,11;0,00;0,00;218;53;181;40;32;552;659
1346;30,04;-162,88;0,00;0,00;0,00;-0,16;0,00;0,00;279;187;44;11;23;655;510
1347;7,46;-391,03;0,00;0,00;0,00;-0,39;0,00;0,00;383;109;26;21;15;766;355
1348;32,77;-193,98;0,00;0,00;0,00;-0,19;0,00;0,00;180;197;170;30;35;448;484
1349;47,48;-58,85;0,00;0,00;0,00;-0,06;0,00;0,00;61;60;95;13;31;310;285
1350;52,41;38,77;0,00;0,00;0,00;0,04;0,00;0,00;24;100;110;29;23;744;504
1351;64,12;180,49;0,00;0,00;0,00;0,18;0,00;0,00;402;43;118;17;18;282;545
1352;54,32;14,98;0,00;0,00;0,00;0,01;0,00;0,00;435;192;161;45;17;786;555
1353;42,07;-126,62;0,00;0,00;0,00;-0,13;0,00;0,00;204;133;40;30;27;394;633
1354;41,86;-100,66;0,00;0,00;0,00;-0,10;0,00;0,00;424;33;33;16;22;774;133
1355;71,29;238,82;0,00;0,00;0,00;0,24;0,00;0,00;18;122;83;21;25;179;401
1356;44,59;-2,18;0,00;0,00;0,00;-0,00;0,00;0,00;267;59;53;29;23;486;508
1357;18,87;-257,37;0,00;0,00;0,00;-0,26;0,00;0,00;229;126;123;25;28;760;925
1358;69,32;198,99;0,00;0,00;0,00;0,20;0,00;0,00;181;161;19;12;34;785;272
1359;12,36;-395,45;0,00;0,00;0,00;-0,40;0,00;0,00;36;135;145;34;23;268;933
1360;47,62;-62,76;0,00;0,00;0,00;-0,06;0,00;0,00;267;31;56;26;18;327;175
1361;59,85;7,72;0,00;0,00;0,00;0,01;0,00;0,00;196;34;72;41;36;565;993
1362;26,51;-252,41;0,00;0,00;0,00;-0,25;0,00;0,00;340;185;198;10;31;414;205
1363;96,19;431,90;0,00;0,00;0,00;0,43;0,00;0,00;72;38;135;27;37;762;413
1364;69,73;226,77;0,00;0,00;0,00;0,23;0,00;0,00;29;52;20;22;28;397;247
1365;69,29;241,21;0,00;0,00;0,00;0,24;0,00;0,00;272;119;104;36;27;351;375
1366;58,13;103,47;0,00;0,00;0,00;0,10;0,00;0,00;292;192;131;42;28;940;949
1367;25,52;-309,71;0,00;0,00;0,00;-0,31;0,00;0,00;432;150;69;25;30;738;707
1368;33,87;-161,50;0,00;0,00;0,00;-0,16;0,00;0,00;239;71;38;47;26;595;870
1369;57,46;119,31;0,00;0,00;0,00;0,12;0,00;0,00;437;37;136;18;39;719;253
1370;70,00;128,42;0,00;0,00;0,00;0,13;0,00;0,00;177;17;165;35;38;270;908
1371;40,76;-113,83;0,00;0,00;0,00;-0,11;0,00;0,00;325;164;128;12;34;496;158
1372;60,26;56,36;0,00;0,00;0,00;0,06;0,00;0,00;310;137;43;13;15;804;593
1373;39,13;-183,75;0,00;0,00;0,00;-0,18;0,00;0,00;248;79;198;38;31;209;585
1374;53,11;-82,60;0,00;0,00;0,00;-0,08;0,00;0,00;406;106;113;19;36;783;913
1375;41,58;-97,52;0,00;0,00;0,00;-0,10;0,00;0,00;338;64;199;34;20;878;476
1376;46,25;-11,46;0,00;0,00;0,00;-0,01;0,00;0,00;206;134;94;22;21;864;317
1377;29,12;-218,63;0,00;0,00;0,00;-0,22;0,00;0,00;76;153;156;11;18;479;202
1378;42,95;-51,55;0,00;0,00;0,00;-0,05;0,00;0,00;495;46;78;49;22;377;894
1379;40,47;-133,46;0,00;0,00;0,00;-0,13;0,00;0,00;449;150;72;22;28;434;507
1380;47,04;24,69;0,00;0,00;0,00;0,02;0,00;0,00;151;72;156;40;15;414;417
1381;35,21;-160,17;0,00;0,00;0,00;-0,16;0,00;0,00;18;155;175;31;21;672;218
1382;50,41;-4,93;0,00;0,00;0,00;-0,00;0,00;0,00;471;140;165;28;28;384;814
1383;47,06;65,97;0,00;0,00;0,00;0,07;0,00;0,00;260;71;101;34;32;689;942
1384;76,22;244,93;0,00;0,00;0,00;0,24;0,00;0,00;71;99;161;21;22;116;267
1385;51,13;46,30;0,00;0,00;0,00;0,05;0,00;0,00;154;19;151;37;34;597;173
1386;52,67;62,17;0,00;0,00;0,00;0,06;0,00;0,00;213;54;176;39;18;537;843
1387;43,62;-41,32;0,00;0,00;0,00;-0,04;0,00;0,00;88;123;127;24;30;650;103
1388;63,31;184,57;0,00;0,00;0,00;0,18;0,00;0,00;318;93;69;42;23;286;672
1389;35,08;-154,75;0,00;0,00;0,00;-0,15;0,00;0,00;367;13;44;47;27;521;647
1390;63,45;135,71;0,00;0,00;0,00;0,14;0,00;0,00;104;31;183;28;24;250;571
1391;59,66;99,53;0,00;0,00;0,00;0,10;0,00;0,00;402;50;123;40;22;743;519
1392;40,20;-19,52;0,00;0,00;0,00;-0,02;0,00;0,00;104;24;57;29;21;980;470
1393;36,14;-104,35;0,00;0,00;0,00;-0,10;0,00;0,00;29;25;134;20;36;352;351
1394;35,31;-60,19;0,00;0,00;0,00;-0,06;0,00;0,00;115;103;13;29;23;741;249
1395;40,61;-4,98;0,00;0,00;0,00;-0,00;0,00;0,00;355;41;81;46;24;838;561
1396;53,33;16,85;0,00;0,00;0,00;0,02;0,00;0,00;96;122;110;24;35;649;121
1397;66,17;201,38;0,00;0,00;0,00;0,20;0,00;0,00;389;49;86;16;22;462;291
1398;66,96;153,15;0,00;0,00;0,00;0,15;0,00;0,00;465;40;156;45;27;870;765
1399;32,30;-157,11;0,00;0,00;0,00;-0,16;0,00;0,00;36;147;132;42;21;546;383
1400;59,55;33,98;0,00;0,00;0,00;0,03;0,00;0,00;100;191;166;31;17;473;289
1401;60,56;122,09;0,00;0,00;0,00;0,12;0,00;0,00;207;21;165;27;25;269;533
1402;61,89;145,61;0,00;0,00;0,00;0,15;0,00;0,00;471;55;147;49;36;665;288
1403;45,22;-55,68;0,00;0,00;0,00;-0,06;0,00;0,00;37;62;10;24;32;843;969
1404;60,77;114,44;0,00;0,00;0,00;0,11;0,00;0,00;135;69;53;33;22;529;726
1405;35,09;-119,68;0,00;0,00;0,00;-0,12;0,00;0,00;284;72;45;15;27;570;183
1406;34,69;-224,16;0,00;0,00;0,00;-0,22;0,00;0,00;51;106;24;24;15;278;804
1407;33,59;-139,53;0,00;0,00;0,00;-0,14;0,00;0,00;151;42;192;38;23;813;189
1408;61,82;176,52;0,00;0,00;0,00;0,18;0,00;0,00;430;35;135;27;27;876;702
1409;37,13;-99,47;0,00;0,00;0,00;-0,10;0,00;0,00;414;78;144;38;27;904;115
1410;54,88;61,69;0,00;0,00;0,00;0,06;0,00;0,00;392;131;142;20;32;334;844
1411;55,64;48,92;0,00;0,00;0,00;0,05;0,00;0,00;311;65;175;11;25;998;199
1412;74,40;261,16;0,00;0,00;0,00;0,26;0,00;0,00;217;34;12;16;21;301;101
1413;50,99;32,42;0,00;0,00;0,00;0,03;0,00;0,00;349;101;187;12;27;408;571
1414;55,33;50,15;0,00;0,00;0,00;0,05;0,00;0,00;278;189;78;27;36;961;148
1415;48,24;3,31;0,00;0,00;0,00;0,00;0,00;0,00;289;186;177;28;27;548;575
1416;25,70;-290,81;0,00;0,00;0,00;-0,29;0,00;0,00;433;148;116;18;21;155;128
1417;41,89;-59,54;0,00;0,00;0,00;-0,06;0,00;0,00;308;115;123;16;16;220;516
1418;6,03;-453,65;0,00;0,00;0,00;-0,45;0,00;0,00;350;40;30;48;35;884;431
1419;43,18;-163,00;0,00;0,00;0,00;-0,16;0,00;0,00;56;53;190;23;36;244;518
1420;40,28;-131,54;0,00;0,00;0,00;-0,13;0,00;0,00;430;188;18;26;28;620;798
1421;55,88;-7,20;0,00;0,00;0,00;-0,01;0,00;0,00;372;114;181;38;24;749;139
1422;63,65;144,73;0,00;0,00;0,00;0,14;0,00;0,00;134;75;40;10;24;167;321
1423;60,74;40,21;0,00;0,00;0,00;0,04;0,00;0,00;242;122;157;46;37;656;725
1424;44,96;12,78;0,00;0,00;0,00;0,01;0,00;0,00;178;22;72;37;26;792;446
1425;63,62;176,05;0,00;0,00;0,00;0,18;0,00;0,00;411;49;18;30;35;605;314
1426;28,70;-194,27;0,00;0,00;0,00;-0,19;0,00;0,00;428;40;148;17;22;307;649
1427;64,59;98,35;0,00;0,00;0,00;0,10;0,00;0,00;441;64;185;44;20;715;645
1428;47,50;-38,93;0,00;0,00;0,00;-0,04;0,00;0,00;18;59;83;27;30;504;525
1429;43,04;-157,98;0,00;0,00;0,00;-0,16;0,00;0,00;487;22;58;47;15;328;697
1430;55,15;105,49;0,00;0,00;0,00;0,11;0,00;0,00;422;140;33;49;15;595;889
1431;51,93;-73,00;0,00;0,00;0,00;-0,07;0,00;0,00;167;159;31;14;33;850;972
1432;44,80;-48,82;0,00;0,00;0,00;-0,05;0,00;0,00;484;94;119;45;26;202;797
1433;61,42;104,86;0,00;0,00;0,00;0,10;0,00;0,00;473;80;188;34;15;280;684
1434;23,44;-241,76;0,00;0,00;0,00;-0,24;0,00;0,00;383;78;80;12;39;217;427
1435;40,06;-129,27;0,00;0,00;0,00;-0,13;0,00;0,00;405;195;26;46;39;890;439
1436;49,54;54,68;0,00;0,00;0,00;0,05;0,00;0,00;33;179;180;30;28;862;287
1437;76,44;333,46;0,00;0,00;0,00;0,33;0,00;0,00;275;10;113;49;35;779;925
1438;53,74;43,75;0,00;0,00;0,00;0,04;0,00;0,00;270;105;78;21;20;634;540
1439;56,69;13,57;0,00;0,00;0,00;0,01;0,00;0,00;58;86;126;38;26;161;870
1440;61,32;186,42;0,00;0,00;0,00;0,19;0,00;0,00;374;45;120;46;21;492;176
1441;74,25;187,84;0,00;0,00;0,00;0,19;0,00;0,00;454;119;81;37;25;732;549
1442;37,75;-169,14;0,00;0,00;0,00;-0,17;0,00;0,00;439;22;47;10;21;324;452
1443;25,97;-276,04;0,00;0,00;0,00;-0,28;0,00;0,00;210;90;87;11;37;425;201
1444;53,82;-22,37;0,00;0,00;0,00;-0,02;0,00;0,00;47;149;157;11;30;588;415
1445;49,76;66,31;0,00;0,00;0,00;0,07;0,00;0,00;19;33;178;24;16;274;558
1446;51,82;51,77;0,00;0,00;0,00;0,05;0,00;0,00;491;111;134;33;26;952;838
1447;27,36;-195,59;0,00;0,00;0,00;-0,20;0,00;0,00;362;108;187;47;27;734;764
1448;31,44;-192,64;0,00;0,00;0,00;-0,19;0,00;0,00;82;120;128;29;36;933;849
1449;39,45;-15,41;0,00;0,00;0,00;-0,02;0,00;0,00;127;120;148;28;22;139;514
1450;39,61;-59,66;0,00;0,00;0,00;-0,06;0,00;0,00;292;26;21;18;33;234;890
1451;86,81;360,76;0,00;0,00;0,00;0,36;0,00;0,00;258;108;199;45;25;550;865
1452;61,00;180,72;0,00;0,00;0,00;0,18;0,00;0,00;309;145;53;33;16;559;291
1453;12,01;-384,34;0,00;0,00;0,00;-0,38;0,00;0,00;92;184;12;33;32;232;641
1454;49,50;-70,75;0,00;0,00;0,00;-0,07;0,00;0,00;27;112;74;40;17;611;640
1455;66,07;255,80;0,00;0,00;0,00;0,26;0,00;0,00;471;75;88;33;19;532;188
1456;53,95;-3,45;0,00;0,00;0,00;-0,00;0,00;0,00;208;26;181;20;15;832;387
1457;47,55;10,12;0,00;0,00;0,00;0,01;0,00;0,00;279;72;65;11;16;542;698
1458;34,54;-187,71;0,00;0,00;0,00;-0,19;0,00;0,00;46;49;144;37;28;435;433
1459;57,88;106,07;0,00;0,00;0,00;0,11;0,00;0,00;462;52;42;32;36;310;756
1460;20,82;-290,33;0,00;0,00;0,00;-0,29;0,00;0,00;34;96;101;42;21;961;673
1461;33,51;-155,88;0,00;0,00;0,00;-0,16;0,00;0,00;302;153;21;49;16;808;534
1462;50,42;16,25;0,00;0,00;0,00;0,02;0,00;0,00;440;33;26;40;33;303;147
1463;64,40;168,99;0,00;0,00;0,00;0,17;0,00;0,00;221;167;110;34;31;924;676
1464;47,77;-18,96;0,00;0,00;0,00;-0,02;0,00;0,00;445;128;15;15;16;861;166
1465;61,61;41,87;0,00;0,00;0,00;0,04;0,00;0,00;457;60;154;37;33;268;865
1466;88,32;442,26;0,00;0,00;0,00;0,44;0,00;0,00;389;167;76;30;20;719;878
1467;68,87;184,71;0,00;0,00;0,00;0,18;0,00;0,00;298;190;169;17;17;975;131
1468;38,04;-65,86;0,00;0,00;0,00;-0,07;0,00;0,00;348;38;154;35;30;813;715
1469;58,66;10,81;0,00;0,00;0,00;0,01;0,00;0,00;434;53;187;38;37;917;541
1470;63,33;143,70;0,00;0,00;0,00;0,14;0,00;0,00;474;115;155;25;35;114;389
1471;49,20;-5,40;0,00;0,00;0,00;-0,01;0,00;0,00;42;43;41;23;19;404;417
1472;32,88;-105,09;0,00;0,00;0,00;-0,11;0,00;0,00;226;164;173;14;23;585;679
1473;38,37;-183,99;0,00;0,00;0,00;-0,18;0,00;0,00;213;90;177;21;21;363;875
1474;59,28;54,51;0,00;0,00;0,00;0,05;0,00;0,00;67;61;171;11;39;589;909
1475;60,93;-18,70;0,00;0,00;0,00;-0,02;0,00;0,00;188;176;148;49;30;204;926
1476;40,75;-78,82;0,00;0,00;0,00;-0,08;0,00;0,00;135;160;197;26;37;777;296
1477;25,15;-266,48;0,00;0,00;0,00;-0,27;0,00;0,00;427;13;143;20;39;809;397
1478;74,50;229,21;0,00;0,00;0,00;0,23;0,00;0,00;125;11;72;38;26;140;230
1479;21,35;-306,03;0,00;0,00;0,00;-0,31;0,00;0,00;168;30;192;36;37;674;875
1480;55,48;27,52;0,00;0,00;0,00;0,03;0,00;0,00;341;73;150;12;28;627;583
1481;50,97;72,75;0,00;0,00;0,00;0,07;0,00;0,00;37;22;78;28;24;887;505
1482;49,11;-118,43;0,00;0,00;0,00;-0,12;0,00;0,00;230;25;49;15;26;105;500
1483;39,94;-46,38;0,00;0,00;0,00;-0,05;0,00;0,00;14;161;180;40;16;572;319
1484;34,20;-48,63;0,00;0,00;0,00;-0,05;0,00;0,00;278;45;40;46;31;303;465
1485;31,02;-260,44;0,00;0,00;0,00;-0,26;0,00;0,00;26;146;189;16;15;573;846
1486;80,17;245,79;0,00;0,00;0,00;0,25;0,00;0,00;360;82;124;27;34;973;123
1487;54,23;5,14;0,00;0,00;0,00;0,01;0,00;0,00;458;27;35;14;28;822;768
1488;47,25;-21,92;0,00;0,00;0,00;-0,02;0,00;0,00;86;99;84;13;17;667;749
1489;61,41;42,35;0,00;0,00;0,00;0,04;0,00;0,00;93;101;144;17;18;686;820
1490;25,43;-154,12;0,00;0,00;0,00;-0,15;0,00;0,00;175;191;11;24;39;461;703
1491;38,07;-86,07;0,00;0,00;0,00;-0,09;0,00;0,00;286;84;50;45;15;513;469
1492;68,16;183,77;0,00;0,00;0,00;0,18;0,00;0,00;252;47;176;12;28;872;978
1493;62,97;159,22;0,00;0,00;0,00;0,16;0,00;0,00;180;81;121;15;36;421;465
1494;29,09;-182,98;0,00;0,00;0,00;-0,18;0,00;0,00;14;111;172;41;16;156;125
1495;65,62;165,06;0,00;0,00;0,00;0,17;0,00;0,00;202;122;79;23;36;467;938
1496;47,52;-54,03;0,00;0,00;0,00;-0,05;0,00;0,00;84;98;87;25;37;315;837
1497;47,91;40,28;0,00;0,00;0,00;0,04;0,00;0,00;149;21;186;43;29;825;920
1498;42,95;-81,25;0,00;0,00;0,00;-0,08;0,00;0,00;230;74;95;25;36;919;835
1499;59,72;56,39;0,00;0,00;0,00;0,06;0,00;0,00;189;105;43;28;16;538;276
1500;59,00;136,00;0,00;0,00;0,00;0,14;0,00;0,00;98;103;65;49;39;488;113
1501;38,57;-195,66;0,00;0,00;0,00;-0,20;0,00;0,00;254;174;189;24;27;311;664
1502;40,58;-199,02;0,00;0,00;0,00;-0,20;0,00;0,00;136;168;115;43;37;800;350
1503;61,90;114,87;0,00;0,00;0,00;0,11;0,00;0,00;384;111;50;26;34;330;644
1504;63,43;180,74;0,00;0,00;0,00;0,18;0,00;0,00;239;121;66;33;23;490;473
1505;52,88;-8,29;0,00;0,00;0,00;-0,01;0,00;0,00;304;144;182;16;34;589;778
1506;54,00;79,91;0,00;0,00;0,00;0,08;0,00;0,00;326;170;94;39;30;708;568
1507;73,44;176,02;0,00;0,00;0,00;0,18;0,00;0,00;417;28;110;28;37;573;382
1508;56,62;-9,59;0,00;0,00;0,00;-0,01;0,00;0,00;97;131;139;45;27;899;308
1509;46,92;-53,25;0,00;0,00;0,00;-0,05;0,00;0,00;98;141;42;43;37;861;114
1510;55,31;28,15;0,00;0,00;0,00;0,03;0,00;0,00;162;127;174;20;33;812;644
1511;63,62;166,79;0,00;0,00;0,00;0,17;0,00;0,00;81;44;157;19;18;270;369
1512;44,57;-95,38;0,00;0,00;0,00;-0,10;0,00;0,00;455;175;70;11;31;265;425
1513;63,56;158,33;0,00;0,00;0,00;0,16;0,00;0,00;207;186;55;22;32;390;133
1514;46,35;-92,96;0,00;0,00;0,00;-0,09;0,00;0,00;134;17;117;27;32;597;524
1515;50,80;19,37;0,00;0,00;0,00;0,02;0,00;0,00;454;69;112;17;31;770;204
1516;36,99;-123,04;0,00;0,00;0,00;-0,12;0,00;0,00;112;146;161;16;31;908;251
1517;59,57;26,97;0,00;0,00;0,00;0,03;0,00;0,00;284;126;77;25;33;491;372
1518;31,99;-216,39;0,00;0,00;0,00;-0,22;0,00;0,00;371;67;121;22;29;612;584
1519;37,05;-178,11;0,00;0,00;0,00;-0,18;0,00;0,00;318;125;136;37;31;398;895
1520;75,91;267,09;0,00;0,00;0,00;0,27;0,00;0,00;249;181;78;25;25;471;764
1521;35,06;-119,85;0,00;0,00;0,00;-0,12;0,00;0,00;312;85;86;30;21;904;506
1522;38,87;5,66;0,00;0,00;0,00;0,01;0,00;0,00;391;90;47;48;21;532;555
1523;51,49;15,26;0,00;0,00;0,00;0,02;0,00;0,00;251;35;75;21;29;491;389
1524;36,34;-171,79;0,00;0,00;0,00;-0,17;0,00;0,00;147;137;124;15;23;703;217
1525;21,31;-276,39;0,00;0,00;0,00;-0,28;0,00;0,00;59;56;117;17;30;673;410
1526;53,94;34,96;0,00;0,00;0,00;0,03;0,00;0,00;300;177;169;16;39;366;636
1527;55,19;15,82;0,00;0,00;0,00;0,02;0,00;0,00;58;131;174;38;32;949;302
1528;32,00;-168,52;0,00;0,00;0,00;-0,17;0,00;0,00;492;111;75;41;35;999;586
1529;31,76;-142,03;0,00;0,00;0,00;-0,14;0,00;0,00;158;190;105;29;25;365;650
1530;23,67;-158,02;0,00;0,00;0,00;-0,16;0,00;0,00;478;124;193;31;23;708;381
1531;74,38;253,83;0,00;0,00;0,00;0,25;0,00;0,00;417;40;168;18;25;236;119
1532;66,00;187,34;0,00;0,00;0,00;0,19;0,00;0,00;352;199;175;47;21;282;372
1533;65,70;116,25;0,00;0,00;0,00;0,12;0,00;0,00;176;194;88;44;25;849;921
1534;62,73;119,67;0,00;0,00;0,00;0,12;0,00;0,00;122;180;62;35;33;536;206
1535;31,10;-287,62;0,00;0,00;0,00;-0,29;0,00;0,00;391;180;199;39;35;487;226
1536;36,02;-138,16;0,00;0,00;0,00;-0,14;0,00;0,00;180;51;141;36;34;894;991
1537;39,87;-98,39;0,00;0,00;0,00;-0,10;0,00;0,00;421;150;119;29;39;820;379
1538;66,73;191,12;0,00;0,00;0,00;0,19;0,00;0,00;142;110;173;47;27;802;713
1539;33,98;-192,19;0,00;0,00;0,00;-0,19;0,00;0,00;461;19;176;19;30;112;350
1540;45,19;-46,40;0,00;0,00;0,00;-0,05;0,00;0,00;180;24;182;41;39;482;148
1541;66,11;274,85;0,00;0,00;0,00;0,27;0,00;0,00;270;128;17;35;18;197;570
1542;49,70;3,98;0,00;0,00;0,00;0,00;0,00;0,00;74;168;116;21;38;541;826
1543;55,75;83,08;0,00;0,00;0,00;0,08;0,00;0,00;110;15;189;10;33;517;511
1544;38,11;-125,09;0,00;0,00;0,00;-0,13;0,00;0,00;296;110;171;37;36;655;708
1545;44,99;-65,00;0,00;0,00;0,00;-0,07;0,00;0,00;459;96;114;29;28;348;950
1546;34,86;-116,66;0,00;0,00;0,00;-0,12;0,00;0,00;418;88;64;43;36;736;932
1547;45,88;-41,33;0,00;0,00;0,00;-0,04;0,00;0,00;307;188;135;10;27;972;409
1548;55,04;16,46;0,00;0,00;0,00;0,02;0,00;0,00;494;86;48;45;25;903;726
1549;31,13;-270,12;0,00;0,00;0,00;-0,27;0,00;0,00;398;158;115;25;33;506;965
1550;19,40;-322,56;0,00;0,00;0,00;-0,32;0,00;0,00;390;55;95;23;19;815;477
1551;67,33;215,83;0,00;0,00;0,00;0,22;0,00;0,00;227;125;68;49;26;463;373
1552;32,27;-202,13;0,00;0,00;0,00;-0,20;0,00;0,00;165;131;99;33;36;627;980
1553;41,13;-54,99;0,00;0,00;0,00;-0,05;0,00;0,00;351;59;127;48;33;610;239
1554;64,53;140,20;0,00;0,00;0,00;0,14;0,00;0,00;45;198;20;42;32;794;722
1555;59,57;39,91;0,00;0,00;0,00;0,04;0,00;0,00;361;162;39;40;20;592;352
1556;37,07;-231,02;0,00;0,00;0,00;-0,23;0,00;0,00;158;100;102;45;34;895;112
1557;50,40;28,10;0,00;0,00;0,00;0,03;0,00;0,00;351;142;193;26;31;838;555
1558;81,37;268,39;0,00;0,00;0,00;0,27;0,00;0,00;445;90;70;29;39;749;522
1559;49,89;-29,27;0,00;0,00;0,00;-0,03;0,00;0,00;230;36;53;46;24;830;281
1560;58,44;38,36;0,00;0,00;0,00;0,04;0,00;0,00;333;122;65;15;30;135;617
1561;43,82;-84,43;0,00;0,00;0,00;-0,08;0,00;0,00;385;52;51;18;22;588;439
1562;33,47;-166,52;0,00;0,00;0,00;-0,17;0,00;0,00;449;153;187;45;38;526;701
1563;48,87;10,44;0,00;0,00;0,00;0,01;0,00;0,00;415;67;10;27;35;728;177
1564;64,31;145,92;0,00;0,00;0,00;0,15;0,00;0,00;153;193;70;16;39;274;558
1565;0,89;-549,17;0,00;0,00;0,00;-0,55;0,00;0,00;420;22;123;18;32;123;189
1566;49,81;-53,35;0,00;0,00;0,00;-0,05;0,00;0,00;412;94;89;44;37;759;858
1567;21,72;-297,87;0,00;0,00;0,00;-0,30;0,00;0,00;60;84;153;33;35;159;476
1568;22,80;-273,39;0,00;0,00;0,00;-0,27;0,00;0,00;105;73;22;39;16;857;483
1569;4,00;-498,95;0,00;0,00;0,00;-0,50;0,00;0,00;418;75;193;32;38;219;588
1570;64,18;193,59;0,00;0,00;0,00;0,19;0,00;0,00;196;93;168;41;39;447;100
1571;69,87;204,06;0,00;0,00;0,00;0,20;0,00;0,00;309;38;157;10;30;723;813
1572;45,92;8,67;0,00;0,00;0,00;0,01;0,00;0,00;41;167;113;34;26;433;824
1573;56,31;77,07;0,00;0,00;0,00;0,08;0,00;0,00;164;112;148;26;17;733;860
1574;24,68;-304,75;0,00;0,00;0,00;-0,30;0,00;0,00;57;44;26;45;35;817;617
1575;52,96;-44,64;0,00;0,00;0,00;-0,04;0,00;0,00;421;130;140;46;34;916;181
1576;36,28;-198,05;0,00;0,00;0,00;-0,20;0,00;0,00;319;135;76;36;25;962;665
1577;47,11;124,17;0,00;0,00;0,00;0,12;0,00;0,00;395;25;78;43;21;896;475
1578;65,54;71,17;0,00;0,00;0,00;0,07;0,00;0,00;194;110;81;14;32;831;679
1579;51,17;29,74;0,00;0,00;0,00;0,03;0,00;0,00;403;120;86;43;35;653;819
1580;24,09;-230,08;0,00;0,00;0,00;-0,23;0,00;0,00;383;150;124;24;35;271;302
1581;56,67;62,79;0,00;0,00;0,00;0,06;0,00;0,00;263;95;156;47;18;498;191
1582;71,61;177,12;0,00;0,00;0,00;0,18;0,00;0,00;161;117;173;12;16;281;332
1583;45,76;-92,26;0,00;0,00;0,00;-0,09;0,00;0,00;279;157;147;18;35;742;591
1584;53,86;12,65;0,00;0,00;0,00;0,01;0,00;0,00;176;108;53;18;24;985;683
1585;57,95;159,34;0,00;0,00;0,00;0,16;0,00;0,00;262;13;108;19;27;642;331
1586;54,21;43,27;0,00;0,00;0,00;0,04;0,00;0,00;331;112;184;10;15;126;637
1587;57,05;28,91;0,00;0,00;0,00;0,03;0,00;0,00;409;190;57;29;32;829;693
1588;60,01;100,77;0,00;0,00;0,00;0,10;0,00;0,00;319;189;130;44;27;564;321
1589;70,49;271,40;0,00;0,00;0,00;0,27;0,00;0,00;399;99;112;17;36;438;675
1590;55,95;50,14;0,00;0,00;0,00;0,05;0,00;0,00;266;127;23;49;27;535;603
1591;52,83;117,14;0,00;0,00;0,00;0,12;0,00;0,00;51;72;85;13;29;898;831
1592;56,02;124,73;0,00;0,00;0,00;0,12;0,00;0,00;344;25;74;39;17;900;738
1593;63,33;150,87;0,00;0,00;0,00;0,15;0,00;0,00;377;198;69;14;18;122;743
1594;55,86;7,24;0,00;0,00;0,00;0,01;0,00;0,00;21;113;168;49;21;849;576
1595;95,67;450,90;0,00;0,00;0,00;0,45;0,00;0,00;65;107;112;27;17;983;238
1596;75,22;306,26;0,00;0,00;0,00;0,31;0,00;0,00;265;157;14;12;20;806;783
1597;52,93;33,63;0,00;0,00;0,00;0,03;0,00;0,00;389;155;64;46;37;688;521
1598;63,71;125,43;0,00;0,00;0,00;0,13;0,00;0,00;214;154;112;12;33;483;180
1599;31,87;-209,49;0,00;0,00;0,00;-0,21;0,00;0,00;88;37;166;46;25;470;823
1600;57,61;80,24;0,00;0,00;0,00;0,08;0,00;0,00;267;117;69;43;24;546;101
1601;31,53;-197,25;0,00;0,00;0,00;-0,20;0,00;0,00;351;21;75;14;19;142;258
1602;59,76;166,59;0,00;0,00;0,00;0,17;0,00;0,00;87;179;30;37;19;469;610
1603;72,86;247,70;0,00;0,00;0,00;0,25;0,00;0,00;246;38;169;23;19;230;656
1604;61,22;111,72;0,00;0,00;0,00;0,11;0,00;0,00;305;116;40;29;29;917;685
1605;47,90;88,77;0,00;0,00;0,00;0,09;0,00;0,00;216;123;140;11;36;982;583
1606;60,47;174,46;0,00;0,00;0,00;0,17;0,00;0,00;248;170;196;47;24;800;397
1607;14,64;-415,61;0,00;0,00;0,00;-0,42;0,00;0,00;111;27;113;11;15;702;967
1608;58,82;152,81;0,00;0,00;0,00;0,15;0,00;0,00;151;26;57;18;17;848;954
1609;69,10;146,70;0,00;0,00;0,00;0,15;0,00;0,00;371;187;189;29;36;512;765
1610;47,92;-34,30;0,00;0,00;0,00;-0,03;0,00;0,00;132;151;195;30;38;133;979
1611;27,63;-303,24;0,00;0,00;0,00;-0,30;0,00;0,00;72;93;115;18;15;671;567
1612;36,22;-182,24;0,00;0,00;0,00;-0,18;0,00;0,00;226;114;28;13;28;979;436
1613;36,68;-116,27;0,00;0,00;0,00;-0,12;0,00;0,00;268;81;78;18;31;747;508
1614;44,24;-126,65;0,00;0,00;0,00;-0,13;0,00;0,00;72;89;106;30;17;948;251
1615;53,69;57,04;0,00;0,00;0,00;0,06;0,00;0,00;367;16;20;46;15;326;596
1616;66,15;117,85;0,00;0,00;0,00;0,12;0,00;0,00;91;151;33;22;25;524;699
1617;38,71;-125,10;0,00;0,00;0,00;-0,13;0,00;0,00;476;104;164;17;27;945;794
1618;83,27;304,54;0,00;0,00;0,00;0,30;0,00;0,00;467;167;95;42;18;265;203
1619;40,79;-183,58;0,00;0,00;0,00;-0,18;0,00;0,00;475;126;121;26;37;830;695
1620;64,12;106,22;0,00;0,00;0,00;0,11;0,00;0,00;472;127;136;39;20;957;917
1621;49,79;16,75;0,00;0,00;0,00;0,02;0,00;0,00;321;115;92;12;39;814;781
1622;50,57;-41,86;0,00;0,00;0,00;-0,04;0,00;0,00;259;173;41;33;17;452;739
1623;14,24;-414,36;0,00;0,00;0,00;-0,41;0,00;0,00;342;156;167;28;15;736;667
1624;60,66;165,65;0,00;0,00;0,00;0,17;0,00;0,00;249;12;118;22;21;856;364
1625;44,22;-9,62;0,00;0,00;0,00;-0,01;0,00;0,00;158;25;105;19;20;536;831
1626;50,78;-56,29;0,00;0,00;0,00;-0,06;0,00;0,00;39;16;10;42;26;157;143
1627;49,83;38,84;0,00;0,00;0,00;0,04;0,00;0,00;337;142;86;30;18;542;324
1628;67,05;220,10;0,00;0,00;0,00;0,22;0,00;0,00;335;164;148;37;16;780;844
1629;35,88;-131,07;0,00;0,00;0,00;-0,13;0,00;0,00;343;45;40;42;22;800;547
1630;35,22;-208,28;0,00;0,00;0,00;-0,21;0,00;0,00;92;170;103;28;37;719;513
1631;40,46;-77,13;0,00;0,00;0,00;-0,08;0,00;0,00;275;151;35;48;32;147;240
1632;50,88;29,01;0,00;0,00;0,00;0,03;0,00;0,00;208;182;74;43;24;471;583
1633;46,84;-15,17;0,00;0,00;0,00;-0,02;0,00;0,00;81;39;95;30;33;780;155
1634;34,24;-173,51;0,00;0,00;0,00;-0,17;0,00;0,00;354;82;163;25;32;356;376
1635;36,73;-151,99;0,00;0,00;0,00;-0,15;0,00;0,00;267;130;146;18;31;994;621
1636;69,76;192,89;0,00;0,00;0,00;0,19;0,00;0,00;463;122;91;36;20;616;669
1637;42,19;-94,45;0,00;0,00;0,00;-0,09;0,00;0,00;158;182;22;31;19;649;348
1638;57,44;41,10;0,00;0,00;0,00;0,04;0,00;0,00;377;59;64;34;27;275;975
1639;16,57;-301,04;0,00;0,00;0,00;-0,30;0,00;0,00;22;84;146;49;37;481;373
1640;64,32;116,80;0,00;0,00;0,00;0,12;0,00;0,00;478;84;180;31;38;503;838
1641;27,51;-323,00;0,00;0,00;0,00;-0,32;0,00;0,00;243;164;190;18;36;592;609
1642;64,09;116,68;0,00;0,00;0,00;0,12;0,00;0,00;178;143;13;20;38;241;803
1643;48,83;1,51;0,00;0,00;0,00;0,00;0,00;0,00;200;38;88;36;39;340;713
1644;46,14;54,00;0,00;0,00;0,00;0,05;0,00;0,00;22;48;98;45;36;308;882
1645;82,82;370,85;0,00;0,00;0,00;0,37;0,00;0,00;346;122;167;46;22;789;547
1646;60,05;98,01;0,00;0,00;0,00;0,10;0,00;0,00;402;19;85;40;17;341;610
1647;40,52;-90,93;0,00;0,00;0,00;-0,09;0,00;0,00;371;41;55;40;38;248;281
1648;73,92;165,99;0,00;0,00;0,00;0,17;0,00;0,00;61;11;164;13;17;665;330
1649;70,31;239,37;0,00;0,00;0,00;0,24;0,00;0,00;271;175;176;22;16;512;550
1650;49,44;46,96;0,00;0,00;0,00;0,05;0,00;0,00;415;152;158;38;27;254;493
1651;59,67;129,13;0,00;0,00;0,00;0,13;0,00;0,00;207;79;154;28;22;876;716
1652;68,64;171,07;0,00;0,00;0,00;0,17;0,00;0,00;10;152;16;16;32;598;774
1653;63,07;93,64;0,00;0,00;0,00;0,09;0,00;0,00;372;142;149;26;38;525;621
1654;63,63;123,12;0,00;0,00;0,00;0,12;0,00;0,00;321;80;78;21;31;440;764
1655;41,04;-81,89;0,00;0,00;0,00;-0,08;0,00;0,00;229;159;41;12;21;720;337
1656;43,49;18,18;0,00;0,00;0,00;0,02;0,00;0,00;345;174;159;43;26;318;846
1657;62,53;162,72;0,00;0,00;0,00;0,16;0,00;0,00;440;171;99;27;19;598;919
1658;66,00;157,30;0,00;0,00;0,00;0,16;0,00;0,00;143;69;104;29;22;720;696
1659;63,08;40,78;0,00;0,00;0,00;0,04;0,00;0,00;213;148;190;46;18;559;373
1660;47,94;-39,33;0,00;0,00;0,00;-0,04;0,00;0,00;63;161;123;37;34;707;256
1661;64,85;113,37;0,00;0,00;0,00;0,11;0,00;0,00;67;160;140;27;23;536;370
1662;64,84;157,50;0,00;0,00;0,00;0,16;0,00;0,00;271;186;54;19;25;889;718
1663;41,94;-125,94;0,00;0,00;0,00;-0,13;0,00;0,00;50;19;152;19;21;594;900
1664;61,50;101,30;0,00;0,00;0,00;0,10;0,00;0,00;18;119;139;19;17;514;202
1665;31,37;-198,86;0,00;0,00;0,00;-0,20;0,00;0,00;474;169;47;42;16;657;602
1666;52,54;-34,98;0,00;0,00;0,00;-0,03;0,00;0,00;356;80;190;18;34;678;141
1667;49,43;66,13;0,00;0,00;0,00;0,07;0,00;0,00;155;82;136;22;32;511;669
1668;43,69;20,11;0,00;0,00;0,00;0,02;0,00;0,00;162;133;187;40;35;755;239
1669;26,55;-250,62;0,00;0,00;0,00;-0,25;0,00;0,00;239;131;44;15;39;302;566
1670;46,82;8,82;0,00;0,00;0,00;0,01;0,00;0,00;268;159;179;18;27;500;350
1671;27,04;-206,13;0,00;0,00;0,00;-0,21;0,00;0,00;486;183;14;21;15;534;889
1672;33,67;-162,16;0,00;0,00;0,00;-0,16;0,00;0,00;62;46;41;37;17;950;813
1673;73,54;234,31;0,00;0,00;0,00;0,23;0,00;0,00;454;116;78;24;38;966;483
1674;58,07;55,80;0,00;0,00;0,00;0,06;0,00;0,00;112;41;178;37;15;981;673
1675;13,39;-415,00;0,00;0,00;0,00;-0,42;0,00;0,00;351;35;11;34;22;344;371
1676;46,40;-60,60;0,00;0,00;0,00;-0,06;0,00;0,00;356;114;73;20;38;651;457
1677;62,57;98,56;0,00;0,00;0,00;0,10;0,00;0,00;420;152;70;41;37;640;199
1678;42,40;-121,37;0,00;0,00;0,00;-0,12;0,00;0,00;323;86;26;22;26;349;850
1679;41,17;-75,11;0,00;0,00;0,00;-0,08;0,00;0,00;179;105;143;49;26;554;364
1680;33,19;-174,30;0,00;0,00;0,00;-0,17;0,00;0,00;69;68;197;48;25;728;206
1681;81,71;379,55;0,00;0,00;0,00;0,38;0,00;0,00;295;96;121;40;26;782;930
1682;47,68;-67,86;0,00;0,00;0,00;-0,07;0,00;0,00;372;22;19;46;15;821;545
1683;30,03;-257,84;0,00;0,00;0,00;-0,26;0,00;0,00;115;57;160;19;17;431;717
1684;58,67;126,88;0,00;0,00;0,00;0,13;0,00;0,00;103;130;175;13;31;373;154
1685;29,88;-257,15;0,00;0,00;0,00;-0,26;0,00;0,00;403;44;147;11;30;171;110
1686;34,85;-211,55;0,00;0,00;0,00;-0,21;0,00;0,00;133;21;97;38;15;855;134
1687;26,77;-235,59;0,00;0,00;0,00;-0,24;0,00;0,00;396;118;126;41;21;429;868
1688;11,72;-397,95;0,00;0,00;0,00;-0,40;0,00;0,00;220;138;81;30;37;968;706
1689;51,31;99,03;0,00;0,00;0,00;0,10;0,00;0,00;486;153;37;48;35;345;101
1690;72,20;279,33;0,00;0,00;0,00;0,28;0,00;0,00;118;199;50;18;31;849;994
1691;61,34;257,50;0,00;0,00;0,00;0,26;0,00;0,00;408;31;13;16;21;122;449
1692;66,37;178,29;0,00;0,00;0,00;0,18;0,00;0,00;176;116;37;35;23;216;325
1693;57,48;36,47;0,00;0,00;0,00;0,04;0,00;0,00;488;55;93;24;19;639;787
1694;44,80;-103,87;0,00;0,00;0,00;-0,10;0,00;0,00;177;87;141;45;22;362;632
1695;27,53;-239,45;0,00;0,00;0,00;-0,24;0,00;0,00;169;138;42;19;31;577;385
1696;53,35;22,80;0,00;0,00;0,00;0,02;0,00;0,00;288;27;186;44;18;799;614
1697;35,84;-150,04;0,00;0,00;0,00;-0,15;0,00;0,00;339;176;75;39;33;908;209
1698;53,45;-135,08;0,00;0,00;0,00;-0,14;0,00;0,00;371;61;162;10;26;911;485
1699;55,36;58,95;0,00;0,00;0,00;0,06;0,00;0,00;483;71;88;46;31;498;192
1700;49,37;34,77;0,00;0,00;0,00;0,03;0,00;0,00;326;104;136;10;15;662;428
1701;70,10;188,95;0,00;0,00;0,00;0,19;0,00;0,00;222;156;68;43;29;838;390
1702;78,42;291,16;0,00;0,00;0,00;0,29;0,00;0,00;415;104;102;43;28;817;318
1703;61,31;81,15;0,00;0,00;0,00;0,08;0,00;0,00;370;113;68;12;33;664;150
1704;50,75;-66,16;0,00;0,00;0,00;-0,07;0,00;0,00;40;179;72;44;18;674;788
1705;48,43;-60,02;0,00;0,00;0,00;-0,06;0,00;0,00;57;134;45;18;31;832;413
1706;50,09;13,88;0,00;0,00;0,00;0,01;0,00;0,00;205;142;46;33;36;457;424
1707;22,87;-344,12;0,00;0,00;0,00;-0,34;0,00;0,00;276;119;151;47;32;232;485
1708;34,87;-234,93;0,00;0,00;0,00;-0,23;0,00;0,00;367;54;19;21;17;898;841
1709;71,86;310,58;0,00;0,00;0,00;0,31;0,00;0,00;200;59;134;17;33;184;427
1710;67,58;193,79;0,00;0,00;0,00;0,19;0,00;0,00;179;153;51;37;33;610;523
1711;63,49;148,68;0,00;0,00;0,00;0,15;0,00;0,00;316;90;131;36;17;876;587
1712;44,71;-51,56;0,00;0,00;0,00;-0,05;0,00;0,00;467;190;64;34;25;569;658
1713;87,08;360,78;0,00;0,00;0,00;0,36;0,00;0,00;359;55;49;11;15;207;661
1714;16,65;-370,14;0,00;0,00;0,00;-0,37;0,00;0,00;404;113;155;37;21;104;287
1715;26,43;-206,61;0,00;0,00;0,00;-0,21;0,00;0,00;353;97;36;49;39;921;109
1716;65,02;171,76;0,00;0,00;0,00;0,17;0,00;0,00;479;53;22;39;30;284;176
1717;36,30;-147,58;0,00;0,00;0,00;-0,15;0,00;0,00;360;88;198;13;19;942;913
1718;30,95;-146,09;0,00;0,00;0,00;-0,15;0,00;0,00;235;100;110;39;39;162;444
1719;52,29;2,75;0,00;0,00;0,00;0,00;0,00;0,00;469;108;94;37;18;770;839
1720;63,34;128,48;0,00;0,00;0,00;0,13;0,00;0,00;367;134;122;16;32;917;336
1721;36,51;-134,68;0,00;0,00;0,00;-0,13;0,00;0,00;209;59;59;11;28;999;337
1722;41,95;-110,63;0,00;0,00;0,00;-0,11;0,00;0,00;190;38;46;44;36;809;795
1723;40,27;-90,42;0,00;0,00;0,00;-0,09;0,00;0,00;319;49;91;40;34;962;328
1724;52,79;139,98;0,00;0,00;0,00;0,14;0,00;0,00;418;169;193;36;19;289;403
1725;58,10;46,40;0,00;0,00;0,00;0,05;0,00;0,00;159;85;85;24;27;221;628
1726;58,88;-17,12;0,00;0,00;0,00;-0,02;0,00;0,00;345;116;61;30;16;907;721
1727;63,96;151,63;0,00;0,00;0,00;0,15;0,00;0,00;199;11;102;34;15;891;539
1728;41,20;-38,50;0,00;0,00;0,00;-0,04;0,00;0,00;262;195;143;47;28;904;863
1729;62,39;139,01;0,00;0,00;0,00;0,14;0,00;0,00;383;20;121;34;21;682;772
1730;41,92;-90,92;0,00;0,00;0,00;-0,09;0,00;0,00;397;85;105;24;29;589;918
1731;55,55;124,00;0,00;0,00;0,00;0,12;0,00;0,00;357;199;21;48;27;535;636
1732;48,07;-40,13;0,00;0,00;0,00;-0,04;0,00;0,00;97;94;77;11;15;143;602
1733;65,27;198,27;0,00;0,00;0,00;0,20;0,00;0,00;310;98;90;11;34;500;818
1734;67,60;89,93;0,00;0,00;0,00;0,09;0,00;0,00;217;149;63;29;35;343;898
1735;55,01;-0,66;0,00;0,00;0,00;-0,00;0,00;0,00;268;158;44;10;27;693;946
1736;63,97;112,39;0,00;0,00;0,00;0,11;0,00;0,00;207;172;192;32;19;832;577
1737;48,57;-47,81;0,00;0,00;0,00;-0,05;0,00;0,00;19;161;90;41;36;599;134
1738;40,62;-59,90;0,00;0,00;0,00;-0,06;0,00;0,00;360;169;161;28;27;835;905
1739;45,81;-35,86;0,00;0,00;0,00;-0,04;0,00;0,00;72;70;197;41;23;389;306
1740;44,41;-31,58;0,00;0,00;0,00;-0,03;0,00;0,00;318;60;140;38;19;137;157
1741;59,93;92,29;0,00;0,00;0,00;0,09;0,00;0,00;141;109;197;10;39;110;845
1742;51,67;-113,27;0,00;0,00;0,00;-0,11;0,00;0,00;233;15;185;46;19;238;163
1743;49,80;-36,83;0,00;0,00;0,00;-0,04;0,00;0,00;90;14;156;28;32;738;519
1744;31,16;-262,82;0,00;0,00;0,00;-0,26;0,00;0,00;427;151;94;32;28;208;604
1745;11,93;-348,10;0,00;0,00;0,00;-0,35;0,00;0,00;381;19;116;42;37;697;472
1746;51,94;89,15;0,00;0,00;0,00;0,09;0,00;0,00;306;155;19;34;16;204;378
1747;63,58;148,86;0,00;0,00;0,00;0,15;0,00;0,00;254;74;136;31;20;754;506
1748;59,77;124,69;0,00;0,00;0,00;0,12;0,00;0,00;91;73;165;38;30;200;336
1749;55,33;58,29;0,00;0,00;0,00;0,06;0,00;0,00;101;139;29;40;27;144;177
1750;51,46;29,90;0,00;0,00;0,00;0,03;0,00;0,00;38;72;11;49;17;635;497
1751;43,49;-94,59;0,00;0,00;0,00;-0,09;0,00;0,00;309;185;78;18;25;636;670
1752;25,97;-268,07;0,00;0,00;0,00;-0,27;0,00;0,00;184;158;66;19;20;764;553
1753;35,66;-122,34;0,00;0,00;0,00;-0,12;0,00;0,00;148;162;59;40;29;170;574
1754;12,63;-303,76;0,00;0,00;0,00;-0,30;0,00;0,00;18;54;156;40;19;386;338
1755;61,73;96,01;0,00;0,00;0,00;0,10;0,00;0,00;129;52;66;31;26;222;775
1756;44,47;22,40;0,00;0,00;0,00;0,02;0,00;0,00;53;90;11;36;23;440;576
1757;33,01;-246,98;0,00;0,00;0,00;-0,25;0,00;0,00;167;45;179;34;28;989;483
1758;52,89;16,50;0,00;0,00;0,00;0,02;0,00;0,00;313;18;73;10;15;852;228
1759;48,82;37,02;0,00;0,00;0,00;0,04;0,00;0,00;375;173;80;47;33;938;790
1760;60,32;123,34;0,00;0,00;0,00;0,12;0,00;0,00;100;35;67;30;29;622;190
1761;62,66;91,28;0,00;0,00;0,00;0,09;0,00;0,00;351;135;48;32;24;279;453
1762;51,28;42,71;0,00;0,00;0,00;0,04;0,00;0,00;60;50;18;47;35;858;387
1763;42,12;-90,05;0,00;0,00;0,00;-0,09;0,00;0,00;96;45;96;13;20;198;680
1764;26,29;-260,96;0,00;0,00;0,00;-0,26;0,00;0,00;361;176;136;30;18;417;979
1765;41,49;-37,17;0,00;0,00;0,00;-0,04;0,00;0,00;333;91;89;28;21;602;161
1766;75,46;249,68;0,00;0,00;0,00;0,25;0,00;0,00;496;142;193;28;20;405;326
1767;41,88;-152,13;0,00;0,00;0,00;-0,15;0,00;0,00;441;136;186;48;24;143;850
1768;78,75;262,15;0,00;0,00;0,00;0,26;0,00;0,00;243;138;148;43;19;422;968
1769;38,55;-27,39;0,00;0,00;0,00;-0,03;0,00;0,00;238;24;169;45;17;248;746
1770;52,03;58,17;0,00;0,00;0,00;0,06;0,00;0,00;493;109;163;27;37;562;234
1771;46,52;-54,05;0,00;0,00;0,00;-0,05;0,00;0,00;461;196;63;44;26;736;745
1772;65,23;110,34;0,00;0,00;0,00;0,11;0,00;0,00;167;27;185;49;15;620;927
1773;36,65;-110,25;0,00;0,00;0,00;-0,11;0,00;0,00;223;52;104;34;15;753;311
1774;67,19;139,46;0,00;0,00;0,00;0,14;0,00;0,00;428;117;184;35;23;258;916
1775;42,79;-32,89;0,00;0,00;0,00;-0,03;0,00;0,00;61;132;98;48;33;102;610
1776;65,35;189,70;0,00;0,00;0,00;0,19;0,00;0,00;329;75;91;10;20;508;750
1777;72,72;245,77;0,00;0,00;0,00;0,25;0,00;0,00;234;118;185;48;19;380;209
1778;27,61;-280,14;0,00;0,00;0,00;-0,28;0,00;0,00;301;147;198;46;35;787;519
1779;60,30;100,52;0,00;0,00;0,00;0,10;0,00;0,00;187;84;94;18;32;699;845
1780;65,94;129,53;0,00;0,00;0,00;0,13;0,00;0,00;124;147;14;29;34;774;517
1781;52,54;22,22;0,00;0,00;0,00;0,02;0,00;0,00;326;184;139;24;33;879;632
1782;61,81;12,43;0,00;0,00;0,00;0,01;0,00;0,00;163;164;138;46;23;863;264
1783;60,85;120,56;0,00;0,00;0,00;0,12;0,00;0,00;343;25;139;19;32;256;614
1784;55,26;13,81;0,00;0,00;0,00;0,01;0,00;0,00;103;148;111;20;20;268;704
1785;53,86;73,50;0,00;0,00;0,00;0,07;0,00;0,00;39;56;174;16;39;820;729
1786;57,04;71,34;0,00;0,00;0,00;0,07;0,00;0,00;225;195;119;12;23;556;160
1787;45,41;6,75;0,00;0,00;0,00;0,01;0,00;0,00;489;83;144;32;18;142;933
1788;27,19;-241,64;0,00;0,00;0,00;-0,24;0,00;0,00;360;101;19;38;15;401;326
1789;66,56;224,31;0,00;0,00;0,00;0,22;0,00;0,00;287;63;79;32;28;599;479
1790;62,47;16,82;0,00;0,00;0,00;0,02;0,00;0,00;483;134;112;17;29;381;407
1791;22,20;-242,08;0,00;0,00;0,00;-0,24;0,00;0,00;172;130;194;38;37;618;415
1792;23,61;-239,85;0,00;0,00;0,00;-0,24;0,00;0,00;63;116;55;32;27;265;944
1793;42,05;-113,15;0,00;0,00;0,00;-0,11;0,00;0,00;147;104;31;43;29;388;296
1794;56,83;101,26;0,00;0,00;0,00;0,10;0,00;0,00;134;142;80;41;33;137;192
1795;47,49;-42,94;0,00;0,00;0,00;-0,04;0,00;0,00;297;129;133;20;30;674;231
1796;55,49;28,07;0,00;0,00;0,00;0,03;0,00;0,00;495;65;82;35;17;606;848
1797;58,25;24,86;0,00;0,00;0,00;0,02;0,00;0,00;320;55;70;26;20;589;539
1798;91,27;377,74;0,00;0,00;0,00;0,38;0,00;0,00;24;169;122;15;17;625;336
1799;53,54;44,35;0,00;0,00;0,00;0,04;0,00;0,00;367;190;68;22;29;864;588
1800;58,00;120,66;0,00;0,00;0,00;0,12;0,00;0,00;343;189;176;43;34;579;728
1801;67,25;147,58;0,00;0,00;0,00;0,15;0,00;0,00;419;180;19;30;38;991;767
1802;45,59;-103,12;0,00;0,00;0,00;-0,10;0,00;0,00;385;166;167;21;33;914;324
1803;55,78;142,48;0,00;0,00;0,00;0,14;0,00;0,00;486;126;23;21;37;140;693
1804;47,46;-107,89;0,00;0,00;0,00;-0,11;0,00;0,00;79;189;32;25;34;210;670
1805;31,67;-236,45;0,00;0,00;0,00;-0,24;0,00;0,00;309;86;33;22;38;352;494
1806;69,49;192,00;0,00;0,00;0,00;0,19;0,00;0,00;441;14;137;19;30;456;379
1807;26,80;-225,86;0,00;0,00;0,00;-0,23;0,00;0,00;288;35;176;20;27;747;320
1808;43,85;-92,43;0,00;0,00;0,00;-0,09;0,00;0,00;374;73;187;45;18;754;231
1809;68,55;259,18;0,00;0,00;0,00;0,26;0,00;0,00;100;155;21;22;37;908;538
1810;54,44;57,65;0,00;0,00;0,00;0,06;0,00;0,00;479;71;67;28;30;532;639
1811;50,71;-29,05;0,00;0,00;0,00;-0,03;0,00;0,00;216;166;145;29;38;806;999
1812;51,74;-20,97;0,00;0,00;0,00;-0,02;0,00;0,00;421;180;40;31;36;941;179
1813;41,24;-35,79;0,00;0,00;0,00;-0,04;0,00;0,00;163;34;158;35;31;321;143
1814;53,80;114,26;0,00;0,00;0,00;0,11;0,00;0,00;322;19;115;14;33;337;293
1815;28,24;-89,72;0,00;0,00;0,00;-0,09;0,00;0,00;130;100;116;15;18;359;648
1816;41,70;-29,58;0,00;0,00;0,00;-0,03;0,00;0,00;136;182;27;24;28;105;413
1817;50,32;-22,47;0,00;0,00;0,00;-0,02;0,00;0,00;35;71;86;34;36;597;440
1818;35,52;-139,09;0,00;0,00;0,00;-0,14;0,00;0,00;389;35;148;40;39;700;942
1819;35,14;-209,62;0,00;0,00;0,00;-0,21;0,00;0,00;482;166;52;40;39;542;480
1820;42,60;63,06;0,00;0,00;0,00;0,06;0,00;0,00;79;36;139;49;20;960;764
1821;45,74;-94,88;0,00;0,00;0,00;-0,09;0,00;0,00;66;77;177;12;30;335;256
1822;47,34;-45,08;0,00;0,00;0,00;-0,05;0,00;0,00;495;142;166;43;30;628;468
1823;39,80;-85,30;0,00;0,00;0,00;-0,09;0,00;0,00;149;35;19;25;33;445;459
1824;27,12;-287,80;0,00;0,00;0,00;-0,29;0,00;0,00;310;83;45;12;25;860;294
1825;27,52;-305,60;0,00;0,00;0,00;-0,31;0,00;0,00;258;122;39;14;16;422;458
1826;67,00;136,15;0,00;0,00;0,00;0,14;0,00;0,00;362;54;103;30;25;450;341
1827;43,98;17,82;0,00;0,00;0,00;0,02;0,00;0,00;411;27;112;14;19;767;175
1828;61,59;160,98;0,00;0,00;0,00;0,16;0,00;0,00;183;111;76;44;35;748;873
1829;25,92;-263,57;0,00;0,00;0,00;-0,26;0,00;0,00;116;108;129;19;19;690;208
1830;52,96;27,29;0,00;0,00;0,00;0,03;0,00;0,00;497;109;45;23;17;747;247
1831;35,24;-159,49;0,00;0,00;0,00;-0,16;0,00;0,00;161;149;63;27;33;915;157
1832;75,24;225,16;0,00;0,00;0,00;0,23;0,00;0,00;321;86;89;21;34;893;173
1833;54,43;12,35;0,00;0,00;0,00;0,01;0,00;0,00;126;156;44;27;25;116;118
1834;29,21;-134,99;0,00;0,00;0,00;-0,13;0,00;0,00;292;14;32;15;32;356;974
1835;61,81;124,28;0,00;0,00;0,00;0,12;0,00;0,00;189;70;148;20;24;499;963
1836;46,11;22,21;0,00;0,00;0,00;0,02;0,00;0,00;81;176;95;48;15;339;419
1837;34,57;-198,55;0,00;0,00;0,00;-0,20;0,00;0,00;340;170;41;24;34;101;488
1838;37,98;-103,50;0,00;0,00;0,00;-0,10;0,00;0,00;214;32;103;47;18;976;871
1839;48,41;46,59;0,00;0,00;0,00;0,05;0,00;0,00;230;117;158;10;22;320;692
1840;52,40;68,39;0,00;0,00;0,00;0,07;0,00;0,00;450;185;189;41;18;838;691
1841;56,52;-29,47;0,00;0,00;0,00;-0,03;0,00;0,00;224;79;12;21;39;154;293
1842;42,87;-0,34;0,00;0,00;0,00;-0,00;0,00;0,00;177;14;110;45;20;694;383
1843;74,33;231,01;0,00;0,00;0,00;0,23;0,00;0,00;165;46;20;17;36;114;899
1844;61,30;122,93;0,00;0,00;0,00;0,12;0,00;0,00;16;120;99;23;39;837;326
1845;81,74;342,02;0,00;0,00;0,00;0,34;0,00;0,00;267;133;51;28;24;123;720
1846;27,71;-275,98;0,00;0,00;0,00;-0,28;0,00;0,00;229;54;29;38;27;331;618
1847;62,06;152,07;0,00;0,00;0,00;0,15;0,00;0,00;26;130;42;12;20;496;984
1848;59,55;121,93;0,00;0,00;0,00;0,12;0,00;0,00;434;180;140;43;39;123;969
1849;21,06;-329,80;0,00;0,00;0,00;-0,33;0,00;0,00;373;66;53;23;22;789;659
1850;39,17;-135,31;0,00;0,00;0,00;-0,14;0,00;0,00;333;25;41;16;36;640;903
1851;54,06;41,80;0,00;0,00;0,00;0,04;0,00;0,00;121;38;192;25;15;880;404
1852;65,10;149,10;0,00;0,00;0,00;0,15;0,00;0,00;432;170;130;40;22;651;738
1853;41,58;-53,21;0,00;0,00;0,00;-0,05;0,00;0,00;463;83;189;21;26;722;255
1854;41,20;-68,61;0,00;0,00;0,00;-0,07;0,00;0,00;201;138;38;23;21;190;422
1855;46,02;58,45;0,00;0,00;0,00;0,06;0,00;0,00;213;184;57;10;37;331;808
1856;61,81;52,26;0,00;0,00;0,00;0,05;0,00;0,00;413;94;21;31;33;959;889
1857;49,78;-125,63;0,00;0,00;0,00;-0,13;0,00;0,00;376;38;155;13;32;700;758
1858;51,56;18,42;0,00;0,00;0,00;0,02;0,00;0,00;135;102;24;34;26;632;634
1859;34,25;-201,00;0,00;0,00;0,00;-0,20;0,00;0,00;487;80;57;33;34;604;730
1860;68,20;164,55;0,00;0,00;0,00;0,16;0,00;0,00;344;27;199;22;20;356;228
1861;24,65;-315,86;0,00;0,00;0,00;-0,32;0,00;0,00;175;90;139;19;29;548;810
1862;52,81;20,05;0,00;0,00;0,00;0,02;0,00;0,00;412;44;149;41;39;687;908
1863;58,53;67,36;0,00;0,00;0,00;0,07;0,00;0,00;338;112;82;28;32;111;395
1864;61,80;208,47;0,00;0,00;0,00;0,21;0,00;0,00;376;98;28;15;38;493;611
1865;66,88;123,50;0,00;0,00;0,00;0,12;0,00;0,00;448;12;56;36;22;425;603
1866;28,24;-133,21;0,00;0,00;0,00;-0,13;0,00;0,00;403;102;162;32;21;721;364
1867;65,94;219,04;0,00;0,00;0,00;0,22;0,00;0,00;183;125;15;30;31;898;605
1868;16,96;-310,89;0,00;0,00;0,00;-0,31;0,00;0,00;479;168;108;21;31;971;806
1869;33,14;-202,08;0,00;0,00;0,00;-0,20;0,00;0,00;403;44;67;19;33;742;633
1870;54,26;71,34;0,00;0,00;0,00;0,07;0,00;0,00;280;67;67;16;23;666;429
1871;62,30;186,57;0,00;0,00;0,00;0,19;0,00;0,00;329;83;102;18;15;552;699
1872;52,26;60,89;0,00;0,00;0,00;0,06;0,00;0,00;327;161;25;27;29;272;303
1873;48,36;-79,74;0,00;0,00;0,00;-0,08;0,00;0,00;203;125;98;32;20;761;567
1874;80,59;263,08;0,00;0,00;0,00;0,26;0,00;0,00;474;158;179;13;22;368;863
1875;38,28;-74,97;0,00;0,00;0,00;-0,07;0,00;0,00;133;59;120;21;19;887;830
1876;22,39;-289,47;0,00;0,00;0,00;-0,29;0,00;0,00;197;25;79;42;26;206;441
1877;36,00;-86,27;0,00;0,00;0,00;-0,09;0,00;0,00;278;72;45;28;32;274;250
1878;58,13;59,05;0,00;0,00;0,00;0,06;0,00;0,00;475;159;134;28;31;270;654
1879;29,01;-146,71;0,00;0,00;0,00;-0,15;0,00;0,00;383;58;165;45;18;752;277
1880;100,00;544,93;0,00;0,00;0,00;0,54;0,00;0,00;300;116;52;44;31;753;838
1881;35,52;-183,12;0,00;0,00;0,00;-0,18;0,00;0,00;339;191;190;47;24;485;572
1882;47,13;-91,39;0,00;0,00;0,00;-0,09;0,00;0,00;426;16;56;41;36;153;722
1883;39,43;-176,55;0,00;0,00;0,00;-0,18;0,00;0,00;302;106;161;31;17;728;206
1884;46,87;-158,69;0,00;0,00;0,00;-0,16;0,00;0,00;241;153;69;47;36;550;569
1885;39,78;-112,20;0,00;0,00;0,00;-0,11;0,00;0,00;476;42;195;38;36;499;982
1886;55,98;75,83;0,00;0,00;0,00;0,08;0,00;0,00;279;121;97;20;29;742;632
1887;42,55;-121,56;0,00;0,00;0,00;-0,12;0,00;0,00;293;150;125;26;23;355;380
1888;46,98;8,79;0,00;0,00;0,00;0,01;0,00;0,00;271;150;148;41;17;514;316
1889;49,40;-0,74;0,00;0,00;0,00;-0,00;0,00;0,00;262;54;154;28;17;699;814
1890;58,06;30,61;0,00;0,00;0,00;0,03;0,00;0,00;381;54;83;13;26;305;150
1891;31,49;-139,44;0,00;0,00;0,00;-0,14;0,00;0,00;455;172;22;15;24;997;277
1892;56,99;54,93;0,00;0,00;0,00;0,05;0,00;0,00;466;154;47;14;16;934;392
1893;62,65;158,51;0,00;0,00;0,00;0,16;0,00;0,00;104;31;134;35;21;248;748
1894;59,20;40,16;0,00;0,00;0,00;0,04;0,00;0,00;169;55;168;31;16;635;566
1895;46,18;87,20;0,00;0,00;0,00;0,09;0,00;0,00;216;185;76;14;25;104;610
1896;91,73;394,12;0,00;0,00;0,00;0,39;0,00;0,00;39;44;93;24;23;853;658
1897;51,88;73,60;0,00;0,00;0,00;0,07;0,00;0,00;399;122;70;17;19;921;679
1898;52,30;44,32;0,00;0,00;0,00;0,04;0,00;0,00;477;153;25;21;25;321;107
1899;38,01;-108,73;0,00;0,00;0,00;-0,11;0,00;0,00;424;132;66;36;20;559;416
1900;64,97;169,73;0,00;0,00;0,00;0,17;0,00;0,00;35;25;113;21;31;478;675
1901;66,57;122,13;0,00;0,00;0,00;0,12;0,00;0,00;276;164;44;19;31;210;387
1902;62,56;52,98;0,00;0,00;0,00;0,05;0,00;0,00;72;51;45;44;15;827;863
1903;55,83;51,59;0,00;0,00;0,00;0,05;0,00;0,00;197;63;166;47;28;175;437
1904;50,85;46,86;0,00;0,00;0,00;0,05;0,00;0,00;424;18;73;25;21;919;381
1905;44,29;-85,95;0,00;0,00;0,00;-0,09;0,00;0,00;163;98;158;30;22;128;613
1906;46,29;-35,05;0,00;0,00;0,00;-0,04;0,00;0,00;348;20;170;16;33;717;908
1907;27,58;-266,08;0,00;0,00;0,00;-0,27;0,00;0,00;245;192;154;48;16;428;362
1908;38,42;-222,53;0,00;0,00;0,00;-0,22;0,00;0,00;422;123;49;32;21;455;219
1909;36,88;-102,60;0,00;0,00;0,00;-0,10;0,00;0,00;449;43;13;44;29;636;840
1910;56,49;82,14;0,00;0,00;0,00;0,08;0,00;0,00;230;144;199;21;30;304;871
1911;20,45;-317,25;0,00;0,00;0,00;-0,32;0,00;0,00;155;111;104;21;18;218;402
1912;43,76;-110,16;0,00;0,00;0,00;-0,11;0,00;0,00;392;62;124;47;25;789;548
1913;30,74;-195,75;0,00;0,00;0,00;-0,20;0,00;0,00;197;178;127;41;26;119;580
1914;53,54;17,57;0,00;0,00;0,00;0,02;0,00;0,00;494;135;33;17;27;188;466
1915;64,64;136,88;0,00;0,00;0,00;0,14;0,00;0,00;14;183;187;43;27;950;299
1916;50,68;-117,99;0,00;0,00;0,00;-0,12;0,00;0,00;213;50;186;25;32;592;855
1917;28,99;-195,02;0,00;0,00;0,00;-0,20;0,00;0,00;123;108;194;40;27;861;979
1918;73,72;147,83;0,00;0,00;0,00;0,15;0,00;0,00;23;17;167;38;16;986;130
1919;73,12;339,53;0,00;0,00;0,00;0,34;0,00;0,00;331;144;137;17;35;557;423
1920;28,92;-181,54;0,00;0,00;0,00;-0,18;0,00;0,00;319;13;86;43;26;441;585
1921;48,96;-10,28;0,00;0,00;0,00;-0,01;0,00;0,00;481;182;24;44;18;786;967
1922;61,40;158,62;0,00;0,00;0,00;0,16;0,00;0,00;406;128;94;15;24;837;977
1923;63,97;209,00;0,00;0,00;0,00;0,21;0,00;0,00;118;98;109;21;28;905;912
1924;53,56;62,41;0,00;0,00;0,00;0,06;0,00;0,00;124;94;96;20;28;812;698
1925;43,96;-74,60;0,00;0,00;0,00;-0,07;0,00;0,00;89;37;63;34;37;877;509
1926;42,63;-102,80;0,00;0,00;0,00;-0,10;0,00;0,00;224;134;157;24;24;224;509
1927;29,27;-187,09;0,00;0,00;0,00;-0,19;0,00;0,00;175;162;97;18;20;220;170
1928;70,21;207,77;0,00;0,00;0,00;0,21;0,00;0,00;396;180;132;49;16;999;832
1929;49,81;80,30;0,00;0,00;0,00;0,08;0,00;0,00;40;138;67;14;30;261;336
1930;39,12;-116,17;0,00;0,00;0,00;-0,12;0,00;0,00;142;146;91;35;18;988;747
1931;64,72;276,01;0,00;0,00;0,00;0,28;0,00;0,00;445;29;164;35;32;909;427
1932;60,16;37,67;0,00;0,00;0,00;0,04;0,00;0,00;48;10;79;10;22;379;653
1933;55,72;97,21;0,00;0,00;0,00;0,10;0,00;0,00;91;189;170;29;29;680;687
1934;47,24;-35,80;0,00;0,00;0,00;-0,04;0,00;0,00;209;56;72;41;26;236;317
1935;53,77;39,48;0,00;0,00;0,00;0,04;0,00;0,00;325;181;124;49;27;890;740
1936;51,23;-1,98;0,00;0,00;0,00;-0,00;0,00;0,00;349;135;18;47;19;895;642
1937;32,71;-164,21;0,00;0,00;0,00;-0,16;0,00;0,00;330;98;135;45;17;138;789
1938;19,43;-299,08;0,00;0,00;0,00;-0,30;0,00;0,00;467;106;26;19;39;454;959
1939;43,39;-62,80;0,00;0,00;0,00;-0,06;0,00;0,00;146;55;22;38;26;104;579
1940;52,92;-5,86;0,00;0,00;0,00;-0,01;0,00;0,00;400;95;66;21;25;182;592
1941;46,60;6,56;0,00;0,00;0,00;0,01;0,00;0,00;424;90;177;38;21;449;348
1942;69,11;237,36;0,00;0,00;0,00;0,24;0,00;0,00;76;138;45;17;29;782;939
1943;47,37;-54,99;0,00;0,00;0,00;-0,05;0,00;0,00;137;164;28;25;34;686;375
1944;26,83;-315,27;0,00;0,00;0,00;-0,32;0,00;0,00;107;63;175;18;20;908;146
1945;34,54;-180,99;0,00;0,00;0,00;-0,18;0,00;0,00;57;122;67;47;21;193;219
1946;51,93;-92,30;0,00;0,00;0,00;-0,09;0,00;0,00;350;126;32;40;35;298;796
1947;46,06;-83,17;0,00;0,00;0,00;-0,08;0,00;0,00;309;19;134;41;22;245;731
1948;41,70;-41,20;0,00;0,00;0,00;-0,04;0,00;0,00;497;143;119;47;25;734;156
1949;38,47;-93,44;0,00;0,00;0,00;-0,09;0,00;0,00;442;53;51;31;15;525;841
1950;53,65;107,40;0,00;0,00;0,00;0,11;0,00;0,00;454;140;123;18;38;719;481
1951;36,05;-199,94;0,00;0,00;0,00;-0,20;0,00;0,00;99;120;97;42;21;905;517
1952;64,09;147,36;0,00;0,00;0,00;0,15;0,00;0,00;294;187;76;33;20;860;853
1953;77,11;272,51;0,00;0,00;0,00;0,27;0,00;0,00;29;118;181;19;31;258;426
1954;59,67;71,62;0,00;0,00;0,00;0,07;0,00;0,00;195;116;166;35;32;744;449
1955;37,66;-123,22;0,00;0,00;0,00;-0,12;0,00;0,00;305;80;170;22;20;334;284
1956;37,36;-198,49;0,00;0,00;0,00;-0,20;0,00;0,00;134;71;134;45;28;394;680
1957;69,04;172,02;0,00;0,00;0,00;0,17;0,00;0,00;115;97;86;24;23;901;583
1958;50,03;-53,28;0,00;0,00;0,00;-0,05;0,00;0,00;396;178;115;38;38;890;532
1959;41,33;-150,11;0,00;0,00;0,00;-0,15;0,00;0,00;114;62;31;12;27;702;922
1960;66,61;130,26;0,00;0,00;0,00;0,13;0,00;0,00;351;114;182;31;26;258;526
1961;34,73;-190,47;0,00;0,00;0,00;-0,19;0,00;0,00;399;71;99;36;21;321;408
1962;51,99;71,74;0,00;0,00;0,00;0,07;0,00;0,00;295;164;13;24;20;203;242
1963;44,43;-82,86;0,00;0,00;0,00;-0,08;0,00;0,00;110;67;79;32;33;933;681
1964;22,41;-217,42;0,00;0,00;0,00;-0,22;0,00;0,00;472;168;38;40;20;732;897
1965;48,93;92,03;0,00;0,00;0,00;0,09;0,00;0,00;256;115;31;39;19;826;643
1966;55,35;68,82;0,00;0,00;0,00;0,07;0,00;0,00;184;139;53;13;32;573;913
1967;62,66;180,85;0,00;0,00;0,00;0,18;0,00;0,00;50;180;28;28;19;330;705
1968;64,43;120,64;0,00;0,00;0,00;0,12;0,00;0,00;277;119;115;27;27;749;797
1969;84,21;421,05;0,00;0,00;0,00;0,42;0,00;0,00;39;119;31;28;30;906;132
1970;38,72;-157,88;0,00;0,00;0,00;-0,16;0,00;0,00;409;156;94;34;31;415;430
1971;35,92;-69,46;0,00;0,00;0,00;-0,07;0,00;0,00;122;128;113;27;36;242;596
1972;26,43;-259,92;0,00;0,00;0,00;-0,26;0,00;0,00;76;150;52;36;23;852;703
1973;38,27;-81,73;0,00;0,00;0,00;-0,08;0,00;0,00;490;68;12;42;16;453;844
1974;44,88;-133,42;0,00;0,00;0,00;-0,13;0,00;0,00;473;32;89;32;38;743;450
1975;42,61;-92,41;0,00;0,00;0,00;-0,09;0,00;0,00;59;165;52;10;37;793;596
1976;70,23;222,74;0,00;0,00;0,00;0,22;0,00;0,00;155;39;118;40;20;564;426
1977;36,84;-190,97;0,00;0,00;0,00;-0,19;0,00;0,00;377;138;149;11;35;289;252
1978;24,94;-194,98;0,00;0,00;0,00;-0,19;0,00;0,00;44;39;123;38;33;783;834
1979;36,87;-122,69;0,00;0,00;0,00;-0,12;0,00;0,00;113;145;189;36;18;837;444
1980;48,99;62,51;0,00;0,00;0,00;0,06;0,00;0,00;283;190;104;12;35;865;342
1981;46,17;-44,27;0,00;0,00;0,00;-0,04;0,00;0,00;292;185;92;29;15;202;821
1982;40,20;-82,84;0,00;0,00;0,00;-0,08;0,00;0,00;118;81;187;45;34;806;405
1983;43,15;-88,88;0,00;0,00;0,00;-0,09;0,00;0,00;122;59;106;43;36;876;705
1984;58,14;149,01;0,00;0,00;0,00;0,15;0,00;0,00;15;171;42;26;19;348;513
1985;74,07;188,11;0,00;0,00;0,00;0,19;0,00;0,00;479;177;130;16;38;313;156
1986;57,86;86,40;0,00;0,00;0,00;0,09;0,00;0,00;341;198;24;15;17;107;340
1987;56,58;68,84;0,00;0,00;0,00;0,07;0,00;0,00;483;152;183;17;15;838;117
1988;55,40;61,94;0,00;0,00;0,00;0,06;0,00;0,00;164;96;72;33;17;911;870
1989;30,51;-219,94;0,00;0,00;0,00;-0,22;0,00;0,00;119;161;169;18;23;520;555
1990;31,30;-122,70;0,00;0,00;0,00;-0,12;0,00;0,00;296;144;182;30;30;416;980
1991;66,79;160,03;0,00;0,00;0,00;0,16;0,00;0,00;476;199;100;31;20;513;751
1992;58,02;123,82;0,00;0,00;0,00;0,12;0,00;0,00;95;86;131;35;28;651;274
1993;67,35;174,30;0,00;0,00;0,00;0,17;0,00;0,00;103;124;160;33;39;849;823
1994;67,07;207,91;0,00;0,00;0,00;0,21;0,00;0,00;341;96;61;14;32;618;305
1995;39,17;-83,33;0,00;0,00;0,00;-0,08;0,00;0,00;380;87;189;17;18;400;108
1996;56,33;154,37;0,00;0,00;0,00;0,15;0,00;0,00;272;36;194;28;31;756;225
1997;22,57;-338,60;0,00;0,00;0,00;-0,34;0,00;0,00;119;29;162;27;23;549;647
1998;52,10;63,84;0,00;0,00;0,00;0,06;0,00;0,00;238;105;172;47;24;895;274
1999;72,24;200,81;0,00;0,00;0,00;0,20;0,00;0,00;184;32;38;20;33;350;876
2000;56,77;76,40;0,00;0,00;0,00;0,08;0,00;0,00;154;123;143;41;33;792;921
2001;70,24;239,15;0,00;0,00;0,00;0,24;0,00;0,00;90;118;30;49;34;651;226
2002;31,99;-158,96;0,00;0,00;0,00;-0,16;0,00;0,00;452;81;99;31;28;401;239
2003;57,23;78,08;0,00;0,00;0,00;0,08;0,00;0,00;449;185;30;11;17;498;815
2004;33,95;-184,38;0,00;0,00;0,00;-0,18;0,00;0,00;308;17;120;42;38;257;232
2005;44,17;-106,04;0,00;0,00;0,00;-0,11;0,00;0,00;118;163;136;12;33;460;133
2006;66,31;60,32;0,00;0,00;0,00;0,06;0,00;0,00;457;26;12;27;38;795;844
2007;42,62;-88,39;0,00;0,00;0,00;-0,09;0,00;0,00;50;68;125;38;34;309;984
2008;21,95;-227,25;0,00;0,00;0,00;-0,23;0,00;0,00;250;192;188;30;21;856;844
2009;64,46;191,79;0,00;0,00;0,00;0,19;0,00;0,00;83;122;126;17;17;776;966
2010;71,57;207,52;0,00;0,00;0,00;0,21;0,00;0,00;379;72;138;10;32;464;827
2011;100,00;468,35;0,00;0,00;0,00;0,47;0,00;0,00;313;96;70;29;27;278;471
2012;65,22;127,02;0,00;0,00;0,00;0,13;0,00;0,00;309;74;152;11;35;306;457
2013;27,87;-134,56;0,00;0,00;0,00;-0,13;0,00;0,00;399;82;10;23;27;811;841
2014;37,93;-62,73;0,00;0,00;0,00;-0,06;0,00;0,00;426;26;41;25;32;850;130
2015;100,00;463,97;0,00;0,00;0,00;0,46;0,00;0,00;469;29;170;23;21;639;861
2016;33,89;-153,52;0,00;0,00;0,00;-0,15;0,00;0,00;452;110;24;49;15;708;225
2017;18,31;-334,02;0,00;0,00;0,00;-0,33;0,00;0,00;35;122;56;48;23;286;651
2018;49,68;-14,68;0,00;0,00;0,00;-0,01;0,00;0,00;10;144;26;28;29;603;409
2019;10,27;-422,41;0,00;0,00;0,00;-0,42;0,00;0,00;479;169;11;48;30;689;738
2020;36,22;-140,09;0,00;0,00;0,00;-0,14;0,00;0,00;265;22;104;23;33;167;727
2021;34,91;-113,33;0,00;0,00;0,00;-0,11;0,00;0,00;336;122;116;28;31;676;232
2022;42,46;-79,89;0,00;0,00;0,00;-0,08;0,00;0,00;185;154;57;43;29;222;246
2023;28,16;-271,66;0,00;0,00;0,00;-0,27;0,00;0,00;200;154;114;38;25;727;604
2024;26,77;-196,60;0,00;0,00;0,00;-0,20;0,00;0,00;17;24;60;32;37;138;256
2025;58,90;14,39;0,00;0,00;0,00;0,01;0,00;0,00;16;137;56;37;24;767;539
2026;70,47;137,06;0,00;0,00;0,00;0,14;0,00;0,00;338;159;25;31;29;764;486
2027;14,26;-369,54;0,00;0,00;0,00;-0,37;0,00;0,00;70;184;163;42;21;316;199
2028;64,25;244,00;0,00;0,00;0,00;0,24;0,00;0,00;209;74;83;20;26;526;962
2029;65,43;87,99;0,00;0,00;0,00;0,09;0,00;0,00;480;105;144;36;20;467;825
2030;20,25;-311,58;0,00;0,00;0,00;-0,31;0,00;0,00;189;147;34;33;39;113;688
2031;27,69;-127,88;0,00;0,00;0,00;-0,13;0,00;0,00;488;189;129;30;30;362;191
2032;83,42;337,09;0,00;0,00;0,00;0,34;0,00;0,00;426;103;134;32;18;411;877
2033;77,46;343,56;0,00;0,00;0,00;0,34;0,00;0,00;65;155;44;16;24;387;645
2034;41,48;-63,91;0,00;0,00;0,00;-0,06;0,00;0,00;372;34;21;30;27;480;816
2035;32,96;-101,94;0,00;0,00;0,00;-0,10;0,00;0,00;389;147;21;39;33;122;777
2036;43,00;-142,04;0,00;0,00;0,00;-0,14;0,00;0,00;93;172;178;44;19;704;415
2037;55,65;137,05;0,00;0,00;0,00;0,14;0,00;0,00;466;125;179;20;34;861;712
2038;63,76;141,72;0,00;0,00;0,00;0,14;0,00;0,00;473;29;97;24;15;193;349
2039;41,80;-71,03;0,00;0,00;0,00;-0,07;0,00;0,00;427;79;81;10;38;773;441
2040;41,56;18,37;0,00;0,00;0,00;0,02;0,00;0,00;355;10;157;39;32;449;444
2041;32,79;-175,78;0,00;0,00;0,00;-0,18;0,00;0,00;130;128;178;30;39;385;373
2042;69,19;149,80;0,00;0,00;0,00;0,15;0,00;0,00;179;37;163;26;15;897;792
2043;68,64;180,76;0,00;0,00;0,00;0,18;0,00;0,00;232;116;22;11;35;223;841
2044;83,31;268,31;0,00;0,00;0,00;0,27;0,00;0,00;196;51;197;10;26;842;190
2045;55,09;13,57;0,00;0,00;0,00;0,01;0,00;0,00;16;80;144;25;17;134;279
2046;50,65;42,89;0,00;0,00;0,00;0,04;0,00;0,00;243;65;185;35;19;539;329
2047;20,45;-272,70;0,00;0,00;0,00;-0,27;0,00;0,00;27;20;177;37;19;332;963
2048;60,58;181,97;0,00;0,00;0,00;0,18;0,00;0,00;150;13;180;34;31;546;774
2049;70,02;193,86;0,00;0,00;0,00;0,19;0,00;0,00;458;192;62;10;38;313;888
2050;49,24;31,22;0,00;0,00;0,00;0,03;0,00;0,00;300;111;11;20;29;162;663
2051;58,49;66,29;0,00;0,00;0,00;0,07;0,00;0,00;353;189;192;30;36;824;474
2052;25,19;-235,44;0,00;0,00;0,00;-0,24;0,00;0,00;461;77;60;40;29;710;982
2053;15,26;-374,00;0,00;0,00;0,00;-0,37;0,00;0,00;305;34;143;20;36;482;932
2054;61,21;31,45;0,00;0,00;0,00;0,03;0,00;0,00;134;137;77;43;38;956;743
2055;53,32;-41,99;0,00;0,00;0,00;-0,04;0,00;0,00;197;34;96;48;32;238;969
2056;37,29;-182,84;0,00;0,00;0,00;-0,18;0,00;0,00;236;45;86;28;20;683;372
2057;52,58;20,50;0,00;0,00;0,00;0,02;0,00;0,00;76;34;190;45;28;244;102
2058;39,25;-123,18;0,00;0,00;0,00;-0,12;0,00;0,00;92;57;56;36;20;292;109
2059;79,26;343,51;0,00;0,00;0,00;0,34;0,00;0,00;390;197;191;17;24;978;731
2060;47,34;24,28;0,00;0,00;0,00;0,02;0,00;0,00;461;85;31;31;30;659;365
2061;51,88;-6,29;0,00;0,00;0,00;-0,01;0,00;0,00;261;64;159;28;31;287;587
2062;54,11;52,34;0,00;0,00;0,00;0,05;0,00;0,00;196;103;88;45;15;935;566
2063;87,56;403,34;0,00;0,00;0,00;0,40;0,00;0,00;328;142;193;31;31;173;626
2064;15,41;-390,26;0,00;0,00;0,00;-0,39;0,00;0,00;411;32;70;25;20;848;151
2065;86,62;316,37;0,00;0,00;0,00;0,32;0,00;0,00;211;101;197;20;35;532;924
2066;78,39;273,08;0,00;0,00;0,00;0,27;0,00;0,00;472;194;104;22;28;618;622
2067;46,32;-18,51;0,00;0,00;0,00;-0,02;0,00;0,00;83;130;164;24;27;432;391
2068;22,93;-277,37;0,00;0,00;0,00;-0,28;0,00;0,00;454;155;26;23;25;480;827
2069;53,51;40,51;0,00;0,00;0,00;0,04;0,00;0,00;255;151;124;38;20;657;705
2070;77,97;216,02;0,00;0,00;0,00;0,22;0,00;0,00;280;151;143;16;18;104;659
2071;48,63;-32,38;0,00;0,00;0,00;-0,03;0,00;0,00;221;47;12;33;20;544;408
2072;58,61;105,16;0,00;0,00;0,00;0,11;0,00;0,00;106;21;56;38;17;484;348
2073;72,40;312,29;0,00;0,00;0,00;0,31;0,00;0,00;107;165;75;22;36;581;178
2074;34,90;-100,23;0,00;0,00;0,00;-0,10;0,00;0,00;370;179;53;31;20;525;555
2075;50,69;-0,08;0,00;0,00;0,00;-0,00;0,00;0,00;191;78;21;41;32;996;294
2076;33,33;-163,33;0,00;0,00;0,00;-0,16;0,00;0,00;270;53;37;43;15;430;800
2077;41,56;-80,08;0,00;0,00;0,00;-0,08;0,00;0,00;311;69;80;48;27;832;647
2078;46,06;-86,14;0,00;0,00;0,00;-0,09;0,00;0,00;232;102;14;27;39;936;231
2079;71,59;253,50;0,00;0,00;0,00;0,25;0,00;0,00;145;169;184;18;27;558;556
2080;34,63;-187,23;0,00;0,00;0,00;-0,19;0,00;0,00;269;71;14;43;24;765;671
2081;66,25;165,78;0,00;0,00;0,00;0,17;0,00;0,00;449;11;173;24;28;432;290
2082;61,31;103,36;0,00;0,00;0,00;0,10;0,00;0,00;330;62;35;11;26;192;926
2083;53,90;25,14;0,00;0,00;0,00;0,03;0,00;0,00;214;184;142;12;24;337;129
2084;85,50;412,10;0,00;0,00;0,00;0,41;0,00;0,00;256;167;89;18;31;793;556
2085;43,48;-73,65;0,00;0,00;0,00;-0,07;0,00;0,00;27;133;61;35;31;442;216
2086;70,70;157,24;0,00;0,00;0,00;0,16;0,00;0,00;380;75;28;43;24;489;460
2087;41,26;-103,98;0,00;0,00;0,00;-0,10;0,00;0,00;13;145;168;46;19;749;961
2088;43,43;-82,86;0,00;0,00;0,00;-0,08;0,00;0,00;192;182;165;24;15;315;461
2089;58,09;91,17;0,00;0,00;0,00;0,09;0,00;0,00;492;164;151;41;28;196;182
2090;54,40;-2,03;0,00;0,00;0,00;-0,00;0,00;0,00;16;84;151;32;24;402;678
2091;74,42;256,27;0,00;0,00;0,00;0,26;0,00;0,00;193;148;99;23;25;622;959
2092;39,41;-27,23;0,00;0,00;0,00;-0,03;0,00;0,00;307;63;126;28;39;880;971
2093;16,44;-337,29;0,00;0,00;0,00;-0,34;0,00;0,00;267;151;148;23;38;260;963
2094;45,47;-101,29;0,00;0,00;0,00;-0,10;0,00;0,00;77;141;129;29;31;556;253
2095;63,52;98,55;0,00;0,00;0,00;0,10;0,00;0,00;307;74;114;36;22;632;365
2096;46,06;-14,71;0,00;0,00;0,00;-0,01;0,00;0,00;10;73;128;25;19;400;732
2097;82,00;348,52;0,00;0,00;0,00;0,35;0,00;0,00;471;69;60;13;37;823;248
2098;60,27;74,97;0,00;0,00;0,00;0,07;0,00;0,00;79;69;142;31;34;370;240
2099;73,90;309,51;0,00;0,00;0,00;0,31;0,00;0,00;361;54;146;22;34;157;241
2100;37,06;-65,54;0,00;0,00;0,00;-0,07;0,00;0,00;75;178;110;49;17;535;321
2101;50,93;4,44;0,00;0,00;0,00;0,00;0,00;0,00;82;96;147;26;28;729;241
2102;35,66;-163,17;0,00;0,00;0,00;-0,16;0,00;0,00;289;183;104;27;16;644;770
2103;32,75;-164,23;0,00;0,00;0,00;-0,16;0,00;0,00;480;112;109;19;23;469;701
2104;79,72;280,42;0,00;0,00;0,00;0,28;0,00;0,00;86;32;55;43;39;195;178
2105;63,74;72,77;0,00;0,00;0,00;0,07;0,00;0,00;236;115;184;40;25;590;279
2106;65,41;232,67;0,00;0,00;0,00;0,23;0,00;0,00;92;138;177;43;26;869;517
2107;65,54;127,89;0,00;0,00;0,00;0,13;0,00;0,00;84;145;109;22;26;328;365
2108;29,85;-150,07;0,00;0,00;0,00;-0,15;0,00;0,00;194;132;27;42;37;778;218
2109;76,45;229,31;0,00;0,00;0,00;0,23;0,00;0,00;15;142;157;34;30;700;209
2110;49,82;41,00;0,00;0,00;0,00;0,04;0,00;0,00;430;100;139;19;22;618;370
2111;49,31;9,86;0,00;0,00;0,00;0,01;0,00;0,00;248;152;23;15;36;441;108
2112;49,07;-61,92;0,00;0,00;0,00;-0,06;0,00;0,00;154;38;173;45;17;139;926
2113;68,55;194,77;0,00;0,00;0,00;0,19;0,00;0,00;104;39;20;32;32;270;142
2114;41,82;-153,72;0,00;0,00;0,00;-0,15;0,00;0,00;423;191;150;26;35;613;866
2115;24,78;-337,97;0,00;0,00;0,00;-0,34;0,00;0,00;116;12;167;25;23;419;573
2116;35,31;-204,97;0,00;0,00;0,00;-0,20;0,00;0,00;395;138;88;43;34;299;167
2117;58,79;-10,02;0,00;0,00;0,00;-0,01;0,00;0,00;487;63;13;41;26;879;220
2118;32,95;-172,81;0,00;0,00;0,00;-0,17;0,00;0,00;326;127;91;35;25;369;787
2119;79,08;289,52;0,00;0,00;0,00;0,29;0,00;0,00;498;12;68;41;19;554;203
2120;65,22;89,81;0,00;0,00;0,00;0,09;0,00;0,00;147;191;41;27;22;519;354
2121;59,95;39,18;0,00;0,00;0,00;0,04;0,00;0,00;44;34;132;46;25;431;595
2122;73,16;242,01;0,00;0,00;0,00;0,24;0,00;0,00;185;31;97;12;26;862;767
2123;67,27;252,03;0,00;0,00;0,00;0,25;0,00;0,00;366;114;71;49;30;472;176
2124;47,11;-16,08;0,00;0,00;0,00;-0,02;0,00;0,00;387;14;159;49;18;511;964
2125;54,71;80,95;0,00;0,00;0,00;0,08;0,00;0,00;400;177;185;23;38;356;751
2126;65,02;165,30;0,00;0,00;0,00;0,17;0,00;0,00;65;166;143;31;22;738;917
2127;38,82;-176,05;0,00;0,00;0,00;-0,18;0,00;0,00;359;59;21;44;33;636;931
2128;49,83;-35,81;0,00;0,00;0,00;-0,04;0,00;0,00;466;49;36;46;29;905;786
2129;35,01;-199,34;0,00;0,00;0,00;-0,20;0,00;0,00;463;116;167;13;30;999;541
2130;64,70;189,22;0,00;0,00;0,00;0,19;0,00;0,00;127;59;175;39;18;965;178
2131;67,54;57,15;0,00;0,00;0,00;0,06;0,00;0,00;96;153;178;17;18;492;500
2132;43,07;-24,03;0,00;0,00;0,00;-0,02;0,00;0,00;425;52;119;34;17;805;443
2133;60,48;48,62;0,00;0,00;0,00;0,05;0,00;0,00;382;166;92;13;23;308;307
2134;49,35;-25,52;0,00;0,00;0,00;-0,03;0,00;0,00;33;103;87;21;17;939;454
2135;40,91;-110,42;0,00;0,00;0,00;-0,11;0,00;0,00;232;146;81;31;20;691;714
2136;90,99;382,31;0,00;0,00;0,00;0,38;0,00;0,00;271;16;155;13;32;751;628
2137;58,79;62,41;0,00;0,00;0,00;0,06;0,00;0,00;254;105;72;22;37;928;363
2138;72,79;250,95;0,00;0,00;0,00;0,25;0,00;0,00;387;122;194;28;25;212;974
2139;26,37;-305,69;0,00;0,00;0,00;-0,31;0,00;0,00;204;87;191;29;23;727;270
2140;63,39;140,64;0,00;0,00;0,00;0,14;0,00;0,00;337;108;77;23;25;645;625
2141;53,92;47,70;0,00;0,00;0,00;0,05;0,00;0,00;314;127;96;13;35;758;680
2142;60,25;114,16;0,00;0,00;0,00;0,11;0,00;0,00;91;34;151;10;38;117;797
2143;43,11;16,71;0,00;0,00;0,00;0,02;0,00;0,00;374;33;106;49;19;856;592
2144;41,46;-21,16;0,00;0,00;0,00;-0,02;0,00;0,00;470;95;55;24;33;803;902
2145;51,09;42,98;0,00;0,00;0,00;0,04;0,00;0,00;436;14;24;47;26;553;792
2146;52,68;81,64;0,00;0,00;0,00;0,08;0,00;0,00;257;19;75;47;36;245;790
2147;71,18;237,00;0,00;0,00;0,00;0,24;0,00;0,00;241;96;156;42;24;696;738
2148;40,74;-67,91;0,00;0,00;0,00;-0,07;0,00;0,00;231;180;85;17;22;142;884
2149;65,59;98,92;0,00;0,00;0,00;0,10;0,00;0,00;141;90;112;29;35;574;189
2150;69,41;208,17;0,00;0,00;0,00;0,21;0,00;0,00;193;24;137;17;38;285;326
2151;41,07;-74,68;0,00;0,00;0,00;-0,07;0,00;0,00;456;22;48;15;23;783;449
2152;40,48;-49,98;0,00;0,00;0,00;-0,05;0,00;0,00;79;156;134;16;19;618;762
2153;69,39;207,04;0,00;0,00;0,00;0,21;0,00;0,00;251;116;183;45;38;589;132
2154;48,97;-5,28;0,00;0,00;0,00;-0,01;0,00;0,00;403;39;136;15;22;376;510
2155;51,97;43,00;0,00;0,00;0,00;0,04;0,00;0,00;90;63;106;41;17;527;437
2156;33,30;-246,30;0,00;0,00;0,00;-0,25;0,00;0,00;33;64;123;46;35;715;431
2157;39,67;-131,08;0,00;0,00;0,00;-0,13;0,00;0,00;451;165;24;14;15;375;172
2158;61,63;172,75;0,00;0,00;0,00;0,17;0,00;0,00;35;131;141;16;16;602;226
2159;50,26;143,63;0,00;0,00;0,00;0,14;0,00;0,00;338;33;185;33;39;987;892
2160;50,63;-13,31;0,00;0,00;0,00;-0,01;0,00;0,00;355;52;36;12;36;835;657
2161;51,46;-16,83;0,00;0,00;0,00;-0,02;0,00;0,00;153;102;164;37;15;984;536
2162;55,97;68,18;0,00;0,00;0,00;0,07;0,00;0,00;125;89;18;13;30;320;895
2163;62,77;142,00;0,00;0,00;0,00;0,14;0,00;0,00;76;39;115;42;18;625;633
2164;60,62;114,09;0,00;0,00;0,00;0,11;0,00;0,00;470;198;39;42;34;269;172
2165;72,18;274,74;0,00;0,00;0,00;0,27;0,00;0,00;448;12;18;17;21;977;596
2166;49,54;-86,93;0,00;0,00;0,00;-0,09;0,00;0,00;17;20;102;40;25;485;543
2167;32,97;-214,67;0,00;0,00;0,00;-0,21;0,00;0,00;436;158;82;33;24;185;327
2168;23,29;-274,01;0,00;0,00;0,00;-0,27;0,00;0,00;270;147;187;17;34;441;992
2169;70,89;167,10;0,00;0,00;0,00;0,17;0,00;0,00;300;26;140;40;30;640;541
2170;84,52;341,54;0,00;0,00;0,00;0,34;0,00;0,00;227;157;183;17;15;723;850
2171;36,46;-97,83;0,00;0,00;0,00;-0,10;0,00;0,00;96;77;77;12;38;465;180
2172;83,74;273,57;0,00;0,00;0,00;0,27;0,00;0,00;463;29;143;36;35;397;620
2173;58,67;89,55;0,00;0,00;0,00;0,09;0,00;0,00;355;194;70;36;26;106;817
2174;31,63;-128,47;0,00;0,00;0,00;-0,13;0,00;0,00;202;39;47;46;21;505;767
2175;58,45;-17,25;0,00;0,00;0,00;-0,02;0,00;0,00;304;157;73;41;31;561;751
2176;68,72;166,30;0,00;0,00;0,00;0,17;0,00;0,00;492;71;70;21;36;489;650
2177;56,83;60,11;0,00;0,00;0,00;0,06;0,00;0,00;166;57;91;27;15;741;976
2178;3,33;-584,72;0,00;0,00;0,00;-0,58;0,00;0,00;349;87;149;13;38;522;292
2179;43,45;-69,41;0,00;0,00;0,00;-0,07;0,00;0,00;181;149;141;32;38;772;803
2180;62,70;101,67;0,00;0,00;0,00;0,10;0,00;0,00;338;120;149;26;32;894;739
2181;50,23;56,50;0,00;0,00;0,00;0,06;0,00;0,00;55;104;134;15;24;908;718
2182;33,02;-161,10;0,00;0,00;0,00;-0,16;0,00;0,00;370;74;18;41;35;755;141
2183;38,60;-113,33;0,00;0,00;0,00;-0,11;0,00;0,00;75;156;100;30;22;700;655
2184;60,33;88,86;0,00;0,00;0,00;0,09;0,00;0,00;497;177;72;45;15;660;493
2185;49,77;-62,06;0,00;0,00;0,00;-0,06;0,00;0,00;291;30;18;14;15;164;521
2186;61,17;81,93;0,00;0,00;0,00;0,08;0,00;0,00;68;138;62;19;27;370;520
2187;79,80;371,79;0,00;0,00;0,00;0,37;0,00;0,00;126;172;110;14;26;598;231
2188;70,03;168,05;0,00;0,00;0,00;0,17;0,00;0,00;380;11;189;32;28;330;885
2189;55,52;28,68;0,00;0,00;0,00;0,03;0,00;0,00;288;65;135;28;35;949;979
2190;30,68;-164,15;0,00;0,00;0,00;-0,16;0,00;0,00;180;94;153;11;24;535;467
2191;18,31;-327,58;0,00;0,00;0,00;-0,33;0,00;0,00;461;199;109;17;22;775;863
2192;60,00;116,25;0,00;0,00;0,00;0,12;0,00;0,00;452;117;91;23;21;677;164
2193;63,74;110,97;0,00;0,00;0,00;0,11;0,00;0,00;102;124;107;26;24;432;413
2194;56,87;8,04;0,00;0,00;0,00;0,01;0,00;0,00;40;108;198;45;39;863;294
2195;60,46;97,64;0,00;0,00;0,00;0,10;0,00;0,00;325;114;67;46;26;309;612
2196;85,51;459,11;0,00;0,00;0,00;0,46;0,00;0,00;145;25;39;25;23;747;269
2197;38,73;-56,73;0,00;0,00;0,00;-0,06;0,00;0,00;446;68;96;27;20;672;432
2198;47,78;-118,22;0,00;0,00;0,00;-0,12;0,00;0,00;51;53;88;41;17;971;788
2199;73,29;234,98;0,00;0,00;0,00;0,23;0,00;0,00;80;122;15;17;39;148;949
2200;67,67;182,09;0,00;0,00;0,00;0,18;0,00;0,00;453;191;159;49;32;950;172
2201;59,39;96,52;0,00;0,00;0,00;0,10;0,00;0,00;250;141;122;15;19;509;613
2202;36,57;-152,77;0,00;0,00;0,00;-0,15;0,00;0,00;440;12;123;48;21;967;435
2203;84,36;315,96;0,00;0,00;0,00;0,32;0,00;0,00;347;182;16;40;25;707;107
2204;53,43;40,13;0,00;0,00;0,00;0,04;0,00;0,00;242;48;31;14;34;673;393
2205;45,28;-10,53;0,00;0,00;0,00;-0,01;0,00;0,00;180;29;90;21;33;501;737
2206;51,39;-21,63;0,00;0,00;0,00;-0,02;0,00;0,00;469;50;36;33;27;375;789
2207;50,04;-48,54;0,00;0,00;0,00;-0,05;0,00;0,00;227;114;79;15;37;589;395
2208;42,22;-105,75;0,00;0,00;0,00;-0,11;0,00;0,00;92;139;152;39;37;505;799
2209;43,72;-28,24;0,00;0,00;0,00;-0,03;0,00;0,00;237;58;45;28;31;284;660
2210;51,30;-61,95;0,00;0,00;0,00;-0,06;0,00;0,00;433;71;54;45;25;845;828
2211;51,01;42,38;0,00;0,00;0,00;0,04;0,00;0,00;273;86;30;17;34;370;793
2212;63,12;92,91;0,00;0,00;0,00;0,09;0,00;0,00;173;84;192;25;37;310;395
2213;53,22;53,50;0,00;0,00;0,00;0,05;0,00;0,00;79;13;196;30;36;645;890
2214;61,14;109,02;0,00;0,00;0,00;0,11;0,00;0,00;84;179;52;26;30;133;273
2215;48,75;-49,50;0,00;0,00;0,00;-0,05;0,00;0,00;336;192;26;27;32;766;658
2216;65,55;163,36;0,00;0,00;0,00;0,16;0,00;0,00;136;42;107;19;29;857;152
2217;38,58;-70,53;0,00;0,00;0,00;-0,07;0,00;0,00;189;194;33;49;27;128;906
2218;61,38;96,72;0,00;0,00;0,00;0,10;0,00;0,00;18;171;174;41;31;176;576
2219;43,41;-104,17;0,00;0,00;0,00;-0,10;0,00;0,00;83;17;124;44;38;814;954
2220;56,67;31,79;0,00;0,00;0,00;0,03;0,00;0,00;199;197;151;17;32;576;906
2221;75,97;299,99;0,00;0,00;0,00;0,30;0,00;0,00;150;98;191;20;19;609;886
2222;68,93;171,31;0,00;0,00;0,00;0,17;0,00;0,00;121;42;140;32;33;382;879
2223;58,54;150,81;0,00;0,00;0,00;0,15;0,00;0,00;441;18;76;40;27;950;871
2224;52,85;47,95;0,00;0,00;0,00;0,05;0,00;0,00;137;19;64;23;30;808;299
2225;59,49;148,52;0,00;0,00;0,00;0,15;0,00;0,00;284;169;51;17;29;169;593
2226;52,21;42,95;0,00;0,00;0,00;0,04;0,00;0,00;89;155;192;21;39;957;220
2227;81,58;327,69;0,00;0,00;0,00;0,33;0,00;0,00;408;67;138;29;23;717;837
2228;54,85;59,35;0,00;0,00;0,00;0,06;0,00;0,00;419;68;134;38;21;728;923
2229;98,66;397,69;0,00;0,00;0,00;0,40;0,00;0,00;288;86;150;42;29;129;409
2230;62,50;129,87;0,00;0,00;0,00;0,13;0,00;0,00;244;169;12;26;15;223;133
2231;52,57;-23,14;0,00;0,00;0,00;-0,02;0,00;0,00;31;28;42;22;30;826;822
2232;47,60;-71,09;0,00;0,00;0,00;-0,07;0,00;0,00;415;65;116;30;19;599;139
2233;66,34;157,39;0,00;0,00;0,00;0,16;0,00;0,00;443;60;36;40;15;350;517
2234;76,10;231,84;0,00;0,00;0,00;0,23;0,00;0,00;43;142;140;48;21;715;932
2235;42,96;-150,30;0,00;0,00;0,00;-0,15;0,00;0,00;312;83;171;30;34;337;542
2236;39,93;-69,13;0,00;0,00;0,00;-0,07;0,00;0,00;300;199;11;27;36;306;394
2237;30,16;-222,70;0,00;0,00;0,00;-0,22;0,00;0,00;363;153;118;47;30;644;300
2238;56,80;91,65;0,00;0,00;0,00;0,09;0,00;0,00;67;65;161;17;25;585;145
2239;53,68;48,91;0,00;0,00;0,00;0,05;0,00;0,00;204;74;81;48;27;871;548
2240;49,32;0,88;0,00;0,00;0,00;0,00;0,00;0,00;31;57;85;38;23;177;738
2241;72,87;231,62;0,00;0,00;0,00;0,23;0,00;0,00;267;148;88;35;15;354;490
2242;44,26;-79,93;0,00;0,00;0,00;-0,08;0,00;0,00;113;196;144;11;25;533;674
2243;54,25;22,50;0,00;0,00;0,00;0,02;0,00;0,00;361;90;19;27;27;669;678
2244;62,80;194,26;0,00;0,00;0,00;0,19;0,00;0,00;68;171;95;47;36;790;236
2245;65,18;107,80;0,00;0,00;0,00;0,11;0,00;0,00;160;66;159;14;31;992;392
2246;49,27;23,48;0,00;0,00;0,00;0,02;0,00;0,00;140;186;36;40;37;472;403
2247;45,77;-27,20;0,00;0,00;0,00;-0,03;0,00;0,00;20;79;166;44;21;737;711
2248;52,52;24,96;0,00;0,00;0,00;0,02;0,00;0,00;152;134;109;38;36;504;723
2249;39,40;-101,31;0,00;0,00;0,00;-0,10;0,00;0,00;436;74;188;27;15;144;891
2250;59,51;47,62;0,00;0,00;0,00;0,05;0,00;0,00;76;65;54;13;17;355;768
2251;29,72;-175,73;0,00;0,00;0,00;-0,18;0,00;0,00;158;88;71;34;29;486;646
2252;41,67;-128,11;0,00;0,00;0,00;-0,13;0,00;0,00;350;170;186;35;27;953;150
2253;76,83;163,88;0,00;0,00;0,00;0,16;0,00;0,00;233;130;143;38;26;943;792
2254;63,60;80,20;0,00;0,00;0,00;0,08;0,00;0,00;69;92;175;42;39;950;165
2255;35,84;-176,87;0,00;0,00;0,00;-0,18;0,00;0,00;149;25;148;41;39;139;939
2256;49,96;33,17;0,00;0,00;0,00;0,03;0,00;0,00;46;106;193;32;26;454;647
2257;47,10;-19,22;0,00;0,00;0,00;-0,02;0,00;0,00;360;127;35;37;15;254;538
2258;55,85;104,98;0,00;0,00;0,00;0,10;0,00;0,00;305;16;14;36;38;265;881
2259;51,11;101,24;0,00;0,00;0,00;0,10;0,00;0,00;222;13;121;34;37;278;455
2260;59,15;118,15;0,00;0,00;0,00;0,12;0,00;0,00;101;78;181;48;20;977;357
2261;33,52;-223,01;0,00;0,00;0,00;-0,22;0,00;0,00;261;20;24;27;22;894;708
2262;60,30;-0,04;0,00;0,00;0,00;-0,00;0,00;0,00;88;76;101;31;22;586;171
2263;23,45;-297,53;0,00;0,00;0,00;-0,30;0,00;0,00;146;164;101;22;25;174;561
2264;32,31;-175,41;0,00;0,00;0,00;-0,18;0,00;0,00;318;59;141;37;34;101;750
2265;47,15;-95,46;0,00;0,00;0,00;-0,10;0,00;0,00;341;61;50;41;25;145;646
2266;40,10;-138,19;0,00;0,00;0,00;-0,14;0,00;0,00;187;60;122;45;23;281;191
2267;52,33;-9,53;0,00;0,00;0,00;-0,01;0,00;0,00;16;192;107;41;15;534;747
2268;15,38;-338,47;0,00;0,00;0,00;-0,34;0,00;0,00;366;133;70;23;26;169;602
2269;77,95;248,70;0,00;0,00;0,00;0,25;0,00;0,00;280;81;119;39;23;459;713
2270;21,17;-216,87;0,00;0,00;0,00;-0,22;0,00;0,00;55;131;80;43;20;328;398
2271;55,99;81,65;0,00;0,00;0,00;0,08;0,00;0,00;322;120;13;36;16;548;745
2272;43,03;20,25;0,00;0,00;0,00;0,02;0,00;0,00;161;25;37;32;28;618;234
2273;28,44;-90,30;0,00;0,00;0,00;-0,09;0,00;0,00;226;12;31;17;23;515;691
2274;79,22;351,25;0,00;0,00;0,00;0,35;0,00;0,00;173;182;146;43;25;106;209
2275;50,13;-0,33;0,00;0,00;0,00;-0,00;0,00;0,00;164;61;179;10;25;217;909
2276;45,14;-94,24;0,00;0,00;0,00;-0,09;0,00;0,00;305;127;181;45;35;497;167
2277;56,51;57,32;0,00;0,00;0,00;0,06;0,00;0,00;493;141;197;47;38;283;230
2278;59,01;73,57;0,00;0,00;0,00;0,07;0,00;0,00;401;134;32;24;29;699;700
2279;51,86;47,21;0,00;0,00;0,00;0,05;0,00;0,00;39;179;150;29;34;445;713
2280;65,36;132,40;0,00;0,00;0,00;0,13;0,00;0,00;304;112;152;40;37;767;424
2281;27,10;-305,67;0,00;0,00;0,00;-0,31;0,00;0,00;109;131;175;24;30;703;901
2282;48,60;3,42;0,00;0,00;0,00;0,00;0,00;0,00;150;80;74;31;15;780;473
2283;41,32;-26,87;0,00;0,00;0,00;-0,03;0,00;0,00;463;162;185;40;17;741;478
2284;51,85;10,65;0,00;0,00;0,00;0,01;0,00;0,00;44;39;111;35;17;839;604
2285;38,47;-69,70;0,00;0,00;0,00;-0,07;0,00;0,00;344;183;127;40;36;828;191
2286;68,57;176,91;0,00;0,00;0,00;0,18;0,00;0,00;120;118;26;18;39;611;859
2287;62,95;238,31;0,00;0,00;0,00;0,24;0,00;0,00;69;65;141;22;20;484;758
2288;56,30;60,11;0,00;0,00;0,00;0,06;0,00;0,00;23;159;74;26;17;592;479
2289;62,66;143,00;0,00;0,00;0,00;0,14;0,00;0,00;95;182;26;16;16;582;613
2290;37,72;-182,65;0,00;0,00;0,00;-0,18;0,00;0,00;413;35;116;15;19;816;298
2291;59,88;137,06;0,00;0,00;0,00;0,14;0,00;0,00;335;57;55;47;33;353;117
2292;42,11;-136,62;0,00;0,00;0,00;-0,14;0,00;0,00;275;54;199;27;22;998;951
2293;47,96;-38,04;0,00;0,00;0,00;-0,04;0,00;0,00;401;165;100;35;27;903;267
2294;61,71;213,61;0,00;0,00;0,00;0,21;0,00;0,00;143;41;116;31;38;372;805
2295;46,25;-125,76;0,00;0,00;0,00;-0,13;0,00;0,00;399;158;94;21;15;352;485
2296;67,38;89,47;0,00;0,00;0,00;0,09;0,00;0,00;120;110;73;36;36;584;190
2297;74,05;337,10;0,00;0,00;0,00;0,34;0,00;0,00;10;122;193;37;15;688;793
2298;44,92;-64,99;0,00;0,00;0,00;-0,06;0,00;0,00;356;117;47;11;29;423;361
2299;71,75;127,29;0,00;0,00;0,00;0,13;0,00;0,00;178;93;191;29;38;390;217
2300;18,07;-235,24;0,00;0,00;0,00;-0,24;0,00;0,00;217;99;126;44;23;148;350
2301;48,49;37,01;0,00;0,00;0,00;0,04;0,00;0,00;224;52;134;40;33;109;296
2302;35,95;-241,34;0,00;0,00;0,00;-0,24;0,00;0,00;11;115;80;37;32;543;906
2303;24,84;-252,63;0,00;0,00;0,00;-0,25;0,00;0,00;17;69;60;30;22;818;989
2304;32,19;-176,66;0,00;0,00;0,00;-0,18;0,00;0,00;363;90;58;23;39;581;666
2305;52,01;53,91;0,00;0,00;0,00;0,05;0,00;0,00;53;81;175;26;35;638;679
2306;29,16;-218,17;0,00;0,00;0,00;-0,22;0,00;0,00;90;129;63;30;22;964;427
2307;63,25;85,73;0,00;0,00;0,00;0,09;0,00;0,00;262;64;182;18;37;403;428
2308;60,45;78,31;0,00;0,00;0,00;0,08;0,00;0,00;318;139;132;10;30;787;946
2309;17,96;-248,63;0,00;0,00;0,00;-0,25;0,00;0,00;165;121;84;33;37;656;479
2310;61,39;118,17;0,00;0,00;0,00;0,12;0,00;0,00;314;143;26;13;28;876;459
2311;60,02;102,63;0,00;0,00;0,00;0,10;0,00;0,00;148;79;109;35;39;161;748
2312;39,37;-157,29;0,00;0,00;0,00;-0,16;0,00;0,00;447;96;147;23;26;156;113
2313;19,52;-326,92;0,00;0,00;0,00;-0,33;0,00;0,00;448;86;140;30;30;944;103
2314;43,63;-97,30;0,00;0,00;0,00;-0,10;0,00;0,00;283;88;96;38;36;556;697
2315;60,63;64,94;0,00;0,00;0,00;0,06;0,00;0,00;215;35;95;15;32;680;598
2316;18,42;-223,28;0,00;0,00;0,00;-0,22;0,00;0,00;220;178;44;12;19;201;831
2317;70,47;144,40;0,00;0,00;0,00;0,14;0,00;0,00;442;102;179;43;18;747;405
2318;65,02;83,45;0,00;0,00;0,00;0,08;0,00;0,00;102;129;142;21;30;239;931
2319;42,10;-19,13;0,00;0,00;0,00;-0,02;0,00;0,00;30;81;21;18;24;363;292
2320;57,79;105,52;0,00;0,00;0,00;0,11;0,00;0,00;96;49;124;24;30;799;876
2321;44,10;-14,93;0,00;0,00;0,00;-0,01;0,00;0,00;415;47;14;20;25;152;391
2322;42,51;-45,91;0,00;0,00;0,00;-0,05;0,00;0,00;379;155;142;32;28;183;581
2323;44,01;-7,15;0,00;0,00;0,00;-0,01;0,00;0,00;222;182;100;31;38;632;132
2324;59,92;122,56;0,00;0,00;0,00;0,12;0,00;0,00;196;69;152;20;36;883;781
2325;31,83;-207,72;0,00;0,00;0,00;-0,21;0,00;0,00;498;123;15;26;29;525;552
2326;44,69;-78,83;0,00;0,00;0,00;-0,08;0,00;0,00;389;120;99;33;32;522;656
2327;65,14;151,80;0,00;0,00;0,00;0,15;0,00;0,00;65;169;166;33;33;503;740
2328;64,60;174,44;0,00;0,00;0,00;0,17;0,00;0,00;173;118;160;21;36;156;783
2329;67,32;186,87;0,00;0,00;0,00;0,19;0,00;0,00;380;169;29;37;26;165;827
2330;38,36;-105,52;0,00;0,00;0,00;-0,11;0,00;0,00;123;186;182;37;23;673;533
2331;60,14;100,25;0,00;0,00;0,00;0,10;0,00;0,00;225;12;195;37;25;623;585
2332;46,20;6,78;0,00;0,00;0,00;0,01;0,00;0,00;280;13;11;24;29;856;417
2333;49,15;-5,57;0,00;0,00;0,00;-0,01;0,00;0,00;132;84;156;19;26;445;681
2334;38,84;-135,84;0,00;0,00;0,00;-0,14;0,00;0,00;280;97;29;49;27;725;424
2335;54,02;136,78;0,00;0,00;0,00;0,14;0,00;0,00;116;87;42;45;17;830;700
2336;10,69;-362,46;0,00;0,00;0,00;-0,36;0,00;0,00;361;120;39;41;33;929;736
2337;58,50;33,32;0,00;0,00;0,00;0,03;0,00;0,00;482;113;66;45;28;300;940
2338;40,66;-26,71;0,00;0,00;0,00;-0,03;0,00;0,00;387;76;198;19;26;372;859
2339;68,99;148,65;0,00;0,00;0,00;0,15;0,00;0,00;441;194;63;36;31;957;790
2340;38,37;-130,36;0,00;0,00;0,00;-0,13;0,00;0,00;155;164;173;10;18;846;270
2341;83,46;442,76;0,00;0,00;0,00;0,44;0,00;0,00;353;177;33;21;21;343;214
2342;18,87;-313,07;0,00;0,00;0,00;-0,31;0,00;0,00;337;96;175;14;18;367;648
2343;53,79;6,75;0,00;0,00;0,00;0,01;0,00;0,00;254;19;17;41;17;434;274
2344;69,35;187,31;0,00;0,00;0,00;0,19;0,00;0,00;421;129;39;36;17;440;702
2345;48,63;-48,46;0,00;0,00;0,00;-0,05;0,00;0,00;471;27;115;10;19;743;183
2346;66,04;139,06;0,00;0,00;0,00;0,14;0,00;0,00;72;42;74;39;32;343;407
2347;34,94;-185,23;0,00;0,00;0,00;-0,19;0,00;0,00;141;14;107;34;27;420;868
2348;79,34;247,02;0,00;0,00;0,00;0,25;0,00;0,00;336;111;93;43;17;612;389
2349;58,86;51,53;0,00;0,00;0,00;0,05;0,00;0,00;367;100;198;17;26;147;204
2350;23,01;-263,78;0,00;0,00;0,00;-0,26;0,00;0,00;387;94;68;31;19;723;509
2351;59,03;58,88;0,00;0,00;0,00;0,06;0,00;0,00;456;126;188;26;30;183;214
2352;28,66;-191,90;0,00;0,00;0,00;-0,19;0,00;0,00;311;193;36;31;24;102;493
2353;59,09;153,89;0,00;0,00;0,00;0,15;0,00;0,00;343;193;13;28;39;404;158
2354;72,99;350,48;0,00;0,00;0,00;0,35;0,00;0,00;321;165;182;20;20;770;101
2355;13,57;-437,32;0,00;0,00;0,00;-0,44;0,00;0,00;134;165;156;29;18;922;455
2356;32,22;-219,68;0,00;0,00;0,00;-0,22;0,00;0,00;44;141;159;28;31;822;952
2357;39,88;-102,70;0,00;0,00;0,00;-0,10;0,00;0,00;212;82;121;10;17;188;693
2358;45,86;-50,57;0,00;0,00;0,00;-0,05;0,00;0,00;113;172;191;48;21;810;700
2359;68,22;227,32;0,00;0,00;0,00;0,23;0,00;0,00;392;119;29;17;36;162;337
2360;55,00;78,88;0,00;0,00;0,00;0,08;0,00;0,00;289;74;134;49;29;506;707
2361;46,77;-32,44;0,00;0,00;0,00;-0,03;0,00;0,00;67;25;53;31;15;863;902
2362;60,77;118,81;0,00;0,00;0,00;0,12;0,00;0,00;346;51;190;19;26;439;226
2363;56,93;148,41;0,00;0,00;0,00;0,15;0,00;0,00;411;180;54;30;29;580;325
2364;44,82;4,63;0,00;0,00;0,00;0,00;0,00;0,00;226;147;108;25;18;882;656
2365;36,50;-162,98;0,00;0,00;0,00;-0,16;0,00;0,00;327;102;149;40;35;407;421
2366;59,72;76,92;0,00;0,00;0,00;0,08;0,00;0,00;319;161;90;40;27;927;840
2367;43,22;43,25;0,00;0,00;0,00;0,04;0,00;0,00;143;138;120;37;17;418;159
2368;46,06;22,52;0,00;0,00;0,00;0,02;0,00;0,00;284;35;142;37;25;196;482
2369;54,31;-8,03;0,00;0,00;0,00;-0,01;0,00;0,00;165;138;45;23;33;605;188
2370;68,91;171,70;0,00;0,00;0,00;0,17;0,00;0,00;389;167;90;10;19;515;883
2371;61,52;191,22;0,00;0,00;0,00;0,19;0,00;0,00;389;191;72;43;35;893;451
2372;94,93;416,42;0,00;0,00;0,00;0,42;0,00;0,00;94;172;88;22;29;889;346
2373;51,85;26,45;0,00;0,00;0,00;0,03;0,00;0,00;409;112;105;38;30;541;492
2374;48,24;8,51;0,00;0,00;0,00;0,01;0,00;0,00;255;56;28;38;29;220;315
2375;79,67;226,05;0,00;0,00;0,00;0,23;0,00;0,00;282;120;165;24;25;187;218
2376;39,49;-132,72;0,00;0,00;0,00;-0,13;0,00;0,00;84;53;54;17;32;852;735
2377;60,96;154,01;0,00;0,00;0,00;0,15;0,00;0,00;497;132;127;13;20;394;597
2378;62,28;88,05;0,00;0,00;0,00;0,09;0,00;0,00;477;159;67;16;32;471;395
2379;35,90;-134,70;0,00;0,00;0,00;-0,13;0,00;0,00;114;100;71;25;33;765;941
2380;66,73;207,17;0,00;0,00;0,00;0,21;0,00;0,00;201;27;88;40;34;717;337
2381;57,85;74,61;0,00;0,00;0,00;0,07;0,00;0,00;381;111;165;48;33;967;455
2382;37,12;-135,80;0,00;0,00;0,00;-0,14;0,00;0,00;155;178;55;33;24;963;932
2383;36,14;-88,98;0,00;0,00;0,00;-0,09;0,00;0,00;322;140;79;33;36;143;838
2384;67,96;217,45;0,00;0,00;0,00;0,22;0,00;0,00;94;97;186;44;26;216;220
2385;45,52;-99,52;0,00;0,00;0,00;-0,10;0,00;0,00;379;181;114;15;18;940;828
2386;29,80;-133,38;0,00;0,00;0,00;-0,13;0,00;0,00;495;87;166;30;19;690;252
2387;39,52;-115,97;0,00;0,00;0,00;-0,12;0,00;0,00;298;131;70;11;16;768;977
2388;24,44;-250,92;0,00;0,00;0,00;-0,25;0,00;0,00;160;128;170;29;38;481;832
2389;35,10;-93,81;0,00;0,00;0,00;-0,09;0,00;0,00;246;38;28;36;39;306;554
2390;63,86;113,68;0,00;0,00;0,00;0,11;0,00;0,00;245;114;143;23;34;659;710
2391;70,33;247,79;0,00;0,00;0,00;0,25;0,00;0,00;225;18;36;14;22;413;729
2392;36,14;-49,37;0,00;0,00;0,00;-0,05;0,00;0,00;485;131;30;27;32;211;951
2393;49,23;-8,14;0,00;0,00;0,00;-0,01;0,00;0,00;144;193;150;46;29;351;837
2394;64,92;187,92;0,00;0,00;0,00;0,19;0,00;0,00;230;194;115;14;35;612;152
2395;30,42;-129,06;0,00;0,00;0,00;-0,13;0,00;0,00;211;132;93;16;28;338;409
2396;71,60;233,12;0,00;0,00;0,00;0,23;0,00;0,00;361;30;66;21;29;130;176
2397;50,90;34,99;0,00;0,00;0,00;0,03;0,00;0,00;324;191;169;15;27;301;495
2398;48,70;-96,25;0,00;0,00;0,00;-0,10;0,00;0,00;82;48;18;40;35;291;761
2399;32,20;-172,79;0,00;0,00;0,00;-0,17;0,00;0,00;196;154;141;39;34;734;743
2400;43,23;-71,26;0,00;0,00;0,00;-0,07;0,00;0,00;266;42;91;27;33;902;524
2401;38,48;-107,92;0,00;0,00;0,00;-0,11;0,00;0,00;22;109;69;13;25;870;434
2402;20,11;-275,60;0,00;0,00;0,00;-0,28;0,00;0,00;381;43;173;43;17;723;710
2403;49,49;-124,00;0,00;0,00;0,00;-0,12;0,00;0,00;173;67;79;22;16;181;982
2404;40,36;-46,54;0,00;0,00;0,00;-0,05;0,00;0,00;91;103;106;16;20;440;718
2405;44,22;-55,33;0,00;0,00;0,00;-0,06;0,00;0,00;238;45;95;39;29;639;701
2406;21,79;-172,24;0,00;0,00;0,00;-0,17;0,00;0,00;54;24;50;12;29;647;541
2407;52,04;36,87;0,00;0,00;0,00;0,04;0,00;0,00;348;194;27;20;17;191;661
2408;34,57;-181,00;0,00;0,00;0,00;-0,18;0,00;0,00;264;106;127;32;26;561;767
2409;44,55;-63,36;0,00;0,00;0,00;-0,06;0,00;0,00;399;148;92;38;25;481;806
2410;47,82;18,20;0,00;0,00;0,00;0,02;0,00;0,00;340;93;139;37;29;585;263
2411;53,58;77,47;0,00;0,00;0,00;0,08;0,00;0,00;167;125;92;41;36;699;579
2412;34,76;-161,14;0,00;0,00;0,00;-0,16;0,00;0,00;312;54;41;33;16;763;410
2413;47,29;-33,09;0,00;0,00;0,00;-0,03;0,00;0,00;485;134;127;17;28;966;573
2414;40,56;-70,86;0,00;0,00;0,00;-0,07;0,00;0,00;141;43;155;34;20;197;817
2415;24,61;-281,75;0,00;0,00;0,00;-0,28;0,00;0,00;456;116;46;10;33;279;994
2416;50,14;41,51;0,00;0,00;0,00;0,04;0,00;0,00;130;112;82;32;31;614;831
2417;61,65;86,69;0,00;0,00;0,00;0,09;0,00;0,00;385;76;153;15;28;151;933
2418;55,25;14,98;0,00;0,00;0,00;0,01;0,00;0,00;22;125;38;21;33;948;369
2419;64,55;105,17;0,00;0,00;0,00;0,11;0,00;0,00;418;23;178;47;26;316;142
2420;46,59;38,76;0,00;0,00;0,00;0,04;0,00;0,00;442;32;69;17;27;127;722
2421;69,56;189,87;0,00;0,00;0,00;0,19;0,00;0,00;184;151;143;18;36;975;532
2422;55,92;91,45;0,00;0,00;0,00;0,09;0,00;0,00;23;180;128;45;38;417;512
2423;71,05;270,14;0,00;0,00;0,00;0,27;0,00;0,00;243;21;163;38;15;960;161
2424;48,42;1,11;0,00;0,00;0,00;0,00;0,00;0,00;214;88;91;20;30;215;198
2425;62,98;235,13;0,00;0,00;0,00;0,24;0,00;0,00;48;101;142;32;28;482;246
2426;55,30;144,34;0,00;0,00;0,00;0,14;0,00;0,00;428;167;31;13;15;879;616
2427;67,37;95,08;0,00;0,00;0,00;0,10;0,00;0,00;477;63;66;38;32;444;267
2428;83,24;225,59;0,00;0,00;0,00;0,23;0,00;0,00;373;147;167;15;25;483;631
2429;76,46;225,78;0,00;0,00;0,00;0,23;0,00;0,00;320;72;59;33;38;152;121
2430;18,86;-276,72;0,00;0,00;0,00;-0,28;0,00;0,00;416;185;109;31;19;553;516
2431;51,80;37,89;0,00;0,00;0,00;0,04;0,00;0,00;240;61;167;30;36;393;787
2432;53,08;61,45;0,00;0,00;0,00;0,06;0,00;0,00;324;177;51;19;17;387;469
2433;49,67;-26,96;0,00;0,00;0,00;-0,03;0,00;0,00;100;153;137;25;28;580;179
2434;46,47;32,99;0,00;0,00;0,00;0,03;0,00;0,00;474;138;46;26;25;350;840
2435;47,52;-21,54;0,00;0,00;0,00;-0,02;0,00;0,00;158;163;135;31;17;379;273
2436;61,85;106,65;0,00;0,00;0,00;0,11;0,00;0,00;98;115;76;35;30;356;962
2437;68,89;229,50;0,00;0,00;0,00;0,23;0,00;0,00;384;103;72;10;28;597;828
2438;26,54;-165,86;0,00;0,00;0,00;-0,17;0,00;0,00;396;106;29;26;31;622;690
2439;50,14;54,37;0,00;0,00;0,00;0,05;0,00;0,00;59;140;160;18;25;538;227
2440;40,99;-9,25;0,00;0,00;0,00;-0,01;0,00;0,00;434;137;51;15;24;816;487
2441;53,49;78,35;0,00;0,00;0,00;0,08;0,00;0,00;285;75;33;31;33;379;612
2442;38,22;-77,69;0,00;0,00;0,00;-0,08;0,00;0,00;15;101;186;32;29;221;553
2443;41,10;-64,75;0,00;0,00;0,00;-0,06;0,00;0,00;336;182;35;45;26;648;589
2444;58,08;126,51;0,00;0,00;0,00;0,13;0,00;0,00;92;51;144;24;28;869;531
2445;31,95;-161,65;0,00;0,00;0,00;-0,16;0,00;0,00;448;115;136;17;21;473;206
2446;33,54;-160,97;0,00;0,00;0,00;-0,16;0,00;0,00;210;141;119;29;20;666;869
2447;29,54;-200,11;0,00;0,00;0,00;-0,20;0,00;0,00;78;186;179;23;37;290;107
2448;61,29;154,88;0,00;0,00;0,00;0,15;0,00;0,00;32;65;140;39;25;759;199
2449;68,95;210,79;0,00;0,00;0,00;0,21;0,00;0,00;55;55;170;32;24;608;202
2450;46,18;6,33;0,00;0,00;0,00;0,01;0,00;0,00;464;188;166;23;38;987;417
2451;45,91;-33,43;0,00;0,00;0,00;-0,03;0,00;0,00;336;110;127;14;26;405;750
2452;28,86;-150,42;0,00;0,00;0,00;-0,15;0,00;0,00;23;30;94;40;18;306;766
2453;63,43;86,05;0,00;0,00;0,00;0,09;0,00;0,00;473;52;145;26;30;716;416
2454;42,20;-57,62;0,00;0,00;0,00;-0,06;0,00;0,00;350;12;85;10;33;437;708
2455;22,56;-296,87;0,00;0,00;0,00;-0,30;0,00;0,00;232;108;57;25;17;721;898
2456;50,81;46,32;0,00;0,00;0,00;0,05;0,00;0,00;467;199;93;42;20;206;386
2457;49,07;-9,67;0,00;0,00;0,00;-0,01;0,00;0,00;452;81;185;46;30;483;112
2458;81,48;270,02;0,00;0,00;0,00;0,27;0,00;0,00;371;54;74;35;15;235;857
2459;71,18;286,24;0,00;0,00;0,00;0,29;0,00;0,00;215;197;51;49;38;899;117
2460;75,53;309,51;0,00;0,00;0,00;0,31;0,00;0,00;361;199;142;19;29;343;300
2461;89,80;439,04;0,00;0,00;0,00;0,44;0,00;0,00;19;106;36;18;36;950;499
2462;45,53;18,51;0,00;0,00;0,00;0,02;0,00;0,00;494;87;103;23;15;137;867
2463;21,18;-290,62;0,00;0,00;0,00;-0,29;0,00;0,00;254;87;189;11;17;716;780
2464;49,33;-105,24;0,00;0,00;0,00;-0,11;0,00;0,00;495;112;18;24;35;139;691
2465;82,05;269,30;0,00;0,00;0,00;0,27;0,00;0,00;184;39;83;34;17;580;368
2466;65,62;150,61;0,00;0,00;0,00;0,15;0,00;0,00;401;78;49;21;38;184;441
2467;36,91;-130,43;0,00;0,00;0,00;-0,13;0,00;0,00;132;13;74;40;39;651;529
2468;64,65;194,19;0,00;0,00;0,00;0,19;0,00;0,00;202;17;32;32;22;828;443
2469;49,53;14,90;0,00;0,00;0,00;0,01;0,00;0,00;415;130;168;30;21;766;188
2470;56,04;115,11;0,00;0,00;0,00;0,12;0,00;0,00;105;72;124;26;17;237;534
2471;59,82;111,21;0,00;0,00;0,00;0,11;0,00;0,00;146;84;144;28;16;382;649
2472;64,90;204,23;0,00;0,00;0,00;0,20;0,00;0,00;311;39;112;47;33;816;589
2473;63,72;171,14;0,00;0,00;0,00;0,17;0,00;0,00;123;20;102;13;15;803;791
2474;36,14;-141,68;0,00;0,00;0,00;-0,14;0,00;0,00;336;168;48;42;19;488;910
2475;66,06;171,94;0,00;0,00;0,00;0,17;0,00;0,00;425;191;171;48;25;350;334
2476;34,95;-149,17;0,00;0,00;0,00;-0,15;0,00;0,00;116;118;15;17;27;790;788
2477;37,99;-62,54;0,00;0,00;0,00;-0,06;0,00;0,00;164;97;171;40;17;412;691
2478;46,91;-10,47;0,00;0,00;0,00;-0,01;0,00;0,00;453;127;154;46;33;110;905
2479;25,21;-284,15;0,00;0,00;0,00;-0,28;0,00;0,00;192;50;118;28;36;473;148
2480;66,02;71,99;0,00;0,00;0,00;0,07;0,00;0,00;418;27;49;43;15;486;821
2481;46,72;-14,41;0,00;0,00;0,00;-0,01;0,00;0,00;138;19;63;18;37;432;897
2482;61,73;64,76;0,00;0,00;0,00;0,06;0,00;0,00;256;77;85;40;26;524;449
2483;22,69;-204,89;0,00;0,00;0,00;-0,20;0,00;0,00;54;54;56;43;38;793;276
2484;39,87;-95,29;0,00;0,00;0,00;-0,10;0,00;0,00;384;85;43;41;29;101;927
2485;63,93;255,19;0,00;0,00;0,00;0,26;0,00;0,00;33;156;119;32;37;768;936
2486;50,30;-9,89;0,00;0,00;0,00;-0,01;0,00;0,00;25;197;144;27;35;941;409
2487;36,40;-150,82;0,00;0,00;0,00;-0,15;0,00;0,00;198;159;147;49;22;825;541
2488;29,06;-244,85;0,00;0,00;0,00;-0,24;0,00;0,00;126;172;63;26;38;163;798
2489;41,60;-167,56;0,00;0,00;0,00;-0,17;0,00;0,00;214;134;91;39;39;971;774
2490;68,37;168,44;0,00;0,00;0,00;0,17;0,00;0,00;392;133;104;16;16;455;376
2491;40,13;-110,59;0,00;0,00;0,00;-0,11;0,00;0,00;10;126;138;21;16;298;513
2492;59,58;95,61;0,00;0,00;0,00;0,10;0,00;0,00;228;164;108;37;19;764;811
2493;22,69;-261,68;0,00;0,00;0,00;-0,26;0,00;0,00;221;147;136;31;20;575;575
2494;41,42;-48,62;0,00;0,00;0,00;-0,05;0,00;0,00;77;139;57;38;30;970;618
2495;62,34;145,15;0,00;0,00;0,00;0,15;0,00;0,00;113;195;45;15;32;591;661
2496;44,56;-99,30;0,00;0,00;0,00;-0,10;0,00;0,00;195;93;13;20;37;325;892
2497;48,74;-52,65;0,00;0,00;0,00;-0,05;0,00;0,00;348;166;57;13;35;600;267
2498;55,72;21,47;0,00;0,00;0,00;0,02;0,00;0,00;151;142;68;43;39;401;862
2499;57,04;31,59;0,00;0,00;0,00;0,03;0,00;0,00;192;38;11;19;36;413;449
2500;56,33;67,80;0,00;0,00;0,00;0,07;0,00;0,00;31;180;74;19;19;589;729
2501;42,48;-46,21;0,00;0,00;0,00;-0,05;0,00;0,00;163;187;152;13;34;163;407
2502;46,31;-15,39;0,00;0,00;0,00;-0,02;0,00;0,00;317;106;126;39;36;573;402
2503;42,59;-3,57;0,00;0,00;0,00;-0,00;0,00;0,00;432;136;75;22;17;910;406
2504;44,79;-111,03;0,00;0,00;0,00;-0,11;0,00;0,00;480;172;144;49;35;409;945
2505;55,80;7,23;0,00;0,00;0,00;0,01;0,00;0,00;11;112;64;39;35;770;780
2506;42,48;-49,24;0,00;0,00;0,00;-0,05;0,00;0,00;428;158;91;41;34;525;499
2507;50,94;-70,06;0,00;0,00;0,00;-0,07;0,00;0,00;178;184;165;15;39;968;930
2508;48,09;69,07;0,00;0,00;0,00;0,07;0,00;0,00;461;148;166;29;18;697;249
2509;52,06;-41,87;0,00;0,00;0,00;-0,04;0,00;0,00;469;59;73;28;20;627;319
2510;53,22;25,56;0,00;0,00;0,00;0,03;0,00;0,00;486;142;120;33;26;748;895
2511;63,29;116,90;0,00;0,00;0,00;0,12;0,00;0,00;275;114;63;10;36;739;284
2512;37,11;-149,64;0,00;0,00;0,00;-0,15;0,00;0,00;233;15;175;42;30;249;271
2513;22,12;-294,81;0,00;0,00;0,00;-0,29;0,00;0,00;478;52;103;27;34;885;449
2514;34,47;-220,85;0,00;0,00;0,00;-0,22;0,00;0,00;297;88;173;18;34;479;644
2515;45,82;-57,43;0,00;0,00;0,00;-0,06;0,00;0,00;439;79;111;36;36;763;760
2516;77,37;217,43;0,00;0,00;0,00;0,22;0,00;0,00;311;108;51;31;32;400;985
2517;29,15;-218,61;0,00;0,00;0,00;-0,22;0,00;0,00;165;62;153;24;25;707;331
2518;21,13;-298,21;0,00;0,00;0,00;-0,30;0,00;0,00;116;83;140;29;29;710;473
2519;47,49;42,22;0,00;0,00;0,00;0,04;0,00;0,00;236;45;151;32;16;532;405
2520;55,38;-8,89;0,00;0,00;0,00;-0,01;0,00;0,00;262;71;73;16;39;711;179
2521;42,99;-59,88;0,00;0,00;0,00;-0,06;0,00;0,00;264;18;92;33;15;727;292
2522;32,32;-131,81;0,00;0,00;0,00;-0,13;0,00;0,00;318;70;43;34;16;922;802
2523;46,47;58,64;0,00;0,00;0,00;0,06;0,00;0,00;215;124;172;12;19;698;405
2524;48,41;-39,47;0,00;0,00;0,00;-0,04;0,00;0,00;475;107;40;21;29;149;111
2525;44,02;-136,81;0,00;0,00;0,00;-0,14;0,00;0,00;320;195;69;39;26;316;725
2526;39,02;-36,87;0,00;0,00;0,00;-0,04;0,00;0,00;443;98;142;21;24;828;426
2527;4,43;-507,21;0,00;0,00;0,00;-0,51;0,00;0,00;327;182;170;32;20;348;247
2528;57,93;139,11;0,00;0,00;0,00;0,14;0,00;0,00;310;134;96;28;26;662;548
2529;62,55;96,98;0,00;0,00;0,00;0,10;0,00;0,00;325;133;128;31;25;260;191
2530;46,01;-44,44;0,00;0,00;0,00;-0,04;0,00;0,00;44;129;137;43;28;819;345
2531;58,46;62,10;0,00;0,00;0,00;0,06;0,00;0,00;101;81;165;15;30;250;886
2532;41,19;-77,75;0,00;0,00;0,00;-0,08;0,00;0,00;174;105;129;19;38;922;868
2533;45,97;-49,91;0,00;0,00;0,00;-0,05;0,00;0,00;377;115;139;34;24;110;861
2534;45,34;-80,74;0,00;0,00;0,00;-0,08;0,00;0,00;232;46;17;43;24;572;320
2535;37,85;-158,97;0,00;0,00;0,00;-0,16;0,00;0,00;476;153;111;32;18;120;153
2536;41,57;-141,02;0,00;0,00;0,00;-0,14;0,00;0,00;103;135;108;18;32;405;361
2537;45,06;-104,66;0,00;0,00;0,00;-0,10;0,00;0,00;27;55;61;10;26;720;436
2538;76,44;189,16;0,00;0,00;0,00;0,19;0,00;0,00;24;140;81;46;26;276;576
2539;37,51;-74,50;0,00;0,00;0,00;-0,07;0,00;0,00;139;54;85;48;26;685;140
2540;52,39;-21,96;0,00;0,00;0,00;-0,02;0,00;0,00;291;193;54;47;24;149;408
2541;53,92;37,17;0,00;0,00;0,00;0,04;0,00;0,00;297;42;62;17;32;946;110
2542;38,11;-115,80;0,00;0,00;0,00;-0,12;0,00;0,00;237;52;88;23;28;643;113
2543;47,82;70,85;0,00;0,00;0,00;0,07;0,00;0,00;431;54;128;24;26;219;662
2544;78,53;321,43;0,00;0,00;0,00;0,32;0,00;0,00;222;103;16;35;17;608;162
2545;35,32;-84,44;0,00;0,00;0,00;-0,08;0,00;0,00;296;112;60;19;17;500;542
2546;77,89;265,62;0,00;0,00;0,00;0,27;0,00;0,00;14;126;27;26;34;688;260
2547;53,05;21,18;0,00;0,00;0,00;0,02;0,00;0,00;127;80;94;36;35;118;754
2548;37,93;-108,34;0,00;0,00;0,00;-0,11;0,00;0,00;51;163;22;16;27;298;425
2549;59,85;121,31;0,00;0,00;0,00;0,12;0,00;0,00;330;105;102;36;19;281;104
2550;51,19;4,53;0,00;0,00;0,00;0,00;0,00;0,00;453;72;144;16;37;351;870
2551;61,98;131,14;0,00;0,00;0,00;0,13;0,00;0,00;158;16;79;21;20;432;678
2552;42,12;-77,93;0,00;0,00;0,00;-0,08;0,00;0,00;430;30;30;39;23;443;775
2553;52,29;64,16;0,00;0,00;0,00;0,06;0,00;0,00;89;11;59;14;28;948;339
2554;47,05;49,13;0,00;0,00;0,00;0,05;0,00;0,00;177;128;54;23;21;195;467
2555;55,02;27,06;0,00;0,00;0,00;0,03;0,00;0,00;35;120;56;44;25;776;561
2556;60,47;142,33;0,00;0,00;0,00;0,14;0,00;0,00;322;39;175;39;27;323;596
2557;58,63;22,62;0,00;0,00;0,00;0,02;0,00;0,00;368;88;158;44;36;197;527
2558;45,29;-5,84;0,00;0,00;0,00;-0,01;0,00;0,00;231;174;192;16;39;385;752
2559;65,87;145,64;0,00;0,00;0,00;0,15;0,00;0,00;140;67;86;37;26;798;541
2560;78,46;316,83;0,00;0,00;0,00;0,32;0,00;0,00;288;89;185;38;24;188;804
2561;66,27;185,79;0,00;0,00;0,00;0,19;0,00;0,00;195;104;96;18;38;367;328
2562;58,40;128,52;0,00;0,00;0,00;0,13;0,00;0,00;136;64;109;31;21;468;198
2563;45,56;-80,02;0,00;0,00;0,00;-0,08;0,00;0,00;445;20;125;20;38;707;471
2564;54,47;113,01;0,00;0,00;0,00;0,11;0,00;0,00;135;57;159;41;29;395;348
2565;51,73;12,49;0,00;0,00;0,00;0,01;0,00;0,00;381;97;134;18;31;506;832
2566;44,90;1,11;0,00;0,00;0,00;0,00;0,00;0,00;407;146;95;17;39;411;143
2567;55,51;42,07;0,00;0,00;0,00;0,04;0,00;0,00;200;127;110;29;27;610;408
2568;70,58;207,43;0,00;0,00;0,00;0,21;0,00;0,00;287;127;198;17;20;572;954
2569;28,77;-250,91;0,00;0,00;0,00;-0,25;0,00;0,00;73;157;67;28;23;342;536
2570;44,82;-64,62;0,00;0,00;0,00;-0,06;0,00;0,00;52;35;15;18;31;171;684
2571;59,95;20,71;0,00;0,00;0,00;0,02;0,00;0,00;77;131;60;26;26;219;979
2572;70,61;161,66;0,00;0,00;0,00;0,16;0,00;0,00;64;23;104;28;19;395;695
2573;52,67;-6,51;0,00;0,00;0,00;-0,01;0,00;0,00;498;99;46;31;15;152;465
2574;46,89;-24,87;0,00;0,00;0,00;-0,02;0,00;0,00;496;88;87;47;25;374;610
2575;59,24;102,71;0,00;0,00;0,00;0,10;0,00;0,00;413;63;62;40;27;651;636
2576;57,19;69,95;0,00;0,00;0,00;0,07;0,00;0,00;202;172;29;18;20;579;680
2577;46,20;-50,13;0,00;0,00;0,00;-0,05;0,00;0,00;325;135;130;10;15;972;500
2578;60,51;70,11;0,00;0,00;0,00;0,07;0,00;0,00;74;38;191;10;35;974;679
2579;61,65;119,86;0,00;0,00;0,00;0,12;0,00;0,00;480;131;87;37;26;108;164
2580;52,11;1,47;0,00;0,00;0,00;0,00;0,00;0,00;498;194;37;21;27;803;828
2581;26,16;-220,88;0,00;0,00;0,00;-0,22;0,00;0,00;240;127;164;23;34;567;842
2582;48,15;-9,07;0,00;0,00;0,00;-0,01;0,00;0,00;275;67;127;15;21;381;189
2583;84,34;340,52;0,00;0,00;0,00;0,34;0,00;0,00;376;66;148;47;21;695;109
2584;56,80;103,85;0,00;0,00;0,00;0,10;0,00;0,00;213;75;116;33;15;572;411
2585;59,63;12,83;0,00;0,00;0,00;0,01;0,00;0,00;97;71;185;17;26;214;239
2586;43,81;-101,22;0,00;0,00;0,00;-0,10;0,00;0,00;186;90;113;16;22;932;685
2587;70,04;188,74;0,00;0,00;0,00;0,19;0,00;0,00;25;107;56;16;19;512;293
2588;61,41;138,41;0,00;0,00;0,00;0,14;0,00;0,00;432;81;65;13;31;533;343
2589;35,50;-178,27;0,00;0,00;0,00;-0,18;0,00;0,00;306;139;82;27;33;705;320
2590;37,05;-179,07;0,00;0,00;0,00;-0,18;0,00;0,00;182;135;40;31;20;407;703
2591;56,57;37,53;0,00;0,00;0,00;0,04;0,00;0,00;80;74;11;34;26;520;741
2592;30,36;-205,72;0,00;0,00;0,00;-0,21;0,00;0,00;14;100;122;47;23;469;665
2593;88,14;310,30;0,00;0,00;0,00;0,31;0,00;0,00;492;157;60;40;24;117;262
2594;63,69;143,77;0,00;0,00;0,00;0,14;0,00;0,00;59;71;91;41;18;457;371
2595;19,58;-321,92;0,00;0,00;0,00;-0,32;0,00;0,00;317;152;53;47;29;495;730
2596;36,70;-144,03;0,00;0,00;0,00;-0,14;0,00;0,00;86;60;147;23;37;688;353
2597;43,98;-68,44;0,00;0,00;0,00;-0,07;0,00;0,00;429;74;82;27;22;477;337
2598;44,29;-18,01;0,00;0,00;0,00;-0,02;0,00;0,00;268;141;172;37;29;334;115
2599;47,73;-41,23;0,00;0,00;0,00;-0,04;0,00;0,00;150;98;116;21;25;103;614
2600;65,53;115,98;0,00;0,00;0,00;0,12;0,00;0,00;456;143;84;30;21;983;984
2601;60,24;129,87;0,00;0,00;0,00;0,13;0,00;0,00;39;29;65;48;16;343;421
2602;48,10;-69,85;0,00;0,00;0,00;-0,07;0,00;0,00;448;87;57;47;18;140;990
2603;44,75;-44,73;0,00;0,00;0,00;-0,04;0,00;0,00;37;36;62;17;15;356;182
2604;32,40;-213,44;0,00;0,00;0,00;-0,21;0,00;0,00;39;165;157;25;26;248;831
2605;20,38;-259,70;0,00;0,00;0,00;-0,26;0,00;0,00;118;38;140;19;26;921;801
2606;30,81;-172,72;0,00;0,00;0,00;-0,17;0,00;0,00;204;173;196;24;31;399;418
2607;31,38;-170,07;0,00;0,00;0,00;-0,17;0,00;0,00;71;168;199;36;38;286;819
2608;21,87;-235,74;0,00;0,00;0,00;-0,24;0,00;0,00;337;30;103;38;34;510;600
2609;50,64;-47,51;0,00;0,00;0,00;-0,05;0,00;0,00;211;15;199;31;35;403;149
2610;14,90;-358,25;0,00;0,00;0,00;-0,36;0,00;0,00;120;95;197;28;21;174;208
2611;85,62;306,52;0,00;0,00;0,00;0,31;0,00;0,00;219;157;101;41;27;257;411
2612;63,14;54,66;0,00;0,00;0,00;0,05;0,00;0,00;345;92;78;15;37;457;121
2613;57,97;21,67;0,00;0,00;0,00;0,02;0,00;0,00;147;80;86;35;33;299;388
2614;48,45;-85,45;0,00;0,00;0,00;-0,09;0,00;0,00;495;86;168;30;34;250;336
2615;37,45;-84,65;0,00;0,00;0,00;-0,08;0,00;0,00;173;82;99;22;35;368;590
2616;55,44;68,74;0,00;0,00;0,00;0,07;0,00;0,00;255;157;164;49;30;592;699
2617;34,52;-38,91;0,00;0,00;0,00;-0,04;0,00;0,00;145;145;62;39;21;727;376
2618;58,38;11,81;0,00;0,00;0,00;0,01;0,00;0,00;435;28;98;33;16;751;931
2619;56,94;93,48;0,00;0,00;0,00;0,09;0,00;0,00;119;21;134;15;19;724;411
2620;41,92;-105,53;0,00;0,00;0,00;-0,11;0,00;0,00;73;197;98;34;26;570;288
2621;38,23;-65,06;0,00;0,00;0,00;-0,07;0,00;0,00;411;74;96;28;24;820;374
2622;52,80;-16,29;0,00;0,00;0,00;-0,02;0,00;0,00;387;46;38;32;20;874;874
2623;69,97;133,99;0,00;0,00;0,00;0,13;0,00;0,00;96;100;61;27;32;699;393
2624;99,32;460,91;0,00;0,00;0,00;0,46;0,00;0,00;34;61;193;36;22;633;378
2625;78,94;326,42;0,00;0,00;0,00;0,33;0,00;0,00;435;175;84;26;20;832;352
2626;34,47;-179,97;0,00;0,00;0,00;-0,18;0,00;0,00;428;167;157;41;35;432;593
2627;62,29;155,63;0,00;0,00;0,00;0,16;0,00;0,00;275;62;73;29;16;754;732
2628;56,92;-22,45;0,00;0,00;0,00;-0,02;0,00;0,00;488;92;199;35;23;490;751
2629;17,84;-350,27;0,00;0,00;0,00;-0,35;0,00;0,00;413;122;102;18;25;901;306
2630;60,76;178,06;0,00;0,00;0,00;0,18;0,00;0,00;497;188;153;10;22;730;629
2631;47,95;-47,14;0,00;0,00;0,00;-0,05;0,00;0,00;181;81;113;22;29;591;680
2632;75,52;238,79;0,00;0,00;0,00;0,24;0,00;0,00;125;41;140;19;32;459;889
2633;60,48;48,14;0,00;0,00;0,00;0,05;0,00;0,00;248;199;194;17;39;674;422
2634;26,56;-213,11;0,00;0,00;0,00;-0,21;0,00;0,00;97;19;100;24;33;102;501
2635;27,43;-165,99;0,00;0,00;0,00;-0,17;0,00;0,00;342;92;199;11;28;546;653
2636;72,54;230,02;0,00;0,00;0,00;0,23;0,00;0,00;15;81;91;49;38;958;546
2637;44,56;-127,04;0,00;0,00;0,00;-0,13;0,00;0,00;12;31;82;10;23;375;596
2638;82,61;377,48;0,00;0,00;0,00;0,38;0,00;0,00;416;69;83;21;36;882;955
2639;92,71;421,57;0,00;0,00;0,00;0,42;0,00;0,00;155;115;111;45;20;917;271
2640;69,85;248,21;0,00;0,00;0,00;0,25;0,00;0,00;300;197;77;11;28;716;470
2641;40,00;-126,00;0,00;0,00;0,00;-0,13;0,00;0,00;325;186;19;45;31;263;987
2642;52,78;61,42;0,00;0,00;0,00;0,06;0,00;0,00;102;44;89;26;28;841;619
2643;45,24;-15,51;0,00;0,00;0,00;-0,02;0,00;0,00;171;115;139;44;20;591;749
2644;45,19;-77,80;0,00;0,00;0,00;-0,08;0,00;0,00;88;37;79;34;25;437;544
2645;33,78;-131,51;0,00;0,00;0,00;-0,13;0,00;0,00;331;123;182;48;27;837;512
2646;64,37;179,74;0,00;0,00;0,00;0,18;0,00;0,00;481;199;155;47;36;803;563
2647;33,77;-162,56;0,00;0,00;0,00;-0,16;0,00;0,00;142;28;18;16;36;954;478
2648;56,45;54,49;0,00;0,00;0,00;0,05;0,00;0,00;346;43;127;10;24;352;686
2649;66,37;142,99;0,00;0,00;0,00;0,14;0,00;0,00;451;146;190;44;20;856;674
2650;67,59;217,98;0,00;0,00;0,00;0,22;0,00;0,00;268;105;99;49;18;893;492
2651;47,56;-31,43;0,00;0,00;0,00;-0,03;0,00;0,00;59;50;24;11;22;268;175
2652;73,71;262,30;0,00;0,00;0,00;0,26;0,00;0,00;178;25;31;12;23;605;727
2653;50,17;-16,90;0,00;0,00;0,00;-0,02;0,00;0,00;166;63;16;32;20;278;641
2654;29,48;-245,70;0,00;0,00;0,00;-0,25;0,00;0,00;499;197;162;11;34;998;854
2655;64,91;196,05;0,00;0,00;0,00;0,20;0,00;0,00;307;26;60;36;22;840;695
2656;58,42;102,07;0,00;0,00;0,00;0,10;0,00;0,00;453;117;108;27;24;601;525
2657;88,81;390,20;0,00;0,00;0,00;0,39;0,00;0,00;261;163;109;45;17;255;340
2658;48,24;-80,18;0,00;0,00;0,00;-0,08;0,00;0,00;169;171;57;40;17;779;839
2659;51,83;44,03;0,00;0,00;0,00;0,04;0,00;0,00;130;68;118;27;24;903;439
2660;60,55;41,17;0,00;0,00;0,00;0,04;0,00;0,00;338;12;90;35;37;956;928
2661;56,64;109,16;0,00;0,00;0,00;0,11;0,00;0,00;389;66;45;37;36;538;362
2662;80,67;276,24;0,00;0,00;0,00;0,28;0,00;0,00;64;183;54;38;23;126;421
2663;37,50;-182,45;0,00;0,00;0,00;-0,18;0,00;0,00;156;117;161;15;17;197;500
2664;35,15;-170,78;0,00;0,00;0,00;-0,17;0,00;0,00;86;71;187;17;22;849;366
2665;63,73;170,67;0,00;0,00;0,00;0,17;0,00;0,00;129;45;181;47;36;958;775
2666;54,73;21,30;0,00;0,00;0,00;0,02;0,00;0,00;363;132;31;28;21;903;474
2667;41,32;-41,06;0,00;0,00;0,00;-0,04;0,00;0,00;363;95;189;31;33;757;773
2668;64,26;208,75;0,00;0,00;0,00;0,21;0,00;0,00;14;177;199;41;33;382;609
2669;74,36;254,91;0,00;0,00;0,00;0,25;0,00;0,00;41;98;33;41;22;871;637
2670;52,31;52,97;0,00;0,00;0,00;0,05;0,00;0,00;256;10;79;34;21;450;557
2671;61,83;154,57;0,00;0,00;0,00;0,15;0,00;0,00;483;153;11;47;15;153;415
2672;56,95;116,22;0,00;0,00;0,00;0,12;0,00;0,00;10;18;33;11;28;897;850
2673;51,19;73,18;0,00;0,00;0,00;0,07;0,00;0,00;440;178;83;19;21;268;701
2674;50,62;1,69;0,00;0,00;0,00;0,00;0,00;0,00;455;115;108;39;23;800;445
2675;37,87;-83,38;0,00;0,00;0,00;-0,08;0,00;0,00;53;85;76;17;25;681;246
2676;37,59;-116,01;0,00;0,00;0,00;-0,12;0,00;0,00;206;170;179;18;20;239;137
2677;24,02;-290,39;0,00;0,00;0,00;-0,29;0,00;0,00;52;91;184;23;22;746;168
2678;27,84;-277,48;0,00;0,00;0,00;-0,28;0,00;0,00;156;197;50;14;38;647;286
2679;66,98;158,96;0,00;0,00;0,00;0,16;0,00;0,00;167;199;136;27;23;708;878
2680;53,90;70,01;0,00;0,00;0,00;0,07;0,00;0,00;94;26;50;13;27;569;735
2681;54,95;71,91;0,00;0,00;0,00;0,07;0,00;0,00;285;172;187;34;20;705;429
2682;65,57;78,98;0,00;0,00;0,00;0,08;0,00;0,00;452;144;90;10;24;867;832
2683;60,22;93,31;0,00;0,00;0,00;0,09;0,00;0,00;40;199;170;18;20;646;347
2684;58,12;131,43;0,00;0,00;0,00;0,13;0,00;0,00;443;14;91;17;23;228;109
2685;62,03;102,77;0,00;0,00;0,00;0,10;0,00;0,00;81;76;140;45;17;550;432
2686;42,95;-73,98;0,00;0,00;0,00;-0,07;0,00;0,00;412;56;163;40;30;736;409
2687;69,74;291,73;0,00;0,00;0,00;0,29;0,00;0,00;112;147;189;11;18;144;310
2688;16,54;-324,72;0,00;0,00;0,00;-0,32;0,00;0,00;45;113;65;41;20;880;441
2689;54,49;8,49;0,00;0,00;0,00;0,01;0,00;0,00;241;69;18;25;27;764;593
2690;44,41;-81,14;0,00;0,00;0,00;-0,08;0,00;0,00;61;66;79;40;23;515;841
2691;50,74;-31,98;0,00;0,00;0,00;-0,03;0,00;0,00;150;124;10;42;38;606;637
2692;43,39;-98,35;0,00;0,00;0,00;-0,10;0,00;0,00;233;52;48;38;34;575;697
2693;39,25;-126,16;0,00;0,00;0,00;-0,13;0,00;0,00;150;179;126;45;27;604;970
2694;40,96;-152,38;0,00;0,00;0,00;-0,15;0,00;0,00;216;62;154;25;26;960;515
2695;29,86;-218,00;0,00;0,00;0,00;-0,22;0,00;0,00;464;64;11;46;21;964;474
2696;35,26;-108,62;0,00;0,00;0,00;-0,11;0,00;0,00;382;177;42;28;23;749;307
2697;55,54;44,17;0,00;0,00;0,00;0,04;0,00;0,00;181;79;161;15;31;844;401
2698;17,97;-383,66;0,00;0,00;0,00;-0,38;0,00;0,00;113;120;80;24;15;146;278
2699;23,61;-237,29;0,00;0,00;0,00;-0,24;0,00;0,00;132;55;27;11;25;480;317
2700;92,65;379,03;0,00;0,00;0,00;0,38;0,00;0,00;176;164;94;31;23;383;653
2701;41,36;-26,15;0,00;0,00;0,00;-0,03;0,00;0,00;65;74;183;49;15;648;307
2702;67,38;177,41;0,00;0,00;0,00;0,18;0,00;0,00;331;52;83;38;32;205;910
2703;29,51;-197,49;0,00;0,00;0,00;-0,20;0,00;0,00;166;59;73;23;17;479;214
2704;63,01;125,57;0,00;0,00;0,00;0,13;0,00;0,00;79;52;123;43;36;815;926
2705;86,52;397,77;0,00;0,00;0,00;0,40;0,00;0,00;431;99;143;15;17;145;611
2706;48,07;-44,82;0,00;0,00;0,00;-0,04;0,00;0,00;167;137;76;14;28;447;160
2707;67,40;48,21;0,00;0,00;0,00;0,05;0,00;0,00;83;95;120;14;36;731;851
2708;62,90;185,42;0,00;0,00;0,00;0,19;0,00;0,00;366;169;137;23;19;648;914
2709;64,33;207,33;0,00;0,00;0,00;0,21;0,00;0,00;157;168;86;44;29;534;635
2710;36,18;-170,14;0,00;0,00;0,00;-0,17;0,00;0,00;243;16;82;26;33;838;847
2711;62,04;204,00;0,00;0,00;0,00;0,20;0,00;0,00;425;86;172;37;18;785;430
2712;40,56;-111,73;0,00;0,00;0,00;-0,11;0,00;0,00;447;80;161;29;22;592;703
2713;22,31;-183,41;0,00;0,00;0,00;-0,18;0,00;0,00;309;122;100;33;34;329;948
2714;28,93;-179,79;0,00;0,00;0,00;-0,18;0,00;0,00;141;170;32;40;36;279;264
2715;74,26;282,88;0,00;0,00;0,00;0,28;0,00;0,00;317;117;119;22;31;619;295
2716;20,09;-301,85;0,00;0,00;0,00;-0,30;0,00;0,00;183;187;156;19;24;111;311
2717;20,18;-197,42;0,00;0,00;0,00;-0,20;0,00;0,00;172;102;45;35;23;950;713
2718;7,27;-405,82;0,00;0,00;0,00;-0,41;0,00;0,00;310;97;39;19;17;832;566
2719;60,86;130,55;0,00;0,00;0,00;0,13;0,00;0,00;346;114;20;11;16;167;616
2720;54,51;45,87;0,00;0,00;0,00;0,05;0,00;0,00;27;64;101;12;35;392;419
2721;83,05;325,71;0,00;0,00;0,00;0,33;0,00;0,00;243;164;120;13;29;356;471
2722;56,50;71,04;0,00;0,00;0,00;0,07;0,00;0,00;43;71;34;43;39;452;108
2723;73,38;292,39;0,00;0,00;0,00;0,29;0,00;0,00;436;198;126;36;30;628;421
2724;74,92;287,61;0,00;0,00;0,00;0,29;0,00;0,00;263;34;61;43;35;861;801
2725;57,11;-26,23;0,00;0,00;0,00;-0,03;0,00;0,00;159;119;150;23;35;211;535
2726;70,74;106,30;0,00;0,00;0,00;0,11;0,00;0,00;238;55;88;32;28;125;728
2727;68,55;161,68;0,00;0,00;0,00;0,16;0,00;0,00;131;15;70;14;31;867;918
2728;19,45;-373,01;0,00;0,00;0,00;-0,37;0,00;0,00;123;183;121;25;28;728;497
2729;56,68;-80,46;0,00;0,00;0,00;-0,08;0,00;0,00;120;10;44;19;22;848;135
2730;20,16;-262,16;0,00;0,00;0,00;-0,26;0,00;0,00;462;146;59;47;36;758;424
2731;50,50;7,06;0,00;0,00;0,00;0,01;0,00;0,00;239;167;136;39;21;494;935
2732;71,78;132,60;0,00;0,00;0,00;0,13;0,00;0,00;350;173;52;15;15;763;224
2733;13,70;-273,67;0,00;0,00;0,00;-0,27;0,00;0,00;346;158;195;42;16;994;147
2734;58,45;131,16;0,00;0,00;0,00;0,13;0,00;0,00;314;119;96;49;16;495;207
2735;25,86;-311,87;0,00;0,00;0,00;-0,31;0,00;0,00;258;186;152;29;30;483;497
2736;28,55;-268,08;0,00;0,00;0,00;-0,27;0,00;0,00;57;89;115;37;38;438;631
2737;42,94;19,09;0,00;0,00;0,00;0,02;0,00;0,00;31;33;110;48;31;820;603
2738;27,08;-198,27;0,00;0,00;0,00;-0,20;0,00;0,00;269;174;151;38;16;245;584
2739;74,05;275,95;0,00;0,00;0,00;0,28;0,00;0,00;365;199;197;17;22;391;615
2740;71,87;139,33;0,00;0,00;0,00;0,14;0,00;0,00;187;50;58;25;32;750;831
2741;34,97;-167,66;0,00;0,00;0,00;-0,17;0,00;0,00;357;130;172;49;21;761;723
2742;66,97;212,16;0,00;0,00;0,00;0,21;0,00;0,00;358;76;47;15;30;458;144
2743;44,63;-14,14;0,00;0,00;0,00;-0,01;0,00;0,00;300;119;35;12;15;890;298
2744;32,27;-163,76;0,00;0,00;0,00;-0,16;0,00;0,00;376;126;117;21;21;732;691
2745;46,67;-37,98;0,00;0,00;0,00;-0,04;0,00;0,00;424;194;75;22;26;675;943
2746;1,02;-466,95;0,00;0,00;0,00;-0,47;0,00;0,00;106;164;73;32;36;358;683
2747;72,14;243,73;0,00;0,00;0,00;0,24;0,00;0,00;239;120;24;43;15;209;827
2748;21,13;-268,96;0,00;0,00;0,00;-0,27;0,00;0,00;496;17;152;21;39;350;861
2749;54,06;23,67;0,00;0,00;0,00;0,02;0,00;0,00;239;122;147;14;31;248;356
2750;41,41;-28,23;0,00;0,00;0,00;-0,03;0,00;0,00;75;113;71;34;36;496;230
2751;67,66;189,99;0,00;0,00;0,00;0,19;0,00;0,00;418;154;32;39;37;307;735
2752;56,53;38,63;0,00;0,00;0,00;0,04;0,00;0,00;292;52;27;34;21;113;391
2753;53,66;17,99;0,00;0,00;0,00;0,02;0,00;0,00;248;115;90;35;15;600;551
2754;42,75;-98,28;0,00;0,00;0,00;-0,10;0,00;0,00;381;171;144;13;17;721;448
2755;56,79;22,99;0,00;0,00;0,00;0,02;0,00;0,00;92;127;38;27;39;790;616
2756;37,77;-162,65;0,00;0,00;0,00;-0,16;0,00;0,00;16;131;39;22;17;263;346
2757;33,64;-123,78;0,00;0,00;0,00;-0,12;0,00;0,00;375;69;194;18;32;983;918
2758;44,30;-35,19;0,00;0,00;0,00;-0,04;0,00;0,00;72;57;117;41;37;672;878
2759;29,69;-198,25;0,00;0,00;0,00;-0,20;0,00;0,00;172;136;58;17;39;797;263
2760;38,15;-192,52;0,00;0,00;0,00;-0,19;0,00;0,00;177;51;168;18;29;762;862
2761;45,24;-73,43;0,00;0,00;0,00;-0,07;0,00;0,00;292;35;59;15;18;761;334
2762;19,49;-300,49;0,00;0,00;0,00;-0,30;0,00;0,00;45;20;67;41;27;504;715
2763;60,68;75,70;0,00;0,00;0,00;0,08;0,00;0,00;140;10;33;47;33;682;190
2764;50,29;8,07;0,00;0,00;0,00;0,01;0,00;0,00;314;165;26;46;36;371;458
2765;42,54;-120,93;0,00;0,00;0,00;-0,12;0,00;0,00;496;160;98;18;19;510;463
2766;62,39;189,26;0,00;0,00;0,00;0,19;0,00;0,00;42;159;168;23;39;323;104
2767;57,46;61,05;0,00;0,00;0,00;0,06;0,00;0,00;410;54;79;23;39;815;693
2768;40,73;-123,73;0,00;0,00;0,00;-0,12;0,00;0,00;467;109;192;16;39;829;957
2769;72,04;241,79;0,00;0,00;0,00;0,24;0,00;0,00;438;118;157;38;35;217;999
2770;24,94;-276,85;0,00;0,00;0,00;-0,28;0,00;0,00;235;178;111;45;24;315;343
2771;54,60;10,27;0,00;0,00;0,00;0,01;0,00;0,00;410;126;71;45;22;670;895
2772;67,77;208,12;0,00;0,00;0,00;0,21;0,00;0,00;221;124;58;29;18;434;862
2773;47,98;-36,41;0,00;0,00;0,00;-0,04;0,00;0,00;289;180;194;14;26;514;113
2774;31,75;-123,51;0,00;0,00;0,00;-0,12;0,00;0,00;196;195;178;13;30;796;563
2775;34,52;-113,55;0,00;0,00;0,00;-0,11;0,00;0,00;292;38;15;39;31;220;489
2776;62,08;97,38;0,00;0,00;0,00;0,10;0,00;0,00;245;81;53;28;27;853;135
2777;26,91;-196,63;0,00;0,00;0,00;-0,20;0,00;0,00;201;148;51;12;25;491;953
2778;49,73;-73,62;0,00;0,00;0,00;-0,07;0,00;0,00;200;140;158;10;35;242;931
2779;53,69;-48,04;0,00;0,00;0,00;-0,05;0,00;0,00;381;81;88;15;39;398;320
2780;72,39;265,30;0,00;0,00;0,00;0,27;0,00;0,00;21;197;198;14;36;113;282
2781;61,12;160,20;0,00;0,00;0,00;0,16;0,00;0,00;239;181;179;21;31;950;668
2782;25,14;-280,25;0,00;0,00;0,00;-0,28;0,00;0,00;118;158;73;19;23;226;610
2783;50,06;27,15;0,00;0,00;0,00;0,03;0,00;0,00;497;42;199;49;16;352;196
2784;41,68;-103,85;0,00;0,00;0,00;-0,10;0,00;0,00;334;61;152;33;33;708;667
2785;58,01;77,67;0,00;0,00;0,00;0,08;0,00;0,00;217;124;113;34;31;597;853
2786;40,98;-39,23;0,00;0,00;0,00;-0,04;0,00;0,00;75;160;74;18;35;731;621
2787;41,65;-8,12;0,00;0,00;0,00;-0,01;0,00;0,00;345;108;27;41;28;738;861
2788;53,54;109,69;0,00;0,00;0,00;0,11;0,00;0,00;40;176;125;24;22;100;710
2789;19,73;-346,55;0,00;0,00;0,00;-0,35;0,00;0,00;310;157;192;46;20;754;352
2790;43,72;-94,75;0,00;0,00;0,00;-0,09;0,00;0,00;234;164;191;39;24;940;375
2791;53,73;87,16;0,00;0,00;0,00;0,09;0,00;0,00;335;123;88;29;36;505;964
2792;23,33;-261,19;0,00;0,00;0,00;-0,26;0,00;0,00;124;111;112;17;15;772;773
2793;59,71;101,26;0,00;0,00;0,00;0,10;0,00;0,00;341;161;67;10;17;577;445
2794;47,33;14,90;0,00;0,00;0,00;0,01;0,00;0,00;273;166;110;44;28;827;760
2795;63,70;147,98;0,00;0,00;0,00;0,15;0,00;0,00;251;67;120;29;19;971;233
2796;60,01;101,92;0,00;0,00;0,00;0,10;0,00;0,00;499;88;29;13;36;100;351
2797;49,42;27,60;0,00;0,00;0,00;0,03;0,00;0,00;77;155;20;28;38;184;977
2798;66,58;-7,94;0,00;0,00;0,00;-0,01;0,00;0,00;101;196;84;49;31;995;411
2799;25,85;-207,38;0,00;0,00;0,00;-0,21;0,00;0,00;498;162;194;44;32;804;717
2800;76,90;292,74;0,00;0,00;0,00;0,29;0,00;0,00;489;167;167;14;24;689;569
2801;52,86;-61,85;0,00;0,00;0,00;-0,06;0,00;0,00;415;174;123;15;38;551;606
2802;13,91;-450,57;0,00;0,00;0,00;-0,45;0,00;0,00;206;16;102;24;23;968;485
2803;51,58;23,54;0,00;0,00;0,00;0,02;0,00;0,00;348;64;16;32;15;792;946
2804;53,37;14,87;0,00;0,00;0,00;0,01;0,00;0,00;311;79;118;42;17;191;604
2805;45,94;-48,55;0,00;0,00;0,00;-0,05;0,00;0,00;46;29;162;39;20;132;455
2806;81,54;336,98;0,00;0,00;0,00;0,34;0,00;0,00;251;116;112;31;17;697;751
2807;27,79;-143,24;0,00;0,00;0,00;-0,14;0,00;0,00;200;81;104;32;25;503;901
2808;74,56;263,49;0,00;0,00;0,00;0,26;0,00;0,00;197;45;141;11;18;957;495
2809;64,12;132,83;0,00;0,00;0,00;0,13;0,00;0,00;130;11;173;44;26;935;589
2810;68,77;220,47;0,00;0,00;0,00;0,22;0,00;0,00;50;146;36;34;21;113;254
2811;62,96;243,10;0,00;0,00;0,00;0,24;0,00;0,00;180;75;84;41;38;662;357
2812;42,29;-50,76;0,00;0,00;0,00;-0,05;0,00;0,00;421;164;63;49;15;827;385
2813;53,55;35,27;0,00;0,00;0,00;0,04;0,00;0,00;361;78;138;13;25;955;432
2814;51,30;56,19;0,00;0,00;0,00;0,06;0,00;0,00;470;174;186;29;28;879;942
2815;62,28;55,76;0,00;0,00;0,00;0,06;0,00;0,00;275;181;54;31;17;799;717
2816;62,09;188,52;0,00;0,00;0,00;0,19;0,00;0,00;172;108;55;23;34;720;136
2817;57,00;58,91;0,00;0,00;0,00;0,06;0,00;0,00;397;134;36;27;16;122;157
2818;53,33;-38,49;0,00;0,00;0,00;-0,04;0,00;0,00;308;23;196;29;29;144;134
2819;40,37;-43,11;0,00;0,00;0,00;-0,04;0,00;0,00;131;59;199;16;32;412;375
2820;54,71;9,82;0,00;0,00;0,00;0,01;0,00;0,00;266;122;49;46;18;126;804
2821;65,33;125,09;0,00;0,00;0,00;0,13;0,00;0,00;30;17;139;12;38;291;728
2822;35,19;-200,87;0,00;0,00;0,00;-0,20;0,00;0,00;163;53;165;39;24;989;578
2823;54,26;88,40;0,00;0,00;0,00;0,09;0,00;0,00;477;184;155;32;31;297;357
2824;73,41;255,25;0,00;0,00;0,00;0,26;0,00;0,00;176;98;190;40;29;164;485
2825;43,92;35,11;0,00;0,00;0,00;0,04;0,00;0,00;401;40;179;18;33;769;610
2826;66,49;157,89;0,00;0,00;0,00;0,16;0,00;0,00;226;60;71;11;17;419;317
2827;62,84;221,44;0,00;0,00;0,00;0,22;0,00;0,00;157;30;47;11;35;978;225
2828;70,14;248,79;0,00;0,00;0,00;0,25;0,00;0,00;97;136;131;29;31;683;363
2829;54,07;129,28;0,00;0,00;0,00;0,13;0,00;0,00;226;89;132;39;34;629;942
2830;15,01;-375,72;0,00;0,00;0,00;-0,38;0,00;0,00;49;73;120;31;36;668;130
2831;36,48;-120,83;0,00;0,00;0,00;-0,12;0,00;0,00;227;85;147;11;24;167;850
2832;48,80;-32,69;0,00;0,00;0,00;-0,03;0,00;0,00;485;32;146;17;21;369;787
2833;41,21;-66,82;0,00;0,00;0,00;-0,07;0,00;0,00;413;117;177;42;35;263;305
2834;36,33;-38,24;0,00;0,00;0,00;-0,04;0,00;0,00;235;121;65;28;33;137;922
2835;63,46;155,78;0,00;0,00;0,00;0,16;0,00;0,00;376;35;167;15;34;328;155
2836;59,15;-8,01;0,00;0,00;0,00;-0,01;0,00;0,00;288;185;119;11;15;927;290
2837;43,07;-61,99;0,00;0,00;0,00;-0,06;0,00;0,00;190;178;185;45;27;649;881
2838;38,41;-189,44;0,00;0,00;0,00;-0,19;0,00;0,00;55;15;23;25;16;229;705
2839;47,57;-16,14;0,00;0,00;0,00;-0,02;0,00;0,00;61;167;10;11;19;692;927
2840;56,98;58,80;0,00;0,00;0,00;0,06;0,00;0,00;84;68;21;26;30;994;880
2841;36,92;-167,77;0,00;0,00;0,00;-0,17;0,00;0,00;363;61;196;34;35;439;456
2842;66,45;104,57;0,00;0,00;0,00;0,10;0,00;0,00;127;115;119;20;16;891;707
2843;68,53;148,56;0,00;0,00;0,00;0,15;0,00;0,00;30;124;99;44;23;476;967
2844;69,01;193,35;0,00;0,00;0,00;0,19;0,00;0,00;467;180;168;20;24;801;943
2845;50,56;-29,43;0,00;0,00;0,00;-0,03;0,00;0,00;232;31;41;18;24;790;346
2846;48,73;-12,26;0,00;0,00;0,00;-0,01;0,00;0,00;356;20;171;17;27;247;993
2847;41,09;-35,39;0,00;0,00;0,00;-0,04;0,00;0,00;247;14;180;46;26;938;106
2848;32,47;-89,96;0,00;0,00;0,00;-0,09;0,00;0,00;303;141;119;31;37;301;414
2849;37,79;-225,40;0,00;0,00;0,00;-0,23;0,00;0,00;121;28;128;34;36;943;966
2850;55,24;43,05;0,00;0,00;0,00;0,04;0,00;0,00;155;172;136;42;39;607;352
2851;66,87;199,23;0,00;0,00;0,00;0,20;0,00;0,00;151;173;84;47;30;512;833
2852;56,62;70,24;0,00;0,00;0,00;0,07;0,00;0,00;292;172;169;43;28;587;113
2853;48,80;82,53;0,00;0,00;0,00;0,08;0,00;0,00;266;71;59;19;19;837;198
2854;55,68;79,84;0,00;0,00;0,00;0,08;0,00;0,00;384;65;83;26;38;659;400
2855;16,75;-281,05;0,00;0,00;0,00;-0,28;0,00;0,00;312;41;172;48;34;229;644
2856;59,63;26,83;0,00;0,00;0,00;0,03;0,00;0,00;239;126;65;47;34;611;777
2857;40,41;-129,59;0,00;0,00;0,00;-0,13;0,00;0,00;472;15;125;32;24;202;757
2858;50,53;151,01;0,00;0,00;0,00;0,15;0,00;0,00;138;76;150;47;39;760;627
2859;52,28;37,90;0,00;0,00;0,00;0,04;0,00;0,00;46;154;179;36;25;873;919
2860;77,49;296,29;0,00;0,00;0,00;0,30;0,00;0,00;294;150;27;31;18;319;932
2861;23,50;-302,98;0,00;0,00;0,00;-0,30;0,00;0,00;297;11;113;36;31;509;591
2862;29,29;-152,07;0,00;0,00;0,00;-0,15;0,00;0,00;250;94;101;29;30;534;990
2863;57,27;58,58;0,00;0,00;0,00;0,06;0,00;0,00;291;11;176;19;16;171;119
2864;66,09;153,29;0,00;0,00;0,00;0,15;0,00;0,00;374;36;179;42;32;360;960
2865;76,78;228,18;0,00;0,00;0,00;0,23;0,00;0,00;100;172;191;46;28;417;950
2866;23,02;-232,04;0,00;0,00;0,00;-0,23;0,00;0,00;309;123;128;27;37;988;167
2867;51,30;-29,43;0,00;0,00;0,00;-0,03;0,00;0,00;452;195;66;27;39;608;512
2868;38,25;-99,59;0,00;0,00;0,00;-0,10;0,00;0,00;401;104;67;37;20;444;870
2869;37,88;-191,53;0,00;0,00;0,00;-0,19;0,00;0,00;214;104;37;13;25;928;265
2870;39,81;-76,63;0,00;0,00;0,00;-0,08;0,00;0,00;117;79;105;22;35;259;608
2871;46,08;-153,52;0,00;0,00;0,00;-0,15;0,00;0,00;415;105;181;27;34;319;713
2872;63,42;212,33;0,00;0,00;0,00;0,21;0,00;0,00;490;119;188;47;31;249;683
2873;51,26;-9,89;0,00;0,00;0,00;-0,01;0,00;0,00;198;39;52;14;37;520;517
2874;37,08;-122,25;0,00;0,00;0,00;-0,12;0,00;0,00;310;152;176;15;30;797;896
2875;62,68;75,65;0,00;0,00;0,00;0,08;0,00;0,00;248;31;149;17;25;122;192
2876;69,44;207,93;0,00;0,00;0,00;0,21;0,00;0,00;277;27;51;16;27;908;312
2877;80,41;231,28;0,00;0,00;0,00;0,23;0,00;0,00;350;95;180;36;19;892;707
2878;19,07;-198,39;0,00;0,00;0,00;-0,20;0,00;0,00;59;38;73;16;34;157;355
2879;38,16;-88,49;0,00;0,00;0,00;-0,09;0,00;0,00;319;175;136;33;31;497;489
2880;54,30;107,00;0,00;0,00;0,00;0,11;0,00;0,00;357;18;16;40;18;682;506
2881;12,56;-386,26;0,00;0,00;0,00;-0,39;0,00;0,00;129;133;48;22;16;367;202
2882;51,90;28,95;0,00;0,00;0,00;0,03;0,00;0,00;254;53;30;40;35;950;409
2883;63,54;62,40;0,00;0,00;0,00;0,06;0,00;0,00;182;114;78;11;34;407;968
2884;82,25;297,26;0,00;0,00;0,00;0,30;0,00;0,00;431;151;65;44;25;307;776
2885;56,31;11,02;0,00;0,00;0,00;0,01;0,00;0,00;487;142;20;12;24;177;494
2886;77,68;337,14;0,00;0,00;0,00;0,34;0,00;0,00;93;117;11;13;34;346;363
2887;34,83;-191,21;0,00;0,00;0,00;-0,19;0,00;0,00;286;100;81;24;25;568;773
2888;39,89;-81,93;0,00;0,00;0,00;-0,08;0,00;0,00;263;36;79;39;15;273;534
2889;29,08;-150,65;0,00;0,00;0,00;-0,15;0,00;0,00;200;196;169;38;27;919;935
2890;18,68;-220,95;0,00;0,00;0,00;-0,22;0,00;0,00;303;193;183;44;35;856;689
2891;50,78;-18,82;0,00;0,00;0,00;-0,02;0,00;0,00;19;43;114;33;27;370;219
2892;60,43;165,15;0,00;0,00;0,00;0,17;0,00;0,00;33;183;160;35;28;390;224
2893;89,37;362,31;0,00;0,00;0,00;0,36;0,00;0,00;426;49;163;47;29;548;484
2894;36,09;-101,41;0,00;0,00;0,00;-0,10;0,00;0,00;308;113;40;20;25;773;474
2895;71,90;258,79;0,00;0,00;0,00;0,26;0,00;0,00;129;97;14;34;17;174;570
2896;50,74;30,02;0,00;0,00;0,00;0,03;0,00;0,00;157;37;86;27;22;783;705
2897;73,58;206,75;0,00;0,00;0,00;0,21;0,00;0,00;402;165;35;46;19;338;196
2898;86,24;341,68;0,00;0,00;0,00;0,34;0,00;0,00;268;72;111;25;25;796;353
2899;50,42;-8,85;0,00;0,00;0,00;-0,01;0,00;0,00;462;113;187;49;38;454;223
2900;56,11;47,06;0,00;0,00;0,00;0,05;0,00;0,00;143;74;25;12;16;499;288
2901;45,73;-64,94;0,00;0,00;0,00;-0,06;0,00;0,00;384;61;197;40;29;293;889
2902;57,27;122,02;0,00;0,00;0,00;0,12;0,00;0,00;258;152;161;18;29;284;268
2903;49,91;-68,56;0,00;0,00;0,00;-0,07;0,00;0,00;422;181;166;32;15;750;816
2904;80,21;269,26;0,00;0,00;0,00;0,27;0,00;0,00;229;36;31;16;16;122;439
2905;58,56;65,15;0,00;0,00;0,00;0,07;0,00;0,00;431;198;181;25;39;733;682
2906;68,29;164,21;0,00;0,00;0,00;0,16;0,00;0,00;228;180;174;49;28;488;890
2907;28,92;-298,30;0,00;0,00;0,00;-0,30;0,00;0,00;302;80;119;12;24;579;605
2908;24,33;-175,82;0,00;0,00;0,00;-0,18;0,00;0,00;64;174;98;43;25;754;241
2909;39,70;-77,21;0,00;0,00;0,00;-0,08;0,00;0,00;432;130;173;27;33;773;284
2910;52,00;18,58;0,00;0,00;0,00;0,02;0,00;0,00;112;110;63;48;31;379;501
2911;53,57;6,94;0,00;0,00;0,00;0,01;0,00;0,00;168;60;165;27;31;937;732
2912;39,20;18,65;0,00;0,00;0,00;0,02;0,00;0,00;147;197;151;25;19;576;639
2913;70,97;156,98;0,00;0,00;0,00;0,16;0,00;0,00;111;18;123;10;34;451;974
2914;40,09;-167,76;0,00;0,00;0,00;-0,17;0,00;0,00;452;196;17;44;27;951;619
2915;53,42;48,40;0,00;0,00;0,00;0,05;0,00;0,00;438;141;175;26;39;355;870
2916;34,19;-242,21;0,00;0,00;0,00;-0,24;0,00;0,00;56;182;187;45;31;999;621
2917;67,07;214,17;0,00;0,00;0,00;0,21;0,00;0,00;162;114;130;17;28;636;835
2918;42,88;-52,64;0,00;0,00;0,00;-0,05;0,00;0,00;232;41;69;27;23;562;857
2919;43,52;-93,49;0,00;0,00;0,00;-0,09;0,00;0,00;420;179;186;10;28;119;602
2920;34,77;-122,16;0,00;0,00;0,00;-0,12;0,00;0,00;483;176;145;31;17;656;584
2921;62,84;169,89;0,00;0,00;0,00;0,17;0,00;0,00;467;90;186;42;18;931;772
2922;47,70;23,43;0,00;0,00;0,00;0,02;0,00;0,00;176;186;99;22;35;167;102
2923;28,04;-224,66;0,00;0,00;0,00;-0,22;0,00;0,00;149;97;129;12;33;450;671
2924;54,71;88,12;0,00;0,00;0,00;0,09;0,00;0,00;437;153;134;22;23;610;962
2925;53,87;111,33;0,00;0,00;0,00;0,11;0,00;0,00;168;98;86;27;33;675;300
2926;50,79;-36,18;0,00;0,00;0,00;-0,04;0,00;0,00;118;68;88;19;16;107;249
2927;69,52;201,52;0,00;0,00;0,00;0,20;0,00;0,00;54;14;158;22;22;916;776
2928;56,18;10,73;0,00;0,00;0,00;0,01;0,00;0,00;305;88;143;32;18;825;684
2929;58,91;103,02;0,00;0,00;0,00;0,10;0,00;0,00;384;154;35;48;33;830;818
2930;73,85;259,98;0,00;0,00;0,00;0,26;0,00;0,00;224;138;199;19;24;315;788
2931;70,16;156,48;0,00;0,00;0,00;0,16;0,00;0,00;299;191;179;32;21;463;495
2932;45,52;-74,49;0,00;0,00;0,00;-0,07;0,00;0,00;49;108;157;12;31;106;860
2933;64,53;106,15;0,00;0,00;0,00;0,11;0,00;0,00;411;96;126;39;34;287;381
2934;20,27;-309,76;0,00;0,00;0,00;-0,31;0,00;0,00;341;68;136;10;20;728;975
2935;52,85;12,56;0,00;0,00;0,00;0,01;0,00;0,00;252;175;141;22;28;977;302
2936;72,61;182,08;0,00;0,00;0,00;0,18;0,00;0,00;72;11;178;23;38;136;678
2937;47,26;14,68;0,00;0,00;0,00;0,01;0,00;0,00;491;65;157;45;24;747;214
2938;71,66;252,86;0,00;0,00;0,00;0,25;0,00;0,00;175;93;40;29;18;454;267
2939;47,91;1,68;0,00;0,00;0,00;0,00;0,00;0,00;99;43;134;15;16;864;602
2940;62,10;75,85;0,00;0,00;0,00;0,08;0,00;0,00;276;65;161;19;37;916;851
2941;47,57;-16,21;0,00;0,00;0,00;-0,02;0,00;0,00;113;25;176;35;33;731;468
2942;65,84;129,19;0,00;0,00;0,00;0,13;0,00;0,00;122;173;146;45;29;836;668
2943;56,77;96,74;0,00;0,00;0,00;0,10;0,00;0,00;196;167;108;31;24;226;849
2944;73,65;317,84;0,00;0,00;0,00;0,32;0,00;0,00;266;55;154;22;26;314;532
2945;52,41;14,69;0,00;0,00;0,00;0,01;0,00;0,00;305;28;113;29;38;119;272
2946;87,11;414,25;0,00;0,00;0,00;0,41;0,00;0,00;435;153;182;31;35;224;184
2947;44,54;-88,54;0,00;0,00;0,00;-0,09;0,00;0,00;172;75;176;13;25;250;405
2948;54,92;123,37;0,00;0,00;0,00;0,12;0,00;0,00;461;169;31;10;39;880;366
2949;55,64;-28,14;0,00;0,00;0,00;-0,03;0,00;0,00;141;88;195;33;19;442;947
2950;37,69;-143,11;0,00;0,00;0,00;-0,14;0,00;0,00;306;44;115;31;27;598;709
2951;41,11;-27,31;0,00;0,00;0,00;-0,03;0,00;0,00;491;128;191;27;23;224;580
2952;42,65;-83,79;0,00;0,00;0,00;-0,08;0,00;0,00;432;166;122;24;35;840;184
2953;69,46;268,06;0,00;0,00;0,00;0,27;0,00;0,00;75;115;91;42;19;537;777
2954;14,25;-362,32;0,00;0,00;0,00;-0,36;0,00;0,00;145;121;35;47;31;352;758
2955;45,37;-25,41;0,00;0,00;0,00;-0,03;0,00;0,00;351;173;124;22;36;364;232
2956;13,86;-366,15;0,00;0,00;0,00;-0,37;0,00;0,00;353;141;196;38;22;463;686
2957;57,74;114,29;0,00;0,00;0,00;0,11;0,00;0,00;323;10;69;43;33;937;412
2958;65,99;106,28;0,00;0,00;0,00;0,11;0,00;0,00;84;163;93;16;22;916;632
2959;51,23;-24,04;0,00;0,00;0,00;-0,02;0,00;0,00;397;119;30;46;39;168;229
2960;63,13;156,12;0,00;0,00;0,00;0,16;0,00;0,00;382;191;55;39;24;525;837
2961;43,47;39,58;0,00;0,00;0,00;0,04;0,00;0,00;90;111;58;38;38;903;730
2962;40,22;-1,15;0,00;0,00;0,00;-0,00;0,00;0,00;37;102;71;28;20;443;108
2963;31,50;-150,64;0,00;0,00;0,00;-0,15;0,00;0,00;171;37;47;29;29;927;708
2964;44,71;-24,37;0,00;0,00;0,00;-0,02;0,00;0,00;279;26;16;19;20;900;958
2965;57,07;2,60;0,00;0,00;0,00;0,00;0,00;0,00;263;142;127;10;29;962;416
2966;54,74;48,72;0,00;0,00;0,00;0,05;0,00;0,00;328;185;175;20;38;629;783
2967;25,21;-195,27;0,00;0,00;0,00;-0,20;0,00;0,00;419;184;82;37;27;493;237
2968;35,93;-183,85;0,00;0,00;0,00;-0,18;0,00;0,00;426;117;77;30;38;900;427
2969;37,15;-166,04;0,00;0,00;0,00;-0,17;0,00;0,00;280;13;106;31;20;525;112
2970;55,09;84,86;0,00;0,00;0,00;0,08;0,00;0,00;32;102;119;29;31;249;585
2971;66,62;112,55;0,00;0,00;0,00;0,11;0,00;0,00;35;31;88;28;32;138;817
2972;57,20;12,99;0,00;0,00;0,00;0,01;0,00;0,00;216;65;162;49;21;622;367
2973;61,67;76,32;0,00;0,00;0,00;0,08;0,00;0,00;493;48;77;34;18;410;511
2974;39,57;-93,83;0,00;0,00;0,00;-0,09;0,00;0,00;18;107;176;42;23;530;927
2975;29,33;-210,25;0,00;0,00;0,00;-0,21;0,00;0,00;424;104;45;33;21;962;683
2976;52,40;84,57;0,00;0,00;0,00;0,08;0,00;0,00;465;174;51;26;37;333;716
2977;21,30;-328,93;0,00;0,00;0,00;-0,33;0,00;0,00;291;60;38;23;27;358;274
2978;70,37;210,38;0,00;0,00;0,00;0,21;0,00;0,00;206;178;155;18;39;238;971
2979;35,96;-205,62;0,00;0,00;0,00;-0,21;0,00;0,00;350;179;11;18;23;320;488
2980;23,98;-264,64;0,00;0,00;0,00;-0,26;0,00;0,00;184;28;94;34;31;986;263
2981;42,09;-24,92;0,00;0,00;0,00;-0,02;0,00;0,00;65;31;86;18;26;929;667
2982;49,06;-16,03;0,00;0,00;0,00;-0,02;0,00;0,00;127;34;178;47;39;572;428
2983;59,95;68,11;0,00;0,00;0,00;0,07;0,00;0,00;420;59;120;16;19;387;813
2984;42,78;-51,32;0,00;0,00;0,00;-0,05;0,00;0,00;119;154;181;19;38;804;666
2985;72,49;230,68;0,00;0,00;0,00;0,23;0,00;0,00;304;122;52;25;29;781;706
2986;59,94;42,11;0,00;0,00;0,00;0,04;0,00;0,00;205;131;34;41;38;205;661
2987;67,99;201,00;0,00;0,00;0,00;0,20;0,00;0,00;359;196;53;10;16;822;445
2988;16,96;-300,68;0,00;0,00;0,00;-0,30;0,00;0,00;218;101;77;40;29;916;357
2989;43,02;-117,34;0,00;0,00;0,00;-0,12;0,00;0,00;384;118;76;17;29;536;775
2990;56,23;71,65;0,00;0,00;0,00;0,07;0,00;0,00;13;151;60;49;38;924;741
2991;87,12;328,16;0,00;0,00;0,00;0,33;0,00;0,00;294;90;77;33;36;516;459
2992;67,59;176,44;0,00;0,00;0,00;0,18;0,00;0,00;446;46;191;30;23;466;681
2993;63,60;110,09;0,00;0,00;0,00;0,11;0,00;0,00;159;83;145;21;23;735;921
2994;40,71;-21,56;0,00;0,00;0,00;-0,02;0,00;0,00;134;174;126;35;22;871;610
2995;87,45;351,49;0,00;0,00;0,00;0,35;0,00;0,00;294;90;51;20;19;743;821
2996;38,14;-173,26;0,00;0,00;0,00;-0,17;0,00;0,00;136;108;28;30;27;688;985
2997;35,16;-63,89;0,00;0,00;0,00;-0,06;0,00;0,00;115;185;162;35;21;249;432
2998;93,86;427,56;0,00;0,00;0,00;0,43;0,00;0,00;432;139;85;28;38;596;615
2999;39,29;-96,99;0,00;0,00;0,00;-0,10;0,00;0,00;80;30;11;14;21;346;705
3000;45,60;-18,25;0,00;0,00;0,00;-0,02;0,00;0,00;251;132;123;10;27;409;566
3001;38,77;-115,57;0,00;0,00;0,00;-0,12;0,00;0,00;256;124;44;46;31;883;243
3002;40,13;-126,36;0,00;0,00;0,00;-0,13;0,00;0,00;389;40;122;45;22;482;469
3003;47,64;-26,56;0,00;0,00;0,00;-0,03;0,00;0,00;76;195;164;46;28;799;678
3004;31,64;-171,72;0,00;0,00;0,00;-0,17;0,00;0,00;256;162;111;24;28;209;533
3005;35,23;-138,25;0,00;0,00;0,00;-0,14;0,00;0,00;315;104;33;12;35;938;136
3006;49,04;21,70;0,00;0,00;0,00;0,02;0,00;0,00;454;35;60;21;16;893;829
3007;49,40;36,52;0,00;0,00;0,00;0,04;0,00;0,00;11;189;161;43;21;280;109
3008;54,48;-28,94;0,00;0,00;0,00;-0,03;0,00;0,00;405;43;40;36;21;869;449
3009;42,86;-77,74;0,00;0,00;0,00;-0,08;0,00;0,00;63;123;108;28;39;144;889
3010;63,16;120,22;0,00;0,00;0,00;0,12;0,00;0,00;146;45;38;20;38;254;330
3011;49,68;66,74;0,00;0,00;0,00;0,07;0,00;0,00;387;127;191;37;23;428;148
3012;41,49;-130,82;0,00;0,00;0,00;-0,13;0,00;0,00;221;140;40;20;20;453;962
3013;71,48;227,08;0,00;0,00;0,00;0,23;0,00;0,00;474;68;82;18;23;831;247
3014;42,21;-68,21;0,00;0,00;0,00;-0,07;0,00;0,00;480;91;91;22;19;673;194
3015;53,76;22,67;0,00;0,00;0,00;0,02;0,00;0,00;54;180;181;15;19;230;279
3016;37,46;-43,90;0,00;0,00;0,00;-0,04;0,00;0,00;417;173;133;41;16;113;546
3017;74,80;231,18;0,00;0,00;0,00;0,23;0,00;0,00;324;160;126;23;38;332;372
3018;42,18;-92,03;0,00;0,00;0,00;-0,09;0,00;0,00;183;27;48;47;18;614;602
3019;89,74;343,07;0,00;0,00;0,00;0,34;0,00;0,00;12;83;96;27;35;847;413
3020;43,70;23,48;0,00;0,00;0,00;0,02;0,00;0,00;182;161;34;42;16;814;170
3021;75,39;309,50;0,00;0,00;0,00;0,31;0,00;0,00;483;66;107;45;27;580;153
3022;68,69;227,76;0,00;0,00;0,00;0,23;0,00;0,00;58;109;106;25;21;861;974
3023;50,20;47,44;0,00;0,00;0,00;0,05;0,00;0,00;62;75;84;22;35;664;440
3024;25,92;-260,53;0,00;0,00;0,00;-0,26;0,00;0,00;287;173;93;35;22;644;680
3025;60,42;116,86;0,00;0,00;0,00;0,12;0,00;0,00;363;43;21;28;35;165;198
3026;51,27;18,85;0,00;0,00;0,00;0,02;0,00;0,00;490;145;38;28;32;606;769
3027;33,20;-133,52;0,00;0,00;0,00;-0,13;0,00;0,00;91;99;145;49;26;589;365
3028;5,17;-466,73;0,00;0,00;0,00;-0,47;0,00;0,00;68;131;36;45;37;303;703
3029;27,75;-232,60;0,00;0,00;0,00;-0,23;0,00;0,00;143;25;17;28;24;385;848
3030;57,65;47,90;0,00;0,00;0,00;0,05;0,00;0,00;311;18;47;11;17;174;720
3031;44,03;-158,66;0,00;0,00;0,00;-0,16;0,00;0,00;163;157;30;32;34;257;318
3032;49,92;-8,94;0,00;0,00;0,00;-0,01;0,00;0,00;495;149;60;29;38;590;283
3033;49,37;-36,36;0,00;0,00;0,00;-0,04;0,00;0,00;200;176;105;40;25;455;907
3034;64,59;108,73;0,00;0,00;0,00;0,11;0,00;0,00;415;70;66;40;38;213;736
3035;68,48;215,84;0,00;0,00;0,00;0,22;0,00;0,00;279;18;165;23;38;505;626
3036;49,67;-74,41;0,00;0,00;0,00;-0,07;0,00;0,00;198;47;104;15;24;421;227
3037;77,32;255,18;0,00;0,00;0,00;0,26;0,00;0,00;91;67;72;26;18;355;887
3038;35,58;-163,75;0,00;0,00;0,00;-0,16;0,00;0,00;334;121;71;27;33;196;132
3039;65,80;152,25;0,00;0,00;0,00;0,15;0,00;0,00;25;170;184;35;36;876;290
3040;59,79;124,55;0,00;0,00;0,00;0,12;0,00;0,00;47;47;178;33;34;395;898
3041;66,96;209,99;0,00;0,00;0,00;0,21;0,00;0,00;378;141;135;19;38;925;433
3042;72,20;229,58;0,00;0,00;0,00;0,23;0,00;0,00;317;67;167;40;33;905;417
3043;43,35;-73,27;0,00;0,00;0,00;-0,07;0,00;0,00;473;151;100;33;27;321;413
3044;54,18;40,98;0,00;0,00;0,00;0,04;0,00;0,00;488;75;182;31;35;596;794
3045;51,50;52,05;0,00;0,00;0,00;0,05;0,00;0,00;297;29;43;27;26;692;965
3046;51,89;-23,28;0,00;0,00;0,00;-0,02;0,00;0,00;320;53;174;17;34;398;161
3047;56,00;89,13;0,00;0,00;0,00;0,09;0,00;0,00;416;18;35;28;21;374;758
3048;56,13;19,05;0,00;0,00;0,00;0,02;0,00;0,00;292;112;115;29;26;129;502
3049;38,00;-196,31;0,00;0,00;0,00;-0,20;0,00;0,00;12;117;191;26;28;135;634
3050;43,84;51,04;0,00;0,00;0,00;0,05;0,00;0,00;458;26;175;47;19;618;907
3051;49,58;-0,55;0,00;0,00;0,00;-0,00;0,00;0,00;78;139;92;38;35;949;303
3052;70,33;232,69;0,00;0,00;0,00;0,23;0,00;0,00;320;117;103;17;39;380;530
3053;59,80;44,38;0,00;0,00;0,00;0,04;0,00;0,00;314;102;109;29;27;558;406
3054;43,98;29,67;0,00;0,00;0,00;0,03;0,00;0,00;159;21;56;19;23;151;208
3055;47,78;18,61;0,00;0,00;0,00;0,02;0,00;0,00;112;95;39;25;35;302;803
3056;28,27;-224,68;0,00;0,00;0,00;-0,22;0,00;0,00;308;18;139;25;30;110;722
3057;27,33;-197,60;0,00;0,00;0,00;-0,20;0,00;0,00;173;23;104;33;23;534;670
3058;59,37;-65,83;0,00;0,00;0,00;-0,07;0,00;0,00;382;30;182;23;26;937;852
3059;49,30;-32,92;0,00;0,00;0,00;-0,03;0,00;0,00;370;60;164;39;27;821;871
3060;45,63;8,36;0,00;0,00;0,00;0,01;0,00;0,00;325;31;81;48;32;110;836
3061;9,83;-419,59;0,00;0,00;0,00;-0,42;0,00;0,00;75;196;35;43;36;841;360
3062;34,62;-117,05;0,00;0,00;0,00;-0,12;0,00;0,00;197;98;95;29;26;215;115
3063;48,71;-17,92;0,00;0,00;0,00;-0,02;0,00;0,00;113;153;15;36;29;822;705
3064;32,31;-228,21;0,00;0,00;0,00;-0,23;0,00;0,00;99;85;113;49;27;829;890
3065;40,22;10,47;0,00;0,00;0,00;0,01;0,00;0,00;153;143;195;14;19;468;748
3066;51,81;-34,01;0,00;0,00;0,00;-0,03;0,00;0,00;127;117;180;21;32;714;622
3067;54,47;-14,42;0,00;0,00;0,00;-0,01;0,00;0,00;78;51;147;43;27;197;783
3068;57,45;203,29;0,00;0,00;0,00;0,20;0,00;0,00;154;89;186;33;21;867;806
3069;19,82;-376,43;0,00;0,00;0,00;-0,38;0,00;0,00;489;112;122;35;32;776;540
3070;77,25;178,16;0,00;0,00;0,00;0,18;0,00;0,00;283;164;90;10;23;413;919
3071;30,88;-106,18;0,00;0,00;0,00;-0,11;0,00;0,00;75;82;163;21;39;682;695
3072;52,77;-55,29;0,00;0,00;0,00;-0,06;0,00;0,00;454;168;24;18;31;786;882
3073;68,37;204,18;0,00;0,00;0,00;0,20;0,00;0,00;358;97;188;17;21;285;845
3074;36,46;-76,33;0,00;0,00;0,00;-0,08;0,00;0,00;237;73;82;46;30;654;627
3075;77,56;304,84;0,00;0,00;0,00;0,30;0,00;0,00;130;132;91;12;32;940;348
3076;86,16;356,43;0,00;0,00;0,00;0,36;0,00;0,00;99;180;21;42;21;627;669
3077;81,47;283,60;0,00;0,00;0,00;0,28;0,00;0,00;326;65;107;38;24;910;715
3078;46,93;-13,92;0,00;0,00;0,00;-0,01;0,00;0,00;117;90;104;34;23;747;723
3079;30,85;-194,02;0,00;0,00;0,00;-0,19;0,00;0,00;15;95;153;49;18;781;749
3080;56,68;3,76;0,00;0,00;0,00;0,00;0,00;0,00;31;75;13;39;34;425;609
3081;53,06;40,74;0,00;0,00;0,00;0,04;0,00;0,00;231;50;24;17;19;613;225
3082;16,03;-252,01;0,00;0,00;0,00;-0,25;0,00;0,00;38;47;21;14;30;766;296
3083;35,12;-149,96;0,00;0,00;0,00;-0,15;0,00;0,00;172;20;31;32;15;404;846
3084;25,22;-264,19;0,00;0,00;0,00;-0,26;0,00;0,00;277;188;153;14;36;247;566
3085;78,33;202,08;0,00;0,00;0,00;0,20;0,00;0,00;166;195;71;23;21;829;655
3086;60,40;128,45;0,00;0,00;0,00;0,13;0,00;0,00;52;13;167;22;24;905;604
3087;52,33;72,55;0,00;0,00;0,00;0,07;0,00;0,00;239;30;118;25;23;541;687
3088;28,64;-285,65;0,00;0,00;0,00;-0,29;0,00;0,00;136;192;153;21;31;293;624
3089;81,20;343,06;0,00;0,00;0,00;0,34;0,00;0,00;472;44;108;43;16;358;232
3090;12,58;-365,52;0,00;0,00;0,00;-0,37;0,00;0,00;466;127;40;38;32;559;449
3091;52,90;72,65;0,00;0,00;0,00;0,07;0,00;0,00;209;14;72;19;15;442;588
3092;35,73;-171,96;0,00;0,00;0,00;-0,17;0,00;0,00;405;196;87;42;35;101;144
3093;62,96;89,29;0,00;0,00;0,00;0,09;0,00;0,00;428;98;131;30;38;838;234
3094;31,52;-159,13;0,00;0,00;0,00;-0,16;0,00;0,00;316;53;132;45;15;273;801
3095;52,18;-34,64;0,00;0,00;0,00;-0,03;0,00;0,00;214;147;95;30;29;497;902
3096;71,89;233,13;0,00;0,00;0,00;0,23;0,00;0,00;339;169;15;20;25;100;364
3097;71,35;257,53;0,00;0,00;0,00;0,26;0,00;0,00;378;73;132;17;30;503;322
3098;65,18;140,56;0,00;0,00;0,00;0,14;0,00;0,00;70;106;24;34;37;824;534
3099;31,51;-195,17;0,00;0,00;0,00;-0,20;0,00;0,00;333;65;55;48;28;498;971
3100;59,94;101,95;0,00;0,00;0,00;0,10;0,00;0,00;103;68;157;18;38;844;584
3101;54,84;-13,63;0,00;0,00;0,00;-0,01;0,00;0,00;27;142;40;18;20;170;419
3102;40,71;-81,99;0,00;0,00;0,00;-0,08;0,00;0,00;301;76;27;38;37;452;647
3103;38,02;-94,51;0,00;0,00;0,00;-0,09;0,00;0,00;220;88;184;29;34;663;744
3104;56,79;-60,30;0,00;0,00;0,00;-0,06;0,00;0,00;143;62;130;12;36;185;374
3105;62,56;162,07;0,00;0,00;0,00;0,16;0,00;0,00;166;179;80;28;23;209;199
3106;46,22;-84,78;0,00;0,00;0,00;-0,08;0,00;0,00;80;55;62;22;24;967;173
3107;69,48;179,14;0,00;0,00;0,00;0,18;0,00;0,00;200;24;153;23;32;105;917
3108;47,74;-85,76;0,00;0,00;0,00;-0,09;0,00;0,00;346;179;156;15;24;754;639
3109;40,16;-49,55;0,00;0,00;0,00;-0,05;0,00;0,00;265;13;112;49;21;366;901
3110;23,42;-187,17;0,00;0,00;0,00;-0,19;0,00;0,00;272;117;152;49;21;404;848
3111;44,41;-100,77;0,00;0,00;0,00;-0,10;0,00;0,00;369;128;149;48;17;768;474
3112;53,10;51,29;0,00;0,00;0,00;0,05;0,00;0,00;458;127;145;33;26;683;805
3113;62,78;138,07;0,00;0,00;0,00;0,14;0,00;0,00;424;72;15;25;37;684;129
3114;60,53;171,27;0,00;0,00;0,00;0,17;0,00;0,00;394;121;151;18;15;938;564
3115;61,32;181,04;0,00;0,00;0,00;0,18;0,00;0,00;232;98;16;34;24;729;498
3116;52,34;27,39;0,00;0,00;0,00;0,03;0,00;0,00;414;21;128;40;37;380;998
3117;62,61;160,85;0,00;0,00;0,00;0,16;0,00;0,00;494;187;186;23;32;134;193
3118;20,65;-363,19;0,00;0,00;0,00;-0,36;0,00;0,00;16;118;152;20;29;839;845
3119;72,01;199,74;0,00;0,00;0,00;0,20;0,00;0,00;304;168;56;17;32;387;969
3120;47,64;-45,10;0,00;0,00;0,00;-0,05;0,00;0,00;25;111;163;49;27;561;318
3121;43,53;-20,85;0,00;0,00;0,00;-0,02;0,00;0,00;158;130;182;34;24;793;837
3122;35,52;-61,80;0,00;0,00;0,00;-0,06;0,00;0,00;437;129;23;26;33;854;664
3123;63,07;101,87;0,00;0,00;0,00;0,10;0,00;0,00;169;12;28;26;25;862;320
3124;41,43;-121,46;0,00;0,00;0,00;-0,12;0,00;0,00;166;167;114;19;32;369;621
3125;46,66;-48,40;0,00;0,00;0,00;-0,05;0,00;0,00;433;61;106;39;35;312;114
3126;57,65;88,95;0,00;0,00;0,00;0,09;0,00;0,00;286;176;118;34;23;668;875
3127;33,78;-179,63;0,00;0,00;0,00;-0,18;0,00;0,00;86;160;11;38;23;934;985
3128;75,26;279,72;0,00;0,00;0,00;0,28;0,00;0,00;74;29;52;32;33;672;714
3129;81,44;319,10;0,00;0,00;0,00;0,32;0,00;0,00;36;35;141;48;16;694;676
3130;53,82;70,66;0,00;0,00;0,00;0,07;0,00;0,00;364;92;128;14;22;870;505
3131;34,12;-142,90;0,00;0,00;0,00;-0,14;0,00;0,00;444;186;157;20;22;812;728
3132;47,57;-74,09;0,00;0,00;0,00;-0,07;0,00;0,00;376;148;170;49;16;564;769
3133;47,34;-71,52;0,00;0,00;0,00;-0,07;0,00;0,00;89;139;123;14;34;851;641
3134;26,57;-164,92;0,00;0,00;0,00;-0,16;0,00;0,00;242;88;75;19;39;332;449
3135;49,85;29,36;0,00;0,00;0,00;0,03;0,00;0,00;285;79;75;38;30;632;301
3136;60,66;4,90;0,00;0,00;0,00;0,00;0,00;0,00;273;58;48;44;20;295;884
3137;43,33;-56,81;0,00;0,00;0,00;-0,06;0,00;0,00;463;87;169;24;16;754;351
3138;42,95;-62,75;0,00;0,00;0,00;-0,06;0,00;0,00;399;101;81;20;33;149;980
3139;47,70;-71,09;0,00;0,00;0,00;-0,07;0,00;0,00;432;170;91;47;35;398;893
3140;87,16;376,54;0,00;0,00;0,00;0,38;0,00;0,00;27;177;196;13;17;140;317
3141;57,61;88,79;0,00;0,00;0,00;0,09;0,00;0,00;451;121;80;17;24;121;376
3142;46,36;-40,07;0,00;0,00;0,00;-0,04;0,00;0,00;485;49;75;34;23;466;704
3143;0,00;-451,93;0,00;0,00;0,00;-0,45;0,00;0,00;446;91;199;28;18;168;252
3144;53,39;-16,70;0,00;0,00;0,00;-0,02;0,00;0,00;249;149;126;17;28;293;638
3145;74,25;159,19;0,00;0,00;0,00;0,16;0,00;0,00;180;32;14;30;16;470;587
3146;52,14;-77,06;0,00;0,00;0,00;-0,08;0,00;0,00;285;105;154;42;22;983;776
3147;20,61;-393,66;0,00;0,00;0,00;-0,39;0,00;0,00;104;172;162;19;26;830;561
3148;67,04;125,36;0,00;0,00;0,00;0,13;0,00;0,00;430;198;103;47;24;934;258
3149;37,84;-77,67;0,00;0,00;0,00;-0,08;0,00;0,00;273;165;94;33;16;870;899
3150;54,23;88,23;0,00;0,00;0,00;0,09;0,00;0,00;292;190;88;24;22;764;497
3151;76,16;274,73;0,00;0,00;0,00;0,27;0,00;0,00;476;152;189;37;20;957;212
3152;60,45;116,75;0,00;0,00;0,00;0,12;0,00;0,00;297;15;73;29;26;249;680
3153;28,00;-137,69;0,00;0,00;0,00;-0,14;0,00;0,00;348;97;184;22;36;599;479
3154;58,91;62,48;0,00;0,00;0,00;0,06;0,00;0,00;178;177;100;16;23;792;692
3155;21,72;-386,91;0,00;0,00;0,00;-0,39;0,00;0,00;102;40;164;30;24;853;274
3156;71,86;262,30;0,00;0,00;0,00;0,26;0,00;0,00;268;128;102;36;17;794;783
3157;65,39;23,92;0,00;0,00;0,00;0,02;0,00;0,00;330;76;28;23;22;852;109
3158;41,77;-45,98;0,00;0,00;0,00;-0,05;0,00;0,00;303;138;80;26;26;443;471
3159;67,24;94,98;0,00;0,00;0,00;0,09;0,00;0,00;60;178;67;47;36;784;947
3160;67,13;284,24;0,00;0,00;0,00;0,28;0,00;0,00;464;167;81;37;28;707;493
3161;70,67;281,25;0,00;0,00;0,00;0,28;0,00;0,00;40;28;53;15;30;762;412
3162;29,77;-188,42;0,00;0,00;0,00;-0,19;0,00;0,00;268;77;51;14;18;508;529
3163;45,49;-38,55;0,00;0,00;0,00;-0,04;0,00;0,00;17;90;142;36;28;314;389
3164;44,70;-79,49;0,00;0,00;0,00;-0,08;0,00;0,00;274;164;114;17;21;515;131
3165;68,41;138,78;0,00;0,00;0,00;0,14;0,00;0,00;321;23;44;48;33;817;732
3166;52,29;47,95;0,00;0,00;0,00;0,05;0,00;0,00;96;59;158;10;27;708;116
3167;51,44;-34,31;0,00;0,00;0,00;-0,03;0,00;0,00;311;38;33;21;18;328;853
3168;70,83;166,60;0,00;0,00;0,00;0,17;0,00;0,00;373;57;91;37;38;779;362
3169;56,93;145,08;0,00;0,00;0,00;0,15;0,00;0,00;54;190;128;15;16;317;862
3170;29,77;-139,40;0,00;0,00;0,00;-0,14;0,00;0,00;239;72;158;28;23;320;655
3171;45,37;-49,40;0,00;0,00;0,00;-0,05;0,00;0,00;128;109;142;30;16;964;944
3172;68,84;165,15;0,00;0,00;0,00;0,17;0,00;0,00;449;25;52;21;39;831;424
3173;48,48;-95,09;0,00;0,00;0,00;-0,10;0,00;0,00;486;45;69;46;15;182;238
3174;21,40;-274,06;0,00;0,00;0,00;-0,27;0,00;0,00;173;38;168;31;19;634;404
3175;24,49;-228,42;0,00;0,00;0,00;-0,23;0,00;0,00;221;122;65;20;34;841;206
3176;51,94;-79,22;0,00;0,00;0,00;-0,08;0,00;0,00;425;75;181;20;31;509;908
3177;46,62;-128,84;0,00;0,00;0,00;-0,13;0,00;0,00;349;12;195;12;21;583;731
3178;64,43;128,85;0,00;0,00;0,00;0,13;0,00;0,00;421;94;168;12;37;711;741
3179;55,79;29,15;0,00;0,00;0,00;0,03;0,00;0,00;350;198;120;42;36;996;322
3180;39,97;-181,19;0,00;0,00;0,00;-0,18;0,00;0,00;193;19;16;13;30;391;328
3181;58,01;47,97;0,00;0,00;0,00;0,05;0,00;0,00;352;97;25;49;29;530;126
3182;31,25;-101,48;0,00;0,00;0,00;-0,10;0,00;0,00;315;139;159;19;24;990;512
3183;59,45;-11,61;0,00;0,00;0,00;-0,01;0,00;0,00;394;161;144;46;15;331;623
3184;56,48;35,58;0,00;0,00;0,00;0,04;0,00;0,00;392;171;140;37;24;147;487
3185;64,59;119,91;0,00;0,00;0,00;0,12;0,00;0,00;446;60;151;35;26;148;224
3186;51,89;-1,92;0,00;0,00;0,00;-0,00;0,00;0,00;19;67;150;25;16;556;231
3187;69,15;138,59;0,00;0,00;0,00;0,14;0,00;0,00;476;20;128;28;20;998;630
3188;36,85;-142,53;0,00;0,00;0,00;-0,14;0,00;0,00;106;185;140;44;32;273;466
3189;41,28;-83,06;0,00;0,00;0,00;-0,08;0,00;0,00;367;12;53;38;25;591;242
3190;48,13;-112,60;0,00;0,00;0,00;-0,11;0,00;0,00;329;18;144;15;23;610;995
3191;58,12;93,15;0,00;0,00;0,00;0,09;0,00;0,00;349;33;54;28;33;695;923
3192;47,72;24,84;0,00;0,00;0,00;0,02;0,00;0,00;478;60;151;10;25;269;212
3193;42,45;-71,40;0,00;0,00;0,00;-0,07;0,00;0,00;276;55;127;18;33;597;787
3194;48,26;8,42;0,00;0,00;0,00;0,01;0,00;0,00;193;196;126;11;26;113;764
3195;62,02;117,99;0,00;0,00;0,00;0,12;0,00;0,00;377;106;81;22;38;518;874
3196;51,96;-14,65;0,00;0,00;0,00;-0,01;0,00;0,00;427;79;92;40;18;715;486
3197;61,48;100,85;0,00;0,00;0,00;0,10;0,00;0,00;157;144;53;23;33;586;824
3198;52,98;-19,74;0,00;0,00;0,00;-0,02;0,00;0,00;129;131;187;34;19;588;342
3199;28,98;-199,39;0,00;0,00;0,00;-0,20;0,00;0,00;61;79;26;24;29;896;766
3200;39,76;-127,28;0,00;0,00;0,00;-0,13;0,00;0,00;299;49;169;30;37;516;357
3201;40,50;-33,44;0,00;0,00;0,00;-0,03;0,00;0,00;306;33;93;42;25;716;273
3202;31,01;-124,57;0,00;0,00;0,00;-0,12;0,00;0,00;201;87;111;29;39;140;899
3203;37,48;-60,43;0,00;0,00;0,00;-0,06;0,00;0,00;36;95;184;19;29;620;519
3204;42,16;-172,59;0,00;0,00;0,00;-0,17;0,00;0,00;474;115;129;49;23;375;297
3205;53,02;18,84;0,00;0,00;0,00;0,02;0,00;0,00;339;24;11;38;30;242;532
3206;32,85;-133,41;0,00;0,00;0,00;-0,13;0,00;0,00;327;138;35;26;27;372;329
3207;58,89;90,60;0,00;0,00;0,00;0,09;0,00;0,00;271;139;11;39;32;943;378
3208;58,84;122,99;0,00;0,00;0,00;0,12;0,00;0,00;190;43;123;39;26;380;228
3209;51,71;-16,32;0,00;0,00;0,00;-0,02;0,00;0,00;279;35;66;39;37;611;668
3210;55,97;32,68;0,00;0,00;0,00;0,03;0,00;0,00;405;176;152;27;22;420;575
3211;30,79;-162,08;0,00;0,00;0,00;-0,16;0,00;0,00;177;109;127;20;19;639;579
3212;36,12;-127,59;0,00;0,00;0,00;-0,13;0,00;0,00;49;177;146;24;28;937;774
3213;51,42;25,52;0,00;0,00;0,00;0,03;0,00;0,00;385;93;187;35;37;808;991
3214;57,75;132,51;0,00;0,00;0,00;0,13;0,00;0,00;36;193;31;28;31;133;376
3215;47,63;6,92;0,00;0,00;0,00;0,01;0,00;0,00;164;185;130;49;19;431;877
3216;42,07;-96,70;0,00;0,00;0,00;-0,10;0,00;0,00;108;51;164;34;28;364;921
3217;46,22;-71,36;0,00;0,00;0,00;-0,07;0,00;0,00;330;143;191;41;25;128;232
3218;35,79;-199,70;0,00;0,00;0,00;-0,20;0,00;0,00;365;94;100;16;37;508;725
3219;48,67;25,76;0,00;0,00;0,00;0,03;0,00;0,00;273;41;133;46;28;556;413
3220;44,40;-155,48;0,00;0,00;0,00;-0,16;0,00;0,00;125;62;106;23;32;957;970
3221;50,93;72,00;0,00;0,00;0,00;0,07;0,00;0,00;320;41;99;19;21;186;379
3222;67,14;188,00;0,00;0,00;0,00;0,19;0,00;0,00;407;53;147;34;29;111;883
3223;60,28;78,60;0,00;0,00;0,00;0,08;0,00;0,00;126;14;103;38;36;236;645
3224;44,17;-61,39;0,00;0,00;0,00;-0,06;0,00;0,00;146;122;180;33;21;378;780
3225;33,99;-188,04;0,00;0,00;0,00;-0,19;0,00;0,00;61;71;58;48;28;699;194
3226;54,27;36,67;0,00;0,00;0,00;0,04;0,00;0,00;290;31;25;11;26;669;286
3227;70,80;248,82;0,00;0,00;0,00;0,25;0,00;0,00;89;42;123;37;29;564;151
3228;62,24;127,74;0,00;0,00;0,00;0,13;0,00;0,00;191;65;143;15;29;966;801
3229;82,53;304,36;0,00;0,00;0,00;0,30;0,00;0,00;468;43;198;30;21;525;999
3230;54,58;21,88;0,00;0,00;0,00;0,02;0,00;0,00;337;174;111;24;26;912;242
3231;28,64;-261,71;0,00;0,00;0,00;-0,26;0,00;0,00;292;72;28;27;32;138;249
3232;53,85;-10,20;0,00;0,00;0,00;-0,01;0,00;0,00;374;42;44;12;24;839;540
3233;44,97;-91,38;0,00;0,00;0,00;-0,09;0,00;0,00;126;163;128;17;30;175;238
3234;47,12;-62,56;0,00;0,00;0,00;-0,06;0,00;0,00;84;31;86;14;16;974;816
3235;59,88;113,93;0,00;0,00;0,00;0,11;0,00;0,00;381;139;180;17;32;971;864
3236;51,91;-2,63;0,00;0,00;0,00;-0,00;0,00;0,00;285;105;177;30;31;290;532
3237;80,20;278,60;0,00;0,00;0,00;0,28;0,00;0,00;158;49;74;40;29;356;267
3238;55,78;0,83;0,00;0,00;0,00;0,00;0,00;0,00;301;95;106;33;33;345;427
3239;33,66;-192,50;0,00;0,00;0,00;-0,19;0,00;0,00;432;136;111;12;27;244;302
3240;44,97;-83,43;0,00;0,00;0,00;-0,08;0,00;0,00;415;33;27;26;26;197;778
3241;75,69;207,26;0,00;0,00;0,00;0,21;0,00;0,00;90;87;21;47;15;681;430
3242;62,10;164,00;0,00;0,00;0,00;0,16;0,00;0,00;10;176;180;31;17;168;562
3243;53,88;-104,89;0,00;0,00;0,00;-0,10;0,00;0,00;292;62;63;10;32;558;192
3244;12,95;-381,52;0,00;0,00;0,00;-0,38;0,00;0,00;97;174;38;10;27;256;814
3245;41,01;-127,79;0,00;0,00;0,00;-0,13;0,00;0,00;489;15;126;21;22;592;775
3246;61,42;172,24;0,00;0,00;0,00;0,17;0,00;0,00;109;199;34;36;21;256;381
3247;42,39;-57,33;0,00;0,00;0,00;-0,06;0,00;0,00;97;140;196;31;33;842;529
3248;43,78;-57,05;0,00;0,00;0,00;-0,06;0,00;0,00;413;168;32;28;19;562;185
3249;55,81;77,18;0,00;0,00;0,00;0,08;0,00;0,00;215;29;38;22;16;473;596
3250;79,79;242,13;0,00;0,00;0,00;0,24;0,00;0,00;430;195;131;46;38;392;635
3251;63,19;57,95;0,00;0,00;0,00;0,06;0,00;0,00;458;71;42;33;36;397;462
3252;50,82;-66,02;0,00;0,00;0,00;-0,07;0,00;0,00;242;150;188;13;38;570;433
3253;50,32;-21,68;0,00;0,00;0,00;-0,02;0,00;0,00;294;47;144;19;31;568;892
3254;42,74;-106,80;0,00;0,00;0,00;-0,11;0,00;0,00;356;102;176;39;21;532;218
3255;31,21;-127,12;0,00;0,00;0,00;-0,13;0,00;0,00;178;89;132;25;19;456;873
3256;45,75;6,70;0,00;0,00;0,00;0,01;0,00;0,00;277;46;123;27;34;811;438
3257;43,57;-106,54;0,00;0,00;0,00;-0,11;0,00;0,00;22;108;40;38;32;303;197
3258;44,35;-18,35;0,00;0,00;0,00;-0,02;0,00;0,00;145;111;33;21;34;936;497
3259;40,02;-59,24;0,00;0,00;0,00;-0,06;0,00;0,00;186;164;69;17;20;940;758
3260;57,43;129,48;0,00;0,00;0,00;0,13;0,00;0,00;98;100;26;20;39;625;207
3261;28,30;-279,64;0,00;0,00;0,00;-0,28;0,00;0,00;169;114;32;28;19;420;903
3262;54,60;109,68;0,00;0,00;0,00;0,11;0,00;0,00;175;129;129;44;30;316;935
3263;56,01;56,17;0,00;0,00;0,00;0,06;0,00;0,00;322;79;74;36;34;313;757
3264;73,29;182,97;0,00;0,00;0,00;0,18;0,00;0,00;288;140;140;43;26;499;966
3265;46,04;-94,81;0,00;0,00;0,00;-0,09;0,00;0,00;41;182;32;45;28;132;199
3266;49,13;76,11;0,00;0,00;0,00;0,08;0,00;0,00;317;11;172;35;21;791;458
3267;47,88;-52,21;0,00;0,00;0,00;-0,05;0,00;0,00;491;132;176;40;34;482;721
3268;48,45;1,78;0,00;0,00;0,00;0,00;0,00;0,00;366;120;79;45;33;428;113
3269;61,26;150,40;0,00;0,00;0,00;0,15;0,00;0,00;457;92;65;34;36;887;740
3270;62,12;151,66;0,00;0,00;0,00;0,15;0,00;0,00;270;164;184;32;34;160;761
3271;51,33;77,07;0,00;0,00;0,00;0,08;0,00;0,00;488;109;114;15;31;130;227
3272;56,01;70,66;0,00;0,00;0,00;0,07;0,00;0,00;277;179;198;36;26;107;387
3273;42,39;-129,75;0,00;0,00;0,00;-0,13;0,00;0,00;140;75;142;10;17;515;367
3274;32,89;-183,14;0,00;0,00;0,00;-0,18;0,00;0,00;198;51;11;26;24;915;882
3275;53,44;32,38;0,00;0,00;0,00;0,03;0,00;0,00;62;130;140;18;33;176;803
3276;25,86;-239,10;0,00;0,00;0,00;-0,24;0,00;0,00;106;117;98;48;19;388;264
3277;59,49;36,45;0,00;0,00;0,00;0,04;0,00;0,00;110;126;14;46;33;105;773
3278;42,04;-110,21;0,00;0,00;0,00;-0,11;0,00;0,00;338;26;50;20;24;786;868
3279;75,25;266,07;0,00;0,00;0,00;0,27;0,00;0,00;490;191;71;27;26;724;959
3280;69,06;220,39;0,00;0,00;0,00;0,22;0,00;0,00;51;62;25;20;22;798;528
3281;44,41;-41,99;0,00;0,00;0,00;-0,04;0,00;0,00;26;71;138;48;39;313;569
3282;30,03;-256,89;0,00;0,00;0,00;-0,26;0,00;0,00;153;79;158;47;22;863;204
3283;77,55;333,42;0,00;0,00;0,00;0,33;0,00;0,00;309;12;196;31;25;724;322
3284;27,35;-241,43;0,00;0,00;0,00;-0,24;0,00;0,00;74;133;76;43;32;328;586
3285;46,50;-36,36;0,00;0,00;0,00;-0,04;0,00;0,00;38;40;72;32;36;599;424
3286;41,22;-106,79;0,00;0,00;0,00;-0,11;0,00;0,00;46;174;61;31;15;331;778
3287;50,76;13,72;0,00;0,00;0,00;0,01;0,00;0,00;229;88;78;44;35;848;347
3288;72,19;231,01;0,00;0,00;0,00;0,23;0,00;0,00;278;136;51;39;25;973;573
3289;45,91;9,78;0,00;0,00;0,00;0,01;0,00;0,00;488;123;197;44;31;316;290
3290;53,75;23,05;0,00;0,00;0,00;0,02;0,00;0,00;422;154;132;16;36;890;819
3291;49,06;-55,62;0,00;0,00;0,00;-0,06;0,00;0,00;386;31;64;20;28;517;209
3292;32,68;-178,93;0,00;0,00;0,00;-0,18;0,00;0,00;40;172;139;16;34;454;683
3293;56,27;59,44;0,00;0,00;0,00;0,06;0,00;0,00;172;127;73;14;34;779;504
3294;57,47;98,32;0,00;0,00;0,00;0,10;0,00;0,00;181;107;26;20;29;611;719
3295;60,17;204,14;0,00;0,00;0,00;0,20;0,00;0,00;78;123;44;34;22;869;172
3296;28,87;-229,73;0,00;0,00;0,00;-0,23;0,00;0,00;301;199;135;23;38;124;249
3297;61,83;141,91;0,00;0,00;0,00;0,14;0,00;0,00;372;143;19;21;18;509;292
3298;67,54;283,54;0,00;0,00;0,00;0,28;0,00;0,00;179;73;62;33;22;672;657
3299;35,65;-200,56;0,00;0,00;0,00;-0,20;0,00;0,00;409;151;52;12;21;384;751
3300;63,75;89,49;0,00;0,00;0,00;0,09;0,00;0,00;42;86;60;31;34;149;984
3301;27,11;-233,74;0,00;0,00;0,00;-0,23;0,00;0,00;261;42;49;28;23;439;450
3302;29,76;-226,71;0,00;0,00;0,00;-0,23;0,00;0,00;420;94;173;39;27;786;240
3303;62,97;165,56;0,00;0,00;0,00;0,17;0,00;0,00;233;33;135;13;30;675;527
3304;62,14;40,85;0,00;0,00;0,00;0,04;0,00;0,00;156;83;117;14;39;822;233
3305;36,16;-166,84;0,00;0,00;0,00;-0,17;0,00;0,00;163;120;73;15;26;134;190
3306;45,67;-11,55;0,00;0,00;0,00;-0,01;0,00;0,00;143;132;162;41;38;625;891
3307;63,99;159,84;0,00;0,00;0,00;0,16;0,00;0,00;168;18;138;34;15;903;652
3308;42,06;-92,77;0,00;0,00;0,00;-0,09;0,00;0,00;218;112;68;43;19;312;934
3309;61,86;94,02;0,00;0,00;0,00;0,09;0,00;0,00;349;81;110;16;35;857;258
3310;62,85;76,84;0,00;0,00;0,00;0,08;0,00;0,00;279;136;12;16;36;408;249
3311;16,83;-382,35;0,00;0,00;0,00;-0,38;0,00;0,00;303;22;37;39;30;577;516
3312;63,51;115,04;0,00;0,00;0,00;0,12;0,00;0,00;251;102;56;41;23;597;346
3313;66,68;116,29;0,00;0,00;0,00;0,12;0,00;0,00;36;110;151;34;20;459;971
3314;68,67;246,82;0,00;0,00;0,00;0,25;0,00;0,00;258;31;198;43;33;853;693
3315;45,88;-75,44;0,00;0,00;0,00;-0,08;0,00;0,00;34;60;23;22;38;242;828
3316;35,96;-42,43;0,00;0,00;0,00;-0,04;0,00;0,00;287;68;62;16;28;978;521
3317;49,68;77,81;0,00;0,00;0,00;0,08;0,00;0,00;460;129;24;28;17;626;718
3318;72,65;177,27;0,00;0,00;0,00;0,18;0,00;0,00;371;105;86;46;19;494;845
3319;35,58;-272,77;0,00;0,00;0,00;-0,27;0,00;0,00;114;74;82;45;34;988;424
3320;61,30;117,19;0,00;0,00;0,00;0,12;0,00;0,00;421;17;88;16;36;319;776
3321;41,64;-29,55;0,00;0,00;0,00;-0,03;0,00;0,00;136;129;148;26;36;145;628
3322;73,10;272,91;0,00;0,00;0,00;0,27;0,00;0,00;482;177;176;28;18;224;329
3323;53,59;2,16;0,00;0,00;0,00;0,00;0,00;0,00;35;168;15;41;18;871;597
3324;40,20;-35,54;0,00;0,00;0,00;-0,04;0,00;0,00;405;131;82;30;29;129;350
3325;58,19;98,69;0,00;0,00;0,00;0,10;0,00;0,00;56;55;93;21;21;778;526
3326;52,15;164,85;0,00;0,00;0,00;0,16;0,00;0,00;464;86;136;33;31;926;315
3327;25,58;-176,02;0,00;0,00;0,00;-0,18;0,00;0,00;486;172;105;29;18;491;172
3328;32,97;-79,36;0,00;0,00;0,00;-0,08;0,00;0,00;25;199;119;18;37;623;745
3329;57,55;72,68;0,00;0,00;0,00;0,07;0,00;0,00;486;41;105;41;34;501;287
3330;72,24;272,92;0,00;0,00;0,00;0,27;0,00;0,00;54;12;99;30;28;777;249
3331;59,88;0,94;0,00;0,00;0,00;0,00;0,00;0,00;434;146;132;41;35;945;597
3332;51,30;-61,43;0,00;0,00;0,00;-0,06;0,00;0,00;113;42;157;49;20;694;109
3333;76,25;236,35;0,00;0,00;0,00;0,24;0,00;0,00;25;67;191;21;18;848;758
3334;39,98;-134,58;0,00;0,00;0,00;-0,13;0,00;0,00;87;140;107;30;19;610;413
3335;41,80;-25,29;0,00;0,00;0,00;-0,03;0,00;0,00;69;65;102;27;17;210;279
3336;66,64;152,84;0,00;0,00;0,00;0,15;0,00;0,00;48;46;43;17;28;514;413
3337;79,52;250,50;0,00;0,00;0,00;0,25;0,00;0,00;88;109;114;40;24;756;259
3338;72,15;233,82;0,00;0,00;0,00;0,23;0,00;0,00;497;123;62;39;31;893;718
3339;52,92;-8,20;0,00;0,00;0,00;-0,01;0,00;0,00;416;103;147;35;26;777;395
3340;56,08;65,60;0,00;0,00;0,00;0,07;0,00;0,00;221;151;44;31;28;267;312
3341;34,87;-216,18;0,00;0,00;0,00;-0,22;0,00;0,00;156;185;83;15;31;210;604
3342;26,83;-202,00;0,00;0,00;0,00;-0,20;0,00;0,00;315;79;82;36;35;281;932
3343;53,83;61,70;0,00;0,00;0,00;0,06;0,00;0,00;182;128;29;19;22;797;334
3344;43,38;-53,41;0,00;0,00;0,00;-0,05;0,00;0,00;140;115;44;27;22;699;569
3345;25,94;-219,44;0,00;0,00;0,00;-0,22;0,00;0,00;232;164;140;27;34;389;808
3346;58,00;42,08;0,00;0,00;0,00;0,04;0,00;0,00;176;34;13;48;37;507;459
3347;37,16;-109,83;0,00;0,00;0,00;-0,11;0,00;0,00;299;14;12;33;28;231;819
3348;68,22;103,08;0,00;0,00;0,00;0,10;0,00;0,00;233;176;115;42;20;975;431
3349;50,55;-42,78;0,00;0,00;0,00;-0,04;0,00;0,00;475;143;139;43;24;859;173
3350;38,57;-123,84;0,00;0,00;0,00;-0,12;0,00;0,00;226;24;107;16;25;226;543
3351;48,57;-77,07;0,00;0,00;0,00;-0,08;0,00;0,00;260;55;159;22;18;431;726
3352;33,32;-267,13;0,00;0,00;0,00;-0,27;0,00;0,00;308;28;90;10;39;114;564
3353;43,03;-160,74;0,00;0,00;0,00;-0,16;0,00;0,00;449;44;146;29;24;904;293
3354;38,55;-121,86;0,00;0,00;0,00;-0,12;0,00;0,00;18;87;58;22;26;541;349
3355;76,10;280,64;0,00;0,00;0,00;0,28;0,00;0,00;121;64;42;32;32;486;315
3356;52,51;64,58;0,00;0,00;0,00;0,06;0,00;0,00;145;118;186;49;37;753;441
3357;58,84;36,78;0,00;0,00;0,00;0,04;0,00;0,00;168;133;112;13;35;684;180
3358;35,49;-189,73;0,00;0,00;0,00;-0,19;0,00;0,00;357;157;111;21;35;257;879
3359;44,26;-74,83;0,00;0,00;0,00;-0,07;0,00;0,00;484;136;133;40;35;106;597
3360;74,53;324,39;0,00;0,00;0,00;0,32;0,00;0,00;499;51;97;41;34;305;737
3361;44,90;-47,10;0,00;0,00;0,00;-0,05;0,00;0,00;476;153;72;33;28;928;747
3362;58,63;98,46;0,00;0,00;0,00;0,10;0,00;0,00;221;132;118;15;27;749;130
3363;25,67;-239,92;0,00;0,00;0,00;-0,24;0,00;0,00;118;185;69;14;15;685;215
3364;39,56;-148,02;0,00;0,00;0,00;-0,15;0,00;0,00;171;99;172;44;39;996;396
3365;27,38;-239,40;0,00;0,00;0,00;-0,24;0,00;0,00;203;56;191;30;26;771;407
3366;50,12;-20,62;0,00;0,00;0,00;-0,02;0,00;0,00;247;126;42;23;24;657;942
3367;47,75;43,38;0,00;0,00;0,00;0,04;0,00;0,00;296;25;11;30;21;803;887
3368;44,52;43,87;0,00;0,00;0,00;0,04;0,00;0,00;187;163;94;38;25;121;365
3369;14,96;-351,15;0,00;0,00;0,00;-0,35;0,00;0,00;294;187;197;26;29;414;265
3370;34,01;-176,41;0,00;0,00;0,00;-0,18;0,00;0,00;152;109;20;16;25;235;632
3371;49,06;-22,71;0,00;0,00;0,00;-0,02;0,00;0,00;421;32;52;38;28;955;779
3372;52,83;96,28;0,00;0,00;0,00;0,10;0,00;0,00;150;122;128;28;16;153;516
3373;24,65;-273,87;0,00;0,00;0,00;-0,27;0,00;0,00;142;172;134;24;25;552;868
3374;58,08;125,17;0,00;0,00;0,00;0,13;0,00;0,00;141;98;89;47;16;297;954
3375;72,40;276,21;0,00;0,00;0,00;0,28;0,00;0,00;144;101;40;24;15;638;988
3376;65,50;202,51;0,00;0,00;0,00;0,20;0,00;0,00;400;59;160;26;19;591;370
3377;28,74;-199,68;0,00;0,00;0,00;-0,20;0,00;0,00;395;135;116;48;19;507;249
3378;69,14;136,27;0,00;0,00;0,00;0,14;0,00;0,00;407;187;11;40;24;600;717
3379;64,25;78,99;0,00;0,00;0,00;0,08;0,00;0,00;489;169;145;37;20;682;463
3380;70,02;168,74;0,00;0,00;0,00;0,17;0,00;0,00;352;171;159;27;24;749;880
3381;37,80;-164,88;0,00;0,00;0,00;-0,16;0,00;0,00;139;71;94;49;18;785;721
3382;59,78;145,31;0,00;0,00;0,00;0,15;0,00;0,00;471;69;119;38;18;700;492
3383;33,41;-226,86;0,00;0,00;0,00;-0,23;0,00;0,00;140;148;131;37;22;301;341
3384;12,26;-440,09;0,00;0,00;0,00;-0,44;0,00;0,00;406;38;90;47;35;103;708
3385;55,09;-6,06;0,00;0,00;0,00;-0,01;0,00;0,00;364;66;190;41;35;413;233
3386;42,79;-16,48;0,00;0,00;0,00;-0,02;0,00;0,00;181;173;155;23;25;831;553
3387;73,66;212,62;0,00;0,00;0,00;0,21;0,00;0,00;431;156;129;36;39;285;842
3388;62,10;57,28;0,00;0,00;0,00;0,06;0,00;0,00;34;86;103;18;25;449;858
3389;58,24;51,07;0,00;0,00;0,00;0,05;0,00;0,00;382;153;86;21;30;135;670
3390;49,85;2,11;0,00;0,00;0,00;0,00;0,00;0,00;358;124;164;24;30;675;134
3391;71,13;276,59;0,00;0,00;0,00;0,28;0,00;0,00;114;26;120;15;17;192;466
3392;56,33;101,90;0,00;0,00;0,00;0,10;0,00;0,00;462;155;71;14;31;572;683
3393;49,36;-71,54;0,00;0,00;0,00;-0,07;0,00;0,00;435;187;98;48;23;875;590
3394;46,27;-37,43;0,00;0,00;0,00;-0,04;0,00;0,00;141;167;92;24;29;956;559
3395;46,81;50,77;0,00;0,00;0,00;0,05;0,00;0,00;20;23;32;10;26;111;266
3396;61,21;151,98;0,00;0,00;0,00;0,15;0,00;0,00;13;130;169;28;24;701;608
3397;73,87;226,10;0,00;0,00;0,00;0,23;0,00;0,00;323;139;162;44;27;545;484
3398;30,21;-226,17;0,00;0,00;0,00;-0,23;0,00;0,00;254;83;94;49;38;410;434
3399;63,10;167,01;0,00;0,00;0,00;0,17;0,00;0,00;193;131;168;14;15;516;856
3400;35,63;-138,14;0,00;0,00;0,00;-0,14;0,00;0,00;288;90;34;31;26;174;851
3401;57,66;55,74;0,00;0,00;0,00;0,06;0,00;0,00;210;94;29;23;33;744;241
3402;58,74;130,09;0,00;0,00;0,00;0,13;0,00;0,00;420;106;118;22;29;193;770
3403;58,09;102,82;0,00;0,00;0,00;0,10;0,00;0,00;337;80;195;22;31;527;635
3404;54,98;-17,74;0,00;0,00;0,00;-0,02;0,00;0,00;187;24;170;29;19;991;327
3405;36,11;-62,64;0,00;0,00;0,00;-0,06;0,00;0,00;12;61;177;32;21;484;144
3406;60,46;110,46;0,00;0,00;0,00;0,11;0,00;0,00;239;116;186;28;39;944;637
3407;59,10;124,30;0,00;0,00;0,00;0,12;0,00;0,00;334;91;155;10;29;533;373
3408;33,28;-148,17;0,00;0,00;0,00;-0,15;0,00;0,00;41;151;115;27;34;602;175
3409;61,05;88,09;0,00;0,00;0,00;0,09;0,00;0,00;425;182;73;13;33;152;764
3410;32,83;-178,53;0,00;0,00;0,00;-0,18;0,00;0,00;176;34;183;40;25;585;917
3411;81,67;348,03;0,00;0,00;0,00;0,35;0,00;0,00;205;89;39;19;34;196;990
3412;56,03;68,00;0,00;0,00;0,00;0,07;0,00;0,00;324;153;174;18;23;827;973
3413;42,78;-91,21;0,00;0,00;0,00;-0,09;0,00;0,00;441;112;144;33;38;984;306
3414;54,69;129,84;0,00;0,00;0,00;0,13;0,00;0,00;300;68;26;32;16;895;206
3415;55,50;100,61;0,00;0,00;0,00;0,10;0,00;0,00;431;72;152;30;21;636;457
3416;35,84;-39,36;0,00;0,00;0,00;-0,04;0,00;0,00;213;87;64;40;25;710;429
3417;93,32;519,84;0,00;0,00;0,00;0,52;0,00;0,00;159;89;130;13;33;327;908
3418;89,08;387,53;0,00;0,00;0,00;0,39;0,00;0,00;135;166;136;37;20;960;245
3419;53,81;92,04;0,00;0,00;0,00;0,09;0,00;0,00;59;184;176;18;19;391;241
3420;37,90;-63,84;0,00;0,00;0,00;-0,06;0,00;0,00;396;171;85;44;26;193;234
3421;36,57;-185,37;0,00;0,00;0,00;-0,19;0,00;0,00;47;18;14;21;36;289;250
3422;47,52;-16,63;0,00;0,00;0,00;-0,02;0,00;0,00;399;116;187;41;20;548;173
3423;64,41;173,21;0,00;0,00;0,00;0,17;0,00;0,00;281;62;27;46;21;876;123
3424;15,76;-378,37;0,00;0,00;0,00;-0,38;0,00;0,00;186;191;171;21;23;365;552
3425;38,39;-38,33;0,00;0,00;0,00;-0,04;0,00;0,00;439;103;11;47;35;401;311
3426;64,92;133,10;0,00;0,00;0,00;0,13;0,00;0,00;440;151;94;44;16;179;157
3427;79,75;309,68;0,00;0,00;0,00;0,31;0,00;0,00;154;169;169;26;33;529;708
3428;63,77;192,02;0,00;0,00;0,00;0,19;0,00;0,00;27;141;102;16;23;401;749
3429;31,47;-175,07;0,00;0,00;0,00;-0,18;0,00;0,00;60;64;25;36;30;653;343
3430;41,65;-98,79;0,00;0,00;0,00;-0,10;0,00;0,00;54;150;198;40;29;325;855
3431;35,71;-141,77;0,00;0,00;0,00;-0,14;0,00;0,00;271;41;38;41;15;287;993
3432;37,18;-120,76;0,00;0,00;0,00;-0,12;0,00;0,00;76;110;23;49;35;495;702
3433;59,61;115,95;0,00;0,00;0,00;0,12;0,00;0,00;426;189;30;16;37;273;859
3434;60,41;135,35;0,00;0,00;0,00;0,14;0,00;0,00;300;159;67;43;16;906;702
3435;58,97;52,58;0,00;0,00;0,00;0,05;0,00;0,00;267;126;99;14;24;705;634
3436;61,64;98,19;0,00;0,00;0,00;0,10;0,00;0,00;71;108;178;21;24;796;208
3437;37,68;-161,58;0,00;0,00;0,00;-0,16;0,00;0,00;333;10;162;26;34;286;381
3438;66,96;127,19;0,00;0,00;0,00;0,13;0,00;0,00;394;178;45;44;36;102;563
3439;60,53;12,30;0,00;0,00;0,00;0,01;0,00;0,00;403;64;160;32;34;156;556
3440;45,37;19,01;0,00;0,00;0,00;0,02;0,00;0,00;63;121;196;25;29;877;159
3441;63,89;182,94;0,00;0,00;0,00;0,18;0,00;0,00;301;22;64;19;32;312;357
3442;66,40;189,18;0,00;0,00;0,00;0,19;0,00;0,00;243;18;152;32;38;827;988
3443;53,13;20,98;0,00;0,00;0,00;0,02;0,00;0,00;18;45;33;49;16;307;540
3444;51,57;51,02;0,00;0,00;0,00;0,05;0,00;0,00;386;74;23;19;17;837;483
3445;58,51;142,62;0,00;0,00;0,00;0,14;0,00;0,00;94;43;95;27;36;855;274
3446;74,74;287,74;0,00;0,00;0,00;0,29;0,00;0,00;413;79;51;34;18;362;374
3447;34,03;-62,30;0,00;0,00;0,00;-0,06;0,00;0,00;384;128;147;18;32;480;328
3448;51,89;61,68;0,00;0,00;0,00;0,06;0,00;0,00;471;23;35;22;25;617;818
3449;49,47;55,15;0,00;0,00;0,00;0,06;0,00;0,00;443;157;80;20;37;436;211
3450;45,27;-9,27;0,00;0,00;0,00;-0,01;0,00;0,00;407;54;160;38;32;715;715
3451;58,49;139,93;0,00;0,00;0,00;0,14;0,00;0,00;311;171;195;15;34;135;930
3452;40,96;-67,85;0,00;0,00;0,00;-0,07;0,00;0,00;118;116;187;11;28;346;309
3453;43,86;-70,98;0,00;0,00;0,00;-0,07;0,00;0,00;289;75;169;29;17;843;641
3454;79,64;263,06;0,00;0,00;0,00;0,26;0,00;0,00;241;193;108;15;33;641;912
3455;29,78;-233,42;0,00;0,00;0,00;-0,23;0,00;0,00;431;183;171;33;27;320;710
3456;43,98;-78,18;0,00;0,00;0,00;-0,08;0,00;0,00;140;91;172;29;30;252;180
3457;54,19;-23,54;0,00;0,00;0,00;-0,02;0,00;0,00;269;193;47;23;25;697;506
3458;55,53;22,03;0,00;0,00;0,00;0,02;0,00;0,00;154;76;85;46;18;123;662
3459;62,64;171,78;0,00;0,00;0,00;0,17;0,00;0,00;480;140;165;21;17;590;325
3460;40,21;-78,32;0,00;0,00;0,00;-0,08;0,00;0,00;242;10;91;18;23;100;694
3461;55,71;65,72;0,00;0,00;0,00;0,07;0,00;0,00;367;169;185;14;35;985;551
3462;42,91;-70,72;0,00;0,00;0,00;-0,07;0,00;0,00;416;10;145;47;15;516;696
3463;82,68;209,11;0,00;0,00;0,00;0,21;0,00;0,00;481;142;164;28;18;295;174
3464;75,05;284,86;0,00;0,00;0,00;0,28;0,00;0,00;219;185;111;30;17;734;327
3465;38,85;-120,11;0,00;0,00;0,00;-0,12;0,00;0,00;200;138;125;33;37;982;625
3466;46,64;-18,42;0,00;0,00;0,00;-0,02;0,00;0,00;274;25;194;22;37;183;148
3467;49,05;42,59;0,00;0,00;0,00;0,04;0,00;0,00;416;175;44;37;15;517;612
3468;43,90;-48,86;0,00;0,00;0,00;-0,05;0,00;0,00;83;106;87;19;32;262;177
3469;54,72;39,07;0,00;0,00;0,00;0,04;0,00;0,00;45;173;99;29;24;159;987
3470;69,80;238,22;0,00;0,00;0,00;0,24;0,00;0,00;86;55;160;48;15;802;557
3471;46,76;-6,36;0,00;0,00;0,00;-0,01;0,00;0,00;378;135;99;14;38;393;229
3472;60,81;96,46;0,00;0,00;0,00;0,10;0,00;0,00;412;69;155;42;33;313;792
3473;55,93;61,04;0,00;0,00;0,00;0,06;0,00;0,00;409;76;75;42;36;471;880
3474;37,98;-239,52;0,00;0,00;0,00;-0,24;0,00;0,00;425;174;184;13;39;259;781
3475;49,77;6,81;0,00;0,00;0,00;0,01;0,00;0,00;213;177;27;13;20;709;628
3476;74,68;176,54;0,00;0,00;0,00;0,18;0,00;0,00;46;125;166;31;28;700;915
3477;43,82;-9,80;0,00;0,00;0,00;-0,01;0,00;0,00;356;24;96;12;26;115;844
3478;61,88;84,99;0,00;0,00;0,00;0,08;0,00;0,00;79;34;26;10;24;424;907
3479;44,51;-33,73;0,00;0,00;0,00;-0,03;0,00;0,00;21;175;113;42;26;168;149
3480;56,00;44,75;0,00;0,00;0,00;0,04;0,00;0,00;100;109;163;14;26;937;403
3481;45,15;-53,88;0,00;0,00;0,00;-0,05;0,00;0,00;52;92;43;43;23;732;547
3482;36,22;-80,08;0,00;0,00;0,00;-0,08;0,00;0,00;147;142;105;13;16;985;651
3483;36,63;-171,57;0,00;0,00;0,00;-0,17;0,00;0,00;410;157;126;16;23;290;107
3484;31,86;-85,60;0,00;0,00;0,00;-0,09;0,00;0,00;145;31;120;12;31;873;666
3485;34,25;-64,99;0,00;0,00;0,00;-0,06;0,00;0,00;110;168;89;37;24;988;991
3486;42,57;-69,54;0,00;0,00;0,00;-0,07;0,00;0,00;474;65;52;19;25;717;134
3487;50,89;86,22;0,00;0,00;0,00;0,09;0,00;0,00;450;85;175;13;33;424;735
3488;19,85;-256,63;0,00;0,00;0,00;-0,26;0,00;0,00;319;157;113;48;22;820;557
3489;37,41;-114,15;0,00;0,00;0,00;-0,11;0,00;0,00;332;75;181;23;37;412;150
3490;10,47;-422,41;0,00;0,00;0,00;-0,42;0,00;0,00;305;57;199;40;16;510;146
3491;73,52;193,69;0,00;0,00;0,00;0,19;0,00;0,00;65;79;16;41;33;348;708
3492;55,34;133,99;0,00;0,00;0,00;0,13;0,00;0,00;460;102;196;36;20;533;742
3493;75,81;291,23;0,00;0,00;0,00;0,29;0,00;0,00;87;78;190;20;29;652;226
3494;49,77;-30,55;0,00;0,00;0,00;-0,03;0,00;0,00;192;139;14;46;19;798;690
3495;50,36;-82,84;0,00;0,00;0,00;-0,08;0,00;0,00;350;98;63;34;20;120;297
3496;50,06;-2,34;0,00;0,00;0,00;-0,00;0,00;0,00;126;155;185;43;29;755;289
3497;87,04;405,89;0,00;0,00;0,00;0,41;0,00;0,00;139;26;105;12;25;950;989
3498;43,97;-61,48;0,00;0,00;0,00;-0,06;0,00;0,00;318;57;138;35;26;135;156
3499;32,33;-140,97;0,00;0,00;0,00;-0,14;0,00;0,00;240;199;171;48;37;289;900
3500;51,46;21,86;0,00;0,00;0,00;0,02;0,00;0,00;495;141;26;12;32;884;104
3501;50,47;-36,11;0,00;0,00;0,00;-0,04;0,00;0,00;11;91;149;24;24;309;263
3502;56,82;110,51;0,00;0,00;0,00;0,11;0,00;0,00;41;170;22;38;19;276;888
3503;58,19;167,83;0,00;0,00;0,00;0,17;0,00;0,00;263;61;97;43;25;952;510
3504;31,68;-236,28;0,00;0,00;0,00;-0,24;0,00;0,00;114;115;55;35;29;349;949
3505;47,30;-56,60;0,00;0,00;0,00;-0,06;0,00;0,00;445;44;194;44;19;195;923
3506;73,39;291,34;0,00;0,00;0,00;0,29;0,00;0,00;163;17;181;49;15;406;103
3507;61,42;122,49;0,00;0,00;0,00;0,12;0,00;0,00;452;165;161;36;28;390;207
3508;55,96;-6,61;0,00;0,00;0,00;-0,01;0,00;0,00;106;96;131;31;19;317;607
3509;39,27;-68,60;0,00;0,00;0,00;-0,07;0,00;0,00;17;71;185;35;21;683;415
3510;83,33;247,03;0,00;0,00;0,00;0,25;0,00;0,00;88;20;78;35;30;519;494
3511;44,79;19,34;0,00;0,00;0,00;0,02;0,00;0,00;17;176;92;21;30;120;307
3512;66,55;204,83;0,00;0,00;0,00;0,20;0,00;0,00;475;30;27;35;29;810;690
3513;44,62;-89,99;0,00;0,00;0,00;-0,09;0,00;0,00;180;23;171;31;36;379;443
3514;31,29;-139,50;0,00;0,00;0,00;-0,14;0,00;0,00;156;162;185;19;21;752;877
3515;70,48;239,01;0,00;0,00;0,00;0,24;0,00;0,00;189;42;78;23;22;186;653
3516;50,99;36,24;0,00;0,00;0,00;0,04;0,00;0,00;423;16;49;21;26;715;415
3517;40,56;-149,23;0,00;0,00;0,00;-0,15;0,00;0,00;94;11;119;24;25;683;228
3518;23,17;-213,40;0,00;0,00;0,00;-0,21;0,00;0,00;320;91;179;44;34;601;111
3519;40,83;-51,79;0,00;0,00;0,00;-0,05;0,00;0,00;470;108;102;41;21;693;783
3520;16,51;-260,22;0,00;0,00;0,00;-0,26;0,00;0,00;197;70;44;11;28;137;406
3521;51,13;-18,50;0,00;0,00;0,00;-0,02;0,00;0,00;224;133;82;15;29;732;968
3522;30,28;-180,98;0,00;0,00;0,00;-0,18;0,00;0,00;199;161;36;41;16;989;544
3523;60,15;70,98;0,00;0,00;0,00;0,07;0,00;0,00;447;175;76;27;15;590;178
3524;82,33;296,24;0,00;0,00;0,00;0,30;0,00;0,00;470;93;88;18;17;418;121
3525;67,69;210,57;0,00;0,00;0,00;0,21;0,00;0,00;102;177;98;39;35;790;268
3526;28,25;-113,08;0,00;0,00;0,00;-0,11;0,00;0,00;435;91;10;26;38;686;113
3527;38,64;-96,58;0,00;0,00;0,00;-0,10;0,00;0,00;330;105;196;33;27;619;321
3528;45,58;-78,82;0,00;0,00;0,00;-0,08;0,00;0,00;387;180;153;10;18;157;964
3529;45,81;-104,75;0,00;0,00;0,00;-0,10;0,00;0,00;346;20;68;10;39;411;352
3530;62,78;170,48;0,00;0,00;0,00;0,17;0,00;0,00;314;162;191;35;31;799;372
3531;36,77;-114,74;0,00;0,00;0,00;-0,11;0,00;0,00;56;38;139;45;30;628;736
3532;41,90;-98,90;0,00;0,00;0,00;-0,10;0,00;0,00;448;55;144;41;24;145;326
3533;40,80;-104,81;0,00;0,00;0,00;-0,10;0,00;0,00;334;167;182;39;31;189;779
3534;52,33;36,69;0,00;0,00;0,00;0,04;0,00;0,00;293;106;139;16;15;531;340
3535;72,22;279,02;0,00;0,00;0,00;0,28;0,00;0,00;92;100;71;37;35;186;452
3536;46,62;-87,97;0,00;0,00;0,00;-0,09;0,00;0,00;437;153;94;28;27;491;598
3537;28,67;-251,91;0,00;0,00;0,00;-0,25;0,00;0,00;405;15;151;29;38;505;361
3538;30,90;-126,19;0,00;0,00;0,00;-0,13;0,00;0,00;258;75;79;13;17;996;361
3539;61,02;159,39;0,00;0,00;0,00;0,16;0,00;0,00;160;127;14;23;15;259;859
3540;44,32;-20,30;0,00;0,00;0,00;-0,02;0,00;0,00;41;87;75;44;16;576;378
3541;33,38;-137,20;0,00;0,00;0,00;-0,14;0,00;0,00;236;11;173;37;17;480;393
3542;65,90;190,93;0,00;0,00;0,00;0,19;0,00;0,00;184;67;65;10;20;414;941
3543;40,34;-120,31;0,00;0,00;0,00;-0,12;0,00;0,00;280;125;69;42;35;688;505
3544;53,70;0,86;0,00;0,00;0,00;0,00;0,00;0,00;342;101;155;12;38;676;674
3545;50,86;100,90;0,00;0,00;0,00;0,10;0,00;0,00;462;27;95;20;32;761;584
3546;42,57;-109,26;0,00;0,00;0,00;-0,11;0,00;0,00;97;141;162;38;34;231;604
3547;45,47;-49,40;0,00;0,00;0,00;-0,05;0,00;0,00;77;166;168;12;27;519;790
3548;54,39;31,19;0,00;0,00;0,00;0,03;0,00;0,00;190;73;79;20;19;535;357
3549;36,16;-130,83;0,00;0,00;0,00;-0,13;0,00;0,00;240;93;104;24;28;844;881
3550;73,69;334,55;0,00;0,00;0,00;0,33;0,00;0,00;311;134;167;40;28;520;489
3551;48,01;13,51;0,00;0,00;0,00;0,01;0,00;0,00;369;14;107;44;17;359;764
3552;53,69;2,75;0,00;0,00;0,00;0,00;0,00;0,00;45;79;82;48;36;979;610
3553;42,55;-45,11;0,00;0,00;0,00;-0,05;0,00;0,00;342;73;63;44;25;153;438
3554;37,75;-185,46;0,00;0,00;0,00;-0,19;0,00;0,00;441;134;183;38;36;956;334
3555;67,98;188,37;0,00;0,00;0,00;0,19;0,00;0,00;253;117;88;31;32;839;890
3556;43,05;-114,52;0,00;0,00;0,00;-0,11;0,00;0,00;229;171;189;27;34;588;391
3557;52,24;2,79;0,00;0,00;0,00;0,00;0,00;0,00;484;164;65;30;30;972;238
3558;73,00;271,05;0,00;0,00;0,00;0,27;0,00;0,00;103;44;24;30;19;784;139
3559;41,49;-83,51;0,00;0,00;0,00;-0,08;0,00;0,00;129;163;47;38;19;161;581
3560;37,84;-93,10;0,00;0,00;0,00;-0,09;0,00;0,00;426;30;92;44;18;519;524
3561;35,46;-38,65;0,00;0,00;0,00;-0,04;0,00;0,00;112;122;157;41;24;978;803
3562;60,35;206,57;0,00;0,00;0,00;0,21;0,00;0,00;390;57;34;12;32;933;595
3563;81,56;449,27;0,00;0,00;0,00;0,45;0,00;0,00;259;63;72;14;27;920;458
3564;31,71;-127,67;0,00;0,00;0,00;-0,13;0,00;0,00;404;23;190;12;30;673;755
3565;54,73;-6,87;0,00;0,00;0,00;-0,01;0,00;0,00;215;183;99;37;23;403;608
3566;60,91;105,48;0,00;0,00;0,00;0,11;0,00;0,00;59;25;61;29;31;642;456
3567;62,59;136,38;0,00;0,00;0,00;0,14;0,00;0,00;404;75;183;32;21;855;458
3568;63,66;115,03;0,00;0,00;0,00;0,12;0,00;0,00;47;96;49;37;23;150;491
3569;47,08;2,85;0,00;0,00;0,00;0,00;0,00;0,00;190;29;195;42;22;462;377
3570;62,94;-18,91;0,00;0,00;0,00;-0,02;0,00;0,00;475;54;199;28;27;713;880
3571;44,23;-33,82;0,00;0,00;0,00;-0,03;0,00;0,00;274;81;16;32;15;328;720
3572;21,41;-251,92;0,00;0,00;0,00;-0,25;0,00;0,00;405;150;181;34;28;729;753
3573;68,90;212,39;0,00;0,00;0,00;0,21;0,00;0,00;248;128;87;26;37;707;506
3574;64,24;56,43;0,00;0,00;0,00;0,06;0,00;0,00;245;174;93;40;15;192;503
3575;65,61;199,31;0,00;0,00;0,00;0,20;0,00;0,00;38;20;56;48;38;178;299
3576;49,87;-54,31;0,00;0,00;0,00;-0,05;0,00;0,00;160;98;28;33;22;983;848
3577;49,25;-56,13;0,00;0,00;0,00;-0,06;0,00;0,00;448;53;171;10;22;524;919
3578;65,89;154,49;0,00;0,00;0,00;0,15;0,00;0,00;235;114;110;33;29;778;187
3579;56,60;77,35;0,00;0,00;0,00;0,08;0,00;0,00;487;115;115;14;20;534;602
3580;51,98;56,49;0,00;0,00;0,00;0,06;0,00;0,00;456;70;21;38;39;611;550
3581;43,43;-75,95;0,00;0,00;0,00;-0,08;0,00;0,00;264;93;198;16;24;797;895
3582;32,91;-101,11;0,00;0,00;0,00;-0,10;0,00;0,00;333;13;190;44;38;978;665
3583;46,09;43,32;0,00;0,00;0,00;0,04;0,00;0,00;104;101;158;16;39;131;605
3584;20,08;-380,88;0,00;0,00;0,00;-0,38;0,00;0,00;373;53;54;12;25;384;840
3585;43,83;-161,46;0,00;0,00;0,00;-0,16;0,00;0,00;265;92;192;17;32;370;657
3586;70,00;239,70;0,00;0,00;0,00;0,24;0,00;0,00;438;44;35;27;17;692;535
3587;69,19;177,51;0,00;0,00;0,00;0,18;0,00;0,00;184;45;34;24;36;962;582
3588;51,49;25,84;0,00;0,00;0,00;0,03;0,00;0,00;479;34;146;14;22;207;953
3589;44,52;-90,03;0,00;0,00;0,00;-0,09;0,00;0,00;408;156;79;22;27;592;864
3590;49,51;-43,61;0,00;0,00;0,00;-0,04;0,00;0,00;119;49;144;37;23;950;359
3591;29,47;-188,58;0,00;0,00;0,00;-0,19;0,00;0,00;329;93;127;29;37;550;496
3592;55,09;-19,22;0,00;0,00;0,00;-0,02;0,00;0,00;344;52;37;30;20;820;999
3593;60,05;5,05;0,00;0,00;0,00;0,01;0,00;0,00;353;107;176;27;17;705;564
3594;17,81;-340,46;0,00;0,00;0,00;-0,34;0,00;0,00;216;134;72;32;24;355;397
3595;87,70;465,32;0,00;0,00;0,00;0,47;0,00;0,00;97;73;40;41;17;355;417
3596;82,29;333,94;0,00;0,00;0,00;0,33;0,00;0,00;278;42;51;25;36;484;720
3597;41,42;-169,23;0,00;0,00;0,00;-0,17;0,00;0,00;71;140;169;43;15;729;730
3598;37,17;-135,45;0,00;0,00;0,00;-0,14;0,00;0,00;50;125;25;31;27;472;453
3599;65,53;124,49;0,00;0,00;0,00;0,12;0,00;0,00;217;65;73;44;17;502;487
3600;57,83;20,52;0,00;0,00;0,00;0,02;0,00;0,00;418;159;177;28;37;633;620
3601;71,41;249,59;0,00;0,00;0,00;0,25;0,00;0,00;311;21;114;48;32;255;776
3602;51,52;65,73;0,00;0,00;0,00;0,07;0,00;0,00;105;61;177;37;20;957;185
3603;39,61;-159,40;0,00;0,00;0,00;-0,16;0,00;0,00;257;60;10;49;18;468;591
3604;49,42;49,85;0,00;0,00;0,00;0,05;0,00;0,00;497;40;168;38;33;198;991
3605;70,76;216,50;0,00;0,00;0,00;0,22;0,00;0,00;439;16;87;26;18;498;671
3606;66,75;92,28;0,00;0,00;0,00;0,09;0,00;0,00;488;87;99;35;29;446;840
3607;60,44;70,43;0,00;0,00;0,00;0,07;0,00;0,00;20;158;114;49;37;832;505
3608;36,69;-128,96;0,00;0,00;0,00;-0,13;0,00;0,00;396;67;36;44;18;776;778
3609;32,47;-233,55;0,00;0,00;0,00;-0,23;0,00;0,00;342;164;96;14;19;547;104
3610;49,69;-47,23;0,00;0,00;0,00;-0,05;0,00;0,00;375;95;122;11;25;151;860
3611;56,75;31,56;0,00;0,00;0,00;0,03;0,00;0,00;389;174;78;34;36;560;498
3612;48,70;-40,46;0,00;0,00;0,00;-0,04;0,00;0,00;166;187;147;35;26;879;467
3613;65,66;137,93;0,00;0,00;0,00;0,14;0,00;0,00;358;97;25;18;21;303;244
3614;38,15;-40,40;0,00;0,00;0,00;-0,04;0,00;0,00;104;173;151;38;33;480;643
3615;66,53;142,18;0,00;0,00;0,00;0,14;0,00;0,00;250;103;98;48;38;456;413
3616;61,06;71,46;0,00;0,00;0,00;0,07;0,00;0,00;137;150;33;28;19;726;277
3617;77,05;309,11;0,00;0,00;0,00;0,31;0,00;0,00;310;107;93;42;19;513;194
3618;9,10;-335,43;0,00;0,00;0,00;-0,34;0,00;0,00;499;11;142;43;17;595;995
3619;43,12;-84,13;0,00;0,00;0,00;-0,08;0,00;0,00;217;188;79;28;17;885;925
3620;63,21;110,07;0,00;0,00;0,00;0,11;0,00;0,00;113;77;66;31;24;370;133
3621;51,65;6,88;0,00;0,00;0,00;0,01;0,00;0,00;120;116;148;27;38;326;537
3622;63,96;209,19;0,00;0,00;0,00;0,21;0,00;0,00;25;126;92;17;30;591;420
3623;43,19;-56,51;0,00;0,00;0,00;-0,06;0,00;0,00;317;130;193;11;33;233;978
3624;26,87;-385,36;0,00;0,00;0,00;-0,39;0,00;0,00;170;143;75;39;30;273;805
3625;54,59;96,11;0,00;0,00;0,00;0,10;0,00;0,00;384;152;179;20;31;660;666
3626;52,01;2,52;0,00;0,00;0,00;0,00;0,00;0,00;474;51;149;19;29;750;563
3627;49,81;2,55;0,00;0,00;0,00;0,00;0,00;0,00;398;47;26;24;33;640;541
3628;34,18;-37,58;0,00;0,00;0,00;-0,04;0,00;0,00;318;99;125;22;31;824;710
3629;56,50;48,22;0,00;0,00;0,00;0,05;0,00;0,00;309;180;88;25;26;380;472
3630;24,17;-285,97;0,00;0,00;0,00;-0,29;0,00;0,00;135;25;169;11;25;575;570
3631;48,18;25,87;0,00;0,00;0,00;0,03;0,00;0,00;412;188;95;35;27;789;721
3632;49,48;-7,76;0,00;0,00;0,00;-0,01;0,00;0,00;267;159;79;42;32;457;558
3633;52,11;26,32;0,00;0,00;0,00;0,03;0,00;0,00;221;68;28;36;28;238;627
3634;43,70;-7,05;0,00;0,00;0,00;-0,01;0,00;0,00;337;32;184;37;25;250;816
3635;56,89;57,99;0,00;0,00;0,00;0,06;0,00;0,00;42;47;146;36;33;791;883
3636;23,67;-332,36;0,00;0,00;0,00;-0,33;0,00;0,00;249;168;183;41;30;474;331
3637;30,82;-199,13;0,00;0,00;0,00;-0,20;0,00;0,00;241;98;76;34;15;552;889
3638;47,42;-15,54;0,00;0,00;0,00;-0,02;0,00;0,00;351;48;88;12;29;296;883
3639;61,17;106,46;0,00;0,00;0,00;0,11;0,00;0,00;263;57;102;18;28;275;267
3640;44,62;-20,61;0,00;0,00;0,00;-0,02;0,00;0,00;407;175;117;34;23;978;450
3641;59,94;132,51;0,00;0,00;0,00;0,13;0,00;0,00;480;69;146;30;25;201;768
3642;80,76;360,40;0,00;0,00;0,00;0,36;0,00;0,00;196;167;159;40;33;960;574
3643;35,19;-153,58;0,00;0,00;0,00;-0,15;0,00;0,00;377;108;196;41;27;560;378
3644;47,02;-63,01;0,00;0,00;0,00;-0,06;0,00;0,00;416;13;94;42;20;881;911
3645;47,82;-2,47;0,00;0,00;0,00;-0,00;0,00;0,00;106;13;142;45;27;120;606
3646;50,53;133,38;0,00;0,00;0,00;0,13;0,00;0,00;32;16;67;34;15;369;414
3647;32,35;-123,86;0,00;0,00;0,00;-0,12;0,00;0,00;253;163;27;14;23;944;253
3648;19,68;-240,98;0,00;0,00;0,00;-0,24;0,00;0,00;492;79;37;43;27;594;431
3649;56,48;96,47;0,00;0,00;0,00;0,10;0,00;0,00;124;144;78;47;26;659;238
3650;48,54;-44,44;0,00;0,00;0,00;-0,04;0,00;0,00;366;74;89;48;22;958;441
3651;66,66;254,46;0,00;0,00;0,00;0,25;0,00;0,00;409;144;168;23;23;975;979
3652;82,82;406,11;0,00;0,00;0,00;0,41;0,00;0,00;432;163;98;14;30;731;288
3653;60,74;79,79;0,00;0,00;0,00;0,08;0,00;0,00;330;167;158;43;19;326;236
3654;54,52;38,62;0,00;0,00;0,00;0,04;0,00;0,00;498;134;23;19;32;939;985
3655;32,49;-202,42;0,00;0,00;0,00;-0,20;0,00;0,00;164;195;72;16;17;964;623
3656;16,79;-388,10;0,00;0,00;0,00;-0,39;0,00;0,00;144;33;105;16;18;583;504
3657;45,00;-89,02;0,00;0,00;0,00;-0,09;0,00;0,00;32;88;44;18;25;839;761
3658;57,60;118,07;0,00;0,00;0,00;0,12;0,00;0,00;380;89;68;47;24;163;808
3659;51,93;126,68;0,00;0,00;0,00;0,13;0,00;0,00;287;85;15;42;35;760;309
3660;38,15;-158,80;0,00;0,00;0,00;-0,16;0,00;0,00;129;71;150;41;33;823;203
3661;69,05;253,48;0,00;0,00;0,00;0,25;0,00;0,00;415;47;20;13;31;822;510
3662;64,30;175,84;0,00;0,00;0,00;0,18;0,00;0,00;13;62;33;34;23;215;429
3663;46,09;-61,87;0,00;0,00;0,00;-0,06;0,00;0,00;109;21;155;43;24;557;191
3664;39,93;-225,94;0,00;0,00;0,00;-0,23;0,00;0,00;393;152;144;22;23;535;489
3665;53,20;24,82;0,00;0,00;0,00;0,02;0,00;0,00;155;136;166;42;23;849;533
3666;45,06;11,49;0,00;0,00;0,00;0,01;0,00;0,00;459;187;111;11;18;119;631
3667;63,80;111,88;0,00;0,00;0,00;0,11;0,00;0,00;190;132;92;44;26;167;689
3668;25,40;-323,24;0,00;0,00;0,00;-0,32;0,00;0,00;427;95;12;33;16;706;684
3669;36,29;-188,08;0,00;0,00;0,00;-0,19;0,00;0,00;351;194;11;39;28;339;639
3670;49,63;-56,05;0,00;0,00;0,00;-0,06;0,00;0,00;212;51;86;25;23;605;203
3671;65,26;65,42;0,00;0,00;0,00;0,07;0,00;0,00;446;184;161;35;16;477;246
3672;61,47;146,91;0,00;0,00;0,00;0,15;0,00;0,00;62;148;144;40;29;549;933
3673;39,83;-129,74;0,00;0,00;0,00;-0,13;0,00;0,00;94;28;144;35;31;506;809
3674;42,43;-40,46;0,00;0,00;0,00;-0,04;0,00;0,00;184;135;171;35;23;415;312
3675;60,97;89,81;0,00;0,00;0,00;0,09;0,00;0,00;351;164;24;44;20;540;654
3676;33,88;-96,40;0,00;0,00;0,00;-0,10;0,00;0,00;128;41;154;31;17;747;141
3677;37,26;-131,90;0,00;0,00;0,00;-0,13;0,00;0,00;209;49;128;44;28;615;700
3678;24,08;-249,92;0,00;0,00;0,00;-0,25;0,00;0,00;174;127;106;11;16;722;485
3679;34,03;-195,41;0,00;0,00;0,00;-0,20;0,00;0,00;418;20;187;14;30;386;374
3680;58,16;65,21;0,00;0,00;0,00;0,07;0,00;0,00;349;65;152;17;30;272;678
3681;45,30;-93,80;0,00;0,00;0,00;-0,09;0,00;0,00;75;38;45;14;21;622;154
3682;40,45;-127,46;0,00;0,00;0,00;-0,13;0,00;0,00;466;51;10;43;31;374;254
3683;46,45;8,12;0,00;0,00;0,00;0,01;0,00;0,00;225;104;56;29;30;185;953
3684;47,49;39,81;0,00;0,00;0,00;0,04;0,00;0,00;468;84;42;31;34;628;885
3685;69,31;151,15;0,00;0,00;0,00;0,15;0,00;0,00;405;187;105;35;18;323;316
3686;47,13;-61,59;0,00;0,00;0,00;-0,06;0,00;0,00;106;56;84;23;38;246;952
3687;48,16;82,84;0,00;0,00;0,00;0,08;0,00;0,00;415;33;65;35;17;591;679
3688;61,03;72,95;0,00;0,00;0,00;0,07;0,00;0,00;115;13;98;11;33;474;233
3689;58,40;21,56;0,00;0,00;0,00;0,02;0,00;0,00;465;135;48;39;37;899;324
3690;66,41;129,49;0,00;0,00;0,00;0,13;0,00;0,00;294;110;157;46;29;986;125
3691;54,99;56,81;0,00;0,00;0,00;0,06;0,00;0,00;41;43;27;30;36;938;289
3692;26,10;-301,00;0,00;0,00;0,00;-0,30;0,00;0,00;297;27;194;46;23;509;480
3693;39,51;-132,25;0,00;0,00;0,00;-0,13;0,00;0,00;201;65;119;26;32;345;915
3694;67,92;141,84;0,00;0,00;0,00;0,14;0,00;0,00;180;155;101;25;19;544;353
3695;62,73;64,82;0,00;0,00;0,00;0,06;0,00;0,00;219;198;123;14;15;524;919
3696;70,13;235,24;0,00;0,00;0,00;0,24;0,00;0,00;17;166;169;40;35;444;575
3697;61,70;113,40;0,00;0,00;0,00;0,11;0,00;0,00;213;163;53;25;21;474;893
3698;62,04;156,36;0,00;0,00;0,00;0,16;0,00;0,00;52;97;134;44;18;572;978
3699;37,05;-214,13;0,00;0,00;0,00;-0,21;0,00;0,00;119;135;28;42;16;845;351
3700;58,79;167,66;0,00;0,00;0,00;0,17;0,00;0,00;106;89;33;35;27;682;812
3701;89,75;449,40;0,00;0,00;0,00;0,45;0,00;0,00;364;128;25;22;27;198;909
3702;48,91;16,70;0,00;0,00;0,00;0,02;0,00;0,00;238;148;49;36;33;827;762
3703;76,74;253,47;0,00;0,00;0,00;0,25;0,00;0,00;111;40;193;25;19;885;147
3704;46,77;-17,39;0,00;0,00;0,00;-0,02;0,00;0,00;391;74;106;43;24;113;522
3705;43,77;-53,85;0,00;0,00;0,00;-0,05;0,00;0,00;393;71;172;29;20;901;347
3706;92,69;413,51;0,00;0,00;0,00;0,41;0,00;0,00;246;69;159;47;35;941;494
3707;58,72;121,94;0,00;0,00;0,00;0,12;0,00;0,00;421;19;18;15;35;887;347
3708;38,54;-107,43;0,00;0,00;0,00;-0,11;0,00;0,00;181;19;108;44;35;735;622
3709;39,15;-98,65;0,00;0,00;0,00;-0,10;0,00;0,00;386;31;164;26;29;770;789
3710;53,97;27,17;0,00;0,00;0,00;0,03;0,00;0,00;24;48;11;11;24;963;798
3711;72,51;138,55;0,00;0,00;0,00;0,14;0,00;0,00;473;172;90;18;22;608;286
3712;56,51;-50,54;0,00;0,00;0,00;-0,05;0,00;0,00;420;117;162;31;25;628;815
3713;70,99;258,99;0,00;0,00;0,00;0,26;0,00;0,00;281;120;173;10;17;398;884
3714;43,27;-65,12;0,00;0,00;0,00;-0,07;0,00;0,00;300;64;132;26;39;314;768
3715;28,02;-235,23;0,00;0,00;0,00;-0,24;0,00;0,00;203;78;15;33;39;222;815
3716;29,43;-253,11;0,00;0,00;0,00;-0,25;0,00;0,00;11;179;165;29;25;706;881
3717;63,41;119,41;0,00;0,00;0,00;0,12;0,00;0,00;298;106;154;39;17;103;131
3718;70,49;205,36;0,00;0,00;0,00;0,21;0,00;0,00;10;188;37;15;33;169;133
3719;55,05;104,83;0,00;0,00;0,00;0,10;0,00;0,00;151;64;64;47;17;290;752
3720;47,16;-15,74;0,00;0,00;0,00;-0,02;0,00;0,00;75;102;138;32;33;321;611
3721;47,45;-40,08;0,00;0,00;0,00;-0,04;0,00;0,00;40;45;189;34;36;723;624
3722;82,40;306,55;0,00;0,00;0,00;0,31;0,00;0,00;499;25;190;42;36;247;540
3723;51,18;142,04;0,00;0,00;0,00;0,14;0,00;0,00;413;146;99;48;24;275;833
3724;36,19;-172,23;0,00;0,00;0,00;-0,17;0,00;0,00;469;61;62;42;22;640;809
3725;35,33;-156,20;0,00;0,00;0,00;-0,16;0,00;0,00;347;155;108;41;20;667;709
3726;72,55;189,44;0,00;0,00;0,00;0,19;0,00;0,00;352;14;157;17;33;591;533
3727;55,91;82,73;0,00;0,00;0,00;0,08;0,00;0,00;246;95;183;49;18;174;498
3728;49,76;-48,02;0,00;0,00;0,00;-0,05;0,00;0,00;82;81;28;20;16;239;496
3729;28,11;-233,98;0,00;0,00;0,00;-0,23;0,00;0,00;131;124;46;15;30;685;375
3730;28,71;-161,46;0,00;0,00;0,00;-0,16;0,00;0,00;188;88;102;19;23;571;698
3731;80,11;313,73;0,00;0,00;0,00;0,31;0,00;0,00;496;182;186;12;35;132;130
3732;61,71;134,79;0,00;0,00;0,00;0,13;0,00;0,00;440;101;162;13;28;172;869
3733;26,42;-221,83;0,00;0,00;0,00;-0,22;0,00;0,00;318;103;119;45;39;390;168
3734;34,36;-172,72;0,00;0,00;0,00;-0,17;0,00;0,00;491;125;106;25;21;977;112
3735;77,82;331,17;0,00;0,00;0,00;0,33;0,00;0,00;92;117;140;27;23;705;488
3736;34,18;-149,44;0,00;0,00;0,00;-0,15;0,00;0,00;161;54;128;17;29;681;714
3737;33,44;-154,45;0,00;0,00;0,00;-0,15;0,00;0,00;349;53;53;40;26;954;151
3738;66,09;186,04;0,00;0,00;0,00;0,19;0,00;0,00;126;106;147;49;38;324;808
3739;51,37;88,24;0,00;0,00;0,00;0,09;0,00;0,00;415;194;72;16;18;882;393
3740;22,24;-283,06;0,00;0,00;0,00;-0,28;0,00;0,00;166;25;171;12;28;668;978
3741;54,88;22,09;0,00;0,00;0,00;0,02;0,00;0,00;289;177;56;27;32;557;336
3742;100,00;406,37;0,00;0,00;0,00;0,41;0,00;0,00;220;27;19;21;21;785;652
3743;60,24;154,01;0,00;0,00;0,00;0,15;0,00;0,00;195;117;188;36;39;533;169
3744;69,74;173,41;0,00;0,00;0,00;0,17;0,00;0,00;286;110;168;35;17;538;369
3745;57,54;-2,02;0,00;0,00;0,00;-0,00;0,00;0,00;319;87;76;45;17;483;587
3746;51,76;13,69;0,00;0,00;0,00;0,01;0,00;0,00;185;46;86;33;32;573;624
3747;79,86;298,47;0,00;0,00;0,00;0,30;0,00;0,00;337;35;36;21;21;485;893
3748;48,52;54,25;0,00;0,00;0,00;0,05;0,00;0,00;414;114;10;45;18;233;156
3749;35,11;-140,31;0,00;0,00;0,00;-0,14;0,00;0,00;452;24;197;11;31;110;445
3750;58,23;71,84;0,00;0,00;0,00;0,07;0,00;0,00;343;125;87;16;26;786;209
3751;43,07;-85,35;0,00;0,00;0,00;-0,09;0,00;0,00;164;171;140;24;27;508;116
3752;29,96;-88,96;0,00;0,00;0,00;-0,09;0,00;0,00;80;131;173;39;28;741;540
3753;42,66;-71,01;0,00;0,00;0,00;-0,07;0,00;0,00;231;147;127;49;23;554;719
3754;46,23;-28,27;0,00;0,00;0,00;-0,03;0,00;0,00;222;64;152;10;21;831;477
3755;56,96;60,30;0,00;0,00;0,00;0,06;0,00;0,00;81;196;10;39;29;200;627
3756;53,91;119,08;0,00;0,00;0,00;0,12;0,00;0,00;150;128;169;44;18;651;886
3757;52,92;6,09;0,00;0,00;0,00;0,01;0,00;0,00;369;62;90;32;24;812;456
3758;66,32;112,06;0,00;0,00;0,00;0,11;0,00;0,00;118;130;152;34;23;370;602
3759;38,79;-166,52;0,00;0,00;0,00;-0,17;0,00;0,00;213;63;54;11;21;592;887
3760;62,62;85,29;0,00;0,00;0,00;0,09;0,00;0,00;319;190;189;11;20;465;805
3761;66,02;160,94;0,00;0,00;0,00;0,16;0,00;0,00;158;131;103;41;24;346;465
3762;58,60;71,42;0,00;0,00;0,00;0,07;0,00;0,00;323;132;177;12;35;956;973
3763;59,05;71,34;0,00;0,00;0,00;0,07;0,00;0,00;66;14;53;11;24;529;212
3764;32,69;-166,69;0,00;0,00;0,00;-0,17;0,00;0,00;396;146;187;41;27;752;782
3765;59,31;55,37;0,00;0,00;0,00;0,06;0,00;0,00;260;19;59;16;38;862;311
3766;65,10;163,95;0,00;0,00;0,00;0,16;0,00;0,00;30;167;194;23;18;951;945
3767;76,27;273,19;0,00;0,00;0,00;0,27;0,00;0,00;392;48;25;26;32;502;949
3768;30,49;-121,14;0,00;0,00;0,00;-0,12;0,00;0,00;16;141;88;42;39;141;704
3769;39,01;-95,82;0,00;0,00;0,00;-0,10;0,00;0,00;25;93;71;32;37;880;696
3770;85,71;343,51;0,00;0,00;0,00;0,34;0,00;0,00;40;192;131;23;37;815;744
3771;43,69;-79,47;0,00;0,00;0,00;-0,08;0,00;0,00;392;16;15;32;36;651;941
3772;61,81;65,43;0,00;0,00;0,00;0,07;0,00;0,00;377;108;95;22;27;498;824
3773;30,00;-155,25;0,00;0,00;0,00;-0,16;0,00;0,00;294;80;92;21;24;541;334
3774;67,60;190,00;0,00;0,00;0,00;0,19;0,00;0,00;301;159;58;34;16;411;395
3775;27,13;-220,49;0,00;0,00;0,00;-0,22;0,00;0,00;304;123;197;28;32;478;528
3776;55,87;49,52;0,00;0,00;0,00;0,05;0,00;0,00;96;73;157;41;37;840;304
3777;55,73;65,97;0,00;0,00;0,00;0,07;0,00;0,00;94;85;53;36;35;232;671
3778;36,91;-107,96;0,00;0,00;0,00;-0,11;0,00;0,00;250;190;84;46;33;765;202
3779;43,38;10,02;0,00;0,00;0,00;0,01;0,00;0,00;451;136;130;48;24;215;443
3780;50,55;52,01;0,00;0,00;0,00;0,05;0,00;0,00;366;143;49;28;18;111;511
3781;36,98;-103,48;0,00;0,00;0,00;-0,10;0,00;0,00;352;62;34;22;32;944;593
3782;60,86;149,86;0,00;0,00;0,00;0,15;0,00;0,00;383;12;38;24;36;207;420
3783;60,63;104,65;0,00;0,00;0,00;0,10;0,00;0,00;236;65;180;10;25;596;700
3784;59,89;95,35;0,00;0,00;0,00;0,10;0,00;0,00;24;65;110;19;25;325;666
3785;63,45;178,60;0,00;0,00;0,00;0,18;0,00;0,00;101;161;151;48;28;394;823
3786;43,46;-91,36;0,00;0,00;0,00;-0,09;0,00;0,00;393;126;46;21;39;173;777
3787;45,12;-105,65;0,00;0,00;0,00;-0,11;0,00;0,00;461;113;45;39;18;333;870
3788;51,65;12,65;0,00;0,00;0,00;0,01;0,00;0,00;364;23;51;34;21;469;352
3789;48,52;-12,25;0,00;0,00;0,00;-0,01;0,00;0,00;128;31;72;12;16;977;150
3790;40,10;-65,78;0,00;0,00;0,00;-0,07;0,00;0,00;187;79;108;28;35;824;342
3791;48,14;31,31;0,00;0,00;0,00;0,03;0,00;0,00;259;185;107;31;35;758;172
3792;36,46;-158,10;0,00;0,00;0,00;-0,16;0,00;0,00;405;18;151;13;22;971;508
3793;47,22;-11,23;0,00;0,00;0,00;-0,01;0,00;0,00;222;177;187;44;33;886;978
3794;7,32;-447,12;0,00;0,00;0,00;-0,45;0,00;0,00;245;51;140;48;28;681;520
3795;44,59;-97,38;0,00;0,00;0,00;-0,10;0,00;0,00;205;34;197;46;18;292;417
3796;72,00;200,01;0,00;0,00;0,00;0,20;0,00;0,00;212;20;103;15;15;914;449
3797;61,64;167,86;0,00;0,00;0,00;0,17;0,00;0,00;20;176;173;19;39;863;770
3798;69,30;180,21;0,00;0,00;0,00;0,18;0,00;0,00;408;184;168;40;27;805;373
3799;52,80;-60,53;0,00;0,00;0,00;-0,06;0,00;0,00;157;107;175;35;18;502;789
3800;51,64;43,23;0,00;0,00;0,00;0,04;0,00;0,00;295;102;30;39;19;896;512
3801;39,47;-106,77;0,00;0,00;0,00;-0,11;0,00;0,00;51;13;188;24;17;225;848
3802;42,73;-65,13;0,00;0,00;0,00;-0,07;0,00;0,00;105;147;107;34;38;869;158
3803;44,67;-62,11;0,00;0,00;0,00;-0,06;0,00;0,00;468;106;174;15;24;630;444
3804;56,60;60,19;0,00;0,00;0,00;0,06;0,00;0,00;113;45;45;33;24;160;382
3805;82,10;369,75;0,00;0,00;0,00;0,37;0,00;0,00;323;122;38;32;39;445;718
3806;83,58;292,74;0,00;0,00;0,00;0,29;0,00;0,00;244;159;31;28;24;268;737
3807;36,73;-170,83;0,00;0,00;0,00;-0,17;0,00;0,00;101;38;134;30;16;884;979
3808;50,14;-63,55;0,00;0,00;0,00;-0,06;0,00;0,00;479;40;174;45;37;289;990
3809;19,98;-320,66;0,00;0,00;0,00;-0,32;0,00;0,00;486;79;163;38;32;297;916
3810;49,72;35,46;0,00;0,00;0,00;0,04;0,00;0,00;306;113;94;31;33;235;831
3811;35,07;-142,76;0,00;0,00;0,00;-0,14;0,00;0,00;14;29;83;13;34;308;938
3812;66,60;150,89;0,00;0,00;0,00;0,15;0,00;0,00;220;48;77;20;15;401;232
3813;44,19;-35,43;0,00;0,00;0,00;-0,04;0,00;0,00;20;83;91;41;18;542;950
3814;47,80;-86,76;0,00;0,00;0,00;-0,09;0,00;0,00;446;138;191;42;29;343;142
3815;35,49;-142,87;0,00;0,00;0,00;-0,14;0,00;0,00;247;148;118;33;30;482;767
3816;58,53;15,11;0,00;0,00;0,00;0,02;0,00;0,00;440;155;135;15;31;922;381
3817;56,32;72,69;0,00;0,00;0,00;0,07;0,00;0,00;377;150;35;10;18;396;901
3818;29,96;-162,43;0,00;0,00;0,00;-0,16;0,00;0,00;150;147;136;20;16;519;840
3819;44,01;-103,92;0,00;0,00;0,00;-0,10;0,00;0,00;461;62;44;32;29;475;706
3820;68,11;177,40;0,00;0,00;0,00;0,18;0,00;0,00;124;194;144;13;23;995;242
3821;49,69;14,90;0,00;0,00;0,00;0,01;0,00;0,00;320;183;157;37;21;190;275
3822;66,54;215,05;0,00;0,00;0,00;0,22;0,00;0,00;384;115;112;23;19;214;561
3823;25,81;-179,71;0,00;0,00;0,00;-0,18;0,00;0,00;363;168;102;26;25;838;408
3824;43,85;-2,10;0,00;0,00;0,00;-0,00;0,00;0,00;393;53;143;32;16;102;716
3825;64,51;152,20;0,00;0,00;0,00;0,15;0,00;0,00;197;100;76;33;36;716;352
3826;43,39;-88,59;0,00;0,00;0,00;-0,09;0,00;0,00;427;147;43;39;25;874;975
3827;30,26;-184,39;0,00;0,00;0,00;-0,18;0,00;0,00;474;133;120;43;19;132;876
3828;16,29;-302,03;0,00;0,00;0,00;-0,30;0,00;0,00;112;132;198;14;24;432;948
3829;63,97;125,61;0,00;0,00;0,00;0,13;0,00;0,00;261;59;26;33;23;578;421
3830;57,37;54,55;0,00;0,00;0,00;0,05;0,00;0,00;36;48;151;27;21;504;414
3831;85,96;332,04;0,00;0,00;0,00;0,33;0,00;0,00;84;128;76;16;30;549;445
3832;44,06;-100,16;0,00;0,00;0,00;-0,10;0,00;0,00;100;29;123;36;25;675;805
3833;66,40;80,76;0,00;0,00;0,00;0,08;0,00;0,00;209;90;126;27;39;971;867
3834;48,47;-3,17;0,00;0,00;0,00;-0,00;0,00;0,00;274;100;63;36;20;364;560
3835;53,05;56,30;0,00;0,00;0,00;0,06;0,00;0,00;139;162;137;31;30;445;550
3836;48,79;3,21;0,00;0,00;0,00;0,00;0,00;0,00;145;104;123;35;39;853;820
3837;30,28;-179,11;0,00;0,00;0,00;-0,18;0,00;0,00;379;12;75;41;22;700;576
3838;29,66;-175,90;0,00;0,00;0,00;-0,18;0,00;0,00;73;167;124;35;17;829;378
3839;67,78;223,56;0,00;0,00;0,00;0,22;0,00;0,00;276;64;74;27;17;597;943
3840;53,00;-29,31;0,00;0,00;0,00;-0,03;0,00;0,00;301;20;197;40;18;112;854
3841;61,41;127,94;0,00;0,00;0,00;0,13;0,00;0,00;127;80;140;49;15;750;369
3842;64,44;52,31;0,00;0,00;0,00;0,05;0,00;0,00;47;105;175;46;30;630;919
3843;72,93;305,70;0,00;0,00;0,00;0,31;0,00;0,00;476;156;88;11;33;825;973
3844;85,13;310,04;0,00;0,00;0,00;0,31;0,00;0,00;349;63;165;33;30;601;536
3845;57,29;136,42;0,00;0,00;0,00;0,14;0,00;0,00;104;145;87;32;22;168;991
3846;33,25;-193,32;0,00;0,00;0,00;-0,19;0,00;0,00;58;154;145;38;18;590;279
3847;48,00;33,49;0,00;0,00;0,00;0,03;0,00;0,00;139;93;162;29;16;154;316
3848;81,51;288,24;0,00;0,00;0,00;0,29;0,00;0,00;138;173;162;48;31;984;456
3849;46,01;-26,65;0,00;0,00;0,00;-0,03;0,00;0,00;42;148;69;17;37;641;380
3850;63,26;142,05;0,00;0,00;0,00;0,14;0,00;0,00;91;90;127;12;37;686;137
3851;42,76;-72,80;0,00;0,00;0,00;-0,07;0,00;0,00;198;110;55;12;39;463;916
3852;23,87;-204,93;0,00;0,00;0,00;-0,20;0,00;0,00;284;154;163;14;34;887;491
3853;58,88;92,31;0,00;0,00;0,00;0,09;0,00;0,00;114;83;94;44;29;394;789
3854;37,91;-118,21;0,00;0,00;0,00;-0,12;0,00;0,00;158;86;26;45;23;505;673
3855;48,57;-31,40;0,00;0,00;0,00;-0,03;0,00;0,00;138;172;193;33;25;611;887
3856;31,75;-134,98;0,00;0,00;0,00;-0,13;0,00;0,00;14;58;86;47;16;714;898
3857;93,43;429,10;0,00;0,00;0,00;0,43;0,00;0,00;196;173;71;28;27;933;123
3858;52,27;81,21;0,00;0,00;0,00;0,08;0,00;0,00;320;80;96;20;29;599;327
3859;52,49;44,52;0,00;0,00;0,00;0,04;0,00;0,00;19;170;30;35;28;663;598
3860;66,44;105,43;0,00;0,00;0,00;0,11;0,00;0,00;262;142;83;38;29;579;442
3861;67,86;171,05;0,00;0,00;0,00;0,17;0,00;0,00;217;50;135;24;18;825;340
3862;65,15;147,34;0,00;0,00;0,00;0,15;0,00;0,00;201;39;65;32;29;685;291
3863;44,39;-121,01;0,00;0,00;0,00;-0,12;0,00;0,00;224;110;155;42;28;203;327
3864;38,72;-4,24;0,00;0,00;0,00;-0,00;0,00;0,00;455;120;68;33;36;138;519
3865;56,55;-11,21;0,00;0,00;0,00;-0,01;0,00;0,00;320;46;103;34;21;510;753
3866;45,46;28,70;0,00;0,00;0,00;0,03;0,00;0,00;448;149;138;30;23;227;154
3867;38,50;-136,82;0,00;0,00;0,00;-0,14;0,00;0,00;375;126;186;41;37;870;792
3868;62,99;26,97;0,00;0,00;0,00;0,03;0,00;0,00;472;122;128;23;20;270;161
3869;35,50;-209,03;0,00;0,00;0,00;-0,21;0,00;0,00;154;27;140;34;30;622;157
3870;43,25;-143,16;0,00;0,00;0,00;-0,14;0,00;0,00;301;152;24;27;24;365;414
3871;39,02;-99,99;0,00;0,00;0,00;-0,10;0,00;0,00;102;96;127;19;16;940;698
3872;62,26;121,27;0,00;0,00;0,00;0,12;0,00;0,00;106;32;165;42;25;231;450
3873;34,77;-79,38;0,00;0,00;0,00;-0,08;0,00;0,00;49;110;194;32;24;235;634
3874;49,66;-31,70;0,00;0,00;0,00;-0,03;0,00;0,00;48;41;164;32;20;979;267
3875;39,25;-122,48;0,00;0,00;0,00;-0,12;0,00;0,00;413;83;140;47;19;764;919
3876;62,23;127,38;0,00;0,00;0,00;0,13;0,00;0,00;113;168;157;18;17;992;165
3877;50,61;-33,23;0,00;0,00;0,00;-0,03;0,00;0,00;195;152;110;12;27;378;296
3878;50,79;19,57;0,00;0,00;0,00;0,02;0,00;0,00;484;47;129;35;28;409;508
3879;63,47;73,81;0,00;0,00;0,00;0,07;0,00;0,00;346;42;110;18;23;143;423
3880;51,64;9,40;0,00;0,00;0,00;0,01;0,00;0,00;443;117;181;15;23;190;718
3881;52,09;-60,76;0,00;0,00;0,00;-0,06;0,00;0,00;434;107;15;44;27;455;273
3882;44,43;-13,38;0,00;0,00;0,00;-0,01;0,00;0,00;260;151;35;33;36;977;917
3883;59,66;33,49;0,00;0,00;0,00;0,03;0,00;0,00;341;112;143;49;33;207;648
3884;46,59;41,73;0,00;0,00;0,00;0,04;0,00;0,00;480;195;152;21;19;249;557
3885;52,95;-12,37;0,00;0,00;0,00;-0,01;0,00;0,00;190;82;86;47;25;245;406
3886;45,53;-59,00;0,00;0,00;0,00;-0,06;0,00;0,00;153;179;11;48;26;397;320
3887;72,92;252,87;0,00;0,00;0,00;0,25;0,00;0,00;346;107;38;30;30;168;204
3888;44,42;-7,73;0,00;0,00;0,00;-0,01;0,00;0,00;407;133;173;32;16;261;754
3889;48,59;-98,29;0,00;0,00;0,00;-0,10;0,00;0,00;169;174;31;46;38;349;593
3890;58,55;28,19;0,00;0,00;0,00;0,03;0,00;0,00;464;162;66;32;28;498;700
3891;66,43;70,29;0,00;0,00;0,00;0,07;0,00;0,00;45;22;95;34;27;704;786
3892;65,10;182,30;0,00;0,00;0,00;0,18;0,00;0,00;44;16;52;14;31;231;590
3893;50,93;51,68;0,00;0,00;0,00;0,05;0,00;0,00;459;146;87;14;16;820;921
3894;46,89;-57,62;0,00;0,00;0,00;-0,06;0,00;0,00;468;16;192;44;16;131;904
3895;48,79;60,91;0,00;0,00;0,00;0,06;0,00;0,00;192;76;114;14;34;996;450
3896;29,21;-186,90;0,00;0,00;0,00;-0,19;0,00;0,00;92;38;112;49;22;559;758
3897;75,46;264,35;0,00;0,00;0,00;0,26;0,00;0,00;479;160;154;36;27;904;214
3898;64,80;87,36;0,00;0,00;0,00;0,09;0,00;0,00;244;63;44;33;29;790;316
3899;71,02;268,49;0,00;0,00;0,00;0,27;0,00;0,00;423;85;72;39;27;724;717
3900;59,00;25,98;0,00;0,00;0,00;0,03;0,00;0,00;120;44;66;38;28;708;213
3901;41,63;-14,15;0,00;0,00;0,00;-0,01;0,00;0,00;375;115;121;16;26;176;970
3902;65,85;125,86;0,00;0,00;0,00;0,13;0,00;0,00;57;98;38;45;27;500;654
3903;60,85;130,22;0,00;0,00;0,00;0,13;0,00;0,00;154;152;158;28;15;956;319
3904;48,03;-76,41;0,00;0,00;0,00;-0,08;0,00;0,00;238;62;27;11;23;300;108
3905;60,67;102,27;0,00;0,00;0,00;0,10;0,00;0,00;431;179;77;38;38;829;167
3906;53,78;-11,35;0,00;0,00;0,00;-0,01;0,00;0,00;325;21;163;31;20;928;738
3907;72,55;236,48;0,00;0,00;0,00;0,24;0,00;0,00;460;188;102;30;27;604;139
3908;23,63;-284,08;0,00;0,00;0,00;-0,28;0,00;0,00;35;133;86;24;21;786;414
3909;55,09;21,26;0,00;0,00;0,00;0,02;0,00;0,00;317;67;151;22;36;485;370
3910;54,76;147,54;0,00;0,00;0,00;0,15;0,00;0,00;181;164;115;49;20;500;255
3911;63,26;116,79;0,00;0,00;0,00;0,12;0,00;0,00;158;113;191;30;21;590;632
3912;71,65;212,06;0,00;0,00;0,00;0,21;0,00;0,00;279;11;122;28;33;703;225
3913;9,31;-430,46;0,00;0,00;0,00;-0,43;0,00;0,00;69;16;102;37;37;836;895
3914;45,30;-80,11;0,00;0,00;0,00;-0,08;0,00;0,00;346;31;131;40;23;368;230
3915;67,25;150,25;0,00;0,00;0,00;0,15;0,00;0,00;420;164;130;16;16;115;263
3916;58,71;101,74;0,00;0,00;0,00;0,10;0,00;0,00;234;187;177;40;38;888;383
3917;35,03;-217,99;0,00;0,00;0,00;-0,22;0,00;0,00;369;169;131;18;28;472;538
3918;64,29;157,43;0,00;0,00;0,00;0,16;0,00;0,00;476;37;158;34;19;192;182
3919;59,58;43,86;0,00;0,00;0,00;0,04;0,00;0,00;425;48;111;11;22;475;873
3920;80,07;304,17;0,00;0,00;0,00;0,30;0,00;0,00;235;192;158;15;35;519;596
3921;29,25;-235,43;0,00;0,00;0,00;-0,24;0,00;0,00;39;168;100;45;34;455;692
3922;74,92;181,70;0,00;0,00;0,00;0,18;0,00;0,00;72;93;70;41;33;515;866
3923;33,66;-177,50;0,00;0,00;0,00;-0,18;0,00;0,00;166;191;62;13;39;472;961
3924;76,63;259,78;0,00;0,00;0,00;0,26;0,00;0,00;321;146;22;33;17;819;358
3925;40,26;-176,89;0,00;0,00;0,00;-0,18;0,00;0,00;47;100;19;35;19;163;561
3926;50,50;30,87;0,00;0,00;0,00;0,03;0,00;0,00;182;86;56;10;19;910;330
3927;39,25;-141,58;0,00;0,00;0,00;-0,14;0,00;0,00;408;144;119;30;36;758;868
3928;34,65;-209,13;0,00;0,00;0,00;-0,21;0,00;0,00;397;10;135;15;29;236;937
3929;56,59;85,89;0,00;0,00;0,00;0,09;0,00;0,00;412;198;26;45;34;547;563
3930;40,88;-71,52;0,00;0,00;0,00;-0,07;0,00;0,00;155;42;170;47;22;827;534
3931;39,06;-129,07;0,00;0,00;0,00;-0,13;0,00;0,00;362;129;103;29;17;250;892
3932;63,04;184,47;0,00;0,00;0,00;0,18;0,00;0,00;490;64;15;18;31;870;184
3933;38,95;-138,98;0,00;0,00;0,00;-0,14;0,00;0,00;175;97;173;19;24;163;383
3934;46,45;-6,26;0,00;0,00;0,00;-0,01;0,00;0,00;172;167;126;13;28;530;581
3935;50,60;-63,37;0,00;0,00;0,00;-0,06;0,00;0,00;295;164;106;49;24;707;510
3936;48,12;8,75;0,00;0,00;0,00;0,01;0,00;0,00;467;98;155;48;34;656;688
3937;53,61;70,07;0,00;0,00;0,00;0,07;0,00;0,00;85;145;160;30;24;479;559
3938;57,18;60,85;0,00;0,00;0,00;0,06;0,00;0,00;270;142;10;49;29;143;694
3939;66,15;171,94;0,00;0,00;0,00;0,17;0,00;0,00;324;190;92;37;22;693;246
3940;53,46;78,05;0,00;0,00;0,00;0,08;0,00;0,00;38;78;197;43;18;801;748
3941;28,57;-231,47;0,00;0,00;0,00;-0,23;0,00;0,00;182;195;168;22;19;231;924
3942;76,73;259,28;0,00;0,00;0,00;0,26;0,00;0,00;372;139;122;25;35;861;783
3943;29,89;-189,36;0,00;0,00;0,00;-0,19;0,00;0,00;374;41;114;24;15;469;338
3944;43,13;-68,60;0,00;0,00;0,00;-0,07;0,00;0,00;164;42;81;12;32;642;274
3945;30,00;-196,74;0,00;0,00;0,00;-0,20;0,00;0,00;157;165;45;22;29;209;505
3946;51,45;-48,97;0,00;0,00;0,00;-0,05;0,00;0,00;334;73;12;16;35;259;434
3947;36,67;-154,19;0,00;0,00;0,00;-0,15;0,00;0,00;85;137;132;25;30;398;967
3948;58,22;147,27;0,00;0,00;0,00;0,15;0,00;0,00;125;97;55;27;24;946;806
3949;81,97;312,76;0,00;0,00;0,00;0,31;0,00;0,00;65;153;130;37;28;602;535
3950;65,77;158,88;0,00;0,00;0,00;0,16;0,00;0,00;275;187;65;13;18;660;133
3951;40,84;-170,94;0,00;0,00;0,00;-0,17;0,00;0,00;490;130;138;41;35;363;584
3952;47,07;-37,16;0,00;0,00;0,00;-0,04;0,00;0,00;482;24;191;41;26;296;154
3953;55,67;2,79;0,00;0,00;0,00;0,00;0,00;0,00;115;130;56;25;32;272;757
3954;60,33;102,08;0,00;0,00;0,00;0,10;0,00;0,00;191;117;22;31;16;721;733
3955;44,52;-63,68;0,00;0,00;0,00;-0,06;0,00;0,00;12;156;139;16;16;397;796
3956;63,85;170,50;0,00;0,00;0,00;0,17;0,00;0,00;191;58;151;10;36;469;797
3957;31,06;-266,53;0,00;0,00;0,00;-0,27;0,00;0,00;115;194;83;15;26;375;371
3958;70,83;203,08;0,00;0,00;0,00;0,20;0,00;0,00;258;47;190;29;39;574;916
3959;48,68;115,22;0,00;0,00;0,00;0,12;0,00;0,00;159;142;121;38;15;308;911
3960;38,94;-89,77;0,00;0,00;0,00;-0,09;0,00;0,00;251;137;107;41;29;250;896
3961;61,48;118,32;0,00;0,00;0,00;0,12;0,00;0,00;328;70;171;26;28;752;359
3962;61,16;168,30;0,00;0,00;0,00;0,17;0,00;0,00;411;73;37;41;17;979;834
3963;42,44;-90,22;0,00;0,00;0,00;-0,09;0,00;0,00;216;134;11;26;33;515;933
3964;50,71;-9,39;0,00;0,00;0,00;-0,01;0,00;0,00;83;119;119;35;23;694;797
3965;37,12;-29,40;0,00;0,00;0,00;-0,03;0,00;0,00;352;88;134;47;32;886;560
3966;71,98;220,63;0,00;0,00;0,00;0,22;0,00;0,00;134;90;30;37;37;720;549
3967;29,23;-156,39;0,00;0,00;0,00;-0,16;0,00;0,00;431;102;95;21;18;911;707
3968;63,90;91,29;0,00;0,00;0,00;0,09;0,00;0,00;453;177;36;41;37;585;877
3969;55,03;19,55;0,00;0,00;0,00;0,02;0,00;0,00;435;123;154;43;17;851;578
3970;76,30;257,70;0,00;0,00;0,00;0,26;0,00;0,00;224;39;125;11;15;278;637
3971;84,23;277,61;0,00;0,00;0,00;0,28;0,00;0,00;144;106;148;20;30;311;227
3972;35,94;-125,14;0,00;0,00;0,00;-0,13;0,00;0,00;270;79;175;13;16;949;449
3973;44,40;-36,93;0,00;0,00;0,00;-0,04;0,00;0,00;259;105;199;43;23;580;321
3974;43,89;-101,03;0,00;0,00;0,00;-0,10;0,00;0,00;451;130;51;29;35;745;379
3975;53,92;109,71;0,00;0,00;0,00;0,11;0,00;0,00;198;11;148;44;33;224;773
3976;78,63;390,08;0,00;0,00;0,00;0,39;0,00;0,00;446;58;198;20;20;863;437
3977;85,87;277,38;0,00;0,00;0,00;0,28;0,00;0,00;217;142;199;31;25;934;344
3978;39,13;-130,34;0,00;0,00;0,00;-0,13;0,00;0,00;482;178;176;24;15;986;573
3979;71,70;197,01;0,00;0,00;0,00;0,20;0,00;0,00;327;157;88;49;27;757;967
3980;41,26;-57,51;0,00;0,00;0,00;-0,06;0,00;0,00;328;28;35;30;27;862;947
3981;63,11;190,97;0,00;0,00;0,00;0,19;0,00;0,00;297;130;153;31;23;131;331
3982;12,13;-307,04;0,00;0,00;0,00;-0,31;0,00;0,00;197;55;41;30;39;120;170
3983;19,80;-280,53;0,00;0,00;0,00;-0,28;0,00;0,00;417;109;154;30;16;546;481
3984;60,22;163,57;0,00;0,00;0,00;0,16;0,00;0,00;54;131;87;21;39;273;656
3985;37,42;-276,36;0,00;0,00;0,00;-0,28;0,00;0,00;361;82;92;32;39;446;610
3986;47,46;49,96;0,00;0,00;0,00;0,05;0,00;0,00;430;42;189;21;29;834;164
3987;55,04;67,45;0,00;0,00;0,00;0,07;0,00;0,00;491;151;49;15;22;851;985
3988;26,74;-226,79;0,00;0,00;0,00;-0,23;0,00;0,00;59;78;91;10;39;739;635
3989;60,18;85,75;0,00;0,00;0,00;0,09;0,00;0,00;280;121;24;43;35;217;819
3990;35,00;-131,10;0,00;0,00;0,00;-0,13;0,00;0,00;253;57;166;47;20;420;850
3991;23,84;-203,10;0,00;0,00;0,00;-0,20;0,00;0,00;474;98;160;29;28;811;566
3992;44,92;-83,15;0,00;0,00;0,00;-0,08;0,00;0,00;184;101;177;42;36;559;252
3993;50,42;-81,42;0,00;0,00;0,00;-0,08;0,00;0,00;480;196;171;42;31;779;201
3994;51,46;-36,55;0,00;0,00;0,00;-0,04;0,00;0,00;279;45;166;12;28;668;219
3995;62,03;164,30;0,00;0,00;0,00;0,16;0,00;0,00;372;130;183;48;32;155;604
3996;51,24;-6,97;0,00;0,00;0,00;-0,01;0,00;0,00;274;101;160;49;29;235;639
3997;16,33;-288,27;0,00;0,00;0,00;-0,29;0,00;0,00;390;174;85;34;20;335;403
3998;62,91;144,41;0,00;0,00;0,00;0,14;0,00;0,00;80;144;71;37;37;494;703
3999;29,23;-197,15;0,00;0,00;0,00;-0,20;0,00;0,00;32;199;197;12;31;108;319
4000;23,27;-267,33;0,00;0,00;0,00;-0,27;0,00;0,00;455;180;197;12;29;631;266
4001;61,84;228,27;0,00;0,00;0,00;0,23;0,00;0,00;491;43;148;19;25;980;170
4002;30,68;-138,02;0,00;0,00;0,00;-0,14;0,00;0,00;84;132;12;41;17;197;108
4003;44,96;-83,56;0,00;0,00;0,00;-0,08;0,00;0,00;287;138;175;43;29;253;783
4004;63,30;182,07;0,00;0,00;0,00;0,18;0,00;0,00;398;151;103;10;18;931;836
4005;56,04;132,49;0,00;0,00;0,00;0,13;0,00;0,00;179;51;15;17;21;906;962
4006;55,85;102,31;0,00;0,00;0,00;0,10;0,00;0,00;319;121;67;11;16;641;753
4007;55,00;95,03;0,00;0,00;0,00;0,10;0,00;0,00;415;116;95;14;25;330;454
4008;51,59;-44,39;0,00;0,00;0,00;-0,04;0,00;0,00;420;164;189;36;36;987;813
4009;57,75;80,59;0,00;0,00;0,00;0,08;0,00;0,00;354;134;128;13;29;174;219
4010;60,75;139,55;0,00;0,00;0,00;0,14;0,00;0,00;449;76;191;31;30;290;658
4011;18,07;-304,30;0,00;0,00;0,00;-0,30;0,00;0,00;451;46;156;18;38;761;717
4012;18,90;-271,58;0,00;0,00;0,00;-0,27;0,00;0,00;65;160;96;15;38;155;398
4013;38,93;-86,01;0,00;0,00;0,00;-0,09;0,00;0,00;169;170;114;33;21;220;456
4014;63,66;274,01;0,00;0,00;0,00;0,27;0,00;0,00;474;80;189;40;25;820;210
4015;60,36;207,01;0,00;0,00;0,00;0,21;0,00;0,00;432;174;111;29;30;160;933
4016;64,92;164,10;0,00;0,00;0,00;0,16;0,00;0,00;56;56;126;16;25;914;167
4017;73,85;274,18;0,00;0,00;0,00;0,27;0,00;0,00;440;109;111;42;31;644;689
4018;53,08;84,44;0,00;0,00;0,00;0,08;0,00;0,00;363;121;120;17;22;680;147
4019;39,06;-1,26;0,00;0,00;0,00;-0,00;0,00;0,00;354;193;75;21;34;751;383
4020;79,01;306,96;0,00;0,00;0,00;0,31;0,00;0,00;140;21;152;19;33;258;333
4021;36,04;-137,94;0,00;0,00;0,00;-0,14;0,00;0,00;40;127;142;35;24;205;183
4022;38,37;-131,62;0,00;0,00;0,00;-0,13;0,00;0,00;225;131;54;27;17;553;577
4023;46,04;-50,76;0,00;0,00;0,00;-0,05;0,00;0,00;188;147;186;42;21;923;169
4024;50,80;-15,99;0,00;0,00;0,00;-0,02;0,00;0,00;91;193;191;39;26;948;536
4025;60,25;103,98;0,00;0,00;0,00;0,10;0,00;0,00;77;179;196;49;20;254;971
4026;65,09;129,01;0,00;0,00;0,00;0,13;0,00;0,00;343;92;34;25;21;292;965
4027;26,38;-250,64;0,00;0,00;0,00;-0,25;0,00;0,00;24;177;198;42;31;871;937
4028;68,78;229,10;0,00;0,00;0,00;0,23;0,00;0,00;296;141;143;32;33;589;139
4029;59,93;24,22;0,00;0,00;0,00;0,02;0,00;0,00;240;33;174;16;29;633;368
4030;42,83;-66,48;0,00;0,00;0,00;-0,07;0,00;0,00;35;115;190;46;21;192;632
4031;44,24;-121,89;0,00;0,00;0,00;-0,12;0,00;0,00;135;67;99;33;19;485;721
4032;55,35;58,61;0,00;0,00;0,00;0,06;0,00;0,00;32;177;38;34;24;974;949
4033;56,51;74,24;0,00;0,00;0,00;0,07;0,00;0,00;477;132;160;31;17;638;503
4034;30,08;-147,64;0,00;0,00;0,00;-0,15;0,00;0,00;457;77;31;14;18;876;308
4035;67,77;103,47;0,00;0,00;0,00;0,10;0,00;0,00;374;93;78;12;21;112;530
4036;63,76;194,52;0,00;0,00;0,00;0,19;0,00;0,00;420;134;104;27;33;132;231
4037;61,60;63,52;0,00;0,00;0,00;0,06;0,00;0,00;211;14;91;34;30;439;208
4038;63,57;140,97;0,00;0,00;0,00;0,14;0,00;0,00;406;84;13;38;20;552;724
4039;42,74;-50,62;0,00;0,00;0,00;-0,05;0,00;0,00;456;179;118;39;15;732;405
4040;58,06;82,70;0,00;0,00;0,00;0,08;0,00;0,00;461;74;138;12;33;851;123
4041;73,10;271,64;0,00;0,00;0,00;0,27;0,00;0,00;172;58;118;37;36;352;147
4042;55,19;5,47;0,00;0,00;0,00;0,01;0,00;0,00;416;66;190;10;30;205;756
4043;54,95;116,00;0,00;0,00;0,00;0,12;0,00;0,00;286;110;179;47;37;645;638
4044;60,86;50,47;0,00;0,00;0,00;0,05;0,00;0,00;491;132;49;17;39;340;810
4045;45,20;-49,09;0,00;0,00;0,00;-0,05;0,00;0,00;393;52;125;34;28;213;372
4046;9,99;-449,83;0,00;0,00;0,00;-0,45;0,00;0,00;143;108;152;31;18;985;529
4047;45,11;-132,21;0,00;0,00;0,00;-0,13;0,00;0,00;138;71;130;15;31;645;691
4048;89,60;436,35;0,00;0,00;0,00;0,44;0,00;0,00;98;169;34;46;19;134;424
4049;50,08;-73,95;0,00;0,00;0,00;-0,07;0,00;0,00;223;28;102;19;25;418;351
4050;48,95;-18,47;0,00;0,00;0,00;-0,02;0,00;0,00;19;157;164;43;35;803;474
4051;49,86;-13,62;0,00;0,00;0,00;-0,01;0,00;0,00;364;76;114;20;30;260;890
4052;51,52;-1,01;0,00;0,00;0,00;-0,00;0,00;0,00;161;161;119;46;27;878;768
4053;44,25;-39,53;0,00;0,00;0,00;-0,04;0,00;0,00;487;84;145;37;28;475;468
4054;39,62;-123,10;0,00;0,00;0,00;-0,12;0,00;0,00;483;43;117;17;19;703;246
4055;56,29;-1,50;0,00;0,00;0,00;-0,00;0,00;0,00;497;164;140;32;18;921;150
4056;47,22;-40,88;0,00;0,00;0,00;-0,04;0,00;0,00;26;189;65;27;35;580;432
4057;62,91;167,60;0,00;0,00;0,00;0,17;0,00;0,00;440;192;20;10;22;515;847
4058;71,45;170,45;0,00;0,00;0,00;0,17;0,00;0,00;233;147;171;31;19;490;863
4059;49,06;21,22;0,00;0,00;0,00;0,02;0,00;0,00;234;177;165;10;22;929;112
4060;54,26;-5,63;0,00;0,00;0,00;-0,01;0,00;0,00;462;56;24;12;29;928;971
4061;56,90;71,21;0,00;0,00;0,00;0,07;0,00;0,00;192;66;72;48;23;107;953
4062;29,62;-133,20;0,00;0,00;0,00;-0,13;0,00;0,00;461;141;116;32;22;997;810
4063;54,27;-14,49;0,00;0,00;0,00;-0,01;0,00;0,00;243;199;127;16;36;899;273
4064;50,21;62,53;0,00;0,00;0,00;0,06;0,00;0,00;479;116;172;39;22;844;917
4065;54,62;71,87;0,00;0,00;0,00;0,07;0,00;0,00;98;173;190;10;33;143;655
4066;78,65;261,77;0,00;0,00;0,00;0,26;0,00;0,00;150;99;134;46;38;120;808
4067;43,28;-26,58;0,00;0,00;0,00;-0,03;0,00;0,00;311;75;49;39;18;845;382
4068;26,06;-302,11;0,00;0,00;0,00;-0,30;0,00;0,00;339;80;150;29;34;309;111
4069;67,64;236,23;0,00;0,00;0,00;0,24;0,00;0,00;226;87;74;33;25;161;497
4070;57,72;79,36;0,00;0,00;0,00;0,08;0,00;0,00;155;119;104;44;25;278;899
4071;37,71;-193,77;0,00;0,00;0,00;-0,19;0,00;0,00;334;184;30;14;27;242;202
4072;65,43;185,28;0,00;0,00;0,00;0,19;0,00;0,00;214;150;137;24;36;751;633
4073;67,72;196,11;0,00;0,00;0,00;0,20;0,00;0,00;187;27;128;15;33;285;132
4074;68,66;190,83;0,00;0,00;0,00;0,19;0,00;0,00;194;106;35;34;34;690;816
4075;24,88;-235,50;0,00;0,00;0,00;-0,24;0,00;0,00;226;45;50;33;17;103;179
4076;33,07;-135,00;0,00;0,00;0,00;-0,13;0,00;0,00;95;157;16;11;25;320;472
4077;38,00;-178,68;0,00;0,00;0,00;-0,18;0,00;0,00;150;71;48;20;21;314;947
4078;60,23;45,75;0,00;0,00;0,00;0,05;0,00;0,00;214;137;123;45;33;714;145
4079;51,25;-76,85;0,00;0,00;0,00;-0,08;0,00;0,00;386;150;35;42;31;495;125
4080;53,06;13,58;0,00;0,00;0,00;0,01;0,00;0,00;21;72;23;49;19;853;270
4081;51,94;-14,72;0,00;0,00;0,00;-0,01;0,00;0,00;366;66;87;20;19;205;412
4082;47,85;-27,21;0,00;0,00;0,00;-0,03;0,00;0,00;313;187;99;49;37;931;394
4083;56,96;-25,55;0,00;0,00;0,00;-0,03;0,00;0,00;429;184;181;23;18;943;739
4084;54,49;1,36;0,00;0,00;0,00;0,00;0,00;0,00;472;32;178;41;29;921;446
4085;40,18;-49,88;0,00;0,00;0,00;-0,05;0,00;0,00;371;179;18;23;21;656;875
4086;44,93;-13,39;0,00;0,00;0,00;-0,01;0,00;0,00;199;159;85;27;29;740;168
4087;59,25;57,70;0,00;0,00;0,00;0,06;0,00;0,00;447;47;164;34;15;744;268
4088;55,48;116,29;0,00;0,00;0,00;0,12;0,00;0,00;41;139;136;20;30;811;875
4089;30,90;-196,95;0,00;0,00;0,00;-0,20;0,00;0,00;441;13;199;49;30;879;523
4090;27,70;-259,23;0,00;0,00;0,00;-0,26;0,00;0,00;80;42;66;29;21;383;605
4091;77,38;322,78;0,00;0,00;0,00;0,32;0,00;0,00;388;190;88;49;28;293;722
4092;46,07;41,04;0,00;0,00;0,00;0,04;0,00;0,00;50;21;188;36;36;774;204
4093;48,46;23,13;0,00;0,00;0,00;0,02;0,00;0,00;105;122;56;23;27;368;174
4094;43,23;-55,47;0,00;0,00;0,00;-0,06;0,00;0,00;23;156;151;25;19;695;302
4095;47,92;4,84;0,00;0,00;0,00;0,00;0,00;0,00;349;76;193;10;29;744;636
4096;54,70;164,08;0,00;0,00;0,00;0,16;0,00;0,00;55;30;62;15;20;705;436
4097;41,65;-63,27;0,00;0,00;0,00;-0,06;0,00;0,00;17;148;148;49;36;776;740
4098;47,08;-62,23;0,00;0,00;0,00;-0,06;0,00;0,00;249;100;199;24;35;569;844
4099;54,20;49,92;0,00;0,00;0,00;0,05;0,00;0,00;394;30;116;19;16;393;586
4100;39,08;-62,15;0,00;0,00;0,00;-0,06;0,00;0,00;414;171;139;30;27;865;595
4101;61,06;114,47;0,00;0,00;0,00;0,11;0,00;0,00;27;26;74;38;23;133;287
4102;37,95;-91,53;0,00;0,00;0,00;-0,09;0,00;0,00;372;146;162;44;16;797;709
4103;49,45;29,41;0,00;0,00;0,00;0,03;0,00;0,00;82;97;55;36;27;973;677
4104;38,65;-96,66;0,00;0,00;0,00;-0,10;0,00;0,00;102;127;188;28;28;652;359
4105;40,33;-117,11;0,00;0,00;0,00;-0,12;0,00;0,00;419;33;65;18;36;981;773
4106;43,69;-29,27;0,00;0,00;0,00;-0,03;0,00;0,00;372;34;121;27;18;596;132
4107;40,48;-119,34;0,00;0,00;0,00;-0,12;0,00;0,00;154;12;31;14;35;977;233
4108;54,47;64,44;0,00;0,00;0,00;0,06;0,00;0,00;169;59;135;40;21;873;446
4109;44,78;-27,54;0,00;0,00;0,00;-0,03;0,00;0,00;90;187;93;26;37;574;676
4110;55,05;-42,39;0,00;0,00;0,00;-0,04;0,00;0,00;67;146;195;14;30;652;570
4111;88,04;375,77;0,00;0,00;0,00;0,38;0,00;0,00;162;44;66;23;24;723;314
4112;34,18;-129,70;0,00;0,00;0,00;-0,13;0,00;0,00;361;197;74;33;17;182;793
4113;52,27;132,69;0,00;0,00;0,00;0,13;0,00;0,00;241;126;123;34;19;334;712
4114;70,93;247,28;0,00;0,00;0,00;0,25;0,00;0,00;456;12;190;43;29;846;367
4115;63,15;194,05;0,00;0,00;0,00;0,19;0,00;0,00;238;136;53;15;37;621;830
4116;35,54;-122,28;0,00;0,00;0,00;-0,12;0,00;0,00;216;88;24;42;35;470;920
4117;64,14;100,49;0,00;0,00;0,00;0,10;0,00;0,00;363;132;81;30;33;497;365
4118;61,18;174,94;0,00;0,00;0,00;0,17;0,00;0,00;250;91;103;24;17;477;802
4119;46,52;-85,79;0,00;0,00;0,00;-0,09;0,00;0,00;245;110;192;21;18;467;152
4120;49,07;-38,71;0,00;0,00;0,00;-0,04;0,00;0,00;75;14;197;34;34;920;377
4121;72,36;232,29;0,00;0,00;0,00;0,23;0,00;0,00;387;126;141;18;15;396;777
4122;24,09;-286,43;0,00;0,00;0,00;-0,29;0,00;0,00;446;136;114;26;28;283;372
4123;71,08;171,32;0,00;0,00;0,00;0,17;0,00;0,00;242;115;71;42;30;198;594
4124;53,30;95,60;0,00;0,00;0,00;0,10;0,00;0,00;149;35;25;45;15;254;384
4125;51,34;-6,43;0,00;0,00;0,00;-0,01;0,00;0,00;301;96;88;47;34;953;995
4126;68,34;100,36;0,00;0,00;0,00;0,10;0,00;0,00;40;31;17;29;31;615;992
4127;54,06;-40,77;0,00;0,00;0,00;-0,04;0,00;0,00;210;99;103;43;27;241;461
4128;41,21;-27,50;0,00;0,00;0,00;-0,03;0,00;0,00;183;87;131;43;21;205;203
4129;56,75;10,45;0,00;0,00;0,00;0,01;0,00;0,00;384;132;45;13;26;286;700
4130;75,14;292,05;0,00;0,00;0,00;0,29;0,00;0,00;447;189;142;33;16;344;848
4131;49,63;3,60;0,00;0,00;0,00;0,00;0,00;0,00;49;181;40;14;23;495;845
4132;64,64;187,04;0,00;0,00;0,00;0,19;0,00;0,00;198;185;40;20;31;672;472
4133;39,58;-101,99;0,00;0,00;0,00;-0,10;0,00;0,00;125;113;21;19;29;899;944
4134;52,97;-8,99;0,00;0,00;0,00;-0,01;0,00;0,00;377;131;127;33;20;585;548
4135;40,57;-84,50;0,00;0,00;0,00;-0,08;0,00;0,00;426;38;63;11;35;173;339
4136;63,46;181,09;0,00;0,00;0,00;0,18;0,00;0,00;102;21;106;23;31;224;343
4137;50,82;32,33;0,00;0,00;0,00;0,03;0,00;0,00;150;128;38;10;35;474;221
4138;47,08;-37,97;0,00;0,00;0,00;-0,04;0,00;0,00;409;123;199;45;16;517;638
4139;66,37;234,90;0,00;0,00;0,00;0,23;0,00;0,00;372;15;130;31;37;669;961
4140;56,93;119,41;0,00;0,00;0,00;0,12;0,00;0,00;493;126;126;43;18;963;880
4141;74,10;183,18;0,00;0,00;0,00;0,18;0,00;0,00;143;13;56;17;36;641;603
4142;66,26;117,31;0,00;0,00;0,00;0,12;0,00;0,00;137;138;155;24;30;572;393
4143;25,92;-287,87;0,00;0,00;0,00;-0,29;0,00;0,00;33;179;65;44;33;925;439
4144;35,34;-80,80;0,00;0,00;0,00;-0,08;0,00;0,00;406;164;165;17;36;970;119
4145;45,98;-111,70;0,00;0,00;0,00;-0,11;0,00;0,00;183;141;137;25;15;996;291
4146;70,94;272,93;0,00;0,00;0,00;0,27;0,00;0,00;210;198;155;43;24;541;747
4147;49,67;-35,46;0,00;0,00;0,00;-0,04;0,00;0,00;76;79;53;47;27;356;339
4148;21,70;-315,34;0,00;0,00;0,00;-0,32;0,00;0,00;313;18;25;31;25;554;967
4149;49,92;42,26;0,00;0,00;0,00;0,04;0,00;0,00;236;96;141;34;31;695;570
4150;66,10;153,34;0,00;0,00;0,00;0,15;0,00;0,00;220;84;160;31;15;397;120
4151;28,33;-180,87;0,00;0,00;0,00;-0,18;0,00;0,00;81;176;68;42;39;601;998
4152;28,57;-240,16;0,00;0,00;0,00;-0,24;0,00;0,00;426;156;119;20;19;560;770
4153;76,50;237,15;0,00;0,00;0,00;0,24;0,00;0,00;302;112;105;41;28;963;145
4154;48,65;41,53;0,00;0,00;0,00;0,04;0,00;0,00;375;184;85;39;27;777;268
4155;48,56;-49,29;0,00;0,00;0,00;-0,05;0,00;0,00;211;194;199;17;39;283;412
4156;49,40;15,40;0,00;0,00;0,00;0,02;0,00;0,00;327;108;166;47;22;603;176
4157;68,33;119,83;0,00;0,00;0,00;0,12;0,00;0,00;16;68;171;39;34;793;504
4158;35,83;-228,91;0,00;0,00;0,00;-0,23;0,00;0,00;400;108;29;32;23;218;233
4159;59,43;92,22;0,00;0,00;0,00;0,09;0,00;0,00;404;45;147;38;25;782;669
4160;69,47;234,71;0,00;0,00;0,00;0,23;0,00;0,00;59;90;42;43;24;480;935
4161;42,66;-29,50;0,00;0,00;0,00;-0,03;0,00;0,00;164;138;174;33;36;294;706
4162;60,18;79,53;0,00;0,00;0,00;0,08;0,00;0,00;298;68;86;21;34;857;879
4163;52,66;191,49;0,00;0,00;0,00;0,19;0,00;0,00;234;19;47;14;19;918;572
4164;50,09;-22,19;0,00;0,00;0,00;-0,02;0,00;0,00;204;109;183;23;32;955;139
4165;100,00;482,57;0,00;0,00;0,00;0,48;0,00;0,00;84;20;42;49;32;290;332
4166;46,07;-74,49;0,00;0,00;0,00;-0,07;0,00;0,00;408;117;116;19;34;586;990
4167;53,19;-13,28;0,00;0,00;0,00;-0,01;0,00;0,00;485;113;64;35;29;556;758
4168;55,71;-5,88;0,00;0,00;0,00;-0,01;0,00;0,00;492;25;24;14;18;452;307
4169;57,35;-43,62;0,00;0,00;0,00;-0,04;0,00;0,00;60;167;129;31;31;510;876
4170;58,33;63,83;0,00;0,00;0,00;0,06;0,00;0,00;173;112;160;15;36;673;810
4171;49,18;-148,28;0,00;0,00;0,00;-0,15;0,00;0,00;27;48;85;48;19;658;675
4172;37,71;-144,61;0,00;0,00;0,00;-0,14;0,00;0,00;50;164;125;27;30;789;771
4173;68,43;177,09;0,00;0,00;0,00;0,18;0,00;0,00;327;121;123;22;39;126;796
4174;68,01;184,14;0,00;0,00;0,00;0,18;0,00;0,00;341;13;50;29;37;439;165
4175;41,06;-120,75;0,00;0,00;0,00;-0,12;0,00;0,00;78;21;11;27;16;514;667
4176;54,91;-21,91;0,00;0,00;0,00;-0,02;0,00;0,00;387;115;171;36;19;825;356
4177;41,91;-78,14;0,00;0,00;0,00;-0,08;0,00;0,00;29;46;115;13;34;642;153
4178;56,71;178,18;0,00;0,00;0,00;0,18;0,00;0,00;447;90;192;48;26;195;447
4179;36,57;-124,46;0,00;0,00;0,00;-0,12;0,00;0,00;37;185;160;20;22;370;599
4180;34,53;-159,42;0,00;0,00;0,00;-0,16;0,00;0,00;358;44;174;40;33;174;999
4181;61,21;156,40;0,00;0,00;0,00;0,16;0,00;0,00;355;113;149;27;28;459;817
4182;34,77;-142,74;0,00;0,00;0,00;-0,14;0,00;0,00;317;183;128;21;31;646;419
4183;35,23;-201,96;0,00;0,00;0,00;-0,20;0,00;0,00;442;153;180;30;22;372;710
4184;38,88;-141,79;0,00;0,00;0,00;-0,14;0,00;0,00;422;53;96;23;38;497;712
4185;59,16;92,39;0,00;0,00;0,00;0,09;0,00;0,00;100;36;161;17;25;648;155
4186;33,32;-178,96;0,00;0,00;0,00;-0,18;0,00;0,00;62;11;134;46;35;473;375
4187;60,74;128,37;0,00;0,00;0,00;0,13;0,00;0,00;489;137;133;20;18;861;671
4188;47,60;-41,80;0,00;0,00;0,00;-0,04;0,00;0,00;430;128;154;12;21;621;509
4189;62,49;193,79;0,00;0,00;0,00;0,19;0,00;0,00;253;106;156;31;25;467;829
4190;38,08;-169,30;0,00;0,00;0,00;-0,17;0,00;0,00;155;75;169;37;15;596;466
4191;60,38;7,61;0,00;0,00;0,00;0,01;0,00;0,00;474;141;158;29;38;895;328
4192;67,68;148,10;0,00;0,00;0,00;0,15;0,00;0,00;411;196;47;20;39;214;574
4193;74,68;289,87;0,00;0,00;0,00;0,29;0,00;0,00;270;60;130;38;15;494;523
4194;77,19;323,95;0,00;0,00;0,00;0,32;0,00;0,00;17;136;141;20;31;394;581
4195;41,08;-102,27;0,00;0,00;0,00;-0,10;0,00;0,00;81;46;98;16;27;534;768
4196;61,94;101,71;0,00;0,00;0,00;0,10;0,00;0,00;111;136;74;41;30;370;150
4197;33,39;-86,82;0,00;0,00;0,00;-0,09;0,00;0,00;442;152;191;28;20;838;763
4198;37,16;-157,98;0,00;0,00;0,00;-0,16;0,00;0,00;274;165;13;16;22;925;879
4199;51,37;53,41;0,00;0,00;0,00;0,05;0,00;0,00;84;133;110;11;21;680;202
4200;55,80;34,83;0,00;0,00;0,00;0,03;0,00;0,00;371;166;85;18;26;790;409
4201;64,02;74,03;0,00;0,00;0,00;0,07;0,00;0,00;15;40;152;13;20;604;241
4202;30,70;-175,90;0,00;0,00;0,00;-0,18;0,00;0,00;181;17;69;20;31;876;151
4203;51,67;-38,65;0,00;0,00;0,00;-0,04;0,00;0,00;425;60;125;31;16;755;214
4204;37,20;-119,59;0,00;0,00;0,00;-0,12;0,00;0,00;271;179;163;29;25;292;765
4205;61,16;62,27;0,00;0,00;0,00;0,06;0,00;0,00;77;24;74;48;35;135;443
4206;74,07;215,25;0,00;0,00;0,00;0,22;0,00;0,00;480;151;134;45;39;849;817
4207;35,67;-148,30;0,00;0,00;0,00;-0,15;0,00;0,00;196;89;88;24;22;140;112
4208;58,38;21,70;0,00;0,00;0,00;0,02;0,00;0,00;450;74;139;47;16;189;494
4209;47,31;4,48;0,00;0,00;0,00;0,00;0,00;0,00;141;119;122;31;17;840;763
4210;74,98;169,54;0,00;0,00;0,00;0,17;0,00;0,00;324;14;10;10;37;686;927
4211;48,21;-28,92;0,00;0,00;0,00;-0,03;0,00;0,00;257;150;135;17;31;794;560
4212;56,45;35,43;0,00;0,00;0,00;0,04;0,00;0,00;257;184;19;42;30;272;659
4213;44,80;-8,80;0,00;0,00;0,00;-0,01;0,00;0,00;386;114;89;47;15;121;199
4214;70,59;222,37;0,00;0,00;0,00;0,22;0,00;0,00;256;81;175;45;22;134;358
4215;32,89;-190,51;0,00;0,00;0,00;-0,19;0,00;0,00;418;78;37;48;19;398;855
4216;41,98;-74,74;0,00;0,00;0,00;-0,07;0,00;0,00;389;127;58;16;20;972;872
4217;32,82;-195,37;0,00;0,00;0,00;-0,20;0,00;0,00;451;121;186;40;29;313;540
4218;57,90;6,63;0,00;0,00;0,00;0,01;0,00;0,00;369;127;35;49;27;195;670
4219;80,32;269,24;0,00;0,00;0,00;0,27;0,00;0,00;264;78;96;32;20;480;595
4220;43,47;-87,22;0,00;0,00;0,00;-0,09;0,00;0,00;277;62;110;17;16;439;818
4221;51,47;11,13;0,00;0,00;0,00;0,01;0,00;0,00;394;175;119;35;37;745;985
4222;43,37;-120,00;0,00;0,00;0,00;-0,12;0,00;0,00;348;166;191;14;35;867;912
4223;60,15;154,29;0,00;0,00;0,00;0,15;0,00;0,00;70;58;33;24;26;950;533
4224;38,19;-57,20;0,00;0,00;0,00;-0,06;0,00;0,00;469;82;68;12;22;817;735
4225;26,40;-355,48;0,00;0,00;0,00;-0,36;0,00;0,00;96;68;16;49;39;652;467
4226;44,41;-126,91;0,00;0,00;0,00;-0,13;0,00;0,00;43;153;97;35;37;431;673
4227;32,98;-70,84;0,00;0,00;0,00;-0,07;0,00;0,00;48;76;177;47;28;920;158
4228;68,55;227,75;0,00;0,00;0,00;0,23;0,00;0,00;35;125;182;17;22;450;462
4229;24,02;-212,60;0,00;0,00;0,00;-0,21;0,00;0,00;252;177;57;28;15;586;994
4230;55,70;13,03;0,00;0,00;0,00;0,01;0,00;0,00;319;146;125;24;26;817;243
4231;66,04;128,68;0,00;0,00;0,00;0,13;0,00;0,00;270;136;131;19;23;139;797
4232;55,63;112,15;0,00;0,00;0,00;0,11;0,00;0,00;424;193;78;26;15;936;262
4233;75,16;280,08;0,00;0,00;0,00;0,28;0,00;0,00;73;65;176;15;39;221;185
4234;44,49;-36,04;0,00;0,00;0,00;-0,04;0,00;0,00;453;183;198;18;28;779;320
4235;38,86;-138,51;0,00;0,00;0,00;-0,14;0,00;0,00;144;55;18;35;16;553;898
4236;65,63;139,53;0,00;0,00;0,00;0,14;0,00;0,00;379;14;183;47;35;252;178
4237;42,33;-53,91;0,00;0,00;0,00;-0,05;0,00;0,00;128;131;131;27;35;747;124
4238;44,25;-98,43;0,00;0,00;0,00;-0,10;0,00;0,00;93;68;145;11;34;492;929
4239;52,93;-6,94;0,00;0,00;0,00;-0,01;0,00;0,00;364;144;34;30;19;687;612
4240;63,35;120,94;0,00;0,00;0,00;0,12;0,00;0,00;243;78;166;30;35;831;696
4241;0,00;-527,34;0,00;0,00;0,00;-0,53;0,00;0,00;178;139;161;37;17;292;584
4242;26,67;-281,79;0,00;0,00;0,00;-0,28;0,00;0,00;186;121;149;16;19;212;544
4243;50,75;141,38;0,00;0,00;0,00;0,14;0,00;0,00;339;44;98;37;23;589;581
4244;63,63;149,92;0,00;0,00;0,00;0,15;0,00;0,00;212;46;189;17;29;348;186
4245;28,98;-216,60;0,00;0,00;0,00;-0,22;0,00;0,00;176;157;148;20;32;500;378
4246;29,46;-221,46;0,00;0,00;0,00;-0,22;0,00;0,00;103;147;102;49;21;887;315
4247;77,17;288,22;0,00;0,00;0,00;0,29;0,00;0,00;373;75;37;49;21;531;890
4248;58,78;160,47;0,00;0,00;0,00;0,16;0,00;0,00;498;74;171;17;20;927;132
4249;61,78;72,25;0,00;0,00;0,00;0,07;0,00;0,00;453;11;49;24;30;765;496
4250;66,05;165,45;0,00;0,00;0,00;0,17;0,00;0,00;131;73;196;14;16;835;548
4251;33,78;-136,69;0,00;0,00;0,00;-0,14;0,00;0,00;183;127;20;22;35;263;154
4252;43,75;-134,24;0,00;0,00;0,00;-0,13;0,00;0,00;190;38;87;33;29;792;207
4253;47,30;-64,71;0,00;0,00;0,00;-0,06;0,00;0,00;435;49;197;33;19;196;671
4254;45,83;-110,99;0,00;0,00;0,00;-0,11;0,00;0,00;463;91;49;45;28;313;546
4255;43,26;-62,11;0,00;0,00;0,00;-0,06;0,00;0,00;58;183;56;21;16;147;285
4256;54,37;16,64;0,00;0,00;0,00;0,02;0,00;0,00;318;117;47;37;33;641;756
4257;33,69;-118,37;0,00;0,00;0,00;-0,12;0,00;0,00;342;46;109;43;23;698;199
4258;43,89;-166,43;0,00;0,00;0,00;-0,17;0,00;0,00;257;175;28;35;15;620;768
4259;64,76;182,57;0,00;0,00;0,00;0,18;0,00;0,00;431;193;36;24;29;226;888
4260;27,83;-170,36;0,00;0,00;0,00;-0,17;0,00;0,00;344;115;121;16;25;910;709
4261;47,55;63,75;0,00;0,00;0,00;0,06;0,00;0,00;431;91;74;37;39;909;573
4262;45,79;-10,06;0,00;0,00;0,00;-0,01;0,00;0,00;110;132;24;49;17;128;145
4263;36,37;-62,59;0,00;0,00;0,00;-0,06;0,00;0,00;102;175;94;43;15;897;206
4264;45,66;-31,84;0,00;0,00;0,00;-0,03;0,00;0,00;360;74;90;47;23;115;951
4265;66,86;219,12;0,00;0,00;0,00;0,22;0,00;0,00;212;82;49;49;21;163;230
4266;73,34;228,89;0,00;0,00;0,00;0,23;0,00;0,00;470;143;69;31;22;737;966
4267;37,22;-102,53;0,00;0,00;0,00;-0,10;0,00;0,00;119;167;117;47;29;289;364
4268;57,66;52,50;0,00;0,00;0,00;0,05;0,00;0,00;295;104;147;42;25;589;660
4269;20,44;-321,67;0,00;0,00;0,00;-0,32;0,00;0,00;96;178;116;42;30;316;288
4270;29,74;-146,08;0,00;0,00;0,00;-0,15;0,00;0,00;120;154;15;45;27;743;539
4271;62,49;114,79;0,00;0,00;0,00;0,11;0,00;0,00;367;11;17;38;32;642;690
4272;55,83;27,74;0,00;0,00;0,00;0,03;0,00;0,00;480;149;140;33;16;520;133
4273;72,23;237,63;0,00;0,00;0,00;0,24;0,00;0,00;12;175;69;45;17;373;697
4274;47,66;-16,31;0,00;0,00;0,00;-0,02;0,00;0,00;73;47;62;22;27;705;675
4275;76,17;305,90;0,00;0,00;0,00;0,31;0,00;0,00;354;101;52;22;28;174;531
4276;29,56;-158,01;0,00;0,00;0,00;-0,16;0,00;0,00;111;89;160;36;33;264;822
4277;68,82;274,62;0,00;0,00;0,00;0,27;0,00;0,00;55;132;145;40;30;917;383
4278;58,10;103,86;0,00;0,00;0,00;0,10;0,00;0,00;25;199;146;40;37;378;442
4279;50,24;-37,69;0,00;0,00;0,00;-0,04;0,00;0,00;51;145;39;30;16;885;716
4280;45,66;-47,11;0,00;0,00;0,00;-0,05;0,00;0,00;14;176;41;15;29;922;653
4281;58,81;67,03;0,00;0,00;0,00;0,07;0,00;0,00;16;55;42;13;26;456;145
4282;36,49;-118,33;0,00;0,00;0,00;-0,12;0,00;0,00;367;166;80;33;39;797;864
4283;66,03;90,84;0,00;0,00;0,00;0,09;0,00;0,00;306;156;105;34;17;811;567
4284;31,93;-191,05;0,00;0,00;0,00;-0,19;0,00;0,00;113;95;142;34;35;702;206
4285;63,27;189,47;0,00;0,00;0,00;0,19;0,00;0,00;391;77;179;10;34;935;248
4286;44,33;-32,24;0,00;0,00;0,00;-0,03;0,00;0,00;444;24;188;33;34;122;982
4287;40,29;-143,64;0,00;0,00;0,00;-0,14;0,00;0,00;262;178;115;29;15;139;327
4288;68,65;114,84;0,00;0,00;0,00;0,11;0,00;0,00;404;66;193;12;34;536;593
4289;40,20;-98,29;0,00;0,00;0,00;-0,10;0,00;0,00;48;41;176;46;38;685;140
4290;46,16;-26,11;0,00;0,00;0,00;-0,03;0,00;0,00;132;17;36;34;29;350;450
4291;76,17;283,53;0,00;0,00;0,00;0,28;0,00;0,00;265;152;143;29;15;508;352
4292;64,37;125,15;0,00;0,00;0,00;0,13;0,00;0,00;358;159;114;34;29;264;866
4293;29,21;-202,26;0,00;0,00;0,00;-0,20;0,00;0,00;443;87;180;43;31;293;515
4294;39,59;-89,09;0,00;0,00;0,00;-0,09;0,00;0,00;457;179;93;17;19;743;838
4295;40,80;-53,50;0,00;0,00;0,00;-0,05;0,00;0,00;445;62;67;44;38;431;423
4296;40,10;-86,79;0,00;0,00;0,00;-0,09;0,00;0,00;286;166;38;19;36;502;967
4297;27,40;-179,50;0,00;0,00;0,00;-0,18;0,00;0,00;132;172;17;10;37;402;459
4298;56,60;-24,03;0,00;0,00;0,00;-0,02;0,00;0,00;226;38;71;36;15;578;140
4299;74,55;247,73;0,00;0,00;0,00;0,25;0,00;0,00;360;85;179;30;39;652;910
4300;64,49;117,81;0,00;0,00;0,00;0,12;0,00;0,00;43;145;119;21;19;629;216
4301;31,43;-149,39;0,00;0,00;0,00;-0,15;0,00;0,00;458;145;106;34;15;782;867
4302;35,90;-76,89;0,00;0,00;0,00;-0,08;0,00;0,00;366;62;37;41;15;545;225
4303;38,40;-86,61;0,00;0,00;0,00;-0,09;0,00;0,00;125;38;156;31;32;541;562
4304;34,82;-170,19;0,00;0,00;0,00;-0,17;0,00;0,00;252;25;112;44;23;980;193
4305;64,02;202,54;0,00;0,00;0,00;0,20;0,00;0,00;264;142;140;47;37;191;650
4306;79,35;248,19;0,00;0,00;0,00;0,25;0,00;0,00;256;167;94;30;32;433;380
4307;47,67;-35,78;0,00;0,00;0,00;-0,04;0,00;0,00;88;21;140;20;34;727;270
4308;18,14;-345,36;0,00;0,00;0,00;-0,35;0,00;0,00;302;96;37;12;32;346;764
4309;74,17;252,93;0,00;0,00;0,00;0,25;0,00;0,00;138;172;45;38;28;285;149
4310;60,30;91,22;0,00;0,00;0,00;0,09;0,00;0,00;298;176;186;26;38;891;836
4311;41,09;-14,94;0,00;0,00;0,00;-0,01;0,00;0,00;39;199;63;30;22;993;177
4312;46,78;-85,74;0,00;0,00;0,00;-0,09;0,00;0,00;440;163;122;28;17;791;263
4313;37,07;-65,53;0,00;0,00;0,00;-0,07;0,00;0,00;409;72;140;41;36;418;878
4314;34,06;-152,56;0,00;0,00;0,00;-0,15;0,00;0,00;374;53;28;44;36;650;366
4315;54,83;22,78;0,00;0,00;0,00;0,02;0,00;0,00;437;100;174;20;19;852;710
4316;52,74;126,53;0,00;0,00;0,00;0,13;0,00;0,00;175;35;122;12;24;762;241
4317;67,59;224,49;0,00;0,00;0,00;0,22;0,00;0,00;217;63;170;40;33;800;901
4318;42,48;-99,29;0,00;0,00;0,00;-0,10;0,00;0,00;355;21;153;12;28;361;923
4319;37,43;-140,36;0,00;0,00;0,00;-0,14;0,00;0,00;295;165;26;46;15;646;223
4320;65,73;137,47;0,00;0,00;0,00;0,14;0,00;0,00;389;22;106;10;31;940;989
4321;76,67;272,25;0,00;0,00;0,00;0,27;0,00;0,00;451;88;82;13;28;343;633
4322;84,25;393,40;0,00;0,00;0,00;0,39;0,00;0,00;192;51;149;14;37;234;231
4323;57,80;46,24;0,00;0,00;0,00;0,05;0,00;0,00;369;185;143;14;15;527;772
4324;50,36;65,89;0,00;0,00;0,00;0,07;0,00;0,00;252;106;53;43;35;384;462
4325;48,59;80,17;0,00;0,00;0,00;0,08;0,00;0,00;227;190;29;15;29;818;144
4326;22,05;-338,36;0,00;0,00;0,00;-0,34;0,00;0,00;398;127;187;14;21;121;206
4327;43,66;-26,58;0,00;0,00;0,00;-0,03;0,00;0,00;219;110;101;22;25;709;584
4328;35,14;-234,39;0,00;0,00;0,00;-0,23;0,00;0,00;489;117;77;36;32;214;732
4329;39,60;-177,03;0,00;0,00;0,00;-0,18;0,00;0,00;60;90;142;33;29;323;612
4330;69,37;207,65;0,00;0,00;0,00;0,21;0,00;0,00;260;51;112;29;22;909;487
4331;61,38;78,96;0,00;0,00;0,00;0,08;0,00;0,00;122;148;134;44;29;429;157
4332;50,50;36,21;0,00;0,00;0,00;0,04;0,00;0,00;374;20;145;30;39;580;102
4333;39,54;-162,48;0,00;0,00;0,00;-0,16;0,00;0,00;366;147;36;10;24;396;502
4334;33,07;-155,26;0,00;0,00;0,00;-0,16;0,00;0,00;139;17;167;42;32;684;169
4335;54,35;71,27;0,00;0,00;0,00;0,07;0,00;0,00;160;84;14;11;30;708;490
4336;61,20;204,67;0,00;0,00;0,00;0,20;0,00;0,00;478;129;137;19;34;834;815
4337;38,83;-28,99;0,00;0,00;0,00;-0,03;0,00;0,00;352;31;109;14;19;509;900
4338;53,85;123,48;0,00;0,00;0,00;0,12;0,00;0,00;209;83;48;45;30;937;103
4339;16,31;-446,70;0,00;0,00;0,00;-0,45;0,00;0,00;166;193;162;12;20;450;312
4340;70,03;150,23;0,00;0,00;0,00;0,15;0,00;0,00;496;64;172;10;23;602;237
4341;62,44;103,73;0,00;0,00;0,00;0,10;0,00;0,00;131;125;184;48;27;990;881
4342;54,46;96,85;0,00;0,00;0,00;0,10;0,00;0,00;352;26;60;36;22;940;148
4343;40,16;-230,58;0,00;0,00;0,00;-0,23;0,00;0,00;186;153;56;45;22;281;483
4344;64,82;160,16;0,00;0,00;0,00;0,16;0,00;0,00;484;136;23;31;28;606;122
4345;60,86;146,98;0,00;0,00;0,00;0,15;0,00;0,00;191;103;133;14;17;332;603
4346;45,38;-23,31;0,00;0,00;0,00;-0,02;0,00;0,00;254;174;28;39;35;634;698
4347;61,03;46,65;0,00;0,00;0,00;0,05;0,00;0,00;91;153;139;48;27;527;289
4348;68,19;268,98;0,00;0,00;0,00;0,27;0,00;0,00;261;170;91;41;23;475;811
4349;48,69;30,85;0,00;0,00;0,00;0,03;0,00;0,00;118;71;44;41;22;144;176
4350;52,68;71,86;0,00;0,00;0,00;0,07;0,00;0,00;497;47;38;11;38;937;407
4351;72,30;216,05;0,00;0,00;0,00;0,22;0,00;0,00;227;42;193;30;39;213;790
4352;31,30;-284,28;0,00;0,00;0,00;-0,28;0,00;0,00;388;187;70;46;17;154;485
4353;82,01;295,64;0,00;0,00;0,00;0,30;0,00;0,00;179;143;46;20;23;992;472
4354;36,00;-82,39;0,00;0,00;0,00;-0,08;0,00;0,00;409;139;135;20;28;579;500
4355;69,08;199,90;0,00;0,00;0,00;0,20;0,00;0,00;426;143;123;17;15;984;853
4356;59,15;176,53;0,00;0,00;0,00;0,18;0,00;0,00;272;133;123;26;38;142;300
4357;44,06;-15,38;0,00;0,00;0,00;-0,02;0,00;0,00;487;179;73;20;39;411;296
4358;45,69;36,48;0,00;0,00;0,00;0,04;0,00;0,00;309;29;93;10;33;249;677
4359;38,06;-117,04;0,00;0,00;0,00;-0,12;0,00;0,00;454;165;166;40;38;891;905
4360;62,09;120,88;0,00;0,00;0,00;0,12;0,00;0,00;197;137;39;43;26;836;705
4361;54,11;106,80;0,00;0,00;0,00;0,11;0,00;0,00;424;61;52;34;15;121;872
4362;16,97;-391,88;0,00;0,00;0,00;-0,39;0,00;0,00;92;77;163;20;29;701;612
4363;39,95;-100,98;0,00;0,00;0,00;-0,10;0,00;0,00;316;187;29;44;29;836;399
4364;30,53;-147,20;0,00;0,00;0,00;-0,15;0,00;0,00;185;186;48;30;32;194;463
4365;20,08;-288,33;0,00;0,00;0,00;-0,29;0,00;0,00;281;19;84;39;33;448;239
4366;37,68;-101,79;0,00;0,00;0,00;-0,10;0,00;0,00;445;142;66;14;38;878;548
4367;59,03;169,68;0,00;0,00;0,00;0,17;0,00;0,00;315;115;71;16;19;187;784
4368;30,39;-187,36;0,00;0,00;0,00;-0,19;0,00;0,00;477;64;149;21;33;292;909
4369;62,51;121,35;0,00;0,00;0,00;0,12;0,00;0,00;239;166;124;19;29;213;210
4370;24,84;-217,32;0,00;0,00;0,00;-0,22;0,00;0,00;259;10;138;21;39;821;792
4371;54,99;1,70;0,00;0,00;0,00;0,00;0,00;0,00;303;122;172;40;39;751;670
4372;31,27;-232,62;0,00;0,00;0,00;-0,23;0,00;0,00;39;44;49;41;34;348;467
4373;40,43;3,11;0,00;0,00;0,00;0,00;0,00;0,00;216;115;102;45;34;863;612
4374;75,20;261,14;0,00;0,00;0,00;0,26;0,00;0,00;447;99;136;31;38;225;962
4375;40,85;-86,36;0,00;0,00;0,00;-0,09;0,00;0,00;434;123;51;42;26;150;393
4376;56,55;85,15;0,00;0,00;0,00;0,09;0,00;0,00;416;96;169;41;26;198;166
4377;54,01;-25,24;0,00;0,00;0,00;-0,03;0,00;0,00;457;153;40;15;22;565;782
4378;49,99;95,04;0,00;0,00;0,00;0,10;0,00;0,00;323;74;27;41;25;765;966
4379;45,28;-26,41;0,00;0,00;0,00;-0,03;0,00;0,00;270;51;122;14;34;368;684
4380;53,75;58,50;0,00;0,00;0,00;0,06;0,00;0,00;208;86;46;35;21;670;499
4381;65,47;158,99;0,00;0,00;0,00;0,16;0,00;0,00;384;35;143;32;36;465;635
4382;24,20;-268,85;0,00;0,00;0,00;-0,27;0,00;0,00;301;157;137;12;27;282;736
4383;37,17;-105,71;0,00;0,00;0,00;-0,11;0,00;0,00;403;39;33;15;29;244;833
4384;44,32;-84,69;0,00;0,00;0,00;-0,08;0,00;0,00;105;138;156;21;26;864;376
4385;47,81;7,54;0,00;0,00;0,00;0,01;0,00;0,00;100;18;10;39;22;351;765
4386;4,94;-468,27;0,00;0,00;0,00;-0,47;0,00;0,00;264;86;145;44;39;656;652
4387;57,81;48,20;0,00;0,00;0,00;0,05;0,00;0,00;493;11;145;35;16;285;974
4388;36,43;-135,93;0,00;0,00;0,00;-0,14;0,00;0,00;62;158;120;28;35;715;948
4389;39,57;-45,80;0,00;0,00;0,00;-0,05;0,00;0,00;249;67;123;13;29;335;363
4390;30,90;-242,35;0,00;0,00;0,00;-0,24;0,00;0,00;359;152;151;41;15;538;868
4391;49,80;30,31;0,00;0,00;0,00;0,03;0,00;0,00;34;94;95;47;31;993;737
4392;54,83;8,03;0,00;0,00;0,00;0,01;0,00;0,00;440;139;173;34;39;431;766
4393;40,91;-157,05;0,00;0,00;0,00;-0,16;0,00;0,00;22;108;85;13;29;955;139
4394;58,36;151,74;0,00;0,00;0,00;0,15;0,00;0,00;298;20;180;26;39;913;952
4395;32,00;-116,09;0,00;0,00;0,00;-0,12;0,00;0,00;402;162;148;12;26;509;502
4396;49,41;36,32;0,00;0,00;0,00;0,04;0,00;0,00;441;82;32;33;32;823;417
4397;50,25;4,36;0,00;0,00;0,00;0,00;0,00;0,00;298;41;33;42;27;633;745
4398;75,50;236,93;0,00;0,00;0,00;0,24;0,00;0,00;286;58;196;27;30;775;508
4399;12,93;-412,76;0,00;0,00;0,00;-0,41;0,00;0,00;141;27;183;30;31;741;521
4400;59,55;55,68;0,00;0,00;0,00;0,06;0,00;0,00;472;81;36;27;32;400;867
4401;61,77;124,85;0,00;0,00;0,00;0,12;0,00;0,00;492;125;191;26;33;632;933
4402;76,62;354,75;0,00;0,00;0,00;0,35;0,00;0,00;230;172;150;40;15;122;109
4403;34,85;-113,15;0,00;0,00;0,00;-0,11;0,00;0,00;304;110;129;43;17;751;747
4404;59,64;97,46;0,00;0,00;0,00;0,10;0,00;0,00;39;142;187;29;22;603;777
4405;58,99;133,75;0,00;0,00;0,00;0,13;0,00;0,00;344;85;58;44;39;663;589
4406;55,97;101,90;0,00;0,00;0,00;0,10;0,00;0,00;483;112;79;46;18;145;758
4407;38,33;-169,79;0,00;0,00;0,00;-0,17;0,00;0,00;265;99;87;41;24;312;199
4408;73,37;224,99;0,00;0,00;0,00;0,22;0,00;0,00;459;191;113;34;31;617;978
4409;59,40;33,11;0,00;0,00;0,00;0,03;0,00;0,00;26;196;123;24;20;603;415
4410;48,62;89,53;0,00;0,00;0,00;0,09;0,00;0,00;285;75;64;49;30;374;207
4411;31,77;-156,49;0,00;0,00;0,00;-0,16;0,00;0,00;346;175;80;11;37;800;985
4412;37,35;-159,55;0,00;0,00;0,00;-0,16;0,00;0,00;290;82;65;48;38;564;617
4413;37,96;-123,86;0,00;0,00;0,00;-0,12;0,00;0,00;18;179;193;18;21;250;276
4414;23,14;-273,85;0,00;0,00;0,00;-0,27;0,00;0,00;202;67;126;28;24;171;315
4415;37,33;-41,18;0,00;0,00;0,00;-0,04;0,00;0,00;40;11;101;38;27;429;407
4416;46,43;-5,25;0,00;0,00;0,00;-0,01;0,00;0,00;14;198;49;23;32;557;746
4417;62,37;101,51;0,00;0,00;0,00;0,10;0,00;0,00;405;76;153;15;28;604;849
4418;49,31;-21,77;0,00;0,00;0,00;-0,02;0,00;0,00;213;19;128;12;21;688;145
4419;27,38;-304,06;0,00;0,00;0,00;-0,30;0,00;0,00;420;109;143;26;31;889;515
4420;41,93;-88,84;0,00;0,00;0,00;-0,09;0,00;0,00;484;42;41;16;21;874;969
4421;49,03;-30,04;0,00;0,00;0,00;-0,03;0,00;0,00;243;88;37;33;30;856;136
4422;59,55;103,47;0,00;0,00;0,00;0,10;0,00;0,00;372;178;17;13;35;981;148
4423;46,16;-83,94;0,00;0,00;0,00;-0,08;0,00;0,00;42;135;156;10;33;750;601
4424;63,17;69,62;0,00;0,00;0,00;0,07;0,00;0,00;303;39;132;37;24;749;309
4425;59,21;74,93;0,00;0,00;0,00;0,07;0,00;0,00;459;142;140;42;24;991;258
4426;25,91;-310,66;0,00;0,00;0,00;-0,31;0,00;0,00;453;15;35;37;18;653;730
4427;31,59;-197,17;0,00;0,00;0,00;-0,20;0,00;0,00;402;22;106;28;29;407;605
4428;42,78;-43,55;0,00;0,00;0,00;-0,04;0,00;0,00;90;63;169;32;31;931;255
4429;57,70;187,14;0,00;0,00;0,00;0,19;0,00;0,00;167;101;102;48;24;624;575
4430;62,41;116,37;0,00;0,00;0,00;0,12;0,00;0,00;390;39;187;12;18;320;713
4431;37,24;-179,90;0,00;0,00;0,00;-0,18;0,00;0,00;189;86;56;10;39;656;701
4432;71,18;167,81;0,00;0,00;0,00;0,17;0,00;0,00;246;75;65;20;24;237;766
4433;56,25;117,73;0,00;0,00;0,00;0,12;0,00;0,00;85;156;71;37;15;401;757
4434;24,87;-291,91;0,00;0,00;0,00;-0,29;0,00;0,00;49;17;14;28;30;461;576
4435;67,91;107,16;0,00;0,00;0,00;0,11;0,00;0,00;40;151;98;20;23;583;608
4436;69,94;213,41;0,00;0,00;0,00;0,21;0,00;0,00;307;174;106;36;21;625;143
4437;53,23;29,07;0,00;0,00;0,00;0,03;0,00;0,00;416;132;56;19;37;304;809
4438;71,99;149,90;0,00;0,00;0,00;0,15;0,00;0,00;341;161;18;38;15;553;175
4439;24,89;-178,21;0,00;0,00;0,00;-0,18;0,00;0,00;197;175;47;15;21;588;796
4440;42,91;-90,84;0,00;0,00;0,00;-0,09;0,00;0,00;295;42;29;27;22;386;238
4441;58,84;93,99;0,00;0,00;0,00;0,09;0,00;0,00;57;96;94;44;35;937;705
4442;44,09;-34,60;0,00;0,00;0,00;-0,03;0,00;0,00;353;193;162;40;24;555;735
4443;58,56;142,08;0,00;0,00;0,00;0,14;0,00;0,00;218;30;149;41;30;201;482
4444;53,76;154,52;0,00;0,00;0,00;0,15;0,00;0,00;251;190;177;18;19;234;254
4445;40,92;-75,99;0,00;0,00;0,00;-0,08;0,00;0,00;334;112;27;43;29;124;500
4446;43,98;-34,55;0,00;0,00;0,00;-0,03;0,00;0,00;386;53;98;40;15;403;938
4447;80,35;342,62;0,00;0,00;0,00;0,34;0,00;0,00;250;85;186;28;26;787;650
4448;40,44;-155,04;0,00;0,00;0,00;-0,16;0,00;0,00;45;122;63;36;25;387;563
4449;70,18;241,89;0,00;0,00;0,00;0,24;0,00;0,00;13;145;95;30;35;722;245
4450;46,87;92,15;0,00;0,00;0,00;0,09;0,00;0,00;305;180;77;41;25;841;476
4451;68,71;241,74;0,00;0,00;0,00;0,24;0,00;0,00;206;34;103;46;23;940;382
4452;47,81;-38,66;0,00;0,00;0,00;-0,04;0,00;0,00;341;14;121;30;30;528;280
4453;59,68;40,04;0,00;0,00;0,00;0,04;0,00;0,00;196;105;33;46;38;927;579
4454;66,32;163,11;0,00;0,00;0,00;0,16;0,00;0,00;203;174;178;23;18;818;228
4455;50,42;66,93;0,00;0,00;0,00;0,07;0,00;0,00;253;33;155;27;31;726;664
4456;13,83;-405,44;0,00;0,00;0,00;-0,41;0,00;0,00;96;24;198;21;29;299;772
4457;46,02;-57,95;0,00;0,00;0,00;-0,06;0,00;0,00;293;138;36;41;21;831;983
4458;41,66;-61,19;0,00;0,00;0,00;-0,06;0,00;0,00;315;101;67;33;23;670;276
4459;54,32;77,35;0,00;0,00;0,00;0,08;0,00;0,00;471;103;183;33;21;444;973
4460;64,90;238,53;0,00;0,00;0,00;0,24;0,00;0,00;179;171;143;21;20;210;946
4461;62,19;139,42;0,00;0,00;0,00;0,14;0,00;0,00;11;20;65;29;31;170;260
4462;32,14;-142,61;0,00;0,00;0,00;-0,14;0,00;0,00;111;84;101;35;24;559;697
4463;38,84;-97,53;0,00;0,00;0,00;-0,10;0,00;0,00;20;170;91;22;18;166;293
4464;55,79;90,64;0,00;0,00;0,00;0,09;0,00;0,00;210;78;192;42;35;271;598
4465;48,06;19,29;0,00;0,00;0,00;0,02;0,00;0,00;401;36;81;21;16;799;900
4466;43,70;4,94;0,00;0,00;0,00;0,00;0,00;0,00;279;186;161;46;23;102;695
4467;56,81;144,59;0,00;0,00;0,00;0,14;0,00;0,00;279;161;24;14;31;743;678
4468;31,81;-170,35;0,00;0,00;0,00;-0,17;0,00;0,00;372;197;186;43;15;959;394
4469;70,64;247,50;0,00;0,00;0,00;0,25;0,00;0,00;130;24;103;32;21;167;436
4470;37,83;-58,76;0,00;0,00;0,00;-0,06;0,00;0,00;218;23;107;17;15;255;359
4471;28,03;-299,37;0,00;0,00;0,00;-0,30;0,00;0,00;76;56;151;31;39;963;405
4472;66,35;37,01;0,00;0,00;0,00;0,04;0,00;0,00;145;24;98;21;30;453;928
4473;56,70;50,97;0,00;0,00;0,00;0,05;0,00;0,00;419;28;184;37;34;620;905
4474;24,16;-347,71;0,00;0,00;0,00;-0,35;0,00;0,00;450;117;53;31;23;921;589
4475;40,37;-119,72;0,00;0,00;0,00;-0,12;0,00;0,00;354;11;104;41;17;860;753
4476;41,17;-53,75;0,00;0,00;0,00;-0,05;0,00;0,00;415;27;161;20;15;737;764
4477;46,51;-62,32;0,00;0,00;0,00;-0,06;0,00;0,00;325;162;88;33;31;473;774
4478;59,15;164,47;0,00;0,00;0,00;0,16;0,00;0,00;16;54;32;49;23;330;162
4479;49,02;62,99;0,00;0,00;0,00;0,06;0,00;0,00;370;59;145;11;30;617;329
4480;58,83;80,74;0,00;0,00;0,00;0,08;0,00;0,00;13;178;179;46;30;987;221
4481;59,53;118,20;0,00;0,00;0,00;0,12;0,00;0,00;196;174;187;49;16;790;479
4482;54,97;45,81;0,00;0,00;0,00;0,05;0,00;0,00;121;177;75;31;20;615;819
4483;49,86;20,85;0,00;0,00;0,00;0,02;0,00;0,00;213;39;68;45;24;671;377
4484;36,62;-108,54;0,00;0,00;0,00;-0,11;0,00;0,00;238;103;99;33;37;316;747
4485;46,99;-98,99;0,00;0,00;0,00;-0,10;0,00;0,00;492;145;13;15;33;689;359
4486;52,20;124,49;0,00;0,00;0,00;0,12;0,00;0,00;61;103;111;36;34;148;994
4487;46,23;-34,42;0,00;0,00;0,00;-0,03;0,00;0,00;230;170;185;31;27;950;556
4488;25,11;-242,11;0,00;0,00;0,00;-0,24;0,00;0,00;152;17;192;31;16;556;628
4489;72,81;132,39;0,00;0,00;0,00;0,13;0,00;0,00;414;190;23;16;16;188;793
4490;68,48;136,77;0,00;0,00;0,00;0,14;0,00;0,00;212;192;150;18;21;330;439
4491;48,43;33,93;0,00;0,00;0,00;0,03;0,00;0,00;154;70;196;22;16;502;326
4492;45,02;1,86;0,00;0,00;0,00;0,00;0,00;0,00;148;154;25;16;15;302;569
4493;48,05;-13,38;0,00;0,00;0,00;-0,01;0,00;0,00;441;175;154;46;20;793;487
4494;64,81;229,79;0,00;0,00;0,00;0,23;0,00;0,00;272;165;178;23;29;646;820
4495;66,54;119,84;0,00;0,00;0,00;0,12;0,00;0,00;452;95;41;28;19;405;186
4496;65,27;173,30;0,00;0,00;0,00;0,17;0,00;0,00;475;29;26;32;25;917;958
4497;42,23;-154,21;0,00;0,00;0,00;-0,15;0,00;0,00;267;117;57;26;18;781;818
4498;39,37;-120,35;0,00;0,00;0,00;-0,12;0,00;0,00;266;125;175;49;37;166;355
4499;36,80;-116,57;0,00;0,00;0,00;-0,12;0,00;0,00;265;33;122;32;25;911;702
4500;66,65;193,03;0,00;0,00;0,00;0,19;0,00;0,00;210;53;81;37;29;486;940
4501;54,56;67,59;0,00;0,00;0,00;0,07;0,00;0,00;315;160;75;12;23;840;580
4502;40,94;-114,11;0,00;0,00;0,00;-0,11;0,00;0,00;353;101;191;30;29;499;880
4503;42,37;-133,94;0,00;0,00;0,00;-0,13;0,00;0,00;97;83;29;15;37;518;637
4504;83,42;382,47;0,00;0,00;0,00;0,38;0,00;0,00;74;175;167;32;39;586;111
4505;53,71;32,21;0,00;0,00;0,00;0,03;0,00;0,00;270;149;22;14;37;167;910
4506;39,36;-120,27;0,00;0,00;0,00;-0,12;0,00;0,00;281;177;68;33;21;879;216
4507;27,72;-111,48;0,00;0,00;0,00;-0,11;0,00;0,00;90;130;163;33;39;313;203
4508;66,03;180,90;0,00;0,00;0,00;0,18;0,00;0,00;182;15;146;35;30;495;378
4509;53,39;15,11;0,00;0,00;0,00;0,02;0,00;0,00;319;119;129;33;20;941;525
4510;70,27;171,06;0,00;0,00;0,00;0,17;0,00;0,00;152;42;62;17;35;826;542
4511;60,19;192,37;0,00;0,00;0,00;0,19;0,00;0,00;382;128;51;44;31;406;156
4512;39,81;-134,82;0,00;0,00;0,00;-0,13;0,00;0,00;202;29;186;30;20;756;516
4513;72,55;265,28;0,00;0,00;0,00;0,27;0,00;0,00;97;135;109;49;36;795;317
4514;44,70;-83,36;0,00;0,00;0,00;-0,08;0,00;0,00;253;191;149;29;23;260;447
4515;38,15;-113,99;0,00;0,00;0,00;-0,11;0,00;0,00;169;13;91;22;18;954;667
4516;81,52;294,75;0,00;0,00;0,00;0,29;0,00;0,00;317;139;196;22;23;730;272
4517;71,48;191,44;0,00;0,00;0,00;0,19;0,00;0,00;432;153;102;37;33;635;540
4518;25,54;-248,92;0,00;0,00;0,00;-0,25;0,00;0,00;441;187;159;34;30;515;972
4519;48,53;26,51;0,00;0,00;0,00;0,03;0,00;0,00;251;174;61;49;34;788;654
4520;44,85;22,72;0,00;0,00;0,00;0,02;0,00;0,00;326;150;77;40;25;615;443
4521;39,61;-180,42;0,00;0,00;0,00;-0,18;0,00;0,00;80;125;28;20;37;445;412
4522;49,99;23,20;0,00;0,00;0,00;0,02;0,00;0,00;361;88;193;41;20;417;434
4523;57,85;111,06;0,00;0,00;0,00;0,11;0,00;0,00;79;27;54;16;15;305;357
4524;38,29;-95,29;0,00;0,00;0,00;-0,10;0,00;0,00;291;129;17;14;27;597;619
4525;54,44;73,33;0,00;0,00;0,00;0,07;0,00;0,00;388;128;60;19;27;563;971
4526;63,47;261,81;0,00;0,00;0,00;0,26;0,00;0,00;484;176;176;23;22;489;330
4527;35,70;-103,10;0,00;0,00;0,00;-0,10;0,00;0,00;65;128;170;21;20;328;204
4528;50,23;58,75;0,00;0,00;0,00;0,06;0,00;0,00;421;121;90;25;28;573;465
4529;23,49;-303,01;0,00;0,00;0,00;-0,30;0,00;0,00;358;71;136;42;21;936;854
4530;60,95;192,91;0,00;0,00;0,00;0,19;0,00;0,00;23;123;198;34;39;386;245
4531;74,06;161,16;0,00;0,00;0,00;0,16;0,00;0,00;192;108;170;42;27;379;164
4532;62,73;158,90;0,00;0,00;0,00;0,16;0,00;0,00;113;76;28;39;16;389;826
4533;49,98;31,87;0,00;0,00;0,00;0,03;0,00;0,00;197;36;188;30;20;742;721
4534;41,83;-72,17;0,00;0,00;0,00;-0,07;0,00;0,00;233;124;80;35;26;679;106
4535;46,62;-56,53;0,00;0,00;0,00;-0,06;0,00;0,00;406;35;31;37;34;233;703
4536;36,88;-162,96;0,00;0,00;0,00;-0,16;0,00;0,00;132;29;164;10;39;700;389
4537;44,55;-71,32;0,00;0,00;0,00;-0,07;0,00;0,00;216;17;21;37;27;326;661
4538;32,03;-116,28;0,00;0,00;0,00;-0,12;0,00;0,00;95;195;67;41;28;567;775
4539;56,80;-11,66;0,00;0,00;0,00;-0,01;0,00;0,00;298;181;170;19;25;216;773
4540;38,73;-228,08;0,00;0,00;0,00;-0,23;0,00;0,00;104;126;51;41;19;776;808
4541;16,82;-331,11;0,00;0,00;0,00;-0,33;0,00;0,00;130;88;69;10;27;955;241
4542;50,34;32,05;0,00;0,00;0,00;0,03;0,00;0,00;240;188;195;41;22;182;408
4543;43,05;-45,86;0,00;0,00;0,00;-0,05;0,00;0,00;386;96;103;22;38;554;118
4544;39,67;-107,28;0,00;0,00;0,00;-0,11;0,00;0,00;227;18;59;39;17;277;214
4545;52,24;10,55;0,00;0,00;0,00;0,01;0,00;0,00;256;175;144;30;33;441;232
4546;22,81;-233,34;0,00;0,00;0,00;-0,23;0,00;0,00;184;117;178;40;37;255;158
4547;75,20;250,74;0,00;0,00;0,00;0,25;0,00;0,00;130;130;85;31;33;338;298
4548;93,82;370,89;0,00;0,00;0,00;0,37;0,00;0,00;177;51;189;41;31;263;277
4549;46,50;-34,54;0,00;0,00;0,00;-0,03;0,00;0,00;372;78;44;48;29;401;733
4550;64,36;214,60;0,00;0,00;0,00;0,21;0,00;0,00;283;92;167;15;21;810;749
4551;58,18;12,75;0,00;0,00;0,00;0,01;0,00;0,00;481;84;33;32;23;316;347
4552;38,18;-120,27;0,00;0,00;0,00;-0,12;0,00;0,00;361;175;50;45;32;306;231
4553;52,77;-7,41;0,00;0,00;0,00;-0,01;0,00;0,00;476;45;194;18;31;245;973
4554;61,53;94,82;0,00;0,00;0,00;0,09;0,00;0,00;56;150;100;33;17;947;211
4555;52,32;-30,73;0,00;0,00;0,00;-0,03;0,00;0,00;376;101;84;46;16;362;117
4556;63,73;57,21;0,00;0,00;0,00;0,06;0,00;0,00;416;71;60;35;36;410;516
4557;42,36;-81,85;0,00;0,00;0,00;-0,08;0,00;0,00;275;180;113;47;22;979;274
4558;59,45;68,02;0,00;0,00;0,00;0,07;0,00;0,00;374;71;132;47;16;472;325
4559;59,14;132,27;0,00;0,00;0,00;0,13;0,00;0,00;392;11;63;14;31;240;464
4560;19,54;-362,67;0,00;0,00;0,00;-0,36;0,00;0,00;387;63;177;30;24;196;836
4561;39,54;-141,90;0,00;0,00;0,00;-0,14;0,00;0,00;101;42;193;20;30;924;175
4562;38,82;-118,92;0,00;0,00;0,00;-0,12;0,00;0,00;391;12;13;44;33;732;975
4563;58,92;146,54;0,00;0,00;0,00;0,15;0,00;0,00;299;141;60;16;34;145;338
4564;26,43;-195,86;0,00;0,00;0,00;-0,20;0,00;0,00;251;25;121;49;35;523;216
4565;67,22;211,47;0,00;0,00;0,00;0,21;0,00;0,00;30;135;23;47;28;511;213
4566;40,92;-18,42;0,00;0,00;0,00;-0,02;0,00;0,00;120;46;37;18;34;874;159
4567;66,91;180,46;0,00;0,00;0,00;0,18;0,00;0,00;380;60;132;16;33;459;691
4568;54,52;59,70;0,00;0,00;0,00;0,06;0,00;0,00;215;184;187;47;29;932;277
4569;45,28;-27,83;0,00;0,00;0,00;-0,03;0,00;0,00;493;76;81;49;36;524;991
4570;43,55;-128,66;0,00;0,00;0,00;-0,13;0,00;0,00;348;66;84;29;18;605;273
4571;7,26;-398,71;0,00;0,00;0,00;-0,40;0,00;0,00;449;146;10;47;19;888;311
4572;44,51;-56,36;0,00;0,00;0,00;-0,06;0,00;0,00;211;11;18;41;27;680;685
4573;63,60;152,53;0,00;0,00;0,00;0,15;0,00;0,00;381;49;56;27;25;203;915
4574;39,38;-61,37;0,00;0,00;0,00;-0,06;0,00;0,00;31;99;163;28;20;883;605
4575;36,14;-160,51;0,00;0,00;0,00;-0,16;0,00;0,00;297;65;103;13;20;982;922
4576;34,95;-117,70;0,00;0,00;0,00;-0,12;0,00;0,00;59;156;161;30;25;276;311
4577;46,09;27,96;0,00;0,00;0,00;0,03;0,00;0,00;488;141;62;23;36;394;417
4578;42,73;-55,84;0,00;0,00;0,00;-0,06;0,00;0,00;208;168;183;25;36;417;564
4579;47,42;-62,82;0,00;0,00;0,00;-0,06;0,00;0,00;296;98;133;35;24;552;170
4580;37,07;-153,36;0,00;0,00;0,00;-0,15;0,00;0,00;418;108;75;14;15;438;769
4581;33,28;-162,54;0,00;0,00;0,00;-0,16;0,00;0,00;298;36;48;25;22;915;656
4582;48,45;-35,75;0,00;0,00;0,00;-0,04;0,00;0,00;488;114;124;43;33;283;106
4583;60,28;130,56;0,00;0,00;0,00;0,13;0,00;0,00;415;149;155;27;29;915;132
4584;51,81;-8,25;0,00;0,00;0,00;-0,01;0,00;0,00;152;98;19;31;33;921;231
4585;74,50;277,69;0,00;0,00;0,00;0,28;0,00;0,00;266;92;153;10;36;410;731
4586;82,63;311,83;0,00;0,00;0,00;0,31;0,00;0,00;87;157;132;46;32;627;938
4587;31,36;-269,13;0,00;0,00;0,00;-0,27;0,00;0,00;242;96;12;33;33;377;439
4588;47,49;14,55;0,00;0,00;0,00;0,01;0,00;0,00;82;172;158;45;19;780;440
4589;71,87;256,44;0,00;0,00;0,00;0,26;0,00;0,00;262;93;35;32;31;836;422
4590;68,14;275,03;0,00;0,00;0,00;0,28;0,00;0,00;187;12;172;41;29;954;684
4591;32,31;-250,93;0,00;0,00;0,00;-0,25;0,00;0,00;480;50;126;39;25;191;946
4592;48,75;6,91;0,00;0,00;0,00;0,01;0,00;0,00;159;98;199;33;18;350;139
4593;48,40;-53,41;0,00;0,00;0,00;-0,05;0,00;0,00;463;186;20;13;15;448;473
4594;44,96;-2,49;0,00;0,00;0,00;-0,00;0,00;0,00;492;104;176;23;33;104;303
4595;68,27;160,49;0,00;0,00;0,00;0,16;0,00;0,00;448;150;149;29;28;168;487
4596;73,63;219,35;0,00;0,00;0,00;0,22;0,00;0,00;162;190;43;22;31;918;156
4597;72,22;161,06;0,00;0,00;0,00;0,16;0,00;0,00;222;100;184;44;34;371;387
4598;41,69;-157,12;0,00;0,00;0,00;-0,16;0,00;0,00;481;166;38;14;30;936;893
4599;38,78;-165,09;0,00;0,00;0,00;-0,17;0,00;0,00;297;28;45;17;31;885;375
4600;43,98;-108,40;0,00;0,00;0,00;-0,11;0,00;0,00;392;112;40;40;21;308;800
4601;19,84;-297,28;0,00;0,00;0,00;-0,30;0,00;0,00;102;195;167;12;29;409;125
4602;63,94;170,57;0,00;0,00;0,00;0,17;0,00;0,00;395;78;153;37;26;906;903
4603;25,54;-313,02;0,00;0,00;0,00;-0,31;0,00;0,00;29;40;184;20;26;525;167
4604;44,33;-64,53;0,00;0,00;0,00;-0,06;0,00;0,00;496;78;114;11;21;639;604
4605;42,22;-95,03;0,00;0,00;0,00;-0,10;0,00;0,00;85;23;148;29;35;585;800
4606;57,38;150,66;0,00;0,00;0,00;0,15;0,00;0,00;243;181;63;26;30;934;862
4607;57,70;111,14;0,00;0,00;0,00;0,11;0,00;0,00;401;106;15;40;19;796;683
4608;67,64;173,10;0,00;0,00;0,00;0,17;0,00;0,00;353;148;187;29;15;312;891
4609;46,23;-132,94;0,00;0,00;0,00;-0,13;0,00;0,00;51;27;176;45;18;685;643
4610;31,96;-205,44;0,00;0,00;0,00;-0,21;0,00;0,00;333;102;110;38;37;674;204
4611;55,35;60,08;0,00;0,00;0,00;0,06;0,00;0,00;195;183;127;32;17;124;806
4612;19,91;-323,97;0,00;0,00;0,00;-0,32;0,00;0,00;470;108;158;13;17;535;471
4613;70,59;162,77;0,00;0,00;0,00;0,16;0,00;0,00;164;24;43;32;27;539;567
4614;67,24;174,01;0,00;0,00;0,00;0,17;0,00;0,00;180;45;106;28;31;446;774
4615;33,98;-167,63;0,00;0,00;0,00;-0,17;0,00;0,00;127;106;145;27;39;892;176
4616;40,51;-13,24;0,00;0,00;0,00;-0,01;0,00;0,00;198;69;123;28;19;256;781
4617;79,23;297,09;0,00;0,00;0,00;0,30;0,00;0,00;492;89;91;24;31;250;420
4618;51,30;77,66;0,00;0,00;0,00;0,08;0,00;0,00;14;120;191;47;20;869;920
4619;37,41;-99,52;0,00;0,00;0,00;-0,10;0,00;0,00;22;134;189;34;25;906;405
4620;54,02;53,48;0,00;0,00;0,00;0,05;0,00;0,00;466;23;14;23;24;540;657
4621;23,31;-265,55;0,00;0,00;0,00;-0,27;0,00;0,00;47;11;175;12;16;998;764
4622;57,87;185,44;0,00;0,00;0,00;0,19;0,00;0,00;101;171;20;33;20;135;787
4623;52,67;8,96;0,00;0,00;0,00;0,01;0,00;0,00;157;169;154;23;26;353;140
4624;72,83;228,03;0,00;0,00;0,00;0,23;0,00;0,00;374;183;110;33;36;403;721
4625;23,59;-296,57;0,00;0,00;0,00;-0,30;0,00;0,00;208;59;107;45;32;856;508
4626;60,55;102,95;0,00;0,00;0,00;0,10;0,00;0,00;70;14;29;12;18;620;808
4627;44,78;-115,72;0,00;0,00;0,00;-0,12;0,00;0,00;421;107;173;42;22;671;840
4628;57,69;131,38;0,00;0,00;0,00;0,13;0,00;0,00;351;191;16;30;28;541;640
4629;62,95;94,28;0,00;0,00;0,00;0,09;0,00;0,00;356;164;73;24;32;609;656
4630;42,15;-92,83;0,00;0,00;0,00;-0,09;0,00;0,00;226;10;94;11;20;820;511
4631;59,27;92,82;0,00;0,00;0,00;0,09;0,00;0,00;58;81;43;31;36;902;528
4632;79,48;396,73;0,00;0,00;0,00;0,40;0,00;0,00;21;117;31;44;31;773;896
4633;75,37;252,37;0,00;0,00;0,00;0,25;0,00;0,00;44;177;64;35;37;994;371
4634;53,64;46,75;0,00;0,00;0,00;0,05;0,00;0,00;117;87;81;17;28;568;135
4635;45,79;37,49;0,00;0,00;0,00;0,04;0,00;0,00;141;112;170;17;34;988;646
4636;64,77;86,47;0,00;0,00;0,00;0,09;0,00;0,00;99;108;116;48;15;989;156
4637;68,86;184,11;0,00;0,00;0,00;0,18;0,00;0,00;256;41;139;48;20;949;994
4638;49,37;-109,48;0,00;0,00;0,00;-0,11;0,00;0,00;216;10;24;36;18;108;216
4639;59,82;70,07;0,00;0,00;0,00;0,07;0,00;0,00;242;180;177;40;27;356;675
4640;15,43;-406,54;0,00;0,00;0,00;-0,41;0,00;0,00;246;71;156;38;28;871;284
4641;32,21;-147,64;0,00;0,00;0,00;-0,15;0,00;0,00;255;155;71;24;20;347;818
4642;57,68;-2,47;0,00;0,00;0,00;-0,00;0,00;0,00;333;46;52;12;26;330;141
4643;45,44;-13,51;0,00;0,00;0,00;-0,01;0,00;0,00;233;92;77;14;26;712;325
4644;74,76;201,76;0,00;0,00;0,00;0,20;0,00;0,00;454;105;144;12;39;573;528
4645;63,99;133,19;0,00;0,00;0,00;0,13;0,00;0,00;15;97;19;12;32;314;223
4646;39,75;-56,72;0,00;0,00;0,00;-0,06;0,00;0,00;440;34;120;17;15;808;184
4647;53,21;46,91;0,00;0,00;0,00;0,05;0,00;0,00;290;181;42;32;31;189;730
4648;41,28;-104,98;0,00;0,00;0,00;-0,10;0,00;0,00;215;134;40;49;33;671;542
4649;84,10;389,65;0,00;0,00;0,00;0,39;0,00;0,00;336;123;66;43;21;477;773
4650;5,69;-532,54;0,00;0,00;0,00;-0,53;0,00;0,00;357;156;177;17;15;790;517
4651;45,75;77,32;0,00;0,00;0,00;0,08;0,00;0,00;278;119;168;12;31;473;400
4652;48,88;37,14;0,00;0,00;0,00;0,04;0,00;0,00;179;198;117;39;16;702;841
4653;75,03;265,16;0,00;0,00;0,00;0,27;0,00;0,00;193;47;67;18;25;260;525
4654;50,26;11,42;0,00;0,00;0,00;0,01;0,00;0,00;12;62;20;25;33;351;848
4655;43,48;-51,33;0,00;0,00;0,00;-0,05;0,00;0,00;458;131;23;27;31;675;486
4656;60,72;65,83;0,00;0,00;0,00;0,07;0,00;0,00;68;112;187;27;24;238;685
4657;39,83;-172,17;0,00;0,00;0,00;-0,17;0,00;0,00;80;25;31;28;30;766;823
4658;72,51;241,34;0,00;0,00;0,00;0,24;0,00;0,00;284;43;199;16;29;527;118
4659;31,56;-159,96;0,00;0,00;0,00;-0,16;0,00;0,00;372;45;174;29;37;761;506
4660;64,70;164,48;0,00;0,00;0,00;0,16;0,00;0,00;296;181;102;48;36;396;933
4661;82,24;277,61;0,00;0,00;0,00;0,28;0,00;0,00;258;111;63;20;30;226;868
4662;54,61;41,67;0,00;0,00;0,00;0,04;0,00;0,00;367;82;95;46;30;163;757
4663;35,92;-239,49;0,00;0,00;0,00;-0,24;0,00;0,00;236;140;56;10;38;592;227
4664;38,95;11,71;0,00;0,00;0,00;0,01;0,00;0,00;121;176;101;33;20;568;525
4665;52,85;72,77;0,00;0,00;0,00;0,07;0,00;0,00;139;54;121;44;38;910;981
4666;36,37;-109,56;0,00;0,00;0,00;-0,11;0,00;0,00;295;157;129;23;20;474;198
4667;65,42;135,73;0,00;0,00;0,00;0,14;0,00;0,00;34;11;20;34;25;410;198
4668;63,54;243,30;0,00;0,00;0,00;0,24;0,00;0,00;432;184;100;46;17;516;143
4669;62,80;43,35;0,00;0,00;0,00;0,04;0,00;0,00;197;141;47;15;25;820;508
4670;21,00;-291,28;0,00;0,00;0,00;-0,29;0,00;0,00;222;113;166;42;25;957;725
4671;55,82;20,85;0,00;0,00;0,00;0,02;0,00;0,00;409;110;185;45;38;874;122
4672;58,54;74,42;0,00;0,00;0,00;0,07;0,00;0,00;309;171;90;30;20;224;597
4673;28,61;-217,02;0,00;0,00;0,00;-0,22;0,00;0,00;199;64;127;16;38;258;175
4674;41,66;-27,63;0,00;0,00;0,00;-0,03;0,00;0,00;428;151;152;14;27;266;384
4675;34,96;-114,39;0,00;0,00;0,00;-0,11;0,00;0,00;263;137;194;21;18;519;836
4676;48,83;-40,63;0,00;0,00;0,00;-0,04;0,00;0,00;247;198;143;15;20;645;522
4677;66,24;153,71;0,00;0,00;0,00;0,15;0,00;0,00;296;175;16;16;29;609;722
4678;37,53;-19,14;0,00;0,00;0,00;-0,02;0,00;0,00;176;150;134;28;21;862;166
4679;46,86;-18,33;0,00;0,00;0,00;-0,02;0,00;0,00;44;151;138;40;35;406;615
4680;46,71;-18,24;0,00;0,00;0,00;-0,02;0,00;0,00;163;26;195;22;18;888;438
4681;62,78;141,19;0,00;0,00;0,00;0,14;0,00;0,00;153;35;11;16;29;530;409
4682;79,73;293,80;0,00;0,00;0,00;0,29;0,00;0,00;481;104;42;15;16;705;769
4683;56,29;73,76;0,00;0,00;0,00;0,07;0,00;0,00;45;181;72;27;31;860;977
4684;46,45;-73,22;0,00;0,00;0,00;-0,07;0,00;0,00;119;191;115;20;35;186;560
4685;52,42;-29,75;0,00;0,00;0,00;-0,03;0,00;0,00;368;189;10;31;35;774;950
4686;42,35;-131,56;0,00;0,00;0,00;-0,13;0,00;0,00;65;181;121;12;36;557;120
4687;70,34;151,69;0,00;0,00;0,00;0,15;0,00;0,00;242;185;95;41;18;735;331
4688;32,12;-234,45;0,00;0,00;0,00;-0,23;0,00;0,00;495;52;87;42;17;951;901
4689;35,83;-160,78;0,00;0,00;0,00;-0,16;0,00;0,00;367;33;69;22;29;641;832
4690;43,60;-4,98;0,00;0,00;0,00;-0,00;0,00;0,00;488;106;10;35;39;762;603
4691;29,44;-139,54;0,00;0,00;0,00;-0,14;0,00;0,00;131;61;104;31;18;194;995
4692;42,76;-51,51;0,00;0,00;0,00;-0,05;0,00;0,00;470;98;61;16;27;593;512
4693;48,23;28,97;0,00;0,00;0,00;0,03;0,00;0,00;199;33;140;43;23;654;404
4694;54,79;-12,39;0,00;0,00;0,00;-0,01;0,00;0,00;41;97;129;14;19;696;900
4695;18,30;-360,09;0,00;0,00;0,00;-0,36;0,00;0,00;294;82;180;20;15;183;943
4696;42,67;-58,22;0,00;0,00;0,00;-0,06;0,00;0,00;101;94;184;27;23;762;718
4697;44,96;-59,34;0,00;0,00;0,00;-0,06;0,00;0,00;33;186;50;40;34;455;752
4698;53,15;62,28;0,00;0,00;0,00;0,06;0,00;0,00;78;115;171;35;24;529;646
4699;37,71;-125,04;0,00;0,00;0,00;-0,13;0,00;0,00;136;32;143;25;35;412;126
4700;55,90;130,03;0,00;0,00;0,00;0,13;0,00;0,00;344;186;163;44;32;870;411
4701;49,32;-92,80;0,00;0,00;0,00;-0,09;0,00;0,00;491;80;166;31;27;538;505
4702;23,33;-241,25;0,00;0,00;0,00;-0,24;0,00;0,00;430;119;149;24;18;987;218
4703;35,34;-198,33;0,00;0,00;0,00;-0,20;0,00;0,00;137;170;39;33;33;901;393
4704;40,97;-133,31;0,00;0,00;0,00;-0,13;0,00;0,00;240;112;80;13;22;713;425
4705;52,82;55,09;0,00;0,00;0,00;0,06;0,00;0,00;442;171;28;24;19;547;854
4706;47,49;101,93;0,00;0,00;0,00;0,10;0,00;0,00;61;19;82;21;24;615;930
4707;52,55;13,20;0,00;0,00;0,00;0,01;0,00;0,00;495;137;118;18;18;202;927
4708;37,76;-141,56;0,00;0,00;0,00;-0,14;0,00;0,00;43;135;70;43;26;463;695
4709;24,73;-222,98;0,00;0,00;0,00;-0,22;0,00;0,00;281;23;38;21;34;707;787
4710;52,88;55,44;0,00;0,00;0,00;0,06;0,00;0,00;67;130;77;38;37;820;333
4711;35,24;-161,59;0,00;0,00;0,00;-0,16;0,00;0,00;248;60;198;36;18;890;486
4712;49,47;-1,51;0,00;0,00;0,00;-0,00;0,00;0,00;140;108;48;13;17;430;895
4713;72,42;217,70;0,00;0,00;0,00;0,22;0,00;0,00;58;150;119;22;38;570;453
4714;51,63;-93,95;0,00;0,00;0,00;-0,09;0,00;0,00;375;101;80;16;24;387;104
4715;67,12;168,67;0,00;0,00;0,00;0,17;0,00;0,00;204;130;79;39;25;535;387
4716;81,69;361,56;0,00;0,00;0,00;0,36;0,00;0,00;238;139;119;12;38;751;190
4717;60,61;154,11;0,00;0,00;0,00;0,15;0,00;0,00;426;12;155;24;32;341;330
4718;43,32;-7,34;0,00;0,00;0,00;-0,01;0,00;0,00;117;39;94;13;27;981;896
4719;72,70;384,32;0,00;0,00;0,00;0,38;0,00;0,00;229;151;116;36;28;966;585
4720;41,50;-85,97;0,00;0,00;0,00;-0,09;0,00;0,00;265;77;78;40;28;709;514
4721;33,06;-162,19;0,00;0,00;0,00;-0,16;0,00;0,00;422;98;197;38;19;956;317
4722;55,57;43,22;0,00;0,00;0,00;0,04;0,00;0,00;420;43;36;27;38;624;502
4723;47,47;-65,87;0,00;0,00;0,00;-0,07;0,00;0,00;366;166;171;48;27;800;182
4724;24,38;-254,02;0,00;0,00;0,00;-0,25;0,00;0,00;279;30;187;45;17;825;328
4725;49,61;17,40;0,00;0,00;0,00;0,02;0,00;0,00;138;169;151;22;36;839;241
4726;35,22;-40,59;0,00;0,00;0,00;-0,04;0,00;0,00;50;166;77;41;37;847;748
4727;16,56;-245,71;0,00;0,00;0,00;-0,25;0,00;0,00;194;45;63;49;34;696;223
4728;66,13;205,63;0,00;0,00;0,00;0,21;0,00;0,00;143;180;161;17;16;633;790
4729;59,15;76,45;0,00;0,00;0,00;0,08;0,00;0,00;427;122;95;15;35;308;326
4730;57,11;37,49;0,00;0,00;0,00;0,04;0,00;0,00;317;44;97;40;33;194;993
4731;58,19;8,99;0,00;0,00;0,00;0,01;0,00;0,00;301;42;199;13;19;501;621
4732;46,73;-40,76;0,00;0,00;0,00;-0,04;0,00;0,00;34;61;153;38;35;170;667
4733;83,82;353,58;0,00;0,00;0,00;0,35;0,00;0,00;325;50;111;41;18;599;512
4734;35,02;-151,98;0,00;0,00;0,00;-0,15;0,00;0,00;470;159;119;29;35;822;501
4735;23,37;-271,31;0,00;0,00;0,00;-0,27;0,00;0,00;379;158;58;26;37;271;772
4736;47,85;103,72;0,00;0,00;0,00;0,10;0,00;0,00;35;72;36;43;30;810;714
4737;61,79;120,12;0,00;0,00;0,00;0,12;0,00;0,00;195;61;115;23;30;690;425
4738;36,81;-116,01;0,00;0,00;0,00;-0,12;0,00;0,00;188;149;146;43;15;316;824
4739;46,22;-39,22;0,00;0,00;0,00;-0,04;0,00;0,00;136;127;15;22;26;791;955
4740;60,83;133,60;0,00;0,00;0,00;0,13;0,00;0,00;292;70;172;40;15;416;991
4741;64,62;106,19;0,00;0,00;0,00;0,11;0,00;0,00;256;24;194;15;15;429;823
4742;68,84;156,58;0,00;0,00;0,00;0,16;0,00;0,00;372;78;10;28;27;111;929
4743;37,63;-132,59;0,00;0,00;0,00;-0,13;0,00;0,00;53;48;195;47;27;101;463
4744;68,35;156,66;0,00;0,00;0,00;0,16;0,00;0,00;449;141;74;18;33;434;179
4745;70,07;231,41;0,00;0,00;0,00;0,23;0,00;0,00;196;178;198;29;21;568;704
4746;50,53;9,64;0,00;0,00;0,00;0,01;0,00;0,00;383;97;107;46;19;323;528
4747;74,53;231,72;0,00;0,00;0,00;0,23;0,00;0,00;71;99;29;23;16;663;429
4748;65,34;124,80;0,00;0,00;0,00;0,12;0,00;0,00;227;155;15;42;39;123;669
4749;44,91;52,77;0,00;0,00;0,00;0,05;0,00;0,00;245;11;62;43;15;672;382
4750;36,83;-184,63;0,00;0,00;0,00;-0,18;0,00;0,00;176;153;46;24;34;106;766
4751;50,62;20,66;0,00;0,00;0,00;0,02;0,00;0,00;93;185;133;34;36;383;740
4752;60,50;105,31;0,00;0,00;0,00;0,11;0,00;0,00;134;148;42;31;34;924;143
4753;73,70;308,87;0,00;0,00;0,00;0,31;0,00;0,00;210;195;41;15;15;751;576
4754;45,70;-87,03;0,00;0,00;0,00;-0,09;0,00;0,00;65;86;105;12;24;711;568
4755;29,81;-154,29;0,00;0,00;0,00;-0,15;0,00;0,00;347;153;173;12;34;608;420
4756;69,22;226,64;0,00;0,00;0,00;0,23;0,00;0,00;465;48;97;31;22;942;930
4757;74,91;281,35;0,00;0,00;0,00;0,28;0,00;0,00;402;20;60;38;20;275;518
4758;47,56;-46,90;0,00;0,00;0,00;-0,05;0,00;0,00;241;118;163;37;17;122;542
4759;77,30;209,34;0,00;0,00;0,00;0,21;0,00;0,00;233;104;18;28;35;547;573
4760;69,92;175,56;0,00;0,00;0,00;0,18;0,00;0,00;18;65;125;44;36;589;761
4761;49,35;-45,68;0,00;0,00;0,00;-0,05;0,00;0,00;404;69;195;32;38;271;485
4762;50,74;46,17;0,00;0,00;0,00;0,05;0,00;0,00;423;16;179;29;39;487;316
4763;56,71;-1,38;0,00;0,00;0,00;-0,00;0,00;0,00;349;141;80;40;16;895;382
4764;38,76;-93,23;0,00;0,00;0,00;-0,09;0,00;0,00;453;27;183;34;32;495;775
4765;26,45;-264,92;0,00;0,00;0,00;-0,26;0,00;0,00;198;162;119;24;16;374;354
4766;59,59;129,52;0,00;0,00;0,00;0,13;0,00;0,00;83;141;87;23;19;295;579
4767;53,21;19,27;0,00;0,00;0,00;0,02;0,00;0,00;376;134;182;39;37;681;920
4768;43,72;-60,07;0,00;0,00;0,00;-0,06;0,00;0,00;260;120;130;25;37;505;440
4769;56,21;66,80;0,00;0,00;0,00;0,07;0,00;0,00;104;44;82;23;24;476;552
4770;64,42;144,91;0,00;0,00;0,00;0,14;0,00;0,00;332;62;26;22;15;747;577
4771;48,42;-74,84;0,00;0,00;0,00;-0,07;0,00;0,00;381;129;82;10;17;506;830
4772;46,74;-49,15;0,00;0,00;0,00;-0,05;0,00;0,00;267;199;126;31;23;331;756
4773;72,51;221,58;0,00;0,00;0,00;0,22;0,00;0,00;327;127;117;29;34;761;636
4774;56,85;58,64;0,00;0,00;0,00;0,06;0,00;0,00;283;30;87;29;34;496;802
4775;65,02;106,72;0,00;0,00;0,00;0,11;0,00;0,00;285;126;176;26;23;892;306
4776;39,80;-117,40;0,00;0,00;0,00;-0,12;0,00;0,00;157;82;84;40;19;738;846
4777;87,71;410,41;0,00;0,00;0,00;0,41;0,00;0,00;434;172;84;30;21;515;864
4778;91,63;469,16;0,00;0,00;0,00;0,47;0,00;0,00;228;106;135;37;39;606;475
4779;79,24;353,52;0,00;0,00;0,00;0,35;0,00;0,00;432;72;145;44;32;981;270
4780;23,85;-187,52;0,00;0,00;0,00;-0,19;0,00;0,00;87;178;138;18;16;572;661
4781;66,77;183,92;0,00;0,00;0,00;0,18;0,00;0,00;280;28;49;43;20;936;877
4782;43,57;-91,87;0,00;0,00;0,00;-0,09;0,00;0,00;75;185;60;13;24;713;833
4783;73,76;188,34;0,00;0,00;0,00;0,19;0,00;0,00;112;143;43;15;29;751;193
4784;48,56;36,43;0,00;0,00;0,00;0,04;0,00;0,00;154;73;137;27;32;363;409
4785;41,61;-74,98;0,00;0,00;0,00;-0,07;0,00;0,00;493;120;65;36;25;752;946
4786;7,77;-492,18;0,00;0,00;0,00;-0,49;0,00;0,00;270;106;90;44;24;264;238
4787;47,16;-69,22;0,00;0,00;0,00;-0,07;0,00;0,00;269;23;91;21;32;870;798
4788;57,11;137,08;0,00;0,00;0,00;0,14;0,00;0,00;483;97;20;36;28;738;701
4789;36,21;-104,02;0,00;0,00;0,00;-0,10;0,00;0,00;489;24;50;24;25;581;569
4790;80,19;277,89;0,00;0,00;0,00;0,28;0,00;0,00;358;53;67;47;33;898;597
4791;65,54;204,89;0,00;0,00;0,00;0,20;0,00;0,00;243;102;45;15;30;139;125
4792;63,45;134,42;0,00;0,00;0,00;0,13;0,00;0,00;372;78;84;42;30;663;642
4793;40,59;-130,51;0,00;0,00;0,00;-0,13;0,00;0,00;214;12;57;23;18;678;840
4794;10,59;-433,27;0,00;0,00;0,00;-0,43;0,00;0,00;343;96;49;40;36;790;991
4795;74,31;205,53;0,00;0,00;0,00;0,21;0,00;0,00;69;168;151;48;23;187;465
4796;51,69;59,27;0,00;0,00;0,00;0,06;0,00;0,00;43;152;58;15;31;246;771
4797;56,16;50,43;0,00;0,00;0,00;0,05;0,00;0,00;40;110;188;25;20;370;870
4798;36,64;-235,12;0,00;0,00;0,00;-0,24;0,00;0,00;490;65;199;39;22;676;902
4799;48,66;22,52;0,00;0,00;0,00;0,02;0,00;0,00;144;26;59;38;19;830;154
4800;68,03;295,94;0,00;0,00;0,00;0,30;0,00;0,00;310;49;143;38;23;230;237
4801;62,79;107,25;0,00;0,00;0,00;0,11;0,00;0,00;326;158;83;41;15;641;866
4802;64,78;126,08;0,00;0,00;0,00;0,13;0,00;0,00;210;170;64;49;23;275;762
4803;18,62;-381,55;0,00;0,00;0,00;-0,38;0,00;0,00;146;172;14;26;29;579;115
4804;65,16;236,17;0,00;0,00;0,00;0,24;0,00;0,00;23;144;66;42;38;929;528
4805;75,65;187,97;0,00;0,00;0,00;0,19;0,00;0,00;419;29;85;35;30;721;200
4806;55,14;-44,44;0,00;0,00;0,00;-0,04;0,00;0,00;311;159;33;18;32;115;120
4807;58,40;104,57;0,00;0,00;0,00;0,10;0,00;0,00;453;185;169;41;26;500;319
4808;29,34;-197,77;0,00;0,00;0,00;-0,20;0,00;0,00;417;41;173;11;37;745;913
4809;24,44;-287,09;0,00;0,00;0,00;-0,29;0,00;0,00;285;122;61;36;29;163;279
4810;48,26;-39,62;0,00;0,00;0,00;-0,04;0,00;0,00;259;84;176;24;22;513;473
4811;42,19;-37,93;0,00;0,00;0,00;-0,04;0,00;0,00;370;194;50;42;26;223;579
4812;62,94;91,09;0,00;0,00;0,00;0,09;0,00;0,00;423;188;177;42;18;304;776
4813;62,80;190,80;0,00;0,00;0,00;0,19;0,00;0,00;35;40;50;44;20;830;579
4814;87,54;380,58;0,00;0,00;0,00;0,38;0,00;0,00;483;49;104;38;28;917;333
4815;67,78;245,39;0,00;0,00;0,00;0,25;0,00;0,00;479;117;134;20;37;579;325
4816;48,45;-80,18;0,00;0,00;0,00;-0,08;0,00;0,00;26;178;50;22;26;812;181
4817;73,27;269,14;0,00;0,00;0,00;0,27;0,00;0,00;59;159;90;32;32;514;797
4818;40,96;-219,21;0,00;0,00;0,00;-0,22;0,00;0,00;489;26;65;46;16;866;476
4819;38,10;-118,98;0,00;0,00;0,00;-0,12;0,00;0,00;283;114;150;23;19;858;363
4820;57,41;119,34;0,00;0,00;0,00;0,12;0,00;0,00;326;175;118;15;25;996;704
4821;88,44;307,42;0,00;0,00;0,00;0,31;0,00;0,00;149;129;38;31;17;896;395
4822;29,53;-120,23;0,00;0,00;0,00;-0,12;0,00;0,00;335;32;129;19;38;754;942
4823;77,84;287,49;0,00;0,00;0,00;0,29;0,00;0,00;26;168;182;21;39;557;698
4824;74,12;219,29;0,00;0,00;0,00;0,22;0,00;0,00;468;57;104;30;33;993;352
4825;34,80;-228,37;0,00;0,00;0,00;-0,23;0,00;0,00;318;48;193;25;16;400;181
4826;86,10;404,75;0,00;0,00;0,00;0,40;0,00;0,00;311;17;41;23;33;172;276
4827;42,89;-72,43;0,00;0,00;0,00;-0,07;0,00;0,00;98;88;65;37;24;970;888
4828;51,62;145,69;0,00;0,00;0,00;0,15;0,00;0,00;143;143;180;34;39;269;933
4829;39,59;-13,91;0,00;0,00;0,00;-0,01;0,00;0,00;340;142;126;33;35;161;237
4830;75,55;279,35;0,00;0,00;0,00;0,28;0,00;0,00;146;173;27;38;23;471;179
4831;53,87;37,42;0,00;0,00;0,00;0,04;0,00;0,00;165;172;150;32;25;400;471
4832;55,06;139,79;0,00;0,00;0,00;0,14;0,00;0,00;14;44;54;22;29;896;793
4833;43,51;-94,48;0,00;0,00;0,00;-0,09;0,00;0,00;302;127;153;34;19;355;879
4834;23,35;-246,54;0,00;0,00;0,00;-0,25;0,00;0,00;108;10;154;44;25;568;977
4835;32,11;-139,37;0,00;0,00;0,00;-0,14;0,00;0,00;425;62;48;40;27;238;674
4836;31,96;-128,23;0,00;0,00;0,00;-0,13;0,00;0,00;119;40;192;44;19;904;191
4837;51,58;41,16;0,00;0,00;0,00;0,04;0,00;0,00;184;93;34;20;16;127;719
4838;35,95;-146,78;0,00;0,00;0,00;-0,15;0,00;0,00;362;120;194;48;17;202;809
4839;41,93;-57,39;0,00;0,00;0,00;-0,06;0,00;0,00;386;161;11;35;34;720;371
4840;68,24;267,08;0,00;0,00;0,00;0,27;0,00;0,00;144;46;48;19;21;523;890
4841;22,83;-329,17;0,00;0,00;0,00;-0,33;0,00;0,00;477;139;188;44;32;209;660
4842;56,81;73,26;0,00;0,00;0,00;0,07;0,00;0,00;186;144;106;20;19;525;921
4843;43,13;-111,21;0,00;0,00;0,00;-0,11;0,00;0,00;169;50;199;44;15;845;373
4844;48,47;-21,45;0,00;0,00;0,00;-0,02;0,00;0,00;320;101;37;19;21;132;446
4845;50,33;-131,40;0,00;0,00;0,00;-0,13;0,00;0,00;274;49;138;25;24;972;126
4846;68,56;138,76;0,00;0,00;0,00;0,14;0,00;0,00;449;177;103;41;19;300;329
4847;31,74;-109,61;0,00;0,00;0,00;-0,11;0,00;0,00;156;35;194;45;24;746;266
4848;65,02;169,14;0,00;0,00;0,00;0,17;0,00;0,00;18;144;27;46;33;795;630
4849;61,10;164,92;0,00;0,00;0,00;0,16;0,00;0,00;356;98;169;40;33;214;270
4850;66,59;78,00;0,00;0,00;0,00;0,08;0,00;0,00;18;198;133;48;16;527;352
4851;73,94;285,13;0,00;0,00;0,00;0,29;0,00;0,00;396;109;64;42;19;115;522
4852;53,04;69,44;0,00;0,00;0,00;0,07;0,00;0,00;233;115;81;24;28;282;912
4853;61,42;161,44;0,00;0,00;0,00;0,16;0,00;0,00;135;96;32;33;28;321;188
4854;60,64;96,84;0,00;0,00;0,00;0,10;0,00;0,00;432;81;91;35;35;351;756
4855;65,01;84,03;0,00;0,00;0,00;0,08;0,00;0,00;335;77;45;34;23;493;941
4856;42,50;-24,14;0,00;0,00;0,00;-0,02;0,00;0,00;23;36;117;29;37;818;123
4857;57,62;-18,90;0,00;0,00;0,00;-0,02;0,00;0,00;125;122;15;15;15;688;512
4858;52,90;0,65;0,00;0,00;0,00;0,00;0,00;0,00;409;55;128;23;22;139;593
4859;21,83;-331,70;0,00;0,00;0,00;-0,33;0,00;0,00;14;103;31;22;30;385;619
4860;55,42;31,88;0,00;0,00;0,00;0,03;0,00;0,00;222;67;20;26;19;967;737
4861;63,21;75,73;0,00;0,00;0,00;0,08;0,00;0,00;469;66;142;43;27;210;160
4862;49,02;71,47;0,00;0,00;0,00;0,07;0,00;0,00;464;173;192;18;19;166;183
4863;23,05;-337,46;0,00;0,00;0,00;-0,34;0,00;0,00;454;160;162;26;39;575;551
4864;44,04;-32,30;0,00;0,00;0,00;-0,03;0,00;0,00;275;14;166;22;29;820;284
4865;33,92;-119,70;0,00;0,00;0,00;-0,12;0,00;0,00;164;71;12;20;23;105;258
4866;14,10;-344,81;0,00;0,00;0,00;-0,34;0,00;0,00;17;84;75;27;24;882;736
4867;63,81;79,42;0,00;0,00;0,00;0,08;0,00;0,00;457;163;89;30;21;356;206
4868;21,75;-278,03;0,00;0,00;0,00;-0,28;0,00;0,00;199;126;35;32;20;628;383
4869;54,57;93,31;0,00;0,00;0,00;0,09;0,00;0,00;199;50;51;28;21;132;394
4870;70,90;162,83;0,00;0,00;0,00;0,16;0,00;0,00;263;122;64;27;25;240;136
4871;48,54;-21,78;0,00;0,00;0,00;-0,02;0,00;0,00;468;182;21;21;27;919;214
4872;59,11;-44,73;0,00;0,00;0,00;-0,04;0,00;0,00;327;110;195;23;31;651;719
4873;58,49;92,06;0,00;0,00;0,00;0,09;0,00;0,00;197;158;39;49;15;616;265
4874;63,19;27,70;0,00;0,00;0,00;0,03;0,00;0,00;327;84;171;23;21;886;465
4875;36,93;-92,57;0,00;0,00;0,00;-0,09;0,00;0,00;137;151;66;34;19;454;746
4876;46,88;4,60;0,00;0,00;0,00;0,00;0,00;0,00;348;36;97;31;38;344;313
4877;46,47;7,12;0,00;0,00;0,00;0,01;0,00;0,00;76;52;185;44;26;216;657
4878;56,52;92,50;0,00;0,00;0,00;0,09;0,00;0,00;208;41;69;48;28;665;942
4879;38,22;-72,48;0,00;0,00;0,00;-0,07;0,00;0,00;142;176;58;38;17;775;311
4880;43,80;-1,84;0,00;0,00;0,00;-0,00;0,00;0,00;111;66;178;10;37;314;712
4881;28,98;-182,95;0,00;0,00;0,00;-0,18;0,00;0,00;463;100;165;46;16;480;231
4882;72,01;241,34;0,00;0,00;0,00;0,24;0,00;0,00;15;133;115;27;39;595;169
4883;44,12;-65,63;0,00;0,00;0,00;-0,07;0,00;0,00;434;145;182;28;22;422;846
4884;32,69;-141,59;0,00;0,00;0,00;-0,14;0,00;0,00;67;87;97;37;34;591;612
4885;42,73;-165,25;0,00;0,00;0,00;-0,17;0,00;0,00;489;22;162;38;31;469;193
4886;46,01;-61,20;0,00;0,00;0,00;-0,06;0,00;0,00;480;23;133;48;17;996;116
4887;40,67;-53,24;0,00;0,00;0,00;-0,05;0,00;0,00;53;126;66;25;39;428;953
4888;81,87;303,43;0,00;0,00;0,00;0,30;0,00;0,00;489;108;17;48;37;334;348
4889;16,42;-340,73;0,00;0,00;0,00;-0,34;0,00;0,00;82;59;82;46;29;885;389
4890;50,22;63,27;0,00;0,00;0,00;0,06;0,00;0,00;322;179;119;24;28;372;143
4891;65,09;176,41;0,00;0,00;0,00;0,18;0,00;0,00;354;194;185;18;32;923;171
4892;17,17;-306,22;0,00;0,00;0,00;-0,31;0,00;0,00;385;181;63;10;39;273;822
4893;30,64;-325,25;0,00;0,00;0,00;-0,33;0,00;0,00;186;75;21;45;26;733;237
4894;64,77;145,59;0,00;0,00;0,00;0,15;0,00;0,00;423;175;50;14;27;592;762
4895;37,04;-125,33;0,00;0,00;0,00;-0,13;0,00;0,00;156;90;178;48;23;476;924
4896;38,72;-164,30;0,00;0,00;0,00;-0,16;0,00;0,00;393;168;18;14;25;508;544
4897;54,77;-3,38;0,00;0,00;0,00;-0,00;0,00;0,00;422;61;124;19;36;364;362
4898;64,03;131,50;0,00;0,00;0,00;0,13;0,00;0,00;289;68;139;39;38;951;830
4899;28,20;-221,56;0,00;0,00;0,00;-0,22;0,00;0,00;16;167;124;30;39;420;312
4900;59,12;52,33;0,00;0,00;0,00;0,05;0,00;0,00;292;119;132;20;30;967;161
4901;44,57;-134,02;0,00;0,00;0,00;-0,13;0,00;0,00;364;24;183;10;21;827;874
4902;31,55;-233,01;0,00;0,00;0,00;-0,23;0,00;0,00;218;66;111;22;19;664;248
4903;31,97;-148,18;0,00;0,00;0,00;-0,15;0,00;0,00;216;129;178;37;19;228;596
4904;45,42;-48,11;0,00;0,00;0,00;-0,05;0,00;0,00;311;10;162;22;34;903;205
4905;44,46;-52,77;0,00;0,00;0,00;-0,05;0,00;0,00;131;35;95;29;34;456;470
4906;60,93;53,32;0,00;0,00;0,00;0,05;0,00;0,00;281;41;89;45;22;822;991
4907;62,41;139,37;0,00;0,00;0,00;0,14;0,00;0,00;270;124;139;35;34;355;528
4908;68,29;151,47;0,00;0,00;0,00;0,15;0,00;0,00;239;87;153;24;37;329;142
4909;20,49;-415,68;0,00;0,00;0,00;-0,42;0,00;0,00;193;59;148;32;27;912;830
4910;61,40;123,41;0,00;0,00;0,00;0,12;0,00;0,00;51;42;123;38;29;535;643
4911;58,89;23,37;0,00;0,00;0,00;0,02;0,00;0,00;145;102;189;43;24;151;868
4912;41,32;-159,42;0,00;0,00;0,00;-0,16;0,00;0,00;171;97;56;26;18;137;801
4913;48,13;-4,52;0,00;0,00;0,00;-0,00;0,00;0,00;316;32;55;23;35;318;469
4914;41,25;-106,57;0,00;0,00;0,00;-0,11;0,00;0,00;303;139;28;43;25;275;536
4915;36,86;-145,73;0,00;0,00;0,00;-0,15;0,00;0,00;338;26;113;25;16;101;799
4916;64,69;148,99;0,00;0,00;0,00;0,15;0,00;0,00;189;19;11;36;32;965;693
4917;64,66;180,42;0,00;0,00;0,00;0,18;0,00;0,00;437;76;43;33;16;732;882
4918;34,16;-224,06;0,00;0,00;0,00;-0,22;0,00;0,00;395;70;168;45;23;946;721
4919;50,49;-24,06;0,00;0,00;0,00;-0,02;0,00;0,00;144;191;161;10;26;108;598
4920;32,21;-144,90;0,00;0,00;0,00;-0,14;0,00;0,00;475;181;169;18;16;901;207
4921;53,08;-28,93;0,00;0,00;0,00;-0,03;0,00;0,00;151;150;109;43;24;936;372
4922;50,78;-25,03;0,00;0,00;0,00;-0,03;0,00;0,00;296;158;159;31;34;270;181
4923;42,09;-100,33;0,00;0,00;0,00;-0,10;0,00;0,00;311;77;157;28;39;239;593
4924;36,20;-123,63;0,00;0,00;0,00;-0,12;0,00;0,00;362;58;163;42;25;141;821
4925;40,19;-46,57;0,00;0,00;0,00;-0,05;0,00;0,00;28;156;144;27;24;782;946
4926;64,00;188,44;0,00;0,00;0,00;0,19;0,00;0,00;252;88;145;16;29;570;290
4927;47,58;-27,20;0,00;0,00;0,00;-0,03;0,00;0,00;66;114;181;33;26;445;809
4928;28,61;-199,20;0,00;0,00;0,00;-0,20;0,00;0,00;70;56;34;23;16;698;794
4929;47,63;-21,41;0,00;0,00;0,00;-0,02;0,00;0,00;275;19;141;25;15;366;110
4930;57,90;83,12;0,00;0,00;0,00;0,08;0,00;0,00;185;159;136;33;27;900;906
4931;22,54;-238,81;0,00;0,00;0,00;-0,24;0,00;0,00;80;144;90;42;33;746;991
4932;46,95;-24,61;0,00;0,00;0,00;-0,02;0,00;0,00;373;68;143;33;35;737;716
4933;50,46;23,76;0,00;0,00;0,00;0,02;0,00;0,00;194;97;36;11;25;625;483
4934;74,28;190,40;0,00;0,00;0,00;0,19;0,00;0,00;42;121;150;13;25;765;977
4935;50,51;38,44;0,00;0,00;0,00;0,04;0,00;0,00;432;135;190;19;17;519;376
4936;28,48;-247,31;0,00;0,00;0,00;-0,25;0,00;0,00;186;135;131;40;31;900;818
4937;45,66;4,15;0,00;0,00;0,00;0,00;0,00;0,00;66;55;48;43;30;905;420
4938;55,63;14,46;0,00;0,00;0,00;0,01;0,00;0,00;467;197;117;37;28;462;108
4939;55,13;62,58;0,00;0,00;0,00;0,06;0,00;0,00;261;199;64;47;38;306;132
4940;74,73;229,70;0,00;0,00;0,00;0,23;0,00;0,00;67;140;31;49;25;139;311
4941;52,17;0,98;0,00;0,00;0,00;0,00;0,00;0,00;379;198;164;30;33;976;498
4942;42,69;-46,45;0,00;0,00;0,00;-0,05;0,00;0,00;294;39;42;23;26;734;338
4943;64,39;157,14;0,00;0,00;0,00;0,16;0,00;0,00;430;51;92;17;20;391;493
4944;47,23;-24,89;0,00;0,00;0,00;-0,02;0,00;0,00;357;150;142;25;15;643;428
4945;43,95;-40,90;0,00;0,00;0,00;-0,04;0,00;0,00;364;161;167;15;28;861;918
4946;46,67;-38,29;0,00;0,00;0,00;-0,04;0,00;0,00;343;120;53;21;23;924;439
4947;43,58;-43,04;0,00;0,00;0,00;-0,04;0,00;0,00;303;170;102;42;20;373;159
4948;65,53;171,45;0,00;0,00;0,00;0,17;0,00;0,00;414;158;24;37;18;744;855
4949;62,79;181,44;0,00;0,00;0,00;0,18;0,00;0,00;332;78;125;19;34;233;787
4950;37,07;-110,40;0,00;0,00;0,00;-0,11;0,00;0,00;82;183;22;37;28;835;318
4951;38,44;-103,41;0,00;0,00;0,00;-0,10;0,00;0,00;145;23;53;12;18;782;267
4952;14,05;-384,36;0,00;0,00;0,00;-0,38;0,00;0,00;193;168;135;14;24;284;839
4953;57,32;65,51;0,00;0,00;0,00;0,07;0,00;0,00;148;99;133;24;19;915;466
4954;53,60;75,79;0,00;0,00;0,00;0,08;0,00;0,00;95;54;11;46;33;340;746
4955;88,98;404,49;0,00;0,00;0,00;0,40;0,00;0,00;462;170;30;23;21;620;141
4956;31,13;-165,24;0,00;0,00;0,00;-0,17;0,00;0,00;298;117;108;48;25;183;499
4957;45,87;-68,22;0,00;0,00;0,00;-0,07;0,00;0,00;201;92;89;44;32;426;432
4958;41,72;45,46;0,00;0,00;0,00;0,05;0,00;0,00;13;117;73;37;31;845;574
4959;53,60;56,90;0,00;0,00;0,00;0,06;0,00;0,00;197;69;59;27;27;818;313
4960;55,36;50,42;0,00;0,00;0,00;0,05;0,00;0,00;400;136;156;31;22;748;979
4961;56,79;93,75;0,00;0,00;0,00;0,09;0,00;0,00;348;35;68;47;30;858;300
4962;46,44;41,73;0,00;0,00;0,00;0,04;0,00;0,00;383;87;195;49;34;854;526
4963;81,41;353,83;0,00;0,00;0,00;0,35;0,00;0,00;197;124;81;47;26;248;461
4964;18,86;-307,91;0,00;0,00;0,00;-0,31;0,00;0,00;102;103;131;27;38;316;480
4965;80,34;345,25;0,00;0,00;0,00;0,35;0,00;0,00;318;82;192;45;20;406;435
4966;73,06;211,55;0,00;0,00;0,00;0,21;0,00;0,00;83;82;34;42;37;969;306
4967;42,53;-185,87;0,00;0,00;0,00;-0,19;0,00;0,00;215;40;180;33;36;378;910
4968;54,61;55,10;0,00;0,00;0,00;0,06;0,00;0,00;128;102;164;35;21;551;573
4969;57,40;20,28;0,00;0,00;0,00;0,02;0,00;0,00;447;94;34;37;25;903;107
4970;71,69;176,00;0,00;0,00;0,00;0,18;0,00;0,00;326;155;75;26;17;123;282
4971;58,00;89,59;0,00;0,00;0,00;0,09;0,00;0,00;101;88;76;39;37;859;447
4972;60,62;106,54;0,00;0,00;0,00;0,11;0,00;0,00;186;50;162;44;15;136;878
4973;54,75;26,14;0,00;0,00;0,00;0,03;0,00;0,00;204;76;191;13;35;573;334
4974;64,03;161,61;0,00;0,00;0,00;0,16;0,00;0,00;214;17;19;21;34;448;162
4975;51,78;43,10;0,00;0,00;0,00;0,04;0,00;0,00;105;148;48;38;23;672;566
4976;57,58;31,34;0,00;0,00;0,00;0,03;0,00;0,00;110;170;20;37;20;807;673
4977;63,14;179,67;0,00;0,00;0,00;0,18;0,00;0,00;464;156;105;31;26;464;455
4978;21,92;-265,49;0,00;0,00;0,00;-0,27;0,00;0,00;270;54;187;47;27;833;891
4979;34,12;-176,82;0,00;0,00;0,00;-0,18;0,00;0,00;455;103;11;14;23;894;777
4980;56,54;58,40;0,00;0,00;0,00;0,06;0,00;0,00;429;102;49;12;24;189;603
4981;83,65;309,44;0,00;0,00;0,00;0,31;0,00;0,00;108;103;184;25;30;857;401
4982;58,69;99,53;0,00;0,00;0,00;0,10;0,00;0,00;373;94;72;40;19;480;716
4983;31,21;-143,10;0,00;0,00;0,00;-0,14;0,00;0,00;369;42;104;18;19;456;659
4984;51,68;7,93;0,00;0,00;0,00;0,01;0,00;0,00;317;22;150;12;28;420;264
4985;45,93;-23,67;0,00;0,00;0,00;-0,02;0,00;0,00;357;90;137;22;32;486;179
4986;63,55;94,97;0,00;0,00;0,00;0,09;0,00;0,00;185;168;56;20;23;971;979
4987;55,16;38,22;0,00;0,00;0,00;0,04;0,00;0,00;182;28;184;45;26;959;818
4988;23,31;-179,68;0,00;0,00;0,00;-0,18;0,00;0,00;188;197;130;19;34;849;582
4989;54,31;53,20;0,00;0,00;0,00;0,05;0,00;0,00;106;40;192;17;37;445;190
4990;30,24;-122,00;0,00;0,00;0,00;-0,12;0,00;0,00;10;116;93;39;25;177;274
4991;62,95;125,64;0,00;0,00;0,00;0,13;0,00;0,00;287;133;77;40;24;532;280
4992;70,66;233,01;0,00;0,00;0,00;0,23;0,00;0,00;185;122;145;11;36;692;508
4993;15,56;-364,88;0,00;0,00;0,00;-0,36;0,00;0,00;213;183;124;27;36;423;564
4994;38,41;-54,86;0,00;0,00;0,00;-0,05;0,00;0,00;225;69;64;38;22;147;882
4995;35,33;-73,68;0,00;0,00;0,00;-0,07;0,00;0,00;391;117;15;18;38;603;898
4996;42,88;-80,67;0,00;0,00;0,00;-0,08;0,00;0,00;148;175;98;41;21;271;377
4997;69,01;193,36;0,00;0,00;0,00;0,19;0,00;0,00;187;22;104;27;39;480;329
4998;62,98;83,80;0,00;0,00;0,00;0,08;0,00;0,00;88;72;181;21;19;841;668
4999;74,51;147,45;0,00;0,00;0,00;0,15;0,00;0,00;473;90;129;15;28;207;675
5000;52,48;10,29;0,00;0,00;0,00;0,01;0,00;0,00;370;86;170;18;26;567;947
5001;47,86;-94,49;0,00;0,00;0,00;-0,09;0,00;0,00;161;134;36;31;33;896;677
5002;27,52;-219,40;0,00;0,00;0,00;-0,22;0,00;0,00;476;68;68;17;24;357;718
5003;32,11;-115,42;0,00;0,00;0,00;-0,12;0,00;0,00;260;116;161;10;28;344;460
5004;60,71;76,74;0,00;0,00;0,00;0,08;0,00;0,00;42;170;73;30;16;639;958
5005;34,75;-165,70;0,00;0,00;0,00;-0,17;0,00;0,00;320;22;11;42;30;669;530
5006;72,46;323,91;0,00;0,00;0,00;0,32;0,00;0,00;105;175;29;24;19;616;240
5007;20,52;-379,23;0,00;0,00;0,00;-0,38;0,00;0,00;287;150;196;32;19;125;180
5008;62,14;94,59;0,00;0,00;0,00;0,09;0,00;0,00;89;145;18;10;23;183;645
5009;23,48;-326,88;0,00;0,00;0,00;-0,33;0,00;0,00;232;71;167;18;28;145;450
5010;23,18;-292,18;0,00;0,00;0,00;-0,29;0,00;0,00;335;129;67;36;21;914;502
5011;53,95;60,43;0,00;0,00;0,00;0,06;0,00;0,00;427;24;98;13;19;637;625
5012;48,13;-66,28;0,00;0,00;0,00;-0,07;0,00;0,00;182;79;187;25;38;365;947
5013;54,88;133,68;0,00;0,00;0,00;0,13;0,00;0,00;70;96;144;15;36;979;517
5014;66,53;102,44;0,00;0,00;0,00;0,10;0,00;0,00;86;155;149;46;16;440;150
5015;63,56;106,12;0,00;0,00;0,00;0,11;0,00;0,00;439;72;61;18;19;402;938
5016;24,17;-258,15;0,00;0,00;0,00;-0,26;0,00;0,00;316;173;100;34;35;162;333
5017;21,58;-284,74;0,00;0,00;0,00;-0,28;0,00;0,00;145;181;38;21;23;121;553
5018;46,27;3,47;0,00;0,00;0,00;0,00;0,00;0,00;360;17;36;34;32;223;540
5019;73,98;234,19;0,00;0,00;0,00;0,23;0,00;0,00;435;172;160;35;25;192;594
5020;82,11;359,13;0,00;0,00;0,00;0,36;0,00;0,00;497;105;78;38;31;641;177
5021;50,93;8,58;0,00;0,00;0,00;0,01;0,00;0,00;230;119;123;48;20;746;962
5022;66,68;216,25;0,00;0,00;0,00;0,22;0,00;0,00;252;21;90;44;28;165;947
5023;27,15;-168,30;0,00;0,00;0,00;-0,17;0,00;0,00;417;83;184;47;23;361;870
5024;46,51;107,51;0,00;0,00;0,00;0,11;0,00;0,00;450;157;90;46;17;843;899
5025;59,93;90,02;0,00;0,00;0,00;0,09;0,00;0,00;195;144;138;42;33;144;887
5026;44,19;-25,45;0,00;0,00;0,00;-0,03;0,00;0,00;217;186;83;44;37;574;374
5027;41,38;-152,33;0,00;0,00;0,00;-0,15;0,00;0,00;362;183;13;16;29;511;740
5028;65,91;180,34;0,00;0,00;0,00;0,18;0,00;0,00;43;181;16;15;18;883;292
5029;57,29;52,33;0,00;0,00;0,00;0,05;0,00;0,00;196;175;162;30;35;151;688
5030;38,78;-155,47;0,00;0,00;0,00;-0,16;0,00;0,00;16;63;183;39;26;494;166
5031;33,42;-193,86;0,00;0,00;0,00;-0,19;0,00;0,00;344;173;131;34;26;858;623
5032;55,70;2,20;0,00;0,00;0,00;0,00;0,00;0,00;388;103;116;20;39;464;795
5033;31,44;-178,26;0,00;0,00;0,00;-0,18;0,00;0,00;361;191;37;35;26;227;544
5034;38,02;-59,64;0,00;0,00;0,00;-0,06;0,00;0,00;339;177;173;38;18;229;295
5035;52,42;35,57;0,00;0,00;0,00;0,04;0,00;0,00;477;72;26;35;37;996;396
5036;52,29;-7,12;0,00;0,00;0,00;-0,01;0,00;0,00;36;166;102;20;27;744;529
5037;49,95;-78,28;0,00;0,00;0,00;-0,08;0,00;0,00;432;68;96;26;29;559;963
5038;70,98;242,14;0,00;0,00;0,00;0,24;0,00;0,00;130;139;101;45;18;947;816
5039;47,23;-64,23;0,00;0,00;0,00;-0,06;0,00;0,00;129;166;30;14;20;245;522
5040;30,48;-244,88;0,00;0,00;0,00;-0,24;0,00;0,00;401;26;171;24;23;926;730
5041;73,42;221,39;0,00;0,00;0,00;0,22;0,00;0,00;237;150;144;21;15;872;774
5042;78,35;433,97;0,00;0,00;0,00;0,43;0,00;0,00;218;86;56;41;21;694;310
5043;56,45;56,87;0,00;0,00;0,00;0,06;0,00;0,00;387;16;100;13;25;830;544
5044;45,80;-86,66;0,00;0,00;0,00;-0,09;0,00;0,00;262;97;192;32;28;373;247
5045;26,95;-226,76;0,00;0,00;0,00;-0,23;0,00;0,00;468;148;96;15;30;913;367
5046;35,19;-222,20;0,00;0,00;0,00;-0,22;0,00;0,00;104;17;163;16;33;282;703
5047;56,63;128,17;0,00;0,00;0,00;0,13;0,00;0,00;178;184;28;44;15;596;640
5048;55,28;103,46;0,00;0,00;0,00;0,10;0,00;0,00;184;158;169;18;16;374;924
5049;26,05;-183,53;0,00;0,00;0,00;-0,18;0,00;0,00;105;32;26;21;21;545;817
5050;38,24;-91,39;0,00;0,00;0,00;-0,09;0,00;0,00;341;130;57;48;38;584;778
5051;62,16;192,19;0,00;0,00;0,00;0,19;0,00;0,00;382;100;154;40;17;836;198
5052;47,05;-77,41;0,00;0,00;0,00;-0,08;0,00;0,00;108;178;43;22;34;637;160
5053;55,82;81,44;0,00;0,00;0,00;0,08;0,00;0,00;95;32;39;28;34;166;178
5054;32,07;-203,31;0,00;0,00;0,00;-0,20;0,00;0,00;306;129;48;26;16;992;918
5055;42,17;-126,35;0,00;0,00;0,00;-0,13;0,00;0,00;301;115;109;35;16;366;261
5056;57,99;58,57;0,00;0,00;0,00;0,06;0,00;0,00;463;39;70;22;38;842;467
5057;35,55;-145,21;0,00;0,00;0,00;-0,15;0,00;0,00;129;163;110;35;35;874;596
5058;28,41;-196,97;0,00;0,00;0,00;-0,20;0,00;0,00;99;85;44;31;18;680;442
5059;42,87;-31,49;0,00;0,00;0,00;-0,03;0,00;0,00;350;47;141;33;16;561;385
5060;66,42;187,31;0,00;0,00;0,00;0,19;0,00;0,00;104;60;139;42;23;269;199
5061;54,11;-7,54;0,00;0,00;0,00;-0,01;0,00;0,00;397;86;77;23;34;524;499
5062;35,80;-73,76;0,00;0,00;0,00;-0,07;0,00;0,00;473;115;120;14;35;630;146
5063;43,53;-41,96;0,00;0,00;0,00;-0,04;0,00;0,00;421;174;124;29;36;896;635
5064;46,99;-99,32;0,00;0,00;0,00;-0,10;0,00;0,00;298;65;195;39;29;977;142
5065;60,67;224,30;0,00;0,00;0,00;0,22;0,00;0,00;56;75;126;25;16;651;901
5066;60,03;234,00;0,00;0,00;0,00;0,23;0,00;0,00;45;55;26;31;22;444;908
5067;40,65;-65,07;0,00;0,00;0,00;-0,07;0,00;0,00;467;25;60;17;23;936;427
5068;24,76;-202,45;0,00;0,00;0,00;-0,20;0,00;0,00;387;70;100;28;18;319;314
5069;69,43;202,75;0,00;0,00;0,00;0,20;0,00;0,00;421;129;149;41;37;537;869
5070;37,55;-104,26;0,00;0,00;0,00;-0,10;0,00;0,00;393;194;77;38;34;151;150
5071;56,26;53,28;0,00;0,00;0,00;0,05;0,00;0,00;145;192;35;42;23;821;487
5072;46,37;-73,90;0,00;0,00;0,00;-0,07;0,00;0,00;112;189;122;25;26;567;243
5073;25,57;-293,84;0,00;0,00;0,00;-0,29;0,00;0,00;81;179;43;43;15;889;647
5074;67,40;184,48;0,00;0,00;0,00;0,18;0,00;0,00;81;125;30;21;34;353;125
5075;55,10;98,99;0,00;0,00;0,00;0,10;0,00;0,00;440;183;46;37;38;713;917
5076;58,89;145,25;0,00;0,00;0,00;0,15;0,00;0,00;35;58;46;39;18;831;740
5077;67,56;245,03;0,00;0,00;0,00;0,25;0,00;0,00;326;93;79;17;29;642;301
5078;68,38;171,71;0,00;0,00;0,00;0,17;0,00;0,00;62;44;173;27;27;604;661
5079;49,95;-13,49;0,00;0,00;0,00;-0,01;0,00;0,00;219;180;128;14;38;621;421
5080;43,63;-143,41;0,00;0,00;0,00;-0,14;0,00;0,00;280;32;148;35;28;455;295
5081;24,61;-271,39;0,00;0,00;0,00;-0,27;0,00;0,00;391;196;29;35;19;238;699
5082;31,67;-306,29;0,00;0,00;0,00;-0,31;0,00;0,00;146;135;181;40;26;900;760
5083;30,53;-196,96;0,00;0,00;0,00;-0,20;0,00;0,00;441;105;179;45;33;787;102
5084;38,37;-20,47;0,00;0,00;0,00;-0,02;0,00;0,00;49;66;65;29;28;304;896
5085;73,61;232,51;0,00;0,00;0,00;0,23;0,00;0,00;28;77;26;45;28;438;777
5086;34,53;-121,24;0,00;0,00;0,00;-0,12;0,00;0,00;333;113;105;18;29;549;111
5087;44,84;-93,14;0,00;0,00;0,00;-0,09;0,00;0,00;102;83;128;45;29;475;623
5088;45,86;-31,57;0,00;0,00;0,00;-0,03;0,00;0,00;329;53;113;39;36;330;836
5089;71,05;189,82;0,00;0,00;0,00;0,19;0,00;0,00;93;168;81;26;19;107;878
5090;23,36;-235,47;0,00;0,00;0,00;-0,24;0,00;0,00;182;87;198;22;16;872;300
5091;40,96;-143,64;0,00;0,00;0,00;-0,14;0,00;0,00;152;103;191;38;26;292;248
5092;36,04;-134,98;0,00;0,00;0,00;-0,13;0,00;0,00;116;80;12;36;39;581;795
5093;62,71;164,53;0,00;0,00;0,00;0,16;0,00;0,00;91;148;152;12;34;674;836
5094;69,43;84,34;0,00;0,00;0,00;0,08;0,00;0,00;461;181;69;37;23;671;614
5095;37,32;-3,87;0,00;0,00;0,00;-0,00;0,00;0,00;413;196;28;30;31;184;895
5096;47,16;-47,26;0,00;0,00;0,00;-0,05;0,00;0,00;24;111;102;17;29;685;613
5097;41,75;-81,84;0,00;0,00;0,00;-0,08;0,00;0,00;142;150;61;37;29;997;600
5098;44,91;-75,85;0,00;0,00;0,00;-0,08;0,00;0,00;79;191;132;18;18;899;556
5099;53,66;-5,52;0,00;0,00;0,00;-0,01;0,00;0,00;52;52;68;46;26;687;554
5100;58,81;81,91;0,00;0,00;0,00;0,08;0,00;0,00;87;59;128;27;39;418;692
5101;58,74;22,08;0,00;0,00;0,00;0,02;0,00;0,00;246;73;91;34;25;499;121
5102;40,47;-112,89;0,00;0,00;0,00;-0,11;0,00;0,00;278;89;74;35;19;129;723
5103;33,31;-177,43;0,00;0,00;0,00;-0,18;0,00;0,00;495;158;72;44;23;357;660
5104;45,00;57,47;0,00;0,00;0,00;0,06;0,00;0,00;194;183;71;42;17;698;409
5105;42,86;-104,38;0,00;0,00;0,00;-0,10;0,00;0,00;193;187;95;29;23;225;871
5106;20,28;-298,04;0,00;0,00;0,00;-0,30;0,00;0,00;23;112;110;22;16;533;181
5107;31,13;-201,64;0,00;0,00;0,00;-0,20;0,00;0,00;163;42;137;34;37;924;247
5108;55,60;61,88;0,00;0,00;0,00;0,06;0,00;0,00;349;67;159;37;31;715;925
5109;47,11;51,49;0,00;0,00;0,00;0,05;0,00;0,00;187;66;35;39;17;448;648
5110;44,23;-10,98;0,00;0,00;0,00;-0,01;0,00;0,00;360;194;142;22;23;876;254
5111;39,72;7,18;0,00;0,00;0,00;0,01;0,00;0,00;407;25;155;29;30;723;414
5112;68,23;150,59;0,00;0,00;0,00;0,15;0,00;0,00;177;113;117;33;29;310;452
5113;50,99;-16,64;0,00;0,00;0,00;-0,02;0,00;0,00;387;15;22;31;24;720;265
5114;54,05;70,20;0,00;0,00;0,00;0,07;0,00;0,00;445;195;32;42;20;676;214
5115;15,35;-288,58;0,00;0,00;0,00;-0,29;0,00;0,00;177;35;162;33;20;392;332
5116;52,93;72,29;0,00;0,00;0,00;0,07;0,00;0,00;459;185;175;11;36;774;807
5117;53,03;113,99;0,00;0,00;0,00;0,11;0,00;0,00;293;177;99;25;30;165;617
5118;46,75;-6,57;0,00;0,00;0,00;-0,01;0,00;0,00;207;130;78;29;39;418;130
5119;57,18;132,01;0,00;0,00;0,00;0,13;0,00;0,00;124;106;87;16;33;688;862
5120;25,63;-197,63;0,00;0,00;0,00;-0,20;0,00;0,00;190;33;180;23;38;399;398
5121;67,88;188,67;0,00;0,00;0,00;0,19;0,00;0,00;280;17;172;41;18;261;817
5122;51,21;-23,20;0,00;0,00;0,00;-0,02;0,00;0,00;280;106;26;38;16;992;389
5123;44,55;-163,95;0,00;0,00;0,00;-0,16;0,00;0,00;430;57;54;17;20;145;399
5124;67,57;137,98;0,00;0,00;0,00;0,14;0,00;0,00;66;157;94;28;22;616;540
5125;46,48;-48,92;0,00;0,00;0,00;-0,05;0,00;0,00;95;30;62;27;24;400;975
5126;72,44;186,74;0,00;0,00;0,00;0,19;0,00;0,00;231;154;71;22;20;978;584
5127;57,99;110,54;0,00;0,00;0,00;0,11;0,00;0,00;270;58;74;23;20;375;664
5128;54,91;83,70;0,00;0,00;0,00;0,08;0,00;0,00;361;132;176;40;32;434;692
5129;42,62;-50,39;0,00;0,00;0,00;-0,05;0,00;0,00;323;31;82;32;38;487;363
5130;59,17;69,02;0,00;0,00;0,00;0,07;0,00;0,00;341;28;150;15;16;730;574
5131;41,34;-78,90;0,00;0,00;0,00;-0,08;0,00;0,00;442;90;29;19;32;656;828
5132;72,88;249,49;0,00;0,00;0,00;0,25;0,00;0,00;237;60;12;44;32;261;206
5133;42,25;-116,68;0,00;0,00;0,00;-0,12;0,00;0,00;62;15;66;18;36;870;377
5134;52,08;47,57;0,00;0,00;0,00;0,05;0,00;0,00;95;174;190;30;32;561;734
5135;79,03;327,20;0,00;0,00;0,00;0,33;0,00;0,00;478;65;165;22;16;484;907
5136;49,35;-57,73;0,00;0,00;0,00;-0,06;0,00;0,00;198;185;183;34;29;944;250
5137;72,86;270,87;0,00;0,00;0,00;0,27;0,00;0,00;77;190;154;22;20;354;867
5138;48,96;-27,02;0,00;0,00;0,00;-0,03;0,00;0,00;252;62;188;27;24;121;647
5139;40,65;-200,63;0,00;0,00;0,00;-0,20;0,00;0,00;322;189;185;49;31;330;758
5140;54,56;25,56;0,00;0,00;0,00;0,03;0,00;0,00;99;45;103;22;28;187;422
5141;63,76;100,54;0,00;0,00;0,00;0,10;0,00;0,00;256;19;118;38;30;122;552
5142;48,61;-68,40;0,00;0,00;0,00;-0,07;0,00;0,00;373;150;195;24;29;123;693
5143;35,68;-136,09;0,00;0,00;0,00;-0,14;0,00;0,00;405;176;115;45;37;634;208
5144;26,10;-229,70;0,00;0,00;0,00;-0,23;0,00;0,00;39;108;16;27;36;604;626
5145;68,49;195,75;0,00;0,00;0,00;0,20;0,00;0,00;243;78;104;32;34;731;473
5146;17,70;-296,51;0,00;0,00;0,00;-0,30;0,00;0,00;390;193;179;39;16;890;699
5147;36,97;-162,70;0,00;0,00;0,00;-0,16;0,00;0,00;133;174;125;29;26;732;518
5148;30,27;-245,53;0,00;0,00;0,00;-0,25;0,00;0,00;59;145;142;18;22;512;413
5149;29,65;-128,99;0,00;0,00;0,00;-0,13;0,00;0,00;301;100;126;41;32;385;925
5150;37,93;-189,98;0,00;0,00;0,00;-0,19;0,00;0,00;153;108;119;42;33;975;176
5151;48,82;-30,06;0,00;0,00;0,00;-0,03;0,00;0,00;416;78;28;18;38;389;134
5152;60,95;0,11;0,00;0,00;0,00;0,00;0,00;0,00;150;102;175;32;35;664;316
5153;31,60;-183,87;0,00;0,00;0,00;-0,18;0,00;0,00;90;105;70;34;36;122;751
5154;13,68;-439,44;0,00;0,00;0,00;-0,44;0,00;0,00;10;16;27;49;19;886;122
5155;72,59;233,80;0,00;0,00;0,00;0,23;0,00;0,00;180;100;71;18;33;129;541
5156;55,00;55,25;0,00;0,00;0,00;0,06;0,00;0,00;12;10;143;17;32;157;915
5157;71,52;250,34;0,00;0,00;0,00;0,25;0,00;0,00;240;148;50;49;25;474;995
5158;44,09;-56,33;0,00;0,00;0,00;-0,06;0,00;0,00;434;100;24;40;21;937;916
5159;71,28;175,12;0,00;0,00;0,00;0,18;0,00;0,00;29;27;65;35;22;761;199
5160;46,12;-58,17;0,00;0,00;0,00;-0,06;0,00;0,00;108;92;36;26;29;886;176
5161;42,94;-122,70;0,00;0,00;0,00;-0,12;0,00;0,00;420;154;35;12;20;850;534
5162;43,78;-45,29;0,00;0,00;0,00;-0,05;0,00;0,00;272;171;191;27;25;919;462
5163;57,06;95,54;0,00;0,00;0,00;0,10;0,00;0,00;411;140;138;31;23;745;345
5164;26,37;-202,51;0,00;0,00;0,00;-0,20;0,00;0,00;482;120;92;31;37;909;162
5165;37,74;-160,35;0,00;0,00;0,00;-0,16;0,00;0,00;438;188;33;18;26;899;789
5166;96,87;470,06;0,00;0,00;0,00;0,47;0,00;0,00;317;70;68;26;31;676;575
5167;36,46;-64,72;0,00;0,00;0,00;-0,06;0,00;0,00;405;58;121;30;17;565;220
5168;45,54;21,42;0,00;0,00;0,00;0,02;0,00;0,00;107;74;118;48;31;112;369
5169;36,57;-74,42;0,00;0,00;0,00;-0,07;0,00;0,00;260;35;185;24;28;979;423
5170;56,95;78,94;0,00;0,00;0,00;0,08;0,00;0,00;103;98;126;10;35;150;268
5171;57,92;80,10;0,00;0,00;0,00;0,08;0,00;0,00;315;129;170;46;18;346;430
5172;85,27;359,52;0,00;0,00;0,00;0,36;0,00;0,00;210;181;124;43;36;502;909
5173;57,28;100,48;0,00;0,00;0,00;0,10;0,00;0,00;382;33;96;37;38;925;511
5174;57,96;59,03;0,00;0,00;0,00;0,06;0,00;0,00;485;153;182;34;21;543;788
5175;77,85;296,24;0,00;0,00;0,00;0,30;0,00;0,00;421;72;134;49;35;390;250
5176;39,36;-71,71;0,00;0,00;0,00;-0,07;0,00;0,00;230;180;33;14;36;479;263
5177;27,74;-284,58;0,00;0,00;0,00;-0,28;0,00;0,00;217;91;141;38;34;793;642
5178;40,28;-131,82;0,00;0,00;0,00;-0,13;0,00;0,00;491;56;108;22;39;281;224
5179;43,90;-129,39;0,00;0,00;0,00;-0,13;0,00;0,00;292;129;36;29;15;788;901
5180;69,51;189,63;0,00;0,00;0,00;0,19;0,00;0,00;490;20;23;22;27;975;691
5181;71,95;197,77;0,00;0,00;0,00;0,20;0,00;0,00;165;169;149;32;34;710;779
5182;51,66;-39,66;0,00;0,00;0,00;-0,04;0,00;0,00;137;154;93;38;24;719;290
5183;62,27;152,82;0,00;0,00;0,00;0,15;0,00;0,00;216;152;23;29;30;361;120
5184;51,30;40,97;0,00;0,00;0,00;0,04;0,00;0,00;444;126;184;35;26;220;790
5185;45,41;-75,36;0,00;0,00;0,00;-0,08;0,00;0,00;306;165;160;40;36;597;843
5186;50,77;-24,90;0,00;0,00;0,00;-0,02;0,00;0,00;277;166;139;34;20;529;960
5187;58,89;91,55;0,00;0,00;0,00;0,09;0,00;0,00;78;160;152;24;26;483;463
5188;58,30;117,85;0,00;0,00;0,00;0,12;0,00;0,00;353;181;135;42;16;234;131
5189;40,83;-188,77;0,00;0,00;0,00;-0,19;0,00;0,00;269;172;65;35;36;132;205
5190;45,40;-40,98;0,00;0,00;0,00;-0,04;0,00;0,00;192;49;119;44;30;152;379
5191;53,66;52,61;0,00;0,00;0,00;0,05;0,00;0,00;248;45;39;34;34;505;670
5192;32,67;-222,53;0,00;0,00;0,00;-0,22;0,00;0,00;389;34;114;48;34;722;887
5193;36,55;-120,69;0,00;0,00;0,00;-0,12;0,00;0,00;312;169;163;36;35;779;660
5194;49,15;-4,86;0,00;0,00;0,00;-0,00;0,00;0,00;74;51;120;31;37;890;560
5195;72,37;203,89;0,00;0,00;0,00;0,20;0,00;0,00;416;49;96;23;18;476;303
5196;59,05;175,58;0,00;0,00;0,00;0,18;0,00;0,00;60;98;62;17;22;682;150
5197;80,45;380,28;0,00;0,00;0,00;0,38;0,00;0,00;389;44;88;37;38;482;658
5198;62,09;73,95;0,00;0,00;0,00;0,07;0,00;0,00;353;179;157;10;26;351;541
5199;56,69;-34,93;0,00;0,00;0,00;-0,03;0,00;0,00;289;168;70;34;15;685;749
5200;48,31;-20,32;0,00;0,00;0,00;-0,02;0,00;0,00;402;90;23;21;18;905;133
5201;65,56;246,61;0,00;0,00;0,00;0,25;0,00;0,00;298;14;17;15;24;722;781
5202;66,29;236,74;0,00;0,00;0,00;0,24;0,00;0,00;141;177;135;22;24;413;593
5203;31,26;-117,77;0,00;0,00;0,00;-0,12;0,00;0,00;466;199;188;46;34;950;610
5204;71,42;125,04;0,00;0,00;0,00;0,13;0,00;0,00;13;118;88;45;23;933;762
5205;59,41;101,33;0,00;0,00;0,00;0,10;0,00;0,00;157;94;21;36;15;139;976
5206;75,67;239,99;0,00;0,00;0,00;0,24;0,00;0,00;28;96;93;12;22;395;565
5207;55,35;39,72;0,00;0,00;0,00;0,04;0,00;0,00;271;66;106;35;19;216;399
5208;76,78;278,62;0,00;0,00;0,00;0,28;0,00;0,00;39;79;11;41;25;599;455
5209;51,95;78,39;0,00;0,00;0,00;0,08;0,00;0,00;428;17;129;21;37;585;604
5210;54,56;24,35;0,00;0,00;0,00;0,02;0,00;0,00;470;192;87;32;31;853;481
5211;22,32;-379,61;0,00;0,00;0,00;-0,38;0,00;0,00;418;166;47;42;17;792;959
5212;58,79;163,03;0,00;0,00;0,00;0,16;0,00;0,00;329;119;178;16;23;417;881
5213;34,33;-134,87;0,00;0,00;0,00;-0,13;0,00;0,00;483;31;135;15;23;655;939
5214;39,74;-62,19;0,00;0,00;0,00;-0,06;0,00;0,00;342;30;153;23;25;140;676
5215;62,08;52,87;0,00;0,00;0,00;0,05;0,00;0,00;464;65;158;18;25;132;236
5216;60,50;31,81;0,00;0,00;0,00;0,03;0,00;0,00;241;57;184;35;38;947;227
5217;44,68;10,11;0,00;0,00;0,00;0,01;0,00;0,00;437;50;68;27;18;377;281
5218;41,75;-9,64;0,00;0,00;0,00;-0,01;0,00;0,00;166;148;167;44;36;923;790
5219;17,30;-356,58;0,00;0,00;0,00;-0,36;0,00;0,00;221;107;130;41;22;995;807
5220;55,82;23,42;0,00;0,00;0,00;0,02;0,00;0,00;227;138;13;32;22;111;543
5221;62,83;139,40;0,00;0,00;0,00;0,14;0,00;0,00;144;141;133;28;24;898;729
5222;60,62;199,34;0,00;0,00;0,00;0,20;0,00;0,00;102;199;118;14;31;492;909
5223;62,18;150,08;0,00;0,00;0,00;0,15;0,00;0,00;191;60;24;18;26;361;231
5224;46,93;-78,58;0,00;0,00;0,00;-0,08;0,00;0,00;426;121;122;25;28;100;373
5225;80,11;324,07;0,00;0,00;0,00;0,32;0,00;0,00;431;31;175;46;19;524;186
5226;55,57;21,71;0,00;0,00;0,00;0,02;0,00;0,00;294;198;95;39;20;281;403
5227;53,92;-0,52;0,00;0,00;0,00;-0,00;0,00;0,00;342;143;19;48;37;876;713
5228;33,61;-217,74;0,00;0,00;0,00;-0,22;0,00;0,00;95;182;145;17;36;737;806
5229;44,23;-57,68;0,00;0,00;0,00;-0,06;0,00;0,00;28;159;180;29;22;172;281
5230;43,71;-118,07;0,00;0,00;0,00;-0,12;0,00;0,00;380;44;155;20;34;446;729
5231;57,17;24,43;0,00;0,00;0,00;0,02;0,00;0,00;391;70;196;17;15;433;373
5232;86,12;361,15;0,00;0,00;0,00;0,36;0,00;0,00;175;75;113;47;17;483;324
5233;60,06;91,58;0,00;0,00;0,00;0,09;0,00;0,00;362;95;19;12;15;219;682
5234;32,97;-146,89;0,00;0,00;0,00;-0,15;0,00;0,00;255;85;167;19;37;429;829
5235;46,18;-78,31;0,00;0,00;0,00;-0,08;0,00;0,00;61;138;109;13;33;862;607
5236;46,33;15,49;0,00;0,00;0,00;0,02;0,00;0,00;110;33;75;48;23;735;944
5237;50,40;-32,55;0,00;0,00;0,00;-0,03;0,00;0,00;466;47;63;40;31;554;774
5238;43,75;-60,00;0,00;0,00;0,00;-0,06;0,00;0,00;471;58;180;37;31;949;299
5239;18,24;-343,33;0,00;0,00;0,00;-0,34;0,00;0,00;444;111;195;24;35;747;759
5240;59,66;157,14;0,00;0,00;0,00;0,16;0,00;0,00;416;94;189;33;21;419;774
5241;31,25;-190,45;0,00;0,00;0,00;-0,19;0,00;0,00;227;69;120;40;20;815;674
5242;39,30;-208,66;0,00;0,00;0,00;-0,21;0,00;0,00;149;159;127;33;25;201;390
5243;54,22;-97,51;0,00;0,00;0,00;-0,10;0,00;0,00;148;183;47;31;32;393;329
5244;51,23;-18,65;0,00;0,00;0,00;-0,02;0,00;0,00;126;199;55;46;34;498;868
5245;38,67;-48,82;0,00;0,00;0,00;-0,05;0,00;0,00;63;44;56;38;16;995;428
5246;19,07;-336,11;0,00;0,00;0,00;-0,34;0,00;0,00;126;33;70;46;16;510;735
5247;64,95;199,55;0,00;0,00;0,00;0,20;0,00;0,00;24;158;117;43;32;833;479
5248;53,35;7,02;0,00;0,00;0,00;0,01;0,00;0,00;417;62;156;32;38;398;517
5249;45,64;-7,82;0,00;0,00;0,00;-0,01;0,00;0,00;226;22;168;16;28;331;297
5250;38,62;-114,89;0,00;0,00;0,00;-0,11;0,00;0,00;217;145;165;26;28;504;709
5251;41,38;-183,68;0,00;0,00;0,00;-0,18;0,00;0,00;279;16;146;22;24;643;408
5252;92,23;449,13;0,00;0,00;0,00;0,45;0,00;0,00;381;134;35;43;30;971;943
5253;73,48;242,13;0,00;0,00;0,00;0,24;0,00;0,00;473;108;126;23;29;202;178
5254;39,17;-170,06;0,00;0,00;0,00;-0,17;0,00;0,00;170;137;116;45;33;801;383
5255;51,10;-7,19;0,00;0,00;0,00;-0,01;0,00;0,00;484;28;35;20;21;881;313
5256;50,68;-3,74;0,00;0,00;0,00;-0,00;0,00;0,00;321;90;104;37;25;402;689
5257;56,24;-48,51;0,00;0,00;0,00;-0,05;0,00;0,00;497;123;174;38;26;387;255
5258;40,97;-33,37;0,00;0,00;0,00;-0,03;0,00;0,00;100;133;10;26;37;518;900
5259;51,37;-22,45;0,00;0,00;0,00;-0,02;0,00;0,00;120;88;124;27;32;958;694
5260;47,53;-67,75;0,00;0,00;0,00;-0,07;0,00;0,00;133;127;38;11;29;113;646
5261;29,75;-191,38;0,00;0,00;0,00;-0,19;0,00;0,00;467;82;21;29;18;177;891
5262;20,11;-277,98;0,00;0,00;0,00;-0,28;0,00;0,00;64;42;161;24;32;813;401
5263;53,61;3,10;0,00;0,00;0,00;0,00;0,00;0,00;262;154;56;40;17;405;767
5264;57,33;218,47;0,00;0,00;0,00;0,22;0,00;0,00;155;59;28;27;34;423;750
5265;65,46;110,02;0,00;0,00;0,00;0,11;0,00;0,00;270;50;146;40;22;454;114
5266;49,89;-25,58;0,00;0,00;0,00;-0,03;0,00;0,00;342;22;133;41;17;843;148
5267;59,39;168,52;0,00;0,00;0,00;0,17;0,00;0,00;22;56;39;15;29;800;676
5268;71,58;185,94;0,00;0,00;0,00;0,19;0,00;0,00;470;123;193;28;33;143;584
5269;35,96;-176,62;0,00;0,00;0,00;-0,18;0,00;0,00;41;45;12;41;22;791;425
5270;37,40;-124,64;0,00;0,00;0,00;-0,12;0,00;0,00;16;140;187;48;29;785;169
5271;58,33;39,88;0,00;0,00;0,00;0,04;0,00;0,00;392;81;118;22;18;804;882
5272;49,96;-29,21;0,00;0,00;0,00;-0,03;0,00;0,00;350;132;130;41;28;108;365
5273;38,20;-165,06;0,00;0,00;0,00;-0,17;0,00;0,00;331;54;149;44;15;259;124
5274;42,78;-95,47;0,00;0,00;0,00;-0,10;0,00;0,00;416;157;110;24;22;910;244
5275;41,00;-50,18;0,00;0,00;0,00;-0,05;0,00;0,00;277;81;37;46;32;734;495
5276;32,87;-131,54;0,00;0,00;0,00;-0,13;0,00;0,00;331;89;132;35;21;655;643
5277;24,21;-231,82;0,00;0,00;0,00;-0,23;0,00;0,00;93;141;79;18;35;969;781
5278;59,35;89,40;0,00;0,00;0,00;0,09;0,00;0,00;426;157;199;20;19;344;293
5279;53,00;54,39;0,00;0,00;0,00;0,05;0,00;0,00;61;29;70;40;33;229;435
5280;42,77;-41,58;0,00;0,00;0,00;-0,04;0,00;0,00;221;72;16;18;17;693;370
5281;73,10;244,36;0,00;0,00;0,00;0,24;0,00;0,00;193;92;69;49;26;867;676
5282;57,71;56,34;0,00;0,00;0,00;0,06;0,00;0,00;384;45;56;34;38;443;104
5283;45,17;-59,15;0,00;0,00;0,00;-0,06;0,00;0,00;84;122;137;45;27;447;224
5284;58,09;44,73;0,00;0,00;0,00;0,04;0,00;0,00;233;61;165;24;26;190;872
5285;59,55;180,92;0,00;0,00;0,00;0,18;0,00;0,00;43;22;34;20;33;902;522
5286;54,99;15,24;0,00;0,00;0,00;0,02;0,00;0,00;189;31;169;19;22;402;783
5287;72,51;255,43;0,00;0,00;0,00;0,26;0,00;0,00;443;175;120;16;38;831;518
5288;40,25;-45,57;0,00;0,00;0,00;-0,05;0,00;0,00;154;39;189;36;26;917;174
5289;31,64;-217,87;0,00;0,00;0,00;-0,22;0,00;0,00;166;56;42;48;25;827;866
5290;99,21;533,84;0,00;0,00;0,00;0,53;0,00;0,00;74;174;72;19;26;573;956
5291;30,38;-247,39;0,00;0,00;0,00;-0,25;0,00;0,00;400;119;152;30;18;931;642
5292;28,73;-265,49;0,00;0,00;0,00;-0,27;0,00;0,00;403;27;61;18;20;896;320
5293;53,87;91,78;0,00;0,00;0,00;0,09;0,00;0,00;343;188;164;21;17;940;790
5294;51,21;27,80;0,00;0,00;0,00;0,03;0,00;0,00;366;185;146;49;18;654;105
5295;54,11;4,31;0,00;0,00;0,00;0,00;0,00;0,00;400;49;184;10;28;743;389
5296;30,06;-239,85;0,00;0,00;0,00;-0,24;0,00;0,00;126;181;120;10;15;364;875
5297;21,55;-233,35;0,00;0,00;0,00;-0,23;0,00;0,00;269;40;125;31;35;997;568
5298;78,18;305,49;0,00;0,00;0,00;0,31;0,00;0,00;430;126;147;42;25;965;872
5299;30,38;-201,26;0,00;0,00;0,00;-0,20;0,00;0,00;137;11;86;35;38;886;257
5300;51,71;75,98;0,00;0,00;0,00;0,08;0,00;0,00;466;45;66;47;19;132;918
5301;37,33;-205,45;0,00;0,00;0,00;-0,21;0,00;0,00;28;138;70;44;38;443;586
5302;60,22;80,88;0,00;0,00;0,00;0,08;0,00;0,00;127;57;35;24;15;832;711
5303;41,15;-142,41;0,00;0,00;0,00;-0,14;0,00;0,00;362;161;98;14;35;199;577
5304;47,40;-30,98;0,00;0,00;0,00;-0,03;0,00;0,00;307;183;65;35;23;824;536
5305;51,07;56,98;0,00;0,00;0,00;0,06;0,00;0,00;15;190;35;41;25;332;706
5306;34,67;-218,12;0,00;0,00;0,00;-0,22;0,00;0,00;336;159;117;21;23;291;303
5307;56,02;-30,37;0,00;0,00;0,00;-0,03;0,00;0,00;302;161;127;45;27;197;383
5308;74,42;248,49;0,00;0,00;0,00;0,25;0,00;0,00;119;170;10;45;20;423;929
5309;36,01;-211,44;0,00;0,00;0,00;-0,21;0,00;0,00;52;157;36;28;34;503;608
5310;41,72;-146,53;0,00;0,00;0,00;-0,15;0,00;0,00;172;176;112;27;28;654;709
5311;45,17;1,08;0,00;0,00;0,00;0,00;0,00;0,00;480;119;52;22;24;939;918
5312;60,06;132,62;0,00;0,00;0,00;0,13;0,00;0,00;235;162;54;47;29;699;283
5313;42,70;41,48;0,00;0,00;0,00;0,04;0,00;0,00;132;57;110;39;18;328;749
5314;49,63;-79,19;0,00;0,00;0,00;-0,08;0,00;0,00;468;139;193;22;15;885;868
5315;44,14;-71,89;0,00;0,00;0,00;-0,07;0,00;0,00;72;176;185;45;39;913;619
5316;13,95;-368,24;0,00;0,00;0,00;-0,37;0,00;0,00;102;160;26;41;27;887;695
5317;44,57;-69,42;0,00;0,00;0,00;-0,07;0,00;0,00;202;49;196;11;23;569;193
5318;43,12;-3,83;0,00;0,00;0,00;-0,00;0,00;0,00;84;77;31;28;35;830;649
5319;68,26;195,12;0,00;0,00;0,00;0,20;0,00;0,00;97;22;105;15;31;670;519
5320;48,45;57,49;0,00;0,00;0,00;0,06;0,00;0,00;173;149;171;31;18;181;521
5321;52,80;100,97;0,00;0,00;0,00;0,10;0,00;0,00;399;174;80;21;31;113;504
5322;55,60;66,72;0,00;0,00;0,00;0,07;0,00;0,00;170;23;129;27;28;465;115
5323;38,94;-156,59;0,00;0,00;0,00;-0,16;0,00;0,00;166;130;149;12;19;457;367
5324;38,08;-107,63;0,00;0,00;0,00;-0,11;0,00;0,00;470;65;113;16;29;950;462
5325;34,52;-83,96;0,00;0,00;0,00;-0,08;0,00;0,00;487;23;198;14;16;550;278
5326;40,02;-137,75;0,00;0,00;0,00;-0,14;0,00;0,00;141;34;89;11;31;878;908
5327;63,23;70,26;0,00;0,00;0,00;0,07;0,00;0,00;115;116;118;33;18;622;324
5328;49,36;-85,25;0,00;0,00;0,00;-0,09;0,00;0,00;126;48;59;49;20;430;652
5329;45,05;-23,08;0,00;0,00;0,00;-0,02;0,00;0,00;42;199;69;18;28;686;910
5330;53,17;44,58;0,00;0,00;0,00;0,04;0,00;0,00;402;109;48;43;18;587;910
5331;81,47;233,03;0,00;0,00;0,00;0,23;0,00;0,00;139;126;196;30;17;982;380
5332;38,92;-123,42;0,00;0,00;0,00;-0,12;0,00;0,00;383;141;143;42;16;298;948
5333;40,56;-190,16;0,00;0,00;0,00;-0,19;0,00;0,00;480;24;13;44;37;655;501
5334;30,38;-193,36;0,00;0,00;0,00;-0,19;0,00;0,00;28;110;23;19;18;410;774
5335;35,75;-185,52;0,00;0,00;0,00;-0,19;0,00;0,00;104;82;14;12;29;198;738
5336;78,47;221,87;0,00;0,00;0,00;0,22;0,00;0,00;388;85;124;45;35;434;663
5337;45,97;8,70;0,00;0,00;0,00;0,01;0,00;0,00;222;184;146;18;32;394;748
5338;70,89;250,41;0,00;0,00;0,00;0,25;0,00;0,00;391;74;183;30;34;279;933
5339;39,17;-168,05;0,00;0,00;0,00;-0,17;0,00;0,00;229;186;105;21;19;779;917
5340;43,58;-65,69;0,00;0,00;0,00;-0,07;0,00;0,00;193;158;27;20;20;703;374
5341;45,96;-26,22;0,00;0,00;0,00;-0,03;0,00;0,00;378;130;61;47;37;461;253
5342;11,70;-357,36;0,00;0,00;0,00;-0,36;0,00;0,00;415;148;119;10;31;252;631
5343;63,23;206,16;0,00;0,00;0,00;0,21;0,00;0,00;66;94;14;11;21;565;574
5344;65,53;121,33;0,00;0,00;0,00;0,12;0,00;0,00;215;167;104;23;24;708;781
5345;29,20;-269,74;0,00;0,00;0,00;-0,27;0,00;0,00;73;96;198;46;20;811;345
5346;34,11;-170,09;0,00;0,00;0,00;-0,17;0,00;0,00;107;66;48;16;37;115;129
5347;32,59;-192,68;0,00;0,00;0,00;-0,19;0,00;0,00;367;28;21;47;18;780;358
5348;36,66;-85,99;0,00;0,00;0,00;-0,09;0,00;0,00;107;90;14;20;26;686;334
5349;50,46;-1,15;0,00;0,00;0,00;-0,00;0,00;0,00;168;138;56;29;23;556;273
5350;57,28;159,53;0,00;0,00;0,00;0,16;0,00;0,00;328;19;140;20;27;329;754
5351;64,83;251,42;0,00;0,00;0,00;0,25;0,00;0,00;129;178;32;21;28;236;564
5352;35,37;-88,43;0,00;0,00;0,00;-0,09;0,00;0,00;115;73;42;20;27;128;805
5353;33,77;-183,69;0,00;0,00;0,00;-0,18;0,00;0,00;258;29;188;19;25;604;618
5354;72,24;194,00;0,00;0,00;0,00;0,19;0,00;0,00;338;92;96;10;15;711;668
5355;54,99;38,14;0,00;0,00;0,00;0,04;0,00;0,00;178;67;38;14;15;768;506
5356;50,98;47,00;0,00;0,00;0,00;0,05;0,00;0,00;85;97;146;28;24;957;922
5357;32,59;-175,79;0,00;0,00;0,00;-0,18;0,00;0,00;340;163;46;31;23;321;646
5358;26,63;-228,67;0,00;0,00;0,00;-0,23;0,00;0,00;489;22;38;46;18;433;645
5359;57,90;62,51;0,00;0,00;0,00;0,06;0,00;0,00;34;46;53;48;23;724;433
5360;51,14;-74,89;0,00;0,00;0,00;-0,07;0,00;0,00;138;147;11;39;26;564;332
5361;49,86;-83,00;0,00;0,00;0,00;-0,08;0,00;0,00;433;85;147;41;34;771;323
5362;48,45;21,07;0,00;0,00;0,00;0,02;0,00;0,00;193;125;131;38;27;584;842
5363;63,74;66,26;0,00;0,00;0,00;0,07;0,00;0,00;263;35;34;20;28;959;161
5364;63,93;239,48;0,00;0,00;0,00;0,24;0,00;0,00;156;152;88;43;27;680;403
5365;57,26;171,20;0,00;0,00;0,00;0,17;0,00;0,00;22;46;147;46;28;691;499
5366;40,36;33,29;0,00;0,00;0,00;0,03;0,00;0,00;296;19;95;30;33;254;350
5367;77,86;297,74;0,00;0,00;0,00;0,30;0,00;0,00;206;43;161;47;30;671;319
5368;15,25;-338,20;0,00;0,00;0,00;-0,34;0,00;0,00;129;59;44;44;26;951;826
5369;35,51;-172,81;0,00;0,00;0,00;-0,17;0,00;0,00;292;50;107;37;36;233;563
5370;50,35;88,24;0,00;0,00;0,00;0,09;0,00;0,00;435;173;120;35;23;485;734
5371;50,95;-59,44;0,00;0,00;0,00;-0,06;0,00;0,00;311;39;125;33;17;309;768
5372;38,68;-134,21;0,00;0,00;0,00;-0,13;0,00;0,00;384;102;167;29;33;484;322
5373;52,42;6,07;0,00;0,00;0,00;0,01;0,00;0,00;286;193;172;49;34;202;287
5374;72,25;162,12;0,00;0,00;0,00;0,16;0,00;0,00;73;157;156;31;20;333;171
5375;58,25;19,77;0,00;0,00;0,00;0,02;0,00;0,00;243;157;104;44;37;479;255
5376;80,57;327,85;0,00;0,00;0,00;0,33;0,00;0,00;160;119;115;24;37;667;737
5377;82,89;367,67;0,00;0,00;0,00;0,37;0,00;0,00;67;71;163;16;15;988;198
5378;41,72;-101,02;0,00;0,00;0,00;-0,10;0,00;0,00;495;29;60;21;36;600;620
5379;54,23;35,07;0,00;0,00;0,00;0,04;0,00;0,00;424;41;31;13;37;190;952
5380;63,67;211,80;0,00;0,00;0,00;0,21;0,00;0,00;47;101;60;32;33;642;546
5381;51,15;27,91;0,00;0,00;0,00;0,03;0,00;0,00;389;48;78;42;22;957;345
5382;30,38;-257,16;0,00;0,00;0,00;-0,26;0,00;0,00;127;199;106;23;24;711;966
5383;12,74;-369,78;0,00;0,00;0,00;-0,37;0,00;0,00;472;82;101;30;34;184;284
5384;39,22;-120,36;0,00;0,00;0,00;-0,12;0,00;0,00;424;198;158;31;27;660;463
5385;64,22;170,30;0,00;0,00;0,00;0,17;0,00;0,00;298;115;31;11;17;858;995
5386;64,23;155,30;0,00;0,00;0,00;0,16;0,00;0,00;41;133;147;14;36;463;883
5387;55,62;102,12;0,00;0,00;0,00;0,10;0,00;0,00;435;118;176;35;27;587;177
5388;59,40;53,99;0,00;0,00;0,00;0,05;0,00;0,00;385;116;25;21;34;322;476
5389;41,40;-83,99;0,00;0,00;0,00;-0,08;0,00;0,00;276;197;181;47;26;740;518
5390;47,86;-65,64;0,00;0,00;0,00;-0,07;0,00;0,00;165;36;74;30;38;957;941
5391;45,66;-148,78;0,00;0,00;0,00;-0,15;0,00;0,00;336;119;67;24;35;595;429
5392;36,01;-162,79;0,00;0,00;0,00;-0,16;0,00;0,00;12;117;79;26;15;432;591
5393;35,06;-145,27;0,00;0,00;0,00;-0,15;0,00;0,00;72;18;160;17;29;742;194
5394;44,13;-117,94;0,00;0,00;0,00;-0,12;0,00;0,00;436;87;84;46;23;153;173
5395;78,84;241,76;0,00;0,00;0,00;0,24;0,00;0,00;368;186;186;48;35;721;251
5396;86,11;262,19;0,00;0,00;0,00;0,26;0,00;0,00;485;81;39;18;38;541;349
5397;56,70;31,76;0,00;0,00;0,00;0,03;0,00;0,00;52;51;92;35;24;772;359
5398;61,54;229,09;0,00;0,00;0,00;0,23;0,00;0,00;149;159;42;35;27;489;377
5399;37,98;-104,67;0,00;0,00;0,00;-0,10;0,00;0,00;458;163;111;38;38;382;718
5400;72,17;228,30;0,00;0,00;0,00;0,23;0,00;0,00;10;26;57;46;19;544;712
5401;13,33;-345,85;0,00;0,00;0,00;-0,35;0,00;0,00;322;86;56;44;35;395;753
5402;58,99;165,48;0,00;0,00;0,00;0,17;0,00;0,00;470;43;85;43;35;136;686
5403;56,24;64,11;0,00;0,00;0,00;0,06;0,00;0,00;92;103;120;41;34;658;194
5404;46,60;-21,05;0,00;0,00;0,00;-0,02;0,00;0,00;100;148;183;39;21;255;610
5405;55,78;22,13;0,00;0,00;0,00;0,02;0,00;0,00;185;17;80;20;38;387;999
5406;49,37;32,31;0,00;0,00;0,00;0,03;0,00;0,00;60;105;154;20;28;772;724
5407;43,91;-124,15;0,00;0,00;0,00;-0,12;0,00;0,00;257;181;48;39;32;136;941
5408;57,66;1,70;0,00;0,00;0,00;0,00;0,00;0,00;336;24;115;11;38;365;469
5409;46,84;42,50;0,00;0,00;0,00;0,04;0,00;0,00;410;61;11;37;22;959;541
5410;44,39;-53,09;0,00;0,00;0,00;-0,05;0,00;0,00;148;77;74;32;16;463;101
5411;23,30;-237,21;0,00;0,00;0,00;-0,24;0,00;0,00;116;28;143;30;25;331;356
5412;37,01;-193,32;0,00;0,00;0,00;-0,19;0,00;0,00;192;33;152;33;29;451;812
5413;69,88;200,20;0,00;0,00;0,00;0,20;0,00;0,00;85;119;181;11;18;705;255
5414;35,75;-82,16;0,00;0,00;0,00;-0,08;0,00;0,00;297;161;183;32;21;790;335
5415;41,83;-148,97;0,00;0,00;0,00;-0,15;0,00;0,00;258;192;151;42;17;381;700
5416;62,54;58,42;0,00;0,00;0,00;0,06;0,00;0,00;95;103;175;39;36;869;495
5417;74,47;212,15;0,00;0,00;0,00;0,21;0,00;0,00;469;133;10;35;26;577;981
5418;52,59;63,43;0,00;0,00;0,00;0,06;0,00;0,00;186;123;110;40;24;887;726
5419;34,46;-171,55;0,00;0,00;0,00;-0,17;0,00;0,00;346;199;82;17;26;918;729
5420;56,39;81,90;0,00;0,00;0,00;0,08;0,00;0,00;217;94;92;36;24;360;363
5421;31,36;-173,54;0,00;0,00;0,00;-0,17;0,00;0,00;103;160;46;35;23;760;721
5422;59,72;82,28;0,00;0,00;0,00;0,08;0,00;0,00;324;102;112;49;21;581;512
5423;53,11;4,42;0,00;0,00;0,00;0,00;0,00;0,00;242;196;14;13;30;274;138
5424;45,58;-82,55;0,00;0,00;0,00;-0,08;0,00;0,00;270;71;91;39;39;492;216
5425;45,93;-48,45;0,00;0,00;0,00;-0,05;0,00;0,00;108;50;181;30;17;352;847
5426;43,50;-34,34;0,00;0,00;0,00;-0,03;0,00;0,00;407;118;56;41;27;857;286
5427;27,53;-213,31;0,00;0,00;0,00;-0,21;0,00;0,00;54;35;198;27;20;549;186
5428;11,30;-428,24;0,00;0,00;0,00;-0,43;0,00;0,00;299;66;159;19;35;641;419
5429;75,92;283,49;0,00;0,00;0,00;0,28;0,00;0,00;460;183;73;11;17;473;234
5430;50,68;-26,74;0,00;0,00;0,00;-0,03;0,00;0,00;175;147;197;41;25;478;539
5431;42,64;-51,66;0,00;0,00;0,00;-0,05;0,00;0,00;177;10;33;18;39;753;635
5432;53,98;18,23;0,00;0,00;0,00;0,02;0,00;0,00;230;165;27;22;16;116;308
5433;46,80;-63,57;0,00;0,00;0,00;-0,06;0,00;0,00;176;169;139;15;15;820;907
5434;53,13;61,26;0,00;0,00;0,00;0,06;0,00;0,00;93;44;19;31;32;337;261
5435;63,39;181,11;0,00;0,00;0,00;0,18;0,00;0,00;474;87;160;38;30;318;266
5436;67,54;156,64;0,00;0,00;0,00;0,16;0,00;0,00;247;152;23;28;34;761;621
5437;75,58;287,94;0,00;0,00;0,00;0,29;0,00;0,00;212;91;71;14;37;296;124
5438;77,10;310,10;0,00;0,00;0,00;0,31;0,00;0,00;16;22;195;31;32;211;779
5439;53,03;-7,12;0,00;0,00;0,00;-0,01;0,00;0,00;264;142;22;31;28;206;284
5440;45,46;-43,94;0,00;0,00;0,00;-0,04;0,00;0,00;187;59;44;21;29;390;197
5441;62,82;168,85;0,00;0,00;0,00;0,17;0,00;0,00;295;102;74;47;25;719;103
5442;57,20;139,87;0,00;0,00;0,00;0,14;0,00;0,00;361;196;64;18;28;656;708
5443;35,06;-54,36;0,00;0,00;0,00;-0,05;0,00;0,00;144;182;97;35;38;750;211
5444;41,25;-104,46;0,00;0,00;0,00;-0,10;0,00;0,00;486;87;189;14;39;781;622
5445;60,63;172,45;0,00;0,00;0,00;0,17;0,00;0,00;149;132;71;15;28;884;300
5446;58,41;95,61;0,00;0,00;0,00;0,10;0,00;0,00;498;188;104;39;30;341;952
5447;43,80;-11,37;0,00;0,00;0,00;-0,01;0,00;0,00;430;181;170;20;21;850;680
5448;49,33;-30,51;0,00;0,00;0,00;-0,03;0,00;0,00;318;171;92;35;16;835;198
5449;50,88;65,91;0,00;0,00;0,00;0,07;0,00;0,00;236;176;96;36;15;161;780
5450;19,24;-382,69;0,00;0,00;0,00;-0,38;0,00;0,00;464;163;104;38;23;202;947
5451;81,45;311,83;0,00;0,00;0,00;0,31;0,00;0,00;288;195;40;24;15;614;848
5452;60,02;132,09;0,00;0,00;0,00;0,13;0,00;0,00;25;111;138;20;33;958;499
5453;36,51;-146,38;0,00;0,00;0,00;-0,15;0,00;0,00;32;13;196;41;19;960;208
5454;59,41;20,22;0,00;0,00;0,00;0,02;0,00;0,00;209;114;140;49;36;139;585
5455;71,01;107,82;0,00;0,00;0,00;0,11;0,00;0,00;390;83;90;45;29;145;329
5456;49,01;-104,28;0,00;0,00;0,00;-0,10;0,00;0,00;440;122;62;47;20;563;871
5457;36,81;-181,24;0,00;0,00;0,00;-0,18;0,00;0,00;386;135;147;21;35;257;533
5458;40,83;-130,42;0,00;0,00;0,00;-0,13;0,00;0,00;369;95;139;42;22;925;993
5459;38,35;-107,47;0,00;0,00;0,00;-0,11;0,00;0,00;192;73;192;33;30;138;661
5460;31,01;-141,69;0,00;0,00;0,00;-0,14;0,00;0,00;371;15;159;36;33;697;494
5461;86,69;338,54;0,00;0,00;0,00;0,34;0,00;0,00;430;49;51;22;30;955;995
5462;33,95;-191,46;0,00;0,00;0,00;-0,19;0,00;0,00;414;185;171;12;16;541;975
5463;67,29;191,80;0,00;0,00;0,00;0,19;0,00;0,00;398;188;149;32;29;782;260
5464;47,16;6,51;0,00;0,00;0,00;0,01;0,00;0,00;122;133;115;12;29;311;198
5465;19,04;-380,34;0,00;0,00;0,00;-0,38;0,00;0,00;90;77;150;22;23;591;644
5466;38,55;-62,81;0,00;0,00;0,00;-0,06;0,00;0,00;337;194;168;31;26;785;119
5467;57,41;174,20;0,00;0,00;0,00;0,17;0,00;0,00;103;14;154;42;32;465;873
5468;47,13;63,10;0,00;0,00;0,00;0,06;0,00;0,00;335;140;75;25;39;333;747
5469;48,34;-17,14;0,00;0,00;0,00;-0,02;0,00;0,00;367;139;86;19;37;936;860
5470;33,11;-205,22;0,00;0,00;0,00;-0,21;0,00;0,00;96;197;170;49;22;864;959
5471;35,83;-220,04;0,00;0,00;0,00;-0,22;0,00;0,00;196;32;142;11;27;890;618
5472;60,68;-2,93;0,00;0,00;0,00;-0,00;0,00;0,00;149;85;83;36;38;263;190
5473;43,35;-70,26;0,00;0,00;0,00;-0,07;0,00;0,00;488;29;107;43;21;798;994
5474;59,72;128,31;0,00;0,00;0,00;0,13;0,00;0,00;97;124;54;11;20;290;564
5475;64,69;160,62;0,00;0,00;0,00;0,16;0,00;0,00;97;28;124;31;23;702;786
5476;59,64;98,87;0,00;0,00;0,00;0,10;0,00;0,00;146;40;129;23;16;325;276
5477;60,40;111,36;0,00;0,00;0,00;0,11;0,00;0,00;133;136;50;26;24;724;756
5478;57,98;60,90;0,00;0,00;0,00;0,06;0,00;0,00;367;45;197;24;32;299;123
5479;62,71;109,33;0,00;0,00;0,00;0,11;0,00;0,00;273;96;110;23;17;308;782
5480;60,82;131,80;0,00;0,00;0,00;0,13;0,00;0,00;375;114;176;39;20;310;897
5481;63,96;137,33;0,00;0,00;0,00;0,14;0,00;0,00;246;54;105;14;37;679;975
5482;54,45;62,49;0,00;0,00;0,00;0,06;0,00;0,00;84;164;42;27;37;580;538
5483;56,71;54,55;0,00;0,00;0,00;0,05;0,00;0,00;392;40;18;22;34;289;173
5484;47,96;-4,70;0,00;0,00;0,00;-0,00;0,00;0,00;287;17;170;40;26;424;409
5485;60,08;83,06;0,00;0,00;0,00;0,08;0,00;0,00;406;13;62;42;26;839;780
5486;64,24;104,07;0,00;0,00;0,00;0,10;0,00;0,00;483;144;193;19;17;214;145
5487;63,40;151,16;0,00;0,00;0,00;0,15;0,00;0,00;320;39;23;37;17;635;675
5488;47,00;-49,34;0,00;0,00;0,00;-0,05;0,00;0,00;409;28;198;21;19;406;520
5489;85,82;337,58;0,00;0,00;0,00;0,34;0,00;0,00;400;40;105;19;22;425;672
5490;28,23;-168,84;0,00;0,00;0,00;-0,17;0,00;0,00;465;152;67;33;24;426;659
5491;66,37;208,10;0,00;0,00;0,00;0,21;0,00;0,00;73;173;158;26;31;180;977
5492;74,57;220,60;0,00;0,00;0,00;0,22;0,00;0,00;15;176;197;38;15;989;185
5493;31,52;-246,61;0,00;0,00;0,00;-0,25;0,00;0,00;206;120;65;30;19;639;468
5494;50,02;86,68;0,00;0,00;0,00;0,09;0,00;0,00;39;102;103;12;17;675;424
5495;33,68;-159,55;0,00;0,00;0,00;-0,16;0,00;0,00;489;63;179;28;35;844;497
5496;38,11;-146,05;0,00;0,00;0,00;-0,15;0,00;0,00;17;194;28;16;29;720;971
5497;69,79;185,73;0,00;0,00;0,00;0,19;0,00;0,00;390;163;44;34;34;493;470
5498;67,60;190,26;0,00;0,00;0,00;0,19;0,00;0,00;486;179;56;47;27;700;188
5499;12,91;-390,03;0,00;0,00;0,00;-0,39;0,00;0,00;288;138;86;35;36;430;950
5500;25,19;-315,16;0,00;0,00;0,00;-0,32;0,00;0,00;133;157;123;47;30;407;318
5501;30,59;-260,82;0,00;0,00;0,00;-0,26;0,00;0,00;265;183;161;40;29;376;269
5502;73,01;184,94;0,00;0,00;0,00;0,18;0,00;0,00;337;38;94;28;19;685;957
5503;59,27;35,88;0,00;0,00;0,00;0,04;0,00;0,00;133;191;61;30;35;794;552
5504;53,47;80,13;0,00;0,00;0,00;0,08;0,00;0,00;339;87;82;38;24;230;451
5505;54,83;80,06;0,00;0,00;0,00;0,08;0,00;0,00;134;74;133;48;29;339;624
5506;37,14;-100,41;0,00;0,00;0,00;-0,10;0,00;0,00;90;138;60;44;22;985;811
5507;59,80;107,55;0,00;0,00;0,00;0,11;0,00;0,00;105;57;196;41;17;197;825
5508;86,18;363,41;0,00;0,00;0,00;0,36;0,00;0,00;367;177;87;36;36;468;856
5509;33,88;-155,53;0,00;0,00;0,00;-0,16;0,00;0,00;223;97;127;47;23;102;671
5510;36,84;-110,65;0,00;0,00;0,00;-0,11;0,00;0,00;220;60;157;19;26;560;700
5511;37,46;-170,41;0,00;0,00;0,00;-0,17;0,00;0,00;19;29;196;37;28;673;784
5512;31,93;-111,64;0,00;0,00;0,00;-0,11;0,00;0,00;450;130;53;32;27;690;787
5513;59,18;71,16;0,00;0,00;0,00;0,07;0,00;0,00;298;14;106;44;29;986;999
5514;49,28;-0,06;0,00;0,00;0,00;-0,00;0,00;0,00;13;138;130;11;29;570;664
5515;45,88;-101,43;0,00;0,00;0,00;-0,10;0,00;0,00;362;85;48;38;15;210;137
5516;45,21;-68,26;0,00;0,00;0,00;-0,07;0,00;0,00;26;20;109;49;32;198;966
5517;44,19;9,10;0,00;0,00;0,00;0,01;0,00;0,00;314;99;182;38;20;131;567
5518;52,70;8,40;0,00;0,00;0,00;0,01;0,00;0,00;168;179;74;43;22;433;811
5519;72,95;232,25;0,00;0,00;0,00;0,23;0,00;0,00;463;171;159;23;39;220;168
5520;36,76;-136,37;0,00;0,00;0,00;-0,14;0,00;0,00;137;94;79;28;39;824;937
5521;43,25;-63,98;0,00;0,00;0,00;-0,06;0,00;0,00;314;146;165;33;23;103;764
5522;49,51;48,34;0,00;0,00;0,00;0,05;0,00;0,00;96;121;199;34;23;883;870
5523;42,71;-23,75;0,00;0,00;0,00;-0,02;0,00;0,00;300;163;106;22;15;118;140
5524;32,79;-223,68;0,00;0,00;0,00;-0,22;0,00;0,00;11;48;185;49;24;683;947
5525;56,49;66,87;0,00;0,00;0,00;0,07;0,00;0,00;447;19;182;11;26;299;589
5526;39,01;-189,46;0,00;0,00;0,00;-0,19;0,00;0,00;21;20;105;32;20;475;365
5527;53,06;-29,08;0,00;0,00;0,00;-0,03;0,00;0,00;490;113;68;40;31;357;383
5528;16,28;-344,21;0,00;0,00;0,00;-0,34;0,00;0,00;173;32;51;21;21;976;328
5529;41,08;-140,94;0,00;0,00;0,00;-0,14;0,00;0,00;147;179;64;41;37;670;204
5530;34,02;-170,05;0,00;0,00;0,00;-0,17;0,00;0,00;311;122;46;12;39;156;638
5531;51,86;-17,99;0,00;0,00;0,00;-0,02;0,00;0,00;400;164;101;30;24;129;695
5532;37,67;-21,48;0,00;0,00;0,00;-0,02;0,00;0,00;18;127;142;35;18;601;688
5533;84,55;454,17;0,00;0,00;0,00;0,45;0,00;0,00;61;134;182;38;37;621;437
5534;66,27;139,00;0,00;0,00;0,00;0,14;0,00;0,00;235;71;193;16;18;866;829
5535;48,99;-70,57;0,00;0,00;0,00;-0,07;0,00;0,00;409;19;23;46;31;377;106
5536;49,60;-68,57;0,00;0,00;0,00;-0,07;0,00;0,00;249;87;39;11;16;771;741
5537;65,76;194,43;0,00;0,00;0,00;0,19;0,00;0,00;272;36;170;12;30;929;942
5538;33,84;-145,96;0,00;0,00;0,00;-0,15;0,00;0,00;268;138;43;33;25;686;416
5539;56,17;64,36;0,00;0,00;0,00;0,06;0,00;0,00;390;79;140;33;24;368;155
5540;19,24;-288,54;0,00;0,00;0,00;-0,29;0,00;0,00;326;100;116;28;27;937;902
5541;54,97;-64,58;0,00;0,00;0,00;-0,06;0,00;0,00;49;182;24;45;28;853;755
5542;51,09;52,89;0,00;0,00;0,00;0,05;0,00;0,00;57;184;22;22;18;965;884
5543;56,13;104,45;0,00;0,00;0,00;0,10;0,00;0,00;104;90;167;14;35;903;768
5544;23,63;-216,55;0,00;0,00;0,00;-0,22;0,00;0,00;412;158;158;45;37;200;694
5545;44,87;-95,39;0,00;0,00;0,00;-0,10;0,00;0,00;70;63;69;39;19;580;917
5546;68,66;135,66;0,00;0,00;0,00;0,14;0,00;0,00;415;116;165;39;35;978;969
5547;56,31;43,75;0,00;0,00;0,00;0,04;0,00;0,00;488;108;120;40;18;374;668
5548;46,33;-45,28;0,00;0,00;0,00;-0,05;0,00;0,00;304;175;39;33;15;341;170
5549;68,40;128,54;0,00;0,00;0,00;0,13;0,00;0,00;203;71;127;38;24;557;422
5550;59,66;59,31;0,00;0,00;0,00;0,06;0,00;0,00;24;81;41;12;33;501;601
5551;44,31;-94,99;0,00;0,00;0,00;-0,09;0,00;0,00;159;39;195;47;38;654;601
5552;55,52;6,32;0,00;0,00;0,00;0,01;0,00;0,00;132;112;149;16;36;632;440
5553;53,22;-20,87;0,00;0,00;0,00;-0,02;0,00;0,00;258;172;87;41;33;284;933
5554;33,88;-122,18;0,00;0,00;0,00;-0,12;0,00;0,00;137;95;142;43;33;630;534
5555;42,34;-41,59;0,00;0,00;0,00;-0,04;0,00;0,00;379;142;63;12;30;180;567
5556;40,49;-27,36;0,00;0,00;0,00;-0,03;0,00;0,00;202;181;67;13;16;186;542
5557;67,84;146,56;0,00;0,00;0,00;0,15;0,00;0,00;52;66;181;47;39;329;895
5558;25,19;-284,48;0,00;0,00;0,00;-0,28;0,00;0,00;56;71;49;30;28;398;992
5559;47,41;6,74;0,00;0,00;0,00;0,01;0,00;0,00;172;134;165;21;38;903;745
5560;29,80;-151,49;0,00;0,00;0,00;-0,15;0,00;0,00;232;168;117;38;27;394;354
5561;42,89;-30,11;0,00;0,00;0,00;-0,03;0,00;0,00;343;111;108;17;17;136;899
5562;28,91;-197,35;0,00;0,00;0,00;-0,20;0,00;0,00;39;197;108;17;20;767;939
5563;58,76;107,32;0,00;0,00;0,00;0,11;0,00;0,00;52;76;134;26;39;591;810
5564;45,53;9,35;0,00;0,00;0,00;0,01;0,00;0,00;88;167;46;18;36;362;413
5565;43,61;-32,29;0,00;0,00;0,00;-0,03;0,00;0,00;98;87;199;22;38;923;405
5566;61,76;187,39;0,00;0,00;0,00;0,19;0,00;0,00;230;55;30;32;38;510;413
5567;39,67;-102,16;0,00;0,00;0,00;-0,10;0,00;0,00;120;145;60;26;24;389;322
5568;53,88;76,49;0,00;0,00;0,00;0,08;0,00;0,00;278;181;54;40;22;661;712
5569;46,50;-38,99;0,00;0,00;0,00;-0,04;0,00;0,00;55;168;177;39;17;351;767
5570;22,62;-349,64;0,00;0,00;0,00;-0,35;0,00;0,00;201;127;14;16;16;901;362
5571;55,38;111,02;0,00;0,00;0,00;0,11;0,00;0,00;92;180;189;22;17;180;876
5572;60,16;159,43;0,00;0,00;0,00;0,16;0,00;0,00;266;55;80;32;32;477;103
5573;41,94;-118,55;0,00;0,00;0,00;-0,12;0,00;0,00;159;144;173;47;29;958;459
5574;59,37;87,37;0,00;0,00;0,00;0,09;0,00;0,00;408;10;152;38;34;455;487
5575;53,83;13,73;0,00;0,00;0,00;0,01;0,00;0,00;12;148;143;26;23;808;293
5576;43,14;-55,30;0,00;0,00;0,00;-0,06;0,00;0,00;12;96;141;10;27;915;713
5577;70,29;198,61;0,00;0,00;0,00;0,20;0,00;0,00;153;86;187;39;24;696;602
5578;58,38;16,86;0,00;0,00;0,00;0,02;0,00;0,00;26;88;55;29;25;983;827
5579;54,59;81,77;0,00;0,00;0,00;0,08;0,00;0,00;479;183;196;38;35;118;532
5580;70,89;180,21;0,00;0,00;0,00;0,18;0,00;0,00;200;121;103;12;16;370;118
5581;25,06;-243,58;0,00;0,00;0,00;-0,24;0,00;0,00;256;25;102;23;20;753;269
5582;40,76;-135,20;0,00;0,00;0,00;-0,14;0,00;0,00;375;195;142;25;28;581;796
5583;56,47;72,57;0,00;0,00;0,00;0,07;0,00;0,00;179;139;38;40;34;676;141
5584;31,03;-182,02;0,00;0,00;0,00;-0,18;0,00;0,00;142;151;135;26;31;593;493
5585;80,16;277,54;0,00;0,00;0,00;0,28;0,00;0,00;252;120;16;11;32;966;108
5586;46,48;15,65;0,00;0,00;0,00;0,02;0,00;0,00;129;48;59;41;15;955;901
5587;18,78;-383,49;0,00;0,00;0,00;-0,38;0,00;0,00;189;126;84;44;28;647;152
5588;47,53;1,78;0,00;0,00;0,00;0,00;0,00;0,00;483;131;68;10;21;244;963
5589;36,09;-108,95;0,00;0,00;0,00;-0,11;0,00;0,00;67;72;186;26;30;745;166
5590;45,29;3,52;0,00;0,00;0,00;0,00;0,00;0,00;71;143;196;31;33;911;566
5591;52,05;19,81;0,00;0,00;0,00;0,02;0,00;0,00;38;172;13;19;31;958;488
5592;67,04;137,22;0,00;0,00;0,00;0,14;0,00;0,00;22;36;157;45;26;255;682
5593;32,82;-131,03;0,00;0,00;0,00;-0,13;0,00;0,00;346;61;98;17;16;271;763
5594;32,80;-180,05;0,00;0,00;0,00;-0,18;0,00;0,00;85;78;47;28;26;942;470
5595;40,82;-94,85;0,00;0,00;0,00;-0,09;0,00;0,00;373;170;195;13;37;723;931
5596;36,04;-108,31;0,00;0,00;0,00;-0,11;0,00;0,00;101;18;47;36;15;180;203
5597;45,08;-1,98;0,00;0,00;0,00;-0,00;0,00;0,00;430;145;96;45;23;226;299
5598;29,26;-178,72;0,00;0,00;0,00;-0,18;0,00;0,00;36;32;77;49;15;495;878
5599;28,70;-145,50;0,00;0,00;0,00;-0,15;0,00;0,00;371;21;147;22;28;979;724
5600;54,79;22,42;0,00;0,00;0,00;0,02;0,00;0,00;185;192;46;38;31;930;123
5601;48,97;-21,17;0,00;0,00;0,00;-0,02;0,00;0,00;117;26;156;25;31;546;908
5602;64,23;103,06;0,00;0,00;0,00;0,10;0,00;0,00;74;30;39;49;37;376;957
5603;37,75;-196,91;0,00;0,00;0,00;-0,20;0,00;0,00;214;187;29;48;32;589;599
5604;51,88;-28,76;0,00;0,00;0,00;-0,03;0,00;0,00;252;125;181;24;34;234;823
5605;45,48;-3,73;0,00;0,00;0,00;-0,00;0,00;0,00;441;15;87;19;29;333;807
5606;36,44;-4,43;0,00;0,00;0,00;-0,00;0,00;0,00;223;86;116;25;28;943;962
5607;50,84;-47,10;0,00;0,00;0,00;-0,05;0,00;0,00;66;169;68;21;15;146;491
5608;72,77;242,91;0,00;0,00;0,00;0,24;0,00;0,00;142;94;125;13;35;985;507
5609;55,56;140,43;0,00;0,00;0,00;0,14;0,00;0,00;390;109;190;10;35;141;893
5610;36,17;-70,51;0,00;0,00;0,00;-0,07;0,00;0,00;237;21;29;23;19;463;748
5611;49,47;-86,94;0,00;0,00;0,00;-0,09;0,00;0,00;343;63;24;30;36;536;899
5612;60,33;133,20;0,00;0,00;0,00;0,13;0,00;0,00;52;191;199;27;25;436;370
5613;39,62;-98,92;0,00;0,00;0,00;-0,10;0,00;0,00;138;41;68;29;34;209;765
5614;73,25;314,30;0,00;0,00;0,00;0,31;0,00;0,00;250;79;147;39;33;417;607
5615;71,62;218,88;0,00;0,00;0,00;0,22;0,00;0,00;327;193;89;46;32;754;384
5616;36,84;-101,83;0,00;0,00;0,00;-0,10;0,00;0,00;256;13;43;39;32;988;290
5617;48,96;-25,72;0,00;0,00;0,00;-0,03;0,00;0,00;402;13;137;33;26;850;853
5618;66,04;125,83;0,00;0,00;0,00;0,13;0,00;0,00;199;76;115;29;21;338;191
5619;71,15;238,12;0,00;0,00;0,00;0,24;0,00;0,00;102;81;96;12;31;818;134
5620;78,01;271,04;0,00;0,00;0,00;0,27;0,00;0,00;165;148;119;21;35;793;900
5621;51,15;75,66;0,00;0,00;0,00;0,08;0,00;0,00;365;108;172;24;23;348;964
5622;22,21;-322,69;0,00;0,00;0,00;-0,32;0,00;0,00;36;73;103;13;29;128;426
5623;57,83;90,19;0,00;0,00;0,00;0,09;0,00;0,00;175;199;67;25;20;859;680
5624;57,37;71,86;0,00;0,00;0,00;0,07;0,00;0,00;189;101;27;37;22;557;830
5625;62,23;224,97;0,00;0,00;0,00;0,22;0,00;0,00;158;88;66;16;23;928;896
5626;29,86;-229,82;0,00;0,00;0,00;-0,23;0,00;0,00;169;42;92;36;39;451;974
5627;37,48;-184,73;0,00;0,00;0,00;-0,18;0,00;0,00;316;134;73;37;28;441;799
5628;20,59;-253,78;0,00;0,00;0,00;-0,25;0,00;0,00;405;15;112;20;22;279;917
5629;26,51;-202,05;0,00;0,00;0,00;-0,20;0,00;0,00;482;27;195;20;29;105;127
5630;46,52;50,16;0,00;0,00;0,00;0,05;0,00;0,00;323;128;87;41;15;684;865
5631;40,77;-22,57;0,00;0,00;0,00;-0,02;0,00;0,00;17;30;125;24;35;526;514
5632;59,72;138,89;0,00;0,00;0,00;0,14;0,00;0,00;245;115;54;19;16;687;464
5633;45,27;-103,56;0,00;0,00;0,00;-0,10;0,00;0,00;333;79;146;37;32;462;428
5634;30,58;-288,05;0,00;0,00;0,00;-0,29;0,00;0,00;123;14;132;23;16;674;699
5635;50,78;-58,26;0,00;0,00;0,00;-0,06;0,00;0,00;392;46;31;33;17;408;701
5636;24,51;-245,45;0,00;0,00;0,00;-0,25;0,00;0,00;38;144;41;42;34;360;747
5637;36,02;-168,88;0,00;0,00;0,00;-0,17;0,00;0,00;76;139;164;11;27;540;835
5638;22,56;-251,76;0,00;0,00;0,00;-0,25;0,00;0,00;389;80;122;20;20;572;221
5639;74,07;177,82;0,00;0,00;0,00;0,18;0,00;0,00;180;71;161;43;25;889;101
5640;35,02;-157,42;0,00;0,00;0,00;-0,16;0,00;0,00;466;91;187;28;19;605;378
5641;41,13;-65,99;0,00;0,00;0,00;-0,07;0,00;0,00;469;173;169;47;35;973;397
5642;56,01;159,75;0,00;0,00;0,00;0,16;0,00;0,00;465;62;139;15;35;291;240
5643;70,60;154,04;0,00;0,00;0,00;0,15;0,00;0,00;95;40;128;39;28;600;626
5644;21,42;-316,34;0,00;0,00;0,00;-0,32;0,00;0,00;204;170;136;21;17;415;840
5645;61,38;61,13;0,00;0,00;0,00;0,06;0,00;0,00;255;104;23;35;23;842;804
5646;54,38;27,05;0,00;0,00;0,00;0,03;0,00;0,00;190;136;191;11;21;353;434
5647;49,14;-54,96;0,00;0,00;0,00;-0,05;0,00;0,00;285;82;29;13;19;670;188
5648;43,08;-73,26;0,00;0,00;0,00;-0,07;0,00;0,00;290;44;38;44;31;316;851
5649;78,13;279,58;0,00;0,00;0,00;0,28;0,00;0,00;260;41;174;23;28;912;401
5650;68,45;197,86;0,00;0,00;0,00;0,20;0,00;0,00;127;142;148;34;35;653;768
5651;34,40;-47,06;0,00;0,00;0,00;-0,05;0,00;0,00;481;80;169;21;38;544;200
5652;67,65;203,25;0,00;0,00;0,00;0,20;0,00;0,00;408;108;74;14;17;762;725
5653;66,56;100,55;0,00;0,00;0,00;0,10;0,00;0,00;319;179;84;11;39;629;753
5654;37,37;-96,74;0,00;0,00;0,00;-0,10;0,00;0,00;24;125;199;27;15;508;995
5655;43,61;41,17;0,00;0,00;0,00;0,04;0,00;0,00;13;149;121;13;34;161;319
5656;40,05;-207,08;0,00;0,00;0,00;-0,21;0,00;0,00;303;135;162;24;21;117;886
5657;57,83;138,80;0,00;0,00;0,00;0,14;0,00;0,00;30;108;111;47;20;796;666
5658;66,29;121,91;0,00;0,00;0,00;0,12;0,00;0,00;160;64;101;43;34;382;365
5659;60,06;141,04;0,00;0,00;0,00;0,14;0,00;0,00;23;195;32;37;23;982;288
5660;67,12;169,37;0,00;0,00;0,00;0,17;0,00;0,00;157;58;180;25;25;327;478
5661;78,59;307,01;0,00;0,00;0,00;0,31;0,00;0,00;263;71;185;37;28;386;852
5662;61,33;135,46;0,00;0,00;0,00;0,14;0,00;0,00;15;92;153;33;22;202;431
5663;93,99;536,51;0,00;0,00;0,00;0,54;0,00;0,00;201;64;181;23;38;274;987
5664;67,07;277,88;0,00;0,00;0,00;0,28;0,00;0,00;322;165;192;22;37;811;528
5665;58,44;93,45;0,00;0,00;0,00;0,09;0,00;0,00;496;97;40;19;39;721;398
5666;54,60;58,05;0,00;0,00;0,00;0,06;0,00;0,00;369;164;38;10;23;705;880
5667;52,12;44,45;0,00;0,00;0,00;0,04;0,00;0,00;189;51;41;34;37;833;914
5668;63,41;142,68;0,00;0,00;0,00;0,14;0,00;0,00;420;173;108;32;23;823;336
5669;29,03;-194,42;0,00;0,00;0,00;-0,19;0,00;0,00;478;15;50;33;30;932;426
5670;33,33;-162,65;0,00;0,00;0,00;-0,16;0,00;0,00;212;87;148;10;30;702;619
5671;76,80;281,11;0,00;0,00;0,00;0,28;0,00;0,00;384;146;100;13;24;819;432
5672;60,90;147,93;0,00;0,00;0,00;0,15;0,00;0,00;154;105;15;17;22;407;387
5673;51,58;-26,11;0,00;0,00;0,00;-0,03;0,00;0,00;323;159;82;27;16;975;365
5674;72,39;265,50;0,00;0,00;0,00;0,27;0,00;0,00;152;132;27;18;20;380;327
5675;48,51;69,13;0,00;0,00;0,00;0,07;0,00;0,00;461;152;119;17;24;127;634
5676;41,38;-98,20;0,00;0,00;0,00;-0,10;0,00;0,00;118;187;15;30;17;690;869
5677;22,87;-330,51;0,00;0,00;0,00;-0,33;0,00;0,00;24;90;94;37;27;796;254
5678;46,28;-65,57;0,00;0,00;0,00;-0,07;0,00;0,00;351;62;94;41;25;886;940
5679;64,89;231,43;0,00;0,00;0,00;0,23;0,00;0,00;359;58;54;19;24;113;983
5680;79,94;271,58;0,00;0,00;0,00;0,27;0,00;0,00;369;135;64;24;28;431;425
5681;25,74;-247,53;0,00;0,00;0,00;-0,25;0,00;0,00;73;126;70;35;31;626;378
5682;41,08;-78,21;0,00;0,00;0,00;-0,08;0,00;0,00;116;127;199;45;33;914;616
5683;58,62;94,54;0,00;0,00;0,00;0,09;0,00;0,00;59;80;177;20;39;206;380
5684;56,10;92,76;0,00;0,00;0,00;0,09;0,00;0,00;445;17;164;47;35;990;617
5685;61,47;126,00;0,00;0,00;0,00;0,13;0,00;0,00;66;10;61;16;38;567;175
5686;19,82;-265,58;0,00;0,00;0,00;-0,27;0,00;0,00;269;91;72;41;39;416;708
5687;44,16;-85,36;0,00;0,00;0,00;-0,09;0,00;0,00;243;32;114;26;30;171;481
5688;58,91;160,06;0,00;0,00;0,00;0,16;0,00;0,00;233;55;27;23;32;333;457
5689;75,99;242,99;0,00;0,00;0,00;0,24;0,00;0,00;282;142;168;23;16;289;787
5690;58,86;27,10;0,00;0,00;0,00;0,03;0,00;0,00;105;23;77;28;22;791;320
5691;27,21;-214,68;0,00;0,00;0,00;-0,21;0,00;0,00;34;116;171;17;20;980;339
5692;42,28;-154,94;0,00;0,00;0,00;-0,15;0,00;0,00;461;29;109;21;22;411;303
5693;40,24;-186,16;0,00;0,00;0,00;-0,19;0,00;0,00;374;49;197;20;39;631;810
5694;40,66;-135,97;0,00;0,00;0,00;-0,14;0,00;0,00;40;54;30;22;16;207;591
5695;28,85;-213,34;0,00;0,00;0,00;-0,21;0,00;0,00;165;167;194;34;16;893;985
5696;93,04;388,19;0,00;0,00;0,00;0,39;0,00;0,00;496;145;75;25;15;426;305
5697;49,45;-66,78;0,00;0,00;0,00;-0,07;0,00;0,00;451;198;157;14;25;854;873
5698;56,36;96,96;0,00;0,00;0,00;0,10;0,00;0,00;108;73;23;33;34;171;381
5699;88,10;410,54;0,00;0,00;0,00;0,41;0,00;0,00;182;56;42;26;27;633;596
5700;62,50;79,18;0,00;0,00;0,00;0,08;0,00;0,00;461;68;88;43;39;731;256
5701;49,52;-36,43;0,00;0,00;0,00;-0,04;0,00;0,00;362;138;136;17;39;639;238
5702;37,21;-169,24;0,00;0,00;0,00;-0,17;0,00;0,00;103;17;176;49;17;777;894
5703;40,87;-129,77;0,00;0,00;0,00;-0,13;0,00;0,00;253;40;113;40;35;599;186
5704;15,58;-295,30;0,00;0,00;0,00;-0,30;0,00;0,00;496;31;96;39;34;360;247
5705;46,59;-21,82;0,00;0,00;0,00;-0,02;0,00;0,00;143;152;84;40;31;946;604
5706;11,33;-531,00;0,00;0,00;0,00;-0,53;0,00;0,00;38;11;133;48;25;706;241
5707;68,27;241,58;0,00;0,00;0,00;0,24;0,00;0,00;442;24;121;35;37;617;284
5708;60,18;136,85;0,00;0,00;0,00;0,14;0,00;0,00;186;72;39;36;18;141;123
5709;58,78;84,48;0,00;0,00;0,00;0,08;0,00;0,00;121;119;128;15;37;510;276
5710;51,98;118,92;0,00;0,00;0,00;0,12;0,00;0,00;25;24;37;39;22;352;561
5711;59,17;138,99;0,00;0,00;0,00;0,14;0,00;0,00;73;80;136;42;20;992;918
5712;37,80;-165,93;0,00;0,00;0,00;-0,17;0,00;0,00;314;193;36;47;34;127;452
5713;70,00;139,30;0,00;0,00;0,00;0,14;0,00;0,00;102;70;46;10;21;345;592
5714;55,48;57,11;0,00;0,00;0,00;0,06;0,00;0,00;273;119;184;15;29;636;513
5715;67,05;156,42;0,00;0,00;0,00;0,16;0,00;0,00;40;32;174;15;16;381;467
5716;41,52;-33,18;0,00;0,00;0,00;-0,03;0,00;0,00;173;151;114;27;28;693;212
5717;41,87;-26,97;0,00;0,00;0,00;-0,03;0,00;0,00;497;152;154;39;37;315;455
5718;12,78;-464,65;0,00;0,00;0,00;-0,46;0,00;0,00;72;154;138;20;26;832;912
5719;43,57;23,51;0,00;0,00;0,00;0,02;0,00;0,00;316;158;48;38;31;198;253
5720;76,79;169,39;0,00;0,00;0,00;0,17;0,00;0,00;33;159;53;30;38;404;862
5721;48,28;-59,12;0,00;0,00;0,00;-0,06;0,00;0,00;253;73;77;14;33;312;557
5722;41,60;-201,50;0,00;0,00;0,00;-0,20;0,00;0,00;370;75;42;43;19;158;344
5723;49,82;-70,26;0,00;0,00;0,00;-0,07;0,00;0,00;481;147;110;18;21;126;945
5724;65,10;154,38;0,00;0,00;0,00;0,15;0,00;0,00;190;52;130;15;38;991;189
5725;50,92;-15,20;0,00;0,00;0,00;-0,02;0,00;0,00;350;186;12;33;18;773;819
5726;51,19;63,13;0,00;0,00;0,00;0,06;0,00;0,00;162;114;179;19;21;728;861
5727;69,23;238,80;0,00;0,00;0,00;0,24;0,00;0,00;406;162;15;44;22;303;752
5728;33,81;-164,62;0,00;0,00;0,00;-0,16;0,00;0,00;479;108;31;11;36;419;994
5729;41,51;-153,33;0,00;0,00;0,00;-0,15;0,00;0,00;437;138;60;45;17;441;588
5730;60,79;133,06;0,00;0,00;0,00;0,13;0,00;0,00;179;177;118;18;28;211;706
5731;33,36;-118,77;0,00;0,00;0,00;-0,12;0,00;0,00;114;96;178;46;37;783;102
5732;34,61;-167,31;0,00;0,00;0,00;-0,17;0,00;0,00;252;21;180;25;37;898;354
5733;46,92;-31,14;0,00;0,00;0,00;-0,03;0,00;0,00;39;83;35;27;24;829;875
5734;75,09;356,70;0,00;0,00;0,00;0,36;0,00;0,00;48;139;124;39;25;792;161
5735;58,10;134,94;0,00;0,00;0,00;0,13;0,00;0,00;180;191;198;36;29;310;779
5736;46,41;-128,20;0,00;0,00;0,00;-0,13;0,00;0,00;221;169;27;45;21;173;179
5737;58,63;128,37;0,00;0,00;0,00;0,13;0,00;0,00;271;161;152;16;26;998;400
5738;52,07;15,62;0,00;0,00;0,00;0,02;0,00;0,00;363;122;96;31;29;209;373
5739;45,17;-30,29;0,00;0,00;0,00;-0,03;0,00;0,00;169;198;72;29;30;983;667
5740;34,27;-159,39;0,00;0,00;0,00;-0,16;0,00;0,00;356;197;48;43;16;982;302
5741;66,57;140,54;0,00;0,00;0,00;0,14;0,00;0,00;192;115;83;49;30;309;270
5742;54,18;66,71;0,00;0,00;0,00;0,07;0,00;0,00;94;100;152;38;31;724;605
5743;73,53;208,89;0,00;0,00;0,00;0,21;0,00;0,00;243;57;179;46;31;788;433
5744;54,86;-30,79;0,00;0,00;0,00;-0,03;0,00;0,00;432;170;109;29;17;233;963
5745;39,32;-131,51;0,00;0,00;0,00;-0,13;0,00;0,00;205;29;157;33;19;388;588
5746;38,56;-111,03;0,00;0,00;0,00;-0,11;0,00;0,00;160;170;115;26;30;175;167
5747;53,86;162,88;0,00;0,00;0,00;0,16;0,00;0,00;396;21;19;49;33;178;596
5748;31,79;-177,14;0,00;0,00;0,00;-0,18;0,00;0,00;179;59;123;44;34;422;939
5749;43,03;-52,34;0,00;0,00;0,00;-0,05;0,00;0,00;304;32;189;16;34;607;642
5750;68,31;185,17;0,00;0,00;0,00;0,19;0,00;0,00;474;123;11;17;21;471;647
5751;44,49;15,36;0,00;0,00;0,00;0,02;0,00;0,00;391;105;102;35;37;711;238
5752;38,57;-173,06;0,00;0,00;0,00;-0,17;0,00;0,00;402;76;94;29;15;651;821
5753;52,99;64,00;0,00;0,00;0,00;0,06;0,00;0,00;104;57;21;46;30;243;390
5754;25,73;-264,59;0,00;0,00;0,00;-0,26;0,00;0,00;236;138;29;36;30;617;969
5755;66,80;243,68;0,00;0,00;0,00;0,24;0,00;0,00;286;13;48;24;32;223;804
5756;40,94;-82,76;0,00;0,00;0,00;-0,08;0,00;0,00;373;23;175;43;15;752;917
5757;47,76;-51,81;0,00;0,00;0,00;-0,05;0,00;0,00;465;138;64;36;37;460;150
5758;56,14;50,22;0,00;0,00;0,00;0,05;0,00;0,00;444;46;164;48;39;307;850
5759;66,83;169,03;0,00;0,00;0,00;0,17;0,00;0,00;347;141;158;30;39;255;994
5760;54,65;40,21;0,00;0,00;0,00;0,04;0,00;0,00;381;63;98;18;21;358;765
5761;46,68;-115,51;0,00;0,00;0,00;-0,12;0,00;0,00;409;41;21;34;21;177;950
5762;50,13;50,14;0,00;0,00;0,00;0,05;0,00;0,00;76;185;174;19;21;989;538
5763;49,19;-12,72;0,00;0,00;0,00;-0,01;0,00;0,00;179;145;185;33;31;995;869
5764;34,17;-187,77;0,00;0,00;0,00;-0,19;0,00;0,00;469;57;88;37;19;240;782
5765;60,27;166,18;0,00;0,00;0,00;0,17;0,00;0,00;470;143;173;10;39;721;232
5766;34,91;-150,16;0,00;0,00;0,00;-0,15;0,00;0,00;299;75;177;24;27;635;438
5767;55,19;-31,04;0,00;0,00;0,00;-0,03;0,00;0,00;265;179;27;34;39;282;352
5768;55,60;66,80;0,00;0,00;0,00;0,07;0,00;0,00;365;152;91;48;35;308;307
5769;66,04;119,69;0,00;0,00;0,00;0,12;0,00;0,00;59;156;121;25;33;485;549
5770;64,22;170,84;0,00;0,00;0,00;0,17;0,00;0,00;20;26;144;19;26;563;917
5771;39,79;-152,15;0,00;0,00;0,00;-0,15;0,00;0,00;339;24;21;45;33;147;960
5772;23,37;-231,41;0,00;0,00;0,00;-0,23;0,00;0,00;345;176;133;37;23;505;641
5773;51,55;44,40;0,00;0,00;0,00;0,04;0,00;0,00;202;153;191;38;30;222;973
5774;66,10;281,00;0,00;0,00;0,00;0,28;0,00;0,00;163;163;194;14;27;342;886
5775;43,73;-62,80;0,00;0,00;0,00;-0,06;0,00;0,00;423;130;76;48;29;386;270
5776;52,45;74,55;0,00;0,00;0,00;0,07;0,00;0,00;122;136;140;17;16;157;323
5777;63,28;158,08;0,00;0,00;0,00;0,16;0,00;0,00;414;106;145;47;32;283;178
5778;37,64;-148,90;0,00;0,00;0,00;-0,15;0,00;0,00;363;186;28;23;26;421;398
5779;62,48;178,04;0,00;0,00;0,00;0,18;0,00;0,00;26;54;73;28;17;660;574
5780;57,06;57,25;0,00;0,00;0,00;0,06;0,00;0,00;86;157;114;33;32;966;769
5781;46,17;74,88;0,00;0,00;0,00;0,07;0,00;0,00;328;160;34;38;26;732;818
5782;58,64;49,55;0,00;0,00;0,00;0,05;0,00;0,00;355;159;62;25;37;777;767
5783;55,72;118,16;0,00;0,00;0,00;0,12;0,00;0,00;475;126;195;47;17;261;496
5784;65,22;201,69;0,00;0,00;0,00;0,20;0,00;0,00;32;102;116;23;35;810;375
5785;43,17;-149,06;0,00;0,00;0,00;-0,15;0,00;0,00;231;171;73;43;31;969;376
5786;63,78;153,30;0,00;0,00;0,00;0,15;0,00;0,00;236;153;58;43;15;818;390
5787;69,98;199,81;0,00;0,00;0,00;0,20;0,00;0,00;366;73;179;24;30;552;352
5788;54,01;64,46;0,00;0,00;0,00;0,06;0,00;0,00;124;143;10;28;26;415;817
5789;52,01;-23,08;0,00;0,00;0,00;-0,02;0,00;0,00;82;102;54;28;18;930;569
5790;63,73;59,76;0,00;0,00;0,00;0,06;0,00;0,00;103;140;95;28;34;354;620
5791;71,61;243,65;0,00;0,00;0,00;0,24;0,00;0,00;464;26;158;42;26;510;979
5792;75,52;203,45;0,00;0,00;0,00;0,20;0,00;0,00;454;58;190;29;19;126;820
5793;49,27;-8,10;0,00;0,00;0,00;-0,01;0,00;0,00;454;70;67;39;34;250;727
5794;76,25;282,82;0,00;0,00;0,00;0,28;0,00;0,00;373;126;85;44;31;636;523
5795;56,15;66,47;0,00;0,00;0,00;0,07;0,00;0,00;315;26;193;37;35;365;720
5796;93,26;448,21;0,00;0,00;0,00;0,45;0,00;0,00;85;129;88;45;29;821;692
5797;46,02;-44,44;0,00;0,00;0,00;-0,04;0,00;0,00;330;151;17;28;22;534;997
5798;0,00;-516,87;0,00;0,00;0,00;-0,52;0,00;0,00;420;67;88;36;35;472;154
5799;63,41;185,80;0,00;0,00;0,00;0,19;0,00;0,00;158;133;157;17;20;277;548
5800;60,74;79,97;0,00;0,00;0,00;0,08;0,00;0,00;338;42;125;24;37;202;733
5801;68,98;270,75;0,00;0,00;0,00;0,27;0,00;0,00;300;184;177;11;25;531;646
5802;39,99;-80,62;0,00;0,00;0,00;-0,08;0,00;0,00;442;168;193;46;24;841;142
5803;36,10;-142,41;0,00;0,00;0,00;-0,14;0,00;0,00;467;147;19;38;18;614;635
5804;43,06;-54,93;0,00;0,00;0,00;-0,05;0,00;0,00;357;45;52;19;37;475;593
5805;30,51;-214,63;0,00;0,00;0,00;-0,21;0,00;0,00;457;183;112;23;32;596;366
5806;44,97;-0,90;0,00;0,00;0,00;-0,00;0,00;0,00;106;18;144;13;32;206;730
5807;45,57;-56,76;0,00;0,00;0,00;-0,06;0,00;0,00;192;24;82;17;18;535;588
5808;54,13;14,35;0,00;0,00;0,00;0,01;0,00;0,00;252;99;189;13;15;994;618
5809;37,31;-170,57;0,00;0,00;0,00;-0,17;0,00;0,00;264;197;165;21;28;980;833
5810;82,73;240,82;0,00;0,00;0,00;0,24;0,00;0,00;479;37;150;24;20;967;634
5811;53,17;43,35;0,00;0,00;0,00;0,04;0,00;0,00;180;166;189;45;29;595;385
5812;56,85;119,92;0,00;0,00;0,00;0,12;0,00;0,00;108;77;81;20;23;728;816
5813;22,80;-285,44;0,00;0,00;0,00;-0,29;0,00;0,00;376;100;120;39;35;271;863
5814;95,11;425,11;0,00;0,00;0,00;0,43;0,00;0,00;147;185;81;38;37;758;546
5815;54,25;20,42;0,00;0,00;0,00;0,02;0,00;0,00;215;128;83;17;21;713;489
5816;53,33;120,05;0,00;0,00;0,00;0,12;0,00;0,00;133;23;115;19;25;424;517
5817;70,29;205,15;0,00;0,00;0,00;0,21;0,00;0,00;304;51;161;14;31;188;178
5818;64,48;210,81;0,00;0,00;0,00;0,21;0,00;0,00;399;45;123;16;15;304;411
5819;68,94;222,35;0,00;0,00;0,00;0,22;0,00;0,00;413;26;132;25;30;962;298
5820;85,69;353,46;0,00;0,00;0,00;0,35;0,00;0,00;225;81;163;33;34;659;776
5821;71,54;239,00;0,00;0,00;0,00;0,24;0,00;0,00;75;199;194;34;38;402;485
5822;34,62;-177,98;0,00;0,00;0,00;-0,18;0,00;0,00;419;27;29;32;38;116;622
5823;49,91;100,73;0,00;0,00;0,00;0,10;0,00;0,00;122;78;173;47;19;564;402
5824;35,37;-110,76;0,00;0,00;0,00;-0,11;0,00;0,00;269;46;137;29;16;536;506
5825;38,49;-102,31;0,00;0,00;0,00;-0,10;0,00;0,00;347;66;194;26;16;982;313
5826;27,11;-273,28;0,00;0,00;0,00;-0,27;0,00;0,00;34;86;32;39;34;462;744
5827;72,45;288,02;0,00;0,00;0,00;0,29;0,00;0,00;206;26;61;48;17;502;668
5828;39,87;-174,60;0,00;0,00;0,00;-0,17;0,00;0,00;196;23;136;38;33;219;680
5829;40,61;-173,75;0,00;0,00;0,00;-0,17;0,00;0,00;240;141;12;29;16;897;508
5830;62,68;189,32;0,00;0,00;0,00;0,19;0,00;0,00;482;91;78;45;21;828;190
5831;25,67;-205,47;0,00;0,00;0,00;-0,21;0,00;0,00;384;123;71;43;28;902;226
5832;54,14;16,31;0,00;0,00;0,00;0,02;0,00;0,00;376;107;29;30;22;204;332
5833;26,69;-373,46;0,00;0,00;0,00;-0,37;0,00;0,00;363;163;145;19;38;960;409
5834;62,63;68,92;0,00;0,00;0,00;0,07;0,00;0,00;273;114;115;26;36;184;380
5835;60,72;138,26;0,00;0,00;0,00;0,14;0,00;0,00;61;167;63;23;33;364;185
5836;66,34;140,47;0,00;0,00;0,00;0,14;0,00;0,00;120;197;30;19;35;516;882
5837;53,36;81,60;0,00;0,00;0,00;0,08;0,00;0,00;217;86;181;47;20;881;796
5838;21,55;-356,03;0,00;0,00;0,00;-0,36;0,00;0,00;207;122;35;31;35;837;193
5839;63,61;180,55;0,00;0,00;0,00;0,18;0,00;0,00;161;82;94;36;17;982;199
5840;32,40;-191,88;0,00;0,00;0,00;-0,19;0,00;0,00;122;186;116;27;36;867;939
5841;35,86;-198,16;0,00;0,00;0,00;-0,20;0,00;0,00;385;23;166;15;23;690;809
5842;41,14;-71,80;0,00;0,00;0,00;-0,07;0,00;0,00;26;141;14;39;20;334;349
5843;70,18;225,55;0,00;0,00;0,00;0,23;0,00;0,00;166;31;187;21;17;994;819
5844;51,61;-67,94;0,00;0,00;0,00;-0,07;0,00;0,00;112;126;186;11;36;788;417
5845;56,81;67,47;0,00;0,00;0,00;0,07;0,00;0,00;469;24;168;23;29;578;810
5846;35,70;-94,32;0,00;0,00;0,00;-0,09;0,00;0,00;219;153;55;27;28;375;852
5847;45,32;-66,16;0,00;0,00;0,00;-0,07;0,00;0,00;167;13;137;42;27;455;217
5848;31,01;-80,27;0,00;0,00;0,00;-0,08;0,00;0,00;226;139;20;16;18;780;216
5849;45,88;-40,42;0,00;0,00;0,00;-0,04;0,00;0,00;378;141;35;31;32;920;948
5850;40,31;-136,63;0,00;0,00;0,00;-0,14;0,00;0,00;359;146;101;17;34;679;352
5851;34,93;-219,16;0,00;0,00;0,00;-0,22;0,00;0,00;274;24;48;32;30;116;467
5852;56,94;83,26;0,00;0,00;0,00;0,08;0,00;0,00;60;66;105;19;36;159;799
5853;54,44;113,06;0,00;0,00;0,00;0,11;0,00;0,00;238;47;99;38;27;230;704
5854;58,60;71,04;0,00;0,00;0,00;0,07;0,00;0,00;93;133;117;48;35;297;101
5855;63,77;156,71;0,00;0,00;0,00;0,16;0,00;0,00;496;78;154;32;38;881;887
5856;37,82;-164,63;0,00;0,00;0,00;-0,16;0,00;0,00;380;32;47;19;18;959;913
5857;51,92;-21,02;0,00;0,00;0,00;-0,02;0,00;0,00;262;111;40;16;23;244;973
5858;50,45;-29,04;0,00;0,00;0,00;-0,03;0,00;0,00;177;170;158;29;22;945;413
5859;50,06;6,57;0,00;0,00;0,00;0,01;0,00;0,00;269;108;29;40;24;398;410
5860;55,53;9,01;0,00;0,00;0,00;0,01;0,00;0,00;462;57;112;41;36;110;138
5861;35,51;-140,63;0,00;0,00;0,00;-0,14;0,00;0,00;178;47;193;14;19;345;679
5862;58,77;70,79;0,00;0,00;0,00;0,07;0,00;0,00;338;10;52;33;26;403;618
5863;33,99;-161,86;0,00;0,00;0,00;-0,16;0,00;0,00;312;98;35;38;39;952;115
5864;34,16;-149,08;0,00;0,00;0,00;-0,15;0,00;0,00;367;66;57;18;23;834;799
5865;32,93;-115,60;0,00;0,00;0,00;-0,12;0,00;0,00;260;27;55;29;16;584;264
5866;71,37;185,01;0,00;0,00;0,00;0,19;0,00;0,00;455;56;20;18;22;789;145
5867;24,26;-257,98;0,00;0,00;0,00;-0,26;0,00;0,00;32;36;87;28;31;700;323
5868;22,69;-155,55;0,00;0,00;0,00;-0,16;0,00;0,00;84;33;153;11;30;727;551
5869;14,16;-345,58;0,00;0,00;0,00;-0,35;0,00;0,00;213;172;185;36;16;932;680
5870;76,24;259,45;0,00;0,00;0,00;0,26;0,00;0,00;137;111;39;17;35;167;423
5871;60,32;132,36;0,00;0,00;0,00;0,13;0,00;0,00;93;35;170;24;36;236;834
5872;22,20;-298,53;0,00;0,00;0,00;-0,30;0,00;0,00;267;68;46;34;17;896;206
5873;36,11;-184,53;0,00;0,00;0,00;-0,18;0,00;0,00;342;115;115;40;32;124;170
5874;23,93;-269,50;0,00;0,00;0,00;-0,27;0,00;0,00;241;78;175;49;25;624;665
5875;39,12;-144,50;0,00;0,00;0,00;-0,14;0,00;0,00;244;43;166;22;32;169;423
5876;48,77;-6,22;0,00;0,00;0,00;-0,01;0,00;0,00;119;178;49;39;36;384;856
5877;57,49;141,11;0,00;0,00;0,00;0,14;0,00;0,00;21;165;59;46;38;618;870
5878;33,74;-168,85;0,00;0,00;0,00;-0,17;0,00;0,00;409;41;187;42;28;354;675
5879;52,36;-0,51;0,00;0,00;0,00;-0,00;0,00;0,00;13;109;195;30;26;468;222
5880;51,22;109,32;0,00;0,00;0,00;0,11;0,00;0,00;89;181;38;25;17;554;320
5881;27,98;-179,22;0,00;0,00;0,00;-0,18;0,00;0,00;10;21;183;46;32;150;386
5882;55,55;96,44;0,00;0,00;0,00;0,10;0,00;0,00;240;13;113;43;18;120;791
5883;39,11;-52,61;0,00;0,00;0,00;-0,05;0,00;0,00;340;91;12;33;15;885;808
5884;28,65;-210,16;0,00;0,00;0,00;-0,21;0,00;0,00;442;110;174;32;36;504;825
5885;56,24;17,75;0,00;0,00;0,00;0,02;0,00;0,00;247;176;78;19;36;513;817
5886;72,53;272,35;0,00;0,00;0,00;0,27;0,00;0,00;379;20;159;21;22;561;170
5887;38,41;-231,74;0,00;0,00;0,00;-0,23;0,00;0,00;135;38;115;14;27;756;893
5888;56,46;1,47;0,00;0,00;0,00;0,00;0,00;0,00;366;108;139;49;15;309;758
5889;43,44;-37,82;0,00;0,00;0,00;-0,04;0,00;0,00;349;117;116;32;28;756;416
5890;38,62;-154,50;0,00;0,00;0,00;-0,15;0,00;0,00;378;29;20;30;34;181;142
5891;57,82;165,43;0,00;0,00;0,00;0,17;0,00;0,00;166;150;136;21;33;446;146
5892;44,89;-175,40;0,00;0,00;0,00;-0,18;0,00;0,00;199;41;15;11;23;265;603
5893;68,24;166,00;0,00;0,00;0,00;0,17;0,00;0,00;126;184;113;44;38;737;371
5894;59,18;74,62;0,00;0,00;0,00;0,07;0,00;0,00;418;144;174;43;20;150;373
5895;62,04;157,57;0,00;0,00;0,00;0,16;0,00;0,00;468;82;165;21;23;287;818
5896;77,98;336,81;0,00;0,00;0,00;0,34;0,00;0,00;291;63;154;44;29;735;514
5897;48,25;-137,35;0,00;0,00;0,00;-0,14;0,00;0,00;192;78;183;12;33;640;994
5898;41,25;-70,06;0,00;0,00;0,00;-0,07;0,00;0,00;96;31;31;30;21;351;593
5899;50,41;-39,52;0,00;0,00;0,00;-0,04;0,00;0,00;119;69;68;23;20;914;982
5900;58,76;37,65;0,00;0,00;0,00;0,04;0,00;0,00;85;113;174;17;39;761;944
5901;42,84;-25,46;0,00;0,00;0,00;-0,03;0,00;0,00;488;186;191;10;31;323;991
5902;84,73;305,75;0,00;0,00;0,00;0,31;0,00;0,00;495;57;112;49;29;852;631
5903;72,60;149,96;0,00;0,00;0,00;0,15;0,00;0,00;113;31;124;48;25;742;960
5904;57,62;18,39;0,00;0,00;0,00;0,02;0,00;0,00;248;124;172;20;19;622;980
5905;57,71;73,38;0,00;0,00;0,00;0,07;0,00;0,00;44;192;123;42;19;266;352
5906;69,56;294,63;0,00;0,00;0,00;0,29;0,00;0,00;411;41;171;23;37;990;241
5907;40,87;-54,71;0,00;0,00;0,00;-0,05;0,00;0,00;168;26;20;32;23;287;115
5908;38,45;-73,84;0,00;0,00;0,00;-0,07;0,00;0,00;478;172;160;41;15;806;130
5909;33,63;-85,30;0,00;0,00;0,00;-0,09;0,00;0,00;69;164;82;27;25;731;851
5910;48,09;-81,05;0,00;0,00;0,00;-0,08;0,00;0,00;244;113;17;47;39;581;666
5911;61,08;48,86;0,00;0,00;0,00;0,05;0,00;0,00;339;90;83;34;19;240;607
5912;50,99;13,42;0,00;0,00;0,00;0,01;0,00;0,00;390;162;133;18;20;339;727
5913;41,28;-49,10;0,00;0,00;0,00;-0,05;0,00;0,00;410;70;36;19;23;266;496
5914;40,99;-170,52;0,00;0,00;0,00;-0,17;0,00;0,00;93;122;113;22;31;103;931
5915;59,92;122,59;0,00;0,00;0,00;0,12;0,00;0,00;86;143;19;36;39;284;168
5916;27,33;-261,70;0,00;0,00;0,00;-0,26;0,00;0,00;414;166;173;43;21;643;147
5917;49,33;-92,37;0,00;0,00;0,00;-0,09;0,00;0,00;401;188;111;26;32;114;465
5918;80,69;257,75;0,00;0,00;0,00;0,26;0,00;0,00;169;46;169;35;27;233;413
5919;75,28;265,07;0,00;0,00;0,00;0,27;0,00;0,00;340;71;97;34;38;459;433
5920;50,81;15,30;0,00;0,00;0,00;0,02;0,00;0,00;271;105;111;40;29;232;621
5921;53,96;52,20;0,00;0,00;0,00;0,05;0,00;0,00;273;122;25;29;16;785;218
5922;76,03;270,77;0,00;0,00;0,00;0,27;0,00;0,00;116;10;143;33;22;107;328
5923;66,46;186,94;0,00;0,00;0,00;0,19;0,00;0,00;34;92;187;31;24;209;543
5924;53,32;15,75;0,00;0,00;0,00;0,02;0,00;0,00;207;166;28;45;19;981;527
5925;33,78;-141,46;0,00;0,00;0,00;-0,14;0,00;0,00;67;150;45;21;28;340;648
5926;48,37;-6,12;0,00;0,00;0,00;-0,01;0,00;0,00;285;22;60;23;33;219;883
5927;41,11;-148,35;0,00;0,00;0,00;-0,15;0,00;0,00;323;43;15;28;36;681;324
5928;39,44;-174,37;0,00;0,00;0,00;-0,17;0,00;0,00;220;107;191;30;29;445;565
5929;63,97;204,65;0,00;0,00;0,00;0,20;0,00;0,00;352;159;183;26;32;919;471
5930;48,01;-31,46;0,00;0,00;0,00;-0,03;0,00;0,00;41;113;122;27;37;161;346
5931;58,17;79,52;0,00;0,00;0,00;0,08;0,00;0,00;19;74;116;45;15;775;377
5932;19,35;-322,97;0,00;0,00;0,00;-0,32;0,00;0,00;209;148;155;32;21;211;146
5933;89,07;412,11;0,00;0,00;0,00;0,41;0,00;0,00;196;55;28;32;36;410;510
5934;32,90;-108,84;0,00;0,00;0,00;-0,11;0,00;0,00;49;78;94;11;29;561;885
5935;35,54;-150,14;0,00;0,00;0,00;-0,15;0,00;0,00;27;150;156;16;22;410;339
5936;74,92;236,07;0,00;0,00;0,00;0,24;0,00;0,00;223;81;24;29;36;123;376
5937;75,08;295,72;0,00;0,00;0,00;0,30;0,00;0,00;324;134;109;15;35;262;815
5938;75,35;268,08;0,00;0,00;0,00;0,27;0,00;0,00;291;110;60;36;25;519;684
5939;47,66;-27,37;0,00;0,00;0,00;-0,03;0,00;0,00;104;58;30;44;39;771;165
5940;32,76;-199,24;0,00;0,00;0,00;-0,20;0,00;0,00;31;71;179;21;32;488;283
5941;85,83;390,83;0,00;0,00;0,00;0,39;0,00;0,00;496;140;98;49;30;458;156
5942;59,08;137,99;0,00;0,00;0,00;0,14;0,00;0,00;128;139;164;39;23;769;767
5943;56,25;53,81;0,00;0,00;0,00;0,05;0,00;0,00;481;69;51;15;17;236;102
5944;58,85;76,66;0,00;0,00;0,00;0,08;0,00;0,00;497;152;133;40;26;838;904
5945;45,27;-3,20;0,00;0,00;0,00;-0,00;0,00;0,00;388;43;134;49;19;506;274
5946;34,09;-207,46;0,00;0,00;0,00;-0,21;0,00;0,00;394;117;76;32;16;730;744
5947;36,90;-156,93;0,00;0,00;0,00;-0,16;0,00;0,00;400;130;43;47;35;438;295
5948;29,42;-129,03;0,00;0,00;0,00;-0,13;0,00;0,00;330;116;161;44;29;206;522
5949;62,79;152,51;0,00;0,00;0,00;0,15;0,00;0,00;75;115;88;14;23;413;511
5950;56,89;33,09;0,00;0,00;0,00;0,03;0,00;0,00;343;106;178;16;24;310;269
5951;50,01;-34,60;0,00;0,00;0,00;-0,03;0,00;0,00;189;138;70;32;26;522;777
5952;39,44;-90,51;0,00;0,00;0,00;-0,09;0,00;0,00;46;98;50;18;17;117;431
5953;33,62;-168,77;0,00;0,00;0,00;-0,17;0,00;0,00;81;137;153;33;27;270;523
5954;77,29;276,03;0,00;0,00;0,00;0,28;0,00;0,00;304;186;110;23;27;273;192
5955;53,99;20,74;0,00;0,00;0,00;0,02;0,00;0,00;419;156;182;25;29;593;686
5956;43,68;-51,42;0,00;0,00;0,00;-0,05;0,00;0,00;372;42;62;15;26;513;263
5957;34,20;-142,02;0,00;0,00;0,00;-0,14;0,00;0,00;354;152;150;39;16;843;929
5958;38,30;-102,65;0,00;0,00;0,00;-0,10;0,00;0,00;57;92;192;47;24;793;986
5959;45,01;-84,99;0,00;0,00;0,00;-0,08;0,00;0,00;276;180;182;28;19;749;428
5960;58,93;99,72;0,00;0,00;0,00;0,10;0,00;0,00;457;195;172;17;17;419;506
5961;60,01;153,66;0,00;0,00;0,00;0,15;0,00;0,00;128;41;127;48;23;519;184
5962;66,26;215,12;0,00;0,00;0,00;0,22;0,00;0,00;309;117;93;49;24;344;400
5963;68,12;84,26;0,00;0,00;0,00;0,08;0,00;0,00;195;63;68;23;27;471;291
5964;55,92;82,96;0,00;0,00;0,00;0,08;0,00;0,00;312;26;24;16;25;409;504
5965;51,74;8,98;0,00;0,00;0,00;0,01;0,00;0,00;90;44;68;47;17;979;785
5966;44,72;-98,98;0,00;0,00;0,00;-0,10;0,00;0,00;47;91;82;34;22;915;616
5967;51,60;50,20;0,00;0,00;0,00;0,05;0,00;0,00;346;60;67;46;38;626;172
5968;60,74;92,57;0,00;0,00;0,00;0,09;0,00;0,00;206;46;152;17;31;810;128
5969;92,91;443,64;0,00;0,00;0,00;0,44;0,00;0,00;424;84;22;39;21;388;568
5970;63,25;77,03;0,00;0,00;0,00;0,08;0,00;0,00;129;156;184;18;38;286;899
5971;45,14;-45,91;0,00;0,00;0,00;-0,05;0,00;0,00;343;19;73;35;17;120;383
5972;40,30;-118,59;0,00;0,00;0,00;-0,12;0,00;0,00;217;149;20;22;22;407;318
5973;40,64;-171,42;0,00;0,00;0,00;-0,17;0,00;0,00;277;146;124;26;32;637;730
5974;59,77;81,01;0,00;0,00;0,00;0,08;0,00;0,00;431;164;29;21;18;861;773
5975;37,70;-97,42;0,00;0,00;0,00;-0,10;0,00;0,00;244;198;10;22;36;267;207
5976;52,99;0,35;0,00;0,00;0,00;0,00;0,00;0,00;423;41;21;33;16;416;976
5977;46,38;1,76;0,00;0,00;0,00;0,00;0,00;0,00;454;64;186;15;16;799;401
5978;77,13;272,18;0,00;0,00;0,00;0,27;0,00;0,00;313;34;89;47;28;571;827
5979;49,59;-49,84;0,00;0,00;0,00;-0,05;0,00;0,00;297;104;10;28;16;137;673
5980;56,27;126,67;0,00;0,00;0,00;0,13;0,00;0,00;417;96;124;43;15;686;900
5981;59,43;122,59;0,00;0,00;0,00;0,12;0,00;0,00;113;167;188;39;34;225;206
5982;40,10;-182,86;0,00;0,00;0,00;-0,18;0,00;0,00;71;137;162;44;28;711;326
5983;61,03;178,23;0,00;0,00;0,00;0,18;0,00;0,00;344;64;159;42;34;160;791
5984;59,82;111,61;0,00;0,00;0,00;0,11;0,00;0,00;59;140;193;46;27;461;346
5985;51,98;18,31;0,00;0,00;0,00;0,02;0,00;0,00;410;12;98;14;16;937;638
5986;75,22;267,84;0,00;0,00;0,00;0,27;0,00;0,00;310;59;138;39;21;642;460
5987;16,11;-384,32;0,00;0,00;0,00;-0,38;0,00;0,00;263;129;24;40;27;218;308
5988;55,77;45,16;0,00;0,00;0,00;0,05;0,00;0,00;78;49;99;43;25;777;805
5989;68,07;243,82;0,00;0,00;0,00;0,24;0,00;0,00;153;114;111;15;38;805;464
5990;45,24;-36,73;0,00;0,00;0,00;-0,04;0,00;0,00;481;123;48;14;37;702;386
5991;43,40;-66,91;0,00;0,00;0,00;-0,07;0,00;0,00;349;197;90;34;26;809;634
5992;69,78;243,01;0,00;0,00;0,00;0,24;0,00;0,00;364;115;169;20;20;276;178
5993;50,34;-73,13;0,00;0,00;0,00;-0,07;0,00;0,00;136;72;77;22;18;223;842
5994;30,04;-284,91;0,00;0,00;0,00;-0,28;0,00;0,00;393;70;102;28;18;265;657
5995;52,81;60,10;0,00;0,00;0,00;0,06;0,00;0,00;288;153;127;40;19;107;797
5996;30,83;-192,13;0,00;0,00;0,00;-0,19;0,00;0,00;204;148;76;47;25;694;957
5997;57,27;-7,59;0,00;0,00;0,00;-0,01;0,00;0,00;266;107;167;30;28;303;899
5998;40,22;-121,63;0,00;0,00;0,00;-0,12;0,00;0,00;462;47;181;39;27;309;130
5999;58,57;113,52;0,00;0,00;0,00;0,11;0,00;0,00;202;189;98;26;15;495;107
6000;44,75;-22,06;0,00;0,00;0,00;-0,02;0,00;0,00;301;72;57;39;29;115;494
6001;29,68;-197,55;0,00;0,00;0,00;-0,20;0,00;0,00;233;185;92;13;27;431;680
6002;57,95;62,10;0,00;0,00;0,00;0,06;0,00;0,00;14;100;145;37;28;697;679
6003;79,21;304,50;0,00;0,00;0,00;0,30;0,00;0,00;374;131;37;39;36;464;157
6004;49,09;-37,37;0,00;0,00;0,00;-0,04;0,00;0,00;156;37;38;28;15;941;798
6005;81,30;376,39;0,00;0,00;0,00;0,38;0,00;0,00;410;197;19;22;24;968;434
6006;37,97;-139,99;0,00;0,00;0,00;-0,14;0,00;0,00;114;147;195;40;15;982;650
6007;51,66;37,16;0,00;0,00;0,00;0,04;0,00;0,00;199;51;13;20;27;178;780
6008;55,50;113,92;0,00;0,00;0,00;0,11;0,00;0,00;356;154;38;38;34;188;675
6009;49,98;-1,59;0,00;0,00;0,00;-0,00;0,00;0,00;239;67;115;22;17;413;400
6010;32,38;-73,88;0,00;0,00;0,00;-0,07;0,00;0,00;271;78;99;30;27;432;142
6011;32,52;-205,25;0,00;0,00;0,00;-0,21;0,00;0,00;137;122;91;28;34;558;569
6012;19,16;-365,62;0,00;0,00;0,00;-0,37;0,00;0,00;318;90;67;16;37;153;241
6013;25,87;-252,69;0,00;0,00;0,00;-0,25;0,00;0,00;20;177;190;39;20;796;402
6014;51,73;-15,77;0,00;0,00;0,00;-0,02;0,00;0,00;208;171;41;20;39;759;712
6015;32,22;-223,70;0,00;0,00;0,00;-0,22;0,00;0,00;451;118;39;17;16;126;725
6016;60,37;120,41;0,00;0,00;0,00;0,12;0,00;0,00;211;137;94;23;25;561;870
6017;70,92;145,65;0,00;0,00;0,00;0,15;0,00;0,00;348;94;24;25;24;608;477
6018;45,12;7,55;0,00;0,00;0,00;0,01;0,00;0,00;322;79;83;44;33;334;373
6019;31,19;-227,32;0,00;0,00;0,00;-0,23;0,00;0,00;421;44;158;46;20;497;542
6020;59,60;93,07;0,00;0,00;0,00;0,09;0,00;0,00;449;141;48;39;37;577;103
6021;42,95;-77,58;0,00;0,00;0,00;-0,08;0,00;0,00;453;169;105;20;17;321;908
6022;47,55;-33,52;0,00;0,00;0,00;-0,03;0,00;0,00;132;166;106;14;39;397;881
6023;42,61;-42,39;0,00;0,00;0,00;-0,04;0,00;0,00;325;168;180;32;31;509;478
6024;52,90;5,33;0,00;0,00;0,00;0,01;0,00;0,00;362;125;41;35;31;637;696
6025;44,07;-91,38;0,00;0,00;0,00;-0,09;0,00;0,00;17;185;129;32;24;383;735
6026;69,25;261,75;0,00;0,00;0,00;0,26;0,00;0,00;249;199;175;43;36;150;746
6027;67,71;228,93;0,00;0,00;0,00;0,23;0,00;0,00;268;90;22;28;29;865;346
6028;42,28;-118,18;0,00;0,00;0,00;-0,12;0,00;0,00;406;135;91;46;32;860;510
6029;67,24;152,47;0,00;0,00;0,00;0,15;0,00;0,00;331;151;21;42;18;957;654
6030;39,27;-157,69;0,00;0,00;0,00;-0,16;0,00;0,00;428;134;145;16;32;963;703
6031;41,12;-46,81;0,00;0,00;0,00;-0,05;0,00;0,00;235;12;33;12;17;106;317
6032;27,43;-354,15;0,00;0,00;0,00;-0,35;0,00;0,00;322;153;106;20;28;521;940
6033;45,31;-77,42;0,00;0,00;0,00;-0,08;0,00;0,00;366;84;110;32;17;508;168
6034;87,18;347,26;0,00;0,00;0,00;0,35;0,00;0,00;109;130;195;33;17;381;904
6035;32,95;-190,89;0,00;0,00;0,00;-0,19;0,00;0,00;262;85;93;23;31;182;538
6036;89,26;396,43;0,00;0,00;0,00;0,40;0,00;0,00;62;134;147;24;35;654;474
6037;31,43;-125,08;0,00;0,00;0,00;-0,13;0,00;0,00;264;64;127;16;33;196;754
6038;57,54;34,93;0,00;0,00;0,00;0,03;0,00;0,00;163;102;122;15;31;743;137
6039;81,47;331,65;0,00;0,00;0,00;0,33;0,00;0,00;477;153;182;27;21;453;971
6040;47,00;-106,78;0,00;0,00;0,00;-0,11;0,00;0,00;297;176;140;31;38;343;573
6041;14,58;-288,89;0,00;0,00;0,00;-0,29;0,00;0,00;398;184;94;33;37;297;716
6042;39,67;-143,62;0,00;0,00;0,00;-0,14;0,00;0,00;406;72;56;16;15;469;873
6043;21,88;-338,07;0,00;0,00;0,00;-0,34;0,00;0,00;193;68;146;32;39;106;338
6044;43,19;-119,29;0,00;0,00;0,00;-0,12;0,00;0,00;197;107;46;42;36;308;547
6045;35,37;-121,94;0,00;0,00;0,00;-0,12;0,00;0,00;450;173;181;12;16;149;120
6046;24,20;-310,16;0,00;0,00;0,00;-0,31;0,00;0,00;437;52;76;30;32;111;494
6047;54,03;32,22;0,00;0,00;0,00;0,03;0,00;0,00;312;24;196;37;28;345;314
6048;65,68;191,13;0,00;0,00;0,00;0,19;0,00;0,00;265;51;180;25;31;518;130
6049;39,57;-87,59;0,00;0,00;0,00;-0,09;0,00;0,00;326;29;18;43;33;419;931
6050;36,60;-148,64;0,00;0,00;0,00;-0,15;0,00;0,00;376;93;198;48;31;119;790
6051;38,21;-78,45;0,00;0,00;0,00;-0,08;0,00;0,00;87;95;173;30;35;540;789
6052;51,31;-62,94;0,00;0,00;0,00;-0,06;0,00;0,00;74;22;75;45;23;537;387
6053;65,91;204,69;0,00;0,00;0,00;0,20;0,00;0,00;48;99;108;49;30;173;266
6054;59,39;100,53;0,00;0,00;0,00;0,10;0,00;0,00;273;58;95;36;16;332;495
6055;49,87;-71,45;0,00;0,00;0,00;-0,07;0,00;0,00;180;27;144;21;15;351;466
6056;10,47;-400,00;0,00;0,00;0,00;-0,40;0,00;0,00;365;87;67;46;20;891;853
6057;48,77;141,27;0,00;0,00;0,00;0,14;0,00;0,00;121;73;102;30;24;293;542
6058;40,27;-89,28;0,00;0,00;0,00;-0,09;0,00;0,00;209;59;166;36;33;872;740
6059;63,04;61,71;0,00;0,00;0,00;0,06;0,00;0,00;13;156;131;22;29;906;297
6060;15,86;-377,63;0,00;0,00;0,00;-0,38;0,00;0,00;195;13;74;34;33;655;238
6061;72,46;141,89;0,00;0,00;0,00;0,14;0,00;0,00;133;34;57;48;35;781;258
6062;53,19;-7,59;0,00;0,00;0,00;-0,01;0,00;0,00;399;90;142;15;38;671;407
6063;22,02;-300,46;0,00;0,00;0,00;-0,30;0,00;0,00;213;106;109;17;26;228;671
6064;52,35;10,96;0,00;0,00;0,00;0,01;0,00;0,00;121;169;185;16;16;205;224
6065;89,83;454,58;0,00;0,00;0,00;0,45;0,00;0,00;311;81;10;14;15;159;540
6066;39,25;-121,95;0,00;0,00;0,00;-0,12;0,00;0,00;394;172;120;42;26;285;495
6067;54,88;96,71;0,00;0,00;0,00;0,10;0,00;0,00;245;10;74;45;26;366;597
6068;78,05;321,26;0,00;0,00;0,00;0,32;0,00;0,00;493;79;192;45;34;711;893
6069;59,66;102,78;0,00;0,00;0,00;0,10;0,00;0,00;183;99;19;32;21;345;867
6070;56,00;59,61;0,00;0,00;0,00;0,06;0,00;0,00;199;176;189;40;28;438;278
6071;39,17;13,90;0,00;0,00;0,00;0,01;0,00;0,00;10;70;84;10;26;392;288
6072;45,53;-60,72;0,00;0,00;0,00;-0,06;0,00;0,00;461;177;106;20;22;111;279
6073;40,55;-52,58;0,00;0,00;0,00;-0,05;0,00;0,00;341;179;129;37;36;223;615
6074;55,47;116,73;0,00;0,00;0,00;0,12;0,00;0,00;406;190;51;43;28;364;498
6075;63,73;106,32;0,00;0,00;0,00;0,11;0,00;0,00;337;155;23;32;39;673;410
6076;58,99;67,12;0,00;0,00;0,00;0,07;0,00;0,00;382;68;181;28;22;871;918
6077;39,79;-120,73;0,00;0,00;0,00;-0,12;0,00;0,00;492;80;176;30;26;640;918
6078;25,99;-243,63;0,00;0,00;0,00;-0,24;0,00;0,00;46;73;90;36;15;371;507
6079;62,98;101,41;0,00;0,00;0,00;0,10;0,00;0,00;111;187;43;33;28;319;115
6080;47,42;-42,84;0,00;0,00;0,00;-0,04;0,00;0,00;431;44;17;12;16;601;892
6081;36,75;-110,80;0,00;0,00;0,00;-0,11;0,00;0,00;479;116;55;48;29;915;405
6082;62,04;90,00;0,00;0,00;0,00;0,09;0,00;0,00;30;69;108;43;21;186;150
6083;43,15;6,62;0,00;0,00;0,00;0,01;0,00;0,00;333;25;179;49;15;442;396
6084;42,11;-36,38;0,00;0,00;0,00;-0,04;0,00;0,00;69;30;189;15;27;159;252
6085;46,84;3,23;0,00;0,00;0,00;0,00;0,00;0,00;133;144;43;10;27;895;271
6086;40,77;-211,31;0,00;0,00;0,00;-0,21;0,00;0,00;49;96;155;11;18;511;503
6087;75,57;311,10;0,00;0,00;0,00;0,31;0,00;0,00;83;161;117;39;26;230;646
6088;46,51;-42,75;0,00;0,00;0,00;-0,04;0,00;0,00;391;147;174;17;21;569;966
6089;40,25;-58,18;0,00;0,00;0,00;-0,06;0,00;0,00;59;98;176;16;38;664;342
6090;42,97;-60,51;0,00;0,00;0,00;-0,06;0,00;0,00;188;76;107;12;30;401;477
6091;67,56;115,83;0,00;0,00;0,00;0,12;0,00;0,00;360;162;140;27;35;939;220
6092;75,35;207,28;0,00;0,00;0,00;0,21;0,00;0,00;44;58;189;25;39;578;173
6093;52,76;62,45;0,00;0,00;0,00;0,06;0,00;0,00;35;26;133;35;31;716;553
6094;17,39;-251,69;0,00;0,00;0,00;-0,25;0,00;0,00;307;60;193;12;33;182;148
6095;67,74;173,86;0,00;0,00;0,00;0,17;0,00;0,00;143;145;111;31;36;495;468
6096;67,83;120,62;0,00;0,00;0,00;0,12;0,00;0,00;415;11;172;10;38;581;491
6097;36,42;-223,78;0,00;0,00;0,00;-0,22;0,00;0,00;221;46;170;47;34;714;845
6098;63,47;139,61;0,00;0,00;0,00;0,14;0,00;0,00;331;181;167;47;30;704;361
6099;42,54;-54,91;0,00;0,00;0,00;-0,05;0,00;0,00;258;72;69;18;20;688;540
6100;12,70;-380,52;0,00;0,00;0,00;-0,38;0,00;0,00;353;105;74;15;21;161;459
6101;36,84;-169,66;0,00;0,00;0,00;-0,17;0,00;0,00;317;101;38;37;35;634;104
6102;50,36;-20,11;0,00;0,00;0,00;-0,02;0,00;0,00;411;36;121;30;32;787;421
6103;59,60;77,70;0,00;0,00;0,00;0,08;0,00;0,00;412;160;32;28;34;330;340
6104;47,52;-100,07;0,00;0,00;0,00;-0,10;0,00;0,00;42;81;79;36;30;330;772
6105;71,85;222,30;0,00;0,00;0,00;0,22;0,00;0,00;488;57;95;30;19;611;781
6106;49,21;-47,64;0,00;0,00;0,00;-0,05;0,00;0,00;101;67;84;27;19;324;782
6107;30,96;-102,08;0,00;0,00;0,00;-0,10;0,00;0,00;427;24;40;43;19;580;239
6108;23,80;-272,66;0,00;0,00;0,00;-0,27;0,00;0,00;441;16;15;23;32;813;457
6109;68,35;227,11;0,00;0,00;0,00;0,23;0,00;0,00;188;159;104;12;17;510;803
6110;57,25;42,84;0,00;0,00;0,00;0,04;0,00;0,00;144;54;69;13;33;986;901
6111;46,47;-75,50;0,00;0,00;0,00;-0,08;0,00;0,00;179;33;10;26;24;623;994
6112;71,08;204,59;0,00;0,00;0,00;0,20;0,00;0,00;309;147;68;17;37;196;204
6113;64,02;17,93;0,00;0,00;0,00;0,02;0,00;0,00;88;184;194;26;31;720;641
6114;53,89;116,02;0,00;0,00;0,00;0,12;0,00;0,00;236;161;161;37;30;928;508
6115;28,83;-162,18;0,00;0,00;0,00;-0,16;0,00;0,00;377;103;189;18;16;939;346
6116;43,21;2,50;0,00;0,00;0,00;0,00;0,00;0,00;453;58;124;20;30;150;620
6117;20,76;-333,89;0,00;0,00;0,00;-0,33;0,00;0,00;142;21;119;28;32;122;423
6118;28,75;-156,72;0,00;0,00;0,00;-0,16;0,00;0,00;139;178;182;36;25;321;183
6119;36,75;-201,82;0,00;0,00;0,00;-0,20;0,00;0,00;333;174;108;42;36;235;398
6120;75,72;314,93;0,00;0,00;0,00;0,31;0,00;0,00;342;143;182;13;31;298;385
6121;50,01;-10,97;0,00;0,00;0,00;-0,01;0,00;0,00;393;128;140;15;17;420;663
6122;57,69;91,02;0,00;0,00;0,00;0,09;0,00;0,00;103;180;127;42;16;714;278
6123;58,97;201,34;0,00;0,00;0,00;0,20;0,00;0,00;185;50;60;19;32;267;332
6124;57,01;48,98;0,00;0,00;0,00;0,05;0,00;0,00;391;92;161;13;25;259;647
6125;85,92;396,37;0,00;0,00;0,00;0,40;0,00;0,00;169;14;180;41;19;762;230
6126;53,22;44,95;0,00;0,00;0,00;0,04;0,00;0,00;157;38;47;11;31;838;571
6127;67,50;151,80;0,00;0,00;0,00;0,15;0,00;0,00;295;35;35;47;22;831;182
6128;38,37;-136,68;0,00;0,00;0,00;-0,14;0,00;0,00;205;178;168;19;39;893;404
6129;43,13;-85,62;0,00;0,00;0,00;-0,09;0,00;0,00;95;133;135;29;37;656;937
6130;54,57;24,00;0,00;0,00;0,00;0,02;0,00;0,00;327;11;191;41;23;550;760
6131;63,15;205,99;0,00;0,00;0,00;0,21;0,00;0,00;490;174;134;12;18;468;102
6132;22,13;-257,57;0,00;0,00;0,00;-0,26;0,00;0,00;473;47;91;33;27;861;128
6133;45,00;-125,65;0,00;0,00;0,00;-0,13;0,00;0,00;472;182;119;22;29;236;891
6134;50,15;-34,28;0,00;0,00;0,00;-0,03;0,00;0,00;214;22;197;15;38;504;645
6135;36,13;-104,71;0,00;0,00;0,00;-0,10;0,00;0,00;430;106;197;38;39;491;446
6136;50,70;16,90;0,00;0,00;0,00;0,02;0,00;0,00;249;191;182;24;24;373;195
6137;48,55;-76,01;0,00;0,00;0,00;-0,08;0,00;0,00;209;172;22;34;25;925;965
6138;74,45;273,81;0,00;0,00;0,00;0,27;0,00;0,00;450;34;146;28;15;699;616
6139;46,22;-59,91;0,00;0,00;0,00;-0,06;0,00;0,00;226;177;45;42;22;443;490
6140;50,72;33,65;0,00;0,00;0,00;0,03;0,00;0,00;293;157;45;24;15;178;827
6141;61,78;116,68;0,00;0,00;0,00;0,12;0,00;0,00;197;48;57;44;27;790;669
6142;70,71;244,20;0,00;0,00;0,00;0,24;0,00;0,00;183;98;129;19;25;311;631
6143;62,13;115,53;0,00;0,00;0,00;0,12;0,00;0,00;177;63;82;38;27;211;988
6144;55,63;98,19;0,00;0,00;0,00;0,10;0,00;0,00;492;188;106;33;18;522;921
6145;56,11;-6,74;0,00;0,00;0,00;-0,01;0,00;0,00;262;155;168;11;21;829;352
6146;32,77;-141,86;0,00;0,00;0,00;-0,14;0,00;0,00;343;131;150;45;25;110;111
6147;55,85;72,34;0,00;0,00;0,00;0,07;0,00;0,00;43;106;177;25;25;652;919
6148;39,28;-48,99;0,00;0,00;0,00;-0,05;0,00;0,00;499;132;16;19;26;971;699
6149;61,52;94,22;0,00;0,00;0,00;0,09;0,00;0,00;344;87;118;41;21;602;489
6150;47,63;-44,04;0,00;0,00;0,00;-0,04;0,00;0,00;214;161;119;20;25;238;982
6151;61,83;272,33;0,00;0,00;0,00;0,27;0,00;0,00;185;101;192;34;19;116;917
6152;57,00;38,01;0,00;0,00;0,00;0,04;0,00;0,00;286;77;88;39;29;287;707
6153;76,55;231,23;0,00;0,00;0,00;0,23;0,00;0,00;179;175;124;22;31;218;528
6154;45,83;-91,86;0,00;0,00;0,00;-0,09;0,00;0,00;448;163;150;24;33;119;750
6155;46,84;-15,40;0,00;0,00;0,00;-0,02;0,00;0,00;267;44;25;28;25;912;652
6156;31,95;-214,45;0,00;0,00;0,00;-0,21;0,00;0,00;209;78;32;24;21;786;962
6157;39,22;-73,35;0,00;0,00;0,00;-0,07;0,00;0,00;166;194;148;43;35;163;767
6158;45,77;-4,22;0,00;0,00;0,00;-0,00;0,00;0,00;496;167;15;14;27;881;540
6159;54,10;33,90;0,00;0,00;0,00;0,03;0,00;0,00;395;138;93;24;31;568;174
6160;73,25;187,42;0,00;0,00;0,00;0,19;0,00;0,00;410;131;68;43;23;640;213
6161;55,11;25,84;0,00;0,00;0,00;0,03;0,00;0,00;186;175;140;21;15;758;256
6162;21,62;-308,56;0,00;0,00;0,00;-0,31;0,00;0,00;354;43;69;38;25;800;685
6163;45,16;-24,19;0,00;0,00;0,00;-0,02;0,00;0,00;382;30;41;35;23;455;610
6164;53,95;-8,21;0,00;0,00;0,00;-0,01;0,00;0,00;239;185;138;23;20;651;481
6165;39,70;-143,40;0,00;0,00;0,00;-0,14;0,00;0,00;11;141;91;21;18;598;933
6166;1,21;-473,98;0,00;0,00;0,00;-0,47;0,00;0,00;326;54;160;34;19;355;285
6167;60,56;138,67;0,00;0,00;0,00;0,14;0,00;0,00;439;50;53;49;20;955;775
6168;53,60;11,34;0,00;0,00;0,00;0,01;0,00;0,00;188;33;102;27;26;107;175
6169;23,84;-374,57;0,00;0,00;0,00;-0,37;0,00;0,00;252;41;84;42;22;884;359
6170;67,71;117,56;0,00;0,00;0,00;0,12;0,00;0,00;218;110;128;49;25;734;318
6171;36,18;-174,81;0,00;0,00;0,00;-0,17;0,00;0,00;225;18;156;43;34;158;728
6172;78,74;257,19;0,00;0,00;0,00;0,26;0,00;0,00;86;112;86;34;26;158;134
6173;49,47;-68,68;0,00;0,00;0,00;-0,07;0,00;0,00;87;195;12;40;30;486;654
6174;51,73;101,37;0,00;0,00;0,00;0,10;0,00;0,00;468;38;168;22;32;659;791
6175;46,99;-70,83;0,00;0,00;0,00;-0,07;0,00;0,00;123;127;11;18;36;781;990
6176;32,88;-85,11;0,00;0,00;0,00;-0,09;0,00;0,00;15;69;81;29;38;874;853
6177;38,38;-258,78;0,00;0,00;0,00;-0,26;0,00;0,00;75;50;71;11;17;276;774
6178;72,71;233,46;0,00;0,00;0,00;0,23;0,00;0,00;57;105;79;17;35;967;153
6179;33,73;-199,01;0,00;0,00;0,00;-0,20;0,00;0,00;157;27;108;42;37;387;521
6180;68,03;212,53;0,00;0,00;0,00;0,21;0,00;0,00;217;85;70;31;35;802;922
6181;50,82;107,01;0,00;0,00;0,00;0,11;0,00;0,00;26;145;11;12;37;775;264
6182;70,95;178,22;0,00;0,00;0,00;0,18;0,00;0,00;281;171;46;41;15;961;418
6183;47,53;6,96;0,00;0,00;0,00;0,01;0,00;0,00;122;181;13;48;31;365;504
6184;57,23;54,61;0,00;0,00;0,00;0,05;0,00;0,00;149;157;97;26;29;626;658
6185;66,35;192,10;0,00;0,00;0,00;0,19;0,00;0,00;319;56;129;41;36;288;173
6186;76,86;240,04;0,00;0,00;0,00;0,24;0,00;0,00;111;41;87;19;20;102;200
6187;53,66;51,04;0,00;0,00;0,00;0,05;0,00;0,00;435;199;167;42;31;135;859
6188;47,19;16,18;0,00;0,00;0,00;0,02;0,00;0,00;108;25;188;47;22;282;743
6189;83,29;277,86;0,00;0,00;0,00;0,28;0,00;0,00;224;34;68;42;28;443;653
6190;69,40;255,32;0,00;0,00;0,00;0,26;0,00;0,00;195;104;148;24;20;847;826
6191;44,69;54,85;0,00;0,00;0,00;0,05;0,00;0,00;199;60;90;11;24;146;211
6192;51,82;16,45;0,00;0,00;0,00;0,02;0,00;0,00;388;74;12;33;21;639;491
6193;38,80;-196,76;0,00;0,00;0,00;-0,20;0,00;0,00;79;130;122;14;18;536;340
6194;57,71;54,94;0,00;0,00;0,00;0,05;0,00;0,00;442;184;77;34;34;549;731
6195;25,35;-242,12;0,00;0,00;0,00;-0,24;0,00;0,00;45;192;27;17;31;906;177
6196;70,44;203,21;0,00;0,00;0,00;0,20;0,00;0,00;130;172;35;47;30;386;237
6197;56,18;113,29;0,00;0,00;0,00;0,11;0,00;0,00;215;51;51;46;29;109;112
6198;31,43;-199,28;0,00;0,00;0,00;-0,20;0,00;0,00;190;41;149;33;18;194;122
6199;64,32;167,06;0,00;0,00;0,00;0,17;0,00;0,00;326;54;156;27;21;166;530
6200;40,69;-116,69;0,00;0,00;0,00;-0,12;0,00;0,00;232;124;105;33;37;719;431
6201;61,61;178,62;0,00;0,00;0,00;0,18;0,00;0,00;201;167;72;26;24;421;432
6202;21,23;-216,22;0,00;0,00;0,00;-0,22;0,00;0,00;87;133;192;15;30;617;330
6203;66,65;89,62;0,00;0,00;0,00;0,09;0,00;0,00;426;93;51;42;27;730;798
6204;58,27;85,44;0,00;0,00;0,00;0,09;0,00;0,00;212;159;98;38;38;285;884
6205;38,78;-93,24;0,00;0,00;0,00;-0,09;0,00;0,00;244;75;179;18;36;798;113
6206;67,77;209,05;0,00;0,00;0,00;0,21;0,00;0,00;334;74;29;29;24;360;396
6207;86,22;240,55;0,00;0,00;0,00;0,24;0,00;0,00;426;56;18;14;34;714;245
6208;34,14;-144,89;0,00;0,00;0,00;-0,14;0,00;0,00;487;167;123;15;21;955;470
6209;38,90;-195,42;0,00;0,00;0,00;-0,20;0,00;0,00;224;196;13;17;16;864;447
6210;35,38;-130,97;0,00;0,00;0,00;-0,13;0,00;0,00;450;66;139;16;17;859;118
6211;53,86;-25,24;0,00;0,00;0,00;-0,03;0,00;0,00;257;166;46;35;18;171;988
6212;52,51;20,45;0,00;0,00;0,00;0,02;0,00;0,00;421;54;153;30;25;506;746
6213;65,85;117,83;0,00;0,00;0,00;0,12;0,00;0,00;140;124;64;25;16;481;964
6214;46,70;-11,78;0,00;0,00;0,00;-0,01;0,00;0,00;494;154;188;43;23;166;327
6215;25,46;-267,23;0,00;0,00;0,00;-0,27;0,00;0,00;316;79;15;18;16;335;442
6216;36,66;-236,04;0,00;0,00;0,00;-0,24;0,00;0,00;50;121;74;28;21;168;390
6217;55,66;117,83;0,00;0,00;0,00;0,12;0,00;0,00;272;106;161;21;33;772;692
6218;37,46;-136,63;0,00;0,00;0,00;-0,14;0,00;0,00;435;75;190;19;18;614;919
6219;55,30;37,09;0,00;0,00;0,00;0,04;0,00;0,00;10;118;97;30;24;356;510
6220;58,83;45,30;0,00;0,00;0,00;0,05;0,00;0,00;47;16;42;25;27;384;256
6221;16,56;-398,94;0,00;0,00;0,00;-0,40;0,00;0,00;473;179;179;17;36;626;963
6222;56,19;104,59;0,00;0,00;0,00;0,10;0,00;0,00;384;52;143;38;28;465;390
6223;67,49;211,62;0,00;0,00;0,00;0,21;0,00;0,00;18;51;18;36;17;710;250
6224;74,26;330,88;0,00;0,00;0,00;0,33;0,00;0,00;143;112;137;49;35;608;703
6225;63,39;187,30;0,00;0,00;0,00;0,19;0,00;0,00;110;194;21;30;38;850;446
6226;46,95;-24,91;0,00;0,00;0,00;-0,02;0,00;0,00;164;114;108;49;20;226;866
6227;49,82;74,58;0,00;0,00;0,00;0,07;0,00;0,00;490;72;38;12;25;158;637
6228;51,50;-34,74;0,00;0,00;0,00;-0,03;0,00;0,00;165;15;20;16;26;582;245
6229;36,17;-184,25;0,00;0,00;0,00;-0,18;0,00;0,00;10;153;81;43;28;145;693
6230;89,51;437,55;0,00;0,00;0,00;0,44;0,00;0,00;349;59;31;25;35;218;579
6231;31,53;-234,24;0,00;0,00;0,00;-0,23;0,00;0,00;244;112;32;19;31;293;562
6232;43,55;-146,93;0,00;0,00;0,00;-0,15;0,00;0,00;99;132;166;39;18;270;690
6233;66,09;174,72;0,00;0,00;0,00;0,17;0,00;0,00;417;121;165;23;27;959;621
6234;51,66;4,73;0,00;0,00;0,00;0,00;0,00;0,00;482;140;48;35;29;885;566
6235;31,43;-236,22;0,00;0,00;0,00;-0,24;0,00;0,00;223;96;112;11;24;436;441
6236;52,36;4,09;0,00;0,00;0,00;0,00;0,00;0,00;391;134;180;29;37;598;579
6237;23,42;-282,72;0,00;0,00;0,00;-0,28;0,00;0,00;483;67;61;22;30;649;432
6238;41,89;-49,06;0,00;0,00;0,00;-0,05;0,00;0,00;87;21;150;48;18;280;167
6239;53,27;164,63;0,00;0,00;0,00;0,16;0,00;0,00;498;188;166;46;31;626;233
6240;47,79;-68,74;0,00;0,00;0,00;-0,07;0,00;0,00;193;190;58;39;36;153;285
6241;59,89;61,28;0,00;0,00;0,00;0,06;0,00;0,00;242;15;117;33;36;898;465
6242;33,36;-108,76;0,00;0,00;0,00;-0,11;0,00;0,00;281;177;93;41;37;376;130
6243;56,69;3,32;0,00;0,00;0,00;0,00;0,00;0,00;200;74;53;20;15;643;886
6244;64,21;181,33;0,00;0,00;0,00;0,18;0,00;0,00;456;55;77;35;37;351;336
6245;47,86;67,58;0,00;0,00;0,00;0,07;0,00;0,00;103;111;106;43;23;556;359
6246;52,36;78,03;0,00;0,00;0,00;0,08;0,00;0,00;276;46;184;36;21;271;757
6247;52,70;81,45;0,00;0,00;0,00;0,08;0,00;0,00;256;127;83;24;15;546;651
6248;46,05;-83,83;0,00;0,00;0,00;-0,08;0,00;0,00;171;151;134;11;17;732;245
6249;34,88;-238,96;0,00;0,00;0,00;-0,24;0,00;0,00;368;140;27;37;30;341;583
6250;58,77;56,03;0,00;0,00;0,00;0,06;0,00;0,00;59;71;10;34;32;602;402
6251;26,73;-305,32;0,00;0,00;0,00;-0,31;0,00;0,00;258;111;198;46;15;743;348
6252;63,01;105,05;0,00;0,00;0,00;0,11;0,00;0,00;261;145;168;37;28;338;166
6253;49,87;22,81;0,00;0,00;0,00;0,02;0,00;0,00;364;75;74;18;18;896;921
6254;61,58;136,77;0,00;0,00;0,00;0,14;0,00;0,00;20;142;16;41;16;306;749
6255;54,19;62,57;0,00;0,00;0,00;0,06;0,00;0,00;377;27;112;26;25;991;972
6256;31,92;-209,45;0,00;0,00;0,00;-0,21;0,00;0,00;124;159;141;32;27;191;542
6257;33,83;-85,48;0,00;0,00;0,00;-0,09;0,00;0,00;346;67;166;22;35;249;969
6258;28,24;-269,61;0,00;0,00;0,00;-0,27;0,00;0,00;200;69;38;35;32;523;527
6259;59,57;56,10;0,00;0,00;0,00;0,06;0,00;0,00;496;83;42;10;18;231;565
6260;73,57;286,95;0,00;0,00;0,00;0,29;0,00;0,00;244;76;119;28;31;726;990
6261;49,70;4,51;0,00;0,00;0,00;0,00;0,00;0,00;402;65;166;20;24;114;652
6262;42,05;-168,46;0,00;0,00;0,00;-0,17;0,00;0,00;358;188;32;24;18;673;292
6263;51,19;142,26;0,00;0,00;0,00;0,14;0,00;0,00;451;64;118;45;18;664;973
6264;54,13;49,81;0,00;0,00;0,00;0,05;0,00;0,00;111;153;169;12;33;523;622
6265;37,52;-137,01;0,00;0,00;0,00;-0,14;0,00;0,00;79;77;42;28;28;713;630
6266;50,01;39,33;0,00;0,00;0,00;0,04;0,00;0,00;56;102;123;27;25;434;183
6267;59,07;182,73;0,00;0,00;0,00;0,18;0,00;0,00;69;167;173;40;18;447;409
6268;60,51;107,29;0,00;0,00;0,00;0,11;0,00;0,00;468;158;198;25;25;688;641
6269;59,28;127,28;0,00;0,00;0,00;0,13;0,00;0,00;282;19;103;42;16;151;533
6270;18,55;-343,28;0,00;0,00;0,00;-0,34;0,00;0,00;47;178;186;13;39;317;498
6271;66,91;93,14;0,00;0,00;0,00;0,09;0,00;0,00;110;98;46;45;20;447;481
6272;59,98;178,20;0,00;0,00;0,00;0,18;0,00;0,00;399;30;162;22;20;664;920
6273;42,79;4,86;0,00;0,00;0,00;0,00;0,00;0,00;441;165;148;26;25;218;432
6274;34,50;-65,36;0,00;0,00;0,00;-0,07;0,00;0,00;311;145;26;43;33;321;997
6275;33,51;-149,73;0,00;0,00;0,00;-0,15;0,00;0,00;39;140;140;10;22;202;172
6276;26,24;-225,09;0,00;0,00;0,00;-0,23;0,00;0,00;390;37;168;42;24;438;553
6277;50,38;79,00;0,00;0,00;0,00;0,08;0,00;0,00;88;81;25;22;28;371;223
6278;23,03;-253,59;0,00;0,00;0,00;-0,25;0,00;0,00;239;37;75;42;20;917;978
6279;26,65;-204,12;0,00;0,00;0,00;-0,20;0,00;0,00;452;63;132;17;21;270;662
6280;56,01;58,81;0,00;0,00;0,00;0,06;0,00;0,00;207;131;48;34;37;811;526
6281;62,35;183,02;0,00;0,00;0,00;0,18;0,00;0,00;25;152;66;27;35;696;532
6282;35,05;-138,47;0,00;0,00;0,00;-0,14;0,00;0,00;390;75;134;41;15;362;396
6283;55,39;-41,78;0,00;0,00;0,00;-0,04;0,00;0,00;428;66;137;37;30;230;266
6284;23,83;-242,09;0,00;0,00;0,00;-0,24;0,00;0,00;121;43;137;49;34;698;287
6285;79,82;301,88;0,00;0,00;0,00;0,30;0,00;0,00;415;112;62;22;22;177;899
6286;64,60;87,75;0,00;0,00;0,00;0,09;0,00;0,00;192;25;20;15;19;694;173
6287;42,17;-26,25;0,00;0,00;0,00;-0,03;0,00;0,00;87;33;104;47;34;892;499
6288;60,00;156,57;0,00;0,00;0,00;0,16;0,00;0,00;143;48;11;39;17;779;837
6289;57,67;107,12;0,00;0,00;0,00;0,11;0,00;0,00;27;68;94;33;34;747;288
6290;44,95;-92,59;0,00;0,00;0,00;-0,09;0,00;0,00;94;30;50;46;25;573;344
6291;29,02;-118,46;0,00;0,00;0,00;-0,12;0,00;0,00;107;39;128;31;32;654;451
6292;46,99;51,32;0,00;0,00;0,00;0,05;0,00;0,00;334;23;138;13;28;255;125
6293;16,79;-275,08;0,00;0,00;0,00;-0,28;0,00;0,00;235;59;160;36;34;343;432
6294;57,28;54,18;0,00;0,00;0,00;0,05;0,00;0,00;419;165;178;13;37;106;424
6295;49,98;23,94;0,00;0,00;0,00;0,02;0,00;0,00;83;79;60;22;22;171;317
6296;54,69;61,48;0,00;0,00;0,00;0,06;0,00;0,00;407;84;15;44;31;566;104
6297;49,38;24,56;0,00;0,00;0,00;0,02;0,00;0,00;143;81;147;44;31;408;119
6298;52,09;-24,98;0,00;0,00;0,00;-0,02;0,00;0,00;52;91;96;31;25;935;515
6299;44,74;-61,78;0,00;0,00;0,00;-0,06;0,00;0,00;38;148;195;43;22;963;221
6300;51,70;-26,54;0,00;0,00;0,00;-0,03;0,00;0,00;494;190;74;15;16;359;872
6301;62,55;23,70;0,00;0,00;0,00;0,02;0,00;0,00;267;145;60;14;35;224;708
6302;27,92;-213,68;0,00;0,00;0,00;-0,21;0,00;0,00;377;156;199;29;39;944;763
6303;39,07;-171,32;0,00;0,00;0,00;-0,17;0,00;0,00;257;82;130;41;36;280;995
6304;55,34;28,98;0,00;0,00;0,00;0,03;0,00;0,00;229;83;19;25;37;430;254
6305;40,37;-64,31;0,00;0,00;0,00;-0,06;0,00;0,00;206;94;45;27;16;236;416
6306;54,22;-2,43;0,00;0,00;0,00;-0,00;0,00;0,00;375;198;124;34;35;779;797
6307;35,69;-81,91;0,00;0,00;0,00;-0,08;0,00;0,00;76;33;100;33;21;398;290
6308;45,87;-75,43;0,00;0,00;0,00;-0,08;0,00;0,00;465;116;77;30;33;986;736
6309;51,06;15,86;0,00;0,00;0,00;0,02;0,00;0,00;234;57;175;42;34;201;938
6310;54,48;-22,55;0,00;0,00;0,00;-0,02;0,00;0,00;365;82;139;45;29;222;894
6311;68,98;268,84;0,00;0,00;0,00;0,27;0,00;0,00;436;119;24;15;29;103;429
6312;52,29;-23,64;0,00;0,00;0,00;-0,02;0,00;0,00;292;48;114;45;22;375;704
6313;62,95;152,26;0,00;0,00;0,00;0,15;0,00;0,00;283;41;163;13;39;781;441
6314;50,08;-75,87;0,00;0,00;0,00;-0,08;0,00;0,00;170;48;12;25;29;168;679
6315;74,97;216,24;0,00;0,00;0,00;0,22;0,00;0,00;68;68;18;14;26;583;557
6316;44,15;-67,80;0,00;0,00;0,00;-0,07;0,00;0,00;100;172;179;30;29;973;859
6317;31,13;-135,95;0,00;0,00;0,00;-0,14;0,00;0,00;377;141;68;11;17;245;503
6318;39,68;-102,47;0,00;0,00;0,00;-0,10;0,00;0,00;74;14;28;24;39;230;879
6319;45,48;69,81;0,00;0,00;0,00;0,07;0,00;0,00;42;12;162;27;33;239;451
6320;33,46;-217,65;0,00;0,00;0,00;-0,22;0,00;0,00;449;39;146;45;28;236;573
6321;38,96;-53,77;0,00;0,00;0,00;-0,05;0,00;0,00;391;177;163;45;17;222;265
6322;58,96;84,33;0,00;0,00;0,00;0,08;0,00;0,00;234;151;11;15;21;463;750
6323;78,98;303,03;0,00;0,00;0,00;0,30;0,00;0,00;422;21;128;49;33;376;795
6324;42,22;-129,00;0,00;0,00;0,00;-0,13;0,00;0,00;104;185;171;41;37;137;278
6325;58,82;55,36;0,00;0,00;0,00;0,06;0,00;0,00;222;44;193;45;39;466;508
6326;55,56;53,85;0,00;0,00;0,00;0,05;0,00;0,00;254;97;196;24;38;447;445
6327;64,72;74,31;0,00;0,00;0,00;0,07;0,00;0,00;269;98;149;48;21;658;810
6328;52,23;-23,69;0,00;0,00;0,00;-0,02;0,00;0,00;19;181;181;24;31;478;865
6329;37,44;-145,09;0,00;0,00;0,00;-0,15;0,00;0,00;159;135;139;33;16;655;405
6330;29,99;-214,50;0,00;0,00;0,00;-0,21;0,00;0,00;337;186;126;21;36;939;699
6331;37,89;-141,29;0,00;0,00;0,00;-0,14;0,00;0,00;87;145;104;36;34;236;756
6332;19,34;-335,18;0,00;0,00;0,00;-0,34;0,00;0,00;370;67;141;43;37;361;167
6333;61,01;136,99;0,00;0,00;0,00;0,14;0,00;0,00;483;101;121;45;27;421;683
6334;26,07;-200,21;0,00;0,00;0,00;-0,20;0,00;0,00;84;143;125;37;29;359;913
6335;55,18;82,41;0,00;0,00;0,00;0,08;0,00;0,00;450;105;123;29;33;583;259
6336;58,49;74,41;0,00;0,00;0,00;0,07;0,00;0,00;19;85;122;33;25;582;275
6337;56,84;45,94;0,00;0,00;0,00;0,05;0,00;0,00;387;55;19;21;38;617;848
6338;42,39;-92,53;0,00;0,00;0,00;-0,09;0,00;0,00;20;78;134;13;35;627;658
6339;32,72;-272,07;0,00;0,00;0,00;-0,27;0,00;0,00;169;123;23;11;39;744;238
6340;56,51;87,11;0,00;0,00;0,00;0,09;0,00;0,00;218;159;95;10;35;455;628
6341;58,75;150,94;0,00;0,00;0,00;0,15;0,00;0,00;128;52;34;10;22;539;703
6342;65,45;131,61;0,00;0,00;0,00;0,13;0,00;0,00;113;53;183;42;23;156;957
6343;64,88;183,69;0,00;0,00;0,00;0,18;0,00;0,00;169;20;41;36;27;545;693
6344;66,16;80,35;0,00;0,00;0,00;0,08;0,00;0,00;377;51;111;13;17;899;894
6345;61,52;-2,34;0,00;0,00;0,00;-0,00;0,00;0,00;296;57;89;18;25;221;130
6346;58,21;86,20;0,00;0,00;0,00;0,09;0,00;0,00;151;29;171;20;33;670;960
6347;26,04;-222,04;0,00;0,00;0,00;-0,22;0,00;0,00;130;188;165;18;27;299;939
6348;59,95;37,67;0,00;0,00;0,00;0,04;0,00;0,00;385;95;187;29;29;117;569
6349;39,89;-114,50;0,00;0,00;0,00;-0,11;0,00;0,00;394;101;66;17;21;592;582
6350;70,00;136,41;0,00;0,00;0,00;0,14;0,00;0,00;489;145;153;16;21;947;935
6351;42,56;-71,40;0,00;0,00;0,00;-0,07;0,00;0,00;392;176;157;18;37;283;320
6352;55,57;49,27;0,00;0,00;0,00;0,05;0,00;0,00;298;110;100;12;19;130;411
6353;63,35;148,62;0,00;0,00;0,00;0,15;0,00;0,00;88;69;61;35;30;144;279
6354;85,81;388,73;0,00;0,00;0,00;0,39;0,00;0,00;33;97;145;37;33;767;644
6355;21,87;-239,82;0,00;0,00;0,00;-0,24;0,00;0,00;149;44;24;44;16;469;253
6356;71,43;217,82;0,00;0,00;0,00;0,22;0,00;0,00;234;165;75;38;17;749;137
6357;62,31;110,17;0,00;0,00;0,00;0,11;0,00;0,00;227;108;149;12;38;327;448
6358;38,91;-145,13;0,00;0,00;0,00;-0,15;0,00;0,00;211;113;14;35;29;597;252
6359;54,57;100,88;0,00;0,00;0,00;0,10;0,00;0,00;383;159;56;19;36;205;228
6360;54,38;99,33;0,00;0,00;0,00;0,10;0,00;0,00;220;22;188;16;27;605;872
6361;38,78;-176,18;0,00;0,00;0,00;-0,18;0,00;0,00;429;15;184;46;38;159;204
6362;71,47;169,01;0,00;0,00;0,00;0,17;0,00;0,00;256;135;191;30;23;897;588
6363;30,38;-123,67;0,00;0,00;0,00;-0,12;0,00;0,00;185;71;97;25;38;946;354
6364;29,15;-227,66;0,00;0,00;0,00;-0,23;0,00;0,00;391;192;159;18;22;761;396
6365;53,51;53,25;0,00;0,00;0,00;0,05;0,00;0,00;296;93;181;21;32;956;711
6366;50,88;1,39;0,00;0,00;0,00;0,00;0,00;0,00;367;99;127;29;23;678;130
6367;55,84;-35,49;0,00;0,00;0,00;-0,04;0,00;0,00;374;136;89;27;34;249;689
6368;49,67;119,46;0,00;0,00;0,00;0,12;0,00;0,00;141;56;54;13;32;231;480
6369;35,22;-128,11;0,00;0,00;0,00;-0,13;0,00;0,00;25;80;97;18;32;905;967
6370;84,53;351,30;0,00;0,00;0,00;0,35;0,00;0,00;114;19;112;32;20;452;637
6371;74,91;252,61;0,00;0,00;0,00;0,25;0,00;0,00;35;92;31;44;22;323;141
6372;50,01;41,95;0,00;0,00;0,00;0,04;0,00;0,00;415;22;170;17;32;258;783
6373;40,07;-97,63;0,00;0,00;0,00;-0,10;0,00;0,00;304;22;34;30;38;849;595
6374;60,01;44,60;0,00;0,00;0,00;0,04;0,00;0,00;315;185;94;39;35;308;119
6375;44,21;-48,37;0,00;0,00;0,00;-0,05;0,00;0,00;21;181;75;10;36;773;222
6376;19,63;-376,25;0,00;0,00;0,00;-0,38;0,00;0,00;202;185;43;39;28;308;915
6377;48,00;54,25;0,00;0,00;0,00;0,05;0,00;0,00;310;189;128;42;33;400;950
6378;26,20;-283,84;0,00;0,00;0,00;-0,28;0,00;0,00;175;183;19;30;27;718;173
6379;59,24;6,45;0,00;0,00;0,00;0,01;0,00;0,00;101;72;175;37;30;860;581
6380;20,27;-333,76;0,00;0,00;0,00;-0,33;0,00;0,00;483;132;185;11;21;160;192
6381;50,70;65,77;0,00;0,00;0,00;0,07;0,00;0,00;346;16;75;38;32;423;936
6382;39,24;-107,12;0,00;0,00;0,00;-0,11;0,00;0,00;52;113;146;37;15;709;957
6383;42,16;-132,69;0,00;0,00;0,00;-0,13;0,00;0,00;294;146;16;29;39;468;998
6384;52,38;46,10;0,00;0,00;0,00;0,05;0,00;0,00;58;73;29;10;16;463;487
6385;61,29;73,48;0,00;0,00;0,00;0,07;0,00;0,00;325;166;36;15;17;689;204
6386;44,79;-35,93;0,00;0,00;0,00;-0,04;0,00;0,00;231;20;197;17;28;517;409
6387;48,86;-30,21;0,00;0,00;0,00;-0,03;0,00;0,00;345;61;17;13;25;857;518
6388;45,30;-61,25;0,00;0,00;0,00;-0,06;0,00;0,00;231;76;124;41;29;393;914
6389;60,33;135,78;0,00;0,00;0,00;0,14;0,00;0,00;403;37;182;46;34;562;965
6390;66,94;113,18;0,00;0,00;0,00;0,11;0,00;0,00;236;144;89;36;37;171;209
6391;34,38;-154,48;0,00;0,00;0,00;-0,15;0,00;0,00;439;76;28;43;35;208;587
6392;9,00;-396,36;0,00;0,00;0,00;-0,40;0,00;0,00;358;45;178;39;36;355;300
6393;54,32;141,29;0,00;0,00;0,00;0,14;0,00;0,00;349;113;150;43;33;669;587
6394;41,78;-63,54;0,00;0,00;0,00;-0,06;0,00;0,00;35;160;36;12;18;565;975
6395;42,54;-31,80;0,00;0,00;0,00;-0,03;0,00;0,00;493;132;179;36;18;788;778
6396;74,50;232,13;0,00;0,00;0,00;0,23;0,00;0,00;274;140;198;21;15;246;986
6397;62,90;71,21;0,00;0,00;0,00;0,07;0,00;0,00;314;80;133;13;29;316;734
6398;59,89;57,35;0,00;0,00;0,00;0,06;0,00;0,00;341;169;168;36;23;873;207
6399;52,98;35,83;0,00;0,00;0,00;0,04;0,00;0,00;94;176;26;35;18;377;826
6400;58,67;8,98;0,00;0,00;0,00;0,01;0,00;0,00;22;99;175;34;15;365;854
6401;56,46;72,91;0,00;0,00;0,00;0,07;0,00;0,00;274;33;173;41;27;804;922
6402;51,86;-47,90;0,00;0,00;0,00;-0,05;0,00;0,00;121;45;170;25;33;224;184
6403;33,89;-154,05;0,00;0,00;0,00;-0,15;0,00;0,00;98;59;99;22;39;386;178
6404;43,74;-65,57;0,00;0,00;0,00;-0,07;0,00;0,00;275;148;67;18;22;726;778
6405;41,72;-116,58;0,00;0,00;0,00;-0,12;0,00;0,00;352;57;180;24;34;166;564
6406;40,74;-90,49;0,00;0,00;0,00;-0,09;0,00;0,00;71;164;194;46;26;140;649
6407;53,90;38,55;0,00;0,00;0,00;0,04;0,00;0,00;86;41;88;40;15;311;494
6408;66,28;181,68;0,00;0,00;0,00;0,18;0,00;0,00;268;18;50;29;24;816;453
6409;14,26;-365,80;0,00;0,00;0,00;-0,37;0,00;0,00;274;120;100;49;34;420;604
6410;54,59;86,35;0,00;0,00;0,00;0,09;0,00;0,00;84;57;160;43;20;702;726
6411;59,49;211,25;0,00;0,00;0,00;0,21;0,00;0,00;113;176;168;16;20;757;898
6412;55,50;-65,41;0,00;0,00;0,00;-0,07;0,00;0,00;172;116;199;35;25;591;586
6413;51,32;-36,86;0,00;0,00;0,00;-0,04;0,00;0,00;11;60;21;29;27;991;407
6414;50,20;17,90;0,00;0,00;0,00;0,02;0,00;0,00;234;150;88;29;30;901;975
6415;64,11;134,90;0,00;0,00;0,00;0,13;0,00;0,00;36;63;99;25;21;457;854
6416;83,35;382,17;0,00;0,00;0,00;0,38;0,00;0,00;171;191;193;23;34;804;355
6417;31,49;-209,12;0,00;0,00;0,00;-0,21;0,00;0,00;427;184;125;10;21;257;404
6418;46,86;-22,80;0,00;0,00;0,00;-0,02;0,00;0,00;229;74;190;15;27;128;274
6419;21,12;-318,37;0,00;0,00;0,00;-0,32;0,00;0,00;49;75;77;43;20;495;143
6420;28,50;-152,14;0,00;0,00;0,00;-0,15;0,00;0,00;434;52;164;32;34;741;270
6421;47,12;7,70;0,00;0,00;0,00;0,01;0,00;0,00;255;110;80;15;28;919;329
6422;48,57;-76,83;0,00;0,00;0,00;-0,08;0,00;0,00;67;17;107;33;28;266;372
6423;41,82;-133,56;0,00;0,00;0,00;-0,13;0,00;0,00;146;35;78;37;20;630;783
6424;57,15;79,70;0,00;0,00;0,00;0,08;0,00;0,00;153;144;111;14;35;431;380
6425;49,81;-90,16;0,00;0,00;0,00;-0,09;0,00;0,00;19;11;89;33;32;548;884
6426;68,11;154,57;0,00;0,00;0,00;0,15;0,00;0,00;298;90;95;28;32;876;390
6427;59,29;81,92;0,00;0,00;0,00;0,08;0,00;0,00;253;101;140;37;30;880;539
6428;50,20;-64,50;0,00;0,00;0,00;-0,06;0,00;0,00;427;48;109;24;39;140;716
6429;47,89;-15,02;0,00;0,00;0,00;-0,02;0,00;0,00;427;51;192;17;17;751;117
6430;61,72;153,15;0,00;0,00;0,00;0,15;0,00;0,00;81;174;122;13;35;976;514
6431;70,39;262,68;0,00;0,00;0,00;0,26;0,00;0,00;386;61;179;43;20;816;281
6432;59,30;117,65;0,00;0,00;0,00;0,12;0,00;0,00;285;65;121;12;15;973;953
6433;59,62;137,46;0,00;0,00;0,00;0,14;0,00;0,00;58;27;104;30;28;400;881
6434;58,05;198,49;0,00;0,00;0,00;0,20;0,00;0,00;67;164;174;16;16;473;878
6435;36,23;-118,82;0,00;0,00;0,00;-0,12;0,00;0,00;179;47;94;16;31;321;974
6436;52,18;-18,29;0,00;0,00;0,00;-0,02;0,00;0,00;100;96;197;24;31;752;196
6437;52,52;5,50;0,00;0,00;0,00;0,01;0,00;0,00;425;112;149;45;17;821;511
6438;22,27;-283,67;0,00;0,00;0,00;-0,28;0,00;0,00;171;42;179;19;35;673;300
6439;31,36;-149,61;0,00;0,00;0,00;-0,15;0,00;0,00;218;182;97;39;34;646;544
6440;42,41;-3,81;0,00;0,00;0,00;-0,00;0,00;0,00;43;16;179;48;18;165;740
6441;43,63;-65,86;0,00;0,00;0,00;-0,07;0,00;0,00;212;155;28;42;35;511;167
6442;85,56;303,31;0,00;0,00;0,00;0,30;0,00;0,00;412;31;106;25;39;781;483
6443;51,09;21,51;0,00;0,00;0,00;0,02;0,00;0,00;184;181;113;43;17;958;118
6444;42,72;-109,92;0,00;0,00;0,00;-0,11;0,00;0,00;176;197;62;16;35;790;992
6445;63,05;96,82;0,00;0,00;0,00;0,10;0,00;0,00;467;17;143;22;36;437;510
6446;65,42;86,76;0,00;0,00;0,00;0,09;0,00;0,00;424;191;70;29;31;191;471
6447;61,17;93,14;0,00;0,00;0,00;0,09;0,00;0,00;250;87;18;18;37;292;666
6448;42,25;-146,07;0,00;0,00;0,00;-0,15;0,00;0,00;308;30;54;43;17;727;671
6449;66,45;133,24;0,00;0,00;0,00;0,13;0,00;0,00;119;110;189;10;16;532;789
6450;70,40;197,11;0,00;0,00;0,00;0,20;0,00;0,00;394;14;150;16;22;831;236
6451;50,97;-105,77;0,00;0,00;0,00;-0,11;0,00;0,00;496;12;70;35;19;162;924
6452;62,84;82,72;0,00;0,00;0,00;0,08;0,00;0,00;248;49;124;18;32;772;759
6453;53,36;87,11;0,00;0,00;0,00;0,09;0,00;0,00;56;90;91;47;22;164;983
6454;51,16;18,96;0,00;0,00;0,00;0,02;0,00;0,00;492;60;118;29;24;624;784
6455;38,14;-133,65;0,00;0,00;0,00;-0,13;0,00;0,00;436;56;82;23;36;670;251
6456;57,10;188,68;0,00;0,00;0,00;0,19;0,00;0,00;225;80;13;11;32;899;958
6457;64,30;164,06;0,00;0,00;0,00;0,16;0,00;0,00;411;63;97;38;38;784;903
6458;39,15;-183,93;0,00;0,00;0,00;-0,18;0,00;0,00;320;22;141;41;27;180;985
6459;31,46;-192,76;0,00;0,00;0,00;-0,19;0,00;0,00;264;70;97;21;17;102;796
6460;23,83;-242,13;0,00;0,00;0,00;-0,24;0,00;0,00;275;112;110;30;30;827;621
6461;30,20;-213,51;0,00;0,00;0,00;-0,21;0,00;0,00;465;46;128;29;17;124;740
6462;41,56;-51,47;0,00;0,00;0,00;-0,05;0,00;0,00;328;197;56;48;32;902;814
6463;88,00;374,13;0,00;0,00;0,00;0,37;0,00;0,00;99;67;47;15;29;337;972
6464;50,84;-29,09;0,00;0,00;0,00;-0,03;0,00;0,00;125;192;185;27;25;771;757
6465;52,79;41,06;0,00;0,00;0,00;0,04;0,00;0,00;149;170;111;40;21;110;432
6466;68,70;141,38;0,00;0,00;0,00;0,14;0,00;0,00;412;47;104;22;30;809;372
6467;58,71;128,36;0,00;0,00;0,00;0,13;0,00;0,00;286;115;36;47;36;585;956
6468;52,28;38,05;0,00;0,00;0,00;0,04;0,00;0,00;231;50;105;42;19;404;729
6469;48,36;-15,30;0,00;0,00;0,00;-0,02;0,00;0,00;12;11;41;28;26;846;463
6470;47,91;-11,44;0,00;0,00;0,00;-0,01;0,00;0,00;300;68;73;15;36;201;923
6471;39,06;-174,69;0,00;0,00;0,00;-0,17;0,00;0,00;397;130;184;41;24;246;943
6472;44,93;-111,03;0,00;0,00;0,00;-0,11;0,00;0,00;18;98;78;41;18;970;526
6473;57,59;106,05;0,00;0,00;0,00;0,11;0,00;0,00;409;140;51;26;33;291;611
6474;11,11;-462,11;0,00;0,00;0,00;-0,46;0,00;0,00;13;32;27;34;34;802;984
6475;70,15;208,28;0,00;0,00;0,00;0,21;0,00;0,00;96;148;189;47;19;777;870
6476;42,06;-72,22;0,00;0,00;0,00;-0,07;0,00;0,00;72;37;15;14;22;831;455
6477;63,99;188,61;0,00;0,00;0,00;0,19;0,00;0,00;373;103;15;29;25;252;887
6478;48,16;74,46;0,00;0,00;0,00;0,07;0,00;0,00;229;169;136;45;26;356;250
6479;58,81;63,70;0,00;0,00;0,00;0,06;0,00;0,00;317;135;148;26;32;765;285
6480;7,50;-386,30;0,00;0,00;0,00;-0,39;0,00;0,00;280;83;114;15;25;833;117
6481;81,30;298,44;0,00;0,00;0,00;0,30;0,00;0,00;376;63;35;26;23;616;876
6482;36,21;-118,47;0,00;0,00;0,00;-0,12;0,00;0,00;426;172;142;39;29;100;116
6483;28,64;-259,28;0,00;0,00;0,00;-0,26;0,00;0,00;464;186;134;27;33;831;923
6484;45,73;60,54;0,00;0,00;0,00;0,06;0,00;0,00;419;13;132;40;32;427;229
6485;22,83;-222,67;0,00;0,00;0,00;-0,22;0,00;0,00;102;139;59;25;24;130;339
6486;62,51;125,13;0,00;0,00;0,00;0,13;0,00;0,00;265;100;14;35;31;750;138
6487;71,47;211,23;0,00;0,00;0,00;0,21;0,00;0,00;254;152;135;49;28;117;633
6488;52,47;60,02;0,00;0,00;0,00;0,06;0,00;0,00;72;131;60;44;23;394;970
6489;39,72;-134,24;0,00;0,00;0,00;-0,13;0,00;0,00;456;86;102;15;23;602;134
6490;40,34;-190,04;0,00;0,00;0,00;-0,19;0,00;0,00;440;21;34;20;35;974;904
6491;11,46;-386,02;0,00;0,00;0,00;-0,39;0,00;0,00;299;17;183;43;24;781;230
6492;58,03;1,91;0,00;0,00;0,00;0,00;0,00;0,00;464;121;46;47;39;276;982
6493;70,69;209,28;0,00;0,00;0,00;0,21;0,00;0,00;136;43;60;30;32;314;930
6494;54,56;74,00;0,00;0,00;0,00;0,07;0,00;0,00;450;71;54;28;31;469;654
6495;62,11;119,54;0,00;0,00;0,00;0,12;0,00;0,00;235;183;181;12;26;994;311
6496;36,20;-56,31;0,00;0,00;0,00;-0,06;0,00;0,00;67;158;36;25;18;629;561
6497;74,56;321,30;0,00;0,00;0,00;0,32;0,00;0,00;276;30;167;12;33;967;414
6498;16,09;-368,02;0,00;0,00;0,00;-0,37;0,00;0,00;229;174;162;31;32;723;657
6499;46,63;-19,14;0,00;0,00;0,00;-0,02;0,00;0,00;378;48;53;22;31;217;998
6500;39,71;-63,84;0,00;0,00;0,00;-0,06;0,00;0,00;492;105;83;14;33;987;950
6501;48,35;-94,08;0,00;0,00;0,00;-0,09;0,00;0,00;446;33;198;15;38;610;195
6502;61,60;66,97;0,00;0,00;0,00;0,07;0,00;0,00;92;171;119;47;39;252;894
6503;51,97;-49,25;0,00;0,00;0,00;-0,05;0,00;0,00;302;140;29;30;36;254;682
6504;74,05;192,06;0,00;0,00;0,00;0,19;0,00;0,00;130;174;24;33;24;875;432
6505;52,11;27,70;0,00;0,00;0,00;0,03;0,00;0,00;302;139;52;32;21;133;590
6506;69,00;221,46;0,00;0,00;0,00;0,22;0,00;0,00;74;22;38;33;19;859;253
6507;34,08;-183,91;0,00;0,00;0,00;-0,18;0,00;0,00;349;169;117;13;32;553;494
6508;45,35;-133,32;0,00;0,00;0,00;-0,13;0,00;0,00;95;35;79;42;25;650;279
6509;29,75;-214,38;0,00;0,00;0,00;-0,21;0,00;0,00;312;95;193;27;23;788;284
6510;37,95;-57,99;0,00;0,00;0,00;-0,06;0,00;0,00;219;187;183;22;17;220;355
6511;44,62;-61,98;0,00;0,00;0,00;-0,06;0,00;0,00;151;30;127;22;36;889;987
6512;51,87;18,72;0,00;0,00;0,00;0,02;0,00;0,00;86;36;176;34;24;953;155
6513;27,83;-269,39;0,00;0,00;0,00;-0,27;0,00;0,00;331;78;163;24;30;300;375
6514;51,34;-15,44;0,00;0,00;0,00;-0,02;0,00;0,00;191;98;155;48;25;735;538
6515;54,83;147,75;0,00;0,00;0,00;0,15;0,00;0,00;221;61;38;36;24;700;248
6516;40,45;-105,81;0,00;0,00;0,00;-0,11;0,00;0,00;19;88;117;21;36;493;523
6517;68,08;198,08;0,00;0,00;0,00;0,20;0,00;0,00;484;101;176;14;34;689;144
6518;40,74;-107,62;0,00;0,00;0,00;-0,11;0,00;0,00;79;182;187;33;27;673;989
6519;50,80;52,71;0,00;0,00;0,00;0,05;0,00;0,00;244;129;182;22;16;337;934
6520;45,15;-90,66;0,00;0,00;0,00;-0,09;0,00;0,00;392;193;199;10;31;670;272
6521;52,36;-80,79;0,00;0,00;0,00;-0,08;0,00;0,00;49;87;147;11;37;437;443
6522;44,06;-36,70;0,00;0,00;0,00;-0,04;0,00;0,00;454;42;108;34;31;923;498
6523;71,20;219,47;0,00;0,00;0,00;0,22;0,00;0,00;301;134;196;46;26;366;775
6524;61,55;85,44;0,00;0,00;0,00;0,09;0,00;0,00;68;12;106;11;27;624;545
6525;21,42;-228,39;0,00;0,00;0,00;-0,23;0,00;0,00;98;155;192;33;30;234;353
6526;55,49;7,35;0,00;0,00;0,00;0,01;0,00;0,00;293;65;175;31;36;408;699
6527;33,54;-137,64;0,00;0,00;0,00;-0,14;0,00;0,00;48;185;128;21;22;101;188
6528;27,06;-270,21;0,00;0,00;0,00;-0,27;0,00;0,00;284;66;110;48;22;780;613
6529;69,45;125,22;0,00;0,00;0,00;0,13;0,00;0,00;49;98;167;24;20;768;476
6530;72,91;234,91;0,00;0,00;0,00;0,23;0,00;0,00;417;17;187;24;34;548;412
6531;52,07;42,54;0,00;0,00;0,00;0,04;0,00;0,00;252;39;167;42;16;771;669
6532;58,76;13,10;0,00;0,00;0,00;0,01;0,00;0,00;461;169;57;25;30;395;699
6533;48,92;5,63;0,00;0,00;0,00;0,01;0,00;0,00;258;43;116;25;18;843;371
6534;35,27;-130,84;0,00;0,00;0,00;-0,13;0,00;0,00;97;49;22;38;23;874;652
6535;49,32;-16,48;0,00;0,00;0,00;-0,02;0,00;0,00;463;129;128;10;21;839;746
6536;44,56;-105,70;0,00;0,00;0,00;-0,11;0,00;0,00;437;175;171;28;17;533;591
6537;19,70;-294,28;0,00;0,00;0,00;-0,29;0,00;0,00;416;180;90;47;18;894;896
6538;32,87;-179,07;0,00;0,00;0,00;-0,18;0,00;0,00;158;12;155;10;15;287;823
6539;35,08;-238,52;0,00;0,00;0,00;-0,24;0,00;0,00;48;139;158;37;32;102;327
6540;58,89;101,51;0,00;0,00;0,00;0,10;0,00;0,00;77;124;52;39;31;961;627
6541;50,51;22,89;0,00;0,00;0,00;0,02;0,00;0,00;436;18;175;18;30;659;271
6542;66,96;172,86;0,00;0,00;0,00;0,17;0,00;0,00;203;183;43;11;16;636;190
6543;54,74;79,35;0,00;0,00;0,00;0,08;0,00;0,00;444;163;41;37;17;603;245
6544;57,29;86,29;0,00;0,00;0,00;0,09;0,00;0,00;32;148;165;13;22;203;254
6545;37,39;-129,57;0,00;0,00;0,00;-0,13;0,00;0,00;489;17;151;10;36;648;886
6546;75,76;313,73;0,00;0,00;0,00;0,31;0,00;0,00;81;148;199;28;29;383;259
6547;44,38;0,25;0,00;0,00;0,00;0,00;0,00;0,00;443;91;144;41;29;763;684
6548;56,05;105,43;0,00;0,00;0,00;0,11;0,00;0,00;83;151;87;45;38;584;417
6549;56,59;40,41;0,00;0,00;0,00;0,04;0,00;0,00;215;69;156;11;31;129;125
6550;46,40;-60,33;0,00;0,00;0,00;-0,06;0,00;0,00;386;80;71;18;29;175;231
6551;32,87;-245,92;0,00;0,00;0,00;-0,25;0,00;0,00;225;157;135;32;27;227;754
6552;28,15;-176,42;0,00;0,00;0,00;-0,18;0,00;0,00;149;133;25;37;31;533;237
6553;41,60;-121,71;0,00;0,00;0,00;-0,12;0,00;0,00;161;34;177;18;16;301;761
6554;46,16;-7,05;0,00;0,00;0,00;-0,01;0,00;0,00;197;159;25;23;28;975;220
6555;59,53;53,34;0,00;0,00;0,00;0,05;0,00;0,00;132;90;20;48;29;963;292
6556;43,74;-46,63;0,00;0,00;0,00;-0,05;0,00;0,00;330;129;161;42;30;318;392
6557;57,40;46,39;0,00;0,00;0,00;0,05;0,00;0,00;283;108;84;15;27;813;182
6558;53,57;35,87;0,00;0,00;0,00;0,04;0,00;0,00;402;40;72;40;17;842;929
6559;69,48;214,56;0,00;0,00;0,00;0,21;0,00;0,00;457;57;125;27;15;332;113
6560;59,42;46,35;0,00;0,00;0,00;0,05;0,00;0,00;211;171;28;32;31;827;440
6561;58,71;72,65;0,00;0,00;0,00;0,07;0,00;0,00;80;53;39;29;32;215;196
6562;51,14;-43,59;0,00;0,00;0,00;-0,04;0,00;0,00;345;43;187;31;26;554;533
6563;66,58;154,18;0,00;0,00;0,00;0,15;0,00;0,00;172;11;44;15;20;261;399
6564;47,85;-54,83;0,00;0,00;0,00;-0,05;0,00;0,00;499;13;65;33;16;903;954
6565;54,53;101,02;0,00;0,00;0,00;0,10;0,00;0,00;463;60;194;42;25;359;473
6566;100,00;532,56;0,00;0,00;0,00;0,53;0,00;0,00;87;136;64;34;22;335;878
6567;58,02;97,90;0,00;0,00;0,00;0,10;0,00;0,00;94;134;23;36;31;514;320
6568;47,48;71,22;0,00;0,00;0,00;0,07;0,00;0,00;329;59;184;31;21;686;298
6569;48,80;-3,42;0,00;0,00;0,00;-0,00;0,00;0,00;117;124;119;10;39;726;988
6570;46,51;-65,60;0,00;0,00;0,00;-0,07;0,00;0,00;57;121;171;26;21;349;674
6571;70,51;241,18;0,00;0,00;0,00;0,24;0,00;0,00;166;59;19;14;36;453;838
6572;27,60;-161,55;0,00;0,00;0,00;-0,16;0,00;0,00;405;112;177;25;23;631;771
6573;58,91;63,74;0,00;0,00;0,00;0,06;0,00;0,00;337;97;11;11;32;830;194
6574;84,37;331,57;0,00;0,00;0,00;0,33;0,00;0,00;283;156;164;38;35;754;669
6575;58,66;49,08;0,00;0,00;0,00;0,05;0,00;0,00;482;47;52;32;26;862;271
6576;42,27;14,08;0,00;0,00;0,00;0,01;0,00;0,00;312;41;79;45;24;751;771
6577;37,25;-19,96;0,00;0,00;0,00;-0,02;0,00;0,00;260;79;80;47;21;349;641
6578;46,74;-62,35;0,00;0,00;0,00;-0,06;0,00;0,00;464;58;16;38;23;958;583
6579;68,35;250,33;0,00;0,00;0,00;0,25;0,00;0,00;24;23;114;31;35;455;194
6580;52,79;81,95;0,00;0,00;0,00;0,08;0,00;0,00;262;195;157;40;17;913;843
6581;14,28;-295,20;0,00;0,00;0,00;-0,30;0,00;0,00;87;141;73;20;18;443;551
6582;49,88;-84,93;0,00;0,00;0,00;-0,08;0,00;0,00;33;62;157;28;25;339;486
6583;47,00;-110,19;0,00;0,00;0,00;-0,11;0,00;0,00;278;15;25;46;30;273;308
6584;27,59;-243,36;0,00;0,00;0,00;-0,24;0,00;0,00;331;105;127;11;18;486;644
6585;21,98;-333,42;0,00;0,00;0,00;-0,33;0,00;0,00;331;128;47;35;29;234;435
6586;23,57;-287,10;0,00;0,00;0,00;-0,29;0,00;0,00;44;72;154;27;36;125;616
6587;23,17;-225,76;0,00;0,00;0,00;-0,23;0,00;0,00;148;97;81;27;24;533;122
6588;26,41;-143,89;0,00;0,00;0,00;-0,14;0,00;0,00;446;51;97;27;15;694;614
6589;87,90;397,13;0,00;0,00;0,00;0,40;0,00;0,00;350;60;106;14;15;503;167
6590;60,10;79,75;0,00;0,00;0,00;0,08;0,00;0,00;247;74;122;38;21;293;984
6591;45,46;10,93;0,00;0,00;0,00;0,01;0,00;0,00;306;13;131;27;38;883;477
6592;55,88;78,21;0,00;0,00;0,00;0,08;0,00;0,00;96;126;198;37;38;401;422
6593;28,24;-209,16;0,00;0,00;0,00;-0,21;0,00;0,00;329;183;33;35;21;403;876
6594;54,67;109,77;0,00;0,00;0,00;0,11;0,00;0,00;158;60;199;12;27;197;242
6595;52,02;18,10;0,00;0,00;0,00;0,02;0,00;0,00;67;77;117;16;15;124;354
6596;42,71;-87,02;0,00;0,00;0,00;-0,09;0,00;0,00;375;181;106;29;19;106;584
6597;33,83;-103,82;0,00;0,00;0,00;-0,10;0,00;0,00;497;39;126;44;36;819;180
6598;52,62;11,38;0,00;0,00;0,00;0,01;0,00;0,00;106;152;64;45;36;708;884
6599;65,20;192,39;0,00;0,00;0,00;0,19;0,00;0,00;97;95;136;31;30;979;956
6600;57,33;63,20;0,00;0,00;0,00;0,06;0,00;0,00;230;24;39;23;36;753;808
6601;27,34;-251,50;0,00;0,00;0,00;-0,25;0,00;0,00;333;184;167;16;27;206;930
6602;74,38;268,97;0,00;0,00;0,00;0,27;0,00;0,00;46;93;60;49;35;969;931
6603;25,19;-243,54;0,00;0,00;0,00;-0,24;0,00;0,00;414;81;60;14;34;565;837
6604;37,68;-171,81;0,00;0,00;0,00;-0,17;0,00;0,00;331;65;62;18;30;245;122
6605;32,00;-190,28;0,00;0,00;0,00;-0,19;0,00;0,00;491;63;29;41;26;680;853
6606;33,89;-124,45;0,00;0,00;0,00;-0,12;0,00;0,00;11;186;76;31;38;746;326
6607;67,49;214,62;0,00;0,00;0,00;0,21;0,00;0,00;332;125;17;22;15;196;960
6608;32,03;-216,63;0,00;0,00;0,00;-0,22;0,00;0,00;248;141;71;14;25;459;538
6609;68,20;130,63;0,00;0,00;0,00;0,13;0,00;0,00;235;161;127;11;21;366;806
6610;85,76;301,99;0,00;0,00;0,00;0,30;0,00;0,00;59;165;178;30;27;733;470
6611;51,74;43,47;0,00;0,00;0,00;0,04;0,00;0,00;348;100;24;14;39;493;149
6612;40,84;-16,77;0,00;0,00;0,00;-0,02;0,00;0,00;379;47;139;19;28;732;624
6613;38,71;-96,12;0,00;0,00;0,00;-0,10;0,00;0,00;434;149;173;23;31;198;991
6614;42,89;-30,22;0,00;0,00;0,00;-0,03;0,00;0,00;52;112;13;36;32;568;725
6615;64,19;175,63;0,00;0,00;0,00;0,18;0,00;0,00;102;113;113;42;20;985;175
6616;41,28;-117,60;0,00;0,00;0,00;-0,12;0,00;0,00;490;166;45;31;27;342;757
6617;63,64;134,95;0,00;0,00;0,00;0,13;0,00;0,00;359;159;172;40;18;861;870
6618;59,41;182,21;0,00;0,00;0,00;0,18;0,00;0,00;124;162;126;49;34;920;509
6619;56,19;19,97;0,00;0,00;0,00;0,02;0,00;0,00;260;197;66;45;16;307;507
6620;64,15;195,48;0,00;0,00;0,00;0,20;0,00;0,00;286;90;45;47;38;289;904
6621;52,68;25,65;0,00;0,00;0,00;0,03;0,00;0,00;54;11;149;44;32;634;117
6622;57,54;158,49;0,00;0,00;0,00;0,16;0,00;0,00;454;175;156;26;27;298;494
6623;44,50;-18,47;0,00;0,00;0,00;-0,02;0,00;0,00;84;183;29;39;36;403;828
6624;57,65;-4,78;0,00;0,00;0,00;-0,00;0,00;0,00;311;72;141;15;36;784;465
6625;25,54;-196,54;0,00;0,00;0,00;-0,20;0,00;0,00;238;34;120;27;24;982;607
6626;25,94;-197,11;0,00;0,00;0,00;-0,20;0,00;0,00;267;11;108;18;38;253;381
6627;54,66;58,99;0,00;0,00;0,00;0,06;0,00;0,00;281;124;182;48;21;445;481
6628;72,89;311,65;0,00;0,00;0,00;0,31;0,00;0,00;446;170;77;47;16;472;526
6629;4,45;-359,35;0,00;0,00;0,00;-0,36;0,00;0,00;487;173;17;25;26;470;591
6630;36,16;-101,31;0,00;0,00;0,00;-0,10;0,00;0,00;468;111;45;11;22;572;340
6631;46,01;-142,31;0,00;0,00;0,00;-0,14;0,00;0,00;45;184;65;35;29;959;710
6632;27,31;-278,99;0,00;0,00;0,00;-0,28;0,00;0,00;105;41;75;45;37;328;130
6633;49,72;50,54;0,00;0,00;0,00;0,05;0,00;0,00;350;117;57;26;39;502;274
6634;31,96;-124,56;0,00;0,00;0,00;-0,12;0,00;0,00;444;30;41;46;27;743;816
6635;75,59;210,61;0,00;0,00;0,00;0,21;0,00;0,00;90;199;115;19;26;436;364
6636;61,91;172,16;0,00;0,00;0,00;0,17;0,00;0,00;420;136;34;47;23;288;483
6637;56,31;105,77;0,00;0,00;0,00;0,11;0,00;0,00;340;13;67;12;17;914;319
6638;57,55;200,23;0,00;0,00;0,00;0,20;0,00;0,00;323;11;33;22;25;323;343
6639;60,74;148,29;0,00;0,00;0,00;0,15;0,00;0,00;371;99;115;48;36;343;425
6640;56,81;43,88;0,00;0,00;0,00;0,04;0,00;0,00;246;57;117;21;28;234;279
6641;28,56;-232,46;0,00;0,00;0,00;-0,23;0,00;0,00;497;107;15;12;18;610;902
6642;52,82;-23,11;0,00;0,00;0,00;-0,02;0,00;0,00;106;82;111;43;37;788;243
6643;46,93;-50,57;0,00;0,00;0,00;-0,05;0,00;0,00;184;58;94;39;33;229;738
6644;66,69;164,10;0,00;0,00;0,00;0,16;0,00;0,00;306;152;18;46;30;159;545
6645;35,27;-140,03;0,00;0,00;0,00;-0,14;0,00;0,00;246;43;16;38;23;643;561
6646;57,97;123,01;0,00;0,00;0,00;0,12;0,00;0,00;160;108;39;37;31;926;189
6647;33,61;-148,03;0,00;0,00;0,00;-0,15;0,00;0,00;134;143;177;12;37;426;151
6648;59,91;110,83;0,00;0,00;0,00;0,11;0,00;0,00;498;173;190;26;19;846;584
6649;77,35;278,92;0,00;0,00;0,00;0,28;0,00;0,00;181;137;128;28;27;476;653
6650;70,43;212,86;0,00;0,00;0,00;0,21;0,00;0,00;400;49;92;20;31;552;957
6651;53,70;79,14;0,00;0,00;0,00;0,08;0,00;0,00;468;44;125;35;19;815;788
6652;63,32;26,88;0,00;0,00;0,00;0,03;0,00;0,00;103;195;139;12;26;705;284
6653;44,31;-52,99;0,00;0,00;0,00;-0,05;0,00;0,00;160;82;33;43;30;110;370
6654;59,25;91,01;0,00;0,00;0,00;0,09;0,00;0,00;475;117;71;38;22;777;861
6655;80,95;288,35;0,00;0,00;0,00;0,29;0,00;0,00;168;46;107;25;30;855;967
6656;79,93;335,55;0,00;0,00;0,00;0,34;0,00;0,00;284;194;101;39;39;921;434
6657;37,74;-82,69;0,00;0,00;0,00;-0,08;0,00;0,00;478;145;103;17;31;408;931
6658;61,53;99,53;0,00;0,00;0,00;0,10;0,00;0,00;185;166;31;45;39;471;753
6659;51,42;52,48;0,00;0,00;0,00;0,05;0,00;0,00;487;134;54;25;26;212;307
6660;43,58;-120,64;0,00;0,00;0,00;-0,12;0,00;0,00;33;55;195;39;27;810;171
6661;57,21;115,69;0,00;0,00;0,00;0,12;0,00;0,00;205;193;176;47;17;184;165
6662;42,53;-78,23;0,00;0,00;0,00;-0,08;0,00;0,00;302;128;81;11;19;204;498
6663;63,15;51,84;0,00;0,00;0,00;0,05;0,00;0,00;33;84;191;32;25;300;396
6664;59,90;127,28;0,00;0,00;0,00;0,13;0,00;0,00;350;13;158;44;26;776;173
6665;58,95;31,73;0,00;0,00;0,00;0,03;0,00;0,00;427;70;153;27;28;523;652
6666;26,15;-186,90;0,00;0,00;0,00;-0,19;0,00;0,00;68;40;135;23;16;299;903
6667;52,46;-2,74;0,00;0,00;0,00;-0,00;0,00;0,00;449;24;72;23;19;913;661
6668;44,44;-40,73;0,00;0,00;0,00;-0,04;0,00;0,00;175;34;121;39;25;201;137
6669;68,84;215,02;0,00;0,00;0,00;0,22;0,00;0,00;65;123;45;45;32;909;960
6670;95,04;474,76;0,00;0,00;0,00;0,47;0,00;0,00;272;54;88;48;32;427;293
6671;34,37;-255,95;0,00;0,00;0,00;-0,26;0,00;0,00;265;68;128;42;34;162;762
6672;27,05;-280,17;0,00;0,00;0,00;-0,28;0,00;0,00;341;181;118;25;27;362;618
6673;46,39;-99,61;0,00;0,00;0,00;-0,10;0,00;0,00;87;47;69;17;30;573;463
6674;71,07;184,92;0,00;0,00;0,00;0,18;0,00;0,00;134;12;192;46;21;416;894
6675;39,05;-170,10;0,00;0,00;0,00;-0,17;0,00;0,00;336;147;175;15;23;542;436
6676;24,18;-303,31;0,00;0,00;0,00;-0,30;0,00;0,00;451;127;81;18;39;761;420
6677;46,87;-46,93;0,00;0,00;0,00;-0,05;0,00;0,00;482;149;177;45;22;184;958
6678;45,66;-101,55;0,00;0,00;0,00;-0,10;0,00;0,00;219;168;47;44;26;789;543
6679;34,39;-157,48;0,00;0,00;0,00;-0,16;0,00;0,00;44;57;10;29;21;249;538
6680;30,05;-147,51;0,00;0,00;0,00;-0,15;0,00;0,00;279;49;155;12;36;435;586
6681;50,22;-70,04;0,00;0,00;0,00;-0,07;0,00;0,00;134;130;132;45;16;758;685
6682;33,35;-151,64;0,00;0,00;0,00;-0,15;0,00;0,00;347;127;169;24;17;499;179
6683;56,01;10,30;0,00;0,00;0,00;0,01;0,00;0,00;59;131;170;45;37;331;645
6684;74,01;217,05;0,00;0,00;0,00;0,22;0,00;0,00;279;141;13;22;38;589;293
6685;39,28;-65,82;0,00;0,00;0,00;-0,07;0,00;0,00;323;41;196;18;22;462;977
6686;49,06;-67,37;0,00;0,00;0,00;-0,07;0,00;0,00;162;38;20;19;20;301;361
6687;55,70;93,75;0,00;0,00;0,00;0,09;0,00;0,00;111;191;187;16;31;791;147
6688;50,64;23,79;0,00;0,00;0,00;0,02;0,00;0,00;320;188;164;29;36;668;578
6689;29,56;-203,24;0,00;0,00;0,00;-0,20;0,00;0,00;160;12;47;47;21;734;213
6690;44,84;-140,41;0,00;0,00;0,00;-0,14;0,00;0,00;95;102;89;14;38;894;370
6691;46,95;-65,31;0,00;0,00;0,00;-0,07;0,00;0,00;71;199;28;10;21;455;695
6692;61,56;56,07;0,00;0,00;0,00;0,06;0,00;0,00;324;145;99;23;17;968;624
6693;43,00;-14,49;0,00;0,00;0,00;-0,01;0,00;0,00;185;89;13;24;38;766;179
6694;37,62;-50,71;0,00;0,00;0,00;-0,05;0,00;0,00;16;107;175;19;35;785;558
6695;32,46;-181,07;0,00;0,00;0,00;-0,18;0,00;0,00;161;150;36;11;39;860;715
6696;81,65;379,96;0,00;0,00;0,00;0,38;0,00;0,00;48;29;24;37;29;125;670
6697;43,09;-103,55;0,00;0,00;0,00;-0,10;0,00;0,00;436;66;144;34;31;735;230
6698;53,03;29,15;0,00;0,00;0,00;0,03;0,00;0,00;244;91;78;49;32;547;326
6699;37,71;-103,06;0,00;0,00;0,00;-0,10;0,00;0,00;25;152;114;25;30;742;563
6700;32,93;-183,58;0,00;0,00;0,00;-0,18;0,00;0,00;103;83;182;22;26;489;222
6701;36,14;-107,07;0,00;0,00;0,00;-0,11;0,00;0,00;147;23;126;26;26;513;458
6702;46,71;-50,25;0,00;0,00;0,00;-0,05;0,00;0,00;168;93;155;41;32;647;349
6703;57,15;79,29;0,00;0,00;0,00;0,08;0,00;0,00;157;119;92;28;36;392;385
6704;60,27;2,39;0,00;0,00;0,00;0,00;0,00;0,00;23;105;80;39;23;659;543
6705;75,32;244,96;0,00;0,00;0,00;0,24;0,00;0,00;34;20;195;34;34;727;650
6706;56,88;133,58;0,00;0,00;0,00;0,13;0,00;0,00;491;164;193;44;17;282;388
6707;49,27;-14,70;0,00;0,00;0,00;-0,01;0,00;0,00;133;151;46;18;34;163;397
6708;75,09;333,27;0,00;0,00;0,00;0,33;0,00;0,00;191;96;167;31;16;696;839
6709;29,01;-211,52;0,00;0,00;0,00;-0,21;0,00;0,00;422;43;155;13;25;386;784
6710;47,22;10,56;0,00;0,00;0,00;0,01;0,00;0,00;22;186;182;39;22;501;836
6711;63,68;148,01;0,00;0,00;0,00;0,15;0,00;0,00;261;180;78;25;36;776;401
6712;29,90;-169,12;0,00;0,00;0,00;-0,17;0,00;0,00;237;90;15;30;23;925;693
6713;83,48;339,86;0,00;0,00;0,00;0,34;0,00;0,00;23;28;59;26;18;323;137
6714;38,08;-142,04;0,00;0,00;0,00;-0,14;0,00;0,00;216;118;139;36;21;562;393
6715;41,21;-45,04;0,00;0,00;0,00;-0,05;0,00;0,00;288;78;100;37;24;163;913
6716;37,98;-139,31;0,00;0,00;0,00;-0,14;0,00;0,00;101;47;33;37;28;757;234
6717;53,12;15,86;0,00;0,00;0,00;0,02;0,00;0,00;242;122;21;13;29;531;852
6718;52,76;1,20;0,00;0,00;0,00;0,00;0,00;0,00;64;166;132;48;34;457;290
6719;51,33;-8,43;0,00;0,00;0,00;-0,01;0,00;0,00;446;111;96;31;15;804;200
6720;53,03;104,53;0,00;0,00;0,00;0,10;0,00;0,00;431;155;150;19;28;153;711
6721;67,61;186,95;0,00;0,00;0,00;0,19;0,00;0,00;332;156;86;24;30;844;972
6722;76,86;327,56;0,00;0,00;0,00;0,33;0,00;0,00;256;159;159;49;28;289;105
6723;87,28;409,04;0,00;0,00;0,00;0,41;0,00;0,00;18;175;173;26;33;144;702
6724;40,09;-64,66;0,00;0,00;0,00;-0,06;0,00;0,00;431;152;182;45;26;866;101
6725;48,64;-36,60;0,00;0,00;0,00;-0,04;0,00;0,00;90;49;56;46;31;971;219
6726;77,47;311,31;0,00;0,00;0,00;0,31;0,00;0,00;150;142;151;39;39;153;792
6727;29,49;-173,94;0,00;0,00;0,00;-0,17;0,00;0,00;441;191;67;20;39;423;707
6728;54,00;30,29;0,00;0,00;0,00;0,03;0,00;0,00;408;160;181;46;16;976;543
6729;60,21;72,27;0,00;0,00;0,00;0,07;0,00;0,00;425;173;114;13;22;940;253
6730;62,17;102,66;0,00;0,00;0,00;0,10;0,00;0,00;112;158;166;34;24;952;522
6731;17,66;-257,87;0,00;0,00;0,00;-0,26;0,00;0,00;58;45;122;37;39;174;638
6732;60,84;35,20;0,00;0,00;0,00;0,04;0,00;0,00;435;126;42;24;20;275;804
6733;58,16;80,13;0,00;0,00;0,00;0,08;0,00;0,00;378;98;71;31;21;134;768
6734;55,98;-6,34;0,00;0,00;0,00;-0,01;0,00;0,00;383;199;92;48;38;270;751
6735;46,65;-24,35;0,00;0,00;0,00;-0,02;0,00;0,00;38;155;100;44;32;360;896
6736;65,70;186,79;0,00;0,00;0,00;0,19;0,00;0,00;83;134;121;35;21;118;694
6737;56,79;37,49;0,00;0,00;0,00;0,04;0,00;0,00;367;164;78;10;24;580;983
6738;53,67;-40,98;0,00;0,00;0,00;-0,04;0,00;0,00;103;81;151;40;17;769;274
6739;86,26;369,12;0,00;0,00;0,00;0,37;0,00;0,00;182;110;151;33;20;603;661
6740;44,89;-83,65;0,00;0,00;0,00;-0,08;0,00;0,00;498;86;186;42;34;405;409
6741;51,40;-97,99;0,00;0,00;0,00;-0,10;0,00;0,00;113;109;146;47;32;972;301
6742;29,17;-198,18;0,00;0,00;0,00;-0,20;0,00;0,00;96;13;104;12;34;691;984
6743;80,26;386,51;0,00;0,00;0,00;0,39;0,00;0,00;215;77;78;44;23;413;581
6744;35,25;-109,14;0,00;0,00;0,00;-0,11;0,00;0,00;447;173;124;18;38;245;941
6745;61,97;141,60;0,00;0,00;0,00;0,14;0,00;0,00;45;161;153;11;34;683;476
6746;27,67;-253,14;0,00;0,00;0,00;-0,25;0,00;0,00;29;52;95;43;36;551;741
6747;63,85;54,87;0,00;0,00;0,00;0,05;0,00;0,00;408;165;95;34;32;152;911
6748;43,97;-70,54;0,00;0,00;0,00;-0,07;0,00;0,00;232;192;171;46;36;825;347
6749;31,15;-225,90;0,00;0,00;0,00;-0,23;0,00;0,00;255;111;186;16;30;562;422
6750;56,40;72,94;0,00;0,00;0,00;0,07;0,00;0,00;185;124;69;42;20;764;130
6751;86,86;327,40;0,00;0,00;0,00;0,33;0,00;0,00;184;50;175;47;28;676;899
6752;40,42;-83,19;0,00;0,00;0,00;-0,08;0,00;0,00;413;157;123;17;39;561;666
6753;31,02;-179,22;0,00;0,00;0,00;-0,18;0,00;0,00;166;124;115;12;26;921;988
6754;76,88;363,31;0,00;0,00;0,00;0,36;0,00;0,00;277;149;117;37;30;571;615
6755;67,32;208,86;0,00;0,00;0,00;0,21;0,00;0,00;142;139;59;42;36;826;638
6756;49,49;14,65;0,00;0,00;0,00;0,01;0,00;0,00;220;33;102;15;23;665;855
6757;45,56;-75,70;0,00;0,00;0,00;-0,08;0,00;0,00;484;75;133;38;22;837;808
6758;59,50;21,18;0,00;0,00;0,00;0,02;0,00;0,00;256;105;26;23;39;588;424
6759;64,55;126,16;0,00;0,00;0,00;0,13;0,00;0,00;167;147;141;40;28;355;174
6760;49,24;-39,23;0,00;0,00;0,00;-0,04;0,00;0,00;71;57;160;47;18;668;489
6761;69,34;227,82;0,00;0,00;0,00;0,23;0,00;0,00;41;186;57;46;19;330;142
6762;71,66;236,87;0,00;0,00;0,00;0,24;0,00;0,00;373;156;106;35;23;182;277
6763;59,77;117,10;0,00;0,00;0,00;0,12;0,00;0,00;271;155;194;14;32;450;126
6764;51,61;67,61;0,00;0,00;0,00;0,07;0,00;0,00;12;48;34;36;16;395;452
6765;68,33;161,14;0,00;0,00;0,00;0,16;0,00;0,00;71;112;15;18;33;632;643
6766;36,97;-111,86;0,00;0,00;0,00;-0,11;0,00;0,00;83;88;79;33;29;320;151
6767;58,94;135,28;0,00;0,00;0,00;0,14;0,00;0,00;138;97;36;14;26;586;181
6768;53,25;56,12;0,00;0,00;0,00;0,06;0,00;0,00;266;105;162;44;38;304;203
6769;68,17;247,95;0,00;0,00;0,00;0,25;0,00;0,00;16;90;143;35;20;858;439
6770;42,63;-119,69;0,00;0,00;0,00;-0,12;0,00;0,00;64;154;170;41;38;965;905
6771;21,05;-221,40;0,00;0,00;0,00;-0,22;0,00;0,00;373;171;80;41;26;161;668
6772;51,45;8,47;0,00;0,00;0,00;0,01;0,00;0,00;110;14;92;37;34;920;698
6773;57,77;118,09;0,00;0,00;0,00;0,12;0,00;0,00;432;153;24;12;27;576;456
6774;50,88;-2,74;0,00;0,00;0,00;-0,00;0,00;0,00;415;16;82;23;22;569;283
6775;73,44;263,77;0,00;0,00;0,00;0,26;0,00;0,00;33;34;39;27;31;105;209
6776;47,03;-52,05;0,00;0,00;0,00;-0,05;0,00;0,00;32;95;11;31;37;571;365
6777;75,82;328,97;0,00;0,00;0,00;0,33;0,00;0,00;252;64;177;11;27;763;765
6778;35,28;-179,69;0,00;0,00;0,00;-0,18;0,00;0,00;398;106;92;35;34;315;521
6779;51,99;143,59;0,00;0,00;0,00;0,14;0,00;0,00;242;152;11;26;19;425;486
6780;87,86;272,88;0,00;0,00;0,00;0,27;0,00;0,00;499;62;136;36;39;102;485
6781;37,44;-137,96;0,00;0,00;0,00;-0,14;0,00;0,00;30;124;24;12;22;597;873
6782;45,02;-72,21;0,00;0,00;0,00;-0,07;0,00;0,00;433;34;179;17;29;349;841
6783;71,33;211,59;0,00;0,00;0,00;0,21;0,00;0,00;409;19;28;14;23;260;202
6784;27,16;-223,20;0,00;0,00;0,00;-0,22;0,00;0,00;156;10;124;46;32;465;934
6785;52,75;39,32;0,00;0,00;0,00;0,04;0,00;0,00;84;56;132;31;25;423;101
6786;39,98;-86,88;0,00;0,00;0,00;-0,09;0,00;0,00;20;63;158;25;30;183;835
6787;25,59;-237,56;0,00;0,00;0,00;-0,24;0,00;0,00;318;178;37;26;16;858;355
6788;47,99;-76,08;0,00;0,00;0,00;-0,08;0,00;0,00;176;196;143;24;23;281;320
6789;86,79;288,82;0,00;0,00;0,00;0,29;0,00;0,00;36;124;103;21;16;643;473
6790;47,31;28,52;0,00;0,00;0,00;0,03;0,00;0,00;190;83;120;46;22;266;517
6791;33,62;-168,54;0,00;0,00;0,00;-0,17;0,00;0,00;482;73;83;23;16;896;719
6792;55,09;69,69;0,00;0,00;0,00;0,07;0,00;0,00;450;89;127;43;22;719;424
6793;61,05;68,17;0,00;0,00;0,00;0,07;0,00;0,00;393;61;15;38;17;777;402
6794;38,30;-79,37;0,00;0,00;0,00;-0,08;0,00;0,00;237;40;139;18;27;894;740
6795;49,39;-26,91;0,00;0,00;0,00;-0,03;0,00;0,00;225;151;67;48;39;977;607
6796;70,01;208,01;0,00;0,00;0,00;0,21;0,00;0,00;410;144;38;28;36;768;189
6797;52,47;-46,29;0,00;0,00;0,00;-0,05;0,00;0,00;352;168;157;17;33;524;389
6798;44,46;-60,29;0,00;0,00;0,00;-0,06;0,00;0,00;139;173;88;46;25;520;609
6799;41,58;-145,71;0,00;0,00;0,00;-0,15;0,00;0,00;197;55;179;27;21;288;406
6800;13,08;-372,76;0,00;0,00;0,00;-0,37;0,00;0,00;122;174;178;42;32;454;873
6801;14,93;-352,46;0,00;0,00;0,00;-0,35;0,00;0,00;248;52;187;13;27;438;435
6802;32,52;-135,39;0,00;0,00;0,00;-0,14;0,00;0,00;122;92;173;39;28;951;801
6803;40,26;-107,98;0,00;0,00;0,00;-0,11;0,00;0,00;332;88;69;37;20;421;395
6804;39,32;-135,74;0,00;0,00;0,00;-0,14;0,00;0,00;180;126;148;22;15;708;442
6805;35,06;-168,01;0,00;0,00;0,00;-0,17;0,00;0,00;150;126;199;49;24;824;478
6806;17,67;-343,25;0,00;0,00;0,00;-0,34;0,00;0,00;336;153;196;18;30;391;240
6807;54,45;94,88;0,00;0,00;0,00;0,09;0,00;0,00;155;65;140;15;23;589;198
6808;22,06;-287,96;0,00;0,00;0,00;-0,29;0,00;0,00;179;59;49;23;34;688;252
6809;36,13;-252,51;0,00;0,00;0,00;-0,25;0,00;0,00;125;135;157;22;37;135;484
6810;62,99;129,29;0,00;0,00;0,00;0,13;0,00;0,00;116;91;89;31;27;143;815
6811;39,92;-29,48;0,00;0,00;0,00;-0,03;0,00;0,00;377;103;58;29;30;354;902
6812;51,81;0,80;0,00;0,00;0,00;0,00;0,00;0,00;401;113;134;36;23;136;580
6813;35,45;-105,31;0,00;0,00;0,00;-0,11;0,00;0,00;436;47;76;21;27;434;518
6814;62,88;102,71;0,00;0,00;0,00;0,10;0,00;0,00;39;59;23;44;18;684;487
6815;46,31;-34,91;0,00;0,00;0,00;-0,03;0,00;0,00;380;64;79;29;37;756;447
6816;57,16;43,32;0,00;0,00;0,00;0,04;0,00;0,00;237;170;121;48;30;352;710
6817;43,83;13,13;0,00;0,00;0,00;0,01;0,00;0,00;169;151;105;14;31;621;118
6818;65,86;157,15;0,00;0,00;0,00;0,16;0,00;0,00;149;34;29;49;34;591;933
6819;68,14;144,90;0,00;0,00;0,00;0,14;0,00;0,00;129;170;104;43;31;286;224
6820;49,58;74,19;0,00;0,00;0,00;0,07;0,00;0,00;312;172;149;37;32;169;221
6821;35,96;-120,50;0,00;0,00;0,00;-0,12;0,00;0,00;420;10;73;24;23;714;760
6822;57,25;35,82;0,00;0,00;0,00;0,04;0,00;0,00;486;49;94;26;24;630;404
6823;43,52;-118,94;0,00;0,00;0,00;-0,12;0,00;0,00;431;100;20;28;23;301;186
6824;45,05;-92,06;0,00;0,00;0,00;-0,09;0,00;0,00;491;176;102;36;34;402;165
6825;64,78;179,77;0,00;0,00;0,00;0,18;0,00;0,00;210;171;105;18;34;364;425
6826;32,62;-135,35;0,00;0,00;0,00;-0,14;0,00;0,00;494;43;142;40;38;777;410
6827;65,25;101,77;0,00;0,00;0,00;0,10;0,00;0,00;193;25;20;17;22;108;536
6828;50,61;60,22;0,00;0,00;0,00;0,06;0,00;0,00;344;189;10;24;26;664;620
6829;60,74;72,42;0,00;0,00;0,00;0,07;0,00;0,00;294;13;188;20;39;196;729
6830;32,85;-199,66;0,00;0,00;0,00;-0,20;0,00;0,00;116;81;176;47;19;933;430
6831;72,87;136,90;0,00;0,00;0,00;0,14;0,00;0,00;475;143;17;18;38;508;382
6832;54,85;97,86;0,00;0,00;0,00;0,10;0,00;0,00;464;17;143;32;18;381;872
6833;45,32;-59,35;0,00;0,00;0,00;-0,06;0,00;0,00;404;17;199;46;21;612;772
6834;22,48;-163,62;0,00;0,00;0,00;-0,16;0,00;0,00;97;84;102;34;20;183;591
6835;44,48;-81,01;0,00;0,00;0,00;-0,08;0,00;0,00;499;198;84;16;20;608;133
6836;36,99;-161,40;0,00;0,00;0,00;-0,16;0,00;0,00;433;193;109;38;38;455;338
6837;65,69;213,31;0,00;0,00;0,00;0,21;0,00;0,00;298;174;52;36;26;869;718
6838;62,77;182,78;0,00;0,00;0,00;0,18;0,00;0,00;224;100;180;46;30;146;382
6839;37,24;-161,11;0,00;0,00;0,00;-0,16;0,00;0,00;324;122;91;16;33;715;905
6840;64,03;144,39;0,00;0,00;0,00;0,14;0,00;0,00;267;55;88;29;32;966;209
6841;65,68;145,78;0,00;0,00;0,00;0,15;0,00;0,00;270;145;73;34;18;610;697
6842;32,86;-160,37;0,00;0,00;0,00;-0,16;0,00;0,00;423;151;53;23;38;661;415
6843;55,70;16,17;0,00;0,00;0,00;0,02;0,00;0,00;146;155;114;22;15;141;388
6844;59,31;104,02;0,00;0,00;0,00;0,10;0,00;0,00;177;11;15;25;30;966;647
6845;44,51;-41,81;0,00;0,00;0,00;-0,04;0,00;0,00;200;141;121;14;35;670;942
6846;65,62;182,93;0,00;0,00;0,00;0,18;0,00;0,00;459;147;168;33;36;120;826
6847;52,31;-52,64;0,00;0,00;0,00;-0,05;0,00;0,00;466;119;155;29;28;444;452
6848;52,85;49,26;0,00;0,00;0,00;0,05;0,00;0,00;45;154;190;13;28;563;463
6849;53,28;48,61;0,00;0,00;0,00;0,05;0,00;0,00;164;185;143;19;37;673;672
6850;40,70;-22,16;0,00;0,00;0,00;-0,02;0,00;0,00;284;97;196;10;15;726;180
6851;34,05;-149,87;0,00;0,00;0,00;-0,15;0,00;0,00;165;119;114;23;38;175;389
6852;23,18;-265,50;0,00;0,00;0,00;-0,27;0,00;0,00;173;33;138;34;17;758;352
6853;59,99;119,03;0,00;0,00;0,00;0,12;0,00;0,00;93;17;151;29;20;927;770
6854;56,75;65,29;0,00;0,00;0,00;0,07;0,00;0,00;419;41;197;24;29;481;454
6855;47,34;-43,81;0,00;0,00;0,00;-0,04;0,00;0,00;420;114;39;42;33;413;253
6856;70,19;199,68;0,00;0,00;0,00;0,20;0,00;0,00;160;182;78;19;35;383;203
6857;55,34;-42,09;0,00;0,00;0,00;-0,04;0,00;0,00;127;65;61;45;27;741;209
6858;29,29;-196,85;0,00;0,00;0,00;-0,20;0,00;0,00;277;43;40;35;20;444;490
6859;58,91;73,41;0,00;0,00;0,00;0,07;0,00;0,00;326;71;65;28;16;587;383
6860;68,55;319,31;0,00;0,00;0,00;0,32;0,00;0,00;191;25;162;19;35;317;925
6861;47,18;-56,03;0,00;0,00;0,00;-0,06;0,00;0,00;269;45;134;30;22;233;603
6862;55,64;62,59;0,00;0,00;0,00;0,06;0,00;0,00;151;68;89;15;15;676;703
6863;58,56;71,62;0,00;0,00;0,00;0,07;0,00;0,00;227;177;119;30;19;291;307
6864;45,34;-65,43;0,00;0,00;0,00;-0,07;0,00;0,00;299;64;49;21;23;695;895
6865;35,36;-36,55;0,00;0,00;0,00;-0,04;0,00;0,00;28;187;159;27;34;843;354
6866;60,56;2,12;0,00;0,00;0,00;0,00;0,00;0,00;406;138;138;31;30;707;937
6867;28,00;-299,44;0,00;0,00;0,00;-0,30;0,00;0,00;357;14;98;23;18;788;316
6868;42,99;-98,69;0,00;0,00;0,00;-0,10;0,00;0,00;177;161;172;21;30;143;802
6869;90,35;407,39;0,00;0,00;0,00;0,41;0,00;0,00;460;113;148;33;23;185;783
6870;69,71;194,49;0,00;0,00;0,00;0,19;0,00;0,00;200;65;80;33;39;168;230
6871;57,64;110,09;0,00;0,00;0,00;0,11;0,00;0,00;110;192;98;34;17;100;246
6872;59,23;77,76;0,00;0,00;0,00;0,08;0,00;0,00;341;113;107;43;15;360;706
6873;42,59;-50,85;0,00;0,00;0,00;-0,05;0,00;0,00;373;46;164;43;33;985;974
6874;49,11;-27,31;0,00;0,00;0,00;-0,03;0,00;0,00;303;105;60;16;16;588;169
6875;37,64;-51,72;0,00;0,00;0,00;-0,05;0,00;0,00;103;132;72;22;37;434;750
6876;57,62;15,26;0,00;0,00;0,00;0,02;0,00;0,00;382;85;153;33;32;460;353
6877;56,58;91,80;0,00;0,00;0,00;0,09;0,00;0,00;356;117;37;20;26;656;349
6878;38,98;-162,11;0,00;0,00;0,00;-0,16;0,00;0,00;31;180;144;19;21;936;727
6879;54,84;-0,63;0,00;0,00;0,00;-0,00;0,00;0,00;267;88;172;48;38;316;273
6880;36,50;-161,69;0,00;0,00;0,00;-0,16;0,00;0,00;88;31;66;23;30;404;593
6881;54,06;37,30;0,00;0,00;0,00;0,04;0,00;0,00;422;78;19;43;24;735;751
6882;37,96;-140,18;0,00;0,00;0,00;-0,14;0,00;0,00;57;35;35;31;28;167;118
6883;34,66;-78,22;0,00;0,00;0,00;-0,08;0,00;0,00;247;128;109;12;19;605;168
6884;71,93;176,91;0,00;0,00;0,00;0,18;0,00;0,00;474;161;21;41;35;616;812
6885;55,63;24,57;0,00;0,00;0,00;0,02;0,00;0,00;129;42;32;12;39;917;331
6886;49,66;38,26;0,00;0,00;0,00;0,04;0,00;0,00;178;22;19;41;28;233;135
6887;70,49;214,19;0,00;0,00;0,00;0,21;0,00;0,00;421;172;125;19;19;209;729
6888;65,63;150,49;0,00;0,00;0,00;0,15;0,00;0,00;245;133;150;37;37;679;975
6889;26,12;-193,74;0,00;0,00;0,00;-0,19;0,00;0,00;320;150;114;10;25;918;192
6890;39,84;-119,64;0,00;0,00;0,00;-0,12;0,00;0,00;498;176;87;19;27;780;354
6891;64,19;41,51;0,00;0,00;0,00;0,04;0,00;0,00;80;181;103;28;24;755;788
6892;54,15;65,86;0,00;0,00;0,00;0,07;0,00;0,00;51;197;75;23;24;345;504
6893;84,09;325,47;0,00;0,00;0,00;0,33;0,00;0,00;26;73;135;47;19;749;725
6894;49,88;123,01;0,00;0,00;0,00;0,12;0,00;0,00;330;111;179;10;27;173;222
6895;19,44;-280,32;0,00;0,00;0,00;-0,28;0,00;0,00;91;135;132;41;21;748;615
6896;41,52;-37,96;0,00;0,00;0,00;-0,04;0,00;0,00;172;54;21;43;23;341;178
6897;35,87;-140,09;0,00;0,00;0,00;-0,14;0,00;0,00;315;190;59;49;18;354;391
6898;14,92;-289,81;0,00;0,00;0,00;-0,29;0,00;0,00;302;164;78;38;22;219;914
6899;38,69;-23,92;0,00;0,00;0,00;-0,02;0,00;0,00;33;100;71;37;35;713;666
6900;18,00;-282,50;0,00;0,00;0,00;-0,28;0,00;0,00;222;199;56;42;36;371;411
6901;75,48;254,49;0,00;0,00;0,00;0,25;0,00;0,00;212;98;92;19;35;333;172
6902;17,24;-285,19;0,00;0,00;0,00;-0,29;0,00;0,00;197;188;14;31;38;170;502
6903;58,85;107,58;0,00;0,00;0,00;0,11;0,00;0,00;269;10;69;17;19;521;283
6904;68,26;207,77;0,00;0,00;0,00;0,21;0,00;0,00;343;71;32;15;38;821;957
6905;60,70;100,93;0,00;0,00;0,00;0,10;0,00;0,00;274;22;99;33;32;628;811
6906;47,98;43,26;0,00;0,00;0,00;0,04;0,00;0,00;21;106;146;34;30;285;416
6907;45,83;-92,07;0,00;0,00;0,00;-0,09;0,00;0,00;237;52;136;46;21;242;361
6908;44,85;30,64;0,00;0,00;0,00;0,03;0,00;0,00;343;13;129;33;27;568;612
6909;66,17;124,22;0,00;0,00;0,00;0,12;0,00;0,00;79;199;189;45;36;477;425
6910;88,75;423,27;0,00;0,00;0,00;0,42;0,00;0,00;413;67;196;20;22;498;108
6911;53,32;-0,26;0,00;0,00;0,00;-0,00;0,00;0,00;345;94;187;36;27;912;432
6912;46,73;-12,79;0,00;0,00;0,00;-0,01;0,00;0,00;322;78;78;24;35;907;670
6913;77,83;262,00;0,00;0,00;0,00;0,26;0,00;0,00;184;146;194;40;30;538;378
6914;24,48;-259,10;0,00;0,00;0,00;-0,26;0,00;0,00;137;187;161;46;28;936;702
6915;66,28;155,37;0,00;0,00;0,00;0,16;0,00;0,00;142;132;100;46;38;571;466
6916;56,15;93,20;0,00;0,00;0,00;0,09;0,00;0,00;56;78;188;23;25;294;140
6917;60,39;168,51;0,00;0,00;0,00;0,17;0,00;0,00;18;192;68;12;16;434;281
6918;53,52;75,60;0,00;0,00;0,00;0,08;0,00;0,00;216;176;107;15;34;118;643
6919;49,06;-3,45;0,00;0,00;0,00;-0,00;0,00;0,00;484;88;82;11;33;283;152
6920;37,98;-172,99;0,00;0,00;0,00;-0,17;0,00;0,00;93;21;55;43;20;534;107
6921;60,05;43,21;0,00;0,00;0,00;0,04;0,00;0,00;159;89;183;30;39;285;251
6922;52,38;-54,10;0,00;0,00;0,00;-0,05;0,00;0,00;338;156;107;44;17;905;440
6923;35,15;-143,59;0,00;0,00;0,00;-0,14;0,00;0,00;488;170;192;46;38;139;301
6924;51,57;23,38;0,00;0,00;0,00;0,02;0,00;0,00;326;155;80;34;21;876;868
6925;62,92;68,13;0,00;0,00;0,00;0,07;0,00;0,00;172;46;21;32;35;921;605
6926;47,08;31,05;0,00;0,00;0,00;0,03;0,00;0,00;492;54;142;29;35;264;916
6927;45,48;-21,87;0,00;0,00;0,00;-0,02;0,00;0,00;24;174;190;35;24;152;118
6928;50,65;-4,41;0,00;0,00;0,00;-0,00;0,00;0,00;51;30;77;47;24;127;248
6929;32,06;-231,67;0,00;0,00;0,00;-0,23;0,00;0,00;344;31;24;42;33;111;623
6930;53,33;-5,15;0,00;0,00;0,00;-0,01;0,00;0,00;55;150;179;34;22;632;460
6931;44,35;-129,85;0,00;0,00;0,00;-0,13;0,00;0,00;359;60;188;16;16;428;790
6932;46,60;-126,30;0,00;0,00;0,00;-0,13;0,00;0,00;128;38;123;38;17;169;635
6933;36,56;-125,02;0,00;0,00;0,00;-0,13;0,00;0,00;128;86;182;23;21;373;690
6934;17,40;-335,76;0,00;0,00;0,00;-0,34;0,00;0,00;238;93;187;37;30;840;234
6935;25,62;-250,47;0,00;0,00;0,00;-0,25;0,00;0,00;280;28;72;43;18;478;802
6936;63,84;137,94;0,00;0,00;0,00;0,14;0,00;0,00;169;110;15;47;36;783;635
6937;72,66;270,02;0,00;0,00;0,00;0,27;0,00;0,00;453;103;141;20;32;861;521
6938;33,66;-208,65;0,00;0,00;0,00;-0,21;0,00;0,00;377;139;154;42;25;155;298
6939;39,93;-193,05;0,00;0,00;0,00;-0,19;0,00;0,00;58;21;148;44;20;447;413
6940;40,53;-40,10;0,00;0,00;0,00;-0,04;0,00;0,00;330;79;181;13;30;599;788
6941;63,67;140,86;0,00;0,00;0,00;0,14;0,00;0,00;484;151;119;16;19;776;390
6942;60,28;135,26;0,00;0,00;0,00;0,14;0,00;0,00;12;53;159;19;31;105;167
6943;46,99;-17,29;0,00;0,00;0,00;-0,02;0,00;0,00;331;54;53;25;25;712;416
6944;69,33;250,19;0,00;0,00;0,00;0,25;0,00;0,00;234;72;45;27;28;969;610
6945;66,56;177,43;0,00;0,00;0,00;0,18;0,00;0,00;291;40;137;40;31;118;714
6946;72,22;209,76;0,00;0,00;0,00;0,21;0,00;0,00;426;81;144;17;37;906;529
6947;77,31;229,62;0,00;0,00;0,00;0,23;0,00;0,00;227;49;176;22;29;567;247
6948;34,98;-170,71;0,00;0,00;0,00;-0,17;0,00;0,00;483;40;109;25;39;512;811
6949;53,20;54,83;0,00;0,00;0,00;0,05;0,00;0,00;61;107;19;46;23;101;399
6950;83,35;261,22;0,00;0,00;0,00;0,26;0,00;0,00;453;39;65;33;26;969;569
6951;44,74;-77,14;0,00;0,00;0,00;-0,08;0,00;0,00;402;104;51;44;21;429;911
6952;57,40;126,63;0,00;0,00;0,00;0,13;0,00;0,00;230;20;95;27;23;385;804
6953;43,12;-135,22;0,00;0,00;0,00;-0,14;0,00;0,00;33;107;161;32;37;221;344
6954;63,21;108,01;0,00;0,00;0,00;0,11;0,00;0,00;473;41;57;49;17;244;288
6955;64,44;262,73;0,00;0,00;0,00;0,26;0,00;0,00;480;43;52;38;39;472;791
6956;0,31;-478,33;0,00;0,00;0,00;-0,48;0,00;0,00;154;171;169;43;21;970;977
6957;41,86;-40,74;0,00;0,00;0,00;-0,04;0,00;0,00;270;85;152;40;31;921;698
6958;54,61;33,22;0,00;0,00;0,00;0,03;0,00;0,00;220;65;109;49;32;933;627
6959;32,38;-198,29;0,00;0,00;0,00;-0,20;0,00;0,00;171;134;172;36;33;890;870
6960;34,45;-201,12;0,00;0,00;0,00;-0,20;0,00;0,00;19;41;101;11;31;674;423
6961;35,83;-62,05;0,00;0,00;0,00;-0,06;0,00;0,00;222;175;127;27;34;747;496
6962;27,97;-282,63;0,00;0,00;0,00;-0,28;0,00;0,00;80;125;144;24;36;600;539
6963;56,32;84,91;0,00;0,00;0,00;0,08;0,00;0,00;382;108;66;34;25;376;549
6964;65,63;82,00;0,00;0,00;0,00;0,08;0,00;0,00;345;49;139;36;37;868;506
6965;46,69;-9,34;0,00;0,00;0,00;-0,01;0,00;0,00;92;191;196;48;24;471;370
6966;64,33;179,35;0,00;0,00;0,00;0,18;0,00;0,00;220;141;197;39;29;609;250
6967;71,44;119,82;0,00;0,00;0,00;0,12;0,00;0,00;297;62;105;45;25;783;347
6968;51,49;26,94;0,00;0,00;0,00;0,03;0,00;0,00;207;69;124;16;18;607;438
6969;77,23;374,91;0,00;0,00;0,00;0,37;0,00;0,00;248;31;89;29;16;467;192
6970;58,09;5,36;0,00;0,00;0,00;0,01;0,00;0,00;298;154;170;24;37;772;967
6971;80,80;305,99;0,00;0,00;0,00;0,31;0,00;0,00;452;82;73;28;15;566;273
6972;35,20;-131,93;0,00;0,00;0,00;-0,13;0,00;0,00;450;57;44;21;21;512;657
6973;76,10;253,88;0,00;0,00;0,00;0,25;0,00;0,00;378;166;146;36;35;146;124
6974;43,05;6,07;0,00;0,00;0,00;0,01;0,00;0,00;479;31;43;29;19;401;168
6975;37,19;-85,70;0,00;0,00;0,00;-0,09;0,00;0,00;283;148;144;37;30;636;515
6976;67,97;175,45;0,00;0,00;0,00;0,18;0,00;0,00;125;163;166;39;30;117;962
6977;40,25;-51,50;0,00;0,00;0,00;-0,05;0,00;0,00;431;174;59;40;23;365;597
6978;72,93;156,60;0,00;0,00;0,00;0,16;0,00;0,00;40;71;155;34;18;526;515
6979;58,16;-35,04;0,00;0,00;0,00;-0,04;0,00;0,00;68;174;90;41;26;793;782
6980;51,20;-12,96;0,00;0,00;0,00;-0,01;0,00;0,00;357;117;73;11;27;441;958
6981;47,82;-2,94;0,00;0,00;0,00;-0,00;0,00;0,00;318;54;84;33;19;640;503
6982;67,65;186,21;0,00;0,00;0,00;0,19;0,00;0,00;476;58;35;27;35;232;874
6983;35,26;-163,82;0,00;0,00;0,00;-0,16;0,00;0,00;426;123;25;26;39;673;368
6984;63,49;96,78;0,00;0,00;0,00;0,10;0,00;0,00;46;70;11;34;24;220;887
6985;42,36;-119,45;0,00;0,00;0,00;-0,12;0,00;0,00;490;95;31;11;26;731;286
6986;25,60;-238,61;0,00;0,00;0,00;-0,24;0,00;0,00;151;47;120;18;38;755;937
6987;45,25;-68,88;0,00;0,00;0,00;-0,07;0,00;0,00;35;99;129;42;30;456;349
6988;50,39;38,70;0,00;0,00;0,00;0,04;0,00;0,00;497;140;119;12;34;835;194
6989;57,66;43,68;0,00;0,00;0,00;0,04;0,00;0,00;266;24;176;37;36;250;855
6990;56,01;-18,35;0,00;0,00;0,00;-0,02;0,00;0,00;450;37;122;49;15;503;676
6991;55,19;-21,77;0,00;0,00;0,00;-0,02;0,00;0,00;182;153;46;20;19;338;627
6992;47,23;-82,91;0,00;0,00;0,00;-0,08;0,00;0,00;396;123;105;48;23;380;241
6993;49,91;-39,73;0,00;0,00;0,00;-0,04;0,00;0,00;20;149;199;11;30;643;224
6994;49,29;5,51;0,00;0,00;0,00;0,01;0,00;0,00;332;112;154;28;16;666;804
6995;48,24;-61,64;0,00;0,00;0,00;-0,06;0,00;0,00;343;143;41;42;28;442;901
6996;42,70;-126,98;0,00;0,00;0,00;-0,13;0,00;0,00;278;56;36;21;32;105;777
6997;44,32;-136,40;0,00;0,00;0,00;-0,14;0,00;0,00;128;94;147;28;34;150;337
6998;59,95;62,51;0,00;0,00;0,00;0,06;0,00;0,00;437;185;45;33;28;513;684
6999;72,65;274,59;0,00;0,00;0,00;0,27;0,00;0,00;15;120;36;22;27;763;500
7000;47,84;103,46;0,00;0,00;0,00;0,10;0,00;0,00;347;45;45;13;32;807;867
7001;32,63;-209,86;0,00;0,00;0,00;-0,21;0,00;0,00;412;177;76;42;21;112;902
7002;29,56;-211,82;0,00;0,00;0,00;-0,21;0,00;0,00;118;57;150;39;31;349;209
7003;59,27;191,02;0,00;0,00;0,00;0,19;0,00;0,00;386;138;146;23;39;573;900
7004;15,27;-371,59;0,00;0,00;0,00;-0,37;0,00;0,00;310;185;104;20;19;472;854
7005;75,19;228,44;0,00;0,00;0,00;0,23;0,00;0,00;372;136;92;26;18;649;129
7006;38,29;-82,02;0,00;0,00;0,00;-0,08;0,00;0,00;241;162;78;42;15;140;189
7007;42,09;1,37;0,00;0,00;0,00;0,00;0,00;0,00;275;135;148;10;36;704;460
7008;53,47;119,60;0,00;0,00;0,00;0,12;0,00;0,00;466;73;53;47;15;928;455
7009;45,08;-6,64;0,00;0,00;0,00;-0,01;0,00;0,00;364;63;92;23;31;951;569
7010;30,33;-151,35;0,00;0,00;0,00;-0,15;0,00;0,00;331;104;187;46;23;965;911
7011;59,60;128,50;0,00;0,00;0,00;0,13;0,00;0,00;436;111;92;15;16;177;904
7012;52,02;77,81;0,00;0,00;0,00;0,08;0,00;0,00;151;52;163;17;33;985;510
7013;57,46;70,82;0,00;0,00;0,00;0,07;0,00;0,00;258;172;58;35;24;916;704
7014;64,65;116,72;0,00;0,00;0,00;0,12;0,00;0,00;121;138;36;18;19;269;536
7015;36,19;-100,72;0,00;0,00;0,00;-0,10;0,00;0,00;156;108;67;16;25;651;633
7016;67,30;210,47;0,00;0,00;0,00;0,21;0,00;0,00;410;179;176;15;33;403;678
7017;31,37;-141,19;0,00;0,00;0,00;-0,14;0,00;0,00;453;60;71;19;29;190;929
7018;36,24;-66,35;0,00;0,00;0,00;-0,07;0,00;0,00;103;191;25;24;20;158;597
7019;41,20;-115,46;0,00;0,00;0,00;-0,12;0,00;0,00;434;101;178;26;26;269;219
7020;33,68;-201,27;0,00;0,00;0,00;-0,20;0,00;0,00;413;21;32;40;32;627;106
7021;44,76;-40,27;0,00;0,00;0,00;-0,04;0,00;0,00;165;139;23;40;37;396;821
7022;47,51;-122,35;0,00;0,00;0,00;-0,12;0,00;0,00;312;174;81;24;31;383;599
7023;28,06;-229,20;0,00;0,00;0,00;-0,23;0,00;0,00;449;145;12;45;30;362;713
7024;49,81;-24,04;0,00;0,00;0,00;-0,02;0,00;0,00;461;112;65;33;35;373;927
7025;26,68;-249,81;0,00;0,00;0,00;-0,25;0,00;0,00;441;109;151;43;25;300;318
7026;73,40;272,87;0,00;0,00;0,00;0,27;0,00;0,00;149;86;55;46;19;114;763
7027;91,06;405,69;0,00;0,00;0,00;0,41;0,00;0,00;243;177;62;25;39;998;121
7028;72,31;150,57;0,00;0,00;0,00;0,15;0,00;0,00;72;34;173;46;26;423;390
7029;64,73;125,85;0,00;0,00;0,00;0,13;0,00;0,00;321;21;64;42;30;161;275
7030;48,09;-2,71;0,00;0,00;0,00;-0,00;0,00;0,00;396;131;175;40;19;793;689
7031;61,32;123,69;0,00;0,00;0,00;0,12;0,00;0,00;145;129;59;30;27;568;401
7032;44,81;-22,07;0,00;0,00;0,00;-0,02;0,00;0,00;464;19;198;22;33;408;167
7033;39,07;-82,77;0,00;0,00;0,00;-0,08;0,00;0,00;221;188;101;41;30;614;613
7034;57,92;141,14;0,00;0,00;0,00;0,14;0,00;0,00;152;188;147;39;35;612;576
7035;60,65;136,59;0,00;0,00;0,00;0,14;0,00;0,00;275;17;90;15;18;389;297
7036;55,93;27,08;0,00;0,00;0,00;0,03;0,00;0,00;276;107;75;33;28;954;278
7037;45,07;-20,84;0,00;0,00;0,00;-0,02;0,00;0,00;435;177;18;45;15;562;350
7038;59,42;45,44;0,00;0,00;0,00;0,05;0,00;0,00;15;199;165;17;24;922;834
7039;39,14;-133,18;0,00;0,00;0,00;-0,13;0,00;0,00;143;10;152;21;20;314;236
7040;63,22;149,47;0,00;0,00;0,00;0,15;0,00;0,00;149;164;179;43;31;637;694
7041;20,79;-329,58;0,00;0,00;0,00;-0,33;0,00;0,00;175;21;163;21;30;234;461
7042;52,12;78,21;0,00;0,00;0,00;0,08;0,00;0,00;444;15;190;29;15;810;519
7043;40,60;-44,68;0,00;0,00;0,00;-0,04;0,00;0,00;465;122;120;25;16;777;679
7044;40,87;-112,18;0,00;0,00;0,00;-0,11;0,00;0,00;294;196;128;25;32;236;224
7045;46,76;-102,59;0,00;0,00;0,00;-0,10;0,00;0,00;414;118;118;32;37;732;194
7046;44,42;-17,28;0,00;0,00;0,00;-0,02;0,00;0,00;96;82;73;28;29;275;694
7047;18,92;-331,26;0,00;0,00;0,00;-0,33;0,00;0,00;217;16;27;27;35;983;520
7048;44,22;-155,99;0,00;0,00;0,00;-0,16;0,00;0,00;277;64;94;15;19;530;466
7049;46,29;45,51;0,00;0,00;0,00;0,05;0,00;0,00;406;59;166;46;36;795;834
7050;53,67;26,14;0,00;0,00;0,00;0,03;0,00;0,00;366;110;192;20;34;466;535
7051;46,85;-135,15;0,00;0,00;0,00;-0,14;0,00;0,00;138;19;98;21;30;538;885
7052;19,81;-265,66;0,00;0,00;0,00;-0,27;0,00;0,00;334;45;74;21;32;526;343
7053;75,05;246,26;0,00;0,00;0,00;0,25;0,00;0,00;325;166;184;48;17;692;783
7054;59,91;135,18;0,00;0,00;0,00;0,14;0,00;0,00;248;83;161;25;28;556;335
7055;57,67;117,52;0,00;0,00;0,00;0,12;0,00;0,00;470;42;58;14;39;647;200
7056;57,82;54,71;0,00;0,00;0,00;0,05;0,00;0,00;143;31;59;14;36;749;401
7057;74,94;142,03;0,00;0,00;0,00;0,14;0,00;0,00;294;59;126;25;32;797;378
7058;60,53;71,92;0,00;0,00;0,00;0,07;0,00;0,00;222;20;31;38;15;746;275
7059;76,99;204,53;0,00;0,00;0,00;0,20;0,00;0,00;389;145;175;38;30;108;485
7060;31,64;-156,65;0,00;0,00;0,00;-0,16;0,00;0,00;423;128;126;16;19;708;476
7061;39,00;-116,69;0,00;0,00;0,00;-0,12;0,00;0,00;190;86;142;26;22;680;420
7062;66,39;170,23;0,00;0,00;0,00;0,17;0,00;0,00;412;118;158;29;37;646;595
7063;37,82;-136,90;0,00;0,00;0,00;-0,14;0,00;0,00;237;141;58;11;22;335;245
7064;35,56;-149,32;0,00;0,00;0,00;-0,15;0,00;0,00;422;159;159;11;24;779;877
7065;19,77;-366,55;0,00;0,00;0,00;-0,37;0,00;0,00;440;92;129;48;28;712;857
7066;37,66;-156,80;0,00;0,00;0,00;-0,16;0,00;0,00;231;116;178;33;36;981;561
7067;39,75;-87,64;0,00;0,00;0,00;-0,09;0,00;0,00;289;134;29;35;23;323;393
7068;35,86;-130,15;0,00;0,00;0,00;-0,13;0,00;0,00;452;138;172;25;36;221;269
7069;71,62;261,59;0,00;0,00;0,00;0,26;0,00;0,00;491;67;102;32;22;878;658
7070;80,77;290,65;0,00;0,00;0,00;0,29;0,00;0,00;399;192;119;22;21;236;436
7071;69,34;305,13;0,00;0,00;0,00;0,31;0,00;0,00;113;180;15;43;17;435;527
7072;43,53;-268,71;0,00;0,00;0,00;-0,27;0,00;0,00;165;159;175;42;17;470;117
7073;56,67;97,09;0,00;0,00;0,00;0,10;0,00;0,00;183;34;75;10;32;870;409
7074;12,59;-357,27;0,00;0,00;0,00;-0,36;0,00;0,00;295;176;144;27;16;237;775
7075;45,67;-117,72;0,00;0,00;0,00;-0,12;0,00;0,00;179;22;175;49;27;169;776
7076;39,05;-25,15;0,00;0,00;0,00;-0,03;0,00;0,00;434;196;30;37;23;142;995
7077;39,00;-23,77;0,00;0,00;0,00;-0,02;0,00;0,00;186;15;180;49;27;112;728
7078;50,15;-80,22;0,00;0,00;0,00;-0,08;0,00;0,00;56;99;160;48;28;682;762
7079;31,91;-263,45;0,00;0,00;0,00;-0,26;0,00;0,00;296;84;137;21;30;740;656
7080;23,07;-220,91;0,00;0,00;0,00;-0,22;0,00;0,00;362;198;165;45;31;623;797
7081;46,52;-135,95;0,00;0,00;0,00;-0,14;0,00;0,00;345;164;104;14;18;585;690
7082;36,27;-84,98;0,00;0,00;0,00;-0,08;0,00;0,00;250;148;125;34;35;761;860
7083;31,99;-201,56;0,00;0,00;0,00;-0,20;0,00;0,00;69;135;12;48;31;908;416
7084;40,75;-192,13;0,00;0,00;0,00;-0,19;0,00;0,00;43;131;143;34;15;619;621
7085;34,43;-170,76;0,00;0,00;0,00;-0,17;0,00;0,00;384;183;197;31;34;974;793
7086;50,23;-72,84;0,00;0,00;0,00;-0,07;0,00;0,00;302;196;35;36;34;799;712
7087;55,42;34,64;0,00;0,00;0,00;0,03;0,00;0,00;74;23;192;47;27;416;206
7088;72,90;252,85;0,00;0,00;0,00;0,25;0,00;0,00;81;28;17;17;38;761;560
7089;43,58;-9,53;0,00;0,00;0,00;-0,01;0,00;0,00;423;144;118;46;24;978;546
7090;47,35;-35,15;0,00;0,00;0,00;-0,04;0,00;0,00;467;37;142;47;39;670;454
7091;56,92;90,62;0,00;0,00;0,00;0,09;0,00;0,00;483;103;43;28;36;119;969
7092;61,14;29,40;0,00;0,00;0,00;0,03;0,00;0,00;360;73;136;13;22;456;861
7093;22,99;-193,49;0,00;0,00;0,00;-0,19;0,00;0,00;337;20;61;22;28;433;880
7094;57,76;117,80;0,00;0,00;0,00;0,12;0,00;0,00;202;28;86;23;19;925;570
7095;22,98;-247,52;0,00;0,00;0,00;-0,25;0,00;0,00;489;129;171;29;20;680;211
7096;45,19;14,64;0,00;0,00;0,00;0,01;0,00;0,00;135;12;35;45;34;523;512
7097;33,81;-135,36;0,00;0,00;0,00;-0,14;0,00;0,00;408;158;141;32;38;953;721
7098;63,94;178,46;0,00;0,00;0,00;0,18;0,00;0,00;483;127;13;17;27;944;522
7099;62,85;137,82;0,00;0,00;0,00;0,14;0,00;0,00;223;102;142;29;16;367;931
7100;46,59;-27,46;0,00;0,00;0,00;-0,03;0,00;0,00;227;96;173;39;37;866;402
7101;45,72;-20,96;0,00;0,00;0,00;-0,02;0,00;0,00;201;197;88;37;33;341;710
7102;37,12;-48,86;0,00;0,00;0,00;-0,05;0,00;0,00;276;181;74;37;18;367;521
7103;25,99;-272,34;0,00;0,00;0,00;-0,27;0,00;0,00;496;154;103;25;22;274;274
7104;77,75;288,19;0,00;0,00;0,00;0,29;0,00;0,00;95;48;102;13;39;362;774
7105;32,10;-158,72;0,00;0,00;0,00;-0,16;0,00;0,00;357;181;139;30;25;267;664
7106;38,20;-27,53;0,00;0,00;0,00;-0,03;0,00;0,00;35;135;102;39;15;192;215
7107;82,80;326,15;0,00;0,00;0,00;0,33;0,00;0,00;162;161;73;42;30;805;430
7108;24,46;-279,78;0,00;0,00;0,00;-0,28;0,00;0,00;58;48;124;35;28;315;312
7109;52,25;84,37;0,00;0,00;0,00;0,08;0,00;0,00;216;176;12;21;24;485;360
7110;46,61;-101,99;0,00;0,00;0,00;-0,10;0,00;0,00;366;198;30;40;28;232;119
7111;31,18;-149,66;0,00;0,00;0,00;-0,15;0,00;0,00;450;28;118;48;25;484;146
7112;65,39;100,16;0,00;0,00;0,00;0,10;0,00;0,00;294;29;93;47;16;790;296
7113;47,35;36,64;0,00;0,00;0,00;0,04;0,00;0,00;27;148;143;18;15;701;913
7114;71,40;190,35;0,00;0,00;0,00;0,19;0,00;0,00;314;50;174;13;20;361;817
7115;38,65;-102,59;0,00;0,00;0,00;-0,10;0,00;0,00;52;85;65;45;22;741;397
7116;72,48;236,70;0,00;0,00;0,00;0,24;0,00;0,00;344;158;87;22;25;996;836
7117;66,90;197,99;0,00;0,00;0,00;0,20;0,00;0,00;55;150;68;32;28;713;536
7118;35,15;-112,10;0,00;0,00;0,00;-0,11;0,00;0,00;388;162;136;48;18;871;733
7119;43,86;-106,50;0,00;0,00;0,00;-0,11;0,00;0,00;77;29;64;10;20;933;857
7120;71,47;181,07;0,00;0,00;0,00;0,18;0,00;0,00;250;100;184;13;31;927;714
7121;44,24;-130,57;0,00;0,00;0,00;-0,13;0,00;0,00;101;137;167;35;17;579;204
7122;71,07;206,73;0,00;0,00;0,00;0,21;0,00;0,00;366;86;49;42;30;942;503
7123;68,63;141,73;0,00;0,00;0,00;0,14;0,00;0,00;373;126;130;20;37;485;934
7124;69,99;215,14;0,00;0,00;0,00;0,22;0,00;0,00;270;126;31;34;29;289;576
7125;73,83;266,29;0,00;0,00;0,00;0,27;0,00;0,00;146;76;190;42;26;437;520
7126;48,44;65,50;0,00;0,00;0,00;0,07;0,00;0,00;496;68;12;42;37;225;730
7127;21,79;-245,57;0,00;0,00;0,00;-0,25;0,00;0,00;429;52;72;43;30;501;857
7128;68,69;166,61;0,00;0,00;0,00;0,17;0,00;0,00;213;128;152;31;31;252;917
7129;48,36;6,87;0,00;0,00;0,00;0,01;0,00;0,00;475;170;187;27;18;663;382
7130;45,65;-40,84;0,00;0,00;0,00;-0,04;0,00;0,00;27;27;155;38;26;639;720
7131;37,10;-80,90;0,00;0,00;0,00;-0,08;0,00;0,00;287;43;70;19;17;175;618
7132;18,69;-275,45;0,00;0,00;0,00;-0,28;0,00;0,00;157;76;74;24;22;148;362
7133;41,13;-84,27;0,00;0,00;0,00;-0,08;0,00;0,00;68;41;192;42;24;757;469
7134;57,55;140,35;0,00;0,00;0,00;0,14;0,00;0,00;280;26;169;42;24;440;936
7135;82,29;291,24;0,00;0,00;0,00;0,29;0,00;0,00;160;15;38;31;36;125;688
7136;49,79;-7,75;0,00;0,00;0,00;-0,01;0,00;0,00;310;166;136;25;26;434;596
7137;25,75;-207,87;0,00;0,00;0,00;-0,21;0,00;0,00;364;155;135;38;16;621;581
7138;46,93;-32,55;0,00;0,00;0,00;-0,03;0,00;0,00;279;23;160;23;17;563;755
7139;65,61;146,84;0,00;0,00;0,00;0,15;0,00;0,00;57;194;13;19;26;444;212
7140;18,92;-280,86;0,00;0,00;0,00;-0,28;0,00;0,00;294;106;186;17;16;665;986
7141;59,81;158,22;0,00;0,00;0,00;0,16;0,00;0,00;29;193;145;32;17;341;334
7142;86,50;326,48;0,00;0,00;0,00;0,33;0,00;0,00;460;198;46;17;39;917;721
7143;37,41;-154,46;0,00;0,00;0,00;-0,15;0,00;0,00;497;86;18;33;23;237;247
7144;36,98;-192,73;0,00;0,00;0,00;-0,19;0,00;0,00;300;143;130;18;26;449;404
7145;51,35;2,50;0,00;0,00;0,00;0,00;0,00;0,00;403;71;177;23;29;307;641
7146;75,18;366,38;0,00;0,00;0,00;0,37;0,00;0,00;316;187;175;30;26;567;360
7147;44,92;-31,65;0,00;0,00;0,00;-0,03;0,00;0,00;42;144;111;10;19;610;430
7148;46,38;-20,01;0,00;0,00;0,00;-0,02;0,00;0,00;474;137;121;10;18;512;627
7149;48,53;17,84;0,00;0,00;0,00;0,02;0,00;0,00;497;119;63;43;31;687;953
7150;53,01;-61,30;0,00;0,00;0,00;-0,06;0,00;0,00;264;143;23;44;39;515;296
7151;37,77;-159,20;0,00;0,00;0,00;-0,16;0,00;0,00;156;21;89;13;37;769;442
7152;13,81;-370,98;0,00;0,00;0,00;-0,37;0,00;0,00;444;34;61;41;21;792;182
7153;70,28;334,60;0,00;0,00;0,00;0,33;0,00;0,00;446;41;80;22;15;116;527
7154;54,70;42,49;0,00;0,00;0,00;0,04;0,00;0,00;257;54;192;42;34;398;537
7155;42,13;-158,50;0,00;0,00;0,00;-0,16;0,00;0,00;157;117;153;36;20;901;485
7156;50,10;-19,28;0,00;0,00;0,00;-0,02;0,00;0,00;172;188;161;21;27;215;148
7157;84,46;301,58;0,00;0,00;0,00;0,30;0,00;0,00;400;104;75;18;18;935;824
7158;72,99;188,89;0,00;0,00;0,00;0,19;0,00;0,00;180;171;161;14;17;455;627
7159;58,54;43,91;0,00;0,00;0,00;0,04;0,00;0,00;268;23;102;23;15;136;245
7160;60,77;64,73;0,00;0,00;0,00;0,06;0,00;0,00;449;72;118;22;24;984;160
7161;39,19;-130,67;0,00;0,00;0,00;-0,13;0,00;0,00;13;132;11;33;34;279;869
7162;44,04;-34,82;0,00;0,00;0,00;-0,03;0,00;0,00;327;111;155;40;15;333;354
7163;39,66;-58,88;0,00;0,00;0,00;-0,06;0,00;0,00;470;78;118;44;22;385;803
7164;33,83;-160,05;0,00;0,00;0,00;-0,16;0,00;0,00;148;176;66;13;31;351;132
7165;59,84;16,12;0,00;0,00;0,00;0,02;0,00;0,00;117;11;63;44;29;705;919
7166;51,34;-47,16;0,00;0,00;0,00;-0,05;0,00;0,00;409;130;149;15;35;955;313
7167;52,50;-9,29;0,00;0,00;0,00;-0,01;0,00;0,00;109;57;47;15;15;443;846
7168;41,44;-35,26;0,00;0,00;0,00;-0,04;0,00;0,00;235;145;174;14;37;544;923
7169;29,64;-231,61;0,00;0,00;0,00;-0,23;0,00;0,00;241;175;110;39;38;132;108
7170;72,92;247,71;0,00;0,00;0,00;0,25;0,00;0,00;102;134;186;36;31;607;968
7171;67,31;124,25;0,00;0,00;0,00;0,12;0,00;0,00;178;152;34;28;17;287;152
7172;58,91;93,59;0,00;0,00;0,00;0,09;0,00;0,00;198;63;158;24;34;878;253
7173;64,35;170,86;0,00;0,00;0,00;0,17;0,00;0,00;132;97;41;26;35;515;321
7174;37,58;-145,19;0,00;0,00;0,00;-0,15;0,00;0,00;498;115;135;42;20;474;130
7175;79,80;251,65;0,00;0,00;0,00;0,25;0,00;0,00;219;108;31;12;15;344;362
7176;55,58;97,41;0,00;0,00;0,00;0,10;0,00;0,00;436;72;101;19;34;176;345
7177;27,25;-248,65;0,00;0,00;0,00;-0,25;0,00;0,00;286;92;167;34;36;909;246
7178;0,93;-493,22;0,00;0,00;0,00;-0,49;0,00;0,00;300;189;146;47;22;293;380
7179;55,06;99,54;0,00;0,00;0,00;0,10;0,00;0,00;179;114;104;27;26;782;754
7180;51,55;51,69;0,00;0,00;0,00;0,05;0,00;0,00;496;108;144;19;29;363;613
7181;30,83;-110,18;0,00;0,00;0,00;-0,11;0,00;0,00;483;93;46;11;33;151;601
7182;40,39;-159,15;0,00;0,00;0,00;-0,16;0,00;0,00;426;58;138;38;38;622;149
7183;42,07;-56,31;0,00;0,00;0,00;-0,06;0,00;0,00;325;190;145;30;15;223;424
7184;47,77;-17,15;0,00;0,00;0,00;-0,02;0,00;0,00;33;23;51;11;28;927;774
7185;47,46;-26,93;0,00;0,00;0,00;-0,03;0,00;0,00;237;53;156;42;37;542;628
7186;65,90;164,63;0,00;0,00;0,00;0,16;0,00;0,00;195;95;191;38;19;854;790
7187;61,72;148,48;0,00;0,00;0,00;0,15;0,00;0,00;95;71;147;19;15;869;221
7188;41,09;-50,72;0,00;0,00;0,00;-0,05;0,00;0,00;290;193;97;43;35;529;435
7189;39,26;-153,03;0,00;0,00;0,00;-0,15;0,00;0,00;57;42;57;30;39;130;930
7190;63,64;130,35;0,00;0,00;0,00;0,13;0,00;0,00;284;13;156;21;35;587;313
7191;59,66;154,36;0,00;0,00;0,00;0,15;0,00;0,00;257;17;172;37;25;936;472
7192;46,15;5,25;0,00;0,00;0,00;0,01;0,00;0,00;51;181;197;28;19;119;695
7193;54,94;20,73;0,00;0,00;0,00;0,02;0,00;0,00;202;118;41;33;25;737;190
7194;47,10;-76,43;0,00;0,00;0,00;-0,08;0,00;0,00;53;102;175;19;36;825;287
7195;39,97;-72,96;0,00;0,00;0,00;-0,07;0,00;0,00;462;81;81;18;27;467;795
7196;66,33;156,96;0,00;0,00;0,00;0,16;0,00;0,00;55;122;137;32;17;257;970
7197;81,20;287,01;0,00;0,00;0,00;0,29;0,00;0,00;384;137;112;14;17;608;126
7198;45,08;27,53;0,00;0,00;0,00;0,03;0,00;0,00;113;138;156;47;20;513;634
7199;61,56;129,75;0,00;0,00;0,00;0,13;0,00;0,00;55;139;56;35;38;450;623
7200;59,66;94,72;0,00;0,00;0,00;0,09;0,00;0,00;431;23;29;29;29;671;835
7201;72,27;208,09;0,00;0,00;0,00;0,21;0,00;0,00;348;63;57;33;16;500;315
7202;34,32;-151,82;0,00;0,00;0,00;-0,15;0,00;0,00;117;138;127;47;26;494;720
7203;88,09;337,47;0,00;0,00;0,00;0,34;0,00;0,00;217;13;156;27;25;120;104
7204;53,90;64,31;0,00;0,00;0,00;0,06;0,00;0,00;479;53;110;12;15;142;156
7205;65,76;76,62;0,00;0,00;0,00;0,08;0,00;0,00;469;88;109;34;34;223;945
7206;31,87;-84,81;0,00;0,00;0,00;-0,08;0,00;0,00;206;189;165;36;29;264;658
7207;56,88;-48,04;0,00;0,00;0,00;-0,05;0,00;0,00;461;32;151;30;16;586;902
7208;66,12;174,27;0,00;0,00;0,00;0,17;0,00;0,00;431;184;143;22;20;150;788
7209;44,98;-2,14;0,00;0,00;0,00;-0,00;0,00;0,00;250;48;123;46;34;544;440
7210;50,77;1,22;0,00;0,00;0,00;0,00;0,00;0,00;52;74;82;19;29;229;766
7211;62,90;96,92;0,00;0,00;0,00;0,10;0,00;0,00;60;137;194;16;17;358;700
7212;43,15;-55,56;0,00;0,00;0,00;-0,06;0,00;0,00;394;134;196;33;28;552;909
7213;34,57;-175,41;0,00;0,00;0,00;-0,18;0,00;0,00;204;184;182;48;17;493;367
7214;26,25;-234,82;0,00;0,00;0,00;-0,23;0,00;0,00;328;175;59;45;35;564;540
7215;76,76;285,72;0,00;0,00;0,00;0,29;0,00;0,00;197;118;90;30;29;847;853
7216;63,19;69,35;0,00;0,00;0,00;0,07;0,00;0,00;377;35;83;14;22;272;852
7217;41,94;-103,76;0,00;0,00;0,00;-0,10;0,00;0,00;149;128;120;39;22;637;494
7218;26,95;-217,61;0,00;0,00;0,00;-0,22;0,00;0,00;363;35;94;26;26;224;348
7219;42,01;-61,32;0,00;0,00;0,00;-0,06;0,00;0,00;137;159;13;10;31;231;107
7220;60,57;87,54;0,00;0,00;0,00;0,09;0,00;0,00;226;153;54;15;39;662;849
7221;42,79;-89,93;0,00;0,00;0,00;-0,09;0,00;0,00;355;199;80;44;23;333;522
7222;34,60;-145,49;0,00;0,00;0,00;-0,15;0,00;0,00;351;37;33;31;20;884;918
7223;49,43;18,28;0,00;0,00;0,00;0,02;0,00;0,00;81;189;148;46;34;778;727
7224;47,79;-114,63;0,00;0,00;0,00;-0,11;0,00;0,00;428;155;52;44;28;350;578
7225;49,43;-59,42;0,00;0,00;0,00;-0,06;0,00;0,00;168;180;90;14;20;329;950
7226;67,15;211,44;0,00;0,00;0,00;0,21;0,00;0,00;135;119;14;41;23;908;783
7227;40,52;-65,46;0,00;0,00;0,00;-0,07;0,00;0,00;446;26;158;10;17;788;521
7228;65,25;171,48;0,00;0,00;0,00;0,17;0,00;0,00;142;10;129;28;27;432;658
7229;52,23;-9,35;0,00;0,00;0,00;-0,01;0,00;0,00;356;53;178;30;17;956;348
7230;81,11;357,73;0,00;0,00;0,00;0,36;0,00;0,00;28;194;139;37;16;798;283
7231;54,30;15,21;0,00;0,00;0,00;0,02;0,00;0,00;63;37;91;49;29;554;966
7232;72,16;148,29;0,00;0,00;0,00;0,15;0,00;0,00;232;131;193;21;29;412;192
7233;70,96;177,80;0,00;0,00;0,00;0,18;0,00;0,00;473;143;199;40;38;956;920
7234;49,02;22,12;0,00;0,00;0,00;0,02;0,00;0,00;266;53;69;47;32;768;491
7235;74,20;265,40;0,00;0,00;0,00;0,27;0,00;0,00;439;41;122;11;28;272;505
7236;63,03;156,21;0,00;0,00;0,00;0,16;0,00;0,00;231;127;40;18;28;857;331
7237;41,77;-124,70;0,00;0,00;0,00;-0,12;0,00;0,00;51;17;167;19;36;243;151
7238;46,53;-18,06;0,00;0,00;0,00;-0,02;0,00;0,00;127;61;135;30;37;425;972
7239;54,15;58,51;0,00;0,00;0,00;0,06;0,00;0,00;182;185;192;41;19;214;369
7240;24,50;-254,91;0,00;0,00;0,00;-0,25;0,00;0,00;213;169;91;25;34;999;407
7241;60,82;164,90;0,00;0,00;0,00;0,16;0,00;0,00;335;99;45;49;34;331;379
7242;66,98;216,58;0,00;0,00;0,00;0,22;0,00;0,00;96;82;61;46;32;380;622
7243;54,17;43,52;0,00;0,00;0,00;0,04;0,00;0,00;14;36;138;37;22;289;231
7244;44,62;22,09;0,00;0,00;0,00;0,02;0,00;0,00;10;127;32;10;29;354;708
7245;57,96;148,91;0,00;0,00;0,00;0,15;0,00;0,00;266;131;199;47;23;626;708
7246;71,45;227,36;0,00;0,00;0,00;0,23;0,00;0,00;494;91;64;21;19;796;587
7247;35,25;-110,78;0,00;0,00;0,00;-0,11;0,00;0,00;46;51;112;48;16;450;947
7248;64,87;132,44;0,00;0,00;0,00;0,13;0,00;0,00;241;186;101;32;23;306;488
7249;52,40;-18,98;0,00;0,00;0,00;-0,02;0,00;0,00;490;75;112;28;28;213;969
7250;51,43;0,66;0,00;0,00;0,00;0,00;0,00;0,00;298;179;127;41;39;728;973
7251;48,74;32,93;0,00;0,00;0,00;0,03;0,00;0,00;12;116;144;11;35;594;606
7252;30,92;-135,07;0,00;0,00;0,00;-0,14;0,00;0,00;169;48;13;43;32;712;199
7253;78,84;266,26;0,00;0,00;0,00;0,27;0,00;0,00;373;30;167;19;17;207;139
7254;50,24;4,35;0,00;0,00;0,00;0,00;0,00;0,00;419;88;198;24;20;857;632
7255;41,70;-9,55;0,00;0,00;0,00;-0,01;0,00;0,00;220;108;32;13;18;783;193
7256;36,48;-79,63;0,00;0,00;0,00;-0,08;0,00;0,00;22;113;129;36;26;927;276
7257;47,79;59,94;0,00;0,00;0,00;0,06;0,00;0,00;379;55;151;38;16;237;945
7258;28,14;-240,93;0,00;0,00;0,00;-0,24;0,00;0,00;186;142;169;39;17;239;756
7259;59,47;69,81;0,00;0,00;0,00;0,07;0,00;0,00;12;19;145;23;24;131;600
7260;50,04;-39,86;0,00;0,00;0,00;-0,04;0,00;0,00;51;164;146;43;32;824;229
7261;35,68;-100,66;0,00;0,00;0,00;-0,10;0,00;0,00;202;120;59;42;17;863;324
7262;48,63;-37,31;0,00;0,00;0,00;-0,04;0,00;0,00;169;177;61;19;15;138;723
7263;59,22;150,54;0,00;0,00;0,00;0,15;0,00;0,00;123;174;92;24;26;779;480
7264;61,79;95,17;0,00;0,00;0,00;0,10;0,00;0,00;238;46;77;24;23;720;395
7265;45,90;-60,43;0,00;0,00;0,00;-0,06;0,00;0,00;410;124;180;12;36;603;428
7266;32,69;-148,45;0,00;0,00;0,00;-0,15;0,00;0,00;292;197;87;37;38;229;933
7267;65,92;250,06;0,00;0,00;0,00;0,25;0,00;0,00;70;175;92;11;39;458;591
7268;85,45;257,20;0,00;0,00;0,00;0,26;0,00;0,00;256;159;120;38;32;863;336
7269;63,11;179,91;0,00;0,00;0,00;0,18;0,00;0,00;63;51;57;34;25;472;513
7270;34,34;-98,84;0,00;0,00;0,00;-0,10;0,00;0,00;280;57;54;37;35;291;862
7271;28,55;-261,55;0,00;0,00;0,00;-0,26;0,00;0,00;297;198;81;31;32;734;279
7272;39,63;-77,54;0,00;0,00;0,00;-0,08;0,00;0,00;307;53;20;13;25;640;281
7273;66,10;138,07;0,00;0,00;0,00;0,14;0,00;0,00;346;164;170;10;18;127;649
7274;65,96;132,69;0,00;0,00;0,00;0,13;0,00;0,00;288;122;111;30;24;298;247
7275;85,44;260,67;0,00;0,00;0,00;0,26;0,00;0,00;173;179;88;42;38;436;296
7276;50,41;-12,37;0,00;0,00;0,00;-0,01;0,00;0,00;477;191;78;11;20;445;673
7277;52,78;65,63;0,00;0,00;0,00;0,07;0,00;0,00;451;195;191;29;33;491;934
7278;45,91;-57,59;0,00;0,00;0,00;-0,06;0,00;0,00;113;46;136;31;37;314;559
7279;53,32;56,96;0,00;0,00;0,00;0,06;0,00;0,00;468;159;86;21;26;697;552
7280;46,87;-18,98;0,00;0,00;0,00;-0,02;0,00;0,00;466;53;102;47;16;895;412
7281;16,20;-340,60;0,00;0,00;0,00;-0,34;0,00;0,00;250;74;156;15;26;746;687
7282;24,21;-245,66;0,00;0,00;0,00;-0,25;0,00;0,00;188;193;162;33;39;656;732
7283;61,74;137,86;0,00;0,00;0,00;0,14;0,00;0,00;185;192;134;31;17;244;310
7284;36,99;-126,06;0,00;0,00;0,00;-0,13;0,00;0,00;71;86;49;49;16;373;616
7285;30,33;-189,81;0,00;0,00;0,00;-0,19;0,00;0,00;429;112;91;15;22;897;514
7286;41,20;-91,71;0,00;0,00;0,00;-0,09;0,00;0,00;237;153;50;16;31;973;447
7287;54,71;43,93;0,00;0,00;0,00;0,04;0,00;0,00;122;37;82;22;27;639;266
7288;84,84;380,75;0,00;0,00;0,00;0,38;0,00;0,00;16;117;188;39;34;263;184
7289;23,06;-278,95;0,00;0,00;0,00;-0,28;0,00;0,00;436;146;13;23;31;344;996
7290;33,98;-59,27;0,00;0,00;0,00;-0,06;0,00;0,00;484;12;61;29;19;723;305
7291;38,27;-170,50;0,00;0,00;0,00;-0,17;0,00;0,00;267;137;65;33;24;596;645
7292;45,44;-61,31;0,00;0,00;0,00;-0,06;0,00;0,00;341;161;107;27;25;910;196
7293;34,37;-208,85;0,00;0,00;0,00;-0,21;0,00;0,00;362;17;102;30;26;142;669
7294;50,73;-5,19;0,00;0,00;0,00;-0,01;0,00;0,00;170;184;124;22;38;400;541
7295;51,12;-41,85;0,00;0,00;0,00;-0,04;0,00;0,00;233;83;104;11;17;793;161
7296;74,63;229,01;0,00;0,00;0,00;0,23;0,00;0,00;184;87;190;15;25;600;654
7297;62,88;176,54;0,00;0,00;0,00;0,18;0,00;0,00;389;139;199;21;24;410;107
7298;36,37;-99,15;0,00;0,00;0,00;-0,10;0,00;0,00;332;115;194;15;17;784;361
7299;62,57;206,07;0,00;0,00;0,00;0,21;0,00;0,00;451;37;17;47;36;458;951
7300;61,33;20,72;0,00;0,00;0,00;0,02;0,00;0,00;442;39;151;21;38;594;258
7301;70,87;290,66;0,00;0,00;0,00;0,29;0,00;0,00;24;52;197;49;16;571;698
7302;29,15;-186,50;0,00;0,00;0,00;-0,19;0,00;0,00;372;119;115;43;38;106;794
7303;51,05;40,51;0,00;0,00;0,00;0,04;0,00;0,00;210;154;85;29;25;635;146
7304;45,96;35,56;0,00;0,00;0,00;0,04;0,00;0,00;308;43;79;40;29;457;823
7305;63,64;135,37;0,00;0,00;0,00;0,14;0,00;0,00;432;124;49;45;35;529;169
7306;52,15;1,98;0,00;0,00;0,00;0,00;0,00;0,00;358;197;147;32;39;634;921
7307;40,00;-157,72;0,00;0,00;0,00;-0,16;0,00;0,00;107;176;158;10;18;733;665
7308;46,08;-77,67;0,00;0,00;0,00;-0,08;0,00;0,00;95;196;174;31;36;890;538
7309;39,75;-103,61;0,00;0,00;0,00;-0,10;0,00;0,00;417;67;155;41;20;687;992
7310;39,99;-152,93;0,00;0,00;0,00;-0,15;0,00;0,00;423;110;22;26;30;122;636
7311;61,78;88,83;0,00;0,00;0,00;0,09;0,00;0,00;230;65;140;49;29;788;122
7312;52,78;78,92;0,00;0,00;0,00;0,08;0,00;0,00;466;84;81;25;16;452;495
7313;55,01;121,49;0,00;0,00;0,00;0,12;0,00;0,00;489;20;172;14;32;126;229
7314;66,18;193,18;0,00;0,00;0,00;0,19;0,00;0,00;22;62;20;45;34;496;365
7315;68,24;197,65;0,00;0,00;0,00;0,20;0,00;0,00;144;32;57;30;35;352;953
7316;21,99;-282,66;0,00;0,00;0,00;-0,28;0,00;0,00;260;133;80;21;22;615;318
7317;57,21;112,03;0,00;0,00;0,00;0,11;0,00;0,00;324;59;39;41;20;595;502
7318;37,45;-118,73;0,00;0,00;0,00;-0,12;0,00;0,00;428;14;149;15;19;772;861
7319;70,01;230,63;0,00;0,00;0,00;0,23;0,00;0,00;131;65;19;25;32;520;374
7320;16,31;-316,92;0,00;0,00;0,00;-0,32;0,00;0,00;430;131;110;18;21;115;971
7321;39,48;-39,97;0,00;0,00;0,00;-0,04;0,00;0,00;151;30;102;47;37;722;993
7322;39,48;-119,88;0,00;0,00;0,00;-0,12;0,00;0,00;176;133;167;41;35;739;997
7323;54,62;105,64;0,00;0,00;0,00;0,11;0,00;0,00;445;99;153;33;29;929;588
7324;38,74;-113,14;0,00;0,00;0,00;-0,11;0,00;0,00;387;109;83;28;26;291;801
7325;24,31;-293,18;0,00;0,00;0,00;-0,29;0,00;0,00;143;132;166;30;25;621;872
7326;72,73;219,35;0,00;0,00;0,00;0,22;0,00;0,00;374;93;20;48;27;266;919
7327;36,26;-202,46;0,00;0,00;0,00;-0,20;0,00;0,00;161;75;55;26;33;391;759
7328;58,03;70,96;0,00;0,00;0,00;0,07;0,00;0,00;35;86;15;14;27;744;958
7329;60,51;160,93;0,00;0,00;0,00;0,16;0,00;0,00;393;111;124;47;37;474;991
7330;37,33;-98,17;0,00;0,00;0,00;-0,10;0,00;0,00;436;52;35;42;38;561;696
7331;51,40;-24,51;0,00;0,00;0,00;-0,02;0,00;0,00;353;113;123;34;39;490;739
7332;86,56;291,75;0,00;0,00;0,00;0,29;0,00;0,00;402;48;166;26;18;613;312
7333;42,96;-34,04;0,00;0,00;0,00;-0,03;0,00;0,00;335;110;146;39;33;673;934
7334;49,63;-126,93;0,00;0,00;0,00;-0,13;0,00;0,00;356;171;96;11;17;788;761
7335;51,87;24,60;0,00;0,00;0,00;0,02;0,00;0,00;457;13;153;45;27;884;204
7336;51,79;-32,88;0,00;0,00;0,00;-0,03;0,00;0,00;65;22;17;12;36;542;879
7337;70,62;187,93;0,00;0,00;0,00;0,19;0,00;0,00;362;158;104;47;28;627;978
7338;73,45;204,56;0,00;0,00;0,00;0,20;0,00;0,00;150;187;100;23;39;126;899
7339;55,78;50,65;0,00;0,00;0,00;0,05;0,00;0,00;400;46;140;17;26;991;756
7340;26,35;-243,76;0,00;0,00;0,00;-0,24;0,00;0,00;194;48;106;38;32;525;128
7341;46,19;5,20;0,00;0,00;0,00;0,01;0,00;0,00;31;143;164;18;35;438;632
7342;56,40;3,34;0,00;0,00;0,00;0,00;0,00;0,00;164;128;150;23;17;133;944
7343;39,59;-168,22;0,00;0,00;0,00;-0,17;0,00;0,00;379;20;154;33;36;161;473
7344;51,54;9,70;0,00;0,00;0,00;0,01;0,00;0,00;25;13;109;28;22;784;216
7345;29,27;-156,00;0,00;0,00;0,00;-0,16;0,00;0,00;192;158;188;18;35;300;859
7346;46,68;-63,45;0,00;0,00;0,00;-0,06;0,00;0,00;210;56;120;46;19;502;995
7347;55,24;55,72;0,00;0,00;0,00;0,06;0,00;0,00;13;38;163;26;23;233;148
7348;70,21;181,41;0,00;0,00;0,00;0,18;0,00;0,00;34;122;124;37;28;137;987
7349;55,44;47,35;0,00;0,00;0,00;0,05;0,00;0,00;381;86;13;18;20;677;129
7350;49,13;-26,80;0,00;0,00;0,00;-0,03;0,00;0,00;236;95;58;24;19;573;351
7351;61,38;40,33;0,00;0,00;0,00;0,04;0,00;0,00;373;40;67;24;24;366;563
7352;38,45;-125,18;0,00;0,00;0,00;-0,13;0,00;0,00;60;109;164;25;24;499;304
7353;45,85;-49,42;0,00;0,00;0,00;-0,05;0,00;0,00;139;74;59;16;23;390;418
7354;55,96;13,43;0,00;0,00;0,00;0,01;0,00;0,00;332;27;181;47;17;467;637
7355;58,47;135,24;0,00;0,00;0,00;0,14;0,00;0,00;376;34;179;23;17;323;572
7356;56,60;18,85;0,00;0,00;0,00;0,02;0,00;0,00;471;64;57;10;37;791;410
7357;39,93;-78,63;0,00;0,00;0,00;-0,08;0,00;0,00;11;199;127;12;31;709;381
7358;34,18;-140,29;0,00;0,00;0,00;-0,14;0,00;0,00;183;176;199;28;24;685;816
7359;22,30;-336,69;0,00;0,00;0,00;-0,34;0,00;0,00;441;169;146;33;24;389;651
7360;60,33;154,15;0,00;0,00;0,00;0,15;0,00;0,00;452;51;129;47;24;986;232
7361;45,93;32,16;0,00;0,00;0,00;0,03;0,00;0,00;357;197;89;10;32;570;461
7362;27,43;-257,19;0,00;0,00;0,00;-0,26;0,00;0,00;378;178;54;43;21;973;378
7363;66,49;189,34;0,00;0,00;0,00;0,19;0,00;0,00;366;22;54;11;17;352;318
7364;52,04;-14,14;0,00;0,00;0,00;-0,01;0,00;0,00;24;119;16;49;19;568;848
7365;54,84;1,75;0,00;0,00;0,00;0,00;0,00;0,00;27;13;170;42;35;608;890
7366;33,38;-96,76;0,00;0,00;0,00;-0,10;0,00;0,00;338;45;40;22;16;746;448
7367;61,51;206,89;0,00;0,00;0,00;0,21;0,00;0,00;421;17;107;18;15;951;638
7368;50,32;-10,45;0,00;0,00;0,00;-0,01;0,00;0,00;30;176;16;42;35;758;546
7369;69,96;295,35;0,00;0,00;0,00;0,30;0,00;0,00;143;164;32;28;24;605;303
7370;62,38;128,57;0,00;0,00;0,00;0,13;0,00;0,00;238;54;97;36;38;399;507
7371;40,23;-68,35;0,00;0,00;0,00;-0,07;0,00;0,00;365;70;115;19;20;965;403
7372;67,41;168,72;0,00;0,00;0,00;0,17;0,00;0,00;215;125;62;14;26;994;852
7373;63,35;156,01;0,00;0,00;0,00;0,16;0,00;0,00;346;50;105;33;35;960;146
7374;77,10;266,92;0,00;0,00;0,00;0,27;0,00;0,00;300;93;16;43;39;505;107
7375;48,54;-0,49;0,00;0,00;0,00;-0,00;0,00;0,00;349;127;123;21;29;118;243
7376;50,57;10,71;0,00;0,00;0,00;0,01;0,00;0,00;60;86;93;35;28;240;472
7377;28,92;-175,52;0,00;0,00;0,00;-0,18;0,00;0,00;451;113;52;29;23;669;771
7378;45,09;-69,13;0,00;0,00;0,00;-0,07;0,00;0,00;110;120;179;13;19;601;677
7379;62,90;134,25;0,00;0,00;0,00;0,13;0,00;0,00;302;187;184;18;20;228;924
7380;58,12;74,25;0,00;0,00;0,00;0,07;0,00;0,00;493;160;141;14;27;792;336
7381;46,83;-33,41;0,00;0,00;0,00;-0,03;0,00;0,00;43;107;83;40;27;210;206
7382;50,64;-4,48;0,00;0,00;0,00;-0,00;0,00;0,00;71;85;182;33;35;756;494
7383;47,35;14,39;0,00;0,00;0,00;0,01;0,00;0,00;223;138;102;27;22;278;346
7384;55,64;-14,52;0,00;0,00;0,00;-0,01;0,00;0,00;25;122;90;42;20;955;677
7385;67,78;159,76;0,00;0,00;0,00;0,16;0,00;0,00;41;79;21;39;27;897;742
7386;76,97;256,96;0,00;0,00;0,00;0,26;0,00;0,00;118;10;72;23;24;103;980
7387;32,32;-131,80;0,00;0,00;0,00;-0,13;0,00;0,00;330;115;23;32;20;921;510
7388;74,01;236,64;0,00;0,00;0,00;0,24;0,00;0,00;90;98;181;34;20;705;537
7389;39,89;-167,95;0,00;0,00;0,00;-0,17;0,00;0,00;475;74;68;29;15;820;447
7390;46,79;-34,58;0,00;0,00;0,00;-0,03;0,00;0,00;68;178;63;12;31;967;456
7391;32,10;-190,90;0,00;0,00;0,00;-0,19;0,00;0,00;244;56;113;22;25;969;512
7392;45,07;-100,82;0,00;0,00;0,00;-0,10;0,00;0,00;482;75;15;15;30;321;803
7393;85,39;282,75;0,00;0,00;0,00;0,28;0,00;0,00;41;81;135;34;25;658;983
7394;52,75;-93,96;0,00;0,00;0,00;-0,09;0,00;0,00;102;101;112;42;29;418;587
7395;54,52;144,30;0,00;0,00;0,00;0,14;0,00;0,00;234;53;56;49;21;969;171
7396;39,78;-60,89;0,00;0,00;0,00;-0,06;0,00;0,00;57;175;158;48;15;369;256
7397;79,00;302,15;0,00;0,00;0,00;0,30;0,00;0,00;312;151;183;32;35;543;906
7398;74,39;278,45;0,00;0,00;0,00;0,28;0,00;0,00;87;76;30;22;26;471;718
7399;48,29;-6,34;0,00;0,00;0,00;-0,01;0,00;0,00;21;175;78;20;28;730;413
7400;49,14;-25,86;0,00;0,00;0,00;-0,03;0,00;0,00;407;94;168;36;31;818;347
7401;54,90;71,40;0,00;0,00;0,00;0,07;0,00;0,00;145;165;89;48;27;117;432
7402;65,22;152,67;0,00;0,00;0,00;0,15;0,00;0,00;158;136;46;14;33;192;146
7403;66,82;100,52;0,00;0,00;0,00;0,10;0,00;0,00;344;103;113;13;18;952;562
7404;43,25;-111,74;0,00;0,00;0,00;-0,11;0,00;0,00;254;191;197;25;36;329;714
7405;33,93;-151,06;0,00;0,00;0,00;-0,15;0,00;0,00;498;15;159;48;24;595;383
7406;56,79;27,86;0,00;0,00;0,00;0,03;0,00;0,00;151;79;61;42;24;689;710
7407;20,62;-302,22;0,00;0,00;0,00;-0,30;0,00;0,00;33;134;112;41;24;129;755
7408;43,29;-73,47;0,00;0,00;0,00;-0,07;0,00;0,00;257;191;164;45;24;470;873
7409;53,28;-86,60;0,00;0,00;0,00;-0,09;0,00;0,00;387;64;114;11;39;189;721
7410;71,29;153,44;0,00;0,00;0,00;0,15;0,00;0,00;243;131;153;47;26;979;638
7411;22,48;-326,99;0,00;0,00;0,00;-0,33;0,00;0,00;391;102;101;10;16;928;757
7412;67,48;195,72;0,00;0,00;0,00;0,20;0,00;0,00;253;18;37;14;26;848;337
7413;52,82;69,32;0,00;0,00;0,00;0,07;0,00;0,00;66;21;79;46;29;345;404
7414;45,45;-72,45;0,00;0,00;0,00;-0,07;0,00;0,00;230;184;73;15;17;824;162
7415;54,44;41,45;0,00;0,00;0,00;0,04;0,00;0,00;392;17;92;15;18;639;103
7416;49,48;-108,76;0,00;0,00;0,00;-0,11;0,00;0,00;282;100;55;35;32;293;861
7417;78,10;275,40;0,00;0,00;0,00;0,28;0,00;0,00;80;48;39;41;21;633;540
7418;37,27;-132,10;0,00;0,00;0,00;-0,13;0,00;0,00;245;104;70;49;35;211;930
7419;59,92;95,50;0,00;0,00;0,00;0,10;0,00;0,00;42;46;28;47;17;177;258
7420;30,05;-200,22;0,00;0,00;0,00;-0,20;0,00;0,00;102;129;165;24;39;367;199
7421;33,99;-192,05;0,00;0,00;0,00;-0,19;0,00;0,00;333;26;69;19;16;941;290
7422;22,69;-280,42;0,00;0,00;0,00;-0,28;0,00;0,00;292;16;124;25;37;142;932
7423;56,36;115,15;0,00;0,00;0,00;0,12;0,00;0,00;118;21;187;10;17;572;161
7424;29,07;-231,26;0,00;0,00;0,00;-0,23;0,00;0,00;103;170;142;44;17;866;616
7425;57,90;104,25;0,00;0,00;0,00;0,10;0,00;0,00;440;27;95;44;34;603;171
7426;47,04;-62,02;0,00;0,00;0,00;-0,06;0,00;0,00;335;10;72;46;39;861;890
7427;50,02;-0,76;0,00;0,00;0,00;-0,00;0,00;0,00;207;102;103;34;38;650;304
7428;54,81;108,66;0,00;0,00;0,00;0,11;0,00;0,00;102;136;168;33;21;611;744
7429;47,77;26,66;0,00;0,00;0,00;0,03;0,00;0,00;221;130;47;30;18;287;903
7430;51,38;88,57;0,00;0,00;0,00;0,09;0,00;0,00;198;93;116;24;18;610;605
7431;30,30;-114,79;0,00;0,00;0,00;-0,11;0,00;0,00;63;155;41;17;34;597;246
7432;61,77;104,77;0,00;0,00;0,00;0,10;0,00;0,00;22;141;91;33;17;985;247
7433;56,11;34,50;0,00;0,00;0,00;0,03;0,00;0,00;19;79;21;30;34;979;433
7434;57,60;45,82;0,00;0,00;0,00;0,05;0,00;0,00;78;43;67;33;33;261;673
7435;57,31;40,53;0,00;0,00;0,00;0,04;0,00;0,00;263;10;106;28;38;422;312
7436;56,77;-31,77;0,00;0,00;0,00;-0,03;0,00;0,00;425;196;33;35;16;758;990
7437;28,96;-190,27;0,00;0,00;0,00;-0,19;0,00;0,00;362;60;119;42;27;538;568
7438;39,09;-66,26;0,00;0,00;0,00;-0,07;0,00;0,00;413;114;59;45;37;579;502
7439;56,14;-15,85;0,00;0,00;0,00;-0,02;0,00;0,00;92;102;13;39;16;544;377
7440;16,57;-353,10;0,00;0,00;0,00;-0,35;0,00;0,00;148;15;96;16;29;589;191
7441;63,69;103,23;0,00;0,00;0,00;0,10;0,00;0,00;113;173;26;16;33;717;607
7442;31,64;-174,20;0,00;0,00;0,00;-0,17;0,00;0,00;334;155;146;21;38;533;244
7443;64,10;209,03;0,00;0,00;0,00;0,21;0,00;0,00;303;127;80;24;33;395;498
7444;66,97;73,06;0,00;0,00;0,00;0,07;0,00;0,00;100;21;153;21;28;385;972
7445;15,12;-408,50;0,00;0,00;0,00;-0,41;0,00;0,00;363;198;150;30;30;579;709
7446;41,07;-103,59;0,00;0,00;0,00;-0,10;0,00;0,00;431;152;199;12;39;898;582
7447;30,79;-178,50;0,00;0,00;0,00;-0,18;0,00;0,00;461;78;11;21;22;267;644
7448;54,96;92,02;0,00;0,00;0,00;0,09;0,00;0,00;399;63;99;17;29;252;687
7449;44,00;-55,93;0,00;0,00;0,00;-0,06;0,00;0,00;154;54;89;29;30;704;119
7450;53,89;34,25;0,00;0,00;0,00;0,03;0,00;0,00;261;131;173;31;20;599;265
7451;44,30;-116,30;0,00;0,00;0,00;-0,12;0,00;0,00;80;155;21;13;30;207;670
7452;47,81;28,71;0,00;0,00;0,00;0,03;0,00;0,00;286;67;98;16;31;844;480
7453;65,66;71,14;0,00;0,00;0,00;0,07;0,00;0,00;298;178;95;32;37;661;580
7454;64,68;141,64;0,00;0,00;0,00;0,14;0,00;0,00;139;168;193;12;19;139;139
7455;21,79;-265,21;0,00;0,00;0,00;-0,27;0,00;0,00;222;135;146;44;32;211;788
7456;20,86;-197,58;0,00;0,00;0,00;-0,20;0,00;0,00;397;197;36;49;36;549;740
7457;49,84;-51,55;0,00;0,00;0,00;-0,05;0,00;0,00;136;160;23;42;26;428;319
7458;37,34;-86,61;0,00;0,00;0,00;-0,09;0,00;0,00;409;47;56;16;24;519;900
7459;42,84;-78,06;0,00;0,00;0,00;-0,08;0,00;0,00;366;165;41;12;36;155;758
7460;71,05;213,05;0,00;0,00;0,00;0,21;0,00;0,00;311;92;166;12;23;841;793
7461;54,21;99,74;0,00;0,00;0,00;0,10;0,00;0,00;334;109;49;47;30;298;346
7462;65,26;166,18;0,00;0,00;0,00;0,17;0,00;0,00;350;26;180;10;15;369;589
7463;61,73;84,61;0,00;0,00;0,00;0,08;0,00;0,00;43;147;176;15;27;151;120
7464;20,08;-264,84;0,00;0,00;0,00;-0,26;0,00;0,00;298;13;79;19;32;352;807
7465;41,17;-40,15;0,00;0,00;0,00;-0,04;0,00;0,00;415;78;147;46;17;334;975
7466;45,13;-43,00;0,00;0,00;0,00;-0,04;0,00;0,00;43;160;99;26;37;969;586
7467;42,30;-40,85;0,00;0,00;0,00;-0,04;0,00;0,00;56;51;119;12;18;681;945
7468;44,68;-100,78;0,00;0,00;0,00;-0,10;0,00;0,00;293;92;194;26;30;439;516
7469;40,53;-69,76;0,00;0,00;0,00;-0,07;0,00;0,00;272;77;73;33;22;252;196
7470;72,51;211,07;0,00;0,00;0,00;0,21;0,00;0,00;23;157;45;48;27;965;706
7471;69,48;164,76;0,00;0,00;0,00;0,16;0,00;0,00;107;41;153;16;33;503;483
7472;48,25;-8,46;0,00;0,00;0,00;-0,01;0,00;0,00;71;133;39;35;15;469;453
7473;44,21;-7,94;0,00;0,00;0,00;-0,01;0,00;0,00;82;130;63;38;17;434;688
7474;44,89;6,82;0,00;0,00;0,00;0,01;0,00;0,00;20;139;45;39;15;380;163
7475;61,79;177,75;0,00;0,00;0,00;0,18;0,00;0,00;174;123;86;31;15;620;658
7476;41,23;-147,99;0,00;0,00;0,00;-0,15;0,00;0,00;149;92;183;41;25;659;231
7477;44,65;-54,38;0,00;0,00;0,00;-0,05;0,00;0,00;75;34;28;15;21;321;835
7478;62,29;83,21;0,00;0,00;0,00;0,08;0,00;0,00;85;188;78;25;24;105;701
7479;42,78;-69,30;0,00;0,00;0,00;-0,07;0,00;0,00;131;193;92;28;27;791;915
7480;61,29;59,73;0,00;0,00;0,00;0,06;0,00;0,00;48;45;178;23;18;370;720
7481;60,72;83,54;0,00;0,00;0,00;0,08;0,00;0,00;403;183;175;28;23;599;698
7482;51,77;35,40;0,00;0,00;0,00;0,04;0,00;0,00;212;46;28;34;18;694;583
7483;39,33;-158,38;0,00;0,00;0,00;-0,16;0,00;0,00;301;140;187;38;21;524;679
7484;57,85;25,22;0,00;0,00;0,00;0,03;0,00;0,00;324;91;54;38;15;979;210
7485;42,52;-111,91;0,00;0,00;0,00;-0,11;0,00;0,00;278;41;83;49;31;886;488
7486;74,96;269,54;0,00;0,00;0,00;0,27;0,00;0,00;272;142;112;23;16;226;395
7487;49,75;-11,67;0,00;0,00;0,00;-0,01;0,00;0,00;75;114;166;38;36;505;566
7488;63,10;233,29;0,00;0,00;0,00;0,23;0,00;0,00;135;149;92;10;36;961;341
7489;47,07;-26,17;0,00;0,00;0,00;-0,03;0,00;0,00;384;88;186;20;21;306;700
7490;56,01;32,54;0,00;0,00;0,00;0,03;0,00;0,00;450;197;198;13;30;999;515
7491;38,75;-140,00;0,00;0,00;0,00;-0,14;0,00;0,00;340;147;154;40;36;647;723
7492;31,71;-85,70;0,00;0,00;0,00;-0,09;0,00;0,00;396;102;172;33;31;177;698
7493;48,34;-100,00;0,00;0,00;0,00;-0,10;0,00;0,00;46;119;79;35;38;962;382
7494;19,07;-300,20;0,00;0,00;0,00;-0,30;0,00;0,00;270;179;137;37;27;430;576
7495;62,90;96,99;0,00;0,00;0,00;0,10;0,00;0,00;43;102;196;46;17;542;446
7496;71,95;236,28;0,00;0,00;0,00;0,24;0,00;0,00;177;164;151;21;22;289;860
7497;20,56;-273,16;0,00;0,00;0,00;-0,27;0,00;0,00;188;174;77;38;20;856;818
7498;44,82;-26,22;0,00;0,00;0,00;-0,03;0,00;0,00;288;38;148;24;32;418;167
7499;58,66;70,05;0,00;0,00;0,00;0,07;0,00;0,00;190;108;11;49;37;212;790
7500;92,64;390,81;0,00;0,00;0,00;0,39;0,00;0,00;55;22;25;17;22;307;422
7501;67,97;175,52;0,00;0,00;0,00;0,18;0,00;0,00;262;18;179;22;33;181;916
7502;29,24;-216,56;0,00;0,00;0,00;-0,22;0,00;0,00;163;159;194;49;35;276;162
7503;51,95;-38,46;0,00;0,00;0,00;-0,04;0,00;0,00;76;41;196;21;19;276;609
7504;53,25;60,63;0,00;0,00;0,00;0,06;0,00;0,00;332;199;20;42;28;225;646
7505;48,76;-6,75;0,00;0,00;0,00;-0,01;0,00;0,00;192;31;174;26;18;349;604
7506;47,37;-95,43;0,00;0,00;0,00;-0,10;0,00;0,00;165;20;89;37;36;421;949
7507;61,59;108,25;0,00;0,00;0,00;0,11;0,00;0,00;168;158;104;44;22;112;224
7508;43,60;5,28;0,00;0,00;0,00;0,01;0,00;0,00;151;99;16;29;21;910;474
7509;69,47;248,02;0,00;0,00;0,00;0,25;0,00;0,00;170;199;28;33;28;312;981
7510;87,06;364,83;0,00;0,00;0,00;0,36;0,00;0,00;193;178;94;18;26;644;916
7511;35,35;-106,04;0,00;0,00;0,00;-0,11;0,00;0,00;495;159;91;48;21;446;558
7512;49,38;41,84;0,00;0,00;0,00;0,04;0,00;0,00;54;64;158;28;21;731;118
7513;85,57;329,50;0,00;0,00;0,00;0,33;0,00;0,00;299;53;95;25;32;620;234
7514;16,27;-323,09;0,00;0,00;0,00;-0,32;0,00;0,00;462;115;154;44;16;196;935
7515;43,69;-109,89;0,00;0,00;0,00;-0,11;0,00;0,00;172;123;74;47;17;745;621
7516;74,31;219,74;0,00;0,00;0,00;0,22;0,00;0,00;459;182;137;16;30;595;101
7517;45,79;44,04;0,00;0,00;0,00;0,04;0,00;0,00;163;138;110;22;35;703;991
7518;50,19;53,62;0,00;0,00;0,00;0,05;0,00;0,00;368;39;190;48;19;114;963
7519;50,65;-4,99;0,00;0,00;0,00;-0,00;0,00;0,00;110;149;164;45;25;166;317
7520;68,07;129,92;0,00;0,00;0,00;0,13;0,00;0,00;490;196;149;32;34;441;941
7521;51,27;3,38;0,00;0,00;0,00;0,00;0,00;0,00;12;114;163;22;35;609;452
7522;46,50;-41,44;0,00;0,00;0,00;-0,04;0,00;0,00;221;160;58;38;33;811;216
7523;73,71;252,80;0,00;0,00;0,00;0,25;0,00;0,00;250;11;129;17;27;834;512
7524;73,14;226,74;0,00;0,00;0,00;0,23;0,00;0,00;366;77;81;45;27;280;587
7525;41,99;-99,82;0,00;0,00;0,00;-0,10;0,00;0,00;447;103;155;34;17;842;790
7526;51,20;13,39;0,00;0,00;0,00;0,01;0,00;0,00;272;147;22;42;19;743;827
7527;52,89;67,40;0,00;0,00;0,00;0,07;0,00;0,00;480;86;10;38;32;880;592
7528;53,17;16,00;0,00;0,00;0,00;0,02;0,00;0,00;422;21;65;21;25;244;261
7529;34,92;-168,05;0,00;0,00;0,00;-0,17;0,00;0,00;119;67;126;33;28;189;852
7530;47,51;-56,70;0,00;0,00;0,00;-0,06;0,00;0,00;151;26;110;43;31;739;504
7531;48,19;-64,90;0,00;0,00;0,00;-0,06;0,00;0,00;455;192;98;39;36;260;392
7532;59,97;113,49;0,00;0,00;0,00;0,11;0,00;0,00;314;163;66;23;21;837;970
7533;40,30;-102,38;0,00;0,00;0,00;-0,10;0,00;0,00;74;106;182;14;16;960;983
7534;57,62;-35,16;0,00;0,00;0,00;-0,04;0,00;0,00;103;190;21;18;16;745;622
7535;38,21;-142,53;0,00;0,00;0,00;-0,14;0,00;0,00;342;164;95;21;29;136;397
7536;49,98;-12,24;0,00;0,00;0,00;-0,01;0,00;0,00;415;116;114;14;17;943;280
7537;38,59;-100,59;0,00;0,00;0,00;-0,10;0,00;0,00;24;166;70;38;36;587;236
7538;65,58;231,10;0,00;0,00;0,00;0,23;0,00;0,00;227;17;110;40;36;627;786
7539;38,90;-178,61;0,00;0,00;0,00;-0,18;0,00;0,00;147;193;137;19;29;470;620
7540;76,27;339,50;0,00;0,00;0,00;0,34;0,00;0,00;460;96;194;11;30;638;676
7541;62,68;166,60;0,00;0,00;0,00;0,17;0,00;0,00;373;185;73;16;17;217;416
7542;70,41;214,19;0,00;0,00;0,00;0,21;0,00;0,00;372;192;74;12;29;548;429
7543;23,61;-199,21;0,00;0,00;0,00;-0,20;0,00;0,00;68;21;159;41;34;285;142
7544;48,88;-5,87;0,00;0,00;0,00;-0,01;0,00;0,00;19;102;184;31;25;181;516
7545;58,22;137,79;0,00;0,00;0,00;0,14;0,00;0,00;169;75;23;37;15;738;708
7546;57,58;54,03;0,00;0,00;0,00;0,05;0,00;0,00;144;80;180;39;23;358;375
7547;33,95;-75,78;0,00;0,00;0,00;-0,08;0,00;0,00;309;95;98;40;23;182;975
7548;49,87;-53,61;0,00;0,00;0,00;-0,05;0,00;0,00;261;120;196;22;29;456;905
7549;70,97;170,77;0,00;0,00;0,00;0,17;0,00;0,00;332;143;138;15;26;960;344
7550;54,62;24,71;0,00;0,00;0,00;0,02;0,00;0,00;455;35;100;42;29;357;476
7551;44,25;-125,64;0,00;0,00;0,00;-0,13;0,00;0,00;54;161;161;33;22;888;310
7552;51,92;21,99;0,00;0,00;0,00;0,02;0,00;0,00;103;60;21;30;28;821;240
7553;46,33;-66,88;0,00;0,00;0,00;-0,07;0,00;0,00;117;141;185;33;36;611;512
7554;50,63;-15,01;0,00;0,00;0,00;-0,02;0,00;0,00;396;37;116;19;29;143;302
7555;50,84;1,87;0,00;0,00;0,00;0,00;0,00;0,00;450;173;175;44;38;977;247
7556;50,30;114,16;0,00;0,00;0,00;0,11;0,00;0,00;426;161;96;11;33;432;466
7557;66,35;172,73;0,00;0,00;0,00;0,17;0,00;0,00;469;84;167;38;39;260;538
7558;52,30;60,82;0,00;0,00;0,00;0,06;0,00;0,00;324;130;137;21;23;763;251
7559;32,77;-195,25;0,00;0,00;0,00;-0,20;0,00;0,00;183;184;82;27;24;112;283
7560;45,76;-51,47;0,00;0,00;0,00;-0,05;0,00;0,00;281;36;147;23;15;639;770
7561;66,01;136,74;0,00;0,00;0,00;0,14;0,00;0,00;142;142;17;47;19;937;889
7562;62,17;167,91;0,00;0,00;0,00;0,17;0,00;0,00;290;27;171;28;27;705;674
7563;52,51;66,71;0,00;0,00;0,00;0,07;0,00;0,00;210;186;96;13;35;659;286
7564;49,64;47,79;0,00;0,00;0,00;0,05;0,00;0,00;493;193;148;39;21;756;518
7565;66,25;237,54;0,00;0,00;0,00;0,24;0,00;0,00;130;48;57;32;36;469;920
7566;47,91;13,19;0,00;0,00;0,00;0,01;0,00;0,00;83;106;111;47;23;264;231
7567;47,51;-35,31;0,00;0,00;0,00;-0,04;0,00;0,00;188;174;145;33;29;996;960
7568;49,40;-5,48;0,00;0,00;0,00;-0,01;0,00;0,00;447;98;191;36;18;580;149
7569;25,52;-228,00;0,00;0,00;0,00;-0,23;0,00;0,00;247;196;13;20;32;353;726
7570;13,71;-361,84;0,00;0,00;0,00;-0,36;0,00;0,00;289;118;87;18;19;889;810
7571;41,06;-37,16;0,00;0,00;0,00;-0,04;0,00;0,00;143;92;187;40;32;334;849
7572;51,38;79,86;0,00;0,00;0,00;0,08;0,00;0,00;209;113;103;49;30;774;951
7573;19,47;-322,70;0,00;0,00;0,00;-0,32;0,00;0,00;297;193;131;16;18;191;468
7574;23,68;-244,79;0,00;0,00;0,00;-0,24;0,00;0,00;414;59;63;23;33;618;738
7575;87,14;259,53;0,00;0,00;0,00;0,26;0,00;0,00;394;27;163;24;28;860;199
7576;75,07;279,19;0,00;0,00;0,00;0,28;0,00;0,00;450;171;73;15;21;920;765
7577;41,10;-72,21;0,00;0,00;0,00;-0,07;0,00;0,00;38;164;102;32;29;708;310
7578;48,62;37,76;0,00;0,00;0,00;0,04;0,00;0,00;256;10;41;20;21;113;267
7579;88,38;384,12;0,00;0,00;0,00;0,38;0,00;0,00;252;188;73;33;18;174;265
7580;66,82;119,09;0,00;0,00;0,00;0,12;0,00;0,00;199;49;85;17;27;254;421
7581;33,60;-211,22;0,00;0,00;0,00;-0,21;0,00;0,00;137;147;68;24;24;507;353
7582;62,38;145,18;0,00;0,00;0,00;0,15;0,00;0,00;393;83;43;23;33;245;324
7583;69,80;195,05;0,00;0,00;0,00;0,20;0,00;0,00;82;134;98;27;37;149;268
7584;63,89;119,32;0,00;0,00;0,00;0,12;0,00;0,00;482;44;96;30;32;442;288
7585;39,18;-142,91;0,00;0,00;0,00;-0,14;0,00;0,00;263;188;194;24;24;394;468
7586;14,10;-338,73;0,00;0,00;0,00;-0,34;0,00;0,00;327;118;174;34;27;720;542
7587;68,33;191,33;0,00;0,00;0,00;0,19;0,00;0,00;426;126;50;14;23;790;942
7588;57,89;159,00;0,00;0,00;0,00;0,16;0,00;0,00;434;170;91;33;31;778;452
7589;47,23;-107,85;0,00;0,00;0,00;-0,11;0,00;0,00;67;32;143;11;29;233;857
7590;34,26;-246,63;0,00;0,00;0,00;-0,25;0,00;0,00;211;148;35;39;37;434;695
7591;71,05;243,30;0,00;0,00;0,00;0,24;0,00;0,00;22;179;149;48;24;754;735
7592;42,49;-66,31;0,00;0,00;0,00;-0,07;0,00;0,00;106;102;47;47;32;990;826
7593;47,52;-57,07;0,00;0,00;0,00;-0,06;0,00;0,00;158;33;41;14;37;716;545
7594;36,53;-200,90;0,00;0,00;0,00;-0,20;0,00;0,00;138;175;33;29;30;414;365
7595;36,19;-103,80;0,00;0,00;0,00;-0,10;0,00;0,00;297;187;94;13;34;121;734
7596;64,63;198,54;0,00;0,00;0,00;0,20;0,00;0,00;38;147;111;29;39;447;552
7597;54,97;65,72;0,00;0,00;0,00;0,07;0,00;0,00;174;94;172;38;19;429;574
7598;42,77;-39,35;0,00;0,00;0,00;-0,04;0,00;0,00;257;181;140;30;32;618;731
7599;48,53;-29,21;0,00;0,00;0,00;-0,03;0,00;0,00;331;69;79;42;26;193;576
7600;22,53;-270,30;0,00;0,00;0,00;-0,27;0,00;0,00;230;17;135;37;36;904;680
7601;49,11;-0,70;0,00;0,00;0,00;-0,00;0,00;0,00;132;156;113;49;22;179;640
7602;53,70;56,46;0,00;0,00;0,00;0,06;0,00;0,00;209;153;172;26;21;957;467
7603;59,73;154,41;0,00;0,00;0,00;0,15;0,00;0,00;293;98;94;33;38;753;933
7604;62,00;146,08;0,00;0,00;0,00;0,15;0,00;0,00;432;193;163;32;32;793;888
7605;60,82;151,94;0,00;0,00;0,00;0,15;0,00;0,00;82;58;22;43;16;477;132
7606;52,83;37,24;0,00;0,00;0,00;0,04;0,00;0,00;481;78;155;14;37;997;716
7607;28,71;-293,57;0,00;0,00;0,00;-0,29;0,00;0,00;354;79;167;41;19;746;903
7608;42,28;-52,83;0,00;0,00;0,00;-0,05;0,00;0,00;456;20;95;39;25;407;225
7609;48,73;-3,13;0,00;0,00;0,00;-0,00;0,00;0,00;303;143;84;26;16;390;104
7610;69,87;213,23;0,00;0,00;0,00;0,21;0,00;0,00;173;34;51;13;33;891;365
7611;51,47;-16,06;0,00;0,00;0,00;-0,02;0,00;0,00;447;70;127;14;35;559;217
7612;18,38;-307,52;0,00;0,00;0,00;-0,31;0,00;0,00;181;14;156;32;17;398;695
7613;50,92;-28,33;0,00;0,00;0,00;-0,03;0,00;0,00;309;132;157;40;16;200;288
7614;52,06;75,83;0,00;0,00;0,00;0,08;0,00;0,00;464;108;195;19;19;183;786
7615;61,89;163,08;0,00;0,00;0,00;0,16;0,00;0,00;228;164;176;10;15;963;618
7616;48,66;-46,38;0,00;0,00;0,00;-0,05;0,00;0,00;451;68;189;43;38;724;239
7617;42,94;-23,89;0,00;0,00;0,00;-0,02;0,00;0,00;268;126;135;24;27;725;754
7618;55,82;73,25;0,00;0,00;0,00;0,07;0,00;0,00;161;104;42;25;39;827;621
7619;21,96;-357,69;0,00;0,00;0,00;-0,36;0,00;0,00;72;169;163;49;32;769;743
7620;59,45;129,78;0,00;0,00;0,00;0,13;0,00;0,00;440;48;113;37;22;133;124
7621;57,26;69,46;0,00;0,00;0,00;0,07;0,00;0,00;307;168;95;12;31;947;801
7622;58,84;75,77;0,00;0,00;0,00;0,08;0,00;0,00;487;149;125;35;21;453;336
7623;93,90;460,35;0,00;0,00;0,00;0,46;0,00;0,00;458;135;159;19;20;501;853
7624;80,09;370,15;0,00;0,00;0,00;0,37;0,00;0,00;376;151;26;37;16;327;272
7625;57,85;146,15;0,00;0,00;0,00;0,15;0,00;0,00;119;58;17;46;30;543;800
7626;49,92;-5,36;0,00;0,00;0,00;-0,01;0,00;0,00;86;38;159;40;36;664;726
7627;65,67;116,51;0,00;0,00;0,00;0,12;0,00;0,00;170;178;188;37;27;226;946
7628;62,04;157,26;0,00;0,00;0,00;0,16;0,00;0,00;301;134;25;17;31;284;392
7629;77,49;353,01;0,00;0,00;0,00;0,35;0,00;0,00;479;122;167;46;19;554;381
7630;43,72;-90,77;0,00;0,00;0,00;-0,09;0,00;0,00;409;114;128;12;16;669;173
7631;52,96;-11,65;0,00;0,00;0,00;-0,01;0,00;0,00;475;69;94;37;29;947;183
7632;54,81;55,16;0,00;0,00;0,00;0,06;0,00;0,00;153;112;133;41;37;253;780
7633;51,97;-43,01;0,00;0,00;0,00;-0,04;0,00;0,00;284;10;149;24;19;444;501
7634;30,14;-280,58;0,00;0,00;0,00;-0,28;0,00;0,00;244;59;132;23;35;197;776
7635;44,46;-52,58;0,00;0,00;0,00;-0,05;0,00;0,00;256;150;183;26;30;578;843
7636;36,47;-116,72;0,00;0,00;0,00;-0,12;0,00;0,00;216;124;62;37;16;682;743
7637;49,03;-17,99;0,00;0,00;0,00;-0,02;0,00;0,00;19;174;183;17;23;223;949
7638;37,81;-119,55;0,00;0,00;0,00;-0,12;0,00;0,00;82;153;26;15;16;930;124
7639;49,25;68,59;0,00;0,00;0,00;0,07;0,00;0,00;494;16;56;21;24;165;360
7640;31,62;-208,16;0,00;0,00;0,00;-0,21;0,00;0,00;325;160;125;39;18;813;444
7641;37,72;-96,16;0,00;0,00;0,00;-0,10;0,00;0,00;391;151;131;21;30;249;267
7642;48,07;-20,12;0,00;0,00;0,00;-0,02;0,00;0,00;150;184;113;16;19;930;894
7643;62,94;136,86;0,00;0,00;0,00;0,14;0,00;0,00;377;118;106;16;19;288;257
7644;32,84;-124,02;0,00;0,00;0,00;-0,12;0,00;0,00;284;75;165;42;38;249;220
7645;55,64;12,39;0,00;0,00;0,00;0,01;0,00;0,00;122;30;189;33;37;951;472
7646;51,70;10,99;0,00;0,00;0,00;0,01;0,00;0,00;126;35;148;24;29;960;642
7647;30,78;-186,71;0,00;0,00;0,00;-0,19;0,00;0,00;10;127;130;36;21;340;465
7648;43,58;-143,25;0,00;0,00;0,00;-0,14;0,00;0,00;110;29;39;11;29;925;682
7649;55,83;9,44;0,00;0,00;0,00;0,01;0,00;0,00;278;60;157;36;37;352;790
7650;35,30;-225,47;0,00;0,00;0,00;-0,23;0,00;0,00;89;19;74;23;35;759;835
7651;15,16;-344,08;0,00;0,00;0,00;-0,34;0,00;0,00;19;26;62;19;32;917;543
7652;45,48;56,70;0,00;0,00;0,00;0,06;0,00;0,00;258;87;158;32;37;340;942
7653;34,41;-154,42;0,00;0,00;0,00;-0,15;0,00;0,00;10;123;90;21;28;250;795
7654;48,22;-38,79;0,00;0,00;0,00;-0,04;0,00;0,00;190;122;190;31;15;227;497
7655;41,13;-45,49;0,00;0,00;0,00;-0,05;0,00;0,00;341;97;110;11;23;656;371
7656;48,00;22,56;0,00;0,00;0,00;0,02;0,00;0,00;260;35;13;47;23;447;839
7657;31,53;-163,21;0,00;0,00;0,00;-0,16;0,00;0,00;73;178;173;35;25;647;385
7658;49,54;31,20;0,00;0,00;0,00;0,03;0,00;0,00;65;138;145;27;27;444;341
7659;68,19;221,47;0,00;0,00;0,00;0,22;0,00;0,00;168;99;195;48;23;536;694
7660;62,22;73,95;0,00;0,00;0,00;0,07;0,00;0,00;276;193;59;11;38;926;419
7661;42,13;-80,83;0,00;0,00;0,00;-0,08;0,00;0,00;301;77;115;21;20;178;226
7662;45,07;-17,72;0,00;0,00;0,00;-0,02;0,00;0,00;271;155;88;24;22;359;146
7663;61,89;281,54;0,00;0,00;0,00;0,28;0,00;0,00;287;118;109;22;24;554;269
7664;66,33;182,74;0,00;0,00;0,00;0,18;0,00;0,00;317;81;171;12;20;763;471
7665;31,74;-53,25;0,00;0,00;0,00;-0,05;0,00;0,00;216;75;53;29;32;236;639
7666;56,57;86,07;0,00;0,00;0,00;0,09;0,00;0,00;134;181;11;13;18;466;878
7667;42,85;-82,98;0,00;0,00;0,00;-0,08;0,00;0,00;85;58;14;26;18;714;846
7668;52,25;-62,47;0,00;0,00;0,00;-0,06;0,00;0,00;93;80;171;39;25;782;661
7669;49,83;42,54;0,00;0,00;0,00;0,04;0,00;0,00;203;155;173;38;33;117;513
7670;58,60;-20,54;0,00;0,00;0,00;-0,02;0,00;0,00;256;44;16;39;18;508;163
7671;64,13;168,65;0,00;0,00;0,00;0,17;0,00;0,00;473;23;189;24;27;904;642
7672;55,09;77,97;0,00;0,00;0,00;0,08;0,00;0,00;416;114;144;40;24;721;463
7673;63,27;83,87;0,00;0,00;0,00;0,08;0,00;0,00;160;102;30;20;30;787;650
7674;28,60;-191,28;0,00;0,00;0,00;-0,19;0,00;0,00;348;177;129;35;17;489;630
7675;43,47;-126,98;0,00;0,00;0,00;-0,13;0,00;0,00;202;74;122;38;25;338;108
7676;66,17;172,19;0,00;0,00;0,00;0,17;0,00;0,00;392;42;173;24;26;465;714
7677;56,79;108,60;0,00;0,00;0,00;0,11;0,00;0,00;285;37;186;47;22;420;540
7678;54,88;-15,59;0,00;0,00;0,00;-0,02;0,00;0,00;337;28;10;34;33;951;673
7679;27,60;-149,78;0,00;0,00;0,00;-0,15;0,00;0,00;453;141;97;15;16;771;363
7680;49,49;-0,65;0,00;0,00;0,00;-0,00;0,00;0,00;457;98;197;20;31;961;939
7681;60,18;93,14;0,00;0,00;0,00;0,09;0,00;0,00;57;120;45;40;33;283;561
7682;58,23;92,93;0,00;0,00;0,00;0,09;0,00;0,00;483;173;166;48;17;830;253
7683;67,55;157,95;0,00;0,00;0,00;0,16;0,00;0,00;422;98;162;45;28;413;670
7684;29,04;-174,58;0,00;0,00;0,00;-0,17;0,00;0,00;226;187;172;43;17;879;805
7685;54,53;89,15;0,00;0,00;0,00;0,09;0,00;0,00;45;159;163;15;34;317;667
7686;50,70;-15,41;0,00;0,00;0,00;-0,02;0,00;0,00;277;53;55;16;24;272;659
7687;50,74;-5,98;0,00;0,00;0,00;-0,01;0,00;0,00;400;169;142;30;34;194;618
7688;54,62;68,90;0,00;0,00;0,00;0,07;0,00;0,00;298;48;69;16;32;406;680
7689;29,02;-196,12;0,00;0,00;0,00;-0,20;0,00;0,00;255;131;161;11;27;897;848
7690;17,54;-347,84;0,00;0,00;0,00;-0,35;0,00;0,00;447;133;23;27;19;929;428
7691;54,40;85,04;0,00;0,00;0,00;0,09;0,00;0,00;393;51;82;12;17;244;481
7692;44,00;-80,57;0,00;0,00;0,00;-0,08;0,00;0,00;368;143;186;33;36;162;804
7693;44,31;-7,32;0,00;0,00;0,00;-0,01;0,00;0,00;240;89;183;10;36;369;947
7694;41,46;-103,19;0,00;0,00;0,00;-0,10;0,00;0,00;483;142;115;37;23;530;775
7695;39,41;-124,90;0,00;0,00;0,00;-0,12;0,00;0,00;341;159;116;29;28;452;763
7696;41,07;10,96;0,00;0,00;0,00;0,01;0,00;0,00;134;15;97;19;23;380;247
7697;55,61;81,77;0,00;0,00;0,00;0,08;0,00;0,00;391;168;196;15;18;584;291
7698;59,19;133,59;0,00;0,00;0,00;0,13;0,00;0,00;355;81;154;20;26;750;550
7699;49,91;-75,00;0,00;0,00;0,00;-0,07;0,00;0,00;357;103;192;11;22;124;805
7700;38,17;-232,29;0,00;0,00;0,00;-0,23;0,00;0,00;238;16;34;14;26;358;969
7701;71,61;201,02;0,00;0,00;0,00;0,20;0,00;0,00;445;19;18;48;30;231;794
7702;58,02;-4,03;0,00;0,00;0,00;-0,00;0,00;0,00;280;195;166;28;15;306;393
7703;50,94;-0,48;0,00;0,00;0,00;-0,00;0,00;0,00;456;62;11;32;15;585;683
7704;54,62;113,09;0,00;0,00;0,00;0,11;0,00;0,00;220;124;154;11;27;351;111
7705;50,26;29,57;0,00;0,00;0,00;0,03;0,00;0,00;245;105;115;27;30;219;627
7706;47,14;-39,61;0,00;0,00;0,00;-0,04;0,00;0,00;121;116;13;44;20;632;973
7707;53,48;-17,86;0,00;0,00;0,00;-0,02;0,00;0,00;428;83;29;47;17;843;817
7708;60,89;188,14;0,00;0,00;0,00;0,19;0,00;0,00;80;183;75;30;16;992;275
7709;24,06;-250,90;0,00;0,00;0,00;-0,25;0,00;0,00;34;77;194;44;15;685;106
7710;46,67;-97,39;0,00;0,00;0,00;-0,10;0,00;0,00;496;199;172;34;23;129;103
7711;20,72;-317,21;0,00;0,00;0,00;-0,32;0,00;0,00;380;74;143;39;26;864;632
7712;58,85;125,68;0,00;0,00;0,00;0,13;0,00;0,00;205;146;130;23;34;990;533
7713;51,32;-44,45;0,00;0,00;0,00;-0,04;0,00;0,00;261;187;70;32;36;488;657
7714;55,11;107,46;0,00;0,00;0,00;0,11;0,00;0,00;355;112;150;42;25;367;123
7715;90,71;378,86;0,00;0,00;0,00;0,38;0,00;0,00;413;53;87;33;32;919;226
7716;41,96;2,31;0,00;0,00;0,00;0,00;0,00;0,00;71;130;70;27;23;600;439
7717;53,35;-23,63;0,00;0,00;0,00;-0,02;0,00;0,00;308;143;180;12;25;558;858
7718;35,53;-146,26;0,00;0,00;0,00;-0,15;0,00;0,00;77;162;81;30;39;180;862
7719;77,18;325,09;0,00;0,00;0,00;0,33;0,00;0,00;270;190;30;28;21;743;297
7720;40,75;-77,69;0,00;0,00;0,00;-0,08;0,00;0,00;211;83;55;43;29;272;929
7721;52,70;41,19;0,00;0,00;0,00;0,04;0,00;0,00;249;152;187;36;25;650;469
7722;42,87;-95,73;0,00;0,00;0,00;-0,10;0,00;0,00;493;57;70;45;33;695;796
7723;49,95;-28,01;0,00;0,00;0,00;-0,03;0,00;0,00;220;29;16;28;25;415;131
7724;33,33;-134,06;0,00;0,00;0,00;-0,13;0,00;0,00;390;130;192;15;19;827;616
7725;47,23;-14,92;0,00;0,00;0,00;-0,01;0,00;0,00;65;126;196;13;36;531;632
7726;47,48;-68,97;0,00;0,00;0,00;-0,07;0,00;0,00;143;21;89;23;38;748;935
7727;41,49;-133,77;0,00;0,00;0,00;-0,13;0,00;0,00;30;51;11;41;18;468;706
7728;24,15;-301,99;0,00;0,00;0,00;-0,30;0,00;0,00;427;116;170;41;30;396;702
7729;70,53;265,35;0,00;0,00;0,00;0,27;0,00;0,00;103;152;11;36;29;894;346
7730;69,10;231,14;0,00;0,00;0,00;0,23;0,00;0,00;46;141;21;21;37;340;519
7731;28,44;-214,84;0,00;0,00;0,00;-0,21;0,00;0,00;148;18;120;11;27;285;113
7732;46,17;25,53;0,00;0,00;0,00;0,03;0,00;0,00;264;99;119;23;32;730;178
7733;54,10;68,06;0,00;0,00;0,00;0,07;0,00;0,00;320;127;27;32;37;471;451
7734;30,97;-226,19;0,00;0,00;0,00;-0,23;0,00;0,00;201;131;83;12;22;602;673
7735;69,97;259,91;0,00;0,00;0,00;0,26;0,00;0,00;184;130;131;23;39;110;919
7736;22,33;-161,69;0,00;0,00;0,00;-0,16;0,00;0,00;198;150;118;20;15;797;577
7737;29,64;-247,92;0,00;0,00;0,00;-0,25;0,00;0,00;52;183;177;16;21;667;679
7738;37,44;-94,34;0,00;0,00;0,00;-0,09;0,00;0,00;328;61;103;39;20;734;447
7739;59,29;60,10;0,00;0,00;0,00;0,06;0,00;0,00;342;158;22;17;20;701;914
7740;23,96;-291,92;0,00;0,00;0,00;-0,29;0,00;0,00;357;118;83;26;32;792;125
7741;23,79;-258,63;0,00;0,00;0,00;-0,26;0,00;0,00;300;196;121;25;38;186;812
7742;43,19;-22,81;0,00;0,00;0,00;-0,02;0,00;0,00;187;180;87;19;20;423;250
7743;57,43;165,28;0,00;0,00;0,00;0,17;0,00;0,00;497;12;164;42;30;304;163
7744;18,05;-330,41;0,00;0,00;0,00;-0,33;0,00;0,00;22;171;28;46;19;335;782
7745;50,47;24,02;0,00;0,00;0,00;0,02;0,00;0,00;311;145;26;20;32;598;685
7746;62,19;141,14;0,00;0,00;0,00;0,14;0,00;0,00;278;160;118;25;18;634;943
7747;59,09;95,47;0,00;0,00;0,00;0,10;0,00;0,00;358;95;169;39;15;338;803
7748;50,36;26,12;0,00;0,00;0,00;0,03;0,00;0,00;329;118;127;37;28;442;438
7749;47,46;-14,98;0,00;0,00;0,00;-0,01;0,00;0,00;29;22;15;49;21;937;126
7750;27,46;-276,12;0,00;0,00;0,00;-0,28;0,00;0,00;67;173;175;21;18;946;555
7751;29,38;-250,04;0,00;0,00;0,00;-0,25;0,00;0,00;257;52;103;15;18;517;108
7752;56,73;122,31;0,00;0,00;0,00;0,12;0,00;0,00;292;67;79;24;17;865;169
7753;61,42;156,52;0,00;0,00;0,00;0,16;0,00;0,00;360;80;13;39;39;624;215
7754;59,24;69,61;0,00;0,00;0,00;0,07;0,00;0,00;153;25;151;12;23;760;259
7755;40,94;-77,87;0,00;0,00;0,00;-0,08;0,00;0,00;68;156;44;18;37;382;956
7756;66,36;239,05;0,00;0,00;0,00;0,24;0,00;0,00;298;59;11;25;18;864;821
7757;70,76;209,04;0,00;0,00;0,00;0,21;0,00;0,00;337;150;45;49;16;795;221
7758;26,12;-249,43;0,00;0,00;0,00;-0,25;0,00;0,00;231;74;154;45;36;407;465
7759;40,89;-152,87;0,00;0,00;0,00;-0,15;0,00;0,00;119;147;125;36;24;785;340
7760;89,64;413,19;0,00;0,00;0,00;0,41;0,00;0,00;396;84;148;23;19;656;949
7761;51,18;-32,14;0,00;0,00;0,00;-0,03;0,00;0,00;102;12;121;36;32;587;441
7762;37,70;-37,58;0,00;0,00;0,00;-0,04;0,00;0,00;459;52;150;32;30;648;108
7763;22,38;-280,28;0,00;0,00;0,00;-0,28;0,00;0,00;28;104;90;32;17;637;130
7764;41,72;-135,66;0,00;0,00;0,00;-0,14;0,00;0,00;220;74;136;20;21;987;415
7765;44,38;26,49;0,00;0,00;0,00;0,03;0,00;0,00;31;68;43;24;16;496;877
7766;48,32;-50,69;0,00;0,00;0,00;-0,05;0,00;0,00;140;154;137;21;30;130;367
7767;34,87;-138,59;0,00;0,00;0,00;-0,14;0,00;0,00;497;82;136;23;27;731;177
7768;58,73;150,73;0,00;0,00;0,00;0,15;0,00;0,00;433;91;165;20;38;776;690
7769;80,56;325,91;0,00;0,00;0,00;0,33;0,00;0,00;233;35;164;13;22;989;644
7770;55,59;124,63;0,00;0,00;0,00;0,12;0,00;0,00;42;65;122;19;26;630;133
7771;63,43;128,45;0,00;0,00;0,00;0,13;0,00;0,00;413;81;109;41;29;305;551
7772;27,04;-224,32;0,00;0,00;0,00;-0,22;0,00;0,00;284;100;86;45;36;223;350
7773;55,22;-38,54;0,00;0,00;0,00;-0,04;0,00;0,00;223;126;195;13;22;427;602
7774;41,81;-102,25;0,00;0,00;0,00;-0,10;0,00;0,00;205;73;83;45;21;971;615
7775;40,20;-82,22;0,00;0,00;0,00;-0,08;0,00;0,00;299;41;50;39;30;231;475
7776;50,76;-22,99;0,00;0,00;0,00;-0,02;0,00;0,00;378;27;26;48;16;527;328
7777;47,72;-44,08;0,00;0,00;0,00;-0,04;0,00;0,00;411;73;147;36;30;765;611
7778;59,75;27,12;0,00;0,00;0,00;0,03;0,00;0,00;128;141;162;49;24;315;729
7779;35,76;-185,43;0,00;0,00;0,00;-0,19;0,00;0,00;384;181;142;10;19;803;435
7780;62,15;161,31;0,00;0,00;0,00;0,16;0,00;0,00;381;86;113;42;33;777;629
7781;24,19;-227,86;0,00;0,00;0,00;-0,23;0,00;0,00;278;21;85;49;28;898;355
7782;35,90;-147,06;0,00;0,00;0,00;-0,15;0,00;0,00;196;49;22;23;32;209;400
7783;55,74;13,47;0,00;0,00;0,00;0,01;0,00;0,00;114;139;136;20;26;492;743
7784;51,01;40,85;0,00;0,00;0,00;0,04;0,00;0,00;238;90;149;35;16;284;687
7785;77,46;382,25;0,00;0,00;0,00;0,38;0,00;0,00;231;196;78;46;19;980;884
7786;39,31;-85,01;0,00;0,00;0,00;-0,09;0,00;0,00;364;140;121;10;30;436;576
7787;47,47;-51,41;0,00;0,00;0,00;-0,05;0,00;0,00;154;20;53;20;25;933;401
7788;36,43;-83,46;0,00;0,00;0,00;-0,08;0,00;0,00;303;34;51;25;28;965;245
7789;48,97;-52,66;0,00;0,00;0,00;-0,05;0,00;0,00;248;22;77;15;15;109;189
7790;38,26;-202,43;0,00;0,00;0,00;-0,20;0,00;0,00;481;83;68;49;18;243;260
7791;59,40;97,82;0,00;0,00;0,00;0,10;0,00;0,00;367;174;82;19;28;447;162
7792;60,71;121,39;0,00;0,00;0,00;0,12;0,00;0,00;11;18;191;11;16;947;312
7793;27,59;-142,15;0,00;0,00;0,00;-0,14;0,00;0,00;391;137;93;47;24;393;795
7794;43,41;19,96;0,00;0,00;0,00;0,02;0,00;0,00;125;130;129;26;33;357;332
7795;85,77;278,76;0,00;0,00;0,00;0,28;0,00;0,00;463;68;74;46;25;734;467
7796;92,13;480,96;0,00;0,00;0,00;0,48;0,00;0,00;151;191;190;12;28;254;661
7797;41,60;-9,32;0,00;0,00;0,00;-0,01;0,00;0,00;451;48;16;37;16;271;189
7798;38,76;-57,46;0,00;0,00;0,00;-0,06;0,00;0,00;106;112;109;32;23;974;125
7799;71,77;244,02;0,00;0,00;0,00;0,24;0,00;0,00;483;179;90;16;38;947;555
7800;59,64;82,63;0,00;0,00;0,00;0,08;0,00;0,00;465;98;86;24;26;741;684
7801;29,88;-160,58;0,00;0,00;0,00;-0,16;0,00;0,00;327;172;55;43;30;296;514
7802;50,13;111,06;0,00;0,00;0,00;0,11;0,00;0,00;376;84;117;11;35;763;681
7803;75,52;286,06;0,00;0,00;0,00;0,29;0,00;0,00;158;116;108;22;18;496;430
7804;39,95;-104,81;0,00;0,00;0,00;-0,10;0,00;0,00;216;123;162;30;22;413;591
7805;40,14;-133,19;0,00;0,00;0,00;-0,13;0,00;0,00;363;42;104;15;21;941;833
7806;35,72;-166,21;0,00;0,00;0,00;-0,17;0,00;0,00;59;62;199;30;35;120;560
7807;85,09;308,02;0,00;0,00;0,00;0,31;0,00;0,00;295;180;186;31;32;155;554
7808;50,70;-35,56;0,00;0,00;0,00;-0,04;0,00;0,00;436;196;170;23;35;144;492
7809;59,08;135,48;0,00;0,00;0,00;0,14;0,00;0,00;323;62;141;10;39;291;309
7810;50,72;-24,23;0,00;0,00;0,00;-0,02;0,00;0,00;299;114;144;21;26;974;225
7811;57,70;95,90;0,00;0,00;0,00;0,10;0,00;0,00;363;82;44;42;17;106;127
7812;60,61;54,02;0,00;0,00;0,00;0,05;0,00;0,00;387;188;84;33;31;633;888
7813;47,53;-28,68;0,00;0,00;0,00;-0,03;0,00;0,00;141;183;161;33;37;452;271
7814;56,54;133,28;0,00;0,00;0,00;0,13;0,00;0,00;139;121;103;21;21;252;400
7815;42,47;-86,26;0,00;0,00;0,00;-0,09;0,00;0,00;22;102;173;31;15;626;617
7816;12,71;-418,89;0,00;0,00;0,00;-0,42;0,00;0,00;67;40;127;38;28;226;128
7817;38,76;-214,50;0,00;0,00;0,00;-0,21;0,00;0,00;286;173;133;29;24;173;950
7818;50,82;-31,72;0,00;0,00;0,00;-0,03;0,00;0,00;336;78;100;19;36;298;440
7819;60,51;56,84;0,00;0,00;0,00;0,06;0,00;0,00;29;193;144;26;22;766;352
7820;20,70;-271,53;0,00;0,00;0,00;-0,27;0,00;0,00;477;105;163;37;18;476;363
7821;65,50;162,38;0,00;0,00;0,00;0,16;0,00;0,00;394;149;36;39;38;925;934
7822;20,46;-297,57;0,00;0,00;0,00;-0,30;0,00;0,00;418;155;131;38;26;514;928
7823;49,59;-9,93;0,00;0,00;0,00;-0,01;0,00;0,00;315;158;171;36;27;175;463
7824;44,46;-197,72;0,00;0,00;0,00;-0,20;0,00;0,00;365;97;184;34;23;212;264
7825;35,58;-127,73;0,00;0,00;0,00;-0,13;0,00;0,00;239;35;77;25;38;999;287
7826;75,90;254,47;0,00;0,00;0,00;0,25;0,00;0,00;483;94;65;22;28;523;999
7827;46,63;28,85;0,00;0,00;0,00;0,03;0,00;0,00;374;54;77;28;38;532;459
7828;56,37;68,03;0,00;0,00;0,00;0,07;0,00;0,00;171;16;133;12;26;106;452
7829;37,44;-57,11;0,00;0,00;0,00;-0,06;0,00;0,00;105;76;160;48;33;757;500
7830;62,07;137,33;0,00;0,00;0,00;0,14;0,00;0,00;175;138;55;22;21;229;821
7831;45,21;-15,16;0,00;0,00;0,00;-0,02;0,00;0,00;241;151;33;45;22;198;351
7832;50,38;74,48;0,00;0,00;0,00;0,07;0,00;0,00;53;178;109;22;38;918;298
7833;56,21;107,55;0,00;0,00;0,00;0,11;0,00;0,00;117;194;69;33;33;378;511
7834;39,66;-61,43;0,00;0,00;0,00;-0,06;0,00;0,00;41;128;69;36;39;441;263
7835;88,97;393,22;0,00;0,00;0,00;0,39;0,00;0,00;67;55;189;12;23;288;739
7836;42,71;-49,05;0,00;0,00;0,00;-0,05;0,00;0,00;375;39;47;46;25;397;611
7837;61,24;75,17;0,00;0,00;0,00;0,08;0,00;0,00;361;77;40;29;22;977;507
7838;29,75;-247,06;0,00;0,00;0,00;-0,25;0,00;0,00;335;167;198;10;28;763;605
7839;14,20;-258,58;0,00;0,00;0,00;-0,26;0,00;0,00;477;54;146;30;33;313;118
7840;48,81;-13,52;0,00;0,00;0,00;-0,01;0,00;0,00;51;31;75;17;23;448;889
7841;50,89;19,15;0,00;0,00;0,00;0,02;0,00;0,00;209;187;152;44;19;244;377
7842;42,31;-189,69;0,00;0,00;0,00;-0,19;0,00;0,00;71;61;110;17;39;612;579
7843;41,44;-10,95;0,00;0,00;0,00;-0,01;0,00;0,00;216;90;97;13;21;485;949
7844;23,41;-209,02;0,00;0,00;0,00;-0,21;0,00;0,00;482;42;86;14;18;117;148
7845;51,76;-7,06;0,00;0,00;0,00;-0,01;0,00;0,00;441;106;115;21;39;186;162
7846;63,98;164,91;0,00;0,00;0,00;0,16;0,00;0,00;15;187;106;17;16;960;881
7847;62,05;83,53;0,00;0,00;0,00;0,08;0,00;0,00;421;75;52;14;25;967;421
7848;39,69;-15,87;0,00;0,00;0,00;-0,02;0,00;0,00;123;107;94;28;34;965;215
7849;72,36;234,27;0,00;0,00;0,00;0,23;0,00;0,00;199;181;34;34;28;454;784
7850;46,63;11,58;0,00;0,00;0,00;0,01;0,00;0,00;215;39;103;20;25;216;757
7851;48,21;-138,64;0,00;0,00;0,00;-0,14;0,00;0,00;235;153;35;14;35;560;985
7852;36,58;-83,69;0,00;0,00;0,00;-0,08;0,00;0,00;61;160;102;21;18;401;927
7853;70,48;134,58;0,00;0,00;0,00;0,13;0,00;0,00;361;103;127;47;31;338;597
7854;33,03;-205,26;0,00;0,00;0,00;-0,21;0,00;0,00;397;163;132;32;23;808;969
7855;41,58;-58,77;0,00;0,00;0,00;-0,06;0,00;0,00;407;156;91;16;31;546;697
7856;32,26;-168,66;0,00;0,00;0,00;-0,17;0,00;0,00;204;105;125;17;39;975;564
7857;33,86;-93,19;0,00;0,00;0,00;-0,09;0,00;0,00;129;80;156;10;36;818;386
7858;51,17;-12,82;0,00;0,00;0,00;-0,01;0,00;0,00;251;16;161;37;35;615;967
7859;46,27;-104,70;0,00;0,00;0,00;-0,10;0,00;0,00;346;45;166;45;27;342;104
7860;57,44;120,06;0,00;0,00;0,00;0,12;0,00;0,00;453;37;19;31;21;288;354
7861;42,94;-85,67;0,00;0,00;0,00;-0,09;0,00;0,00;104;54;131;29;39;321;726
7862;32,45;-114,78;0,00;0,00;0,00;-0,11;0,00;0,00;323;144;123;31;39;792;874
7863;51,63;-122,31;0,00;0,00;0,00;-0,12;0,00;0,00;431;107;34;26;26;835;624
7864;31,21;-103,63;0,00;0,00;0,00;-0,10;0,00;0,00;46;35;185;29;27;432;699
7865;44,63;-112,27;0,00;0,00;0,00;-0,11;0,00;0,00;458;48;179;42;17;601;257
7866;37,32;-33,44;0,00;0,00;0,00;-0,03;0,00;0,00;226;56;188;24;24;767;121
7867;47,26;22,30;0,00;0,00;0,00;0,02;0,00;0,00;54;38;100;25;36;462;928
7868;64,65;141,73;0,00;0,00;0,00;0,14;0,00;0,00;323;193;34;25;39;407;835
7869;60,25;176,63;0,00;0,00;0,00;0,18;0,00;0,00;145;139;62;43;23;667;908
7870;70,68;332,22;0,00;0,00;0,00;0,33;0,00;0,00;300;62;158;39;32;843;624
7871;62,43;177,24;0,00;0,00;0,00;0,18;0,00;0,00;33;14;162;22;15;321;152
7872;73,53;261,18;0,00;0,00;0,00;0,26;0,00;0,00;425;41;123;42;32;157;448
7873;97,13;510,12;0,00;0,00;0,00;0,51;0,00;0,00;328;138;156;42;36;201;278
7874;54,58;74,28;0,00;0,00;0,00;0,07;0,00;0,00;497;196;12;12;23;513;323
7875;72,13;156,88;0,00;0,00;0,00;0,16;0,00;0,00;183;85;183;47;27;408;939
7876;36,20;-63,29;0,00;0,00;0,00;-0,06;0,00;0,00;447;78;59;31;15;735;918
7877;65,90;277,68;0,00;0,00;0,00;0,28;0,00;0,00;179;75;116;12;23;117;788
7878;66,46;243,32;0,00;0,00;0,00;0,24;0,00;0,00;429;24;117;47;28;505;826
7879;44,23;-44,14;0,00;0,00;0,00;-0,04;0,00;0,00;416;140;133;26;24;801;591
7880;77,81;277,26;0,00;0,00;0,00;0,28;0,00;0,00;392;13;56;44;39;732;546
7881;51,64;-21,18;0,00;0,00;0,00;-0,02;0,00;0,00;73;30;173;13;20;930;456
7882;35,01;-229,65;0,00;0,00;0,00;-0,23;0,00;0,00;476;130;176;36;28;654;681
7883;70,29;173,45;0,00;0,00;0,00;0,17;0,00;0,00;41;134;14;10;30;609;926
7884;42,17;-173,08;0,00;0,00;0,00;-0,17;0,00;0,00;246;172;161;33;38;628;630
7885;63,16;191,17;0,00;0,00;0,00;0,19;0,00;0,00;495;102;193;35;36;813;367
7886;53,10;-7,05;0,00;0,00;0,00;-0,01;0,00;0,00;290;119;145;11;37;692;357
7887;43,47;-70,94;0,00;0,00;0,00;-0,07;0,00;0,00;310;40;133;21;18;321;950
7888;46,89;-109,17;0,00;0,00;0,00;-0,11;0,00;0,00;129;127;16;15;35;710;849
7889;60,77;155,66;0,00;0,00;0,00;0,16;0,00;0,00;23;63;179;41;18;812;161
7890;38,64;-96,80;0,00;0,00;0,00;-0,10;0,00;0,00;117;45;171;18;38;892;391
7891;41,83;-71,52;0,00;0,00;0,00;-0,07;0,00;0,00;377;176;60;37;37;171;672
7892;29,81;-226,45;0,00;0,00;0,00;-0,23;0,00;0,00;81;190;94;38;25;771;946
7893;53,12;73,73;0,00;0,00;0,00;0,07;0,00;0,00;72;100;112;31;27;775;355
7894;78,15;164,76;0,00;0,00;0,00;0,16;0,00;0,00;429;107;87;39;18;597;253
7895;39,33;-123,26;0,00;0,00;0,00;-0,12;0,00;0,00;186;97;115;28;33;825;314
7896;51,38;22,82;0,00;0,00;0,00;0,02;0,00;0,00;104;45;66;35;21;400;599
7897;39,42;-164,12;0,00;0,00;0,00;-0,16;0,00;0,00;41;163;32;16;37;829;912
7898;59,68;73,67;0,00;0,00;0,00;0,07;0,00;0,00;469;18;167;44;25;689;269
7899;47,13;57,07;0,00;0,00;0,00;0,06;0,00;0,00;87;131;22;10;37;450;143
7900;18,30;-161,40;0,00;0,00;0,00;-0,16;0,00;0,00;443;75;39;11;19;984;525
7901;72,58;210,92;0,00;0,00;0,00;0,21;0,00;0,00;230;136;181;42;16;835;447
7902;44,60;-131,79;0,00;0,00;0,00;-0,13;0,00;0,00;36;98;97;12;15;638;754
7903;58,01;133,60;0,00;0,00;0,00;0,13;0,00;0,00;314;178;27;49;31;639;374
7904;65,19;180,35;0,00;0,00;0,00;0,18;0,00;0,00;321;43;70;35;28;121;508
7905;34,60;-107,95;0,00;0,00;0,00;-0,11;0,00;0,00;191;20;12;37;27;650;796
7906;39,34;-161,59;0,00;0,00;0,00;-0,16;0,00;0,00;342;112;64;20;30;156;222
7907;43,24;-133,72;0,00;0,00;0,00;-0,13;0,00;0,00;101;199;120;23;35;852;625
7908;53,13;6,33;0,00;0,00;0,00;0,01;0,00;0,00;286;158;136;46;32;154;458
7909;41,08;-124,53;0,00;0,00;0,00;-0,12;0,00;0,00;349;20;89;34;34;324;839
7910;35,65;-131,72;0,00;0,00;0,00;-0,13;0,00;0,00;486;144;102;43;29;370;537
7911;59,81;89,53;0,00;0,00;0,00;0,09;0,00;0,00;354;104;97;44;24;891;657
7912;43,10;-87,50;0,00;0,00;0,00;-0,09;0,00;0,00;383;95;76;16;20;108;362
7913;35,44;-138,46;0,00;0,00;0,00;-0,14;0,00;0,00;159;148;126;25;20;344;285
7914;68,46;94,74;0,00;0,00;0,00;0,09;0,00;0,00;182;63;163;31;28;118;721
7915;26,10;-216,59;0,00;0,00;0,00;-0,22;0,00;0,00;30;164;68;30;21;529;969
7916;60,06;129,02;0,00;0,00;0,00;0,13;0,00;0,00;141;107;117;47;38;138;435
7917;62,09;232,36;0,00;0,00;0,00;0,23;0,00;0,00;465;182;53;27;33;676;877
7918;54,04;65,60;0,00;0,00;0,00;0,07;0,00;0,00;56;117;160;48;27;633;540
7919;45,49;-67,38;0,00;0,00;0,00;-0,07;0,00;0,00;220;128;120;48;24;380;145
7920;47,33;-100,20;0,00;0,00;0,00;-0,10;0,00;0,00;436;30;171;35;28;525;848
7921;53,17;-19,58;0,00;0,00;0,00;-0,02;0,00;0,00;150;155;22;15;24;925;614
7922;83,20;399,54;0,00;0,00;0,00;0,40;0,00;0,00;231;51;89;25;20;486;797
7923;47,28;9,20;0,00;0,00;0,00;0,01;0,00;0,00;400;134;36;30;16;830;823
7924;21,47;-283,86;0,00;0,00;0,00;-0,28;0,00;0,00;294;102;159;20;35;680;988
7925;68,67;253,57;0,00;0,00;0,00;0,25;0,00;0,00;119;151;107;22;27;304;458
7926;57,91;99,46;0,00;0,00;0,00;0,10;0,00;0,00;209;181;110;31;34;698;846
7927;48,57;1,38;0,00;0,00;0,00;0,00;0,00;0,00;259;132;110;25;21;690;763
7928;55,60;110,03;0,00;0,00;0,00;0,11;0,00;0,00;258;83;47;17;30;498;698
7929;43,32;-63,97;0,00;0,00;0,00;-0,06;0,00;0,00;374;117;165;45;25;921;948
7930;38,46;-61,92;0,00;0,00;0,00;-0,06;0,00;0,00;416;39;142;40;24;195;553
7931;54,05;-14,10;0,00;0,00;0,00;-0,01;0,00;0,00;453;26;146;22;22;803;755
7932;44,62;2,56;0,00;0,00;0,00;0,00;0,00;0,00;19;121;115;43;34;235;802
7933;14,30;-340,29;0,00;0,00;0,00;-0,34;0,00;0,00;93;142;91;45;20;821;659
7934;42,40;34,23;0,00;0,00;0,00;0,03;0,00;0,00;486;148;81;14;16;864;538
7935;38,75;-59,73;0,00;0,00;0,00;-0,06;0,00;0,00;88;176;104;46;30;549;412
7936;62,22;137,90;0,00;0,00;0,00;0,14;0,00;0,00;310;93;125;44;36;494;219
7937;38,83;-122,57;0,00;0,00;0,00;-0,12;0,00;0,00;198;32;71;46;20;785;846
7938;53,70;-0,91;0,00;0,00;0,00;-0,00;0,00;0,00;345;23;39;37;33;324;371
7939;42,74;-81,25;0,00;0,00;0,00;-0,08;0,00;0,00;114;15;83;22;23;290;419
7940;61,02;99,96;0,00;0,00;0,00;0,10;0,00;0,00;155;47;182;48;39;729;397
7941;81,05;345,55;0,00;0,00;0,00;0,35;0,00;0,00;202;24;149;36;30;125;634
7942;76,23;322,76;0,00;0,00;0,00;0,32;0,00;0,00;203;150;114;39;19;314;679
7943;45,80;-9,52;0,00;0,00;0,00;-0,01;0,00;0,00;223;60;129;26;35;885;862
7944;31,80;-140,20;0,00;0,00;0,00;-0,14;0,00;0,00;493;185;105;12;16;669;997
7945;54,12;48,73;0,00;0,00;0,00;0,05;0,00;0,00;401;14;153;27;32;519;991
7946;68,87;140,28;0,00;0,00;0,00;0,14;0,00;0,00;250;92;36;48;19;986;166
7947;49,03;-40,21;0,00;0,00;0,00;-0,04;0,00;0,00;86;86;89;27;28;980;333
7948;54,79;2,25;0,00;0,00;0,00;0,00;0,00;0,00;85;194;154;29;34;483;935
7949;38,64;-111,60;0,00;0,00;0,00;-0,11;0,00;0,00;22;142;14;21;37;164;934
7950;60,53;90,09;0,00;0,00;0,00;0,09;0,00;0,00;383;35;157;45;29;294;135
7951;24,89;-294,36;0,00;0,00;0,00;-0,29;0,00;0,00;247;122;18;24;21;383;755
7952;45,73;-73,77;0,00;0,00;0,00;-0,07;0,00;0,00;267;76;145;49;18;221;352
7953;51,67;36,44;0,00;0,00;0,00;0,04;0,00;0,00;227;193;47;16;30;936;985
7954;60,37;159,21;0,00;0,00;0,00;0,16;0,00;0,00;354;22;61;13;21;238;385
7955;74,44;434,86;0,00;0,00;0,00;0,43;0,00;0,00;65;31;65;11;37;149;554
7956;22,46;-250,09;0,00;0,00;0,00;-0,25;0,00;0,00;40;146;160;38;22;379;173
7957;39,42;-42,62;0,00;0,00;0,00;-0,04;0,00;0,00;280;105;61;18;31;180;472
7958;33,46;-124,73;0,00;0,00;0,00;-0,12;0,00;0,00;85;92;74;24;18;854;294
7959;42,03;-55,13;0,00;0,00;0,00;-0,06;0,00;0,00;321;179;83;41;37;900;177
7960;26,95;-271,87;0,00;0,00;0,00;-0,27;0,00;0,00;74;194;96;39;31;519;378
7961;24,49;-249,42;0,00;0,00;0,00;-0,25;0,00;0,00;130;58;88;46;24;708;712
7962;75,22;260,45;0,00;0,00;0,00;0,26;0,00;0,00;421;79;51;45;39;676;985
7963;44,24;-46,49;0,00;0,00;0,00;-0,05;0,00;0,00;291;92;74;31;33;368;592
7964;62,27;100,67;0,00;0,00;0,00;0,10;0,00;0,00;215;69;161;13;37;973;809
7965;37,46;-180,24;0,00;0,00;0,00;-0,18;0,00;0,00;134;98;30;20;21;972;272
7966;48,04;-73,28;0,00;0,00;0,00;-0,07;0,00;0,00;280;43;111;21;37;651;887
7967;51,70;-37,99;0,00;0,00;0,00;-0,04;0,00;0,00;200;18;95;48;24;464;988
7968;63,22;131,48;0,00;0,00;0,00;0,13;0,00;0,00;404;81;151;41;24;218;172
7969;57,27;84,80;0,00;0,00;0,00;0,08;0,00;0,00;481;95;184;44;17;237;365
7970;35,66;-74,05;0,00;0,00;0,00;-0,07;0,00;0,00;283;135;197;47;24;337;967
7971;19,34;-361,16;0,00;0,00;0,00;-0,36;0,00;0,00;209;145;15;30;24;755;108
7972;49,37;20,57;0,00;0,00;0,00;0,02;0,00;0,00;389;191;117;27;37;614;203
7973;49,19;-31,71;0,00;0,00;0,00;-0,03;0,00;0,00;313;76;42;21;16;178;856
7974;47,97;24,40;0,00;0,00;0,00;0,02;0,00;0,00;427;151;179;19;29;892;982
7975;57,66;38,33;0,00;0,00;0,00;0,04;0,00;0,00;227;14;66;26;37;991;715
7976;51,68;35,81;0,00;0,00;0,00;0,04;0,00;0,00;371;42;164;33;22;484;781
7977;25,67;-202,79;0,00;0,00;0,00;-0,20;0,00;0,00;186;28;106;33;20;834;715
7978;31,17;-282,15;0,00;0,00;0,00;-0,28;0,00;0,00;471;23;166;38;24;893;394
7979;36,71;-159,97;0,00;0,00;0,00;-0,16;0,00;0,00;152;111;120;21;29;193;702
7980;63,15;163,94;0,00;0,00;0,00;0,16;0,00;0,00;130;61;40;24;20;715;525
7981;47,59;32,09;0,00;0,00;0,00;0,03;0,00;0,00;104;156;181;36;25;818;337
7982;27,04;-193,85;0,00;0,00;0,00;-0,19;0,00;0,00;117;70;39;26;29;675;936
7983;37,69;-118,81;0,00;0,00;0,00;-0,12;0,00;0,00;219;151;107;36;27;614;834
7984;41,93;-21,96;0,00;0,00;0,00;-0,02;0,00;0,00;52;145;52;32;33;352;412
7985;60,04;124,31;0,00;0,00;0,00;0,12;0,00;0,00;294;146;83;13;37;994;943
7986;51,36;-1,46;0,00;0,00;0,00;-0,00;0,00;0,00;457;31;44;48;21;133;528
7987;60,31;65,98;0,00;0,00;0,00;0,07;0,00;0,00;474;159;116;31;31;784;300
7988;48,81;6,34;0,00;0,00;0,00;0,01;0,00;0,00;145;171;122;40;31;551;480
7989;69,10;164,91;0,00;0,00;0,00;0,16;0,00;0,00;468;110;21;26;18;299;891
7990;30,23;-226,68;0,00;0,00;0,00;-0,23;0,00;0,00;255;164;48;24;35;946;729
7991;50,22;-90,39;0,00;0,00;0,00;-0,09;0,00;0,00;404;26;156;22;35;170;335
7992;51,47;-4,35;0,00;0,00;0,00;-0,00;0,00;0,00;355;82;121;27;27;408;889
7993;78,16;360,11;0,00;0,00;0,00;0,36;0,00;0,00;21;189;199;14;24;538;602
7994;45,45;-10,34;0,00;0,00;0,00;-0,01;0,00;0,00;474;68;59;45;21;646;159
7995;25,52;-258,38;0,00;0,00;0,00;-0,26;0,00;0,00;59;166;184;14;34;279;336
7996;57,97;92,31;0,00;0,00;0,00;0,09;0,00;0,00;181;117;16;29;26;479;649
7997;64,75;193,52;0,00;0,00;0,00;0,19;0,00;0,00;469;75;173;12;19;801;762
7998;35,32;-136,18;0,00;0,00;0,00;-0,14;0,00;0,00;386;113;125;31;38;912;145
7999;40,85;-105,53;0,00;0,00;0,00;-0,11;0,00;0,00;416;36;72;38;34;235;454
8000;56,54;122,51;0,00;0,00;0,00;0,12;0,00;0,00;115;92;124;27;22;868;662
8001;15,44;-400,10;0,00;0,00;0,00;-0,40;0,00;0,00;96;110;44;31;37;406;966
8002;41,69;-62,32;0,00;0,00;0,00;-0,06;0,00;0,00;487;199;148;45;25;391;644
8003;47,93;-15,21;0,00;0,00;0,00;-0,02;0,00;0,00;246;27;28;15;26;221;710
8004;67,42;154,43;0,00;0,00;0,00;0,15;0,00;0,00;427;109;183;34;18;823;540
8005;53,42;-20,50;0,00;0,00;0,00;-0,02;0,00;0,00;310;59;169;29;21;610;117
8006;45,23;-92,23;0,00;0,00;0,00;-0,09;0,00;0,00;461;198;123;47;32;653;852
8007;47,16;-8,71;0,00;0,00;0,00;-0,01;0,00;0,00;408;80;31;39;38;320;421
8008;44,83;-73,10;0,00;0,00;0,00;-0,07;0,00;0,00;440;149;43;33;39;117;837
8009;49,72;8,70;0,00;0,00;0,00;0,01;0,00;0,00;249;72;130;41;16;919;345
8010;60,59;104,36;0,00;0,00;0,00;0,10;0,00;0,00;265;89;147;11;20;650;238
8011;51,45;131,24;0,00;0,00;0,00;0,13;0,00;0,00;391;26;140;25;21;694;817
8012;22,43;-340,08;0,00;0,00;0,00;-0,34;0,00;0,00;177;66;92;33;21;685;727
8013;65,15;166,60;0,00;0,00;0,00;0,17;0,00;0,00;366;180;155;49;34;201;466
8014;29,53;-233,56;0,00;0,00;0,00;-0,23;0,00;0,00;427;91;105;26;26;947;476
8015;36,89;-137,14;0,00;0,00;0,00;-0,14;0,00;0,00;58;149;174;35;21;560;100
8016;66,24;131,39;0,00;0,00;0,00;0,13;0,00;0,00;434;36;88;21;29;929;161
8017;13,52;-407,21;0,00;0,00;0,00;-0,41;0,00;0,00;130;150;73;42;23;867;322
8018;31,67;-195,84;0,00;0,00;0,00;-0,20;0,00;0,00;112;102;89;21;15;553;277
8019;51,32;37,38;0,00;0,00;0,00;0,04;0,00;0,00;171;186;17;34;33;732;448
8020;59,69;84,09;0,00;0,00;0,00;0,08;0,00;0,00;86;54;126;21;17;387;984
8021;48,89;15,91;0,00;0,00;0,00;0,02;0,00;0,00;78;150;122;37;36;508;564
8022;19,36;-280,57;0,00;0,00;0,00;-0,28;0,00;0,00;88;157;67;22;25;330;530
8023;66,31;32,06;0,00;0,00;0,00;0,03;0,00;0,00;233;90;158;29;15;415;991
8024;46,99;18,78;0,00;0,00;0,00;0,02;0,00;0,00;450;173;138;38;37;303;483
8025;44,92;-136,16;0,00;0,00;0,00;-0,14;0,00;0,00;208;102;143;34;15;421;216
8026;62,22;110,39;0,00;0,00;0,00;0,11;0,00;0,00;417;72;149;19;28;428;776
8027;67,76;62,14;0,00;0,00;0,00;0,06;0,00;0,00;99;178;111;23;35;429;433
8028;54,69;70,02;0,00;0,00;0,00;0,07;0,00;0,00;278;144;70;45;26;644;670
8029;54,89;-8,00;0,00;0,00;0,00;-0,01;0,00;0,00;249;190;62;36;21;772;796
8030;54,62;86,35;0,00;0,00;0,00;0,09;0,00;0,00;108;92;93;18;26;966;346
8031;58,54;206,90;0,00;0,00;0,00;0,21;0,00;0,00;243;104;55;27;17;462;849
8032;55,82;-9,99;0,00;0,00;0,00;-0,01;0,00;0,00;207;24;149;40;36;103;653
8033;60,34;176,84;0,00;0,00;0,00;0,18;0,00;0,00;444;16;29;16;21;873;389
8034;28,74;-224,53;0,00;0,00;0,00;-0,22;0,00;0,00;457;90;89;14;17;250;243
8035;36,70;-157,77;0,00;0,00;0,00;-0,16;0,00;0,00;50;178;69;33;36;539;563
8036;38,34;-114,29;0,00;0,00;0,00;-0,11;0,00;0,00;331;52;150;16;25;107;568
8037;40,97;-98,34;0,00;0,00;0,00;-0,10;0,00;0,00;356;187;102;41;30;365;666
8038;46,87;-78,59;0,00;0,00;0,00;-0,08;0,00;0,00;472;165;128;44;34;223;556
8039;45,85;-3,64;0,00;0,00;0,00;-0,00;0,00;0,00;71;96;16;11;26;936;742
8040;51,35;99,56;0,00;0,00;0,00;0,10;0,00;0,00;147;79;122;32;21;726;663
8041;45,56;-17,34;0,00;0,00;0,00;-0,02;0,00;0,00;310;158;44;13;24;579;356
8042;23,67;-276,29;0,00;0,00;0,00;-0,28;0,00;0,00;484;51;184;49;23;441;312
8043;51,09;57,04;0,00;0,00;0,00;0,06;0,00;0,00;167;26;166;45;27;496;198
8044;65,45;141,60;0,00;0,00;0,00;0,14;0,00;0,00;49;198;86;49;27;921;121
8045;64,95;171,62;0,00;0,00;0,00;0,17;0,00;0,00;371;139;23;43;15;208;867
8046;28,00;-214,24;0,00;0,00;0,00;-0,21;0,00;0,00;56;127;52;11;33;889;374
8047;32,41;-157,22;0,00;0,00;0,00;-0,16;0,00;0,00;70;101;97;41;32;449;819
8048;65,53;189,67;0,00;0,00;0,00;0,19;0,00;0,00;333;30;24;14;21;204;604
8049;76,31;242,51;0,00;0,00;0,00;0,24;0,00;0,00;272;15;99;34;37;287;188
8050;47,84;-45,59;0,00;0,00;0,00;-0,05;0,00;0,00;81;110;18;37;19;775;987
8051;63,22;147,57;0,00;0,00;0,00;0,15;0,00;0,00;202;18;171;20;23;219;670
8052;57,31;94,78;0,00;0,00;0,00;0,09;0,00;0,00;443;18;98;26;25;824;449
8053;59,58;182,97;0,00;0,00;0,00;0,18;0,00;0,00;492;82;161;38;18;150;948
8054;60,36;107,70;0,00;0,00;0,00;0,11;0,00;0,00;217;53;85;30;20;289;922
8055;29,83;-222,87;0,00;0,00;0,00;-0,22;0,00;0,00;231;155;55;45;28;882;314
8056;29,86;-164,75;0,00;0,00;0,00;-0,16;0,00;0,00;268;34;34;42;17;743;802
8057;69,93;235,19;0,00;0,00;0,00;0,24;0,00;0,00;407;135;23;40;17;676;464
8058;27,60;-222,57;0,00;0,00;0,00;-0,22;0,00;0,00;337;148;138;19;38;627;780
8059;44,45;-157,55;0,00;0,00;0,00;-0,16;0,00;0,00;34;85;198;19;36;278;655
8060;70,81;255,16;0,00;0,00;0,00;0,26;0,00;0,00;73;12;134;14;20;938;345
8061;59,50;105,09;0,00;0,00;0,00;0,11;0,00;0,00;269;92;30;22;22;301;820
8062;49,44;24,72;0,00;0,00;0,00;0,02;0,00;0,00;391;171;117;18;21;462;866
8063;50,96;-87,05;0,00;0,00;0,00;-0,09;0,00;0,00;369;186;108;43;26;793;654
8064;48,29;-78,57;0,00;0,00;0,00;-0,08;0,00;0,00;366;46;56;13;35;850;767
8065;47,43;26,26;0,00;0,00;0,00;0,03;0,00;0,00;182;134;174;10;28;174;864
8066;36,80;-120,16;0,00;0,00;0,00;-0,12;0,00;0,00;196;79;181;42;36;554;304
8067;36,76;-65,89;0,00;0,00;0,00;-0,07;0,00;0,00;198;98;189;11;37;476;679
8068;53,39;36,98;0,00;0,00;0,00;0,04;0,00;0,00;431;58;197;16;19;826;456
8069;47,98;-7,43;0,00;0,00;0,00;-0,01;0,00;0,00;286;11;10;25;34;530;957
8070;61,84;135,96;0,00;0,00;0,00;0,14;0,00;0,00;426;46;80;18;18;520;963
8071;66,72;251,59;0,00;0,00;0,00;0,25;0,00;0,00;238;110;193;44;36;960;959
8072;52,62;-32,86;0,00;0,00;0,00;-0,03;0,00;0,00;343;29;152;22;31;212;832
8073;32,01;-180,92;0,00;0,00;0,00;-0,18;0,00;0,00;341;118;132;29;19;810;281
8074;48,38;-108,57;0,00;0,00;0,00;-0,11;0,00;0,00;294;121;28;38;28;646;943
8075;65,52;111,68;0,00;0,00;0,00;0,11;0,00;0,00;22;177;92;33;21;476;858
8076;24,08;-266,80;0,00;0,00;0,00;-0,27;0,00;0,00;98;55;36;44;37;140;830
8077;63,48;124,53;0,00;0,00;0,00;0,12;0,00;0,00;234;138;75;40;20;262;533
8078;78,11;235,36;0,00;0,00;0,00;0,24;0,00;0,00;144;150;122;10;35;450;754
8079;41,41;-193,00;0,00;0,00;0,00;-0,19;0,00;0,00;460;63;30;23;15;250;734
8080;56,67;107,55;0,00;0,00;0,00;0,11;0,00;0,00;26;119;96;27;21;613;954
8081;11,08;-504,91;0,00;0,00;0,00;-0,50;0,00;0,00;254;30;161;49;18;255;872
8082;47,33;28,00;0,00;0,00;0,00;0,03;0,00;0,00;412;156;119;31;21;408;544
8083;60,90;12,33;0,00;0,00;0,00;0,01;0,00;0,00;254;159;181;14;30;924;158
8084;37,75;-114,26;0,00;0,00;0,00;-0,11;0,00;0,00;379;20;133;18;19;795;420
8085;57,18;164,46;0,00;0,00;0,00;0,16;0,00;0,00;62;107;110;28;21;201;463
8086;85,75;487,88;0,00;0,00;0,00;0,49;0,00;0,00;352;163;181;17;31;876;149
8087;53,16;23,99;0,00;0,00;0,00;0,02;0,00;0,00;270;148;42;30;29;321;769
8088;41,78;-12,11;0,00;0,00;0,00;-0,01;0,00;0,00;213;14;101;15;36;382;314
8089;59,67;150,71;0,00;0,00;0,00;0,15;0,00;0,00;177;190;183;21;17;912;819
8090;69,16;220,78;0,00;0,00;0,00;0,22;0,00;0,00;170;156;91;21;27;390;969
8091;45,64;-25,60;0,00;0,00;0,00;-0,03;0,00;0,00;117;176;41;28;33;138;589
8092;52,17;-2,94;0,00;0,00;0,00;-0,00;0,00;0,00;111;67;45;43;20;581;724
8093;41,12;-74,31;0,00;0,00;0,00;-0,07;0,00;0,00;54;130;149;15;34;353;402
8094;46,74;-91,57;0,00;0,00;0,00;-0,09;0,00;0,00;341;110;156;24;16;647;677
8095;47,98;-11,65;0,00;0,00;0,00;-0,01;0,00;0,00;42;142;71;35;37;182;752
8096;58,76;90,57;0,00;0,00;0,00;0,09;0,00;0,00;127;74;70;14;34;324;580
8097;51,99;94,77;0,00;0,00;0,00;0,09;0,00;0,00;434;175;154;45;28;135;624
8098;38,47;-116,00;0,00;0,00;0,00;-0,12;0,00;0,00;321;98;45;24;23;937;797
8099;60,87;142,61;0,00;0,00;0,00;0,14;0,00;0,00;155;124;46;25;26;284;321
8100;69,34;218,42;0,00;0,00;0,00;0,22;0,00;0,00;202;61;132;33;26;995;764
8101;43,77;-98,24;0,00;0,00;0,00;-0,10;0,00;0,00;115;109;117;46;30;181;523
8102;33,63;-204,24;0,00;0,00;0,00;-0,20;0,00;0,00;173;162;164;18;18;924;636
8103;48,92;48,77;0,00;0,00;0,00;0,05;0,00;0,00;239;166;173;24;17;801;421
8104;43,62;-82,91;0,00;0,00;0,00;-0,08;0,00;0,00;229;16;45;10;18;565;242
8105;70,00;272,05;0,00;0,00;0,00;0,27;0,00;0,00;159;142;122;13;25;707;482
8106;78,78;254,76;0,00;0,00;0,00;0,25;0,00;0,00;226;172;170;16;23;457;973
8107;46,66;-11,62;0,00;0,00;0,00;-0,01;0,00;0,00;121;163;176;11;38;757;387
8108;43,14;-59,20;0,00;0,00;0,00;-0,06;0,00;0,00;232;119;157;21;30;910;469
8109;45,08;-172,54;0,00;0,00;0,00;-0,17;0,00;0,00;59;62;190;47;23;334;337
8110;48,14;52,48;0,00;0,00;0,00;0,05;0,00;0,00;227;119;189;32;27;140;464
8111;45,91;-87,20;0,00;0,00;0,00;-0,09;0,00;0,00;142;27;197;39;30;463;856
8112;45,34;-95,27;0,00;0,00;0,00;-0,10;0,00;0,00;34;134;68;31;29;570;164
8113;48,34;-184,19;0,00;0,00;0,00;-0,18;0,00;0,00;242;163;89;39;24;814;677
8114;41,11;-67,81;0,00;0,00;0,00;-0,07;0,00;0,00;372;62;132;31;39;934;777
8115;39,90;-100,40;0,00;0,00;0,00;-0,10;0,00;0,00;428;67;76;43;28;452;754
8116;68,91;114,12;0,00;0,00;0,00;0,11;0,00;0,00;135;189;105;20;37;945;652
8117;57,90;59,13;0,00;0,00;0,00;0,06;0,00;0,00;156;154;184;47;36;266;768
8118;65,69;139,85;0,00;0,00;0,00;0,14;0,00;0,00;305;156;90;46;26;773;291
8119;75,52;246,61;0,00;0,00;0,00;0,25;0,00;0,00;338;179;198;23;22;406;718
8120;27,80;-260,75;0,00;0,00;0,00;-0,26;0,00;0,00;26;151;55;12;20;870;449
8121;72,72;300,76;0,00;0,00;0,00;0,30;0,00;0,00;409;70;135;39;19;103;612
8122;55,86;73,71;0,00;0,00;0,00;0,07;0,00;0,00;66;15;143;23;38;445;701
8123;23,26;-312,02;0,00;0,00;0,00;-0,31;0,00;0,00;366;131;99;37;17;341;526
8124;34,34;-216,90;0,00;0,00;0,00;-0,22;0,00;0,00;448;175;195;33;22;628;700
8125;72,87;264,58;0,00;0,00;0,00;0,26;0,00;0,00;140;20;164;29;31;482;784
8126;46,22;-0,46;0,00;0,00;0,00;-0,00;0,00;0,00;417;38;85;43;29;387;570
8127;56,15;66,72;0,00;0,00;0,00;0,07;0,00;0,00;190;68;60;35;15;923;914
8128;48,69;29,61;0,00;0,00;0,00;0,03;0,00;0,00;338;60;138;25;21;227;182
8129;61,66;81,69;0,00;0,00;0,00;0,08;0,00;0,00;373;57;104;35;27;226;194
8130;45,40;-85,26;0,00;0,00;0,00;-0,09;0,00;0,00;127;27;117;28;17;697;524
8131;59,42;74,14;0,00;0,00;0,00;0,07;0,00;0,00;324;107;139;20;16;198;250
8132;44,64;-15,17;0,00;0,00;0,00;-0,02;0,00;0,00;156;182;71;22;17;968;357
8133;34,19;-249,85;0,00;0,00;0,00;-0,25;0,00;0,00;357;39;38;33;17;269;736
8134;62,97;188,04;0,00;0,00;0,00;0,19;0,00;0,00;314;90;132;32;15;795;315
8135;14,02;-358,07;0,00;0,00;0,00;-0,36;0,00;0,00;437;113;85;21;22;927;359
8136;60,66;125,17;0,00;0,00;0,00;0,13;0,00;0,00;116;15;25;43;25;462;804
8137;53,63;115,01;0,00;0,00;0,00;0,12;0,00;0,00;221;169;129;18;32;981;590
8138;70,47;226,27;0,00;0,00;0,00;0,23;0,00;0,00;327;112;51;14;22;735;261
8139;59,03;90,73;0,00;0,00;0,00;0,09;0,00;0,00;95;65;144;40;33;419;957
8140;37,20;-69,93;0,00;0,00;0,00;-0,07;0,00;0,00;352;22;194;25;22;975;226
8141;41,48;-137,02;0,00;0,00;0,00;-0,14;0,00;0,00;433;183;45;47;21;600;272
8142;32,55;-80,73;0,00;0,00;0,00;-0,08;0,00;0,00;142;75;135;34;32;736;155
8143;48,56;27,04;0,00;0,00;0,00;0,03;0,00;0,00;221;59;134;47;22;330;380
8144;38,81;-228,15;0,00;0,00;0,00;-0,23;0,00;0,00;433;194;179;42;21;594;641
8145;72,99;198,83;0,00;0,00;0,00;0,20;0,00;0,00;216;173;47;26;18;104;879
8146;36,98;-132,39;0,00;0,00;0,00;-0,13;0,00;0,00;192;168;70;36;29;133;174
8147;99,36;523,75;0,00;0,00;0,00;0,52;0,00;0,00;16;159;154;24;24;196;727
8148;64,35;177,54;0,00;0,00;0,00;0,18;0,00;0,00;452;73;130;38;24;604;662
8149;54,69;-15,11;0,00;0,00;0,00;-0,02;0,00;0,00;379;97;45;17;29;860;329
8150;61,71;81,13;0,00;0,00;0,00;0,08;0,00;0,00;172;192;106;25;38;161;331
8151;59,76;74,64;0,00;0,00;0,00;0,07;0,00;0,00;263;38;175;46;36;864;877
8152;31,82;-210,09;0,00;0,00;0,00;-0,21;0,00;0,00;351;122;66;27;19;271;284
8153;63,88;167,93;0,00;0,00;0,00;0,17;0,00;0,00;78;164;192;20;39;709;491
8154;63,63;199,07;0,00;0,00;0,00;0,20;0,00;0,00;18;55;151;23;31;576;626
8155;26,98;-306,66;0,00;0,00;0,00;-0,31;0,00;0,00;384;37;53;10;17;330;824
8156;51,91;122,89;0,00;0,00;0,00;0,12;0,00;0,00;54;67;74;39;23;935;543
8157;62,09;118,89;0,00;0,00;0,00;0,12;0,00;0,00;460;43;66;33;16;904;978
8158;39,40;-114,92;0,00;0,00;0,00;-0,11;0,00;0,00;203;89;186;44;32;780;322
8159;75,52;267,20;0,00;0,00;0,00;0,27;0,00;0,00;189;154;28;14;27;891;920
8160;25,72;-254,69;0,00;0,00;0,00;-0,25;0,00;0,00;261;71;153;32;39;626;903
8161;45,35;-132,33;0,00;0,00;0,00;-0,13;0,00;0,00;104;67;85;28;35;317;561
8162;46,60;29,78;0,00;0,00;0,00;0,03;0,00;0,00;391;189;111;12;17;981;325
8163;51,09;-83,98;0,00;0,00;0,00;-0,08;0,00;0,00;134;28;179;28;21;277;732
8164;32,43;-197,53;0,00;0,00;0,00;-0,20;0,00;0,00;167;102;106;30;38;265;728
8165;52,30;80,56;0,00;0,00;0,00;0,08;0,00;0,00;388;160;114;23;26;799;878
8166;72,09;216,97;0,00;0,00;0,00;0,22;0,00;0,00;311;115;14;45;25;635;570
8167;58,63;151,78;0,00;0,00;0,00;0,15;0,00;0,00;422;62;119;21;27;426;549
8168;63,90;50,92;0,00;0,00;0,00;0,05;0,00;0,00;409;107;38;25;19;241;728
8169;60,57;21,37;0,00;0,00;0,00;0,02;0,00;0,00;485;85;90;33;21;212;412
8170;93,09;417,07;0,00;0,00;0,00;0,42;0,00;0,00;421;28;94;11;28;983;515
8171;32,92;-251,43;0,00;0,00;0,00;-0,25;0,00;0,00;62;187;79;47;34;425;704
8172;59,85;78,28;0,00;0,00;0,00;0,08;0,00;0,00;407;85;79;19;33;852;123
8173;57,37;122,33;0,00;0,00;0,00;0,12;0,00;0,00;436;134;46;27;34;975;717
8174;48,15;10,58;0,00;0,00;0,00;0,01;0,00;0,00;127;24;58;22;28;321;478
8175;83,40;312,62;0,00;0,00;0,00;0,31;0,00;0,00;172;83;146;40;29;598;641
8176;39,57;-116,17;0,00;0,00;0,00;-0,12;0,00;0,00;120;106;35;11;37;522;767
8177;46,22;-72,19;0,00;0,00;0,00;-0,07;0,00;0,00;319;92;33;20;15;676;313
8178;54,21;27,55;0,00;0,00;0,00;0,03;0,00;0,00;271;93;192;46;24;340;144
8179;46,48;-30,71;0,00;0,00;0,00;-0,03;0,00;0,00;486;20;17;17;23;626;829
8180;57,74;63,20;0,00;0,00;0,00;0,06;0,00;0,00;103;115;48;48;23;808;136
8181;69,47;114,98;0,00;0,00;0,00;0,11;0,00;0,00;449;187;168;28;33;886;791
8182;36,26;-132,98;0,00;0,00;0,00;-0,13;0,00;0,00;129;105;178;35;26;278;376
8183;37,42;-137,04;0,00;0,00;0,00;-0,14;0,00;0,00;115;50;39;32;30;105;639
8184;54,33;33,61;0,00;0,00;0,00;0,03;0,00;0,00;341;40;111;46;39;260;308
8185;65,92;120,30;0,00;0,00;0,00;0,12;0,00;0,00;380;11;19;48;19;675;743
8186;49,88;54,37;0,00;0,00;0,00;0,05;0,00;0,00;383;88;79;46;19;887;496
8187;44,00;-110,22;0,00;0,00;0,00;-0,11;0,00;0,00;257;138;93;35;21;256;458
8188;56,79;26,07;0,00;0,00;0,00;0,03;0,00;0,00;290;85;127;48;24;253;682
8189;45,93;5,34;0,00;0,00;0,00;0,01;0,00;0,00;438;182;140;28;25;271;269
8190;25,32;-291,64;0,00;0,00;0,00;-0,29;0,00;0,00;291;162;196;14;37;685;568
8191;42,85;-155,20;0,00;0,00;0,00;-0,16;0,00;0,00;170;22;170;37;23;191;170
8192;38,87;-124,93;0,00;0,00;0,00;-0,12;0,00;0,00;106;109;13;23;33;555;979
8193;29,93;-156,08;0,00;0,00;0,00;-0,16;0,00;0,00;341;75;71;15;21;814;341
8194;47,79;-32,03;0,00;0,00;0,00;-0,03;0,00;0,00;321;23;116;45;15;295;857
8195;40,23;-250,86;0,00;0,00;0,00;-0,25;0,00;0,00;289;167;109;27;31;806;403
8196;51,17;-44,46;0,00;0,00;0,00;-0,04;0,00;0,00;392;78;149;44;24;606;615
8197;36,50;-145,63;0,00;0,00;0,00;-0,15;0,00;0,00;317;139;188;19;30;672;769
8198;36,82;-84,20;0,00;0,00;0,00;-0,08;0,00;0,00;158;55;90;34;22;394;886
8199;44,90;-101,10;0,00;0,00;0,00;-0,10;0,00;0,00;266;169;62;29;23;892;695
8200;55,78;-59,65;0,00;0,00;0,00;-0,06;0,00;0,00;210;152;163;45;19;186;224
8201;41,06;-138,63;0,00;0,00;0,00;-0,14;0,00;0,00;328;49;144;24;18;757;101
8202;48,60;40,10;0,00;0,00;0,00;0,04;0,00;0,00;88;164;43;20;24;378;109
8203;56,78;56,80;0,00;0,00;0,00;0,06;0,00;0,00;292;75;116;44;29;125;314
8204;44,70;-77,06;0,00;0,00;0,00;-0,08;0,00;0,00;394;42;162;21;17;173;733
8205;46,28;-55,19;0,00;0,00;0,00;-0,06;0,00;0,00;445;180;21;29;30;138;309
8206;58,22;33,96;0,00;0,00;0,00;0,03;0,00;0,00;105;142;77;45;31;956;605
8207;22,88;-224,96;0,00;0,00;0,00;-0,22;0,00;0,00;457;176;113;10;38;884;221
8208;50,53;52,37;0,00;0,00;0,00;0,05;0,00;0,00;277;140;171;27;32;728;388
8209;22,66;-196,69;0,00;0,00;0,00;-0,20;0,00;0,00;352;146;126;38;23;135;505
8210;41,39;-100,69;0,00;0,00;0,00;-0,10;0,00;0,00;192;17;152;12;29;130;160
8211;48,76;-18,32;0,00;0,00;0,00;-0,02;0,00;0,00;423;131;154;11;23;283;485
8212;37,79;-82,63;0,00;0,00;0,00;-0,08;0,00;0,00;34;133;102;20;17;531;243
8213;30,85;-180,31;0,00;0,00;0,00;-0,18;0,00;0,00;161;112;172;17;28;381;150
8214;52,43;-11,09;0,00;0,00;0,00;-0,01;0,00;0,00;228;76;180;20;33;587;454
8215;36,72;-164,17;0,00;0,00;0,00;-0,16;0,00;0,00;308;183;57;17;33;367;721
8216;58,70;109,04;0,00;0,00;0,00;0,11;0,00;0,00;427;20;173;45;27;221;872
8217;49,78;5,69;0,00;0,00;0,00;0,01;0,00;0,00;438;163;187;36;34;990;833
8218;52,16;31,80;0,00;0,00;0,00;0,03;0,00;0,00;439;79;133;47;19;885;859
8219;52,27;40,60;0,00;0,00;0,00;0,04;0,00;0,00;495;108;53;39;22;974;615
8220;91,84;434,69;0,00;0,00;0,00;0,43;0,00;0,00;49;24;18;34;37;182;717
8221;42,96;19,08;0,00;0,00;0,00;0,02;0,00;0,00;208;118;90;28;26;958;504
8222;48,31;11,96;0,00;0,00;0,00;0,01;0,00;0,00;408;84;188;48;23;615;523
8223;35,84;-178,46;0,00;0,00;0,00;-0,18;0,00;0,00;331;149;138;36;32;295;123
8224;20,55;-253,49;0,00;0,00;0,00;-0,25;0,00;0,00;290;26;59;14;38;367;966
8225;55,40;74,73;0,00;0,00;0,00;0,07;0,00;0,00;470;156;27;24;27;378;901
8226;22,59;-280,17;0,00;0,00;0,00;-0,28;0,00;0,00;301;194;132;45;31;279;576
8227;44,92;-8,79;0,00;0,00;0,00;-0,01;0,00;0,00;225;102;188;26;38;286;710
8228;38,97;-148,41;0,00;0,00;0,00;-0,15;0,00;0,00;63;174;74;31;23;965;127
8229;44,46;-62,25;0,00;0,00;0,00;-0,06;0,00;0,00;292;194;171;38;31;861;458
8230;47,90;46,72;0,00;0,00;0,00;0,05;0,00;0,00;187;20;94;43;32;926;246
8231;36,02;-104,63;0,00;0,00;0,00;-0,10;0,00;0,00;438;144;89;21;26;502;352
8232;56,38;-36,98;0,00;0,00;0,00;-0,04;0,00;0,00;186;114;23;42;36;608;871
8233;59,77;82,94;0,00;0,00;0,00;0,08;0,00;0,00;20;157;123;37;23;889;258
8234;61,30;104,19;0,00;0,00;0,00;0,10;0,00;0,00;21;114;95;29;29;340;626
8235;35,96;-115,54;0,00;0,00;0,00;-0,12;0,00;0,00;58;183;190;20;38;939;273
8236;52,44;-4,80;0,00;0,00;0,00;-0,00;0,00;0,00;68;193;12;27;32;329;533
8237;37,24;-141,26;0,00;0,00;0,00;-0,14;0,00;0,00;398;90;166;15;18;846;389
8238;41,05;-155,59;0,00;0,00;0,00;-0,16;0,00;0,00;186;172;136;30;18;245;940
8239;23,46;-279,86;0,00;0,00;0,00;-0,28;0,00;0,00;414;102;124;30;17;595;219
8240;31,20;-103,40;0,00;0,00;0,00;-0,10;0,00;0,00;484;14;59;16;32;386;150
8241;68,22;148,41;0,00;0,00;0,00;0,15;0,00;0,00;27;121;35;47;32;574;256
8242;35,51;-85,37;0,00;0,00;0,00;-0,09;0,00;0,00;134;12;16;44;35;502;950
8243;64,72;170,61;0,00;0,00;0,00;0,17;0,00;0,00;457;188;87;25;37;812;686
8244;58,43;67,95;0,00;0,00;0,00;0,07;0,00;0,00;249;185;156;26;29;154;394
8245;67,54;243,92;0,00;0,00;0,00;0,24;0,00;0,00;378;179;77;14;20;684;588
8246;38,32;-76,51;0,00;0,00;0,00;-0,08;0,00;0,00;26;125;100;12;15;375;438
8247;48,29;37,52;0,00;0,00;0,00;0,04;0,00;0,00;485;80;145;22;30;567;128
8248;30,21;-225,45;0,00;0,00;0,00;-0,23;0,00;0,00;485;131;15;34;35;563;530
8249;56,41;71,76;0,00;0,00;0,00;0,07;0,00;0,00;355;64;10;22;16;162;263
8250;61,73;153,44;0,00;0,00;0,00;0,15;0,00;0,00;373;91;196;19;37;320;787
8251;50,53;40,26;0,00;0,00;0,00;0,04;0,00;0,00;150;72;40;17;34;600;232
8252;61,67;96,57;0,00;0,00;0,00;0,10;0,00;0,00;137;53;67;32;31;310;195
8253;53,21;57,48;0,00;0,00;0,00;0,06;0,00;0,00;86;118;184;42;39;335;637
8254;45,27;-55,40;0,00;0,00;0,00;-0,06;0,00;0,00;249;26;152;17;39;493;802
8255;23,31;-294,11;0,00;0,00;0,00;-0,29;0,00;0,00;51;93;18;13;32;539;418
8256;46,71;-110,97;0,00;0,00;0,00;-0,11;0,00;0,00;262;128;194;14;16;288;144
8257;77,15;290,26;0,00;0,00;0,00;0,29;0,00;0,00;319;77;131;25;32;993;814
8258;34,20;-163,59;0,00;0,00;0,00;-0,16;0,00;0,00;247;50;172;32;30;365;858
8259;35,08;-122,87;0,00;0,00;0,00;-0,12;0,00;0,00;383;129;106;25;30;121;519
8260;38,62;-132,20;0,00;0,00;0,00;-0,13;0,00;0,00;288;163;72;48;15;726;651
8261;55,16;37,52;0,00;0,00;0,00;0,04;0,00;0,00;391;48;151;13;19;445;382
8262;39,27;-211,07;0,00;0,00;0,00;-0,21;0,00;0,00;112;184;97;30;15;159;558
8263;72,68;224,23;0,00;0,00;0,00;0,22;0,00;0,00;96;184;118;49;35;199;964
8264;56,83;89,50;0,00;0,00;0,00;0,09;0,00;0,00;367;109;50;33;15;240;707
8265;45,19;4,13;0,00;0,00;0,00;0,00;0,00;0,00;142;65;129;16;17;218;422
8266;43,04;-25,67;0,00;0,00;0,00;-0,03;0,00;0,00;265;104;194;38;17;860;194
8267;54,09;67,63;0,00;0,00;0,00;0,07;0,00;0,00;206;132;195;10;22;535;105
8268;59,64;186,66;0,00;0,00;0,00;0,19;0,00;0,00;314;66;182;37;17;604;952
8269;65,02;279,21;0,00;0,00;0,00;0,28;0,00;0,00;381;51;28;26;26;159;961
8270;60,34;217,95;0,00;0,00;0,00;0,22;0,00;0,00;485;194;138;28;36;321;918
8271;36,62;-180,13;0,00;0,00;0,00;-0,18;0,00;0,00;325;100;158;42;19;510;263
8272;38,77;-65,58;0,00;0,00;0,00;-0,07;0,00;0,00;267;80;179;15;20;662;412
8273;49,76;58,18;0,00;0,00;0,00;0,06;0,00;0,00;481;136;58;43;33;455;592
8274;44,97;-56,41;0,00;0,00;0,00;-0,06;0,00;0,00;104;170;76;13;17;152;874
8275;27,18;-280,97;0,00;0,00;0,00;-0,28;0,00;0,00;493;147;47;48;20;213;313
8276;38,66;-57,33;0,00;0,00;0,00;-0,06;0,00;0,00;104;138;136;41;39;141;932
8277;63,79;57,25;0,00;0,00;0,00;0,06;0,00;0,00;106;50;166;21;20;508;943
8278;70,01;239,50;0,00;0,00;0,00;0,24;0,00;0,00;240;63;188;43;23;834;691
8279;19,05;-372,32;0,00;0,00;0,00;-0,37;0,00;0,00;132;46;41;35;15;221;450
8280;57,77;142,17;0,00;0,00;0,00;0,14;0,00;0,00;335;109;94;48;35;935;581
8281;54,61;50,61;0,00;0,00;0,00;0,05;0,00;0,00;358;146;33;16;17;507;194
8282;52,68;-14,83;0,00;0,00;0,00;-0,01;0,00;0,00;29;180;83;16;34;538;466
8283;23,48;-268,58;0,00;0,00;0,00;-0,27;0,00;0,00;37;41;168;27;38;659;390
8284;61,06;140,25;0,00;0,00;0,00;0,14;0,00;0,00;63;139;139;25;35;650;931
8285;30,91;-145,29;0,00;0,00;0,00;-0,15;0,00;0,00;302;99;73;10;31;250;567
8286;32,65;-132,78;0,00;0,00;0,00;-0,13;0,00;0,00;158;104;147;47;37;831;970
8287;30,73;-215,04;0,00;0,00;0,00;-0,22;0,00;0,00;28;27;132;38;32;688;197
8288;57,90;118,10;0,00;0,00;0,00;0,12;0,00;0,00;91;104;144;27;39;664;246
8289;59,69;126,82;0,00;0,00;0,00;0,13;0,00;0,00;182;191;45;14;37;876;918
8290;68,90;141,52;0,00;0,00;0,00;0,14;0,00;0,00;307;146;62;46;22;942;250
8291;58,57;89,00;0,00;0,00;0,00;0,09;0,00;0,00;326;175;91;11;29;863;264
8292;76,38;255,03;0,00;0,00;0,00;0,26;0,00;0,00;223;37;130;42;27;251;657
8293;20,86;-275,60;0,00;0,00;0,00;-0,28;0,00;0,00;107;31;124;39;20;319;992
8294;29,09;-171,67;0,00;0,00;0,00;-0,17;0,00;0,00;325;126;183;42;31;602;621
8295;34,36;-175,78;0,00;0,00;0,00;-0,18;0,00;0,00;328;192;41;22;39;988;817
8296;44,60;-33,93;0,00;0,00;0,00;-0,03;0,00;0,00;108;133;74;21;17;116;448
8297;47,72;60,74;0,00;0,00;0,00;0,06;0,00;0,00;253;156;40;22;29;133;374
8298;40,75;-144,58;0,00;0,00;0,00;-0,14;0,00;0,00;224;74;121;39;24;622;259
8299;57,41;72,12;0,00;0,00;0,00;0,07;0,00;0,00;181;163;33;48;30;639;492
8300;44,51;65,10;0,00;0,00;0,00;0,07;0,00;0,00;57;78;169;31;30;962;587
8301;32,20;-217,70;0,00;0,00;0,00;-0,22;0,00;0,00;278;161;37;12;21;887;538
8302;62,41;222,06;0,00;0,00;0,00;0,22;0,00;0,00;366;51;145;41;32;720;145
8303;61,76;157,09;0,00;0,00;0,00;0,16;0,00;0,00;470;31;67;16;39;258;243
8304;47,24;-109,91;0,00;0,00;0,00;-0,11;0,00;0,00;76;42;163;34;34;988;925
8305;39,86;-95,45;0,00;0,00;0,00;-0,10;0,00;0,00;295;47;96;36;38;513;693
8306;84,22;435,45;0,00;0,00;0,00;0,44;0,00;0,00;61;181;29;36;26;484;699
8307;51,44;19,84;0,00;0,00;0,00;0,02;0,00;0,00;229;39;141;22;16;297;643
8308;43,15;-118,57;0,00;0,00;0,00;-0,12;0,00;0,00;47;36;25;44;26;735;181
8309;40,99;-32,62;0,00;0,00;0,00;-0,03;0,00;0,00;189;24;132;16;35;680;499
8310;17,49;-347,35;0,00;0,00;0,00;-0,35;0,00;0,00;389;101;130;47;34;907;510
8311;90,75;355,89;0,00;0,00;0,00;0,36;0,00;0,00;222;55;133;12;37;824;188
8312;24,40;-221,64;0,00;0,00;0,00;-0,22;0,00;0,00;247;44;155;34;31;743;386
8313;34,71;-196,84;0,00;0,00;0,00;-0,20;0,00;0,00;429;12;196;38;21;240;823
8314;79,16;302,66;0,00;0,00;0,00;0,30;0,00;0,00;166;72;37;19;32;688;836
8315;30,54;-235,63;0,00;0,00;0,00;-0,24;0,00;0,00;215;123;115;17;26;998;379
8316;44,14;-60,95;0,00;0,00;0,00;-0,06;0,00;0,00;183;45;98;32;37;312;453
8317;62,62;148,41;0,00;0,00;0,00;0,15;0,00;0,00;104;137;131;35;26;223;820
8318;87,19;363,34;0,00;0,00;0,00;0,36;0,00;0,00;52;16;161;11;30;480;194
8319;57,15;198,32;0,00;0,00;0,00;0,20;0,00;0,00;189;155;147;47;38;401;575
8320;41,85;-56,14;0,00;0,00;0,00;-0,06;0,00;0,00;16;170;68;18;37;734;688
8321;20,47;-224,37;0,00;0,00;0,00;-0,22;0,00;0,00;310;64;158;10;22;671;316
8322;72,79;154,79;0,00;0,00;0,00;0,15;0,00;0,00;76;73;194;14;33;672;936
8323;39,22;-97,88;0,00;0,00;0,00;-0,10;0,00;0,00;375;146;30;28;32;325;225
8324;41,81;104,02;0,00;0,00;0,00;0,10;0,00;0,00;248;169;95;22;30;406;142
8325;35,22;-173,82;0,00;0,00;0,00;-0,17;0,00;0,00;292;132;93;30;28;404;601
8326;50,60;95,83;0,00;0,00;0,00;0,10;0,00;0,00;116;169;51;40;36;913;427
8327;46,19;-87,61;0,00;0,00;0,00;-0,09;0,00;0,00;168;107;144;11;27;882;687
8328;52,59;55,25;0,00;0,00;0,00;0,06;0,00;0,00;243;21;173;25;27;550;733
8329;51,65;-40,11;0,00;0,00;0,00;-0,04;0,00;0,00;211;175;162;17;26;914;384
8330;65,31;209,01;0,00;0,00;0,00;0,21;0,00;0,00;296;63;111;36;30;109;266
8331;48,56;-67,57;0,00;0,00;0,00;-0,07;0,00;0,00;177;137;97;41;30;801;935
8332;33,88;-151,90;0,00;0,00;0,00;-0,15;0,00;0,00;417;88;163;33;24;693;341
8333;71,40;113,65;0,00;0,00;0,00;0,11;0,00;0,00;84;23;84;17;19;266;619
8334;43,34;3,61;0,00;0,00;0,00;0,00;0,00;0,00;394;71;157;23;28;419;387
8335;53,09;6,66;0,00;0,00;0,00;0,01;0,00;0,00;399;185;141;30;29;468;986
8336;51,96;-21,34;0,00;0,00;0,00;-0,02;0,00;0,00;85;157;82;15;39;101;700
8337;49,45;-77,06;0,00;0,00;0,00;-0,08;0,00;0,00;482;22;91;49;19;538;431
8338;41,11;-68,30;0,00;0,00;0,00;-0,07;0,00;0,00;401;97;165;41;33;900;447
8339;46,26;35,68;0,00;0,00;0,00;0,04;0,00;0,00;411;87;66;16;27;733;445
8340;70,08;167,33;0,00;0,00;0,00;0,17;0,00;0,00;445;61;117;26;16;130;881
8341;41,35;-85,21;0,00;0,00;0,00;-0,09;0,00;0,00;234;37;59;19;15;770;704
8342;31,06;-150,55;0,00;0,00;0,00;-0,15;0,00;0,00;142;150;127;46;26;725;399
8343;9,29;-326,82;0,00;0,00;0,00;-0,33;0,00;0,00;498;85;16;29;27;322;474
8344;51,69;-33,18;0,00;0,00;0,00;-0,03;0,00;0,00;125;163;119;25;24;481;192
8345;39,52;-51,30;0,00;0,00;0,00;-0,05;0,00;0,00;326;159;193;28;37;791;365
8346;74,80;174,32;0,00;0,00;0,00;0,17;0,00;0,00;437;40;17;26;24;397;688
8347;36,85;-54,52;0,00;0,00;0,00;-0,05;0,00;0,00;143;118;165;32;35;727;925
8348;27,39;-197,96;0,00;0,00;0,00;-0,20;0,00;0,00;331;130;142;49;22;491;961
8349;44,33;-91,72;0,00;0,00;0,00;-0,09;0,00;0,00;200;19;49;44;17;138;803
8350;34,64;-202,67;0,00;0,00;0,00;-0,20;0,00;0,00;83;29;41;25;34;845;756
8351;80,59;262,05;0,00;0,00;0,00;0,26;0,00;0,00;391;93;162;44;22;436;346
8352;19,06;-316,21;0,00;0,00;0,00;-0,32;0,00;0,00;347;155;47;14;26;875;705
8353;43,04;-156,62;0,00;0,00;0,00;-0,16;0,00;0,00;14;134;76;12;20;343;515
8354;52,23;-10,08;0,00;0,00;0,00;-0,01;0,00;0,00;357;166;198;21;24;977;135
8355;40,94;-64,11;0,00;0,00;0,00;-0,06;0,00;0,00;399;51;35;28;39;450;602
8356;63,62;229,47;0,00;0,00;0,00;0,23;0,00;0,00;128;178;28;38;20;198;780
8357;46,30;31,29;0,00;0,00;0,00;0,03;0,00;0,00;154;114;113;23;21;869;594
8358;34,55;-248,29;0,00;0,00;0,00;-0,25;0,00;0,00;67;98;48;29;34;620;113
8359;76,55;278,17;0,00;0,00;0,00;0,28;0,00;0,00;395;146;47;27;37;757;520
8360;47,12;-81,58;0,00;0,00;0,00;-0,08;0,00;0,00;98;121;151;23;25;964;359
8361;24,86;-248,01;0,00;0,00;0,00;-0,25;0,00;0,00;219;154;97;49;37;113;365
8362;52,17;69,98;0,00;0,00;0,00;0,07;0,00;0,00;34;192;86;41;16;961;717
8363;51,23;23,59;0,00;0,00;0,00;0,02;0,00;0,00;121;31;55;43;22;598;404
8364;22,94;-224,44;0,00;0,00;0,00;-0,22;0,00;0,00;208;167;123;23;16;334;137
8365;18,57;-331,99;0,00;0,00;0,00;-0,33;0,00;0,00;285;129;136;40;32;826;241
8366;52,31;10,89;0,00;0,00;0,00;0,01;0,00;0,00;58;194;199;39;39;688;816
8367;51,63;-31,40;0,00;0,00;0,00;-0,03;0,00;0,00;153;153;39;28;34;448;459
8368;51,91;17,82;0,00;0,00;0,00;0,02;0,00;0,00;245;149;48;49;35;564;297
8369;67,85;218,20;0,00;0,00;0,00;0,22;0,00;0,00;326;82;22;22;33;363;755
8370;58,95;111,42;0,00;0,00;0,00;0,11;0,00;0,00;108;183;181;42;36;202;603
8371;51,25;66,71;0,00;0,00;0,00;0,07;0,00;0,00;172;189;152;35;39;827;948
8372;36,83;-142,88;0,00;0,00;0,00;-0,14;0,00;0,00;114;175;64;21;29;483;441
8373;52,52;-43,01;0,00;0,00;0,00;-0,04;0,00;0,00;317;138;86;43;23;941;725
8374;61,79;182,69;0,00;0,00;0,00;0,18;0,00;0,00;490;13;82;48;37;190;931
8375;19,85;-257,39;0,00;0,00;0,00;-0,26;0,00;0,00;350;58;43;13;25;809;876
8376;45,17;-8,27;0,00;0,00;0,00;-0,01;0,00;0,00;379;84;69;20;26;636;756
8377;40,04;-71,33;0,00;0,00;0,00;-0,07;0,00;0,00;438;171;106;46;27;122;860
8378;50,67;-57,01;0,00;0,00;0,00;-0,06;0,00;0,00;162;133;198;40;29;518;224
8379;57,35;107,92;0,00;0,00;0,00;0,11;0,00;0,00;260;194;138;14;37;915;369
8380;19,01;-363,42;0,00;0,00;0,00;-0,36;0,00;0,00;82;36;87;21;22;677;383
8381;56,23;3,21;0,00;0,00;0,00;0,00;0,00;0,00;184;57;149;39;20;346;914
8382;50,07;-12,11;0,00;0,00;0,00;-0,01;0,00;0,00;191;198;85;14;24;391;474
8383;17,86;-265,94;0,00;0,00;0,00;-0,27;0,00;0,00;185;175;120;44;20;258;845
8384;53,72;-46,42;0,00;0,00;0,00;-0,05;0,00;0,00;287;32;15;14;29;774;966
8385;48,14;-37,06;0,00;0,00;0,00;-0,04;0,00;0,00;492;182;58;32;16;202;231
8386;35,81;-148,72;0,00;0,00;0,00;-0,15;0,00;0,00;84;11;92;12;30;262;252
8387;70,11;169,14;0,00;0,00;0,00;0,17;0,00;0,00;472;37;83;28;22;722;531
8388;45,33;-10,45;0,00;0,00;0,00;-0,01;0,00;0,00;58;12;156;43;25;946;758
8389;45,58;54,05;0,00;0,00;0,00;0,05;0,00;0,00;459;195;153;46;37;236;452
8390;53,52;75,46;0,00;0,00;0,00;0,08;0,00;0,00;240;159;129;19;30;224;628
8391;46,60;-30,53;0,00;0,00;0,00;-0,03;0,00;0,00;338;187;79;28;31;501;724
8392;48,98;-31,70;0,00;0,00;0,00;-0,03;0,00;0,00;282;141;39;11;24;973;952
8393;49,82;17,83;0,00;0,00;0,00;0,02;0,00;0,00;398;92;185;43;22;309;934
8394;60,76;174,47;0,00;0,00;0,00;0,17;0,00;0,00;394;40;81;12;32;503;348
8395;33,09;-217,41;0,00;0,00;0,00;-0,22;0,00;0,00;320;180;85;45;35;233;514
8396;47,74;11,05;0,00;0,00;0,00;0,01;0,00;0,00;416;83;160;27;24;125;513
8397;43,52;-84,97;0,00;0,00;0,00;-0,08;0,00;0,00;369;168;70;12;34;322;774
8398;31,96;-220,13;0,00;0,00;0,00;-0,22;0,00;0,00;68;96;135;42;35;932;515
8399;32,96;-162,75;0,00;0,00;0,00;-0,16;0,00;0,00;224;175;127;15;28;728;869
8400;48,94;-25,14;0,00;0,00;0,00;-0,03;0,00;0,00;99;143;111;38;34;753;349
8401;30,99;-135,40;0,00;0,00;0,00;-0,14;0,00;0,00;232;28;69;39;35;450;912
8402;48,26;93,39;0,00;0,00;0,00;0,09;0,00;0,00;490;95;86;33;39;652;136
8403;58,81;82,20;0,00;0,00;0,00;0,08;0,00;0,00;489;92;123;30;26;893;640
8404;52,01;11,91;0,00;0,00;0,00;0,01;0,00;0,00;25;162;185;41;25;578;462
8405;51,39;-1,53;0,00;0,00;0,00;-0,00;0,00;0,00;111;120;56;26;17;980;178
8406;77,56;296,87;0,00;0,00;0,00;0,30;0,00;0,00;133;165;21;39;34;389;405
8407;49,06;-7,46;0,00;0,00;0,00;-0,01;0,00;0,00;427;188;135;18;34;958;625
8408;51,10;63,77;0,00;0,00;0,00;0,06;0,00;0,00;299;142;50;34;20;846;496
8409;75,80;396,57;0,00;0,00;0,00;0,40;0,00;0,00;84;81;24;22;32;604;791
8410;60,20;171,07;0,00;0,00;0,00;0,17;0,00;0,00;59;68;67;34;27;310;496
8411;53,54;94,69;0,00;0,00;0,00;0,09;0,00;0,00;239;161;163;12;24;150;698
8412;38,61;-97,58;0,00;0,00;0,00;-0,10;0,00;0,00;448;16;154;10;17;747;837
8413;29,40;-232,00;0,00;0,00;0,00;-0,23;0,00;0,00;369;131;77;16;18;158;324
8414;38,59;-78,24;0,00;0,00;0,00;-0,08;0,00;0,00;400;80;38;21;21;998;615
8415;83,68;323,21;0,00;0,00;0,00;0,32;0,00;0,00;497;87;96;46;31;605;777
8416;22,93;-326,68;0,00;0,00;0,00;-0,33;0,00;0,00;315;82;107;39;23;711;349
8417;52,59;-4,60;0,00;0,00;0,00;-0,00;0,00;0,00;435;109;187;20;31;937;584
8418;53,81;44,56;0,00;0,00;0,00;0,04;0,00;0,00;450;66;116;37;23;414;354
8419;81,64;297,21;0,00;0,00;0,00;0,30;0,00;0,00;425;178;119;42;18;601;452
8420;36,03;-133,79;0,00;0,00;0,00;-0,13;0,00;0,00;75;104;107;45;22;454;979
8421;58,82;24,55;0,00;0,00;0,00;0,02;0,00;0,00;440;123;44;27;36;575;698
8422;41,74;-51,64;0,00;0,00;0,00;-0,05;0,00;0,00;131;152;112;36;17;242;389
8423;40,63;-54,73;0,00;0,00;0,00;-0,05;0,00;0,00;201;121;79;13;34;137;429
8424;48,17;0,73;0,00;0,00;0,00;0,00;0,00;0,00;189;10;45;10;37;106;788
8425;57,36;9,73;0,00;0,00;0,00;0,01;0,00;0,00;63;17;41;33;26;990;839
8426;63,97;155,76;0,00;0,00;0,00;0,16;0,00;0,00;466;74;125;21;34;923;622
8427;64,13;150,78;0,00;0,00;0,00;0,15;0,00;0,00;408;181;135;21;33;893;951
8428;27,48;-208,83;0,00;0,00;0,00;-0,21;0,00;0,00;462;40;63;44;25;686;816
8429;56,34;70,19;0,00;0,00;0,00;0,07;0,00;0,00;160;54;160;22;22;961;184
8430;56,37;127,14;0,00;0,00;0,00;0,13;0,00;0,00;411;51;126;17;18;345;820
8431;57,40;98,37;0,00;0,00;0,00;0,10;0,00;0,00;56;187;42;37;18;171;670
8432;56,94;11,77;0,00;0,00;0,00;0,01;0,00;0,00;229;10;130;19;26;623;834
8433;12,04;-328,63;0,00;0,00;0,00;-0,33;0,00;0,00;98;52;35;38;26;158;674
8434;81,45;424,68;0,00;0,00;0,00;0,42;0,00;0,00;217;33;72;44;22;345;525
8435;28,77;-140,10;0,00;0,00;0,00;-0,14;0,00;0,00;258;175;195;45;37;197;461
8436;51,96;-32,87;0,00;0,00;0,00;-0,03;0,00;0,00;464;103;23;29;23;515;696
8437;47,11;-59,84;0,00;0,00;0,00;-0,06;0,00;0,00;328;153;194;16;35;279;522
8438;37,36;-130,57;0,00;0,00;0,00;-0,13;0,00;0,00;430;156;178;24;17;515;533
8439;7,77;-408,19;0,00;0,00;0,00;-0,41;0,00;0,00;228;38;149;16;25;267;235
8440;43,07;-79,87;0,00;0,00;0,00;-0,08;0,00;0,00;393;69;156;26;20;715;529
8441;60,71;22,63;0,00;0,00;0,00;0,02;0,00;0,00;463;145;79;14;15;477;119
8442;64,32;149,55;0,00;0,00;0,00;0,15;0,00;0,00;49;33;184;27;25;696;447
8443;45,25;-127,80;0,00;0,00;0,00;-0,13;0,00;0,00;299;81;93;12;36;604;516
8444;73,44;275,50;0,00;0,00;0,00;0,28;0,00;0,00;453;52;116;18;25;589;584
8445;35,71;-161,31;0,00;0,00;0,00;-0,16;0,00;0,00;99;141;32;16;19;273;948
8446;17,61;-365,64;0,00;0,00;0,00;-0,37;0,00;0,00;95;144;175;40;24;748;143
8447;53,18;-28,04;0,00;0,00;0,00;-0,03;0,00;0,00;215;38;49;33;23;219;988
8448;74,70;230,53;0,00;0,00;0,00;0,23;0,00;0,00;355;60;161;18;17;487;254
8449;62,11;36,45;0,00;0,00;0,00;0,04;0,00;0,00;230;145;98;29;16;763;951
8450;54,50;1,03;0,00;0,00;0,00;0,00;0,00;0,00;90;98;47;19;19;129;126
8451;80,52;347,14;0,00;0,00;0,00;0,35;0,00;0,00;318;76;95;23;31;778;741
8452;69,46;226,32;0,00;0,00;0,00;0,23;0,00;0,00;218;29;70;31;21;563;536
8453;41,40;-74,85;0,00;0,00;0,00;-0,07;0,00;0,00;24;110;40;15;28;512;356
8454;55,02;63,60;0,00;0,00;0,00;0,06;0,00;0,00;153;95;43;40;39;391;331
8455;54,46;-85,95;0,00;0,00;0,00;-0,09;0,00;0,00;310;80;188;40;23;158;743
8456;68,62;181,55;0,00;0,00;0,00;0,18;0,00;0,00;315;132;48;47;15;314;458
8457;29,71;-164,84;0,00;0,00;0,00;-0,16;0,00;0,00;364;21;149;38;15;901;341
8458;65,23;229,60;0,00;0,00;0,00;0,23;0,00;0,00;181;153;178;29;39;561;332
8459;41,58;-93,51;0,00;0,00;0,00;-0,09;0,00;0,00;79;154;77;45;27;119;321
8460;33,63;-209,17;0,00;0,00;0,00;-0,21;0,00;0,00;102;78;172;11;24;579;125
8461;67,62;136,55;0,00;0,00;0,00;0,14;0,00;0,00;336;157;23;29;21;672;751
8462;45,79;-65,26;0,00;0,00;0,00;-0,07;0,00;0,00;93;171;62;38;20;988;272
8463;36,99;-135,82;0,00;0,00;0,00;-0,14;0,00;0,00;99;106;150;18;17;879;344
8464;17,43;-277,25;0,00;0,00;0,00;-0,28;0,00;0,00;229;91;76;16;35;855;837
8465;63,85;125,73;0,00;0,00;0,00;0,13;0,00;0,00;372;178;149;42;34;848;285
8466;55,10;33,48;0,00;0,00;0,00;0,03;0,00;0,00;350;83;15;32;21;271;800
8467;42,60;-145,39;0,00;0,00;0,00;-0,15;0,00;0,00;177;101;137;46;29;716;717
8468;57,61;95,54;0,00;0,00;0,00;0,10;0,00;0,00;426;75;87;36;37;493;942
8469;73,65;209,79;0,00;0,00;0,00;0,21;0,00;0,00;160;16;12;17;35;362;776
8470;26,08;-238,91;0,00;0,00;0,00;-0,24;0,00;0,00;348;119;73;19;21;308;262
8471;37,49;-141,53;0,00;0,00;0,00;-0,14;0,00;0,00;209;106;178;20;36;597;759
8472;53,35;108,02;0,00;0,00;0,00;0,11;0,00;0,00;389;108;91;20;39;950;617
8473;46,02;-23,93;0,00;0,00;0,00;-0,02;0,00;0,00;480;111;145;44;21;326;717
8474;43,40;-141,05;0,00;0,00;0,00;-0,14;0,00;0,00;477;88;166;41;37;412;655
8475;20,53;-289,03;0,00;0,00;0,00;-0,29;0,00;0,00;385;173;105;44;38;790;699
8476;59,34;115,22;0,00;0,00;0,00;0,12;0,00;0,00;21;24;100;23;16;258;835
8477;47,11;-132,99;0,00;0,00;0,00;-0,13;0,00;0,00;447;156;182;49;34;602;529
8478;58,31;43,29;0,00;0,00;0,00;0,04;0,00;0,00;446;101;195;48;36;510;451
8479;20,63;-336,85;0,00;0,00;0,00;-0,34;0,00;0,00;477;58;61;12;22;713;504
8480;40,71;-69,10;0,00;0,00;0,00;-0,07;0,00;0,00;207;88;71;30;33;621;560
8481;45,23;-91,60;0,00;0,00;0,00;-0,09;0,00;0,00;417;95;159;18;23;349;733
8482;26,49;-221,55;0,00;0,00;0,00;-0,22;0,00;0,00;463;114;39;38;20;101;501
8483;52,40;-6,10;0,00;0,00;0,00;-0,01;0,00;0,00;84;176;96;44;22;656;658
8484;50,58;30,07;0,00;0,00;0,00;0,03;0,00;0,00;141;163;133;24;22;153;938
8485;24,28;-276,05;0,00;0,00;0,00;-0,28;0,00;0,00;35;182;126;23;17;574;315
8486;60,52;9,50;0,00;0,00;0,00;0,01;0,00;0,00;410;197;195;12;21;109;641
8487;49,60;42,45;0,00;0,00;0,00;0,04;0,00;0,00;52;112;75;14;27;411;240
8488;75,74;165,94;0,00;0,00;0,00;0,17;0,00;0,00;95;40;72;43;37;504;642
8489;45,09;-3,43;0,00;0,00;0,00;-0,00;0,00;0,00;430;87;87;43;20;674;245
8490;65,26;137,59;0,00;0,00;0,00;0,14;0,00;0,00;255;26;192;33;30;745;988
8491;37,79;-50,36;0,00;0,00;0,00;-0,05;0,00;0,00;54;127;172;28;33;687;680
8492;18,31;-365,06;0,00;0,00;0,00;-0,37;0,00;0,00;181;100;187;37;28;864;516
8493;69,32;215,11;0,00;0,00;0,00;0,22;0,00;0,00;328;79;110;19;28;751;558
8494;32,18;-178,90;0,00;0,00;0,00;-0,18;0,00;0,00;452;140;46;11;16;835;375
8495;66,36;185,71;0,00;0,00;0,00;0,19;0,00;0,00;166;126;156;48;29;827;312
8496;61,61;165,53;0,00;0,00;0,00;0,17;0,00;0,00;120;171;75;10;15;911;255
8497;56,65;51,74;0,00;0,00;0,00;0,05;0,00;0,00;489;183;166;39;29;991;766
8498;70,98;109,45;0,00;0,00;0,00;0,11;0,00;0,00;403;131;82;21;20;440;573
8499;51,43;7,60;0,00;0,00;0,00;0,01;0,00;0,00;87;86;95;49;36;519;780
8500;24,48;-222,53;0,00;0,00;0,00;-0,22;0,00;0,00;41;43;141;41;39;397;485
8501;53,38;14,15;0,00;0,00;0,00;0,01;0,00;0,00;300;70;67;12;22;979;757
8502;54,40;36,73;0,00;0,00;0,00;0,04;0,00;0,00;394;102;186;17;17;612;730
8503;16,29;-361,73;0,00;0,00;0,00;-0,36;0,00;0,00;141;109;184;47;15;987;719
8504;87,47;378,07;0,00;0,00;0,00;0,38;0,00;0,00;350;128;166;26;24;492;133
8505;56,95;124,63;0,00;0,00;0,00;0,12;0,00;0,00;164;196;32;19;33;805;490
8506;21,16;-289,17;0,00;0,00;0,00;-0,29;0,00;0,00;430;28;196;23;23;246;764
8507;52,45;31,34;0,00;0,00;0,00;0,03;0,00;0,00;240;133;29;20;33;104;923
8508;71,29;276,00;0,00;0,00;0,00;0,28;0,00;0,00;216;176;178;14;26;820;430
8509;28,82;-241,91;0,00;0,00;0,00;-0,24;0,00;0,00;159;78;150;39;24;397;243
8510;47,42;-68,84;0,00;0,00;0,00;-0,07;0,00;0,00;303;137;150;28;38;292;767
8511;47,37;-45,43;0,00;0,00;0,00;-0,05;0,00;0,00;239;173;129;32;38;348;470
8512;32,80;-188,44;0,00;0,00;0,00;-0,19;0,00;0,00;245;56;128;26;21;346;722
8513;39,60;-95,64;0,00;0,00;0,00;-0,10;0,00;0,00;45;128;114;17;27;873;806
8514;29,11;-263,77;0,00;0,00;0,00;-0,26;0,00;0,00;213;89;26;49;30;311;636
8515;53,43;-8,77;0,00;0,00;0,00;-0,01;0,00;0,00;409;126;190;39;36;859;397
8516;47,65;-2,09;0,00;0,00;0,00;-0,00;0,00;0,00;76;71;137;46;15;937;671
8517;41,03;-60,12;0,00;0,00;0,00;-0,06;0,00;0,00;324;122;127;15;34;194;797
8518;58,35;9,10;0,00;0,00;0,00;0,01;0,00;0,00;355;185;80;31;17;618;773
8519;55,19;37,89;0,00;0,00;0,00;0,04;0,00;0,00;322;136;123;39;38;770;521
8520;69,85;173,13;0,00;0,00;0,00;0,17;0,00;0,00;39;195;133;44;17;252;255
8521;81,44;395,13;0,00;0,00;0,00;0,40;0,00;0,00;182;182;47;33;31;539;843
8522;43,79;-63,64;0,00;0,00;0,00;-0,06;0,00;0,00;253;82;57;44;38;455;917
8523;46,53;-48,57;0,00;0,00;0,00;-0,05;0,00;0,00;281;44;53;49;36;344;811
8524;74,27;224,49;0,00;0,00;0,00;0,22;0,00;0,00;406;168;84;35;18;663;903
8525;55,34;28,80;0,00;0,00;0,00;0,03;0,00;0,00;302;32;160;21;28;521;857
8526;54,50;51,39;0,00;0,00;0,00;0,05;0,00;0,00;59;118;95;19;35;496;496
8527;66,30;178,06;0,00;0,00;0,00;0,18;0,00;0,00;470;132;33;46;30;781;645
8528;71,01;192,19;0,00;0,00;0,00;0,19;0,00;0,00;155;51;103;24;18;168;819
8529;67,04;198,94;0,00;0,00;0,00;0,20;0,00;0,00;274;115;104;12;39;463;525
8530;45,74;-81,85;0,00;0,00;0,00;-0,08;0,00;0,00;495;134;11;40;15;164;121
8531;64,27;131,03;0,00;0,00;0,00;0,13;0,00;0,00;181;176;76;26;21;713;708
8532;37,83;-49,65;0,00;0,00;0,00;-0,05;0,00;0,00;185;133;174;36;15;288;381
8533;87,26;364,46;0,00;0,00;0,00;0,36;0,00;0,00;300;157;143;38;36;240;993
8534;51,34;85,55;0,00;0,00;0,00;0,09;0,00;0,00;241;13;162;21;23;908;864
8535;53,88;-11,48;0,00;0,00;0,00;-0,01;0,00;0,00;487;160;37;43;32;655;922
8536;38,68;-144,83;0,00;0,00;0,00;-0,14;0,00;0,00;205;10;45;34;28;807;391
8537;53,14;-45,66;0,00;0,00;0,00;-0,05;0,00;0,00;233;18;134;26;39;300;126
8538;57,18;150,07;0,00;0,00;0,00;0,15;0,00;0,00;303;84;62;45;16;343;443
8539;55,98;22,05;0,00;0,00;0,00;0,02;0,00;0,00;201;59;129;17;25;501;306
8540;30,18;-202,81;0,00;0,00;0,00;-0,20;0,00;0,00;141;46;18;15;31;904;609
8541;46,08;-15,84;0,00;0,00;0,00;-0,02;0,00;0,00;479;21;134;29;29;767;251
8542;51,38;55,00;0,00;0,00;0,00;0,05;0,00;0,00;183;109;143;24;29;900;758
8543;35,16;-187,33;0,00;0,00;0,00;-0,19;0,00;0,00;153;31;27;37;22;681;567
8544;78,50;188,26;0,00;0,00;0,00;0,19;0,00;0,00;290;38;92;38;18;178;691
8545;51,83;83,16;0,00;0,00;0,00;0,08;0,00;0,00;367;115;24;22;34;496;546
8546;45,86;21,31;0,00;0,00;0,00;0,02;0,00;0,00;37;132;54;23;17;494;701
8547;44,02;-17,18;0,00;0,00;0,00;-0,02;0,00;0,00;72;104;38;35;29;841;862
8548;64,79;193,47;0,00;0,00;0,00;0,19;0,00;0,00;134;56;132;36;20;623;173
8549;40,78;-117,94;0,00;0,00;0,00;-0,12;0,00;0,00;362;78;42;10;19;664;262
8550;34,47;-171,97;0,00;0,00;0,00;-0,17;0,00;0,00;452;179;45;20;23;624;784
8551;31,62;-165,82;0,00;0,00;0,00;-0,17;0,00;0,00;145;68;15;43;18;303;804
8552;30,72;-141,67;0,00;0,00;0,00;-0,14;0,00;0,00;202;103;105;32;34;455;278
8553;36,20;-70,97;0,00;0,00;0,00;-0,07;0,00;0,00;107;197;174;41;15;754;861
8554;49,46;-7,26;0,00;0,00;0,00;-0,01;0,00;0,00;244;17;80;10;16;882;937
8555;39,95;-122,02;0,00;0,00;0,00;-0,12;0,00;0,00;54;72;164;21;36;231;338
8556;64,17;79,24;0,00;0,00;0,00;0,08;0,00;0,00;460;61;108;44;28;453;383
8557;78,47;345,48;0,00;0,00;0,00;0,35;0,00;0,00;52;116;27;11;39;779;923
8558;37,77;-31,87;0,00;0,00;0,00;-0,03;0,00;0,00;199;167;193;28;26;389;369
8559;36,66;-152,19;0,00;0,00;0,00;-0,15;0,00;0,00;191;109;172;31;16;806;552
8560;66,08;115,94;0,00;0,00;0,00;0,12;0,00;0,00;172;181;83;41;27;841;263
8561;79,14;293,39;0,00;0,00;0,00;0,29;0,00;0,00;20;138;12;25;16;430;507
8562;56,10;167,28;0,00;0,00;0,00;0,17;0,00;0,00;125;83;30;42;16;574;436
8563;41,20;-154,37;0,00;0,00;0,00;-0,15;0,00;0,00;37;53;167;22;35;213;782
8564;48,24;-26,37;0,00;0,00;0,00;-0,03;0,00;0,00;196;84;190;47;30;981;552
8565;52,50;23,63;0,00;0,00;0,00;0,02;0,00;0,00;329;103;106;10;18;110;131
8566;39,00;-86,46;0,00;0,00;0,00;-0,09;0,00;0,00;236;12;101;26;39;146;661
8567;83,28;318,20;0,00;0,00;0,00;0,32;0,00;0,00;97;71;141;36;36;853;326
8568;57,28;178,13;0,00;0,00;0,00;0,18;0,00;0,00;315;170;93;46;23;729;378
8569;53,85;-65,55;0,00;0,00;0,00;-0,07;0,00;0,00;280;101;196;34;27;279;556
8570;22,61;-211,56;0,00;0,00;0,00;-0,21;0,00;0,00;329;64;69;16;28;640;341
8571;77,48;350,84;0,00;0,00;0,00;0,35;0,00;0,00;312;103;55;15;33;573;876
8572;43,61;-78,16;0,00;0,00;0,00;-0,08;0,00;0,00;458;105;158;44;20;915;120
8573;51,15;126,37;0,00;0,00;0,00;0,13;0,00;0,00;428;18;118;11;32;968;230
8574;27,29;-259,13;0,00;0,00;0,00;-0,26;0,00;0,00;135;152;72;28;23;922;230
8575;61,14;193,94;0,00;0,00;0,00;0,19;0,00;0,00;42;42;38;47;34;405;378
8576;49,01;-42,40;0,00;0,00;0,00;-0,04;0,00;0,00;438;60;102;21;39;607;472
8577;49,76;46,87;0,00;0,00;0,00;0,05;0,00;0,00;139;99;143;45;18;249;849
8578;43,76;-108,98;0,00;0,00;0,00;-0,11;0,00;0,00;188;26;67;28;19;216;639
8579;44,06;-20,28;0,00;0,00;0,00;-0,02;0,00;0,00;353;70;85;26;32;531;423
8580;67,90;199,39;0,00;0,00;0,00;0,20;0,00;0,00;202;98;117;38;29;791;681
8581;24,87;-267,95;0,00;0,00;0,00;-0,27;0,00;0,00;146;134;180;40;29;794;873
8582;51,70;87,96;0,00;0,00;0,00;0,09;0,00;0,00;182;42;130;41;23;362;744
8583;60,22;155,05;0,00;0,00;0,00;0,16;0,00;0,00;294;157;129;26;39;455;675
8584;42,45;-53,10;0,00;0,00;0,00;-0,05;0,00;0,00;439;74;185;36;39;452;749
8585;36,97;-128,95;0,00;0,00;0,00;-0,13;0,00;0,00;59;46;166;11;33;224;817
8586;40,67;-29,53;0,00;0,00;0,00;-0,03;0,00;0,00;372;10;11;34;23;747;772
8587;50,69;-64,49;0,00;0,00;0,00;-0,06;0,00;0,00;229;39;82;24;15;220;709
8588;60,78;106,76;0,00;0,00;0,00;0,11;0,00;0,00;473;65;90;37;20;416;451
8589;51,12;-47,79;0,00;0,00;0,00;-0,05;0,00;0,00;297;187;113;39;19;798;425
8590;64,52;153,07;0,00;0,00;0,00;0,15;0,00;0,00;324;53;112;43;35;508;223
8591;70,73;180,41;0,00;0,00;0,00;0,18;0,00;0,00;142;88;184;44;39;360;875
8592;61,20;121,87;0,00;0,00;0,00;0,12;0,00;0,00;231;111;108;11;34;902;717
8593;44,90;-85,36;0,00;0,00;0,00;-0,09;0,00;0,00;17;59;46;33;15;884;125
8594;65,02;172,64;0,00;0,00;0,00;0,17;0,00;0,00;286;163;23;36;17;564;274
8595;77,69;383,29;0,00;0,00;0,00;0,38;0,00;0,00;357;54;44;41;26;695;530
8596;49,49;-30,07;0,00;0,00;0,00;-0,03;0,00;0,00;90;62;80;21;27;501;154
8597;48,32;-2,78;0,00;0,00;0,00;-0,00;0,00;0,00;233;108;167;23;19;411;916
8598;50,33;33,74;0,00;0,00;0,00;0,03;0,00;0,00;34;54;106;11;18;981;245
8599;46,70;-62,68;0,00;0,00;0,00;-0,06;0,00;0,00;138;14;69;23;28;884;300
8600;44,50;-49,30;0,00;0,00;0,00;-0,05;0,00;0,00;261;189;129;10;39;166;699
8601;69,35;248,83;0,00;0,00;0,00;0,25;0,00;0,00;303;174;12;10;39;552;994
8602;57,04;58,20;0,00;0,00;0,00;0,06;0,00;0,00;137;120;14;43;17;749;659
8603;57,98;60,96;0,00;0,00;0,00;0,06;0,00;0,00;103;184;100;45;27;840;616
8604;56,26;8,94;0,00;0,00;0,00;0,01;0,00;0,00;120;125;126;49;35;798;687
8605;26,48;-291,45;0,00;0,00;0,00;-0,29;0,00;0,00;444;158;116;47;26;317;768
8606;49,69;2,66;0,00;0,00;0,00;0,00;0,00;0,00;340;147;144;34;27;376;684
8607;4,79;-364,02;0,00;0,00;0,00;-0,36;0,00;0,00;63;168;131;27;38;940;936
8608;12,21;-469,25;0,00;0,00;0,00;-0,47;0,00;0,00;397;61;161;40;28;702;150
8609;53,09;79,29;0,00;0,00;0,00;0,08;0,00;0,00;363;114;37;28;35;500;652
8610;40,03;-131,66;0,00;0,00;0,00;-0,13;0,00;0,00;127;16;170;34;25;270;801
8611;30,92;-175,88;0,00;0,00;0,00;-0,18;0,00;0,00;31;38;109;14;20;845;774
8612;50,23;-46,33;0,00;0,00;0,00;-0,05;0,00;0,00;328;140;184;42;39;519;502
8613;79,08;327,25;0,00;0,00;0,00;0,33;0,00;0,00;36;44;136;19;31;345;665
8614;33,99;-207,82;0,00;0,00;0,00;-0,21;0,00;0,00;142;193;81;10;35;124;942
8615;35,42;-126,68;0,00;0,00;0,00;-0,13;0,00;0,00;187;29;168;32;37;828;224
8616;43,25;41,29;0,00;0,00;0,00;0,04;0,00;0,00;105;124;87;30;30;943;499
8617;52,56;53,56;0,00;0,00;0,00;0,05;0,00;0,00;323;52;59;18;30;961;595
8618;47,60;-59,51;0,00;0,00;0,00;-0,06;0,00;0,00;375;170;44;47;29;156;828
8619;30,54;-90,17;0,00;0,00;0,00;-0,09;0,00;0,00;21;177;125;35;22;533;943
8620;46,41;-26,53;0,00;0,00;0,00;-0,03;0,00;0,00;402;36;170;46;18;129;156
8621;64,74;228,34;0,00;0,00;0,00;0,23;0,00;0,00;226;97;184;31;35;202;791
8622;43,41;-12,16;0,00;0,00;0,00;-0,01;0,00;0,00;411;25;97;32;33;615;990
8623;62,09;121,52;0,00;0,00;0,00;0,12;0,00;0,00;330;120;155;19;19;996;459
8624;51,23;39,00;0,00;0,00;0,00;0,04;0,00;0,00;91;53;12;37;23;811;991
8625;61,19;67,11;0,00;0,00;0,00;0,07;0,00;0,00;324;48;138;48;25;166;614
8626;52,54;3,59;0,00;0,00;0,00;0,00;0,00;0,00;208;89;68;19;19;940;241
8627;42,74;-66,54;0,00;0,00;0,00;-0,07;0,00;0,00;216;30;99;37;30;906;862
8628;27,39;-196,39;0,00;0,00;0,00;-0,20;0,00;0,00;384;154;38;13;26;545;209
8629;60,75;122,61;0,00;0,00;0,00;0,12;0,00;0,00;357;54;76;26;24;666;313
8630;32,02;-158,94;0,00;0,00;0,00;-0,16;0,00;0,00;440;59;23;33;28;867;635
8631;42,70;6,76;0,00;0,00;0,00;0,01;0,00;0,00;497;70;79;32;26;294;601
8632;60,88;153,24;0,00;0,00;0,00;0,15;0,00;0,00;48;133;154;43;36;905;396
8633;58,88;61,01;0,00;0,00;0,00;0,06;0,00;0,00;62;84;161;38;19;553;945
8634;57,14;138,98;0,00;0,00;0,00;0,14;0,00;0,00;238;86;159;23;28;976;407
8635;57,74;103,69;0,00;0,00;0,00;0,10;0,00;0,00;394;65;132;24;24;612;738
8636;59,50;148,46;0,00;0,00;0,00;0,15;0,00;0,00;85;100;130;27;30;976;312
8637;52,35;70,64;0,00;0,00;0,00;0,07;0,00;0,00;397;164;175;14;38;485;292
8638;63,72;192,60;0,00;0,00;0,00;0,19;0,00;0,00;379;14;130;26;20;627;298
8639;50,52;-20,55;0,00;0,00;0,00;-0,02;0,00;0,00;316;120;104;13;25;110;247
8640;48,51;-31,32;0,00;0,00;0,00;-0,03;0,00;0,00;310;111;59;27;25;363;751
8641;24,61;-267,13;0,00;0,00;0,00;-0,27;0,00;0,00;485;51;32;21;15;481;272
8642;40,88;-87,06;0,00;0,00;0,00;-0,09;0,00;0,00;494;59;133;17;19;834;436
8643;40,80;-156,39;0,00;0,00;0,00;-0,16;0,00;0,00;222;123;126;13;29;904;833
8644;57,73;11,97;0,00;0,00;0,00;0,01;0,00;0,00;140;66;120;30;36;152;200
8645;57,22;64,76;0,00;0,00;0,00;0,06;0,00;0,00;177;24;31;36;35;834;559
8646;37,19;-197,60;0,00;0,00;0,00;-0,20;0,00;0,00;266;118;42;27;19;460;464
8647;60,22;90,95;0,00;0,00;0,00;0,09;0,00;0,00;108;181;127;42;24;217;398
8648;82,08;235,55;0,00;0,00;0,00;0,24;0,00;0,00;173;166;115;27;19;706;522
8649;37,33;-196,03;0,00;0,00;0,00;-0,20;0,00;0,00;296;132;128;46;29;390;878
8650;45,90;0,09;0,00;0,00;0,00;0,00;0,00;0,00;400;156;21;17;31;237;225
8651;76,66;342,08;0,00;0,00;0,00;0,34;0,00;0,00;493;43;38;23;35;540;900
8652;10,07;-542,41;0,00;0,00;0,00;-0,54;0,00;0,00;56;189;193;37;28;174;713
8653;40,40;-75,37;0,00;0,00;0,00;-0,08;0,00;0,00;426;141;88;44;27;979;846
8654;69,12;179,64;0,00;0,00;0,00;0,18;0,00;0,00;369;114;56;47;18;590;982
8655;59,50;89,42;0,00;0,00;0,00;0,09;0,00;0,00;73;107;159;47;26;145;429
8656;68,65;150,35;0,00;0,00;0,00;0,15;0,00;0,00;300;154;28;11;24;303;963
8657;40,80;-86,38;0,00;0,00;0,00;-0,09;0,00;0,00;38;21;49;11;26;357;330
8658;3,66;-416,34;0,00;0,00;0,00;-0,42;0,00;0,00;302;35;181;11;17;305;358
8659;60,61;20,47;0,00;0,00;0,00;0,02;0,00;0,00;390;199;78;45;30;950;638
8660;54,50;73,64;0,00;0,00;0,00;0,07;0,00;0,00;421;67;100;13;37;944;477
8661;46,52;53,02;0,00;0,00;0,00;0,05;0,00;0,00;160;59;91;22;21;699;776
8662;46,86;-7,79;0,00;0,00;0,00;-0,01;0,00;0,00;324;81;17;15;18;646;344
8663;63,71;151,35;0,00;0,00;0,00;0,15;0,00;0,00;278;133;145;18;27;397;616
8664;76,74;215,44;0,00;0,00;0,00;0,22;0,00;0,00;244;116;115;24;16;602;655
8665;24,61;-233,76;0,00;0,00;0,00;-0,23;0,00;0,00;57;109;182;28;19;442;682
8666;69,03;162,21;0,00;0,00;0,00;0,16;0,00;0,00;64;173;150;28;23;816;427
8667;65,75;121,83;0,00;0,00;0,00;0,12;0,00;0,00;471;75;163;44;24;638;993
8668;50,24;-0,92;0,00;0,00;0,00;-0,00;0,00;0,00;355;125;104;43;28;786;718
8669;47,13;-77,32;0,00;0,00;0,00;-0,08;0,00;0,00;132;54;177;28;18;695;154
8670;30,37;-191,92;0,00;0,00;0,00;-0,19;0,00;0,00;409;26;52;48;37;988;960
8671;63,03;204,73;0,00;0,00;0,00;0,20;0,00;0,00;281;113;70;22;39;635;273
8672;63,56;194,83;0,00;0,00;0,00;0,19;0,00;0,00;133;45;112;25;25;602;975
8673;48,90;14,03;0,00;0,00;0,00;0,01;0,00;0,00;366;79;170;45;33;480;563
8674;40,01;-177,46;0,00;0,00;0,00;-0,18;0,00;0,00;248;86;183;28;15;481;758
8675;54,11;50,67;0,00;0,00;0,00;0,05;0,00;0,00;87;56;114;12;29;811;340
8676;56,44;51,19;0,00;0,00;0,00;0,05;0,00;0,00;219;111;44;32;19;579;473
8677;50,51;-10,01;0,00;0,00;0,00;-0,01;0,00;0,00;195;50;188;45;21;948;783
8678;60,54;162,70;0,00;0,00;0,00;0,16;0,00;0,00;488;144;98;45;26;252;792
8679;84,89;347,31;0,00;0,00;0,00;0,35;0,00;0,00;259;147;165;26;30;225;966
8680;54,24;49,17;0,00;0,00;0,00;0,05;0,00;0,00;305;138;162;38;33;623;234
8681;32,91;-177,47;0,00;0,00;0,00;-0,18;0,00;0,00;272;55;37;13;20;115;555
8682;18,59;-360,37;0,00;0,00;0,00;-0,36;0,00;0,00;82;142;120;21;36;231;719
8683;55,48;99,59;0,00;0,00;0,00;0,10;0,00;0,00;119;53;166;35;38;335;848
8684;62,26;172,63;0,00;0,00;0,00;0,17;0,00;0,00;395;60;183;11;38;567;666
8685;50,08;-65,44;0,00;0,00;0,00;-0,07;0,00;0,00;106;52;93;44;15;959;338
8686;32,12;-122,49;0,00;0,00;0,00;-0,12;0,00;0,00;495;80;106;38;36;211;517
8687;42,05;-118,15;0,00;0,00;0,00;-0,12;0,00;0,00;152;143;47;35;35;891;840
8688;15,96;-351,03;0,00;0,00;0,00;-0,35;0,00;0,00;192;188;195;43;26;182;961
8689;44,72;2,85;0,00;0,00;0,00;0,00;0,00;0,00;485;166;166;27;39;953;487
8690;59,78;81,35;0,00;0,00;0,00;0,08;0,00;0,00;465;29;144;49;17;931;733
8691;41,75;-120,46;0,00;0,00;0,00;-0,12;0,00;0,00;67;163;186;24;39;320;136
8692;68,08;139,76;0,00;0,00;0,00;0,14;0,00;0,00;44;98;77;37;39;765;241
8693;42,16;-37,24;0,00;0,00;0,00;-0,04;0,00;0,00;132;194;132;26;39;403;659
8694;68,57;188,15;0,00;0,00;0,00;0,19;0,00;0,00;39;27;113;31;22;883;220
8695;41,65;-111,24;0,00;0,00;0,00;-0,11;0,00;0,00;228;119;166;40;22;274;317
8696;11,03;-464,28;0,00;0,00;0,00;-0,46;0,00;0,00;150;177;106;47;27;721;952
8697;56,52;71,91;0,00;0,00;0,00;0,07;0,00;0,00;108;118;183;12;36;678;716
8698;29,03;-168,32;0,00;0,00;0,00;-0,17;0,00;0,00;47;34;95;40;15;944;921
8699;13,81;-293,56;0,00;0,00;0,00;-0,29;0,00;0,00;473;130;133;42;32;204;955
8700;64,61;143,18;0,00;0,00;0,00;0,14;0,00;0,00;214;141;127;45;39;855;890
8701;65,39;249,61;0,00;0,00;0,00;0,25;0,00;0,00;206;142;153;31;32;528;994
8702;55,55;28,87;0,00;0,00;0,00;0,03;0,00;0,00;49;156;76;28;30;284;649
8703;32,16;-123,08;0,00;0,00;0,00;-0,12;0,00;0,00;329;171;164;20;32;994;619
8704;44,20;14,36;0,00;0,00;0,00;0,01;0,00;0,00;360;85;12;16;20;570;261
8705;64,94;133,83;0,00;0,00;0,00;0,13;0,00;0,00;376;31;170;35;20;814;937
8706;26,18;-213,88;0,00;0,00;0,00;-0,21;0,00;0,00;278;181;90;10;18;463;836
8707;51,07;-83,58;0,00;0,00;0,00;-0,08;0,00;0,00;237;10;30;15;26;553;497
8708;22,67;-175,37;0,00;0,00;0,00;-0,18;0,00;0,00;361;165;37;13;31;696;451
8709;47,20;-21,14;0,00;0,00;0,00;-0,02;0,00;0,00;198;129;95;29;33;155;122
8710;29,69;-148,52;0,00;0,00;0,00;-0,15;0,00;0,00;432;145;193;26;17;517;699
8711;47,97;-77,67;0,00;0,00;0,00;-0,08;0,00;0,00;356;15;45;10;23;719;574
8712;54,79;4,33;0,00;0,00;0,00;0,00;0,00;0,00;360;93;14;40;36;718;111
8713;38,19;-78,33;0,00;0,00;0,00;-0,08;0,00;0,00;475;48;16;13;33;424;864
8714;18,75;-291,45;0,00;0,00;0,00;-0,29;0,00;0,00;276;156;147;11;37;485;759
8715;60,82;90,87;0,00;0,00;0,00;0,09;0,00;0,00;317;74;26;20;36;963;202
8716;63,55;133,00;0,00;0,00;0,00;0,13;0,00;0,00;349;89;34;30;23;841;587
8717;78,62;305,69;0,00;0,00;0,00;0,31;0,00;0,00;370;72;113;37;35;393;248
8718;21,57;-351,33;0,00;0,00;0,00;-0,35;0,00;0,00;352;151;152;28;18;415;997
8719;66,65;179,91;0,00;0,00;0,00;0,18;0,00;0,00;441;88;160;13;37;833;800
8720;29,03;-207,72;0,00;0,00;0,00;-0,21;0,00;0,00;273;197;104;14;25;793;372
8721;67,00;183,17;0,00;0,00;0,00;0,18;0,00;0,00;161;38;134;44;28;847;162
8722;40,38;-90,36;0,00;0,00;0,00;-0,09;0,00;0,00;441;76;28;13;16;478;318
8723;32,91;-215,27;0,00;0,00;0,00;-0,22;0,00;0,00;368;185;135;29;15;776;533
8724;46,12;-2,13;0,00;0,00;0,00;-0,00;0,00;0,00;492;102;52;43;32;921;996
8725;72,08;273,80;0,00;0,00;0,00;0,27;0,00;0,00;370;68;75;30;31;835;722
8726;59,93;14,40;0,00;0,00;0,00;0,01;0,00;0,00;86;27;54;32;37;249;290
8727;20,37;-319,44;0,00;0,00;0,00;-0,32;0,00;0,00;265;187;157;10;24;514;283
8728;44,99;-88,43;0,00;0,00;0,00;-0,09;0,00;0,00;447;63;105;33;16;984;515
8729;78,88;301,61;0,00;0,00;0,00;0,30;0,00;0,00;116;135;34;18;23;357;347
8730;65,17;217,39;0,00;0,00;0,00;0,22;0,00;0,00;58;150;40;27;34;294;389
8731;71,16;301,66;0,00;0,00;0,00;0,30;0,00;0,00;266;94;136;25;18;573;490
8732;47,02;-88,01;0,00;0,00;0,00;-0,09;0,00;0,00;497;67;15;15;17;104;652
8733;58,44;11,25;0,00;0,00;0,00;0,01;0,00;0,00;114;32;188;43;19;183;739
8734;71,95;215,86;0,00;0,00;0,00;0,22;0,00;0,00;343;24;156;33;20;568;937
8735;35,54;-168,08;0,00;0,00;0,00;-0,17;0,00;0,00;202;29;51;28;38;295;670
8736;67,16;172,49;0,00;0,00;0,00;0,17;0,00;0,00;217;52;14;36;21;694;957
8737;40,62;-39,03;0,00;0,00;0,00;-0,04;0,00;0,00;214;134;156;30;39;773;413
8738;52,41;66,49;0,00;0,00;0,00;0,07;0,00;0,00;344;175;20;29;35;815;285
8739;84,34;404,87;0,00;0,00;0,00;0,40;0,00;0,00;102;52;176;24;19;614;459
8740;38,62;-118,77;0,00;0,00;0,00;-0,12;0,00;0,00;303;147;28;25;32;686;559
8741;26,50;-223,71;0,00;0,00;0,00;-0,22;0,00;0,00;160;176;59;16;16;867;243
8742;70,16;244,36;0,00;0,00;0,00;0,24;0,00;0,00;136;183;96;11;15;113;173
8743;54,93;-61,01;0,00;0,00;0,00;-0,06;0,00;0,00;18;173;94;46;29;132;572
8744;39,30;-180,36;0,00;0,00;0,00;-0,18;0,00;0,00;289;157;106;30;18;814;686
8745;54,48;72,97;0,00;0,00;0,00;0,07;0,00;0,00;94;134;190;30;30;296;266
8746;45,60;-31,72;0,00;0,00;0,00;-0,03;0,00;0,00;388;184;129;19;28;437;581
8747;43,35;-106,66;0,00;0,00;0,00;-0,11;0,00;0,00;83;99;114;14;35;211;691
8748;43,79;-59,68;0,00;0,00;0,00;-0,06;0,00;0,00;347;134;171;15;16;751;323
8749;60,40;121,14;0,00;0,00;0,00;0,12;0,00;0,00;307;172;15;23;36;630;751
8750;60,60;67,62;0,00;0,00;0,00;0,07;0,00;0,00;147;87;39;36;28;730;189
8751;67,29;133,18;0,00;0,00;0,00;0,13;0,00;0,00;196;170;152;34;28;207;849
8752;52,18;41,19;0,00;0,00;0,00;0,04;0,00;0,00;478;101;11;40;16;757;533
8753;53,75;30,03;0,00;0,00;0,00;0,03;0,00;0,00;449;22;131;23;23;160;768
8754;63,28;68,96;0,00;0,00;0,00;0,07;0,00;0,00;244;79;146;25;21;968;718
8755;51,71;63,92;0,00;0,00;0,00;0,06;0,00;0,00;49;155;118;24;28;310;815
8756;39,10;-88,12;0,00;0,00;0,00;-0,09;0,00;0,00;342;60;89;19;38;269;128
8757;42,20;47,73;0,00;0,00;0,00;0,05;0,00;0,00;13;175;193;10;17;281;379
8758;43,44;-128,25;0,00;0,00;0,00;-0,13;0,00;0,00;104;154;11;33;39;320;989
8759;82,07;345,56;0,00;0,00;0,00;0,35;0,00;0,00;250;40;148;31;19;247;641
8760;62,59;154,06;0,00;0,00;0,00;0,15;0,00;0,00;25;87;54;21;16;405;778
8761;51,34;43,87;0,00;0,00;0,00;0,04;0,00;0,00;282;63;177;32;17;442;915
8762;49,36;28,69;0,00;0,00;0,00;0,03;0,00;0,00;170;97;147;48;37;152;732
8763;23,21;-156,21;0,00;0,00;0,00;-0,16;0,00;0,00;459;168;99;36;31;661;675
8764;39,79;4,73;0,00;0,00;0,00;0,00;0,00;0,00;187;20;39;29;24;400;526
8765;11,87;-315,65;0,00;0,00;0,00;-0,32;0,00;0,00;188;38;167;29;27;620;144
8766;50,07;-29,97;0,00;0,00;0,00;-0,03;0,00;0,00;414;126;53;46;24;201;541
8767;50,64;4,68;0,00;0,00;0,00;0,00;0,00;0,00;446;161;123;30;16;708;157
8768;45,70;-17,85;0,00;0,00;0,00;-0,02;0,00;0,00;162;30;151;22;22;765;571
8769;30,37;-235,33;0,00;0,00;0,00;-0,24;0,00;0,00;157;154;171;30;26;621;950
8770;29,57;-158,56;0,00;0,00;0,00;-0,16;0,00;0,00;297;19;55;37;32;725;239
8771;21,47;-274,41;0,00;0,00;0,00;-0,27;0,00;0,00;181;185;181;29;17;689;115
8772;52,60;46,33;0,00;0,00;0,00;0,05;0,00;0,00;319;80;65;40;22;108;824
8773;54,05;162,44;0,00;0,00;0,00;0,16;0,00;0,00;327;166;68;15;18;804;117
8774;44,03;-55,17;0,00;0,00;0,00;-0,06;0,00;0,00;301;34;41;38;22;533;229
8775;88,18;436,38;0,00;0,00;0,00;0,44;0,00;0,00;390;41;122;13;36;490;295
8776;63,81;104,14;0,00;0,00;0,00;0,10;0,00;0,00;308;76;77;32;31;656;328
8777;66,67;114,08;0,00;0,00;0,00;0,11;0,00;0,00;398;185;16;10;20;291;689
8778;43,32;-15,56;0,00;0,00;0,00;-0,02;0,00;0,00;143;154;76;11;25;108;717
8779;61,14;144,30;0,00;0,00;0,00;0,14;0,00;0,00;86;20;114;46;15;750;115
8780;54,11;68,13;0,00;0,00;0,00;0,07;0,00;0,00;260;137;178;30;31;681;233
8781;56,98;36,88;0,00;0,00;0,00;0,04;0,00;0,00;163;54;159;40;35;840;687
8782;35,45;-202,82;0,00;0,00;0,00;-0,20;0,00;0,00;259;39;74;45;20;675;844
8783;46,87;-53,00;0,00;0,00;0,00;-0,05;0,00;0,00;444;190;190;43;17;403;903
8784;2,75;-469,15;0,00;0,00;0,00;-0,47;0,00;0,00;488;83;97;45;29;528;436
8785;58,07;36,40;0,00;0,00;0,00;0,04;0,00;0,00;107;107;109;24;15;801;470
8786;43,64;-145,72;0,00;0,00;0,00;-0,15;0,00;0,00;427;159;192;27;31;918;903
8787;43,64;-35,54;0,00;0,00;0,00;-0,04;0,00;0,00;321;171;113;48;34;935;553
8788;74,98;343,28;0,00;0,00;0,00;0,34;0,00;0,00;460;164;150;38;18;128;297
8789;60,24;-5,37;0,00;0,00;0,00;-0,01;0,00;0,00;408;74;150;29;23;280;773
8790;64,87;106,68;0,00;0,00;0,00;0,11;0,00;0,00;256;101;75;29;32;560;519
8791;37,71;-82,12;0,00;0,00;0,00;-0,08;0,00;0,00;455;92;86;34;28;767;906
8792;50,62;-49,11;0,00;0,00;0,00;-0,05;0,00;0,00;110;99;36;35;23;961;728
8793;39,09;-133,55;0,00;0,00;0,00;-0,13;0,00;0,00;144;168;33;19;27;334;159
8794;66,75;84,53;0,00;0,00;0,00;0,08;0,00;0,00;130;188;93;13;18;416;379
8795;73,44;215,24;0,00;0,00;0,00;0,22;0,00;0,00;102;144;55;29;19;911;908
8796;47,88;-33,42;0,00;0,00;0,00;-0,03;0,00;0,00;491;147;54;12;32;831;169
8797;52,53;11,54;0,00;0,00;0,00;0,01;0,00;0,00;436;85;76;33;37;321;275
8798;50,93;62,67;0,00;0,00;0,00;0,06;0,00;0,00;82;196;25;25;32;281;891
8799;76,47;264,19;0,00;0,00;0,00;0,26;0,00;0,00;392;192;128;37;16;703;977
8800;55,34;3,74;0,00;0,00;0,00;0,00;0,00;0,00;204;102;13;39;39;530;159
8801;51,52;18,31;0,00;0,00;0,00;0,02;0,00;0,00;181;20;129;24;33;611;986
8802;20,95;-272,38;0,00;0,00;0,00;-0,27;0,00;0,00;149;66;155;46;19;585;977
8803;46,21;-14,97;0,00;0,00;0,00;-0,01;0,00;0,00;262;27;108;44;15;539;823
8804;35,85;-158,56;0,00;0,00;0,00;-0,16;0,00;0,00;435;105;148;45;33;111;264
8805;61,97;82,29;0,00;0,00;0,00;0,08;0,00;0,00;479;130;100;35;25;218;493
8806;40,35;-109,05;0,00;0,00;0,00;-0,11;0,00;0,00;267;65;69;38;34;240;480
8807;46,05;81,43;0,00;0,00;0,00;0,08;0,00;0,00;143;72;195;48;36;410;293
8808;49,25;24,52;0,00;0,00;0,00;0,02;0,00;0,00;490;44;74;28;18;678;193
8809;54,11;63,03;0,00;0,00;0,00;0,06;0,00;0,00;383;69;175;34;20;666;764
8810;43,65;-107,53;0,00;0,00;0,00;-0,11;0,00;0,00;351;159;22;24;36;240;164
8811;39,98;-110,06;0,00;0,00;0,00;-0,11;0,00;0,00;307;11;116;38;27;916;424
8812;45,36;-51,55;0,00;0,00;0,00;-0,05;0,00;0,00;391;59;39;23;35;793;814
8813;52,14;41,48;0,00;0,00;0,00;0,04;0,00;0,00;423;111;156;35;33;208;625
8814;67,45;116,51;0,00;0,00;0,00;0,12;0,00;0,00;133;120;42;35;21;509;407
8815;51,99;-19,32;0,00;0,00;0,00;-0,02;0,00;0,00;196;137;144;43;15;112;437
8816;37,93;-170,82;0,00;0,00;0,00;-0,17;0,00;0,00;283;180;30;42;16;494;325
8817;49,15;-41,04;0,00;0,00;0,00;-0,04;0,00;0,00;139;86;184;23;27;584;327
8818;23,64;-258,85;0,00;0,00;0,00;-0,26;0,00;0,00;146;166;159;49;27;929;388
8819;54,03;122,28;0,00;0,00;0,00;0,12;0,00;0,00;379;46;65;35;19;525;842
8820;54,34;91,42;0,00;0,00;0,00;0,09;0,00;0,00;72;77;64;44;38;552;860
8821;48,96;9,69;0,00;0,00;0,00;0,01;0,00;0,00;391;115;136;11;34;775;623
8822;56,02;45,78;0,00;0,00;0,00;0,05;0,00;0,00;20;159;186;37;39;720;566
8823;15,60;-425,34;0,00;0,00;0,00;-0,43;0,00;0,00;149;128;45;39;28;887;107
8824;51,83;7,35;0,00;0,00;0,00;0,01;0,00;0,00;438;83;67;26;17;647;182
8825;46,74;-52,07;0,00;0,00;0,00;-0,05;0,00;0,00;135;173;162;27;16;265;933
8826;47,23;-26,93;0,00;0,00;0,00;-0,03;0,00;0,00;216;12;114;10;15;337;292
8827;67,16;202,72;0,00;0,00;0,00;0,20;0,00;0,00;333;116;128;40;31;416;947
8828;62,20;52,79;0,00;0,00;0,00;0,05;0,00;0,00;181;26;24;22;21;901;529
8829;52,73;-19,71;0,00;0,00;0,00;-0,02;0,00;0,00;494;77;135;26;17;144;648
8830;39,39;-76,54;0,00;0,00;0,00;-0,08;0,00;0,00;367;158;64;18;38;207;777
8831;13,92;-361,68;0,00;0,00;0,00;-0,36;0,00;0,00;453;65;89;23;38;134;203
8832;38,09;-127,55;0,00;0,00;0,00;-0,13;0,00;0,00;351;24;150;14;35;359;966
8833;49,93;52,05;0,00;0,00;0,00;0,05;0,00;0,00;37;188;127;42;31;983;527
8834;46,57;6,25;0,00;0,00;0,00;0,01;0,00;0,00;303;105;174;41;16;288;771
8835;26,50;-256,01;0,00;0,00;0,00;-0,26;0,00;0,00;315;196;17;18;31;844;208
8836;71,18;267,49;0,00;0,00;0,00;0,27;0,00;0,00;178;89;177;32;33;421;313
8837;64,39;121,44;0,00;0,00;0,00;0,12;0,00;0,00;366;119;19;36;24;907;615
8838;62,59;185,79;0,00;0,00;0,00;0,19;0,00;0,00;398;120;89;48;39;244;176
8839;61,02;56,01;0,00;0,00;0,00;0,06;0,00;0,00;133;21;75;24;17;887;604
8840;54,42;42,39;0,00;0,00;0,00;0,04;0,00;0,00;179;173;37;11;18;213;500
8841;71,83;197,39;0,00;0,00;0,00;0,20;0,00;0,00;17;22;108;12;22;948;538
8842;54,25;-25,56;0,00;0,00;0,00;-0,03;0,00;0,00;137;48;39;14;23;735;881
8843;65,14;132,61;0,00;0,00;0,00;0,13;0,00;0,00;355;178;36;37;36;184;597
8844;52,65;-2,94;0,00;0,00;0,00;-0,00;0,00;0,00;135;168;197;18;32;800;390
8845;34,02;-132,92;0,00;0,00;0,00;-0,13;0,00;0,00;481;31;90;24;34;410;386
8846;37,07;-93,12;0,00;0,00;0,00;-0,09;0,00;0,00;383;77;190;12;17;541;669
8847;56,67;19,36;0,00;0,00;0,00;0,02;0,00;0,00;20;195;51;46;29;822;719
8848;57,64;70,03;0,00;0,00;0,00;0,07;0,00;0,00;327;91;112;16;26;484;481
8849;53,76;86,97;0,00;0,00;0,00;0,09;0,00;0,00;364;147;139;15;34;512;776
8850;45,24;-47,74;0,00;0,00;0,00;-0,05;0,00;0,00;463;174;112;43;26;522;634
8851;40,42;-64,92;0,00;0,00;0,00;-0,06;0,00;0,00;11;101;80;42;16;122;693
8852;41,36;-1,86;0,00;0,00;0,00;-0,00;0,00;0,00;193;51;76;32;38;138;589
8853;43,15;-123,46;0,00;0,00;0,00;-0,12;0,00;0,00;396;40;78;48;31;251;924
8854;49,73;52,45;0,00;0,00;0,00;0,05;0,00;0,00;164;162;12;38;33;581;607
8855;15,79;-394,09;0,00;0,00;0,00;-0,39;0,00;0,00;166;122;159;28;34;428;665
8856;50,01;6,99;0,00;0,00;0,00;0,01;0,00;0,00;355;144;151;43;26;105;345
8857;54,66;94,05;0,00;0,00;0,00;0,09;0,00;0,00;369;85;140;32;35;553;950
8858;50,34;-66,09;0,00;0,00;0,00;-0,07;0,00;0,00;170;174;45;43;30;608;134
8859;38,41;-153,42;0,00;0,00;0,00;-0,15;0,00;0,00;375;62;185;35;24;934;262
8860;35,65;-34,33;0,00;0,00;0,00;-0,03;0,00;0,00;32;124;23;28;29;720;798
8861;39,54;-93,22;0,00;0,00;0,00;-0,09;0,00;0,00;172;108;35;20;26;257;509
8862;0,00;-487,72;0,00;0,00;0,00;-0,49;0,00;0,00;368;22;196;37;28;290;792
8863;65,23;141,23;0,00;0,00;0,00;0,14;0,00;0,00;248;181;22;38;37;138;550
8864;85,69;380,57;0,00;0,00;0,00;0,38;0,00;0,00;486;66;85;36;23;809;800
8865;41,72;-65,50;0,00;0,00;0,00;-0,07;0,00;0,00;73;194;37;17;26;216;857
8866;36,56;-109,97;0,00;0,00;0,00;-0,11;0,00;0,00;155;37;132;20;35;781;774
8867;41,94;-24,08;0,00;0,00;0,00;-0,02;0,00;0,00;432;110;93;45;33;585;407
8868;57,11;100,70;0,00;0,00;0,00;0,10;0,00;0,00;164;59;140;32;18;223;662
8869;57,74;163,82;0,00;0,00;0,00;0,16;0,00;0,00;406;150;172;40;24;158;637
8870;46,43;-6,10;0,00;0,00;0,00;-0,01;0,00;0,00;12;197;51;18;30;567;619
8871;60,91;37,33;0,00;0,00;0,00;0,04;0,00;0,00;392;102;164;43;30;948;588
8872;56,69;4,14;0,00;0,00;0,00;0,00;0,00;0,00;161;119;41;31;18;871;284
8873;74,06;274,08;0,00;0,00;0,00;0,27;0,00;0,00;365;17;139;48;32;724;584
8874;56,26;87,41;0,00;0,00;0,00;0,09;0,00;0,00;406;90;183;20;20;268;163
8875;49,41;77,91;0,00;0,00;0,00;0,08;0,00;0,00;56;65;31;15;19;640;590
8876;62,55;128,23;0,00;0,00;0,00;0,13;0,00;0,00;218;49;130;43;25;269;480
8877;42,22;-51,77;0,00;0,00;0,00;-0,05;0,00;0,00;96;78;34;11;25;920;912
8878;51,23;23,88;0,00;0,00;0,00;0,02;0,00;0,00;399;106;183;26;38;508;794
8879;44,43;-19,20;0,00;0,00;0,00;-0,02;0,00;0,00;420;28;84;43;26;758;123
8880;32,36;-153,28;0,00;0,00;0,00;-0,15;0,00;0,00;34;75;120;48;34;797;161
8881;41,85;-15,05;0,00;0,00;0,00;-0,02;0,00;0,00;43;35;130;15;33;450;720
8882;44,93;-21,53;0,00;0,00;0,00;-0,02;0,00;0,00;22;30;119;30;23;215;138
8883;65,79;228,81;0,00;0,00;0,00;0,23;0,00;0,00;192;71;46;26;32;465;581
8884;59,99;121,02;0,00;0,00;0,00;0,12;0,00;0,00;111;174;97;45;30;770;653
8885;56,45;69,76;0,00;0,00;0,00;0,07;0,00;0,00;419;190;122;31;37;131;768
8886;67,67;209,45;0,00;0,00;0,00;0,21;0,00;0,00;339;177;53;37;32;634;525
8887;63,90;105,73;0,00;0,00;0,00;0,11;0,00;0,00;223;111;73;41;39;794;678
8888;48,98;-23,72;0,00;0,00;0,00;-0,02;0,00;0,00;52;199;165;22;37;471;714
8889;43,00;-156,92;0,00;0,00;0,00;-0,16;0,00;0,00;189;72;194;22;34;188;509
8890;64,62;105,57;0,00;0,00;0,00;0,11;0,00;0,00;205;161;38;28;24;511;733
8891;62,51;164,59;0,00;0,00;0,00;0,16;0,00;0,00;154;139;181;10;35;882;972
8892;48,82;-41,75;0,00;0,00;0,00;-0,04;0,00;0,00;14;82;92;26;15;670;426
8893;39,56;-89,62;0,00;0,00;0,00;-0,09;0,00;0,00;389;148;50;13;28;915;603
8894;46,82;-35,80;0,00;0,00;0,00;-0,04;0,00;0,00;57;76;37;31;31;549;121
8895;56,43;76,12;0,00;0,00;0,00;0,08;0,00;0,00;105;44;92;23;35;185;269
8896;53,89;-8,67;0,00;0,00;0,00;-0,01;0,00;0,00;357;95;165;33;17;656;525
8897;83,49;349,74;0,00;0,00;0,00;0,35;0,00;0,00;351;165;144;22;23;355;501
8898;38,09;-236,50;0,00;0,00;0,00;-0,24;0,00;0,00;125;49;118;13;28;712;117
8899;42,40;-54,56;0,00;0,00;0,00;-0,05;0,00;0,00;198;162;38;23;34;952;972
8900;53,29;17,31;0,00;0,00;0,00;0,02;0,00;0,00;52;77;159;12;24;244;632
8901;50,55;25,11;0,00;0,00;0,00;0,03;0,00;0,00;188;103;138;24;17;608;610
8902;86,22;379,80;0,00;0,00;0,00;0,38;0,00;0,00;345;119;26;20;23;421;379
8903;41,04;-118,56;0,00;0,00;0,00;-0,12;0,00;0,00;437;157;45;45;21;244;248
8904;50,21;88,33;0,00;0,00;0,00;0,09;0,00;0,00;162;159;24;21;17;473;219
8905;53,85;5,38;0,00;0,00;0,00;0,01;0,00;0,00;68;129;21;42;27;112;869
8906;48,21;-76,39;0,00;0,00;0,00;-0,08;0,00;0,00;475;57;193;36;15;603;794
8907;34,84;-103,53;0,00;0,00;0,00;-0,10;0,00;0,00;183;41;70;37;38;945;786
8908;45,87;-6,85;0,00;0,00;0,00;-0,01;0,00;0,00;293;11;114;42;37;680;586
8909;61,56;101,82;0,00;0,00;0,00;0,10;0,00;0,00;45;131;39;42;30;902;547
8910;35,20;-113,29;0,00;0,00;0,00;-0,11;0,00;0,00;391;59;90;45;33;468;674
8911;60,58;113,48;0,00;0,00;0,00;0,11;0,00;0,00;458;40;76;31;39;597;889
8912;49,65;49,52;0,00;0,00;0,00;0,05;0,00;0,00;44;100;198;38;21;506;432
8913;54,98;98,57;0,00;0,00;0,00;0,10;0,00;0,00;38;138;17;44;33;580;395
8914;48,76;-38,51;0,00;0,00;0,00;-0,04;0,00;0,00;234;141;31;34;20;840;945
8915;40,94;-65,79;0,00;0,00;0,00;-0,07;0,00;0,00;347;12;39;41;29;691;705
8916;74,42;179,00;0,00;0,00;0,00;0,18;0,00;0,00;77;40;77;13;27;383;275
8917;39,34;-73,30;0,00;0,00;0,00;-0,07;0,00;0,00;331;178;87;38;29;922;429
8918;66,88;136,12;0,00;0,00;0,00;0,14;0,00;0,00;410;163;103;43;23;972;573
8919;42,21;-96,01;0,00;0,00;0,00;-0,10;0,00;0,00;69;174;114;42;30;172;215
8920;32,52;-112,83;0,00;0,00;0,00;-0,11;0,00;0,00;285;185;177;12;32;938;635
8921;21,73;-286,23;0,00;0,00;0,00;-0,29;0,00;0,00;39;83;151;47;19;964;258
8922;62,69;128,64;0,00;0,00;0,00;0,13;0,00;0,00;284;84;134;12;21;392;452
8923;46,03;-39,20;0,00;0,00;0,00;-0,04;0,00;0,00;38;158;136;36;27;976;182
8924;39,25;-102,10;0,00;0,00;0,00;-0,10;0,00;0,00;470;196;42;42;18;798;539
8925;25,55;-225,68;0,00;0,00;0,00;-0,23;0,00;0,00;180;168;161;14;38;541;828
8926;47,41;-42,33;0,00;0,00;0,00;-0,04;0,00;0,00;398;34;62;34;15;701;617
8927;53,27;7,29;0,00;0,00;0,00;0,01;0,00;0,00;253;174;45;33;34;154;387
8928;82,98;423,14;0,00;0,00;0,00;0,42;0,00;0,00;198;56;103;10;35;779;787
8929;59,68;102,08;0,00;0,00;0,00;0,10;0,00;0,00;470;99;159;36;16;841;262
8930;65,39;134,30;0,00;0,00;0,00;0,13;0,00;0,00;62;148;167;28;36;348;631
8931;51,75;1,64;0,00;0,00;0,00;0,00;0,00;0,00;252;83;115;12;20;870;624
8932;37,60;-74,96;0,00;0,00;0,00;-0,07;0,00;0,00;299;156;188;10;27;141;820
8933;37,34;-149,16;0,00;0,00;0,00;-0,15;0,00;0,00;62;177;22;24;37;666;727
8934;33,59;-117,96;0,00;0,00;0,00;-0,12;0,00;0,00;231;85;172;35;22;881;151
8935;11,47;-422,63;0,00;0,00;0,00;-0,42;0,00;0,00;484;147;126;24;15;649;769
8936;26,19;-238,62;0,00;0,00;0,00;-0,24;0,00;0,00;44;83;109;45;24;518;463
8937;48,40;5,80;0,00;0,00;0,00;0,01;0,00;0,00;231;29;90;41;37;997;509
8938;52,12;35,29;0,00;0,00;0,00;0,04;0,00;0,00;193;19;171;13;33;254;867
8939;83,56;249,22;0,00;0,00;0,00;0,25;0,00;0,00;167;172;72;23;28;537;837
8940;45,05;-36,24;0,00;0,00;0,00;-0,04;0,00;0,00;203;188;116;31;20;569;367
8941;34,83;-177,35;0,00;0,00;0,00;-0,18;0,00;0,00;415;95;176;21;24;801;284
8942;46,81;-99,02;0,00;0,00;0,00;-0,10;0,00;0,00;320;80;141;39;36;667;838
8943;55,08;26,83;0,00;0,00;0,00;0,03;0,00;0,00;247;35;15;40;33;450;990
8944;29,97;-297,10;0,00;0,00;0,00;-0,30;0,00;0,00;90;142;61;44;17;591;822
8945;73,75;157,49;0,00;0,00;0,00;0,16;0,00;0,00;399;17;107;34;29;449;668
8946;63,25;112,15;0,00;0,00;0,00;0,11;0,00;0,00;238;13;153;26;22;392;171
8947;49,99;36,27;0,00;0,00;0,00;0,04;0,00;0,00;111;110;72;29;33;107;238
8948;55,19;177,46;0,00;0,00;0,00;0,18;0,00;0,00;281;169;145;10;17;320;458
8949;87,26;453,19;0,00;0,00;0,00;0,45;0,00;0,00;193;81;34;24;27;507;665
8950;41,56;-35,92;0,00;0,00;0,00;-0,04;0,00;0,00;250;177;86;41;36;409;584
8951;43,45;-88,12;0,00;0,00;0,00;-0,09;0,00;0,00;169;38;173;20;31;308;872
8952;51,10;-28,06;0,00;0,00;0,00;-0,03;0,00;0,00;411;157;82;14;21;376;711
8953;46,56;-92,92;0,00;0,00;0,00;-0,09;0,00;0,00;492;153;129;35;17;403;554
8954;13,19;-418,68;0,00;0,00;0,00;-0,42;0,00;0,00;420;38;48;26;39;200;356
8955;38,02;-202,98;0,00;0,00;0,00;-0,20;0,00;0,00;459;67;123;25;33;584;734
8956;49,99;-53,97;0,00;0,00;0,00;-0,05;0,00;0,00;126;135;48;38;26;852;761
8957;35,11;-74,75;0,00;0,00;0,00;-0,07;0,00;0,00;353;84;195;49;35;631;183
8958;92,32;429,49;0,00;0,00;0,00;0,43;0,00;0,00;396;140;101;30;16;871;518
8959;50,12;-56,79;0,00;0,00;0,00;-0,06;0,00;0,00;86;74;42;27;32;549;730
8960;51,51;-39,87;0,00;0,00;0,00;-0,04;0,00;0,00;262;199;19;22;30;610;296
8961;50,77;-28,32;0,00;0,00;0,00;-0,03;0,00;0,00;115;68;188;24;25;306;227
8962;63,00;172,72;0,00;0,00;0,00;0,17;0,00;0,00;168;182;71;43;18;780;237
8963;18,35;-257,98;0,00;0,00;0,00;-0,26;0,00;0,00;381;79;77;39;31;773;971
8964;48,13;-33,50;0,00;0,00;0,00;-0,03;0,00;0,00;82;128;178;40;23;553;932
8965;29,94;-223,94;0,00;0,00;0,00;-0,22;0,00;0,00;177;21;150;14;32;939;985
8966;58,78;15,59;0,00;0,00;0,00;0,02;0,00;0,00;246;40;83;28;32;140;680
8967;53,57;6,29;0,00;0,00;0,00;0,01;0,00;0,00;60;149;69;45;37;760;908
8968;57,79;22,94;0,00;0,00;0,00;0,02;0,00;0,00;272;77;81;22;21;756;993
8969;26,02;-271,11;0,00;0,00;0,00;-0,27;0,00;0,00;490;131;36;25;39;258;948
8970;38,31;-38,92;0,00;0,00;0,00;-0,04;0,00;0,00;159;89;13;24;35;234;626
8971;60,69;141,00;0,00;0,00;0,00;0,14;0,00;0,00;128;68;78;25;36;897;920
8972;48,12;-71,22;0,00;0,00;0,00;-0,07;0,00;0,00;28;86;139;14;19;281;954
8973;74,98;288,28;0,00;0,00;0,00;0,29;0,00;0,00;31;37;97;45;28;243;400
8974;61,53;133,64;0,00;0,00;0,00;0,13;0,00;0,00;317;163;95;43;17;356;945
8975;33,92;-162,06;0,00;0,00;0,00;-0,16;0,00;0,00;364;172;124;33;34;617;138
8976;16,27;-337,32;0,00;0,00;0,00;-0,34;0,00;0,00;210;196;54;24;24;845;376
8977;47,78;38,59;0,00;0,00;0,00;0,04;0,00;0,00;460;20;41;10;23;763;242
8978;74,36;274,95;0,00;0,00;0,00;0,27;0,00;0,00;59;112;28;33;22;736;304
8979;58,12;80,89;0,00;0,00;0,00;0,08;0,00;0,00;496;192;158;13;25;634;818
8980;55,00;124,14;0,00;0,00;0,00;0,12;0,00;0,00;253;19;167;42;20;274;966
8981;56,49;71,06;0,00;0,00;0,00;0,07;0,00;0,00;325;25;39;17;20;767;267
8982;29,01;-240,78;0,00;0,00;0,00;-0,24;0,00;0,00;214;84;70;25;38;388;173
8983;67,08;190,06;0,00;0,00;0,00;0,19;0,00;0,00;142;51;33;42;17;399;376
8984;68,36;147,49;0,00;0,00;0,00;0,15;0,00;0,00;231;60;73;20;22;206;239
8985;36,20;-164,73;0,00;0,00;0,00;-0,16;0,00;0,00;389;57;132;15;21;417;670
8986;41,05;-17,92;0,00;0,00;0,00;-0,02;0,00;0,00;475;138;193;18;20;272;399
8987;61,02;39,56;0,00;0,00;0,00;0,04;0,00;0,00;437;97;13;42;28;347;244
8988;51,70;43,94;0,00;0,00;0,00;0,04;0,00;0,00;298;69;77;39;22;645;335
8989;60,05;215,09;0,00;0,00;0,00;0,22;0,00;0,00;65;70;184;37;20;476;138
8990;48,63;39,77;0,00;0,00;0,00;0,04;0,00;0,00;161;147;144;35;36;806;570
8991;22,50;-287,85;0,00;0,00;0,00;-0,29;0,00;0,00;424;43;17;13;37;268;969
8992;47,53;-52,67;0,00;0,00;0,00;-0,05;0,00;0,00;105;70;90;20;19;896;809
8993;54,96;80,15;0,00;0,00;0,00;0,08;0,00;0,00;124;161;148;19;18;125;971
8994;53,21;77,37;0,00;0,00;0,00;0,08;0,00;0,00;100;138;60;28;34;635;852
8995;48,43;83,25;0,00;0,00;0,00;0,08;0,00;0,00;134;132;43;49;18;813;275
8996;44,78;19,15;0,00;0,00;0,00;0,02;0,00;0,00;171;96;51;11;30;815;230
8997;49,71;-27,14;0,00;0,00;0,00;-0,03;0,00;0,00;232;138;88;16;22;187;383
8998;51,46;-21,78;0,00;0,00;0,00;-0,02;0,00;0,00;288;179;36;38;30;629;309
8999;48,21;44,27;0,00;0,00;0,00;0,04;0,00;0,00;85;156;195;31;32;371;829
9000;52,19;53,13;0,00;0,00;0,00;0,05;0,00;0,00;98;122;79;33;25;761;130
9001;68,15;117,91;0,00;0,00;0,00;0,12;0,00;0,00;495;27;120;47;37;357;898
9002;45,04;-5,21;0,00;0,00;0,00;-0,01;0,00;0,00;487;100;136;10;23;626;388
9003;35,00;-191,56;0,00;0,00;0,00;-0,19;0,00;0,00;352;78;197;34;18;112;503
9004;30,00;-180,58;0,00;0,00;0,00;-0,18;0,00;0,00;425;167;25;13;25;751;853
9005;51,05;60,69;0,00;0,00;0,00;0,06;0,00;0,00;201;39;25;35;27;885;305
9006;61,82;83,12;0,00;0,00;0,00;0,08;0,00;0,00;300;27;28;34;23;182;985
9007;44,37;-2,42;0,00;0,00;0,00;-0,00;0,00;0,00;426;170;78;45;32;507;477
9008;51,34;84,06;0,00;0,00;0,00;0,08;0,00;0,00;19;51;194;10;21;395;375
9009;29,82;-197,95;0,00;0,00;0,00;-0,20;0,00;0,00;335;90;29;11;39;240;291
9010;52,60;105,56;0,00;0,00;0,00;0,11;0,00;0,00;26;141;195;48;15;481;979
9011;42,93;-57,77;0,00;0,00;0,00;-0,06;0,00;0,00;298;34;188;20;32;802;282
9012;63,57;120,03;0,00;0,00;0,00;0,12;0,00;0,00;275;171;19;17;17;384;987
9013;18,78;-220,90;0,00;0,00;0,00;-0,22;0,00;0,00;257;39;12;17;22;144;532
9014;61,08;141,31;0,00;0,00;0,00;0,14;0,00;0,00;437;137;108;15;15;207;309
9015;54,23;53,33;0,00;0,00;0,00;0,05;0,00;0,00;358;79;53;22;35;533;788
9016;39,09;-73,21;0,00;0,00;0,00;-0,07;0,00;0,00;164;17;84;10;34;759;435
9017;32,41;-191,90;0,00;0,00;0,00;-0,19;0,00;0,00;347;114;133;12;24;528;323
9018;45,33;-57,92;0,00;0,00;0,00;-0,06;0,00;0,00;138;41;83;33;29;114;811
9019;70,88;131,95;0,00;0,00;0,00;0,13;0,00;0,00;257;187;154;26;27;651;926
9020;56,24;107,78;0,00;0,00;0,00;0,11;0,00;0,00;301;120;38;47;39;739;301
9021;75,59;178,34;0,00;0,00;0,00;0,18;0,00;0,00;119;93;143;29;18;361;763
9022;44,35;-79,63;0,00;0,00;0,00;-0,08;0,00;0,00;328;154;191;34;15;107;930
9023;34,08;-236,28;0,00;0,00;0,00;-0,24;0,00;0,00;212;21;127;12;18;442;850
9024;40,72;-38,30;0,00;0,00;0,00;-0,04;0,00;0,00;417;183;83;29;24;677;383
9025;35,78;-81,56;0,00;0,00;0,00;-0,08;0,00;0,00;104;132;94;34;32;446;227
9026;66,49;206,74;0,00;0,00;0,00;0,21;0,00;0,00;461;159;64;38;25;823;259
9027;49,60;-10,48;0,00;0,00;0,00;-0,01;0,00;0,00;458;169;192;38;15;989;798
9028;72,73;156,30;0,00;0,00;0,00;0,16;0,00;0,00;192;147;79;47;15;609;271
9029;48,09;-10,30;0,00;0,00;0,00;-0,01;0,00;0,00;85;53;85;33;22;914;606
9030;42,48;-32,82;0,00;0,00;0,00;-0,03;0,00;0,00;319;191;104;34;30;751;110
9031;64,37;96,91;0,00;0,00;0,00;0,10;0,00;0,00;332;164;80;28;32;643;644
9032;34,77;-167,09;0,00;0,00;0,00;-0,17;0,00;0,00;389;71;30;47;35;721;353
9033;39,69;-136,47;0,00;0,00;0,00;-0,14;0,00;0,00;498;176;75;29;23;844;107
9034;39,30;-84,72;0,00;0,00;0,00;-0,08;0,00;0,00;364;129;46;23;15;654;489
9035;59,28;15,57;0,00;0,00;0,00;0,02;0,00;0,00;179;36;112;17;32;877;858
9036;34,83;-171,16;0,00;0,00;0,00;-0,17;0,00;0,00;306;71;173;26;28;177;876
9037;82,43;394,30;0,00;0,00;0,00;0,39;0,00;0,00;478;124;64;20;38;459;962
9038;45,95;-112,82;0,00;0,00;0,00;-0,11;0,00;0,00;321;39;27;32;27;915;504
9039;36,23;-35,40;0,00;0,00;0,00;-0,04;0,00;0,00;469;46;198;34;27;880;402
9040;33,13;-154,97;0,00;0,00;0,00;-0,15;0,00;0,00;245;118;154;13;27;972;807
9041;64,06;100,45;0,00;0,00;0,00;0,10;0,00;0,00;380;23;112;27;35;920;765
9042;38,64;-146,47;0,00;0,00;0,00;-0,15;0,00;0,00;84;74;115;40;33;907;916
9043;40,91;-20,77;0,00;0,00;0,00;-0,02;0,00;0,00;133;49;87;27;15;196;939
9044;58,37;114,01;0,00;0,00;0,00;0,11;0,00;0,00;352;186;124;38;17;411;990
9045;23,85;-313,56;0,00;0,00;0,00;-0,31;0,00;0,00;273;41;131;18;35;921;256
9046;55,24;53,31;0,00;0,00;0,00;0,05;0,00;0,00;196;148;118;24;29;577;667
9047;70,94;81,13;0,00;0,00;0,00;0,08;0,00;0,00;216;145;182;41;30;986;635
9048;59,70;114,64;0,00;0,00;0,00;0,11;0,00;0,00;134;146;110;28;37;464;214
9049;67,40;288,25;0,00;0,00;0,00;0,29;0,00;0,00;443;59;35;42;34;135;833
9050;72,38;208,80;0,00;0,00;0,00;0,21;0,00;0,00;477;39;45;18;17;294;470
9051;66,59;27,55;0,00;0,00;0,00;0,03;0,00;0,00;258;24;194;23;30;701;993
9052;38,89;62,86;0,00;0,00;0,00;0,06;0,00;0,00;211;25;56;34;15;502;630
9053;73,59;243,09;0,00;0,00;0,00;0,24;0,00;0,00;216;95;75;24;29;199;102
9054;47,38;31,46;0,00;0,00;0,00;0,03;0,00;0,00;400;158;112;37;24;618;274
9055;46,91;-78,22;0,00;0,00;0,00;-0,08;0,00;0,00;353;197;68;23;30;527;652
9056;60,26;104,07;0,00;0,00;0,00;0,10;0,00;0,00;213;69;145;11;30;643;710
9057;52,85;58,50;0,00;0,00;0,00;0,06;0,00;0,00;130;136;58;43;19;895;406
9058;23,62;-238,28;0,00;0,00;0,00;-0,24;0,00;0,00;495;160;104;40;29;578;460
9059;50,15;40,51;0,00;0,00;0,00;0,04;0,00;0,00;411;177;189;48;37;277;591
9060;46,83;-121,43;0,00;0,00;0,00;-0,12;0,00;0,00;224;49;174;45;39;301;311
9061;68,66;264,08;0,00;0,00;0,00;0,26;0,00;0,00;378;119;158;45;29;506;496
9062;49,25;11,31;0,00;0,00;0,00;0,01;0,00;0,00;70;55;72;16;32;660;911
9063;59,16;102,89;0,00;0,00;0,00;0,10;0,00;0,00;417;45;114;36;29;431;566
9064;51,95;-40,60;0,00;0,00;0,00;-0,04;0,00;0,00;224;105;14;25;29;940;967
9065;38,38;-60,48;0,00;0,00;0,00;-0,06;0,00;0,00;29;125;83;48;28;286;947
9066;70,59;235,22;0,00;0,00;0,00;0,24;0,00;0,00;47;76;199;28;26;845;818
9067;36,49;-157,28;0,00;0,00;0,00;-0,16;0,00;0,00;191;105;125;29;16;484;140
9068;28,57;-246,72;0,00;0,00;0,00;-0,25;0,00;0,00;51;137;190;48;25;169;740
9069;59,89;43,63;0,00;0,00;0,00;0,04;0,00;0,00;452;125;20;40;20;933;644
9070;50,37;27,50;0,00;0,00;0,00;0,03;0,00;0,00;268;108;160;43;23;740;513
9071;44,08;-121,38;0,00;0,00;0,00;-0,12;0,00;0,00;492;73;12;21;19;817;159
9072;59,30;43,88;0,00;0,00;0,00;0,04;0,00;0,00;293;136;95;32;24;483;114
9073;51,64;9,78;0,00;0,00;0,00;0,01;0,00;0,00;112;72;176;25;35;896;735
9074;58,41;85,62;0,00;0,00;0,00;0,09;0,00;0,00;335;180;22;21;30;108;519
9075;64,42;220,65;0,00;0,00;0,00;0,22;0,00;0,00;431;147;168;15;37;732;475
9076;60,81;35,99;0,00;0,00;0,00;0,04;0,00;0,00;154;196;23;45;39;739;639
9077;53,08;-78,07;0,00;0,00;0,00;-0,08;0,00;0,00;151;53;13;40;32;570;786
9078;41,14;-121,87;0,00;0,00;0,00;-0,12;0,00;0,00;151;65;179;39;35;375;853
9079;50,88;19,12;0,00;0,00;0,00;0,02;0,00;0,00;28;122;135;24;32;157;697
9080;52,83;16,04;0,00;0,00;0,00;0,02;0,00;0,00;368;126;121;15;30;491;366
9081;52,59;-18,43;0,00;0,00;0,00;-0,02;0,00;0,00;296;196;87;19;23;885;607
9082;35,71;-143,91;0,00;0,00;0,00;-0,14;0,00;0,00;395;134;107;12;25;518;209
9083;34,20;-193,58;0,00;0,00;0,00;-0,19;0,00;0,00;168;141;28;12;18;348;668
9084;40,72;-16,47;0,00;0,00;0,00;-0,02;0,00;0,00;494;158;139;14;33;273;286
9085;30,45;-180,41;0,00;0,00;0,00;-0,18;0,00;0,00;209;108;71;26;32;841;403
9086;63,82;138,94;0,00;0,00;0,00;0,14;0,00;0,00;470;138;190;40;15;337;103
9087;48,94;70,79;0,00;0,00;0,00;0,07;0,00;0,00;342;53;48;20;19;925;258
9088;40,45;-120,07;0,00;0,00;0,00;-0,12;0,00;0,00;117;80;67;45;17;947;148
9089;35,70;-161,85;0,00;0,00;0,00;-0,16;0,00;0,00;69;176;59;34;17;665;178
9090;53,53;-28,22;0,00;0,00;0,00;-0,03;0,00;0,00;439;170;78;24;32;196;186
9091;44,08;-71,45;0,00;0,00;0,00;-0,07;0,00;0,00;429;88;96;16;35;628;366
9092;74,08;230,29;0,00;0,00;0,00;0,23;0,00;0,00;105;108;194;43;27;242;928
9093;45,26;-108,37;0,00;0,00;0,00;-0,11;0,00;0,00;140;158;24;26;20;529;350
9094;36,45;-161,93;0,00;0,00;0,00;-0,16;0,00;0,00;130;17;89;25;35;736;421
9095;37,67;-88,85;0,00;0,00;0,00;-0,09;0,00;0,00;385;192;198;25;17;283;872
9096;32,80;-226,65;0,00;0,00;0,00;-0,23;0,00;0,00;99;191;51;30;28;425;342
9097;93,68;461,38;0,00;0,00;0,00;0,46;0,00;0,00;274;185;170;29;34;123;385
9098;51,49;-23,05;0,00;0,00;0,00;-0,02;0,00;0,00;317;66;196;37;18;352;334
9099;62,89;144,01;0,00;0,00;0,00;0,14;0,00;0,00;134;12;143;23;31;111;749
9100;29,67;-173,02;0,00;0,00;0,00;-0,17;0,00;0,00;400;22;84;41;36;577;685
9101;29,66;-92,58;0,00;0,00;0,00;-0,09;0,00;0,00;111;79;162;29;24;593;741
9102;73,05;166,32;0,00;0,00;0,00;0,17;0,00;0,00;412;107;146;17;15;773;697
9103;89,66;324,73;0,00;0,00;0,00;0,32;0,00;0,00;43;157;23;25;24;945;197
9104;39,06;-113,56;0,00;0,00;0,00;-0,11;0,00;0,00;300;53;37;12;17;617;448
9105;65,60;188,02;0,00;0,00;0,00;0,19;0,00;0,00;152;173;20;23;17;337;159
9106;68,39;261,47;0,00;0,00;0,00;0,26;0,00;0,00;408;21;78;37;38;454;301
9107;46,62;-75,29;0,00;0,00;0,00;-0,08;0,00;0,00;38;135;150;10;38;213;595
9108;47,13;19,86;0,00;0,00;0,00;0,02;0,00;0,00;407;43;100;28;25;274;828
9109;63,16;96,54;0,00;0,00;0,00;0,10;0,00;0,00;486;195;188;26;25;508;665
9110;66,36;159,66;0,00;0,00;0,00;0,16;0,00;0,00;102;53;83;31;18;129;533
9111;62,70;94,33;0,00;0,00;0,00;0,09;0,00;0,00;313;170;94;42;28;213;288
9112;61,54;235,72;0,00;0,00;0,00;0,24;0,00;0,00;200;103;106;48;36;509;253
9113;29,40;-288,02;0,00;0,00;0,00;-0,29;0,00;0,00;67;80;36;16;18;616;939
9114;27,86;-190,80;0,00;0,00;0,00;-0,19;0,00;0,00;185;199;148;28;25;203;371
9115;30,90;-146,09;0,00;0,00;0,00;-0,15;0,00;0,00;67;154;60;27;34;939;548
9116;28,28;-257,30;0,00;0,00;0,00;-0,26;0,00;0,00;283;77;150;32;34;772;559
9117;59,97;70,03;0,00;0,00;0,00;0,07;0,00;0,00;383;31;70;31;23;352;957
9118;47,50;-134,51;0,00;0,00;0,00;-0,13;0,00;0,00;491;78;193;29;34;403;126
9119;65,78;165,96;0,00;0,00;0,00;0,17;0,00;0,00;389;100;129;21;21;321;275
9120;50,25;-15,98;0,00;0,00;0,00;-0,02;0,00;0,00;226;86;159;42;38;523;378
9121;52,16;29,42;0,00;0,00;0,00;0,03;0,00;0,00;169;66;181;44;23;106;865
9122;38,73;-158,61;0,00;0,00;0,00;-0,16;0,00;0,00;322;40;93;47;16;320;310
9123;41,17;37,33;0,00;0,00;0,00;0,04;0,00;0,00;26;89;169;19;16;485;793
9124;76,73;285,04;0,00;0,00;0,00;0,29;0,00;0,00;158;191;194;43;23;447;686
9125;46,74;29,31;0,00;0,00;0,00;0,03;0,00;0,00;74;151;152;27;37;946;166
9126;63,49;109,96;0,00;0,00;0,00;0,11;0,00;0,00;153;160;64;41;15;549;262
9127;67,73;260,95;0,00;0,00;0,00;0,26;0,00;0,00;330;185;117;21;28;847;607
9128;23,79;-247,77;0,00;0,00;0,00;-0,25;0,00;0,00;138;185;100;46;38;416;594
9129;44,39;-60,93;0,00;0,00;0,00;-0,06;0,00;0,00;115;150;164;46;30;443;161
9130;52,56;107,13;0,00;0,00;0,00;0,11;0,00;0,00;233;127;24;48;38;663;888
9131;52,33;-95,61;0,00;0,00;0,00;-0,10;0,00;0,00;495;63;91;10;32;265;198
9132;57,95;150,14;0,00;0,00;0,00;0,15;0,00;0,00;485;53;109;31;38;293;409
9133;31,27;-186,64;0,00;0,00;0,00;-0,19;0,00;0,00;309;132;125;30;17;717;185
9134;73,00;190,47;0,00;0,00;0,00;0,19;0,00;0,00;311;72;153;20;38;435;664
9135;49,97;-30,82;0,00;0,00;0,00;-0,03;0,00;0,00;392;195;154;39;36;912;267
9136;53,39;100,18;0,00;0,00;0,00;0,10;0,00;0,00;404;178;23;12;38;809;997
9137;50,82;31,92;0,00;0,00;0,00;0,03;0,00;0,00;159;176;66;42;26;972;490
9138;9,77;-447,71;0,00;0,00;0,00;-0,45;0,00;0,00;187;95;107;32;21;219;658
9139;21,01;-289,28;0,00;0,00;0,00;-0,29;0,00;0,00;29;70;67;41;17;149;600
9140;4,89;-413,79;0,00;0,00;0,00;-0,41;0,00;0,00;147;62;94;41;39;269;444
9141;11,50;-381,46;0,00;0,00;0,00;-0,38;0,00;0,00;317;174;134;19;27;152;727
9142;72,85;210,17;0,00;0,00;0,00;0,21;0,00;0,00;255;46;189;17;37;992;693
9143;29,89;-118,90;0,00;0,00;0,00;-0,12;0,00;0,00;220;40;11;38;25;762;214
9144;61,24;160,14;0,00;0,00;0,00;0,16;0,00;0,00;469;112;138;22;38;128;758
9145;47,32;2,22;0,00;0,00;0,00;0,00;0,00;0,00;196;49;19;46;37;248;139
9146;36,88;-179,07;0,00;0,00;0,00;-0,18;0,00;0,00;352;178;90;24;35;604;697
9147;40,87;-172,61;0,00;0,00;0,00;-0,17;0,00;0,00;416;40;125;33;30;711;514
9148;60,22;192,75;0,00;0,00;0,00;0,19;0,00;0,00;469;25;41;32;34;293;926
9149;36,48;-95,47;0,00;0,00;0,00;-0,10;0,00;0,00;172;98;70;31;39;384;728
9150;41,78;-26,24;0,00;0,00;0,00;-0,03;0,00;0,00;117;63;146;22;23;148;432
9151;51,63;33,19;0,00;0,00;0,00;0,03;0,00;0,00;40;62;176;40;18;250;122
9152;61,77;74,42;0,00;0,00;0,00;0,07;0,00;0,00;106;11;190;28;24;132;636
9153;64,93;167,70;0,00;0,00;0,00;0,17;0,00;0,00;152;112;142;11;36;328;260
9154;47,51;-142,24;0,00;0,00;0,00;-0,14;0,00;0,00;450;103;183;38;23;372;153
9155;64,32;194,13;0,00;0,00;0,00;0,19;0,00;0,00;343;195;160;14;24;703;531
9156;53,40;20,01;0,00;0,00;0,00;0,02;0,00;0,00;367;59;155;27;18;645;287
9157;53,71;18,60;0,00;0,00;0,00;0,02;0,00;0,00;343;192;124;29;18;250;542
9158;50,83;7,48;0,00;0,00;0,00;0,01;0,00;0,00;463;29;88;17;20;913;772
9159;56,33;56,97;0,00;0,00;0,00;0,06;0,00;0,00;484;93;155;31;15;880;288
9160;52,94;81,57;0,00;0,00;0,00;0,08;0,00;0,00;103;69;99;19;34;163;256
9161;61,50;172,20;0,00;0,00;0,00;0,17;0,00;0,00;289;83;69;43;26;696;990
9162;48,33;8,60;0,00;0,00;0,00;0,01;0,00;0,00;427;165;27;47;33;312;404
9163;38,19;-86,59;0,00;0,00;0,00;-0,09;0,00;0,00;361;113;85;41;19;872;484
9164;27,66;-171,29;0,00;0,00;0,00;-0,17;0,00;0,00;408;47;20;36;20;292;747
9165;52,32;-35,06;0,00;0,00;0,00;-0,04;0,00;0,00;298;26;106;30;36;937;890
9166;55,90;101,07;0,00;0,00;0,00;0,10;0,00;0,00;150;56;181;39;29;164;397
9167;42,73;-74,46;0,00;0,00;0,00;-0,07;0,00;0,00;121;153;192;40;38;512;132
9168;84,32;313,47;0,00;0,00;0,00;0,31;0,00;0,00;225;60;193;37;35;536;971
9169;74,48;329,12;0,00;0,00;0,00;0,33;0,00;0,00;55;171;38;11;28;830;434
9170;65,07;189,94;0,00;0,00;0,00;0,19;0,00;0,00;413;154;166;25;36;554;401
9171;42,26;-78,76;0,00;0,00;0,00;-0,08;0,00;0,00;121;61;67;40;29;736;830
9172;31,16;-276,22;0,00;0,00;0,00;-0,28;0,00;0,00;310;30;18;43;29;649;949
9173;58,65;109,39;0,00;0,00;0,00;0,11;0,00;0,00;105;60;123;18;31;993;289
9174;43,69;-32,01;0,00;0,00;0,00;-0,03;0,00;0,00;491;178;181;32;24;810;213
9175;50,90;-18,30;0,00;0,00;0,00;-0,02;0,00;0,00;413;113;173;13;26;436;423
9176;43,79;-36,07;0,00;0,00;0,00;-0,04;0,00;0,00;56;49;17;22;39;638;915
9177;50,03;-44,81;0,00;0,00;0,00;-0,04;0,00;0,00;97;194;160;20;20;751;111
9178;49,10;-23,51;0,00;0,00;0,00;-0,02;0,00;0,00;193;48;53;14;32;837;372
9179;40,13;-118,88;0,00;0,00;0,00;-0,12;0,00;0,00;230;65;171;22;37;740;417
9180;61,72;135,59;0,00;0,00;0,00;0,14;0,00;0,00;379;61;198;31;31;370;381
9181;27,39;-202,30;0,00;0,00;0,00;-0,20;0,00;0,00;365;69;98;45;32;163;611
9182;33,38;-184,06;0,00;0,00;0,00;-0,18;0,00;0,00;202;16;95;37;24;269;148
9183;57,64;88,57;0,00;0,00;0,00;0,09;0,00;0,00;461;115;60;26;30;263;191
9184;59,67;57,32;0,00;0,00;0,00;0,06;0,00;0,00;62;33;22;38;28;320;939
9185;32,11;-233,18;0,00;0,00;0,00;-0,23;0,00;0,00;281;39;62;31;37;862;590
9186;84,46;309,13;0,00;0,00;0,00;0,31;0,00;0,00;336;144;143;37;31;879;162
9187;44,51;-45,70;0,00;0,00;0,00;-0,05;0,00;0,00;41;80;92;47;24;533;131
9188;76,03;297,95;0,00;0,00;0,00;0,30;0,00;0,00;269;55;163;39;29;155;852
9189;65,05;212,90;0,00;0,00;0,00;0,21;0,00;0,00;104;43;110;32;33;996;907
9190;29,16;-238,23;0,00;0,00;0,00;-0,24;0,00;0,00;463;136;164;37;25;195;948
9191;41,19;31,67;0,00;0,00;0,00;0,03;0,00;0,00;441;131;136;18;30;730;641
9192;41,12;-85,26;0,00;0,00;0,00;-0,09;0,00;0,00;305;179;61;35;38;691;891
9193;72,80;220,17;0,00;0,00;0,00;0,22;0,00;0,00;21;133;105;33;27;968;979
9194;31,48;-228,06;0,00;0,00;0,00;-0,23;0,00;0,00;256;159;195;43;28;701;500
9195;45,33;-94,34;0,00;0,00;0,00;-0,09;0,00;0,00;155;94;47;31;15;544;522
9196;58,45;89,88;0,00;0,00;0,00;0,09;0,00;0,00;485;53;97;11;29;850;109
9197;47,32;-81,83;0,00;0,00;0,00;-0,08;0,00;0,00;428;186;109;24;34;431;904
9198;72,87;234,61;0,00;0,00;0,00;0,23;0,00;0,00;286;75;186;38;24;902;183
9199;46,72;-42,69;0,00;0,00;0,00;-0,04;0,00;0,00;476;89;114;31;20;161;502
9200;63,65;204,37;0,00;0,00;0,00;0,20;0,00;0,00;362;188;68;41;37;786;391
9201;77,71;307,15;0,00;0,00;0,00;0,31;0,00;0,00;301;13;127;36;19;107;373
9202;52,82;-20,81;0,00;0,00;0,00;-0,02;0,00;0,00;362;55;114;35;35;369;931
9203;41,31;-25,55;0,00;0,00;0,00;-0,03;0,00;0,00;108;195;124;44;34;115;939
9204;69,95;216,77;0,00;0,00;0,00;0,22;0,00;0,00;129;198;184;23;38;170;285
9205;50,95;23,96;0,00;0,00;0,00;0,02;0,00;0,00;70;48;142;38;22;110;418
9206;54,38;5,47;0,00;0,00;0,00;0,01;0,00;0,00;263;192;183;29;34;907;546
9207;55,29;-44,52;0,00;0,00;0,00;-0,04;0,00;0,00;112;87;136;11;31;892;248
9208;66,33;194,36;0,00;0,00;0,00;0,19;0,00;0,00;314;158;185;10;32;387;937
9209;48,76;59,77;0,00;0,00;0,00;0,06;0,00;0,00;17;106;57;22;39;673;188
9210;59,22;89,49;0,00;0,00;0,00;0,09;0,00;0,00;234;142;79;37;31;455;909
9211;64,81;175,98;0,00;0,00;0,00;0,18;0,00;0,00;183;128;183;31;29;894;618
9212;68,68;196,96;0,00;0,00;0,00;0,20;0,00;0,00;484;197;33;45;29;401;438
9213;65,45;138,42;0,00;0,00;0,00;0,14;0,00;0,00;312;12;47;17;15;325;742
9214;29,32;-291,11;0,00;0,00;0,00;-0,29;0,00;0,00;177;154;104;46;20;455;493
9215;60,00;190,97;0,00;0,00;0,00;0,19;0,00;0,00;354;63;181;46;16;547;684
9216;39,85;-106,06;0,00;0,00;0,00;-0,11;0,00;0,00;318;40;99;13;21;278;507
9217;43,59;-14,46;0,00;0,00;0,00;-0,01;0,00;0,00;125;199;157;48;27;426;835
9218;55,69;31,26;0,00;0,00;0,00;0,03;0,00;0,00;323;38;136;37;16;271;405
9219;51,71;-1,02;0,00;0,00;0,00;-0,00;0,00;0,00;178;190;82;13;19;955;655
9220;49,39;-47,64;0,00;0,00;0,00;-0,05;0,00;0,00;117;153;128;21;35;449;650
9221;68,32;177,60;0,00;0,00;0,00;0,18;0,00;0,00;426;119;89;16;37;656;842
9222;8,06;-512,19;0,00;0,00;0,00;-0,51;0,00;0,00;280;148;86;45;38;392;326
9223;51,45;10,28;0,00;0,00;0,00;0,01;0,00;0,00;304;17;173;19;36;702;582
9224;44,45;-99,70;0,00;0,00;0,00;-0,10;0,00;0,00;286;179;148;37;30;828;949
9225;36,30;-171,29;0,00;0,00;0,00;-0,17;0,00;0,00;129;75;101;21;19;568;984
9226;47,81;22,45;0,00;0,00;0,00;0,02;0,00;0,00;135;172;40;42;19;519;502
9227;57,01;36,49;0,00;0,00;0,00;0,04;0,00;0,00;197;141;88;34;15;585;697
9228;47,41;-104,92;0,00;0,00;0,00;-0,10;0,00;0,00;485;22;118;22;32;233;425
9229;46,81;16,71;0,00;0,00;0,00;0,02;0,00;0,00;454;161;71;37;27;749;168
9230;43,80;-44,08;0,00;0,00;0,00;-0,04;0,00;0,00;359;120;102;47;34;264;205
9231;26,43;-251,96;0,00;0,00;0,00;-0,25;0,00;0,00;387;157;44;22;28;130;566
9232;54,22;66,66;0,00;0,00;0,00;0,07;0,00;0,00;418;149;63;23;25;683;622
9233;49,74;-15,58;0,00;0,00;0,00;-0,02;0,00;0,00;96;42;137;16;19;235;358
9234;49,27;83,48;0,00;0,00;0,00;0,08;0,00;0,00;51;145;10;43;39;302;149
9235;34,01;-182,65;0,00;0,00;0,00;-0,18;0,00;0,00;108;166;52;17;21;167;584
9236;67,75;152,12;0,00;0,00;0,00;0,15;0,00;0,00;456;11;27;21;38;711;741
9237;54,64;82,53;0,00;0,00;0,00;0,08;0,00;0,00;178;137;145;36;29;563;438
9238;67,63;200,11;0,00;0,00;0,00;0,20;0,00;0,00;73;49;88;19;18;272;950
9239;39,51;-79,99;0,00;0,00;0,00;-0,08;0,00;0,00;230;22;199;20;16;991;494
9240;42,75;-72,78;0,00;0,00;0,00;-0,07;0,00;0,00;253;175;155;24;23;451;634
9241;51,75;5,47;0,00;0,00;0,00;0,01;0,00;0,00;403;48;117;45;20;275;230
9242;55,78;63,10;0,00;0,00;0,00;0,06;0,00;0,00;33;179;103;15;32;538;285
9243;33,47;-110,80;0,00;0,00;0,00;-0,11;0,00;0,00;369;118;145;44;31;459;892
9244;67,77;172,40;0,00;0,00;0,00;0,17;0,00;0,00;452;34;33;35;36;652;578
9245;51,10;12,44;0,00;0,00;0,00;0,01;0,00;0,00;28;80;117;13;20;941;771
9246;48,47;56,61;0,00;0,00;0,00;0,06;0,00;0,00;113;22;161;18;37;522;878
9247;31,30;-233,44;0,00;0,00;0,00;-0,23;0,00;0,00;145;178;47;22;19;676;237
9248;33,94;-243,00;0,00;0,00;0,00;-0,24;0,00;0,00;144;183;28;31;34;855;997
9249;42,64;-96,71;0,00;0,00;0,00;-0,10;0,00;0,00;28;77;17;42;19;272;337
9250;57,89;164,91;0,00;0,00;0,00;0,16;0,00;0,00;238;186;102;25;19;437;522
9251;58,13;37,92;0,00;0,00;0,00;0,04;0,00;0,00;467;55;148;20;26;954;857
9252;61,73;117,33;0,00;0,00;0,00;0,12;0,00;0,00;349;125;65;23;20;828;510
9253;62,94;107,65;0,00;0,00;0,00;0,11;0,00;0,00;347;70;168;46;28;238;388
9254;41,74;-70,11;0,00;0,00;0,00;-0,07;0,00;0,00;318;143;154;36;26;462;791
9255;48,59;7,00;0,00;0,00;0,00;0,01;0,00;0,00;111;103;191;22;21;279;479
9256;42,49;-47,51;0,00;0,00;0,00;-0,05;0,00;0,00;45;12;193;18;23;829;479
9257;61,08;130,19;0,00;0,00;0,00;0,13;0,00;0,00;485;175;197;22;39;558;777
9258;37,98;-104,85;0,00;0,00;0,00;-0,10;0,00;0,00;365;120;193;38;23;440;376
9259;41,99;-114,55;0,00;0,00;0,00;-0,11;0,00;0,00;487;50;79;14;15;197;101
9260;47,12;23,59;0,00;0,00;0,00;0,02;0,00;0,00;78;162;187;39;34;614;931
9261;36,70;-145,27;0,00;0,00;0,00;-0,15;0,00;0,00;94;191;31;17;36;237;335
9262;62,70;124,15;0,00;0,00;0,00;0,12;0,00;0,00;72;59;73;31;22;525;943
9263;44,40;-99,62;0,00;0,00;0,00;-0,10;0,00;0,00;85;174;143;33;29;893;644
9264;51,33;63,28;0,00;0,00;0,00;0,06;0,00;0,00;325;160;179;45;33;896;832
9265;51,80;13,19;0,00;0,00;0,00;0,01;0,00;0,00;197;95;70;10;29;428;600
9266;50,73;99,20;0,00;0,00;0,00;0,10;0,00;0,00;120;89;23;19;29;582;772
9267;38,25;-180,29;0,00;0,00;0,00;-0,18;0,00;0,00;101;98;135;45;30;559;935
9268;68,99;265,74;0,00;0,00;0,00;0,27;0,00;0,00;284;11;199;25;16;221;367
9269;65,39;221,49;0,00;0,00;0,00;0,22;0,00;0,00;197;10;26;29;17;774;173
9270;56,86;14,05;0,00;0,00;0,00;0,01;0,00;0,00;115;53;124;22;28;856;791
9271;57,08;105,71;0,00;0,00;0,00;0,11;0,00;0,00;410;84;57;38;15;540;441
9272;63,36;156,96;0,00;0,00;0,00;0,16;0,00;0,00;376;39;85;10;21;839;134
9273;41,90;-137,64;0,00;0,00;0,00;-0,14;0,00;0,00;174;73;119;11;15;820;889
9274;54,65;131,77;0,00;0,00;0,00;0,13;0,00;0,00;497;112;17;31;22;754;893
9275;67,11;221,22;0,00;0,00;0,00;0,22;0,00;0,00;360;77;139;32;29;853;168
9276;31,94;-214,58;0,00;0,00;0,00;-0,21;0,00;0,00;40;134;181;21;20;510;794
9277;36,09;-67,36;0,00;0,00;0,00;-0,07;0,00;0,00;153;103;161;44;37;687;656
9278;37,18;-164,27;0,00;0,00;0,00;-0,16;0,00;0,00;427;103;100;35;19;766;507
9279;70,45;254,16;0,00;0,00;0,00;0,25;0,00;0,00;22;144;52;41;25;628;111
9280;44,35;-16,62;0,00;0,00;0,00;-0,02;0,00;0,00;41;18;82;13;20;774;290
9281;48,02;29,63;0,00;0,00;0,00;0,03;0,00;0,00;409;12;108;10;29;771;999
9282;42,96;-26,66;0,00;0,00;0,00;-0,03;0,00;0,00;20;145;60;45;21;520;769
9283;60,84;101,30;0,00;0,00;0,00;0,10;0,00;0,00;180;171;75;44;26;852;170
9284;82,80;306,12;0,00;0,00;0,00;0,31;0,00;0,00;149;83;95;34;17;345;975
9285;52,06;-3,87;0,00;0,00;0,00;-0,00;0,00;0,00;65;55;49;16;32;770;519
9286;52,99;-55,84;0,00;0,00;0,00;-0,06;0,00;0,00;368;150;186;14;20;856;891
9287;48,51;-96,09;0,00;0,00;0,00;-0,10;0,00;0,00;247;74;32;39;26;415;910
9288;35,17;-205,32;0,00;0,00;0,00;-0,21;0,00;0,00;251;61;40;49;27;720;708
9289;45,49;-101,88;0,00;0,00;0,00;-0,10;0,00;0,00;232;175;25;13;31;668;460
9290;72,16;202,33;0,00;0,00;0,00;0,20;0,00;0,00;463;43;143;18;38;368;798
9291;51,10;19,95;0,00;0,00;0,00;0,02;0,00;0,00;239;130;180;44;15;341;866
9292;45,83;75,86;0,00;0,00;0,00;0,08;0,00;0,00;22;194;165;38;25;659;684
9293;36,05;-163,91;0,00;0,00;0,00;-0,16;0,00;0,00;377;164;129;20;27;974;985
9294;36,74;-56,87;0,00;0,00;0,00;-0,06;0,00;0,00;107;194;12;33;33;729;487
9295;49,62;36,08;0,00;0,00;0,00;0,04;0,00;0,00;91;74;13;41;15;556;167
9296;51,17;-4,77;0,00;0,00;0,00;-0,00;0,00;0,00;253;65;132;46;15;533;863
9297;21,54;-245,35;0,00;0,00;0,00;-0,25;0,00;0,00;56;198;31;11;25;266;729
9298;44,90;-57,08;0,00;0,00;0,00;-0,06;0,00;0,00;144;74;42;16;34;514;833
9299;38,37;-95,30;0,00;0,00;0,00;-0,10;0,00;0,00;143;122;25;48;15;920;618
9300;49,13;-23,70;0,00;0,00;0,00;-0,02;0,00;0,00;163;21;99;46;37;634;280
9301;70,62;322,52;0,00;0,00;0,00;0,32;0,00;0,00;415;172;93;16;30;611;111
9302;26,26;-250,57;0,00;0,00;0,00;-0,25;0,00;0,00;320;83;100;27;32;786;405
9303;84,03;398,00;0,00;0,00;0,00;0,40;0,00;0,00;11;78;151;41;15;542;411
9304;24,81;-202,99;0,00;0,00;0,00;-0,20;0,00;0,00;247;105;48;29;22;433;861
9305;31,91;-202,86;0,00;0,00;0,00;-0,20;0,00;0,00;125;131;102;32;18;500;652
9306;54,47;53,95;0,00;0,00;0,00;0,05;0,00;0,00;427;55;130;16;33;225;628
9307;48,44;-12,08;0,00;0,00;0,00;-0,01;0,00;0,00;486;142;98;33;36;500;175
9308;55,53;120,38;0,00;0,00;0,00;0,12;0,00;0,00;238;33;139;42;24;372;436
9309;54,49;195,68;0,00;0,00;0,00;0,20;0,00;0,00;170;139;170;11;29;802;396
9310;46,30;-71,43;0,00;0,00;0,00;-0,07;0,00;0,00;409;169;198;35;24;404;620
9311;33,80;-252,58;0,00;0,00;0,00;-0,25;0,00;0,00;290;36;193;18;33;698;498
9312;76,79;330,49;0,00;0,00;0,00;0,33;0,00;0,00;472;96;111;30;34;665;450
9313;76,36;287,87;0,00;0,00;0,00;0,29;0,00;0,00;312;189;135;15;19;162;234
9314;79,25;267,08;0,00;0,00;0,00;0,27;0,00;0,00;225;113;155;33;37;402;804
9315;44,38;-34,05;0,00;0,00;0,00;-0,03;0,00;0,00;181;194;41;15;22;354;617
9316;46,39;-36,88;0,00;0,00;0,00;-0,04;0,00;0,00;55;124;119;28;23;959;194
9317;47,76;-16,68;0,00;0,00;0,00;-0,02;0,00;0,00;374;180;169;17;28;553;156
9318;41,59;-97,26;0,00;0,00;0,00;-0,10;0,00;0,00;91;145;95;12;23;473;590
9319;35,14;-148,30;0,00;0,00;0,00;-0,15;0,00;0,00;74;121;18;39;33;569;194
9320;53,89;98,43;0,00;0,00;0,00;0,10;0,00;0,00;253;71;14;23;36;270;628
9321;63,14;124,60;0,00;0,00;0,00;0,12;0,00;0,00;151;129;26;10;31;696;568
9322;47,41;-16,64;0,00;0,00;0,00;-0,02;0,00;0,00;67;38;38;43;26;339;104
9323;48,46;17,79;0,00;0,00;0,00;0,02;0,00;0,00;221;74;26;27;28;653;304
9324;34,90;-81,48;0,00;0,00;0,00;-0,08;0,00;0,00;427;16;180;12;36;116;605
9325;52,40;50,42;0,00;0,00;0,00;0,05;0,00;0,00;149;145;151;33;27;169;767
9326;63,74;101,90;0,00;0,00;0,00;0,10;0,00;0,00;126;63;174;33;26;432;225
9327;28,20;-254,32;0,00;0,00;0,00;-0,25;0,00;0,00;393;162;109;18;37;730;680
9328;26,66;-222,74;0,00;0,00;0,00;-0,22;0,00;0,00;388;47;83;32;39;757;316
9329;63,42;173,93;0,00;0,00;0,00;0,17;0,00;0,00;345;58;118;15;23;109;577
9330;24,87;-262,91;0,00;0,00;0,00;-0,26;0,00;0,00;52;183;64;17;37;519;624
9331;58,72;143,77;0,00;0,00;0,00;0,14;0,00;0,00;145;113;90;42;37;698;791
9332;27,21;-216,39;0,00;0,00;0,00;-0,22;0,00;0,00;223;78;131;11;19;647;492
9333;76,58;310,57;0,00;0,00;0,00;0,31;0,00;0,00;270;54;171;16;20;402;735
9334;12,74;-356,03;0,00;0,00;0,00;-0,36;0,00;0,00;317;139;149;44;37;190;372
9335;76,71;271,71;0,00;0,00;0,00;0,27;0,00;0,00;323;191;165;39;25;262;273
9336;27,90;-210,65;0,00;0,00;0,00;-0,21;0,00;0,00;322;122;188;22;28;160;142
9337;36,96;-125,10;0,00;0,00;0,00;-0,13;0,00;0,00;17;190;191;17;31;492;858
9338;45,40;-102,64;0,00;0,00;0,00;-0,10;0,00;0,00;496;166;157;29;37;335;487
9339;41,41;-43,18;0,00;0,00;0,00;-0,04;0,00;0,00;115;10;21;16;35;284;996
9340;79,20;341,90;0,00;0,00;0,00;0,34;0,00;0,00;478;47;96;16;30;823;199
9341;55,79;-21,81;0,00;0,00;0,00;-0,02;0,00;0,00;324;46;193;18;39;222;327
9342;56,18;23,70;0,00;0,00;0,00;0,02;0,00;0,00;307;82;30;14;29;511;883
9343;44,46;-101,75;0,00;0,00;0,00;-0,10;0,00;0,00;423;39;135;16;27;861;297
9344;28,19;-202,25;0,00;0,00;0,00;-0,20;0,00;0,00;394;44;196;22;16;600;483
9345;65,99;205,43;0,00;0,00;0,00;0,21;0,00;0,00;407;148;170;21;21;445;421
9346;76,19;341,36;0,00;0,00;0,00;0,34;0,00;0,00;308;30;119;24;36;315;791
9347;37,45;28,50;0,00;0,00;0,00;0,03;0,00;0,00;63;89;166;39;23;192;665
9348;60,37;152,63;0,00;0,00;0,00;0,15;0,00;0,00;43;73;25;16;34;972;410
9349;44,14;-80,97;0,00;0,00;0,00;-0,08;0,00;0,00;14;65;68;47;24;643;618
9350;46,26;-27,71;0,00;0,00;0,00;-0,03;0,00;0,00;144;64;66;35;34;500;764
9351;58,16;89,29;0,00;0,00;0,00;0,09;0,00;0,00;17;144;72;18;35;480;658
9352;63,91;82,49;0,00;0,00;0,00;0,08;0,00;0,00;173;33;180;26;36;210;709
9353;83,10;245,45;0,00;0,00;0,00;0,25;0,00;0,00;326;46;167;34;30;671;516
9354;82,43;318,20;0,00;0,00;0,00;0,32;0,00;0,00;408;100;134;48;23;862;900
9355;35,39;-149,96;0,00;0,00;0,00;-0,15;0,00;0,00;197;157;86;17;23;837;478
9356;50,81;8,76;0,00;0,00;0,00;0,01;0,00;0,00;480;97;119;23;30;409;540
9357;50,51;-26,41;0,00;0,00;0,00;-0,03;0,00;0,00;224;193;21;45;28;305;685
9358;59,22;57,76;0,00;0,00;0,00;0,06;0,00;0,00;451;164;50;22;17;310;340
9359;42,87;-69,83;0,00;0,00;0,00;-0,07;0,00;0,00;427;85;119;17;27;901;408
9360;63,10;159,34;0,00;0,00;0,00;0,16;0,00;0,00;210;132;191;46;30;761;867
9361;65,83;174,92;0,00;0,00;0,00;0,17;0,00;0,00;203;100;23;36;26;980;965
9362;45,45;-52,98;0,00;0,00;0,00;-0,05;0,00;0,00;91;193;73;24;26;432;476
9363;31,01;-198,60;0,00;0,00;0,00;-0,20;0,00;0,00;354;38;71;21;25;193;264
9364;62,39;125,83;0,00;0,00;0,00;0,13;0,00;0,00;449;173;33;11;26;262;351
9365;67,51;189,46;0,00;0,00;0,00;0,19;0,00;0,00;116;154;69;20;37;104;548
9366;35,76;-173,53;0,00;0,00;0,00;-0,17;0,00;0,00;110;79;129;27;36;304;766
9367;54,18;-3,21;0,00;0,00;0,00;-0,00;0,00;0,00;111;99;162;48;32;428;604
9368;46,07;24,43;0,00;0,00;0,00;0,02;0,00;0,00;229;47;49;11;24;474;460
9369;40,04;-34,07;0,00;0,00;0,00;-0,03;0,00;0,00;19;76;158;41;31;690;360
9370;44,13;-141,26;0,00;0,00;0,00;-0,14;0,00;0,00;195;142;118;31;39;363;425
9371;78,18;232,00;0,00;0,00;0,00;0,23;0,00;0,00;398;154;68;23;22;379;598
9372;45,13;-37,85;0,00;0,00;0,00;-0,04;0,00;0,00;435;92;51;26;21;880;684
9373;57,57;62,14;0,00;0,00;0,00;0,06;0,00;0,00;156;172;187;44;21;632;200
9374;62,66;124,46;0,00;0,00;0,00;0,12;0,00;0,00;309;66;39;31;21;788;648
9375;51,21;60,52;0,00;0,00;0,00;0,06;0,00;0,00;270;195;142;46;26;280;684
9376;67,32;196,09;0,00;0,00;0,00;0,20;0,00;0,00;162;27;75;32;19;758;196
9377;82,68;290,52;0,00;0,00;0,00;0,29;0,00;0,00;348;82;14;34;23;983;941
9378;19,05;-287,67;0,00;0,00;0,00;-0,29;0,00;0,00;357;128;106;21;22;335;276
9379;50,42;6,76;0,00;0,00;0,00;0,01;0,00;0,00;125;121;66;47;19;559;127
9380;31,82;-194,87;0,00;0,00;0,00;-0,19;0,00;0,00;363;176;158;20;29;189;650
9381;27,69;-339,03;0,00;0,00;0,00;-0,34;0,00;0,00;149;154;44;33;25;905;485
9382;31,79;-184,95;0,00;0,00;0,00;-0,18;0,00;0,00;446;165;158;34;21;309;125
9383;57,73;118,71;0,00;0,00;0,00;0,12;0,00;0,00;182;56;149;38;26;138;803
9384;26,96;-247,21;0,00;0,00;0,00;-0,25;0,00;0,00;413;65;168;32;20;762;926
9385;68,41;137,80;0,00;0,00;0,00;0,14;0,00;0,00;415;36;163;16;33;310;323
9386;51,41;14,74;0,00;0,00;0,00;0,01;0,00;0,00;305;176;41;14;36;409;407
9387;51,21;-17,88;0,00;0,00;0,00;-0,02;0,00;0,00;484;51;161;28;30;946;879
9388;34,71;-127,52;0,00;0,00;0,00;-0,13;0,00;0,00;293;90;80;49;23;900;305
9389;74,74;243,83;0,00;0,00;0,00;0,24;0,00;0,00;204;91;121;43;32;883;147
9390;66,00;135,79;0,00;0,00;0,00;0,14;0,00;0,00;41;73;143;17;23;432;506
9391;63,01;131,77;0,00;0,00;0,00;0,13;0,00;0,00;335;78;168;41;16;691;670
9392;39,81;-140,49;0,00;0,00;0,00;-0,14;0,00;0,00;251;140;119;37;24;734;422
9393;68,30;148,37;0,00;0,00;0,00;0,15;0,00;0,00;168;116;76;45;37;392;739
9394;71,41;259,24;0,00;0,00;0,00;0,26;0,00;0,00;346;181;84;44;34;211;659
9395;78,23;274,72;0,00;0,00;0,00;0,27;0,00;0,00;273;47;124;11;26;144;255
9396;29,10;-226,75;0,00;0,00;0,00;-0,23;0,00;0,00;22;20;27;40;27;983;548
9397;53,31;72,98;0,00;0,00;0,00;0,07;0,00;0,00;497;109;182;13;39;852;599
9398;67,04;148,52;0,00;0,00;0,00;0,15;0,00;0,00;276;39;38;28;33;161;966
9399;51,79;51,73;0,00;0,00;0,00;0,05;0,00;0,00;256;61;22;12;31;201;940
9400;44,83;-65,11;0,00;0,00;0,00;-0,07;0,00;0,00;267;48;165;32;18;538;709
9401;36,86;-169,69;0,00;0,00;0,00;-0,17;0,00;0,00;243;177;35;32;29;915;433
9402;45,78;-22,85;0,00;0,00;0,00;-0,02;0,00;0,00;73;171;39;18;32;928;230
9403;85,80;459,36;0,00;0,00;0,00;0,46;0,00;0,00;396;95;78;17;21;920;436
9404;59,70;101,81;0,00;0,00;0,00;0,10;0,00;0,00;262;37;194;16;25;717;177
9405;45,47;-97,33;0,00;0,00;0,00;-0,10;0,00;0,00;36;18;134;34;16;458;693
9406;50,57;-66,50;0,00;0,00;0,00;-0,07;0,00;0,00;29;157;24;18;18;140;113
9407;55,15;-8,60;0,00;0,00;0,00;-0,01;0,00;0,00;239;121;182;13;20;750;487
9408;23,36;-211,16;0,00;0,00;0,00;-0,21;0,00;0,00;15;69;169;26;25;972;922
9409;61,75;61,36;0,00;0,00;0,00;0,06;0,00;0,00;87;19;49;11;38;926;761
9410;22,32;-228,08;0,00;0,00;0,00;-0,23;0,00;0,00;129;76;132;49;17;271;760
9411;57,12;59,49;0,00;0,00;0,00;0,06;0,00;0,00;166;165;124;49;35;784;252
9412;71,58;224,18;0,00;0,00;0,00;0,22;0,00;0,00;365;79;172;41;34;243;990
9413;46,57;-7,41;0,00;0,00;0,00;-0,01;0,00;0,00;387;87;160;40;17;261;878
9414;43,48;-97,34;0,00;0,00;0,00;-0,10;0,00;0,00;20;126;153;48;17;113;699
9415;48,02;-64,41;0,00;0,00;0,00;-0,06;0,00;0,00;300;162;88;41;27;970;457
9416;33,80;-261,07;0,00;0,00;0,00;-0,26;0,00;0,00;97;62;196;27;34;512;938
9417;69,37;254,21;0,00;0,00;0,00;0,25;0,00;0,00;394;24;183;41;36;601;322
9418;57,09;156,37;0,00;0,00;0,00;0,16;0,00;0,00;103;165;59;48;22;339;167
9419;58,86;93,84;0,00;0,00;0,00;0,09;0,00;0,00;255;18;126;18;34;596;826
9420;35,78;-162,50;0,00;0,00;0,00;-0,16;0,00;0,00;30;199;32;35;25;346;669
9421;42,98;-110,90;0,00;0,00;0,00;-0,11;0,00;0,00;295;13;113;38;15;964;501
9422;44,34;-70,11;0,00;0,00;0,00;-0,07;0,00;0,00;66;71;184;44;35;650;433
9423;53,72;38,68;0,00;0,00;0,00;0,04;0,00;0,00;44;112;45;26;39;501;301
9424;54,50;-31,06;0,00;0,00;0,00;-0,03;0,00;0,00;308;34;161;37;17;999;313
9425;56,98;72,20;0,00;0,00;0,00;0,07;0,00;0,00;366;143;108;12;36;986;396
9426;58,44;31,40;0,00;0,00;0,00;0,03;0,00;0,00;179;191;121;38;34;898;426
9427;68,49;221,49;0,00;0,00;0,00;0,22;0,00;0,00;127;72;177;46;19;130;307
9428;63,63;166,72;0,00;0,00;0,00;0,17;0,00;0,00;159;40;84;45;32;507;253
9429;52,67;17,03;0,00;0,00;0,00;0,02;0,00;0,00;342;188;157;31;30;460;324
9430;41,10;-142,66;0,00;0,00;0,00;-0,14;0,00;0,00;222;160;17;27;29;526;321
9431;46,79;-9,17;0,00;0,00;0,00;-0,01;0,00;0,00;167;144;37;46;22;788;803
9432;21,39;-356,29;0,00;0,00;0,00;-0,36;0,00;0,00;407;148;36;32;37;933;901
9433;23,10;-300,79;0,00;0,00;0,00;-0,30;0,00;0,00;418;185;95;14;16;944;803
9434;55,96;37,87;0,00;0,00;0,00;0,04;0,00;0,00;318;97;61;20;33;451;670
9435;38,19;-115,53;0,00;0,00;0,00;-0,12;0,00;0,00;153;36;13;49;17;504;120
9436;57,57;165,65;0,00;0,00;0,00;0,17;0,00;0,00;68;125;151;20;23;828;659
9437;58,22;45,17;0,00;0,00;0,00;0,05;0,00;0,00;78;78;73;42;39;299;427
9438;15,38;-356,60;0,00;0,00;0,00;-0,36;0,00;0,00;253;116;138;46;34;219;311
9439;53,02;93,52;0,00;0,00;0,00;0,09;0,00;0,00;278;88;51;49;37;219;201
9440;41,57;-82,41;0,00;0,00;0,00;-0,08;0,00;0,00;400;99;51;23;18;616;720
9441;25,05;-194,28;0,00;0,00;0,00;-0,19;0,00;0,00;246;18;170;42;23;363;723
9442;67,39;249,58;0,00;0,00;0,00;0,25;0,00;0,00;216;108;118;24;20;516;968
9443;70,84;247,11;0,00;0,00;0,00;0,25;0,00;0,00;34;64;87;14;37;234;974
9444;48,87;-124,85;0,00;0,00;0,00;-0,12;0,00;0,00;287;129;182;32;35;508;685
9445;34,50;-179,40;0,00;0,00;0,00;-0,18;0,00;0,00;268;104;162;35;23;531;262
9446;76,95;241,65;0,00;0,00;0,00;0,24;0,00;0,00;277;74;65;19;26;900;878
9447;44,21;31,27;0,00;0,00;0,00;0,03;0,00;0,00;106;182;181;20;26;617;682
9448;20,49;-319,65;0,00;0,00;0,00;-0,32;0,00;0,00;118;29;115;30;18;191;574
9449;64,19;194,88;0,00;0,00;0,00;0,19;0,00;0,00;459;156;43;24;28;146;641
9450;53,38;81,79;0,00;0,00;0,00;0,08;0,00;0,00;470;11;86;15;25;797;326
9451;44,51;-90,34;0,00;0,00;0,00;-0,09;0,00;0,00;32;31;73;32;38;374;907
9452;50,72;28,44;0,00;0,00;0,00;0,03;0,00;0,00;318;77;181;46;24;183;426
9453;19,57;-288,88;0,00;0,00;0,00;-0,29;0,00;0,00;377;195;62;35;29;537;100
9454;54,36;42,35;0,00;0,00;0,00;0,04;0,00;0,00;303;154;128;31;19;716;805
9455;48,71;-24,31;0,00;0,00;0,00;-0,02;0,00;0,00;359;92;191;29;21;661;735
9456;47,56;-26,23;0,00;0,00;0,00;-0,03;0,00;0,00;40;124;90;25;25;569;821
9457;58,60;125,60;0,00;0,00;0,00;0,13;0,00;0,00;62;31;113;29;28;289;718
9458;48,25;-50,15;0,00;0,00;0,00;-0,05;0,00;0,00;95;133;171;45;36;247;298
9459;34,27;-185,43;0,00;0,00;0,00;-0,19;0,00;0,00;164;33;181;45;33;530;893
9460;32,00;-159,51;0,00;0,00;0,00;-0,16;0,00;0,00;417;189;45;21;20;692;906
9461;30,36;-102,88;0,00;0,00;0,00;-0,10;0,00;0,00;336;120;156;29;29;111;902
9462;34,03;-143,98;0,00;0,00;0,00;-0,14;0,00;0,00;85;173;29;27;24;693;731
9463;25,88;-201,45;0,00;0,00;0,00;-0,20;0,00;0,00;179;193;112;31;16;651;912
9464;54,18;-71,17;0,00;0,00;0,00;-0,07;0,00;0,00;312;64;43;23;37;255;152
9465;34,03;-117,66;0,00;0,00;0,00;-0,12;0,00;0,00;393;114;184;19;33;591;169
9466;62,13;85,81;0,00;0,00;0,00;0,09;0,00;0,00;208;133;185;42;35;195;386
9467;62,83;65,55;0,00;0,00;0,00;0,07;0,00;0,00;283;115;72;13;20;323;292
9468;26,17;-227,82;0,00;0,00;0,00;-0,23;0,00;0,00;121;160;118;37;27;348;821
9469;48,25;-61,90;0,00;0,00;0,00;-0,06;0,00;0,00;202;141;34;24;17;331;556
9470;76,05;298,50;0,00;0,00;0,00;0,30;0,00;0,00;354;174;98;16;34;901;131
9471;52,59;85,74;0,00;0,00;0,00;0,09;0,00;0,00;257;49;153;23;15;434;409
9472;38,30;-26,85;0,00;0,00;0,00;-0,03;0,00;0,00;113;45;130;11;39;719;877
9473;18,06;-329,43;0,00;0,00;0,00;-0,33;0,00;0,00;389;87;171;46;21;487;514
9474;49,57;-79,10;0,00;0,00;0,00;-0,08;0,00;0,00;126;151;169;49;25;442;741
9475;51,11;-25,59;0,00;0,00;0,00;-0,03;0,00;0,00;31;186;180;27;26;722;584
9476;80,76;379,20;0,00;0,00;0,00;0,38;0,00;0,00;276;100;117;19;22;422;298
9477;44,40;2,42;0,00;0,00;0,00;0,00;0,00;0,00;384;27;147;25;36;391;429
9478;42,55;-95,45;0,00;0,00;0,00;-0,10;0,00;0,00;33;158;160;31;27;455;683
9479;73,33;256,50;0,00;0,00;0,00;0,26;0,00;0,00;87;126;131;12;20;744;420
9480;41,66;-75,02;0,00;0,00;0,00;-0,08;0,00;0,00;458;98;84;12;39;953;177
9481;75,20;219,59;0,00;0,00;0,00;0,22;0,00;0,00;414;110;71;39;16;669;699
9482;48,88;-3,43;0,00;0,00;0,00;-0,00;0,00;0,00;449;87;95;14;38;290;199
9483;66,80;125,76;0,00;0,00;0,00;0,13;0,00;0,00;286;129;19;29;22;563;301
9484;34,43;-149,16;0,00;0,00;0,00;-0,15;0,00;0,00;278;68;139;38;26;877;905
9485;35,21;-74,23;0,00;0,00;0,00;-0,07;0,00;0,00;476;150;83;44;34;792;887
9486;40,45;-99,12;0,00;0,00;0,00;-0,10;0,00;0,00;24;133;68;27;26;145;627
9487;30,90;-99,47;0,00;0,00;0,00;-0,10;0,00;0,00;28;84;83;39;36;838;928
9488;42,76;-122,51;0,00;0,00;0,00;-0,12;0,00;0,00;350;79;190;15;20;963;937
9489;14,45;-346,71;0,00;0,00;0,00;-0,35;0,00;0,00;384;76;23;31;32;561;433
9490;56,54;115,96;0,00;0,00;0,00;0,12;0,00;0,00;404;19;135;34;17;161;182
9491;28,62;-339,20;0,00;0,00;0,00;-0,34;0,00;0,00;345;96;195;11;21;901;877
9492;1,26;-487,11;0,00;0,00;0,00;-0,49;0,00;0,00;85;12;127;21;32;719;117
9493;28,57;-162,31;0,00;0,00;0,00;-0,16;0,00;0,00;486;189;57;49;27;579;303
9494;49,00;8,20;0,00;0,00;0,00;0,01;0,00;0,00;481;138;89;40;23;684;277
9495;44,59;50,92;0,00;0,00;0,00;0,05;0,00;0,00;243;152;85;28;38;540;832
9496;87,10;358,51;0,00;0,00;0,00;0,36;0,00;0,00;35;122;100;10;33;485;461
9497;45,80;-30,05;0,00;0,00;0,00;-0,03;0,00;0,00;123;30;81;42;26;170;409
9498;60,28;73,08;0,00;0,00;0,00;0,07;0,00;0,00;412;48;45;48;31;302;961
9499;45,17;7,23;0,00;0,00;0,00;0,01;0,00;0,00;272;134;69;29;34;937;960
9500;41,49;-68,91;0,00;0,00;0,00;-0,07;0,00;0,00;351;109;117;38;36;690;705
9501;47,70;16,01;0,00;0,00;0,00;0,02;0,00;0,00;422;62;150;49;25;316;631
9502;47,16;11,81;0,00;0,00;0,00;0,01;0,00;0,00;63;180;107;43;19;406;817
9503;54,44;69,36;0,00;0,00;0,00;0,07;0,00;0,00;385;18;122;11;23;627;904
9504;54,76;34,60;0,00;0,00;0,00;0,03;0,00;0,00;140;11;106;24;35;975;631
9505;54,38;-13,58;0,00;0,00;0,00;-0,01;0,00;0,00;54;121;177;24;25;122;300
9506;52,35;44,48;0,00;0,00;0,00;0,04;0,00;0,00;297;27;39;47;31;795;207
9507;52,06;57,88;0,00;0,00;0,00;0,06;0,00;0,00;333;138;19;40;23;759;515
9508;30,40;-239,52;0,00;0,00;0,00;-0,24;0,00;0,00;384;191;24;11;33;913;820
9509;54,72;50,56;0,00;0,00;0,00;0,05;0,00;0,00;388;98;178;32;19;423;610
9510;32,27;-132,82;0,00;0,00;0,00;-0,13;0,00;0,00;380;50;183;10;38;200;182
9511;70,68;241,13;0,00;0,00;0,00;0,24;0,00;0,00;296;62;122;44;24;598;497
9512;50,87;60,91;0,00;0,00;0,00;0,06;0,00;0,00;180;195;119;38;20;608;168
9513;48,86;-32,45;0,00;0,00;0,00;-0,03;0,00;0,00;498;25;111;26;21;369;466
9514;19,28;-310,71;0,00;0,00;0,00;-0,31;0,00;0,00;402;150;50;34;35;703;743
9515;24,16;-317,42;0,00;0,00;0,00;-0,32;0,00;0,00;497;30;89;48;26;815;546
9516;32,87;-152,42;0,00;0,00;0,00;-0,15;0,00;0,00;265;27;191;12;25;960;377
9517;46,24;-133,90;0,00;0,00;0,00;-0,13;0,00;0,00;193;190;20;12;16;887;764
9518;38,05;-179,75;0,00;0,00;0,00;-0,18;0,00;0,00;46;157;105;17;16;637;231
9519;31,49;-217,41;0,00;0,00;0,00;-0,22;0,00;0,00;499;194;197;24;32;764;381
9520;61,51;74,17;0,00;0,00;0,00;0,07;0,00;0,00;429;73;11;45;27;994;246
9521;50,29;59,21;0,00;0,00;0,00;0,06;0,00;0,00;401;78;129;42;32;306;266
9522;62,64;74,44;0,00;0,00;0,00;0,07;0,00;0,00;92;109;80;38;25;564;132
9523;56,83;-1,72;0,00;0,00;0,00;-0,00;0,00;0,00;26;176;11;25;21;340;490
9524;47,52;-52,10;0,00;0,00;0,00;-0,05;0,00;0,00;250;53;70;24;20;379;429
9525;25,94;-207,88;0,00;0,00;0,00;-0,21;0,00;0,00;105;164;24;24;27;595;341
9526;44,44;-103,66;0,00;0,00;0,00;-0,10;0,00;0,00;329;16;197;15;25;767;124
9527;62,80;84,05;0,00;0,00;0,00;0,08;0,00;0,00;86;176;35;33;19;825;556
9528;60,88;81,23;0,00;0,00;0,00;0,08;0,00;0,00;102;44;38;25;18;350;475
9529;31,03;-210,67;0,00;0,00;0,00;-0,21;0,00;0,00;415;76;172;48;19;915;574
9530;58,28;179,76;0,00;0,00;0,00;0,18;0,00;0,00;260;151;164;40;15;382;383
9531;59,41;141,07;0,00;0,00;0,00;0,14;0,00;0,00;110;16;173;29;22;200;763
9532;30,49;-135,20;0,00;0,00;0,00;-0,14;0,00;0,00;494;44;102;41;32;611;781
9533;26,70;-244,77;0,00;0,00;0,00;-0,24;0,00;0,00;417;124;15;27;20;927;205
9534;64,90;209,07;0,00;0,00;0,00;0,21;0,00;0,00;499;196;161;14;37;222;239
9535;64,86;151,53;0,00;0,00;0,00;0,15;0,00;0,00;34;44;13;13;28;582;374
9536;31,11;-173,57;0,00;0,00;0,00;-0,17;0,00;0,00;319;156;16;42;15;647;740
9537;56,70;196,00;0,00;0,00;0,00;0,20;0,00;0,00;324;191;84;15;22;669;641
9538;43,25;-129,74;0,00;0,00;0,00;-0,13;0,00;0,00;440;34;195;10;23;925;794
9539;39,01;-157,64;0,00;0,00;0,00;-0,16;0,00;0,00;63;143;79;29;26;669;952
9540;59,29;204,52;0,00;0,00;0,00;0,20;0,00;0,00;27;165;99;23;33;401;667
9541;65,00;131,53;0,00;0,00;0,00;0,13;0,00;0,00;161;48;122;25;30;813;486
9542;54,80;11,74;0,00;0,00;0,00;0,01;0,00;0,00;152;52;12;42;22;312;279
9543;41,64;-84,70;0,00;0,00;0,00;-0,08;0,00;0,00;346;12;57;48;37;745;998
9544;34,02;-155,25;0,00;0,00;0,00;-0,16;0,00;0,00;190;58;82;19;30;972;394
9545;63,97;88,85;0,00;0,00;0,00;0,09;0,00;0,00;23;36;189;26;39;830;576
9546;63,75;25,12;0,00;0,00;0,00;0,03;0,00;0,00;87;34;49;19;26;560;589
9547;41,44;-180,96;0,00;0,00;0,00;-0,18;0,00;0,00;488;175;140;17;29;940;232
9548;50,69;-18,52;0,00;0,00;0,00;-0,02;0,00;0,00;387;48;154;48;19;715;630
9549;57,13;165,03;0,00;0,00;0,00;0,17;0,00;0,00;128;155;189;12;29;551;350
9550;48,92;-43,21;0,00;0,00;0,00;-0,04;0,00;0,00;397;180;117;19;32;938;890
9551;54,20;-87,95;0,00;0,00;0,00;-0,09;0,00;0,00;392;105;79;20;38;684;856
9552;90,30;362,19;0,00;0,00;0,00;0,36;0,00;0,00;288;62;178;13;17;688;570
9553;60,75;98,75;0,00;0,00;0,00;0,10;0,00;0,00;314;172;29;18;18;628;968
9554;39,45;-191,90;0,00;0,00;0,00;-0,19;0,00;0,00;331;18;38;32;26;596;386
9555;30,91;-235,16;0,00;0,00;0,00;-0,24;0,00;0,00;457;11;58;31;15;311;293
9556;68,02;175,02;0,00;0,00;0,00;0,18;0,00;0,00;221;64;167;23;22;668;988
9557;49,56;-88,23;0,00;0,00;0,00;-0,09;0,00;0,00;315;118;172;19;32;599;474
9558;55,89;94,33;0,00;0,00;0,00;0,09;0,00;0,00;243;123;142;27;16;908;471
9559;34,48;-149,90;0,00;0,00;0,00;-0,15;0,00;0,00;211;88;56;31;38;216;798
9560;46,82;-47,61;0,00;0,00;0,00;-0,05;0,00;0,00;320;32;10;35;26;215;477
9561;58,83;138,03;0,00;0,00;0,00;0,14;0,00;0,00;167;61;181;28;39;869;933
9562;42,89;10,83;0,00;0,00;0,00;0,01;0,00;0,00;318;122;19;11;29;200;839
9563;65,40;118,27;0,00;0,00;0,00;0,12;0,00;0,00;79;90;119;15;29;247;198
9564;37,18;-120,46;0,00;0,00;0,00;-0,12;0,00;0,00;243;72;140;31;35;804;855
9565;51,17;44,24;0,00;0,00;0,00;0,04;0,00;0,00;440;130;44;26;36;164;742
9566;53,23;52,39;0,00;0,00;0,00;0,05;0,00;0,00;484;37;19;10;38;987;753
9567;81,35;260,34;0,00;0,00;0,00;0,26;0,00;0,00;418;95;59;36;26;286;158
9568;52,11;132,04;0,00;0,00;0,00;0,13;0,00;0,00;340;186;198;40;18;111;680
9569;42,62;-104,60;0,00;0,00;0,00;-0,10;0,00;0,00;88;81;184;12;28;359;356
9570;38,53;-157,66;0,00;0,00;0,00;-0,16;0,00;0,00;130;133;187;28;28;890;687
9571;58,66;17,16;0,00;0,00;0,00;0,02;0,00;0,00;485;62;19;31;29;622;773
9572;58,76;105,87;0,00;0,00;0,00;0,11;0,00;0,00;376;79;173;29;23;764;259
9573;78,32;361,40;0,00;0,00;0,00;0,36;0,00;0,00;440;162;193;38;35;485;325
9574;56,21;104,58;0,00;0,00;0,00;0,10;0,00;0,00;113;71;103;37;31;491;688
9575;46,96;-87,95;0,00;0,00;0,00;-0,09;0,00;0,00;411;175;101;20;18;885;295
9576;33,39;-254,57;0,00;0,00;0,00;-0,25;0,00;0,00;481;30;141;34;29;837;969
9577;48,17;28,01;0,00;0,00;0,00;0,03;0,00;0,00;281;107;59;35;27;439;130
9578;21,95;-173,80;0,00;0,00;0,00;-0,17;0,00;0,00;347;92;21;36;25;818;516
9579;56,65;54,28;0,00;0,00;0,00;0,05;0,00;0,00;196;120;12;43;16;693;502
9580;54,55;37,21;0,00;0,00;0,00;0,04;0,00;0,00;21;132;48;24;25;116;432
9581;80,55;304,71;0,00;0,00;0,00;0,30;0,00;0,00;79;13;111;46;32;240;491
9582;68,09;79,84;0,00;0,00;0,00;0,08;0,00;0,00;363;40;164;32;18;943;528
9583;78,92;295,74;0,00;0,00;0,00;0,30;0,00;0,00;451;149;93;43;31;546;660
9584;62,07;60,03;0,00;0,00;0,00;0,06;0,00;0,00;130;147;131;13;30;187;555
9585;53,67;82,71;0,00;0,00;0,00;0,08;0,00;0,00;300;90;34;28;35;885;460
9586;35,62;-126,89;0,00;0,00;0,00;-0,13;0,00;0,00;11;177;189;23;17;732;254
9587;63,61;199,18;0,00;0,00;0,00;0,20;0,00;0,00;431;49;99;36;25;419;164
9588;66,96;175,81;0,00;0,00;0,00;0,18;0,00;0,00;95;149;172;35;15;461;400
9589;32,63;-215,63;0,00;0,00;0,00;-0,22;0,00;0,00;472;118;148;43;15;898;432
9590;38,76;-78,64;0,00;0,00;0,00;-0,08;0,00;0,00;57;182;110;38;34;459;721
9591;47,35;8,50;0,00;0,00;0,00;0,01;0,00;0,00;449;13;161;45;34;559;446
9592;65,79;74,55;0,00;0,00;0,00;0,07;0,00;0,00;270;93;187;39;19;445;173
9593;42,55;-131,22;0,00;0,00;0,00;-0,13;0,00;0,00;353;177;32;35;30;675;716
9594;68,63;167,22;0,00;0,00;0,00;0,17;0,00;0,00;230;195;34;39;19;513;143
9595;56,86;41,64;0,00;0,00;0,00;0,04;0,00;0,00;296;30;28;15;20;707;433
9596;34,21;-97,52;0,00;0,00;0,00;-0,10;0,00;0,00;458;188;47;44;23;485;581
9597;60,84;165,23;0,00;0,00;0,00;0,17;0,00;0,00;458;96;84;46;39;468;833
9598;77,20;256,01;0,00;0,00;0,00;0,26;0,00;0,00;147;160;151;17;30;631;216
9599;54,32;-1,16;0,00;0,00;0,00;-0,00;0,00;0,00;47;116;144;14;34;300;186
9600;47,02;21,51;0,00;0,00;0,00;0,02;0,00;0,00;360;57;115;43;20;741;418
9601;55,40;-0,33;0,00;0,00;0,00;-0,00;0,00;0,00;264;88;142;35;31;483;465
9602;35,09;-33,98;0,00;0,00;0,00;-0,03;0,00;0,00;460;140;145;16;21;676;970
9603;17,51;-366,29;0,00;0,00;0,00;-0,37;0,00;0,00;97;193;131;49;20;184;859
9604;49,23;-18,70;0,00;0,00;0,00;-0,02;0,00;0,00;34;181;161;34;34;981;854
9605;43,73;-86,21;0,00;0,00;0,00;-0,09;0,00;0,00;146;41;139;15;30;463;725
9606;65,43;77,85;0,00;0,00;0,00;0,08;0,00;0,00;372;171;54;28;28;409;345
9607;34,85;-101,82;0,00;0,00;0,00;-0,10;0,00;0,00;445;10;126;49;30;532;682
9608;65,10;123,57;0,00;0,00;0,00;0,12;0,00;0,00;365;70;97;46;28;254;331
9609;61,55;144,01;0,00;0,00;0,00;0,14;0,00;0,00;457;121;81;39;26;235;875
9610;50,16;14,40;0,00;0,00;0,00;0,01;0,00;0,00;282;96;113;31;35;585;677
9611;44,56;-94,10;0,00;0,00;0,00;-0,09;0,00;0,00;160;140;139;37;37;682;416
9612;48,40;-50,66;0,00;0,00;0,00;-0,05;0,00;0,00;309;119;12;40;33;880;534
9613;39,12;-86,13;0,00;0,00;0,00;-0,09;0,00;0,00;240;52;106;29;39;452;515
9614;56,36;85,15;0,00;0,00;0,00;0,09;0,00;0,00;212;120;196;36;26;281;237
9615;48,57;43,79;0,00;0,00;0,00;0,04;0,00;0,00;135;151;39;29;26;489;376
9616;82,85;288,16;0,00;0,00;0,00;0,29;0,00;0,00;95;10;43;33;32;776;860
9617;61,15;117,71;0,00;0,00;0,00;0,12;0,00;0,00;195;24;83;11;37;881;626
9618;34,80;-175,02;0,00;0,00;0,00;-0,18;0,00;0,00;303;175;69;13;30;697;349
9619;67,09;106,28;0,00;0,00;0,00;0,11;0,00;0,00;185;103;66;23;16;478;873
9620;16,36;-281,44;0,00;0,00;0,00;-0,28;0,00;0,00;273;126;45;48;32;216;218
9621;50,35;-3,56;0,00;0,00;0,00;-0,00;0,00;0,00;498;164;117;10;35;247;181
9622;64,42;98,18;0,00;0,00;0,00;0,10;0,00;0,00;141;106;129;29;17;822;629
9623;34,95;-92,69;0,00;0,00;0,00;-0,09;0,00;0,00;399;42;71;17;36;475;721
9624;66,45;153,56;0,00;0,00;0,00;0,15;0,00;0,00;344;19;30;10;23;986;737
9625;34,47;-183,29;0,00;0,00;0,00;-0,18;0,00;0,00;398;193;52;33;29;136;237
9626;11,42;-325,60;0,00;0,00;0,00;-0,33;0,00;0,00;297;141;59;29;37;449;250
9627;49,84;5,72;0,00;0,00;0,00;0,01;0,00;0,00;312;196;52;45;31;136;345
9628;59,78;86,00;0,00;0,00;0,00;0,09;0,00;0,00;29;141;36;37;39;721;982
9629;60,10;87,12;0,00;0,00;0,00;0,09;0,00;0,00;41;177;53;15;29;480;187
9630;37,94;-167,01;0,00;0,00;0,00;-0,17;0,00;0,00;43;51;137;43;31;384;606
9631;27,01;-214,04;0,00;0,00;0,00;-0,21;0,00;0,00;307;105;75;23;19;678;900
9632;68,14;129,05;0,00;0,00;0,00;0,13;0,00;0,00;71;144;129;20;22;407;945
9633;38,44;-98,31;0,00;0,00;0,00;-0,10;0,00;0,00;419;88;20;43;26;262;989
9634;29,25;-141,64;0,00;0,00;0,00;-0,14;0,00;0,00;334;147;175;44;36;661;276
9635;60,55;119,11;0,00;0,00;0,00;0,12;0,00;0,00;302;137;48;11;28;273;968
9636;35,25;-178,26;0,00;0,00;0,00;-0,18;0,00;0,00;418;60;136;47;21;611;301
9637;58,61;129,22;0,00;0,00;0,00;0,13;0,00;0,00;54;134;63;22;16;751;147
9638;34,03;-235,01;0,00;0,00;0,00;-0,24;0,00;0,00;178;37;141;24;28;447;343
9639;51,72;18,67;0,00;0,00;0,00;0,02;0,00;0,00;446;178;157;33;18;824;663
9640;64,84;101,42;0,00;0,00;0,00;0,10;0,00;0,00;46;172;34;31;18;336;711
9641;56,54;121,46;0,00;0,00;0,00;0,12;0,00;0,00;360;148;175;48;36;885;684
9642;63,86;199,93;0,00;0,00;0,00;0,20;0,00;0,00;467;76;84;46;21;259;735
9643;51,25;26,55;0,00;0,00;0,00;0,03;0,00;0,00;127;67;185;13;16;116;894
9644;51,00;66,57;0,00;0,00;0,00;0,07;0,00;0,00;251;75;134;47;36;337;305
9645;36,47;-124,14;0,00;0,00;0,00;-0,12;0,00;0,00;42;36;96;25;29;239;514
9646;52,74;19,09;0,00;0,00;0,00;0,02;0,00;0,00;462;162;44;23;23;657;497
9647;48,56;28,33;0,00;0,00;0,00;0,03;0,00;0,00;285;71;31;29;16;638;227
9648;52,75;-41,03;0,00;0,00;0,00;-0,04;0,00;0,00;140;199;105;21;17;983;305
9649;58,14;86,89;0,00;0,00;0,00;0,09;0,00;0,00;213;108;61;30;32;696;317
9650;62,08;228,99;0,00;0,00;0,00;0,23;0,00;0,00;433;17;177;38;37;945;609
9651;54,22;112,97;0,00;0,00;0,00;0,11;0,00;0,00;267;73;19;38;15;710;128
9652;42,38;-118,58;0,00;0,00;0,00;-0,12;0,00;0,00;456;24;131;17;19;231;664
9653;33,24;-136,95;0,00;0,00;0,00;-0,14;0,00;0,00;385;83;168;16;34;293;719
9654;30,47;-143,30;0,00;0,00;0,00;-0,14;0,00;0,00;173;184;177;31;37;233;233
9655;70,77;227,15;0,00;0,00;0,00;0,23;0,00;0,00;291;161;52;35;21;572;294
9656;62,66;78,00;0,00;0,00;0,00;0,08;0,00;0,00;411;53;10;17;28;622;286
9657;56,81;20,77;0,00;0,00;0,00;0,02;0,00;0,00;56;16;97;13;28;956;683
9658;40,38;-63,94;0,00;0,00;0,00;-0,06;0,00;0,00;62;171;186;40;26;124;691
9659;51,06;-14,61;0,00;0,00;0,00;-0,01;0,00;0,00;16;126;123;31;31;826;611
9660;56,71;138,60;0,00;0,00;0,00;0,14;0,00;0,00;272;161;14;22;38;760;509
9661;62,29;169,38;0,00;0,00;0,00;0,17;0,00;0,00;117;82;33;36;37;965;231
9662;68,68;204,89;0,00;0,00;0,00;0,20;0,00;0,00;276;78;46;18;31;451;422
9663;51,55;28,63;0,00;0,00;0,00;0,03;0,00;0,00;333;158;85;36;29;315;628
9664;5,14;-418,85;0,00;0,00;0,00;-0,42;0,00;0,00;131;130;26;26;31;438;639
9665;36,84;-59,77;0,00;0,00;0,00;-0,06;0,00;0,00;124;50;194;32;21;205;811
9666;68,73;242,75;0,00;0,00;0,00;0,24;0,00;0,00;290;81;106;33;30;998;667
9667;33,20;-189,48;0,00;0,00;0,00;-0,19;0,00;0,00;246;55;14;30;35;864;228
9668;45,97;-35,19;0,00;0,00;0,00;-0,04;0,00;0,00;262;66;162;42;34;884;652
9669;63,75;71,89;0,00;0,00;0,00;0,07;0,00;0,00;226;82;98;10;28;212;700
9670;65,71;132,83;0,00;0,00;0,00;0,13;0,00;0,00;498;132;75;40;30;421;819
9671;82,13;334,64;0,00;0,00;0,00;0,33;0,00;0,00;35;142;41;41;36;475;914
9672;33,23;-121,07;0,00;0,00;0,00;-0,12;0,00;0,00;105;199;37;20;20;615;472
9673;87,57;408,01;0,00;0,00;0,00;0,41;0,00;0,00;282;153;73;20;20;992;754
9674;69,18;208,49;0,00;0,00;0,00;0,21;0,00;0,00;42;174;198;11;37;203;881
9675;59,19;138,41;0,00;0,00;0,00;0,14;0,00;0,00;437;30;21;30;25;920;798
9676;56,92;88,56;0,00;0,00;0,00;0,09;0,00;0,00;39;167;169;28;22;355;672
9677;45,17;-50,19;0,00;0,00;0,00;-0,05;0,00;0,00;478;29;170;23;25;901;138
9678;52,17;-18,07;0,00;0,00;0,00;-0,02;0,00;0,00;145;23;73;28;19;148;316
9679;19,79;-283,92;0,00;0,00;0,00;-0,28;0,00;0,00;254;172;24;22;29;712;768
9680;44,27;-79,96;0,00;0,00;0,00;-0,08;0,00;0,00;31;68;32;36;15;341;229
9681;44,41;33,12;0,00;0,00;0,00;0,03;0,00;0,00;499;144;70;18;23;750;741
9682;51,33;-44,38;0,00;0,00;0,00;-0,04;0,00;0,00;140;32;45;38;39;999;397
9683;59,46;114,99;0,00;0,00;0,00;0,11;0,00;0,00;357;131;95;25;31;109;185
9684;48,50;47,01;0,00;0,00;0,00;0,05;0,00;0,00;40;193;26;26;29;292;467
9685;54,18;51,17;0,00;0,00;0,00;0,05;0,00;0,00;217;43;130;18;26;141;812
9686;30,79;-101,29;0,00;0,00;0,00;-0,10;0,00;0,00;354;155;106;13;27;399;185
9687;51,40;89,33;0,00;0,00;0,00;0,09;0,00;0,00;391;183;172;26;34;399;179
9688;45,68;56,85;0,00;0,00;0,00;0,06;0,00;0,00;396;47;148;36;15;275;491
9689;23,54;-238,36;0,00;0,00;0,00;-0,24;0,00;0,00;19;112;99;11;20;477;837
9690;61,82;183,75;0,00;0,00;0,00;0,18;0,00;0,00;482;26;18;31;22;473;286
9691;32,37;-191,86;0,00;0,00;0,00;-0,19;0,00;0,00;325;182;49;12;35;710;550
9692;79,83;216,96;0,00;0,00;0,00;0,22;0,00;0,00;410;98;74;17;28;309;232
9693;60,30;133,63;0,00;0,00;0,00;0,13;0,00;0,00;273;152;122;12;30;792;969
9694;31,44;-274,53;0,00;0,00;0,00;-0,27;0,00;0,00;165;123;26;34;19;895;188
9695;34,87;-148,83;0,00;0,00;0,00;-0,15;0,00;0,00;249;110;153;34;22;223;229
9696;39,61;-113,68;0,00;0,00;0,00;-0,11;0,00;0,00;429;195;136;31;39;316;150
9697;42,72;-79,25;0,00;0,00;0,00;-0,08;0,00;0,00;393;38;63;31;29;815;848
9698;44,82;-40,75;0,00;0,00;0,00;-0,04;0,00;0,00;171;49;72;26;27;955;636
9699;32,87;-179,22;0,00;0,00;0,00;-0,18;0,00;0,00;228;91;108;27;32;474;711
9700;46,81;-22,95;0,00;0,00;0,00;-0,02;0,00;0,00;380;115;122;24;23;199;106
9701;28,08;-217,09;0,00;0,00;0,00;-0,22;0,00;0,00;25;185;12;42;36;960;783
9702;42,18;-93,13;0,00;0,00;0,00;-0,09;0,00;0,00;162;139;36;39;36;556;457
9703;32,25;-235,20;0,00;0,00;0,00;-0,24;0,00;0,00;220;43;186;11;37;347;313
9704;53,61;43,46;0,00;0,00;0,00;0,04;0,00;0,00;297;78;178;25;35;314;994
9705;68,34;260,20;0,00;0,00;0,00;0,26;0,00;0,00;371;123;167;27;17;513;329
9706;59,49;148,35;0,00;0,00;0,00;0,15;0,00;0,00;218;87;66;47;32;104;492
9707;19,06;-343,89;0,00;0,00;0,00;-0,34;0,00;0,00;485;169;116;45;36;161;476
9708;29,91;-245,45;0,00;0,00;0,00;-0,25;0,00;0,00;42;117;92;30;29;664;981
9709;65,06;114,23;0,00;0,00;0,00;0,11;0,00;0,00;361;105;173;40;15;861;900
9710;48,51;-51,70;0,00;0,00;0,00;-0,05;0,00;0,00;33;186;99;41;24;964;950
9711;54,31;88,29;0,00;0,00;0,00;0,09;0,00;0,00;123;85;15;16;28;318;395
9712;51,77;114,42;0,00;0,00;0,00;0,11;0,00;0,00;495;71;186;36;18;785;232
9713;40,59;-18,45;0,00;0,00;0,00;-0,02;0,00;0,00;495;177;34;37;21;686;506
9714;50,83;44,71;0,00;0,00;0,00;0,04;0,00;0,00;274;181;149;38;25;781;894
9715;47,58;-1,45;0,00;0,00;0,00;-0,00;0,00;0,00;212;188;49;12;30;260;861
9716;64,05;200,08;0,00;0,00;0,00;0,20;0,00;0,00;271;191;45;26;25;862;293
9717;53,71;17,66;0,00;0,00;0,00;0,02;0,00;0,00;463;24;38;44;27;921;773
9718;53,28;127,34;0,00;0,00;0,00;0,13;0,00;0,00;416;133;22;39;34;433;940
9719;53,48;43,75;0,00;0,00;0,00;0,04;0,00;0,00;469;29;111;31;16;375;707
9720;62,41;128,39;0,00;0,00;0,00;0,13;0,00;0,00;141;64;89;49;30;867;351
9721;43,83;-93,17;0,00;0,00;0,00;-0,09;0,00;0,00;345;194;162;33;34;367;454
9722;58,75;76,59;0,00;0,00;0,00;0,08;0,00;0,00;388;194;122;21;29;590;246
9723;41,31;-87,02;0,00;0,00;0,00;-0,09;0,00;0,00;194;23;176;47;32;589;490
9724;44,43;2,59;0,00;0,00;0,00;0,00;0,00;0,00;31;38;153;20;16;924;558
9725;51,59;1,53;0,00;0,00;0,00;0,00;0,00;0,00;120;147;26;30;20;158;130
9726;66,04;159,79;0,00;0,00;0,00;0,16;0,00;0,00;18;126;68;32;30;215;453
9727;28,75;-122,71;0,00;0,00;0,00;-0,12;0,00;0,00;386;99;189;26;29;373;761
9728;60,84;200,59;0,00;0,00;0,00;0,20;0,00;0,00;419;163;84;41;19;574;634
9729;36,39;-56,74;0,00;0,00;0,00;-0,06;0,00;0,00;89;175;174;26;23;912;997
9730;55,09;73,82;0,00;0,00;0,00;0,07;0,00;0,00;217;60;28;34;16;874;827
9731;30,32;-163,54;0,00;0,00;0,00;-0,16;0,00;0,00;329;39;40;25;36;198;558
9732;34,09;-201,59;0,00;0,00;0,00;-0,20;0,00;0,00;395;12;83;13;29;545;816
9733;49,98;-17,28;0,00;0,00;0,00;-0,02;0,00;0,00;332;118;31;32;32;651;530
9734;75,50;182,82;0,00;0,00;0,00;0,18;0,00;0,00;149;123;158;42;27;597;240
9735;34,81;-224,35;0,00;0,00;0,00;-0,22;0,00;0,00;173;150;198;17;19;512;814
9736;29,05;-324,10;0,00;0,00;0,00;-0,32;0,00;0,00;462;44;143;12;27;237;827
9737;62,59;212,93;0,00;0,00;0,00;0,21;0,00;0,00;155;87;199;32;26;968;487
9738;53,77;24,34;0,00;0,00;0,00;0,02;0,00;0,00;472;192;196;12;34;692;293
9739;38,33;-61,81;0,00;0,00;0,00;-0,06;0,00;0,00;280;123;134;46;31;525;531
9740;64,99;118,48;0,00;0,00;0,00;0,12;0,00;0,00;401;99;138;21;19;171;926
9741;57,20;85,88;0,00;0,00;0,00;0,09;0,00;0,00;200;152;10;22;25;978;535
9742;71,22;269,40;0,00;0,00;0,00;0,27;0,00;0,00;84;177;52;41;34;944;644
9743;36,20;-106,42;0,00;0,00;0,00;-0,11;0,00;0,00;277;58;94;21;36;400;792
9744;54,56;57,51;0,00;0,00;0,00;0,06;0,00;0,00;22;145;64;40;18;791;118
9745;47,62;-30,01;0,00;0,00;0,00;-0,03;0,00;0,00;175;130;59;30;33;162;847
9746;57,33;74,74;0,00;0,00;0,00;0,07;0,00;0,00;55;41;59;11;17;380;990
9747;57,10;104,28;0,00;0,00;0,00;0,10;0,00;0,00;13;121;91;49;15;354;506
9748;40,61;-162,11;0,00;0,00;0,00;-0,16;0,00;0,00;321;149;38;35;17;379;429
9749;51,67;-45,42;0,00;0,00;0,00;-0,05;0,00;0,00;132;95;70;35;34;454;743
9750;52,49;37,32;0,00;0,00;0,00;0,04;0,00;0,00;272;153;164;25;38;335;906
9751;47,09;-48,90;0,00;0,00;0,00;-0,05;0,00;0,00;374;127;192;13;25;786;319
9752;64,78;109,82;0,00;0,00;0,00;0,11;0,00;0,00;330;142;180;36;19;761;854
9753;24,52;-181,23;0,00;0,00;0,00;-0,18;0,00;0,00;37;92;31;11;35;667;713
9754;26,73;-154,96;0,00;0,00;0,00;-0,15;0,00;0,00;434;76;73;41;17;131;382
9755;53,93;38,78;0,00;0,00;0,00;0,04;0,00;0,00;114;195;15;38;34;641;607
9756;48,18;27,81;0,00;0,00;0,00;0,03;0,00;0,00;167;46;180;31;19;407;531
9757;77,32;263,09;0,00;0,00;0,00;0,26;0,00;0,00;19;63;93;38;23;419;469
9758;84,76;274,68;0,00;0,00;0,00;0,27;0,00;0,00;463;26;22;11;21;736;976
9759;7,32;-414,48;0,00;0,00;0,00;-0,41;0,00;0,00;159;177;150;18;16;843;365
9760;57,07;94,14;0,00;0,00;0,00;0,09;0,00;0,00;451;88;191;11;15;225;690
9761;49,01;2,70;0,00;0,00;0,00;0,00;0,00;0,00;60;18;194;10;37;372;257
9762;58,30;95,73;0,00;0,00;0,00;0,10;0,00;0,00;352;174;122;10;29;540;365
9763;34,22;-100,07;0,00;0,00;0,00;-0,10;0,00;0,00;240;182;179;29;17;104;791
9764;44,36;-11,82;0,00;0,00;0,00;-0,01;0,00;0,00;381;187;167;21;39;693;894
9765;42,78;-157,07;0,00;0,00;0,00;-0,16;0,00;0,00;72;93;106;10;22;513;670
9766;45,00;-25,99;0,00;0,00;0,00;-0,03;0,00;0,00;402;22;178;20;35;121;120
9767;44,84;-74,66;0,00;0,00;0,00;-0,07;0,00;0,00;432;84;153;10;20;461;178
9768;53,26;52,74;0,00;0,00;0,00;0,05;0,00;0,00;330;181;144;17;25;728;892
9769;24,41;-267,78;0,00;0,00;0,00;-0,27;0,00;0,00;105;107;174;25;19;747;288
9770;44,39;-159,09;0,00;0,00;0,00;-0,16;0,00;0,00;270;197;15;48;37;354;619
9771;30,78;-250,12;0,00;0,00;0,00;-0,25;0,00;0,00;265;116;80;33;38;333;564
9772;18,83;-258,83;0,00;0,00;0,00;-0,26;0,00;0,00;470;107;117;42;15;650;498
9773;50,56;7,15;0,00;0,00;0,00;0,01;0,00;0,00;431;105;152;44;32;685;956
9774;43,78;-43,20;0,00;0,00;0,00;-0,04;0,00;0,00;207;152;83;42;15;222;200
9775;27,63;-290,42;0,00;0,00;0,00;-0,29;0,00;0,00;109;126;59;35;17;954;799
9776;78,81;406,10;0,00;0,00;0,00;0,41;0,00;0,00;127;53;199;16;17;646;425
9777;48,75;-24,45;0,00;0,00;0,00;-0,02;0,00;0,00;182;198;132;15;30;840;475
9778;5,99;-426,26;0,00;0,00;0,00;-0,43;0,00;0,00;35;31;134;36;31;898;883
9779;15,93;-415,12;0,00;0,00;0,00;-0,42;0,00;0,00;47;132;187;12;25;950;810
9780;40,43;-78,71;0,00;0,00;0,00;-0,08;0,00;0,00;411;112;99;38;15;373;516
9781;36,21;-275,91;0,00;0,00;0,00;-0,28;0,00;0,00;256;35;58;18;37;912;722
9782;73,79;294,90;0,00;0,00;0,00;0,29;0,00;0,00;165;38;171;24;23;774;708
9783;30,10;-282,21;0,00;0,00;0,00;-0,28;0,00;0,00;235;15;90;35;29;574;111
9784;42,33;-99,42;0,00;0,00;0,00;-0,10;0,00;0,00;423;98;12;34;24;340;570
9785;37,45;-109,34;0,00;0,00;0,00;-0,11;0,00;0,00;296;18;32;36;15;507;618
9786;32,67;-199,95;0,00;0,00;0,00;-0,20;0,00;0,00;458;32;111;28;28;553;910
9787;64,89;115,03;0,00;0,00;0,00;0,12;0,00;0,00;93;101;16;36;35;483;791
9788;33,38;-147,02;0,00;0,00;0,00;-0,15;0,00;0,00;339;122;106;26;15;313;944
9789;85,18;427,32;0,00;0,00;0,00;0,43;0,00;0,00;291;177;46;22;32;669;918
9790;74,97;378,36;0,00;0,00;0,00;0,38;0,00;0,00;394;197;110;20;27;268;582
9791;49,90;0,46;0,00;0,00;0,00;0,00;0,00;0,00;288;181;94;46;27;335;944
9792;50,14;6,52;0,00;0,00;0,00;0,01;0,00;0,00;80;128;79;16;17;711;322
9793;69,76;292,55;0,00;0,00;0,00;0,29;0,00;0,00;472;65;87;27;25;439;426
9794;66,96;133,86;0,00;0,00;0,00;0,13;0,00;0,00;151;109;135;45;35;487;155
9795;22,31;-273,93;0,00;0,00;0,00;-0,27;0,00;0,00;486;15;84;10;28;178;995
9796;44,30;-3,10;0,00;0,00;0,00;-0,00;0,00;0,00;278;64;114;33;36;516;815
9797;68,16;139,18;0,00;0,00;0,00;0,14;0,00;0,00;24;11;151;38;35;735;497
9798;38,96;-143,57;0,00;0,00;0,00;-0,14;0,00;0,00;374;75;112;15;29;813;852
9799;39,94;-143,91;0,00;0,00;0,00;-0,14;0,00;0,00;185;128;60;41;33;685;366
9800;62,72;93,67;0,00;0,00;0,00;0,09;0,00;0,00;93;174;139;12;21;544;253
9801;63,61;89,27;0,00;0,00;0,00;0,09;0,00;0,00;462;130;141;44;31;299;753
9802;34,10;-31,36;0,00;0,00;0,00;-0,03;0,00;0,00;498;12;192;15;20;372;491
9803;41,91;-79,44;0,00;0,00;0,00;-0,08;0,00;0,00;335;185;176;45;24;860;192
9804;67,35;122,91;0,00;0,00;0,00;0,12;0,00;0,00;169;31;111;11;19;495;730
9805;43,15;-89,62;0,00;0,00;0,00;-0,09;0,00;0,00;183;75;180;26;38;702;904
9806;60,97;22,03;0,00;0,00;0,00;0,02;0,00;0,00;315;196;170;14;20;200;589
9807;46,50;24,50;0,00;0,00;0,00;0,02;0,00;0,00;457;59;142;14;31;765;196
9808;34,42;-209,54;0,00;0,00;0,00;-0,21;0,00;0,00;252;51;107;39;39;414;351
9809;36,59;-104,28;0,00;0,00;0,00;-0,10;0,00;0,00;11;91;29;26;22;762;688
9810;39,80;-56,47;0,00;0,00;0,00;-0,06;0,00;0,00;148;74;194;33;18;557;805
9811;47,26;-5,73;0,00;0,00;0,00;-0,01;0,00;0,00;497;158;165;42;33;644;586
9812;70,67;237,09;0,00;0,00;0,00;0,24;0,00;0,00;112;103;51;27;23;819;755
9813;60,32;77,57;0,00;0,00;0,00;0,08;0,00;0,00;293;179;39;20;22;535;228
9814;54,40;-9,18;0,00;0,00;0,00;-0,01;0,00;0,00;45;120;46;33;19;905;984
9815;14,59;-292,94;0,00;0,00;0,00;-0,29;0,00;0,00;93;50;112;42;18;305;403
9816;46,11;-72,92;0,00;0,00;0,00;-0,07;0,00;0,00;38;11;197;43;34;887;839
9817;41,68;-61,60;0,00;0,00;0,00;-0,06;0,00;0,00;31;183;129;28;37;685;960
9818;42,94;-71,54;0,00;0,00;0,00;-0,07;0,00;0,00;105;129;25;43;31;447;552
9819;44,73;-97,13;0,00;0,00;0,00;-0,10;0,00;0,00;58;83;159;27;25;957;161
9820;41,69;-116,80;0,00;0,00;0,00;-0,12;0,00;0,00;305;145;38;23;26;496;463
9821;43,24;-24,38;0,00;0,00;0,00;-0,02;0,00;0,00;469;105;18;18;17;482;589
9822;53,18;62,59;0,00;0,00;0,00;0,06;0,00;0,00;465;62;193;30;26;397;811
9823;35,31;-188,63;0,00;0,00;0,00;-0,19;0,00;0,00;226;61;19;13;29;826;161
9824;42,27;-32,59;0,00;0,00;0,00;-0,03;0,00;0,00;74;111;146;34;18;314;490
9825;71,28;208,60;0,00;0,00;0,00;0,21;0,00;0,00;271;195;36;43;16;571;507
9826;42,60;-72,82;0,00;0,00;0,00;-0,07;0,00;0,00;100;155;22;44;17;900;122
9827;49,23;24,05;0,00;0,00;0,00;0,02;0,00;0,00;358;158;56;37;29;676;347
9828;27,47;-294,59;0,00;0,00;0,00;-0,29;0,00;0,00;323;44;165;41;26;968;657
9829;62,62;33,24;0,00;0,00;0,00;0,03;0,00;0,00;90;140;77;14;34;347;815
9830;44,77;-13,08;0,00;0,00;0,00;-0,01;0,00;0,00;404;188;165;26;38;704;207
9831;39,14;-100,22;0,00;0,00;0,00;-0,10;0,00;0,00;254;189;162;19;23;800;695
9832;40,52;-218,02;0,00;0,00;0,00;-0,22;0,00;0,00;203;113;198;22;28;775;782
9833;49,98;21,45;0,00;0,00;0,00;0,02;0,00;0,00;454;188;136;19;15;175;556
9834;26,58;-218,09;0,00;0,00;0,00;-0,22;0,00;0,00;343;44;74;17;25;825;564
9835;72,65;147,78;0,00;0,00;0,00;0,15;0,00;0,00;349;168;85;13;27;213;273
9836;57,92;4,43;0,00;0,00;0,00;0,00;0,00;0,00;201;86;142;27;31;211;863
9837;57,24;72,83;0,00;0,00;0,00;0,07;0,00;0,00;457;198;52;16;35;260;845
9838;64,89;56,57;0,00;0,00;0,00;0,06;0,00;0,00;222;105;23;23;25;308;850
9839;57,41;132,89;0,00;0,00;0,00;0,13;0,00;0,00;150;149;137;33;33;670;445
9840;47,78;5,70;0,00;0,00;0,00;0,01;0,00;0,00;177;161;138;47;33;661;970
9841;70,83;199,64;0,00;0,00;0,00;0,20;0,00;0,00;469;100;68;13;32;218;752
9842;41,96;-39,41;0,00;0,00;0,00;-0,04;0,00;0,00;81;58;162;39;36;427;795
9843;60,69;77,65;0,00;0,00;0,00;0,08;0,00;0,00;170;169;79;45;38;932;328
9844;71,49;178,99;0,00;0,00;0,00;0,18;0,00;0,00;465;89;123;24;28;374;491
9845;45,68;-113,64;0,00;0,00;0,00;-0,11;0,00;0,00;438;54;22;20;31;516;385
9846;74,26;230,47;0,00;0,00;0,00;0,23;0,00;0,00;249;99;81;41;18;591;520
9847;55,18;84,18;0,00;0,00;0,00;0,08;0,00;0,00;116;96;12;43;33;638;680
9848;55,53;21,28;0,00;0,00;0,00;0,02;0,00;0,00;139;76;28;47;38;150;641
9849;67,85;229,29;0,00;0,00;0,00;0,23;0,00;0,00;472;62;122;42;35;729;698
9850;37,93;-172,03;0,00;0,00;0,00;-0,17;0,00;0,00;53;144;160;20;20;866;352
9851;49,96;-7,34;0,00;0,00;0,00;-0,01;0,00;0,00;484;69;117;35;31;147;360
9852;53,75;80,53;0,00;0,00;0,00;0,08;0,00;0,00;284;182;100;31;18;753;971
9853;73,16;215,68;0,00;0,00;0,00;0,22;0,00;0,00;377;98;128;22;20;975;993
9854;41,93;-102,11;0,00;0,00;0,00;-0,10;0,00;0,00;133;46;133;28;28;610;207
9855;27,79;-217,16;0,00;0,00;0,00;-0,22;0,00;0,00;49;69;25;13;35;585;358
9856;46,37;36,29;0,00;0,00;0,00;0,04;0,00;0,00;483;85;82;33;18;710;739
9857;37,94;-111,21;0,00;0,00;0,00;-0,11;0,00;0,00;323;39;138;37;16;874;381
9858;38,48;-101,43;0,00;0,00;0,00;-0,10;0,00;0,00;267;20;54;13;19;257;813
9859;46,36;-80,69;0,00;0,00;0,00;-0,08;0,00;0,00;256;168;130;13;22;855;727
9860;57,86;86,89;0,00;0,00;0,00;0,09;0,00;0,00;228;157;164;13;36;923;439
9861;54,21;76,65;0,00;0,00;0,00;0,08;0,00;0,00;175;112;65;20;30;294;536
9862;51,59;11,17;0,00;0,00;0,00;0,01;0,00;0,00;304;161;60;27;34;697;463
9863;58,00;125,79;0,00;0,00;0,00;0,13;0,00;0,00;112;25;179;47;31;909;848
9864;55,35;39,29;0,00;0,00;0,00;0,04;0,00;0,00;93;56;175;15;36;132;716
9865;13,97;-293,73;0,00;0,00;0,00;-0,29;0,00;0,00;98;187;20;49;20;335;178
9866;47,73;-17,86;0,00;0,00;0,00;-0,02;0,00;0,00;491;138;194;24;22;826;911
9867;59,06;104,66;0,00;0,00;0,00;0,10;0,00;0,00;473;160;110;47;27;470;584
9868;77,35;243,74;0,00;0,00;0,00;0,24;0,00;0,00;154;163;153;34;26;466;782
9869;85,74;401,60;0,00;0,00;0,00;0,40;0,00;0,00;262;15;73;12;30;572;405
9870;38,13;-122,61;0,00;0,00;0,00;-0,12;0,00;0,00;190;145;138;44;38;643;376
9871;60,01;-45,73;0,00;0,00;0,00;-0,05;0,00;0,00;250;17;70;27;37;804;366
9872;61,09;88,49;0,00;0,00;0,00;0,09;0,00;0,00;37;199;17;20;21;278;930
9873;66,76;187,88;0,00;0,00;0,00;0,19;0,00;0,00;16;155;101;19;30;369;350
9874;49,56;-1,46;0,00;0,00;0,00;-0,00;0,00;0,00;108;73;96;38;17;844;299
9875;47,55;-111,78;0,00;0,00;0,00;-0,11;0,00;0,00;43;140;75;28;26;409;574
9876;52,65;49,05;0,00;0,00;0,00;0,05;0,00;0,00;284;112;30;42;25;398;986
9877;63,25;172,85;0,00;0,00;0,00;0,17;0,00;0,00;496;82;145;34;38;482;575
9878;57,70;24,09;0,00;0,00;0,00;0,02;0,00;0,00;402;184;115;10;27;986;431
9879;41,76;-39,09;0,00;0,00;0,00;-0,04;0,00;0,00;172;106;157;23;19;978;615
9880;74,74;359,51;0,00;0,00;0,00;0,36;0,00;0,00;286;100;35;44;37;629;681
9881;38,15;-105,01;0,00;0,00;0,00;-0,11;0,00;0,00;10;131;37;30;27;583;449
9882;45,24;-189,06;0,00;0,00;0,00;-0,19;0,00;0,00;364;83;150;35;22;480;159
9883;69,84;244,77;0,00;0,00;0,00;0,24;0,00;0,00;485;100;105;48;32;573;384
9884;53,25;57,70;0,00;0,00;0,00;0,06;0,00;0,00;70;13;176;15;24;177;989
9885;45,79;61,99;0,00;0,00;0,00;0,06;0,00;0,00;361;188;48;14;26;366;772
9886;64,56;141,56;0,00;0,00;0,00;0,14;0,00;0,00;20;49;66;11;28;628;597
9887;37,71;-126,10;0,00;0,00;0,00;-0,13;0,00;0,00;136;102;147;49;15;131;513
9888;62,68;205,42;0,00;0,00;0,00;0,21;0,00;0,00;401;32;136;35;35;920;877
9889;43,13;-39,61;0,00;0,00;0,00;-0,04;0,00;0,00;363;94;15;27;20;830;225
9890;61,21;130,90;0,00;0,00;0,00;0,13;0,00;0,00;53;126;17;37;25;654;173
9891;48,90;-14,66;0,00;0,00;0,00;-0,01;0,00;0,00;214;139;189;35;39;507;495
9892;42,79;-22,55;0,00;0,00;0,00;-0,02;0,00;0,00;258;33;97;14;35;562;401
9893;46,05;-62,63;0,00;0,00;0,00;-0,06;0,00;0,00;380;85;54;47;32;913;304
9894;8,98;-463,81;0,00;0,00;0,00;-0,46;0,00;0,00;27;110;43;16;30;379;430
9895;22,47;-271,89;0,00;0,00;0,00;-0,27;0,00;0,00;463;169;91;48;35;136;886
9896;2,33;-531,56;0,00;0,00;0,00;-0,53;0,00;0,00;369;43;174;13;20;639;538
9897;25,19;-199,88;0,00;0,00;0,00;-0,20;0,00;0,00;220;44;13;40;35;783;726
9898;84,88;291,83;0,00;0,00;0,00;0,29;0,00;0,00;43;106;48;33;33;924;832
9899;60,66;108,81;0,00;0,00;0,00;0,11;0,00;0,00;397;15;94;37;25;692;687
9900;57,42;115,13;0,00;0,00;0,00;0,12;0,00;0,00;24;70;29;28;27;741;938
9901;50,94;-11,93;0,00;0,00;0,00;-0,01;0,00;0,00;282;68;58;38;15;905;815
9902;51,88;-42,91;0,00;0,00;0,00;-0,04;0,00;0,00;420;56;136;14;30;967;466
9903;56,25;45,52;0,00;0,00;0,00;0,05;0,00;0,00;83;139;141;25;38;737;860
9904;31,97;-98,17;0,00;0,00;0,00;-0,10;0,00;0,00;421;126;115;29;28;434;207
9905;59,77;83,75;0,00;0,00;0,00;0,08;0,00;0,00;492;25;19;33;36;382;798
9906;50,25;19,48;0,00;0,00;0,00;0,02;0,00;0,00;114;18;34;29;20;128;964
9907;54,05;81,34;0,00;0,00;0,00;0,08;0,00;0,00;497;13;132;13;16;408;442
9908;43,89;-150,58;0,00;0,00;0,00;-0,15;0,00;0,00;68;123;14;32;27;492;740
9909;60,02;15,26;0,00;0,00;0,00;0,02;0,00;0,00;323;170;52;21;29;313;467
9910;50,22;82,41;0,00;0,00;0,00;0,08;0,00;0,00;117;155;122;25;24;737;715
9911;42,32;-38,57;0,00;0,00;0,00;-0,04;0,00;0,00;422;14;174;46;15;624;667
9912;50,95;-24,85;0,00;0,00;0,00;-0,02;0,00;0,00;450;18;160;37;22;905;607
9913;56,11;60,75;0,00;0,00;0,00;0,06;0,00;0,00;350;170;198;15;39;927;439
9914;9,51;-390,63;0,00;0,00;0,00;-0,39;0,00;0,00;428;93;42;25;29;249;697
9915;72,71;230,75;0,00;0,00;0,00;0,23;0,00;0,00;402;60;123;43;25;773;637
9916;61,29;239,05;0,00;0,00;0,00;0,24;0,00;0,00;93;152;129;18;23;853;986
9917;12,07;-363,52;0,00;0,00;0,00;-0,36;0,00;0,00;39;109;170;11;30;318;473
9918;46,58;-85,61;0,00;0,00;0,00;-0,09;0,00;0,00;232;143;19;23;23;646;688
9919;38,03;-228,83;0,00;0,00;0,00;-0,23;0,00;0,00;178;117;86;32;35;524;897
9920;54,23;45,19;0,00;0,00;0,00;0,05;0,00;0,00;363;43;98;49;32;675;593
9921;65,29;240,73;0,00;0,00;0,00;0,24;0,00;0,00;184;34;143;43;15;929;746
9922;64,10;131,65;0,00;0,00;0,00;0,13;0,00;0,00;35;194;11;41;31;938;310
9923;38,56;-68,91;0,00;0,00;0,00;-0,07;0,00;0,00;235;98;138;41;26;304;220
9924;26,81;-248,51;0,00;0,00;0,00;-0,25;0,00;0,00;425;60;143;17;38;351;747
9925;28,78;-78,84;0,00;0,00;0,00;-0,08;0,00;0,00;101;133;174;35;18;597;288
9926;28,64;-246,40;0,00;0,00;0,00;-0,25;0,00;0,00;270;142;194;27;17;976;832
9927;46,84;-68,53;0,00;0,00;0,00;-0,07;0,00;0,00;243;106;26;49;34;771;311
9928;44,80;-110,37;0,00;0,00;0,00;-0,11;0,00;0,00;29;115;58;13;35;374;181
9929;56,92;60,30;0,00;0,00;0,00;0,06;0,00;0,00;451;54;97;24;34;787;654
9930;39,61;-54,88;0,00;0,00;0,00;-0,05;0,00;0,00;417;110;173;41;21;308;192
9931;72,24;217,27;0,00;0,00;0,00;0,22;0,00;0,00;153;196;158;34;15;938;826
9932;54,47;-16,11;0,00;0,00;0,00;-0,02;0,00;0,00;53;10;103;21;39;684;800
9933;73,34;271,99;0,00;0,00;0,00;0,27;0,00;0,00;217;108;161;40;18;522;253
9934;63,79;104,52;0,00;0,00;0,00;0,10;0,00;0,00;208;111;27;12;17;257;143
9935;68,46;166,67;0,00;0,00;0,00;0,17;0,00;0,00;145;174;71;42;23;301;635
9936;56,19;39,35;0,00;0,00;0,00;0,04;0,00;0,00;341;186;43;17;24;644;353
9937;31,83;-165,41;0,00;0,00;0,00;-0,17;0,00;0,00;139;45;127;15;28;580;280
9938;93,68;550,04;0,00;0,00;0,00;0,55;0,00;0,00;149;184;183;20;22;381;748
9939;95,85;429,75;0,00;0,00;0,00;0,43;0,00;0,00;262;118;103;32;34;791;894
9940;36,20;-42,46;0,00;0,00;0,00;-0,04;0,00;0,00;448;131;190;36;21;887;686
9941;11,43;-331,01;0,00;0,00;0,00;-0,33;0,00;0,00;221;196;183;38;15;866;417
9942;89,88;435,78;0,00;0,00;0,00;0,44;0,00;0,00;233;182;143;29;34;653;139
9943;41,06;-156,05;0,00;0,00;0,00;-0,16;0,00;0,00;450;124;54;47;16;292;133
9944;81,77;328,84;0,00;0,00;0,00;0,33;0,00;0,00;90;69;126;37;31;685;676
9945;84,02;335,94;0,00;0,00;0,00;0,34;0,00;0,00;453;96;134;24;29;948;214
9946;49,51;70,92;0,00;0,00;0,00;0,07;0,00;0,00;82;141;130;48;21;872;762
9947;57,32;91,09;0,00;0,00;0,00;0,09;0,00;0,00;434;39;117;13;18;538;990
9948;46,34;-11,13;0,00;0,00;0,00;-0,01;0,00;0,00;101;193;113;26;19;197;105
9949;37,03;-179,67;0,00;0,00;0,00;-0,18;0,00;0,00;127;173;119;16;21;552;636
9950;61,81;98,72;0,00;0,00;0,00;0,10;0,00;0,00;182;19;193;35;31;576;774
9951;49,26;-60,43;0,00;0,00;0,00;-0,06;0,00;0,00;495;97;181;37;34;711;785
9952;55,71;65,38;0,00;0,00;0,00;0,07;0,00;0,00;69;38;134;25;28;978;863
9953;24,33;-148,50;0,00;0,00;0,00;-0,15;0,00;0,00;104;135;189;17;25;970;662
9954;44,88;-135,24;0,00;0,00;0,00;-0,14;0,00;0,00;357;144;35;28;32;957;210
9955;33,28;-120,49;0,00;0,00;0,00;-0,12;0,00;0,00;225;162;127;12;23;725;876
9956;54,21;81,79;0,00;0,00;0,00;0,08;0,00;0,00;496;87;88;13;28;520;979
9957;70,30;179,52;0,00;0,00;0,00;0,18;0,00;0,00;161;118;118;34;20;450;676
9958;36,90;-56,97;0,00;0,00;0,00;-0,06;0,00;0,00;438;185;85;15;19;913;584
9959;54,60;115,89;0,00;0,00;0,00;0,12;0,00;0,00;279;15;57;41;17;275;142
9960;63,35;214,04;0,00;0,00;0,00;0,21;0,00;0,00;381;54;155;33;28;516;430
9961;27,10;-168,65;0,00;0,00;0,00;-0,17;0,00;0,00;383;95;69;49;15;214;548
9962;57,89;98,24;0,00;0,00;0,00;0,10;0,00;0,00;476;75;62;27;20;402;709
9963;90,03;322,68;0,00;0,00;0,00;0,32;0,00;0,00;38;43;11;40;39;265;663
9964;58,32;112,34;0,00;0,00;0,00;0,11;0,00;0,00;255;48;137;18;27;137;440
9965;58,49;75,87;0,00;0,00;0,00;0,08;0,00;0,00;188;150;194;25;39;922;896
9966;67,50;257,36;0,00;0,00;0,00;0,26;0,00;0,00;466;78;78;22;27;656;291
9967;28,22;-220,83;0,00;0,00;0,00;-0,22;0,00;0,00;497;110;132;33;21;467;672
9968;29,57;-145,26;0,00;0,00;0,00;-0,15;0,00;0,00;431;19;111;15;18;563;772
9969;73,82;216,09;0,00;0,00;0,00;0,22;0,00;0,00;200;43;162;35;24;751;791
9970;43,27;-18,12;0,00;0,00;0,00;-0,02;0,00;0,00;437;179;189;42;36;748;245
9971;31,06;-179,06;0,00;0,00;0,00;-0,18;0,00;0,00;152;115;149;49;23;874;458
9972;47,04;-77,02;0,00;0,00;0,00;-0,08;0,00;0,00;139;92;69;27;24;949;676
9973;72,95;350,27;0,00;0,00;0,00;0,35;0,00;0,00;186;52;27;11;19;708;300
9974;61,56;120,94;0,00;0,00;0,00;0,12;0,00;0,00;287;157;75;34;37;534;814
9975;45,10;-135,87;0,00;0,00;0,00;-0,14;0,00;0,00;126;29;103;38;38;832;258
9976;16,74;-321,34;0,00;0,00;0,00;-0,32;0,00;0,00;347;18;81;24;29;200;205
9977;56,49;38,68;0,00;0,00;0,00;0,04;0,00;0,00;218;115;20;49;27;490;932
9978;45,95;-19,90;0,00;0,00;0,00;-0,02;0,00;0,00;202;125;27;14;18;292;718
9979;81,75;330,74;0,00;0,00;0,00;0,33;0,00;0,00;404;70;156;48;19;793;465
9980;61,34;71,35;0,00;0,00;0,00;0,07;0,00;0,00;123;27;162;43;38;296;582
9981;72,60;241,63;0,00;0,00;0,00;0,24;0,00;0,00;272;193;175;37;20;652;213
9982;65,40;147,20;0,00;0,00;0,00;0,15;0,00;0,00;207;141;119;27;17;449;343
9983;43,56;-108,11;0,00;0,00;0,00;-0,11;0,00;0,00;459;182;151;32;34;120;758
9984;56,06;33,35;0,00;0,00;0,00;0,03;0,00;0,00;344;171;55;39;37;932;691
9985;53,18;-11,19;0,00;0,00;0,00;-0,01;0,00;0,00;407;165;127;49;37;348;258
9986;60,75;75,79;0,00;0,00;0,00;0,08;0,00;0,00;147;184;147;42;15;496;441
9987;53,58;55,29;0,00;0,00;0,00;0,06;0,00;0,00;107;90;66;39;16;559;274
9988;35,40;-201,06;0,00;0,00;0,00;-0,20;0,00;0,00;111;142;166;41;21;612;706
9989;40,35;-57,00;0,00;0,00;0,00;-0,06;0,00;0,00;342;152;33;38;20;854;226
9990;86,71;324,99;0,00;0,00;0,00;0,32;0,00;0,00;259;57;69;23;39;381;555
9991;38,31;-51,61;0,00;0,00;0,00;-0,05;0,00;0,00;455;116;190;30;15;619;120
9992;58,64;106,70;0,00;0,00;0,00;0,11;0,00;0,00;198;51;90;34;33;756;700
9993;50,86;28,21;0,00;0,00;0,00;0,03;0,00;0,00;110;18;157;12;18;451;959
9994;47,77;-62,13;0,00;0,00;0,00;-0,06;0,00;0,00;187;193;195;11;25;700;891
9995;59,50;91,48;0,00;0,00;0,00;0,09;0,00;0,00;281;181;151;36;15;177;561
9996;61,14;107,98;0,00;0,00;0,00;0,11;0,00;0,00;477;188;124;35;19;799;729
9997;60,18;108,05;0,00;0,00;0,00;0,11;0,00;0,00;230;72;145;15;23;115;777
9998;41,96;-121,16;0,00;0,00;0,00;-0,12;0,00;0,00;404;180;120;31;30;951;196
9999;55,57;112,17;0,00;0,00;0,00;0,11;0,00;0,00;426;121;190;35;16;606;575
10000;64,91;87,93;0,00;0,00;0,00;0,09;0,00;0,00;174;87;150;30;36;636;494
