Pass;Result;Profit;Expected Payoff;Profit Factor;Recovery Factor;Sharpe Ratio;Custom;Equity DD %;Trades;InpMA1Period;InpMA2Period;InpADXPeriod;InpADXThreshold;InpTPPoints;InpSLPoints
1;62,15;-92,54;0,00;0,00;0,00;-0,09;0,00;0,00;195;140;81;44;17;705;176
2;39,56;-324,04;0,00;0,00;0,00;-0,32;0,00;0,00;269;16;151;17;36;686;828
3;35,65;-357,81;0,00;0,00;0,00;-0,36;0,00;0,00;240;180;51;29;18;720;386
4;67,15;2,14;0,00;0,00;0,00;0,00;0,00;0,00;156;131;38;46;16;367;374
5;70,05;-75,06;0,00;0,00;0,00;-0,08;0,00;0,00;383;73;30;17;22;506;767
6;68,99;-29,91;0,00;0,00;0,00;-0,03;0,00;0,00;190;51;174;28;16;169;468
7;53,98;-70,42;0,00;0,00;0,00;-0,07;0,00;0,00;421;178;179;40;35;318;875
8;68,18;11,35;0,00;0,00;0,00;0,01;0,00;0,00;209;55;150;45;33;669;928
9;42,23;-243,01;0,00;0,00;0,00;-0,24;0,00;0,00;477;102;44;45;31;564;407
10;12,70;-540,66;0,00;0,00;0,00;-0,54;0,00;0,00;198;192;83;49;33;948;183
11;36,51;-394,30;0,00;0,00;0,00;-0,39;0,00;0,00;461;157;72;30;30;889;394
12;46,87;-195,10;0,00;0,00;0,00;-0,20;0,00;0,00;117;159;120;35;36;597;985
13;77,99;-9,77;0,00;0,00;0,00;-0,01;0,00;0,00;400;63;61;24;24;775;998
14;33,18;-444,42;0,00;0,00;0,00;-0,44;0,00;0,00;115;170;194;29;30;890;525
15;56,23;-181,37;0,00;0,00;0,00;-0,18;0,00;0,00;86;182;160;12;25;960;541
16;25,38;-463,62;0,00;0,00;0,00;-0,46;0,00;0,00;451;168;161;41;36;606;633
17;20,81;-541,69;0,00;0,00;0,00;-0,54;0,00;0,00;294;74;172;26;18;561;522
18;42,77;-353,30;0,00;0,00;0,00;-0,35;0,00;0,00;123;176;43;45;15;982;614
19;36,79;-386,60;0,00;0,00;0,00;-0,39;0,00;0,00;31;90;167;30;26;995;705
20;46,29;-217,30;0,00;0,00;0,00;-0,22;0,00;0,00;36;127;60;49;36;202;227
21;78,47;71,02;0,00;0,00;0,00;0,07;0,00;0,00;271;126;179;26;20;652;249
22;71,56;-15,81;0,00;0,00;0,00;-0,02;0,00;0,00;287;120;55;46;28;294;574
23;11,56;-560,75;0,00;0,00;0,00;-0,56;0,00;0,00;450;139;185;30;27;249;144
24;19,17;-457,57;0,00;0,00;0,00;-0,46;0,00;0,00;463;144;143;37;36;818;451
25;80,36;105,00;0,00;0,00;0,00;0,10;0,00;0,00;471;57;83;28;35;142;189
26;66,57;-68,11;0,00;0,00;0,00;-0,07;0,00;0,00;370;61;185;21;16;627;705
27;64,17;-88,21;0,00;0,00;0,00;-0,09;0,00;0,00;329;66;176;12;17;225;358
28;52,86;-162,25;0,00;0,00;0,00;-0,16;0,00;0,00;461;179;173;47;19;455;489
29;87,76;94,86;0,00;0,00;0,00;0,09;0,00;0,00;233;131;16;42;28;156;641
30;71,52;35,67;0,00;0,00;0,00;0,04;0,00;0,00;483;170;79;47;32;364;998
31;51,30;-189,90;0,00;0,00;0,00;-0,19;0,00;0,00;81;140;180;33;24;388;626
32;35,97;-451,28;0,00;0,00;0,00;-0,45;0,00;0,00;143;174;72;44;37;949;222
33;89,29;155,81;0,00;0,00;0,00;0,16;0,00;0,00;362;112;142;36;18;467;748
34;78,18;39,92;0,00;0,00;0,00;0,04;0,00;0,00;487;146;148;49;23;739;339
35;0,00;-796,16;0,00;0,00;0,00;-0,80;0,00;0,00;90;171;52;28;27;980;233
36;67,69;-29,63;0,00;0,00;0,00;-0,03;0,00;0,00;232;148;184;15;23;109;334
37;100,00;333,56;0,00;0,00;0,00;0,33;0,00;0,00;129;152;175;38;19;218;529
38;62,40;-92,93;0,00;0,00;0,00;-0,09;0,00;0,00;183;88;187;13;15;759;141
39;51,87;-256,41;0,00;0,00;0,00;-0,26;0,00;0,00;72;189;146;45;31;367;574
40;49,11;-244,73;0,00;0,00;0,00;-0,24;0,00;0,00;270;44;109;16;37;960;597
41;100,00;270,61;0,00;0,00;0,00;0,27;0,00;0,00;227;66;71;47;31;318;831
42;26,53;-431,85;0,00;0,00;0,00;-0,43;0,00;0,00;182;115;88;33;29;217;588
43;41,00;-282,68;0,00;0,00;0,00;-0,28;0,00;0,00;101;91;90;30;33;384;548
44;32,33;-329,78;0,00;0,00;0,00;-0,33;0,00;0,00;292;155;174;42;38;651;674
45;90,74;235,85;0,00;0,00;0,00;0,24;0,00;0,00;224;148;121;16;21;638;478
46;28,89;-425,77;0,00;0,00;0,00;-0,43;0,00;0,00;110;143;48;41;21;529;359
47;79,95;66,69;0,00;0,00;0,00;0,07;0,00;0,00;333;83;34;44;27;952;622
48;88,01;194,38;0,00;0,00;0,00;0,19;0,00;0,00;228;79;43;21;27;113;306
49;58,60;-66,54;0,00;0,00;0,00;-0,07;0,00;0,00;384;75;116;13;39;799;411
50;43,30;-187,58;0,00;0,00;0,00;-0,19;0,00;0,00;53;104;62;33;21;693;195
51;48,96;-228,56;0,00;0,00;0,00;-0,23;0,00;0,00;379;196;38;24;37;583;727
52;79,35;104,63;0,00;0,00;0,00;0,10;0,00;0,00;334;19;28;48;35;557;461
53;35,55;-223,50;0,00;0,00;0,00;-0,22;0,00;0,00;247;69;119;22;33;133;189
54;6,19;-603,44;0,00;0,00;0,00;-0,60;0,00;0,00;324;87;136;12;33;357;559
55;49,29;-216,05;0,00;0,00;0,00;-0,22;0,00;0,00;469;34;119;38;38;101;231
56;0,00;-719,29;0,00;0,00;0,00;-0,72;0,00;0,00;417;128;143;34;31;684;975
57;46,29;-231,15;0,00;0,00;0,00;-0,23;0,00;0,00;274;129;166;41;33;868;601
58;75,23;-27,06;0,00;0,00;0,00;-0,03;0,00;0,00;301;108;62;18;20;434;796
59;12,88;-494,20;0,00;0,00;0,00;-0,49;0,00;0,00;395;68;170;20;26;893;428
60;58,96;-90,51;0,00;0,00;0,00;-0,09;0,00;0,00;147;17;162;20;30;324;495
61;3,71;-631,35;0,00;0,00;0,00;-0,63;0,00;0,00;360;183;30;31;15;867;233
62;3,78;-607,13;0,00;0,00;0,00;-0,61;0,00;0,00;449;164;120;27;37;826;798
63;49,08;-313,19;0,00;0,00;0,00;-0,31;0,00;0,00;131;64;121;26;37;617;659
64;59,42;-169,01;0,00;0,00;0,00;-0,17;0,00;0,00;492;94;12;47;22;399;608
65;88,13;203,52;0,00;0,00;0,00;0,20;0,00;0,00;223;162;178;30;17;400;553
66;69,10;-36,59;0,00;0,00;0,00;-0,04;0,00;0,00;121;150;24;41;35;408;499
67;38,77;-265,49;0,00;0,00;0,00;-0,27;0,00;0,00;312;30;182;24;22;649;932
68;14,66;-584,75;0,00;0,00;0,00;-0,58;0,00;0,00;135;145;24;34;35;606;628
69;46,48;-244,92;0,00;0,00;0,00;-0,24;0,00;0,00;473;13;113;11;32;216;111
70;81,32;99,86;0,00;0,00;0,00;0,10;0,00;0,00;74;189;107;29;26;569;552
71;84,63;238,93;0,00;0,00;0,00;0,24;0,00;0,00;115;157;48;38;18;143;358
72;70,42;25,75;0,00;0,00;0,00;0,03;0,00;0,00;11;50;159;44;28;668;128
73;9,12;-649,63;0,00;0,00;0,00;-0,65;0,00;0,00;486;127;48;17;24;820;322
74;23,23;-453,59;0,00;0,00;0,00;-0,45;0,00;0,00;296;85;65;30;18;841;544
75;30,19;-365,89;0,00;0,00;0,00;-0,37;0,00;0,00;382;40;40;37;29;147;572
76;44,79;-216,20;0,00;0,00;0,00;-0,22;0,00;0,00;298;97;186;18;35;150;518
77;8,88;-599,51;0,00;0,00;0,00;-0,60;0,00;0,00;435;21;63;18;22;862;782
78;34,78;-391,82;0,00;0,00;0,00;-0,39;0,00;0,00;171;66;43;11;24;303;953
79;41,14;-321,32;0,00;0,00;0,00;-0,32;0,00;0,00;331;60;133;33;32;466;519
80;58,54;-164,95;0,00;0,00;0,00;-0,16;0,00;0,00;80;167;96;27;25;235;149
81;67,68;-69,64;0,00;0,00;0,00;-0,07;0,00;0,00;222;51;112;36;21;208;593
82;53,35;-153,90;0,00;0,00;0,00;-0,15;0,00;0,00;349;190;117;12;18;627;569
83;67,54;37,42;0,00;0,00;0,00;0,04;0,00;0,00;230;80;40;25;30;780;210
84;59,72;-90,57;0,00;0,00;0,00;-0,09;0,00;0,00;418;111;162;23;32;550;758
85;54,21;-99,64;0,00;0,00;0,00;-0,10;0,00;0,00;358;125;185;48;35;637;880
86;38,06;-279,18;0,00;0,00;0,00;-0,28;0,00;0,00;255;159;48;44;19;472;505
87;27,97;-455,80;0,00;0,00;0,00;-0,46;0,00;0,00;71;134;79;13;25;243;636
88;61,93;-58,87;0,00;0,00;0,00;-0,06;0,00;0,00;69;175;187;26;28;359;674
89;59,85;-64,74;0,00;0,00;0,00;-0,06;0,00;0,00;282;165;54;38;29;526;531
90;57,70;-166,30;0,00;0,00;0,00;-0,17;0,00;0,00;171;34;44;46;25;939;886
91;74,40;87,19;0,00;0,00;0,00;0,09;0,00;0,00;370;186;41;34;27;942;711
92;56,88;-238,46;0,00;0,00;0,00;-0,24;0,00;0,00;370;192;25;17;20;774;390
93;74,67;55,52;0,00;0,00;0,00;0,06;0,00;0,00;398;81;67;15;33;783;621
94;48,82;-259,51;0,00;0,00;0,00;-0,26;0,00;0,00;346;180;62;49;33;688;411
95;45,30;-189,59;0,00;0,00;0,00;-0,19;0,00;0,00;322;116;53;17;22;904;558
96;40,15;-331,11;0,00;0,00;0,00;-0,33;0,00;0,00;148;35;130;34;19;383;585
97;33,00;-410,01;0,00;0,00;0,00;-0,41;0,00;0,00;207;73;74;34;39;353;755
98;39,70;-347,16;0,00;0,00;0,00;-0,35;0,00;0,00;365;50;117;35;29;246;875
99;67,93;-41,29;0,00;0,00;0,00;-0,04;0,00;0,00;452;98;198;17;19;408;560
100;30,13;-369,45;0,00;0,00;0,00;-0,37;0,00;0,00;140;188;106;38;36;601;731
101;25,75;-492,58;0,00;0,00;0,00;-0,49;0,00;0,00;300;17;112;39;27;244;666
102;66,49;-35,28;0,00;0,00;0,00;-0,04;0,00;0,00;408;185;145;43;23;581;204
103;51,43;-242,50;0,00;0,00;0,00;-0,24;0,00;0,00;370;54;109;22;37;271;507
104;50,00;-174,77;0,00;0,00;0,00;-0,17;0,00;0,00;85;98;119;11;37;386;796
105;32,38;-405,42;0,00;0,00;0,00;-0,41;0,00;0,00;352;50;131;18;26;248;427
106;51,97;-133,26;0,00;0,00;0,00;-0,13;0,00;0,00;36;144;59;14;18;265;196
107;50,65;-250,10;0,00;0,00;0,00;-0,25;0,00;0,00;102;175;13;14;25;960;178
108;47,50;-188,99;0,00;0,00;0,00;-0,19;0,00;0,00;265;64;128;20;24;205;830
109;52,02;-188,94;0,00;0,00;0,00;-0,19;0,00;0,00;370;91;61;19;26;444;687
110;42,06;-383,71;0,00;0,00;0,00;-0,38;0,00;0,00;484;20;74;32;27;291;873
111;51,06;-244,31;0,00;0,00;0,00;-0,24;0,00;0,00;391;176;61;16;36;790;300
112;12,33;-532,45;0,00;0,00;0,00;-0,53;0,00;0,00;335;65;145;10;38;516;970
113;81,47;201,99;0,00;0,00;0,00;0,20;0,00;0,00;264;133;26;21;27;872;959
114;93,12;202,58;0,00;0,00;0,00;0,20;0,00;0,00;229;27;142;41;22;929;926
115;22,34;-439,94;0,00;0,00;0,00;-0,44;0,00;0,00;266;189;164;13;35;926;987
116;54,21;-92,48;0,00;0,00;0,00;-0,09;0,00;0,00;372;54;85;27;30;897;611
117;61,97;-9,83;0,00;0,00;0,00;-0,01;0,00;0,00;342;192;140;41;30;990;999
118;60,74;-134,80;0,00;0,00;0,00;-0,13;0,00;0,00;219;90;68;41;27;367;200
119;60,09;-134,88;0,00;0,00;0,00;-0,13;0,00;0,00;199;38;12;43;33;108;756
120;0,00;-686,10;0,00;0,00;0,00;-0,69;0,00;0,00;227;104;118;18;35;804;557
121;57,73;-125,84;0,00;0,00;0,00;-0,13;0,00;0,00;300;197;64;31;17;694;751
122;56,71;-74,36;0,00;0,00;0,00;-0,07;0,00;0,00;403;53;83;42;17;277;956
123;57,97;-115,36;0,00;0,00;0,00;-0,12;0,00;0,00;52;107;93;22;28;310;708
124;49,89;-131,56;0,00;0,00;0,00;-0,13;0,00;0,00;290;84;100;17;16;872;636
125;21,29;-462,12;0,00;0,00;0,00;-0,46;0,00;0,00;179;154;38;39;20;545;353
126;59,43;-78,59;0,00;0,00;0,00;-0,08;0,00;0,00;260;51;109;21;23;470;825
127;86,62;197,04;0,00;0,00;0,00;0,20;0,00;0,00;167;154;31;39;30;430;794
128;43,70;-201,83;0,00;0,00;0,00;-0,20;0,00;0,00;137;130;149;26;30;178;283
129;66,41;46,83;0,00;0,00;0,00;0,05;0,00;0,00;45;87;22;41;23;334;517
130;82,21;56,78;0,00;0,00;0,00;0,06;0,00;0,00;162;167;127;28;31;475;744
131;75,49;26,64;0,00;0,00;0,00;0,03;0,00;0,00;122;101;191;20;16;772;295
132;52,72;-215,18;0,00;0,00;0,00;-0,22;0,00;0,00;307;62;28;18;22;615;375
133;41,75;-306,37;0,00;0,00;0,00;-0,31;0,00;0,00;19;35;120;20;32;880;715
134;95,12;181,68;0,00;0,00;0,00;0,18;0,00;0,00;266;139;84;15;18;177;796
135;27,80;-461,45;0,00;0,00;0,00;-0,46;0,00;0,00;338;69;177;40;16;931;561
136;75,49;126,30;0,00;0,00;0,00;0,13;0,00;0,00;69;190;131;44;22;467;689
137;21,70;-546,36;0,00;0,00;0,00;-0,55;0,00;0,00;92;71;49;22;19;251;542
138;55,76;-122,22;0,00;0,00;0,00;-0,12;0,00;0,00;409;77;131;28;36;643;299
139;71,81;92,05;0,00;0,00;0,00;0,09;0,00;0,00;104;104;137;27;16;800;614
140;45,15;-208,12;0,00;0,00;0,00;-0,21;0,00;0,00;494;60;160;25;23;930;421
141;29,78;-424,51;0,00;0,00;0,00;-0,42;0,00;0,00;453;181;113;15;24;710;687
142;17,17;-473,85;0,00;0,00;0,00;-0,47;0,00;0,00;77;56;199;13;37;790;759
143;60,26;-50,14;0,00;0,00;0,00;-0,05;0,00;0,00;147;141;190;18;30;570;729
144;37,94;-403,78;0,00;0,00;0,00;-0,40;0,00;0,00;427;53;191;17;19;225;548
145;36,44;-361,93;0,00;0,00;0,00;-0,36;0,00;0,00;327;163;82;10;30;574;396
146;34,44;-374,18;0,00;0,00;0,00;-0,37;0,00;0,00;124;104;44;24;24;752;410
147;63,40;-105,78;0,00;0,00;0,00;-0,11;0,00;0,00;320;122;13;42;33;126;999
148;67,50;33,27;0,00;0,00;0,00;0,03;0,00;0,00;223;105;38;38;23;361;568
149;75,34;42,28;0,00;0,00;0,00;0,04;0,00;0,00;242;174;87;11;22;185;322
150;59,41;-93,74;0,00;0,00;0,00;-0,09;0,00;0,00;371;173;98;28;37;746;837
151;13,35;-598,92;0,00;0,00;0,00;-0,60;0,00;0,00;108;157;20;49;21;805;823
152;58,29;-118,82;0,00;0,00;0,00;-0,12;0,00;0,00;66;118;26;34;21;950;606
153;32,98;-352,72;0,00;0,00;0,00;-0,35;0,00;0,00;67;51;153;48;27;488;624
154;37,56;-404,20;0,00;0,00;0,00;-0,40;0,00;0,00;129;93;190;46;37;611;664
155;34,77;-359,64;0,00;0,00;0,00;-0,36;0,00;0,00;175;20;95;13;27;911;574
156;28,71;-516,96;0,00;0,00;0,00;-0,52;0,00;0,00;299;18;41;14;33;208;392
157;72,88;42,93;0,00;0,00;0,00;0,04;0,00;0,00;158;179;184;39;22;924;157
158;80,11;176,31;0,00;0,00;0,00;0,18;0,00;0,00;188;35;87;41;26;987;554
159;30,89;-417,79;0,00;0,00;0,00;-0,42;0,00;0,00;376;16;196;33;23;934;852
160;47,02;-146,06;0,00;0,00;0,00;-0,15;0,00;0,00;191;80;155;23;34;913;264
161;14,53;-541,56;0,00;0,00;0,00;-0,54;0,00;0,00;293;119;159;17;17;491;511
162;88,64;213,57;0,00;0,00;0,00;0,21;0,00;0,00;439;94;93;24;38;211;284
163;51,48;-268,79;0,00;0,00;0,00;-0,27;0,00;0,00;292;174;77;12;27;171;333
164;100,00;242,17;0,00;0,00;0,00;0,24;0,00;0,00;196;47;185;30;36;358;281
165;57,75;-81,91;0,00;0,00;0,00;-0,08;0,00;0,00;461;196;170;39;33;451;858
166;60,49;-163,95;0,00;0,00;0,00;-0,16;0,00;0,00;178;59;130;23;23;853;934
167;39,92;-279,70;0,00;0,00;0,00;-0,28;0,00;0,00;169;174;139;29;18;579;382
168;84,61;180,95;0,00;0,00;0,00;0,18;0,00;0,00;295;11;68;41;25;631;395
169;37,77;-370,68;0,00;0,00;0,00;-0,37;0,00;0,00;169;87;86;31;33;448;688
170;12,26;-563,23;0,00;0,00;0,00;-0,56;0,00;0,00;125;116;147;41;30;293;352
171;52,20;-113,54;0,00;0,00;0,00;-0,11;0,00;0,00;294;104;139;20;22;413;540
172;20,62;-530,92;0,00;0,00;0,00;-0,53;0,00;0,00;345;79;153;20;17;257;904
173;55,61;-154,01;0,00;0,00;0,00;-0,15;0,00;0,00;455;163;154;31;39;111;747
174;56,05;-144,43;0,00;0,00;0,00;-0,14;0,00;0,00;197;198;190;19;35;921;145
175;29,07;-343,52;0,00;0,00;0,00;-0,34;0,00;0,00;453;51;101;41;27;985;108
176;53,92;-176,77;0,00;0,00;0,00;-0,18;0,00;0,00;168;61;173;17;24;246;768
177;36,63;-245,90;0,00;0,00;0,00;-0,25;0,00;0,00;42;61;93;47;19;865;815
178;21,90;-511,16;0,00;0,00;0,00;-0,51;0,00;0,00;114;72;35;22;28;609;366
179;85,87;183,13;0,00;0,00;0,00;0,18;0,00;0,00;117;44;60;18;16;616;499
180;30,21;-466,96;0,00;0,00;0,00;-0,47;0,00;0,00;447;20;42;41;36;710;296
181;83,37;128,49;0,00;0,00;0,00;0,13;0,00;0,00;109;186;152;30;23;570;829
182;100,00;322,77;0,00;0,00;0,00;0,32;0,00;0,00;93;145;134;40;15;490;585
183;36,41;-318,12;0,00;0,00;0,00;-0,32;0,00;0,00;352;93;148;38;36;620;399
184;76,18;77,29;0,00;0,00;0,00;0,08;0,00;0,00;149;34;23;28;26;754;207
185;44,51;-125,50;0,00;0,00;0,00;-0,13;0,00;0,00;468;79;16;42;37;830;569
186;58,18;-112,05;0,00;0,00;0,00;-0,11;0,00;0,00;390;163;162;16;38;599;837
187;26,24;-475,71;0,00;0,00;0,00;-0,48;0,00;0,00;416;152;153;20;17;369;445
188;59,44;-177,87;0,00;0,00;0,00;-0,18;0,00;0,00;123;107;117;21;17;535;963
189;27,80;-380,89;0,00;0,00;0,00;-0,38;0,00;0,00;411;125;164;32;16;516;385
190;33,57;-289,35;0,00;0,00;0,00;-0,29;0,00;0,00;335;111;28;18;34;165;381
191;23,04;-449,18;0,00;0,00;0,00;-0,45;0,00;0,00;289;15;191;27;20;130;134
192;35,31;-287,29;0,00;0,00;0,00;-0,29;0,00;0,00;173;172;78;49;29;602;870
193;60,18;-168,94;0,00;0,00;0,00;-0,17;0,00;0,00;95;158;166;49;18;617;221
194;0,00;-712,08;0,00;0,00;0,00;-0,71;0,00;0,00;78;69;174;18;18;298;912
195;69,30;-95,41;0,00;0,00;0,00;-0,10;0,00;0,00;17;185;31;12;27;295;382
196;15,93;-543,31;0,00;0,00;0,00;-0,54;0,00;0,00;403;33;173;32;31;247;736
197;55,44;-141,90;0,00;0,00;0,00;-0,14;0,00;0,00;302;108;191;35;36;606;146
198;70,85;-24,15;0,00;0,00;0,00;-0,02;0,00;0,00;132;76;147;49;24;117;859
199;42,34;-350,32;0,00;0,00;0,00;-0,35;0,00;0,00;419;58;47;33;30;248;484
200;33,61;-369,17;0,00;0,00;0,00;-0,37;0,00;0,00;38;155;185;37;33;591;590
201;24,65;-391,70;0,00;0,00;0,00;-0,39;0,00;0,00;416;34;191;37;39;158;519
202;16,42;-565,87;0,00;0,00;0,00;-0,57;0,00;0,00;104;29;87;34;36;455;854
203;68,28;22,80;0,00;0,00;0,00;0,02;0,00;0,00;413;74;64;37;31;444;116
204;52,47;-114,24;0,00;0,00;0,00;-0,11;0,00;0,00;31;25;149;40;31;263;775
205;64,74;-112,46;0,00;0,00;0,00;-0,11;0,00;0,00;127;14;97;14;37;968;473
206;77,97;86,39;0,00;0,00;0,00;0,09;0,00;0,00;377;115;56;26;38;497;532
207;64,52;-98,50;0,00;0,00;0,00;-0,10;0,00;0,00;399;111;80;24;26;195;818
208;67,37;-108,35;0,00;0,00;0,00;-0,11;0,00;0,00;234;11;152;42;34;455;200
209;45,93;-228,05;0,00;0,00;0,00;-0,23;0,00;0,00;193;90;142;23;27;255;853
210;37,42;-431,20;0,00;0,00;0,00;-0,43;0,00;0,00;144;51;132;47;20;853;900
211;62,49;-54,86;0,00;0,00;0,00;-0,05;0,00;0,00;360;118;196;32;21;380;244
212;30,63;-467,09;0,00;0,00;0,00;-0,47;0,00;0,00;340;153;40;29;35;585;527
213;36,82;-394,00;0,00;0,00;0,00;-0,39;0,00;0,00;15;14;45;43;16;634;415
214;35,92;-384,39;0,00;0,00;0,00;-0,38;0,00;0,00;428;114;13;36;25;100;989
215;40,96;-240,03;0,00;0,00;0,00;-0,24;0,00;0,00;79;48;132;47;31;422;107
216;27,56;-422,48;0,00;0,00;0,00;-0,42;0,00;0,00;369;95;119;20;37;155;521
217;26,83;-435,12;0,00;0,00;0,00;-0,44;0,00;0,00;413;74;103;42;33;789;419
218;63,30;-55,91;0,00;0,00;0,00;-0,06;0,00;0,00;140;83;28;35;22;747;999
219;57,57;-102,77;0,00;0,00;0,00;-0,10;0,00;0,00;35;199;36;11;33;973;699
220;45,42;-182,42;0,00;0,00;0,00;-0,18;0,00;0,00;272;73;53;35;38;656;265
221;6,19;-665,26;0,00;0,00;0,00;-0,67;0,00;0,00;327;151;14;49;15;526;594
222;56,56;-123,48;0,00;0,00;0,00;-0,12;0,00;0,00;470;23;76;37;39;369;781
223;40,80;-315,14;0,00;0,00;0,00;-0,32;0,00;0,00;150;198;75;16;24;991;843
224;26,56;-423,09;0,00;0,00;0,00;-0,42;0,00;0,00;245;127;18;27;38;616;838
225;30,61;-399,77;0,00;0,00;0,00;-0,40;0,00;0,00;47;53;120;40;31;227;716
226;7,12;-662,79;0,00;0,00;0,00;-0,66;0,00;0,00;104;84;133;20;39;609;296
227;64,95;-29,27;0,00;0,00;0,00;-0,03;0,00;0,00;163;74;37;30;18;499;157
228;98,97;361,40;0,00;0,00;0,00;0,36;0,00;0,00;496;77;73;30;26;304;577
229;90,07;208,97;0,00;0,00;0,00;0,21;0,00;0,00;273;74;131;12;22;854;846
230;88,76;257,75;0,00;0,00;0,00;0,26;0,00;0,00;96;160;142;30;34;843;911
231;37,67;-196,19;0,00;0,00;0,00;-0,20;0,00;0,00;481;66;144;26;16;627;476
232;83,65;98,42;0,00;0,00;0,00;0,10;0,00;0,00;357;52;33;34;28;511;259
233;62,95;-134,45;0,00;0,00;0,00;-0,13;0,00;0,00;218;92;98;38;35;235;128
234;34,76;-380,48;0,00;0,00;0,00;-0,38;0,00;0,00;432;111;133;35;17;844;711
235;47,64;-216,57;0,00;0,00;0,00;-0,22;0,00;0,00;121;39;122;30;28;814;212
236;66,28;-75,56;0,00;0,00;0,00;-0,08;0,00;0,00;133;92;153;21;31;799;663
237;50,41;-174,99;0,00;0,00;0,00;-0,17;0,00;0,00;383;138;178;16;22;941;400
238;31,80;-432,16;0,00;0,00;0,00;-0,43;0,00;0,00;244;88;182;45;28;986;274
239;71,94;23,91;0,00;0,00;0,00;0,02;0,00;0,00;235;132;49;23;31;604;137
240;35,51;-404,08;0,00;0,00;0,00;-0,40;0,00;0,00;202;39;143;28;35;488;510
241;58,39;-0,71;0,00;0,00;0,00;-0,00;0,00;0,00;388;117;194;12;21;900;804
242;59,14;-43,44;0,00;0,00;0,00;-0,04;0,00;0,00;60;99;75;42;20;861;984
243;91,64;268,89;0,00;0,00;0,00;0,27;0,00;0,00;414;19;92;21;18;290;764
244;86,55;189,94;0,00;0,00;0,00;0,19;0,00;0,00;53;18;77;33;27;630;235
245;61,16;-164,69;0,00;0,00;0,00;-0,16;0,00;0,00;387;135;186;13;31;963;811
246;58,09;-134,06;0,00;0,00;0,00;-0,13;0,00;0,00;470;83;67;13;28;224;825
247;28,99;-411,17;0,00;0,00;0,00;-0,41;0,00;0,00;384;153;63;26;18;160;414
248;34,38;-336,08;0,00;0,00;0,00;-0,34;0,00;0,00;402;28;83;37;17;680;525
249;18,82;-537,77;0,00;0,00;0,00;-0,54;0,00;0,00;365;183;186;11;25;433;133
250;31,28;-375,94;0,00;0,00;0,00;-0,38;0,00;0,00;384;153;74;13;39;507;759
251;21,08;-494,76;0,00;0,00;0,00;-0,49;0,00;0,00;349;194;54;29;37;138;120
252;44,03;-290,33;0,00;0,00;0,00;-0,29;0,00;0,00;446;76;171;47;20;884;896
253;13,19;-623,32;0,00;0,00;0,00;-0,62;0,00;0,00;212;115;82;14;33;555;305
254;75,40;89,33;0,00;0,00;0,00;0,09;0,00;0,00;319;38;137;41;19;637;121
255;89,21;205,35;0,00;0,00;0,00;0,21;0,00;0,00;403;11;133;40;19;308;715
256;65,30;-104,02;0,00;0,00;0,00;-0,10;0,00;0,00;256;120;38;32;32;933;878
257;41,83;-381,94;0,00;0,00;0,00;-0,38;0,00;0,00;151;199;50;38;25;973;604
258;50,44;-161,95;0,00;0,00;0,00;-0,16;0,00;0,00;353;55;24;16;22;724;261
259;38,79;-264,02;0,00;0,00;0,00;-0,26;0,00;0,00;36;170;27;36;20;775;190
260;3,33;-684,04;0,00;0,00;0,00;-0,68;0,00;0,00;180;21;93;40;28;304;644
261;21,23;-591,08;0,00;0,00;0,00;-0,59;0,00;0,00;155;71;195;36;24;298;471
262;53,60;-202,79;0,00;0,00;0,00;-0,20;0,00;0,00;226;191;96;25;25;964;646
263;36,49;-286,99;0,00;0,00;0,00;-0,29;0,00;0,00;370;144;145;12;33;121;512
264;92,62;241,03;0,00;0,00;0,00;0,24;0,00;0,00;74;180;177;29;23;957;603
265;82,60;175,80;0,00;0,00;0,00;0,18;0,00;0,00;293;84;170;49;20;539;169
266;75,10;17,66;0,00;0,00;0,00;0,02;0,00;0,00;481;123;34;10;35;262;188
267;59,77;-146,42;0,00;0,00;0,00;-0,15;0,00;0,00;323;46;129;16;31;855;897
268;74,14;98,20;0,00;0,00;0,00;0,10;0,00;0,00;292;70;26;15;21;465;315
269;100,00;352,65;0,00;0,00;0,00;0,35;0,00;0,00;236;27;35;14;15;305;101
270;16,97;-533,42;0,00;0,00;0,00;-0,53;0,00;0,00;229;147;165;25;19;105;131
271;56,82;-167,35;0,00;0,00;0,00;-0,17;0,00;0,00;123;182;74;24;30;137;697
272;83,46;152,25;0,00;0,00;0,00;0,15;0,00;0,00;304;101;23;39;33;450;640
273;29,83;-386,61;0,00;0,00;0,00;-0,39;0,00;0,00;423;182;110;11;28;755;853
274;43,34;-296,46;0,00;0,00;0,00;-0,30;0,00;0,00;302;76;35;25;38;973;675
275;22,86;-437,44;0,00;0,00;0,00;-0,44;0,00;0,00;259;115;179;25;37;833;460
276;53,87;-125,06;0,00;0,00;0,00;-0,13;0,00;0,00;309;70;108;29;36;660;959
277;50,14;-233,49;0,00;0,00;0,00;-0,23;0,00;0,00;31;115;47;14;19;697;857
278;48,08;-212,99;0,00;0,00;0,00;-0,21;0,00;0,00;394;90;39;25;23;211;151
279;58,96;-135,45;0,00;0,00;0,00;-0,14;0,00;0,00;277;93;95;33;30;908;501
280;34,76;-359,59;0,00;0,00;0,00;-0,36;0,00;0,00;397;90;159;49;24;282;601
281;63,62;-35,40;0,00;0,00;0,00;-0,04;0,00;0,00;207;85;191;10;33;938;692
282;56,11;-139,36;0,00;0,00;0,00;-0,14;0,00;0,00;79;75;173;48;15;929;435
283;50,31;-183,69;0,00;0,00;0,00;-0,18;0,00;0,00;420;64;105;47;38;819;549
284;87,37;253,08;0,00;0,00;0,00;0,25;0,00;0,00;372;182;102;11;18;655;253
285;45,38;-183,39;0,00;0,00;0,00;-0,18;0,00;0,00;101;13;79;36;23;876;331
286;2,98;-755,80;0,00;0,00;0,00;-0,76;0,00;0,00;484;171;94;26;21;826;416
287;78,81;92,73;0,00;0,00;0,00;0,09;0,00;0,00;449;98;132;35;32;167;495
288;60,66;-67,82;0,00;0,00;0,00;-0,07;0,00;0,00;42;93;103;31;35;609;171
289;74,63;10,88;0,00;0,00;0,00;0,01;0,00;0,00;52;46;57;34;37;523;477
290;44,10;-251,59;0,00;0,00;0,00;-0,25;0,00;0,00;396;83;148;30;27;682;326
291;72,78;29,68;0,00;0,00;0,00;0,03;0,00;0,00;295;138;182;43;17;195;617
292;2,02;-720,14;0,00;0,00;0,00;-0,72;0,00;0,00;473;120;120;34;28;795;192
293;79,31;117,31;0,00;0,00;0,00;0,12;0,00;0,00;458;184;18;42;20;656;219
294;100,00;293,68;0,00;0,00;0,00;0,29;0,00;0,00;416;22;54;35;17;407;446
295;68,98;-40,25;0,00;0,00;0,00;-0,04;0,00;0,00;10;167;126;38;24;673;344
296;62,01;-65,83;0,00;0,00;0,00;-0,07;0,00;0,00;265;94;118;29;16;244;450
297;45,81;-221,88;0,00;0,00;0,00;-0,22;0,00;0,00;224;129;120;36;25;796;487
298;87,13;221,16;0,00;0,00;0,00;0,22;0,00;0,00;417;198;11;29;32;786;465
299;48,96;-212,18;0,00;0,00;0,00;-0,21;0,00;0,00;22;65;90;49;33;574;140
300;62,90;64,78;0,00;0,00;0,00;0,06;0,00;0,00;232;99;187;39;37;679;419
301;23,32;-547,01;0,00;0,00;0,00;-0,55;0,00;0,00;428;159;70;31;36;125;530
302;35,50;-412,62;0,00;0,00;0,00;-0,41;0,00;0,00;159;111;194;12;38;814;467
303;4,15;-681,20;0,00;0,00;0,00;-0,68;0,00;0,00;496;103;48;30;30;471;344
304;54,84;-46,54;0,00;0,00;0,00;-0,05;0,00;0,00;193;26;70;10;35;312;469
305;85,68;171,99;0,00;0,00;0,00;0,17;0,00;0,00;322;57;85;22;20;632;807
306;49,59;-149,65;0,00;0,00;0,00;-0,15;0,00;0,00;246;192;123;24;18;467;657
307;15,01;-564,51;0,00;0,00;0,00;-0,56;0,00;0,00;202;82;30;20;26;390;503
308;35,15;-310,87;0,00;0,00;0,00;-0,31;0,00;0,00;220;59;43;47;30;365;734
309;45,95;-224,60;0,00;0,00;0,00;-0,22;0,00;0,00;76;32;128;46;31;300;148
310;53,11;-104,84;0,00;0,00;0,00;-0,10;0,00;0,00;381;51;140;40;19;631;363
311;55,62;-144,67;0,00;0,00;0,00;-0,14;0,00;0,00;417;92;119;44;31;505;598
312;12,88;-587,01;0,00;0,00;0,00;-0,59;0,00;0,00;376;88;160;22;34;574;449
313;59,46;-105,96;0,00;0,00;0,00;-0,11;0,00;0,00;466;20;13;36;38;424;611
314;38,29;-327,35;0,00;0,00;0,00;-0,33;0,00;0,00;246;72;170;14;17;211;652
315;42,98;-254,26;0,00;0,00;0,00;-0,25;0,00;0,00;436;71;91;28;22;883;972
316;39,73;-304,76;0,00;0,00;0,00;-0,30;0,00;0,00;432;93;149;32;30;251;692
317;56,97;-118,39;0,00;0,00;0,00;-0,12;0,00;0,00;180;176;82;33;29;394;806
318;74,80;8,47;0,00;0,00;0,00;0,01;0,00;0,00;214;151;149;18;16;971;773
319;54,89;-143,31;0,00;0,00;0,00;-0,14;0,00;0,00;394;88;185;47;29;835;485
320;61,74;-53,33;0,00;0,00;0,00;-0,05;0,00;0,00;311;39;48;20;34;176;155
321;35,14;-274,05;0,00;0,00;0,00;-0,27;0,00;0,00;37;160;178;49;21;413;784
322;55,98;-60,78;0,00;0,00;0,00;-0,06;0,00;0,00;148;155;165;24;38;243;795
323;37,72;-348,08;0,00;0,00;0,00;-0,35;0,00;0,00;235;181;20;43;26;625;447
324;58,15;-45,39;0,00;0,00;0,00;-0,05;0,00;0,00;94;70;171;26;16;567;915
325;21,66;-496,43;0,00;0,00;0,00;-0,50;0,00;0,00;305;91;161;30;27;984;219
326;74,68;47,16;0,00;0,00;0,00;0,05;0,00;0,00;276;59;122;42;28;985;207
327;85,52;150,42;0,00;0,00;0,00;0,15;0,00;0,00;486;49;104;36;15;782;205
328;44,29;-216,81;0,00;0,00;0,00;-0,22;0,00;0,00;165;68;54;15;17;193;987
329;28,51;-448,72;0,00;0,00;0,00;-0,45;0,00;0,00;475;53;161;22;26;583;114
330;76,53;66,61;0,00;0,00;0,00;0,07;0,00;0,00;81;162;34;13;37;650;147
331;62,61;-70,55;0,00;0,00;0,00;-0,07;0,00;0,00;384;140;55;16;25;772;412
332;74,69;52,85;0,00;0,00;0,00;0,05;0,00;0,00;99;17;57;17;38;501;567
333;31,32;-326,03;0,00;0,00;0,00;-0,33;0,00;0,00;165;55;127;18;30;644;394
334;95,99;240,32;0,00;0,00;0,00;0,24;0,00;0,00;307;144;84;41;35;998;904
335;25,33;-518,49;0,00;0,00;0,00;-0,52;0,00;0,00;213;168;36;30;21;183;778
336;91,37;138,64;0,00;0,00;0,00;0,14;0,00;0,00;291;112;160;34;38;968;813
337;65,14;-31,64;0,00;0,00;0,00;-0,03;0,00;0,00;144;106;119;13;33;943;416
338;100,00;248,49;0,00;0,00;0,00;0,25;0,00;0,00;191;145;168;39;18;494;823
339;71,67;15,28;0,00;0,00;0,00;0,02;0,00;0,00;309;62;84;14;32;618;344
340;42,52;-215,92;0,00;0,00;0,00;-0,22;0,00;0,00;436;77;142;21;23;270;643
341;64,06;-96,83;0,00;0,00;0,00;-0,10;0,00;0,00;165;100;128;41;19;994;923
342;38,81;-283,47;0,00;0,00;0,00;-0,28;0,00;0,00;47;143;125;24;31;486;334
343;39,22;-359,27;0,00;0,00;0,00;-0,36;0,00;0,00;135;27;79;21;16;628;448
344;55,68;-45,01;0,00;0,00;0,00;-0,05;0,00;0,00;201;178;133;39;37;302;541
345;64,91;16,65;0,00;0,00;0,00;0,02;0,00;0,00;42;52;87;33;29;674;801
346;0,04;-714,78;0,00;0,00;0,00;-0,71;0,00;0,00;433;60;138;15;22;564;208
347;48,10;-169,48;0,00;0,00;0,00;-0,17;0,00;0,00;275;35;85;45;32;566;392
348;64,48;-91,98;0,00;0,00;0,00;-0,09;0,00;0,00;34;170;53;19;21;996;188
349;60,78;-70,35;0,00;0,00;0,00;-0,07;0,00;0,00;386;91;181;35;36;942;584
350;31,16;-401,81;0,00;0,00;0,00;-0,40;0,00;0,00;358;113;122;40;28;104;517
351;48,18;-233,51;0,00;0,00;0,00;-0,23;0,00;0,00;414;64;65;34;29;116;468
352;13,42;-627,26;0,00;0,00;0,00;-0,63;0,00;0,00;387;48;175;19;20;136;245
353;73,51;70,53;0,00;0,00;0,00;0,07;0,00;0,00;376;102;146;38;30;317;269
354;36,49;-267,61;0,00;0,00;0,00;-0,27;0,00;0,00;300;18;185;17;38;264;993
355;35,14;-305,59;0,00;0,00;0,00;-0,31;0,00;0,00;413;61;178;13;39;815;584
356;54,94;-153,17;0,00;0,00;0,00;-0,15;0,00;0,00;213;16;173;31;17;513;888
357;59,04;-237,83;0,00;0,00;0,00;-0,24;0,00;0,00;12;105;82;42;21;405;125
358;13,01;-478,27;0,00;0,00;0,00;-0,48;0,00;0,00;12;199;94;35;21;960;993
359;50,97;-106,31;0,00;0,00;0,00;-0,11;0,00;0,00;151;111;118;43;33;155;162
360;80,93;51,58;0,00;0,00;0,00;0,05;0,00;0,00;166;88;42;47;29;759;808
361;76,39;108,32;0,00;0,00;0,00;0,11;0,00;0,00;140;190;112;14;17;624;952
362;33,85;-333,43;0,00;0,00;0,00;-0,33;0,00;0,00;272;190;165;27;31;914;291
363;79,94;127,43;0,00;0,00;0,00;0,13;0,00;0,00;417;136;119;16;22;183;453
364;44,64;-248,67;0,00;0,00;0,00;-0,25;0,00;0,00;218;180;81;35;36;615;469
365;53,66;-145,17;0,00;0,00;0,00;-0,15;0,00;0,00;90;85;130;43;18;810;142
366;38,68;-297,70;0,00;0,00;0,00;-0,30;0,00;0,00;161;190;177;38;19;763;720
367;34,05;-352,50;0,00;0,00;0,00;-0,35;0,00;0,00;379;48;38;16;20;336;461
368;34,89;-421,37;0,00;0,00;0,00;-0,42;0,00;0,00;422;83;57;29;33;973;814
369;28,03;-450,62;0,00;0,00;0,00;-0,45;0,00;0,00;403;72;172;29;34;233;771
370;100,00;334,82;0,00;0,00;0,00;0,33;0,00;0,00;344;125;111;32;27;549;269
371;74,82;109,82;0,00;0,00;0,00;0,11;0,00;0,00;348;62;34;30;35;517;135
372;57,14;-105,95;0,00;0,00;0,00;-0,11;0,00;0,00;125;83;127;42;35;723;435
373;88,40;267,17;0,00;0,00;0,00;0,27;0,00;0,00;484;187;114;45;19;834;448
374;40,11;-343,56;0,00;0,00;0,00;-0,34;0,00;0,00;251;49;65;36;31;834;242
375;69,80;29,81;0,00;0,00;0,00;0,03;0,00;0,00;259;122;166;19;31;969;743
376;52,06;-226,36;0,00;0,00;0,00;-0,23;0,00;0,00;267;190;132;32;19;488;260
377;32,53;-413,17;0,00;0,00;0,00;-0,41;0,00;0,00;367;92;196;13;18;787;188
378;39,34;-275,86;0,00;0,00;0,00;-0,28;0,00;0,00;46;21;114;15;27;397;331
379;54,13;-81,42;0,00;0,00;0,00;-0,08;0,00;0,00;10;186;54;24;29;296;489
380;22,86;-497,19;0,00;0,00;0,00;-0,50;0,00;0,00;464;28;185;41;30;894;387
381;81,58;146,60;0,00;0,00;0,00;0,15;0,00;0,00;90;149;16;48;19;470;946
382;25,43;-421,75;0,00;0,00;0,00;-0,42;0,00;0,00;91;88;14;14;22;670;249
383;48,63;-231,20;0,00;0,00;0,00;-0,23;0,00;0,00;259;129;64;30;34;969;679
384;88,08;147,79;0,00;0,00;0,00;0,15;0,00;0,00;75;195;59;41;39;157;341
385;66,83;-75,44;0,00;0,00;0,00;-0,08;0,00;0,00;204;153;174;15;21;769;816
386;35,18;-337,49;0,00;0,00;0,00;-0,34;0,00;0,00;315;33;134;36;28;285;232
387;26,78;-388,31;0,00;0,00;0,00;-0,39;0,00;0,00;383;58;81;33;36;230;561
388;72,99;8,87;0,00;0,00;0,00;0,01;0,00;0,00;57;149;12;18;39;748;143
389;52,23;-245,31;0,00;0,00;0,00;-0,25;0,00;0,00;139;156;100;42;25;523;913
390;48,99;-228,44;0,00;0,00;0,00;-0,23;0,00;0,00;370;138;117;17;18;304;798
391;9,59;-644,27;0,00;0,00;0,00;-0,64;0,00;0,00;488;68;172;49;36;976;903
392;34,62;-380,20;0,00;0,00;0,00;-0,38;0,00;0,00;272;66;166;39;22;268;609
393;85,61;177,07;0,00;0,00;0,00;0,18;0,00;0,00;406;15;182;38;21;442;611
394;25,08;-392,93;0,00;0,00;0,00;-0,39;0,00;0,00;152;55;102;26;33;347;967
395;77,96;64,71;0,00;0,00;0,00;0,06;0,00;0,00;490;11;197;19;33;775;900
396;64,04;-10,56;0,00;0,00;0,00;-0,01;0,00;0,00;277;38;66;44;24;663;303
397;15,04;-606,68;0,00;0,00;0,00;-0,61;0,00;0,00;141;90;72;11;38;928;379
398;48,15;-261,09;0,00;0,00;0,00;-0,26;0,00;0,00;456;106;154;32;30;869;680
399;48,51;-267,25;0,00;0,00;0,00;-0,27;0,00;0,00;339;40;166;39;39;795;765
400;55,27;-228,30;0,00;0,00;0,00;-0,23;0,00;0,00;240;93;160;47;27;512;258
401;50,18;-121,80;0,00;0,00;0,00;-0,12;0,00;0,00;59;142;176;13;25;619;122
402;64,23;-39,17;0,00;0,00;0,00;-0,04;0,00;0,00;352;29;105;40;26;295;484
403;24,86;-487,28;0,00;0,00;0,00;-0,49;0,00;0,00;101;199;62;47;37;873;325
404;41,17;-332,86;0,00;0,00;0,00;-0,33;0,00;0,00;104;80;97;20;37;966;456
405;41,97;-275,72;0,00;0,00;0,00;-0,28;0,00;0,00;82;124;70;27;31;834;388
406;46,84;-360,45;0,00;0,00;0,00;-0,36;0,00;0,00;487;176;21;42;25;204;860
407;87,67;177,76;0,00;0,00;0,00;0,18;0,00;0,00;155;199;23;11;33;496;404
408;53,36;-160,90;0,00;0,00;0,00;-0,16;0,00;0,00;191;62;101;25;24;880;287
409;34,67;-388,10;0,00;0,00;0,00;-0,39;0,00;0,00;192;83;181;39;22;592;602
410;29,17;-422,93;0,00;0,00;0,00;-0,42;0,00;0,00;469;195;39;31;27;371;633
411;75,60;78,46;0,00;0,00;0,00;0,08;0,00;0,00;169;161;170;19;17;587;430
412;33,20;-371,66;0,00;0,00;0,00;-0,37;0,00;0,00;172;85;182;16;25;432;717
413;55,53;-222,65;0,00;0,00;0,00;-0,22;0,00;0,00;310;134;16;46;16;183;928
414;96,84;279,07;0,00;0,00;0,00;0,28;0,00;0,00;237;141;121;18;36;946;879
415;45,81;-253,00;0,00;0,00;0,00;-0,25;0,00;0,00;257;39;18;32;26;708;500
416;3,85;-652,14;0,00;0,00;0,00;-0,65;0,00;0,00;100;177;138;41;19;640;475
417;69,31;-36,37;0,00;0,00;0,00;-0,04;0,00;0,00;91;95;44;32;33;981;584
418;32,94;-350,08;0,00;0,00;0,00;-0,35;0,00;0,00;441;177;74;45;39;539;237
419;38,92;-324,17;0,00;0,00;0,00;-0,32;0,00;0,00;315;23;170;10;39;865;755
420;32,40;-415,02;0,00;0,00;0,00;-0,42;0,00;0,00;116;75;65;16;33;320;111
421;12,70;-638,19;0,00;0,00;0,00;-0,64;0,00;0,00;119;89;116;27;18;115;554
422;54,98;-243,81;0,00;0,00;0,00;-0,24;0,00;0,00;496;190;144;23;15;691;358
423;57,00;-136,42;0,00;0,00;0,00;-0,14;0,00;0,00;319;73;21;13;22;970;319
424;64,88;-41,33;0,00;0,00;0,00;-0,04;0,00;0,00;243;48;102;41;15;337;538
425;22,31;-482,87;0,00;0,00;0,00;-0,48;0,00;0,00;465;49;77;30;18;285;745
426;66,20;-18,93;0,00;0,00;0,00;-0,02;0,00;0,00;236;140;57;32;25;366;902
427;81,96;151,53;0,00;0,00;0,00;0,15;0,00;0,00;314;78;162;35;28;686;335
428;71,03;1,41;0,00;0,00;0,00;0,00;0,00;0,00;355;146;67;21;22;167;701
429;0,00;-639,32;0,00;0,00;0,00;-0,64;0,00;0,00;203;70;46;11;26;387;793
430;52,11;-181,80;0,00;0,00;0,00;-0,18;0,00;0,00;399;19;28;12;32;827;913
431;46,08;-202,75;0,00;0,00;0,00;-0,20;0,00;0,00;324;35;91;18;36;320;334
432;43,72;-306,47;0,00;0,00;0,00;-0,31;0,00;0,00;164;98;66;46;37;777;587
433;16,53;-510,29;0,00;0,00;0,00;-0,51;0,00;0,00;338;22;85;35;16;494;642
434;59,65;-105,15;0,00;0,00;0,00;-0,11;0,00;0,00;289;98;14;26;30;660;722
435;32,44;-359,69;0,00;0,00;0,00;-0,36;0,00;0,00;195;40;192;20;37;748;628
436;30,44;-368,48;0,00;0,00;0,00;-0,37;0,00;0,00;479;60;77;19;39;181;874
437;48,82;-269,85;0,00;0,00;0,00;-0,27;0,00;0,00;457;189;128;14;37;710;718
438;49,15;-235,18;0,00;0,00;0,00;-0,24;0,00;0,00;101;80;195;18;32;411;977
439;54,73;-128,71;0,00;0,00;0,00;-0,13;0,00;0,00;351;100;178;27;30;721;857
440;47,84;-187,19;0,00;0,00;0,00;-0,19;0,00;0,00;325;184;143;20;21;581;843
441;81,65;111,32;0,00;0,00;0,00;0,11;0,00;0,00;162;119;29;22;27;129;290
442;51,12;-277,40;0,00;0,00;0,00;-0,28;0,00;0,00;114;15;172;33;37;939;806
443;0,00;-686,62;0,00;0,00;0,00;-0,69;0,00;0,00;201;21;124;24;18;719;883
444;58,57;-151,15;0,00;0,00;0,00;-0,15;0,00;0,00;237;160;131;18;21;132;857
445;21,96;-412,21;0,00;0,00;0,00;-0,41;0,00;0,00;175;42;82;10;38;927;968
446;37,70;-322,25;0,00;0,00;0,00;-0,32;0,00;0,00;488;162;146;19;29;696;253
447;38,12;-223,97;0,00;0,00;0,00;-0,22;0,00;0,00;213;115;158;14;15;975;182
448;48,52;-111,80;0,00;0,00;0,00;-0,11;0,00;0,00;223;25;102;17;37;329;346
449;24,54;-374,72;0,00;0,00;0,00;-0,37;0,00;0,00;106;84;171;36;17;873;350
450;37,64;-326,03;0,00;0,00;0,00;-0,33;0,00;0,00;52;193;67;35;22;891;455
451;55,76;-99,75;0,00;0,00;0,00;-0,10;0,00;0,00;234;88;33;20;30;993;957
452;61,88;-12,20;0,00;0,00;0,00;-0,01;0,00;0,00;491;197;90;36;16;157;694
453;13,74;-566,67;0,00;0,00;0,00;-0,57;0,00;0,00;239;77;94;16;21;706;916
454;37,59;-374,41;0,00;0,00;0,00;-0,37;0,00;0,00;87;166;21;38;33;771;877
455;29,52;-392,53;0,00;0,00;0,00;-0,39;0,00;0,00;477;69;110;23;28;435;962
456;63,25;-79,06;0,00;0,00;0,00;-0,08;0,00;0,00;77;96;70;38;35;166;548
457;84,17;217,05;0,00;0,00;0,00;0,22;0,00;0,00;355;176;105;38;29;311;247
458;12,76;-476,75;0,00;0,00;0,00;-0,48;0,00;0,00;354;67;125;18;38;715;813
459;69,92;-56,08;0,00;0,00;0,00;-0,06;0,00;0,00;26;89;125;45;31;260;530
460;93,01;155,77;0,00;0,00;0,00;0,16;0,00;0,00;46;146;177;34;21;117;646
461;11,62;-570,98;0,00;0,00;0,00;-0,57;0,00;0,00;113;105;131;32;37;846;732
462;88,21;195,23;0,00;0,00;0,00;0,20;0,00;0,00;148;77;31;49;35;322;402
463;57,20;-156,05;0,00;0,00;0,00;-0,16;0,00;0,00;56;39;47;46;36;770;975
464;50,75;-252,12;0,00;0,00;0,00;-0,25;0,00;0,00;426;100;60;34;38;299;806
465;52,28;-148,86;0,00;0,00;0,00;-0,15;0,00;0,00;476;90;101;23;37;488;271
466;61,36;-82,15;0,00;0,00;0,00;-0,08;0,00;0,00;315;87;39;40;37;687;163
467;63,36;-9,70;0,00;0,00;0,00;-0,01;0,00;0,00;122;159;117;46;16;679;434
468;100,00;229,84;0,00;0,00;0,00;0,23;0,00;0,00;299;50;195;27;38;653;294
469;47,37;-189,36;0,00;0,00;0,00;-0,19;0,00;0,00;67;76;13;32;39;398;774
470;17,64;-510,80;0,00;0,00;0,00;-0,51;0,00;0,00;385;76;178;10;22;975;844
471;99,48;262,89;0,00;0,00;0,00;0,26;0,00;0,00;210;39;47;32;37;529;727
472;56,86;-107,76;0,00;0,00;0,00;-0,11;0,00;0,00;71;40;68;28;20;196;797
473;79,45;95,45;0,00;0,00;0,00;0,10;0,00;0,00;375;187;142;12;23;982;592
474;30,61;-452,86;0,00;0,00;0,00;-0,45;0,00;0,00;249;94;27;42;26;910;278
475;35,99;-328,18;0,00;0,00;0,00;-0,33;0,00;0,00;490;123;75;17;28;793;908
476;19,09;-491,93;0,00;0,00;0,00;-0,49;0,00;0,00;335;165;73;25;32;820;510
477;28,93;-357,35;0,00;0,00;0,00;-0,36;0,00;0,00;126;125;26;21;30;450;173
478;63,23;-138,86;0,00;0,00;0,00;-0,14;0,00;0,00;218;89;78;43;28;752;936
479;62,00;-154,30;0,00;0,00;0,00;-0,15;0,00;0,00;408;161;18;26;21;122;737
480;69,92;-9,31;0,00;0,00;0,00;-0,01;0,00;0,00;151;42;180;13;34;346;780
481;35,60;-342,14;0,00;0,00;0,00;-0,34;0,00;0,00;419;73;26;48;28;333;666
482;0,00;-722,13;0,00;0,00;0,00;-0,72;0,00;0,00;74;162;112;25;20;165;263
483;43,30;-259,39;0,00;0,00;0,00;-0,26;0,00;0,00;37;140;127;17;25;328;867
484;62,02;2,10;0,00;0,00;0,00;0,00;0,00;0,00;484;79;157;18;28;414;759
485;65,57;-45,81;0,00;0,00;0,00;-0,05;0,00;0,00;70;115;152;45;17;519;407
486;100,00;350,37;0,00;0,00;0,00;0,35;0,00;0,00;408;112;95;38;30;578;605
487;26,11;-485,26;0,00;0,00;0,00;-0,49;0,00;0,00;359;120;110;13;25;853;159
488;16,22;-555,22;0,00;0,00;0,00;-0,56;0,00;0,00;300;14;163;27;26;894;763
489;77,32;68,95;0,00;0,00;0,00;0,07;0,00;0,00;40;93;167;24;30;829;409
490;21,31;-527,38;0,00;0,00;0,00;-0,53;0,00;0,00;228;173;118;30;33;606;202
491;64,33;-136,98;0,00;0,00;0,00;-0,14;0,00;0,00;25;145;92;28;17;216;835
492;59,14;-50,91;0,00;0,00;0,00;-0,05;0,00;0,00;324;57;155;34;32;873;910
493;86,80;195,34;0,00;0,00;0,00;0,20;0,00;0,00;439;30;53;48;29;380;184
494;51,29;-138,52;0,00;0,00;0,00;-0,14;0,00;0,00;224;61;28;48;17;934;159
495;57,65;-18,96;0,00;0,00;0,00;-0,02;0,00;0,00;69;53;49;33;37;562;459
496;47,12;-174,98;0,00;0,00;0,00;-0,17;0,00;0,00;259;47;78;32;18;632;807
497;25,83;-420,58;0,00;0,00;0,00;-0,42;0,00;0,00;104;34;31;36;24;140;911
498;58,49;-61,32;0,00;0,00;0,00;-0,06;0,00;0,00;472;150;116;45;22;499;460
499;62,84;-13,45;0,00;0,00;0,00;-0,01;0,00;0,00;458;16;139;49;22;376;908
500;23,55;-439,61;0,00;0,00;0,00;-0,44;0,00;0,00;422;95;117;36;32;846;998
501;23,98;-460,06;0,00;0,00;0,00;-0,46;0,00;0,00;43;80;137;26;34;586;118
502;49,30;-186,98;0,00;0,00;0,00;-0,19;0,00;0,00;169;171;85;32;31;884;365
503;63,14;-3,00;0,00;0,00;0,00;-0,00;0,00;0,00;324;168;44;15;22;731;757
504;47,94;-202,06;0,00;0,00;0,00;-0,20;0,00;0,00;307;32;30;20;16;787;508
505;64,26;-48,09;0,00;0,00;0,00;-0,05;0,00;0,00;204;94;191;24;34;907;434
506;6,88;-668,52;0,00;0,00;0,00;-0,67;0,00;0,00;353;90;177;49;17;479;463
507;3,43;-603,84;0,00;0,00;0,00;-0,60;0,00;0,00;135;124;78;31;21;880;403
508;47,21;-171,93;0,00;0,00;0,00;-0,17;0,00;0,00;130;114;63;41;20;912;383
509;57,54;-240,42;0,00;0,00;0,00;-0,24;0,00;0,00;345;161;106;32;23;166;987
510;56,27;-81,38;0,00;0,00;0,00;-0,08;0,00;0,00;248;174;42;23;37;736;544
511;30,21;-353,41;0,00;0,00;0,00;-0,35;0,00;0,00;116;48;193;32;19;586;320
512;56,45;-142,25;0,00;0,00;0,00;-0,14;0,00;0,00;127;20;20;15;37;564;546
513;33,92;-337,03;0,00;0,00;0,00;-0,34;0,00;0,00;211;56;76;34;27;668;905
514;0,00;-664,75;0,00;0,00;0,00;-0,66;0,00;0,00;136;166;71;23;23;770;268
515;44,15;-275,09;0,00;0,00;0,00;-0,28;0,00;0,00;338;106;81;18;35;645;285
516;57,33;-192,82;0,00;0,00;0,00;-0,19;0,00;0,00;74;23;113;18;22;606;134
517;0,00;-623,02;0,00;0,00;0,00;-0,62;0,00;0,00;433;65;20;22;31;450;529
518;70,76;27,28;0,00;0,00;0,00;0,03;0,00;0,00;78;21;58;32;34;232;403
519;67,56;-53,22;0,00;0,00;0,00;-0,05;0,00;0,00;475;21;52;15;32;672;805
520;67,51;-12,96;0,00;0,00;0,00;-0,01;0,00;0,00;279;180;13;18;31;192;645
521;79,66;32,03;0,00;0,00;0,00;0,03;0,00;0,00;114;17;91;27;27;448;371
522;86,30;162,00;0,00;0,00;0,00;0,16;0,00;0,00;261;99;10;45;39;636;710
523;70,88;-60,14;0,00;0,00;0,00;-0,06;0,00;0,00;217;155;120;47;16;673;219
524;35,60;-359,46;0,00;0,00;0,00;-0,36;0,00;0,00;104;179;112;34;35;219;343
525;54,53;-150,90;0,00;0,00;0,00;-0,15;0,00;0,00;21;107;129;46;22;561;791
526;88,63;262,99;0,00;0,00;0,00;0,26;0,00;0,00;24;68;179;39;36;963;770
527;43,26;-291,37;0,00;0,00;0,00;-0,29;0,00;0,00;322;25;32;16;34;812;172
528;39,62;-338,64;0,00;0,00;0,00;-0,34;0,00;0,00;381;48;199;41;21;779;904
529;76,51;43,48;0,00;0,00;0,00;0,04;0,00;0,00;247;63;118;11;36;691;726
530;54,55;-224,35;0,00;0,00;0,00;-0,22;0,00;0,00;162;192;161;43;20;260;926
531;88,24;169,50;0,00;0,00;0,00;0,17;0,00;0,00;457;154;136;49;15;736;314
532;25,00;-445,62;0,00;0,00;0,00;-0,45;0,00;0,00;359;197;20;35;28;887;852
533;65,97;-51,27;0,00;0,00;0,00;-0,05;0,00;0,00;252;63;137;20;18;689;351
534;46,91;-292,32;0,00;0,00;0,00;-0,29;0,00;0,00;469;157;141;22;34;994;458
535;14,32;-467,78;0,00;0,00;0,00;-0,47;0,00;0,00;464;133;83;39;18;155;933
536;60,61;-120,53;0,00;0,00;0,00;-0,12;0,00;0,00;231;103;58;36;37;970;513
537;28,14;-390,80;0,00;0,00;0,00;-0,39;0,00;0,00;272;33;92;16;33;645;836
538;48,56;-230,79;0,00;0,00;0,00;-0,23;0,00;0,00;382;168;118;10;29;396;988
539;57,35;-131,31;0,00;0,00;0,00;-0,13;0,00;0,00;227;30;147;16;32;962;648
540;0,00;-716,00;0,00;0,00;0,00;-0,72;0,00;0,00;99;148;175;28;18;772;356
541;43,95;-326,98;0,00;0,00;0,00;-0,33;0,00;0,00;34;38;49;39;36;763;529
542;32,87;-409,67;0,00;0,00;0,00;-0,41;0,00;0,00;197;32;182;15;24;489;754
543;44,10;-225,01;0,00;0,00;0,00;-0,23;0,00;0,00;225;170;118;19;27;577;284
544;48,42;-149,58;0,00;0,00;0,00;-0,15;0,00;0,00;131;114;20;32;35;582;481
545;46,80;-147,49;0,00;0,00;0,00;-0,15;0,00;0,00;46;183;186;30;24;266;141
546;37,53;-411,50;0,00;0,00;0,00;-0,41;0,00;0,00;468;109;116;44;28;518;744
547;17,66;-541,39;0,00;0,00;0,00;-0,54;0,00;0,00;87;86;184;46;15;325;759
548;45,71;-242,42;0,00;0,00;0,00;-0,24;0,00;0,00;163;156;170;46;16;633;540
549;42,48;-193,04;0,00;0,00;0,00;-0,19;0,00;0,00;421;77;113;16;24;614;318
550;14,51;-587,78;0,00;0,00;0,00;-0,59;0,00;0,00;236;11;95;44;29;381;771
551;42,10;-367,48;0,00;0,00;0,00;-0,37;0,00;0,00;231;10;74;27;39;312;591
552;71,80;2,57;0,00;0,00;0,00;0,00;0,00;0,00;355;57;112;33;39;823;952
553;35,54;-320,86;0,00;0,00;0,00;-0,32;0,00;0,00;135;58;34;46;37;418;900
554;35,21;-375,33;0,00;0,00;0,00;-0,38;0,00;0,00;390;14;167;11;19;867;526
555;29,90;-410,66;0,00;0,00;0,00;-0,41;0,00;0,00;404;13;178;21;17;221;871
556;64,75;-133,42;0,00;0,00;0,00;-0,13;0,00;0,00;324;62;16;45;17;900;821
557;72,65;65,08;0,00;0,00;0,00;0,07;0,00;0,00;335;84;34;42;21;218;458
558;72,77;-10,50;0,00;0,00;0,00;-0,01;0,00;0,00;363;85;148;29;33;941;817
559;84,80;150,76;0,00;0,00;0,00;0,15;0,00;0,00;376;116;156;33;39;479;601
560;67,14;-15,75;0,00;0,00;0,00;-0,02;0,00;0,00;381;187;63;40;29;719;301
561;49,78;-117,93;0,00;0,00;0,00;-0,12;0,00;0,00;67;133;174;24;15;108;217
562;31,05;-392,33;0,00;0,00;0,00;-0,39;0,00;0,00;300;138;162;21;39;790;505
563;100,00;304,91;0,00;0,00;0,00;0,30;0,00;0,00;241;15;69;20;26;283;459
564;43,69;-158,36;0,00;0,00;0,00;-0,16;0,00;0,00;90;69;117;45;18;164;555
565;35,25;-355,33;0,00;0,00;0,00;-0,36;0,00;0,00;276;169;108;28;31;978;341
566;42,56;-293,05;0,00;0,00;0,00;-0,29;0,00;0,00;139;165;53;14;31;607;747
567;47,19;-315,05;0,00;0,00;0,00;-0,32;0,00;0,00;167;142;152;37;19;435;650
568;73,81;90,60;0,00;0,00;0,00;0,09;0,00;0,00;199;189;47;27;37;420;741
569;82,29;108,72;0,00;0,00;0,00;0,11;0,00;0,00;347;191;86;45;35;832;380
570;41,69;-234,59;0,00;0,00;0,00;-0,23;0,00;0,00;292;196;36;49;30;429;323
571;2,54;-659,96;0,00;0,00;0,00;-0,66;0,00;0,00;340;103;101;12;27;173;433
572;71,17;82,50;0,00;0,00;0,00;0,08;0,00;0,00;155;59;158;35;20;501;900
573;100,00;239,70;0,00;0,00;0,00;0,24;0,00;0,00;311;96;37;17;23;615;285
574;36,13;-230,48;0,00;0,00;0,00;-0,23;0,00;0,00;487;197;107;36;27;233;334
575;33,03;-429,89;0,00;0,00;0,00;-0,43;0,00;0,00;172;180;158;45;22;812;842
576;38,70;-334,20;0,00;0,00;0,00;-0,33;0,00;0,00;223;63;199;13;17;116;453
577;66,74;-108,17;0,00;0,00;0,00;-0,11;0,00;0,00;402;33;196;39;20;617;407
578;39,44;-311,90;0,00;0,00;0,00;-0,31;0,00;0,00;374;16;76;14;39;552;683
579;63,72;-14,68;0,00;0,00;0,00;-0,01;0,00;0,00;28;68;31;35;24;132;333
580;37,81;-262,47;0,00;0,00;0,00;-0,26;0,00;0,00;81;136;133;21;27;720;120
581;69,71;6,61;0,00;0,00;0,00;0,01;0,00;0,00;67;133;138;25;20;787;504
582;29,12;-458,28;0,00;0,00;0,00;-0,46;0,00;0,00;332;132;110;44;15;885;982
583;82,96;23,46;0,00;0,00;0,00;0,02;0,00;0,00;414;40;36;30;19;278;845
584;48,97;-225,37;0,00;0,00;0,00;-0,23;0,00;0,00;199;40;131;20;24;570;917
585;45,10;-216,62;0,00;0,00;0,00;-0,22;0,00;0,00;109;123;10;19;25;466;431
586;32,88;-348,28;0,00;0,00;0,00;-0,35;0,00;0,00;358;25;59;18;22;515;908
587;0,28;-620,76;0,00;0,00;0,00;-0,62;0,00;0,00;28;97;98;32;33;699;864
588;14,91;-551,19;0,00;0,00;0,00;-0,55;0,00;0,00;400;148;173;13;27;906;955
589;0,00;-793,96;0,00;0,00;0,00;-0,79;0,00;0,00;406;77;162;32;37;973;342
590;58,32;-91,39;0,00;0,00;0,00;-0,09;0,00;0,00;489;24;108;28;32;349;943
591;54,25;-160,92;0,00;0,00;0,00;-0,16;0,00;0,00;459;51;129;45;27;153;378
592;61,75;-35,04;0,00;0,00;0,00;-0,04;0,00;0,00;62;44;88;45;24;932;360
593;27,18;-481,75;0,00;0,00;0,00;-0,48;0,00;0,00;15;166;134;45;16;196;454
594;23,76;-382,40;0,00;0,00;0,00;-0,38;0,00;0,00;210;91;37;25;22;338;928
595;74,32;21,46;0,00;0,00;0,00;0,02;0,00;0,00;394;56;176;34;21;570;192
596;52,19;-147,50;0,00;0,00;0,00;-0,15;0,00;0,00;182;199;199;39;15;734;271
597;40,92;-384,28;0,00;0,00;0,00;-0,38;0,00;0,00;222;49;110;39;37;688;834
598;11,32;-637,85;0,00;0,00;0,00;-0,64;0,00;0,00;401;192;25;34;27;739;751
599;79,54;17,14;0,00;0,00;0,00;0,02;0,00;0,00;16;129;96;31;25;464;612
600;98,84;317,30;0,00;0,00;0,00;0,32;0,00;0,00;70;114;23;44;33;295;510
601;55,81;-91,86;0,00;0,00;0,00;-0,09;0,00;0,00;292;196;194;17;21;913;831
602;82,99;100,57;0,00;0,00;0,00;0,10;0,00;0,00;129;149;86;15;19;900;219
603;37,85;-330,99;0,00;0,00;0,00;-0,33;0,00;0,00;157;24;176;14;29;748;119
604;44,08;-224,99;0,00;0,00;0,00;-0,22;0,00;0,00;236;70;177;20;34;381;996
605;18,27;-458,55;0,00;0,00;0,00;-0,46;0,00;0,00;28;147;50;35;21;280;675
606;26,38;-473,32;0,00;0,00;0,00;-0,47;0,00;0,00;76;21;156;43;18;263;493
607;56,89;-119,93;0,00;0,00;0,00;-0,12;0,00;0,00;455;108;85;30;19;653;782
608;26,71;-434,57;0,00;0,00;0,00;-0,43;0,00;0,00;14;80;54;46;17;505;268
609;52,42;-238,35;0,00;0,00;0,00;-0,24;0,00;0,00;29;130;166;48;26;303;130
610;7,89;-689,09;0,00;0,00;0,00;-0,69;0,00;0,00;86;118;36;12;21;522;713
611;62,37;-66,47;0,00;0,00;0,00;-0,07;0,00;0,00;146;117;15;21;19;829;319
612;57,24;-244,07;0,00;0,00;0,00;-0,24;0,00;0,00;123;186;160;22;26;663;862
613;57,39;-180,59;0,00;0,00;0,00;-0,18;0,00;0,00;36;175;197;16;24;577;357
614;66,95;-53,79;0,00;0,00;0,00;-0,05;0,00;0,00;434;157;184;41;15;136;150
615;30,50;-357,96;0,00;0,00;0,00;-0,36;0,00;0,00;383;21;182;31;32;691;483
616;63,63;-6,01;0,00;0,00;0,00;-0,01;0,00;0,00;317;111;38;45;22;398;993
617;26,45;-368,21;0,00;0,00;0,00;-0,37;0,00;0,00;68;33;144;17;33;133;719
618;89,19;224,76;0,00;0,00;0,00;0,22;0,00;0,00;452;72;15;20;23;285;236
619;70,75;5,95;0,00;0,00;0,00;0,01;0,00;0,00;423;187;34;34;19;478;189
620;56,71;-134,09;0,00;0,00;0,00;-0,13;0,00;0,00;387;75;186;21;15;974;624
621;38,78;-357,09;0,00;0,00;0,00;-0,36;0,00;0,00;60;112;10;17;33;651;380
622;59,71;-58,14;0,00;0,00;0,00;-0,06;0,00;0,00;376;73;61;11;29;509;710
623;69,09;6,69;0,00;0,00;0,00;0,01;0,00;0,00;383;10;72;47;30;108;416
624;77,53;82,16;0,00;0,00;0,00;0,08;0,00;0,00;77;107;70;10;27;662;502
625;23,64;-506,37;0,00;0,00;0,00;-0,51;0,00;0,00;111;102;133;29;34;126;751
626;76,95;49,63;0,00;0,00;0,00;0,05;0,00;0,00;204;166;151;47;36;561;183
627;70,23;117,71;0,00;0,00;0,00;0,12;0,00;0,00;108;28;123;28;18;696;906
628;48,29;-198,44;0,00;0,00;0,00;-0,20;0,00;0,00;438;39;94;20;19;943;338
629;37,45;-305,93;0,00;0,00;0,00;-0,31;0,00;0,00;483;79;136;18;29;355;199
630;36,74;-296,32;0,00;0,00;0,00;-0,30;0,00;0,00;262;166;126;38;16;784;158
631;85,03;222,48;0,00;0,00;0,00;0,22;0,00;0,00;257;117;179;21;38;343;750
632;34,09;-329,49;0,00;0,00;0,00;-0,33;0,00;0,00;294;157;35;32;17;873;455
633;26,87;-394,63;0,00;0,00;0,00;-0,39;0,00;0,00;152;25;77;20;33;509;227
634;30,37;-328,53;0,00;0,00;0,00;-0,33;0,00;0,00;368;104;59;48;23;761;470
635;60,67;-121,32;0,00;0,00;0,00;-0,12;0,00;0,00;240;175;40;10;15;639;419
636;30,08;-401,09;0,00;0,00;0,00;-0,40;0,00;0,00;28;84;80;19;24;370;596
637;54,79;-95,43;0,00;0,00;0,00;-0,10;0,00;0,00;56;64;28;20;17;621;166
638;53,75;-120,06;0,00;0,00;0,00;-0,12;0,00;0,00;15;105;26;47;33;660;163
639;54,23;-137,35;0,00;0,00;0,00;-0,14;0,00;0,00;228;175;111;35;22;278;197
640;51,52;-165,77;0,00;0,00;0,00;-0,17;0,00;0,00;161;195;178;25;16;765;503
641;100,00;326,35;0,00;0,00;0,00;0,33;0,00;0,00;482;89;104;46;24;510;892
642;63,47;-128,99;0,00;0,00;0,00;-0,13;0,00;0,00;41;73;45;40;38;889;134
643;45,23;-214,87;0,00;0,00;0,00;-0,21;0,00;0,00;82;180;63;34;38;598;610
644;38,37;-357,50;0,00;0,00;0,00;-0,36;0,00;0,00;492;170;180;11;27;388;108
645;46,85;-258,30;0,00;0,00;0,00;-0,26;0,00;0,00;58;132;82;37;36;892;792
646;44,86;-223,09;0,00;0,00;0,00;-0,22;0,00;0,00;102;126;133;46;28;440;591
647;64,65;-24,85;0,00;0,00;0,00;-0,02;0,00;0,00;460;21;61;11;33;859;654
648;66,08;-54,02;0,00;0,00;0,00;-0,05;0,00;0,00;72;132;161;47;15;578;761
649;74,01;23,64;0,00;0,00;0,00;0,02;0,00;0,00;478;75;193;34;31;989;552
650;36,14;-358,58;0,00;0,00;0,00;-0,36;0,00;0,00;392;175;183;38;38;845;165
651;53,56;-189,64;0,00;0,00;0,00;-0,19;0,00;0,00;282;49;98;17;28;333;736
652;31,78;-374,15;0,00;0,00;0,00;-0,37;0,00;0,00;373;49;10;25;24;404;716
653;90,11;145,10;0,00;0,00;0,00;0,15;0,00;0,00;58;83;114;10;18;527;505
654;53,17;-195,92;0,00;0,00;0,00;-0,20;0,00;0,00;144;105;167;22;28;550;378
655;34,86;-330,66;0,00;0,00;0,00;-0,33;0,00;0,00;437;87;198;14;20;562;185
656;63,96;-78,36;0,00;0,00;0,00;-0,08;0,00;0,00;239;30;153;24;39;407;379
657;57,00;-141,12;0,00;0,00;0,00;-0,14;0,00;0,00;472;124;127;19;21;542;154
658;96,52;244,78;0,00;0,00;0,00;0,24;0,00;0,00;313;159;117;29;36;568;757
659;51,31;-119,76;0,00;0,00;0,00;-0,12;0,00;0,00;190;19;109;32;32;617;565
660;92,18;303,79;0,00;0,00;0,00;0,30;0,00;0,00;449;74;31;32;30;627;689
661;20,92;-409,44;0,00;0,00;0,00;-0,41;0,00;0,00;362;90;106;39;25;937;704
662;72,37;86,10;0,00;0,00;0,00;0,09;0,00;0,00;338;136;91;12;36;820;458
663;32,24;-444,94;0,00;0,00;0,00;-0,44;0,00;0,00;184;63;41;26;35;655;685
664;53,00;-66,55;0,00;0,00;0,00;-0,07;0,00;0,00;425;126;172;17;28;409;184
665;26,80;-371,24;0,00;0,00;0,00;-0,37;0,00;0,00;462;193;182;14;16;394;440
666;92,77;201,54;0,00;0,00;0,00;0,20;0,00;0,00;81;51;104;25;33;267;865
667;43,25;-315,40;0,00;0,00;0,00;-0,32;0,00;0,00;101;72;75;34;36;360;850
668;20,83;-443,30;0,00;0,00;0,00;-0,44;0,00;0,00;92;26;185;17;39;759;815
669;86,52;149,36;0,00;0,00;0,00;0,15;0,00;0,00;284;19;13;15;22;331;534
670;56,08;-213,75;0,00;0,00;0,00;-0,21;0,00;0,00;56;128;29;41;33;584;450
671;46,93;-145,71;0,00;0,00;0,00;-0,15;0,00;0,00;495;170;97;18;37;108;130
672;13,66;-563,85;0,00;0,00;0,00;-0,56;0,00;0,00;210;35;147;22;22;295;169
673;38,53;-244,28;0,00;0,00;0,00;-0,24;0,00;0,00;294;64;55;34;37;675;234
674;20,67;-513,38;0,00;0,00;0,00;-0,51;0,00;0,00;185;172;115;32;25;182;540
675;17,73;-522,97;0,00;0,00;0,00;-0,52;0,00;0,00;339;117;53;16;26;160;353
676;0,00;-727,59;0,00;0,00;0,00;-0,73;0,00;0,00;121;37;114;30;28;662;501
677;51,84;-106,34;0,00;0,00;0,00;-0,11;0,00;0,00;425;44;184;19;19;920;896
678;11,51;-515,15;0,00;0,00;0,00;-0,52;0,00;0,00;399;142;144;33;19;439;948
679;35,28;-309,33;0,00;0,00;0,00;-0,31;0,00;0,00;67;132;88;38;25;463;763
680;3,54;-662,49;0,00;0,00;0,00;-0,66;0,00;0,00;33;171;46;31;29;318;641
681;39,44;-294,89;0,00;0,00;0,00;-0,29;0,00;0,00;204;55;72;45;18;966;596
682;67,01;-92,32;0,00;0,00;0,00;-0,09;0,00;0,00;370;117;120;46;36;743;635
683;39,10;-284,53;0,00;0,00;0,00;-0,28;0,00;0,00;39;61;124;45;22;737;282
684;57,93;-171,94;0,00;0,00;0,00;-0,17;0,00;0,00;312;48;131;11;37;637;310
685;56,17;-201,62;0,00;0,00;0,00;-0,20;0,00;0,00;159;44;16;39;35;581;610
686;44,64;-217,93;0,00;0,00;0,00;-0,22;0,00;0,00;348;66;183;13;37;896;952
687;52,98;-101,11;0,00;0,00;0,00;-0,10;0,00;0,00;14;32;26;11;37;662;506
688;57,07;-155,01;0,00;0,00;0,00;-0,16;0,00;0,00;26;95;162;17;25;189;222
689;53,15;-172,96;0,00;0,00;0,00;-0,17;0,00;0,00;200;190;196;22;23;401;684
690;10,56;-522,68;0,00;0,00;0,00;-0,52;0,00;0,00;441;156;138;42;24;806;211
691;17,99;-468,41;0,00;0,00;0,00;-0,47;0,00;0,00;55;148;184;33;19;533;572
692;66,74;5,00;0,00;0,00;0,00;0,00;0,00;0,00;110;112;120;29;36;163;232
693;80,24;164,93;0,00;0,00;0,00;0,16;0,00;0,00;281;124;96;19;24;949;558
694;80,38;109,48;0,00;0,00;0,00;0,11;0,00;0,00;182;142;41;14;16;324;555
695;5,18;-641,18;0,00;0,00;0,00;-0,64;0,00;0,00;146;165;113;28;26;743;587
696;100,00;330,09;0,00;0,00;0,00;0,33;0,00;0,00;360;195;98;28;35;973;832
697;74,40;-38,75;0,00;0,00;0,00;-0,04;0,00;0,00;346;29;64;40;33;659;723
698;8,84;-741,44;0,00;0,00;0,00;-0,74;0,00;0,00;26;152;13;40;15;913;894
699;85,89;152,59;0,00;0,00;0,00;0,15;0,00;0,00;415;134;153;32;24;877;236
700;48,12;-252,09;0,00;0,00;0,00;-0,25;0,00;0,00;179;33;56;23;25;995;279
701;46,39;-251,99;0,00;0,00;0,00;-0,25;0,00;0,00;166;17;143;48;33;628;102
702;53,35;-167,14;0,00;0,00;0,00;-0,17;0,00;0,00;479;171;24;29;18;174;311
703;34,44;-320,16;0,00;0,00;0,00;-0,32;0,00;0,00;440;22;28;20;26;934;548
704;36,88;-319,21;0,00;0,00;0,00;-0,32;0,00;0,00;223;112;41;16;29;902;279
705;11,79;-522,19;0,00;0,00;0,00;-0,52;0,00;0,00;358;133;129;21;25;641;535
706;0,00;-722,35;0,00;0,00;0,00;-0,72;0,00;0,00;194;175;154;24;26;196;442
707;59,03;-159,89;0,00;0,00;0,00;-0,16;0,00;0,00;226;74;131;15;15;339;389
708;98,70;330,44;0,00;0,00;0,00;0,33;0,00;0,00;286;69;16;19;36;871;312
709;37,27;-316,07;0,00;0,00;0,00;-0,32;0,00;0,00;360;189;118;15;22;118;110
710;34,82;-379,08;0,00;0,00;0,00;-0,38;0,00;0,00;204;124;172;11;34;204;430
711;51,09;-138,80;0,00;0,00;0,00;-0,14;0,00;0,00;120;17;148;48;21;884;355
712;68,23;-17,23;0,00;0,00;0,00;-0,02;0,00;0,00;214;150;30;44;33;890;217
713;48,87;-247,56;0,00;0,00;0,00;-0,25;0,00;0,00;365;137;126;42;17;622;653
714;62,86;-158,62;0,00;0,00;0,00;-0,16;0,00;0,00;476;28;104;26;33;879;220
715;53,38;-215,77;0,00;0,00;0,00;-0,22;0,00;0,00;62;48;187;43;24;761;399
716;50,83;-168,93;0,00;0,00;0,00;-0,17;0,00;0,00;420;135;99;39;33;882;766
717;0,00;-678,46;0,00;0,00;0,00;-0,68;0,00;0,00;258;80;115;28;39;600;544
718;46,25;-363,16;0,00;0,00;0,00;-0,36;0,00;0,00;304;33;143;38;27;581;820
719;61,41;-83,53;0,00;0,00;0,00;-0,08;0,00;0,00;294;54;171;30;21;133;321
720;43,81;-211,81;0,00;0,00;0,00;-0,21;0,00;0,00;177;149;135;29;22;192;448
721;75,08;-13,71;0,00;0,00;0,00;-0,01;0,00;0,00;402;159;185;21;19;879;888
722;55,62;-157,90;0,00;0,00;0,00;-0,16;0,00;0,00;19;57;98;14;36;983;172
723;56,65;-194,64;0,00;0,00;0,00;-0,19;0,00;0,00;447;60;159;17;36;381;684
724;36,67;-314,99;0,00;0,00;0,00;-0,31;0,00;0,00;422;169;170;35;22;814;633
725;26,31;-345,43;0,00;0,00;0,00;-0,35;0,00;0,00;451;198;111;42;25;860;653
726;28,61;-370,50;0,00;0,00;0,00;-0,37;0,00;0,00;26;49;137;39;26;131;460
727;47,26;-262,14;0,00;0,00;0,00;-0,26;0,00;0,00;196;71;116;45;34;426;561
728;50,63;-175,44;0,00;0,00;0,00;-0,18;0,00;0,00;48;60;59;37;23;171;245
729;54,88;-108,05;0,00;0,00;0,00;-0,11;0,00;0,00;486;153;27;44;19;644;912
730;81,61;44,70;0,00;0,00;0,00;0,04;0,00;0,00;197;123;162;26;25;674;905
731;80,38;50,30;0,00;0,00;0,00;0,05;0,00;0,00;246;66;153;24;29;914;482
732;70,26;-1,95;0,00;0,00;0,00;-0,00;0,00;0,00;236;94;180;48;37;297;302
733;61,50;-39,76;0,00;0,00;0,00;-0,04;0,00;0,00;23;44;32;39;34;598;235
734;51,97;-23,93;0,00;0,00;0,00;-0,02;0,00;0,00;431;93;171;45;25;787;281
735;46,31;-288,34;0,00;0,00;0,00;-0,29;0,00;0,00;232;100;25;24;21;273;832
736;45,40;-254,40;0,00;0,00;0,00;-0,25;0,00;0,00;434;76;153;19;23;215;170
737;33,97;-431,14;0,00;0,00;0,00;-0,43;0,00;0,00;28;31;41;25;38;860;856
738;14,90;-577,84;0,00;0,00;0,00;-0,58;0,00;0,00;193;53;55;39;19;207;792
739;15,00;-550,32;0,00;0,00;0,00;-0,55;0,00;0,00;76;196;45;38;39;584;741
740;66,17;-61,40;0,00;0,00;0,00;-0,06;0,00;0,00;426;22;109;17;22;714;258
741;16,70;-536,17;0,00;0,00;0,00;-0,54;0,00;0,00;109;66;170;15;24;417;662
742;51,50;-150,48;0,00;0,00;0,00;-0,15;0,00;0,00;270;178;101;14;34;541;456
743;45,54;-265,97;0,00;0,00;0,00;-0,27;0,00;0,00;113;120;96;21;31;367;120
744;35,46;-231,34;0,00;0,00;0,00;-0,23;0,00;0,00;317;81;115;18;39;153;597
745;64,70;-9,76;0,00;0,00;0,00;-0,01;0,00;0,00;343;170;48;44;35;291;328
746;45,13;-295,24;0,00;0,00;0,00;-0,30;0,00;0,00;278;15;92;17;30;635;586
747;46,66;-201,90;0,00;0,00;0,00;-0,20;0,00;0,00;421;129;172;13;27;359;957
748;66,33;48,72;0,00;0,00;0,00;0,05;0,00;0,00;17;84;193;49;30;891;544
749;60,46;-187,46;0,00;0,00;0,00;-0,19;0,00;0,00;34;165;31;39;31;710;977
750;51,12;-138,55;0,00;0,00;0,00;-0,14;0,00;0,00;81;182;62;11;29;495;951
751;55,69;-169,27;0,00;0,00;0,00;-0,17;0,00;0,00;305;26;104;13;36;797;520
752;74,31;5,66;0,00;0,00;0,00;0,01;0,00;0,00;425;165;44;36;15;575;899
753;80,28;90,78;0,00;0,00;0,00;0,09;0,00;0,00;461;49;188;42;37;884;187
754;29,38;-382,08;0,00;0,00;0,00;-0,38;0,00;0,00;122;18;175;34;22;584;906
755;42,84;-260,35;0,00;0,00;0,00;-0,26;0,00;0,00;78;75;159;16;37;677;906
756;16,59;-475,26;0,00;0,00;0,00;-0,48;0,00;0,00;163;81;175;44;39;179;745
757;88,92;182,20;0,00;0,00;0,00;0,18;0,00;0,00;341;55;150;49;17;652;280
758;89,81;176,71;0,00;0,00;0,00;0,18;0,00;0,00;175;45;176;12;15;337;115
759;24,08;-451,72;0,00;0,00;0,00;-0,45;0,00;0,00;112;83;82;46;25;581;289
760;29,19;-389,33;0,00;0,00;0,00;-0,39;0,00;0,00;349;28;32;17;31;484;375
761;75,39;8,11;0,00;0,00;0,00;0,01;0,00;0,00;236;154;151;27;32;324;526
762;82,13;54,56;0,00;0,00;0,00;0,05;0,00;0,00;170;38;101;39;17;127;735
763;51,92;-204,05;0,00;0,00;0,00;-0,20;0,00;0,00;258;80;75;43;38;572;389
764;23,45;-455,10;0,00;0,00;0,00;-0,46;0,00;0,00;408;184;25;29;18;158;569
765;62,75;-100,27;0,00;0,00;0,00;-0,10;0,00;0,00;162;128;101;25;38;422;440
766;81,11;116,60;0,00;0,00;0,00;0,12;0,00;0,00;404;184;104;26;35;263;366
767;54,62;-124,14;0,00;0,00;0,00;-0,12;0,00;0,00;93;140;98;11;30;653;539
768;71,79;18,44;0,00;0,00;0,00;0,02;0,00;0,00;101;75;107;19;30;556;304
769;86,95;139,35;0,00;0,00;0,00;0,14;0,00;0,00;149;177;20;41;15;586;173
770;43,73;-193,10;0,00;0,00;0,00;-0,19;0,00;0,00;307;75;157;48;28;267;807
771;25,93;-447,91;0,00;0,00;0,00;-0,45;0,00;0,00;180;80;119;22;19;710;726
772;93,44;264,88;0,00;0,00;0,00;0,26;0,00;0,00;27;31;165;34;30;832;304
773;11,87;-556,32;0,00;0,00;0,00;-0,56;0,00;0,00;282;118;194;39;25;522;954
774;65,08;-101,30;0,00;0,00;0,00;-0,10;0,00;0,00;149;118;173;36;23;625;724
775;56,85;-120,32;0,00;0,00;0,00;-0,12;0,00;0,00;451;100;184;26;32;985;727
776;34,91;-344,38;0,00;0,00;0,00;-0,34;0,00;0,00;417;58;59;38;32;263;296
777;67,50;-54,59;0,00;0,00;0,00;-0,05;0,00;0,00;337;61;198;20;20;309;134
778;60,79;-87,21;0,00;0,00;0,00;-0,09;0,00;0,00;463;80;84;46;32;902;681
779;40,99;-286,59;0,00;0,00;0,00;-0,29;0,00;0,00;217;73;168;43;31;738;233
780;34,50;-393,32;0,00;0,00;0,00;-0,39;0,00;0,00;329;65;54;22;37;151;247
781;71,26;-30,02;0,00;0,00;0,00;-0,03;0,00;0,00;90;81;162;30;37;728;154
782;26,69;-441,53;0,00;0,00;0,00;-0,44;0,00;0,00;34;189;81;11;18;269;226
783;59,09;-159,74;0,00;0,00;0,00;-0,16;0,00;0,00;51;159;178;19;19;105;802
784;46,81;-259,42;0,00;0,00;0,00;-0,26;0,00;0,00;92;126;90;41;25;661;848
785;38,74;-206,06;0,00;0,00;0,00;-0,21;0,00;0,00;120;136;57;15;37;663;539
786;43,42;-174,84;0,00;0,00;0,00;-0,17;0,00;0,00;249;101;84;31;36;874;409
787;34,13;-350,39;0,00;0,00;0,00;-0,35;0,00;0,00;32;133;16;49;37;265;250
788;30,48;-402,06;0,00;0,00;0,00;-0,40;0,00;0,00;364;71;25;14;29;707;541
789;91,63;231,77;0,00;0,00;0,00;0,23;0,00;0,00;365;121;48;49;24;176;585
790;68,52;83,59;0,00;0,00;0,00;0,08;0,00;0,00;53;96;63;48;21;118;616
791;32,67;-383,88;0,00;0,00;0,00;-0,38;0,00;0,00;54;11;89;21;22;920;586
792;26,58;-425,67;0,00;0,00;0,00;-0,43;0,00;0,00;91;111;49;40;34;801;132
793;40,84;-337,28;0,00;0,00;0,00;-0,34;0,00;0,00;286;183;48;10;26;552;325
794;97,45;361,54;0,00;0,00;0,00;0,36;0,00;0,00;118;197;30;38;30;342;373
795;73,58;82,47;0,00;0,00;0,00;0,08;0,00;0,00;461;72;55;23;20;184;483
796;36,66;-312,24;0,00;0,00;0,00;-0,31;0,00;0,00;27;61;32;41;20;536;103
797;19,62;-470,43;0,00;0,00;0,00;-0,47;0,00;0,00;210;92;128;12;26;182;563
798;82,68;107,90;0,00;0,00;0,00;0,11;0,00;0,00;98;100;172;15;29;364;574
799;100,00;344,90;0,00;0,00;0,00;0,34;0,00;0,00;98;71;155;43;25;522;292
800;39,41;-301,45;0,00;0,00;0,00;-0,30;0,00;0,00;16;12;197;38;36;479;497
801;44,05;-276,58;0,00;0,00;0,00;-0,28;0,00;0,00;440;137;73;21;20;697;331
802;83,50;146,87;0,00;0,00;0,00;0,15;0,00;0,00;155;177;17;11;34;708;724
803;9,30;-657,61;0,00;0,00;0,00;-0,66;0,00;0,00;479;25;154;49;17;702;467
804;0,00;-717,49;0,00;0,00;0,00;-0,72;0,00;0,00;282;41;86;22;17;231;703
805;79,64;125,44;0,00;0,00;0,00;0,13;0,00;0,00;168;14;169;34;24;299;772
806;57,62;-61,33;0,00;0,00;0,00;-0,06;0,00;0,00;425;82;127;41;28;604;521
807;58,40;-132,46;0,00;0,00;0,00;-0,13;0,00;0,00;442;146;86;38;35;112;897
808;17,22;-455,52;0,00;0,00;0,00;-0,46;0,00;0,00;409;143;130;24;22;748;610
809;33,29;-336,75;0,00;0,00;0,00;-0,34;0,00;0,00;263;158;85;47;27;811;394
810;31,66;-320,79;0,00;0,00;0,00;-0,32;0,00;0,00;141;25;178;24;22;269;483
811;52,83;-134,98;0,00;0,00;0,00;-0,13;0,00;0,00;397;176;163;37;32;239;709
812;60,72;-126,11;0,00;0,00;0,00;-0,13;0,00;0,00;363;134;39;33;21;545;161
813;24,06;-471,12;0,00;0,00;0,00;-0,47;0,00;0,00;444;29;191;25;18;275;590
814;87,10;192,91;0,00;0,00;0,00;0,19;0,00;0,00;443;92;32;45;24;241;241
815;37,31;-287,39;0,00;0,00;0,00;-0,29;0,00;0,00;101;64;12;44;31;672;838
816;25,63;-504,44;0,00;0,00;0,00;-0,50;0,00;0,00;23;135;116;20;24;632;638
817;52,81;-236,66;0,00;0,00;0,00;-0,24;0,00;0,00;187;184;179;33;21;563;697
818;64,79;-124,21;0,00;0,00;0,00;-0,12;0,00;0,00;88;17;96;12;37;244;904
819;38,64;-312,44;0,00;0,00;0,00;-0,31;0,00;0,00;417;143;23;30;30;404;876
820;80,18;59,83;0,00;0,00;0,00;0,06;0,00;0,00;396;64;35;36;25;126;871
821;30,83;-418,92;0,00;0,00;0,00;-0,42;0,00;0,00;304;78;96;12;31;515;980
822;0,00;-654,18;0,00;0,00;0,00;-0,65;0,00;0,00;75;130;69;12;17;902;925
823;36,76;-248,30;0,00;0,00;0,00;-0,25;0,00;0,00;180;188;14;32;39;174;677
824;64,06;-54,31;0,00;0,00;0,00;-0,05;0,00;0,00;116;175;151;44;16;555;848
825;55,42;-269,62;0,00;0,00;0,00;-0,27;0,00;0,00;499;33;60;12;37;616;128
826;61,02;-18,10;0,00;0,00;0,00;-0,02;0,00;0,00;361;140;196;48;27;313;422
827;81,60;85,86;0,00;0,00;0,00;0,09;0,00;0,00;62;94;52;47;35;447;682
828;45,44;-180,91;0,00;0,00;0,00;-0,18;0,00;0,00;420;60;14;11;30;854;669
829;48,19;-144,36;0,00;0,00;0,00;-0,14;0,00;0,00;437;167;42;21;20;132;100
830;12,57;-586,16;0,00;0,00;0,00;-0,59;0,00;0,00;346;131;71;20;22;745;714
831;44,23;-243,71;0,00;0,00;0,00;-0,24;0,00;0,00;187;138;147;35;21;455;404
832;43,25;-278,93;0,00;0,00;0,00;-0,28;0,00;0,00;70;43;182;18;20;551;902
833;39,39;-299,84;0,00;0,00;0,00;-0,30;0,00;0,00;327;128;31;47;23;386;327
834;32,49;-413,80;0,00;0,00;0,00;-0,41;0,00;0,00;85;64;52;38;18;268;148
835;37,20;-295,37;0,00;0,00;0,00;-0,30;0,00;0,00;249;27;114;39;36;707;499
836;61,18;-108,06;0,00;0,00;0,00;-0,11;0,00;0,00;48;178;134;28;26;936;851
837;27,38;-401,21;0,00;0,00;0,00;-0,40;0,00;0,00;135;154;49;15;21;977;683
838;11,06;-540,59;0,00;0,00;0,00;-0,54;0,00;0,00;256;130;19;20;21;391;493
839;69,38;-17,01;0,00;0,00;0,00;-0,02;0,00;0,00;165;119;110;10;33;685;354
840;35,51;-363,30;0,00;0,00;0,00;-0,36;0,00;0,00;13;64;64;14;38;987;276
841;17,73;-544,46;0,00;0,00;0,00;-0,54;0,00;0,00;390;39;184;18;29;524;995
842;31,23;-476,83;0,00;0,00;0,00;-0,48;0,00;0,00;62;162;104;48;16;196;379
843;74,29;55,42;0,00;0,00;0,00;0,06;0,00;0,00;385;117;37;46;20;484;360
844;43,42;-226,54;0,00;0,00;0,00;-0,23;0,00;0,00;345;174;66;38;34;115;189
845;62,38;9,87;0,00;0,00;0,00;0,01;0,00;0,00;461;68;158;15;15;794;157
846;54,49;-186,45;0,00;0,00;0,00;-0,19;0,00;0,00;297;37;169;43;20;109;454
847;80,63;70,62;0,00;0,00;0,00;0,07;0,00;0,00;122;38;133;33;35;289;621
848;18,54;-498,79;0,00;0,00;0,00;-0,50;0,00;0,00;415;195;110;47;39;578;882
849;48,45;-237,35;0,00;0,00;0,00;-0,24;0,00;0,00;95;117;22;42;27;351;747
850;25,90;-479,94;0,00;0,00;0,00;-0,48;0,00;0,00;439;139;117;31;22;627;497
851;52,93;-184,98;0,00;0,00;0,00;-0,18;0,00;0,00;269;116;191;32;34;555;358
852;27,10;-403,22;0,00;0,00;0,00;-0,40;0,00;0,00;471;52;111;42;34;785;826
853;78,12;110,59;0,00;0,00;0,00;0,11;0,00;0,00;44;172;198;17;30;605;680
854;0,00;-679,84;0,00;0,00;0,00;-0,68;0,00;0,00;126;114;93;21;18;531;444
855;40,39;-297,17;0,00;0,00;0,00;-0,30;0,00;0,00;336;66;127;17;31;437;677
856;14,02;-546,59;0,00;0,00;0,00;-0,55;0,00;0,00;45;103;191;16;28;138;186
857;29,01;-343,20;0,00;0,00;0,00;-0,34;0,00;0,00;27;26;92;11;21;299;535
858;51,52;-200,36;0,00;0,00;0,00;-0,20;0,00;0,00;425;70;26;37;23;126;736
859;69,19;-52,99;0,00;0,00;0,00;-0,05;0,00;0,00;407;158;125;10;36;269;347
860;30,99;-403,99;0,00;0,00;0,00;-0,40;0,00;0,00;39;166;193;22;35;828;249
861;71,52;1,01;0,00;0,00;0,00;0,00;0,00;0,00;64;52;197;16;30;281;348
862;57,84;-187,73;0,00;0,00;0,00;-0,19;0,00;0,00;120;101;197;40;17;555;838
863;20,14;-529,27;0,00;0,00;0,00;-0,53;0,00;0,00;280;181;88;18;16;450;576
864;52,16;-194,89;0,00;0,00;0,00;-0,19;0,00;0,00;58;15;188;35;29;251;729
865;65,59;-25,13;0,00;0,00;0,00;-0,03;0,00;0,00;130;142;148;46;18;195;138
866;34,92;-408,20;0,00;0,00;0,00;-0,41;0,00;0,00;113;117;122;47;39;734;776
867;69,48;56,35;0,00;0,00;0,00;0,06;0,00;0,00;130;147;149;33;31;439;967
868;50,90;-157,78;0,00;0,00;0,00;-0,16;0,00;0,00;422;195;156;17;29;153;341
869;53,29;-205,46;0,00;0,00;0,00;-0,21;0,00;0,00;428;120;65;42;29;688;410
870;47,77;-123,53;0,00;0,00;0,00;-0,12;0,00;0,00;79;148;57;19;21;365;631
871;86,52;217,55;0,00;0,00;0,00;0,22;0,00;0,00;194;101;122;36;34;699;614
872;44,66;-335,45;0,00;0,00;0,00;-0,34;0,00;0,00;50;128;35;40;39;383;833
873;94,14;250,83;0,00;0,00;0,00;0,25;0,00;0,00;273;187;182;32;32;733;306
874;51,40;-195,11;0,00;0,00;0,00;-0,20;0,00;0,00;300;77;89;40;27;935;461
875;14,72;-566,13;0,00;0,00;0,00;-0,57;0,00;0,00;101;125;177;44;17;394;204
876;23,66;-534,77;0,00;0,00;0,00;-0,53;0,00;0,00;89;169;91;26;15;829;216
877;24,67;-433,00;0,00;0,00;0,00;-0,43;0,00;0,00;77;33;183;23;20;609;458
878;78,65;69,32;0,00;0,00;0,00;0,07;0,00;0,00;257;101;108;35;31;665;588
879;25,58;-439,58;0,00;0,00;0,00;-0,44;0,00;0,00;368;186;148;28;27;127;556
880;72,33;-36,61;0,00;0,00;0,00;-0,04;0,00;0,00;33;47;111;14;33;802;844
881;26,23;-493,47;0,00;0,00;0,00;-0,49;0,00;0,00;382;97;67;35;39;536;899
882;43,09;-320,40;0,00;0,00;0,00;-0,32;0,00;0,00;34;51;168;47;17;248;607
883;51,22;-253,06;0,00;0,00;0,00;-0,25;0,00;0,00;72;11;90;24;15;610;354
884;39,37;-304,53;0,00;0,00;0,00;-0,30;0,00;0,00;208;97;173;11;21;826;849
885;58,99;-114,61;0,00;0,00;0,00;-0,11;0,00;0,00;250;74;188;34;31;834;830
886;30,08;-439,39;0,00;0,00;0,00;-0,44;0,00;0,00;481;177;198;37;38;586;936
887;43,06;-311,12;0,00;0,00;0,00;-0,31;0,00;0,00;279;14;106;19;35;104;798
888;46,58;-299,58;0,00;0,00;0,00;-0,30;0,00;0,00;57;36;111;23;37;407;573
889;55,64;-163,59;0,00;0,00;0,00;-0,16;0,00;0,00;212;159;13;32;22;128;386
890;29,46;-482,86;0,00;0,00;0,00;-0,48;0,00;0,00;234;118;145;24;21;535;645
891;18,48;-419,69;0,00;0,00;0,00;-0,42;0,00;0,00;167;36;67;47;30;275;711
892;11,47;-607,72;0,00;0,00;0,00;-0,61;0,00;0,00;443;189;95;18;37;146;484
893;43,64;-211,82;0,00;0,00;0,00;-0,21;0,00;0,00;289;57;76;23;30;765;292
894;54,92;-192,10;0,00;0,00;0,00;-0,19;0,00;0,00;119;148;20;38;36;236;395
895;44,77;-324,70;0,00;0,00;0,00;-0,32;0,00;0,00;351;104;49;49;34;984;949
896;61,96;-106,76;0,00;0,00;0,00;-0,11;0,00;0,00;284;157;147;41;29;644;840
897;57,31;-97,20;0,00;0,00;0,00;-0,10;0,00;0,00;186;157;143;44;37;806;399
898;29,25;-338,62;0,00;0,00;0,00;-0,34;0,00;0,00;11;61;141;34;33;526;466
899;15,98;-466,85;0,00;0,00;0,00;-0,47;0,00;0,00;228;60;182;15;31;412;620
900;58,80;-88,32;0,00;0,00;0,00;-0,09;0,00;0,00;330;79;64;32;21;683;799
901;14,64;-520,77;0,00;0,00;0,00;-0,52;0,00;0,00;342;11;194;26;25;715;390
902;12,58;-542,52;0,00;0,00;0,00;-0,54;0,00;0,00;354;132;15;28;38;463;934
903;74,82;-9,16;0,00;0,00;0,00;-0,01;0,00;0,00;319;119;81;37;18;705;781
904;50,41;-182,48;0,00;0,00;0,00;-0,18;0,00;0,00;161;88;40;21;26;468;544
905;77,07;86,14;0,00;0,00;0,00;0,09;0,00;0,00;19;185;78;25;17;531;644
906;60,71;-140,91;0,00;0,00;0,00;-0,14;0,00;0,00;146;153;87;16;19;659;632
907;51,08;-194,30;0,00;0,00;0,00;-0,19;0,00;0,00;196;90;83;48;22;829;947
908;74,86;-39,21;0,00;0,00;0,00;-0,04;0,00;0,00;298;52;141;19;34;478;626
909;87,56;178,30;0,00;0,00;0,00;0,18;0,00;0,00;37;141;56;34;28;515;349
910;41,79;-296,34;0,00;0,00;0,00;-0,30;0,00;0,00;215;161;41;41;24;449;593
911;52,55;-186,45;0,00;0,00;0,00;-0,19;0,00;0,00;147;177;185;48;29;179;681
912;56,99;-149,37;0,00;0,00;0,00;-0,15;0,00;0,00;335;108;10;12;39;420;992
913;66,42;-151,60;0,00;0,00;0,00;-0,15;0,00;0,00;151;36;188;43;33;479;199
914;32,82;-339,93;0,00;0,00;0,00;-0,34;0,00;0,00;355;151;58;33;27;287;260
915;70,87;-5,73;0,00;0,00;0,00;-0,01;0,00;0,00;306;153;183;13;23;675;849
916;25,38;-517,19;0,00;0,00;0,00;-0,52;0,00;0,00;401;159;169;45;39;402;411
917;51,28;-112,55;0,00;0,00;0,00;-0,11;0,00;0,00;38;46;169;22;25;758;892
918;55,32;-153,27;0,00;0,00;0,00;-0,15;0,00;0,00;175;82;96;45;38;542;393
919;22,30;-545,94;0,00;0,00;0,00;-0,55;0,00;0,00;493;188;153;44;35;431;886
920;44,00;-256,96;0,00;0,00;0,00;-0,26;0,00;0,00;90;94;19;23;21;590;448
921;46,32;-186,96;0,00;0,00;0,00;-0,19;0,00;0,00;144;137;150;23;34;593;454
922;0,81;-575,85;0,00;0,00;0,00;-0,58;0,00;0,00;44;90;186;49;36;506;985
923;31,88;-411,49;0,00;0,00;0,00;-0,41;0,00;0,00;342;82;108;39;25;915;511
924;72,82;48,86;0,00;0,00;0,00;0,05;0,00;0,00;462;21;84;30;33;861;502
925;83,20;93,53;0,00;0,00;0,00;0,09;0,00;0,00;431;49;81;27;30;572;379
926;77,07;136,78;0,00;0,00;0,00;0,14;0,00;0,00;271;159;98;18;15;161;149
927;73,66;-21,19;0,00;0,00;0,00;-0,02;0,00;0,00;261;53;152;15;36;281;446
928;0,00;-670,59;0,00;0,00;0,00;-0,67;0,00;0,00;19;152;192;35;34;234;804
929;73,54;27,15;0,00;0,00;0,00;0,03;0,00;0,00;399;10;80;47;24;141;840
930;84,89;181,34;0,00;0,00;0,00;0,18;0,00;0,00;283;70;86;49;18;916;318
931;44,89;-273,70;0,00;0,00;0,00;-0,27;0,00;0,00;230;42;174;27;30;704;994
932;24,92;-389,24;0,00;0,00;0,00;-0,39;0,00;0,00;38;50;33;28;19;817;812
933;65,39;-45,41;0,00;0,00;0,00;-0,05;0,00;0,00;165;123;171;47;22;323;712
934;32,13;-371,00;0,00;0,00;0,00;-0,37;0,00;0,00;214;149;150;37;29;901;233
935;58,72;-119,09;0,00;0,00;0,00;-0,12;0,00;0,00;62;79;21;12;38;733;577
936;38,92;-379,77;0,00;0,00;0,00;-0,38;0,00;0,00;403;85;42;39;37;491;664
937;90,15;168,79;0,00;0,00;0,00;0,17;0,00;0,00;327;157;91;40;34;580;735
938;78,30;94,00;0,00;0,00;0,00;0,09;0,00;0,00;275;151;95;40;22;308;720
939;36,34;-387,45;0,00;0,00;0,00;-0,39;0,00;0,00;212;101;27;14;33;662;328
940;81,20;143,58;0,00;0,00;0,00;0,14;0,00;0,00;59;139;140;26;20;652;476
941;52,66;-211,49;0,00;0,00;0,00;-0,21;0,00;0,00;400;181;182;17;34;694;677
942;70,78;17,18;0,00;0,00;0,00;0,02;0,00;0,00;455;128;17;43;28;526;790
943;79,09;149,55;0,00;0,00;0,00;0,15;0,00;0,00;448;156;158;18;30;214;301
944;25,74;-394,80;0,00;0,00;0,00;-0,39;0,00;0,00;119;48;80;42;38;873;880
945;86,79;231,22;0,00;0,00;0,00;0,23;0,00;0,00;385;56;26;41;36;762;114
946;16,52;-564,59;0,00;0,00;0,00;-0,56;0,00;0,00;434;126;135;28;32;564;893
947;61,07;-4,78;0,00;0,00;0,00;-0,00;0,00;0,00;117;57;149;39;21;150;821
948;23,82;-520,29;0,00;0,00;0,00;-0,52;0,00;0,00;89;112;85;31;24;273;762
949;0,00;-744,50;0,00;0,00;0,00;-0,74;0,00;0,00;76;12;162;40;20;203;339
950;74,33;96,91;0,00;0,00;0,00;0,10;0,00;0,00;237;103;168;20;39;176;860
951;56,12;-179,54;0,00;0,00;0,00;-0,18;0,00;0,00;235;35;167;49;20;258;174
952;85,03;50,97;0,00;0,00;0,00;0,05;0,00;0,00;87;180;165;37;34;549;300
953;83,58;120,99;0,00;0,00;0,00;0,12;0,00;0,00;72;169;111;41;28;358;593
954;1,43;-747,63;0,00;0,00;0,00;-0,75;0,00;0,00;283;148;110;23;26;602;386
955;62,21;-39,45;0,00;0,00;0,00;-0,04;0,00;0,00;350;68;75;12;25;161;871
956;0,00;-724,11;0,00;0,00;0,00;-0,72;0,00;0,00;402;47;138;47;36;243;504
957;66,62;-82,84;0,00;0,00;0,00;-0,08;0,00;0,00;375;95;165;43;35;194;644
958;0,00;-569,78;0,00;0,00;0,00;-0,57;0,00;0,00;22;43;42;35;30;226;965
959;66,12;-82,06;0,00;0,00;0,00;-0,08;0,00;0,00;294;168;89;19;29;376;842
960;49,00;-258,11;0,00;0,00;0,00;-0,26;0,00;0,00;255;41;187;20;37;875;485
961;5,51;-648,75;0,00;0,00;0,00;-0,65;0,00;0,00;238;85;139;34;30;661;557
962;65,26;-76,29;0,00;0,00;0,00;-0,08;0,00;0,00;413;96;105;32;29;630;105
963;51,41;-226,71;0,00;0,00;0,00;-0,23;0,00;0,00;236;79;48;30;36;424;841
964;44,85;-246,01;0,00;0,00;0,00;-0,25;0,00;0,00;455;168;36;48;27;547;392
965;65,29;-83,99;0,00;0,00;0,00;-0,08;0,00;0,00;68;57;131;10;16;715;340
966;31,59;-388,23;0,00;0,00;0,00;-0,39;0,00;0,00;248;103;61;14;39;614;993
967;11,04;-591,59;0,00;0,00;0,00;-0,59;0,00;0,00;371;134;77;37;18;981;515
968;49,28;-180,20;0,00;0,00;0,00;-0,18;0,00;0,00;85;171;108;44;36;918;658
969;65,21;-40,70;0,00;0,00;0,00;-0,04;0,00;0,00;132;190;65;26;24;145;108
970;71,95;125,26;0,00;0,00;0,00;0,13;0,00;0,00;139;136;16;19;31;317;785
971;38,45;-329,63;0,00;0,00;0,00;-0,33;0,00;0,00;410;70;52;36;31;210;630
972;41,21;-352,90;0,00;0,00;0,00;-0,35;0,00;0,00;322;123;72;36;22;245;530
973;13,43;-510,15;0,00;0,00;0,00;-0,51;0,00;0,00;345;37;44;18;39;707;560
974;49,12;-285,27;0,00;0,00;0,00;-0,29;0,00;0,00;431;25;110;21;39;783;600
975;67,66;15,40;0,00;0,00;0,00;0,02;0,00;0,00;10;132;38;36;34;567;627
976;46,06;-230,37;0,00;0,00;0,00;-0,23;0,00;0,00;92;143;47;17;33;290;444
977;52,20;-152,19;0,00;0,00;0,00;-0,15;0,00;0,00;436;81;82;26;32;745;650
978;41,50;-364,44;0,00;0,00;0,00;-0,36;0,00;0,00;459;78;38;28;17;363;835
979;52,33;-249,37;0,00;0,00;0,00;-0,25;0,00;0,00;59;86;36;42;25;224;230
980;35,13;-393,35;0,00;0,00;0,00;-0,39;0,00;0,00;117;197;36;44;16;247;511
981;73,57;40,81;0,00;0,00;0,00;0,04;0,00;0,00;125;103;130;38;21;698;404
982;45,10;-220,68;0,00;0,00;0,00;-0,22;0,00;0,00;255;91;76;32;29;622;309
983;77,89;143,91;0,00;0,00;0,00;0,14;0,00;0,00;24;103;26;23;35;434;454
984;36,38;-413,55;0,00;0,00;0,00;-0,41;0,00;0,00;38;175;64;18;25;215;351
985;95,44;259,62;0,00;0,00;0,00;0,26;0,00;0,00;383;121;19;35;20;904;131
986;98,06;383,66;0,00;0,00;0,00;0,38;0,00;0,00;131;85;137;13;15;556;562
987;94,35;203,90;0,00;0,00;0,00;0,20;0,00;0,00;91;65;18;19;34;393;396
988;66,50;-6,01;0,00;0,00;0,00;-0,01;0,00;0,00;117;120;46;42;18;763;995
989;14,63;-512,00;0,00;0,00;0,00;-0,51;0,00;0,00;244;136;71;23;34;429;363
990;41,56;-256,94;0,00;0,00;0,00;-0,26;0,00;0,00;143;158;74;15;26;977;681
991;97,52;272,35;0,00;0,00;0,00;0,27;0,00;0,00;307;13;36;36;30;218;509
992;29,55;-407,76;0,00;0,00;0,00;-0,41;0,00;0,00;257;128;182;48;37;755;671
993;1,28;-707,19;0,00;0,00;0,00;-0,71;0,00;0,00;151;83;53;37;20;923;461
994;55,66;-145,06;0,00;0,00;0,00;-0,15;0,00;0,00;246;157;111;22;28;967;703
995;26,71;-499,40;0,00;0,00;0,00;-0,50;0,00;0,00;54;117;14;21;17;995;335
996;43,39;-240,02;0,00;0,00;0,00;-0,24;0,00;0,00;331;54;77;14;28;856;332
997;51,34;-168,18;0,00;0,00;0,00;-0,17;0,00;0,00;478;59;100;18;35;883;951
998;42,17;-298,30;0,00;0,00;0,00;-0,30;0,00;0,00;316;186;158;19;30;339;281
999;44,41;-281,06;0,00;0,00;0,00;-0,28;0,00;0,00;26;192;71;19;36;925;721
1000;36,32;-300,72;0,00;0,00;0,00;-0,30;0,00;0,00;386;173;63;18;22;732;317
1001;49,04;-154,40;0,00;0,00;0,00;-0,15;0,00;0,00;47;50;86;36;37;377;704
1002;9,40;-632,92;0,00;0,00;0,00;-0,63;0,00;0,00;81;151;34;19;24;627;485
1003;50,02;-130,41;0,00;0,00;0,00;-0,13;0,00;0,00;100;116;178;37;18;821;534
1004;45,37;-247,74;0,00;0,00;0,00;-0,25;0,00;0,00;220;161;143;13;18;171;420
1005;16,90;-498,10;0,00;0,00;0,00;-0,50;0,00;0,00;481;66;170;41;33;737;528
1006;53,41;-148,59;0,00;0,00;0,00;-0,15;0,00;0,00;433;195;51;38;37;698;731
1007;41,02;-268,49;0,00;0,00;0,00;-0,27;0,00;0,00;263;193;189;49;15;304;153
1008;57,58;-66,93;0,00;0,00;0,00;-0,07;0,00;0,00;144;35;77;17;31;214;885
1009;59,44;-66,74;0,00;0,00;0,00;-0,07;0,00;0,00;343;92;191;43;29;302;326
1010;91,69;294,05;0,00;0,00;0,00;0,29;0,00;0,00;31;147;28;36;39;879;559
1011;46,48;-273,40;0,00;0,00;0,00;-0,27;0,00;0,00;268;122;79;16;22;251;728
1012;63,22;-128,50;0,00;0,00;0,00;-0,13;0,00;0,00;82;160;76;46;24;279;417
1013;54,71;-171,40;0,00;0,00;0,00;-0,17;0,00;0,00;171;172;103;24;25;857;957
1014;63,21;11,11;0,00;0,00;0,00;0,01;0,00;0,00;393;108;154;10;15;462;578
1015;27,95;-345,60;0,00;0,00;0,00;-0,35;0,00;0,00;451;125;130;17;21;390;626
1016;44,49;-227,56;0,00;0,00;0,00;-0,23;0,00;0,00;90;146;66;17;18;587;460
1017;68,44;-31,54;0,00;0,00;0,00;-0,03;0,00;0,00;388;105;44;13;33;667;261
1018;52,74;-164,71;0,00;0,00;0,00;-0,16;0,00;0,00;482;38;61;11;24;130;169
1019;54,07;-158,64;0,00;0,00;0,00;-0,16;0,00;0,00;48;130;182;40;21;697;418
1020;0,00;-660,80;0,00;0,00;0,00;-0,66;0,00;0,00;345;161;83;14;16;961;609
1021;47,29;-208,73;0,00;0,00;0,00;-0,21;0,00;0,00;405;196;164;22;35;501;353
1022;46,38;-223,74;0,00;0,00;0,00;-0,22;0,00;0,00;342;68;192;39;32;811;263
1023;32,01;-468,66;0,00;0,00;0,00;-0,47;0,00;0,00;140;147;127;31;31;848;261
1024;82,98;134,31;0,00;0,00;0,00;0,13;0,00;0,00;272;178;90;47;26;524;857
1025;83,01;115,22;0,00;0,00;0,00;0,12;0,00;0,00;218;192;44;26;22;530;726
1026;64,13;-46,76;0,00;0,00;0,00;-0,05;0,00;0,00;220;158;128;24;32;195;133
1027;15,65;-524,93;0,00;0,00;0,00;-0,52;0,00;0,00;198;19;80;28;32;502;428
1028;9,47;-659,34;0,00;0,00;0,00;-0,66;0,00;0,00;59;149;18;33;28;621;913
1029;51,97;-242,28;0,00;0,00;0,00;-0,24;0,00;0,00;42;135;37;29;16;101;735
1030;40,55;-201,89;0,00;0,00;0,00;-0,20;0,00;0,00;135;67;94;17;33;801;665
1031;41,61;-289,09;0,00;0,00;0,00;-0,29;0,00;0,00;226;70;48;33;15;988;737
1032;76,94;77,68;0,00;0,00;0,00;0,08;0,00;0,00;67;180;27;11;19;565;941
1033;100,00;279,13;0,00;0,00;0,00;0,28;0,00;0,00;49;61;175;23;39;576;647
1034;0,00;-662,57;0,00;0,00;0,00;-0,66;0,00;0,00;178;160;133;36;30;981;659
1035;90,27;216,16;0,00;0,00;0,00;0,22;0,00;0,00;387;128;149;10;31;332;997
1036;40,80;-276,53;0,00;0,00;0,00;-0,28;0,00;0,00;431;166;66;21;24;212;202
1037;37,48;-334,06;0,00;0,00;0,00;-0,33;0,00;0,00;189;115;151;32;21;901;981
1038;52,50;-101,43;0,00;0,00;0,00;-0,10;0,00;0,00;270;116;21;23;30;468;603
1039;52,32;-256,81;0,00;0,00;0,00;-0,26;0,00;0,00;381;177;176;41;17;247;838
1040;31,30;-319,28;0,00;0,00;0,00;-0,32;0,00;0,00;230;31;149;39;17;141;710
1041;40,33;-179,52;0,00;0,00;0,00;-0,18;0,00;0,00;328;78;153;24;19;739;821
1042;57,66;-79,84;0,00;0,00;0,00;-0,08;0,00;0,00;333;41;31;10;15;855;563
1043;0,00;-644,07;0,00;0,00;0,00;-0,64;0,00;0,00;168;86;118;42;37;510;722
1044;66,61;0,23;0,00;0,00;0,00;0,00;0,00;0,00;344;68;150;27;15;372;601
1045;34,57;-343,15;0,00;0,00;0,00;-0,34;0,00;0,00;498;112;36;35;26;391;465
1046;26,93;-411,20;0,00;0,00;0,00;-0,41;0,00;0,00;252;131;111;11;28;104;924
1047;30,49;-445,00;0,00;0,00;0,00;-0,44;0,00;0,00;219;152;15;42;19;281;716
1048;20,26;-515,28;0,00;0,00;0,00;-0,52;0,00;0,00;412;181;83;12;29;652;914
1049;14,00;-493,03;0,00;0,00;0,00;-0,49;0,00;0,00;138;60;180;49;30;476;809
1050;86,64;263,03;0,00;0,00;0,00;0,26;0,00;0,00;400;35;86;33;38;613;480
1051;44,96;-208,29;0,00;0,00;0,00;-0,21;0,00;0,00;327;105;180;36;38;962;798
1052;33,32;-394,96;0,00;0,00;0,00;-0,39;0,00;0,00;243;78;73;40;39;495;758
1053;40,23;-326,27;0,00;0,00;0,00;-0,33;0,00;0,00;411;46;143;38;39;320;406
1054;3,35;-699,66;0,00;0,00;0,00;-0,70;0,00;0,00;365;168;116;31;35;834;658
1055;67,40;-40,74;0,00;0,00;0,00;-0,04;0,00;0,00;396;192;178;45;21;765;955
1056;82,54;115,86;0,00;0,00;0,00;0,12;0,00;0,00;407;52;152;16;39;802;443
1057;67,64;-18,88;0,00;0,00;0,00;-0,02;0,00;0,00;488;81;184;27;32;345;679
1058;16,44;-554,43;0,00;0,00;0,00;-0,55;0,00;0,00;479;25;51;46;20;858;351
1059;15,23;-475,51;0,00;0,00;0,00;-0,48;0,00;0,00;221;93;143;10;30;393;733
1060;2,38;-630,77;0,00;0,00;0,00;-0,63;0,00;0,00;90;10;123;12;19;836;973
1061;28,19;-312,55;0,00;0,00;0,00;-0,31;0,00;0,00;369;32;192;13;27;604;833
1062;38,70;-329,43;0,00;0,00;0,00;-0,33;0,00;0,00;358;182;187;12;17;649;229
1063;64,29;-42,69;0,00;0,00;0,00;-0,04;0,00;0,00;317;142;164;34;25;581;654
1064;49,45;-230,03;0,00;0,00;0,00;-0,23;0,00;0,00;209;94;190;21;20;611;634
1065;64,94;-46,33;0,00;0,00;0,00;-0,05;0,00;0,00;266;102;90;22;18;857;733
1066;40,83;-237,00;0,00;0,00;0,00;-0,24;0,00;0,00;56;152;83;11;32;422;648
1067;34,80;-378,63;0,00;0,00;0,00;-0,38;0,00;0,00;53;167;12;13;19;570;816
1068;51,66;-177,35;0,00;0,00;0,00;-0,18;0,00;0,00;441;186;128;20;30;164;446
1069;38,65;-322,97;0,00;0,00;0,00;-0,32;0,00;0,00;157;32;195;37;34;650;533
1070;72,20;33,72;0,00;0,00;0,00;0,03;0,00;0,00;163;163;144;30;26;178;305
1071;58,08;-158,69;0,00;0,00;0,00;-0,16;0,00;0,00;275;174;102;43;31;614;736
1072;30,49;-366,30;0,00;0,00;0,00;-0,37;0,00;0,00;354;110;130;11;32;750;454
1073;39,14;-265,87;0,00;0,00;0,00;-0,27;0,00;0,00;311;175;113;25;17;892;418
1074;47,57;-326,74;0,00;0,00;0,00;-0,33;0,00;0,00;127;63;181;40;37;503;885
1075;22,89;-446,73;0,00;0,00;0,00;-0,45;0,00;0,00;461;105;111;37;35;233;457
1076;30,30;-320,00;0,00;0,00;0,00;-0,32;0,00;0,00;405;148;67;18;35;156;558
1077;31,04;-459,85;0,00;0,00;0,00;-0,46;0,00;0,00;211;138;74;23;39;196;504
1078;55,91;-233,33;0,00;0,00;0,00;-0,23;0,00;0,00;298;175;39;48;22;739;358
1079;50,53;-201,07;0,00;0,00;0,00;-0,20;0,00;0,00;288;41;128;36;20;880;466
1080;87,96;223,47;0,00;0,00;0,00;0,22;0,00;0,00;409;175;91;38;22;171;932
1081;68,69;-14,99;0,00;0,00;0,00;-0,01;0,00;0,00;52;133;174;35;36;850;652
1082;58,60;-66,45;0,00;0,00;0,00;-0,07;0,00;0,00;288;191;141;29;39;923;404
1083;81,76;128,54;0,00;0,00;0,00;0,13;0,00;0,00;255;194;113;49;25;513;593
1084;27,55;-451,70;0,00;0,00;0,00;-0,45;0,00;0,00;429;127;28;34;19;777;426
1085;2,97;-642,29;0,00;0,00;0,00;-0,64;0,00;0,00;202;95;128;48;33;891;310
1086;52,69;-257,64;0,00;0,00;0,00;-0,26;0,00;0,00;330;45;163;47;23;862;776
1087;48,29;-203,89;0,00;0,00;0,00;-0,20;0,00;0,00;154;91;173;46;33;545;270
1088;52,76;-209,09;0,00;0,00;0,00;-0,21;0,00;0,00;357;43;188;39;24;623;844
1089;48,07;-206,63;0,00;0,00;0,00;-0,21;0,00;0,00;386;61;119;42;25;219;315
1090;76,12;-28,94;0,00;0,00;0,00;-0,03;0,00;0,00;102;78;103;10;32;930;735
1091;66,96;85,46;0,00;0,00;0,00;0,09;0,00;0,00;81;68;161;14;31;705;518
1092;81,17;28,96;0,00;0,00;0,00;0,03;0,00;0,00;156;198;189;10;16;923;222
1093;38,95;-277,52;0,00;0,00;0,00;-0,28;0,00;0,00;368;33;32;44;20;293;386
1094;54,07;-122,81;0,00;0,00;0,00;-0,12;0,00;0,00;444;88;61;38;26;564;431
1095;48,13;-247,21;0,00;0,00;0,00;-0,25;0,00;0,00;112;126;154;19;21;392;643
1096;42,39;-313,66;0,00;0,00;0,00;-0,31;0,00;0,00;91;85;10;14;34;509;140
1097;26,49;-356,41;0,00;0,00;0,00;-0,36;0,00;0,00;284;99;127;34;39;690;157
1098;5,01;-632,09;0,00;0,00;0,00;-0,63;0,00;0,00;58;37;146;19;27;728;336
1099;78,30;6,18;0,00;0,00;0,00;0,01;0,00;0,00;115;83;169;12;37;798;769
1100;43,39;-270,92;0,00;0,00;0,00;-0,27;0,00;0,00;313;18;74;16;31;390;949
1101;70,13;-49,88;0,00;0,00;0,00;-0,05;0,00;0,00;92;53;16;34;22;991;628
1102;68,35;-25,30;0,00;0,00;0,00;-0,03;0,00;0,00;111;128;114;22;31;560;197
1103;52,73;-184,42;0,00;0,00;0,00;-0,18;0,00;0,00;217;127;15;45;39;287;774
1104;43,78;-378,85;0,00;0,00;0,00;-0,38;0,00;0,00;52;88;48;30;23;266;389
1105;41,43;-363,70;0,00;0,00;0,00;-0,36;0,00;0,00;32;88;156;25;22;955;413
1106;41,86;-236,45;0,00;0,00;0,00;-0,24;0,00;0,00;450;106;125;11;18;374;571
1107;67,26;-26,11;0,00;0,00;0,00;-0,03;0,00;0,00;340;183;48;19;22;783;902
1108;58,14;-18,66;0,00;0,00;0,00;-0,02;0,00;0,00;415;87;102;48;16;658;749
1109;38,26;-301,65;0,00;0,00;0,00;-0,30;0,00;0,00;114;72;100;35;36;339;813
1110;72,08;29,01;0,00;0,00;0,00;0,03;0,00;0,00;298;140;101;35;37;345;152
1111;83,69;74,40;0,00;0,00;0,00;0,07;0,00;0,00;23;137;75;29;36;936;647
1112;45,18;-152,46;0,00;0,00;0,00;-0,15;0,00;0,00;79;76;30;12;36;838;961
1113;49,96;-196,82;0,00;0,00;0,00;-0,20;0,00;0,00;441;83;113;11;22;549;569
1114;9,89;-587,70;0,00;0,00;0,00;-0,59;0,00;0,00;188;26;181;19;24;987;154
1115;35,01;-389,19;0,00;0,00;0,00;-0,39;0,00;0,00;162;10;124;25;23;830;990
1116;70,94;-5,98;0,00;0,00;0,00;-0,01;0,00;0,00;138;77;180;30;25;521;271
1117;85,08;195,17;0,00;0,00;0,00;0,20;0,00;0,00;85;31;74;21;38;350;892
1118;67,47;-4,95;0,00;0,00;0,00;-0,00;0,00;0,00;104;65;163;13;36;305;189
1119;68,15;1,60;0,00;0,00;0,00;0,00;0,00;0,00;489;70;49;11;38;180;692
1120;79,96;158,12;0,00;0,00;0,00;0,16;0,00;0,00;58;186;144;45;25;644;175
1121;66,55;-54,09;0,00;0,00;0,00;-0,05;0,00;0,00;265;105;198;45;15;115;830
1122;64,68;-118,27;0,00;0,00;0,00;-0,12;0,00;0,00;163;40;105;19;32;774;991
1123;70,08;11,38;0,00;0,00;0,00;0,01;0,00;0,00;71;14;67;16;20;695;846
1124;52,99;-96,82;0,00;0,00;0,00;-0,10;0,00;0,00;339;101;182;10;27;325;992
1125;89,67;262,68;0,00;0,00;0,00;0,26;0,00;0,00;30;163;149;21;19;962;914
1126;91,75;169,57;0,00;0,00;0,00;0,17;0,00;0,00;278;120;134;14;24;759;761
1127;41,29;-181,10;0,00;0,00;0,00;-0,18;0,00;0,00;61;119;161;13;32;605;662
1128;33,36;-278,57;0,00;0,00;0,00;-0,28;0,00;0,00;80;89;69;28;35;609;877
1129;84,75;132,25;0,00;0,00;0,00;0,13;0,00;0,00;381;147;160;21;21;222;651
1130;53,12;-169,34;0,00;0,00;0,00;-0,17;0,00;0,00;485;55;129;26;30;513;511
1131;54,27;-157,00;0,00;0,00;0,00;-0,16;0,00;0,00;339;12;105;30;17;600;524
1132;46,71;-163,93;0,00;0,00;0,00;-0,16;0,00;0,00;449;105;49;10;35;202;786
1133;69,00;5,30;0,00;0,00;0,00;0,01;0,00;0,00;360;197;83;14;25;563;756
1134;79,53;90,54;0,00;0,00;0,00;0,09;0,00;0,00;156;11;71;47;32;560;246
1135;81,71;100,14;0,00;0,00;0,00;0,10;0,00;0,00;474;54;103;23;37;260;403
1136;47,96;-221,09;0,00;0,00;0,00;-0,22;0,00;0,00;98;128;166;11;16;909;441
1137;14,45;-508,54;0,00;0,00;0,00;-0,51;0,00;0,00;305;197;32;35;17;106;371
1138;33,39;-390,39;0,00;0,00;0,00;-0,39;0,00;0,00;312;55;92;22;38;502;671
1139;26,05;-396,03;0,00;0,00;0,00;-0,40;0,00;0,00;87;139;64;31;38;438;654
1140;36,66;-300,86;0,00;0,00;0,00;-0,30;0,00;0,00;354;129;180;47;29;382;752
1141;63,57;-61,19;0,00;0,00;0,00;-0,06;0,00;0,00;377;182;12;23;37;562;332
1142;65,78;-36,84;0,00;0,00;0,00;-0,04;0,00;0,00;256;198;95;14;16;638;434
1143;38,76;-324,32;0,00;0,00;0,00;-0,32;0,00;0,00;316;147;177;13;28;881;381
1144;76,28;55,34;0,00;0,00;0,00;0,06;0,00;0,00;264;38;70;44;37;727;625
1145;26,86;-492,04;0,00;0,00;0,00;-0,49;0,00;0,00;319;179;60;18;39;609;708
1146;51,11;-276,62;0,00;0,00;0,00;-0,28;0,00;0,00;106;189;91;27;26;847;739
1147;36,41;-385,69;0,00;0,00;0,00;-0,39;0,00;0,00;339;189;66;33;34;214;282
1148;82,03;49,70;0,00;0,00;0,00;0,05;0,00;0,00;153;124;189;47;18;124;504
1149;53,04;-176,19;0,00;0,00;0,00;-0,18;0,00;0,00;297;101;188;30;22;270;295
1150;49,93;-238,86;0,00;0,00;0,00;-0,24;0,00;0,00;81;192;26;25;29;147;574
1151;38,20;-334,85;0,00;0,00;0,00;-0,33;0,00;0,00;438;20;149;38;27;190;135
1152;61,48;-26,85;0,00;0,00;0,00;-0,03;0,00;0,00;173;197;146;23;20;375;827
1153;69,61;46,87;0,00;0,00;0,00;0,05;0,00;0,00;182;38;168;23;17;741;476
1154;3,52;-643,88;0,00;0,00;0,00;-0,64;0,00;0,00;339;12;94;48;37;653;173
1155;44,84;-313,70;0,00;0,00;0,00;-0,31;0,00;0,00;422;112;44;41;37;762;489
1156;100,00;261,30;0,00;0,00;0,00;0,26;0,00;0,00;40;40;89;24;17;279;149
1157;20,75;-516,87;0,00;0,00;0,00;-0,52;0,00;0,00;98;46;167;44;35;240;332
1158;45,79;-284,90;0,00;0,00;0,00;-0,28;0,00;0,00;416;45;36;47;22;503;343
1159;28,62;-375,63;0,00;0,00;0,00;-0,38;0,00;0,00;149;168;113;22;35;888;690
1160;23,79;-298,99;0,00;0,00;0,00;-0,30;0,00;0,00;233;128;34;49;28;483;162
1161;58,36;-119,04;0,00;0,00;0,00;-0,12;0,00;0,00;276;15;56;45;15;884;267
1162;37,61;-396,80;0,00;0,00;0,00;-0,40;0,00;0,00;464;77;154;26;15;938;762
1163;46,83;-286,92;0,00;0,00;0,00;-0,29;0,00;0,00;341;69;146;25;17;186;792
1164;96,05;268,98;0,00;0,00;0,00;0,27;0,00;0,00;105;31;11;19;23;309;267
1165;72,93;58,88;0,00;0,00;0,00;0,06;0,00;0,00;310;83;106;30;28;504;467
1166;29,92;-367,60;0,00;0,00;0,00;-0,37;0,00;0,00;271;31;66;23;37;278;249
1167;28,26;-418,54;0,00;0,00;0,00;-0,42;0,00;0,00;255;162;81;43;24;862;617
1168;79,62;83,66;0,00;0,00;0,00;0,08;0,00;0,00;421;70;51;21;29;403;404
1169;65,59;-12,43;0,00;0,00;0,00;-0,01;0,00;0,00;78;115;46;31;37;786;940
1170;28,85;-433,85;0,00;0,00;0,00;-0,43;0,00;0,00;96;160;191;30;35;574;662
1171;51,38;-221,58;0,00;0,00;0,00;-0,22;0,00;0,00;224;83;199;41;22;340;177
1172;51,27;-181,68;0,00;0,00;0,00;-0,18;0,00;0,00;314;71;190;49;15;218;252
1173;31,91;-356,33;0,00;0,00;0,00;-0,36;0,00;0,00;297;117;73;42;22;729;168
1174;0,00;-707,86;0,00;0,00;0,00;-0,71;0,00;0,00;44;150;195;30;29;344;117
1175;18,85;-463,82;0,00;0,00;0,00;-0,46;0,00;0,00;11;61;105;29;23;941;278
1176;52,38;-275,20;0,00;0,00;0,00;-0,28;0,00;0,00;272;117;177;11;16;798;617
1177;66,22;59,87;0,00;0,00;0,00;0,06;0,00;0,00;411;185;74;20;28;268;655
1178;70,87;-11,58;0,00;0,00;0,00;-0,01;0,00;0,00;340;81;188;22;25;529;758
1179;32,82;-379,19;0,00;0,00;0,00;-0,38;0,00;0,00;147;119;15;48;35;756;620
1180;62,19;-163,89;0,00;0,00;0,00;-0,16;0,00;0,00;224;171;58;38;33;904;114
1181;29,94;-420,42;0,00;0,00;0,00;-0,42;0,00;0,00;112;74;146;16;17;993;342
1182;33,32;-379,30;0,00;0,00;0,00;-0,38;0,00;0,00;459;167;156;44;26;101;398
1183;73,87;22,51;0,00;0,00;0,00;0,02;0,00;0,00;188;190;77;24;26;182;480
1184;67,13;-70,53;0,00;0,00;0,00;-0,07;0,00;0,00;388;170;84;13;16;822;133
1185;78,96;120,58;0,00;0,00;0,00;0,12;0,00;0,00;10;53;29;24;35;839;683
1186;89,06;173,99;0,00;0,00;0,00;0,17;0,00;0,00;241;28;103;17;37;436;917
1187;64,22;21,56;0,00;0,00;0,00;0,02;0,00;0,00;70;81;151;42;20;265;259
1188;60,54;-110,20;0,00;0,00;0,00;-0,11;0,00;0,00;131;33;67;17;30;546;221
1189;48,05;-331,24;0,00;0,00;0,00;-0,33;0,00;0,00;225;10;115;28;29;538;929
1190;39,28;-235,67;0,00;0,00;0,00;-0,24;0,00;0,00;57;14;171;37;33;245;445
1191;48,74;-280,16;0,00;0,00;0,00;-0,28;0,00;0,00;24;75;186;13;17;242;335
1192;43,59;-225,78;0,00;0,00;0,00;-0,23;0,00;0,00;64;83;35;20;29;328;374
1193;61,25;-81,19;0,00;0,00;0,00;-0,08;0,00;0,00;37;57;21;37;29;822;250
1194;66,33;23,33;0,00;0,00;0,00;0,02;0,00;0,00;367;187;174;34;33;750;762
1195;34,50;-265,31;0,00;0,00;0,00;-0,27;0,00;0,00;261;115;15;30;17;570;486
1196;55,21;-121,17;0,00;0,00;0,00;-0,12;0,00;0,00;255;191;176;45;32;877;873
1197;79,37;77,38;0,00;0,00;0,00;0,08;0,00;0,00;399;130;99;45;27;618;203
1198;65,32;29,50;0,00;0,00;0,00;0,03;0,00;0,00;402;152;182;16;17;924;342
1199;40,09;-258,26;0,00;0,00;0,00;-0,26;0,00;0,00;413;188;76;47;29;509;683
1200;87,63;166,57;0,00;0,00;0,00;0,17;0,00;0,00;421;94;47;47;37;725;916
1201;75,13;40,81;0,00;0,00;0,00;0,04;0,00;0,00;472;140;56;11;25;141;622
1202;74,77;79,70;0,00;0,00;0,00;0,08;0,00;0,00;247;142;168;21;33;192;813
1203;14,71;-575,16;0,00;0,00;0,00;-0,58;0,00;0,00;20;136;190;47;15;951;947
1204;82,48;107,35;0,00;0,00;0,00;0,11;0,00;0,00;188;35;121;47;29;257;872
1205;29,68;-429,29;0,00;0,00;0,00;-0,43;0,00;0,00;194;105;158;37;18;310;786
1206;53,26;-170,28;0,00;0,00;0,00;-0,17;0,00;0,00;387;96;140;10;21;901;615
1207;24,19;-529,92;0,00;0,00;0,00;-0,53;0,00;0,00;402;154;135;16;20;567;736
1208;66,82;13,99;0,00;0,00;0,00;0,01;0,00;0,00;228;115;127;22;25;498;555
1209;81,40;62,02;0,00;0,00;0,00;0,06;0,00;0,00;329;94;13;41;38;469;972
1210;39,05;-289,62;0,00;0,00;0,00;-0,29;0,00;0,00;155;133;182;23;25;260;942
1211;52,27;-197,64;0,00;0,00;0,00;-0,20;0,00;0,00;365;137;25;44;34;502;689
1212;26,24;-456,02;0,00;0,00;0,00;-0,46;0,00;0,00;379;199;179;27;37;664;791
1213;52,27;-172,08;0,00;0,00;0,00;-0,17;0,00;0,00;408;68;81;15;21;301;308
1214;54,17;-188,80;0,00;0,00;0,00;-0,19;0,00;0,00;328;151;47;14;28;456;551
1215;73,51;32,98;0,00;0,00;0,00;0,03;0,00;0,00;437;85;88;35;24;228;219
1216;26,30;-339,87;0,00;0,00;0,00;-0,34;0,00;0,00;121;84;51;15;15;774;448
1217;51,18;-195,79;0,00;0,00;0,00;-0,20;0,00;0,00;444;86;39;16;32;799;797
1218;49,16;-234,90;0,00;0,00;0,00;-0,23;0,00;0,00;296;25;81;35;20;557;515
1219;95,34;325,04;0,00;0,00;0,00;0,33;0,00;0,00;383;55;83;46;20;322;983
1220;42,98;-269,17;0,00;0,00;0,00;-0,27;0,00;0,00;362;143;198;46;36;506;914
1221;69,60;-55,86;0,00;0,00;0,00;-0,06;0,00;0,00;76;23;104;16;21;745;699
1222;38,35;-407,20;0,00;0,00;0,00;-0,41;0,00;0,00;109;171;111;14;37;466;972
1223;64,43;-153,23;0,00;0,00;0,00;-0,15;0,00;0,00;462;106;33;18;19;505;101
1224;72,22;38,46;0,00;0,00;0,00;0,04;0,00;0,00;90;16;125;14;25;918;921
1225;61,80;-119,85;0,00;0,00;0,00;-0,12;0,00;0,00;46;13;16;20;28;328;694
1226;31,36;-437,89;0,00;0,00;0,00;-0,44;0,00;0,00;113;193;47;18;38;741;797
1227;22,00;-404,78;0,00;0,00;0,00;-0,40;0,00;0,00;420;177;120;40;38;701;187
1228;0,00;-730,40;0,00;0,00;0,00;-0,73;0,00;0,00;135;112;67;43;25;624;469
1229;74,35;37,07;0,00;0,00;0,00;0,04;0,00;0,00;27;117;174;12;25;552;848
1230;33,62;-353,81;0,00;0,00;0,00;-0,35;0,00;0,00;385;111;165;45;23;647;164
1231;68,69;15,18;0,00;0,00;0,00;0,02;0,00;0,00;98;173;127;47;28;454;114
1232;51,54;-148,92;0,00;0,00;0,00;-0,15;0,00;0,00;149;14;175;32;29;175;665
1233;29,43;-484,92;0,00;0,00;0,00;-0,48;0,00;0,00;49;147;179;41;19;492;103
1234;93,26;234,34;0,00;0,00;0,00;0,23;0,00;0,00;36;29;30;13;25;684;995
1235;89,05;95,05;0,00;0,00;0,00;0,10;0,00;0,00;307;114;65;34;17;681;633
1236;72,44;-103,85;0,00;0,00;0,00;-0,10;0,00;0,00;259;73;58;30;15;244;180
1237;56,80;-145,85;0,00;0,00;0,00;-0,15;0,00;0,00;276;163;147;47;17;677;960
1238;60,12;-131,92;0,00;0,00;0,00;-0,13;0,00;0,00;62;117;185;19;37;288;630
1239;51,85;-145,92;0,00;0,00;0,00;-0,15;0,00;0,00;266;180;100;46;24;895;494
1240;66,52;-9,35;0,00;0,00;0,00;-0,01;0,00;0,00;471;138;115;32;19;305;127
1241;13,09;-558,96;0,00;0,00;0,00;-0,56;0,00;0,00;418;132;37;42;31;282;280
1242;13,11;-560,93;0,00;0,00;0,00;-0,56;0,00;0,00;141;99;152;40;19;520;582
1243;17,83;-495,66;0,00;0,00;0,00;-0,50;0,00;0,00;341;129;73;48;16;202;724
1244;39,56;-232,33;0,00;0,00;0,00;-0,23;0,00;0,00;98;152;120;42;30;712;601
1245;16,05;-510,97;0,00;0,00;0,00;-0,51;0,00;0,00;300;166;154;32;17;426;898
1246;93,22;246,35;0,00;0,00;0,00;0,25;0,00;0,00;385;127;198;33;22;226;520
1247;72,12;-21,38;0,00;0,00;0,00;-0,02;0,00;0,00;405;100;140;17;24;565;761
1248;51,44;-147,55;0,00;0,00;0,00;-0,15;0,00;0,00;462;165;163;42;39;282;354
1249;0,00;-605,79;0,00;0,00;0,00;-0,61;0,00;0,00;352;65;10;10;27;291;286
1250;55,14;-136,01;0,00;0,00;0,00;-0,14;0,00;0,00;138;63;106;19;32;318;740
1251;59,59;-114,69;0,00;0,00;0,00;-0,11;0,00;0,00;289;103;147;46;26;824;290
1252;49,01;-182,66;0,00;0,00;0,00;-0,18;0,00;0,00;314;160;94;19;32;586;828
1253;46,65;-174,73;0,00;0,00;0,00;-0,17;0,00;0,00;183;39;34;10;34;393;622
1254;23,23;-446,55;0,00;0,00;0,00;-0,45;0,00;0,00;283;63;56;34;25;851;550
1255;58,37;-46,05;0,00;0,00;0,00;-0,05;0,00;0,00;212;170;118;26;34;638;637
1256;45,32;-259,58;0,00;0,00;0,00;-0,26;0,00;0,00;24;193;172;29;34;657;259
1257;71,25;64,48;0,00;0,00;0,00;0,06;0,00;0,00;408;197;115;20;27;216;293
1258;33,67;-415,02;0,00;0,00;0,00;-0,42;0,00;0,00;42;110;179;14;24;218;505
1259;37,35;-284,09;0,00;0,00;0,00;-0,28;0,00;0,00;62;168;109;45;25;491;318
1260;26,86;-475,75;0,00;0,00;0,00;-0,48;0,00;0,00;13;92;12;46;23;221;988
1261;43,79;-265,86;0,00;0,00;0,00;-0,27;0,00;0,00;68;101;148;29;21;544;345
1262;51,63;-201,55;0,00;0,00;0,00;-0,20;0,00;0,00;214;86;110;41;37;180;695
1263;44,87;-308,32;0,00;0,00;0,00;-0,31;0,00;0,00;451;55;37;14;26;199;416
1264;56,06;-194,27;0,00;0,00;0,00;-0,19;0,00;0,00;294;102;89;13;19;718;903
1265;57,81;-190,16;0,00;0,00;0,00;-0,19;0,00;0,00;451;176;121;22;29;355;867
1266;0,00;-789,69;0,00;0,00;0,00;-0,79;0,00;0,00;17;120;28;43;33;685;288
1267;46,89;-229,05;0,00;0,00;0,00;-0,23;0,00;0,00;20;50;141;24;30;475;593
1268;44,07;-314,00;0,00;0,00;0,00;-0,31;0,00;0,00;309;33;73;45;38;387;143
1269;97,34;173,61;0,00;0,00;0,00;0,17;0,00;0,00;88;95;31;36;34;505;248
1270;56,47;-126,33;0,00;0,00;0,00;-0,13;0,00;0,00;404;195;150;42;20;343;545
1271;85,20;47,79;0,00;0,00;0,00;0,05;0,00;0,00;21;49;40;24;31;721;954
1272;33,63;-382,15;0,00;0,00;0,00;-0,38;0,00;0,00;416;199;64;27;21;504;217
1273;100,00;333,13;0,00;0,00;0,00;0,33;0,00;0,00;117;171;141;13;32;218;983
1274;12,25;-609,38;0,00;0,00;0,00;-0,61;0,00;0,00;135;81;84;21;35;130;830
1275;83,90;122,17;0,00;0,00;0,00;0,12;0,00;0,00;207;96;94;35;17;825;631
1276;55,25;-153,87;0,00;0,00;0,00;-0,15;0,00;0,00;150;60;166;18;19;725;409
1277;80,06;106,86;0,00;0,00;0,00;0,11;0,00;0,00;424;152;169;15;19;946;936
1278;61,98;-44,48;0,00;0,00;0,00;-0,04;0,00;0,00;302;22;196;39;17;631;137
1279;54,81;-132,90;0,00;0,00;0,00;-0,13;0,00;0,00;246;115;48;44;17;330;129
1280;78,34;-42,68;0,00;0,00;0,00;-0,04;0,00;0,00;427;121;52;35;28;762;777
1281;20,87;-521,69;0,00;0,00;0,00;-0,52;0,00;0,00;495;116;188;48;23;964;711
1282;86,45;101,74;0,00;0,00;0,00;0,10;0,00;0,00;297;22;150;33;35;676;749
1283;75,38;78,67;0,00;0,00;0,00;0,08;0,00;0,00;95;142;130;16;18;742;160
1284;78,45;40,72;0,00;0,00;0,00;0,04;0,00;0,00;309;154;39;24;36;599;126
1285;78,71;82,50;0,00;0,00;0,00;0,08;0,00;0,00;217;24;92;40;15;797;704
1286;43,09;-278,76;0,00;0,00;0,00;-0,28;0,00;0,00;36;131;131;34;16;891;102
1287;89,59;193,30;0,00;0,00;0,00;0,19;0,00;0,00;439;69;149;49;35;147;541
1288;40,18;-345,38;0,00;0,00;0,00;-0,35;0,00;0,00;65;78;72;33;24;585;226
1289;55,24;-148,98;0,00;0,00;0,00;-0,15;0,00;0,00;105;38;91;45;27;727;946
1290;70,35;4,96;0,00;0,00;0,00;0,00;0,00;0,00;411;35;63;34;16;176;404
1291;0,00;-706,50;0,00;0,00;0,00;-0,71;0,00;0,00;66;76;140;20;37;392;100
1292;45,16;-215,70;0,00;0,00;0,00;-0,22;0,00;0,00;443;19;62;38;32;895;917
1293;72,79;-10,48;0,00;0,00;0,00;-0,01;0,00;0,00;116;171;117;24;21;181;903
1294;35,74;-289,67;0,00;0,00;0,00;-0,29;0,00;0,00;361;176;181;48;32;537;841
1295;20,18;-424,52;0,00;0,00;0,00;-0,42;0,00;0,00;134;84;25;25;22;520;861
1296;48,85;-210,32;0,00;0,00;0,00;-0,21;0,00;0,00;301;125;83;18;18;961;411
1297;73,85;5,84;0,00;0,00;0,00;0,01;0,00;0,00;388;60;125;43;30;519;819
1298;40,11;-343,91;0,00;0,00;0,00;-0,34;0,00;0,00;156;18;101;10;15;807;308
1299;28,82;-406,24;0,00;0,00;0,00;-0,41;0,00;0,00;40;85;148;20;35;456;834
1300;69,43;22,09;0,00;0,00;0,00;0,02;0,00;0,00;292;77;62;43;32;976;569
1301;50,71;-219,24;0,00;0,00;0,00;-0,22;0,00;0,00;213;143;37;35;18;762;346
1302;61,32;-62,61;0,00;0,00;0,00;-0,06;0,00;0,00;441;10;199;46;34;891;296
1303;27,55;-293,04;0,00;0,00;0,00;-0,29;0,00;0,00;29;161;169;43;34;594;111
1304;56,78;-179,31;0,00;0,00;0,00;-0,18;0,00;0,00;459;11;27;42;37;130;647
1305;41,90;-225,34;0,00;0,00;0,00;-0,23;0,00;0,00;455;93;54;30;29;752;793
1306;65,91;-15,84;0,00;0,00;0,00;-0,02;0,00;0,00;447;16;154;30;22;610;105
1307;57,66;-222,02;0,00;0,00;0,00;-0,22;0,00;0,00;181;112;55;49;17;572;548
1308;83,10;74,61;0,00;0,00;0,00;0,07;0,00;0,00;25;166;191;10;22;334;122
1309;27,18;-332,49;0,00;0,00;0,00;-0,33;0,00;0,00;11;85;101;30;35;723;638
1310;59,60;-137,27;0,00;0,00;0,00;-0,14;0,00;0,00;33;149;186;41;21;864;479
1311;4,52;-650,51;0,00;0,00;0,00;-0,65;0,00;0,00;330;179;166;21;39;467;992
1312;46,89;-201,11;0,00;0,00;0,00;-0,20;0,00;0,00;22;88;177;16;24;874;601
1313;94,63;336,74;0,00;0,00;0,00;0,34;0,00;0,00;426;119;136;21;15;467;167
1314;10,42;-615,21;0,00;0,00;0,00;-0,62;0,00;0,00;361;68;66;15;25;220;287
1315;36,01;-203,66;0,00;0,00;0,00;-0,20;0,00;0,00;140;195;18;42;30;413;753
1316;1,92;-682,77;0,00;0,00;0,00;-0,68;0,00;0,00;407;39;172;15;28;225;770
1317;34,07;-368,50;0,00;0,00;0,00;-0,37;0,00;0,00;460;59;47;13;34;702;866
1318;59,68;-161,43;0,00;0,00;0,00;-0,16;0,00;0,00;363;126;63;43;15;699;795
1319;74,79;77,13;0,00;0,00;0,00;0,08;0,00;0,00;127;146;134;40;28;561;960
1320;81,14;118,51;0,00;0,00;0,00;0,12;0,00;0,00;345;73;115;34;26;615;159
1321;13,03;-552,28;0,00;0,00;0,00;-0,55;0,00;0,00;213;135;105;45;24;693;742
1322;25,23;-547,08;0,00;0,00;0,00;-0,55;0,00;0,00;253;27;63;31;15;156;557
1323;51,86;-279,47;0,00;0,00;0,00;-0,28;0,00;0,00;433;97;17;40;27;991;322
1324;63,32;-18,02;0,00;0,00;0,00;-0,02;0,00;0,00;127;146;152;15;27;385;942
1325;96,70;261,15;0,00;0,00;0,00;0,26;0,00;0,00;373;81;93;46;39;954;551
1326;55,45;-119,73;0,00;0,00;0,00;-0,12;0,00;0,00;19;158;164;23;31;266;853
1327;78,47;62,40;0,00;0,00;0,00;0,06;0,00;0,00;219;122;157;15;17;969;877
1328;52,60;-109,86;0,00;0,00;0,00;-0,11;0,00;0,00;340;21;65;11;27;509;977
1329;31,45;-393,06;0,00;0,00;0,00;-0,39;0,00;0,00;310;31;139;21;16;405;771
1330;65,83;16,60;0,00;0,00;0,00;0,02;0,00;0,00;89;161;56;12;32;807;594
1331;52,23;-176,99;0,00;0,00;0,00;-0,18;0,00;0,00;34;109;68;26;28;895;908
1332;36,84;-302,54;0,00;0,00;0,00;-0,30;0,00;0,00;392;173;167;45;35;773;345
1333;52,04;-153,01;0,00;0,00;0,00;-0,15;0,00;0,00;474;133;64;26;15;780;476
1334;15,26;-512,31;0,00;0,00;0,00;-0,51;0,00;0,00;395;56;145;31;34;786;374
1335;80,99;152,09;0,00;0,00;0,00;0,15;0,00;0,00;263;140;147;15;38;734;835
1336;35,50;-391,66;0,00;0,00;0,00;-0,39;0,00;0,00;412;80;184;38;33;279;795
1337;50,82;-181,70;0,00;0,00;0,00;-0,18;0,00;0,00;272;144;21;48;30;588;531
1338;40,68;-284,48;0,00;0,00;0,00;-0,28;0,00;0,00;97;35;60;24;37;950;608
1339;78,50;12,22;0,00;0,00;0,00;0,01;0,00;0,00;344;29;166;37;39;662;251
1340;64,78;29,31;0,00;0,00;0,00;0,03;0,00;0,00;426;27;132;46;17;659;205
1341;24,39;-479,49;0,00;0,00;0,00;-0,48;0,00;0,00;428;89;52;20;31;358;804
1342;44,32;-346,24;0,00;0,00;0,00;-0,35;0,00;0,00;436;194;86;40;17;685;746
1343;67,30;-42,60;0,00;0,00;0,00;-0,04;0,00;0,00;285;169;150;40;27;119;866
1344;90,50;273,10;0,00;0,00;0,00;0,27;0,00;0,00;38;112;15;44;27;762;296
1345;43,65;-309,38;0,00;0,00;0,00;-0,31;0,00;0,00;298;116;168;24;39;982;106
1346;70,54;23,98;0,00;0,00;0,00;0,02;0,00;0,00;11;115;135;12;20;989;879
1347;58,64;-48,61;0,00;0,00;0,00;-0,05;0,00;0,00;22;85;12;27;28;310;227
1348;49,25;-250,92;0,00;0,00;0,00;-0,25;0,00;0,00;290;88;90;35;21;290;421
1349;57,92;-223,51;0,00;0,00;0,00;-0,22;0,00;0,00;192;69;180;11;17;977;456
1350;77,86;66,21;0,00;0,00;0,00;0,07;0,00;0,00;226;91;10;46;15;151;305
1351;71,80;126,58;0,00;0,00;0,00;0,13;0,00;0,00;222;161;22;31;27;872;208
1352;26,13;-519,71;0,00;0,00;0,00;-0,52;0,00;0,00;59;186;103;25;23;497;166
1353;43,77;-184,84;0,00;0,00;0,00;-0,18;0,00;0,00;197;170;185;31;35;921;903
1354;86,93;126,37;0,00;0,00;0,00;0,13;0,00;0,00;429;21;128;15;21;451;270
1355;53,48;-136,00;0,00;0,00;0,00;-0,14;0,00;0,00;87;169;183;13;16;778;805
1356;20,67;-465,89;0,00;0,00;0,00;-0,47;0,00;0,00;330;80;133;39;39;917;593
1357;77,51;149,42;0,00;0,00;0,00;0,15;0,00;0,00;335;196;98;25;18;569;279
1358;44,00;-316,90;0,00;0,00;0,00;-0,32;0,00;0,00;378;127;16;31;35;909;368
1359;17,87;-491,59;0,00;0,00;0,00;-0,49;0,00;0,00;310;35;109;45;19;173;224
1360;69,93;26,94;0,00;0,00;0,00;0,03;0,00;0,00;427;76;42;31;20;861;955
1361;82,54;46,83;0,00;0,00;0,00;0,05;0,00;0,00;462;112;99;23;35;425;813
1362;50,40;-273,61;0,00;0,00;0,00;-0,27;0,00;0,00;160;129;193;25;27;744;666
1363;39,29;-379,03;0,00;0,00;0,00;-0,38;0,00;0,00;284;147;135;15;32;223;471
1364;50,99;-200,78;0,00;0,00;0,00;-0,20;0,00;0,00;452;192;76;24;25;781;458
1365;48,00;-230,96;0,00;0,00;0,00;-0,23;0,00;0,00;342;80;189;28;19;394;174
1366;12,42;-590,27;0,00;0,00;0,00;-0,59;0,00;0,00;456;43;57;30;31;186;328
1367;10,19;-639,18;0,00;0,00;0,00;-0,64;0,00;0,00;40;171;97;36;33;887;945
1368;64,69;1,56;0,00;0,00;0,00;0,00;0,00;0,00;16;70;93;28;20;443;236
1369;80,29;147,91;0,00;0,00;0,00;0,15;0,00;0,00;331;158;126;15;36;680;992
1370;28,71;-479,31;0,00;0,00;0,00;-0,48;0,00;0,00;66;61;113;18;39;121;917
1371;98,84;364,45;0,00;0,00;0,00;0,36;0,00;0,00;167;137;37;14;16;871;783
1372;46,00;-297,14;0,00;0,00;0,00;-0,30;0,00;0,00;169;145;196;25;33;711;397
1373;53,24;-164,87;0,00;0,00;0,00;-0,16;0,00;0,00;200;192;82;23;24;658;967
1374;29,14;-398,77;0,00;0,00;0,00;-0,40;0,00;0,00;216;194;23;23;29;851;620
1375;70,47;-13,52;0,00;0,00;0,00;-0,01;0,00;0,00;461;52;42;17;37;795;214
1376;100,00;397,54;0,00;0,00;0,00;0,40;0,00;0,00;134;148;56;25;21;763;154
1377;47,35;-129,95;0,00;0,00;0,00;-0,13;0,00;0,00;434;48;161;46;36;365;403
1378;46,67;-197,10;0,00;0,00;0,00;-0,20;0,00;0,00;470;140;124;15;30;763;252
1379;57,37;-182,67;0,00;0,00;0,00;-0,18;0,00;0,00;38;44;116;34;31;139;492
1380;80,10;97,36;0,00;0,00;0,00;0,10;0,00;0,00;86;84;54;28;39;235;558
1381;43,40;-353,83;0,00;0,00;0,00;-0,35;0,00;0,00;271;26;58;45;26;853;745
1382;65,85;7,54;0,00;0,00;0,00;0,01;0,00;0,00;263;151;30;23;16;980;759
1383;30,10;-425,09;0,00;0,00;0,00;-0,43;0,00;0,00;495;60;42;48;19;762;876
1384;36,00;-327,27;0,00;0,00;0,00;-0,33;0,00;0,00;230;189;18;47;39;222;764
1385;0,00;-680,41;0,00;0,00;0,00;-0,68;0,00;0,00;307;199;10;30;26;750;950
1386;55,94;-109,32;0,00;0,00;0,00;-0,11;0,00;0,00;352;74;121;21;38;771;726
1387;38,31;-299,36;0,00;0,00;0,00;-0,30;0,00;0,00;150;183;66;14;18;300;702
1388;56,65;-117,94;0,00;0,00;0,00;-0,12;0,00;0,00;292;129;49;24;31;200;590
1389;90,48;147,53;0,00;0,00;0,00;0,15;0,00;0,00;287;162;174;40;25;277;659
1390;45,86;-145,50;0,00;0,00;0,00;-0,15;0,00;0,00;247;162;178;37;31;889;565
1391;33,30;-329,46;0,00;0,00;0,00;-0,33;0,00;0,00;474;124;119;39;26;302;206
1392;0,00;-617,99;0,00;0,00;0,00;-0,62;0,00;0,00;13;163;99;46;38;667;420
1393;55,30;-94,44;0,00;0,00;0,00;-0,09;0,00;0,00;130;118;29;33;31;637;826
1394;61,50;-68,23;0,00;0,00;0,00;-0,07;0,00;0,00;95;66;93;43;27;337;687
1395;28,98;-384,91;0,00;0,00;0,00;-0,38;0,00;0,00;120;134;95;10;36;358;886
1396;19,83;-534,02;0,00;0,00;0,00;-0,53;0,00;0,00;301;36;12;38;22;239;167
1397;56,67;-196,51;0,00;0,00;0,00;-0,20;0,00;0,00;28;25;18;38;32;188;700
1398;36,33;-253,63;0,00;0,00;0,00;-0,25;0,00;0,00;127;172;185;13;16;588;151
1399;82,09;72,27;0,00;0,00;0,00;0,07;0,00;0,00;396;37;78;31;32;866;145
1400;41,86;-283,80;0,00;0,00;0,00;-0,28;0,00;0,00;292;86;89;29;20;209;144
1401;51,27;-122,03;0,00;0,00;0,00;-0,12;0,00;0,00;329;194;141;17;19;445;119
1402;26,47;-370,78;0,00;0,00;0,00;-0,37;0,00;0,00;180;176;108;28;19;253;385
1403;58,21;-98,10;0,00;0,00;0,00;-0,10;0,00;0,00;442;114;42;30;24;654;444
1404;0,00;-630,09;0,00;0,00;0,00;-0,63;0,00;0,00;248;36;34;17;30;988;665
1405;11,56;-625,55;0,00;0,00;0,00;-0,63;0,00;0,00;416;175;183;27;21;602;799
1406;41,06;-144,89;0,00;0,00;0,00;-0,14;0,00;0,00;146;160;87;12;26;195;493
1407;65,62;30,12;0,00;0,00;0,00;0,03;0,00;0,00;156;89;53;48;29;411;387
1408;77,57;103,13;0,00;0,00;0,00;0,10;0,00;0,00;212;73;38;32;19;428;316
1409;55,22;-86,35;0,00;0,00;0,00;-0,09;0,00;0,00;367;112;190;46;19;187;540
1410;100,00;349,04;0,00;0,00;0,00;0,35;0,00;0,00;470;119;83;37;27;678;424
1411;29,82;-436,55;0,00;0,00;0,00;-0,44;0,00;0,00;163;133;82;38;34;892;241
1412;100,00;345,53;0,00;0,00;0,00;0,35;0,00;0,00;183;21;20;49;37;899;970
1413;59,02;-80,04;0,00;0,00;0,00;-0,08;0,00;0,00;21;172;27;17;29;329;231
1414;94,76;202,05;0,00;0,00;0,00;0,20;0,00;0,00;69;175;91;48;19;693;153
1415;9,53;-504,82;0,00;0,00;0,00;-0,50;0,00;0,00;459;167;152;24;33;455;668
1416;0,00;-751,05;0,00;0,00;0,00;-0,75;0,00;0,00;296;68;54;37;28;554;469
1417;40,83;-266,50;0,00;0,00;0,00;-0,27;0,00;0,00;264;10;32;32;33;813;425
1418;83,25;109,52;0,00;0,00;0,00;0,11;0,00;0,00;258;83;68;42;18;542;885
1419;79,88;91,31;0,00;0,00;0,00;0,09;0,00;0,00;141;71;72;49;34;673;149
1420;100,00;337,85;0,00;0,00;0,00;0,34;0,00;0,00;94;143;138;19;17;560;883
1421;42,53;-212,14;0,00;0,00;0,00;-0,21;0,00;0,00;253;98;96;49;24;544;561
1422;81,91;110,27;0,00;0,00;0,00;0,11;0,00;0,00;468;133;48;39;32;990;971
1423;44,88;-237,27;0,00;0,00;0,00;-0,24;0,00;0,00;385;82;126;24;32;668;337
1424;48,31;-314,42;0,00;0,00;0,00;-0,31;0,00;0,00;497;81;43;17;20;624;603
1425;52,78;-244,95;0,00;0,00;0,00;-0,24;0,00;0,00;173;13;24;11;32;258;282
1426;75,73;87,35;0,00;0,00;0,00;0,09;0,00;0,00;168;19;28;49;15;600;874
1427;62,62;-15,25;0,00;0,00;0,00;-0,02;0,00;0,00;291;22;175;30;15;311;453
1428;56,66;-133,84;0,00;0,00;0,00;-0,13;0,00;0,00;316;11;191;22;39;885;382
1429;90,46;187,29;0,00;0,00;0,00;0,19;0,00;0,00;335;62;198;27;22;387;291
1430;63,18;-29,79;0,00;0,00;0,00;-0,03;0,00;0,00;367;152;107;41;30;863;767
1431;50,37;-265,05;0,00;0,00;0,00;-0,27;0,00;0,00;170;101;89;35;21;532;863
1432;82,78;148,58;0,00;0,00;0,00;0,15;0,00;0,00;73;43;41;32;34;452;825
1433;20,04;-447,23;0,00;0,00;0,00;-0,45;0,00;0,00;85;28;158;32;24;224;470
1434;24,30;-421,38;0,00;0,00;0,00;-0,42;0,00;0,00;20;191;69;39;16;625;497
1435;37,87;-322,35;0,00;0,00;0,00;-0,32;0,00;0,00;450;59;157;28;34;497;745
1436;17,02;-576,54;0,00;0,00;0,00;-0,58;0,00;0,00;235;188;111;26;30;951;716
1437;45,66;-162,24;0,00;0,00;0,00;-0,16;0,00;0,00;128;139;90;23;27;737;912
1438;34,69;-331,61;0,00;0,00;0,00;-0,33;0,00;0,00;92;24;14;43;30;542;445
1439;23,99;-441,91;0,00;0,00;0,00;-0,44;0,00;0,00;402;38;191;21;21;412;863
1440;76,24;65,48;0,00;0,00;0,00;0,07;0,00;0,00;498;120;114;42;29;600;165
1441;42,51;-297,17;0,00;0,00;0,00;-0,30;0,00;0,00;420;28;129;11;24;461;537
1442;68,61;-81,05;0,00;0,00;0,00;-0,08;0,00;0,00;62;154;35;18;30;597;971
1443;39,01;-286,93;0,00;0,00;0,00;-0,29;0,00;0,00;192;93;87;49;23;818;893
1444;36,12;-284,13;0,00;0,00;0,00;-0,28;0,00;0,00;135;114;69;12;16;492;574
1445;62,43;-51,72;0,00;0,00;0,00;-0,05;0,00;0,00;316;193;163;14;39;194;773
1446;71,70;78,98;0,00;0,00;0,00;0,08;0,00;0,00;23;69;165;18;20;514;610
1447;44,97;-227,53;0,00;0,00;0,00;-0,23;0,00;0,00;339;32;49;18;38;777;810
1448;87,76;211,43;0,00;0,00;0,00;0,21;0,00;0,00;378;156;14;38;17;614;256
1449;27,01;-504,54;0,00;0,00;0,00;-0,50;0,00;0,00;323;44;121;27;30;934;415
1450;48,72;-190,93;0,00;0,00;0,00;-0,19;0,00;0,00;250;118;158;20;38;264;841
1451;78,80;65,03;0,00;0,00;0,00;0,07;0,00;0,00;335;140;106;30;21;917;761
1452;47,41;-195,75;0,00;0,00;0,00;-0,20;0,00;0,00;18;136;18;41;20;516;209
1453;65,52;-62,72;0,00;0,00;0,00;-0,06;0,00;0,00;370;195;198;35;18;670;803
1454;54,09;-152,38;0,00;0,00;0,00;-0,15;0,00;0,00;389;94;15;12;24;476;314
1455;80,98;182,39;0,00;0,00;0,00;0,18;0,00;0,00;211;52;83;29;20;519;937
1456;22,50;-394,29;0,00;0,00;0,00;-0,39;0,00;0,00;306;189;196;41;15;210;746
1457;61,44;-79,11;0,00;0,00;0,00;-0,08;0,00;0,00;79;30;167;16;26;822;653
1458;74,66;-8,47;0,00;0,00;0,00;-0,01;0,00;0,00;58;185;86;14;15;989;239
1459;29,12;-467,48;0,00;0,00;0,00;-0,47;0,00;0,00;373;129;32;34;33;480;443
1460;63,81;-0,98;0,00;0,00;0,00;-0,00;0,00;0,00;464;115;58;18;39;686;852
1461;0,00;-675,69;0,00;0,00;0,00;-0,68;0,00;0,00;297;99;168;48;35;251;989
1462;9,74;-595,13;0,00;0,00;0,00;-0,60;0,00;0,00;272;117;35;47;30;223;926
1463;44,80;-275,73;0,00;0,00;0,00;-0,28;0,00;0,00;256;173;176;26;27;806;647
1464;36,94;-341,50;0,00;0,00;0,00;-0,34;0,00;0,00;18;83;102;15;23;750;276
1465;24,63;-445,28;0,00;0,00;0,00;-0,45;0,00;0,00;212;182;94;34;32;942;372
1466;34,70;-298,93;0,00;0,00;0,00;-0,30;0,00;0,00;227;136;23;26;22;974;503
1467;83,30;78,28;0,00;0,00;0,00;0,08;0,00;0,00;131;183;191;32;20;734;668
1468;60,96;-102,45;0,00;0,00;0,00;-0,10;0,00;0,00;283;57;129;39;22;907;702
1469;71,63;62,06;0,00;0,00;0,00;0,06;0,00;0,00;162;145;83;41;32;239;735
1470;42,40;-347,21;0,00;0,00;0,00;-0,35;0,00;0,00;209;99;93;30;38;396;424
1471;86,14;108,60;0,00;0,00;0,00;0,11;0,00;0,00;51;123;90;18;16;440;733
1472;51,42;-194,43;0,00;0,00;0,00;-0,19;0,00;0,00;465;108;70;20;25;509;998
1473;17,20;-479,99;0,00;0,00;0,00;-0,48;0,00;0,00;343;126;24;25;24;125;855
1474;49,73;-143,70;0,00;0,00;0,00;-0,14;0,00;0,00;469;126;109;22;39;813;809
1475;0,00;-701,92;0,00;0,00;0,00;-0,70;0,00;0,00;49;23;165;47;21;753;780
1476;65,49;-24,21;0,00;0,00;0,00;-0,02;0,00;0,00;68;185;191;21;31;452;219
1477;48,66;-197,26;0,00;0,00;0,00;-0,20;0,00;0,00;423;162;191;18;34;966;289
1478;63,13;-110,04;0,00;0,00;0,00;-0,11;0,00;0,00;332;89;148;16;36;238;251
1479;60,69;-109,98;0,00;0,00;0,00;-0,11;0,00;0,00;37;106;65;42;38;784;334
1480;43,19;-241,04;0,00;0,00;0,00;-0,24;0,00;0,00;209;60;98;27;20;948;878
1481;40,25;-245,79;0,00;0,00;0,00;-0,25;0,00;0,00;461;157;199;27;24;470;854
1482;30,99;-374,80;0,00;0,00;0,00;-0,37;0,00;0,00;226;155;104;40;20;514;375
1483;52,13;-192,21;0,00;0,00;0,00;-0,19;0,00;0,00;245;155;193;28;34;240;259
1484;81,73;151,71;0,00;0,00;0,00;0,15;0,00;0,00;394;83;96;37;20;246;324
1485;75,34;-6,65;0,00;0,00;0,00;-0,01;0,00;0,00;195;197;163;13;23;344;142
1486;88,09;211,41;0,00;0,00;0,00;0,21;0,00;0,00;115;168;155;49;20;170;791
1487;35,64;-283,86;0,00;0,00;0,00;-0,28;0,00;0,00;185;83;55;19;23;853;173
1488;61,04;-82,81;0,00;0,00;0,00;-0,08;0,00;0,00;84;155;86;34;35;343;816
1489;77,05;108,18;0,00;0,00;0,00;0,11;0,00;0,00;372;53;33;11;26;389;565
1490;40,80;-290,09;0,00;0,00;0,00;-0,29;0,00;0,00;72;84;199;43;17;686;410
1491;24,19;-476,26;0,00;0,00;0,00;-0,48;0,00;0,00;276;32;89;33;35;622;657
1492;77,47;56,02;0,00;0,00;0,00;0,06;0,00;0,00;422;115;134;28;36;190;909
1493;75,04;20,81;0,00;0,00;0,00;0,02;0,00;0,00;347;16;163;11;16;913;963
1494;46,74;-228,72;0,00;0,00;0,00;-0,23;0,00;0,00;36;68;148;33;39;290;230
1495;29,95;-334,12;0,00;0,00;0,00;-0,33;0,00;0,00;392;151;119;10;35;733;682
1496;29,38;-369,89;0,00;0,00;0,00;-0,37;0,00;0,00;335;30;84;48;32;341;115
1497;62,51;-29,81;0,00;0,00;0,00;-0,03;0,00;0,00;209;51;94;23;35;206;985
1498;91,73;253,25;0,00;0,00;0,00;0,25;0,00;0,00;329;69;134;31;28;850;107
1499;43,87;-304,78;0,00;0,00;0,00;-0,30;0,00;0,00;240;116;121;47;17;539;877
1500;100,00;267,04;0,00;0,00;0,00;0,27;0,00;0,00;256;142;81;28;17;641;577
1501;49,29;-149,54;0,00;0,00;0,00;-0,15;0,00;0,00;98;166;110;34;21;256;106
1502;46,80;-230,86;0,00;0,00;0,00;-0,23;0,00;0,00;219;125;163;23;27;123;553
1503;84,21;155,20;0,00;0,00;0,00;0,16;0,00;0,00;457;50;137;36;31;601;834
1504;47,07;-201,22;0,00;0,00;0,00;-0,20;0,00;0,00;192;87;48;28;17;889;637
1505;47,11;-201,83;0,00;0,00;0,00;-0,20;0,00;0,00;110;192;79;43;31;258;870
1506;0,00;-751,15;0,00;0,00;0,00;-0,75;0,00;0,00;132;184;52;22;33;611;287
1507;38,64;-197,28;0,00;0,00;0,00;-0,20;0,00;0,00;85;14;164;24;17;940;639
1508;66,43;-30,45;0,00;0,00;0,00;-0,03;0,00;0,00;167;156;84;30;35;394;878
1509;60,03;-142,14;0,00;0,00;0,00;-0,14;0,00;0,00;417;121;151;26;28;182;926
1510;51,18;-56,70;0,00;0,00;0,00;-0,06;0,00;0,00;341;182;14;26;16;189;526
1511;22,27;-572,68;0,00;0,00;0,00;-0,57;0,00;0,00;272;49;163;15;21;433;556
1512;46,47;-216,70;0,00;0,00;0,00;-0,22;0,00;0,00;39;134;43;30;27;173;824
1513;54,81;-126,91;0,00;0,00;0,00;-0,13;0,00;0,00;367;74;85;11;30;875;406
1514;87,96;99,88;0,00;0,00;0,00;0,10;0,00;0,00;499;134;50;46;21;835;461
1515;35,91;-345,71;0,00;0,00;0,00;-0,35;0,00;0,00;13;43;93;28;20;301;302
1516;76,47;179,60;0,00;0,00;0,00;0,18;0,00;0,00;81;18;21;47;22;239;200
1517;43,48;-270,61;0,00;0,00;0,00;-0,27;0,00;0,00;358;44;77;40;25;371;737
1518;78,40;142,30;0,00;0,00;0,00;0,14;0,00;0,00;425;70;191;12;19;842;776
1519;56,41;-109,53;0,00;0,00;0,00;-0,11;0,00;0,00;351;166;18;33;19;828;651
1520;2,20;-698,24;0,00;0,00;0,00;-0,70;0,00;0,00;138;115;196;12;21;353;472
1521;71,93;22,28;0,00;0,00;0,00;0,02;0,00;0,00;119;97;47;29;36;233;310
1522;90,35;222,74;0,00;0,00;0,00;0,22;0,00;0,00;356;72;105;25;29;114;814
1523;63,29;-56,05;0,00;0,00;0,00;-0,06;0,00;0,00;169;145;183;43;25;590;796
1524;54,60;-181,13;0,00;0,00;0,00;-0,18;0,00;0,00;250;42;85;27;21;390;277
1525;11,18;-687,10;0,00;0,00;0,00;-0,69;0,00;0,00;469;45;78;48;21;699;454
1526;84,69;187,70;0,00;0,00;0,00;0,19;0,00;0,00;255;128;56;25;21;355;163
1527;100,00;340,50;0,00;0,00;0,00;0,34;0,00;0,00;204;105;196;36;30;337;148
1528;40,66;-300,92;0,00;0,00;0,00;-0,30;0,00;0,00;28;147;143;39;22;431;835
1529;1,43;-744,78;0,00;0,00;0,00;-0,74;0,00;0,00;253;34;95;31;37;363;100
1530;36,67;-415,61;0,00;0,00;0,00;-0,42;0,00;0,00;298;152;155;34;29;247;703
1531;51,49;-217,27;0,00;0,00;0,00;-0,22;0,00;0,00;380;29;100;23;31;508;925
1532;50,29;-101,87;0,00;0,00;0,00;-0,10;0,00;0,00;82;65;85;19;27;580;582
1533;64,39;-79,72;0,00;0,00;0,00;-0,08;0,00;0,00;335;46;41;26;35;928;503
1534;34,47;-469,15;0,00;0,00;0,00;-0,47;0,00;0,00;262;84;89;19;16;311;838
1535;80,16;137,42;0,00;0,00;0,00;0,14;0,00;0,00;185;188;191;26;31;269;438
1536;56,96;-204,49;0,00;0,00;0,00;-0,20;0,00;0,00;394;193;49;46;20;154;762
1537;91,18;246,19;0,00;0,00;0,00;0,25;0,00;0,00;154;175;145;43;24;418;994
1538;67,87;9,03;0,00;0,00;0,00;0,01;0,00;0,00;145;183;119;47;25;952;268
1539;55,47;-98,18;0,00;0,00;0,00;-0,10;0,00;0,00;15;177;156;41;38;454;280
1540;13,61;-617,05;0,00;0,00;0,00;-0,62;0,00;0,00;204;183;28;27;28;177;894
1541;61,91;-82,94;0,00;0,00;0,00;-0,08;0,00;0,00;259;99;86;39;22;410;527
1542;61,84;-73,07;0,00;0,00;0,00;-0,07;0,00;0,00;309;63;104;22;39;899;687
1543;39,76;-259,46;0,00;0,00;0,00;-0,26;0,00;0,00;44;164;42;37;31;877;812
1544;48,39;-199,56;0,00;0,00;0,00;-0,20;0,00;0,00;405;57;50;12;19;701;633
1545;21,04;-539,94;0,00;0,00;0,00;-0,54;0,00;0,00;473;85;113;43;17;205;898
1546;100,00;283,98;0,00;0,00;0,00;0,28;0,00;0,00;100;163;60;21;37;804;406
1547;39,88;-284,35;0,00;0,00;0,00;-0,28;0,00;0,00;50;28;51;17;28;200;488
1548;5,28;-624,01;0,00;0,00;0,00;-0,62;0,00;0,00;114;197;85;17;32;266;209
1549;87,85;160,60;0,00;0,00;0,00;0,16;0,00;0,00;447;66;14;23;38;816;904
1550;49,37;-171,19;0,00;0,00;0,00;-0,17;0,00;0,00;13;187;150;37;36;151;660
1551;44,49;-207,76;0,00;0,00;0,00;-0,21;0,00;0,00;378;59;71;27;26;475;347
1552;44,21;-355,71;0,00;0,00;0,00;-0,36;0,00;0,00;464;119;143;13;32;747;496
1553;25,61;-370,63;0,00;0,00;0,00;-0,37;0,00;0,00;209;198;117;23;25;722;192
1554;43,94;-352,22;0,00;0,00;0,00;-0,35;0,00;0,00;492;108;36;34;38;433;760
1555;60,75;-113,90;0,00;0,00;0,00;-0,11;0,00;0,00;194;188;167;32;18;584;280
1556;52,74;-144,70;0,00;0,00;0,00;-0,14;0,00;0,00;252;59;191;33;36;598;958
1557;62,12;-150,65;0,00;0,00;0,00;-0,15;0,00;0,00;357;132;61;44;15;100;173
1558;52,66;-218,51;0,00;0,00;0,00;-0,22;0,00;0,00;466;196;115;48;23;711;684
1559;62,43;-124,36;0,00;0,00;0,00;-0,12;0,00;0,00;494;181;65;48;28;846;129
1560;50,27;-204,52;0,00;0,00;0,00;-0,20;0,00;0,00;86;82;24;33;19;819;160
1561;22,54;-482,70;0,00;0,00;0,00;-0,48;0,00;0,00;466;143;112;14;39;189;618
1562;54,39;-115,86;0,00;0,00;0,00;-0,12;0,00;0,00;381;26;31;12;16;852;463
1563;51,64;-175,20;0,00;0,00;0,00;-0,18;0,00;0,00;273;14;123;18;38;799;377
1564;61,10;-160,13;0,00;0,00;0,00;-0,16;0,00;0,00;180;63;190;29;17;389;625
1565;63,88;11,23;0,00;0,00;0,00;0,01;0,00;0,00;233;167;52;10;18;475;166
1566;27,59;-389,51;0,00;0,00;0,00;-0,39;0,00;0,00;342;160;22;44;32;857;338
1567;53,07;-140,35;0,00;0,00;0,00;-0,14;0,00;0,00;108;153;157;47;31;601;267
1568;49,54;-246,10;0,00;0,00;0,00;-0,25;0,00;0,00;258;155;87;48;22;787;588
1569;68,01;-55,19;0,00;0,00;0,00;-0,06;0,00;0,00;79;116;138;45;33;874;922
1570;8,50;-578,71;0,00;0,00;0,00;-0,58;0,00;0,00;313;182;176;38;19;377;638
1571;16,76;-567,27;0,00;0,00;0,00;-0,57;0,00;0,00;98;80;50;39;16;495;530
1572;48,75;-247,36;0,00;0,00;0,00;-0,25;0,00;0,00;68;167;164;12;26;654;416
1573;47,29;-200,46;0,00;0,00;0,00;-0,20;0,00;0,00;181;99;31;35;33;834;506
1574;0,00;-696,05;0,00;0,00;0,00;-0,70;0,00;0,00;257;144;113;10;36;553;450
1575;69,67;5,27;0,00;0,00;0,00;0,01;0,00;0,00;155;119;19;41;26;590;753
1576;48,88;-185,66;0,00;0,00;0,00;-0,19;0,00;0,00;499;54;101;30;34;363;648
1577;25,87;-444,82;0,00;0,00;0,00;-0,44;0,00;0,00;279;64;19;33;33;209;157
1578;46,11;-254,04;0,00;0,00;0,00;-0,25;0,00;0,00;119;44;79;29;23;147;518
1579;33,01;-396,51;0,00;0,00;0,00;-0,40;0,00;0,00;213;77;101;26;38;488;688
1580;84,33;164,27;0,00;0,00;0,00;0,16;0,00;0,00;141;80;148;24;25;968;393
1581;93,39;315,46;0,00;0,00;0,00;0,32;0,00;0,00;440;118;122;26;32;732;237
1582;60,69;-214,74;0,00;0,00;0,00;-0,21;0,00;0,00;179;151;191;18;17;658;798
1583;51,62;-127,14;0,00;0,00;0,00;-0,13;0,00;0,00;90;61;68;48;25;428;589
1584;12,24;-568,54;0,00;0,00;0,00;-0,57;0,00;0,00;400;53;46;25;27;118;136
1585;71,84;-17,30;0,00;0,00;0,00;-0,02;0,00;0,00;117;92;70;45;30;200;124
1586;47,65;-240,71;0,00;0,00;0,00;-0,24;0,00;0,00;272;132;116;45;18;186;469
1587;44,66;-305,62;0,00;0,00;0,00;-0,31;0,00;0,00;468;17;118;27;35;996;886
1588;51,03;-282,54;0,00;0,00;0,00;-0,28;0,00;0,00;28;41;66;47;24;636;153
1589;30,89;-459,03;0,00;0,00;0,00;-0,46;0,00;0,00;118;80;175;46;29;864;295
1590;60,70;-101,02;0,00;0,00;0,00;-0,10;0,00;0,00;364;166;179;15;17;483;737
1591;59,37;-172,20;0,00;0,00;0,00;-0,17;0,00;0,00;476;33;103;31;35;540;232
1592;18,02;-497,66;0,00;0,00;0,00;-0,50;0,00;0,00;323;181;36;41;30;335;435
1593;57,93;-177,41;0,00;0,00;0,00;-0,18;0,00;0,00;94;37;69;45;18;748;299
1594;35,96;-425,97;0,00;0,00;0,00;-0,43;0,00;0,00;145;184;72;31;24;317;314
1595;62,76;-70,63;0,00;0,00;0,00;-0,07;0,00;0,00;247;97;196;18;37;794;831
1596;43,72;-276,98;0,00;0,00;0,00;-0,28;0,00;0,00;162;157;111;23;39;451;221
1597;59,95;-119,43;0,00;0,00;0,00;-0,12;0,00;0,00;156;110;94;28;28;570;506
1598;65,14;-145,20;0,00;0,00;0,00;-0,15;0,00;0,00;363;198;24;10;25;690;127
1599;100,00;355,72;0,00;0,00;0,00;0,36;0,00;0,00;447;46;28;43;25;390;957
1600;17,65;-537,21;0,00;0,00;0,00;-0,54;0,00;0,00;78;16;138;23;28;333;962
1601;72,18;-9,07;0,00;0,00;0,00;-0,01;0,00;0,00;254;141;37;48;32;538;992
1602;45,31;-301,05;0,00;0,00;0,00;-0,30;0,00;0,00;22;177;180;14;35;299;771
1603;38,30;-346,87;0,00;0,00;0,00;-0,35;0,00;0,00;251;177;181;31;34;997;355
1604;60,96;-124,72;0,00;0,00;0,00;-0,12;0,00;0,00;226;118;133;40;29;419;866
1605;91,41;225,32;0,00;0,00;0,00;0,23;0,00;0,00;59;50;59;10;34;470;857
1606;24,66;-425,06;0,00;0,00;0,00;-0,43;0,00;0,00;189;91;164;15;26;264;468
1607;54,13;-58,71;0,00;0,00;0,00;-0,06;0,00;0,00;129;175;170;45;28;332;574
1608;37,86;-379,60;0,00;0,00;0,00;-0,38;0,00;0,00;414;35;190;18;16;394;753
1609;25,51;-458,45;0,00;0,00;0,00;-0,46;0,00;0,00;239;119;36;32;16;534;126
1610;48,08;-249,26;0,00;0,00;0,00;-0,25;0,00;0,00;407;162;15;29;22;539;180
1611;35,84;-310,40;0,00;0,00;0,00;-0,31;0,00;0,00;369;146;141;25;32;428;148
1612;15,28;-633,68;0,00;0,00;0,00;-0,63;0,00;0,00;461;174;76;38;32;762;879
1613;0,00;-734,87;0,00;0,00;0,00;-0,73;0,00;0,00;226;22;83;28;17;225;748
1614;52,75;-156,94;0,00;0,00;0,00;-0,16;0,00;0,00;213;36;112;45;15;680;595
1615;5,79;-681,05;0,00;0,00;0,00;-0,68;0,00;0,00;119;37;77;49;33;607;510
1616;0,00;-737,47;0,00;0,00;0,00;-0,74;0,00;0,00;223;39;183;32;26;872;302
1617;83,95;161,45;0,00;0,00;0,00;0,16;0,00;0,00;37;67;146;23;25;260;459
1618;81,88;147,08;0,00;0,00;0,00;0,15;0,00;0,00;241;35;72;30;22;385;478
1619;41,01;-342,60;0,00;0,00;0,00;-0,34;0,00;0,00;135;20;32;46;19;879;664
1620;41,84;-355,91;0,00;0,00;0,00;-0,36;0,00;0,00;450;181;159;45;20;684;478
1621;41,29;-275,88;0,00;0,00;0,00;-0,28;0,00;0,00;108;136;188;46;33;863;155
1622;61,59;-88,08;0,00;0,00;0,00;-0,09;0,00;0,00;226;141;143;35;29;500;748
1623;51,19;-149,69;0,00;0,00;0,00;-0,15;0,00;0,00;166;60;65;41;23;236;479
1624;38,87;-342,71;0,00;0,00;0,00;-0,34;0,00;0,00;70;154;62;12;18;999;732
1625;57,16;-66,33;0,00;0,00;0,00;-0,07;0,00;0,00;469;140;37;38;29;622;122
1626;47,99;-284,33;0,00;0,00;0,00;-0,28;0,00;0,00;128;134;185;12;38;848;879
1627;9,48;-541,32;0,00;0,00;0,00;-0,54;0,00;0,00;411;43;67;44;25;474;472
1628;21,96;-518,94;0,00;0,00;0,00;-0,52;0,00;0,00;172;51;105;19;24;872;430
1629;73,12;44,30;0,00;0,00;0,00;0,04;0,00;0,00;276;179;12;19;37;311;110
1630;60,95;-72,31;0,00;0,00;0,00;-0,07;0,00;0,00;201;24;69;23;16;238;468
1631;35,21;-358,73;0,00;0,00;0,00;-0,36;0,00;0,00;64;101;74;46;28;500;975
1632;42,11;-215,74;0,00;0,00;0,00;-0,22;0,00;0,00;377;157;61;23;15;416;978
1633;40,37;-303,13;0,00;0,00;0,00;-0,30;0,00;0,00;208;151;169;13;34;200;505
1634;74,87;3,75;0,00;0,00;0,00;0,00;0,00;0,00;467;42;103;23;31;696;319
1635;49,83;-209,82;0,00;0,00;0,00;-0,21;0,00;0,00;153;29;85;26;30;304;462
1636;17,88;-531,08;0,00;0,00;0,00;-0,53;0,00;0,00;302;29;21;42;35;220;458
1637;20,81;-544,95;0,00;0,00;0,00;-0,54;0,00;0,00;53;141;53;15;15;583;394
1638;26,38;-352,21;0,00;0,00;0,00;-0,35;0,00;0,00;332;180;188;18;16;726;633
1639;47,11;-268,97;0,00;0,00;0,00;-0,27;0,00;0,00;368;24;17;28;32;219;316
1640;59,37;-39,41;0,00;0,00;0,00;-0,04;0,00;0,00;495;178;13;23;15;705;855
1641;25,04;-442,40;0,00;0,00;0,00;-0,44;0,00;0,00;192;149;154;15;31;484;584
1642;33,54;-361,96;0,00;0,00;0,00;-0,36;0,00;0,00;46;147;22;47;25;945;284
1643;74,19;9,53;0,00;0,00;0,00;0,01;0,00;0,00;265;66;113;13;37;365;631
1644;56,43;-107,98;0,00;0,00;0,00;-0,11;0,00;0,00;51;25;137;21;26;104;338
1645;53,08;-190,18;0,00;0,00;0,00;-0,19;0,00;0,00;420;161;52;14;16;789;261
1646;85,70;141,64;0,00;0,00;0,00;0,14;0,00;0,00;344;170;183;43;24;960;711
1647;71,61;27,17;0,00;0,00;0,00;0,03;0,00;0,00;10;196;23;31;38;227;810
1648;51,08;-167,53;0,00;0,00;0,00;-0,17;0,00;0,00;487;84;199;29;31;609;543
1649;99,51;323,45;0,00;0,00;0,00;0,32;0,00;0,00;111;45;153;34;28;119;488
1650;78,67;127,26;0,00;0,00;0,00;0,13;0,00;0,00;468;61;105;33;32;900;937
1651;79,18;-53,17;0,00;0,00;0,00;-0,05;0,00;0,00;205;183;98;45;23;265;683
1652;85,24;202,99;0,00;0,00;0,00;0,20;0,00;0,00;174;92;71;39;31;873;324
1653;87,40;171,58;0,00;0,00;0,00;0,17;0,00;0,00;223;61;12;46;34;997;839
1654;47,53;-300,95;0,00;0,00;0,00;-0,30;0,00;0,00;421;92;186;37;39;317;753
1655;66,68;18,84;0,00;0,00;0,00;0,02;0,00;0,00;393;189;111;45;23;666;635
1656;37,14;-294,63;0,00;0,00;0,00;-0,29;0,00;0,00;433;11;107;37;34;606;278
1657;82,87;82,58;0,00;0,00;0,00;0,08;0,00;0,00;383;82;17;19;26;246;719
1658;0,00;-734,10;0,00;0,00;0,00;-0,73;0,00;0,00;373;101;123;30;33;105;849
1659;94,24;288,02;0,00;0,00;0,00;0,29;0,00;0,00;406;11;105;31;33;734;976
1660;23,38;-544,29;0,00;0,00;0,00;-0,54;0,00;0,00;405;165;180;40;21;339;245
1661;25,38;-457,78;0,00;0,00;0,00;-0,46;0,00;0,00;273;77;197;18;36;222;916
1662;81,33;97,61;0,00;0,00;0,00;0,10;0,00;0,00;131;173;142;43;27;380;153
1663;62,32;-179,08;0,00;0,00;0,00;-0,18;0,00;0,00;359;133;125;49;27;550;302
1664;66,72;18,57;0,00;0,00;0,00;0,02;0,00;0,00;289;164;20;39;37;135;290
1665;70,78;79,53;0,00;0,00;0,00;0,08;0,00;0,00;292;10;29;49;18;532;605
1666;24,99;-480,46;0,00;0,00;0,00;-0,48;0,00;0,00;448;110;119;32;27;680;386
1667;60,64;-78,70;0,00;0,00;0,00;-0,08;0,00;0,00;34;77;11;45;19;801;272
1668;49,39;-238,50;0,00;0,00;0,00;-0,24;0,00;0,00;154;194;165;41;29;660;742
1669;45,73;-278,70;0,00;0,00;0,00;-0,28;0,00;0,00;24;72;197;48;30;940;696
1670;77,56;63,45;0,00;0,00;0,00;0,06;0,00;0,00;480;174;91;14;32;232;432
1671;57,98;-113,97;0,00;0,00;0,00;-0,11;0,00;0,00;299;66;107;17;20;161;778
1672;33,77;-344,36;0,00;0,00;0,00;-0,34;0,00;0,00;353;116;13;46;20;372;863
1673;38,66;-290,51;0,00;0,00;0,00;-0,29;0,00;0,00;108;109;101;10;35;519;769
1674;71,60;51,75;0,00;0,00;0,00;0,05;0,00;0,00;309;145;48;16;22;503;463
1675;35,15;-298,38;0,00;0,00;0,00;-0,30;0,00;0,00;144;14;191;39;22;538;902
1676;62,82;-19,81;0,00;0,00;0,00;-0,02;0,00;0,00;158;110;43;25;15;961;131
1677;15,38;-504,31;0,00;0,00;0,00;-0,50;0,00;0,00;288;144;15;23;32;288;606
1678;7,59;-589,73;0,00;0,00;0,00;-0,59;0,00;0,00;377;43;17;33;19;382;290
1679;47,05;-271,00;0,00;0,00;0,00;-0,27;0,00;0,00;364;113;19;13;32;855;200
1680;18,46;-531,09;0,00;0,00;0,00;-0,53;0,00;0,00;343;83;167;35;19;431;141
1681;8,60;-543,81;0,00;0,00;0,00;-0,54;0,00;0,00;132;147;26;28;20;257;145
1682;97,94;379,42;0,00;0,00;0,00;0,38;0,00;0,00;358;45;96;13;19;961;348
1683;88,39;261,95;0,00;0,00;0,00;0,26;0,00;0,00;206;52;142;16;17;942;232
1684;98,01;373,24;0,00;0,00;0,00;0,37;0,00;0,00;379;21;158;47;16;427;261
1685;11,28;-670,73;0,00;0,00;0,00;-0,67;0,00;0,00;218;132;179;34;30;320;386
1686;48,27;-208,29;0,00;0,00;0,00;-0,21;0,00;0,00;438;111;77;22;26;489;168
1687;52,68;-121,94;0,00;0,00;0,00;-0,12;0,00;0,00;321;52;116;48;25;657;434
1688;36,28;-380,00;0,00;0,00;0,00;-0,38;0,00;0,00;151;46;37;47;33;114;233
1689;0,00;-699,29;0,00;0,00;0,00;-0,70;0,00;0,00;43;157;75;33;26;529;571
1690;36,16;-287,06;0,00;0,00;0,00;-0,29;0,00;0,00;36;189;66;18;35;532;118
1691;59,86;-125,00;0,00;0,00;0,00;-0,12;0,00;0,00;106;47;98;29;24;727;822
1692;9,64;-708,56;0,00;0,00;0,00;-0,71;0,00;0,00;191;125;42;28;21;232;604
1693;39,76;-254,50;0,00;0,00;0,00;-0,25;0,00;0,00;188;157;144;12;34;793;809
1694;35,14;-354,28;0,00;0,00;0,00;-0,35;0,00;0,00;16;70;52;39;32;496;986
1695;73,38;92,20;0,00;0,00;0,00;0,09;0,00;0,00;451;157;41;17;21;124;337
1696;9,11;-693,32;0,00;0,00;0,00;-0,69;0,00;0,00;101;137;139;20;30;927;126
1697;49,13;-237,26;0,00;0,00;0,00;-0,24;0,00;0,00;313;30;155;27;22;106;383
1698;53,34;-226,25;0,00;0,00;0,00;-0,23;0,00;0,00;81;25;144;43;16;400;195
1699;55,76;-162,96;0,00;0,00;0,00;-0,16;0,00;0,00;167;144;116;41;33;137;510
1700;100,00;287,75;0,00;0,00;0,00;0,29;0,00;0,00;33;176;170;22;19;345;856
1701;82,87;163,17;0,00;0,00;0,00;0,16;0,00;0,00;98;198;116;20;36;566;765
1702;16,57;-532,91;0,00;0,00;0,00;-0,53;0,00;0,00;344;133;140;34;36;537;851
1703;9,61;-621,39;0,00;0,00;0,00;-0,62;0,00;0,00;439;164;167;32;20;476;541
1704;51,41;-106,28;0,00;0,00;0,00;-0,11;0,00;0,00;486;118;183;24;30;898;741
1705;100,00;274,79;0,00;0,00;0,00;0,27;0,00;0,00;307;80;50;36;34;292;459
1706;22,05;-504,35;0,00;0,00;0,00;-0,50;0,00;0,00;162;99;30;48;22;553;722
1707;23,49;-450,85;0,00;0,00;0,00;-0,45;0,00;0,00;268;78;148;22;18;168;430
1708;100,00;289,03;0,00;0,00;0,00;0,29;0,00;0,00;105;178;61;20;24;905;896
1709;38,02;-385,93;0,00;0,00;0,00;-0,39;0,00;0,00;203;20;59;48;23;962;290
1710;75,24;33,56;0,00;0,00;0,00;0,03;0,00;0,00;439;38;147;37;20;591;387
1711;24,15;-442,36;0,00;0,00;0,00;-0,44;0,00;0,00;270;72;193;40;29;510;888
1712;31,31;-362,00;0,00;0,00;0,00;-0,36;0,00;0,00;473;34;129;23;19;760;736
1713;64,16;-54,78;0,00;0,00;0,00;-0,05;0,00;0,00;195;16;21;48;21;948;138
1714;57,75;-198,99;0,00;0,00;0,00;-0,20;0,00;0,00;159;184;105;26;34;244;188
1715;69,83;25,98;0,00;0,00;0,00;0,03;0,00;0,00;295;25;144;19;17;156;520
1716;69,42;31,03;0,00;0,00;0,00;0,03;0,00;0,00;133;111;147;11;31;582;467
1717;37,75;-329,99;0,00;0,00;0,00;-0,33;0,00;0,00;164;39;137;33;28;888;736
1718;60,18;-48,60;0,00;0,00;0,00;-0,05;0,00;0,00;444;125;141;36;20;857;267
1719;14,09;-596,00;0,00;0,00;0,00;-0,60;0,00;0,00;313;71;45;45;23;831;567
1720;43,00;-237,32;0,00;0,00;0,00;-0,24;0,00;0,00;437;140;63;41;31;162;557
1721;31,42;-437,57;0,00;0,00;0,00;-0,44;0,00;0,00;485;136;151;19;32;583;609
1722;78,08;81,99;0,00;0,00;0,00;0,08;0,00;0,00;27;43;187;19;21;575;144
1723;37,40;-263,89;0,00;0,00;0,00;-0,26;0,00;0,00;251;185;127;35;16;253;131
1724;36,37;-339,46;0,00;0,00;0,00;-0,34;0,00;0,00;57;29;49;13;32;674;926
1725;31,67;-338,87;0,00;0,00;0,00;-0,34;0,00;0,00;492;97;157;48;17;533;305
1726;54,03;-164,01;0,00;0,00;0,00;-0,16;0,00;0,00;368;176;88;32;26;239;535
1727;49,79;-196,16;0,00;0,00;0,00;-0,20;0,00;0,00;82;20;193;10;31;215;389
1728;59,68;-172,75;0,00;0,00;0,00;-0,17;0,00;0,00;163;186;190;26;19;495;981
1729;75,32;57,82;0,00;0,00;0,00;0,06;0,00;0,00;277;26;29;43;15;291;523
1730;69,83;-17,97;0,00;0,00;0,00;-0,02;0,00;0,00;355;188;189;10;18;478;972
1731;13,76;-564,52;0,00;0,00;0,00;-0,56;0,00;0,00;101;179;38;14;18;342;258
1732;65,22;-33,96;0,00;0,00;0,00;-0,03;0,00;0,00;410;53;114;43;38;960;250
1733;56,38;-93,42;0,00;0,00;0,00;-0,09;0,00;0,00;235;93;97;28;15;483;458
1734;70,18;8,36;0,00;0,00;0,00;0,01;0,00;0,00;468;156;83;36;18;188;117
1735;75,17;78,19;0,00;0,00;0,00;0,08;0,00;0,00;38;57;17;49;26;157;481
1736;46,13;-243,66;0,00;0,00;0,00;-0,24;0,00;0,00;279;164;60;39;39;368;114
1737;54,15;-149,99;0,00;0,00;0,00;-0,15;0,00;0,00;329;166;157;16;24;118;923
1738;86,14;252,95;0,00;0,00;0,00;0,25;0,00;0,00;419;129;199;36;33;232;573
1739;44,87;-242,14;0,00;0,00;0,00;-0,24;0,00;0,00;201;115;138;35;30;626;313
1740;58,36;-108,67;0,00;0,00;0,00;-0,11;0,00;0,00;76;120;139;34;36;831;106
1741;27,12;-453,13;0,00;0,00;0,00;-0,45;0,00;0,00;116;178;181;33;28;512;793
1742;21,36;-518,37;0,00;0,00;0,00;-0,52;0,00;0,00;158;73;25;36;23;253;365
1743;27,71;-412,32;0,00;0,00;0,00;-0,41;0,00;0,00;212;83;162;32;17;353;526
1744;9,47;-577,59;0,00;0,00;0,00;-0,58;0,00;0,00;441;33;78;23;26;539;705
1745;49,55;-249,71;0,00;0,00;0,00;-0,25;0,00;0,00;311;28;27;33;33;646;689
1746;25,67;-456,98;0,00;0,00;0,00;-0,46;0,00;0,00;462;142;128;28;35;948;406
1747;100,00;316,55;0,00;0,00;0,00;0,32;0,00;0,00;121;113;30;41;22;198;220
1748;38,58;-222,85;0,00;0,00;0,00;-0,22;0,00;0,00;366;150;58;45;24;504;974
1749;36,74;-364,46;0,00;0,00;0,00;-0,36;0,00;0,00;497;179;175;46;17;483;693
1750;40,21;-299,91;0,00;0,00;0,00;-0,30;0,00;0,00;47;87;97;43;19;771;227
1751;47,04;-260,78;0,00;0,00;0,00;-0,26;0,00;0,00;283;170;112;48;29;659;515
1752;32,23;-373,99;0,00;0,00;0,00;-0,37;0,00;0,00;345;79;14;18;26;489;948
1753;67,21;42,99;0,00;0,00;0,00;0,04;0,00;0,00;477;180;170;36;39;740;976
1754;25,11;-454,44;0,00;0,00;0,00;-0,45;0,00;0,00;50;49;115;20;23;976;186
1755;72,87;40,83;0,00;0,00;0,00;0,04;0,00;0,00;362;179;82;32;22;779;263
1756;98,03;353,52;0,00;0,00;0,00;0,35;0,00;0,00;159;144;71;16;19;788;567
1757;77,14;38,82;0,00;0,00;0,00;0,04;0,00;0,00;97;70;189;45;22;368;393
1758;30,27;-376,52;0,00;0,00;0,00;-0,38;0,00;0,00;470;128;75;28;27;658;450
1759;52,78;-265,79;0,00;0,00;0,00;-0,27;0,00;0,00;46;187;138;49;18;877;345
1760;56,11;-119,68;0,00;0,00;0,00;-0,12;0,00;0,00;454;159;67;33;25;903;297
1761;28,24;-411,96;0,00;0,00;0,00;-0,41;0,00;0,00;278;188;160;18;24;435;360
1762;62,23;-126,47;0,00;0,00;0,00;-0,13;0,00;0,00;494;98;96;30;15;726;197
1763;71,73;25,34;0,00;0,00;0,00;0,03;0,00;0,00;439;92;124;24;20;762;784
1764;85,87;154,63;0,00;0,00;0,00;0,15;0,00;0,00;207;168;93;21;38;968;285
1765;20,96;-462,43;0,00;0,00;0,00;-0,46;0,00;0,00;165;39;195;34;17;458;504
1766;60,29;-32,99;0,00;0,00;0,00;-0,03;0,00;0,00;31;49;98;32;35;237;616
1767;3,17;-643,68;0,00;0,00;0,00;-0,64;0,00;0,00;39;22;172;46;18;327;628
1768;38,20;-300,01;0,00;0,00;0,00;-0,30;0,00;0,00;225;192;44;17;39;961;725
1769;65,91;-128,62;0,00;0,00;0,00;-0,13;0,00;0,00;472;196;134;39;16;488;193
1770;60,04;-94,66;0,00;0,00;0,00;-0,09;0,00;0,00;396;117;24;40;29;203;532
1771;38,92;-212,13;0,00;0,00;0,00;-0,21;0,00;0,00;149;62;177;47;39;405;782
1772;73,93;26,79;0,00;0,00;0,00;0,03;0,00;0,00;417;175;199;24;15;474;908
1773;2,46;-628,45;0,00;0,00;0,00;-0,63;0,00;0,00;80;191;153;44;26;386;749
1774;66,83;93,38;0,00;0,00;0,00;0,09;0,00;0,00;203;32;53;23;31;673;935
1775;55,60;-152,88;0,00;0,00;0,00;-0,15;0,00;0,00;205;64;148;35;20;114;747
1776;0,00;-663,31;0,00;0,00;0,00;-0,66;0,00;0,00;435;102;10;29;26;607;862
1777;81,20;194,85;0,00;0,00;0,00;0,19;0,00;0,00;460;90;84;44;35;952;226
1778;33,82;-369,40;0,00;0,00;0,00;-0,37;0,00;0,00;479;165;141;39;32;865;464
1779;4,09;-611,33;0,00;0,00;0,00;-0,61;0,00;0,00;129;35;193;10;29;169;770
1780;19,25;-470,89;0,00;0,00;0,00;-0,47;0,00;0,00;71;113;121;23;33;391;631
1781;42,37;-274,01;0,00;0,00;0,00;-0,27;0,00;0,00;329;198;156;21;28;803;695
1782;0,00;-680,30;0,00;0,00;0,00;-0,68;0,00;0,00;36;80;110;13;17;526;323
1783;75,82;38,40;0,00;0,00;0,00;0,04;0,00;0,00;183;52;175;44;32;529;990
1784;64,24;-95,79;0,00;0,00;0,00;-0,10;0,00;0,00;433;29;76;22;15;400;630
1785;48,02;-199,69;0,00;0,00;0,00;-0,20;0,00;0,00;481;94;144;18;34;315;285
1786;48,36;-258,83;0,00;0,00;0,00;-0,26;0,00;0,00;403;91;168;33;24;703;506
1787;61,93;-40,37;0,00;0,00;0,00;-0,04;0,00;0,00;221;188;195;13;24;905;797
1788;16,98;-493,21;0,00;0,00;0,00;-0,49;0,00;0,00;260;118;141;32;31;384;828
1789;48,63;-173,70;0,00;0,00;0,00;-0,17;0,00;0,00;63;63;149;41;29;293;669
1790;85,23;154,84;0,00;0,00;0,00;0,15;0,00;0,00;388;12;54;38;22;650;388
1791;29,31;-428,42;0,00;0,00;0,00;-0,43;0,00;0,00;412;155;190;31;17;640;288
1792;22,58;-454,69;0,00;0,00;0,00;-0,45;0,00;0,00;322;79;154;21;30;143;922
1793;82,75;74,75;0,00;0,00;0,00;0,07;0,00;0,00;219;83;188;22;36;748;744
1794;22,85;-487,43;0,00;0,00;0,00;-0,49;0,00;0,00;430;82;94;45;28;103;711
1795;37,94;-372,60;0,00;0,00;0,00;-0,37;0,00;0,00;30;85;60;27;20;552;810
1796;37,26;-343,59;0,00;0,00;0,00;-0,34;0,00;0,00;34;198;114;24;22;696;137
1797;13,32;-597,97;0,00;0,00;0,00;-0,60;0,00;0,00;392;17;87;46;21;443;725
1798;37,82;-398,91;0,00;0,00;0,00;-0,40;0,00;0,00;57;167;194;31;36;974;630
1799;59,22;40,89;0,00;0,00;0,00;0,04;0,00;0,00;352;95;158;43;37;307;552
1800;8,46;-654,36;0,00;0,00;0,00;-0,65;0,00;0,00;408;42;45;21;39;649;253
1801;27,20;-478,20;0,00;0,00;0,00;-0,48;0,00;0,00;302;134;181;19;17;321;792
1802;95,33;244,91;0,00;0,00;0,00;0,24;0,00;0,00;95;80;131;24;22;239;211
1803;11,12;-547,86;0,00;0,00;0,00;-0,55;0,00;0,00;168;57;176;17;28;947;162
1804;47,14;-288,67;0,00;0,00;0,00;-0,29;0,00;0,00;75;98;92;14;21;917;911
1805;66,42;14,25;0,00;0,00;0,00;0,01;0,00;0,00;438;168;69;45;28;887;561
1806;22,67;-478,51;0,00;0,00;0,00;-0,48;0,00;0,00;291;158;195;37;18;729;264
1807;39,53;-321,58;0,00;0,00;0,00;-0,32;0,00;0,00;274;155;81;14;35;994;962
1808;11,05;-523,85;0,00;0,00;0,00;-0,52;0,00;0,00;148;199;167;42;29;542;451
1809;0,00;-742,85;0,00;0,00;0,00;-0,74;0,00;0,00;451;43;159;37;29;925;688
1810;85,39;59,60;0,00;0,00;0,00;0,06;0,00;0,00;196;186;78;22;29;293;474
1811;100,00;188,38;0,00;0,00;0,00;0,19;0,00;0,00;201;116;75;47;19;611;435
1812;7,95;-628,14;0,00;0,00;0,00;-0,63;0,00;0,00;102;30;97;30;39;513;202
1813;87,33;172,66;0,00;0,00;0,00;0,17;0,00;0,00;402;32;70;25;20;859;221
1814;41,43;-323,32;0,00;0,00;0,00;-0,32;0,00;0,00;269;155;197;45;24;883;932
1815;100,00;262,55;0,00;0,00;0,00;0,26;0,00;0,00;296;197;163;39;30;281;947
1816;84,83;175,24;0,00;0,00;0,00;0,18;0,00;0,00;24;145;183;37;27;147;184
1817;23,55;-471,75;0,00;0,00;0,00;-0,47;0,00;0,00;267;88;187;23;27;473;312
1818;41,04;-267,27;0,00;0,00;0,00;-0,27;0,00;0,00;242;117;162;31;23;797;661
1819;0,00;-746,49;0,00;0,00;0,00;-0,75;0,00;0,00;294;126;145;26;22;102;501
1820;63,98;-25,81;0,00;0,00;0,00;-0,03;0,00;0,00;491;68;52;41;28;171;627
1821;36,00;-316,71;0,00;0,00;0,00;-0,32;0,00;0,00;204;191;19;35;26;439;929
1822;72,42;42,11;0,00;0,00;0,00;0,04;0,00;0,00;460;126;28;32;17;994;484
1823;49,75;-200,64;0,00;0,00;0,00;-0,20;0,00;0,00;483;98;142;23;19;168;436
1824;38,57;-297,82;0,00;0,00;0,00;-0,30;0,00;0,00;349;63;29;36;19;924;890
1825;48,27;-204,41;0,00;0,00;0,00;-0,20;0,00;0,00;261;108;49;28;23;625;463
1826;72,23;69,12;0,00;0,00;0,00;0,07;0,00;0,00;377;189;118;38;35;497;698
1827;20,12;-499,15;0,00;0,00;0,00;-0,50;0,00;0,00;141;147;162;30;27;791;357
1828;76,41;17,57;0,00;0,00;0,00;0,02;0,00;0,00;90;14;163;45;37;470;878
1829;66,57;27,43;0,00;0,00;0,00;0,03;0,00;0,00;120;182;133;36;28;125;734
1830;46,18;-207,03;0,00;0,00;0,00;-0,21;0,00;0,00;18;71;194;15;32;354;911
1831;22,49;-368,98;0,00;0,00;0,00;-0,37;0,00;0,00;397;31;80;21;31;635;940
1832;13,90;-501,57;0,00;0,00;0,00;-0,50;0,00;0,00;309;13;65;19;36;905;103
1833;65,41;-46,93;0,00;0,00;0,00;-0,05;0,00;0,00;470;181;129;33;38;469;521
1834;47,23;-269,72;0,00;0,00;0,00;-0,27;0,00;0,00;235;165;68;41;31;242;214
1835;32,79;-338,66;0,00;0,00;0,00;-0,34;0,00;0,00;490;107;134;20;20;975;150
1836;39,24;-322,60;0,00;0,00;0,00;-0,32;0,00;0,00;210;20;176;33;31;594;573
1837;99,54;240,47;0,00;0,00;0,00;0,24;0,00;0,00;418;74;131;35;20;768;132
1838;0,00;-739,50;0,00;0,00;0,00;-0,74;0,00;0,00;162;14;66;34;26;295;800
1839;27,98;-434,99;0,00;0,00;0,00;-0,43;0,00;0,00;34;21;48;10;28;243;929
1840;18,67;-588,38;0,00;0,00;0,00;-0,59;0,00;0,00;31;57;176;47;16;636;187
1841;49,11;-240,40;0,00;0,00;0,00;-0,24;0,00;0,00;191;47;181;20;30;243;477
1842;10,25;-649,14;0,00;0,00;0,00;-0,65;0,00;0,00;390;160;126;16;25;958;637
1843;47,81;-278,18;0,00;0,00;0,00;-0,28;0,00;0,00;412;134;42;32;16;693;955
1844;57,56;-104,96;0,00;0,00;0,00;-0,10;0,00;0,00;227;57;180;12;37;136;394
1845;73,34;-25,31;0,00;0,00;0,00;-0,03;0,00;0,00;354;86;182;46;16;141;625
1846;29,50;-355,94;0,00;0,00;0,00;-0,36;0,00;0,00;385;51;33;43;34;747;128
1847;76,81;113,65;0,00;0,00;0,00;0,11;0,00;0,00;143;144;157;49;29;444;342
1848;60,16;-132,05;0,00;0,00;0,00;-0,13;0,00;0,00;315;88;157;31;38;621;900
1849;46,39;-251,34;0,00;0,00;0,00;-0,25;0,00;0,00;57;66;142;30;31;232;586
1850;59,61;-87,61;0,00;0,00;0,00;-0,09;0,00;0,00;274;83;64;17;38;625;379
1851;44,88;-249,15;0,00;0,00;0,00;-0,25;0,00;0,00;364;55;64;13;21;220;589
1852;98,60;288,65;0,00;0,00;0,00;0,29;0,00;0,00;189;65;73;30;35;581;796
1853;1,24;-760,45;0,00;0,00;0,00;-0,76;0,00;0,00;259;14;30;13;15;744;518
1854;0,00;-786,06;0,00;0,00;0,00;-0,79;0,00;0,00;376;190;151;28;16;135;116
1855;40,07;-294,47;0,00;0,00;0,00;-0,29;0,00;0,00;293;133;102;26;37;643;893
1856;65,13;-5,29;0,00;0,00;0,00;-0,01;0,00;0,00;139;51;83;43;35;813;633
1857;42,65;-219,14;0,00;0,00;0,00;-0,22;0,00;0,00;343;60;69;42;28;909;383
1858;98,23;302,33;0,00;0,00;0,00;0,30;0,00;0,00;143;101;91;22;16;513;587
1859;25,54;-406,23;0,00;0,00;0,00;-0,41;0,00;0,00;153;20;132;43;37;399;709
1860;16,13;-532,55;0,00;0,00;0,00;-0,53;0,00;0,00;237;106;198;17;16;642;119
1861;18,75;-482,78;0,00;0,00;0,00;-0,48;0,00;0,00;368;132;29;10;33;446;146
1862;44,98;-315,23;0,00;0,00;0,00;-0,32;0,00;0,00;24;148;145;16;32;242;393
1863;18,99;-491,35;0,00;0,00;0,00;-0,49;0,00;0,00;231;114;167;37;26;568;919
1864;59,38;-12,41;0,00;0,00;0,00;-0,01;0,00;0,00;197;174;18;41;35;824;125
1865;89,09;144,48;0,00;0,00;0,00;0,14;0,00;0,00;466;33;124;27;30;494;369
1866;47,35;-180,79;0,00;0,00;0,00;-0,18;0,00;0,00;41;81;192;14;30;912;387
1867;55,17;-156,32;0,00;0,00;0,00;-0,16;0,00;0,00;78;176;50;39;20;432;329
1868;73,52;14,42;0,00;0,00;0,00;0,01;0,00;0,00;11;49;167;46;38;649;161
1869;0,00;-645,99;0,00;0,00;0,00;-0,65;0,00;0,00;363;164;68;15;16;559;627
1870;64,34;-118,29;0,00;0,00;0,00;-0,12;0,00;0,00;220;140;116;37;28;754;504
1871;63,19;-2,36;0,00;0,00;0,00;-0,00;0,00;0,00;260;133;18;32;20;693;352
1872;53,68;-176,42;0,00;0,00;0,00;-0,18;0,00;0,00;111;121;71;46;21;619;219
1873;56,92;-111,16;0,00;0,00;0,00;-0,11;0,00;0,00;351;77;127;19;16;597;981
1874;38,26;-309,71;0,00;0,00;0,00;-0,31;0,00;0,00;374;106;80;40;25;683;226
1875;92,22;199,77;0,00;0,00;0,00;0,20;0,00;0,00;16;94;90;37;30;453;362
1876;51,64;-83,00;0,00;0,00;0,00;-0,08;0,00;0,00;280;53;157;31;36;659;664
1877;51,15;-222,35;0,00;0,00;0,00;-0,22;0,00;0,00;232;119;44;37;30;545;484
1878;0,00;-739,63;0,00;0,00;0,00;-0,74;0,00;0,00;307;170;25;44;33;867;203
1879;59,82;3,81;0,00;0,00;0,00;0,00;0,00;0,00;448;109;109;17;20;181;618
1880;83,16;112,48;0,00;0,00;0,00;0,11;0,00;0,00;137;79;118;24;17;322;197
1881;72,41;42,71;0,00;0,00;0,00;0,04;0,00;0,00;258;46;53;45;25;202;844
1882;29,95;-398,44;0,00;0,00;0,00;-0,40;0,00;0,00;244;155;122;15;25;253;396
1883;50,14;-175,44;0,00;0,00;0,00;-0,18;0,00;0,00;372;135;62;36;26;689;639
1884;56,53;-101,90;0,00;0,00;0,00;-0,10;0,00;0,00;98;125;110;16;32;924;303
1885;75,45;92,48;0,00;0,00;0,00;0,09;0,00;0,00;340;53;173;43;37;659;132
1886;100,00;380,82;0,00;0,00;0,00;0,38;0,00;0,00;347;151;67;33;31;821;524
1887;34,83;-365,59;0,00;0,00;0,00;-0,37;0,00;0,00;371;74;50;27;19;642;686
1888;40,54;-278,14;0,00;0,00;0,00;-0,28;0,00;0,00;196;127;115;41;21;215;550
1889;30,47;-434,55;0,00;0,00;0,00;-0,43;0,00;0,00;145;193;184;37;38;116;476
1890;50,47;-224,73;0,00;0,00;0,00;-0,22;0,00;0,00;282;178;108;23;18;602;351
1891;24,29;-318,04;0,00;0,00;0,00;-0,32;0,00;0,00;212;139;73;16;36;356;233
1892;38,78;-293,34;0,00;0,00;0,00;-0,29;0,00;0,00;273;189;163;35;15;662;582
1893;38,49;-358,77;0,00;0,00;0,00;-0,36;0,00;0,00;50;177;77;29;24;496;794
1894;63,65;-106,39;0,00;0,00;0,00;-0,11;0,00;0,00;471;121;52;12;38;767;357
1895;53,51;-195,09;0,00;0,00;0,00;-0,20;0,00;0,00;425;103;132;31;35;845;273
1896;80,43;110,39;0,00;0,00;0,00;0,11;0,00;0,00;329;132;134;12;28;798;230
1897;39,38;-246,69;0,00;0,00;0,00;-0,25;0,00;0,00;303;165;76;47;33;571;820
1898;25,48;-504,08;0,00;0,00;0,00;-0,50;0,00;0,00;476;149;51;42;34;149;317
1899;54,03;-128,11;0,00;0,00;0,00;-0,13;0,00;0,00;409;182;128;21;20;878;106
1900;19,10;-525,94;0,00;0,00;0,00;-0,53;0,00;0,00;193;161;38;27;15;261;126
1901;62,54;-150,57;0,00;0,00;0,00;-0,15;0,00;0,00;386;169;137;40;17;337;851
1902;55,80;-206,71;0,00;0,00;0,00;-0,21;0,00;0,00;107;135;40;22;16;852;903
1903;99,26;287,47;0,00;0,00;0,00;0,29;0,00;0,00;449;169;150;31;33;812;855
1904;64,05;19,28;0,00;0,00;0,00;0,02;0,00;0,00;348;53;186;23;27;755;561
1905;46,62;-267,81;0,00;0,00;0,00;-0,27;0,00;0,00;249;97;70;26;18;929;468
1906;31,76;-436,05;0,00;0,00;0,00;-0,44;0,00;0,00;206;88;22;16;36;647;833
1907;55,11;-139,03;0,00;0,00;0,00;-0,14;0,00;0,00;293;99;131;39;31;949;764
1908;27,08;-402,01;0,00;0,00;0,00;-0,40;0,00;0,00;338;60;37;33;33;224;683
1909;18,78;-565,99;0,00;0,00;0,00;-0,57;0,00;0,00;214;67;181;27;23;807;922
1910;0,00;-705,92;0,00;0,00;0,00;-0,71;0,00;0,00;183;113;176;35;26;135;829
1911;37,52;-226,04;0,00;0,00;0,00;-0,23;0,00;0,00;352;101;133;27;26;217;826
1912;59,84;-65,72;0,00;0,00;0,00;-0,07;0,00;0,00;460;140;36;35;32;696;951
1913;55,85;-170,58;0,00;0,00;0,00;-0,17;0,00;0,00;48;41;110;22;26;393;228
1914;72,44;-18,09;0,00;0,00;0,00;-0,02;0,00;0,00;52;115;188;35;24;939;177
1915;32,38;-357,21;0,00;0,00;0,00;-0,36;0,00;0,00;116;36;182;41;26;151;893
1916;49,05;-154,63;0,00;0,00;0,00;-0,15;0,00;0,00;456;50;180;47;38;158;479
1917;38,27;-291,35;0,00;0,00;0,00;-0,29;0,00;0,00;202;106;124;40;16;712;246
1918;43,11;-278,43;0,00;0,00;0,00;-0,28;0,00;0,00;471;112;171;21;23;545;436
1919;24,29;-414,14;0,00;0,00;0,00;-0,41;0,00;0,00;421;199;74;15;35;766;896
1920;38,02;-321,12;0,00;0,00;0,00;-0,32;0,00;0,00;123;77;148;26;33;558;388
1921;73,31;3,24;0,00;0,00;0,00;0,00;0,00;0,00;41;163;85;31;34;573;434
1922;0,00;-689,60;0,00;0,00;0,00;-0,69;0,00;0,00;94;72;47;49;34;641;904
1923;55,50;-18,02;0,00;0,00;0,00;-0,02;0,00;0,00;285;111;128;26;36;658;871
1924;57,95;-44,13;0,00;0,00;0,00;-0,04;0,00;0,00;477;75;103;24;36;401;278
1925;84,16;181,25;0,00;0,00;0,00;0,18;0,00;0,00;420;145;54;40;16;578;407
1926;100,00;280,94;0,00;0,00;0,00;0,28;0,00;0,00;345;189;153;34;24;959;615
1927;45,44;-290,10;0,00;0,00;0,00;-0,29;0,00;0,00;291;101;29;35;36;357;332
1928;28,67;-354,54;0,00;0,00;0,00;-0,35;0,00;0,00;316;168;14;28;28;451;461
1929;62,53;-119,29;0,00;0,00;0,00;-0,12;0,00;0,00;411;102;109;42;27;365;864
1930;52,83;-208,33;0,00;0,00;0,00;-0,21;0,00;0,00;188;64;12;21;32;298;786
1931;45,03;-185,59;0,00;0,00;0,00;-0,19;0,00;0,00;303;31;197;38;16;772;898
1932;55,45;-134,98;0,00;0,00;0,00;-0,13;0,00;0,00;88;194;49;39;17;952;416
1933;39,37;-327,27;0,00;0,00;0,00;-0,33;0,00;0,00;407;140;77;17;23;235;399
1934;30,41;-406,33;0,00;0,00;0,00;-0,41;0,00;0,00;286;182;115;27;23;997;483
1935;95,03;270,02;0,00;0,00;0,00;0,27;0,00;0,00;98;15;106;35;26;479;553
1936;59,55;-92,78;0,00;0,00;0,00;-0,09;0,00;0,00;457;66;65;36;25;206;503
1937;60,60;-10,62;0,00;0,00;0,00;-0,01;0,00;0,00;498;131;189;10;36;767;309
1938;35,50;-307,86;0,00;0,00;0,00;-0,31;0,00;0,00;264;116;103;24;32;588;350
1939;45,68;-228,64;0,00;0,00;0,00;-0,23;0,00;0,00;78;148;35;28;21;147;509
1940;41,51;-324,03;0,00;0,00;0,00;-0,32;0,00;0,00;217;172;57;16;17;705;968
1941;34,98;-490,71;0,00;0,00;0,00;-0,49;0,00;0,00;340;147;139;32;38;918;878
1942;89,41;211,65;0,00;0,00;0,00;0,21;0,00;0,00;143;38;86;14;37;887;833
1943;88,00;212,05;0,00;0,00;0,00;0,21;0,00;0,00;338;193;138;48;21;258;604
1944;0,00;-637,08;0,00;0,00;0,00;-0,64;0,00;0,00;352;140;139;44;26;886;694
1945;84,81;198,83;0,00;0,00;0,00;0,20;0,00;0,00;28;142;25;45;16;847;260
1946;73,99;56,15;0,00;0,00;0,00;0,06;0,00;0,00;443;132;174;30;27;183;652
1947;88,08;156,01;0,00;0,00;0,00;0,16;0,00;0,00;32;123;14;33;38;826;794
1948;34,88;-293,02;0,00;0,00;0,00;-0,29;0,00;0,00;435;19;193;12;27;736;258
1949;33,50;-445,59;0,00;0,00;0,00;-0,45;0,00;0,00;12;83;91;48;21;877;375
1950;76,01;-71,29;0,00;0,00;0,00;-0,07;0,00;0,00;498;96;41;25;17;890;973
1951;73,47;70,72;0,00;0,00;0,00;0,07;0,00;0,00;15;168;102;45;33;424;374
1952;13,12;-545,35;0,00;0,00;0,00;-0,55;0,00;0,00;53;163;60;19;15;825;562
1953;58,00;-156,38;0,00;0,00;0,00;-0,16;0,00;0,00;99;39;44;26;27;473;539
1954;58,57;-142,01;0,00;0,00;0,00;-0,14;0,00;0,00;194;160;74;47;39;875;673
1955;59,04;-107,60;0,00;0,00;0,00;-0,11;0,00;0,00;227;44;45;37;33;647;741
1956;68,88;72,14;0,00;0,00;0,00;0,07;0,00;0,00;108;55;18;35;38;299;771
1957;7,41;-648,80;0,00;0,00;0,00;-0,65;0,00;0,00;85;155;14;10;37;718;502
1958;56,43;-261,19;0,00;0,00;0,00;-0,26;0,00;0,00;445;194;134;23;36;109;107
1959;5,24;-741,75;0,00;0,00;0,00;-0,74;0,00;0,00;285;68;74;28;24;909;221
1960;14,92;-496,41;0,00;0,00;0,00;-0,50;0,00;0,00;193;154;142;17;36;767;664
1961;43,28;-203,66;0,00;0,00;0,00;-0,20;0,00;0,00;35;111;82;31;38;211;747
1962;66,87;-29,67;0,00;0,00;0,00;-0,03;0,00;0,00;150;27;63;39;21;277;468
1963;30,54;-303,45;0,00;0,00;0,00;-0,30;0,00;0,00;265;114;114;28;17;125;996
1964;37,92;-293,53;0,00;0,00;0,00;-0,29;0,00;0,00;58;28;104;41;26;752;650
1965;40,78;-354,06;0,00;0,00;0,00;-0,35;0,00;0,00;90;120;172;16;39;835;914
1966;61,57;-92,15;0,00;0,00;0,00;-0,09;0,00;0,00;271;80;77;37;25;744;701
1967;11,10;-607,86;0,00;0,00;0,00;-0,61;0,00;0,00;165;30;129;32;24;183;880
1968;75,79;-67,98;0,00;0,00;0,00;-0,07;0,00;0,00;423;130;186;31;21;248;499
1969;0,00;-679,57;0,00;0,00;0,00;-0,68;0,00;0,00;65;156;117;18;19;996;557
1970;87,34;182,23;0,00;0,00;0,00;0,18;0,00;0,00;34;77;36;39;17;834;618
1971;37,18;-328,57;0,00;0,00;0,00;-0,33;0,00;0,00;235;59;149;13;16;445;126
1972;39,81;-267,32;0,00;0,00;0,00;-0,27;0,00;0,00;207;20;169;40;15;314;621
1973;0,00;-610,79;0,00;0,00;0,00;-0,61;0,00;0,00;391;70;188;24;16;351;373
1974;47,86;-332,24;0,00;0,00;0,00;-0,33;0,00;0,00;106;76;134;22;27;901;915
1975;74,93;122,71;0,00;0,00;0,00;0,12;0,00;0,00;361;27;147;26;17;404;251
1976;57,60;24,20;0,00;0,00;0,00;0,02;0,00;0,00;81;43;175;40;34;534;812
1977;55,73;-196,66;0,00;0,00;0,00;-0,20;0,00;0,00;191;35;153;13;38;952;632
1978;18,13;-501,72;0,00;0,00;0,00;-0,50;0,00;0,00;239;112;124;21;38;909;676
1979;22,57;-510,65;0,00;0,00;0,00;-0,51;0,00;0,00;226;148;119;29;16;551;402
1980;30,02;-406,30;0,00;0,00;0,00;-0,41;0,00;0,00;469;147;12;38;27;409;163
1981;96,23;237,20;0,00;0,00;0,00;0,24;0,00;0,00;60;145;93;46;25;182;133
1982;69,28;-31,58;0,00;0,00;0,00;-0,03;0,00;0,00;474;183;44;22;27;655;587
1983;22,39;-458,42;0,00;0,00;0,00;-0,46;0,00;0,00;79;102;11;37;25;156;994
1984;99,34;204,16;0,00;0,00;0,00;0,20;0,00;0,00;24;115;48;41;20;482;739
1985;53,11;-115,72;0,00;0,00;0,00;-0,12;0,00;0,00;391;129;190;23;26;750;369
1986;49,21;-171,02;0,00;0,00;0,00;-0,17;0,00;0,00;367;33;19;46;32;458;485
1987;53,95;-175,90;0,00;0,00;0,00;-0,18;0,00;0,00;277;43;104;27;35;531;994
1988;45,36;-220,38;0,00;0,00;0,00;-0,22;0,00;0,00;345;88;151;31;21;304;290
1989;52,06;-237,88;0,00;0,00;0,00;-0,24;0,00;0,00;344;21;51;21;15;552;565
1990;46,24;-236,99;0,00;0,00;0,00;-0,24;0,00;0,00;255;154;121;35;24;397;122
1991;80,47;208,81;0,00;0,00;0,00;0,21;0,00;0,00;383;154;60;47;37;640;644
1992;38,64;-382,27;0,00;0,00;0,00;-0,38;0,00;0,00;214;54;193;38;28;642;161
1993;58,67;-130,56;0,00;0,00;0,00;-0,13;0,00;0,00;487;102;57;31;26;233;484
1994;58,75;-70,65;0,00;0,00;0,00;-0,07;0,00;0,00;306;37;171;43;18;910;265
1995;73,43;108,04;0,00;0,00;0,00;0,11;0,00;0,00;168;35;62;13;22;119;517
1996;18,43;-557,93;0,00;0,00;0,00;-0,56;0,00;0,00;345;91;72;23;38;347;756
1997;90,05;135,81;0,00;0,00;0,00;0,14;0,00;0,00;153;100;121;28;17;377;423
1998;86,17;168,26;0,00;0,00;0,00;0,17;0,00;0,00;54;58;153;40;25;176;435
1999;98,03;306,96;0,00;0,00;0,00;0,31;0,00;0,00;81;115;122;41;16;694;387
2000;100,00;298,75;0,00;0,00;0,00;0,30;0,00;0,00;349;29;153;16;32;901;192
2001;42,11;-288,19;0,00;0,00;0,00;-0,29;0,00;0,00;409;61;178;20;19;832;950
2002;41,52;-277,17;0,00;0,00;0,00;-0,28;0,00;0,00;327;114;16;16;34;733;900
2003;100,00;317,24;0,00;0,00;0,00;0,32;0,00;0,00;345;19;108;16;34;984;175
2004;70,88;-11,79;0,00;0,00;0,00;-0,01;0,00;0,00;289;119;149;20;31;444;415
2005;92,95;282,61;0,00;0,00;0,00;0,28;0,00;0,00;115;50;51;12;29;743;848
2006;21,91;-468,17;0,00;0,00;0,00;-0,47;0,00;0,00;105;160;169;22;25;946;161
2007;15,22;-475,89;0,00;0,00;0,00;-0,48;0,00;0,00;172;18;126;37;27;697;423
2008;36,64;-398,39;0,00;0,00;0,00;-0,40;0,00;0,00;46;38;88;46;35;301;596
2009;62,60;-44,28;0,00;0,00;0,00;-0,04;0,00;0,00;21;148;176;22;27;455;957
2010;50,52;-187,48;0,00;0,00;0,00;-0,19;0,00;0,00;153;173;181;18;20;503;123
2011;60,89;-77,08;0,00;0,00;0,00;-0,08;0,00;0,00;207;26;147;36;30;481;730
2012;26,83;-369,64;0,00;0,00;0,00;-0,37;0,00;0,00;352;175;185;17;31;426;981
2013;72,67;43,75;0,00;0,00;0,00;0,04;0,00;0,00;11;29;70;38;23;588;703
2014;14,82;-652,88;0,00;0,00;0,00;-0,65;0,00;0,00;442;134;183;27;20;333;786
2015;41,90;-264,06;0,00;0,00;0,00;-0,26;0,00;0,00;154;65;98;31;24;989;151
2016;36,75;-258,30;0,00;0,00;0,00;-0,26;0,00;0,00;495;53;105;32;25;628;861
2017;24,33;-487,45;0,00;0,00;0,00;-0,49;0,00;0,00;482;46;59;27;23;550;882
2018;67,95;-56,76;0,00;0,00;0,00;-0,06;0,00;0,00;76;32;150;41;26;912;179
2019;5,21;-686,65;0,00;0,00;0,00;-0,69;0,00;0,00;245;175;75;33;24;602;956
2020;16,50;-501,07;0,00;0,00;0,00;-0,50;0,00;0,00;77;97;159;38;18;473;879
2021;19,14;-492,63;0,00;0,00;0,00;-0,49;0,00;0,00;307;26;144;32;16;220;398
2022;29,41;-404,33;0,00;0,00;0,00;-0,40;0,00;0,00;329;99;158;48;27;178;332
2023;0,00;-661,45;0,00;0,00;0,00;-0,66;0,00;0,00;263;25;86;27;28;638;351
2024;85,83;238,36;0,00;0,00;0,00;0,24;0,00;0,00;120;115;19;45;27;159;963
2025;93,11;125,69;0,00;0,00;0,00;0,13;0,00;0,00;258;22;79;13;35;548;362
2026;47,50;-250,88;0,00;0,00;0,00;-0,25;0,00;0,00;32;135;92;30;35;402;230
2027;46,11;-263,03;0,00;0,00;0,00;-0,26;0,00;0,00;46;66;79;29;32;724;769
2028;30,68;-374,05;0,00;0,00;0,00;-0,37;0,00;0,00;490;72;88;26;38;541;120
2029;67,72;-38,80;0,00;0,00;0,00;-0,04;0,00;0,00;475;33;26;36;39;218;464
2030;2,00;-667,99;0,00;0,00;0,00;-0,67;0,00;0,00;235;161;42;38;38;789;205
2031;51,59;-156,21;0,00;0,00;0,00;-0,16;0,00;0,00;255;124;125;44;36;164;170
2032;57,72;-91,51;0,00;0,00;0,00;-0,09;0,00;0,00;116;112;121;20;37;555;697
2033;77,97;89,15;0,00;0,00;0,00;0,09;0,00;0,00;149;14;188;23;21;106;234
2034;100,00;282,64;0,00;0,00;0,00;0,28;0,00;0,00;252;79;134;41;22;714;886
2035;41,63;-233,32;0,00;0,00;0,00;-0,23;0,00;0,00;315;189;120;13;20;997;748
2036;76,09;76,65;0,00;0,00;0,00;0,08;0,00;0,00;260;144;170;13;22;966;384
2037;43,03;-247,56;0,00;0,00;0,00;-0,25;0,00;0,00;97;71;66;48;24;551;178
2038;0,00;-701,79;0,00;0,00;0,00;-0,70;0,00;0,00;125;119;72;21;38;315;841
2039;62,05;5,31;0,00;0,00;0,00;0,01;0,00;0,00;325;188;90;37;22;392;511
2040;100,00;350,94;0,00;0,00;0,00;0,35;0,00;0,00;312;186;125;48;26;258;789
2041;18,44;-514,10;0,00;0,00;0,00;-0,51;0,00;0,00;189;179;163;33;28;737;489
2042;30,12;-418,21;0,00;0,00;0,00;-0,42;0,00;0,00;386;148;118;41;30;274;587
2043;32,24;-300,79;0,00;0,00;0,00;-0,30;0,00;0,00;158;193;198;44;18;919;632
2044;74,43;50,69;0,00;0,00;0,00;0,05;0,00;0,00;452;127;23;37;18;241;375
2045;77,10;120,58;0,00;0,00;0,00;0,12;0,00;0,00;265;140;93;10;28;318;146
2046;80,71;104,80;0,00;0,00;0,00;0,10;0,00;0,00;467;68;110;47;26;793;750
2047;45,75;-323,81;0,00;0,00;0,00;-0,32;0,00;0,00;257;185;170;13;35;735;553
2048;86,71;152,74;0,00;0,00;0,00;0,15;0,00;0,00;95;181;30;43;20;499;794
2049;56,75;-183,12;0,00;0,00;0,00;-0,18;0,00;0,00;103;57;54;48;34;130;549
2050;59,49;-24,16;0,00;0,00;0,00;-0,02;0,00;0,00;82;110;196;12;25;111;978
2051;60,54;-77,44;0,00;0,00;0,00;-0,08;0,00;0,00;366;76;49;23;27;673;653
2052;61,23;-104,19;0,00;0,00;0,00;-0,10;0,00;0,00;235;136;53;11;39;955;268
2053;27,93;-337,67;0,00;0,00;0,00;-0,34;0,00;0,00;497;108;10;18;34;485;278
2054;42,03;-268,29;0,00;0,00;0,00;-0,27;0,00;0,00;202;120;157;18;20;905;404
2055;48,82;-183,40;0,00;0,00;0,00;-0,18;0,00;0,00;48;170;131;41;33;873;532
2056;54,43;-203,94;0,00;0,00;0,00;-0,20;0,00;0,00;137;169;194;13;33;379;439
2057;35,88;-284,68;0,00;0,00;0,00;-0,28;0,00;0,00;280;67;193;28;20;622;798
2058;39,86;-374,37;0,00;0,00;0,00;-0,37;0,00;0,00;120;37;132;13;28;864;461
2059;78,36;-2,76;0,00;0,00;0,00;-0,00;0,00;0,00;427;14;70;42;24;888;761
2060;55,47;-138,05;0,00;0,00;0,00;-0,14;0,00;0,00;168;103;140;18;31;927;980
2061;38,01;-414,47;0,00;0,00;0,00;-0,41;0,00;0,00;202;32;86;25;31;950;213
2062;8,33;-682,07;0,00;0,00;0,00;-0,68;0,00;0,00;55;149;42;17;16;717;869
2063;68,08;-57,06;0,00;0,00;0,00;-0,06;0,00;0,00;210;130;86;29;20;365;507
2064;73,62;130,78;0,00;0,00;0,00;0,13;0,00;0,00;169;58;137;30;39;654;669
2065;54,69;-115,96;0,00;0,00;0,00;-0,12;0,00;0,00;370;141;60;11;17;598;333
2066;20,83;-543,87;0,00;0,00;0,00;-0,54;0,00;0,00;396;114;88;44;36;150;233
2067;81,33;203,75;0,00;0,00;0,00;0,20;0,00;0,00;142;109;158;36;26;176;426
2068;62,71;-95,02;0,00;0,00;0,00;-0,10;0,00;0,00;404;190;188;20;21;184;490
2069;46,92;-202,62;0,00;0,00;0,00;-0,20;0,00;0,00;67;54;83;42;20;738;520
2070;15,90;-600,61;0,00;0,00;0,00;-0,60;0,00;0,00;298;110;101;19;28;156;728
2071;100,00;281,59;0,00;0,00;0,00;0,28;0,00;0,00;456;24;36;30;30;737;550
2072;16,73;-513,64;0,00;0,00;0,00;-0,51;0,00;0,00;406;132;100;15;26;449;389
2073;17,83;-486,55;0,00;0,00;0,00;-0,49;0,00;0,00;214;88;95;18;15;506;695
2074;84,27;103,79;0,00;0,00;0,00;0,10;0,00;0,00;61;160;35;27;23;214;210
2075;55,73;-66,20;0,00;0,00;0,00;-0,07;0,00;0,00;482;29;139;46;25;462;169
2076;38,09;-396,07;0,00;0,00;0,00;-0,40;0,00;0,00;358;175;67;23;32;163;942
2077;62,62;-101,53;0,00;0,00;0,00;-0,10;0,00;0,00;39;92;189;40;36;565;818
2078;100,00;348,60;0,00;0,00;0,00;0,35;0,00;0,00;60;45;183;14;28;313;199
2079;37,90;-325,53;0,00;0,00;0,00;-0,33;0,00;0,00;487;153;139;21;15;244;182
2080;0,00;-675,71;0,00;0,00;0,00;-0,68;0,00;0,00;166;106;126;18;18;274;415
2081;67,01;-12,44;0,00;0,00;0,00;-0,01;0,00;0,00;192;13;78;23;20;777;911
2082;82,75;106,33;0,00;0,00;0,00;0,11;0,00;0,00;13;194;12;36;35;914;835
2083;42,69;-316,15;0,00;0,00;0,00;-0,32;0,00;0,00;483;13;39;35;24;665;228
2084;32,34;-411,99;0,00;0,00;0,00;-0,41;0,00;0,00;37;131;149;29;26;496;605
2085;56,51;-118,40;0,00;0,00;0,00;-0,12;0,00;0,00;36;145;32;39;38;689;698
2086;12,24;-627,88;0,00;0,00;0,00;-0,63;0,00;0,00;423;194;114;27;32;984;849
2087;43,21;-270,82;0,00;0,00;0,00;-0,27;0,00;0,00;62;167;71;39;26;223;384
2088;50,04;-251,69;0,00;0,00;0,00;-0,25;0,00;0,00;356;190;103;18;15;982;346
2089;24,97;-421,73;0,00;0,00;0,00;-0,42;0,00;0,00;43;47;70;49;37;519;660
2090;50,12;-89,80;0,00;0,00;0,00;-0,09;0,00;0,00;136;158;106;21;23;493;974
2091;89,26;221,67;0,00;0,00;0,00;0,22;0,00;0,00;417;80;192;38;27;691;159
2092;44,97;-241,30;0,00;0,00;0,00;-0,24;0,00;0,00;423;117;73;28;36;195;180
2093;74,57;42,33;0,00;0,00;0,00;0,04;0,00;0,00;80;151;31;14;35;684;182
2094;21,34;-462,37;0,00;0,00;0,00;-0,46;0,00;0,00;456;107;67;36;15;474;938
2095;70,62;55,01;0,00;0,00;0,00;0,06;0,00;0,00;159;99;132;35;19;836;595
2096;61,25;-44,05;0,00;0,00;0,00;-0,04;0,00;0,00;441;158;197;39;31;562;809
2097;85,38;224,59;0,00;0,00;0,00;0,22;0,00;0,00;125;162;142;31;25;609;433
2098;19,52;-607,46;0,00;0,00;0,00;-0,61;0,00;0,00;462;176;149;39;39;951;208
2099;49,55;-213,77;0,00;0,00;0,00;-0,21;0,00;0,00;369;164;111;32;27;559;139
2100;91,42;268,36;0,00;0,00;0,00;0,27;0,00;0,00;86;43;195;21;22;499;298
2101;0,70;-717,40;0,00;0,00;0,00;-0,72;0,00;0,00;42;87;110;11;18;780;973
2102;3,36;-590,96;0,00;0,00;0,00;-0,59;0,00;0,00;441;115;199;49;15;674;547
2103;57,34;-40,57;0,00;0,00;0,00;-0,04;0,00;0,00;68;141;122;44;28;813;661
2104;60,60;-64,13;0,00;0,00;0,00;-0,06;0,00;0,00;123;33;112;47;17;154;133
2105;78,16;89,96;0,00;0,00;0,00;0,09;0,00;0,00;183;65;160;33;25;591;804
2106;81,58;107,34;0,00;0,00;0,00;0,11;0,00;0,00;408;33;152;41;27;657;124
2107;49,05;-318,46;0,00;0,00;0,00;-0,32;0,00;0,00;434;35;158;40;17;946;927
2108;66,01;-35,50;0,00;0,00;0,00;-0,04;0,00;0,00;408;133;88;21;17;867;465
2109;95,34;227,51;0,00;0,00;0,00;0,23;0,00;0,00;224;182;164;39;31;762;339
2110;92,86;148,30;0,00;0,00;0,00;0,15;0,00;0,00;203;196;143;10;21;297;995
2111;56,94;-217,02;0,00;0,00;0,00;-0,22;0,00;0,00;164;190;152;42;23;325;487
2112;52,84;-163,16;0,00;0,00;0,00;-0,16;0,00;0,00;265;109;52;32;23;103;472
2113;73,94;97,71;0,00;0,00;0,00;0,10;0,00;0,00;280;158;37;34;18;352;599
2114;72,07;36,00;0,00;0,00;0,00;0,04;0,00;0,00;230;55;84;25;29;647;177
2115;74,14;120,29;0,00;0,00;0,00;0,12;0,00;0,00;43;159;162;40;25;992;906
2116;70,10;-113,98;0,00;0,00;0,00;-0,11;0,00;0,00;368;68;72;30;38;914;505
2117;8,34;-561,18;0,00;0,00;0,00;-0,56;0,00;0,00;417;193;49;29;35;206;769
2118;40,76;-312,33;0,00;0,00;0,00;-0,31;0,00;0,00;43;198;181;41;35;187;153
2119;53,90;-130,16;0,00;0,00;0,00;-0,13;0,00;0,00;227;25;77;26;29;438;391
2120;37,96;-319,86;0,00;0,00;0,00;-0,32;0,00;0,00;281;35;70;44;19;190;127
2121;49,34;-194,04;0,00;0,00;0,00;-0,19;0,00;0,00;340;79;55;31;22;861;126
2122;25,04;-413,24;0,00;0,00;0,00;-0,41;0,00;0,00;264;95;191;24;27;165;619
2123;72,84;1,47;0,00;0,00;0,00;0,00;0,00;0,00;249;75;48;25;31;483;980
2124;46,26;-390,61;0,00;0,00;0,00;-0,39;0,00;0,00;15;65;143;11;22;812;458
2125;48,34;-303,46;0,00;0,00;0,00;-0,30;0,00;0,00;246;171;67;22;22;972;918
2126;100,00;234,82;0,00;0,00;0,00;0,23;0,00;0,00;69;196;27;47;15;579;500
2127;35,87;-383,29;0,00;0,00;0,00;-0,38;0,00;0,00;32;155;117;40;28;467;102
2128;59,10;-90,69;0,00;0,00;0,00;-0,09;0,00;0,00;316;131;121;38;19;218;758
2129;48,39;-255,56;0,00;0,00;0,00;-0,26;0,00;0,00;408;101;170;49;17;929;902
2130;88,72;241,49;0,00;0,00;0,00;0,24;0,00;0,00;123;130;195;33;37;227;526
2131;46,28;-281,63;0,00;0,00;0,00;-0,28;0,00;0,00;284;184;122;23;20;302;656
2132;0,00;-731,55;0,00;0,00;0,00;-0,73;0,00;0,00;203;47;127;29;38;926;289
2133;48,55;-218,25;0,00;0,00;0,00;-0,22;0,00;0,00;320;69;11;16;21;782;761
2134;30,25;-452,38;0,00;0,00;0,00;-0,45;0,00;0,00;383;180;94;28;18;940;766
2135;60,00;-53,91;0,00;0,00;0,00;-0,05;0,00;0,00;321;125;81;41;29;399;834
2136;0,00;-686,87;0,00;0,00;0,00;-0,69;0,00;0,00;231;97;172;11;39;258;650
2137;32,43;-397,58;0,00;0,00;0,00;-0,40;0,00;0,00;49;112;13;11;25;755;430
2138;36,32;-336,55;0,00;0,00;0,00;-0,34;0,00;0,00;160;172;118;30;23;443;464
2139;57,75;-168,04;0,00;0,00;0,00;-0,17;0,00;0,00;120;166;184;12;24;187;346
2140;67,78;-14,07;0,00;0,00;0,00;-0,01;0,00;0,00;361;118;34;30;35;136;718
2141;44,83;-370,17;0,00;0,00;0,00;-0,37;0,00;0,00;293;51;173;37;17;753;868
2142;22,82;-460,71;0,00;0,00;0,00;-0,46;0,00;0,00;489;139;12;34;27;427;421
2143;42,37;-264,49;0,00;0,00;0,00;-0,26;0,00;0,00;319;106;25;49;20;785;971
2144;34,49;-322,93;0,00;0,00;0,00;-0,32;0,00;0,00;214;159;152;12;15;759;815
2145;100,00;424,47;0,00;0,00;0,00;0,42;0,00;0,00;394;22;119;48;31;901;724
2146;47,63;-285,66;0,00;0,00;0,00;-0,29;0,00;0,00;143;176;112;12;22;717;200
2147;78,59;146,27;0,00;0,00;0,00;0,15;0,00;0,00;214;85;174;47;36;312;570
2148;40,50;-256,95;0,00;0,00;0,00;-0,26;0,00;0,00;490;88;56;34;20;880;299
2149;33,82;-260,55;0,00;0,00;0,00;-0,26;0,00;0,00;317;99;77;34;38;821;677
2150;27,99;-535,88;0,00;0,00;0,00;-0,54;0,00;0,00;236;177;54;41;19;820;275
2151;74,16;56,04;0,00;0,00;0,00;0,06;0,00;0,00;486;45;86;46;19;958;720
2152;57,58;-175,12;0,00;0,00;0,00;-0,18;0,00;0,00;468;189;88;34;19;338;189
2153;47,54;-270,27;0,00;0,00;0,00;-0,27;0,00;0,00;494;61;111;23;24;755;819
2154;37,17;-432,43;0,00;0,00;0,00;-0,43;0,00;0,00;224;95;36;36;30;128;617
2155;58,74;-55,78;0,00;0,00;0,00;-0,06;0,00;0,00;436;138;131;43;25;515;752
2156;13,20;-540,20;0,00;0,00;0,00;-0,54;0,00;0,00;459;68;24;21;38;495;781
2157;17,98;-438,00;0,00;0,00;0,00;-0,44;0,00;0,00;158;121;127;44;15;249;750
2158;51,86;-187,71;0,00;0,00;0,00;-0,19;0,00;0,00;219;55;112;10;39;324;157
2159;37,81;-301,62;0,00;0,00;0,00;-0,30;0,00;0,00;212;161;46;24;23;503;673
2160;14,82;-571,42;0,00;0,00;0,00;-0,57;0,00;0,00;62;183;164;33;28;739;799
2161;84,75;142,80;0,00;0,00;0,00;0,14;0,00;0,00;493;32;180;42;17;796;884
2162;37,47;-389,98;0,00;0,00;0,00;-0,39;0,00;0,00;15;34;105;29;32;457;776
2163;47,13;-346,08;0,00;0,00;0,00;-0,35;0,00;0,00;484;175;77;25;33;704;578
2164;60,03;-86,85;0,00;0,00;0,00;-0,09;0,00;0,00;393;165;91;30;23;721;384
2165;17,31;-559,69;0,00;0,00;0,00;-0,56;0,00;0,00;304;75;195;26;38;571;578
2166;0,00;-701,72;0,00;0,00;0,00;-0,70;0,00;0,00;38;99;25;44;39;952;169
2167;34,86;-338,84;0,00;0,00;0,00;-0,34;0,00;0,00;172;83;128;48;21;181;286
2168;71,00;66,67;0,00;0,00;0,00;0,07;0,00;0,00;434;127;162;36;22;403;692
2169;18,49;-609,83;0,00;0,00;0,00;-0,61;0,00;0,00;262;181;79;28;20;996;542
2170;37,84;-320,25;0,00;0,00;0,00;-0,32;0,00;0,00;10;19;140;39;16;145;363
2171;36,04;-385,16;0,00;0,00;0,00;-0,39;0,00;0,00;108;175;183;10;33;342;829
2172;72,37;-14,47;0,00;0,00;0,00;-0,01;0,00;0,00;208;64;23;47;24;107;333
2173;41,36;-255,67;0,00;0,00;0,00;-0,26;0,00;0,00;482;89;158;14;35;422;855
2174;46,40;-240,40;0,00;0,00;0,00;-0,24;0,00;0,00;25;43;115;19;31;213;338
2175;30,82;-409,02;0,00;0,00;0,00;-0,41;0,00;0,00;298;169;194;46;26;712;124
2176;66,98;-51,41;0,00;0,00;0,00;-0,05;0,00;0,00;492;195;177;26;33;286;176
2177;23,22;-414,28;0,00;0,00;0,00;-0,41;0,00;0,00;40;181;100;45;17;929;537
2178;100,00;274,52;0,00;0,00;0,00;0,27;0,00;0,00;442;89;179;15;23;946;172
2179;39,58;-353,86;0,00;0,00;0,00;-0,35;0,00;0,00;437;170;55;39;30;753;128
2180;40,18;-315,57;0,00;0,00;0,00;-0,32;0,00;0,00;258;75;70;44;18;879;761
2181;9,96;-593,92;0,00;0,00;0,00;-0,59;0,00;0,00;147;167;22;24;38;296;105
2182;37,08;-417,38;0,00;0,00;0,00;-0,42;0,00;0,00;424;184;87;16;17;200;242
2183;55,40;-63,98;0,00;0,00;0,00;-0,06;0,00;0,00;441;187;36;32;33;337;282
2184;58,09;-159,49;0,00;0,00;0,00;-0,16;0,00;0,00;397;140;185;10;30;974;727
2185;26,08;-485,75;0,00;0,00;0,00;-0,49;0,00;0,00;446;14;47;15;19;512;241
2186;72,23;86,26;0,00;0,00;0,00;0,09;0,00;0,00;254;18;28;33;36;258;832
2187;50,31;-204,59;0,00;0,00;0,00;-0,20;0,00;0,00;491;158;123;20;30;352;400
2188;89,06;204,78;0,00;0,00;0,00;0,20;0,00;0,00;470;112;72;25;32;630;365
2189;63,50;-20,19;0,00;0,00;0,00;-0,02;0,00;0,00;248;181;181;17;38;232;187
2190;100,00;263,24;0,00;0,00;0,00;0,26;0,00;0,00;170;25;35;16;16;420;913
2191;47,37;-190,42;0,00;0,00;0,00;-0,19;0,00;0,00;322;13;135;45;22;175;272
2192;31,63;-299,85;0,00;0,00;0,00;-0,30;0,00;0,00;137;171;133;17;21;353;543
2193;86,88;209,64;0,00;0,00;0,00;0,21;0,00;0,00;338;199;99;19;20;741;232
2194;31,72;-353,60;0,00;0,00;0,00;-0,35;0,00;0,00;479;149;127;40;18;326;142
2195;51,02;-196,22;0,00;0,00;0,00;-0,20;0,00;0,00;21;192;166;15;17;804;839
2196;43,38;-138,22;0,00;0,00;0,00;-0,14;0,00;0,00;219;131;137;32;27;521;157
2197;41,00;-300,93;0,00;0,00;0,00;-0,30;0,00;0,00;268;82;137;39;20;440;830
2198;52,59;-147,83;0,00;0,00;0,00;-0,15;0,00;0,00;102;25;78;26;31;788;743
2199;40,05;-303,25;0,00;0,00;0,00;-0,30;0,00;0,00;141;165;178;19;17;722;239
2200;48,02;-164,42;0,00;0,00;0,00;-0,16;0,00;0,00;443;91;52;47;25;296;138
2201;87,88;140,94;0,00;0,00;0,00;0,14;0,00;0,00;493;13;33;43;36;657;544
2202;27,19;-460,64;0,00;0,00;0,00;-0,46;0,00;0,00;202;57;44;40;24;414;432
2203;90,26;144,42;0,00;0,00;0,00;0,14;0,00;0,00;435;144;187;20;17;821;498
2204;29,88;-456,84;0,00;0,00;0,00;-0,46;0,00;0,00;343;20;162;17;25;953;729
2205;35,26;-309,33;0,00;0,00;0,00;-0,31;0,00;0,00;473;145;173;20;39;259;677
2206;35,85;-389,52;0,00;0,00;0,00;-0,39;0,00;0,00;281;118;142;48;20;637;106
2207;100,00;317,91;0,00;0,00;0,00;0,32;0,00;0,00;277;86;146;17;26;253;250
2208;59,93;-173,07;0,00;0,00;0,00;-0,17;0,00;0,00;171;19;60;21;28;695;728
2209;14,40;-499,35;0,00;0,00;0,00;-0,50;0,00;0,00;122;45;20;37;39;325;252
2210;63,80;-100,88;0,00;0,00;0,00;-0,10;0,00;0,00;38;98;187;16;25;159;722
2211;79,23;86,66;0,00;0,00;0,00;0,09;0,00;0,00;430;159;22;15;18;383;294
2212;41,55;-247,18;0,00;0,00;0,00;-0,25;0,00;0,00;70;15;60;39;33;351;962
2213;59,46;-142,53;0,00;0,00;0,00;-0,14;0,00;0,00;478;128;24;27;39;116;621
2214;40,86;-276,78;0,00;0,00;0,00;-0,28;0,00;0,00;384;37;12;17;33;967;217
2215;79,99;137,86;0,00;0,00;0,00;0,14;0,00;0,00;172;102;160;13;28;752;187
2216;58,92;-129,72;0,00;0,00;0,00;-0,13;0,00;0,00;360;125;126;38;36;233;414
2217;37,27;-252,82;0,00;0,00;0,00;-0,25;0,00;0,00;74;61;35;42;34;960;221
2218;61,44;-62,10;0,00;0,00;0,00;-0,06;0,00;0,00;183;27;173;28;26;438;283
2219;24,02;-437,29;0,00;0,00;0,00;-0,44;0,00;0,00;331;153;178;25;31;986;894
2220;46,99;-199,35;0,00;0,00;0,00;-0,20;0,00;0,00;457;128;109;35;33;743;284
2221;72,16;11,68;0,00;0,00;0,00;0,01;0,00;0,00;460;181;127;34;20;629;524
2222;54,78;-180,13;0,00;0,00;0,00;-0,18;0,00;0,00;215;153;159;47;34;269;535
2223;70,22;-1,78;0,00;0,00;0,00;-0,00;0,00;0,00;406;180;159;21;16;191;799
2224;67,49;-29,38;0,00;0,00;0,00;-0,03;0,00;0,00;79;15;49;19;34;986;915
2225;86,25;181,83;0,00;0,00;0,00;0,18;0,00;0,00;161;155;123;24;23;265;125
2226;59,52;-95,22;0,00;0,00;0,00;-0,10;0,00;0,00;117;11;32;27;15;994;871
2227;46,09;-333,59;0,00;0,00;0,00;-0,33;0,00;0,00;347;190;168;20;26;715;219
2228;93,40;152,22;0,00;0,00;0,00;0,15;0,00;0,00;494;82;182;38;15;821;910
2229;41,38;-314,08;0,00;0,00;0,00;-0,31;0,00;0,00;472;75;166;44;16;446;514
2230;7,34;-718,44;0,00;0,00;0,00;-0,72;0,00;0,00;241;178;196;19;30;707;480
2231;37,64;-306,92;0,00;0,00;0,00;-0,31;0,00;0,00;30;52;172;11;38;419;453
2232;38,19;-275,05;0,00;0,00;0,00;-0,28;0,00;0,00;344;59;57;13;27;306;194
2233;49,84;-188,11;0,00;0,00;0,00;-0,19;0,00;0,00;319;52;96;29;17;251;319
2234;29,79;-384,22;0,00;0,00;0,00;-0,38;0,00;0,00;470;11;197;20;28;193;171
2235;50,24;-187,85;0,00;0,00;0,00;-0,19;0,00;0,00;466;109;34;38;21;363;561
2236;46,13;-220,51;0,00;0,00;0,00;-0,22;0,00;0,00;265;159;31;36;26;388;564
2237;64,53;-64,33;0,00;0,00;0,00;-0,06;0,00;0,00;114;53;186;19;39;131;694
2238;42,52;-325,12;0,00;0,00;0,00;-0,33;0,00;0,00;211;52;14;26;23;271;345
2239;80,03;82,01;0,00;0,00;0,00;0,08;0,00;0,00;294;119;46;16;35;314;229
2240;15,63;-513,83;0,00;0,00;0,00;-0,51;0,00;0,00;240;63;66;31;30;205;264
2241;40,64;-296,41;0,00;0,00;0,00;-0,30;0,00;0,00;31;77;124;41;38;172;730
2242;14,84;-546,30;0,00;0,00;0,00;-0,55;0,00;0,00;128;143;115;13;39;418;553
2243;76,61;136,36;0,00;0,00;0,00;0,14;0,00;0,00;298;162;68;40;36;366;318
2244;49,88;-257,74;0,00;0,00;0,00;-0,26;0,00;0,00;250;17;167;17;23;461;672
2245;29,21;-437,22;0,00;0,00;0,00;-0,44;0,00;0,00;258;119;194;48;22;450;296
2246;56,57;-73,15;0,00;0,00;0,00;-0,07;0,00;0,00;250;196;195;47;25;238;403
2247;21,14;-444,23;0,00;0,00;0,00;-0,44;0,00;0,00;419;190;102;26;22;150;707
2248;100,00;288,68;0,00;0,00;0,00;0,29;0,00;0,00;16;199;142;27;23;777;404
2249;60,90;-126,49;0,00;0,00;0,00;-0,13;0,00;0,00;427;52;153;15;39;366;839
2250;17,55;-623,65;0,00;0,00;0,00;-0,62;0,00;0,00;341;139;154;10;19;346;936
2251;17,35;-554,43;0,00;0,00;0,00;-0,55;0,00;0,00;317;99;93;15;25;155;483
2252;59,69;-91,62;0,00;0,00;0,00;-0,09;0,00;0,00;296;95;136;16;32;272;903
2253;38,09;-428,48;0,00;0,00;0,00;-0,43;0,00;0,00;56;42;22;37;18;521;882
2254;46,71;-195,70;0,00;0,00;0,00;-0,20;0,00;0,00;133;54;104;43;37;167;453
2255;27,26;-490,54;0,00;0,00;0,00;-0,49;0,00;0,00;328;27;133;40;29;340;626
2256;70,30;10,33;0,00;0,00;0,00;0,01;0,00;0,00;273;29;97;28;35;823;365
2257;34,15;-350,63;0,00;0,00;0,00;-0,35;0,00;0,00;80;74;64;27;15;111;288
2258;43,23;-225,62;0,00;0,00;0,00;-0,23;0,00;0,00;196;137;44;36;27;441;619
2259;0,00;-746,98;0,00;0,00;0,00;-0,75;0,00;0,00;480;27;68;11;37;866;745
2260;34,61;-336,87;0,00;0,00;0,00;-0,34;0,00;0,00;425;164;110;40;17;317;654
2261;17,12;-527,71;0,00;0,00;0,00;-0,53;0,00;0,00;124;169;145;17;39;986;452
2262;32,39;-382,70;0,00;0,00;0,00;-0,38;0,00;0,00;405;80;81;26;32;211;783
2263;20,32;-529,11;0,00;0,00;0,00;-0,53;0,00;0,00;181;120;50;12;38;130;480
2264;17,67;-501,29;0,00;0,00;0,00;-0,50;0,00;0,00;415;163;97;41;39;360;547
2265;38,55;-314,13;0,00;0,00;0,00;-0,31;0,00;0,00;427;79;133;16;32;311;268
2266;57,86;-104,53;0,00;0,00;0,00;-0,10;0,00;0,00;128;113;186;49;38;931;929
2267;27,17;-402,49;0,00;0,00;0,00;-0,40;0,00;0,00;301;170;66;24;27;121;453
2268;79,01;44,14;0,00;0,00;0,00;0,04;0,00;0,00;497;25;119;46;18;118;326
2269;46,06;-199,44;0,00;0,00;0,00;-0,20;0,00;0,00;283;136;131;12;25;697;652
2270;46,64;-225,21;0,00;0,00;0,00;-0,23;0,00;0,00;478;114;40;25;28;280;834
2271;51,14;-260,19;0,00;0,00;0,00;-0,26;0,00;0,00;20;164;139;40;16;462;454
2272;40,13;-240,58;0,00;0,00;0,00;-0,24;0,00;0,00;247;138;197;15;29;450;178
2273;30,89;-359,72;0,00;0,00;0,00;-0,36;0,00;0,00;122;188;117;19;26;636;294
2274;43,07;-246,93;0,00;0,00;0,00;-0,25;0,00;0,00;156;54;56;25;32;727;620
2275;25,45;-478,93;0,00;0,00;0,00;-0,48;0,00;0,00;236;184;76;39;23;989;701
2276;34,98;-449,51;0,00;0,00;0,00;-0,45;0,00;0,00;276;11;56;26;16;428;944
2277;61,33;-109,36;0,00;0,00;0,00;-0,11;0,00;0,00;94;40;184;13;18;786;879
2278;35,60;-301,15;0,00;0,00;0,00;-0,30;0,00;0,00;455;85;140;36;27;399;470
2279;57,86;0,26;0,00;0,00;0,00;0,00;0,00;0,00;364;192;172;43;21;958;139
2280;32,06;-399,60;0,00;0,00;0,00;-0,40;0,00;0,00;476;67;12;40;23;722;483
2281;29,35;-443,12;0,00;0,00;0,00;-0,44;0,00;0,00;358;28;122;12;34;819;725
2282;17,27;-539,59;0,00;0,00;0,00;-0,54;0,00;0,00;11;101;103;16;16;353;235
2283;30,87;-310,49;0,00;0,00;0,00;-0,31;0,00;0,00;83;62;181;37;35;645;451
2284;74,72;58,56;0,00;0,00;0,00;0,06;0,00;0,00;428;120;118;46;25;901;751
2285;68,61;0,24;0,00;0,00;0,00;0,00;0,00;0,00;59;117;192;22;19;250;342
2286;24,59;-394,10;0,00;0,00;0,00;-0,39;0,00;0,00;215;76;120;39;34;411;585
2287;55,73;-97,61;0,00;0,00;0,00;-0,10;0,00;0,00;339;197;33;12;32;667;809
2288;55,04;-215,79;0,00;0,00;0,00;-0,22;0,00;0,00;301;187;19;45;27;775;373
2289;44,71;-181,95;0,00;0,00;0,00;-0,18;0,00;0,00;307;43;44;49;30;296;718
2290;17,16;-569,55;0,00;0,00;0,00;-0,57;0,00;0,00;461;38;177;25;17;570;762
2291;19,06;-574,97;0,00;0,00;0,00;-0,57;0,00;0,00;315;41;30;12;16;996;937
2292;100,00;253,42;0,00;0,00;0,00;0,25;0,00;0,00;335;49;25;10;21;894;768
2293;50,02;-156,98;0,00;0,00;0,00;-0,16;0,00;0,00;189;106;198;27;15;731;208
2294;44,20;-273,50;0,00;0,00;0,00;-0,27;0,00;0,00;257;107;84;13;28;786;208
2295;84,14;269,47;0,00;0,00;0,00;0,27;0,00;0,00;161;35;168;22;35;583;824
2296;0,00;-755,83;0,00;0,00;0,00;-0,76;0,00;0,00;390;70;116;11;28;394;704
2297;72,99;8,31;0,00;0,00;0,00;0,01;0,00;0,00;302;62;138;42;15;559;996
2298;55,50;-154,23;0,00;0,00;0,00;-0,15;0,00;0,00;470;38;127;14;16;273;782
2299;63,85;-27,95;0,00;0,00;0,00;-0,03;0,00;0,00;67;64;163;17;21;903;831
2300;56,87;-39,31;0,00;0,00;0,00;-0,04;0,00;0,00;496;100;105;14;18;317;796
2301;91,75;226,50;0,00;0,00;0,00;0,23;0,00;0,00;139;169;33;24;28;228;395
2302;85,44;177,65;0,00;0,00;0,00;0,18;0,00;0,00;83;142;57;32;21;687;483
2303;23,02;-460,75;0,00;0,00;0,00;-0,46;0,00;0,00;258;102;149;38;17;472;609
2304;63,65;-181,68;0,00;0,00;0,00;-0,18;0,00;0,00;450;106;30;37;27;339;540
2305;34,21;-427,54;0,00;0,00;0,00;-0,43;0,00;0,00;161;98;147;14;20;301;170
2306;35,03;-278,64;0,00;0,00;0,00;-0,28;0,00;0,00;40;186;172;42;24;419;800
2307;65,93;4,58;0,00;0,00;0,00;0,00;0,00;0,00;20;169;196;32;39;162;398
2308;55,47;-102,33;0,00;0,00;0,00;-0,10;0,00;0,00;48;163;32;28;26;774;509
2309;18,57;-530,03;0,00;0,00;0,00;-0,53;0,00;0,00;330;53;32;23;36;870;423
2310;67,67;-70,96;0,00;0,00;0,00;-0,07;0,00;0,00;412;34;124;12;39;850;340
2311;28,55;-413,79;0,00;0,00;0,00;-0,41;0,00;0,00;321;121;96;44;24;723;795
2312;19,43;-547,67;0,00;0,00;0,00;-0,55;0,00;0,00;152;87;53;20;37;538;496
2313;99,48;312,75;0,00;0,00;0,00;0,31;0,00;0,00;144;174;69;38;15;545;362
2314;33,61;-430,10;0,00;0,00;0,00;-0,43;0,00;0,00;402;34;175;13;17;207;601
2315;19,32;-472,90;0,00;0,00;0,00;-0,47;0,00;0,00;495;109;141;44;17;335;574
2316;35,62;-331,63;0,00;0,00;0,00;-0,33;0,00;0,00;272;78;194;15;21;115;974
2317;100,00;321,49;0,00;0,00;0,00;0,32;0,00;0,00;440;151;162;14;27;758;785
2318;47,26;-230,92;0,00;0,00;0,00;-0,23;0,00;0,00;381;56;122;10;26;706;654
2319;87,08;188,18;0,00;0,00;0,00;0,19;0,00;0,00;69;43;127;24;28;152;548
2320;17,58;-593,97;0,00;0,00;0,00;-0,59;0,00;0,00;325;162;60;13;26;393;142
2321;23,00;-482,16;0,00;0,00;0,00;-0,48;0,00;0,00;389;136;22;34;20;582;253
2322;61,17;-150,71;0,00;0,00;0,00;-0,15;0,00;0,00;129;101;63;29;15;418;532
2323;100,00;334,21;0,00;0,00;0,00;0,33;0,00;0,00;367;144;159;10;23;838;224
2324;30,65;-417,71;0,00;0,00;0,00;-0,42;0,00;0,00;261;10;194;43;17;705;379
2325;14,53;-560,81;0,00;0,00;0,00;-0,56;0,00;0,00;420;137;90;28;34;179;735
2326;70,60;-0,82;0,00;0,00;0,00;-0,00;0,00;0,00;78;29;126;12;38;537;790
2327;44,32;-286,66;0,00;0,00;0,00;-0,29;0,00;0,00;396;169;181;31;36;708;666
2328;75,10;17,55;0,00;0,00;0,00;0,02;0,00;0,00;338;77;25;12;27;756;231
2329;53,43;-160,67;0,00;0,00;0,00;-0,16;0,00;0,00;348;38;59;26;22;706;930
2330;53,76;-169,99;0,00;0,00;0,00;-0,17;0,00;0,00;412;65;77;22;19;976;601
2331;76,20;96,75;0,00;0,00;0,00;0,10;0,00;0,00;345;114;175;29;17;298;163
2332;51,10;-192,79;0,00;0,00;0,00;-0,19;0,00;0,00;310;146;23;21;25;136;812
2333;42,75;-263,46;0,00;0,00;0,00;-0,26;0,00;0,00;368;108;105;46;25;164;621
2334;71,71;6,88;0,00;0,00;0,00;0,01;0,00;0,00;382;126;191;33;31;231;175
2335;26,96;-469,44;0,00;0,00;0,00;-0,47;0,00;0,00;442;25;80;12;30;160;431
2336;53,80;-162,73;0,00;0,00;0,00;-0,16;0,00;0,00;349;126;166;38;25;420;136
2337;23,47;-451,89;0,00;0,00;0,00;-0,45;0,00;0,00;215;18;161;48;37;375;455
2338;29,45;-400,91;0,00;0,00;0,00;-0,40;0,00;0,00;37;26;194;39;21;367;700
2339;79,69;107,54;0,00;0,00;0,00;0,11;0,00;0,00;177;87;124;29;26;756;445
2340;36,67;-390,90;0,00;0,00;0,00;-0,39;0,00;0,00;83;20;25;36;29;364;201
2341;64,73;-40,34;0,00;0,00;0,00;-0,04;0,00;0,00;85;73;122;30;38;308;892
2342;59,40;-109,04;0,00;0,00;0,00;-0,11;0,00;0,00;182;81;75;14;29;467;348
2343;43,71;-309,59;0,00;0,00;0,00;-0,31;0,00;0,00;129;143;11;37;37;532;821
2344;12,21;-641,00;0,00;0,00;0,00;-0,64;0,00;0,00;186;141;104;42;30;784;485
2345;0,00;-742,21;0,00;0,00;0,00;-0,74;0,00;0,00;435;95;103;16;20;645;614
2346;92,60;206,52;0,00;0,00;0,00;0,21;0,00;0,00;486;176;36;15;24;791;154
2347;50,18;-262,40;0,00;0,00;0,00;-0,26;0,00;0,00;235;34;46;32;15;744;954
2348;0,00;-813,77;0,00;0,00;0,00;-0,81;0,00;0,00;331;190;64;34;22;132;581
2349;66,48;-46,49;0,00;0,00;0,00;-0,05;0,00;0,00;110;87;29;20;22;693;462
2350;31,09;-354,74;0,00;0,00;0,00;-0,35;0,00;0,00;87;26;110;27;32;706;282
2351;61,05;-141,50;0,00;0,00;0,00;-0,14;0,00;0,00;424;133;104;22;24;232;927
2352;60,30;-80,64;0,00;0,00;0,00;-0,08;0,00;0,00;437;82;185;18;17;341;199
2353;75,48;5,55;0,00;0,00;0,00;0,01;0,00;0,00;493;150;175;33;38;838;327
2354;26,19;-475,03;0,00;0,00;0,00;-0,48;0,00;0,00;142;133;161;27;17;855;220
2355;82,87;139,88;0,00;0,00;0,00;0,14;0,00;0,00;405;194;20;30;21;457;477
2356;95,31;296,93;0,00;0,00;0,00;0,30;0,00;0,00;292;78;86;12;30;698;885
2357;68,68;71,22;0,00;0,00;0,00;0,07;0,00;0,00;145;55;33;17;24;384;394
2358;55,59;-130,50;0,00;0,00;0,00;-0,13;0,00;0,00;27;52;112;23;16;649;883
2359;47,81;-209,93;0,00;0,00;0,00;-0,21;0,00;0,00;212;47;141;16;27;238;637
2360;29,88;-305,47;0,00;0,00;0,00;-0,31;0,00;0,00;432;57;164;30;38;981;544
2361;84,10;123,26;0,00;0,00;0,00;0,12;0,00;0,00;269;180;37;47;25;686;605
2362;84,07;184,60;0,00;0,00;0,00;0,18;0,00;0,00;17;136;132;25;37;977;605
2363;45,50;-221,89;0,00;0,00;0,00;-0,22;0,00;0,00;55;101;61;44;38;825;817
2364;32,25;-416,36;0,00;0,00;0,00;-0,42;0,00;0,00;259;133;144;17;27;575;176
2365;5,76;-619,35;0,00;0,00;0,00;-0,62;0,00;0,00;64;64;127;46;27;406;518
2366;84,09;110,57;0,00;0,00;0,00;0,11;0,00;0,00;141;199;142;26;22;195;141
2367;49,84;-205,84;0,00;0,00;0,00;-0,21;0,00;0,00;236;91;54;39;36;728;951
2368;23,23;-475,25;0,00;0,00;0,00;-0,48;0,00;0,00;495;176;112;11;25;123;615
2369;10,50;-608,86;0,00;0,00;0,00;-0,61;0,00;0,00;152;88;41;17;22;690;318
2370;90,78;303,60;0,00;0,00;0,00;0,30;0,00;0,00;103;75;192;26;26;696;120
2371;76,41;142,21;0,00;0,00;0,00;0,14;0,00;0,00;229;157;43;24;18;277;493
2372;73,05;-42,65;0,00;0,00;0,00;-0,04;0,00;0,00;63;12;174;14;29;173;293
2373;41,29;-240,17;0,00;0,00;0,00;-0,24;0,00;0,00;149;90;195;29;18;240;752
2374;19,63;-507,10;0,00;0,00;0,00;-0,51;0,00;0,00;447;137;75;37;35;645;440
2375;62,50;-134,01;0,00;0,00;0,00;-0,13;0,00;0,00;111;196;161;46;24;139;953
2376;65,65;30,04;0,00;0,00;0,00;0,03;0,00;0,00;169;20;11;12;22;501;125
2377;52,05;-203,76;0,00;0,00;0,00;-0,20;0,00;0,00;452;161;168;43;37;293;403
2378;74,53;39,61;0,00;0,00;0,00;0,04;0,00;0,00;42;157;184;24;16;125;650
2379;72,12;2,54;0,00;0,00;0,00;0,00;0,00;0,00;26;183;189;26;34;548;478
2380;44,19;-236,78;0,00;0,00;0,00;-0,24;0,00;0,00;197;72;99;38;30;245;323
2381;54,48;-117,69;0,00;0,00;0,00;-0,12;0,00;0,00;78;152;179;47;39;183;567
2382;66,80;8,23;0,00;0,00;0,00;0,01;0,00;0,00;56;144;199;40;37;715;216
2383;91,01;187,70;0,00;0,00;0,00;0,19;0,00;0,00;392;124;32;17;24;225;871
2384;4,26;-647,48;0,00;0,00;0,00;-0,65;0,00;0,00;242;26;19;46;36;812;415
2385;68,09;-92,20;0,00;0,00;0,00;-0,09;0,00;0,00;390;150;105;29;26;937;640
2386;39,26;-246,66;0,00;0,00;0,00;-0,25;0,00;0,00;96;48;136;31;18;213;566
2387;62,76;-68,81;0,00;0,00;0,00;-0,07;0,00;0,00;370;90;169;21;32;330;371
2388;26,63;-432,77;0,00;0,00;0,00;-0,43;0,00;0,00;261;21;141;11;31;407;236
2389;89,71;138,27;0,00;0,00;0,00;0,14;0,00;0,00;179;43;101;32;34;967;556
2390;100,00;293,80;0,00;0,00;0,00;0,29;0,00;0,00;189;66;182;36;28;708;100
2391;100,00;365,30;0,00;0,00;0,00;0,37;0,00;0,00;150;24;77;11;18;272;955
2392;49,14;-121,34;0,00;0,00;0,00;-0,12;0,00;0,00;61;197;12;42;21;430;392
2393;46,63;-174,89;0,00;0,00;0,00;-0,17;0,00;0,00;399;101;73;33;22;838;493
2394;70,66;59,21;0,00;0,00;0,00;0,06;0,00;0,00;321;91;156;48;35;934;800
2395;26,33;-345,91;0,00;0,00;0,00;-0,35;0,00;0,00;223;142;22;29;26;989;402
2396;57,67;-134,05;0,00;0,00;0,00;-0,13;0,00;0,00;246;110;105;23;16;683;484
2397;38,76;-294,38;0,00;0,00;0,00;-0,29;0,00;0,00;119;142;49;42;16;601;929
2398;0,00;-741,51;0,00;0,00;0,00;-0,74;0,00;0,00;14;184;155;28;36;225;810
2399;6,16;-613,10;0,00;0,00;0,00;-0,61;0,00;0,00;249;62;190;32;37;469;273
2400;41,95;-244,12;0,00;0,00;0,00;-0,24;0,00;0,00;497;18;167;18;30;565;473
2401;31,83;-307,09;0,00;0,00;0,00;-0,31;0,00;0,00;88;130;90;16;24;659;583
2402;53,05;-145,52;0,00;0,00;0,00;-0,15;0,00;0,00;369;50;121;22;20;819;873
2403;68,39;-17,49;0,00;0,00;0,00;-0,02;0,00;0,00;40;138;184;18;32;930;110
2404;63,74;-74,73;0,00;0,00;0,00;-0,07;0,00;0,00;118;101;44;16;37;686;911
2405;51,22;-229,60;0,00;0,00;0,00;-0,23;0,00;0,00;58;31;68;47;21;115;264
2406;78,62;153,85;0,00;0,00;0,00;0,15;0,00;0,00;264;73;170;48;20;615;628
2407;39,25;-285,39;0,00;0,00;0,00;-0,29;0,00;0,00;34;20;84;31;35;244;803
2408;82,87;214,03;0,00;0,00;0,00;0,21;0,00;0,00;50;68;147;12;24;160;439
2409;53,45;-134,99;0,00;0,00;0,00;-0,13;0,00;0,00;172;109;27;45;36;220;450
2410;59,24;-63,68;0,00;0,00;0,00;-0,06;0,00;0,00;463;180;169;47;29;526;367
2411;20,70;-472,48;0,00;0,00;0,00;-0,47;0,00;0,00;366;72;149;12;22;786;351
2412;49,58;-203,23;0,00;0,00;0,00;-0,20;0,00;0,00;182;12;138;10;17;599;522
2413;29,28;-403,61;0,00;0,00;0,00;-0,40;0,00;0,00;278;16;110;37;35;956;841
2414;36,78;-334,00;0,00;0,00;0,00;-0,33;0,00;0,00;236;138;24;26;31;132;219
2415;71,52;-11,77;0,00;0,00;0,00;-0,01;0,00;0,00;147;54;114;27;35;262;936
2416;69,25;49,28;0,00;0,00;0,00;0,05;0,00;0,00;118;60;69;33;22;239;374
2417;50,13;-233,34;0,00;0,00;0,00;-0,23;0,00;0,00;416;97;101;23;22;244;471
2418;66,49;-97,19;0,00;0,00;0,00;-0,10;0,00;0,00;452;106;176;41;39;816;853
2419;81,90;86,70;0,00;0,00;0,00;0,09;0,00;0,00;441;16;137;16;18;963;930
2420;55,52;-23,77;0,00;0,00;0,00;-0,02;0,00;0,00;187;84;84;46;25;167;464
2421;20,38;-402,53;0,00;0,00;0,00;-0,40;0,00;0,00;237;151;188;42;29;150;257
2422;35,37;-380,37;0,00;0,00;0,00;-0,38;0,00;0,00;145;166;120;11;39;816;850
2423;33,69;-377,98;0,00;0,00;0,00;-0,38;0,00;0,00;179;145;80;12;30;166;660
2424;0,00;-669,50;0,00;0,00;0,00;-0,67;0,00;0,00;188;30;64;47;16;462;437
2425;73,95;29,50;0,00;0,00;0,00;0,03;0,00;0,00;401;151;151;47;31;753;445
2426;35,02;-341,77;0,00;0,00;0,00;-0,34;0,00;0,00;71;30;64;22;23;153;839
2427;63,15;-205,97;0,00;0,00;0,00;-0,21;0,00;0,00;290;150;10;17;34;167;182
2428;53,48;-213,54;0,00;0,00;0,00;-0,21;0,00;0,00;468;95;40;31;19;996;179
2429;15,80;-613,23;0,00;0,00;0,00;-0,61;0,00;0,00;25;24;44;20;16;940;581
2430;20,90;-578,97;0,00;0,00;0,00;-0,58;0,00;0,00;40;74;184;21;22;890;750
2431;36,71;-370,72;0,00;0,00;0,00;-0,37;0,00;0,00;295;88;187;37;17;424;436
2432;58,07;-82,85;0,00;0,00;0,00;-0,08;0,00;0,00;42;105;121;36;32;510;518
2433;49,88;-209,21;0,00;0,00;0,00;-0,21;0,00;0,00;381;52;99;22;30;796;433
2434;76,94;92,81;0,00;0,00;0,00;0,09;0,00;0,00;238;53;95;37;29;279;839
2435;48,57;-216,14;0,00;0,00;0,00;-0,22;0,00;0,00;138;152;82;22;31;476;381
2436;12,85;-485,06;0,00;0,00;0,00;-0,49;0,00;0,00;76;127;142;22;34;450;224
2437;48,90;-272,72;0,00;0,00;0,00;-0,27;0,00;0,00;284;155;128;17;16;856;415
2438;94,36;193,49;0,00;0,00;0,00;0,19;0,00;0,00;160;106;26;27;23;821;385
2439;66,01;42,68;0,00;0,00;0,00;0,04;0,00;0,00;324;79;21;41;25;331;525
2440;90,84;199,98;0,00;0,00;0,00;0,20;0,00;0,00;43;40;156;46;15;701;972
2441;47,50;-280,27;0,00;0,00;0,00;-0,28;0,00;0,00;199;42;92;23;15;588;929
2442;65,34;1,43;0,00;0,00;0,00;0,00;0,00;0,00;117;18;167;17;34;930;768
2443;55,29;-107,96;0,00;0,00;0,00;-0,11;0,00;0,00;390;93;195;42;35;724;793
2444;37,07;-415,93;0,00;0,00;0,00;-0,42;0,00;0,00;152;60;16;35;19;205;501
2445;65,75;-126,29;0,00;0,00;0,00;-0,13;0,00;0,00;330;74;136;17;28;993;361
2446;87,54;156,96;0,00;0,00;0,00;0,16;0,00;0,00;165;197;79;21;28;963;606
2447;54,42;-205,38;0,00;0,00;0,00;-0,21;0,00;0,00;132;21;158;16;30;346;591
2448;73,50;9,02;0,00;0,00;0,00;0,01;0,00;0,00;105;15;81;15;34;303;579
2449;46,72;-139,03;0,00;0,00;0,00;-0,14;0,00;0,00;84;77;139;19;22;854;743
2450;15,58;-578,56;0,00;0,00;0,00;-0,58;0,00;0,00;96;169;132;48;26;361;121
2451;40,67;-263,07;0,00;0,00;0,00;-0,26;0,00;0,00;100;15;185;40;20;756;677
2452;6,87;-594,00;0,00;0,00;0,00;-0,59;0,00;0,00;270;64;26;21;20;666;938
2453;56,96;-210,45;0,00;0,00;0,00;-0,21;0,00;0,00;201;107;27;23;15;896;446
2454;40,13;-380,08;0,00;0,00;0,00;-0,38;0,00;0,00;350;159;69;33;21;495;158
2455;32,66;-264,27;0,00;0,00;0,00;-0,26;0,00;0,00;100;187;45;40;23;620;417
2456;34,16;-388,98;0,00;0,00;0,00;-0,39;0,00;0,00;173;186;18;14;29;861;172
2457;42,86;-301,00;0,00;0,00;0,00;-0,30;0,00;0,00;269;165;195;16;31;795;591
2458;46,39;-154,66;0,00;0,00;0,00;-0,15;0,00;0,00;222;27;131;27;20;724;431
2459;89,75;182,35;0,00;0,00;0,00;0,18;0,00;0,00;299;18;123;42;36;788;255
2460;60,25;-138,12;0,00;0,00;0,00;-0,14;0,00;0,00;485;135;169;34;26;134;407
2461;36,67;-237,87;0,00;0,00;0,00;-0,24;0,00;0,00;471;108;45;11;22;909;175
2462;45,92;-226,15;0,00;0,00;0,00;-0,23;0,00;0,00;260;188;101;25;23;689;813
2463;52,40;-198,16;0,00;0,00;0,00;-0,20;0,00;0,00;485;174;79;24;26;789;756
2464;93,27;243,88;0,00;0,00;0,00;0,24;0,00;0,00;463;106;79;11;26;242;601
2465;39,85;-330,72;0,00;0,00;0,00;-0,33;0,00;0,00;13;159;146;42;17;643;244
2466;51,69;-161,38;0,00;0,00;0,00;-0,16;0,00;0,00;460;89;138;28;27;607;106
2467;89,37;243,06;0,00;0,00;0,00;0,24;0,00;0,00;475;133;102;11;15;970;168
2468;33,15;-373,60;0,00;0,00;0,00;-0,37;0,00;0,00;360;26;142;18;21;662;277
2469;93,39;221,41;0,00;0,00;0,00;0,22;0,00;0,00;208;126;113;15;39;210;237
2470;70,59;-21,41;0,00;0,00;0,00;-0,02;0,00;0,00;72;193;53;38;38;544;715
2471;56,87;-170,94;0,00;0,00;0,00;-0,17;0,00;0,00;194;165;79;47;35;458;937
2472;68,60;17,35;0,00;0,00;0,00;0,02;0,00;0,00;324;144;161;49;31;211;313
2473;77,17;-3,45;0,00;0,00;0,00;-0,00;0,00;0,00;267;96;173;19;23;535;546
2474;94,19;197,90;0,00;0,00;0,00;0,20;0,00;0,00;247;145;184;43;30;232;326
2475;75,29;85,79;0,00;0,00;0,00;0,09;0,00;0,00;324;42;96;30;31;497;753
2476;23,29;-474,26;0,00;0,00;0,00;-0,47;0,00;0,00;478;184;25;22;39;778;922
2477;63,81;-36,61;0,00;0,00;0,00;-0,04;0,00;0,00;484;91;154;17;24;596;916
2478;46,06;-156,22;0,00;0,00;0,00;-0,16;0,00;0,00;91;11;44;17;23;418;730
2479;22,09;-553,58;0,00;0,00;0,00;-0,55;0,00;0,00;138;84;120;11;30;421;125
2480;50,37;-203,02;0,00;0,00;0,00;-0,20;0,00;0,00;218;32;52;46;16;289;546
2481;74,30;41,67;0,00;0,00;0,00;0,04;0,00;0,00;300;62;168;35;27;577;946
2482;43,49;-256,75;0,00;0,00;0,00;-0,26;0,00;0,00;484;187;156;11;38;960;518
2483;31,69;-413,08;0,00;0,00;0,00;-0,41;0,00;0,00;146;41;125;15;20;813;899
2484;51,16;-252,00;0,00;0,00;0,00;-0,25;0,00;0,00;314;37;186;20;22;523;673
2485;71,25;-86,79;0,00;0,00;0,00;-0,09;0,00;0,00;237;38;199;40;23;885;562
2486;80,45;122,94;0,00;0,00;0,00;0,12;0,00;0,00;53;57;153;20;32;698;110
2487;40,83;-329,31;0,00;0,00;0,00;-0,33;0,00;0,00;372;19;197;19;35;229;678
2488;17,76;-604,17;0,00;0,00;0,00;-0,60;0,00;0,00;329;86;182;37;15;183;350
2489;34,71;-396,78;0,00;0,00;0,00;-0,40;0,00;0,00;335;64;103;38;18;638;897
2490;35,97;-396,98;0,00;0,00;0,00;-0,40;0,00;0,00;417;47;188;33;26;890;675
2491;34,48;-300,16;0,00;0,00;0,00;-0,30;0,00;0,00;481;153;19;48;30;237;522
2492;40,09;-162,99;0,00;0,00;0,00;-0,16;0,00;0,00;242;70;183;49;33;900;704
2493;44,54;-198,98;0,00;0,00;0,00;-0,20;0,00;0,00;65;108;28;41;33;769;556
2494;28,40;-416,28;0,00;0,00;0,00;-0,42;0,00;0,00;112;163;73;23;15;153;455
2495;52,61;-206,34;0,00;0,00;0,00;-0,21;0,00;0,00;325;41;36;27;36;941;483
2496;16,82;-537,94;0,00;0,00;0,00;-0,54;0,00;0,00;70;195;48;39;37;626;190
2497;46,23;-227,97;0,00;0,00;0,00;-0,23;0,00;0,00;72;170;49;30;17;302;193
2498;55,19;-158,75;0,00;0,00;0,00;-0,16;0,00;0,00;140;180;20;16;21;470;616
2499;82,64;166,70;0,00;0,00;0,00;0,17;0,00;0,00;406;56;40;14;23;855;584
2500;29,34;-423,54;0,00;0,00;0,00;-0,42;0,00;0,00;132;197;18;48;17;805;126
2501;0,00;-741,59;0,00;0,00;0,00;-0,74;0,00;0,00;92;157;120;31;29;123;126
2502;77,94;68,64;0,00;0,00;0,00;0,07;0,00;0,00;432;148;107;41;30;560;350
2503;41,94;-350,37;0,00;0,00;0,00;-0,35;0,00;0,00;496;99;99;23;20;840;599
2504;64,97;33,24;0,00;0,00;0,00;0,03;0,00;0,00;100;22;184;13;17;361;151
2505;71,80;41,59;0,00;0,00;0,00;0,04;0,00;0,00;254;119;33;14;36;752;170
2506;89,28;189,20;0,00;0,00;0,00;0,19;0,00;0,00;12;86;84;45;36;965;401
2507;33,48;-329,74;0,00;0,00;0,00;-0,33;0,00;0,00;152;172;11;19;28;860;780
2508;55,87;-144,68;0,00;0,00;0,00;-0,14;0,00;0,00;223;54;36;45;39;894;624
2509;43,03;-228,59;0,00;0,00;0,00;-0,23;0,00;0,00;399;56;124;26;35;684;150
2510;53,69;-185,98;0,00;0,00;0,00;-0,19;0,00;0,00;194;162;121;40;38;359;758
2511;31,60;-418,66;0,00;0,00;0,00;-0,42;0,00;0,00;259;103;181;27;23;871;257
2512;100,00;340,23;0,00;0,00;0,00;0,34;0,00;0,00;286;176;48;38;38;913;734
2513;73,33;102,32;0,00;0,00;0,00;0,10;0,00;0,00;53;140;80;16;15;488;848
2514;32,42;-379,49;0,00;0,00;0,00;-0,38;0,00;0,00;182;168;27;25;20;849;153
2515;16,40;-596,34;0,00;0,00;0,00;-0,60;0,00;0,00;280;72;181;49;32;470;450
2516;48,42;-192,28;0,00;0,00;0,00;-0,19;0,00;0,00;222;79;10;40;39;452;889
2517;38,95;-347,78;0,00;0,00;0,00;-0,35;0,00;0,00;294;106;103;38;22;304;282
2518;59,19;-118,43;0,00;0,00;0,00;-0,12;0,00;0,00;154;135;88;34;24;999;409
2519;45,40;-202,77;0,00;0,00;0,00;-0,20;0,00;0,00;479;63;138;33;30;274;354
2520;7,33;-682,43;0,00;0,00;0,00;-0,68;0,00;0,00;494;69;59;21;27;441;824
2521;71,66;52,52;0,00;0,00;0,00;0,05;0,00;0,00;231;22;137;18;37;198;382
2522;86,83;208,44;0,00;0,00;0,00;0,21;0,00;0,00;146;121;81;38;27;168;101
2523;70,27;59,41;0,00;0,00;0,00;0,06;0,00;0,00;179;176;107;21;29;125;365
2524;51,55;-262,93;0,00;0,00;0,00;-0,26;0,00;0,00;319;147;140;22;31;628;504
2525;22,30;-449,94;0,00;0,00;0,00;-0,45;0,00;0,00;73;44;182;27;18;198;174
2526;81,70;90,60;0,00;0,00;0,00;0,09;0,00;0,00;110;119;14;10;30;241;916
2527;38,40;-332,49;0,00;0,00;0,00;-0,33;0,00;0,00;107;40;103;31;32;281;665
2528;1,96;-715,77;0,00;0,00;0,00;-0,72;0,00;0,00;305;75;62;35;28;132;860
2529;78,23;161,77;0,00;0,00;0,00;0,16;0,00;0,00;448;130;123;25;24;442;539
2530;38,36;-307,22;0,00;0,00;0,00;-0,31;0,00;0,00;454;196;113;35;30;214;176
2531;0,00;-678,80;0,00;0,00;0,00;-0,68;0,00;0,00;449;121;45;37;38;263;453
2532;46,29;-230,16;0,00;0,00;0,00;-0,23;0,00;0,00;209;46;100;15;24;525;741
2533;51,00;-281,82;0,00;0,00;0,00;-0,28;0,00;0,00;256;135;100;39;32;101;844
2534;72,84;109,71;0,00;0,00;0,00;0,11;0,00;0,00;138;91;73;38;29;539;373
2535;56,67;-93,39;0,00;0,00;0,00;-0,09;0,00;0,00;293;192;86;18;23;452;331
2536;55,57;-130,61;0,00;0,00;0,00;-0,13;0,00;0,00;469;17;88;16;23;824;461
2537;45,23;-107,17;0,00;0,00;0,00;-0,11;0,00;0,00;133;116;120;32;39;367;832
2538;32,80;-522,74;0,00;0,00;0,00;-0,52;0,00;0,00;357;153;83;25;29;158;679
2539;49,91;-106,54;0,00;0,00;0,00;-0,11;0,00;0,00;37;159;46;21;26;729;689
2540;0,00;-708,66;0,00;0,00;0,00;-0,71;0,00;0,00;470;100;63;24;36;361;939
2541;85,02;106,99;0,00;0,00;0,00;0,11;0,00;0,00;438;113;192;40;37;331;275
2542;51,37;-154,38;0,00;0,00;0,00;-0,15;0,00;0,00;15;109;101;24;29;332;211
2543;41,32;-271,77;0,00;0,00;0,00;-0,27;0,00;0,00;379;142;20;49;34;182;623
2544;21,42;-538,22;0,00;0,00;0,00;-0,54;0,00;0,00;367;151;76;25;20;796;294
2545;60,95;-74,36;0,00;0,00;0,00;-0,07;0,00;0,00;259;50;50;45;25;581;929
2546;54,24;-206,62;0,00;0,00;0,00;-0,21;0,00;0,00;63;157;32;25;28;544;449
2547;0,00;-751,73;0,00;0,00;0,00;-0,75;0,00;0,00;129;175;72;49;27;397;512
2548;54,66;-157,09;0,00;0,00;0,00;-0,16;0,00;0,00;20;155;152;42;19;878;960
2549;6,51;-667,26;0,00;0,00;0,00;-0,67;0,00;0,00;108;32;151;20;19;903;846
2550;76,74;59,55;0,00;0,00;0,00;0,06;0,00;0,00;462;159;76;10;28;528;667
2551;62,94;-26,11;0,00;0,00;0,00;-0,03;0,00;0,00;414;192;120;46;30;415;958
2552;19,02;-513,39;0,00;0,00;0,00;-0,51;0,00;0,00;154;56;18;22;21;751;606
2553;34,88;-286,71;0,00;0,00;0,00;-0,29;0,00;0,00;44;118;38;37;33;211;123
2554;18,44;-527,26;0,00;0,00;0,00;-0,53;0,00;0,00;177;78;187;11;18;573;267
2555;45,97;-278,05;0,00;0,00;0,00;-0,28;0,00;0,00;74;92;38;34;15;558;472
2556;16,10;-549,19;0,00;0,00;0,00;-0,55;0,00;0,00;312;126;85;35;22;848;161
2557;33,32;-517,64;0,00;0,00;0,00;-0,52;0,00;0,00;421;149;53;26;34;640;379
2558;55,77;-166,19;0,00;0,00;0,00;-0,17;0,00;0,00;359;130;19;28;18;895;204
2559;63,32;-68,45;0,00;0,00;0,00;-0,07;0,00;0,00;436;17;163;20;19;109;288
2560;36,80;-209,36;0,00;0,00;0,00;-0,21;0,00;0,00;68;43;147;20;24;812;436
2561;81,59;70,63;0,00;0,00;0,00;0,07;0,00;0,00;437;61;94;43;27;205;160
2562;48,48;-210,54;0,00;0,00;0,00;-0,21;0,00;0,00;351;41;55;19;37;303;996
2563;69,03;69,84;0,00;0,00;0,00;0,07;0,00;0,00;110;70;168;14;38;689;945
2564;61,79;-64,27;0,00;0,00;0,00;-0,06;0,00;0,00;435;78;167;27;17;302;412
2565;26,85;-383,98;0,00;0,00;0,00;-0,38;0,00;0,00;85;48;45;35;38;305;629
2566;50,22;-198,13;0,00;0,00;0,00;-0,20;0,00;0,00;429;13;17;15;22;750;996
2567;38,76;-293,16;0,00;0,00;0,00;-0,29;0,00;0,00;360;99;153;12;33;261;556
2568;38,24;-265,07;0,00;0,00;0,00;-0,27;0,00;0,00;248;188;106;36;16;713;375
2569;17,07;-594,65;0,00;0,00;0,00;-0,59;0,00;0,00;177;159;181;43;39;871;524
2570;39,40;-303,12;0,00;0,00;0,00;-0,30;0,00;0,00;441;106;69;30;15;309;305
2571;44,31;-261,19;0,00;0,00;0,00;-0,26;0,00;0,00;344;75;61;27;35;851;275
2572;23,18;-413,73;0,00;0,00;0,00;-0,41;0,00;0,00;364;24;184;16;30;623;649
2573;38,01;-284,60;0,00;0,00;0,00;-0,28;0,00;0,00;301;145;93;38;31;590;260
2574;32,37;-409,97;0,00;0,00;0,00;-0,41;0,00;0,00;401;58;96;13;19;270;231
2575;51,31;-146,73;0,00;0,00;0,00;-0,15;0,00;0,00;162;18;158;47;28;497;140
2576;49,03;-110,83;0,00;0,00;0,00;-0,11;0,00;0,00;475;45;85;37;21;614;704
2577;49,27;-157,75;0,00;0,00;0,00;-0,16;0,00;0,00;210;116;20;39;16;769;710
2578;55,44;-152,42;0,00;0,00;0,00;-0,15;0,00;0,00;115;175;142;35;24;729;991
2579;10,10;-569,28;0,00;0,00;0,00;-0,57;0,00;0,00;160;107;194;41;33;824;159
2580;100,00;291,09;0,00;0,00;0,00;0,29;0,00;0,00;172;192;29;36;25;340;889
2581;34,16;-419,81;0,00;0,00;0,00;-0,42;0,00;0,00;76;198;64;42;15;422;222
2582;89,19;210,15;0,00;0,00;0,00;0,21;0,00;0,00;124;184;97;11;25;228;549
2583;32,04;-271,00;0,00;0,00;0,00;-0,27;0,00;0,00;41;115;107;44;17;730;134
2584;100,00;293,97;0,00;0,00;0,00;0,29;0,00;0,00;107;166;94;23;28;160;141
2585;0,00;-789,79;0,00;0,00;0,00;-0,79;0,00;0,00;499;144;138;19;36;792;650
2586;40,53;-335,12;0,00;0,00;0,00;-0,34;0,00;0,00;257;103;143;10;33;999;251
2587;18,86;-423,15;0,00;0,00;0,00;-0,42;0,00;0,00;111;123;77;11;23;831;143
2588;47,84;-264,15;0,00;0,00;0,00;-0,26;0,00;0,00;486;72;113;20;15;382;105
2589;21,79;-577,89;0,00;0,00;0,00;-0,58;0,00;0,00;407;47;60;30;32;639;433
2590;25,22;-495,93;0,00;0,00;0,00;-0,50;0,00;0,00;236;19;62;38;36;631;249
2591;17,87;-430,86;0,00;0,00;0,00;-0,43;0,00;0,00;454;124;166;20;32;513;764
2592;73,71;31,14;0,00;0,00;0,00;0,03;0,00;0,00;344;100;79;46;17;177;734
2593;38,89;-292,41;0,00;0,00;0,00;-0,29;0,00;0,00;440;81;174;37;23;188;954
2594;63,76;-84,13;0,00;0,00;0,00;-0,08;0,00;0,00;173;58;100;44;18;451;706
2595;72,27;75,12;0,00;0,00;0,00;0,08;0,00;0,00;347;180;51;33;17;128;240
2596;14,34;-527,04;0,00;0,00;0,00;-0,53;0,00;0,00;72;118;130;40;39;534;792
2597;43,61;-275,75;0,00;0,00;0,00;-0,28;0,00;0,00;396;185;76;23;20;503;823
2598;77,84;138,80;0,00;0,00;0,00;0,14;0,00;0,00;152;37;51;20;35;521;242
2599;91,02;273,65;0,00;0,00;0,00;0,27;0,00;0,00;210;113;17;22;20;841;808
2600;39,67;-386,85;0,00;0,00;0,00;-0,39;0,00;0,00;309;58;161;26;26;397;586
2601;55,02;-122,51;0,00;0,00;0,00;-0,12;0,00;0,00;430;199;102;33;29;971;682
2602;51,02;-181,55;0,00;0,00;0,00;-0,18;0,00;0,00;467;83;105;18;35;821;238
2603;55,23;-98,11;0,00;0,00;0,00;-0,10;0,00;0,00;101;185;110;45;23;699;393
2604;74,47;80,98;0,00;0,00;0,00;0,08;0,00;0,00;222;178;177;19;27;775;697
2605;90,38;233,78;0,00;0,00;0,00;0,23;0,00;0,00;15;103;65;13;25;915;685
2606;31,94;-363,65;0,00;0,00;0,00;-0,36;0,00;0,00;305;189;122;29;36;726;148
2607;74,13;-113,10;0,00;0,00;0,00;-0,11;0,00;0,00;323;125;155;36;26;240;224
2608;54,42;-153,93;0,00;0,00;0,00;-0,15;0,00;0,00;220;179;178;26;29;853;708
2609;32,39;-358,25;0,00;0,00;0,00;-0,36;0,00;0,00;214;137;162;19;36;289;946
2610;41,02;-284,37;0,00;0,00;0,00;-0,28;0,00;0,00;186;57;173;46;17;362;654
2611;13,89;-601,69;0,00;0,00;0,00;-0,60;0,00;0,00;49;146;35;18;29;868;186
2612;56,62;-77,87;0,00;0,00;0,00;-0,08;0,00;0,00;80;128;158;30;28;463;549
2613;52,84;-122,82;0,00;0,00;0,00;-0,12;0,00;0,00;205;181;96;13;24;779;608
2614;25,23;-445,42;0,00;0,00;0,00;-0,45;0,00;0,00;224;101;180;22;19;379;586
2615;86,13;115,18;0,00;0,00;0,00;0,12;0,00;0,00;107;77;175;40;39;192;491
2616;37,09;-348,78;0,00;0,00;0,00;-0,35;0,00;0,00;299;66;169;42;32;987;480
2617;46,68;-233,17;0,00;0,00;0,00;-0,23;0,00;0,00;471;49;130;29;28;546;814
2618;33,90;-280,13;0,00;0,00;0,00;-0,28;0,00;0,00;236;182;25;26;20;219;532
2619;35,15;-403,70;0,00;0,00;0,00;-0,40;0,00;0,00;32;40;118;46;19;710;326
2620;50,56;-150,25;0,00;0,00;0,00;-0,15;0,00;0,00;22;111;19;26;16;676;475
2621;62,99;-42,19;0,00;0,00;0,00;-0,04;0,00;0,00;45;192;94;36;32;646;749
2622;36,21;-309,20;0,00;0,00;0,00;-0,31;0,00;0,00;173;120;22;44;18;269;942
2623;44,14;-247,67;0,00;0,00;0,00;-0,25;0,00;0,00;497;184;152;43;30;351;845
2624;68,66;55,45;0,00;0,00;0,00;0,06;0,00;0,00;499;97;91;34;20;166;400
2625;53,54;-146,03;0,00;0,00;0,00;-0,15;0,00;0,00;415;59;183;18;23;924;521
2626;62,51;-143,45;0,00;0,00;0,00;-0,14;0,00;0,00;64;148;39;26;25;271;175
2627;53,06;-103,44;0,00;0,00;0,00;-0,10;0,00;0,00;177;90;180;16;27;837;515
2628;47,50;-290,60;0,00;0,00;0,00;-0,29;0,00;0,00;94;111;110;12;36;331;902
2629;68,39;36,78;0,00;0,00;0,00;0,04;0,00;0,00;410;54;16;22;31;408;716
2630;44,50;-222,87;0,00;0,00;0,00;-0,22;0,00;0,00;489;175;38;14;21;779;547
2631;48,64;-182,28;0,00;0,00;0,00;-0,18;0,00;0,00;306;77;106;45;16;253;165
2632;47,46;-125,74;0,00;0,00;0,00;-0,13;0,00;0,00;431;57;126;39;29;558;544
2633;54,59;-210,91;0,00;0,00;0,00;-0,21;0,00;0,00;280;49;24;44;22;681;582
2634;28,43;-482,38;0,00;0,00;0,00;-0,48;0,00;0,00;239;22;184;19;15;325;429
2635;67,78;6,15;0,00;0,00;0,00;0,01;0,00;0,00;105;193;97;16;39;514;194
2636;70,88;-37,45;0,00;0,00;0,00;-0,04;0,00;0,00;496;99;199;25;22;980;762
2637;100,00;238,20;0,00;0,00;0,00;0,24;0,00;0,00;194;160;94;20;37;228;112
2638;19,11;-466,53;0,00;0,00;0,00;-0,47;0,00;0,00;41;88;175;39;33;197;773
2639;56,53;-150,77;0,00;0,00;0,00;-0,15;0,00;0,00;184;155;184;20;30;897;770
2640;34,21;-325,92;0,00;0,00;0,00;-0,33;0,00;0,00;175;124;78;42;32;863;248
2641;60,62;0,87;0,00;0,00;0,00;0,00;0,00;0,00;312;17;184;13;33;959;202
2642;45,72;-218,80;0,00;0,00;0,00;-0,22;0,00;0,00;385;171;34;39;24;578;297
2643;80,52;126,94;0,00;0,00;0,00;0,13;0,00;0,00;182;22;70;35;38;633;725
2644;71,40;55,79;0,00;0,00;0,00;0,06;0,00;0,00;273;155;85;41;16;699;302
2645;31,89;-462,46;0,00;0,00;0,00;-0,46;0,00;0,00;299;155;167;45;18;340;332
2646;98,04;271,69;0,00;0,00;0,00;0,27;0,00;0,00;396;41;153;11;21;148;840
2647;47,04;-284,05;0,00;0,00;0,00;-0,28;0,00;0,00;258;136;198;46;32;469;946
2648;20,25;-510,84;0,00;0,00;0,00;-0,51;0,00;0,00;364;24;16;45;26;377;480
2649;67,82;-4,66;0,00;0,00;0,00;-0,00;0,00;0,00;96;149;74;39;29;958;435
2650;73,42;-59,19;0,00;0,00;0,00;-0,06;0,00;0,00;66;17;125;35;18;842;503
2651;40,89;-358,60;0,00;0,00;0,00;-0,36;0,00;0,00;224;125;50;45;33;709;911
2652;59,89;-78,26;0,00;0,00;0,00;-0,08;0,00;0,00;142;138;84;12;39;599;146
2653;38,38;-266,48;0,00;0,00;0,00;-0,27;0,00;0,00;116;158;117;14;33;261;824
2654;44,40;-205,18;0,00;0,00;0,00;-0,21;0,00;0,00;162;82;168;24;28;245;406
2655;42,94;-319,17;0,00;0,00;0,00;-0,32;0,00;0,00;391;74;89;19;19;170;909
2656;37,93;-335,39;0,00;0,00;0,00;-0,34;0,00;0,00;221;146;83;45;21;184;787
2657;50,02;-146,77;0,00;0,00;0,00;-0,15;0,00;0,00;337;163;56;42;27;355;504
2658;76,21;110,41;0,00;0,00;0,00;0,11;0,00;0,00;418;34;57;34;20;211;847
2659;39,18;-260,41;0,00;0,00;0,00;-0,26;0,00;0,00;133;117;133;38;17;773;446
2660;66,74;-91,95;0,00;0,00;0,00;-0,09;0,00;0,00;38;176;20;32;39;874;229
2661;42,93;-193,65;0,00;0,00;0,00;-0,19;0,00;0,00;482;168;181;29;28;796;313
2662;71,36;7,64;0,00;0,00;0,00;0,01;0,00;0,00;229;37;194;37;34;589;836
2663;77,00;98,90;0,00;0,00;0,00;0,10;0,00;0,00;285;168;129;46;28;618;574
2664;30,33;-293,94;0,00;0,00;0,00;-0,29;0,00;0,00;27;155;102;32;17;699;883
2665;59,86;-138,07;0,00;0,00;0,00;-0,14;0,00;0,00;345;154;147;31;17;498;773
2666;51,68;-158,65;0,00;0,00;0,00;-0,16;0,00;0,00;468;75;81;25;24;577;111
2667;31,00;-402,42;0,00;0,00;0,00;-0,40;0,00;0,00;481;192;55;11;20;412;604
2668;42,97;-331,49;0,00;0,00;0,00;-0,33;0,00;0,00;399;75;44;14;20;881;793
2669;34,47;-409,41;0,00;0,00;0,00;-0,41;0,00;0,00;81;12;181;35;16;326;516
2670;35,95;-303,94;0,00;0,00;0,00;-0,30;0,00;0,00;284;61;83;30;22;259;485
2671;72,03;95,07;0,00;0,00;0,00;0,10;0,00;0,00;88;85;26;40;17;316;815
2672;66,22;10,68;0,00;0,00;0,00;0,01;0,00;0,00;396;22;163;15;15;636;652
2673;80,98;166,35;0,00;0,00;0,00;0,17;0,00;0,00;380;67;105;29;28;292;211
2674;76,15;-11,64;0,00;0,00;0,00;-0,01;0,00;0,00;212;98;148;44;18;269;191
2675;76,29;9,01;0,00;0,00;0,00;0,01;0,00;0,00;169;141;162;22;27;484;939
2676;85,25;127,78;0,00;0,00;0,00;0,13;0,00;0,00;57;111;121;26;36;241;972
2677;95,62;233,41;0,00;0,00;0,00;0,23;0,00;0,00;420;186;175;36;36;717;960
2678;25,98;-437,39;0,00;0,00;0,00;-0,44;0,00;0,00;360;51;33;21;30;552;321
2679;62,95;-85,72;0,00;0,00;0,00;-0,09;0,00;0,00;454;67;81;49;36;968;580
2680;60,96;-135,21;0,00;0,00;0,00;-0,14;0,00;0,00;121;157;186;16;29;299;314
2681;97,87;279,43;0,00;0,00;0,00;0,28;0,00;0,00;254;19;170;28;28;732;386
2682;61,80;-63,12;0,00;0,00;0,00;-0,06;0,00;0,00;273;93;90;35;24;931;306
2683;59,01;-131,81;0,00;0,00;0,00;-0,13;0,00;0,00;169;79;143;29;23;774;976
2684;41,97;-211,96;0,00;0,00;0,00;-0,21;0,00;0,00;70;111;114;22;31;661;211
2685;28,31;-423,58;0,00;0,00;0,00;-0,42;0,00;0,00;69;30;144;42;35;435;349
2686;41,58;-287,68;0,00;0,00;0,00;-0,29;0,00;0,00;169;150;119;20;27;276;549
2687;42,10;-171,89;0,00;0,00;0,00;-0,17;0,00;0,00;139;181;165;24;32;909;809
2688;68,01;-17,87;0,00;0,00;0,00;-0,02;0,00;0,00;202;129;171;44;32;462;217
2689;66,02;13,21;0,00;0,00;0,00;0,01;0,00;0,00;343;181;153;13;19;560;664
2690;55,44;-121,01;0,00;0,00;0,00;-0,12;0,00;0,00;33;80;68;49;20;874;430
2691;31,52;-409,43;0,00;0,00;0,00;-0,41;0,00;0,00;407;116;102;33;21;995;987
2692;33,67;-383,49;0,00;0,00;0,00;-0,38;0,00;0,00;185;81;61;47;31;759;141
2693;74,14;67,61;0,00;0,00;0,00;0,07;0,00;0,00;290;123;152;47;37;560;506
2694;32,40;-473,42;0,00;0,00;0,00;-0,47;0,00;0,00;88;103;12;32;26;218;498
2695;28,73;-373,99;0,00;0,00;0,00;-0,37;0,00;0,00;175;121;45;31;34;105;753
2696;47,15;-169,02;0,00;0,00;0,00;-0,17;0,00;0,00;362;159;176;45;19;227;138
2697;52,08;-167,16;0,00;0,00;0,00;-0,17;0,00;0,00;90;101;54;12;37;197;120
2698;50,02;-188,59;0,00;0,00;0,00;-0,19;0,00;0,00;58;82;68;27;28;158;118
2699;22,46;-512,08;0,00;0,00;0,00;-0,51;0,00;0,00;312;177;52;15;26;768;785
2700;43,00;-275,70;0,00;0,00;0,00;-0,28;0,00;0,00;356;85;177;38;22;303;537
2701;49,90;-261,22;0,00;0,00;0,00;-0,26;0,00;0,00;48;173;10;36;27;400;527
2702;19,79;-486,35;0,00;0,00;0,00;-0,49;0,00;0,00;456;114;197;14;22;101;647
2703;58,45;-114,82;0,00;0,00;0,00;-0,11;0,00;0,00;393;43;143;16;37;224;209
2704;64,42;-56,28;0,00;0,00;0,00;-0,06;0,00;0,00;220;117;111;45;38;385;224
2705;40,73;-346,58;0,00;0,00;0,00;-0,35;0,00;0,00;457;98;26;15;29;486;280
2706;57,11;-233,87;0,00;0,00;0,00;-0,23;0,00;0,00;444;180;86;10;23;172;166
2707;17,38;-552,71;0,00;0,00;0,00;-0,55;0,00;0,00;370;69;127;12;26;102;427
2708;91,94;254,77;0,00;0,00;0,00;0,25;0,00;0,00;466;152;184;33;37;633;492
2709;53,75;-78,03;0,00;0,00;0,00;-0,08;0,00;0,00;286;19;124;43;22;983;901
2710;64,20;-141,56;0,00;0,00;0,00;-0,14;0,00;0,00;180;32;187;44;34;899;608
2711;77,65;96,76;0,00;0,00;0,00;0,10;0,00;0,00;365;176;52;21;24;228;998
2712;65,07;-67,77;0,00;0,00;0,00;-0,07;0,00;0,00;245;31;45;17;24;235;990
2713;45,99;-300,81;0,00;0,00;0,00;-0,30;0,00;0,00;333;43;34;41;27;812;904
2714;27,97;-387,27;0,00;0,00;0,00;-0,39;0,00;0,00;262;126;29;27;30;400;301
2715;28,06;-470,15;0,00;0,00;0,00;-0,47;0,00;0,00;149;69;192;38;19;287;771
2716;92,55;199,78;0,00;0,00;0,00;0,20;0,00;0,00;145;97;189;22;18;314;753
2717;73,37;21,46;0,00;0,00;0,00;0,02;0,00;0,00;408;30;39;13;21;848;503
2718;37,43;-366,37;0,00;0,00;0,00;-0,37;0,00;0,00;126;130;88;36;33;846;977
2719;0,00;-707,02;0,00;0,00;0,00;-0,71;0,00;0,00;124;149;74;35;26;436;751
2720;76,55;24,94;0,00;0,00;0,00;0,02;0,00;0,00;235;82;195;34;29;169;366
2721;45,66;-284,23;0,00;0,00;0,00;-0,28;0,00;0,00;255;93;107;21;30;384;104
2722;57,62;-82,46;0,00;0,00;0,00;-0,08;0,00;0,00;10;143;69;18;18;772;606
2723;65,50;-80,33;0,00;0,00;0,00;-0,08;0,00;0,00;178;101;97;42;38;214;598
2724;47,85;-321,09;0,00;0,00;0,00;-0,32;0,00;0,00;292;149;160;43;22;476;801
2725;36,02;-355,22;0,00;0,00;0,00;-0,36;0,00;0,00;350;136;77;23;29;533;752
2726;49,01;-178,09;0,00;0,00;0,00;-0,18;0,00;0,00;488;64;144;31;24;983;402
2727;60,87;-60,67;0,00;0,00;0,00;-0,06;0,00;0,00;68;138;131;13;31;482;709
2728;100,00;317,05;0,00;0,00;0,00;0,32;0,00;0,00;420;48;83;22;27;779;152
2729;58,66;-128,04;0,00;0,00;0,00;-0,13;0,00;0,00;316;173;123;20;19;204;816
2730;44,09;-301,46;0,00;0,00;0,00;-0,30;0,00;0,00;437;83;62;23;38;798;462
2731;52,71;-154,26;0,00;0,00;0,00;-0,15;0,00;0,00;31;135;24;16;38;636;292
2732;82,08;167,87;0,00;0,00;0,00;0,17;0,00;0,00;455;123;168;43;25;227;324
2733;73,98;62,45;0,00;0,00;0,00;0,06;0,00;0,00;447;154;52;19;20;231;865
2734;65,23;16,46;0,00;0,00;0,00;0,02;0,00;0,00;74;77;178;27;31;732;656
2735;11,10;-637,32;0,00;0,00;0,00;-0,64;0,00;0,00;451;61;198;44;15;651;873
2736;48,53;-209,09;0,00;0,00;0,00;-0,21;0,00;0,00;198;138;53;20;34;120;486
2737;69,17;29,38;0,00;0,00;0,00;0,03;0,00;0,00;109;196;186;26;37;165;840
2738;48,83;-159,12;0,00;0,00;0,00;-0,16;0,00;0,00;40;85;100;30;25;705;198
2739;58,55;-33,92;0,00;0,00;0,00;-0,03;0,00;0,00;342;169;85;39;39;990;491
2740;24,56;-478,59;0,00;0,00;0,00;-0,48;0,00;0,00;250;101;51;48;20;560;258
2741;67,69;-62,59;0,00;0,00;0,00;-0,06;0,00;0,00;445;141;155;10;26;639;204
2742;79,99;49,17;0,00;0,00;0,00;0,05;0,00;0,00;461;79;28;31;28;176;975
2743;62,85;-47,67;0,00;0,00;0,00;-0,05;0,00;0,00;89;20;34;40;36;215;222
2744;96,65;224,32;0,00;0,00;0,00;0,22;0,00;0,00;437;134;77;25;17;393;526
2745;77,29;41,11;0,00;0,00;0,00;0,04;0,00;0,00;426;23;13;23;17;736;300
2746;28,47;-432,93;0,00;0,00;0,00;-0,43;0,00;0,00;451;104;18;41;31;890;400
2747;10,81;-582,54;0,00;0,00;0,00;-0,58;0,00;0,00;133;102;136;36;31;617;916
2748;46,79;-209,85;0,00;0,00;0,00;-0,21;0,00;0,00;437;44;137;23;33;466;753
2749;62,60;-77,27;0,00;0,00;0,00;-0,08;0,00;0,00;367;180;94;23;35;635;427
2750;66,81;-15,65;0,00;0,00;0,00;-0,02;0,00;0,00;290;56;14;29;21;164;738
2751;37,34;-305,18;0,00;0,00;0,00;-0,31;0,00;0,00;294;186;11;28;34;959;185
2752;100,00;295,72;0,00;0,00;0,00;0,30;0,00;0,00;302;116;11;25;16;684;698
2753;32,62;-418,84;0,00;0,00;0,00;-0,42;0,00;0,00;443;152;24;14;32;898;623
2754;33,88;-275,83;0,00;0,00;0,00;-0,28;0,00;0,00;484;142;66;15;23;678;693
2755;26,57;-384,28;0,00;0,00;0,00;-0,38;0,00;0,00;162;84;140;35;35;784;364
2756;100,00;352,88;0,00;0,00;0,00;0,35;0,00;0,00;77;130;141;22;20;363;211
2757;80,53;108,31;0,00;0,00;0,00;0,11;0,00;0,00;51;135;67;45;24;588;223
2758;44,94;-234,67;0,00;0,00;0,00;-0,23;0,00;0,00;166;84;145;15;23;159;399
2759;54,69;-151,78;0,00;0,00;0,00;-0,15;0,00;0,00;70;17;39;33;31;133;733
2760;47,15;-216,93;0,00;0,00;0,00;-0,22;0,00;0,00;375;153;154;20;36;527;291
2761;25,78;-508,79;0,00;0,00;0,00;-0,51;0,00;0,00;350;37;131;24;27;785;848
2762;72,52;12,16;0,00;0,00;0,00;0,01;0,00;0,00;373;140;70;35;34;179;951
2763;70,94;-31,79;0,00;0,00;0,00;-0,03;0,00;0,00;277;114;125;16;16;423;381
2764;45,30;-253,61;0,00;0,00;0,00;-0,25;0,00;0,00;102;134;166;28;30;177;633
2765;38,22;-266,54;0,00;0,00;0,00;-0,27;0,00;0,00;51;50;199;17;17;969;699
2766;88,88;147,51;0,00;0,00;0,00;0,15;0,00;0,00;464;69;122;40;31;631;820
2767;21,61;-446,40;0,00;0,00;0,00;-0,45;0,00;0,00;244;80;45;27;33;897;690
2768;87,26;218,33;0,00;0,00;0,00;0,22;0,00;0,00;29;178;158;32;39;309;185
2769;59,62;-136,46;0,00;0,00;0,00;-0,14;0,00;0,00;236;30;152;21;33;693;107
2770;75,17;8,12;0,00;0,00;0,00;0,01;0,00;0,00;243;85;85;17;16;349;701
2771;66,85;-37,64;0,00;0,00;0,00;-0,04;0,00;0,00;276;29;166;32;29;578;521
2772;37,39;-268,58;0,00;0,00;0,00;-0,27;0,00;0,00;476;111;89;49;21;903;216
2773;70,94;-36,65;0,00;0,00;0,00;-0,04;0,00;0,00;20;121;134;44;38;742;120
2774;32,65;-333,85;0,00;0,00;0,00;-0,33;0,00;0,00;169;46;97;21;37;580;450
2775;64,73;-38,86;0,00;0,00;0,00;-0,04;0,00;0,00;13;155;86;34;20;388;766
2776;40,15;-317,99;0,00;0,00;0,00;-0,32;0,00;0,00;365;17;80;10;25;312;941
2777;43,71;-331,04;0,00;0,00;0,00;-0,33;0,00;0,00;94;47;67;21;31;541;809
2778;60,89;-94,17;0,00;0,00;0,00;-0,09;0,00;0,00;431;171;152;49;28;795;509
2779;41,07;-231,37;0,00;0,00;0,00;-0,23;0,00;0,00;493;156;158;13;20;994;507
2780;43,32;-231,45;0,00;0,00;0,00;-0,23;0,00;0,00;245;83;59;49;18;154;837
2781;83,51;194,10;0,00;0,00;0,00;0,19;0,00;0,00;463;171;133;22;24;637;341
2782;0,00;-657,06;0,00;0,00;0,00;-0,66;0,00;0,00;380;133;150;12;20;857;257
2783;38,66;-366,45;0,00;0,00;0,00;-0,37;0,00;0,00;341;118;126;13;16;375;456
2784;38,41;-239,85;0,00;0,00;0,00;-0,24;0,00;0,00;434;28;154;12;17;323;600
2785;41,48;-194,92;0,00;0,00;0,00;-0,19;0,00;0,00;287;38;129;22;17;118;369
2786;79,88;134,86;0,00;0,00;0,00;0,13;0,00;0,00;328;114;39;27;17;860;899
2787;0,00;-728,09;0,00;0,00;0,00;-0,73;0,00;0,00;95;163;113;36;34;189;705
2788;36,47;-322,74;0,00;0,00;0,00;-0,32;0,00;0,00;57;175;29;14;24;358;428
2789;57,94;-111,99;0,00;0,00;0,00;-0,11;0,00;0,00;80;81;76;33;27;858;320
2790;33,33;-436,27;0,00;0,00;0,00;-0,44;0,00;0,00;348;121;190;22;21;416;451
2791;34,98;-319,58;0,00;0,00;0,00;-0,32;0,00;0,00;48;106;125;43;18;450;269
2792;71,30;-68,76;0,00;0,00;0,00;-0,07;0,00;0,00;476;77;78;28;15;429;817
2793;80,48;199,96;0,00;0,00;0,00;0,20;0,00;0,00;313;25;191;26;34;302;935
2794;63,86;-89,91;0,00;0,00;0,00;-0,09;0,00;0,00;438;110;81;28;24;179;500
2795;88,17;189,62;0,00;0,00;0,00;0,19;0,00;0,00;239;162;43;25;39;418;421
2796;23,05;-453,31;0,00;0,00;0,00;-0,45;0,00;0,00;136;87;100;44;36;975;214
2797;32,18;-301,04;0,00;0,00;0,00;-0,30;0,00;0,00;454;172;63;24;36;250;699
2798;39,52;-237,15;0,00;0,00;0,00;-0,24;0,00;0,00;46;74;145;26;20;684;342
2799;17,08;-511,96;0,00;0,00;0,00;-0,51;0,00;0,00;356;118;118;22;32;729;845
2800;29,71;-508,72;0,00;0,00;0,00;-0,51;0,00;0,00;17;132;132;20;29;810;107
2801;64,16;-65,24;0,00;0,00;0,00;-0,07;0,00;0,00;158;126;17;27;29;943;847
2802;55,06;-161,93;0,00;0,00;0,00;-0,16;0,00;0,00;423;14;124;26;28;172;617
2803;39,93;-256,60;0,00;0,00;0,00;-0,26;0,00;0,00;189;79;128;37;15;937;212
2804;24,93;-373,15;0,00;0,00;0,00;-0,37;0,00;0,00;74;84;195;22;36;101;665
2805;71,67;-29,75;0,00;0,00;0,00;-0,03;0,00;0,00;27;112;195;22;21;576;953
2806;13,74;-553,89;0,00;0,00;0,00;-0,55;0,00;0,00;213;133;23;21;22;838;123
2807;0,00;-633,64;0,00;0,00;0,00;-0,63;0,00;0,00;451;174;120;16;32;749;783
2808;46,57;-299,14;0,00;0,00;0,00;-0,30;0,00;0,00;281;39;96;47;19;170;369
2809;58,84;-164,72;0,00;0,00;0,00;-0,16;0,00;0,00;483;179;167;38;21;154;933
2810;0,00;-769,94;0,00;0,00;0,00;-0,77;0,00;0,00;397;144;195;44;18;507;207
2811;50,91;-197,82;0,00;0,00;0,00;-0,20;0,00;0,00;159;11;100;30;24;218;593
2812;9,80;-557,62;0,00;0,00;0,00;-0,56;0,00;0,00;354;50;75;35;23;206;137
2813;34,76;-332,79;0,00;0,00;0,00;-0,33;0,00;0,00;379;108;55;24;28;699;660
2814;56,15;-146,87;0,00;0,00;0,00;-0,15;0,00;0,00;286;17;125;26;33;408;463
2815;41,37;-197,37;0,00;0,00;0,00;-0,20;0,00;0,00;158;161;24;21;24;911;445
2816;68,92;17,77;0,00;0,00;0,00;0,02;0,00;0,00;199;192;70;19;19;171;512
2817;53,41;-154,31;0,00;0,00;0,00;-0,15;0,00;0,00;395;122;26;46;17;618;496
2818;61,28;-35,33;0,00;0,00;0,00;-0,04;0,00;0,00;443;51;21;19;39;787;545
2819;69,30;-17,61;0,00;0,00;0,00;-0,02;0,00;0,00;345;34;76;14;22;284;680
2820;28,41;-450,46;0,00;0,00;0,00;-0,45;0,00;0,00;149;165;164;39;32;350;741
2821;0,99;-654,43;0,00;0,00;0,00;-0,65;0,00;0,00;399;62;165;48;21;895;888
2822;18,37;-485,97;0,00;0,00;0,00;-0,49;0,00;0,00;498;142;81;45;39;761;292
2823;72,10;17,27;0,00;0,00;0,00;0,02;0,00;0,00;410;69;73;24;17;846;668
2824;25,06;-435,45;0,00;0,00;0,00;-0,44;0,00;0,00;412;54;83;12;32;695;538
2825;97,65;274,07;0,00;0,00;0,00;0,27;0,00;0,00;66;160;174;14;23;443;883
2826;48,62;-246,53;0,00;0,00;0,00;-0,25;0,00;0,00;374;54;154;20;29;609;741
2827;43,39;-258,74;0,00;0,00;0,00;-0,26;0,00;0,00;348;154;80;28;35;901;126
2828;43,17;-324,22;0,00;0,00;0,00;-0,32;0,00;0,00;393;169;108;21;37;446;601
2829;70,98;106,23;0,00;0,00;0,00;0,11;0,00;0,00;275;29;145;32;28;318;935
2830;58,95;-131,63;0,00;0,00;0,00;-0,13;0,00;0,00;201;156;138;33;20;663;973
2831;82,58;147,11;0,00;0,00;0,00;0,15;0,00;0,00;131;53;48;12;32;561;911
2832;55,54;-177,32;0,00;0,00;0,00;-0,18;0,00;0,00;465;152;115;12;16;843;508
2833;32,86;-400,46;0,00;0,00;0,00;-0,40;0,00;0,00;455;144;80;30;32;418;258
2834;85,56;204,37;0,00;0,00;0,00;0,20;0,00;0,00;226;195;34;26;29;391;163
2835;65,90;-37,86;0,00;0,00;0,00;-0,04;0,00;0,00;122;106;164;36;39;331;445
2836;68,77;-92,43;0,00;0,00;0,00;-0,09;0,00;0,00;174;19;73;26;17;315;352
2837;50,59;-229,80;0,00;0,00;0,00;-0,23;0,00;0,00;494;163;10;34;17;990;678
2838;50,96;-199,39;0,00;0,00;0,00;-0,20;0,00;0,00;398;52;73;28;27;791;475
2839;36,40;-385,92;0,00;0,00;0,00;-0,39;0,00;0,00;414;112;17;10;17;235;279
2840;63,40;-96,13;0,00;0,00;0,00;-0,10;0,00;0,00;162;189;90;49;36;462;245
2841;77,74;108,55;0,00;0,00;0,00;0,11;0,00;0,00;307;32;158;12;37;216;995
2842;75,58;-10,87;0,00;0,00;0,00;-0,01;0,00;0,00;196;121;112;18;20;700;392
2843;24,71;-453,54;0,00;0,00;0,00;-0,45;0,00;0,00;295;160;75;28;18;222;162
2844;62,48;-56,34;0,00;0,00;0,00;-0,06;0,00;0,00;441;34;10;32;27;761;194
2845;39,00;-339,20;0,00;0,00;0,00;-0,34;0,00;0,00;43;100;186;38;18;177;869
2846;33,83;-334,09;0,00;0,00;0,00;-0,33;0,00;0,00;287;80;93;17;28;722;192
2847;70,15;35,67;0,00;0,00;0,00;0,04;0,00;0,00;289;179;29;12;37;176;499
2848;10,83;-541,40;0,00;0,00;0,00;-0,54;0,00;0,00;163;62;74;38;32;361;114
2849;36,44;-331,42;0,00;0,00;0,00;-0,33;0,00;0,00;486;192;116;31;28;466;630
2850;0,00;-672,72;0,00;0,00;0,00;-0,67;0,00;0,00;68;192;76;37;19;675;887
2851;24,36;-433,06;0,00;0,00;0,00;-0,43;0,00;0,00;104;75;134;16;38;315;677
2852;63,46;-61,64;0,00;0,00;0,00;-0,06;0,00;0,00;295;33;114;29;37;698;710
2853;80,08;70,70;0,00;0,00;0,00;0,07;0,00;0,00;409;99;116;20;15;835;866
2854;100,00;261,81;0,00;0,00;0,00;0,26;0,00;0,00;447;121;193;48;15;284;824
2855;40,77;-300,60;0,00;0,00;0,00;-0,30;0,00;0,00;379;179;186;48;24;603;729
2856;43,66;-353,96;0,00;0,00;0,00;-0,35;0,00;0,00;106;106;137;16;35;303;140
2857;71,84;-16,14;0,00;0,00;0,00;-0,02;0,00;0,00;14;49;174;10;28;741;418
2858;43,52;-265,59;0,00;0,00;0,00;-0,27;0,00;0,00;133;21;153;27;27;537;448
2859;20,07;-478,55;0,00;0,00;0,00;-0,48;0,00;0,00;233;85;40;48;38;957;174
2860;71,88;-3,71;0,00;0,00;0,00;-0,00;0,00;0,00;477;31;117;18;18;674;216
2861;55,66;-171,99;0,00;0,00;0,00;-0,17;0,00;0,00;181;146;49;45;39;871;553
2862;7,27;-640,18;0,00;0,00;0,00;-0,64;0,00;0,00;182;109;33;36;34;645;629
2863;69,12;-5,30;0,00;0,00;0,00;-0,01;0,00;0,00;66;47;71;39;23;168;186
2864;63,76;-99,24;0,00;0,00;0,00;-0,10;0,00;0,00;485;51;105;45;22;377;743
2865;64,14;-3,64;0,00;0,00;0,00;-0,00;0,00;0,00;302;107;12;34;17;749;120
2866;96,85;246,83;0,00;0,00;0,00;0,25;0,00;0,00;467;149;179;49;26;831;112
2867;36,12;-336,51;0,00;0,00;0,00;-0,34;0,00;0,00;48;45;52;43;34;996;890
2868;61,92;-48,37;0,00;0,00;0,00;-0,05;0,00;0,00;466;113;165;21;18;203;229
2869;61,78;-62,42;0,00;0,00;0,00;-0,06;0,00;0,00;407;12;95;47;38;436;871
2870;91,61;297,59;0,00;0,00;0,00;0,30;0,00;0,00;493;112;21;44;23;654;687
2871;16,33;-545,68;0,00;0,00;0,00;-0,55;0,00;0,00;369;170;185;12;17;443;616
2872;40,68;-353,83;0,00;0,00;0,00;-0,35;0,00;0,00;418;189;81;40;39;369;324
2873;39,29;-268,47;0,00;0,00;0,00;-0,27;0,00;0,00;357;26;127;33;24;361;667
2874;33,99;-390,97;0,00;0,00;0,00;-0,39;0,00;0,00;134;171;123;31;31;100;409
2875;82,63;164,44;0,00;0,00;0,00;0,16;0,00;0,00;475;172;30;30;37;880;867
2876;93,26;205,21;0,00;0,00;0,00;0,21;0,00;0,00;168;47;177;41;18;902;669
2877;62,64;-41,47;0,00;0,00;0,00;-0,04;0,00;0,00;102;36;101;15;26;539;425
2878;0,00;-721,57;0,00;0,00;0,00;-0,72;0,00;0,00;376;65;115;10;36;118;359
2879;70,09;59,16;0,00;0,00;0,00;0,06;0,00;0,00;269;26;38;43;17;206;675
2880;68,12;-25,72;0,00;0,00;0,00;-0,03;0,00;0,00;83;92;65;39;17;335;220
2881;41,13;-228,60;0,00;0,00;0,00;-0,23;0,00;0,00;409;195;76;10;18;422;459
2882;69,39;20,91;0,00;0,00;0,00;0,02;0,00;0,00;484;87;61;26;29;159;604
2883;84,74;58,88;0,00;0,00;0,00;0,06;0,00;0,00;19;185;182;21;18;740;220
2884;67,27;37,60;0,00;0,00;0,00;0,04;0,00;0,00;350;156;78;15;34;409;394
2885;93,10;286,32;0,00;0,00;0,00;0,29;0,00;0,00;122;168;105;25;38;486;255
2886;76,13;-2,15;0,00;0,00;0,00;-0,00;0,00;0,00;279;180;161;39;22;833;952
2887;29,85;-405,46;0,00;0,00;0,00;-0,41;0,00;0,00;144;160;174;35;32;518;989
2888;25,60;-445,91;0,00;0,00;0,00;-0,45;0,00;0,00;381;73;167;35;25;310;784
2889;76,93;67,21;0,00;0,00;0,00;0,07;0,00;0,00;106;87;143;24;27;873;456
2890;46,05;-312,31;0,00;0,00;0,00;-0,31;0,00;0,00;41;99;74;35;31;136;582
2891;56,02;-135,61;0,00;0,00;0,00;-0,14;0,00;0,00;400;72;11;26;28;194;228
2892;37,61;-284,86;0,00;0,00;0,00;-0,28;0,00;0,00;142;115;76;32;16;930;683
2893;60,32;-98,79;0,00;0,00;0,00;-0,10;0,00;0,00;48;191;58;44;26;465;876
2894;54,32;-177,94;0,00;0,00;0,00;-0,18;0,00;0,00;207;111;95;35;23;172;212
2895;20,81;-485,94;0,00;0,00;0,00;-0,49;0,00;0,00;390;106;155;31;24;334;879
2896;52,33;-128,22;0,00;0,00;0,00;-0,13;0,00;0,00;53;113;99;45;34;917;512
2897;43,11;-237,71;0,00;0,00;0,00;-0,24;0,00;0,00;428;84;44;21;20;242;627
2898;36,03;-336,77;0,00;0,00;0,00;-0,34;0,00;0,00;235;187;81;48;39;673;677
2899;39,39;-333,08;0,00;0,00;0,00;-0,33;0,00;0,00;127;69;168;47;26;563;980
2900;51,60;-170,98;0,00;0,00;0,00;-0,17;0,00;0,00;333;108;89;47;34;587;424
2901;53,51;-135,77;0,00;0,00;0,00;-0,14;0,00;0,00;253;54;155;39;19;541;845
2902;52,67;-182,35;0,00;0,00;0,00;-0,18;0,00;0,00;134;166;132;48;20;332;175
2903;23,93;-433,23;0,00;0,00;0,00;-0,43;0,00;0,00;400;126;49;11;18;162;698
2904;76,53;71,65;0,00;0,00;0,00;0,07;0,00;0,00;207;42;88;41;25;510;704
2905;28,16;-497,01;0,00;0,00;0,00;-0,50;0,00;0,00;263;50;163;14;21;600;386
2906;69,81;-22,81;0,00;0,00;0,00;-0,02;0,00;0,00;431;123;132;35;31;539;834
2907;54,60;-129,93;0,00;0,00;0,00;-0,13;0,00;0,00;18;65;103;39;19;394;960
2908;48,20;-279,97;0,00;0,00;0,00;-0,28;0,00;0,00;131;159;123;34;26;563;953
2909;100,00;270,26;0,00;0,00;0,00;0,27;0,00;0,00;372;73;156;17;33;797;300
2910;29,06;-407,57;0,00;0,00;0,00;-0,41;0,00;0,00;356;123;130;49;39;557;294
2911;53,30;-113,18;0,00;0,00;0,00;-0,11;0,00;0,00;94;78;174;33;27;851;909
2912;34,37;-411,15;0,00;0,00;0,00;-0,41;0,00;0,00;237;113;191;10;31;982;773
2913;57,35;-142,84;0,00;0,00;0,00;-0,14;0,00;0,00;163;153;94;39;21;183;826
2914;57,41;-68,91;0,00;0,00;0,00;-0,07;0,00;0,00;443;76;192;14;31;809;361
2915;4,55;-607,01;0,00;0,00;0,00;-0,61;0,00;0,00;171;40;18;44;17;764;161
2916;52,62;-271,03;0,00;0,00;0,00;-0,27;0,00;0,00;165;177;86;15;27;187;810
2917;46,14;-310,60;0,00;0,00;0,00;-0,31;0,00;0,00;175;17;136;16;20;476;823
2918;41,59;-261,51;0,00;0,00;0,00;-0,26;0,00;0,00;381;193;27;41;17;494;418
2919;21,34;-437,68;0,00;0,00;0,00;-0,44;0,00;0,00;39;187;106;32;28;904;741
2920;36,86;-305,23;0,00;0,00;0,00;-0,31;0,00;0,00;351;13;167;43;38;717;283
2921;82,17;114,04;0,00;0,00;0,00;0,11;0,00;0,00;99;189;49;32;35;191;367
2922;51,80;-86,28;0,00;0,00;0,00;-0,09;0,00;0,00;372;121;30;30;18;362;382
2923;90,12;239,32;0,00;0,00;0,00;0,24;0,00;0,00;330;23;61;40;24;319;890
2924;57,35;-192,21;0,00;0,00;0,00;-0,19;0,00;0,00;463;185;54;13;17;535;931
2925;49,54;-208,10;0,00;0,00;0,00;-0,21;0,00;0,00;40;145;50;25;34;671;512
2926;25,87;-477,46;0,00;0,00;0,00;-0,48;0,00;0,00;59;47;31;31;35;768;623
2927;99,00;260,84;0,00;0,00;0,00;0,26;0,00;0,00;64;127;152;34;24;194;102
2928;54,83;-57,46;0,00;0,00;0,00;-0,06;0,00;0,00;118;95;171;46;15;962;837
2929;39,91;-306,09;0,00;0,00;0,00;-0,31;0,00;0,00;240;168;133;32;31;342;491
2930;38,64;-233,17;0,00;0,00;0,00;-0,23;0,00;0,00;440;181;18;47;23;463;616
2931;82,09;111,21;0,00;0,00;0,00;0,11;0,00;0,00;273;17;34;42;17;911;207
2932;56,75;-115,06;0,00;0,00;0,00;-0,12;0,00;0,00;69;53;21;31;38;330;578
2933;36,46;-398,08;0,00;0,00;0,00;-0,40;0,00;0,00;83;34;26;15;23;158;497
2934;44,77;-178,26;0,00;0,00;0,00;-0,18;0,00;0,00;248;171;191;17;35;204;433
2935;9,20;-574,38;0,00;0,00;0,00;-0,57;0,00;0,00;11;179;152;36;25;103;813
2936;44,80;-304,70;0,00;0,00;0,00;-0,30;0,00;0,00;21;109;125;26;31;711;117
2937;49,75;-172,10;0,00;0,00;0,00;-0,17;0,00;0,00;494;20;31;29;29;243;823
2938;43,11;-266,54;0,00;0,00;0,00;-0,27;0,00;0,00;108;71;175;40;21;939;157
2939;40,59;-305,32;0,00;0,00;0,00;-0,31;0,00;0,00;169;38;101;37;17;391;859
2940;100,00;285,00;0,00;0,00;0,00;0,29;0,00;0,00;495;20;180;19;15;996;861
2941;41,51;-269,38;0,00;0,00;0,00;-0,27;0,00;0,00;28;34;128;37;19;313;817
2942;70,82;85,59;0,00;0,00;0,00;0,09;0,00;0,00;461;198;170;44;17;424;822
2943;59,20;-87,15;0,00;0,00;0,00;-0,09;0,00;0,00;126;33;79;41;31;297;456
2944;13,52;-585,79;0,00;0,00;0,00;-0,59;0,00;0,00;296;16;168;38;29;218;307
2945;18,75;-468,56;0,00;0,00;0,00;-0,47;0,00;0,00;412;18;20;27;36;770;910
2946;38,88;-295,08;0,00;0,00;0,00;-0,30;0,00;0,00;107;170;77;11;32;562;995
2947;92,79;240,53;0,00;0,00;0,00;0,24;0,00;0,00;84;42;187;46;20;230;443
2948;35,77;-389,16;0,00;0,00;0,00;-0,39;0,00;0,00;170;56;113;39;23;100;234
2949;100,00;301,72;0,00;0,00;0,00;0,30;0,00;0,00;114;192;21;34;39;165;400
2950;70,52;-59,59;0,00;0,00;0,00;-0,06;0,00;0,00;367;112;194;49;16;515;772
2951;14,89;-544,65;0,00;0,00;0,00;-0,54;0,00;0,00;110;199;101;21;23;714;467
2952;51,65;-188,38;0,00;0,00;0,00;-0,19;0,00;0,00;356;48;191;38;39;496;117
2953;27,57;-386,33;0,00;0,00;0,00;-0,39;0,00;0,00;181;78;87;16;20;447;409
2954;46,81;-223,44;0,00;0,00;0,00;-0,22;0,00;0,00;371;75;154;36;37;917;524
2955;93,16;223,82;0,00;0,00;0,00;0,22;0,00;0,00;430;73;132;30;37;781;250
2956;40,49;-322,25;0,00;0,00;0,00;-0,32;0,00;0,00;243;160;105;43;36;679;686
2957;59,73;-191,75;0,00;0,00;0,00;-0,19;0,00;0,00;70;91;154;43;28;956;405
2958;26,87;-411,85;0,00;0,00;0,00;-0,41;0,00;0,00;32;168;40;48;25;238;644
2959;0,00;-611,06;0,00;0,00;0,00;-0,61;0,00;0,00;456;166;116;39;33;975;746
2960;74,10;19,00;0,00;0,00;0,00;0,02;0,00;0,00;496;87;66;44;16;280;355
2961;80,47;64,00;0,00;0,00;0,00;0,06;0,00;0,00;370;85;179;10;25;849;719
2962;28,33;-502,33;0,00;0,00;0,00;-0,50;0,00;0,00;442;100;115;35;37;846;620
2963;28,18;-290,45;0,00;0,00;0,00;-0,29;0,00;0,00;269;165;83;13;15;348;304
2964;100,00;283,82;0,00;0,00;0,00;0,28;0,00;0,00;109;47;143;36;33;762;944
2965;59,51;-127,20;0,00;0,00;0,00;-0,13;0,00;0,00;299;51;37;42;37;675;298
2966;52,60;-245,81;0,00;0,00;0,00;-0,25;0,00;0,00;178;94;33;48;24;575;685
2967;16,63;-508,27;0,00;0,00;0,00;-0,51;0,00;0,00;268;153;56;28;23;807;726
2968;36,19;-335,24;0,00;0,00;0,00;-0,34;0,00;0,00;100;76;40;46;16;655;637
2969;38,82;-342,17;0,00;0,00;0,00;-0,34;0,00;0,00;245;90;190;38;38;373;387
2970;47,29;-211,41;0,00;0,00;0,00;-0,21;0,00;0,00;140;142;106;47;39;472;903
2971;65,95;-13,18;0,00;0,00;0,00;-0,01;0,00;0,00;497;167;100;21;33;792;302
2972;30,83;-475,44;0,00;0,00;0,00;-0,48;0,00;0,00;149;43;57;11;19;698;125
2973;25,96;-367,67;0,00;0,00;0,00;-0,37;0,00;0,00;231;189;16;47;31;832;302
2974;37,62;-373,45;0,00;0,00;0,00;-0,37;0,00;0,00;385;154;21;10;33;667;903
2975;99,26;305,41;0,00;0,00;0,00;0,31;0,00;0,00;368;178;136;19;16;720;366
2976;28,09;-394,70;0,00;0,00;0,00;-0,39;0,00;0,00;446;21;153;10;27;823;480
2977;22,13;-560,09;0,00;0,00;0,00;-0,56;0,00;0,00;149;70;20;35;16;237;987
2978;60,88;-110,70;0,00;0,00;0,00;-0,11;0,00;0,00;248;39;172;39;34;451;428
2979;50,31;-269,87;0,00;0,00;0,00;-0,27;0,00;0,00;181;55;123;41;19;897;804
2980;97,88;265,59;0,00;0,00;0,00;0,27;0,00;0,00;349;116;174;16;19;973;543
2981;34,60;-405,24;0,00;0,00;0,00;-0,41;0,00;0,00;265;103;178;24;16;994;199
2982;48,27;-220,45;0,00;0,00;0,00;-0,22;0,00;0,00;452;114;33;33;32;529;114
2983;63,50;-134,52;0,00;0,00;0,00;-0,13;0,00;0,00;44;115;59;20;18;525;798
2984;7,50;-670,57;0,00;0,00;0,00;-0,67;0,00;0,00;370;86;80;46;15;458;697
2985;48,42;-255,39;0,00;0,00;0,00;-0,26;0,00;0,00;249;175;147;40;29;549;556
2986;60,73;-94,92;0,00;0,00;0,00;-0,09;0,00;0,00;307;54;158;40;39;788;914
2987;63,96;-68,38;0,00;0,00;0,00;-0,07;0,00;0,00;268;131;83;26;39;845;233
2988;55,63;-116,15;0,00;0,00;0,00;-0,12;0,00;0,00;200;172;63;25;21;793;260
2989;48,10;-212,79;0,00;0,00;0,00;-0,21;0,00;0,00;482;119;101;45;24;287;568
2990;88,67;261,80;0,00;0,00;0,00;0,26;0,00;0,00;142;177;147;29;18;512;281
2991;51,82;-162,33;0,00;0,00;0,00;-0,16;0,00;0,00;82;175;26;10;24;918;273
2992;82,73;175,54;0,00;0,00;0,00;0,18;0,00;0,00;447;191;182;39;20;825;200
2993;59,77;-103,82;0,00;0,00;0,00;-0,10;0,00;0,00;474;119;125;35;38;323;780
2994;85,71;202,69;0,00;0,00;0,00;0,20;0,00;0,00;263;98;106;18;29;512;294
2995;77,86;93,01;0,00;0,00;0,00;0,09;0,00;0,00;439;199;156;16;30;102;516
2996;50,84;-176,21;0,00;0,00;0,00;-0,18;0,00;0,00;436;41;27;39;18;917;876
2997;64,04;-118,30;0,00;0,00;0,00;-0,12;0,00;0,00;251;14;71;36;33;209;421
2998;21,10;-501,54;0,00;0,00;0,00;-0,50;0,00;0,00;179;34;145;37;19;826;680
2999;1,51;-586,19;0,00;0,00;0,00;-0,59;0,00;0,00;317;13;151;46;23;927;214
3000;75,70;13,57;0,00;0,00;0,00;0,01;0,00;0,00;438;170;17;25;27;216;926
3001;73,39;39,44;0,00;0,00;0,00;0,04;0,00;0,00;128;62;23;30;26;833;383
3002;11,94;-593,15;0,00;0,00;0,00;-0,59;0,00;0,00;418;197;58;42;25;368;682
3003;91,88;265,84;0,00;0,00;0,00;0,27;0,00;0,00;37;116;153;46;36;869;598
3004;54,71;-150,32;0,00;0,00;0,00;-0,15;0,00;0,00;85;150;128;10;26;387;907
3005;89,88;243,30;0,00;0,00;0,00;0,24;0,00;0,00;471;103;114;32;35;311;899
3006;22,66;-472,71;0,00;0,00;0,00;-0,47;0,00;0,00;422;22;27;26;37;991;219
3007;44,62;-296,67;0,00;0,00;0,00;-0,30;0,00;0,00;355;125;98;23;31;226;360
3008;52,07;-176,05;0,00;0,00;0,00;-0,18;0,00;0,00;240;109;118;17;39;622;373
3009;79,04;86,09;0,00;0,00;0,00;0,09;0,00;0,00;421;31;71;40;26;387;147
3010;44,31;-261,43;0,00;0,00;0,00;-0,26;0,00;0,00;460;85;161;49;27;739;639
3011;18,02;-537,63;0,00;0,00;0,00;-0,54;0,00;0,00;407;161;171;22;35;457;171
3012;38,67;-284,93;0,00;0,00;0,00;-0,28;0,00;0,00;15;174;53;21;31;851;796
3013;50,20;-141,86;0,00;0,00;0,00;-0,14;0,00;0,00;437;188;73;31;27;924;762
3014;21,01;-531,21;0,00;0,00;0,00;-0,53;0,00;0,00;17;41;95;44;38;531;850
3015;92,08;222,69;0,00;0,00;0,00;0,22;0,00;0,00;133;45;165;43;36;232;611
3016;49,91;-235,86;0,00;0,00;0,00;-0,24;0,00;0,00;309;193;190;34;31;861;309
3017;22,24;-565,24;0,00;0,00;0,00;-0,57;0,00;0,00;387;49;58;47;18;363;561
3018;0,00;-753,90;0,00;0,00;0,00;-0,75;0,00;0,00;343;188;11;46;22;470;635
3019;33,00;-268,33;0,00;0,00;0,00;-0,27;0,00;0,00;85;75;38;34;39;679;520
3020;0,00;-726,95;0,00;0,00;0,00;-0,73;0,00;0,00;198;101;192;29;17;472;704
3021;61,95;-134,29;0,00;0,00;0,00;-0,13;0,00;0,00;293;170;24;13;23;221;461
3022;56,53;-97,56;0,00;0,00;0,00;-0,10;0,00;0,00;179;101;157;23;23;920;371
3023;35,86;-433,51;0,00;0,00;0,00;-0,43;0,00;0,00;38;79;78;29;27;476;379
3024;26,51;-432,07;0,00;0,00;0,00;-0,43;0,00;0,00;77;44;133;12;37;687;928
3025;50,38;-318,92;0,00;0,00;0,00;-0,32;0,00;0,00;495;178;100;21;16;641;521
3026;28,48;-461,40;0,00;0,00;0,00;-0,46;0,00;0,00;60;125;104;36;26;874;181
3027;22,21;-390,68;0,00;0,00;0,00;-0,39;0,00;0,00;61;106;60;49;17;983;111
3028;18,69;-488,15;0,00;0,00;0,00;-0,49;0,00;0,00;86;190;177;26;32;570;264
3029;65,21;-76,61;0,00;0,00;0,00;-0,08;0,00;0,00;219;183;173;10;22;925;291
3030;66,44;-57,76;0,00;0,00;0,00;-0,06;0,00;0,00;414;31;97;47;16;651;795
3031;25,15;-483,89;0,00;0,00;0,00;-0,48;0,00;0,00;374;146;62;14;21;297;821
3032;84,14;115,23;0,00;0,00;0,00;0,12;0,00;0,00;317;69;190;21;22;387;901
3033;62,08;-62,97;0,00;0,00;0,00;-0,06;0,00;0,00;278;40;188;19;16;694;438
3034;64,72;-115,57;0,00;0,00;0,00;-0,12;0,00;0,00;106;135;90;38;18;833;825
3035;60,28;-25,14;0,00;0,00;0,00;-0,03;0,00;0,00;25;124;148;27;38;259;447
3036;58,34;-189,90;0,00;0,00;0,00;-0,19;0,00;0,00;233;158;75;23;25;114;541
3037;100,00;308,32;0,00;0,00;0,00;0,31;0,00;0,00;251;118;30;30;29;581;149
3038;44,05;-220,54;0,00;0,00;0,00;-0,22;0,00;0,00;148;10;160;36;38;410;169
3039;65,57;3,76;0,00;0,00;0,00;0,00;0,00;0,00;191;183;71;24;37;187;486
3040;72,82;18,07;0,00;0,00;0,00;0,02;0,00;0,00;168;45;127;47;21;976;777
3041;53,71;-262,05;0,00;0,00;0,00;-0,26;0,00;0,00;45;87;15;32;32;110;165
3042;29,05;-436,96;0,00;0,00;0,00;-0,44;0,00;0,00;306;156;30;39;21;878;286
3043;37,43;-339,78;0,00;0,00;0,00;-0,34;0,00;0,00;412;36;107;19;37;283;826
3044;70,39;23,99;0,00;0,00;0,00;0,02;0,00;0,00;19;36;70;28;34;478;628
3045;72,22;13,65;0,00;0,00;0,00;0,01;0,00;0,00;421;19;18;16;32;742;958
3046;45,04;-249,28;0,00;0,00;0,00;-0,25;0,00;0,00;254;43;118;23;15;614;769
3047;41,50;-278,49;0,00;0,00;0,00;-0,28;0,00;0,00;138;156;20;27;20;975;406
3048;30,31;-395,00;0,00;0,00;0,00;-0,39;0,00;0,00;309;46;120;25;25;271;941
3049;57,95;-133,41;0,00;0,00;0,00;-0,13;0,00;0,00;430;60;124;23;25;992;798
3050;65,78;29,54;0,00;0,00;0,00;0,03;0,00;0,00;323;113;79;14;34;132;600
3051;69,11;44,08;0,00;0,00;0,00;0,04;0,00;0,00;325;131;45;36;29;647;129
3052;62,91;-71,39;0,00;0,00;0,00;-0,07;0,00;0,00;116;37;49;49;26;984;905
3053;21,16;-528,74;0,00;0,00;0,00;-0,53;0,00;0,00;11;66;75;48;18;489;164
3054;81,13;72,07;0,00;0,00;0,00;0,07;0,00;0,00;487;134;14;21;21;142;443
3055;43,29;-313,12;0,00;0,00;0,00;-0,31;0,00;0,00;43;168;104;41;37;933;274
3056;91,44;163,76;0,00;0,00;0,00;0,16;0,00;0,00;355;12;128;21;21;764;979
3057;42,82;-227,97;0,00;0,00;0,00;-0,23;0,00;0,00;33;53;152;14;32;421;572
3058;69,11;-35,04;0,00;0,00;0,00;-0,04;0,00;0,00;174;103;56;42;34;572;591
3059;64,37;13,16;0,00;0,00;0,00;0,01;0,00;0,00;484;136;92;34;16;299;138
3060;70,78;25,90;0,00;0,00;0,00;0,03;0,00;0,00;457;188;81;41;22;683;297
3061;42,00;-258,99;0,00;0,00;0,00;-0,26;0,00;0,00;232;43;65;29;37;381;190
3062;22,40;-478,62;0,00;0,00;0,00;-0,48;0,00;0,00;402;84;131;15;36;689;897
3063;18,00;-476,72;0,00;0,00;0,00;-0,48;0,00;0,00;218;11;13;37;22;421;426
3064;16,51;-467,16;0,00;0,00;0,00;-0,47;0,00;0,00;490;157;100;28;38;596;981
3065;70,08;54,42;0,00;0,00;0,00;0,05;0,00;0,00;309;121;176;19;29;724;736
3066;35,48;-305,58;0,00;0,00;0,00;-0,31;0,00;0,00;191;154;39;29;19;733;758
3067;52,57;-147,05;0,00;0,00;0,00;-0,15;0,00;0,00;323;78;137;47;23;326;793
3068;59,27;-66,40;0,00;0,00;0,00;-0,07;0,00;0,00;135;175;45;46;28;543;964
3069;50,41;-87,70;0,00;0,00;0,00;-0,09;0,00;0,00;357;91;96;13;33;375;577
3070;81,64;109,89;0,00;0,00;0,00;0,11;0,00;0,00;369;82;57;23;23;137;693
3071;47,52;-195,54;0,00;0,00;0,00;-0,20;0,00;0,00;234;105;183;23;38;372;756
3072;1,19;-653,13;0,00;0,00;0,00;-0,65;0,00;0,00;194;97;158;47;31;559;514
3073;0,00;-675,05;0,00;0,00;0,00;-0,68;0,00;0,00;164;107;123;17;34;195;276
3074;2,23;-776,00;0,00;0,00;0,00;-0,78;0,00;0,00;480;139;41;49;27;913;101
3075;29,99;-439,20;0,00;0,00;0,00;-0,44;0,00;0,00;129;86;139;27;39;130;193
3076;91,93;198,69;0,00;0,00;0,00;0,20;0,00;0,00;208;44;198;49;19;663;552
3077;91,71;173,38;0,00;0,00;0,00;0,17;0,00;0,00;231;177;137;33;20;322;356
3078;45,68;-233,75;0,00;0,00;0,00;-0,23;0,00;0,00;157;11;61;39;20;178;856
3079;77,58;67,51;0,00;0,00;0,00;0,07;0,00;0,00;175;137;169;10;32;175;802
3080;73,09;58,93;0,00;0,00;0,00;0,06;0,00;0,00;309;41;77;40;26;414;285
3081;59,99;-153,14;0,00;0,00;0,00;-0,15;0,00;0,00;478;131;87;43;16;263;934
3082;70,74;63,93;0,00;0,00;0,00;0,06;0,00;0,00;65;112;188;25;30;535;773
3083;62,87;-175,03;0,00;0,00;0,00;-0,18;0,00;0,00;476;50;91;10;38;563;962
3084;91,77;163,17;0,00;0,00;0,00;0,16;0,00;0,00;321;28;145;45;23;397;212
3085;49,23;-116,29;0,00;0,00;0,00;-0,12;0,00;0,00;376;40;177;23;32;814;626
3086;27,29;-395,80;0,00;0,00;0,00;-0,40;0,00;0,00;15;10;140;39;38;741;578
3087;71,71;17,79;0,00;0,00;0,00;0,02;0,00;0,00;391;116;56;24;15;156;287
3088;64,07;-59,99;0,00;0,00;0,00;-0,06;0,00;0,00;435;177;178;39;15;765;231
3089;37,16;-291,98;0,00;0,00;0,00;-0,29;0,00;0,00;259;22;130;18;22;579;803
3090;40,38;-324,97;0,00;0,00;0,00;-0,32;0,00;0,00;212;102;165;32;21;390;476
3091;41,46;-281,01;0,00;0,00;0,00;-0,28;0,00;0,00;198;146;172;36;23;469;586
3092;26,16;-441,38;0,00;0,00;0,00;-0,44;0,00;0,00;303;83;165;25;33;968;871
3093;41,76;-211,62;0,00;0,00;0,00;-0,21;0,00;0,00;254;79;14;26;31;809;769
3094;13,76;-582,65;0,00;0,00;0,00;-0,58;0,00;0,00;321;42;142;25;24;486;399
3095;48,20;-304,84;0,00;0,00;0,00;-0,30;0,00;0,00;281;13;47;19;30;950;785
3096;98,42;253,94;0,00;0,00;0,00;0,25;0,00;0,00;177;90;26;11;36;387;433
3097;34,22;-482,34;0,00;0,00;0,00;-0,48;0,00;0,00;205;55;21;23;25;956;980
3098;100,00;321,64;0,00;0,00;0,00;0,32;0,00;0,00;400;107;55;15;38;495;858
3099;85,40;147,94;0,00;0,00;0,00;0,15;0,00;0,00;209;68;189;36;31;623;661
3100;81,04;187,68;0,00;0,00;0,00;0,19;0,00;0,00;490;20;82;15;26;506;127
3101;0,25;-779,75;0,00;0,00;0,00;-0,78;0,00;0,00;189;42;192;19;22;365;210
3102;28,73;-418,69;0,00;0,00;0,00;-0,42;0,00;0,00;19;79;25;37;39;887;582
3103;28,89;-343,92;0,00;0,00;0,00;-0,34;0,00;0,00;209;55;15;25;38;687;128
3104;69,35;-63,76;0,00;0,00;0,00;-0,06;0,00;0,00;80;91;166;27;31;589;153
3105;60,98;-63,65;0,00;0,00;0,00;-0,06;0,00;0,00;184;159;37;42;32;940;552
3106;44,32;-297,73;0,00;0,00;0,00;-0,30;0,00;0,00;341;88;35;11;21;106;954
3107;45,72;-263,64;0,00;0,00;0,00;-0,26;0,00;0,00;110;182;112;24;33;873;480
3108;26,95;-437,56;0,00;0,00;0,00;-0,44;0,00;0,00;16;35;66;38;32;328;194
3109;25,98;-357,64;0,00;0,00;0,00;-0,36;0,00;0,00;48;103;40;31;38;841;126
3110;25,60;-385,11;0,00;0,00;0,00;-0,39;0,00;0,00;342;113;115;49;29;647;388
3111;30,65;-381,40;0,00;0,00;0,00;-0,38;0,00;0,00;283;185;114;46;29;503;137
3112;0,00;-647,52;0,00;0,00;0,00;-0,65;0,00;0,00;153;85;79;12;27;937;729
3113;62,05;-41,94;0,00;0,00;0,00;-0,04;0,00;0,00;129;95;117;16;32;941;610
3114;31,64;-324,62;0,00;0,00;0,00;-0,32;0,00;0,00;414;26;91;16;15;688;874
3115;18,40;-474,16;0,00;0,00;0,00;-0,47;0,00;0,00;402;148;72;37;36;265;308
3116;82,61;99,53;0,00;0,00;0,00;0,10;0,00;0,00;30;18;152;48;30;948;292
3117;42,97;-234,95;0,00;0,00;0,00;-0,23;0,00;0,00;38;138;116;37;16;635;604
3118;37,53;-358,68;0,00;0,00;0,00;-0,36;0,00;0,00;142;50;40;42;32;691;446
3119;0,00;-686,84;0,00;0,00;0,00;-0,69;0,00;0,00;69;169;188;23;18;529;382
3120;41,15;-336,02;0,00;0,00;0,00;-0,34;0,00;0,00;137;39;62;30;15;936;608
3121;38,86;-254,93;0,00;0,00;0,00;-0,25;0,00;0,00;127;37;94;45;17;697;339
3122;56,46;-73,31;0,00;0,00;0,00;-0,07;0,00;0,00;373;94;22;26;22;424;144
3123;56,86;-163,06;0,00;0,00;0,00;-0,16;0,00;0,00;17;78;181;42;24;591;119
3124;34,37;-342,09;0,00;0,00;0,00;-0,34;0,00;0,00;187;51;192;25;31;613;174
3125;0,00;-692,13;0,00;0,00;0,00;-0,69;0,00;0,00;195;72;167;17;30;383;105
3126;59,69;-105,77;0,00;0,00;0,00;-0,11;0,00;0,00;497;103;151;17;15;455;498
3127;40,79;-205,95;0,00;0,00;0,00;-0,21;0,00;0,00;432;101;23;42;36;587;271
3128;56,05;-66,35;0,00;0,00;0,00;-0,07;0,00;0,00;419;131;116;41;32;898;972
3129;86,38;165,60;0,00;0,00;0,00;0,17;0,00;0,00;474;151;53;17;18;386;377
3130;49,06;-208,14;0,00;0,00;0,00;-0,21;0,00;0,00;112;188;182;11;16;949;379
3131;11,22;-656,76;0,00;0,00;0,00;-0,66;0,00;0,00;301;151;178;30;32;108;849
3132;42,62;-300,00;0,00;0,00;0,00;-0,30;0,00;0,00;251;67;129;26;21;135;585
3133;58,71;-74,24;0,00;0,00;0,00;-0,07;0,00;0,00;222;168;126;39;20;868;233
3134;22,48;-484,87;0,00;0,00;0,00;-0,48;0,00;0,00;284;158;46;27;29;490;898
3135;37,31;-351,29;0,00;0,00;0,00;-0,35;0,00;0,00;394;13;166;46;29;873;332
3136;21,07;-512,47;0,00;0,00;0,00;-0,51;0,00;0,00;30;58;162;25;17;814;489
3137;68,37;-18,02;0,00;0,00;0,00;-0,02;0,00;0,00;91;116;72;14;31;785;557
3138;64,01;-97,39;0,00;0,00;0,00;-0,10;0,00;0,00;12;125;99;24;30;759;420
3139;44,04;-297,17;0,00;0,00;0,00;-0,30;0,00;0,00;296;180;131;31;36;895;979
3140;72,10;87,23;0,00;0,00;0,00;0,09;0,00;0,00;491;18;78;20;24;119;790
3141;3,73;-646,03;0,00;0,00;0,00;-0,65;0,00;0,00;277;26;196;41;18;689;603
3142;61,79;-195,87;0,00;0,00;0,00;-0,20;0,00;0,00;96;17;53;14;36;105;836
3143;32,13;-344,17;0,00;0,00;0,00;-0,34;0,00;0,00;125;108;93;15;17;129;737
3144;44,52;-124,15;0,00;0,00;0,00;-0,12;0,00;0,00;33;56;96;49;35;683;178
3145;22,98;-475,00;0,00;0,00;0,00;-0,47;0,00;0,00;27;192;19;15;35;905;320
3146;48,46;-192,02;0,00;0,00;0,00;-0,19;0,00;0,00;371;143;41;22;29;994;870
3147;60,30;-101,15;0,00;0,00;0,00;-0,10;0,00;0,00;236;36;49;41;23;965;805
3148;17,34;-576,63;0,00;0,00;0,00;-0,58;0,00;0,00;177;130;12;36;36;672;119
3149;24,94;-414,17;0,00;0,00;0,00;-0,41;0,00;0,00;249;147;140;34;35;278;857
3150;0,68;-719,73;0,00;0,00;0,00;-0,72;0,00;0,00;29;19;18;16;24;690;651
3151;46,88;-221,64;0,00;0,00;0,00;-0,22;0,00;0,00;249;160;152;27;18;386;192
3152;26,60;-412,71;0,00;0,00;0,00;-0,41;0,00;0,00;198;141;54;41;17;485;384
3153;43,85;-197,51;0,00;0,00;0,00;-0,20;0,00;0,00;188;27;183;46;34;309;280
3154;0,00;-697,76;0,00;0,00;0,00;-0,70;0,00;0,00;310;118;115;34;15;389;442
3155;58,97;-125,09;0,00;0,00;0,00;-0,13;0,00;0,00;344;25;163;33;30;825;254
3156;20,03;-481,68;0,00;0,00;0,00;-0,48;0,00;0,00;342;153;96;24;15;867;668
3157;45,86;-206,34;0,00;0,00;0,00;-0,21;0,00;0,00;130;30;133;23;18;529;691
3158;21,80;-433,05;0,00;0,00;0,00;-0,43;0,00;0,00;384;157;117;16;24;288;851
3159;100,00;241,48;0,00;0,00;0,00;0,24;0,00;0,00;384;187;88;10;38;527;456
3160;69,36;-69,23;0,00;0,00;0,00;-0,07;0,00;0,00;122;102;156;19;36;750;295
3161;70,70;68,53;0,00;0,00;0,00;0,07;0,00;0,00;400;41;116;24;26;501;361
3162;49,92;-194,61;0,00;0,00;0,00;-0,19;0,00;0,00;494;53;82;45;25;126;984
3163;54,63;-205,92;0,00;0,00;0,00;-0,21;0,00;0,00;425;171;54;44;18;984;349
3164;0,00;-710,21;0,00;0,00;0,00;-0,71;0,00;0,00;206;27;43;10;32;734;243
3165;34,96;-385,75;0,00;0,00;0,00;-0,39;0,00;0,00;72;155;172;25;37;395;750
3166;30,60;-350,48;0,00;0,00;0,00;-0,35;0,00;0,00;104;198;183;29;34;382;445
3167;39,01;-325,13;0,00;0,00;0,00;-0,33;0,00;0,00;279;35;88;31;29;903;932
3168;64,55;-27,83;0,00;0,00;0,00;-0,03;0,00;0,00;65;63;70;26;35;288;606
3169;47,34;-132,26;0,00;0,00;0,00;-0,13;0,00;0,00;49;108;198;23;28;949;311
3170;61,49;-51,38;0,00;0,00;0,00;-0,05;0,00;0,00;131;154;180;24;30;690;385
3171;86,94;118,36;0,00;0,00;0,00;0,12;0,00;0,00;229;26;95;15;27;667;202
3172;24,77;-533,86;0,00;0,00;0,00;-0,53;0,00;0,00;32;68;14;10;15;827;589
3173;70,64;106,27;0,00;0,00;0,00;0,11;0,00;0,00;149;181;197;45;27;565;970
3174;11,67;-561,37;0,00;0,00;0,00;-0,56;0,00;0,00;395;53;37;39;30;842;856
3175;46,48;-246,95;0,00;0,00;0,00;-0,25;0,00;0,00;85;160;15;21;17;385;571
3176;60,45;-53,36;0,00;0,00;0,00;-0,05;0,00;0,00;232;132;193;27;17;683;963
3177;61,99;-56,51;0,00;0,00;0,00;-0,06;0,00;0,00;273;145;93;10;20;952;520
3178;41,76;-292,89;0,00;0,00;0,00;-0,29;0,00;0,00;301;155;87;26;34;934;331
3179;34,54;-363,93;0,00;0,00;0,00;-0,36;0,00;0,00;354;31;81;32;32;545;246
3180;66,42;-116,12;0,00;0,00;0,00;-0,12;0,00;0,00;392;182;132;37;38;843;495
3181;50,48;-270,05;0,00;0,00;0,00;-0,27;0,00;0,00;37;159;199;39;24;246;872
3182;45,17;-221,73;0,00;0,00;0,00;-0,22;0,00;0,00;408;88;70;40;26;694;174
3183;50,07;-197,31;0,00;0,00;0,00;-0,20;0,00;0,00;172;30;119;29;30;308;196
3184;14,42;-558,40;0,00;0,00;0,00;-0,56;0,00;0,00;242;199;141;38;37;792;129
3185;8,31;-576,43;0,00;0,00;0,00;-0,58;0,00;0,00;80;196;101;18;31;444;190
3186;100,00;334,48;0,00;0,00;0,00;0,33;0,00;0,00;350;171;118;43;19;200;955
3187;52,13;-181,34;0,00;0,00;0,00;-0,18;0,00;0,00;65;64;80;35;15;820;401
3188;12,70;-572,51;0,00;0,00;0,00;-0,57;0,00;0,00;182;54;165;45;31;216;825
3189;53,84;-94,56;0,00;0,00;0,00;-0,09;0,00;0,00;72;139;29;41;19;864;984
3190;0,00;-675,34;0,00;0,00;0,00;-0,68;0,00;0,00;494;159;51;25;26;295;773
3191;29,48;-425,10;0,00;0,00;0,00;-0,43;0,00;0,00;394;193;46;33;18;618;980
3192;84,85;120,86;0,00;0,00;0,00;0,12;0,00;0,00;29;81;19;17;39;258;164
3193;0,00;-651,21;0,00;0,00;0,00;-0,65;0,00;0,00;279;73;108;31;21;460;158
3194;2,16;-668,69;0,00;0,00;0,00;-0,67;0,00;0,00;27;82;33;36;38;507;365
3195;76,85;93,67;0,00;0,00;0,00;0,09;0,00;0,00;354;108;54;41;20;368;639
3196;53,66;-195,12;0,00;0,00;0,00;-0,20;0,00;0,00;97;167;52;27;36;110;932
3197;48,64;-189,86;0,00;0,00;0,00;-0,19;0,00;0,00;48;55;142;22;26;131;559
3198;65,56;3,24;0,00;0,00;0,00;0,00;0,00;0,00;298;31;150;49;21;995;458
3199;44,37;-207,97;0,00;0,00;0,00;-0,21;0,00;0,00;408;165;30;15;20;863;552
3200;57,97;-213,70;0,00;0,00;0,00;-0,21;0,00;0,00;415;125;143;49;28;609;509
3201;54,12;-98,20;0,00;0,00;0,00;-0,10;0,00;0,00;283;102;110;42;38;185;945
3202;66,95;-58,59;0,00;0,00;0,00;-0,06;0,00;0,00;86;171;101;36;29;856;995
3203;61,30;-124,29;0,00;0,00;0,00;-0,12;0,00;0,00;440;109;34;17;20;616;683
3204;36,69;-373,66;0,00;0,00;0,00;-0,37;0,00;0,00;341;173;12;41;27;999;946
3205;47,77;-289,60;0,00;0,00;0,00;-0,29;0,00;0,00;307;122;171;10;38;841;502
3206;14,91;-618,16;0,00;0,00;0,00;-0,62;0,00;0,00;55;153;119;19;39;417;354
3207;31,00;-379,22;0,00;0,00;0,00;-0,38;0,00;0,00;283;25;97;15;25;473;946
3208;60,19;-89,15;0,00;0,00;0,00;-0,09;0,00;0,00;413;85;18;49;37;856;409
3209;24,06;-545,89;0,00;0,00;0,00;-0,55;0,00;0,00;172;166;20;43;38;503;745
3210;50,22;-225,40;0,00;0,00;0,00;-0,23;0,00;0,00;389;22;160;32;20;251;926
3211;15,05;-463,72;0,00;0,00;0,00;-0,46;0,00;0,00;187;23;177;37;39;557;993
3212;28,74;-417,60;0,00;0,00;0,00;-0,42;0,00;0,00;458;158;186;31;29;176;965
3213;80,48;22,50;0,00;0,00;0,00;0,02;0,00;0,00;377;36;198;46;31;387;848
3214;44,07;-279,61;0,00;0,00;0,00;-0,28;0,00;0,00;481;70;100;13;30;631;345
3215;46,80;-249,94;0,00;0,00;0,00;-0,25;0,00;0,00;470;176;70;25;39;616;813
3216;28,87;-423,26;0,00;0,00;0,00;-0,42;0,00;0,00;341;22;189;15;28;670;976
3217;35,47;-288,93;0,00;0,00;0,00;-0,29;0,00;0,00;231;183;145;25;24;496;224
3218;78,55;121,10;0,00;0,00;0,00;0,12;0,00;0,00;126;23;15;39;31;174;931
3219;91,65;188,36;0,00;0,00;0,00;0,19;0,00;0,00;92;20;154;15;38;815;810
3220;69,89;7,28;0,00;0,00;0,00;0,01;0,00;0,00;266;106;119;22;27;939;760
3221;72,42;-28,28;0,00;0,00;0,00;-0,03;0,00;0,00;472;69;174;11;23;681;689
3222;80,18;180,92;0,00;0,00;0,00;0,18;0,00;0,00;317;29;103;28;33;139;105
3223;80,33;73,81;0,00;0,00;0,00;0,07;0,00;0,00;123;130;68;27;19;936;558
3224;52,97;-206,24;0,00;0,00;0,00;-0,21;0,00;0,00;341;115;78;40;32;369;384
3225;23,14;-460,35;0,00;0,00;0,00;-0,46;0,00;0,00;139;96;79;26;38;174;967
3226;56,64;-180,07;0,00;0,00;0,00;-0,18;0,00;0,00;73;115;61;22;38;726;403
3227;50,21;-401,83;0,00;0,00;0,00;-0,40;0,00;0,00;11;102;180;23;25;616;407
3228;37,24;-423,22;0,00;0,00;0,00;-0,42;0,00;0,00;253;131;75;14;33;726;175
3229;91,92;212,61;0,00;0,00;0,00;0,21;0,00;0,00;400;127;98;44;29;873;972
3230;43,61;-414,07;0,00;0,00;0,00;-0,41;0,00;0,00;118;147;190;46;32;449;921
3231;29,01;-356,05;0,00;0,00;0,00;-0,36;0,00;0,00;129;49;56;21;16;309;323
3232;28,47;-433,79;0,00;0,00;0,00;-0,43;0,00;0,00;246;114;164;49;25;601;296
3233;45,54;-268,25;0,00;0,00;0,00;-0,27;0,00;0,00;80;187;70;40;31;175;948
3234;33,84;-341,44;0,00;0,00;0,00;-0,34;0,00;0,00;250;168;35;36;35;494;242
3235;51,55;-82,50;0,00;0,00;0,00;-0,08;0,00;0,00;18;82;77;40;36;901;246
3236;100,00;339,38;0,00;0,00;0,00;0,34;0,00;0,00;16;190;176;48;33;887;819
3237;36,41;-417,05;0,00;0,00;0,00;-0,42;0,00;0,00;136;172;154;35;19;617;525
3238;52,14;-170,60;0,00;0,00;0,00;-0,17;0,00;0,00;372;160;153;42;39;353;337
3239;32,60;-428,59;0,00;0,00;0,00;-0,43;0,00;0,00;366;182;88;38;38;953;254
3240;71,97;-31,61;0,00;0,00;0,00;-0,03;0,00;0,00;296;103;176;20;19;997;213
3241;57,49;-126,47;0,00;0,00;0,00;-0,13;0,00;0,00;189;96;37;27;39;922;921
3242;52,84;-268,48;0,00;0,00;0,00;-0,27;0,00;0,00;52;104;50;43;19;359;478
3243;69,16;-46,17;0,00;0,00;0,00;-0,05;0,00;0,00;321;50;18;37;20;155;954
3244;24,58;-459,95;0,00;0,00;0,00;-0,46;0,00;0,00;122;181;96;43;15;706;295
3245;83,45;56,04;0,00;0,00;0,00;0,06;0,00;0,00;372;135;89;24;39;117;648
3246;50,40;-137,74;0,00;0,00;0,00;-0,14;0,00;0,00;497;91;102;18;30;604;944
3247;84,60;153,70;0,00;0,00;0,00;0,15;0,00;0,00;331;56;176;45;22;888;903
3248;45,86;-252,72;0,00;0,00;0,00;-0,25;0,00;0,00;267;149;59;17;25;253;828
3249;7,29;-680,71;0,00;0,00;0,00;-0,68;0,00;0,00;334;188;180;29;15;112;229
3250;74,78;-18,82;0,00;0,00;0,00;-0,02;0,00;0,00;432;61;25;38;21;955;915
3251;34,18;-412,75;0,00;0,00;0,00;-0,41;0,00;0,00;314;67;37;33;23;378;533
3252;84,77;126,46;0,00;0,00;0,00;0,13;0,00;0,00;291;18;60;13;28;671;257
3253;83,16;177,63;0,00;0,00;0,00;0,18;0,00;0,00;439;179;180;21;30;247;967
3254;0,00;-693,30;0,00;0,00;0,00;-0,69;0,00;0,00;215;130;71;23;26;469;714
3255;78,82;89,23;0,00;0,00;0,00;0,09;0,00;0,00;439;118;87;13;20;748;633
3256;45,34;-278,29;0,00;0,00;0,00;-0,28;0,00;0,00;20;28;167;27;27;618;481
3257;81,34;11,77;0,00;0,00;0,00;0,01;0,00;0,00;327;124;92;41;30;279;400
3258;14,63;-561,49;0,00;0,00;0,00;-0,56;0,00;0,00;358;152;182;38;18;868;305
3259;78,13;145,86;0,00;0,00;0,00;0,15;0,00;0,00;300;107;126;23;29;906;926
3260;58,83;-76,83;0,00;0,00;0,00;-0,08;0,00;0,00;374;174;130;25;28;639;806
3261;48,11;-267,81;0,00;0,00;0,00;-0,27;0,00;0,00;342;46;116;38;27;645;352
3262;41,89;-274,44;0,00;0,00;0,00;-0,27;0,00;0,00;188;50;82;36;39;241;849
3263;32,72;-417,58;0,00;0,00;0,00;-0,42;0,00;0,00;251;71;28;37;16;344;372
3264;34,39;-344,08;0,00;0,00;0,00;-0,34;0,00;0,00;10;176;16;26;19;381;509
3265;43,28;-223,42;0,00;0,00;0,00;-0,22;0,00;0,00;268;74;62;18;23;273;801
3266;37,96;-404,83;0,00;0,00;0,00;-0,40;0,00;0,00;103;163;132;22;21;337;734
3267;46,98;-210,02;0,00;0,00;0,00;-0,21;0,00;0,00;417;85;169;46;27;919;768
3268;77,87;-16,54;0,00;0,00;0,00;-0,02;0,00;0,00;66;89;88;18;21;860;653
3269;100,00;292,88;0,00;0,00;0,00;0,29;0,00;0,00;244;192;122;20;30;665;503
3270;35,70;-305,19;0,00;0,00;0,00;-0,31;0,00;0,00;221;89;35;10;19;212;971
3271;41,59;-320,17;0,00;0,00;0,00;-0,32;0,00;0,00;129;174;19;30;24;698;188
3272;65,73;-33,60;0,00;0,00;0,00;-0,03;0,00;0,00;377;122;181;45;23;567;537
3273;42,38;-274,38;0,00;0,00;0,00;-0,27;0,00;0,00;150;20;60;45;16;788;556
3274;29,84;-434,25;0,00;0,00;0,00;-0,43;0,00;0,00;407;22;32;31;29;602;333
3275;52,25;-146,41;0,00;0,00;0,00;-0,15;0,00;0,00;332;82;180;34;36;802;190
3276;69,07;1,46;0,00;0,00;0,00;0,00;0,00;0,00;301;109;158;10;37;313;741
3277;43,45;-184,35;0,00;0,00;0,00;-0,18;0,00;0,00;210;57;168;30;15;738;617
3278;23,51;-541,30;0,00;0,00;0,00;-0,54;0,00;0,00;400;44;167;37;23;712;525
3279;8,79;-599,40;0,00;0,00;0,00;-0,60;0,00;0,00;74;147;62;26;35;171;978
3280;38,40;-252,30;0,00;0,00;0,00;-0,25;0,00;0,00;77;113;30;13;22;748;225
3281;34,50;-393,95;0,00;0,00;0,00;-0,39;0,00;0,00;17;182;26;19;37;112;970
3282;24,43;-355,97;0,00;0,00;0,00;-0,36;0,00;0,00;130;132;46;41;35;664;947
3283;33,80;-419,74;0,00;0,00;0,00;-0,42;0,00;0,00;80;53;123;45;25;433;426
3284;98,25;266,06;0,00;0,00;0,00;0,27;0,00;0,00;39;49;110;12;35;652;322
3285;26,79;-422,80;0,00;0,00;0,00;-0,42;0,00;0,00;186;19;122;43;32;792;500
3286;34,29;-394,07;0,00;0,00;0,00;-0,39;0,00;0,00;146;112;196;31;35;247;741
3287;50,67;-149,39;0,00;0,00;0,00;-0,15;0,00;0,00;267;47;35;27;19;569;735
3288;13,44;-693,33;0,00;0,00;0,00;-0,69;0,00;0,00;422;93;42;23;23;631;645
3289;34,85;-385,05;0,00;0,00;0,00;-0,39;0,00;0,00;70;183;52;20;23;851;434
3290;42,48;-260,25;0,00;0,00;0,00;-0,26;0,00;0,00;54;100;97;41;27;135;510
3291;26,90;-521,47;0,00;0,00;0,00;-0,52;0,00;0,00;146;126;167;48;26;711;507
3292;66,45;-69,49;0,00;0,00;0,00;-0,07;0,00;0,00;295;105;38;47;29;823;871
3293;52,38;-162,95;0,00;0,00;0,00;-0,16;0,00;0,00;104;76;42;39;31;166;298
3294;35,44;-350,77;0,00;0,00;0,00;-0,35;0,00;0,00;266;120;160;38;17;646;678
3295;46,12;-221,11;0,00;0,00;0,00;-0,22;0,00;0,00;17;45;110;41;28;436;474
3296;25,95;-396,85;0,00;0,00;0,00;-0,40;0,00;0,00;392;27;36;39;38;820;214
3297;57,98;-92,43;0,00;0,00;0,00;-0,09;0,00;0,00;143;125;79;16;26;301;962
3298;21,11;-566,99;0,00;0,00;0,00;-0,57;0,00;0,00;484;108;187;29;29;630;838
3299;24,32;-432,34;0,00;0,00;0,00;-0,43;0,00;0,00;113;115;171;23;29;157;211
3300;47,35;-237,62;0,00;0,00;0,00;-0,24;0,00;0,00;105;78;187;34;34;602;416
3301;94,84;133,34;0,00;0,00;0,00;0,13;0,00;0,00;362;177;173;16;26;970;593
3302;40,47;-218,67;0,00;0,00;0,00;-0,22;0,00;0,00;72;21;34;43;39;139;228
3303;81,89;147,27;0,00;0,00;0,00;0,15;0,00;0,00;393;62;56;33;29;240;652
3304;72,33;-11,28;0,00;0,00;0,00;-0,01;0,00;0,00;112;31;163;14;19;860;513
3305;50,16;-140,58;0,00;0,00;0,00;-0,14;0,00;0,00;229;25;166;37;16;336;181
3306;33,80;-323,48;0,00;0,00;0,00;-0,32;0,00;0,00;51;181;103;15;28;894;882
3307;66,58;-28,56;0,00;0,00;0,00;-0,03;0,00;0,00;94;60;102;20;20;252;291
3308;73,80;-88,28;0,00;0,00;0,00;-0,09;0,00;0,00;241;155;64;23;23;362;943
3309;7,88;-673,57;0,00;0,00;0,00;-0,67;0,00;0,00;52;198;115;35;31;695;443
3310;74,91;104,15;0,00;0,00;0,00;0,10;0,00;0,00;407;106;179;23;25;604;966
3311;86,18;99,70;0,00;0,00;0,00;0,10;0,00;0,00;42;134;33;10;33;677;470
3312;53,61;-161,53;0,00;0,00;0,00;-0,16;0,00;0,00;389;24;142;12;39;750;184
3313;60,02;-118,67;0,00;0,00;0,00;-0,12;0,00;0,00;184;104;178;17;32;911;902
3314;82,72;182,97;0,00;0,00;0,00;0,18;0,00;0,00;486;170;58;39;22;370;640
3315;100,00;293,35;0,00;0,00;0,00;0,29;0,00;0,00;243;167;47;29;32;484;928
3316;7,10;-617,87;0,00;0,00;0,00;-0,62;0,00;0,00;388;126;154;18;15;606;757
3317;36,26;-377,78;0,00;0,00;0,00;-0,38;0,00;0,00;309;48;40;38;16;328;878
3318;21,12;-440,90;0,00;0,00;0,00;-0,44;0,00;0,00;82;118;34;45;16;929;613
3319;0,54;-685,84;0,00;0,00;0,00;-0,69;0,00;0,00;415;120;20;11;30;241;459
3320;62,08;-122,96;0,00;0,00;0,00;-0,12;0,00;0,00;63;15;72;22;39;837;387
3321;72,18;42,34;0,00;0,00;0,00;0,04;0,00;0,00;460;150;85;28;18;300;724
3322;22,30;-501,64;0,00;0,00;0,00;-0,50;0,00;0,00;475;121;152;16;27;732;917
3323;35,08;-337,01;0,00;0,00;0,00;-0,34;0,00;0,00;240;75;100;29;28;190;996
3324;36,29;-302,59;0,00;0,00;0,00;-0,30;0,00;0,00;344;183;128;27;34;246;986
3325;30,45;-436,99;0,00;0,00;0,00;-0,44;0,00;0,00;340;62;136;28;18;808;358
3326;40,07;-298,12;0,00;0,00;0,00;-0,30;0,00;0,00;256;114;97;22;25;766;449
3327;2,82;-694,32;0,00;0,00;0,00;-0,69;0,00;0,00;287;77;138;13;29;538;464
3328;87,53;124,08;0,00;0,00;0,00;0,12;0,00;0,00;294;32;38;45;33;977;437
3329;47,97;-262,67;0,00;0,00;0,00;-0,26;0,00;0,00;162;35;103;29;35;972;881
3330;48,57;-333,52;0,00;0,00;0,00;-0,33;0,00;0,00;411;107;69;18;36;544;896
3331;62,66;-64,64;0,00;0,00;0,00;-0,06;0,00;0,00;388;158;151;34;31;331;311
3332;47,78;-98,13;0,00;0,00;0,00;-0,10;0,00;0,00;277;122;56;11;19;797;532
3333;89,15;163,42;0,00;0,00;0,00;0,16;0,00;0,00;136;116;77;20;38;858;862
3334;70,90;-20,26;0,00;0,00;0,00;-0,02;0,00;0,00;21;37;91;23;31;657;643
3335;32,04;-283,51;0,00;0,00;0,00;-0,28;0,00;0,00;183;74;109;41;26;146;167
3336;59,62;-191,28;0,00;0,00;0,00;-0,19;0,00;0,00;189;154;96;46;28;322;286
3337;11,03;-590,60;0,00;0,00;0,00;-0,59;0,00;0,00;299;60;146;46;23;205;834
3338;33,60;-369,14;0,00;0,00;0,00;-0,37;0,00;0,00;471;37;154;30;36;840;716
3339;76,94;128,16;0,00;0,00;0,00;0,13;0,00;0,00;65;192;133;22;24;894;420
3340;69,18;83,23;0,00;0,00;0,00;0,08;0,00;0,00;181;140;199;19;21;258;133
3341;45,80;-282,54;0,00;0,00;0,00;-0,28;0,00;0,00;441;96;44;41;29;815;876
3342;44,73;-195,21;0,00;0,00;0,00;-0,20;0,00;0,00;52;129;109;14;25;821;114
3343;74,98;36,74;0,00;0,00;0,00;0,04;0,00;0,00;445;184;192;41;18;453;207
3344;33,23;-352,93;0,00;0,00;0,00;-0,35;0,00;0,00;112;191;160;44;30;685;285
3345;61,60;-81,23;0,00;0,00;0,00;-0,08;0,00;0,00;365;19;158;32;35;613;271
3346;16,86;-513,26;0,00;0,00;0,00;-0,51;0,00;0,00;363;124;106;20;38;457;772
3347;76,87;136,30;0,00;0,00;0,00;0,14;0,00;0,00;276;128;18;19;33;552;830
3348;48,21;-252,16;0,00;0,00;0,00;-0,25;0,00;0,00;334;53;25;34;35;211;532
3349;62,97;-52,13;0,00;0,00;0,00;-0,05;0,00;0,00;428;71;108;14;16;859;145
3350;75,63;76,29;0,00;0,00;0,00;0,08;0,00;0,00;85;127;91;48;17;491;816
3351;84,40;220,51;0,00;0,00;0,00;0,22;0,00;0,00;386;121;137;21;20;335;158
3352;89,29;242,75;0,00;0,00;0,00;0,24;0,00;0,00;263;62;68;49;15;519;113
3353;54,73;-190,71;0,00;0,00;0,00;-0,19;0,00;0,00;312;177;151;35;28;280;473
3354;49,52;-193,62;0,00;0,00;0,00;-0,19;0,00;0,00;341;37;45;44;36;951;183
3355;53,02;-186,39;0,00;0,00;0,00;-0,19;0,00;0,00;349;193;82;10;37;153;102
3356;44,86;-119,45;0,00;0,00;0,00;-0,12;0,00;0,00;281;114;116;28;22;217;565
3357;51,31;-132,85;0,00;0,00;0,00;-0,13;0,00;0,00;339;187;13;38;26;345;235
3358;38,40;-361,49;0,00;0,00;0,00;-0,36;0,00;0,00;298;12;116;14;30;214;619
3359;43,86;-292,54;0,00;0,00;0,00;-0,29;0,00;0,00;396;70;151;34;32;309;893
3360;16,19;-504,52;0,00;0,00;0,00;-0,50;0,00;0,00;442;116;117;26;23;387;735
3361;21,77;-505,53;0,00;0,00;0,00;-0,51;0,00;0,00;302;195;100;45;38;814;753
3362;86,98;82,47;0,00;0,00;0,00;0,08;0,00;0,00;67;22;199;14;36;493;920
3363;29,27;-431,96;0,00;0,00;0,00;-0,43;0,00;0,00;396;167;169;21;18;736;251
3364;88,77;212,29;0,00;0,00;0,00;0,21;0,00;0,00;307;22;140;30;22;972;414
3365;37,73;-200,21;0,00;0,00;0,00;-0,20;0,00;0,00;65;130;14;46;34;879;431
3366;61,21;-37,83;0,00;0,00;0,00;-0,04;0,00;0,00;144;48;123;27;30;537;215
3367;32,14;-376,79;0,00;0,00;0,00;-0,38;0,00;0,00;316;19;133;44;15;247;276
3368;38,01;-333,72;0,00;0,00;0,00;-0,33;0,00;0,00;476;90;55;45;34;372;643
3369;58,66;-89,05;0,00;0,00;0,00;-0,09;0,00;0,00;425;141;57;42;20;800;632
3370;66,70;66,14;0,00;0,00;0,00;0,07;0,00;0,00;191;33;185;31;34;477;495
3371;90,43;279,94;0,00;0,00;0,00;0,28;0,00;0,00;106;101;25;35;39;313;961
3372;52,40;-108,93;0,00;0,00;0,00;-0,11;0,00;0,00;171;110;119;40;27;409;888
3373;48,42;-198,61;0,00;0,00;0,00;-0,20;0,00;0,00;115;19;51;41;39;849;232
3374;57,23;-152,07;0,00;0,00;0,00;-0,15;0,00;0,00;385;20;136;44;20;226;220
3375;24,71;-434,41;0,00;0,00;0,00;-0,43;0,00;0,00;14;129;31;29;39;942;333
3376;91,90;261,36;0,00;0,00;0,00;0,26;0,00;0,00;119;195;96;40;26;787;486
3377;79,33;111,26;0,00;0,00;0,00;0,11;0,00;0,00;496;32;18;40;30;300;888
3378;87,16;211,87;0,00;0,00;0,00;0,21;0,00;0,00;110;61;180;20;18;319;682
3379;83,84;88,90;0,00;0,00;0,00;0,09;0,00;0,00;275;140;172;28;18;735;806
3380;29,02;-383,37;0,00;0,00;0,00;-0,38;0,00;0,00;458;179;121;27;18;727;898
3381;68,42;-33,33;0,00;0,00;0,00;-0,03;0,00;0,00;318;146;143;21;34;333;786
3382;27,83;-369,40;0,00;0,00;0,00;-0,37;0,00;0,00;34;185;52;23;37;121;731
3383;56,95;-128,27;0,00;0,00;0,00;-0,13;0,00;0,00;426;164;50;49;17;549;258
3384;5,44;-654,80;0,00;0,00;0,00;-0,65;0,00;0,00;235;161;56;22;39;823;600
3385;79,70;98,54;0,00;0,00;0,00;0,10;0,00;0,00;199;155;29;10;27;630;559
3386;63,10;-68,65;0,00;0,00;0,00;-0,07;0,00;0,00;179;85;74;10;23;671;630
3387;29,14;-477,86;0,00;0,00;0,00;-0,48;0,00;0,00;62;138;156;25;28;239;297
3388;32,60;-361,17;0,00;0,00;0,00;-0,36;0,00;0,00;13;28;13;45;35;926;605
3389;51,65;-146,95;0,00;0,00;0,00;-0,15;0,00;0,00;427;137;170;15;19;598;786
3390;56,48;-158,08;0,00;0,00;0,00;-0,16;0,00;0,00;295;68;139;29;21;666;213
3391;82,45;139,90;0,00;0,00;0,00;0,14;0,00;0,00;181;137;168;45;30;802;451
3392;75,22;35,23;0,00;0,00;0,00;0,04;0,00;0,00;408;18;83;23;19;917;873
3393;50,33;-185,77;0,00;0,00;0,00;-0,19;0,00;0,00;68;180;46;40;25;977;574
3394;62,13;-63,50;0,00;0,00;0,00;-0,06;0,00;0,00;109;154;33;20;34;844;501
3395;83,09;183,73;0,00;0,00;0,00;0,18;0,00;0,00;350;95;64;38;27;783;162
3396;65,71;-33,35;0,00;0,00;0,00;-0,03;0,00;0,00;237;115;138;10;36;759;420
3397;35,19;-296,65;0,00;0,00;0,00;-0,30;0,00;0,00;372;96;27;26;35;568;191
3398;62,85;-34,87;0,00;0,00;0,00;-0,03;0,00;0,00;87;50;40;48;33;150;702
3399;9,46;-541,21;0,00;0,00;0,00;-0,54;0,00;0,00;379;104;94;35;17;944;745
3400;100,00;229,64;0,00;0,00;0,00;0,23;0,00;0,00;375;116;138;34;33;471;770
3401;31,40;-413,04;0,00;0,00;0,00;-0,41;0,00;0,00;133;113;148;12;35;758;584
3402;77,99;10,51;0,00;0,00;0,00;0,01;0,00;0,00;327;151;36;34;35;329;510
3403;53,33;-185,55;0,00;0,00;0,00;-0,19;0,00;0,00;219;154;93;27;33;274;908
3404;66,20;-69,19;0,00;0,00;0,00;-0,07;0,00;0,00;24;168;124;36;19;716;706
3405;72,85;41,33;0,00;0,00;0,00;0,04;0,00;0,00;275;25;137;32;16;105;477
3406;22,53;-478,97;0,00;0,00;0,00;-0,48;0,00;0,00;224;124;135;36;30;251;789
3407;26,35;-443,40;0,00;0,00;0,00;-0,44;0,00;0,00;125;152;14;12;35;403;326
3408;67,36;10,47;0,00;0,00;0,00;0,01;0,00;0,00;304;175;80;48;33;842;179
3409;47,86;-153,89;0,00;0,00;0,00;-0,15;0,00;0,00;195;35;80;47;23;164;671
3410;100,00;277,96;0,00;0,00;0,00;0,28;0,00;0,00;499;80;95;42;37;781;883
3411;72,36;57,11;0,00;0,00;0,00;0,06;0,00;0,00;261;124;30;29;15;219;583
3412;70,22;-76,20;0,00;0,00;0,00;-0,08;0,00;0,00;26;126;122;39;25;702;798
3413;0,00;-698,59;0,00;0,00;0,00;-0,70;0,00;0,00;319;28;164;36;16;722;171
3414;93,90;253,23;0,00;0,00;0,00;0,25;0,00;0,00;299;181;105;41;37;248;853
3415;96,64;240,13;0,00;0,00;0,00;0,24;0,00;0,00;437;34;91;24;39;500;415
3416;19,60;-523,83;0,00;0,00;0,00;-0,52;0,00;0,00;439;89;119;26;15;247;795
3417;0,00;-678,31;0,00;0,00;0,00;-0,68;0,00;0,00;99;154;157;24;23;908;385
3418;32,11;-376,84;0,00;0,00;0,00;-0,38;0,00;0,00;258;17;66;39;34;451;720
3419;67,47;-45,42;0,00;0,00;0,00;-0,05;0,00;0,00;172;18;82;30;19;309;888
3420;56,38;-80,51;0,00;0,00;0,00;-0,08;0,00;0,00;484;104;194;16;28;245;994
3421;22,31;-493,81;0,00;0,00;0,00;-0,49;0,00;0,00;39;81;114;39;37;178;386
3422;67,66;-16,51;0,00;0,00;0,00;-0,02;0,00;0,00;21;168;198;21;21;549;409
3423;39,45;-327,00;0,00;0,00;0,00;-0,33;0,00;0,00;312;151;192;12;31;276;747
3424;72,22;84,26;0,00;0,00;0,00;0,08;0,00;0,00;244;181;198;44;17;396;214
3425;56,54;-62,75;0,00;0,00;0,00;-0,06;0,00;0,00;472;162;91;49;16;818;777
3426;31,13;-468,31;0,00;0,00;0,00;-0,47;0,00;0,00;83;75;144;28;25;885;234
3427;0,00;-725,59;0,00;0,00;0,00;-0,73;0,00;0,00;272;106;71;36;27;458;613
3428;43,07;-201,59;0,00;0,00;0,00;-0,20;0,00;0,00;373;52;68;34;23;251;645
3429;45,85;-280,88;0,00;0,00;0,00;-0,28;0,00;0,00;222;62;59;35;38;292;520
3430;23,86;-432,83;0,00;0,00;0,00;-0,43;0,00;0,00;345;188;50;36;20;163;910
3431;81,10;108,18;0,00;0,00;0,00;0,11;0,00;0,00;50;120;40;44;32;629;240
3432;40,19;-236,41;0,00;0,00;0,00;-0,24;0,00;0,00;161;63;96;45;37;605;697
3433;54,37;-212,72;0,00;0,00;0,00;-0,21;0,00;0,00;439;143;162;27;20;843;473
3434;41,70;-242,91;0,00;0,00;0,00;-0,24;0,00;0,00;84;187;197;25;16;295;233
3435;74,65;98,81;0,00;0,00;0,00;0,10;0,00;0,00;496;110;97;15;37;590;404
3436;21,53;-525,18;0,00;0,00;0,00;-0,53;0,00;0,00;122;61;172;16;16;394;817
3437;81,85;74,34;0,00;0,00;0,00;0,07;0,00;0,00;163;141;83;32;38;184;523
3438;42,35;-279,73;0,00;0,00;0,00;-0,28;0,00;0,00;357;77;154;11;22;602;310
3439;50,39;-193,56;0,00;0,00;0,00;-0,19;0,00;0,00;167;148;107;30;37;912;266
3440;39,64;-315,34;0,00;0,00;0,00;-0,32;0,00;0,00;267;184;192;10;25;103;635
3441;47,43;-312,93;0,00;0,00;0,00;-0,31;0,00;0,00;374;103;109;33;18;712;242
3442;49,48;-176,80;0,00;0,00;0,00;-0,18;0,00;0,00;147;111;49;25;39;897;736
3443;73,75;103,90;0,00;0,00;0,00;0,10;0,00;0,00;31;47;129;31;20;839;445
3444;44,16;-243,93;0,00;0,00;0,00;-0,24;0,00;0,00;56;45;119;43;19;796;388
3445;56,86;-202,18;0,00;0,00;0,00;-0,20;0,00;0,00;432;136;105;43;33;152;110
3446;59,34;-146,29;0,00;0,00;0,00;-0,15;0,00;0,00;430;184;55;43;35;962;466
3447;24,06;-378,96;0,00;0,00;0,00;-0,38;0,00;0,00;427;149;199;16;35;241;456
3448;63,64;41,31;0,00;0,00;0,00;0,04;0,00;0,00;427;128;103;47;20;773;812
3449;46,65;-241,30;0,00;0,00;0,00;-0,24;0,00;0,00;68;89;125;34;16;523;219
3450;63,06;-3,74;0,00;0,00;0,00;-0,00;0,00;0,00;174;55;74;17;22;260;554
3451;32,98;-288,86;0,00;0,00;0,00;-0,29;0,00;0,00;106;196;148;26;36;861;353
3452;2,61;-720,62;0,00;0,00;0,00;-0,72;0,00;0,00;416;158;96;44;26;666;585
3453;49,65;-212,02;0,00;0,00;0,00;-0,21;0,00;0,00;126;65;14;16;17;756;262
3454;67,74;11,87;0,00;0,00;0,00;0,01;0,00;0,00;106;121;32;33;18;643;591
3455;98,97;237,55;0,00;0,00;0,00;0,24;0,00;0,00;441;138;113;33;21;761;309
3456;62,32;-135,80;0,00;0,00;0,00;-0,14;0,00;0,00;486;16;124;46;28;367;920
3457;57,44;-196,14;0,00;0,00;0,00;-0,20;0,00;0,00;379;145;139;42;15;428;914
3458;52,16;-123,39;0,00;0,00;0,00;-0,12;0,00;0,00;101;93;75;45;15;379;552
3459;53,35;-113,90;0,00;0,00;0,00;-0,11;0,00;0,00;145;61;127;36;27;103;581
3460;16,45;-536,27;0,00;0,00;0,00;-0,54;0,00;0,00;415;107;62;14;32;767;518
3461;38,47;-198,11;0,00;0,00;0,00;-0,20;0,00;0,00;36;90;100;22;36;939;600
3462;85,33;180,96;0,00;0,00;0,00;0,18;0,00;0,00;498;146;75;46;33;981;135
3463;52,07;-200,25;0,00;0,00;0,00;-0,20;0,00;0,00;386;101;174;27;28;289;886
3464;39,54;-325,64;0,00;0,00;0,00;-0,33;0,00;0,00;92;29;104;43;18;618;362
3465;63,43;-61,42;0,00;0,00;0,00;-0,06;0,00;0,00;26;195;112;24;15;557;843
3466;56,28;-92,70;0,00;0,00;0,00;-0,09;0,00;0,00;187;148;26;35;26;815;903
3467;64,34;-84,94;0,00;0,00;0,00;-0,08;0,00;0,00;210;22;61;48;25;545;859
3468;52,66;-212,31;0,00;0,00;0,00;-0,21;0,00;0,00;79;114;72;26;15;954;519
3469;37,90;-382,23;0,00;0,00;0,00;-0,38;0,00;0,00;346;55;110;38;34;130;559
3470;51,64;-250,73;0,00;0,00;0,00;-0,25;0,00;0,00;424;128;21;18;23;398;435
3471;39,10;-259,52;0,00;0,00;0,00;-0,26;0,00;0,00;194;130;83;37;15;635;160
3472;93,42;260,66;0,00;0,00;0,00;0,26;0,00;0,00;203;41;142;34;37;433;677
3473;52,83;-196,35;0,00;0,00;0,00;-0,20;0,00;0,00;149;175;105;24;17;766;973
3474;13,59;-562,67;0,00;0,00;0,00;-0,56;0,00;0,00;95;21;56;10;17;541;530
3475;75,26;80,17;0,00;0,00;0,00;0,08;0,00;0,00;168;99;152;35;20;965;169
3476;46,65;-140,05;0,00;0,00;0,00;-0,14;0,00;0,00;358;57;174;44;28;755;987
3477;36,92;-318,86;0,00;0,00;0,00;-0,32;0,00;0,00;421;114;122;20;24;801;308
3478;69,60;-81,83;0,00;0,00;0,00;-0,08;0,00;0,00;325;63;139;29;29;773;814
3479;25,87;-402,23;0,00;0,00;0,00;-0,40;0,00;0,00;140;23;177;39;32;466;793
3480;61,25;-119,74;0,00;0,00;0,00;-0,12;0,00;0,00;157;30;57;24;18;313;617
3481;88,61;178,66;0,00;0,00;0,00;0,18;0,00;0,00;273;43;78;42;18;719;764
3482;46,50;-160,44;0,00;0,00;0,00;-0,16;0,00;0,00;305;168;34;20;22;438;992
3483;58,69;-115,57;0,00;0,00;0,00;-0,12;0,00;0,00;137;100;42;14;21;482;635
3484;49,18;-313,49;0,00;0,00;0,00;-0,31;0,00;0,00;78;113;179;11;29;992;126
3485;57,68;-34,48;0,00;0,00;0,00;-0,03;0,00;0,00;471;140;195;49;35;867;870
3486;46,08;-209,12;0,00;0,00;0,00;-0,21;0,00;0,00;118;158;85;45;15;121;865
3487;43,81;-311,10;0,00;0,00;0,00;-0,31;0,00;0,00;356;58;75;22;38;178;947
3488;97,04;324,14;0,00;0,00;0,00;0,32;0,00;0,00;86;38;126;15;15;728;218
3489;29,21;-423,35;0,00;0,00;0,00;-0,42;0,00;0,00;257;130;46;43;28;184;812
3490;32,25;-496,05;0,00;0,00;0,00;-0,50;0,00;0,00;268;94;126;49;25;779;463
3491;36,55;-404,78;0,00;0,00;0,00;-0,40;0,00;0,00;231;68;189;45;38;273;777
3492;37,71;-244,13;0,00;0,00;0,00;-0,24;0,00;0,00;487;191;45;24;16;987;659
3493;60,98;-79,70;0,00;0,00;0,00;-0,08;0,00;0,00;210;99;101;20;24;364;235
3494;52,27;-191,89;0,00;0,00;0,00;-0,19;0,00;0,00;93;185;75;18;39;243;849
3495;83,51;130,78;0,00;0,00;0,00;0,13;0,00;0,00;39;132;106;30;34;750;645
3496;42,91;-271,78;0,00;0,00;0,00;-0,27;0,00;0,00;225;96;18;14;31;885;614
3497;6,77;-525,70;0,00;0,00;0,00;-0,53;0,00;0,00;314;78;71;45;32;253;111
3498;42,59;-283,37;0,00;0,00;0,00;-0,28;0,00;0,00;390;121;153;22;20;795;538
3499;41,85;-379,13;0,00;0,00;0,00;-0,38;0,00;0,00;281;158;138;23;38;354;974
3500;63,98;-107,79;0,00;0,00;0,00;-0,11;0,00;0,00;432;156;84;28;30;451;381
3501;100,00;291,86;0,00;0,00;0,00;0,29;0,00;0,00;248;75;137;40;34;772;255
3502;57,25;-155,33;0,00;0,00;0,00;-0,16;0,00;0,00;202;79;149;27;16;519;385
3503;28,23;-370,61;0,00;0,00;0,00;-0,37;0,00;0,00;215;146;156;22;20;916;259
3504;41,90;-209,48;0,00;0,00;0,00;-0,21;0,00;0,00;398;141;115;44;21;586;924
3505;85,50;48,65;0,00;0,00;0,00;0,05;0,00;0,00;467;32;192;32;37;534;370
3506;32,19;-431,84;0,00;0,00;0,00;-0,43;0,00;0,00;484;68;60;20;30;339;599
3507;44,68;-297,01;0,00;0,00;0,00;-0,30;0,00;0,00;436;164;132;32;18;422;926
3508;58,34;-33,75;0,00;0,00;0,00;-0,03;0,00;0,00;245;159;92;32;33;197;877
3509;37,26;-318,01;0,00;0,00;0,00;-0,32;0,00;0,00;467;161;181;47;25;202;512
3510;58,74;-133,04;0,00;0,00;0,00;-0,13;0,00;0,00;16;114;151;45;27;225;271
3511;59,90;-139,56;0,00;0,00;0,00;-0,14;0,00;0,00;45;198;131;17;18;194;136
3512;74,11;13,85;0,00;0,00;0,00;0,01;0,00;0,00;194;118;129;41;29;229;858
3513;48,70;-236,85;0,00;0,00;0,00;-0,24;0,00;0,00;72;193;104;16;25;814;816
3514;60,21;-167,72;0,00;0,00;0,00;-0,17;0,00;0,00;242;65;198;19;24;886;155
3515;63,01;-160,67;0,00;0,00;0,00;-0,16;0,00;0,00;455;178;90;10;27;840;222
3516;45,83;-288,34;0,00;0,00;0,00;-0,29;0,00;0,00;450;185;127;11;30;792;400
3517;41,13;-290,03;0,00;0,00;0,00;-0,29;0,00;0,00;218;31;110;34;32;376;181
3518;83,46;83,21;0,00;0,00;0,00;0,08;0,00;0,00;143;186;102;24;31;218;866
3519;9,74;-571,52;0,00;0,00;0,00;-0,57;0,00;0,00;136;79;109;34;25;479;535
3520;63,85;45,49;0,00;0,00;0,00;0,05;0,00;0,00;388;48;169;12;23;523;626
3521;72,81;89,59;0,00;0,00;0,00;0,09;0,00;0,00;106;75;120;38;39;498;807
3522;46,04;-196,04;0,00;0,00;0,00;-0,20;0,00;0,00;258;29;121;47;22;108;799
3523;32,51;-383,60;0,00;0,00;0,00;-0,38;0,00;0,00;389;38;192;21;38;580;936
3524;53,91;-187,90;0,00;0,00;0,00;-0,19;0,00;0,00;373;131;11;35;38;515;909
3525;6,11;-631,01;0,00;0,00;0,00;-0,63;0,00;0,00;143;170;57;46;36;230;816
3526;28,88;-336,64;0,00;0,00;0,00;-0,34;0,00;0,00;211;159;23;18;24;706;926
3527;100,00;278,88;0,00;0,00;0,00;0,28;0,00;0,00;252;152;107;14;36;792;917
3528;62,05;-32,20;0,00;0,00;0,00;-0,03;0,00;0,00;299;153;54;33;20;738;971
3529;56,11;-71,96;0,00;0,00;0,00;-0,07;0,00;0,00;19;173;136;38;16;965;354
3530;53,35;-133,82;0,00;0,00;0,00;-0,13;0,00;0,00;296;24;71;48;26;217;684
3531;0,00;-647,86;0,00;0,00;0,00;-0,65;0,00;0,00;56;109;170;19;27;129;267
3532;22,20;-363,24;0,00;0,00;0,00;-0,36;0,00;0,00;141;86;136;13;39;602;728
3533;58,58;-170,31;0,00;0,00;0,00;-0,17;0,00;0,00;102;100;145;14;25;629;388
3534;41,71;-243,33;0,00;0,00;0,00;-0,24;0,00;0,00;480;125;173;15;21;458;531
3535;65,13;-57,38;0,00;0,00;0,00;-0,06;0,00;0,00;154;127;26;41;35;522;390
3536;37,83;-324,84;0,00;0,00;0,00;-0,32;0,00;0,00;413;121;56;42;23;777;317
3537;87,33;225,66;0,00;0,00;0,00;0,23;0,00;0,00;448;22;120;28;29;840;117
3538;48,74;-155,73;0,00;0,00;0,00;-0,16;0,00;0,00;55;189;19;41;36;189;101
3539;52,57;-91,18;0,00;0,00;0,00;-0,09;0,00;0,00;30;84;159;43;28;515;994
3540;47,59;-308,82;0,00;0,00;0,00;-0,31;0,00;0,00;476;179;196;20;29;550;585
3541;49,91;-323,34;0,00;0,00;0,00;-0,32;0,00;0,00;204;77;29;19;30;922;595
3542;28,93;-412,64;0,00;0,00;0,00;-0,41;0,00;0,00;31;115;23;24;16;323;336
3543;81,77;120,93;0,00;0,00;0,00;0,12;0,00;0,00;183;79;121;45;19;173;946
3544;9,62;-678,28;0,00;0,00;0,00;-0,68;0,00;0,00;432;16;136;42;36;158;921
3545;52,12;-198,02;0,00;0,00;0,00;-0,20;0,00;0,00;359;135;58;22;33;733;645
3546;68,12;-76,26;0,00;0,00;0,00;-0,08;0,00;0,00;429;165;159;47;32;638;720
3547;6,80;-550,89;0,00;0,00;0,00;-0,55;0,00;0,00;453;95;69;40;26;722;264
3548;7,49;-631,19;0,00;0,00;0,00;-0,63;0,00;0,00;268;83;124;43;19;637;880
3549;34,39;-421,09;0,00;0,00;0,00;-0,42;0,00;0,00;312;157;148;47;26;766;716
3550;33,57;-275,92;0,00;0,00;0,00;-0,28;0,00;0,00;397;181;27;17;30;193;683
3551;53,86;-151,61;0,00;0,00;0,00;-0,15;0,00;0,00;126;137;72;13;31;957;968
3552;59,00;-84,66;0,00;0,00;0,00;-0,08;0,00;0,00;51;181;24;44;21;790;780
3553;64,46;-16,78;0,00;0,00;0,00;-0,02;0,00;0,00;422;120;37;34;23;166;459
3554;16,89;-593,07;0,00;0,00;0,00;-0,59;0,00;0,00;332;120;195;10;19;469;216
3555;57,38;-186,83;0,00;0,00;0,00;-0,19;0,00;0,00;82;65;124;13;19;228;823
3556;49,15;-266,45;0,00;0,00;0,00;-0,27;0,00;0,00;233;37;192;14;30;679;248
3557;70,92;77,41;0,00;0,00;0,00;0,08;0,00;0,00;276;11;87;23;23;138;135
3558;61,95;-60,80;0,00;0,00;0,00;-0,06;0,00;0,00;94;154;63;25;21;569;281
3559;4,55;-708,83;0,00;0,00;0,00;-0,71;0,00;0,00;499;152;140;49;39;805;387
3560;35,77;-367,80;0,00;0,00;0,00;-0,37;0,00;0,00;195;171;63;32;21;703;154
3561;50,61;-231,38;0,00;0,00;0,00;-0,23;0,00;0,00;203;15;173;22;18;936;987
3562;26,20;-431,95;0,00;0,00;0,00;-0,43;0,00;0,00;372;70;56;47;19;911;362
3563;34,25;-356,69;0,00;0,00;0,00;-0,36;0,00;0,00;119;39;141;15;34;402;389
3564;98,32;282,04;0,00;0,00;0,00;0,28;0,00;0,00;197;185;28;22;33;900;671
3565;58,70;-158,01;0,00;0,00;0,00;-0,16;0,00;0,00;266;103;155;11;16;464;200
3566;72,81;15,48;0,00;0,00;0,00;0,02;0,00;0,00;367;199;191;29;16;513;668
3567;42,74;-284,87;0,00;0,00;0,00;-0,28;0,00;0,00;472;82;144;14;26;933;134
3568;39,44;-307,55;0,00;0,00;0,00;-0,31;0,00;0,00;372;130;33;25;15;851;222
3569;52,09;-164,05;0,00;0,00;0,00;-0,16;0,00;0,00;362;19;126;40;17;235;485
3570;62,63;-23,93;0,00;0,00;0,00;-0,02;0,00;0,00;312;52;112;35;29;578;971
3571;33,55;-323,06;0,00;0,00;0,00;-0,32;0,00;0,00;282;63;190;19;33;505;329
3572;10,48;-634,97;0,00;0,00;0,00;-0,63;0,00;0,00;269;18;14;18;15;286;894
3573;63,91;-45,64;0,00;0,00;0,00;-0,05;0,00;0,00;471;105;168;32;22;805;327
3574;98,16;315,15;0,00;0,00;0,00;0,32;0,00;0,00;424;122;18;16;36;322;893
3575;8,77;-579,55;0,00;0,00;0,00;-0,58;0,00;0,00;294;151;132;18;27;906;461
3576;89,58;173,93;0,00;0,00;0,00;0,17;0,00;0,00;76;86;98;10;33;265;430
3577;29,21;-437,80;0,00;0,00;0,00;-0,44;0,00;0,00;349;78;178;15;34;177;631
3578;41,34;-296,24;0,00;0,00;0,00;-0,30;0,00;0,00;408;31;160;33;33;575;958
3579;44,43;-319,85;0,00;0,00;0,00;-0,32;0,00;0,00;427;28;133;25;18;274;497
3580;9,45;-601,36;0,00;0,00;0,00;-0,60;0,00;0,00;314;14;34;13;30;573;696
3581;41,45;-335,46;0,00;0,00;0,00;-0,34;0,00;0,00;44;62;46;18;21;587;452
3582;47,79;-220,79;0,00;0,00;0,00;-0,22;0,00;0,00;347;73;68;10;23;433;589
3583;64,18;-1,44;0,00;0,00;0,00;-0,00;0,00;0,00;218;111;92;27;26;224;467
3584;55,56;-119,15;0,00;0,00;0,00;-0,12;0,00;0,00;344;103;110;31;15;324;102
3585;45,01;-258,56;0,00;0,00;0,00;-0,26;0,00;0,00;205;53;29;12;22;470;519
3586;53,78;-181,73;0,00;0,00;0,00;-0,18;0,00;0,00;249;81;61;39;17;306;865
3587;23,22;-508,65;0,00;0,00;0,00;-0,51;0,00;0,00;271;187;23;49;37;853;709
3588;15,59;-527,32;0,00;0,00;0,00;-0,53;0,00;0,00;60;98;135;26;17;112;672
3589;27,94;-466,56;0,00;0,00;0,00;-0,47;0,00;0,00;235;25;64;18;34;383;851
3590;51,28;-126,56;0,00;0,00;0,00;-0,13;0,00;0,00;21;46;191;35;32;684;678
3591;97,71;178,56;0,00;0,00;0,00;0,18;0,00;0,00;240;110;85;10;28;238;553
3592;31,23;-368,05;0,00;0,00;0,00;-0,37;0,00;0,00;266;167;17;48;28;854;240
3593;56,63;-104,22;0,00;0,00;0,00;-0,10;0,00;0,00;42;58;78;40;26;544;564
3594;31,37;-389,34;0,00;0,00;0,00;-0,39;0,00;0,00;399;154;88;10;38;344;140
3595;18,70;-534,99;0,00;0,00;0,00;-0,53;0,00;0,00;371;189;49;16;31;459;214
3596;80,28;111,90;0,00;0,00;0,00;0,11;0,00;0,00;212;110;110;45;18;242;404
3597;65,94;-76,87;0,00;0,00;0,00;-0,08;0,00;0,00;390;199;89;38;36;584;734
3598;48,42;-204,29;0,00;0,00;0,00;-0,20;0,00;0,00;119;92;124;30;33;440;361
3599;85,47;110,98;0,00;0,00;0,00;0,11;0,00;0,00;379;91;196;27;35;271;725
3600;42,42;-275,48;0,00;0,00;0,00;-0,28;0,00;0,00;335;46;86;27;37;973;495
3601;0,00;-678,36;0,00;0,00;0,00;-0,68;0,00;0,00;439;182;58;46;36;983;878
3602;52,76;-104,54;0,00;0,00;0,00;-0,10;0,00;0,00;19;197;182;11;18;505;631
3603;31,51;-426,20;0,00;0,00;0,00;-0,43;0,00;0,00;436;133;54;10;28;849;802
3604;100,00;240,81;0,00;0,00;0,00;0,24;0,00;0,00;227;55;141;30;34;273;427
3605;44,22;-258,14;0,00;0,00;0,00;-0,26;0,00;0,00;264;139;135;11;32;200;633
3606;42,34;-331,22;0,00;0,00;0,00;-0,33;0,00;0,00;366;50;83;39;17;240;668
3607;42,57;-331,68;0,00;0,00;0,00;-0,33;0,00;0,00;335;16;48;27;19;898;585
3608;62,34;-53,60;0,00;0,00;0,00;-0,05;0,00;0,00;432;68;77;26;33;571;462
3609;38,37;-333,90;0,00;0,00;0,00;-0,33;0,00;0,00;225;178;20;16;22;198;848
3610;100,00;276,80;0,00;0,00;0,00;0,28;0,00;0,00;471;100;103;34;29;497;211
3611;44,60;-154,36;0,00;0,00;0,00;-0,15;0,00;0,00;171;90;94;26;30;201;833
3612;53,74;-103,95;0,00;0,00;0,00;-0,10;0,00;0,00;43;25;153;15;37;447;650
3613;19,19;-547,39;0,00;0,00;0,00;-0,55;0,00;0,00;315;117;171;48;29;325;174
3614;0,00;-662,56;0,00;0,00;0,00;-0,66;0,00;0,00;280;71;42;45;37;631;687
3615;59,50;-16,36;0,00;0,00;0,00;-0,02;0,00;0,00;287;167;96;47;30;545;670
3616;32,96;-359,92;0,00;0,00;0,00;-0,36;0,00;0,00;231;83;182;24;19;142;262
3617;45,56;-305,94;0,00;0,00;0,00;-0,31;0,00;0,00;439;90;189;32;39;673;405
3618;61,70;-11,35;0,00;0,00;0,00;-0,01;0,00;0,00;269;78;59;26;29;846;566
3619;77,06;-1,44;0,00;0,00;0,00;-0,00;0,00;0,00;172;114;77;45;33;871;257
3620;100,00;270,64;0,00;0,00;0,00;0,27;0,00;0,00;71;185;26;47;22;118;729
3621;75,18;5,87;0,00;0,00;0,00;0,01;0,00;0,00;449;174;51;49;39;585;860
3622;61,75;-119,77;0,00;0,00;0,00;-0,12;0,00;0,00;333;148;19;17;33;421;832
3623;100,00;249,59;0,00;0,00;0,00;0,25;0,00;0,00;95;113;66;29;38;446;785
3624;37,08;-285,32;0,00;0,00;0,00;-0,29;0,00;0,00;12;138;158;30;17;494;745
3625;0,00;-693,90;0,00;0,00;0,00;-0,69;0,00;0,00;75;109;114;27;16;452;776
3626;65,20;7,28;0,00;0,00;0,00;0,01;0,00;0,00;219;163;14;11;36;667;760
3627;34,94;-259,12;0,00;0,00;0,00;-0,26;0,00;0,00;143;73;38;15;38;155;729
3628;28,61;-388,74;0,00;0,00;0,00;-0,39;0,00;0,00;294;182;31;30;18;224;884
3629;11,50;-623,06;0,00;0,00;0,00;-0,62;0,00;0,00;295;34;195;39;18;286;203
3630;21,98;-556,45;0,00;0,00;0,00;-0,56;0,00;0,00;386;13;12;36;15;623;228
3631;29,86;-458,46;0,00;0,00;0,00;-0,46;0,00;0,00;380;179;149;25;36;764;263
3632;45,52;-331,30;0,00;0,00;0,00;-0,33;0,00;0,00;40;187;92;28;21;454;350
3633;12,97;-532,68;0,00;0,00;0,00;-0,53;0,00;0,00;390;122;64;36;19;441;825
3634;58,00;-110,28;0,00;0,00;0,00;-0,11;0,00;0,00;381;87;196;49;25;159;813
3635;65,15;-104,48;0,00;0,00;0,00;-0,10;0,00;0,00;33;138;72;28;20;502;572
3636;5,51;-603,81;0,00;0,00;0,00;-0,60;0,00;0,00;70;70;151;24;31;345;812
3637;12,26;-572,67;0,00;0,00;0,00;-0,57;0,00;0,00;336;180;35;49;25;535;341
3638;47,73;-155,53;0,00;0,00;0,00;-0,16;0,00;0,00;482;83;135;16;30;859;478
3639;62,96;-23,13;0,00;0,00;0,00;-0,02;0,00;0,00;260;141;149;14;22;974;303
3640;75,51;169,43;0,00;0,00;0,00;0,17;0,00;0,00;466;136;109;46;27;476;774
3641;27,66;-364,15;0,00;0,00;0,00;-0,36;0,00;0,00;484;35;84;32;23;204;119
3642;55,84;-120,43;0,00;0,00;0,00;-0,12;0,00;0,00;43;142;58;40;30;403;511
3643;64,84;-36,18;0,00;0,00;0,00;-0,04;0,00;0,00;89;190;174;22;33;886;212
3644;15,78;-481,63;0,00;0,00;0,00;-0,48;0,00;0,00;326;147;160;15;37;125;613
3645;43,11;-298,72;0,00;0,00;0,00;-0,30;0,00;0,00;33;34;13;18;19;951;142
3646;82,53;-17,77;0,00;0,00;0,00;-0,02;0,00;0,00;227;37;139;10;25;122;188
3647;32,05;-361,60;0,00;0,00;0,00;-0,36;0,00;0,00;408;76;83;12;15;836;193
3648;14,48;-632,45;0,00;0,00;0,00;-0,63;0,00;0,00;83;180;151;25;39;812;769
3649;52,50;-178,84;0,00;0,00;0,00;-0,18;0,00;0,00;126;31;18;27;31;629;425
3650;62,95;-117,23;0,00;0,00;0,00;-0,12;0,00;0,00;403;188;172;40;34;781;108
3651;32,90;-435,87;0,00;0,00;0,00;-0,44;0,00;0,00;306;69;42;18;15;392;972
3652;50,54;-161,81;0,00;0,00;0,00;-0,16;0,00;0,00;483;26;130;22;24;358;291
3653;36,06;-364,14;0,00;0,00;0,00;-0,36;0,00;0,00;469;92;160;39;20;577;182
3654;75,67;81,91;0,00;0,00;0,00;0,08;0,00;0,00;392;140;53;35;32;173;306
3655;62,76;-118,83;0,00;0,00;0,00;-0,12;0,00;0,00;215;188;21;47;20;770;933
3656;52,64;-169,88;0,00;0,00;0,00;-0,17;0,00;0,00;272;128;95;12;25;105;288
3657;56,98;-84,22;0,00;0,00;0,00;-0,08;0,00;0,00;153;199;181;33;25;233;252
3658;58,91;1,90;0,00;0,00;0,00;0,00;0,00;0,00;495;176;192;26;39;950;462
3659;14,38;-556,79;0,00;0,00;0,00;-0,56;0,00;0,00;393;28;69;43;30;933;224
3660;57,68;-182,88;0,00;0,00;0,00;-0,18;0,00;0,00;153;137;159;26;29;909;337
3661;42,80;-265,89;0,00;0,00;0,00;-0,27;0,00;0,00;327;75;176;31;35;954;693
3662;67,33;-21,03;0,00;0,00;0,00;-0,02;0,00;0,00;168;154;63;25;30;749;268
3663;30,89;-420,37;0,00;0,00;0,00;-0,42;0,00;0,00;277;135;127;19;22;696;218
3664;35,51;-327,06;0,00;0,00;0,00;-0,33;0,00;0,00;86;96;191;25;18;972;890
3665;21,10;-479,37;0,00;0,00;0,00;-0,48;0,00;0,00;402;162;60;45;22;667;954
3666;15,24;-583,25;0,00;0,00;0,00;-0,58;0,00;0,00;322;91;84;23;15;931;527
3667;57,79;-154,57;0,00;0,00;0,00;-0,15;0,00;0,00;387;102;25;26;29;610;987
3668;100,00;260,83;0,00;0,00;0,00;0,26;0,00;0,00;131;111;100;33;21;754;802
3669;81,22;92,87;0,00;0,00;0,00;0,09;0,00;0,00;377;158;137;49;29;614;271
3670;56,24;-56,37;0,00;0,00;0,00;-0,06;0,00;0,00;378;71;33;21;20;136;940
3671;92,94;287,78;0,00;0,00;0,00;0,29;0,00;0,00;216;172;85;19;17;100;825
3672;100,00;238,41;0,00;0,00;0,00;0,24;0,00;0,00;195;130;37;36;20;522;937
3673;68,43;-38,60;0,00;0,00;0,00;-0,04;0,00;0,00;99;160;104;10;33;366;676
3674;66,27;-75,63;0,00;0,00;0,00;-0,08;0,00;0,00;363;87;162;40;23;830;639
3675;86,64;179,40;0,00;0,00;0,00;0,18;0,00;0,00;398;171;148;46;37;256;543
3676;44,63;-278,35;0,00;0,00;0,00;-0,28;0,00;0,00;414;16;82;16;28;458;652
3677;17,14;-486,80;0,00;0,00;0,00;-0,49;0,00;0,00;486;61;181;12;19;983;514
3678;60,46;-135,16;0,00;0,00;0,00;-0,14;0,00;0,00;237;41;114;32;20;931;402
3679;57,18;-118,56;0,00;0,00;0,00;-0,12;0,00;0,00;204;52;182;18;26;543;623
3680;44,13;-246,81;0,00;0,00;0,00;-0,25;0,00;0,00;69;166;118;36;17;512;598
3681;25,57;-492,15;0,00;0,00;0,00;-0,49;0,00;0,00;49;95;125;32;33;113;160
3682;50,23;-259,29;0,00;0,00;0,00;-0,26;0,00;0,00;306;136;105;14;32;346;292
3683;77,38;43,11;0,00;0,00;0,00;0,04;0,00;0,00;257;80;74;48;35;617;606
3684;88,58;212,63;0,00;0,00;0,00;0,21;0,00;0,00;305;41;18;18;37;414;889
3685;21,78;-442,72;0,00;0,00;0,00;-0,44;0,00;0,00;251;69;112;34;32;188;742
3686;36,98;-312,28;0,00;0,00;0,00;-0,31;0,00;0,00;179;186;154;36;38;264;538
3687;46,52;-263,93;0,00;0,00;0,00;-0,26;0,00;0,00;360;135;37;38;25;368;709
3688;57,73;-196,49;0,00;0,00;0,00;-0,20;0,00;0,00;256;197;161;37;33;530;875
3689;32,47;-357,93;0,00;0,00;0,00;-0,36;0,00;0,00;386;68;178;28;16;464;244
3690;68,69;67,24;0,00;0,00;0,00;0,07;0,00;0,00;207;90;21;20;17;424;814
3691;53,34;-131,27;0,00;0,00;0,00;-0,13;0,00;0,00;27;27;175;48;19;635;795
3692;0,00;-733,47;0,00;0,00;0,00;-0,73;0,00;0,00;124;148;48;19;18;864;445
3693;92,94;269,00;0,00;0,00;0,00;0,27;0,00;0,00;369;73;74;47;39;401;751
3694;13,15;-524,27;0,00;0,00;0,00;-0,52;0,00;0,00;497;79;45;39;36;485;330
3695;40,16;-284,34;0,00;0,00;0,00;-0,28;0,00;0,00;82;102;83;29;25;474;844
3696;71,98;-30,55;0,00;0,00;0,00;-0,03;0,00;0,00;171;194;52;36;27;350;486
3697;48,87;-143,54;0,00;0,00;0,00;-0,14;0,00;0,00;479;144;65;13;35;775;423
3698;14,83;-635,98;0,00;0,00;0,00;-0,64;0,00;0,00;236;189;159;46;17;343;793
3699;35,21;-317,12;0,00;0,00;0,00;-0,32;0,00;0,00;46;185;79;38;22;211;706
3700;18,69;-454,91;0,00;0,00;0,00;-0,45;0,00;0,00;291;181;133;29;21;476;843
3701;55,29;-179,57;0,00;0,00;0,00;-0,18;0,00;0,00;271;160;149;38;20;430;581
3702;64,46;-26,18;0,00;0,00;0,00;-0,03;0,00;0,00;244;32;68;11;39;301;146
3703;30,63;-477,40;0,00;0,00;0,00;-0,48;0,00;0,00;326;197;198;42;24;218;668
3704;62,40;-38,99;0,00;0,00;0,00;-0,04;0,00;0,00;257;17;159;35;15;585;726
3705;62,66;-141,65;0,00;0,00;0,00;-0,14;0,00;0,00;90;23;126;16;29;620;934
3706;20,22;-421,86;0,00;0,00;0,00;-0,42;0,00;0,00;49;102;36;14;21;846;696
3707;78,17;109,79;0,00;0,00;0,00;0,11;0,00;0,00;334;195;174;47;18;193;706
3708;54,72;-203,21;0,00;0,00;0,00;-0,20;0,00;0,00;314;81;119;20;31;881;417
3709;78,98;146,61;0,00;0,00;0,00;0,15;0,00;0,00;332;47;74;40;29;654;678
3710;32,21;-482,48;0,00;0,00;0,00;-0,48;0,00;0,00;492;36;149;38;24;464;186
3711;77,80;54,96;0,00;0,00;0,00;0,05;0,00;0,00;303;42;53;19;36;372;655
3712;56,74;-80,96;0,00;0,00;0,00;-0,08;0,00;0,00;488;129;101;24;21;465;757
3713;49,61;-235,01;0,00;0,00;0,00;-0,24;0,00;0,00;147;68;44;10;23;888;522
3714;31,73;-329,18;0,00;0,00;0,00;-0,33;0,00;0,00;430;140;43;28;23;104;885
3715;67,46;-55,11;0,00;0,00;0,00;-0,06;0,00;0,00;412;48;108;42;27;100;965
3716;25,97;-556,92;0,00;0,00;0,00;-0,56;0,00;0,00;70;141;145;14;15;247;412
3717;33,58;-408,64;0,00;0,00;0,00;-0,41;0,00;0,00;456;164;31;23;15;858;821
3718;57,45;-239,79;0,00;0,00;0,00;-0,24;0,00;0,00;290;53;175;16;32;337;802
3719;45,98;-155,15;0,00;0,00;0,00;-0,16;0,00;0,00;445;80;198;48;29;513;918
3720;21,81;-466,91;0,00;0,00;0,00;-0,47;0,00;0,00;195;12;119;43;30;208;938
3721;82,93;186,17;0,00;0,00;0,00;0,19;0,00;0,00;188;41;165;41;32;349;393
3722;64,97;-55,06;0,00;0,00;0,00;-0,06;0,00;0,00;375;72;34;47;26;839;926
3723;98,25;188,53;0,00;0,00;0,00;0,19;0,00;0,00;308;181;107;36;30;299;397
3724;60,58;-79,99;0,00;0,00;0,00;-0,08;0,00;0,00;66;182;36;17;38;545;401
3725;55,10;-185,11;0,00;0,00;0,00;-0,19;0,00;0,00;399;121;161;26;37;863;901
3726;0,00;-708,87;0,00;0,00;0,00;-0,71;0,00;0,00;481;160;47;15;30;145;186
3727;0,33;-683,82;0,00;0,00;0,00;-0,68;0,00;0,00;453;81;121;29;18;640;364
3728;29,20;-543,78;0,00;0,00;0,00;-0,54;0,00;0,00;111;185;141;37;16;848;880
3729;18,76;-492,41;0,00;0,00;0,00;-0,49;0,00;0,00;57;148;163;28;15;749;600
3730;87,69;228,66;0,00;0,00;0,00;0,23;0,00;0,00;105;102;72;46;32;444;435
3731;21,03;-375,93;0,00;0,00;0,00;-0,38;0,00;0,00;368;161;52;26;31;479;807
3732;51,35;-155,71;0,00;0,00;0,00;-0,16;0,00;0,00;347;51;123;40;23;999;987
3733;66,08;-38,77;0,00;0,00;0,00;-0,04;0,00;0,00;363;111;168;32;22;379;459
3734;41,19;-369,63;0,00;0,00;0,00;-0,37;0,00;0,00;223;134;38;38;20;885;293
3735;32,76;-361,84;0,00;0,00;0,00;-0,36;0,00;0,00;50;109;117;37;18;839;309
3736;80,42;113,10;0,00;0,00;0,00;0,11;0,00;0,00;172;154;46;36;34;207;163
3737;53,94;-215,78;0,00;0,00;0,00;-0,22;0,00;0,00;158;194;164;45;30;125;857
3738;19,60;-523,92;0,00;0,00;0,00;-0,52;0,00;0,00;160;132;49;28;37;626;397
3739;39,76;-321,46;0,00;0,00;0,00;-0,32;0,00;0,00;304;174;112;15;29;384;472
3740;50,64;-194,57;0,00;0,00;0,00;-0,19;0,00;0,00;293;94;126;18;20;809;618
3741;63,98;-70,86;0,00;0,00;0,00;-0,07;0,00;0,00;222;138;166;30;32;188;747
3742;47,49;-200,09;0,00;0,00;0,00;-0,20;0,00;0,00;15;123;178;32;29;365;371
3743;74,68;-23,65;0,00;0,00;0,00;-0,02;0,00;0,00;435;23;152;19;16;543;670
3744;87,17;99,81;0,00;0,00;0,00;0,10;0,00;0,00;280;97;181;33;39;250;510
3745;6,53;-610,16;0,00;0,00;0,00;-0,61;0,00;0,00;344;93;111;45;16;495;637
3746;86,50;128,81;0,00;0,00;0,00;0,13;0,00;0,00;180;119;113;39;23;749;288
3747;63,73;-39,54;0,00;0,00;0,00;-0,04;0,00;0,00;20;112;93;35;17;845;860
3748;70,36;-25,88;0,00;0,00;0,00;-0,03;0,00;0,00;29;13;155;22;28;508;958
3749;89,62;135,97;0,00;0,00;0,00;0,14;0,00;0,00;87;59;131;42;28;586;212
3750;2,36;-624,84;0,00;0,00;0,00;-0,62;0,00;0,00;380;158;49;17;30;712;701
3751;72,17;-97,19;0,00;0,00;0,00;-0,10;0,00;0,00;326;173;103;35;33;581;835
3752;55,97;-152,57;0,00;0,00;0,00;-0,15;0,00;0,00;91;82;59;46;32;124;400
3753;47,48;-122,72;0,00;0,00;0,00;-0,12;0,00;0,00;144;115;160;43;37;878;763
3754;57,86;-57,40;0,00;0,00;0,00;-0,06;0,00;0,00;467;79;34;20;32;796;162
3755;39,27;-354,67;0,00;0,00;0,00;-0,35;0,00;0,00;78;177;168;16;19;933;442
3756;96,21;182,30;0,00;0,00;0,00;0,18;0,00;0,00;442;65;85;33;23;228;508
3757;62,99;-11,38;0,00;0,00;0,00;-0,01;0,00;0,00;446;91;154;49;23;719;558
3758;67,64;-94,14;0,00;0,00;0,00;-0,09;0,00;0,00;395;41;97;20;20;294;162
3759;0,00;-676,46;0,00;0,00;0,00;-0,68;0,00;0,00;95;192;62;40;16;160;234
3760;18,95;-503,30;0,00;0,00;0,00;-0,50;0,00;0,00;14;110;96;10;23;841;259
3761;75,58;70,08;0,00;0,00;0,00;0,07;0,00;0,00;214;53;57;14;38;297;339
3762;24,12;-407,55;0,00;0,00;0,00;-0,41;0,00;0,00;282;135;170;31;19;682;639
3763;7,26;-626,50;0,00;0,00;0,00;-0,63;0,00;0,00;491;124;78;46;31;300;657
3764;49,90;-260,87;0,00;0,00;0,00;-0,26;0,00;0,00;406;107;126;32;33;816;905
3765;51,33;-178,85;0,00;0,00;0,00;-0,18;0,00;0,00;61;197;165;39;25;240;917
3766;95,71;306,94;0,00;0,00;0,00;0,31;0,00;0,00;217;98;47;18;37;767;698
3767;100,00;462,92;0,00;0,00;0,00;0,46;0,00;0,00;293;127;38;22;19;385;488
3768;56,33;-122,52;0,00;0,00;0,00;-0,12;0,00;0,00;327;176;75;38;26;134;454
3769;46,27;-210,99;0,00;0,00;0,00;-0,21;0,00;0,00;392;193;120;46;16;313;187
3770;87,16;97,07;0,00;0,00;0,00;0,10;0,00;0,00;210;188;63;29;18;585;313
3771;66,03;-22,97;0,00;0,00;0,00;-0,02;0,00;0,00;466;147;94;34;38;450;961
3772;54,17;-100,39;0,00;0,00;0,00;-0,10;0,00;0,00;64;110;136;25;38;707;897
3773;34,58;-363,58;0,00;0,00;0,00;-0,36;0,00;0,00;238;140;78;27;35;155;743
3774;40,01;-285,22;0,00;0,00;0,00;-0,29;0,00;0,00;91;189;106;21;31;917;565
3775;49,03;-249,66;0,00;0,00;0,00;-0,25;0,00;0,00;323;32;198;11;21;340;936
3776;53,88;-186,56;0,00;0,00;0,00;-0,19;0,00;0,00;295;171;65;38;27;547;586
3777;9,02;-687,94;0,00;0,00;0,00;-0,69;0,00;0,00;448;188;138;25;25;753;140
3778;46,57;-235,15;0,00;0,00;0,00;-0,24;0,00;0,00;39;40;136;43;24;190;603
3779;95,18;316,93;0,00;0,00;0,00;0,32;0,00;0,00;69;147;18;16;33;228;485
3780;6,40;-713,21;0,00;0,00;0,00;-0,71;0,00;0,00;241;160;66;38;29;951;131
3781;38,79;-280,85;0,00;0,00;0,00;-0,28;0,00;0,00;445;114;62;25;21;660;957
3782;71,64;-74,58;0,00;0,00;0,00;-0,07;0,00;0,00;461;64;107;49;33;874;299
3783;36,97;-344,23;0,00;0,00;0,00;-0,34;0,00;0,00;393;143;34;29;24;756;347
3784;67,67;43,12;0,00;0,00;0,00;0,04;0,00;0,00;367;149;115;33;30;191;141
3785;53,61;-214,41;0,00;0,00;0,00;-0,21;0,00;0,00;319;46;68;26;30;246;682
3786;39,15;-365,60;0,00;0,00;0,00;-0,37;0,00;0,00;148;41;57;20;17;567;493
3787;75,47;-8,80;0,00;0,00;0,00;-0,01;0,00;0,00;445;90;43;30;22;329;136
3788;20,29;-538,34;0,00;0,00;0,00;-0,54;0,00;0,00;263;105;82;27;28;981;509
3789;36,32;-383,38;0,00;0,00;0,00;-0,38;0,00;0,00;340;61;99;38;16;485;786
3790;75,64;97,69;0,00;0,00;0,00;0,10;0,00;0,00;78;84;118;41;39;606;197
3791;65,59;-44,69;0,00;0,00;0,00;-0,04;0,00;0,00;388;172;163;13;32;732;505
3792;35,76;-395,86;0,00;0,00;0,00;-0,40;0,00;0,00;239;24;115;19;34;953;225
3793;74,76;46,78;0,00;0,00;0,00;0,05;0,00;0,00;353;70;133;28;39;951;452
3794;19,55;-567,71;0,00;0,00;0,00;-0,57;0,00;0,00;272;21;161;29;30;996;459
3795;24,71;-476,99;0,00;0,00;0,00;-0,48;0,00;0,00;133;29;105;48;29;977;937
3796;35,76;-285,71;0,00;0,00;0,00;-0,29;0,00;0,00;441;157;164;39;30;550;150
3797;57,73;-115,28;0,00;0,00;0,00;-0,12;0,00;0,00;86;170;92;41;33;281;408
3798;55,01;-220,21;0,00;0,00;0,00;-0,22;0,00;0,00;491;136;152;23;18;707;588
3799;48,79;-144,48;0,00;0,00;0,00;-0,14;0,00;0,00;472;132;101;16;27;572;255
3800;52,50;-200,53;0,00;0,00;0,00;-0,20;0,00;0,00;493;105;43;22;25;918;423
3801;30,67;-354,60;0,00;0,00;0,00;-0,35;0,00;0,00;296;94;26;20;20;879;181
3802;24,45;-507,80;0,00;0,00;0,00;-0,51;0,00;0,00;190;34;139;26;37;326;407
3803;64,94;-38,93;0,00;0,00;0,00;-0,04;0,00;0,00;247;189;14;24;16;834;175
3804;49,13;-94,10;0,00;0,00;0,00;-0,09;0,00;0,00;472;152;150;45;36;163;704
3805;78,64;141,09;0,00;0,00;0,00;0,14;0,00;0,00;197;54;106;39;35;114;978
3806;45,71;-198,38;0,00;0,00;0,00;-0,20;0,00;0,00;390;11;31;10;28;103;551
3807;70,88;43,04;0,00;0,00;0,00;0,04;0,00;0,00;314;141;96;25;16;578;139
3808;0,00;-677,68;0,00;0,00;0,00;-0,68;0,00;0,00;22;174;111;34;18;286;489
3809;85,82;174,47;0,00;0,00;0,00;0,17;0,00;0,00;252;183;76;35;16;176;458
3810;86,52;48,15;0,00;0,00;0,00;0,05;0,00;0,00;153;53;93;48;16;413;977
3811;51,31;-133,33;0,00;0,00;0,00;-0,13;0,00;0,00;166;169;180;26;33;145;896
3812;68,97;-45,24;0,00;0,00;0,00;-0,05;0,00;0,00;270;105;44;34;35;119;338
3813;69,66;-14,33;0,00;0,00;0,00;-0,01;0,00;0,00;311;178;156;33;29;890;304
3814;37,71;-318,39;0,00;0,00;0,00;-0,32;0,00;0,00;51;13;66;13;19;343;239
3815;79,98;126,42;0,00;0,00;0,00;0,13;0,00;0,00;110;69;36;41;30;688;879
3816;68,62;-105,12;0,00;0,00;0,00;-0,11;0,00;0,00;32;191;40;13;21;754;843
3817;76,49;66,60;0,00;0,00;0,00;0,07;0,00;0,00;365;126;19;21;25;219;980
3818;80,34;116,85;0,00;0,00;0,00;0,12;0,00;0,00;193;142;70;18;26;246;545
3819;0,00;-610,73;0,00;0,00;0,00;-0,61;0,00;0,00;343;41;57;20;16;700;851
3820;83,83;113,05;0,00;0,00;0,00;0,11;0,00;0,00;25;196;162;24;22;193;376
3821;17,37;-546,03;0,00;0,00;0,00;-0,55;0,00;0,00;133;143;97;29;20;611;908
3822;12,93;-574,81;0,00;0,00;0,00;-0,57;0,00;0,00;300;38;38;33;33;358;880
3823;38,75;-271,41;0,00;0,00;0,00;-0,27;0,00;0,00;241;95;149;18;37;304;818
3824;79,66;101,59;0,00;0,00;0,00;0,10;0,00;0,00;80;137;91;22;33;915;620
3825;18,95;-448,86;0,00;0,00;0,00;-0,45;0,00;0,00;224;13;144;25;30;483;491
3826;0,00;-712,05;0,00;0,00;0,00;-0,71;0,00;0,00;41;76;33;36;28;250;631
3827;34,56;-235,20;0,00;0,00;0,00;-0,24;0,00;0,00;340;79;32;41;25;974;186
3828;75,81;223,31;0,00;0,00;0,00;0,22;0,00;0,00;262;19;77;26;20;382;380
3829;48,01;-212,30;0,00;0,00;0,00;-0,21;0,00;0,00;268;106;51;46;34;799;926
3830;74,55;-5,33;0,00;0,00;0,00;-0,01;0,00;0,00;199;33;125;38;16;763;358
3831;40,60;-298,79;0,00;0,00;0,00;-0,30;0,00;0,00;20;94;100;29;36;369;382
3832;72,43;68,71;0,00;0,00;0,00;0,07;0,00;0,00;462;141;128;41;36;829;754
3833;11,27;-593,59;0,00;0,00;0,00;-0,59;0,00;0,00;234;47;129;43;36;288;675
3834;55,87;-170,22;0,00;0,00;0,00;-0,17;0,00;0,00;84;88;59;44;37;984;129
3835;40,82;-445,81;0,00;0,00;0,00;-0,45;0,00;0,00;493;159;92;28;26;740;822
3836;0,00;-623,00;0,00;0,00;0,00;-0,62;0,00;0,00;89;48;101;40;16;710;764
3837;61,98;-96,08;0,00;0,00;0,00;-0,10;0,00;0,00;109;17;134;49;20;261;311
3838;34,03;-390,11;0,00;0,00;0,00;-0,39;0,00;0,00;139;61;102;46;37;518;509
3839;71,91;50,77;0,00;0,00;0,00;0,05;0,00;0,00;480;41;119;26;20;294;935
3840;54,00;-214,95;0,00;0,00;0,00;-0,21;0,00;0,00;301;181;183;48;20;415;495
3841;97,01;215,56;0,00;0,00;0,00;0,22;0,00;0,00;340;45;85;10;37;748;915
3842;24,68;-449,68;0,00;0,00;0,00;-0,45;0,00;0,00;392;97;48;10;20;909;119
3843;45,57;-279,40;0,00;0,00;0,00;-0,28;0,00;0,00;32;22;30;48;17;635;386
3844;66,32;9,22;0,00;0,00;0,00;0,01;0,00;0,00;432;157;183;24;25;380;580
3845;31,48;-434,39;0,00;0,00;0,00;-0,43;0,00;0,00;129;148;84;34;24;653;151
3846;63,01;-57,45;0,00;0,00;0,00;-0,06;0,00;0,00;404;117;16;46;38;636;125
3847;52,19;-195,91;0,00;0,00;0,00;-0,20;0,00;0,00;24;34;111;49;16;416;295
3848;86,71;154,49;0,00;0,00;0,00;0,15;0,00;0,00;499;129;99;12;21;431;233
3849;76,50;58,06;0,00;0,00;0,00;0,06;0,00;0,00;370;136;69;44;31;644;130
3850;78,45;58,79;0,00;0,00;0,00;0,06;0,00;0,00;85;12;82;34;24;461;141
3851;45,89;-219,51;0,00;0,00;0,00;-0,22;0,00;0,00;492;30;177;10;38;207;385
3852;26,52;-428,73;0,00;0,00;0,00;-0,43;0,00;0,00;353;182;97;17;19;777;767
3853;38,41;-301,47;0,00;0,00;0,00;-0,30;0,00;0,00;276;27;17;13;39;672;742
3854;54,89;-134,66;0,00;0,00;0,00;-0,13;0,00;0,00;271;102;75;20;24;256;742
3855;26,59;-512,59;0,00;0,00;0,00;-0,51;0,00;0,00;313;170;37;28;22;246;105
3856;47,43;-166,18;0,00;0,00;0,00;-0,17;0,00;0,00;193;143;159;40;30;330;432
3857;19,14;-445,51;0,00;0,00;0,00;-0,45;0,00;0,00;33;50;17;23;34;476;994
3858;44,07;-189,69;0,00;0,00;0,00;-0,19;0,00;0,00;108;18;11;26;38;202;826
3859;30,80;-436,68;0,00;0,00;0,00;-0,44;0,00;0,00;499;108;23;22;34;155;110
3860;20,77;-496,24;0,00;0,00;0,00;-0,50;0,00;0,00;100;83;70;29;31;347;403
3861;57,74;-173,09;0,00;0,00;0,00;-0,17;0,00;0,00;99;196;87;16;15;163;862
3862;100,00;340,93;0,00;0,00;0,00;0,34;0,00;0,00;472;68;139;19;26;313;904
3863;38,10;-277,70;0,00;0,00;0,00;-0,28;0,00;0,00;298;91;13;39;19;678;215
3864;0,00;-629,07;0,00;0,00;0,00;-0,63;0,00;0,00;19;69;99;38;20;583;693
3865;74,28;60,16;0,00;0,00;0,00;0,06;0,00;0,00;423;22;182;15;29;717;530
3866;12,31;-610,71;0,00;0,00;0,00;-0,61;0,00;0,00;158;160;186;25;33;167;769
3867;44,49;-258,76;0,00;0,00;0,00;-0,26;0,00;0,00;29;11;68;10;15;704;724
3868;11,08;-603,53;0,00;0,00;0,00;-0,60;0,00;0,00;232;162;25;12;23;756;806
3869;58,30;-140,43;0,00;0,00;0,00;-0,14;0,00;0,00;445;107;32;47;27;456;256
3870;12,53;-617,16;0,00;0,00;0,00;-0,62;0,00;0,00;389;44;87;36;31;815;304
3871;84,07;177,53;0,00;0,00;0,00;0,18;0,00;0,00;188;150;27;26;37;919;330
3872;91,03;234,30;0,00;0,00;0,00;0,23;0,00;0,00;240;145;56;26;38;914;670
3873;31,44;-392,67;0,00;0,00;0,00;-0,39;0,00;0,00;91;109;22;26;35;472;256
3874;73,24;41,89;0,00;0,00;0,00;0,04;0,00;0,00;424;176;114;48;21;482;236
3875;100,00;377,40;0,00;0,00;0,00;0,38;0,00;0,00;201;72;116;18;37;499;277
3876;60,15;-82,17;0,00;0,00;0,00;-0,08;0,00;0,00;132;170;98;17;23;254;297
3877;37,89;-365,56;0,00;0,00;0,00;-0,37;0,00;0,00;300;161;137;16;17;768;993
3878;6,53;-572,44;0,00;0,00;0,00;-0,57;0,00;0,00;143;184;134;44;28;389;525
3879;80,04;55,00;0,00;0,00;0,00;0,05;0,00;0,00;248;156;189;12;25;948;437
3880;23,67;-425,55;0,00;0,00;0,00;-0,43;0,00;0,00;49;91;153;35;23;570;746
3881;22,54;-500,42;0,00;0,00;0,00;-0,50;0,00;0,00;459;173;120;42;25;795;510
3882;100,00;315,16;0,00;0,00;0,00;0,32;0,00;0,00;456;103;14;25;39;962;802
3883;28,50;-333,88;0,00;0,00;0,00;-0,33;0,00;0,00;179;194;121;36;35;723;479
3884;80,95;129,96;0,00;0,00;0,00;0,13;0,00;0,00;339;144;99;32;38;749;207
3885;89,78;181,56;0,00;0,00;0,00;0,18;0,00;0,00;251;198;34;26;34;394;978
3886;45,16;-302,27;0,00;0,00;0,00;-0,30;0,00;0,00;396;148;109;49;17;933;452
3887;62,73;-102,73;0,00;0,00;0,00;-0,10;0,00;0,00;382;198;154;32;17;455;104
3888;9,16;-654,24;0,00;0,00;0,00;-0,65;0,00;0,00;432;199;104;20;37;951;615
3889;20,42;-517,11;0,00;0,00;0,00;-0,52;0,00;0,00;387;27;68;38;26;552;479
3890;13,96;-561,74;0,00;0,00;0,00;-0,56;0,00;0,00;25;77;187;35;30;419;388
3891;73,79;68,67;0,00;0,00;0,00;0,07;0,00;0,00;248;58;52;13;37;365;256
3892;36,72;-326,12;0,00;0,00;0,00;-0,33;0,00;0,00;337;51;114;22;26;822;436
3893;32,23;-432,58;0,00;0,00;0,00;-0,43;0,00;0,00;492;190;56;27;30;661;101
3894;69,60;-30,85;0,00;0,00;0,00;-0,03;0,00;0,00;151;170;15;46;20;334;127
3895;32,22;-437,20;0,00;0,00;0,00;-0,44;0,00;0,00;77;106;184;25;31;614;221
3896;69,26;43,18;0,00;0,00;0,00;0,04;0,00;0,00;44;100;151;37;28;507;722
3897;62,41;-141,70;0,00;0,00;0,00;-0,14;0,00;0,00;360;66;103;35;17;837;810
3898;34,63;-318,55;0,00;0,00;0,00;-0,32;0,00;0,00;46;137;144;47;26;544;644
3899;72,58;16,94;0,00;0,00;0,00;0,02;0,00;0,00;77;104;43;29;37;590;914
3900;33,00;-353,25;0,00;0,00;0,00;-0,35;0,00;0,00;207;52;75;40;22;751;966
3901;42,24;-302,33;0,00;0,00;0,00;-0,30;0,00;0,00;257;178;191;48;24;998;648
3902;68,08;-17,14;0,00;0,00;0,00;-0,02;0,00;0,00;234;68;127;34;36;859;899
3903;30,64;-400,86;0,00;0,00;0,00;-0,40;0,00;0,00;450;87;43;18;19;142;933
3904;14,17;-542,13;0,00;0,00;0,00;-0,54;0,00;0,00;120;142;119;43;38;769;810
3905;53,00;-166,72;0,00;0,00;0,00;-0,17;0,00;0,00;474;162;137;15;25;879;427
3906;30,15;-356,92;0,00;0,00;0,00;-0,36;0,00;0,00;123;103;164;11;35;905;888
3907;58,69;-208,00;0,00;0,00;0,00;-0,21;0,00;0,00;234;56;48;13;32;503;951
3908;60,86;-178,37;0,00;0,00;0,00;-0,18;0,00;0,00;170;95;198;13;24;874;668
3909;54,89;-130,47;0,00;0,00;0,00;-0,13;0,00;0,00;169;88;174;32;36;874;785
3910;0,00;-709,99;0,00;0,00;0,00;-0,71;0,00;0,00;417;83;126;11;21;855;686
3911;64,88;-57,11;0,00;0,00;0,00;-0,06;0,00;0,00;285;13;31;49;23;405;348
3912;49,44;-219,27;0,00;0,00;0,00;-0,22;0,00;0,00;463;76;133;33;28;869;423
3913;52,30;-112,63;0,00;0,00;0,00;-0,11;0,00;0,00;281;188;197;34;18;779;910
3914;44,80;-270,82;0,00;0,00;0,00;-0,27;0,00;0,00;457;118;181;23;21;888;565
3915;60,79;-100,72;0,00;0,00;0,00;-0,10;0,00;0,00;281;59;25;34;34;392;588
3916;34,24;-323,11;0,00;0,00;0,00;-0,32;0,00;0,00;331;38;134;41;25;631;651
3917;43,11;-287,27;0,00;0,00;0,00;-0,29;0,00;0,00;290;34;189;27;39;807;141
3918;20,59;-569,57;0,00;0,00;0,00;-0,57;0,00;0,00;364;151;158;45;23;919;741
3919;44,81;-219,64;0,00;0,00;0,00;-0,22;0,00;0,00;67;63;48;37;31;790;600
3920;54,13;-188,87;0,00;0,00;0,00;-0,19;0,00;0,00;219;50;157;34;33;630;820
3921;9,39;-616,83;0,00;0,00;0,00;-0,62;0,00;0,00;233;134;57;46;27;962;970
3922;77,95;118,56;0,00;0,00;0,00;0,12;0,00;0,00;375;179;83;18;32;835;476
3923;100,00;277,12;0,00;0,00;0,00;0,28;0,00;0,00;323;60;172;37;39;584;829
3924;70,07;8,25;0,00;0,00;0,00;0,01;0,00;0,00;483;45;194;46;27;480;420
3925;21,22;-415,03;0,00;0,00;0,00;-0,42;0,00;0,00;121;68;158;13;35;146;577
3926;59,61;-143,53;0,00;0,00;0,00;-0,14;0,00;0,00;370;162;135;43;23;366;747
3927;50,30;-115,00;0,00;0,00;0,00;-0,12;0,00;0,00;316;103;52;34;39;619;396
3928;77,02;32,43;0,00;0,00;0,00;0,03;0,00;0,00;379;41;29;18;23;489;240
3929;27,18;-465,80;0,00;0,00;0,00;-0,47;0,00;0,00;140;123;166;40;26;451;869
3930;35,26;-359,52;0,00;0,00;0,00;-0,36;0,00;0,00;21;151;133;34;18;235;583
3931;82,12;80,60;0,00;0,00;0,00;0,08;0,00;0,00;107;118;67;41;16;801;519
3932;89,92;128,46;0,00;0,00;0,00;0,13;0,00;0,00;311;35;93;14;23;339;210
3933;33,23;-390,38;0,00;0,00;0,00;-0,39;0,00;0,00;169;95;74;43;22;848;660
3934;24,81;-436,48;0,00;0,00;0,00;-0,44;0,00;0,00;74;79;198;14;17;391;630
3935;65,81;-88,73;0,00;0,00;0,00;-0,09;0,00;0,00;404;160;152;27;32;286;373
3936;30,85;-461,65;0,00;0,00;0,00;-0,46;0,00;0,00;383;98;164;21;34;922;831
3937;89,09;161,72;0,00;0,00;0,00;0,16;0,00;0,00;411;79;137;24;31;450;104
3938;41,81;-345,37;0,00;0,00;0,00;-0,35;0,00;0,00;79;47;180;15;36;256;597
3939;71,23;19,42;0,00;0,00;0,00;0,02;0,00;0,00;489;31;28;12;32;435;179
3940;49,11;-256,24;0,00;0,00;0,00;-0,26;0,00;0,00;264;66;156;41;25;714;485
3941;25,75;-449,86;0,00;0,00;0,00;-0,45;0,00;0,00;454;59;185;44;17;263;353
3942;97,05;261,64;0,00;0,00;0,00;0,26;0,00;0,00;105;104;153;24;17;369;441
3943;44,09;-253,07;0,00;0,00;0,00;-0,25;0,00;0,00;173;64;119;10;17;799;682
3944;21,12;-488,74;0,00;0,00;0,00;-0,49;0,00;0,00;54;62;40;25;18;768;846
3945;33,45;-340,76;0,00;0,00;0,00;-0,34;0,00;0,00;303;116;131;37;28;281;512
3946;35,55;-373,92;0,00;0,00;0,00;-0,37;0,00;0,00;193;85;92;40;24;992;455
3947;43,96;-255,85;0,00;0,00;0,00;-0,26;0,00;0,00;169;196;36;18;20;148;929
3948;47,16;-194,01;0,00;0,00;0,00;-0,19;0,00;0,00;164;96;34;26;29;904;819
3949;61,47;-89,41;0,00;0,00;0,00;-0,09;0,00;0,00;341;79;78;23;33;235;787
3950;60,27;-167,36;0,00;0,00;0,00;-0,17;0,00;0,00;461;82;129;17;34;143;813
3951;34,25;-256,81;0,00;0,00;0,00;-0,26;0,00;0,00;357;29;97;12;27;854;450
3952;61,43;-80,68;0,00;0,00;0,00;-0,08;0,00;0,00;478;48;142;38;23;889;910
3953;67,10;-69,15;0,00;0,00;0,00;-0,07;0,00;0,00;299;115;189;38;16;195;780
3954;48,53;-307,10;0,00;0,00;0,00;-0,31;0,00;0,00;308;31;57;18;21;490;828
3955;74,83;27,46;0,00;0,00;0,00;0,03;0,00;0,00;379;199;17;42;28;501;718
3956;59,60;-81,37;0,00;0,00;0,00;-0,08;0,00;0,00;151;197;118;35;18;723;441
3957;15,06;-550,99;0,00;0,00;0,00;-0,55;0,00;0,00;310;16;46;21;33;559;855
3958;32,58;-334,01;0,00;0,00;0,00;-0,33;0,00;0,00;93;27;193;20;15;195;933
3959;5,56;-637,37;0,00;0,00;0,00;-0,64;0,00;0,00;463;96;10;25;20;787;756
3960;37,32;-373,11;0,00;0,00;0,00;-0,37;0,00;0,00;141;67;150;47;18;299;292
3961;59,34;-86,06;0,00;0,00;0,00;-0,09;0,00;0,00;99;89;18;16;33;544;992
3962;13,83;-595,35;0,00;0,00;0,00;-0,60;0,00;0,00;92;133;106;10;31;366;779
3963;36,45;-361,65;0,00;0,00;0,00;-0,36;0,00;0,00;140;179;31;12;23;415;504
3964;52,00;-197,42;0,00;0,00;0,00;-0,20;0,00;0,00;255;195;123;25;16;548;175
3965;49,81;-208,71;0,00;0,00;0,00;-0,21;0,00;0,00;102;120;94;21;22;748;114
3966;33,56;-347,38;0,00;0,00;0,00;-0,35;0,00;0,00;14;48;113;40;21;740;915
3967;52,92;-153,84;0,00;0,00;0,00;-0,15;0,00;0,00;215;133;112;46;38;853;291
3968;100,00;238,91;0,00;0,00;0,00;0,24;0,00;0,00;31;76;101;21;27;979;262
3969;76,72;111,35;0,00;0,00;0,00;0,11;0,00;0,00;491;116;174;20;32;871;872
3970;52,36;-230,50;0,00;0,00;0,00;-0,23;0,00;0,00;345;118;129;40;19;339;467
3971;75,03;-21,94;0,00;0,00;0,00;-0,02;0,00;0,00;51;161;58;49;28;496;788
3972;50,23;-211,02;0,00;0,00;0,00;-0,21;0,00;0,00;305;58;22;15;20;164;707
3973;40,97;-223,78;0,00;0,00;0,00;-0,22;0,00;0,00;216;27;38;25;20;278;460
3974;40,61;-300,67;0,00;0,00;0,00;-0,30;0,00;0,00;139;69;168;29;19;631;112
3975;64,91;-47,33;0,00;0,00;0,00;-0,05;0,00;0,00;294;131;97;37;26;302;942
3976;66,25;-28,48;0,00;0,00;0,00;-0,03;0,00;0,00;375;12;57;45;23;998;472
3977;42,12;-295,61;0,00;0,00;0,00;-0,30;0,00;0,00;86;85;49;29;19;682;287
3978;50,00;-240,32;0,00;0,00;0,00;-0,24;0,00;0,00;409;37;47;23;19;295;424
3979;32,26;-431,44;0,00;0,00;0,00;-0,43;0,00;0,00;368;104;179;32;26;606;431
3980;7,38;-564,26;0,00;0,00;0,00;-0,56;0,00;0,00;333;104;95;28;19;646;759
3981;31,14;-364,18;0,00;0,00;0,00;-0,36;0,00;0,00;208;99;199;33;15;806;869
3982;100,00;257,15;0,00;0,00;0,00;0,26;0,00;0,00;99;142;83;42;38;493;688
3983;0,00;-699,90;0,00;0,00;0,00;-0,70;0,00;0,00;448;27;38;10;35;328;671
3984;49,78;-90,52;0,00;0,00;0,00;-0,09;0,00;0,00;368;198;29;11;33;373;697
3985;84,18;156,84;0,00;0,00;0,00;0,16;0,00;0,00;441;32;33;30;28;426;119
3986;48,71;-307,95;0,00;0,00;0,00;-0,31;0,00;0,00;362;62;28;37;25;633;858
3987;85,52;196,35;0,00;0,00;0,00;0,20;0,00;0,00;325;42;157;27;17;757;890
3988;65,37;-112,36;0,00;0,00;0,00;-0,11;0,00;0,00;178;152;193;24;29;976;131
3989;73,31;-9,94;0,00;0,00;0,00;-0,01;0,00;0,00;308;138;117;15;35;957;841
3990;42,89;-248,38;0,00;0,00;0,00;-0,25;0,00;0,00;367;172;87;46;25;973;987
3991;52,66;-149,92;0,00;0,00;0,00;-0,15;0,00;0,00;233;186;71;14;15;495;208
3992;77,19;76,76;0,00;0,00;0,00;0,08;0,00;0,00;455;197;14;49;39;766;897
3993;14,80;-536,88;0,00;0,00;0,00;-0,54;0,00;0,00;176;159;161;44;27;949;209
3994;37,87;-284,63;0,00;0,00;0,00;-0,28;0,00;0,00;181;199;76;20;37;508;605
3995;0,00;-642,74;0,00;0,00;0,00;-0,64;0,00;0,00;88;115;129;26;20;347;819
3996;47,32;-196,48;0,00;0,00;0,00;-0,20;0,00;0,00;247;180;34;12;31;445;918
3997;89,76;161,81;0,00;0,00;0,00;0,16;0,00;0,00;330;44;90;42;38;891;703
3998;65,54;-175,06;0,00;0,00;0,00;-0,18;0,00;0,00;286;134;183;45;34;371;502
3999;70,57;-41,23;0,00;0,00;0,00;-0,04;0,00;0,00;400;163;64;41;39;274;231
4000;43,93;-207,64;0,00;0,00;0,00;-0,21;0,00;0,00;185;63;77;47;15;959;358
4001;95,62;242,80;0,00;0,00;0,00;0,24;0,00;0,00;169;137;96;41;24;133;358
4002;51,16;-122,10;0,00;0,00;0,00;-0,12;0,00;0,00;360;78;195;36;24;282;637
4003;51,84;-210,48;0,00;0,00;0,00;-0,21;0,00;0,00;485;165;77;49;16;793;863
4004;41,68;-296,89;0,00;0,00;0,00;-0,30;0,00;0,00;71;45;31;22;27;176;867
4005;70,14;-79,40;0,00;0,00;0,00;-0,08;0,00;0,00;14;68;161;45;16;470;187
4006;71,65;7,82;0,00;0,00;0,00;0,01;0,00;0,00;350;63;171;45;39;301;659
4007;21,04;-544,05;0,00;0,00;0,00;-0,54;0,00;0,00;107;176;41;35;22;407;797
4008;41,90;-305,61;0,00;0,00;0,00;-0,31;0,00;0,00;431;161;190;14;29;114;200
4009;87,29;235,76;0,00;0,00;0,00;0,24;0,00;0,00;310;105;143;15;32;786;596
4010;29,90;-386,02;0,00;0,00;0,00;-0,39;0,00;0,00;248;61;11;16;21;299;513
4011;75,59;30,45;0,00;0,00;0,00;0,03;0,00;0,00;237;89;128;22;37;364;602
4012;48,46;-117,56;0,00;0,00;0,00;-0,12;0,00;0,00;52;99;150;10;36;157;360
4013;65,83;-28,25;0,00;0,00;0,00;-0,03;0,00;0,00;459;100;138;40;32;582;968
4014;55,52;-186,36;0,00;0,00;0,00;-0,19;0,00;0,00;383;58;117;44;35;922;375
4015;67,49;-19,54;0,00;0,00;0,00;-0,02;0,00;0,00;315;191;96;42;36;542;297
4016;18,71;-445,18;0,00;0,00;0,00;-0,45;0,00;0,00;269;146;69;16;18;300;147
4017;65,67;-67,99;0,00;0,00;0,00;-0,07;0,00;0,00;227;158;100;34;26;967;669
4018;60,09;-173,87;0,00;0,00;0,00;-0,17;0,00;0,00;321;25;93;41;36;333;814
4019;100,00;288,31;0,00;0,00;0,00;0,29;0,00;0,00;127;81;18;36;28;327;908
4020;97,38;210,46;0,00;0,00;0,00;0,21;0,00;0,00;308;199;13;49;23;281;476
4021;43,05;-245,83;0,00;0,00;0,00;-0,25;0,00;0,00;92;55;68;21;23;679;994
4022;100,00;311,80;0,00;0,00;0,00;0,31;0,00;0,00;146;191;150;11;19;166;190
4023;38,75;-240,09;0,00;0,00;0,00;-0,24;0,00;0,00;181;15;24;45;31;362;819
4024;44,94;-307,83;0,00;0,00;0,00;-0,31;0,00;0,00;159;37;178;35;29;702;948
4025;46,28;-221,20;0,00;0,00;0,00;-0,22;0,00;0,00;295;180;190;13;24;147;313
4026;39,29;-283,20;0,00;0,00;0,00;-0,28;0,00;0,00;135;77;33;33;31;156;262
4027;51,33;-162,26;0,00;0,00;0,00;-0,16;0,00;0,00;81;154;112;40;25;345;588
4028;41,87;-283,42;0,00;0,00;0,00;-0,28;0,00;0,00;165;187;177;47;30;940;939
4029;34,27;-347,57;0,00;0,00;0,00;-0,35;0,00;0,00;18;148;93;27;25;568;831
4030;71,49;-47,60;0,00;0,00;0,00;-0,05;0,00;0,00;110;101;144;48;36;475;926
4031;48,05;-353,86;0,00;0,00;0,00;-0,35;0,00;0,00;174;59;179;39;24;652;322
4032;52,81;-227,25;0,00;0,00;0,00;-0,23;0,00;0,00;404;24;160;26;17;412;693
4033;72,79;-15,61;0,00;0,00;0,00;-0,02;0,00;0,00;45;176;185;23;19;909;176
4034;23,52;-485,39;0,00;0,00;0,00;-0,49;0,00;0,00;351;67;135;29;23;482;395
4035;55,33;-110,15;0,00;0,00;0,00;-0,11;0,00;0,00;109;74;142;43;22;197;842
4036;77,71;37,82;0,00;0,00;0,00;0,04;0,00;0,00;177;91;44;23;31;241;989
4037;41,80;-241,25;0,00;0,00;0,00;-0,24;0,00;0,00;269;49;63;38;23;602;528
4038;30,13;-340,28;0,00;0,00;0,00;-0,34;0,00;0,00;196;113;10;39;23;574;872
4039;72,07;43,61;0,00;0,00;0,00;0,04;0,00;0,00;112;123;192;41;23;548;915
4040;63,87;-113,53;0,00;0,00;0,00;-0,11;0,00;0,00;461;62;52;23;36;568;821
4041;59,23;-105,11;0,00;0,00;0,00;-0,11;0,00;0,00;244;80;98;44;30;395;747
4042;20,59;-478,66;0,00;0,00;0,00;-0,48;0,00;0,00;100;105;29;20;16;870;652
4043;41,95;-330,32;0,00;0,00;0,00;-0,33;0,00;0,00;16;88;146;46;22;689;547
4044;14,19;-550,62;0,00;0,00;0,00;-0,55;0,00;0,00;101;165;25;33;18;899;521
4045;65,60;10,46;0,00;0,00;0,00;0,01;0,00;0,00;281;112;171;45;29;746;294
4046;34,06;-296,55;0,00;0,00;0,00;-0,30;0,00;0,00;195;147;35;13;21;350;372
4047;64,69;-79,62;0,00;0,00;0,00;-0,08;0,00;0,00;351;43;127;31;33;984;872
4048;70,24;-50,09;0,00;0,00;0,00;-0,05;0,00;0,00;372;81;148;13;24;540;429
4049;15,32;-506,34;0,00;0,00;0,00;-0,51;0,00;0,00;10;123;30;41;24;650;433
4050;19,86;-480,64;0,00;0,00;0,00;-0,48;0,00;0,00;200;124;97;44;36;385;602
4051;100,00;213,79;0,00;0,00;0,00;0,21;0,00;0,00;135;46;93;40;20;202;816
4052;0,00;-687,51;0,00;0,00;0,00;-0,69;0,00;0,00;309;18;116;12;20;108;159
4053;68,68;37,17;0,00;0,00;0,00;0,04;0,00;0,00;257;35;13;27;19;972;538
4054;90,90;211,81;0,00;0,00;0,00;0,21;0,00;0,00;72;142;154;15;20;144;700
4055;59,55;-257,05;0,00;0,00;0,00;-0,26;0,00;0,00;144;45;138;14;32;749;587
4056;28,49;-319,15;0,00;0,00;0,00;-0,32;0,00;0,00;181;160;117;42;27;318;847
4057;52,10;-158,12;0,00;0,00;0,00;-0,16;0,00;0,00;452;43;63;47;39;990;558
4058;54,54;-257,59;0,00;0,00;0,00;-0,26;0,00;0,00;68;18;105;37;38;432;775
4059;47,67;-231,44;0,00;0,00;0,00;-0,23;0,00;0,00;476;196;63;30;20;714;980
4060;45,28;-249,20;0,00;0,00;0,00;-0,25;0,00;0,00;134;187;189;39;33;403;369
4061;12,29;-604,16;0,00;0,00;0,00;-0,60;0,00;0,00;439;52;125;41;23;336;387
4062;88,35;188,07;0,00;0,00;0,00;0,19;0,00;0,00;479;110;175;21;21;798;276
4063;0,00;-717,45;0,00;0,00;0,00;-0,72;0,00;0,00;20;132;158;33;36;581;381
4064;87,05;172,43;0,00;0,00;0,00;0,17;0,00;0,00;224;89;179;17;27;165;495
4065;21,84;-532,50;0,00;0,00;0,00;-0,53;0,00;0,00;427;53;70;21;31;681;205
4066;21,02;-558,99;0,00;0,00;0,00;-0,56;0,00;0,00;246;138;198;19;25;468;717
4067;26,82;-504,91;0,00;0,00;0,00;-0,50;0,00;0,00;324;112;89;28;20;157;620
4068;69,09;-26,88;0,00;0,00;0,00;-0,03;0,00;0,00;444;163;157;45;19;524;922
4069;80,40;139,89;0,00;0,00;0,00;0,14;0,00;0,00;61;44;149;45;37;628;304
4070;42,25;-269,85;0,00;0,00;0,00;-0,27;0,00;0,00;137;28;148;12;27;770;397
4071;37,22;-346,83;0,00;0,00;0,00;-0,35;0,00;0,00;107;137;75;35;15;417;731
4072;73,87;20,95;0,00;0,00;0,00;0,02;0,00;0,00;100;167;76;46;38;349;711
4073;10,96;-620,45;0,00;0,00;0,00;-0,62;0,00;0,00;443;27;177;42;17;673;914
4074;56,99;-37,11;0,00;0,00;0,00;-0,04;0,00;0,00;365;86;76;15;23;429;318
4075;30,04;-308,54;0,00;0,00;0,00;-0,31;0,00;0,00;134;75;187;16;35;666;400
4076;81,65;102,68;0,00;0,00;0,00;0,10;0,00;0,00;352;85;176;43;31;568;695
4077;11,72;-511,49;0,00;0,00;0,00;-0,51;0,00;0,00;459;83;193;12;33;722;780
4078;78,60;108,79;0,00;0,00;0,00;0,11;0,00;0,00;182;181;88;15;18;276;478
4079;54,52;-60,08;0,00;0,00;0,00;-0,06;0,00;0,00;179;71;160;29;39;396;624
4080;52,22;-205,28;0,00;0,00;0,00;-0,21;0,00;0,00;102;28;193;48;24;757;259
4081;10,01;-563,88;0,00;0,00;0,00;-0,56;0,00;0,00;45;127;171;31;15;787;209
4082;50,78;-140,35;0,00;0,00;0,00;-0,14;0,00;0,00;257;105;179;30;22;740;522
4083;64,17;-21,09;0,00;0,00;0,00;-0,02;0,00;0,00;376;87;106;44;22;266;994
4084;72,75;0,17;0,00;0,00;0,00;0,00;0,00;0,00;422;173;160;15;23;420;377
4085;16,43;-477,17;0,00;0,00;0,00;-0,48;0,00;0,00;349;93;141;20;32;657;742
4086;28,57;-387,67;0,00;0,00;0,00;-0,39;0,00;0,00;15;170;104;49;34;261;197
4087;41,26;-285,28;0,00;0,00;0,00;-0,29;0,00;0,00;71;162;126;26;19;289;643
4088;13,54;-624,84;0,00;0,00;0,00;-0,62;0,00;0,00;223;13;102;48;29;276;990
4089;31,17;-349,70;0,00;0,00;0,00;-0,35;0,00;0,00;440;122;58;16;24;260;920
4090;85,97;60,49;0,00;0,00;0,00;0,06;0,00;0,00;197;124;133;17;24;859;834
4091;46,89;-267,33;0,00;0,00;0,00;-0,27;0,00;0,00;339;30;79;36;19;988;202
4092;38,09;-272,09;0,00;0,00;0,00;-0,27;0,00;0,00;24;90;150;43;17;808;551
4093;100,00;255,10;0,00;0,00;0,00;0,26;0,00;0,00;40;164;134;14;32;530;758
4094;45,78;-278,83;0,00;0,00;0,00;-0,28;0,00;0,00;34;99;124;13;18;571;248
4095;37,46;-325,93;0,00;0,00;0,00;-0,33;0,00;0,00;36;140;196;49;25;731;563
4096;36,38;-219,34;0,00;0,00;0,00;-0,22;0,00;0,00;344;53;49;48;19;639;437
4097;65,39;-78,39;0,00;0,00;0,00;-0,08;0,00;0,00;350;61;90;28;38;146;966
4098;0,00;-662,14;0,00;0,00;0,00;-0,66;0,00;0,00;86;92;54;47;32;812;900
4099;58,12;-176,64;0,00;0,00;0,00;-0,18;0,00;0,00;330;180;126;38;36;470;150
4100;27,67;-440,99;0,00;0,00;0,00;-0,44;0,00;0,00;391;17;146;23;25;877;527
4101;98,33;319,21;0,00;0,00;0,00;0,32;0,00;0,00;495;23;148;24;16;555;768
4102;30,93;-338,90;0,00;0,00;0,00;-0,34;0,00;0,00;208;104;147;38;38;493;124
4103;45,36;-276,00;0,00;0,00;0,00;-0,28;0,00;0,00;30;26;191;13;37;278;932
4104;100,00;308,12;0,00;0,00;0,00;0,31;0,00;0,00;295;40;178;48;36;757;657
4105;29,15;-442,15;0,00;0,00;0,00;-0,44;0,00;0,00;413;31;197;49;25;392;974
4106;21,66;-549,22;0,00;0,00;0,00;-0,55;0,00;0,00;145;107;112;11;35;929;565
4107;73,34;127,93;0,00;0,00;0,00;0,13;0,00;0,00;363;197;22;44;23;482;369
4108;100,00;226,08;0,00;0,00;0,00;0,23;0,00;0,00;388;169;152;35;28;822;733
4109;73,71;39,66;0,00;0,00;0,00;0,04;0,00;0,00;339;27;20;25;15;466;681
4110;44,14;-317,00;0,00;0,00;0,00;-0,32;0,00;0,00;30;174;96;42;22;234;187
4111;44,72;-206,73;0,00;0,00;0,00;-0,21;0,00;0,00;183;45;198;42;26;411;650
4112;8,19;-579,13;0,00;0,00;0,00;-0,58;0,00;0,00;38;108;17;20;20;537;473
4113;24,83;-466,38;0,00;0,00;0,00;-0,47;0,00;0,00;135;95;99;41;37;140;511
4114;83,65;158,39;0,00;0,00;0,00;0,16;0,00;0,00;340;183;56;41;34;545;298
4115;74,87;45,66;0,00;0,00;0,00;0,05;0,00;0,00;16;84;151;32;26;604;216
4116;42,53;-263,72;0,00;0,00;0,00;-0,26;0,00;0,00;162;39;73;34;37;114;254
4117;41,20;-267,64;0,00;0,00;0,00;-0,27;0,00;0,00;70;62;39;28;35;312;992
4118;60,35;-137,31;0,00;0,00;0,00;-0,14;0,00;0,00;155;195;98;45;31;339;197
4119;40,46;-288,48;0,00;0,00;0,00;-0,29;0,00;0,00;74;12;96;14;28;972;222
4120;53,76;-173,77;0,00;0,00;0,00;-0,17;0,00;0,00;487;41;116;36;29;967;316
4121;61,31;-134,77;0,00;0,00;0,00;-0,13;0,00;0,00;302;139;193;34;34;329;607
4122;80,82;96,20;0,00;0,00;0,00;0,10;0,00;0,00;169;96;160;26;33;925;974
4123;29,82;-398,22;0,00;0,00;0,00;-0,40;0,00;0,00;86;13;46;44;34;915;451
4124;62,86;-48,73;0,00;0,00;0,00;-0,05;0,00;0,00;333;154;68;12;31;794;164
4125;21,41;-445,67;0,00;0,00;0,00;-0,45;0,00;0,00;301;67;56;20;16;929;228
4126;25,60;-413,46;0,00;0,00;0,00;-0,41;0,00;0,00;81;11;189;13;25;219;462
4127;50,61;-226,34;0,00;0,00;0,00;-0,23;0,00;0,00;439;12;39;25;16;683;915
4128;62,68;-200,42;0,00;0,00;0,00;-0,20;0,00;0,00;13;105;136;32;25;439;949
4129;99,62;250,51;0,00;0,00;0,00;0,25;0,00;0,00;69;47;188;40;29;726;157
4130;15,52;-550,83;0,00;0,00;0,00;-0,55;0,00;0,00;336;190;104;41;16;886;643
4131;32,96;-344,04;0,00;0,00;0,00;-0,34;0,00;0,00;403;157;76;38;33;560;644
4132;55,90;-98,50;0,00;0,00;0,00;-0,10;0,00;0,00;286;130;143;47;21;616;523
4133;8,47;-539,74;0,00;0,00;0,00;-0,54;0,00;0,00;143;14;126;42;32;553;284
4134;56,58;-113,03;0,00;0,00;0,00;-0,11;0,00;0,00;189;178;112;25;36;448;827
4135;47,55;-179,21;0,00;0,00;0,00;-0,18;0,00;0,00;20;106;54;35;27;839;542
4136;54,72;-171,67;0,00;0,00;0,00;-0,17;0,00;0,00;40;183;33;36;17;177;996
4137;29,39;-390,09;0,00;0,00;0,00;-0,39;0,00;0,00;433;48;162;39;38;937;103
4138;12,37;-567,64;0,00;0,00;0,00;-0,57;0,00;0,00;474;103;197;42;37;722;982
4139;90,47;120,86;0,00;0,00;0,00;0,12;0,00;0,00;163;31;42;42;32;352;664
4140;6,65;-623,63;0,00;0,00;0,00;-0,62;0,00;0,00;125;151;193;43;20;577;452
4141;62,45;-162,57;0,00;0,00;0,00;-0,16;0,00;0,00;193;151;191;15;22;532;547
4142;24,96;-396,15;0,00;0,00;0,00;-0,40;0,00;0,00;313;124;156;24;16;202;125
4143;47,32;-130,79;0,00;0,00;0,00;-0,13;0,00;0,00;484;183;199;34;24;949;600
4144;44,21;-279,22;0,00;0,00;0,00;-0,28;0,00;0,00;134;170;137;30;28;935;271
4145;58,25;-90,32;0,00;0,00;0,00;-0,09;0,00;0,00;309;63;46;26;35;763;118
4146;32,27;-319,19;0,00;0,00;0,00;-0,32;0,00;0,00;302;79;97;44;25;714;756
4147;58,06;-193,91;0,00;0,00;0,00;-0,19;0,00;0,00;154;135;190;47;26;963;343
4148;19,17;-569,70;0,00;0,00;0,00;-0,57;0,00;0,00;345;173;58;40;29;763;901
4149;35,57;-317,60;0,00;0,00;0,00;-0,32;0,00;0,00;471;143;196;32;32;357;855
4150;30,15;-504,23;0,00;0,00;0,00;-0,50;0,00;0,00;154;37;122;42;19;957;745
4151;72,30;-77,23;0,00;0,00;0,00;-0,08;0,00;0,00;14;109;101;27;39;589;566
4152;37,15;-379,95;0,00;0,00;0,00;-0,38;0,00;0,00;112;194;187;32;38;201;217
4153;86,30;49,03;0,00;0,00;0,00;0,05;0,00;0,00;259;103;155;15;39;987;548
4154;61,68;-94,60;0,00;0,00;0,00;-0,09;0,00;0,00;450;14;108;10;33;594;907
4155;61,30;-40,37;0,00;0,00;0,00;-0,04;0,00;0,00;243;140;166;14;24;242;420
4156;82,20;75,74;0,00;0,00;0,00;0,08;0,00;0,00;207;96;58;18;19;775;815
4157;67,24;-11,32;0,00;0,00;0,00;-0,01;0,00;0,00;459;31;72;47;24;261;697
4158;100,00;289,29;0,00;0,00;0,00;0,29;0,00;0,00;295;73;173;22;31;876;652
4159;60,65;-61,28;0,00;0,00;0,00;-0,06;0,00;0,00;331;128;96;16;33;478;837
4160;0,00;-652,01;0,00;0,00;0,00;-0,65;0,00;0,00;150;42;52;36;29;714;120
4161;51,35;-250,23;0,00;0,00;0,00;-0,25;0,00;0,00;122;174;181;48;35;724;230
4162;13,22;-589,69;0,00;0,00;0,00;-0,59;0,00;0,00;465;167;136;34;34;968;854
4163;48,24;-302,56;0,00;0,00;0,00;-0,30;0,00;0,00;114;13;190;21;25;727;859
4164;55,02;-247,24;0,00;0,00;0,00;-0,25;0,00;0,00;455;85;196;31;37;582;672
4165;22,64;-522,35;0,00;0,00;0,00;-0,52;0,00;0,00;482;78;156;13;17;814;806
4166;100,00;269,49;0,00;0,00;0,00;0,27;0,00;0,00;349;29;66;33;35;934;828
4167;81,69;123,79;0,00;0,00;0,00;0,12;0,00;0,00;84;145;182;14;24;574;479
4168;19,17;-521,25;0,00;0,00;0,00;-0,52;0,00;0,00;410;140;47;39;21;464;780
4169;8,92;-532,17;0,00;0,00;0,00;-0,53;0,00;0,00;88;95;145;15;18;403;674
4170;39,45;-250,91;0,00;0,00;0,00;-0,25;0,00;0,00;388;142;178;46;32;443;958
4171;62,81;-58,82;0,00;0,00;0,00;-0,06;0,00;0,00;426;27;97;47;32;769;780
4172;90,94;200,89;0,00;0,00;0,00;0,20;0,00;0,00;84;64;22;13;16;486;536
4173;75,42;98,58;0,00;0,00;0,00;0,10;0,00;0,00;345;99;31;42;30;539;351
4174;72,94;-15,48;0,00;0,00;0,00;-0,02;0,00;0,00;182;182;42;25;36;754;689
4175;46,25;-284,84;0,00;0,00;0,00;-0,28;0,00;0,00;353;171;193;27;35;756;660
4176;26,33;-366,61;0,00;0,00;0,00;-0,37;0,00;0,00;16;191;158;41;27;397;963
4177;55,89;-198,81;0,00;0,00;0,00;-0,20;0,00;0,00;188;53;103;31;18;943;499
4178;46,57;-195,73;0,00;0,00;0,00;-0,20;0,00;0,00;18;140;178;36;38;508;191
4179;21,59;-457,79;0,00;0,00;0,00;-0,46;0,00;0,00;207;144;13;10;31;797;908
4180;84,18;199,15;0,00;0,00;0,00;0,20;0,00;0,00;193;84;182;17;34;224;941
4181;53,47;-131,17;0,00;0,00;0,00;-0,13;0,00;0,00;27;114;40;16;23;902;731
4182;35,35;-307,19;0,00;0,00;0,00;-0,31;0,00;0,00;226;77;73;17;31;859;532
4183;35,55;-295,25;0,00;0,00;0,00;-0,30;0,00;0,00;36;129;162;48;15;886;727
4184;68,34;26,64;0,00;0,00;0,00;0,03;0,00;0,00;341;155;191;43;37;837;363
4185;16,07;-477,19;0,00;0,00;0,00;-0,48;0,00;0,00;451;38;101;36;38;137;393
4186;78,28;55,51;0,00;0,00;0,00;0,06;0,00;0,00;188;161;131;25;25;371;705
4187;42,51;-254,00;0,00;0,00;0,00;-0,25;0,00;0,00;300;199;14;47;34;465;451
4188;57,34;-39,91;0,00;0,00;0,00;-0,04;0,00;0,00;321;33;128;21;16;368;209
4189;78,44;16,71;0,00;0,00;0,00;0,02;0,00;0,00;252;153;182;49;35;500;635
4190;29,25;-344,26;0,00;0,00;0,00;-0,34;0,00;0,00;418;137;177;36;18;851;159
4191;63,10;-114,99;0,00;0,00;0,00;-0,11;0,00;0,00;16;171;83;10;35;911;620
4192;28,75;-405,03;0,00;0,00;0,00;-0,41;0,00;0,00;139;56;80;24;28;353;480
4193;64,04;-154,23;0,00;0,00;0,00;-0,15;0,00;0,00;188;162;75;38;25;809;489
4194;81,60;77,94;0,00;0,00;0,00;0,08;0,00;0,00;334;61;96;18;20;450;720
4195;21,86;-466,09;0,00;0,00;0,00;-0,47;0,00;0,00;67;191;121;30;34;606;951
4196;54,10;-248,93;0,00;0,00;0,00;-0,25;0,00;0,00;12;62;33;25;24;675;235
4197;53,30;-93,45;0,00;0,00;0,00;-0,09;0,00;0,00;83;88;186;42;38;931;330
4198;87,91;180,48;0,00;0,00;0,00;0,18;0,00;0,00;364;97;98;45;32;867;503
4199;80,65;83,51;0,00;0,00;0,00;0,08;0,00;0,00;492;61;138;45;15;686;306
4200;27,70;-392,34;0,00;0,00;0,00;-0,39;0,00;0,00;113;43;176;38;32;680;473
4201;45,41;-118,26;0,00;0,00;0,00;-0,12;0,00;0,00;91;166;79;32;25;347;626
4202;45,12;-282,91;0,00;0,00;0,00;-0,28;0,00;0,00;415;39;49;18;31;561;814
4203;15,76;-514,29;0,00;0,00;0,00;-0,51;0,00;0,00;408;148;173;47;36;875;858
4204;69,34;-122,29;0,00;0,00;0,00;-0,12;0,00;0,00;254;17;116;42;36;298;196
4205;88,12;203,83;0,00;0,00;0,00;0,20;0,00;0,00;230;17;102;23;21;462;379
4206;71,42;-4,43;0,00;0,00;0,00;-0,00;0,00;0,00;309;44;61;43;38;306;962
4207;64,56;-14,93;0,00;0,00;0,00;-0,01;0,00;0,00;292;154;162;23;34;337;940
4208;47,30;-169,79;0,00;0,00;0,00;-0,17;0,00;0,00;268;45;49;21;16;824;661
4209;70,94;45,66;0,00;0,00;0,00;0,05;0,00;0,00;220;123;13;32;25;439;786
4210;0,00;-623,24;0,00;0,00;0,00;-0,62;0,00;0,00;204;38;44;23;20;375;237
4211;91,29;137,91;0,00;0,00;0,00;0,14;0,00;0,00;496;187;29;47;39;478;729
4212;75,90;-58,45;0,00;0,00;0,00;-0,06;0,00;0,00;68;94;68;24;23;265;323
4213;68,14;-18,32;0,00;0,00;0,00;-0,02;0,00;0,00;215;127;117;43;33;614;292
4214;40,94;-280,94;0,00;0,00;0,00;-0,28;0,00;0,00;448;189;95;31;35;477;567
4215;12,48;-548,86;0,00;0,00;0,00;-0,55;0,00;0,00;442;37;22;24;26;253;950
4216;24,42;-427,93;0,00;0,00;0,00;-0,43;0,00;0,00;364;55;188;30;25;237;552
4217;23,31;-526,51;0,00;0,00;0,00;-0,53;0,00;0,00;367;171;30;22;37;481;700
4218;23,02;-422,59;0,00;0,00;0,00;-0,42;0,00;0,00;323;39;32;24;18;789;864
4219;83,13;172,03;0,00;0,00;0,00;0,17;0,00;0,00;58;118;125;49;17;664;550
4220;87,94;171,44;0,00;0,00;0,00;0,17;0,00;0,00;437;115;120;35;38;473;664
4221;53,75;-173,26;0,00;0,00;0,00;-0,17;0,00;0,00;106;41;88;41;29;882;556
4222;17,71;-471,25;0,00;0,00;0,00;-0,47;0,00;0,00;287;130;142;12;22;108;940
4223;29,95;-410,37;0,00;0,00;0,00;-0,41;0,00;0,00;387;163;116;35;33;501;504
4224;19,40;-548,46;0,00;0,00;0,00;-0,55;0,00;0,00;194;190;102;13;31;540;715
4225;40,69;-247,92;0,00;0,00;0,00;-0,25;0,00;0,00;277;50;21;34;39;491;383
4226;17,97;-509,41;0,00;0,00;0,00;-0,51;0,00;0,00;90;156;190;47;35;425;210
4227;66,87;-54,63;0,00;0,00;0,00;-0,05;0,00;0,00;475;107;13;29;15;157;592
4228;73,33;9,40;0,00;0,00;0,00;0,01;0,00;0,00;263;17;20;14;15;360;883
4229;63,22;-67,09;0,00;0,00;0,00;-0,07;0,00;0,00;432;164;121;18;34;829;227
4230;81,02;73,08;0,00;0,00;0,00;0,07;0,00;0,00;72;117;179;44;22;592;293
4231;70,39;-39,14;0,00;0,00;0,00;-0,04;0,00;0,00;333;27;47;27;19;881;992
4232;89,21;236,28;0,00;0,00;0,00;0,24;0,00;0,00;345;23;81;19;18;778;185
4233;84,15;98,38;0,00;0,00;0,00;0,10;0,00;0,00;213;164;180;30;24;949;454
4234;76,22;122,04;0,00;0,00;0,00;0,12;0,00;0,00;74;91;111;45;34;555;683
4235;70,73;85,15;0,00;0,00;0,00;0,09;0,00;0,00;293;162;196;12;25;571;660
4236;58,72;-80,05;0,00;0,00;0,00;-0,08;0,00;0,00;443;16;12;34;29;267;544
4237;30,94;-355,32;0,00;0,00;0,00;-0,36;0,00;0,00;321;55;55;30;32;364;137
4238;49,79;-238,73;0,00;0,00;0,00;-0,24;0,00;0,00;154;52;198;41;38;832;562
4239;68,04;-55,82;0,00;0,00;0,00;-0,06;0,00;0,00;279;130;61;46;34;821;360
4240;66,06;-66,62;0,00;0,00;0,00;-0,07;0,00;0,00;471;85;185;18;23;816;226
4241;5,24;-659,17;0,00;0,00;0,00;-0,66;0,00;0,00;352;96;45;12;19;372;666
4242;37,81;-302,60;0,00;0,00;0,00;-0,30;0,00;0,00;395;175;136;22;28;442;245
4243;41,50;-299,60;0,00;0,00;0,00;-0,30;0,00;0,00;387;108;185;16;24;221;729
4244;41,87;-288,77;0,00;0,00;0,00;-0,29;0,00;0,00;229;73;83;49;20;306;987
4245;33,02;-433,27;0,00;0,00;0,00;-0,43;0,00;0,00;200;184;139;44;23;657;748
4246;33,89;-442,47;0,00;0,00;0,00;-0,44;0,00;0,00;307;149;35;16;24;812;850
4247;11,13;-450,91;0,00;0,00;0,00;-0,45;0,00;0,00;22;32;102;46;18;476;488
4248;90,14;185,34;0,00;0,00;0,00;0,19;0,00;0,00;25;108;156;13;33;378;246
4249;42,51;-194,72;0,00;0,00;0,00;-0,19;0,00;0,00;154;172;101;20;23;516;735
4250;61,33;-80,56;0,00;0,00;0,00;-0,08;0,00;0,00;362;156;78;33;32;475;658
4251;46,07;-298,20;0,00;0,00;0,00;-0,30;0,00;0,00;54;124;85;28;15;691;812
4252;0,00;-747,54;0,00;0,00;0,00;-0,75;0,00;0,00;219;179;100;49;19;623;542
4253;18,61;-506,50;0,00;0,00;0,00;-0,51;0,00;0,00;207;165;23;19;22;687;769
4254;45,30;-299,92;0,00;0,00;0,00;-0,30;0,00;0,00;75;179;151;26;21;912;637
4255;82,14;139,40;0,00;0,00;0,00;0,14;0,00;0,00;60;196;164;36;32;772;576
4256;72,22;-19,32;0,00;0,00;0,00;-0,02;0,00;0,00;157;96;89;14;35;679;759
4257;61,29;-99,68;0,00;0,00;0,00;-0,10;0,00;0,00;172;37;181;46;16;523;334
4258;97,96;265,21;0,00;0,00;0,00;0,27;0,00;0,00;299;59;21;22;20;758;253
4259;34,77;-245,25;0,00;0,00;0,00;-0,25;0,00;0,00;341;96;148;21;32;510;540
4260;64,53;-93,90;0,00;0,00;0,00;-0,09;0,00;0,00;67;125;124;43;18;109;213
4261;48,91;-182,63;0,00;0,00;0,00;-0,18;0,00;0,00;444;197;53;15;22;903;923
4262;83,69;141,09;0,00;0,00;0,00;0,14;0,00;0,00;305;164;184;23;20;377;794
4263;84,03;141,12;0,00;0,00;0,00;0,14;0,00;0,00;135;87;158;39;17;940;603
4264;13,12;-616,00;0,00;0,00;0,00;-0,62;0,00;0,00;290;67;116;45;36;228;665
4265;29,81;-431,91;0,00;0,00;0,00;-0,43;0,00;0,00;426;115;10;48;17;639;429
4266;61,00;-11,54;0,00;0,00;0,00;-0,01;0,00;0,00;486;42;114;33;33;431;440
4267;93,36;224,23;0,00;0,00;0,00;0,22;0,00;0,00;148;25;46;24;17;311;689
4268;58,64;-203,54;0,00;0,00;0,00;-0,20;0,00;0,00;454;51;22;16;25;731;233
4269;64,72;-131,23;0,00;0,00;0,00;-0,13;0,00;0,00;90;63;166;10;16;695;840
4270;72,94;26,78;0,00;0,00;0,00;0,03;0,00;0,00;13;63;55;18;15;697;689
4271;24,35;-509,24;0,00;0,00;0,00;-0,51;0,00;0,00;411;30;14;28;26;271;681
4272;51,05;-137,00;0,00;0,00;0,00;-0,14;0,00;0,00;212;126;101;37;29;462;878
4273;45,61;-254,13;0,00;0,00;0,00;-0,25;0,00;0,00;337;37;46;39;35;225;274
4274;46,42;-246,10;0,00;0,00;0,00;-0,25;0,00;0,00;99;15;47;42;16;241;409
4275;50,22;-195,67;0,00;0,00;0,00;-0,20;0,00;0,00;367;114;189;33;39;278;991
4276;45,96;-238,21;0,00;0,00;0,00;-0,24;0,00;0,00;315;70;83;30;35;494;485
4277;40,78;-313,20;0,00;0,00;0,00;-0,31;0,00;0,00;180;62;115;12;23;456;779
4278;61,28;-205,50;0,00;0,00;0,00;-0,21;0,00;0,00;354;111;92;16;32;236;722
4279;56,48;-182,57;0,00;0,00;0,00;-0,18;0,00;0,00;118;17;121;34;17;113;550
4280;100,00;307,54;0,00;0,00;0,00;0,31;0,00;0,00;249;76;42;19;34;780;474
4281;85,34;212,70;0,00;0,00;0,00;0,21;0,00;0,00;400;184;52;37;25;992;354
4282;49,63;-184,11;0,00;0,00;0,00;-0,18;0,00;0,00;41;16;122;30;36;171;789
4283;26,02;-471,27;0,00;0,00;0,00;-0,47;0,00;0,00;320;175;195;35;34;392;793
4284;47,21;-299,70;0,00;0,00;0,00;-0,30;0,00;0,00;89;37;167;34;28;912;319
4285;58,70;-189,04;0,00;0,00;0,00;-0,19;0,00;0,00;485;32;165;47;31;938;901
4286;41,47;-251,42;0,00;0,00;0,00;-0,25;0,00;0,00;124;81;117;45;36;209;184
4287;26,90;-333,01;0,00;0,00;0,00;-0,33;0,00;0,00;96;38;45;34;34;418;987
4288;66,64;-75,70;0,00;0,00;0,00;-0,08;0,00;0,00;151;137;38;26;16;311;222
4289;55,51;-168,39;0,00;0,00;0,00;-0,17;0,00;0,00;16;129;105;16;15;696;168
4290;73,36;2,32;0,00;0,00;0,00;0,00;0,00;0,00;133;44;112;43;34;118;488
4291;99,16;229,36;0,00;0,00;0,00;0,23;0,00;0,00;16;66;61;22;38;289;617
4292;41,82;-231,44;0,00;0,00;0,00;-0,23;0,00;0,00;85;67;120;29;22;373;629
4293;49,99;-262,88;0,00;0,00;0,00;-0,26;0,00;0,00;313;29;181;17;24;340;270
4294;9,41;-604,45;0,00;0,00;0,00;-0,60;0,00;0,00;69;160;95;35;28;873;276
4295;50,61;-164,64;0,00;0,00;0,00;-0,16;0,00;0,00;399;92;154;14;35;709;820
4296;28,44;-373,73;0,00;0,00;0,00;-0,37;0,00;0,00;62;150;82;27;29;157;902
4297;66,59;-16,57;0,00;0,00;0,00;-0,02;0,00;0,00;131;101;107;45;39;340;372
4298;72,64;21,78;0,00;0,00;0,00;0,02;0,00;0,00;319;33;59;29;29;407;984
4299;65,95;-15,00;0,00;0,00;0,00;-0,01;0,00;0,00;259;86;64;27;18;932;868
4300;44,50;-351,84;0,00;0,00;0,00;-0,35;0,00;0,00;299;199;134;16;17;836;217
4301;29,32;-393,29;0,00;0,00;0,00;-0,39;0,00;0,00;381;29;75;43;38;760;774
4302;58,09;-140,18;0,00;0,00;0,00;-0,14;0,00;0,00;448;140;98;24;17;581;922
4303;46,68;-190,64;0,00;0,00;0,00;-0,19;0,00;0,00;332;57;11;16;30;571;268
4304;64,38;-64,66;0,00;0,00;0,00;-0,06;0,00;0,00;469;68;22;13;33;465;911
4305;27,21;-408,99;0,00;0,00;0,00;-0,41;0,00;0,00;26;134;16;39;25;994;794
4306;93,08;211,66;0,00;0,00;0,00;0,21;0,00;0,00;460;55;87;10;21;603;435
4307;9,01;-619,25;0,00;0,00;0,00;-0,62;0,00;0,00;218;120;197;30;33;187;530
4308;28,48;-271,78;0,00;0,00;0,00;-0,27;0,00;0,00;257;128;51;33;30;887;696
4309;11,05;-715,15;0,00;0,00;0,00;-0,72;0,00;0,00;199;103;168;21;20;640;963
4310;60,36;-103,22;0,00;0,00;0,00;-0,10;0,00;0,00;460;134;93;39;27;396;538
4311;77,55;12,51;0,00;0,00;0,00;0,01;0,00;0,00;409;180;128;18;17;721;744
4312;67,39;-3,10;0,00;0,00;0,00;-0,00;0,00;0,00;468;134;182;23;25;250;798
4313;48,21;-205,61;0,00;0,00;0,00;-0,21;0,00;0,00;396;19;68;40;33;794;935
4314;0,00;-617,62;0,00;0,00;0,00;-0,62;0,00;0,00;81;121;48;46;39;681;923
4315;61,23;-94,77;0,00;0,00;0,00;-0,09;0,00;0,00;183;30;152;47;16;214;455
4316;37,66;-363,10;0,00;0,00;0,00;-0,36;0,00;0,00;422;153;26;42;37;308;854
4317;85,41;235,29;0,00;0,00;0,00;0,24;0,00;0,00;254;109;199;41;19;955;907
4318;20,80;-475,53;0,00;0,00;0,00;-0,48;0,00;0,00;401;171;23;36;38;374;249
4319;81,12;30,37;0,00;0,00;0,00;0,03;0,00;0,00;29;195;58;48;21;616;697
4320;100,00;271,70;0,00;0,00;0,00;0,27;0,00;0,00;255;66;156;49;22;574;441
4321;66,48;-18,17;0,00;0,00;0,00;-0,02;0,00;0,00;30;133;176;14;39;912;565
4322;100,00;178,06;0,00;0,00;0,00;0,18;0,00;0,00;119;71;111;34;30;123;434
4323;45,51;-196,76;0,00;0,00;0,00;-0,20;0,00;0,00;445;152;173;28;38;487;331
4324;48,67;-160,69;0,00;0,00;0,00;-0,16;0,00;0,00;243;45;46;36;34;769;898
4325;55,36;-180,16;0,00;0,00;0,00;-0,18;0,00;0,00;420;162;80;11;34;524;854
4326;50,61;-144,66;0,00;0,00;0,00;-0,14;0,00;0,00;308;22;59;49;36;539;692
4327;46,13;-215,08;0,00;0,00;0,00;-0,22;0,00;0,00;301;87;156;22;31;841;402
4328;48,81;-135,89;0,00;0,00;0,00;-0,14;0,00;0,00;286;59;69;47;32;238;414
4329;19,62;-472,79;0,00;0,00;0,00;-0,47;0,00;0,00;392;128;187;26;22;432;837
4330;35,66;-428,72;0,00;0,00;0,00;-0,43;0,00;0,00;29;123;96;38;15;682;600
4331;61,31;-110,08;0,00;0,00;0,00;-0,11;0,00;0,00;16;125;27;38;27;840;372
4332;12,76;-566,47;0,00;0,00;0,00;-0,57;0,00;0,00;18;68;43;15;30;327;875
4333;12,78;-616,09;0,00;0,00;0,00;-0,62;0,00;0,00;28;184;67;21;31;445;572
4334;85,17;94,13;0,00;0,00;0,00;0,09;0,00;0,00;186;17;111;38;19;707;859
4335;48,58;-229,64;0,00;0,00;0,00;-0,23;0,00;0,00;219;193;158;26;29;654;663
4336;53,32;-169,52;0,00;0,00;0,00;-0,17;0,00;0,00;68;133;85;28;26;103;395
4337;16,75;-527,87;0,00;0,00;0,00;-0,53;0,00;0,00;488;192;39;23;28;404;462
4338;29,80;-344,96;0,00;0,00;0,00;-0,34;0,00;0,00;260;89;97;35;20;829;612
4339;39,70;-349,07;0,00;0,00;0,00;-0,35;0,00;0,00;137;60;183;12;19;508;667
4340;69,59;133,67;0,00;0,00;0,00;0,13;0,00;0,00;229;43;107;14;19;161;353
4341;100,00;214,92;0,00;0,00;0,00;0,21;0,00;0,00;48;90;88;25;19;533;656
4342;76,43;48,42;0,00;0,00;0,00;0,05;0,00;0,00;199;180;152;15;25;920;363
4343;58,77;-120,83;0,00;0,00;0,00;-0,12;0,00;0,00;119;124;116;45;18;446;322
4344;31,93;-413,04;0,00;0,00;0,00;-0,41;0,00;0,00;139;124;81;21;22;386;652
4345;45,71;-183,37;0,00;0,00;0,00;-0,18;0,00;0,00;308;53;40;40;29;827;293
4346;41,57;-287,95;0,00;0,00;0,00;-0,29;0,00;0,00;12;195;19;40;24;249;130
4347;9,93;-546,58;0,00;0,00;0,00;-0,55;0,00;0,00;24;176;39;24;23;662;682
4348;29,36;-399,26;0,00;0,00;0,00;-0,40;0,00;0,00;215;31;68;40;15;694;129
4349;55,01;-141,36;0,00;0,00;0,00;-0,14;0,00;0,00;260;86;40;11;28;104;905
4350;59,70;-153,37;0,00;0,00;0,00;-0,15;0,00;0,00;388;198;111;40;16;435;444
4351;88,71;193,71;0,00;0,00;0,00;0,19;0,00;0,00;179;150;171;32;19;742;542
4352;50,64;-140,11;0,00;0,00;0,00;-0,14;0,00;0,00;155;155;191;22;35;110;405
4353;65,52;-26,27;0,00;0,00;0,00;-0,03;0,00;0,00;408;180;99;27;28;668;199
4354;20,91;-551,43;0,00;0,00;0,00;-0,55;0,00;0,00;36;126;134;20;19;871;564
4355;35,07;-415,04;0,00;0,00;0,00;-0,42;0,00;0,00;490;74;64;21;27;471;325
4356;74,29;45,19;0,00;0,00;0,00;0,05;0,00;0,00;352;192;17;42;37;518;725
4357;66,48;-33,90;0,00;0,00;0,00;-0,03;0,00;0,00;419;114;118;37;20;528;646
4358;60,27;-99,36;0,00;0,00;0,00;-0,10;0,00;0,00;361;183;162;41;36;276;187
4359;2,63;-656,26;0,00;0,00;0,00;-0,66;0,00;0,00;470;112;39;23;19;854;618
4360;81,51;156,83;0,00;0,00;0,00;0,16;0,00;0,00;172;96;87;45;21;205;248
4361;42,63;-346,85;0,00;0,00;0,00;-0,35;0,00;0,00;459;140;193;13;34;249;373
4362;52,30;-230,79;0,00;0,00;0,00;-0,23;0,00;0,00;151;141;178;13;35;890;936
4363;89,29;178,42;0,00;0,00;0,00;0,18;0,00;0,00;332;160;74;33;20;758;473
4364;24,45;-470,18;0,00;0,00;0,00;-0,47;0,00;0,00;335;196;60;37;26;567;277
4365;66,17;-46,73;0,00;0,00;0,00;-0,05;0,00;0,00;104;150;156;24;19;433;943
4366;58,22;-110,34;0,00;0,00;0,00;-0,11;0,00;0,00;230;141;155;39;26;169;264
4367;32,56;-392,24;0,00;0,00;0,00;-0,39;0,00;0,00;450;197;147;45;18;878;808
4368;55,03;-131,45;0,00;0,00;0,00;-0,13;0,00;0,00;28;95;60;17;22;787;514
4369;96,43;279,26;0,00;0,00;0,00;0,28;0,00;0,00;179;155;181;42;26;269;734
4370;21,65;-442,97;0,00;0,00;0,00;-0,44;0,00;0,00;65;173;194;39;38;192;568
4371;100,00;305,16;0,00;0,00;0,00;0,31;0,00;0,00;216;171;157;18;36;307;710
4372;39,33;-264,57;0,00;0,00;0,00;-0,26;0,00;0,00;261;118;57;49;17;355;778
4373;0,00;-667,50;0,00;0,00;0,00;-0,67;0,00;0,00;218;35;192;25;28;665;775
4374;29,73;-446,61;0,00;0,00;0,00;-0,45;0,00;0,00;349;145;93;35;29;506;239
4375;54,90;-242,04;0,00;0,00;0,00;-0,24;0,00;0,00;216;163;89;13;27;436;543
4376;43,36;-274,62;0,00;0,00;0,00;-0,27;0,00;0,00;308;164;48;11;32;216;164
4377;91,07;143,09;0,00;0,00;0,00;0,14;0,00;0,00;201;35;30;38;23;205;795
4378;41,85;-275,36;0,00;0,00;0,00;-0,28;0,00;0,00;240;147;36;48;29;766;562
4379;36,54;-299,89;0,00;0,00;0,00;-0,30;0,00;0,00;254;57;196;25;23;539;345
4380;15,86;-453,97;0,00;0,00;0,00;-0,45;0,00;0,00;327;107;145;48;20;699;530
4381;45,30;-239,85;0,00;0,00;0,00;-0,24;0,00;0,00;205;130;45;19;25;898;779
4382;36,96;-335,09;0,00;0,00;0,00;-0,34;0,00;0,00;134;37;112;17;17;512;360
4383;1,32;-673,84;0,00;0,00;0,00;-0,67;0,00;0,00;353;31;168;35;30;170;112
4384;28,65;-421,27;0,00;0,00;0,00;-0,42;0,00;0,00;116;165;184;13;25;797;251
4385;79,28;166,15;0,00;0,00;0,00;0,17;0,00;0,00;315;52;153;27;17;645;723
4386;59,41;-87,56;0,00;0,00;0,00;-0,09;0,00;0,00;18;79;44;48;36;429;562
4387;3,94;-709,94;0,00;0,00;0,00;-0,71;0,00;0,00;183;114;45;32;23;732;941
4388;24,83;-470,04;0,00;0,00;0,00;-0,47;0,00;0,00;473;100;110;27;37;860;281
4389;33,97;-367,80;0,00;0,00;0,00;-0,37;0,00;0,00;160;47;183;32;38;612;183
4390;98,59;366,41;0,00;0,00;0,00;0,37;0,00;0,00;127;185;158;49;28;943;795
4391;27,71;-440,01;0,00;0,00;0,00;-0,44;0,00;0,00;44;52;14;20;17;727;415
4392;31,35;-366,89;0,00;0,00;0,00;-0,37;0,00;0,00;496;60;21;38;21;219;525
4393;49,06;-262,10;0,00;0,00;0,00;-0,26;0,00;0,00;362;172;183;40;23;780;923
4394;51,79;-151,25;0,00;0,00;0,00;-0,15;0,00;0,00;54;161;143;34;20;608;447
4395;41,13;-245,33;0,00;0,00;0,00;-0,25;0,00;0,00;229;189;127;32;31;938;145
4396;45,34;-184,05;0,00;0,00;0,00;-0,18;0,00;0,00;404;198;53;37;39;663;521
4397;0,00;-812,69;0,00;0,00;0,00;-0,81;0,00;0,00;11;98;155;47;37;671;917
4398;10,80;-553,61;0,00;0,00;0,00;-0,55;0,00;0,00;130;172;123;21;39;522;836
4399;19,46;-540,76;0,00;0,00;0,00;-0,54;0,00;0,00;486;10;42;22;27;131;532
4400;90,00;155,02;0,00;0,00;0,00;0,16;0,00;0,00;274;199;59;40;16;569;607
4401;38,19;-393,41;0,00;0,00;0,00;-0,39;0,00;0,00;56;65;53;26;26;604;851
4402;100,00;300,79;0,00;0,00;0,00;0,30;0,00;0,00;490;22;81;14;21;854;925
4403;52,21;-196,24;0,00;0,00;0,00;-0,20;0,00;0,00;261;20;127;30;39;327;837
4404;40,01;-278,81;0,00;0,00;0,00;-0,28;0,00;0,00;24;103;83;22;39;289;770
4405;34,82;-243,39;0,00;0,00;0,00;-0,24;0,00;0,00;471;176;163;18;30;672;692
4406;6,36;-659,45;0,00;0,00;0,00;-0,66;0,00;0,00;234;135;76;11;15;138;458
4407;25,81;-479,63;0,00;0,00;0,00;-0,48;0,00;0,00;270;98;78;33;30;433;735
4408;49,39;-222,89;0,00;0,00;0,00;-0,22;0,00;0,00;139;170;28;30;16;205;629
4409;48,20;-178,98;0,00;0,00;0,00;-0,18;0,00;0,00;212;40;17;12;35;295;882
4410;62,90;-105,06;0,00;0,00;0,00;-0,11;0,00;0,00;18;35;15;19;32;488;108
4411;20,47;-445,77;0,00;0,00;0,00;-0,45;0,00;0,00;108;39;190;16;31;990;966
4412;66,11;44,18;0,00;0,00;0,00;0,04;0,00;0,00;76;123;29;42;27;362;948
4413;16,70;-548,22;0,00;0,00;0,00;-0,55;0,00;0,00;389;31;137;45;21;432;215
4414;95,47;186,82;0,00;0,00;0,00;0,19;0,00;0,00;450;37;30;32;22;808;864
4415;0,00;-822,17;0,00;0,00;0,00;-0,82;0,00;0,00;319;19;153;44;38;695;513
4416;75,11;82,85;0,00;0,00;0,00;0,08;0,00;0,00;49;39;108;24;18;553;994
4417;99,88;238,12;0,00;0,00;0,00;0,24;0,00;0,00;33;10;192;16;33;151;199
4418;37,19;-302,35;0,00;0,00;0,00;-0,30;0,00;0,00;167;46;180;28;27;773;103
4419;51,61;-223,40;0,00;0,00;0,00;-0,22;0,00;0,00;438;117;147;40;39;102;347
4420;25,57;-401,27;0,00;0,00;0,00;-0,40;0,00;0,00;465;172;73;15;25;727;686
4421;59,81;-36,28;0,00;0,00;0,00;-0,04;0,00;0,00;304;31;162;34;27;431;809
4422;42,24;-336,56;0,00;0,00;0,00;-0,34;0,00;0,00;116;85;90;25;30;624;746
4423;41,50;-399,34;0,00;0,00;0,00;-0,40;0,00;0,00;171;119;45;20;35;210;425
4424;58,82;-176,56;0,00;0,00;0,00;-0,18;0,00;0,00;228;53;38;35;36;572;673
4425;58,61;-58,97;0,00;0,00;0,00;-0,06;0,00;0,00;275;58;109;49;31;553;445
4426;72,96;105,38;0,00;0,00;0,00;0,11;0,00;0,00;14;105;134;14;31;793;987
4427;41,10;-186,50;0,00;0,00;0,00;-0,19;0,00;0,00;392;19;123;27;39;502;854
4428;48,59;-165,07;0,00;0,00;0,00;-0,17;0,00;0,00;146;121;178;23;28;227;188
4429;52,84;-209,81;0,00;0,00;0,00;-0,21;0,00;0,00;286;141;105;24;15;781;333
4430;35,42;-402,77;0,00;0,00;0,00;-0,40;0,00;0,00;316;152;152;22;22;346;992
4431;36,96;-386,37;0,00;0,00;0,00;-0,39;0,00;0,00;435;89;11;21;21;372;149
4432;67,02;-85,38;0,00;0,00;0,00;-0,09;0,00;0,00;121;143;196;21;36;659;998
4433;82,35;82,08;0,00;0,00;0,00;0,08;0,00;0,00;18;56;165;46;34;280;115
4434;82,05;135,10;0,00;0,00;0,00;0,14;0,00;0,00;102;66;158;44;30;814;629
4435;0,00;-738,84;0,00;0,00;0,00;-0,74;0,00;0,00;222;26;125;25;30;178;847
4436;4,44;-592,60;0,00;0,00;0,00;-0,59;0,00;0,00;132;152;184;47;16;944;694
4437;56,31;-181,53;0,00;0,00;0,00;-0,18;0,00;0,00;210;26;170;42;29;359;675
4438;80,16;61,42;0,00;0,00;0,00;0,06;0,00;0,00;450;173;140;36;38;825;807
4439;56,46;-75,24;0,00;0,00;0,00;-0,08;0,00;0,00;397;131;148;22;26;860;748
4440;55,21;-100,57;0,00;0,00;0,00;-0,10;0,00;0,00;498;133;141;11;30;941;533
4441;33,23;-409,19;0,00;0,00;0,00;-0,41;0,00;0,00;289;77;112;15;34;755;264
4442;34,60;-340,40;0,00;0,00;0,00;-0,34;0,00;0,00;349;139;151;38;22;631;415
4443;13,46;-550,90;0,00;0,00;0,00;-0,55;0,00;0,00;218;95;73;40;26;359;888
4444;27,60;-460,72;0,00;0,00;0,00;-0,46;0,00;0,00;238;30;159;34;16;334;310
4445;61,50;-106,55;0,00;0,00;0,00;-0,11;0,00;0,00;238;33;140;14;17;217;176
4446;42,11;-289,73;0,00;0,00;0,00;-0,29;0,00;0,00;424;64;71;35;20;189;270
4447;72,01;14,07;0,00;0,00;0,00;0,01;0,00;0,00;299;24;79;36;17;280;681
4448;57,39;-158,87;0,00;0,00;0,00;-0,16;0,00;0,00;55;39;166;22;22;450;799
4449;5,84;-693,42;0,00;0,00;0,00;-0,69;0,00;0,00;353;192;105;21;32;522;372
4450;52,11;-142,96;0,00;0,00;0,00;-0,14;0,00;0,00;24;172;115;38;22;923;104
4451;41,24;-258,19;0,00;0,00;0,00;-0,26;0,00;0,00;359;124;93;45;25;749;681
4452;52,59;-145,92;0,00;0,00;0,00;-0,15;0,00;0,00;304;172;126;23;34;630;545
4453;3,99;-798,46;0,00;0,00;0,00;-0,80;0,00;0,00;14;125;105;47;31;374;960
4454;72,86;23,63;0,00;0,00;0,00;0,02;0,00;0,00;353;45;71;15;36;336;115
4455;49,41;-232,10;0,00;0,00;0,00;-0,23;0,00;0,00;368;54;117;39;34;929;386
4456;96,36;238,70;0,00;0,00;0,00;0,24;0,00;0,00;62;170;32;41;15;151;850
4457;100,00;361,70;0,00;0,00;0,00;0,36;0,00;0,00;323;91;49;30;17;294;331
4458;23,69;-561,70;0,00;0,00;0,00;-0,56;0,00;0,00;355;138;112;26;35;320;647
4459;68,93;-21,86;0,00;0,00;0,00;-0,02;0,00;0,00;123;168;39;37;31;406;355
4460;47,02;-280,93;0,00;0,00;0,00;-0,28;0,00;0,00;381;110;25;20;15;976;219
4461;44,09;-336,19;0,00;0,00;0,00;-0,34;0,00;0,00;166;85;85;38;28;517;920
4462;85,62;203,81;0,00;0,00;0,00;0,20;0,00;0,00;123;159;58;37;20;374;732
4463;48,42;-181,75;0,00;0,00;0,00;-0,18;0,00;0,00;300;194;95;41;34;175;123
4464;66,76;0,66;0,00;0,00;0,00;0,00;0,00;0,00;437;107;191;14;33;684;181
4465;74,84;26,30;0,00;0,00;0,00;0,03;0,00;0,00;416;138;197;40;29;237;698
4466;29,33;-436,55;0,00;0,00;0,00;-0,44;0,00;0,00;239;22;144;36;33;577;464
4467;54,12;-177,34;0,00;0,00;0,00;-0,18;0,00;0,00;220;42;143;46;37;431;648
4468;80,87;158,97;0,00;0,00;0,00;0,16;0,00;0,00;215;170;71;28;36;876;347
4469;39,16;-290,85;0,00;0,00;0,00;-0,29;0,00;0,00;225;108;107;45;38;971;344
4470;44,81;-350,26;0,00;0,00;0,00;-0,35;0,00;0,00;495;53;116;16;19;607;764
4471;81,09;119,33;0,00;0,00;0,00;0,12;0,00;0,00;350;128;147;25;28;536;219
4472;5,85;-583,76;0,00;0,00;0,00;-0,58;0,00;0,00;280;145;45;38;31;874;445
4473;61,61;-34,86;0,00;0,00;0,00;-0,03;0,00;0,00;119;176;104;13;20;381;316
4474;93,71;243,23;0,00;0,00;0,00;0,24;0,00;0,00;84;144;24;32;21;430;774
4475;48,06;-199,52;0,00;0,00;0,00;-0,20;0,00;0,00;358;38;36;25;34;141;844
4476;53,60;-121,10;0,00;0,00;0,00;-0,12;0,00;0,00;203;15;23;12;35;472;378
4477;54,94;-162,47;0,00;0,00;0,00;-0,16;0,00;0,00;342;43;113;37;29;682;663
4478;92,30;167,22;0,00;0,00;0,00;0,17;0,00;0,00;166;89;31;43;24;961;212
4479;41,66;-308,21;0,00;0,00;0,00;-0,31;0,00;0,00;466;155;115;28;15;736;702
4480;76,69;-19,62;0,00;0,00;0,00;-0,02;0,00;0,00;461;35;179;35;34;210;274
4481;62,30;-41,99;0,00;0,00;0,00;-0,04;0,00;0,00;212;190;186;30;18;322;767
4482;65,30;-24,48;0,00;0,00;0,00;-0,02;0,00;0,00;245;17;11;16;22;255;386
4483;50,66;-133,62;0,00;0,00;0,00;-0,13;0,00;0,00;475;59;135;48;28;821;205
4484;29,26;-385,18;0,00;0,00;0,00;-0,39;0,00;0,00;370;123;88;37;38;248;730
4485;41,18;-327,09;0,00;0,00;0,00;-0,33;0,00;0,00;240;152;114;30;34;398;705
4486;37,47;-312,92;0,00;0,00;0,00;-0,31;0,00;0,00;220;94;116;15;30;305;412
4487;33,55;-386,71;0,00;0,00;0,00;-0,39;0,00;0,00;435;110;75;13;15;230;858
4488;48,89;-215,32;0,00;0,00;0,00;-0,22;0,00;0,00;265;116;136;49;22;975;927
4489;22,62;-560,35;0,00;0,00;0,00;-0,56;0,00;0,00;253;142;61;49;26;703;995
4490;90,96;166,53;0,00;0,00;0,00;0,17;0,00;0,00;279;145;172;13;30;498;621
4491;57,43;-90,32;0,00;0,00;0,00;-0,09;0,00;0,00;51;46;28;37;26;790;335
4492;31,63;-455,75;0,00;0,00;0,00;-0,46;0,00;0,00;170;50;198;24;17;196;306
4493;48,07;-166,50;0,00;0,00;0,00;-0,17;0,00;0,00;407;94;61;41;36;475;124
4494;11,17;-562,66;0,00;0,00;0,00;-0,56;0,00;0,00;197;87;23;19;34;488;127
4495;71,98;99,03;0,00;0,00;0,00;0,10;0,00;0,00;415;199;15;17;35;458;355
4496;51,18;-187,63;0,00;0,00;0,00;-0,19;0,00;0,00;106;89;178;39;31;902;185
4497;44,13;-240,41;0,00;0,00;0,00;-0,24;0,00;0,00;408;23;95;29;20;741;652
4498;100,00;280,91;0,00;0,00;0,00;0,28;0,00;0,00;309;76;49;38;23;328;792
4499;43,92;-224,87;0,00;0,00;0,00;-0,22;0,00;0,00;408;87;142;26;23;159;144
4500;21,55;-408,97;0,00;0,00;0,00;-0,41;0,00;0,00;303;61;56;34;38;366;757
4501;52,53;-223,73;0,00;0,00;0,00;-0,22;0,00;0,00;132;46;66;45;33;994;941
4502;43,21;-249,64;0,00;0,00;0,00;-0,25;0,00;0,00;285;75;98;10;35;147;663
4503;36,24;-250,17;0,00;0,00;0,00;-0,25;0,00;0,00;12;136;143;11;24;259;902
4504;31,82;-392,62;0,00;0,00;0,00;-0,39;0,00;0,00;183;117;76;25;18;759;727
4505;42,63;-320,14;0,00;0,00;0,00;-0,32;0,00;0,00;350;149;187;30;30;598;843
4506;33,26;-362,41;0,00;0,00;0,00;-0,36;0,00;0,00;63;113;89;36;15;199;649
4507;56,81;-128,62;0,00;0,00;0,00;-0,13;0,00;0,00;212;43;124;21;28;743;788
4508;46,09;-221,33;0,00;0,00;0,00;-0,22;0,00;0,00;50;63;174;28;15;731;646
4509;84,01;144,19;0,00;0,00;0,00;0,14;0,00;0,00;368;127;76;30;18;569;401
4510;56,34;-90,82;0,00;0,00;0,00;-0,09;0,00;0,00;240;18;84;46;30;983;933
4511;40,77;-266,61;0,00;0,00;0,00;-0,27;0,00;0,00;194;117;126;46;25;485;809
4512;88,67;189,74;0,00;0,00;0,00;0,19;0,00;0,00;373;172;177;44;33;968;997
4513;9,26;-558,74;0,00;0,00;0,00;-0,56;0,00;0,00;55;51;65;46;39;854;429
4514;48,00;-212,85;0,00;0,00;0,00;-0,21;0,00;0,00;434;96;167;37;35;249;651
4515;26,01;-353,28;0,00;0,00;0,00;-0,35;0,00;0,00;221;140;56;25;23;954;518
4516;24,43;-414,19;0,00;0,00;0,00;-0,41;0,00;0,00;279;61;24;36;16;342;203
4517;49,24;-235,61;0,00;0,00;0,00;-0,24;0,00;0,00;64;152;42;30;36;159;274
4518;45,81;-267,01;0,00;0,00;0,00;-0,27;0,00;0,00;453;69;33;28;17;494;453
4519;66,60;-93,92;0,00;0,00;0,00;-0,09;0,00;0,00;430;191;66;33;32;897;301
4520;25,54;-523,17;0,00;0,00;0,00;-0,52;0,00;0,00;313;78;123;39;28;647;420
4521;41,35;-174,45;0,00;0,00;0,00;-0,17;0,00;0,00;298;139;59;33;26;101;569
4522;51,98;-179,59;0,00;0,00;0,00;-0,18;0,00;0,00;15;162;34;40;38;476;324
4523;25,51;-415,72;0,00;0,00;0,00;-0,42;0,00;0,00;434;66;93;36;37;959;890
4524;52,47;-187,64;0,00;0,00;0,00;-0,19;0,00;0,00;190;97;84;38;21;138;599
4525;58,91;-112,33;0,00;0,00;0,00;-0,11;0,00;0,00;265;20;83;26;24;221;724
4526;89,44;95,74;0,00;0,00;0,00;0,10;0,00;0,00;91;49;122;45;36;587;128
4527;87,85;207,55;0,00;0,00;0,00;0,21;0,00;0,00;430;156;17;10;20;668;591
4528;35,68;-269,39;0,00;0,00;0,00;-0,27;0,00;0,00;448;109;82;28;39;105;839
4529;9,55;-595,25;0,00;0,00;0,00;-0,60;0,00;0,00;416;153;153;13;21;890;610
4530;88,31;82,94;0,00;0,00;0,00;0,08;0,00;0,00;56;12;68;15;28;574;336
4531;55,07;-180,28;0,00;0,00;0,00;-0,18;0,00;0,00;485;77;83;12;19;123;115
4532;94,98;267,08;0,00;0,00;0,00;0,27;0,00;0,00;193;84;48;12;30;482;377
4533;40,73;-324,14;0,00;0,00;0,00;-0,32;0,00;0,00;323;31;169;22;33;728;246
4534;46,89;-160,44;0,00;0,00;0,00;-0,16;0,00;0,00;234;130;192;17;16;602;582
4535;49,58;-255,07;0,00;0,00;0,00;-0,26;0,00;0,00;11;78;171;43;26;562;349
4536;25,37;-543,41;0,00;0,00;0,00;-0,54;0,00;0,00;80;121;155;42;32;177;197
4537;42,67;-319,90;0,00;0,00;0,00;-0,32;0,00;0,00;227;14;176;34;21;780;526
4538;79,93;-6,15;0,00;0,00;0,00;-0,01;0,00;0,00;466;16;21;46;15;702;935
4539;50,60;-163,21;0,00;0,00;0,00;-0,16;0,00;0,00;360;167;148;41;24;771;183
4540;27,58;-412,49;0,00;0,00;0,00;-0,41;0,00;0,00;255;157;136;16;21;488;393
4541;47,32;-263,69;0,00;0,00;0,00;-0,26;0,00;0,00;474;185;161;19;35;752;476
4542;48,84;-323,84;0,00;0,00;0,00;-0,32;0,00;0,00;254;135;78;17;27;802;645
4543;42,91;-296,53;0,00;0,00;0,00;-0,30;0,00;0,00;468;177;51;11;39;282;289
4544;50,14;-219,49;0,00;0,00;0,00;-0,22;0,00;0,00;335;115;176;23;27;768;796
4545;61,59;-21,01;0,00;0,00;0,00;-0,02;0,00;0,00;103;17;145;44;38;319;657
4546;100,00;402,27;0,00;0,00;0,00;0,40;0,00;0,00;482;14;163;34;33;954;612
4547;25,26;-411,18;0,00;0,00;0,00;-0,41;0,00;0,00;340;96;58;20;34;145;241
4548;45,96;-330,47;0,00;0,00;0,00;-0,33;0,00;0,00;451;20;72;34;20;274;208
4549;99,43;270,60;0,00;0,00;0,00;0,27;0,00;0,00;218;153;62;22;22;611;369
4550;50,50;-312,13;0,00;0,00;0,00;-0,31;0,00;0,00;274;65;36;24;19;192;589
4551;0,00;-769,52;0,00;0,00;0,00;-0,77;0,00;0,00;302;106;37;48;32;840;743
4552;93,28;158,19;0,00;0,00;0,00;0,16;0,00;0,00;81;77;195;41;23;140;197
4553;37,14;-337,02;0,00;0,00;0,00;-0,34;0,00;0,00;115;184;67;12;35;422;206
4554;58,87;-33,94;0,00;0,00;0,00;-0,03;0,00;0,00;198;57;52;45;18;323;967
4555;69,21;25,70;0,00;0,00;0,00;0,03;0,00;0,00;424;154;133;28;18;555;133
4556;30,00;-381,19;0,00;0,00;0,00;-0,38;0,00;0,00;395;34;15;18;15;803;473
4557;30,33;-304,43;0,00;0,00;0,00;-0,30;0,00;0,00;126;23;149;44;18;906;243
4558;100,00;217,63;0,00;0,00;0,00;0,22;0,00;0,00;492;84;154;41;18;775;128
4559;44,37;-238,83;0,00;0,00;0,00;-0,24;0,00;0,00;85;99;117;18;32;869;551
4560;85,97;238,53;0,00;0,00;0,00;0,24;0,00;0,00;156;27;27;34;17;815;967
4561;39,96;-332,38;0,00;0,00;0,00;-0,33;0,00;0,00;59;190;69;12;18;615;880
4562;76,91;104,20;0,00;0,00;0,00;0,10;0,00;0,00;334;79;69;34;27;989;621
4563;29,77;-423,65;0,00;0,00;0,00;-0,42;0,00;0,00;333;11;125;36;31;753;923
4564;35,66;-298,58;0,00;0,00;0,00;-0,30;0,00;0,00;334;135;22;31;27;838;487
4565;37,25;-298,87;0,00;0,00;0,00;-0,30;0,00;0,00;63;192;102;47;20;302;141
4566;87,43;180,22;0,00;0,00;0,00;0,18;0,00;0,00;129;176;120;11;25;742;891
4567;55,58;-149,32;0,00;0,00;0,00;-0,15;0,00;0,00;456;61;87;13;17;610;441
4568;80,22;113,86;0,00;0,00;0,00;0,11;0,00;0,00;130;66;39;46;29;131;320
4569;83,79;116,90;0,00;0,00;0,00;0,12;0,00;0,00;21;133;116;49;39;155;117
4570;42,39;-243,65;0,00;0,00;0,00;-0,24;0,00;0,00;310;117;55;48;23;856;275
4571;59,31;-111,07;0,00;0,00;0,00;-0,11;0,00;0,00;140;158;121;49;20;322;839
4572;51,65;-232,37;0,00;0,00;0,00;-0,23;0,00;0,00;480;138;83;37;18;351;945
4573;71,69;0,03;0,00;0,00;0,00;0,00;0,00;0,00;123;47;26;31;17;785;583
4574;19,89;-499,58;0,00;0,00;0,00;-0,50;0,00;0,00;361;161;15;28;37;137;752
4575;48,00;-178,26;0,00;0,00;0,00;-0,18;0,00;0,00;159;99;117;16;15;364;371
4576;57,25;-135,33;0,00;0,00;0,00;-0,14;0,00;0,00;18;193;49;29;30;869;331
4577;81,98;196,99;0,00;0,00;0,00;0,20;0,00;0,00;477;124;22;18;38;901;441
4578;70,56;59,93;0,00;0,00;0,00;0,06;0,00;0,00;404;167;33;13;29;352;194
4579;29,50;-513,63;0,00;0,00;0,00;-0,51;0,00;0,00;408;184;117;45;28;420;387
4580;76,45;40,94;0,00;0,00;0,00;0,04;0,00;0,00;149;162;25;38;24;321;384
4581;41,61;-347,84;0,00;0,00;0,00;-0,35;0,00;0,00;66;10;122;27;22;640;563
4582;62,48;-141,88;0,00;0,00;0,00;-0,14;0,00;0,00;279;64;44;32;21;204;991
4583;53,20;-122,90;0,00;0,00;0,00;-0,12;0,00;0,00;183;108;173;47;16;970;320
4584;95,22;236,40;0,00;0,00;0,00;0,24;0,00;0,00;427;45;60;30;21;171;274
4585;63,60;-70,99;0,00;0,00;0,00;-0,07;0,00;0,00;283;69;85;38;19;392;754
4586;61,97;-74,42;0,00;0,00;0,00;-0,07;0,00;0,00;437;106;141;24;37;393;474
4587;47,31;-275,48;0,00;0,00;0,00;-0,28;0,00;0,00;127;22;145;46;36;927;400
4588;91,04;240,23;0,00;0,00;0,00;0,24;0,00;0,00;493;114;81;20;37;349;388
4589;75,45;51,22;0,00;0,00;0,00;0,05;0,00;0,00;99;40;91;47;34;438;327
4590;50,78;-151,85;0,00;0,00;0,00;-0,15;0,00;0,00;347;134;149;31;39;807;988
4591;78,95;184,69;0,00;0,00;0,00;0,18;0,00;0,00;426;132;137;26;15;190;276
4592;92,44;148,82;0,00;0,00;0,00;0,15;0,00;0,00;421;37;64;41;17;218;323
4593;69,19;-19,57;0,00;0,00;0,00;-0,02;0,00;0,00;331;46;98;44;23;787;884
4594;81,90;69,62;0,00;0,00;0,00;0,07;0,00;0,00;136;167;76;27;31;526;338
4595;28,62;-414,82;0,00;0,00;0,00;-0,41;0,00;0,00;341;75;108;12;35;793;589
4596;78,04;88,21;0,00;0,00;0,00;0,09;0,00;0,00;358;115;157;37;19;719;415
4597;33,54;-367,21;0,00;0,00;0,00;-0,37;0,00;0,00;348;84;198;24;33;131;123
4598;0,67;-616,33;0,00;0,00;0,00;-0,62;0,00;0,00;236;100;125;15;30;325;837
4599;69,68;-20,51;0,00;0,00;0,00;-0,02;0,00;0,00;50;45;132;15;16;856;479
4600;28,66;-377,58;0,00;0,00;0,00;-0,38;0,00;0,00;321;152;10;33;24;255;828
4601;37,94;-347,81;0,00;0,00;0,00;-0,35;0,00;0,00;142;87;59;46;34;558;459
4602;82,68;179,58;0,00;0,00;0,00;0,18;0,00;0,00;129;45;160;49;29;302;117
4603;61,27;-47,41;0,00;0,00;0,00;-0,05;0,00;0,00;183;48;182;10;35;517;290
4604;27,14;-381,88;0,00;0,00;0,00;-0,38;0,00;0,00;148;168;144;41;21;715;566
4605;100,00;247,31;0,00;0,00;0,00;0,25;0,00;0,00;273;179;140;45;39;213;864
4606;38,03;-330,81;0,00;0,00;0,00;-0,33;0,00;0,00;72;68;126;19;38;585;136
4607;75,00;22,46;0,00;0,00;0,00;0,02;0,00;0,00;131;142;159;48;36;188;132
4608;55,82;-230,03;0,00;0,00;0,00;-0,23;0,00;0,00;407;164;31;15;21;664;214
4609;44,82;-365,60;0,00;0,00;0,00;-0,37;0,00;0,00;409;113;105;18;20;954;553
4610;47,20;-163,39;0,00;0,00;0,00;-0,16;0,00;0,00;197;157;100;29;30;319;740
4611;76,09;76,65;0,00;0,00;0,00;0,08;0,00;0,00;246;185;35;42;28;323;552
4612;30,46;-354,73;0,00;0,00;0,00;-0,35;0,00;0,00;209;33;36;28;32;950;967
4613;89,38;225,57;0,00;0,00;0,00;0,23;0,00;0,00;413;110;132;43;21;653;685
4614;38,28;-282,98;0,00;0,00;0,00;-0,28;0,00;0,00;482;195;138;22;30;133;889
4615;32,53;-281,63;0,00;0,00;0,00;-0,28;0,00;0,00;78;180;131;29;34;343;529
4616;56,48;-61,22;0,00;0,00;0,00;-0,06;0,00;0,00;291;18;31;20;29;859;355
4617;54,44;-81,19;0,00;0,00;0,00;-0,08;0,00;0,00;20;193;47;28;34;883;274
4618;93,10;257,45;0,00;0,00;0,00;0,26;0,00;0,00;44;157;135;12;34;473;786
4619;100,00;330,99;0,00;0,00;0,00;0,33;0,00;0,00;211;171;146;29;33;990;587
4620;44,77;-186,42;0,00;0,00;0,00;-0,19;0,00;0,00;372;102;56;49;32;476;751
4621;69,64;-34,03;0,00;0,00;0,00;-0,03;0,00;0,00;53;155;123;36;31;669;716
4622;8,04;-695,31;0,00;0,00;0,00;-0,70;0,00;0,00;39;55;124;40;16;113;206
4623;36,88;-248,18;0,00;0,00;0,00;-0,25;0,00;0,00;344;94;61;29;21;367;108
4624;65,21;-58,05;0,00;0,00;0,00;-0,06;0,00;0,00;452;166;158;24;38;312;475
4625;42,66;-248,71;0,00;0,00;0,00;-0,25;0,00;0,00;44;132;151;22;16;639;930
4626;54,42;-107,11;0,00;0,00;0,00;-0,11;0,00;0,00;327;63;73;37;27;677;287
4627;31,80;-306,70;0,00;0,00;0,00;-0,31;0,00;0,00;398;46;128;33;33;990;120
4628;40,04;-271,42;0,00;0,00;0,00;-0,27;0,00;0,00;492;125;13;47;22;424;280
4629;31,61;-344,42;0,00;0,00;0,00;-0,34;0,00;0,00;199;181;59;24;20;404;463
4630;22,27;-498,61;0,00;0,00;0,00;-0,50;0,00;0,00;54;19;69;21;30;127;436
4631;78,68;63,90;0,00;0,00;0,00;0,06;0,00;0,00;438;110;181;38;32;404;275
4632;14,09;-534,23;0,00;0,00;0,00;-0,53;0,00;0,00;208;134;172;20;29;961;290
4633;79,70;92,19;0,00;0,00;0,00;0,09;0,00;0,00;97;148;15;26;33;527;274
4634;79,19;74,02;0,00;0,00;0,00;0,07;0,00;0,00;491;110;166;18;18;351;347
4635;15,57;-594,80;0,00;0,00;0,00;-0,59;0,00;0,00;437;76;123;40;30;327;886
4636;31,18;-388,77;0,00;0,00;0,00;-0,39;0,00;0,00;129;179;151;49;36;687;461
4637;49,86;-183,40;0,00;0,00;0,00;-0,18;0,00;0,00;487;121;64;49;39;287;497
4638;14,77;-620,32;0,00;0,00;0,00;-0,62;0,00;0,00;94;155;162;11;33;384;331
4639;52,11;-219,91;0,00;0,00;0,00;-0,22;0,00;0,00;26;142;185;33;22;257;899
4640;46,22;-351,18;0,00;0,00;0,00;-0,35;0,00;0,00;354;119;165;37;25;408;128
4641;84,38;202,05;0,00;0,00;0,00;0,20;0,00;0,00;208;86;174;41;20;612;358
4642;44,37;-246,75;0,00;0,00;0,00;-0,25;0,00;0,00;318;96;37;12;18;762;482
4643;45,39;-260,58;0,00;0,00;0,00;-0,26;0,00;0,00;191;119;63;42;20;207;931
4644;50,57;-152,48;0,00;0,00;0,00;-0,15;0,00;0,00;128;138;15;16;36;514;777
4645;11,65;-597,09;0,00;0,00;0,00;-0,60;0,00;0,00;363;113;111;40;30;158;178
4646;9,41;-660,86;0,00;0,00;0,00;-0,66;0,00;0,00;36;88;48;44;39;859;388
4647;91,21;311,02;0,00;0,00;0,00;0,31;0,00;0,00;291;11;121;41;31;125;536
4648;66,69;-78,96;0,00;0,00;0,00;-0,08;0,00;0,00;297;137;28;46;24;986;907
4649;68,68;-41,09;0,00;0,00;0,00;-0,04;0,00;0,00;47;115;27;38;32;976;227
4650;18,85;-520,65;0,00;0,00;0,00;-0,52;0,00;0,00;348;80;126;49;35;569;472
4651;20,39;-561,08;0,00;0,00;0,00;-0,56;0,00;0,00;424;22;162;20;35;554;319
4652;76,29;114,57;0,00;0,00;0,00;0,11;0,00;0,00;172;53;171;41;22;755;358
4653;0,00;-675,51;0,00;0,00;0,00;-0,68;0,00;0,00;387;40;94;28;32;671;503
4654;35,04;-297,38;0,00;0,00;0,00;-0,30;0,00;0,00;152;134;145;32;24;364;140
4655;57,44;-128,93;0,00;0,00;0,00;-0,13;0,00;0,00;71;186;133;41;39;456;809
4656;56,05;-60,20;0,00;0,00;0,00;-0,06;0,00;0,00;432;40;140;16;21;767;249
4657;43,43;-289,29;0,00;0,00;0,00;-0,29;0,00;0,00;268;87;29;22;32;934;961
4658;55,75;-109,95;0,00;0,00;0,00;-0,11;0,00;0,00;456;13;153;10;33;925;632
4659;100,00;314,50;0,00;0,00;0,00;0,31;0,00;0,00;140;69;198;47;19;143;391
4660;65,74;-66,35;0,00;0,00;0,00;-0,07;0,00;0,00;82;12;56;18;32;573;589
4661;14,31;-583,54;0,00;0,00;0,00;-0,58;0,00;0,00;214;170;59;15;31;691;901
4662;70,56;-39,06;0,00;0,00;0,00;-0,04;0,00;0,00;376;87;182;36;33;781;379
4663;49,28;-208,80;0,00;0,00;0,00;-0,21;0,00;0,00;331;132;93;37;25;676;271
4664;36,30;-397,98;0,00;0,00;0,00;-0,40;0,00;0,00;256;81;188;15;27;443;289
4665;12,81;-528,51;0,00;0,00;0,00;-0,53;0,00;0,00;47;89;190;45;26;551;713
4666;59,66;-108,53;0,00;0,00;0,00;-0,11;0,00;0,00;471;121;107;18;15;993;669
4667;26,81;-300,40;0,00;0,00;0,00;-0,30;0,00;0,00;299;85;25;49;22;992;704
4668;58,44;-92,54;0,00;0,00;0,00;-0,09;0,00;0,00;357;37;31;30;39;740;674
4669;100,00;376,93;0,00;0,00;0,00;0,38;0,00;0,00;291;48;123;31;36;903;993
4670;54,66;-206,56;0,00;0,00;0,00;-0,21;0,00;0,00;208;192;17;27;32;685;806
4671;55,13;-99,09;0,00;0,00;0,00;-0,10;0,00;0,00;132;141;181;30;28;516;984
4672;80,30;87,86;0,00;0,00;0,00;0,09;0,00;0,00;319;178;154;15;24;178;292
4673;11,07;-518,89;0,00;0,00;0,00;-0,52;0,00;0,00;15;73;131;32;28;166;560
4674;75,70;48,60;0,00;0,00;0,00;0,05;0,00;0,00;129;57;115;49;38;817;575
4675;23,83;-531,55;0,00;0,00;0,00;-0,53;0,00;0,00;27;158;195;22;24;564;726
4676;24,48;-471,05;0,00;0,00;0,00;-0,47;0,00;0,00;260;39;61;33;21;893;230
4677;81,22;53,18;0,00;0,00;0,00;0,05;0,00;0,00;448;144;122;26;24;144;699
4678;43,21;-274,27;0,00;0,00;0,00;-0,27;0,00;0,00;13;147;169;14;24;995;920
4679;64,77;-45,53;0,00;0,00;0,00;-0,05;0,00;0,00;401;142;45;22;26;340;441
4680;62,83;-49,80;0,00;0,00;0,00;-0,05;0,00;0,00;146;47;185;17;29;837;173
4681;52,73;-125,13;0,00;0,00;0,00;-0,13;0,00;0,00;186;100;110;13;21;124;578
4682;52,47;-64,75;0,00;0,00;0,00;-0,06;0,00;0,00;174;108;80;18;33;824;576
4683;48,69;-289,77;0,00;0,00;0,00;-0,29;0,00;0,00;410;117;125;41;23;771;504
4684;86,06;158,38;0,00;0,00;0,00;0,16;0,00;0,00;340;161;109;46;30;350;573
4685;52,03;-193,52;0,00;0,00;0,00;-0,19;0,00;0,00;419;120;192;12;28;278;397
4686;32,94;-327,18;0,00;0,00;0,00;-0,33;0,00;0,00;193;178;109;41;17;609;733
4687;60,79;-4,76;0,00;0,00;0,00;-0,00;0,00;0,00;300;129;48;11;33;497;586
4688;20,40;-440,77;0,00;0,00;0,00;-0,44;0,00;0,00;265;141;70;19;35;989;770
4689;39,75;-384,04;0,00;0,00;0,00;-0,38;0,00;0,00;360;117;113;14;21;160;870
4690;40,32;-368,90;0,00;0,00;0,00;-0,37;0,00;0,00;174;97;146;37;28;984;774
4691;43,71;-297,98;0,00;0,00;0,00;-0,30;0,00;0,00;451;115;164;33;18;670;348
4692;80,87;57,58;0,00;0,00;0,00;0,06;0,00;0,00;236;66;108;33;31;883;159
4693;66,05;-37,41;0,00;0,00;0,00;-0,04;0,00;0,00;154;168;57;27;33;674;230
4694;56,84;-173,46;0,00;0,00;0,00;-0,17;0,00;0,00;434;26;156;44;24;269;261
4695;50,77;-163,14;0,00;0,00;0,00;-0,16;0,00;0,00;235;165;91;20;18;805;590
4696;39,98;-275,27;0,00;0,00;0,00;-0,28;0,00;0,00;303;68;21;15;32;842;723
4697;71,69;-16,91;0,00;0,00;0,00;-0,02;0,00;0,00;49;94;151;24;29;388;562
4698;52,34;-132,28;0,00;0,00;0,00;-0,13;0,00;0,00;435;73;159;45;19;599;368
4699;54,77;-180,92;0,00;0,00;0,00;-0,18;0,00;0,00;109;121;105;49;27;816;604
4700;80,85;121,75;0,00;0,00;0,00;0,12;0,00;0,00;136;48;35;34;19;398;724
4701;65,48;-39,01;0,00;0,00;0,00;-0,04;0,00;0,00;176;197;22;33;19;768;318
4702;60,66;-33,09;0,00;0,00;0,00;-0,03;0,00;0,00;113;191;39;32;18;406;665
4703;27,93;-419,06;0,00;0,00;0,00;-0,42;0,00;0,00;430;81;117;16;28;720;414
4704;76,56;29,94;0,00;0,00;0,00;0,03;0,00;0,00;158;83;155;42;26;589;911
4705;53,02;-163,61;0,00;0,00;0,00;-0,16;0,00;0,00;454;142;69;43;21;798;903
4706;65,69;-41,40;0,00;0,00;0,00;-0,04;0,00;0,00;223;10;40;13;22;897;859
4707;12,23;-601,80;0,00;0,00;0,00;-0,60;0,00;0,00;17;176;117;49;24;716;736
4708;55,66;-163,88;0,00;0,00;0,00;-0,16;0,00;0,00;52;41;11;19;15;116;572
4709;30,26;-428,87;0,00;0,00;0,00;-0,43;0,00;0,00;57;40;24;18;23;491;119
4710;15,60;-526,09;0,00;0,00;0,00;-0,53;0,00;0,00;179;156;185;46;18;876;356
4711;37,25;-377,91;0,00;0,00;0,00;-0,38;0,00;0,00;432;163;101;34;34;365;796
4712;70,91;80,37;0,00;0,00;0,00;0,08;0,00;0,00;51;93;49;40;22;857;484
4713;25,84;-401,37;0,00;0,00;0,00;-0,40;0,00;0,00;487;23;180;27;36;561;622
4714;37,78;-230,02;0,00;0,00;0,00;-0,23;0,00;0,00;169;196;27;40;24;180;360
4715;63,77;-37,56;0,00;0,00;0,00;-0,04;0,00;0,00;150;125;59;28;39;541;388
4716;63,64;-59,73;0,00;0,00;0,00;-0,06;0,00;0,00;310;89;58;30;28;285;748
4717;5,40;-611,45;0,00;0,00;0,00;-0,61;0,00;0,00;496;40;44;44;36;577;261
4718;46,69;-271,10;0,00;0,00;0,00;-0,27;0,00;0,00;377;48;106;23;23;921;351
4719;24,90;-519,32;0,00;0,00;0,00;-0,52;0,00;0,00;455;66;155;22;22;354;475
4720;34,37;-309,76;0,00;0,00;0,00;-0,31;0,00;0,00;176;55;77;49;21;892;538
4721;60,31;-63,24;0,00;0,00;0,00;-0,06;0,00;0,00;478;72;68;20;26;592;682
4722;82,43;138,89;0,00;0,00;0,00;0,14;0,00;0,00;324;166;77;17;30;582;595
4723;77,72;174,29;0,00;0,00;0,00;0,17;0,00;0,00;62;89;14;25;19;491;907
4724;73,27;31,01;0,00;0,00;0,00;0,03;0,00;0,00;242;147;156;42;24;352;261
4725;59,33;-164,38;0,00;0,00;0,00;-0,16;0,00;0,00;463;189;152;37;22;459;339
4726;79,54;111,90;0,00;0,00;0,00;0,11;0,00;0,00;137;181;89;46;36;691;654
4727;52,01;-163,62;0,00;0,00;0,00;-0,16;0,00;0,00;37;70;39;33;38;372;801
4728;76,66;147,20;0,00;0,00;0,00;0,15;0,00;0,00;89;108;172;38;35;955;540
4729;15,57;-537,05;0,00;0,00;0,00;-0,54;0,00;0,00;336;165;30;33;20;236;471
4730;47,54;-298,87;0,00;0,00;0,00;-0,30;0,00;0,00;240;187;124;36;36;469;374
4731;76,26;79,35;0,00;0,00;0,00;0,08;0,00;0,00;20;172;110;40;34;360;397
4732;57,12;-203,32;0,00;0,00;0,00;-0,20;0,00;0,00;333;184;20;48;24;475;923
4733;59,15;-160,39;0,00;0,00;0,00;-0,16;0,00;0,00;128;117;109;38;24;404;712
4734;25,05;-499,97;0,00;0,00;0,00;-0,50;0,00;0,00;83;98;181;41;35;674;374
4735;69,01;16,18;0,00;0,00;0,00;0,02;0,00;0,00;162;180;195;30;29;280;758
4736;73,00;31,77;0,00;0,00;0,00;0,03;0,00;0,00;81;146;124;42;28;134;501
4737;40,79;-202,05;0,00;0,00;0,00;-0,20;0,00;0,00;12;76;123;16;18;580;564
4738;37,33;-221,06;0,00;0,00;0,00;-0,22;0,00;0,00;202;145;178;45;37;766;278
4739;71,77;55,35;0,00;0,00;0,00;0,06;0,00;0,00;391;67;102;23;17;141;210
4740;80,25;106,42;0,00;0,00;0,00;0,11;0,00;0,00;265;117;151;34;36;106;345
4741;68,30;0,16;0,00;0,00;0,00;0,00;0,00;0,00;349;62;171;47;32;712;593
4742;91,99;205,02;0,00;0,00;0,00;0,21;0,00;0,00;448;75;74;38;20;122;736
4743;39,23;-292,26;0,00;0,00;0,00;-0,29;0,00;0,00;102;185;180;16;20;928;655
4744;66,90;-26,00;0,00;0,00;0,00;-0,03;0,00;0,00;304;25;86;25;38;705;696
4745;0,00;-670,30;0,00;0,00;0,00;-0,67;0,00;0,00;28;193;38;42;32;117;181
4746;56,09;-117,40;0,00;0,00;0,00;-0,12;0,00;0,00;494;72;167;36;30;219;600
4747;91,94;195,69;0,00;0,00;0,00;0,20;0,00;0,00;83;68;150;39;15;499;655
4748;64,20;15,71;0,00;0,00;0,00;0,02;0,00;0,00;402;20;138;18;39;685;872
4749;16,67;-556,17;0,00;0,00;0,00;-0,56;0,00;0,00;56;140;28;36;17;773;243
4750;76,06;144,91;0,00;0,00;0,00;0,14;0,00;0,00;376;167;43;23;15;647;481
4751;100,00;237,07;0,00;0,00;0,00;0,24;0,00;0,00;202;10;155;17;37;874;821
4752;45,23;-201,44;0,00;0,00;0,00;-0,20;0,00;0,00;478;123;74;35;34;349;382
4753;31,17;-386,85;0,00;0,00;0,00;-0,39;0,00;0,00;450;87;21;48;25;501;849
4754;5,61;-664,08;0,00;0,00;0,00;-0,66;0,00;0,00;434;105;80;23;26;784;481
4755;48,55;-157,87;0,00;0,00;0,00;-0,16;0,00;0,00;376;150;37;10;27;518;317
4756;64,51;-10,15;0,00;0,00;0,00;-0,01;0,00;0,00;81;53;27;34;33;152;289
4757;54,54;-133,00;0,00;0,00;0,00;-0,13;0,00;0,00;159;145;159;44;15;483;637
4758;64,72;-17,80;0,00;0,00;0,00;-0,02;0,00;0,00;284;191;141;45;34;878;649
4759;76,94;94,40;0,00;0,00;0,00;0,09;0,00;0,00;403;56;173;27;18;316;139
4760;70,88;-11,87;0,00;0,00;0,00;-0,01;0,00;0,00;286;55;189;27;30;660;111
4761;49,49;-133,82;0,00;0,00;0,00;-0,13;0,00;0,00;379;86;86;19;33;512;114
4762;31,96;-408,15;0,00;0,00;0,00;-0,41;0,00;0,00;429;39;34;37;16;129;138
4763;63,01;-11,01;0,00;0,00;0,00;-0,01;0,00;0,00;305;141;97;45;30;736;641
4764;55,00;-140,43;0,00;0,00;0,00;-0,14;0,00;0,00;485;103;33;47;21;926;641
4765;41,88;-317,38;0,00;0,00;0,00;-0,32;0,00;0,00;380;20;145;20;23;790;500
4766;23,55;-416,20;0,00;0,00;0,00;-0,42;0,00;0,00;337;73;122;49;17;914;753
4767;0,00;-673,33;0,00;0,00;0,00;-0,67;0,00;0,00;392;76;177;19;34;835;413
4768;18,45;-516,88;0,00;0,00;0,00;-0,52;0,00;0,00;287;198;18;29;19;929;761
4769;10,24;-602,46;0,00;0,00;0,00;-0,60;0,00;0,00;69;194;183;27;37;464;187
4770;53,65;-190,50;0,00;0,00;0,00;-0,19;0,00;0,00;224;50;147;15;31;888;213
4771;61,40;-54,66;0,00;0,00;0,00;-0,05;0,00;0,00;74;161;198;25;15;472;689
4772;41,29;-249,51;0,00;0,00;0,00;-0,25;0,00;0,00;96;116;164;11;16;770;503
4773;65,17;36,56;0,00;0,00;0,00;0,04;0,00;0,00;252;183;72;42;29;362;735
4774;42,16;-246,49;0,00;0,00;0,00;-0,25;0,00;0,00;10;52;24;24;30;630;704
4775;39,25;-259,72;0,00;0,00;0,00;-0,26;0,00;0,00;86;25;32;21;16;637;604
4776;18,58;-586,42;0,00;0,00;0,00;-0,59;0,00;0,00;244;136;70;39;25;774;604
4777;22,00;-460,08;0,00;0,00;0,00;-0,46;0,00;0,00;447;48;11;33;28;306;336
4778;38,11;-362,21;0,00;0,00;0,00;-0,36;0,00;0,00;82;91;112;30;35;256;153
4779;24,20;-377,70;0,00;0,00;0,00;-0,38;0,00;0,00;174;112;142;37;38;502;162
4780;68,77;24,76;0,00;0,00;0,00;0,02;0,00;0,00;266;161;11;13;20;645;824
4781;47,15;-220,12;0,00;0,00;0,00;-0,22;0,00;0,00;145;115;185;26;39;218;854
4782;50,26;-157,42;0,00;0,00;0,00;-0,16;0,00;0,00;362;116;89;39;27;751;366
4783;57,63;-154,04;0,00;0,00;0,00;-0,15;0,00;0,00;191;80;160;23;28;596;582
4784;65,06;-86,41;0,00;0,00;0,00;-0,09;0,00;0,00;36;167;133;24;31;543;938
4785;36,74;-380,60;0,00;0,00;0,00;-0,38;0,00;0,00;93;18;27;18;28;468;692
4786;84,46;122,26;0,00;0,00;0,00;0,12;0,00;0,00;227;80;134;19;27;154;354
4787;65,22;-62,58;0,00;0,00;0,00;-0,06;0,00;0,00;209;18;133;15;19;954;380
4788;76,96;64,79;0,00;0,00;0,00;0,06;0,00;0,00;359;176;136;38;33;226;828
4789;50,12;-178,11;0,00;0,00;0,00;-0,18;0,00;0,00;336;137;27;21;20;200;130
4790;29,10;-403,01;0,00;0,00;0,00;-0,40;0,00;0,00;151;187;114;21;38;502;951
4791;75,27;58,16;0,00;0,00;0,00;0,06;0,00;0,00;143;147;37;29;21;283;526
4792;28,55;-482,46;0,00;0,00;0,00;-0,48;0,00;0,00;205;117;89;45;20;162;208
4793;33,99;-298,59;0,00;0,00;0,00;-0,30;0,00;0,00;236;58;114;14;38;922;799
4794;44,80;-232,71;0,00;0,00;0,00;-0,23;0,00;0,00;460;58;136;27;29;726;472
4795;13,00;-556,48;0,00;0,00;0,00;-0,56;0,00;0,00;165;14;135;42;31;412;627
4796;63,62;-32,40;0,00;0,00;0,00;-0,03;0,00;0,00;444;101;112;43;32;412;200
4797;81,22;82,75;0,00;0,00;0,00;0,08;0,00;0,00;37;31;10;37;33;492;225
4798;100,00;337,42;0,00;0,00;0,00;0,34;0,00;0,00;158;32;71;32;38;629;445
4799;65,43;-25,12;0,00;0,00;0,00;-0,03;0,00;0,00;452;13;54;27;15;232;875
4800;41,47;-264,25;0,00;0,00;0,00;-0,26;0,00;0,00;289;125;68;28;25;378;112
4801;3,74;-627,66;0,00;0,00;0,00;-0,63;0,00;0,00;202;91;193;14;19;489;832
4802;86,03;183,36;0,00;0,00;0,00;0,18;0,00;0,00;383;184;72;26;39;648;700
4803;86,48;142,32;0,00;0,00;0,00;0,14;0,00;0,00;41;22;36;26;27;392;373
4804;68,45;42,19;0,00;0,00;0,00;0,04;0,00;0,00;182;168;101;32;23;757;903
4805;52,97;-167,43;0,00;0,00;0,00;-0,17;0,00;0,00;321;189;134;49;22;440;368
4806;73,06;81,17;0,00;0,00;0,00;0,08;0,00;0,00;326;79;150;39;37;463;222
4807;8,36;-581,81;0,00;0,00;0,00;-0,58;0,00;0,00;72;118;81;47;23;491;202
4808;66,57;-19,38;0,00;0,00;0,00;-0,02;0,00;0,00;180;45;71;37;36;727;496
4809;42,63;-254,66;0,00;0,00;0,00;-0,25;0,00;0,00;207;124;58;40;24;945;244
4810;25,98;-466,79;0,00;0,00;0,00;-0,47;0,00;0,00;446;106;97;45;34;863;199
4811;36,95;-360,10;0,00;0,00;0,00;-0,36;0,00;0,00;157;124;135;36;28;264;783
4812;50,57;-234,93;0,00;0,00;0,00;-0,23;0,00;0,00;192;91;134;27;39;679;584
4813;72,29;50,18;0,00;0,00;0,00;0,05;0,00;0,00;17;51;50;36;33;339;972
4814;94,74;198,01;0,00;0,00;0,00;0,20;0,00;0,00;103;165;60;45;25;218;509
4815;50,90;-174,52;0,00;0,00;0,00;-0,17;0,00;0,00;346;48;198;38;34;241;732
4816;24,78;-409,53;0,00;0,00;0,00;-0,41;0,00;0,00;438;113;50;15;36;789;748
4817;12,03;-473,63;0,00;0,00;0,00;-0,47;0,00;0,00;340;154;61;31;39;188;685
4818;48,21;-144,33;0,00;0,00;0,00;-0,14;0,00;0,00;450;55;197;11;30;379;340
4819;63,04;-86,10;0,00;0,00;0,00;-0,09;0,00;0,00;343;108;48;18;20;673;164
4820;59,15;-92,10;0,00;0,00;0,00;-0,09;0,00;0,00;482;21;155;39;25;875;820
4821;26,90;-476,75;0,00;0,00;0,00;-0,48;0,00;0,00;152;137;141;22;16;680;296
4822;12,13;-630,12;0,00;0,00;0,00;-0,63;0,00;0,00;117;98;95;20;20;391;623
4823;56,42;-82,53;0,00;0,00;0,00;-0,08;0,00;0,00;485;123;122;23;37;170;655
4824;52,34;-143,75;0,00;0,00;0,00;-0,14;0,00;0,00;274;138;108;36;28;363;246
4825;69,60;-18,21;0,00;0,00;0,00;-0,02;0,00;0,00;280;22;197;12;21;491;209
4826;68,88;25,66;0,00;0,00;0,00;0,03;0,00;0,00;233;83;160;28;39;476;852
4827;83,41;141,20;0,00;0,00;0,00;0,14;0,00;0,00;125;199;92;48;18;690;962
4828;42,96;-206,48;0,00;0,00;0,00;-0,21;0,00;0,00;128;55;49;13;32;175;503
4829;86,38;147,23;0,00;0,00;0,00;0,15;0,00;0,00;88;20;148;13;28;459;562
4830;9,99;-580,53;0,00;0,00;0,00;-0,58;0,00;0,00;424;119;55;45;32;448;543
4831;42,52;-256,49;0,00;0,00;0,00;-0,26;0,00;0,00;354;138;14;17;21;895;896
4832;100,00;339,55;0,00;0,00;0,00;0,34;0,00;0,00;498;64;187;32;20;645;837
4833;68,80;8,28;0,00;0,00;0,00;0,01;0,00;0,00;246;176;164;28;15;879;186
4834;81,22;96,78;0,00;0,00;0,00;0,10;0,00;0,00;142;135;190;19;27;656;233
4835;70,83;3,23;0,00;0,00;0,00;0,00;0,00;0,00;409;37;113;15;33;645;670
4836;100,00;285,08;0,00;0,00;0,00;0,29;0,00;0,00;178;104;59;44;35;386;456
4837;16,00;-468,45;0,00;0,00;0,00;-0,47;0,00;0,00;367;66;122;16;21;852;500
4838;14,79;-610,09;0,00;0,00;0,00;-0,61;0,00;0,00;268;61;98;45;15;469;111
4839;53,56;-183,32;0,00;0,00;0,00;-0,18;0,00;0,00;439;183;107;27;24;145;141
4840;11,77;-491,09;0,00;0,00;0,00;-0,49;0,00;0,00;124;129;128;36;20;110;200
4841;49,87;-213,26;0,00;0,00;0,00;-0,21;0,00;0,00;223;179;136;44;30;299;571
4842;86,96;253,28;0,00;0,00;0,00;0,25;0,00;0,00;456;33;90;26;29;337;840
4843;30,55;-479,33;0,00;0,00;0,00;-0,48;0,00;0,00;317;125;59;15;26;938;674
4844;54,55;-187,82;0,00;0,00;0,00;-0,19;0,00;0,00;469;195;187;31;28;441;508
4845;66,50;-112,62;0,00;0,00;0,00;-0,11;0,00;0,00;403;178;182;22;32;326;541
4846;87,43;246,13;0,00;0,00;0,00;0,25;0,00;0,00;474;103;131;46;37;261;922
4847;36,98;-335,91;0,00;0,00;0,00;-0,34;0,00;0,00;206;116;73;48;33;572;217
4848;58,77;-63,44;0,00;0,00;0,00;-0,06;0,00;0,00;108;176;76;26;23;528;147
4849;27,52;-416,03;0,00;0,00;0,00;-0,42;0,00;0,00;207;177;24;46;19;300;626
4850;80,36;105,06;0,00;0,00;0,00;0,11;0,00;0,00;301;79;191;35;22;639;141
4851;31,65;-410,94;0,00;0,00;0,00;-0,41;0,00;0,00;348;97;190;45;24;204;752
4852;58,54;-121,36;0,00;0,00;0,00;-0,12;0,00;0,00;476;43;20;43;20;924;817
4853;97,19;301,49;0,00;0,00;0,00;0,30;0,00;0,00;246;187;93;32;39;638;415
4854;52,98;-170,21;0,00;0,00;0,00;-0,17;0,00;0,00;36;32;115;25;28;597;458
4855;60,67;-232,47;0,00;0,00;0,00;-0,23;0,00;0,00;372;105;30;33;24;210;777
4856;33,86;-439,16;0,00;0,00;0,00;-0,44;0,00;0,00;273;137;178;46;24;893;475
4857;59,79;-56,53;0,00;0,00;0,00;-0,06;0,00;0,00;156;197;55;25;34;532;720
4858;6,66;-673,19;0,00;0,00;0,00;-0,67;0,00;0,00;73;80;66;44;34;414;339
4859;52,43;-182,19;0,00;0,00;0,00;-0,18;0,00;0,00;284;149;15;22;38;855;161
4860;63,98;-64,03;0,00;0,00;0,00;-0,06;0,00;0,00;163;145;16;36;16;874;643
4861;31,46;-400,45;0,00;0,00;0,00;-0,40;0,00;0,00;442;153;176;14;29;490;909
4862;35,19;-333,77;0,00;0,00;0,00;-0,33;0,00;0,00;222;101;48;42;32;509;121
4863;91,11;234,75;0,00;0,00;0,00;0,23;0,00;0,00;312;180;102;18;35;634;861
4864;52,70;-246,42;0,00;0,00;0,00;-0,25;0,00;0,00;268;123;116;22;39;352;312
4865;27,93;-353,87;0,00;0,00;0,00;-0,35;0,00;0,00;93;62;61;33;23;340;373
4866;35,62;-361,78;0,00;0,00;0,00;-0,36;0,00;0,00;364;107;72;35;29;529;916
4867;42,26;-324,26;0,00;0,00;0,00;-0,32;0,00;0,00;26;127;124;10;30;709;885
4868;58,54;-191,31;0,00;0,00;0,00;-0,19;0,00;0,00;268;117;38;37;20;449;159
4869;33,14;-277,28;0,00;0,00;0,00;-0,28;0,00;0,00;339;93;146;15;29;252;467
4870;39,39;-233,71;0,00;0,00;0,00;-0,23;0,00;0,00;193;80;95;26;19;442;696
4871;76,05;41,82;0,00;0,00;0,00;0,04;0,00;0,00;315;55;175;26;18;348;640
4872;39,41;-326,32;0,00;0,00;0,00;-0,33;0,00;0,00;16;79;92;27;18;985;568
4873;17,91;-556,77;0,00;0,00;0,00;-0,56;0,00;0,00;134;22;106;12;32;409;275
4874;25,41;-464,32;0,00;0,00;0,00;-0,46;0,00;0,00;55;147;154;36;25;766;489
4875;57,53;-50,65;0,00;0,00;0,00;-0,05;0,00;0,00;202;102;155;39;18;851;778
4876;53,94;-154,21;0,00;0,00;0,00;-0,15;0,00;0,00;457;159;61;43;25;689;652
4877;32,54;-392,33;0,00;0,00;0,00;-0,39;0,00;0,00;174;89;140;16;30;951;498
4878;51,73;-226,61;0,00;0,00;0,00;-0,23;0,00;0,00;144;84;58;30;25;487;501
4879;49,67;-195,31;0,00;0,00;0,00;-0,20;0,00;0,00;394;86;122;12;28;358;304
4880;6,99;-668,21;0,00;0,00;0,00;-0,67;0,00;0,00;371;47;88;19;15;666;533
4881;22,72;-425,66;0,00;0,00;0,00;-0,43;0,00;0,00;264;182;117;39;34;744;471
4882;26,81;-485,11;0,00;0,00;0,00;-0,49;0,00;0,00;396;144;66;39;32;768;377
4883;54,48;-79,52;0,00;0,00;0,00;-0,08;0,00;0,00;424;139;162;17;30;489;531
4884;80,85;55,53;0,00;0,00;0,00;0,06;0,00;0,00;78;194;157;11;32;325;571
4885;18,31;-503,41;0,00;0,00;0,00;-0,50;0,00;0,00;347;147;12;47;20;491;446
4886;48,72;-256,96;0,00;0,00;0,00;-0,26;0,00;0,00;414;139;82;47;17;649;155
4887;44,84;-246,82;0,00;0,00;0,00;-0,25;0,00;0,00;175;107;140;37;34;520;507
4888;65,41;-19,62;0,00;0,00;0,00;-0,02;0,00;0,00;12;50;197;13;33;796;615
4889;49,52;-152,12;0,00;0,00;0,00;-0,15;0,00;0,00;161;41;191;22;28;124;580
4890;46,21;-291,31;0,00;0,00;0,00;-0,29;0,00;0,00;466;152;17;33;19;688;444
4891;77,08;50,91;0,00;0,00;0,00;0,05;0,00;0,00;372;165;111;21;17;810;264
4892;44,81;-342,44;0,00;0,00;0,00;-0,34;0,00;0,00;476;63;52;34;15;598;103
4893;75,69;142,34;0,00;0,00;0,00;0,14;0,00;0,00;280;70;168;47;17;294;201
4894;30,22;-411,14;0,00;0,00;0,00;-0,41;0,00;0,00;195;85;20;46;36;845;542
4895;59,37;-89,62;0,00;0,00;0,00;-0,09;0,00;0,00;462;41;22;41;22;144;543
4896;41,29;-323,54;0,00;0,00;0,00;-0,32;0,00;0,00;482;81;184;11;16;176;687
4897;63,74;-76,80;0,00;0,00;0,00;-0,08;0,00;0,00;118;155;196;22;22;490;289
4898;47,23;-236,09;0,00;0,00;0,00;-0,24;0,00;0,00;440;59;35;14;15;758;798
4899;22,50;-431,32;0,00;0,00;0,00;-0,43;0,00;0,00;109;50;97;46;37;141;385
4900;66,20;-15,83;0,00;0,00;0,00;-0,02;0,00;0,00;408;14;105;19;26;834;738
4901;35,39;-363,54;0,00;0,00;0,00;-0,36;0,00;0,00;267;167;151;15;29;491;157
4902;32,22;-346,67;0,00;0,00;0,00;-0,35;0,00;0,00;237;26;180;35;31;956;822
4903;24,87;-430,43;0,00;0,00;0,00;-0,43;0,00;0,00;383;91;122;39;30;634;808
4904;62,06;-72,77;0,00;0,00;0,00;-0,07;0,00;0,00;463;172;19;36;22;961;902
4905;56,06;-203,65;0,00;0,00;0,00;-0,20;0,00;0,00;397;72;32;18;36;134;939
4906;12,44;-484,65;0,00;0,00;0,00;-0,48;0,00;0,00;109;121;33;35;26;762;538
4907;37,78;-316,33;0,00;0,00;0,00;-0,32;0,00;0,00;210;142;182;31;18;204;725
4908;45,94;-307,79;0,00;0,00;0,00;-0,31;0,00;0,00;28;41;139;37;27;858;708
4909;70,75;0,05;0,00;0,00;0,00;0,00;0,00;0,00;265;151;156;19;38;915;972
4910;76,67;12,61;0,00;0,00;0,00;0,01;0,00;0,00;220;111;177;34;26;127;101
4911;36,66;-360,18;0,00;0,00;0,00;-0,36;0,00;0,00;175;174;34;30;19;384;491
4912;29,86;-439,85;0,00;0,00;0,00;-0,44;0,00;0,00;459;177;110;43;16;240;198
4913;33,31;-395,16;0,00;0,00;0,00;-0,40;0,00;0,00;438;128;71;21;38;163;613
4914;59,64;-104,30;0,00;0,00;0,00;-0,10;0,00;0,00;187;57;128;18;39;625;343
4915;46,32;-164,80;0,00;0,00;0,00;-0,16;0,00;0,00;421;178;36;23;31;147;988
4916;22,97;-392,78;0,00;0,00;0,00;-0,39;0,00;0,00;412;131;122;28;32;122;387
4917;77,31;34,69;0,00;0,00;0,00;0,03;0,00;0,00;388;130;127;44;29;892;163
4918;81,68;70,73;0,00;0,00;0,00;0,07;0,00;0,00;159;142;24;10;24;835;295
4919;23,60;-512,72;0,00;0,00;0,00;-0,51;0,00;0,00;240;46;21;28;26;324;412
4920;45,33;-261,91;0,00;0,00;0,00;-0,26;0,00;0,00;362;65;167;19;38;838;510
4921;82,35;118,05;0,00;0,00;0,00;0,12;0,00;0,00;24;41;122;23;31;562;812
4922;72,99;67,68;0,00;0,00;0,00;0,07;0,00;0,00;490;109;195;31;39;783;739
4923;100,00;315,15;0,00;0,00;0,00;0,32;0,00;0,00;455;111;39;19;22;605;968
4924;13,05;-544,32;0,00;0,00;0,00;-0,54;0,00;0,00;487;124;155;30;35;584;254
4925;79,07;128,84;0,00;0,00;0,00;0,13;0,00;0,00;112;165;71;20;25;619;268
4926;64,93;-34,15;0,00;0,00;0,00;-0,03;0,00;0,00;178;62;125;47;21;697;986
4927;70,88;-69,75;0,00;0,00;0,00;-0,07;0,00;0,00;436;103;167;15;26;790;344
4928;27,76;-450,09;0,00;0,00;0,00;-0,45;0,00;0,00;210;127;80;32;17;984;450
4929;71,63;22,00;0,00;0,00;0,00;0,02;0,00;0,00;445;177;31;47;20;911;942
4930;91,14;273,39;0,00;0,00;0,00;0,27;0,00;0,00;429;160;89;14;21;730;123
4931;100,00;319,06;0,00;0,00;0,00;0,32;0,00;0,00;425;28;116;38;31;406;127
4932;62,58;-151,71;0,00;0,00;0,00;-0,15;0,00;0,00;361;161;60;26;29;133;575
4933;56,46;-166,58;0,00;0,00;0,00;-0,17;0,00;0,00;71;184;93;35;35;751;322
4934;62,99;-96,80;0,00;0,00;0,00;-0,10;0,00;0,00;405;114;96;17;26;745;515
4935;47,65;-178,19;0,00;0,00;0,00;-0,18;0,00;0,00;369;173;97;31;19;766;353
4936;50,87;-300,30;0,00;0,00;0,00;-0,30;0,00;0,00;327;164;58;42;17;559;119
4937;60,96;-98,49;0,00;0,00;0,00;-0,10;0,00;0,00;492;147;181;23;25;456;897
4938;63,00;-107,79;0,00;0,00;0,00;-0,11;0,00;0,00;179;129;157;37;25;613;301
4939;21,40;-560,87;0,00;0,00;0,00;-0,56;0,00;0,00;359;61;191;32;16;429;459
4940;66,06;-43,98;0,00;0,00;0,00;-0,04;0,00;0,00;119;143;51;46;22;397;736
4941;32,26;-404,90;0,00;0,00;0,00;-0,40;0,00;0,00;307;135;106;44;20;588;309
4942;19,08;-535,04;0,00;0,00;0,00;-0,54;0,00;0,00;80;108;160;42;26;761;293
4943;35,40;-412,94;0,00;0,00;0,00;-0,41;0,00;0,00;245;173;41;33;20;464;122
4944;57,19;-157,48;0,00;0,00;0,00;-0,16;0,00;0,00;118;190;54;36;37;609;902
4945;41,04;-308,53;0,00;0,00;0,00;-0,31;0,00;0,00;192;109;164;48;36;908;596
4946;59,42;-90,98;0,00;0,00;0,00;-0,09;0,00;0,00;99;49;149;16;16;170;530
4947;78,68;119,38;0,00;0,00;0,00;0,12;0,00;0,00;175;132;95;39;22;406;885
4948;26,57;-417,05;0,00;0,00;0,00;-0,42;0,00;0,00;344;40;172;36;30;719;848
4949;61,30;-110,80;0,00;0,00;0,00;-0,11;0,00;0,00;396;15;128;47;21;252;451
4950;0,58;-647,66;0,00;0,00;0,00;-0,65;0,00;0,00;149;120;131;16;35;945;126
4951;57,50;-106,86;0,00;0,00;0,00;-0,11;0,00;0,00;395;193;69;36;23;322;973
4952;80,38;103,91;0,00;0,00;0,00;0,10;0,00;0,00;89;102;34;19;22;810;100
4953;93,93;269,41;0,00;0,00;0,00;0,27;0,00;0,00;79;62;117;36;38;993;810
4954;6,93;-663,20;0,00;0,00;0,00;-0,66;0,00;0,00;242;111;178;11;32;763;211
4955;24,82;-479,97;0,00;0,00;0,00;-0,48;0,00;0,00;488;191;28;11;29;392;524
4956;40,48;-218,67;0,00;0,00;0,00;-0,22;0,00;0,00;271;94;28;37;28;572;712
4957;35,49;-268,40;0,00;0,00;0,00;-0,27;0,00;0,00;54;46;59;40;34;443;926
4958;100,00;306,22;0,00;0,00;0,00;0,31;0,00;0,00;125;128;173;38;17;859;896
4959;42,54;-334,32;0,00;0,00;0,00;-0,33;0,00;0,00;207;49;167;36;17;574;824
4960;71,20;-85,65;0,00;0,00;0,00;-0,09;0,00;0,00;465;144;192;45;33;177;607
4961;99,08;227,62;0,00;0,00;0,00;0,23;0,00;0,00;326;152;65;39;34;285;641
4962;25,02;-495,37;0,00;0,00;0,00;-0,50;0,00;0,00;464;22;27;25;32;775;974
4963;72,69;-52,25;0,00;0,00;0,00;-0,05;0,00;0,00;424;148;98;37;28;149;487
4964;63,54;-92,09;0,00;0,00;0,00;-0,09;0,00;0,00;360;158;10;27;24;883;208
4965;12,94;-605,34;0,00;0,00;0,00;-0,61;0,00;0,00;157;180;26;40;15;678;509
4966;59,43;-154,65;0,00;0,00;0,00;-0,15;0,00;0,00;466;108;125;29;29;756;187
4967;82,80;45,97;0,00;0,00;0,00;0,05;0,00;0,00;399;74;91;42;25;279;225
4968;26,47;-367,94;0,00;0,00;0,00;-0,37;0,00;0,00;467;24;17;13;29;936;678
4969;38,03;-302,43;0,00;0,00;0,00;-0,30;0,00;0,00;442;14;174;43;30;175;357
4970;18,14;-392,91;0,00;0,00;0,00;-0,39;0,00;0,00;74;51;195;25;32;688;297
4971;36,61;-411,73;0,00;0,00;0,00;-0,41;0,00;0,00;209;92;185;39;31;376;720
4972;27,59;-425,79;0,00;0,00;0,00;-0,43;0,00;0,00;338;130;65;15;34;657;657
4973;46,38;-295,18;0,00;0,00;0,00;-0,30;0,00;0,00;270;128;113;41;39;990;599
4974;21,08;-501,97;0,00;0,00;0,00;-0,50;0,00;0,00;104;112;89;41;31;452;890
4975;62,55;-43,85;0,00;0,00;0,00;-0,04;0,00;0,00;278;22;47;20;33;558;234
4976;68,68;0,73;0,00;0,00;0,00;0,00;0,00;0,00;189;90;168;34;17;599;222
4977;25,43;-345,98;0,00;0,00;0,00;-0,35;0,00;0,00;183;145;162;42;16;111;260
4978;29,69;-494,07;0,00;0,00;0,00;-0,49;0,00;0,00;70;51;85;39;38;102;634
4979;52,17;-151,33;0,00;0,00;0,00;-0,15;0,00;0,00;351;158;119;20;24;204;440
4980;27,24;-432,92;0,00;0,00;0,00;-0,43;0,00;0,00;147;160;112;12;28;673;752
4981;58,74;-117,41;0,00;0,00;0,00;-0,12;0,00;0,00;60;192;50;19;23;367;916
4982;62,03;-95,83;0,00;0,00;0,00;-0,10;0,00;0,00;366;185;75;46;36;320;943
4983;64,16;-101,50;0,00;0,00;0,00;-0,10;0,00;0,00;110;133;94;35;21;650;809
4984;82,99;173,56;0,00;0,00;0,00;0,17;0,00;0,00;382;139;13;13;28;804;714
4985;58,30;-195,97;0,00;0,00;0,00;-0,20;0,00;0,00;40;184;34;46;34;986;495
4986;19,57;-501,29;0,00;0,00;0,00;-0,50;0,00;0,00;160;35;159;20;17;773;503
4987;73,35;-38,09;0,00;0,00;0,00;-0,04;0,00;0,00;398;118;117;13;19;972;988
4988;60,70;-72,77;0,00;0,00;0,00;-0,07;0,00;0,00;382;157;57;14;34;323;469
4989;52,54;-200,42;0,00;0,00;0,00;-0,20;0,00;0,00;355;15;81;23;39;237;414
4990;72,96;-34,96;0,00;0,00;0,00;-0,03;0,00;0,00;227;134;156;46;22;859;419
4991;79,92;6,31;0,00;0,00;0,00;0,01;0,00;0,00;20;20;69;11;17;646;729
4992;72,19;60,56;0,00;0,00;0,00;0,06;0,00;0,00;84;55;179;13;32;790;288
4993;85,68;121,33;0,00;0,00;0,00;0,12;0,00;0,00;486;65;151;40;38;519;847
4994;26,98;-369,08;0,00;0,00;0,00;-0,37;0,00;0,00;404;157;133;23;37;564;250
4995;28,71;-432,29;0,00;0,00;0,00;-0,43;0,00;0,00;380;55;40;23;23;849;554
4996;59,22;-177,27;0,00;0,00;0,00;-0,18;0,00;0,00;36;184;94;34;34;393;184
4997;57,03;-186,50;0,00;0,00;0,00;-0,19;0,00;0,00;487;99;187;28;29;538;759
4998;25,76;-377,29;0,00;0,00;0,00;-0,38;0,00;0,00;437;185;100;21;21;775;141
4999;0,68;-664,58;0,00;0,00;0,00;-0,66;0,00;0,00;486;139;108;33;27;267;206
5000;54,38;-109,54;0,00;0,00;0,00;-0,11;0,00;0,00;393;73;179;31;39;197;576
5001;11,15;-536,04;0,00;0,00;0,00;-0,54;0,00;0,00;47;93;132;42;30;230;818
5002;73,40;36,93;0,00;0,00;0,00;0,04;0,00;0,00;84;194;41;12;29;495;698
5003;60,15;-42,03;0,00;0,00;0,00;-0,04;0,00;0,00;133;47;26;49;23;754;882
5004;0,00;-653,20;0,00;0,00;0,00;-0,65;0,00;0,00;381;165;69;15;26;834;968
5005;79,03;12,10;0,00;0,00;0,00;0,01;0,00;0,00;15;172;130;37;24;204;742
5006;85,36;143,29;0,00;0,00;0,00;0,14;0,00;0,00;296;15;180;28;15;769;909
5007;65,76;-24,57;0,00;0,00;0,00;-0,02;0,00;0,00;280;148;102;45;16;290;765
5008;99,10;245,96;0,00;0,00;0,00;0,25;0,00;0,00;323;26;54;42;27;119;882
5009;57,31;-185,36;0,00;0,00;0,00;-0,19;0,00;0,00;317;107;61;37;29;945;735
5010;38,59;-306,95;0,00;0,00;0,00;-0,31;0,00;0,00;433;78;166;35;24;469;591
5011;92,00;176,97;0,00;0,00;0,00;0,18;0,00;0,00;421;174;101;15;25;638;764
5012;71,90;2,70;0,00;0,00;0,00;0,00;0,00;0,00;197;190;115;37;22;494;328
5013;70,30;55,93;0,00;0,00;0,00;0,06;0,00;0,00;51;180;168;14;25;501;653
5014;27,85;-410,70;0,00;0,00;0,00;-0,41;0,00;0,00;467;141;189;18;29;705;861
5015;60,35;-198,54;0,00;0,00;0,00;-0,20;0,00;0,00;219;41;62;21;16;486;298
5016;4,46;-629,64;0,00;0,00;0,00;-0,63;0,00;0,00;229;24;155;41;15;827;208
5017;75,22;22,16;0,00;0,00;0,00;0,02;0,00;0,00;388;169;102;33;22;320;257
5018;44,56;-222,81;0,00;0,00;0,00;-0,22;0,00;0,00;208;33;62;42;25;144;258
5019;32,43;-423,88;0,00;0,00;0,00;-0,42;0,00;0,00;192;145;50;25;23;588;979
5020;79,78;117,14;0,00;0,00;0,00;0,12;0,00;0,00;89;95;119;44;34;681;823
5021;0,00;-714,42;0,00;0,00;0,00;-0,71;0,00;0,00;483;166;117;23;27;244;250
5022;45,37;-242,14;0,00;0,00;0,00;-0,24;0,00;0,00;320;149;152;40;18;979;242
5023;18,21;-532,55;0,00;0,00;0,00;-0,53;0,00;0,00;12;149;33;49;16;334;908
5024;54,44;-163,21;0,00;0,00;0,00;-0,16;0,00;0,00;37;155;152;20;24;796;732
5025;70,62;11,37;0,00;0,00;0,00;0,01;0,00;0,00;486;52;166;22;23;195;898
5026;73,36;141,55;0,00;0,00;0,00;0,14;0,00;0,00;182;193;197;24;37;659;537
5027;66,08;-61,85;0,00;0,00;0,00;-0,06;0,00;0,00;185;131;38;30;33;123;366
5028;56,84;-137,83;0,00;0,00;0,00;-0,14;0,00;0,00;333;108;178;22;27;517;633
5029;33,90;-344,06;0,00;0,00;0,00;-0,34;0,00;0,00;389;148;116;47;19;417;626
5030;98,57;269,00;0,00;0,00;0,00;0,27;0,00;0,00;331;26;62;21;17;969;834
5031;99,07;326,08;0,00;0,00;0,00;0,33;0,00;0,00;466;175;188;31;19;585;273
5032;55,41;-107,36;0,00;0,00;0,00;-0,11;0,00;0,00;133;196;167;41;28;237;617
5033;7,52;-564,96;0,00;0,00;0,00;-0,56;0,00;0,00;40;91;28;33;33;654;323
5034;59,92;-31,76;0,00;0,00;0,00;-0,03;0,00;0,00;306;66;188;37;28;445;615
5035;73,27;31,27;0,00;0,00;0,00;0,03;0,00;0,00;49;174;155;43;17;533;401
5036;53,70;-118,49;0,00;0,00;0,00;-0,12;0,00;0,00;398;156;152;40;18;835;820
5037;67,20;17,41;0,00;0,00;0,00;0,02;0,00;0,00;234;181;167;25;19;782;263
5038;19,00;-571,23;0,00;0,00;0,00;-0,57;0,00;0,00;420;40;78;36;38;685;915
5039;26,78;-370,60;0,00;0,00;0,00;-0,37;0,00;0,00;157;187;27;22;31;985;438
5040;48,36;-305,68;0,00;0,00;0,00;-0,31;0,00;0,00;400;120;136;34;28;760;344
5041;11,24;-522,89;0,00;0,00;0,00;-0,52;0,00;0,00;310;135;131;11;26;409;974
5042;75,09;128,68;0,00;0,00;0,00;0,13;0,00;0,00;337;105;135;13;16;597;404
5043;37,43;-276,85;0,00;0,00;0,00;-0,28;0,00;0,00;448;129;30;13;21;207;861
5044;99,59;174,65;0,00;0,00;0,00;0,17;0,00;0,00;417;180;145;37;32;203;768
5045;71,89;-44,50;0,00;0,00;0,00;-0,04;0,00;0,00;165;111;188;39;36;978;269
5046;6,83;-629,25;0,00;0,00;0,00;-0,63;0,00;0,00;416;138;131;39;37;605;769
5047;0,00;-757,48;0,00;0,00;0,00;-0,76;0,00;0,00;326;177;158;43;30;405;275
5048;67,39;-19,92;0,00;0,00;0,00;-0,02;0,00;0,00;47;178;189;42;38;513;389
5049;46,15;-165,08;0,00;0,00;0,00;-0,17;0,00;0,00;224;94;79;41;32;910;533
5050;56,47;-47,11;0,00;0,00;0,00;-0,05;0,00;0,00;276;150;77;12;39;589;611
5051;21,17;-420,33;0,00;0,00;0,00;-0,42;0,00;0,00;46;71;48;29;22;962;806
5052;51,30;-202,00;0,00;0,00;0,00;-0,20;0,00;0,00;372;192;22;42;37;602;922
5053;60,51;-66,78;0,00;0,00;0,00;-0,07;0,00;0,00;158;20;59;34;26;793;847
5054;95,22;360,96;0,00;0,00;0,00;0,36;0,00;0,00;164;178;162;27;26;295;555
5055;100,00;277,62;0,00;0,00;0,00;0,28;0,00;0,00;248;185;69;36;16;768;196
5056;56,98;-152,86;0,00;0,00;0,00;-0,15;0,00;0,00;440;47;168;48;33;253;305
5057;87,17;126,91;0,00;0,00;0,00;0,13;0,00;0,00;216;61;195;38;38;327;445
5058;54,50;-184,94;0,00;0,00;0,00;-0,18;0,00;0,00;198;79;135;14;28;137;862
5059;32,31;-367,22;0,00;0,00;0,00;-0,37;0,00;0,00;309;104;154;45;27;135;951
5060;25,65;-412,54;0,00;0,00;0,00;-0,41;0,00;0,00;179;112;156;49;37;853;810
5061;49,82;-163,18;0,00;0,00;0,00;-0,16;0,00;0,00;477;70;162;22;21;661;719
5062;12,76;-531,45;0,00;0,00;0,00;-0,53;0,00;0,00;207;135;172;38;22;415;625
5063;19,31;-502,51;0,00;0,00;0,00;-0,50;0,00;0,00;454;100;87;17;32;681;183
5064;94,22;280,03;0,00;0,00;0,00;0,28;0,00;0,00;317;23;31;15;15;468;253
5065;100,00;314,28;0,00;0,00;0,00;0,31;0,00;0,00;464;68;96;42;20;268;586
5066;67,11;23,54;0,00;0,00;0,00;0,02;0,00;0,00;302;137;13;26;39;780;893
5067;38,10;-336,79;0,00;0,00;0,00;-0,34;0,00;0,00;406;102;150;29;36;544;908
5068;100,00;349,31;0,00;0,00;0,00;0,35;0,00;0,00;234;138;160;27;20;319;815
5069;100,00;321,95;0,00;0,00;0,00;0,32;0,00;0,00;302;173;166;10;37;869;517
5070;29,43;-385,46;0,00;0,00;0,00;-0,39;0,00;0,00;453;147;95;30;29;417;740
5071;70,92;4,85;0,00;0,00;0,00;0,00;0,00;0,00;107;40;46;26;27;829;633
5072;60,54;-124,69;0,00;0,00;0,00;-0,12;0,00;0,00;93;27;40;13;30;166;345
5073;55,49;-144,01;0,00;0,00;0,00;-0,14;0,00;0,00;480;145;94;33;32;689;788
5074;65,58;-40,48;0,00;0,00;0,00;-0,04;0,00;0,00;99;31;182;43;35;556;607
5075;98,78;361,93;0,00;0,00;0,00;0,36;0,00;0,00;189;22;94;30;33;370;757
5076;30,92;-339,33;0,00;0,00;0,00;-0,34;0,00;0,00;19;77;103;33;21;586;544
5077;77,63;137,77;0,00;0,00;0,00;0,14;0,00;0,00;291;135;54;32;26;563;626
5078;66,87;66,29;0,00;0,00;0,00;0,07;0,00;0,00;384;186;140;20;34;799;208
5079;95,24;223,24;0,00;0,00;0,00;0,22;0,00;0,00;347;59;172;23;15;599;774
5080;37,20;-232,31;0,00;0,00;0,00;-0,23;0,00;0,00;140;74;48;25;23;502;672
5081;30,23;-326,24;0,00;0,00;0,00;-0,33;0,00;0,00;129;175;111;48;39;504;138
5082;84,00;140,94;0,00;0,00;0,00;0,14;0,00;0,00;241;76;36;42;16;853;321
5083;48,20;-201,53;0,00;0,00;0,00;-0,20;0,00;0,00;492;175;11;15;30;691;628
5084;41,46;-345,85;0,00;0,00;0,00;-0,35;0,00;0,00;213;95;102;43;31;737;476
5085;61,17;-150,94;0,00;0,00;0,00;-0,15;0,00;0,00;245;94;173;16;32;180;405
5086;35,35;-231,00;0,00;0,00;0,00;-0,23;0,00;0,00;125;53;61;28;26;378;674
5087;59,28;-152,41;0,00;0,00;0,00;-0,15;0,00;0,00;325;138;45;43;26;905;624
5088;61,73;-35,61;0,00;0,00;0,00;-0,04;0,00;0,00;281;136;21;24;33;347;777
5089;22,05;-486,19;0,00;0,00;0,00;-0,49;0,00;0,00;28;47;51;40;32;713;548
5090;25,99;-504,81;0,00;0,00;0,00;-0,50;0,00;0,00;362;134;131;17;18;809;919
5091;3,01;-611,87;0,00;0,00;0,00;-0,61;0,00;0,00;112;55;102;15;19;744;680
5092;48,57;-284,61;0,00;0,00;0,00;-0,28;0,00;0,00;123;35;112;47;29;464;641
5093;26,05;-435,63;0,00;0,00;0,00;-0,44;0,00;0,00;224;46;64;42;22;874;872
5094;18,30;-459,08;0,00;0,00;0,00;-0,46;0,00;0,00;355;67;187;24;22;115;598
5095;69,82;4,50;0,00;0,00;0,00;0,00;0,00;0,00;120;167;109;19;28;143;101
5096;59,15;-100,50;0,00;0,00;0,00;-0,10;0,00;0,00;413;14;108;44;25;358;511
5097;89,88;194,75;0,00;0,00;0,00;0,19;0,00;0,00;284;57;180;20;23;682;113
5098;19,75;-466,24;0,00;0,00;0,00;-0,47;0,00;0,00;432;76;132;13;22;224;441
5099;36,91;-384,20;0,00;0,00;0,00;-0,38;0,00;0,00;191;60;87;25;36;473;323
5100;54,93;-227,32;0,00;0,00;0,00;-0,23;0,00;0,00;415;51;112;25;34;944;234
5101;51,04;-236,54;0,00;0,00;0,00;-0,24;0,00;0,00;498;159;172;25;24;545;158
5102;78,00;55,57;0,00;0,00;0,00;0,06;0,00;0,00;110;23;119;42;20;116;739
5103;33,60;-356,69;0,00;0,00;0,00;-0,36;0,00;0,00;246;168;14;47;21;492;744
5104;27,92;-323,27;0,00;0,00;0,00;-0,32;0,00;0,00;226;105;186;12;28;137;657
5105;70,49;26,48;0,00;0,00;0,00;0,03;0,00;0,00;250;160;144;44;21;235;821
5106;12,58;-549,30;0,00;0,00;0,00;-0,55;0,00;0,00;200;33;35;35;20;243;755
5107;92,58;187,99;0,00;0,00;0,00;0,19;0,00;0,00;22;121;180;31;29;547;219
5108;54,18;-225,00;0,00;0,00;0,00;-0,23;0,00;0,00;315;92;46;39;19;803;993
5109;64,34;-101,50;0,00;0,00;0,00;-0,10;0,00;0,00;183;170;147;30;32;281;815
5110;34,19;-437,28;0,00;0,00;0,00;-0,44;0,00;0,00;99;45;10;25;35;395;528
5111;41,11;-289,15;0,00;0,00;0,00;-0,29;0,00;0,00;484;127;179;44;28;293;961
5112;50,52;-150,72;0,00;0,00;0,00;-0,15;0,00;0,00;320;184;10;47;26;946;718
5113;49,22;-229,22;0,00;0,00;0,00;-0,23;0,00;0,00;247;70;132;41;20;872;421
5114;55,65;-38,41;0,00;0,00;0,00;-0,04;0,00;0,00;97;59;44;10;38;220;803
5115;84,96;156,38;0,00;0,00;0,00;0,16;0,00;0,00;461;104;88;21;18;468;695
5116;2,92;-685,65;0,00;0,00;0,00;-0,69;0,00;0,00;216;62;16;36;15;297;655
5117;80,16;83,41;0,00;0,00;0,00;0,08;0,00;0,00;309;118;113;35;27;211;517
5118;100,00;249,35;0,00;0,00;0,00;0,25;0,00;0,00;120;121;37;29;25;894;305
5119;34,62;-308,90;0,00;0,00;0,00;-0,31;0,00;0,00;56;152;30;44;20;306;806
5120;87,45;194,71;0,00;0,00;0,00;0,19;0,00;0,00;300;127;83;38;36;646;409
5121;66,01;-43,01;0,00;0,00;0,00;-0,04;0,00;0,00;77;86;150;31;24;934;636
5122;54,89;-238,73;0,00;0,00;0,00;-0,24;0,00;0,00;45;74;153;26;20;182;251
5123;56,39;-153,23;0,00;0,00;0,00;-0,15;0,00;0,00;90;194;176;42;33;419;126
5124;83,32;176,27;0,00;0,00;0,00;0,18;0,00;0,00;434;74;185;32;21;664;495
5125;35,66;-346,90;0,00;0,00;0,00;-0,35;0,00;0,00;103;129;127;28;25;824;939
5126;5,62;-652,60;0,00;0,00;0,00;-0,65;0,00;0,00;424;140;79;15;20;599;916
5127;62,75;-12,21;0,00;0,00;0,00;-0,01;0,00;0,00;271;126;183;30;39;852;432
5128;65,45;-101,66;0,00;0,00;0,00;-0,10;0,00;0,00;414;73;90;44;27;949;988
5129;46,77;-138,45;0,00;0,00;0,00;-0,14;0,00;0,00;177;25;137;15;23;449;465
5130;89,51;256,03;0,00;0,00;0,00;0,26;0,00;0,00;499;66;90;10;21;987;117
5131;29,37;-500,35;0,00;0,00;0,00;-0,50;0,00;0,00;20;115;114;25;27;618;618
5132;53,58;-142,81;0,00;0,00;0,00;-0,14;0,00;0,00;106;198;187;16;34;230;109
5133;49,61;-225,88;0,00;0,00;0,00;-0,23;0,00;0,00;405;157;107;46;27;517;542
5134;54,73;-176,41;0,00;0,00;0,00;-0,18;0,00;0,00;121;62;52;37;35;188;913
5135;55,34;-67,27;0,00;0,00;0,00;-0,07;0,00;0,00;349;170;20;43;30;123;975
5136;48,55;-188,35;0,00;0,00;0,00;-0,19;0,00;0,00;278;163;179;30;18;232;380
5137;51,01;-124,82;0,00;0,00;0,00;-0,12;0,00;0,00;124;119;190;42;26;497;463
5138;33,03;-326,33;0,00;0,00;0,00;-0,33;0,00;0,00;263;18;22;35;32;277;429
5139;52,63;-246,68;0,00;0,00;0,00;-0,25;0,00;0,00;416;41;96;18;30;875;938
5140;38,00;-294,00;0,00;0,00;0,00;-0,29;0,00;0,00;498;29;18;35;22;489;315
5141;32,23;-326,24;0,00;0,00;0,00;-0,33;0,00;0,00;418;60;196;12;27;646;573
5142;35,41;-405,51;0,00;0,00;0,00;-0,41;0,00;0,00;90;152;24;17;39;711;445
5143;58,70;-131,51;0,00;0,00;0,00;-0,13;0,00;0,00;407;13;70;31;37;773;470
5144;17,45;-494,21;0,00;0,00;0,00;-0,49;0,00;0,00;354;47;23;11;31;328;310
5145;72,14;92,93;0,00;0,00;0,00;0,09;0,00;0,00;64;161;119;17;24;155;564
5146;12,32;-575,78;0,00;0,00;0,00;-0,58;0,00;0,00;439;30;106;13;34;847;187
5147;100,00;289,06;0,00;0,00;0,00;0,29;0,00;0,00;249;196;119;22;27;273;730
5148;30,08;-425,81;0,00;0,00;0,00;-0,43;0,00;0,00;101;132;49;11;36;218;628
5149;100,00;339,01;0,00;0,00;0,00;0,34;0,00;0,00;67;54;177;11;39;105;810
5150;58,88;-80,78;0,00;0,00;0,00;-0,08;0,00;0,00;173;197;106;49;39;124;654
5151;83,79;182,18;0,00;0,00;0,00;0,18;0,00;0,00;10;33;48;39;15;825;335
5152;67,09;-63,62;0,00;0,00;0,00;-0,06;0,00;0,00;434;127;14;21;15;985;438
5153;79,89;149,56;0,00;0,00;0,00;0,15;0,00;0,00;174;78;83;35;20;195;221
5154;66,68;-9,01;0,00;0,00;0,00;-0,01;0,00;0,00;350;146;16;28;33;127;123
5155;98,82;296,58;0,00;0,00;0,00;0,30;0,00;0,00;116;77;90;29;16;490;344
5156;100,00;317,72;0,00;0,00;0,00;0,32;0,00;0,00;489;14;170;21;32;763;634
5157;70,92;26,51;0,00;0,00;0,00;0,03;0,00;0,00;260;44;152;33;30;537;926
5158;45,51;-144,51;0,00;0,00;0,00;-0,14;0,00;0,00;294;68;144;21;18;229;221
5159;31,71;-396,20;0,00;0,00;0,00;-0,40;0,00;0,00;441;19;31;32;34;791;851
5160;93,94;240,60;0,00;0,00;0,00;0,24;0,00;0,00;53;126;142;19;16;789;173
5161;38,03;-269,94;0,00;0,00;0,00;-0,27;0,00;0,00;424;72;59;38;16;219;278
5162;38,36;-337,58;0,00;0,00;0,00;-0,34;0,00;0,00;420;109;194;35;17;726;794
5163;43,14;-236,86;0,00;0,00;0,00;-0,24;0,00;0,00;64;50;175;43;38;154;486
5164;46,19;-164,90;0,00;0,00;0,00;-0,16;0,00;0,00;317;142;154;25;29;254;742
5165;100,00;250,33;0,00;0,00;0,00;0,25;0,00;0,00;383;32;140;35;21;653;840
5166;77,12;109,92;0,00;0,00;0,00;0,11;0,00;0,00;93;15;33;31;18;156;240
5167;39,28;-379,32;0,00;0,00;0,00;-0,38;0,00;0,00;315;13;104;31;15;177;279
5168;25,46;-472,05;0,00;0,00;0,00;-0,47;0,00;0,00;428;91;68;48;19;140;355
5169;30,82;-463,14;0,00;0,00;0,00;-0,46;0,00;0,00;497;86;82;26;34;726;270
5170;10,19;-584,76;0,00;0,00;0,00;-0,58;0,00;0,00;493;130;118;29;17;166;344
5171;100,00;225,46;0,00;0,00;0,00;0,23;0,00;0,00;243;45;30;14;17;949;920
5172;84,75;90,00;0,00;0,00;0,00;0,09;0,00;0,00;401;87;142;28;36;917;597
5173;17,98;-461,27;0,00;0,00;0,00;-0,46;0,00;0,00;249;112;174;44;25;360;832
5174;26,45;-497,13;0,00;0,00;0,00;-0,50;0,00;0,00;475;147;149;27;18;530;487
5175;56,43;-187,67;0,00;0,00;0,00;-0,19;0,00;0,00;73;22;100;44;32;287;752
5176;76,93;34,19;0,00;0,00;0,00;0,03;0,00;0,00;234;82;30;14;25;522;141
5177;85,26;173,96;0,00;0,00;0,00;0,17;0,00;0,00;173;79;43;17;21;162;434
5178;26,42;-348,24;0,00;0,00;0,00;-0,35;0,00;0,00;28;96;139;12;20;826;778
5179;65,66;24,99;0,00;0,00;0,00;0,02;0,00;0,00;483;80;68;24;33;811;845
5180;64,05;-25,72;0,00;0,00;0,00;-0,03;0,00;0,00;387;182;31;15;38;245;142
5181;64,21;-114,69;0,00;0,00;0,00;-0,11;0,00;0,00;136;94;128;35;36;390;994
5182;33,96;-377,42;0,00;0,00;0,00;-0,38;0,00;0,00;484;15;171;39;17;365;770
5183;50,10;-160,45;0,00;0,00;0,00;-0,16;0,00;0,00;191;187;70;49;26;689;836
5184;37,18;-326,64;0,00;0,00;0,00;-0,33;0,00;0,00;64;83;86;33;16;316;880
5185;78,31;32,91;0,00;0,00;0,00;0,03;0,00;0,00;174;72;137;39;25;331;563
5186;0,00;-788,92;0,00;0,00;0,00;-0,79;0,00;0,00;401;188;64;45;25;908;438
5187;40,78;-302,56;0,00;0,00;0,00;-0,30;0,00;0,00;66;75;139;44;37;941;489
5188;62,38;-55,66;0,00;0,00;0,00;-0,06;0,00;0,00;287;15;17;37;35;732;927
5189;49,76;-251,24;0,00;0,00;0,00;-0,25;0,00;0,00;256;99;97;21;15;197;807
5190;85,93;126,27;0,00;0,00;0,00;0,13;0,00;0,00;212;71;114;40;22;572;265
5191;70,19;42,19;0,00;0,00;0,00;0,04;0,00;0,00;111;163;18;16;24;109;593
5192;20,35;-463,47;0,00;0,00;0,00;-0,46;0,00;0,00;145;151;61;11;23;238;638
5193;78,89;73,83;0,00;0,00;0,00;0,07;0,00;0,00;30;53;118;22;30;732;373
5194;33,31;-383,41;0,00;0,00;0,00;-0,38;0,00;0,00;434;172;142;13;36;664;246
5195;0,00;-719,67;0,00;0,00;0,00;-0,72;0,00;0,00;148;83;132;33;19;414;487
5196;16,28;-582,32;0,00;0,00;0,00;-0,58;0,00;0,00;289;99;106;27;37;865;742
5197;34,11;-454,63;0,00;0,00;0,00;-0,45;0,00;0,00;308;149;186;39;38;895;209
5198;68,10;-77,49;0,00;0,00;0,00;-0,08;0,00;0,00;424;45;109;19;21;715;232
5199;32,41;-316,82;0,00;0,00;0,00;-0,32;0,00;0,00;475;86;76;37;31;827;693
5200;84,01;145,79;0,00;0,00;0,00;0,15;0,00;0,00;402;115;110;40;25;609;937
5201;0,00;-695,28;0,00;0,00;0,00;-0,70;0,00;0,00;411;152;114;19;18;157;114
5202;25,21;-500,75;0,00;0,00;0,00;-0,50;0,00;0,00;484;58;123;44;26;976;667
5203;8,25;-625,20;0,00;0,00;0,00;-0,63;0,00;0,00;107;165;115;27;38;790;730
5204;33,50;-342,85;0,00;0,00;0,00;-0,34;0,00;0,00;279;26;138;20;19;712;656
5205;82,00;145,90;0,00;0,00;0,00;0,15;0,00;0,00;122;67;15;27;17;688;786
5206;58,83;-124,57;0,00;0,00;0,00;-0,12;0,00;0,00;276;17;189;43;31;546;471
5207;58,41;-149,66;0,00;0,00;0,00;-0,15;0,00;0,00;70;23;25;17;36;975;560
5208;37,97;-332,22;0,00;0,00;0,00;-0,33;0,00;0,00;171;176;10;36;22;849;790
5209;37,55;-344,78;0,00;0,00;0,00;-0,34;0,00;0,00;403;143;176;45;15;752;917
5210;13,91;-653,49;0,00;0,00;0,00;-0,65;0,00;0,00;213;130;123;11;23;727;217
5211;13,98;-590,20;0,00;0,00;0,00;-0,59;0,00;0,00;176;29;196;30;35;196;336
5212;78,21;117,28;0,00;0,00;0,00;0,12;0,00;0,00;185;163;155;10;17;642;279
5213;56,66;-117,61;0,00;0,00;0,00;-0,12;0,00;0,00;397;110;164;35;31;402;889
5214;12,15;-525,22;0,00;0,00;0,00;-0,53;0,00;0,00;34;97;36;24;30;794;323
5215;38,80;-324,03;0,00;0,00;0,00;-0,32;0,00;0,00;41;68;104;49;18;777;599
5216;17,18;-578,10;0,00;0,00;0,00;-0,58;0,00;0,00;490;15;136;10;37;994;314
5217;100,00;316,55;0,00;0,00;0,00;0,32;0,00;0,00;128;97;24;36;33;552;619
5218;65,70;-35,05;0,00;0,00;0,00;-0,04;0,00;0,00;235;173;11;25;30;336;196
5219;76,72;115,37;0,00;0,00;0,00;0,12;0,00;0,00;476;100;182;24;16;796;804
5220;65,13;-166,54;0,00;0,00;0,00;-0,17;0,00;0,00;230;41;72;21;28;146;156
5221;51,48;-123,52;0,00;0,00;0,00;-0,12;0,00;0,00;314;85;47;47;28;841;435
5222;62,14;-21,09;0,00;0,00;0,00;-0,02;0,00;0,00;281;63;57;22;36;233;365
5223;62,24;-113,07;0,00;0,00;0,00;-0,11;0,00;0,00;199;27;41;44;16;318;962
5224;40,40;-331,33;0,00;0,00;0,00;-0,33;0,00;0,00;449;130;160;40;26;227;435
5225;88,05;233,35;0,00;0,00;0,00;0,23;0,00;0,00;479;42;182;42;26;105;720
5226;16,34;-540,78;0,00;0,00;0,00;-0,54;0,00;0,00;243;153;15;41;25;862;298
5227;0,00;-682,89;0,00;0,00;0,00;-0,68;0,00;0,00;116;134;166;25;31;450;170
5228;63,02;-103,47;0,00;0,00;0,00;-0,10;0,00;0,00;263;93;101;44;33;399;802
5229;94,00;149,55;0,00;0,00;0,00;0,15;0,00;0,00;129;143;154;49;21;969;535
5230;48,24;-143,70;0,00;0,00;0,00;-0,14;0,00;0,00;463;191;26;17;38;112;436
5231;73,80;42,05;0,00;0,00;0,00;0,04;0,00;0,00;301;119;86;29;25;855;695
5232;6,13;-589,26;0,00;0,00;0,00;-0,59;0,00;0,00;447;26;87;29;19;483;895
5233;74,13;60,77;0,00;0,00;0,00;0,06;0,00;0,00;293;90;78;14;38;118;231
5234;27,76;-361,88;0,00;0,00;0,00;-0,36;0,00;0,00;87;137;110;35;20;613;893
5235;25,51;-344,67;0,00;0,00;0,00;-0,34;0,00;0,00;285;136;193;18;34;758;597
5236;14,94;-560,07;0,00;0,00;0,00;-0,56;0,00;0,00;156;189;10;16;23;216;618
5237;41,75;-358,81;0,00;0,00;0,00;-0,36;0,00;0,00;237;146;15;41;27;141;721
5238;75,75;5,39;0,00;0,00;0,00;0,01;0,00;0,00;421;40;186;44;15;199;450
5239;25,53;-407,51;0,00;0,00;0,00;-0,41;0,00;0,00;468;14;16;38;23;589;988
5240;64,19;-96,86;0,00;0,00;0,00;-0,10;0,00;0,00;275;46;82;45;37;582;285
5241;80,10;109,30;0,00;0,00;0,00;0,11;0,00;0,00;157;74;39;39;31;260;412
5242;28,17;-290,57;0,00;0,00;0,00;-0,29;0,00;0,00;286;62;168;46;20;228;228
5243;20,73;-447,97;0,00;0,00;0,00;-0,45;0,00;0,00;263;24;199;12;37;403;275
5244;60,76;-88,45;0,00;0,00;0,00;-0,09;0,00;0,00;106;10;69;21;23;724;236
5245;55,91;-129,77;0,00;0,00;0,00;-0,13;0,00;0,00;263;70;87;43;28;883;344
5246;29,55;-365,31;0,00;0,00;0,00;-0,37;0,00;0,00;455;194;169;47;22;615;809
5247;31,55;-434,82;0,00;0,00;0,00;-0,43;0,00;0,00;249;192;139;49;27;768;270
5248;64,48;-139,90;0,00;0,00;0,00;-0,14;0,00;0,00;259;85;157;20;18;989;968
5249;35,27;-373,43;0,00;0,00;0,00;-0,37;0,00;0,00;198;38;59;33;16;148;635
5250;27,81;-439,71;0,00;0,00;0,00;-0,44;0,00;0,00;368;38;142;12;28;441;517
5251;64,95;-55,86;0,00;0,00;0,00;-0,06;0,00;0,00;33;167;127;39;30;358;503
5252;37,25;-274,64;0,00;0,00;0,00;-0,27;0,00;0,00;53;144;95;32;18;824;532
5253;63,37;-38,73;0,00;0,00;0,00;-0,04;0,00;0,00;230;183;66;40;17;633;156
5254;54,57;-283,79;0,00;0,00;0,00;-0,28;0,00;0,00;250;156;15;39;26;607;811
5255;97,07;221,84;0,00;0,00;0,00;0,22;0,00;0,00;110;64;189;46;33;380;919
5256;17,95;-529,47;0,00;0,00;0,00;-0,53;0,00;0,00;426;142;173;31;30;608;340
5257;0,00;-662,87;0,00;0,00;0,00;-0,66;0,00;0,00;278;102;130;19;31;200;248
5258;63,56;-42,35;0,00;0,00;0,00;-0,04;0,00;0,00;174;147;43;47;38;810;127
5259;25,22;-474,55;0,00;0,00;0,00;-0,47;0,00;0,00;56;146;177;42;15;975;230
5260;49,78;-155,71;0,00;0,00;0,00;-0,16;0,00;0,00;63;14;173;27;24;506;203
5261;42,98;-264,03;0,00;0,00;0,00;-0,26;0,00;0,00;378;86;128;40;30;234;508
5262;71,45;19,02;0,00;0,00;0,00;0,02;0,00;0,00;105;70;39;40;33;996;795
5263;78,55;80,32;0,00;0,00;0,00;0,08;0,00;0,00;28;92;154;10;25;568;114
5264;90,58;156,71;0,00;0,00;0,00;0,16;0,00;0,00;219;48;199;44;32;957;927
5265;16,92;-476,63;0,00;0,00;0,00;-0,48;0,00;0,00;220;100;165;30;36;520;710
5266;37,59;-351,05;0,00;0,00;0,00;-0,35;0,00;0,00;451;149;145;45;29;751;660
5267;50,39;-183,57;0,00;0,00;0,00;-0,18;0,00;0,00;308;106;52;21;39;237;928
5268;64,26;-45,36;0,00;0,00;0,00;-0,05;0,00;0,00;200;13;29;24;34;514;667
5269;45,45;-253,63;0,00;0,00;0,00;-0,25;0,00;0,00;91;22;52;11;25;104;113
5270;7,13;-594,76;0,00;0,00;0,00;-0,59;0,00;0,00;27;127;98;10;34;125;629
5271;28,71;-477,75;0,00;0,00;0,00;-0,48;0,00;0,00;47;92;61;26;39;533;118
5272;58,52;-41,71;0,00;0,00;0,00;-0,04;0,00;0,00;269;12;80;48;32;330;236
5273;63,80;-33,53;0,00;0,00;0,00;-0,03;0,00;0,00;135;131;131;10;21;999;870
5274;31,53;-365,72;0,00;0,00;0,00;-0,37;0,00;0,00;348;113;91;35;21;272;176
5275;41,56;-219,84;0,00;0,00;0,00;-0,22;0,00;0,00;119;131;119;25;38;385;245
5276;10,12;-628,27;0,00;0,00;0,00;-0,63;0,00;0,00;342;119;19;39;29;785;881
5277;16,27;-587,12;0,00;0,00;0,00;-0,59;0,00;0,00;498;52;87;44;30;951;816
5278;54,43;-153,16;0,00;0,00;0,00;-0,15;0,00;0,00;250;185;63;30;15;609;193
5279;98,20;273,56;0,00;0,00;0,00;0,27;0,00;0,00;56;36;185;32;16;237;685
5280;1,54;-737,01;0,00;0,00;0,00;-0,74;0,00;0,00;368;13;163;38;36;184;596
5281;12,51;-579,05;0,00;0,00;0,00;-0,58;0,00;0,00;188;71;110;19;28;149;341
5282;15,93;-437,08;0,00;0,00;0,00;-0,44;0,00;0,00;333;111;140;16;32;700;320
5283;45,74;-268,54;0,00;0,00;0,00;-0,27;0,00;0,00;18;96;37;47;34;213;186
5284;35,29;-282,67;0,00;0,00;0,00;-0,28;0,00;0,00;102;123;100;41;28;733;376
5285;72,28;116,10;0,00;0,00;0,00;0,12;0,00;0,00;296;88;86;22;20;236;694
5286;41,33;-334,10;0,00;0,00;0,00;-0,33;0,00;0,00;385;167;17;13;31;732;594
5287;96,15;294,68;0,00;0,00;0,00;0,29;0,00;0,00;319;144;177;44;21;161;875
5288;28,50;-472,12;0,00;0,00;0,00;-0,47;0,00;0,00;431;177;46;14;26;136;452
5289;56,81;-201,42;0,00;0,00;0,00;-0,20;0,00;0,00;218;184;149;46;36;702;497
5290;53,53;-114,91;0,00;0,00;0,00;-0,11;0,00;0,00;355;75;75;47;39;203;697
5291;26,95;-481,46;0,00;0,00;0,00;-0,48;0,00;0,00;439;137;179;16;24;668;256
5292;35,32;-289,06;0,00;0,00;0,00;-0,29;0,00;0,00;226;152;69;42;19;219;138
5293;41,58;-218,82;0,00;0,00;0,00;-0,22;0,00;0,00;463;100;70;30;24;820;476
5294;69,00;-31,87;0,00;0,00;0,00;-0,03;0,00;0,00;257;179;165;44;22;245;424
5295;82,18;58,55;0,00;0,00;0,00;0,06;0,00;0,00;204;130;32;38;22;266;571
5296;46,23;-227,09;0,00;0,00;0,00;-0,23;0,00;0,00;10;132;159;47;25;199;581
5297;36,02;-383,94;0,00;0,00;0,00;-0,38;0,00;0,00;313;188;143;16;15;804;273
5298;43,32;-273,49;0,00;0,00;0,00;-0,27;0,00;0,00;53;19;151;22;23;802;528
5299;75,30;88,01;0,00;0,00;0,00;0,09;0,00;0,00;187;104;41;29;38;406;247
5300;46,91;-313,05;0,00;0,00;0,00;-0,31;0,00;0,00;197;139;14;10;27;406;527
5301;41,01;-260,55;0,00;0,00;0,00;-0,26;0,00;0,00;78;138;11;32;37;165;399
5302;77,18;159,25;0,00;0,00;0,00;0,16;0,00;0,00;271;133;143;42;17;961;970
5303;81,69;141,98;0,00;0,00;0,00;0,14;0,00;0,00;340;153;118;12;24;446;338
5304;47,65;-320,90;0,00;0,00;0,00;-0,32;0,00;0,00;385;131;182;36;35;540;604
5305;100,00;298,37;0,00;0,00;0,00;0,30;0,00;0,00;359;171;191;47;36;627;586
5306;15,67;-569,83;0,00;0,00;0,00;-0,57;0,00;0,00;490;74;36;19;20;517;855
5307;52,55;-259,45;0,00;0,00;0,00;-0,26;0,00;0,00;148;150;22;11;32;168;583
5308;85,58;135,94;0,00;0,00;0,00;0,14;0,00;0,00;422;173;171;40;15;784;286
5309;15,80;-595,25;0,00;0,00;0,00;-0,60;0,00;0,00;175;120;41;13;22;764;322
5310;35,10;-338,81;0,00;0,00;0,00;-0,34;0,00;0,00;228;170;30;26;29;902;102
5311;83,49;173,16;0,00;0,00;0,00;0,17;0,00;0,00;18;69;184;17;35;544;178
5312;70,93;7,34;0,00;0,00;0,00;0,01;0,00;0,00;421;158;140;29;37;567;534
5313;45,97;-243,56;0,00;0,00;0,00;-0,24;0,00;0,00;361;66;105;12;23;784;388
5314;39,76;-369,10;0,00;0,00;0,00;-0,37;0,00;0,00;151;39;36;23;30;787;936
5315;53,07;-127,78;0,00;0,00;0,00;-0,13;0,00;0,00;306;15;81;35;19;622;925
5316;65,49;-76,45;0,00;0,00;0,00;-0,08;0,00;0,00;30;53;140;21;20;358;185
5317;52,35;-161,17;0,00;0,00;0,00;-0,16;0,00;0,00;451;40;199;24;16;373;578
5318;30,75;-412,54;0,00;0,00;0,00;-0,41;0,00;0,00;161;94;98;24;24;301;780
5319;84,43;91,22;0,00;0,00;0,00;0,09;0,00;0,00;122;17;84;10;32;928;247
5320;39,56;-287,73;0,00;0,00;0,00;-0,29;0,00;0,00;364;74;32;47;15;904;228
5321;29,58;-505,52;0,00;0,00;0,00;-0,51;0,00;0,00;122;83;39;21;16;419;249
5322;66,17;-51,25;0,00;0,00;0,00;-0,05;0,00;0,00;123;75;160;32;35;412;827
5323;31,48;-355,85;0,00;0,00;0,00;-0,36;0,00;0,00;456;142;182;27;17;768;476
5324;22,76;-549,94;0,00;0,00;0,00;-0,55;0,00;0,00;185;11;126;13;26;607;687
5325;40,35;-326,85;0,00;0,00;0,00;-0,33;0,00;0,00;15;174;84;30;34;824;937
5326;57,51;-158,80;0,00;0,00;0,00;-0,16;0,00;0,00;258;125;169;27;30;428;641
5327;37,68;-280,94;0,00;0,00;0,00;-0,28;0,00;0,00;219;107;11;42;20;845;726
5328;28,87;-425,14;0,00;0,00;0,00;-0,43;0,00;0,00;419;43;174;47;23;627;507
5329;68,62;-31,20;0,00;0,00;0,00;-0,03;0,00;0,00;466;111;116;33;20;399;827
5330;56,08;-175,43;0,00;0,00;0,00;-0,18;0,00;0,00;64;12;164;26;20;961;899
5331;2,93;-695,64;0,00;0,00;0,00;-0,70;0,00;0,00;336;126;187;36;33;544;650
5332;72,40;38,16;0,00;0,00;0,00;0,04;0,00;0,00;475;128;96;16;16;333;585
5333;100,00;241,75;0,00;0,00;0,00;0,24;0,00;0,00;29;68;178;47;24;342;412
5334;48,70;-243,38;0,00;0,00;0,00;-0,24;0,00;0,00;473;88;45;26;23;918;854
5335;98,69;309,88;0,00;0,00;0,00;0,31;0,00;0,00;386;176;54;43;36;941;979
5336;27,25;-556,87;0,00;0,00;0,00;-0,56;0,00;0,00;80;164;174;11;35;444;115
5337;82,19;134,82;0,00;0,00;0,00;0,13;0,00;0,00;31;44;93;37;24;313;157
5338;47,58;-179,55;0,00;0,00;0,00;-0,18;0,00;0,00;74;197;136;21;28;271;345
5339;100,00;333,72;0,00;0,00;0,00;0,33;0,00;0,00;52;121;66;30;34;434;889
5340;100,00;353,13;0,00;0,00;0,00;0,35;0,00;0,00;322;123;14;21;28;534;206
5341;41,54;-275,76;0,00;0,00;0,00;-0,28;0,00;0,00;232;70;119;30;22;424;996
5342;74,91;163,19;0,00;0,00;0,00;0,16;0,00;0,00;54;162;48;25;28;154;691
5343;78,00;34,09;0,00;0,00;0,00;0,03;0,00;0,00;61;176;178;16;21;945;397
5344;64,90;-60,22;0,00;0,00;0,00;-0,06;0,00;0,00;19;179;196;28;17;938;381
5345;61,98;-130,58;0,00;0,00;0,00;-0,13;0,00;0,00;270;191;164;39;29;523;550
5346;25,36;-514,83;0,00;0,00;0,00;-0,51;0,00;0,00;357;163;140;39;29;996;181
5347;53,35;-207,65;0,00;0,00;0,00;-0,21;0,00;0,00;73;108;39;29;17;551;703
5348;67,62;-89,97;0,00;0,00;0,00;-0,09;0,00;0,00;336;66;117;22;21;217;690
5349;65,86;5,63;0,00;0,00;0,00;0,01;0,00;0,00;385;21;187;34;33;822;813
5350;84,47;83,90;0,00;0,00;0,00;0,08;0,00;0,00;442;68;159;19;27;221;593
5351;40,63;-278,25;0,00;0,00;0,00;-0,28;0,00;0,00;293;89;124;35;22;977;294
5352;100,00;361,97;0,00;0,00;0,00;0,36;0,00;0,00;235;198;77;33;16;453;820
5353;73,50;119,89;0,00;0,00;0,00;0,12;0,00;0,00;199;15;37;27;34;928;575
5354;33,47;-288,66;0,00;0,00;0,00;-0,29;0,00;0,00;62;185;146;16;18;694;530
5355;92,08;297,32;0,00;0,00;0,00;0,30;0,00;0,00;484;96;162;35;36;472;102
5356;81,07;37,10;0,00;0,00;0,00;0,04;0,00;0,00;195;165;151;12;25;556;895
5357;82,41;117,68;0,00;0,00;0,00;0,12;0,00;0,00;138;40;115;45;22;637;486
5358;33,24;-462,11;0,00;0,00;0,00;-0,46;0,00;0,00;425;177;42;48;30;752;831
5359;61,36;-57,85;0,00;0,00;0,00;-0,06;0,00;0,00;126;149;105;22;39;241;172
5360;60,14;-103,77;0,00;0,00;0,00;-0,10;0,00;0,00;167;62;91;30;15;214;779
5361;73,47;-2,12;0,00;0,00;0,00;-0,00;0,00;0,00;103;60;85;32;37;584;731
5362;0,00;-745,89;0,00;0,00;0,00;-0,75;0,00;0,00;171;92;20;34;27;692;600
5363;45,17;-263,37;0,00;0,00;0,00;-0,26;0,00;0,00;499;172;178;48;21;109;415
5364;44,42;-332,80;0,00;0,00;0,00;-0,33;0,00;0,00;496;135;21;19;33;996;373
5365;47,00;-193,19;0,00;0,00;0,00;-0,19;0,00;0,00;238;43;77;30;29;717;685
5366;100,00;347,68;0,00;0,00;0,00;0,35;0,00;0,00;106;143;167;19;34;193;370
5367;72,62;61,06;0,00;0,00;0,00;0,06;0,00;0,00;140;120;197;19;16;823;877
5368;97,26;276,22;0,00;0,00;0,00;0,28;0,00;0,00;323;63;54;38;32;208;234
5369;81,06;104,02;0,00;0,00;0,00;0,10;0,00;0,00;37;87;151;33;34;665;918
5370;73,98;66,90;0,00;0,00;0,00;0,07;0,00;0,00;168;75;159;30;34;683;878
5371;89,96;244,42;0,00;0,00;0,00;0,24;0,00;0,00;328;156;160;34;33;384;488
5372;43,83;-290,76;0,00;0,00;0,00;-0,29;0,00;0,00;125;99;166;29;29;740;995
5373;34,40;-372,16;0,00;0,00;0,00;-0,37;0,00;0,00;300;194;168;16;30;205;228
5374;79,18;-8,66;0,00;0,00;0,00;-0,01;0,00;0,00;37;195;36;10;30;462;794
5375;85,49;270,68;0,00;0,00;0,00;0,27;0,00;0,00;305;148;105;12;35;535;831
5376;43,37;-267,76;0,00;0,00;0,00;-0,27;0,00;0,00;401;127;132;49;34;419;524
5377;91,13;165,99;0,00;0,00;0,00;0,17;0,00;0,00;448;159;62;10;32;932;330
5378;37,78;-326,56;0,00;0,00;0,00;-0,33;0,00;0,00;149;169;57;27;38;368;285
5379;46,37;-231,55;0,00;0,00;0,00;-0,23;0,00;0,00;94;110;67;26;31;702;402
5380;51,63;-162,33;0,00;0,00;0,00;-0,16;0,00;0,00;140;163;49;38;36;426;720
5381;25,26;-396,95;0,00;0,00;0,00;-0,40;0,00;0,00;131;103;15;27;25;797;360
5382;77,02;58,61;0,00;0,00;0,00;0,06;0,00;0,00;405;169;79;13;26;375;572
5383;59,35;-115,79;0,00;0,00;0,00;-0,12;0,00;0,00;137;153;163;10;15;694;705
5384;56,51;-162,12;0,00;0,00;0,00;-0,16;0,00;0,00;188;12;162;30;30;501;166
5385;58,79;-84,67;0,00;0,00;0,00;-0,08;0,00;0,00;46;166;82;21;34;704;660
5386;70,19;12,00;0,00;0,00;0,00;0,01;0,00;0,00;319;161;109;48;20;389;445
5387;34,17;-339,00;0,00;0,00;0,00;-0,34;0,00;0,00;172;29;12;36;25;409;267
5388;12,91;-522,73;0,00;0,00;0,00;-0,52;0,00;0,00;460;123;105;45;27;204;937
5389;89,08;223,04;0,00;0,00;0,00;0,22;0,00;0,00;365;62;167;49;17;226;602
5390;59,30;-69,55;0,00;0,00;0,00;-0,07;0,00;0,00;211;165;181;15;19;665;825
5391;45,08;-225,75;0,00;0,00;0,00;-0,23;0,00;0,00;451;64;92;24;18;534;139
5392;32,22;-373,27;0,00;0,00;0,00;-0,37;0,00;0,00;142;47;49;24;22;889;789
5393;57,06;-67,62;0,00;0,00;0,00;-0,07;0,00;0,00;196;95;19;29;29;145;843
5394;70,06;-53,14;0,00;0,00;0,00;-0,05;0,00;0,00;442;27;167;31;34;441;113
5395;61,79;-84,18;0,00;0,00;0,00;-0,08;0,00;0,00;270;91;74;38;19;220;410
5396;54,86;-203,76;0,00;0,00;0,00;-0,20;0,00;0,00;38;30;79;15;34;416;206
5397;12,14;-544,95;0,00;0,00;0,00;-0,54;0,00;0,00;320;39;52;37;34;500;643
5398;27,25;-461,35;0,00;0,00;0,00;-0,46;0,00;0,00;365;72;105;47;16;254;763
5399;20,72;-486,43;0,00;0,00;0,00;-0,49;0,00;0,00;32;160;119;40;31;449;104
5400;57,12;-147,04;0,00;0,00;0,00;-0,15;0,00;0,00;188;81;162;25;23;496;771
5401;68,73;-66,58;0,00;0,00;0,00;-0,07;0,00;0,00;32;153;103;44;24;789;723
5402;43,21;-252,85;0,00;0,00;0,00;-0,25;0,00;0,00;381;29;98;28;34;434;717
5403;76,71;115,47;0,00;0,00;0,00;0,12;0,00;0,00;367;146;194;31;26;205;124
5404;36,48;-380,07;0,00;0,00;0,00;-0,38;0,00;0,00;484;48;149;22;21;282;155
5405;96,70;299,61;0,00;0,00;0,00;0,30;0,00;0,00;16;168;42;11;15;377;880
5406;20,14;-551,80;0,00;0,00;0,00;-0,55;0,00;0,00;112;120;120;20;26;161;961
5407;36,06;-378,98;0,00;0,00;0,00;-0,38;0,00;0,00;298;69;181;10;38;922;245
5408;24,73;-507,23;0,00;0,00;0,00;-0,51;0,00;0,00;431;155;180;13;28;627;439
5409;37,49;-306,37;0,00;0,00;0,00;-0,31;0,00;0,00;280;147;144;24;36;945;574
5410;89,63;152,11;0,00;0,00;0,00;0,15;0,00;0,00;388;97;105;38;31;331;885
5411;90,24;307,79;0,00;0,00;0,00;0,31;0,00;0,00;305;70;167;42;23;704;482
5412;63,59;31,45;0,00;0,00;0,00;0,03;0,00;0,00;104;24;98;28;18;868;693
5413;87,18;159,33;0,00;0,00;0,00;0,16;0,00;0,00;185;151;124;31;26;293;541
5414;54,66;-181,49;0,00;0,00;0,00;-0,18;0,00;0,00;300;89;134;13;17;203;899
5415;81,60;153,76;0,00;0,00;0,00;0,15;0,00;0,00;12;76;179;42;35;707;298
5416;71,09;-24,04;0,00;0,00;0,00;-0,02;0,00;0,00;361;46;123;13;21;246;795
5417;71,77;-36,92;0,00;0,00;0,00;-0,04;0,00;0,00;113;190;174;46;17;230;523
5418;89,56;267,93;0,00;0,00;0,00;0,27;0,00;0,00;214;139;64;33;26;180;271
5419;88,52;165,37;0,00;0,00;0,00;0,17;0,00;0,00;493;132;96;30;36;500;299
5420;80,76;88,94;0,00;0,00;0,00;0,09;0,00;0,00;210;131;166;30;29;204;442
5421;56,97;-58,71;0,00;0,00;0,00;-0,06;0,00;0,00;186;156;191;47;15;902;292
5422;60,83;-154,51;0,00;0,00;0,00;-0,15;0,00;0,00;406;169;96;47;33;228;979
5423;41,89;-315,81;0,00;0,00;0,00;-0,32;0,00;0,00;157;78;45;40;30;798;933
5424;46,77;-236,80;0,00;0,00;0,00;-0,24;0,00;0,00;376;50;107;16;17;331;399
5425;14,92;-677,02;0,00;0,00;0,00;-0,68;0,00;0,00;187;122;147;43;29;549;648
5426;48,25;-344,68;0,00;0,00;0,00;-0,34;0,00;0,00;231;119;193;19;29;964;421
5427;21,85;-449,21;0,00;0,00;0,00;-0,45;0,00;0,00;300;42;175;12;17;532;321
5428;31,30;-356,04;0,00;0,00;0,00;-0,36;0,00;0,00;68;22;21;12;23;909;551
5429;41,35;-215,61;0,00;0,00;0,00;-0,22;0,00;0,00;138;174;148;40;15;218;791
5430;12,72;-509,58;0,00;0,00;0,00;-0,51;0,00;0,00;371;126;103;28;29;572;176
5431;52,82;-235,78;0,00;0,00;0,00;-0,24;0,00;0,00;131;195;102;21;28;946;897
5432;5,90;-584,93;0,00;0,00;0,00;-0,58;0,00;0,00;47;93;100;47;20;865;797
5433;47,64;-137,51;0,00;0,00;0,00;-0,14;0,00;0,00;108;179;71;33;27;582;714
5434;99,61;338,78;0,00;0,00;0,00;0,34;0,00;0,00;330;31;80;41;23;933;483
5435;10,39;-606,20;0,00;0,00;0,00;-0,61;0,00;0,00;85;26;98;26;38;375;278
5436;48,58;-209,09;0,00;0,00;0,00;-0,21;0,00;0,00;491;45;199;42;32;694;327
5437;81,16;150,34;0,00;0,00;0,00;0,15;0,00;0,00;205;64;125;16;38;307;996
5438;42,68;-259,58;0,00;0,00;0,00;-0,26;0,00;0,00;427;86;71;34;33;656;333
5439;19,26;-478,53;0,00;0,00;0,00;-0,48;0,00;0,00;491;198;185;19;20;239;638
5440;50,94;-168,37;0,00;0,00;0,00;-0,17;0,00;0,00;183;174;154;46;30;186;649
5441;50,47;-263,69;0,00;0,00;0,00;-0,26;0,00;0,00;441;22;167;48;33;145;192
5442;56,55;-182,53;0,00;0,00;0,00;-0,18;0,00;0,00;369;150;39;42;26;638;300
5443;51,43;-163,93;0,00;0,00;0,00;-0,16;0,00;0,00;169;61;157;47;37;862;915
5444;56,68;-100,48;0,00;0,00;0,00;-0,10;0,00;0,00;253;11;44;40;38;143;923
5445;33,21;-292,17;0,00;0,00;0,00;-0,29;0,00;0,00;445;70;35;41;18;212;529
5446;55,60;-142,84;0,00;0,00;0,00;-0,14;0,00;0,00;482;169;123;17;28;575;278
5447;22,75;-413,12;0,00;0,00;0,00;-0,41;0,00;0,00;112;97;183;28;28;317;457
5448;43,49;-258,61;0,00;0,00;0,00;-0,26;0,00;0,00;78;62;61;26;31;754;463
5449;29,51;-402,17;0,00;0,00;0,00;-0,40;0,00;0,00;361;191;175;24;35;205;256
5450;19,50;-557,31;0,00;0,00;0,00;-0,56;0,00;0,00;11;51;29;47;37;884;384
5451;83,65;144,72;0,00;0,00;0,00;0,14;0,00;0,00;442;54;59;11;36;153;160
5452;29,83;-380,10;0,00;0,00;0,00;-0,38;0,00;0,00;460;193;39;20;23;326;631
5453;64,01;6,51;0,00;0,00;0,00;0,01;0,00;0,00;253;134;101;12;38;826;647
5454;46,63;-138,84;0,00;0,00;0,00;-0,14;0,00;0,00;446;132;132;47;36;469;869
5455;63,09;-94,04;0,00;0,00;0,00;-0,09;0,00;0,00;147;50;57;20;25;461;887
5456;79,41;57,50;0,00;0,00;0,00;0,06;0,00;0,00;401;32;16;45;24;219;212
5457;54,72;-191,08;0,00;0,00;0,00;-0,19;0,00;0,00;149;161;192;23;32;173;200
5458;85,69;228,63;0,00;0,00;0,00;0,23;0,00;0,00;475;143;130;40;33;370;352
5459;52,46;-214,63;0,00;0,00;0,00;-0,21;0,00;0,00;142;16;15;18;18;714;590
5460;59,09;-104,14;0,00;0,00;0,00;-0,10;0,00;0,00;70;50;29;17;15;173;679
5461;100,00;270,98;0,00;0,00;0,00;0,27;0,00;0,00;177;132;62;40;22;201;994
5462;55,61;-126,39;0,00;0,00;0,00;-0,13;0,00;0,00;257;90;41;12;24;911;426
5463;59,13;-64,14;0,00;0,00;0,00;-0,06;0,00;0,00;252;32;119;16;23;793;849
5464;86,33;163,08;0,00;0,00;0,00;0,16;0,00;0,00;440;189;44;47;33;556;894
5465;100,00;417,51;0,00;0,00;0,00;0,42;0,00;0,00;474;135;86;12;19;125;339
5466;28,79;-419,58;0,00;0,00;0,00;-0,42;0,00;0,00;27;99;103;24;16;906;679
5467;67,12;66,03;0,00;0,00;0,00;0,07;0,00;0,00;421;120;109;33;27;736;965
5468;62,92;-32,07;0,00;0,00;0,00;-0,03;0,00;0,00;134;134;113;43;25;994;148
5469;16,58;-578,81;0,00;0,00;0,00;-0,58;0,00;0,00;293;85;142;24;17;136;397
5470;61,83;-83,77;0,00;0,00;0,00;-0,08;0,00;0,00;69;112;78;29;35;920;455
5471;54,09;-148,85;0,00;0,00;0,00;-0,15;0,00;0,00;164;46;174;23;30;118;215
5472;68,71;-85,86;0,00;0,00;0,00;-0,09;0,00;0,00;135;80;66;35;19;695;361
5473;74,13;72,97;0,00;0,00;0,00;0,07;0,00;0,00;183;43;110;22;18;564;948
5474;98,93;264,19;0,00;0,00;0,00;0,26;0,00;0,00;122;47;149;22;15;829;696
5475;35,14;-337,99;0,00;0,00;0,00;-0,34;0,00;0,00;409;171;102;23;34;564;619
5476;100,00;277,97;0,00;0,00;0,00;0,28;0,00;0,00;381;92;189;45;38;602;716
5477;34,22;-337,31;0,00;0,00;0,00;-0,34;0,00;0,00;335;193;88;10;31;751;592
5478;74,98;-33,33;0,00;0,00;0,00;-0,03;0,00;0,00;368;170;107;41;17;516;835
5479;39,28;-287,42;0,00;0,00;0,00;-0,29;0,00;0,00;428;132;176;13;22;125;964
5480;21,25;-481,62;0,00;0,00;0,00;-0,48;0,00;0,00;181;38;17;27;34;146;852
5481;0,00;-820,93;0,00;0,00;0,00;-0,82;0,00;0,00;463;187;46;49;19;304;875
5482;73,36;135,03;0,00;0,00;0,00;0,14;0,00;0,00;87;124;34;15;21;112;267
5483;52,46;-155,46;0,00;0,00;0,00;-0,16;0,00;0,00;438;186;171;38;38;928;902
5484;70,02;83,54;0,00;0,00;0,00;0,08;0,00;0,00;446;33;33;19;25;319;137
5485;26,15;-444,43;0,00;0,00;0,00;-0,44;0,00;0,00;398;155;57;47;15;479;555
5486;31,91;-407,10;0,00;0,00;0,00;-0,41;0,00;0,00;134;10;167;25;25;991;367
5487;46,34;-150,90;0,00;0,00;0,00;-0,15;0,00;0,00;172;61;156;24;33;945;346
5488;21,34;-552,63;0,00;0,00;0,00;-0,55;0,00;0,00;250;193;51;22;26;109;156
5489;26,05;-411,47;0,00;0,00;0,00;-0,41;0,00;0,00;288;141;164;19;27;556;856
5490;66,71;-14,56;0,00;0,00;0,00;-0,01;0,00;0,00;340;191;198;34;37;165;497
5491;26,48;-403,46;0,00;0,00;0,00;-0,40;0,00;0,00;125;76;29;18;33;936;456
5492;0,00;-636,66;0,00;0,00;0,00;-0,64;0,00;0,00;164;28;60;24;36;340;136
5493;49,85;-168,52;0,00;0,00;0,00;-0,17;0,00;0,00;52;142;66;24;25;415;943
5494;71,46;71,92;0,00;0,00;0,00;0,07;0,00;0,00;287;54;59;31;24;879;927
5495;78,33;28,45;0,00;0,00;0,00;0,03;0,00;0,00;474;130;176;34;25;927;350
5496;44,25;-199,48;0,00;0,00;0,00;-0,20;0,00;0,00;95;153;104;19;38;669;769
5497;81,49;106,58;0,00;0,00;0,00;0,11;0,00;0,00;386;60;183;28;35;345;642
5498;95,48;348,83;0,00;0,00;0,00;0,35;0,00;0,00;24;140;196;45;37;549;154
5499;71,36;-2,98;0,00;0,00;0,00;-0,00;0,00;0,00;158;67;134;32;36;963;683
5500;53,73;-51,25;0,00;0,00;0,00;-0,05;0,00;0,00;282;157;161;45;21;444;160
5501;12,98;-538,77;0,00;0,00;0,00;-0,54;0,00;0,00;196;136;70;11;16;333;410
5502;36,39;-310,06;0,00;0,00;0,00;-0,31;0,00;0,00;123;165;178;45;21;537;735
5503;78,40;90,34;0,00;0,00;0,00;0,09;0,00;0,00;50;172;25;34;23;188;364
5504;100,00;228,85;0,00;0,00;0,00;0,23;0,00;0,00;159;71;113;30;19;427;765
5505;60,37;-202,63;0,00;0,00;0,00;-0,20;0,00;0,00;487;172;141;34;20;815;995
5506;46,98;-164,40;0,00;0,00;0,00;-0,16;0,00;0,00;214;166;28;26;37;254;434
5507;14,89;-628,92;0,00;0,00;0,00;-0,63;0,00;0,00;223;149;65;27;20;857;409
5508;12,87;-478,78;0,00;0,00;0,00;-0,48;0,00;0,00;16;61;123;40;24;403;688
5509;53,07;-146,87;0,00;0,00;0,00;-0,15;0,00;0,00;205;135;171;44;31;382;403
5510;70,00;78,25;0,00;0,00;0,00;0,08;0,00;0,00;296;150;118;18;21;939;825
5511;44,13;-270,66;0,00;0,00;0,00;-0,27;0,00;0,00;445;151;160;49;25;961;401
5512;50,66;-141,09;0,00;0,00;0,00;-0,14;0,00;0,00;493;145;91;31;16;554;306
5513;0,00;-621,98;0,00;0,00;0,00;-0,62;0,00;0,00;373;68;61;26;27;190;268
5514;34,98;-307,99;0,00;0,00;0,00;-0,31;0,00;0,00;398;191;41;36;27;640;476
5515;13,90;-604,26;0,00;0,00;0,00;-0,60;0,00;0,00;88;194;162;11;17;585;686
5516;43,92;-193,38;0,00;0,00;0,00;-0,19;0,00;0,00;332;172;18;38;15;572;803
5517;46,90;-255,72;0,00;0,00;0,00;-0,26;0,00;0,00;255;18;137;24;25;467;184
5518;21,93;-480,90;0,00;0,00;0,00;-0,48;0,00;0,00;163;115;91;13;16;765;637
5519;68,01;32,84;0,00;0,00;0,00;0,03;0,00;0,00;192;119;144;41;30;974;266
5520;100,00;235,10;0,00;0,00;0,00;0,24;0,00;0,00;17;199;145;24;16;950;370
5521;27,35;-312,94;0,00;0,00;0,00;-0,31;0,00;0,00;336;74;82;44;24;645;773
5522;71,21;-27,39;0,00;0,00;0,00;-0,03;0,00;0,00;479;163;128;16;28;779;105
5523;4,04;-645,92;0,00;0,00;0,00;-0,65;0,00;0,00;472;136;34;42;19;168;868
5524;30,93;-395,89;0,00;0,00;0,00;-0,40;0,00;0,00;451;83;198;15;18;319;565
5525;38,15;-321,78;0,00;0,00;0,00;-0,32;0,00;0,00;177;158;175;10;35;907;681
5526;26,40;-371,78;0,00;0,00;0,00;-0,37;0,00;0,00;463;30;77;46;33;815;656
5527;46,17;-197,29;0,00;0,00;0,00;-0,20;0,00;0,00;415;57;168;46;39;765;376
5528;26,78;-375,00;0,00;0,00;0,00;-0,37;0,00;0,00;186;152;149;32;30;718;793
5529;20,85;-477,02;0,00;0,00;0,00;-0,48;0,00;0,00;449;35;119;49;20;135;826
5530;58,82;-78,45;0,00;0,00;0,00;-0,08;0,00;0,00;464;167;141;13;21;425;436
5531;41,40;-272,42;0,00;0,00;0,00;-0,27;0,00;0,00;354;53;80;21;39;450;610
5532;83,51;67,98;0,00;0,00;0,00;0,07;0,00;0,00;65;145;135;30;36;873;569
5533;62,22;-30,95;0,00;0,00;0,00;-0,03;0,00;0,00;487;110;157;45;30;587;419
5534;52,53;-188,86;0,00;0,00;0,00;-0,19;0,00;0,00;125;11;31;38;22;902;233
5535;25,46;-368,31;0,00;0,00;0,00;-0,37;0,00;0,00;22;39;115;48;35;998;809
5536;37,08;-315,88;0,00;0,00;0,00;-0,32;0,00;0,00;32;92;198;34;22;829;228
5537;75,04;34,32;0,00;0,00;0,00;0,03;0,00;0,00;231;176;11;31;24;952;711
5538;46,44;-217,12;0,00;0,00;0,00;-0,22;0,00;0,00;235;147;48;40;29;137;194
5539;59,66;-73,09;0,00;0,00;0,00;-0,07;0,00;0,00;60;26;22;49;26;971;848
5540;45,54;-285,17;0,00;0,00;0,00;-0,29;0,00;0,00;403;105;189;28;24;164;810
5541;48,58;-132,91;0,00;0,00;0,00;-0,13;0,00;0,00;303;47;20;45;23;607;821
5542;64,27;-22,42;0,00;0,00;0,00;-0,02;0,00;0,00;279;140;78;46;25;734;260
5543;31,91;-342,58;0,00;0,00;0,00;-0,34;0,00;0,00;71;42;150;25;19;299;599
5544;41,97;-288,24;0,00;0,00;0,00;-0,29;0,00;0,00;33;94;60;19;27;272;816
5545;52,88;-165,46;0,00;0,00;0,00;-0,17;0,00;0,00;498;155;74;10;27;134;175
5546;43,77;-223,23;0,00;0,00;0,00;-0,22;0,00;0,00;96;36;106;42;32;194;106
5547;71,38;39,65;0,00;0,00;0,00;0,04;0,00;0,00;16;46;91;21;20;907;342
5548;88,77;238,46;0,00;0,00;0,00;0,24;0,00;0,00;349;96;163;29;35;396;734
5549;54,65;-40,32;0,00;0,00;0,00;-0,04;0,00;0,00;255;59;199;26;25;194;771
5550;49,39;-163,52;0,00;0,00;0,00;-0,16;0,00;0,00;296;197;186;38;36;435;618
5551;55,46;-159,75;0,00;0,00;0,00;-0,16;0,00;0,00;498;28;129;25;31;115;594
5552;55,86;-80,99;0,00;0,00;0,00;-0,08;0,00;0,00;79;49;58;46;18;286;547
5553;73,95;8,42;0,00;0,00;0,00;0,01;0,00;0,00;268;172;166;19;33;851;550
5554;60,88;-15,42;0,00;0,00;0,00;-0,02;0,00;0,00;254;167;78;16;37;656;913
5555;63,42;-151,89;0,00;0,00;0,00;-0,15;0,00;0,00;206;64;79;20;26;959;505
5556;43,84;-218,22;0,00;0,00;0,00;-0,22;0,00;0,00;230;170;89;40;37;878;289
5557;69,73;-67,71;0,00;0,00;0,00;-0,07;0,00;0,00;336;96;17;49;35;351;657
5558;51,56;-108,97;0,00;0,00;0,00;-0,11;0,00;0,00;161;125;118;46;20;318;908
5559;17,43;-502,38;0,00;0,00;0,00;-0,50;0,00;0,00;439;40;93;38;36;321;215
5560;65,10;-56,96;0,00;0,00;0,00;-0,06;0,00;0,00;425;171;145;10;17;692;771
5561;40,38;-254,92;0,00;0,00;0,00;-0,25;0,00;0,00;209;35;57;35;24;714;750
5562;55,71;-127,45;0,00;0,00;0,00;-0,13;0,00;0,00;128;84;196;38;32;336;224
5563;15,24;-563,45;0,00;0,00;0,00;-0,56;0,00;0,00;184;144;196;44;21;260;301
5564;21,17;-461,56;0,00;0,00;0,00;-0,46;0,00;0,00;438;30;68;35;35;105;595
5565;66,64;20,98;0,00;0,00;0,00;0,02;0,00;0,00;32;68;47;42;31;713;685
5566;54,86;-134,03;0,00;0,00;0,00;-0,13;0,00;0,00;250;189;67;46;39;156;149
5567;63,29;6,78;0,00;0,00;0,00;0,01;0,00;0,00;31;185;102;17;31;125;565
5568;52,06;-115,40;0,00;0,00;0,00;-0,12;0,00;0,00;74;147;97;45;35;475;552
5569;77,53;13,04;0,00;0,00;0,00;0,01;0,00;0,00;392;182;137;11;34;185;433
5570;42,77;-328,86;0,00;0,00;0,00;-0,33;0,00;0,00;471;190;190;25;34;561;959
5571;24,59;-461,13;0,00;0,00;0,00;-0,46;0,00;0,00;279;196;160;17;20;128;257
5572;26,53;-370,86;0,00;0,00;0,00;-0,37;0,00;0,00;271;150;86;22;29;305;662
5573;65,01;-85,60;0,00;0,00;0,00;-0,09;0,00;0,00;154;102;12;14;32;310;368
5574;45,86;-258,69;0,00;0,00;0,00;-0,26;0,00;0,00;83;34;50;14;17;283;403
5575;71,20;11,85;0,00;0,00;0,00;0,01;0,00;0,00;51;114;134;44;24;383;188
5576;43,45;-309,33;0,00;0,00;0,00;-0,31;0,00;0,00;189;96;150;11;20;131;161
5577;58,81;-44,27;0,00;0,00;0,00;-0,04;0,00;0,00;291;135;111;47;30;910;173
5578;74,38;27,40;0,00;0,00;0,00;0,03;0,00;0,00;65;141;38;33;23;275;717
5579;77,78;67,55;0,00;0,00;0,00;0,07;0,00;0,00;143;50;53;21;19;698;178
5580;66,59;-8,82;0,00;0,00;0,00;-0,01;0,00;0,00;458;38;161;39;31;768;448
5581;47,61;-210,78;0,00;0,00;0,00;-0,21;0,00;0,00;298;72;51;29;16;302;263
5582;54,72;-191,28;0,00;0,00;0,00;-0,19;0,00;0,00;327;72;50;34;31;731;985
5583;56,61;-214,58;0,00;0,00;0,00;-0,21;0,00;0,00;448;81;148;42;16;308;873
5584;69,61;7,69;0,00;0,00;0,00;0,01;0,00;0,00;10;47;188;49;22;115;530
5585;94,07;221,62;0,00;0,00;0,00;0,22;0,00;0,00;133;148;79;14;25;690;429
5586;40,38;-259,34;0,00;0,00;0,00;-0,26;0,00;0,00;340;11;53;12;34;666;255
5587;65,10;-79,58;0,00;0,00;0,00;-0,08;0,00;0,00;240;61;65;39;33;795;610
5588;18,41;-564,06;0,00;0,00;0,00;-0,56;0,00;0,00;399;163;17;23;18;612;723
5589;55,40;-125,58;0,00;0,00;0,00;-0,13;0,00;0,00;440;167;105;41;19;458;936
5590;99,73;370,73;0,00;0,00;0,00;0,37;0,00;0,00;237;152;114;36;28;434;596
5591;100,00;340,60;0,00;0,00;0,00;0,34;0,00;0,00;226;127;169;17;32;884;534
5592;59,15;-126,79;0,00;0,00;0,00;-0,13;0,00;0,00;433;37;179;13;24;307;539
5593;54,67;-134,37;0,00;0,00;0,00;-0,13;0,00;0,00;38;119;21;16;20;819;337
5594;13,18;-529,81;0,00;0,00;0,00;-0,53;0,00;0,00;57;44;79;19;16;306;551
5595;55,49;-214,14;0,00;0,00;0,00;-0,21;0,00;0,00;270;119;80;24;21;271;533
5596;30,53;-300,62;0,00;0,00;0,00;-0,30;0,00;0,00;76;186;146;27;17;901;930
5597;56,59;-138,08;0,00;0,00;0,00;-0,14;0,00;0,00;447;99;199;13;35;113;343
5598;34,66;-374,47;0,00;0,00;0,00;-0,37;0,00;0,00;96;98;26;42;32;443;173
5599;6,45;-683,53;0,00;0,00;0,00;-0,68;0,00;0,00;296;175;195;16;28;320;566
5600;52,61;-186,55;0,00;0,00;0,00;-0,19;0,00;0,00;339;69;14;13;30;942;978
5601;40,01;-265,22;0,00;0,00;0,00;-0,27;0,00;0,00;429;47;142;19;34;780;934
5602;51,49;-239,58;0,00;0,00;0,00;-0,24;0,00;0,00;78;139;59;11;25;728;435
5603;53,17;-152,91;0,00;0,00;0,00;-0,15;0,00;0,00;88;95;111;23;37;433;777
5604;100,00;374,28;0,00;0,00;0,00;0,37;0,00;0,00;162;154;29;23;32;516;977
5605;67,21;108,80;0,00;0,00;0,00;0,11;0,00;0,00;462;122;53;25;38;340;835
5606;69,43;1,59;0,00;0,00;0,00;0,00;0,00;0,00;449;182;41;44;21;604;105
5607;50,80;-192,16;0,00;0,00;0,00;-0,19;0,00;0,00;316;172;183;45;15;872;324
5608;57,40;-140,73;0,00;0,00;0,00;-0,14;0,00;0,00;55;140;64;20;24;517;408
5609;46,25;-185,01;0,00;0,00;0,00;-0,19;0,00;0,00;329;87;75;23;20;331;168
5610;40,07;-363,25;0,00;0,00;0,00;-0,36;0,00;0,00;295;70;40;44;33;979;532
5611;48,49;-165,59;0,00;0,00;0,00;-0,17;0,00;0,00;276;183;83;34;25;300;670
5612;23,33;-536,69;0,00;0,00;0,00;-0,54;0,00;0,00;321;140;199;24;34;866;281
5613;30,13;-462,40;0,00;0,00;0,00;-0,46;0,00;0,00;26;15;132;43;36;150;627
5614;57,88;-77,97;0,00;0,00;0,00;-0,08;0,00;0,00;30;119;130;45;18;357;869
5615;36,60;-366,16;0,00;0,00;0,00;-0,37;0,00;0,00;260;138;139;44;24;609;961
5616;41,55;-265,31;0,00;0,00;0,00;-0,27;0,00;0,00;434;18;149;17;36;820;124
5617;85,24;118,33;0,00;0,00;0,00;0,12;0,00;0,00;278;83;130;24;30;736;524
5618;46,97;-323,45;0,00;0,00;0,00;-0,32;0,00;0,00;276;86;100;17;15;818;636
5619;67,93;-21,34;0,00;0,00;0,00;-0,02;0,00;0,00;364;57;147;39;31;585;647
5620;86,99;240,92;0,00;0,00;0,00;0,24;0,00;0,00;488;84;28;13;33;332;251
5621;59,23;-153,79;0,00;0,00;0,00;-0,15;0,00;0,00;70;29;71;43;20;357;117
5622;44,56;-294,35;0,00;0,00;0,00;-0,29;0,00;0,00;49;115;95;12;35;960;729
5623;100,00;386,65;0,00;0,00;0,00;0,39;0,00;0,00;160;68;42;12;38;183;721
5624;79,09;126,37;0,00;0,00;0,00;0,13;0,00;0,00;207;124;127;15;20;514;626
5625;35,44;-353,84;0,00;0,00;0,00;-0,35;0,00;0,00;70;157;144;43;39;967;741
5626;54,04;-176,22;0,00;0,00;0,00;-0,18;0,00;0,00;164;194;91;19;23;445;243
5627;68,71;-66,47;0,00;0,00;0,00;-0,07;0,00;0,00;168;67;148;26;38;742;861
5628;33,93;-355,38;0,00;0,00;0,00;-0,36;0,00;0,00;474;121;190;45;19;910;400
5629;66,00;12,47;0,00;0,00;0,00;0,01;0,00;0,00;172;183;142;47;16;784;214
5630;0,93;-697,84;0,00;0,00;0,00;-0,70;0,00;0,00;185;99;29;36;29;279;227
5631;71,51;31,70;0,00;0,00;0,00;0,03;0,00;0,00;228;88;54;10;37;723;481
5632;69,08;-44,56;0,00;0,00;0,00;-0,04;0,00;0,00;480;25;96;24;22;647;997
5633;24,24;-408,02;0,00;0,00;0,00;-0,41;0,00;0,00;94;126;118;35;17;999;605
5634;23,97;-486,54;0,00;0,00;0,00;-0,49;0,00;0,00;167;178;50;43;33;968;956
5635;62,78;-50,64;0,00;0,00;0,00;-0,05;0,00;0,00;362;44;96;13;27;100;723
5636;57,22;-142,20;0,00;0,00;0,00;-0,14;0,00;0,00;289;180;144;39;32;101;215
5637;64,47;-64,94;0,00;0,00;0,00;-0,06;0,00;0,00;95;177;110;33;30;720;513
5638;48,44;-176,40;0,00;0,00;0,00;-0,18;0,00;0,00;252;111;133;22;18;624;261
5639;48,10;-262,48;0,00;0,00;0,00;-0,26;0,00;0,00;201;147;107;20;33;348;532
5640;46,94;-256,99;0,00;0,00;0,00;-0,26;0,00;0,00;248;20;16;29;24;893;702
5641;11,11;-625,61;0,00;0,00;0,00;-0,63;0,00;0,00;309;29;146;12;16;808;262
5642;43,54;-295,35;0,00;0,00;0,00;-0,30;0,00;0,00;359;60;161;22;15;154;577
5643;100,00;282,61;0,00;0,00;0,00;0,28;0,00;0,00;491;42;180;10;34;163;109
5644;27,16;-401,63;0,00;0,00;0,00;-0,40;0,00;0,00;17;155;17;33;34;176;242
5645;71,42;-21,78;0,00;0,00;0,00;-0,02;0,00;0,00;435;150;60;17;22;792;578
5646;16,83;-595,94;0,00;0,00;0,00;-0,60;0,00;0,00;295;56;46;38;21;441;792
5647;49,85;-187,49;0,00;0,00;0,00;-0,19;0,00;0,00;461;105;120;42;16;744;798
5648;0,00;-558,95;0,00;0,00;0,00;-0,56;0,00;0,00;239;72;59;19;30;609;607
5649;75,73;80,63;0,00;0,00;0,00;0,08;0,00;0,00;330;187;36;47;32;179;961
5650;39,14;-340,78;0,00;0,00;0,00;-0,34;0,00;0,00;113;19;172;34;38;138;316
5651;72,89;9,27;0,00;0,00;0,00;0,01;0,00;0,00;467;79;26;23;19;747;580
5652;48,89;-204,32;0,00;0,00;0,00;-0,20;0,00;0,00;57;112;129;11;23;751;751
5653;0,00;-691,91;0,00;0,00;0,00;-0,69;0,00;0,00;12;177;133;49;38;108;174
5654;62,50;-14,18;0,00;0,00;0,00;-0,01;0,00;0,00;102;61;191;38;18;444;430
5655;92,83;193,94;0,00;0,00;0,00;0,19;0,00;0,00;120;165;179;48;35;361;124
5656;21,19;-529,01;0,00;0,00;0,00;-0,53;0,00;0,00;282;173;157;46;31;957;403
5657;33,76;-358,00;0,00;0,00;0,00;-0,36;0,00;0,00;257;186;64;42;16;834;841
5658;26,25;-493,81;0,00;0,00;0,00;-0,49;0,00;0,00;140;40;173;10;31;386;774
5659;76,36;52,69;0,00;0,00;0,00;0,05;0,00;0,00;250;65;91;28;31;586;618
5660;53,28;-109,58;0,00;0,00;0,00;-0,11;0,00;0,00;377;91;20;17;39;922;165
5661;64,01;35,07;0,00;0,00;0,00;0,04;0,00;0,00;416;169;79;13;38;453;906
5662;6,54;-658,20;0,00;0,00;0,00;-0,66;0,00;0,00;487;63;86;18;16;140;788
5663;31,28;-365,89;0,00;0,00;0,00;-0,37;0,00;0,00;152;56;47;48;20;993;330
5664;59,04;-216,28;0,00;0,00;0,00;-0,22;0,00;0,00;155;193;160;20;18;743;803
5665;100,00;326,21;0,00;0,00;0,00;0,33;0,00;0,00;17;186;99;43;39;115;243
5666;57,35;-193,59;0,00;0,00;0,00;-0,19;0,00;0,00;403;74;48;20;36;316;244
5667;31,33;-306,48;0,00;0,00;0,00;-0,31;0,00;0,00;124;86;166;33;23;967;894
5668;22,37;-441,60;0,00;0,00;0,00;-0,44;0,00;0,00;310;59;36;48;35;568;379
5669;78,65;26,29;0,00;0,00;0,00;0,03;0,00;0,00;377;66;112;33;21;839;284
5670;44,61;-210,38;0,00;0,00;0,00;-0,21;0,00;0,00;213;143;104;12;15;470;653
5671;81,79;67,63;0,00;0,00;0,00;0,07;0,00;0,00;338;149;27;26;18;638;212
5672;53,53;-117,82;0,00;0,00;0,00;-0,12;0,00;0,00;418;133;55;29;15;215;519
5673;88,08;111,74;0,00;0,00;0,00;0,11;0,00;0,00;468;184;174;42;25;199;729
5674;61,45;-34,64;0,00;0,00;0,00;-0,03;0,00;0,00;317;118;116;40;31;400;474
5675;37,56;-289,17;0,00;0,00;0,00;-0,29;0,00;0,00;196;88;172;29;29;649;627
5676;0,00;-715,07;0,00;0,00;0,00;-0,72;0,00;0,00;225;68;117;16;27;876;989
5677;65,32;-107,06;0,00;0,00;0,00;-0,11;0,00;0,00;77;145;167;12;16;991;155
5678;57,83;-156,74;0,00;0,00;0,00;-0,16;0,00;0,00;316;192;79;27;19;323;341
5679;78,24;49,21;0,00;0,00;0,00;0,05;0,00;0,00;323;187;32;41;27;524;559
5680;33,03;-364,59;0,00;0,00;0,00;-0,36;0,00;0,00;388;71;179;38;26;656;203
5681;17,60;-546,92;0,00;0,00;0,00;-0,55;0,00;0,00;242;163;47;25;29;697;783
5682;22,11;-395,76;0,00;0,00;0,00;-0,40;0,00;0,00;482;190;163;26;26;206;729
5683;67,83;-33,42;0,00;0,00;0,00;-0,03;0,00;0,00;210;76;198;30;26;196;295
5684;72,53;84,97;0,00;0,00;0,00;0,08;0,00;0,00;149;188;12;39;21;790;578
5685;21,79;-503,11;0,00;0,00;0,00;-0,50;0,00;0,00;263;11;25;28;37;219;818
5686;61,75;-124,23;0,00;0,00;0,00;-0,12;0,00;0,00;315;51;40;28;34;840;300
5687;97,74;240,25;0,00;0,00;0,00;0,24;0,00;0,00;235;27;59;36;15;617;195
5688;49,74;-143,36;0,00;0,00;0,00;-0,14;0,00;0,00;476;85;28;30;33;716;760
5689;65,31;-31,56;0,00;0,00;0,00;-0,03;0,00;0,00;115;146;190;40;30;605;475
5690;31,82;-399,12;0,00;0,00;0,00;-0,40;0,00;0,00;310;53;49;49;35;893;649
5691;43,74;-279,55;0,00;0,00;0,00;-0,28;0,00;0,00;231;82;175;43;21;563;754
5692;38,40;-267,09;0,00;0,00;0,00;-0,27;0,00;0,00;241;21;131;22;28;343;767
5693;57,00;-84,86;0,00;0,00;0,00;-0,08;0,00;0,00;206;10;68;22;19;814;444
5694;63,38;18,61;0,00;0,00;0,00;0,02;0,00;0,00;342;32;198;48;31;394;745
5695;85,89;226,43;0,00;0,00;0,00;0,23;0,00;0,00;495;132;33;36;22;688;612
5696;69,68;4,47;0,00;0,00;0,00;0,00;0,00;0,00;164;45;147;41;18;306;102
5697;48,35;-246,88;0,00;0,00;0,00;-0,25;0,00;0,00;138;179;142;27;18;318;721
5698;77,00;-1,03;0,00;0,00;0,00;-0,00;0,00;0,00;97;107;66;30;28;330;104
5699;59,59;-15,85;0,00;0,00;0,00;-0,02;0,00;0,00;332;128;24;48;30;719;639
5700;22,89;-487,65;0,00;0,00;0,00;-0,49;0,00;0,00;405;71;72;19;17;560;268
5701;19,66;-531,30;0,00;0,00;0,00;-0,53;0,00;0,00;151;192;139;37;17;619;806
5702;76,16;138,79;0,00;0,00;0,00;0,14;0,00;0,00;138;28;76;18;22;374;578
5703;49,04;-198,34;0,00;0,00;0,00;-0,20;0,00;0,00;201;13;120;24;19;644;858
5704;61,95;-92,61;0,00;0,00;0,00;-0,09;0,00;0,00;464;140;34;22;16;366;267
5705;48,16;-254,67;0,00;0,00;0,00;-0,25;0,00;0,00;323;49;75;48;39;404;630
5706;53,35;-112,00;0,00;0,00;0,00;-0,11;0,00;0,00;128;186;37;11;36;547;783
5707;64,22;-57,13;0,00;0,00;0,00;-0,06;0,00;0,00;292;38;145;34;15;181;981
5708;53,74;-133,86;0,00;0,00;0,00;-0,13;0,00;0,00;325;67;198;22;23;375;133
5709;41,31;-290,65;0,00;0,00;0,00;-0,29;0,00;0,00;55;74;23;17;29;656;462
5710;82,19;140,17;0,00;0,00;0,00;0,14;0,00;0,00;202;99;142;15;24;342;396
5711;50,98;-163,76;0,00;0,00;0,00;-0,16;0,00;0,00;261;21;77;16;26;817;509
5712;65,71;-26,71;0,00;0,00;0,00;-0,03;0,00;0,00;374;81;69;43;17;202;582
5713;83,35;135,25;0,00;0,00;0,00;0,14;0,00;0,00;167;136;128;22;29;112;250
5714;74,35;-1,37;0,00;0,00;0,00;-0,00;0,00;0,00;435;126;28;23;28;637;747
5715;23,67;-463,03;0,00;0,00;0,00;-0,46;0,00;0,00;143;13;131;18;37;535;120
5716;6,11;-642,98;0,00;0,00;0,00;-0,64;0,00;0,00;362;181;77;27;21;483;750
5717;66,25;-20,79;0,00;0,00;0,00;-0,02;0,00;0,00;413;24;110;13;22;276;798
5718;73,00;-51,84;0,00;0,00;0,00;-0,05;0,00;0,00;79;81;52;14;25;610;991
5719;100,00;309,84;0,00;0,00;0,00;0,31;0,00;0,00;251;130;151;36;30;815;960
5720;35,90;-264,64;0,00;0,00;0,00;-0,26;0,00;0,00;283;103;194;27;38;644;730
5721;39,59;-328,17;0,00;0,00;0,00;-0,33;0,00;0,00;196;95;118;18;33;295;877
5722;90,69;132,49;0,00;0,00;0,00;0,13;0,00;0,00;68;65;27;39;22;891;402
5723;56,14;-134,76;0,00;0,00;0,00;-0,13;0,00;0,00;276;86;169;49;31;822;672
5724;53,31;-171,35;0,00;0,00;0,00;-0,17;0,00;0,00;423;35;163;21;15;118;106
5725;72,01;17,15;0,00;0,00;0,00;0,02;0,00;0,00;309;51;39;32;16;503;167
5726;21,08;-519,67;0,00;0,00;0,00;-0,52;0,00;0,00;468;158;74;20;16;809;700
5727;59,75;1,88;0,00;0,00;0,00;0,00;0,00;0,00;295;96;158;49;20;263;385
5728;73,15;38,10;0,00;0,00;0,00;0,04;0,00;0,00;286;50;71;48;18;551;388
5729;46,95;-232,12;0,00;0,00;0,00;-0,23;0,00;0,00;474;26;197;29;30;630;740
5730;25,74;-494,33;0,00;0,00;0,00;-0,49;0,00;0,00;355;20;144;40;36;420;719
5731;100,00;250,13;0,00;0,00;0,00;0,25;0,00;0,00;30;104;59;28;18;287;540
5732;47,66;-149,90;0,00;0,00;0,00;-0,15;0,00;0,00;68;129;194;20;32;784;439
5733;30,47;-270,24;0,00;0,00;0,00;-0,27;0,00;0,00;490;66;144;13;17;944;979
5734;77,42;90,92;0,00;0,00;0,00;0,09;0,00;0,00;21;137;114;30;22;429;903
5735;79,42;137,44;0,00;0,00;0,00;0,14;0,00;0,00;271;133;47;11;28;165;968
5736;100,00;234,61;0,00;0,00;0,00;0,23;0,00;0,00;125;189;28;26;36;611;925
5737;54,69;-126,20;0,00;0,00;0,00;-0,13;0,00;0,00;136;112;132;36;29;618;276
5738;61,21;-141,36;0,00;0,00;0,00;-0,14;0,00;0,00;168;99;65;12;21;104;452
5739;72,02;26,06;0,00;0,00;0,00;0,03;0,00;0,00;274;60;195;32;22;301;586
5740;36,87;-342,10;0,00;0,00;0,00;-0,34;0,00;0,00;248;52;138;33;18;200;223
5741;38,19;-266,22;0,00;0,00;0,00;-0,27;0,00;0,00;381;15;78;31;34;118;376
5742;33,51;-267,91;0,00;0,00;0,00;-0,27;0,00;0,00;206;64;155;48;24;758;639
5743;71,95;28,09;0,00;0,00;0,00;0,03;0,00;0,00;404;188;198;20;22;402;997
5744;61,12;-100,53;0,00;0,00;0,00;-0,10;0,00;0,00;409;173;164;40;38;680;803
5745;53,52;-137,08;0,00;0,00;0,00;-0,14;0,00;0,00;491;143;59;34;19;702;299
5746;0,00;-733,48;0,00;0,00;0,00;-0,73;0,00;0,00;357;72;185;49;37;274;830
5747;53,88;-208,16;0,00;0,00;0,00;-0,21;0,00;0,00;188;155;49;30;27;579;287
5748;32,52;-339,65;0,00;0,00;0,00;-0,34;0,00;0,00;420;146;162;30;21;883;868
5749;46,20;-221,87;0,00;0,00;0,00;-0,22;0,00;0,00;408;28;134;27;35;896;533
5750;58,04;-178,47;0,00;0,00;0,00;-0,18;0,00;0,00;27;53;184;45;27;717;109
5751;0,00;-708,78;0,00;0,00;0,00;-0,71;0,00;0,00;76;126;38;46;23;151;710
5752;41,90;-272,19;0,00;0,00;0,00;-0,27;0,00;0,00;107;164;87;43;22;123;808
5753;12,12;-548,45;0,00;0,00;0,00;-0,55;0,00;0,00;439;173;156;18;32;152;752
5754;77,54;144,81;0,00;0,00;0,00;0,14;0,00;0,00;442;52;15;48;39;474;736
5755;39,91;-317,90;0,00;0,00;0,00;-0,32;0,00;0,00;69;58;110;19;18;392;990
5756;36,05;-395,54;0,00;0,00;0,00;-0,40;0,00;0,00;402;116;170;36;16;311;520
5757;45,88;-237,81;0,00;0,00;0,00;-0,24;0,00;0,00;371;135;129;45;34;526;966
5758;55,23;-191,61;0,00;0,00;0,00;-0,19;0,00;0,00;460;82;123;48;21;845;506
5759;0,00;-690,52;0,00;0,00;0,00;-0,69;0,00;0,00;81;42;50;10;20;618;361
5760;72,45;31,54;0,00;0,00;0,00;0,03;0,00;0,00;426;36;69;40;28;995;268
5761;0,00;-770,79;0,00;0,00;0,00;-0,77;0,00;0,00;32;35;57;29;20;699;714
5762;67,18;-64,26;0,00;0,00;0,00;-0,06;0,00;0,00;78;158;143;41;24;834;449
5763;72,61;-26,14;0,00;0,00;0,00;-0,03;0,00;0,00;489;26;137;29;18;630;749
5764;72,38;81,52;0,00;0,00;0,00;0,08;0,00;0,00;35;40;118;21;17;128;435
5765;74,97;115,37;0,00;0,00;0,00;0,12;0,00;0,00;230;193;196;41;25;864;645
5766;7,78;-583,62;0,00;0,00;0,00;-0,58;0,00;0,00;399;132;114;14;25;694;411
5767;79,82;144,60;0,00;0,00;0,00;0,14;0,00;0,00;353;85;19;35;23;920;100
5768;48,61;-293,63;0,00;0,00;0,00;-0,29;0,00;0,00;246;146;147;29;20;690;817
5769;25,96;-490,98;0,00;0,00;0,00;-0,49;0,00;0,00;147;33;175;17;21;509;369
5770;43,02;-161,69;0,00;0,00;0,00;-0,16;0,00;0,00;78;16;197;11;20;287;800
5771;29,29;-506,90;0,00;0,00;0,00;-0,51;0,00;0,00;205;42;104;21;17;238;471
5772;22,09;-509,30;0,00;0,00;0,00;-0,51;0,00;0,00;122;36;116;28;33;358;111
5773;69,16;-9,39;0,00;0,00;0,00;-0,01;0,00;0,00;408;170;196;17;35;386;842
5774;55,75;-104,27;0,00;0,00;0,00;-0,10;0,00;0,00;220;168;151;37;18;634;372
5775;39,81;-279,95;0,00;0,00;0,00;-0,28;0,00;0,00;431;47;35;26;29;178;282
5776;82,81;236,68;0,00;0,00;0,00;0,24;0,00;0,00;435;80;161;31;38;575;595
5777;67,65;-71,81;0,00;0,00;0,00;-0,07;0,00;0,00;482;165;66;28;38;102;563
5778;43,19;-252,00;0,00;0,00;0,00;-0,25;0,00;0,00;473;126;35;33;26;975;648
5779;65,22;-32,96;0,00;0,00;0,00;-0,03;0,00;0,00;120;126;163;26;37;442;168
5780;90,73;266,32;0,00;0,00;0,00;0,27;0,00;0,00;329;181;151;22;20;464;703
5781;80,76;167,07;0,00;0,00;0,00;0,17;0,00;0,00;309;141;185;31;31;176;704
5782;27,92;-474,23;0,00;0,00;0,00;-0,47;0,00;0,00;402;98;187;44;37;308;516
5783;65,15;1,90;0,00;0,00;0,00;0,00;0,00;0,00;59;95;104;47;27;702;954
5784;88,14;255,78;0,00;0,00;0,00;0,26;0,00;0,00;145;78;81;49;18;846;751
5785;66,82;-38,88;0,00;0,00;0,00;-0,04;0,00;0,00;261;58;37;31;30;545;371
5786;50,37;-230,74;0,00;0,00;0,00;-0,23;0,00;0,00;455;108;162;30;36;450;640
5787;58,70;-45,16;0,00;0,00;0,00;-0,05;0,00;0,00;367;34;194;26;28;427;181
5788;58,69;-162,16;0,00;0,00;0,00;-0,16;0,00;0,00;353;57;139;31;23;359;583
5789;16,56;-557,03;0,00;0,00;0,00;-0,56;0,00;0,00;20;25;172;29;26;150;644
5790;39,36;-282,50;0,00;0,00;0,00;-0,28;0,00;0,00;72;53;154;28;31;943;849
5791;100,00;252,09;0,00;0,00;0,00;0,25;0,00;0,00;397;81;73;24;16;568;636
5792;40,16;-255,30;0,00;0,00;0,00;-0,26;0,00;0,00;91;126;161;32;31;576;407
5793;44,10;-230,38;0,00;0,00;0,00;-0,23;0,00;0,00;395;121;112;23;17;708;415
5794;84,24;231,58;0,00;0,00;0,00;0,23;0,00;0,00;232;62;164;28;29;785;657
5795;68,01;-13,61;0,00;0,00;0,00;-0,01;0,00;0,00;334;16;95;43;27;168;170
5796;37,80;-323,34;0,00;0,00;0,00;-0,32;0,00;0,00;487;133;16;40;16;214;850
5797;62,13;-37,31;0,00;0,00;0,00;-0,04;0,00;0,00;28;35;57;40;35;957;929
5798;50,18;-127,96;0,00;0,00;0,00;-0,13;0,00;0,00;434;29;116;28;35;828;629
5799;79,36;149,31;0,00;0,00;0,00;0,15;0,00;0,00;279;151;76;33;17;453;214
5800;28,87;-456,34;0,00;0,00;0,00;-0,46;0,00;0,00;316;69;92;23;36;923;532
5801;69,38;-6,58;0,00;0,00;0,00;-0,01;0,00;0,00;79;108;189;11;35;155;681
5802;0,00;-690,76;0,00;0,00;0,00;-0,69;0,00;0,00;405;89;187;23;36;447;775
5803;89,95;202,51;0,00;0,00;0,00;0,20;0,00;0,00;142;108;117;24;28;980;759
5804;62,85;-44,25;0,00;0,00;0,00;-0,04;0,00;0,00;68;124;115;47;36;835;718
5805;62,69;-98,89;0,00;0,00;0,00;-0,10;0,00;0,00;278;149;72;12;28;960;721
5806;35,07;-329,52;0,00;0,00;0,00;-0,33;0,00;0,00;398;118;56;15;23;366;664
5807;71,67;12,07;0,00;0,00;0,00;0,01;0,00;0,00;51;68;21;33;19;533;617
5808;58,98;-7,22;0,00;0,00;0,00;-0,01;0,00;0,00;269;116;197;19;17;994;863
5809;27,08;-446,65;0,00;0,00;0,00;-0,45;0,00;0,00;127;33;182;42;34;892;488
5810;27,30;-436,90;0,00;0,00;0,00;-0,44;0,00;0,00;243;153;135;38;37;713;766
5811;52,75;-144,67;0,00;0,00;0,00;-0,14;0,00;0,00;457;148;143;33;39;148;497
5812;90,32;200,61;0,00;0,00;0,00;0,20;0,00;0,00;478;78;11;22;19;503;118
5813;47,58;-159,67;0,00;0,00;0,00;-0,16;0,00;0,00;390;135;89;25;19;548;997
5814;83,69;169,33;0,00;0,00;0,00;0,17;0,00;0,00;145;68;117;26;37;134;804
5815;35,51;-419,53;0,00;0,00;0,00;-0,42;0,00;0,00;318;170;46;15;39;518;816
5816;24,77;-499,57;0,00;0,00;0,00;-0,50;0,00;0,00;12;101;17;17;24;479;780
5817;54,05;-218,30;0,00;0,00;0,00;-0,22;0,00;0,00;354;18;12;19;22;807;969
5818;28,84;-359,94;0,00;0,00;0,00;-0,36;0,00;0,00;470;136;75;30;32;246;876
5819;67,80;8,95;0,00;0,00;0,00;0,01;0,00;0,00;424;31;80;45;35;946;781
5820;65,30;20,59;0,00;0,00;0,00;0,02;0,00;0,00;243;119;10;19;31;392;802
5821;51,51;-181,57;0,00;0,00;0,00;-0,18;0,00;0,00;272;150;50;41;21;734;213
5822;67,59;38,71;0,00;0,00;0,00;0,04;0,00;0,00;491;104;97;29;38;800;666
5823;39,82;-295,82;0,00;0,00;0,00;-0,30;0,00;0,00;25;105;52;22;24;293;102
5824;29,81;-417,43;0,00;0,00;0,00;-0,42;0,00;0,00;159;42;46;17;33;450;864
5825;36,95;-328,13;0,00;0,00;0,00;-0,33;0,00;0,00;151;199;45;47;28;280;963
5826;22,89;-405,37;0,00;0,00;0,00;-0,41;0,00;0,00;497;152;49;48;31;490;425
5827;26,41;-445,69;0,00;0,00;0,00;-0,45;0,00;0,00;269;98;153;21;19;752;268
5828;25,87;-438,95;0,00;0,00;0,00;-0,44;0,00;0,00;278;26;42;16;31;873;789
5829;56,24;-177,28;0,00;0,00;0,00;-0,18;0,00;0,00;333;133;28;22;37;731;992
5830;41,28;-310,49;0,00;0,00;0,00;-0,31;0,00;0,00;374;60;85;28;23;919;663
5831;36,58;-341,84;0,00;0,00;0,00;-0,34;0,00;0,00;420;124;55;13;25;732;950
5832;50,98;-208,84;0,00;0,00;0,00;-0,21;0,00;0,00;126;178;198;23;33;769;974
5833;21,85;-477,92;0,00;0,00;0,00;-0,48;0,00;0,00;347;50;27;47;37;471;493
5834;60,03;-147,10;0,00;0,00;0,00;-0,15;0,00;0,00;253;117;146;34;29;859;385
5835;25,58;-447,62;0,00;0,00;0,00;-0,45;0,00;0,00;308;80;89;41;31;481;899
5836;70,94;-33,34;0,00;0,00;0,00;-0,03;0,00;0,00;23;95;62;35;18;458;644
5837;53,14;-170,77;0,00;0,00;0,00;-0,17;0,00;0,00;373;174;77;46;15;893;792
5838;72,01;13,81;0,00;0,00;0,00;0,01;0,00;0,00;170;119;169;21;28;634;984
5839;83,70;126,34;0,00;0,00;0,00;0,13;0,00;0,00;149;147;14;36;28;875;275
5840;34,86;-320,76;0,00;0,00;0,00;-0,32;0,00;0,00;457;101;27;49;32;287;952
5841;88,13;174,76;0,00;0,00;0,00;0,17;0,00;0,00;360;47;101;20;33;241;128
5842;71,04;-52,62;0,00;0,00;0,00;-0,05;0,00;0,00;90;60;102;29;31;946;155
5843;6,84;-675,21;0,00;0,00;0,00;-0,68;0,00;0,00;377;177;41;40;39;291;468
5844;17,45;-531,14;0,00;0,00;0,00;-0,53;0,00;0,00;430;15;65;43;24;919;639
5845;57,72;-129,94;0,00;0,00;0,00;-0,13;0,00;0,00;70;83;126;19;24;233;509
5846;90,51;140,69;0,00;0,00;0,00;0,14;0,00;0,00;264;179;119;28;37;543;842
5847;73,17;29,01;0,00;0,00;0,00;0,03;0,00;0,00;201;46;56;15;32;650;415
5848;51,32;-160,52;0,00;0,00;0,00;-0,16;0,00;0,00;254;26;64;21;22;907;465
5849;20,45;-476,47;0,00;0,00;0,00;-0,48;0,00;0,00;495;187;59;10;38;144;868
5850;22,29;-506,22;0,00;0,00;0,00;-0,51;0,00;0,00;440;60;12;24;29;840;578
5851;19,41;-474,69;0,00;0,00;0,00;-0,47;0,00;0,00;144;183;83;39;34;854;680
5852;96,32;231,50;0,00;0,00;0,00;0,23;0,00;0,00;95;124;180;47;30;134;180
5853;51,56;-145,85;0,00;0,00;0,00;-0,15;0,00;0,00;397;67;177;21;19;326;933
5854;78,41;155,33;0,00;0,00;0,00;0,16;0,00;0,00;76;82;197;38;31;718;634
5855;70,72;18,60;0,00;0,00;0,00;0,02;0,00;0,00;202;160;154;17;37;279;972
5856;100,00;284,10;0,00;0,00;0,00;0,28;0,00;0,00;161;90;68;32;38;912;558
5857;52,17;-166,18;0,00;0,00;0,00;-0,17;0,00;0,00;17;69;164;15;23;200;503
5858;49,40;-212,14;0,00;0,00;0,00;-0,21;0,00;0,00;64;46;148;36;39;356;218
5859;44,53;-223,87;0,00;0,00;0,00;-0,22;0,00;0,00;209;154;109;12;35;850;905
5860;54,18;-160,01;0,00;0,00;0,00;-0,16;0,00;0,00;410;89;186;39;27;217;739
5861;100,00;204,32;0,00;0,00;0,00;0,20;0,00;0,00;116;38;175;31;19;356;924
5862;83,60;161,40;0,00;0,00;0,00;0,16;0,00;0,00;424;84;45;41;33;256;258
5863;65,91;-40,66;0,00;0,00;0,00;-0,04;0,00;0,00;108;48;134;25;35;325;850
5864;51,38;-160,39;0,00;0,00;0,00;-0,16;0,00;0,00;459;13;138;37;38;946;293
5865;51,82;-210,88;0,00;0,00;0,00;-0,21;0,00;0,00;289;47;167;36;19;498;759
5866;42,29;-371,72;0,00;0,00;0,00;-0,37;0,00;0,00;142;167;146;40;26;334;839
5867;57,16;-114,22;0,00;0,00;0,00;-0,11;0,00;0,00;483;19;39;45;36;666;398
5868;72,38;-4,51;0,00;0,00;0,00;-0,00;0,00;0,00;264;117;33;36;27;249;174
5869;53,99;-157,55;0,00;0,00;0,00;-0,16;0,00;0,00;281;44;135;32;24;764;537
5870;79,74;164,51;0,00;0,00;0,00;0,16;0,00;0,00;29;113;94;16;22;421;450
5871;73,59;129,04;0,00;0,00;0,00;0,13;0,00;0,00;351;198;12;46;22;929;958
5872;47,94;-205,07;0,00;0,00;0,00;-0,21;0,00;0,00;86;40;135;12;21;317;200
5873;17,75;-592,77;0,00;0,00;0,00;-0,59;0,00;0,00;354;96;187;32;23;691;356
5874;26,84;-398,54;0,00;0,00;0,00;-0,40;0,00;0,00;484;170;154;25;20;263;548
5875;31,37;-376,31;0,00;0,00;0,00;-0,38;0,00;0,00;268;45;87;11;37;864;499
5876;11,89;-606,53;0,00;0,00;0,00;-0,61;0,00;0,00;277;94;108;27;24;689;235
5877;43,62;-227,82;0,00;0,00;0,00;-0,23;0,00;0,00;198;122;47;25;28;900;412
5878;80,64;168,49;0,00;0,00;0,00;0,17;0,00;0,00;490;149;69;36;23;820;206
5879;45,36;-258,11;0,00;0,00;0,00;-0,26;0,00;0,00;310;119;196;18;21;425;448
5880;35,07;-424,39;0,00;0,00;0,00;-0,42;0,00;0,00;15;138;177;18;39;567;744
5881;24,96;-439,88;0,00;0,00;0,00;-0,44;0,00;0,00;52;103;34;47;17;385;509
5882;45,93;-234,00;0,00;0,00;0,00;-0,23;0,00;0,00;78;179;72;11;37;424;148
5883;82,40;116,91;0,00;0,00;0,00;0,12;0,00;0,00;182;16;82;23;37;449;296
5884;13,00;-455,66;0,00;0,00;0,00;-0,46;0,00;0,00;89;145;163;25;23;497;453
5885;100,00;246,34;0,00;0,00;0,00;0,25;0,00;0,00;310;198;95;44;15;203;432
5886;61,59;-16,97;0,00;0,00;0,00;-0,02;0,00;0,00;184;53;101;20;32;740;125
5887;43,39;-376,32;0,00;0,00;0,00;-0,38;0,00;0,00;261;58;75;15;39;940;671
5888;76,35;66,40;0,00;0,00;0,00;0,07;0,00;0,00;64;110;15;47;38;326;934
5889;0,00;-669,35;0,00;0,00;0,00;-0,67;0,00;0,00;263;195;77;39;27;308;102
5890;2,13;-714,57;0,00;0,00;0,00;-0,71;0,00;0,00;162;14;75;21;15;588;190
5891;61,00;-42,23;0,00;0,00;0,00;-0,04;0,00;0,00;101;81;143;41;38;881;325
5892;88,05;87,86;0,00;0,00;0,00;0,09;0,00;0,00;387;44;181;44;27;155;524
5893;79,26;48,27;0,00;0,00;0,00;0,05;0,00;0,00;300;188;106;17;31;714;791
5894;66,86;42,59;0,00;0,00;0,00;0,04;0,00;0,00;306;15;83;22;37;142;116
5895;50,64;-227,09;0,00;0,00;0,00;-0,23;0,00;0,00;354;172;25;28;36;312;432
5896;26,18;-369,20;0,00;0,00;0,00;-0,37;0,00;0,00;317;162;115;13;24;367;628
5897;68,60;-31,85;0,00;0,00;0,00;-0,03;0,00;0,00;148;137;108;39;21;883;456
5898;50,91;-188,11;0,00;0,00;0,00;-0,19;0,00;0,00;304;38;198;27;25;654;428
5899;89,61;274,29;0,00;0,00;0,00;0,27;0,00;0,00;340;104;57;46;29;943;697
5900;31,93;-442,89;0,00;0,00;0,00;-0,44;0,00;0,00;458;150;104;33;26;995;636
5901;50,24;-271,18;0,00;0,00;0,00;-0,27;0,00;0,00;160;116;123;41;18;840;618
5902;38,09;-283,95;0,00;0,00;0,00;-0,28;0,00;0,00;306;183;104;18;35;863;237
5903;57,49;-172,36;0,00;0,00;0,00;-0,17;0,00;0,00;250;94;178;37;36;832;599
5904;67,28;23,95;0,00;0,00;0,00;0,02;0,00;0,00;116;140;107;49;19;177;665
5905;44,62;-286,67;0,00;0,00;0,00;-0,29;0,00;0,00;419;62;102;11;27;384;942
5906;52,26;-158,27;0,00;0,00;0,00;-0,16;0,00;0,00;96;104;197;11;28;179;353
5907;44,62;-358,95;0,00;0,00;0,00;-0,36;0,00;0,00;333;84;108;30;37;788;258
5908;69,09;32,09;0,00;0,00;0,00;0,03;0,00;0,00;402;73;74;19;30;179;824
5909;56,95;-158,11;0,00;0,00;0,00;-0,16;0,00;0,00;360;185;133;26;39;685;275
5910;89,25;162,18;0,00;0,00;0,00;0,16;0,00;0,00;498;92;189;27;22;459;610
5911;88,59;160,94;0,00;0,00;0,00;0,16;0,00;0,00;199;118;85;42;36;525;696
5912;87,98;224,10;0,00;0,00;0,00;0,22;0,00;0,00;87;79;121;14;22;572;871
5913;32,58;-296,92;0,00;0,00;0,00;-0,30;0,00;0,00;48;127;179;40;37;787;367
5914;36,52;-335,55;0,00;0,00;0,00;-0,34;0,00;0,00;292;10;155;49;27;488;244
5915;55,16;-186,85;0,00;0,00;0,00;-0,19;0,00;0,00;315;147;96;21;27;335;366
5916;48,62;-176,78;0,00;0,00;0,00;-0,18;0,00;0,00;107;156;128;45;29;572;162
5917;36,84;-369,33;0,00;0,00;0,00;-0,37;0,00;0,00;102;41;91;14;35;938;680
5918;98,84;357,67;0,00;0,00;0,00;0,36;0,00;0,00;407;105;113;48;38;300;247
5919;63,71;5,00;0,00;0,00;0,00;0,00;0,00;0,00;489;74;67;35;27;679;448
5920;65,60;-64,89;0,00;0,00;0,00;-0,06;0,00;0,00;117;53;178;34;38;470;965
5921;43,22;-287,47;0,00;0,00;0,00;-0,29;0,00;0,00;460;178;137;44;39;261;228
5922;70,44;10,45;0,00;0,00;0,00;0,01;0,00;0,00;19;174;44;40;32;427;757
5923;36,52;-310,87;0,00;0,00;0,00;-0,31;0,00;0,00;434;177;74;13;34;221;589
5924;38,55;-247,44;0,00;0,00;0,00;-0,25;0,00;0,00;139;100;44;12;26;506;153
5925;57,89;-100,49;0,00;0,00;0,00;-0,10;0,00;0,00;421;153;120;33;31;393;477
5926;50,33;-206,85;0,00;0,00;0,00;-0,21;0,00;0,00;463;159;40;32;31;963;246
5927;94,77;235,76;0,00;0,00;0,00;0,24;0,00;0,00;227;62;32;43;26;749;127
5928;75,49;35,52;0,00;0,00;0,00;0,04;0,00;0,00;450;158;196;35;33;453;470
5929;40,49;-233,75;0,00;0,00;0,00;-0,23;0,00;0,00;308;161;68;21;18;587;582
5930;46,41;-287,77;0,00;0,00;0,00;-0,29;0,00;0,00;55;135;155;15;21;680;409
5931;49,92;-189,99;0,00;0,00;0,00;-0,19;0,00;0,00;332;49;126;18;18;788;152
5932;43,47;-298,87;0,00;0,00;0,00;-0,30;0,00;0,00;319;66;135;41;25;887;161
5933;70,58;127,02;0,00;0,00;0,00;0,13;0,00;0,00;219;197;130;29;35;129;163
5934;58,35;-183,59;0,00;0,00;0,00;-0,18;0,00;0,00;356;58;169;12;35;651;578
5935;60,62;25,07;0,00;0,00;0,00;0,03;0,00;0,00;461;45;97;41;31;113;208
5936;43,37;-202,45;0,00;0,00;0,00;-0,20;0,00;0,00;135;21;128;29;32;979;748
5937;50,54;-151,47;0,00;0,00;0,00;-0,15;0,00;0,00;194;188;187;23;30;349;999
5938;56,88;-129,85;0,00;0,00;0,00;-0,13;0,00;0,00;342;76;144;24;38;474;752
5939;55,24;-62,79;0,00;0,00;0,00;-0,06;0,00;0,00;278;27;121;25;30;874;422
5940;51,69;-217,14;0,00;0,00;0,00;-0,22;0,00;0,00;324;144;190;38;19;790;926
5941;34,87;-333,04;0,00;0,00;0,00;-0,33;0,00;0,00;52;148;141;33;33;624;147
5942;64,55;-49,37;0,00;0,00;0,00;-0,05;0,00;0,00;416;32;159;41;17;750;783
5943;61,03;-81,32;0,00;0,00;0,00;-0,08;0,00;0,00;114;167;44;16;33;590;221
5944;100,00;323,02;0,00;0,00;0,00;0,32;0,00;0,00;339;193;131;48;16;371;290
5945;53,76;-111,90;0,00;0,00;0,00;-0,11;0,00;0,00;333;197;108;12;22;814;568
5946;78,15;57,03;0,00;0,00;0,00;0,06;0,00;0,00;302;114;74;12;21;585;331
5947;9,49;-648,43;0,00;0,00;0,00;-0,65;0,00;0,00;485;129;88;26;23;668;470
5948;46,10;-261,76;0,00;0,00;0,00;-0,26;0,00;0,00;53;150;28;21;26;509;852
5949;31,16;-530,80;0,00;0,00;0,00;-0,53;0,00;0,00;489;111;170;32;31;457;470
5950;69,16;-18,56;0,00;0,00;0,00;-0,02;0,00;0,00;68;86;149;25;18;106;358
5951;26,36;-409,85;0,00;0,00;0,00;-0,41;0,00;0,00;37;109;170;14;38;622;994
5952;71,14;-50,84;0,00;0,00;0,00;-0,05;0,00;0,00;341;121;139;25;19;595;307
5953;22,46;-459,53;0,00;0,00;0,00;-0,46;0,00;0,00;42;152;197;27;34;661;698
5954;41,25;-311,22;0,00;0,00;0,00;-0,31;0,00;0,00;111;139;86;42;19;910;936
5955;28,96;-398,43;0,00;0,00;0,00;-0,40;0,00;0,00;104;168;84;41;17;922;789
5956;5,35;-703,79;0,00;0,00;0,00;-0,70;0,00;0,00;88;187;130;39;29;212;374
5957;0,23;-683,22;0,00;0,00;0,00;-0,68;0,00;0,00;283;139;178;35;39;641;266
5958;36,01;-262,67;0,00;0,00;0,00;-0,26;0,00;0,00;295;134;113;11;38;900;590
5959;46,56;-203,10;0,00;0,00;0,00;-0,20;0,00;0,00;66;187;94;10;22;675;749
5960;80,89;65,83;0,00;0,00;0,00;0,07;0,00;0,00;453;38;113;28;15;989;355
5961;35,48;-365,20;0,00;0,00;0,00;-0,37;0,00;0,00;261;106;29;47;20;347;491
5962;25,30;-478,56;0,00;0,00;0,00;-0,48;0,00;0,00;173;133;191;36;17;151;715
5963;29,49;-290,37;0,00;0,00;0,00;-0,29;0,00;0,00;259;149;48;27;28;149;702
5964;35,58;-282,12;0,00;0,00;0,00;-0,28;0,00;0,00;157;155;30;10;28;805;154
5965;23,46;-436,18;0,00;0,00;0,00;-0,44;0,00;0,00;467;36;106;27;15;541;410
5966;49,39;-234,79;0,00;0,00;0,00;-0,23;0,00;0,00;390;121;140;32;17;363;852
5967;85,71;175,50;0,00;0,00;0,00;0,18;0,00;0,00;403;194;172;13;24;346;944
5968;30,90;-409,42;0,00;0,00;0,00;-0,41;0,00;0,00;95;167;162;45;32;748;666
5969;0,00;-681,81;0,00;0,00;0,00;-0,68;0,00;0,00;16;42;10;10;31;917;154
5970;66,06;-39,75;0,00;0,00;0,00;-0,04;0,00;0,00;348;114;10;16;30;656;704
5971;45,17;-213,01;0,00;0,00;0,00;-0,21;0,00;0,00;409;47;116;38;26;363;357
5972;53,27;-146,18;0,00;0,00;0,00;-0,15;0,00;0,00;55;131;30;41;18;827;434
5973;43,51;-311,65;0,00;0,00;0,00;-0,31;0,00;0,00;411;179;190;42;34;493;348
5974;53,53;-118,17;0,00;0,00;0,00;-0,12;0,00;0,00;239;141;51;29;21;782;647
5975;25,61;-541,06;0,00;0,00;0,00;-0,54;0,00;0,00;250;124;129;33;25;276;725
5976;68,14;-72,19;0,00;0,00;0,00;-0,07;0,00;0,00;78;192;26;34;38;836;924
5977;0,00;-718,29;0,00;0,00;0,00;-0,72;0,00;0,00;40;96;138;16;21;276;715
5978;38,72;-270,69;0,00;0,00;0,00;-0,27;0,00;0,00;357;180;153;23;24;494;979
5979;81,53;100,78;0,00;0,00;0,00;0,10;0,00;0,00;372;54;127;36;38;218;821
5980;86,19;53,14;0,00;0,00;0,00;0,05;0,00;0,00;310;20;33;42;25;226;594
5981;95,38;241,83;0,00;0,00;0,00;0,24;0,00;0,00;370;196;106;39;35;339;949
5982;75,01;65,44;0,00;0,00;0,00;0,07;0,00;0,00;223;105;136;49;24;603;927
5983;54,84;-151,74;0,00;0,00;0,00;-0,15;0,00;0,00;401;179;72;33;32;881;643
5984;59,24;-140,17;0,00;0,00;0,00;-0,14;0,00;0,00;271;126;158;21;23;261;927
5985;90,25;185,74;0,00;0,00;0,00;0,19;0,00;0,00;31;90;60;39;31;126;112
5986;74,82;49,90;0,00;0,00;0,00;0,05;0,00;0,00;182;135;13;13;33;332;999
5987;59,53;-74,93;0,00;0,00;0,00;-0,07;0,00;0,00;455;103;186;35;21;230;825
5988;54,29;-142,03;0,00;0,00;0,00;-0,14;0,00;0,00;199;33;68;33;26;752;921
5989;66,99;62,11;0,00;0,00;0,00;0,06;0,00;0,00;461;184;11;36;18;981;113
5990;35,84;-269,42;0,00;0,00;0,00;-0,27;0,00;0,00;311;57;96;33;23;182;126
5991;78,64;-27,31;0,00;0,00;0,00;-0,03;0,00;0,00;479;185;51;39;35;969;152
5992;27,79;-518,11;0,00;0,00;0,00;-0,52;0,00;0,00;376;85;164;28;32;738;613
5993;59,00;-181,40;0,00;0,00;0,00;-0,18;0,00;0,00;227;40;20;46;39;811;397
5994;47,21;-245,32;0,00;0,00;0,00;-0,25;0,00;0,00;344;135;92;17;31;432;229
5995;53,81;-152,56;0,00;0,00;0,00;-0,15;0,00;0,00;236;175;90;10;33;625;976
5996;53,88;-186,47;0,00;0,00;0,00;-0,19;0,00;0,00;164;189;124;30;33;242;668
5997;33,58;-409,28;0,00;0,00;0,00;-0,41;0,00;0,00;107;59;37;11;18;574;679
5998;41,82;-231,40;0,00;0,00;0,00;-0,23;0,00;0,00;477;17;101;40;37;713;148
5999;15,23;-569,79;0,00;0,00;0,00;-0,57;0,00;0,00;243;119;190;12;15;491;188
6000;60,07;-63,00;0,00;0,00;0,00;-0,06;0,00;0,00;310;52;33;25;25;822;239
6001;53,64;-204,32;0,00;0,00;0,00;-0,20;0,00;0,00;189;69;109;43;34;826;549
6002;79,03;30,50;0,00;0,00;0,00;0,03;0,00;0,00;214;155;157;42;17;986;656
6003;100,00;371,35;0,00;0,00;0,00;0,37;0,00;0,00;130;94;150;20;34;278;893
6004;58,94;-30,80;0,00;0,00;0,00;-0,03;0,00;0,00;280;167;24;43;24;485;609
6005;66,69;-63,88;0,00;0,00;0,00;-0,06;0,00;0,00;208;134;115;30;17;198;660
6006;51,28;-192,77;0,00;0,00;0,00;-0,19;0,00;0,00;361;29;143;35;34;438;459
6007;74,44;73,19;0,00;0,00;0,00;0,07;0,00;0,00;396;186;118;21;27;105;447
6008;42,17;-242,33;0,00;0,00;0,00;-0,24;0,00;0,00;189;52;105;38;30;684;296
6009;49,59;-180,29;0,00;0,00;0,00;-0,18;0,00;0,00;120;150;121;15;34;748;755
6010;75,35;114,18;0,00;0,00;0,00;0,11;0,00;0,00;412;175;104;21;33;409;102
6011;5,86;-626,12;0,00;0,00;0,00;-0,63;0,00;0,00;159;179;139;31;39;491;998
6012;70,28;-74,71;0,00;0,00;0,00;-0,07;0,00;0,00;54;195;186;25;18;295;991
6013;43,09;-284,90;0,00;0,00;0,00;-0,28;0,00;0,00;100;89;173;49;19;314;294
6014;79,56;168,51;0,00;0,00;0,00;0,17;0,00;0,00;370;128;191;27;20;272;950
6015;36,11;-438,63;0,00;0,00;0,00;-0,44;0,00;0,00;166;76;137;14;16;387;146
6016;9,50;-654,48;0,00;0,00;0,00;-0,65;0,00;0,00;207;85;192;23;17;974;373
6017;47,67;-175,55;0,00;0,00;0,00;-0,18;0,00;0,00;402;44;92;25;30;541;829
6018;13,33;-556,98;0,00;0,00;0,00;-0,56;0,00;0,00;206;27;105;21;39;579;231
6019;1,84;-640,51;0,00;0,00;0,00;-0,64;0,00;0,00;128;71;58;10;20;149;627
6020;27,20;-403,99;0,00;0,00;0,00;-0,40;0,00;0,00;196;152;95;41;23;113;240
6021;73,45;9,36;0,00;0,00;0,00;0,01;0,00;0,00;189;24;188;46;16;332;579
6022;18,55;-525,60;0,00;0,00;0,00;-0,53;0,00;0,00;31;29;195;39;18;714;811
6023;100,00;230,34;0,00;0,00;0,00;0,23;0,00;0,00;140;145;89;34;34;896;974
6024;77,68;132,13;0,00;0,00;0,00;0,13;0,00;0,00;118;49;80;36;23;997;198
6025;81,88;28,74;0,00;0,00;0,00;0,03;0,00;0,00;442;188;59;34;29;904;979
6026;69,81;99,27;0,00;0,00;0,00;0,10;0,00;0,00;184;170;44;44;23;312;478
6027;19,59;-510,01;0,00;0,00;0,00;-0,51;0,00;0,00;363;28;121;39;19;574;358
6028;6,34;-578,64;0,00;0,00;0,00;-0,58;0,00;0,00;195;105;127;24;38;137;440
6029;33,50;-261,54;0,00;0,00;0,00;-0,26;0,00;0,00;470;38;50;33;25;398;846
6030;56,61;-125,54;0,00;0,00;0,00;-0,13;0,00;0,00;27;185;46;36;16;675;220
6031;64,40;-64,95;0,00;0,00;0,00;-0,06;0,00;0,00;477;175;145;23;16;804;814
6032;60,35;-206,62;0,00;0,00;0,00;-0,21;0,00;0,00;25;58;81;47;35;508;187
6033;20,82;-423,58;0,00;0,00;0,00;-0,42;0,00;0,00;69;196;50;35;28;390;791
6034;14,40;-546,42;0,00;0,00;0,00;-0,55;0,00;0,00;132;29;94;24;22;777;901
6035;56,55;-116,19;0,00;0,00;0,00;-0,12;0,00;0,00;301;169;147;25;27;384;562
6036;0,00;-636,58;0,00;0,00;0,00;-0,64;0,00;0,00;53;159;145;24;30;265;659
6037;65,82;21,25;0,00;0,00;0,00;0,02;0,00;0,00;122;161;159;17;37;373;875
6038;89,97;166,63;0,00;0,00;0,00;0,17;0,00;0,00;182;134;138;40;15;741;899
6039;0,00;-782,39;0,00;0,00;0,00;-0,78;0,00;0,00;180;149;49;33;30;659;201
6040;12,03;-579,12;0,00;0,00;0,00;-0,58;0,00;0,00;335;21;16;15;15;913;878
6041;48,18;-236,80;0,00;0,00;0,00;-0,24;0,00;0,00;267;15;197;36;23;694;426
6042;45,29;-347,02;0,00;0,00;0,00;-0,35;0,00;0,00;249;98;183;42;19;109;452
6043;76,49;109,27;0,00;0,00;0,00;0,11;0,00;0,00;296;24;53;26;15;602;255
6044;59,10;-92,91;0,00;0,00;0,00;-0,09;0,00;0,00;244;32;158;30;21;831;154
6045;60,66;-115,42;0,00;0,00;0,00;-0,12;0,00;0,00;180;101;171;42;38;210;105
6046;70,19;-35,58;0,00;0,00;0,00;-0,04;0,00;0,00;49;16;99;22;36;933;336
6047;83,39;87,85;0,00;0,00;0,00;0,09;0,00;0,00;371;99;183;12;27;983;418
6048;44,04;-276,57;0,00;0,00;0,00;-0,28;0,00;0,00;323;66;20;38;34;502;941
6049;62,58;-125,90;0,00;0,00;0,00;-0,13;0,00;0,00;431;45;54;36;37;124;168
6050;91,06;343,36;0,00;0,00;0,00;0,34;0,00;0,00;177;90;27;40;17;917;491
6051;25,38;-524,74;0,00;0,00;0,00;-0,52;0,00;0,00;411;113;69;13;32;437;694
6052;41,64;-253,59;0,00;0,00;0,00;-0,25;0,00;0,00;282;186;58;25;38;488;436
6053;45,91;-257,45;0,00;0,00;0,00;-0,26;0,00;0,00;67;180;150;37;15;202;361
6054;60,88;-28,83;0,00;0,00;0,00;-0,03;0,00;0,00;445;186;89;43;23;373;977
6055;54,97;-135,02;0,00;0,00;0,00;-0,14;0,00;0,00;440;194;14;47;30;580;588
6056;50,16;-201,45;0,00;0,00;0,00;-0,20;0,00;0,00;483;120;20;13;23;749;815
6057;47,31;-288,97;0,00;0,00;0,00;-0,29;0,00;0,00;274;173;195;20;29;914;255
6058;85,36;128,97;0,00;0,00;0,00;0,13;0,00;0,00;424;175;159;13;21;436;962
6059;53,05;-199,57;0,00;0,00;0,00;-0,20;0,00;0,00;477;116;36;16;27;771;850
6060;49,60;-105,01;0,00;0,00;0,00;-0,11;0,00;0,00;261;82;140;14;20;236;847
6061;65,19;-57,88;0,00;0,00;0,00;-0,06;0,00;0,00;485;140;183;19;35;116;276
6062;36,09;-314,48;0,00;0,00;0,00;-0,31;0,00;0,00;254;148;193;35;30;413;911
6063;14,18;-521,98;0,00;0,00;0,00;-0,52;0,00;0,00;328;23;10;28;16;298;667
6064;26,36;-417,50;0,00;0,00;0,00;-0,42;0,00;0,00;454;145;149;20;34;632;832
6065;8,22;-737,97;0,00;0,00;0,00;-0,74;0,00;0,00;215;131;22;11;28;413;328
6066;38,27;-395,79;0,00;0,00;0,00;-0,40;0,00;0,00;159;111;14;33;28;577;917
6067;5,44;-734,54;0,00;0,00;0,00;-0,73;0,00;0,00;181;120;194;35;34;873;606
6068;33,57;-447,40;0,00;0,00;0,00;-0,45;0,00;0,00;483;154;184;45;17;251;602
6069;21,54;-554,18;0,00;0,00;0,00;-0,55;0,00;0,00;462;183;55;45;31;222;234
6070;89,61;145,43;0,00;0,00;0,00;0,15;0,00;0,00;406;197;188;16;26;516;894
6071;9,95;-608,18;0,00;0,00;0,00;-0,61;0,00;0,00;113;159;67;17;22;250;579
6072;41,16;-359,19;0,00;0,00;0,00;-0,36;0,00;0,00;406;70;36;24;38;535;609
6073;45,65;-351,30;0,00;0,00;0,00;-0,35;0,00;0,00;283;74;51;16;16;977;865
6074;5,62;-663,95;0,00;0,00;0,00;-0,66;0,00;0,00;415;72;140;46;37;177;650
6075;59,67;-73,79;0,00;0,00;0,00;-0,07;0,00;0,00;182;164;87;18;25;276;351
6076;44,37;-199,46;0,00;0,00;0,00;-0,20;0,00;0,00;204;167;54;37;37;203;864
6077;74,84;25,09;0,00;0,00;0,00;0,03;0,00;0,00;365;62;101;20;18;784;788
6078;50,97;-205,53;0,00;0,00;0,00;-0,21;0,00;0,00;440;166;15;32;18;760;327
6079;47,89;-302,17;0,00;0,00;0,00;-0,30;0,00;0,00;348;169;28;42;30;587;984
6080;49,82;-195,89;0,00;0,00;0,00;-0,20;0,00;0,00;162;119;145;43;19;913;579
6081;46,06;-168,97;0,00;0,00;0,00;-0,17;0,00;0,00;62;150;119;29;16;324;295
6082;52,63;-188,66;0,00;0,00;0,00;-0,19;0,00;0,00;355;51;86;30;29;100;318
6083;69,61;29,68;0,00;0,00;0,00;0,03;0,00;0,00;156;148;39;39;31;736;637
6084;59,93;-73,93;0,00;0,00;0,00;-0,07;0,00;0,00;470;180;105;12;32;831;867
6085;43,07;-241,47;0,00;0,00;0,00;-0,24;0,00;0,00;12;178;198;24;35;109;724
6086;77,81;130,11;0,00;0,00;0,00;0,13;0,00;0,00;43;26;110;29;34;731;949
6087;85,46;174,07;0,00;0,00;0,00;0,17;0,00;0,00;251;190;46;30;35;577;372
6088;77,05;31,25;0,00;0,00;0,00;0,03;0,00;0,00;181;80;179;46;39;123;376
6089;25,00;-391,89;0,00;0,00;0,00;-0,39;0,00;0,00;33;58;186;14;26;451;329
6090;38,56;-324,11;0,00;0,00;0,00;-0,32;0,00;0,00;53;61;149;44;16;354;519
6091;26,56;-410,74;0,00;0,00;0,00;-0,41;0,00;0,00;335;173;94;40;26;252;185
6092;71,23;62,76;0,00;0,00;0,00;0,06;0,00;0,00;28;143;10;15;23;384;491
6093;55,85;-181,85;0,00;0,00;0,00;-0,18;0,00;0,00;30;129;38;14;22;960;823
6094;72,67;45,11;0,00;0,00;0,00;0,05;0,00;0,00;36;58;138;36;18;608;470
6095;4,22;-776,17;0,00;0,00;0,00;-0,78;0,00;0,00;274;187;22;39;31;429;209
6096;48,75;-405,91;0,00;0,00;0,00;-0,41;0,00;0,00;25;68;61;38;34;822;626
6097;48,26;-216,04;0,00;0,00;0,00;-0,22;0,00;0,00;472;136;107;41;39;894;228
6098;65,83;32,76;0,00;0,00;0,00;0,03;0,00;0,00;414;63;169;13;29;420;548
6099;33,30;-417,23;0,00;0,00;0,00;-0,42;0,00;0,00;290;120;62;41;33;403;335
6100;26,30;-393,93;0,00;0,00;0,00;-0,39;0,00;0,00;53;174;13;22;34;848;725
6101;79,17;94,86;0,00;0,00;0,00;0,09;0,00;0,00;474;32;118;45;27;664;182
6102;53,95;-234,76;0,00;0,00;0,00;-0,23;0,00;0,00;383;139;14;31;18;867;646
6103;64,24;-74,29;0,00;0,00;0,00;-0,07;0,00;0,00;180;79;140;20;33;352;651
6104;15,32;-472,42;0,00;0,00;0,00;-0,47;0,00;0,00;85;199;71;31;33;844;547
6105;62,37;-41,78;0,00;0,00;0,00;-0,04;0,00;0,00;471;142;159;13;35;291;996
6106;39,39;-228,94;0,00;0,00;0,00;-0,23;0,00;0,00;32;188;186;16;17;314;511
6107;63,92;-102,99;0,00;0,00;0,00;-0,10;0,00;0,00;363;65;139;16;19;570;768
6108;46,51;-248,26;0,00;0,00;0,00;-0,25;0,00;0,00;256;117;81;42;28;312;531
6109;88,61;141,84;0,00;0,00;0,00;0,14;0,00;0,00;277;121;184;34;20;603;703
6110;90,95;133,31;0,00;0,00;0,00;0,13;0,00;0,00;370;190;63;45;38;901;452
6111;67,33;-35,29;0,00;0,00;0,00;-0,04;0,00;0,00;308;79;196;42;20;323;177
6112;53,88;-149,72;0,00;0,00;0,00;-0,15;0,00;0,00;441;134;117;25;25;849;731
6113;60,84;-72,03;0,00;0,00;0,00;-0,07;0,00;0,00;255;22;143;35;15;156;716
6114;14,60;-648,80;0,00;0,00;0,00;-0,65;0,00;0,00;176;198;31;39;19;201;397
6115;18,96;-518,33;0,00;0,00;0,00;-0,52;0,00;0,00;114;119;87;23;31;662;757
6116;74,33;68,92;0,00;0,00;0,00;0,07;0,00;0,00;398;159;167;43;36;637;377
6117;39,36;-275,05;0,00;0,00;0,00;-0,28;0,00;0,00;413;116;73;48;37;558;516
6118;60,09;-93,97;0,00;0,00;0,00;-0,09;0,00;0,00;268;98;94;37;22;749;779
6119;28,97;-395,33;0,00;0,00;0,00;-0,40;0,00;0,00;162;63;145;18;22;900;333
6120;84,78;176,16;0,00;0,00;0,00;0,18;0,00;0,00;228;50;17;42;27;464;891
6121;41,53;-309,13;0,00;0,00;0,00;-0,31;0,00;0,00;55;149;94;10;19;776;279
6122;37,04;-367,31;0,00;0,00;0,00;-0,37;0,00;0,00;385;154;99;14;22;840;747
6123;28,23;-383,68;0,00;0,00;0,00;-0,38;0,00;0,00;377;87;196;12;21;793;994
6124;68,82;-8,12;0,00;0,00;0,00;-0,01;0,00;0,00;403;159;73;25;35;495;636
6125;59,34;-157,79;0,00;0,00;0,00;-0,16;0,00;0,00;427;136;142;35;16;581;420
6126;52,81;-198,79;0,00;0,00;0,00;-0,20;0,00;0,00;60;193;191;34;31;779;408
6127;94,39;263,01;0,00;0,00;0,00;0,26;0,00;0,00;493;151;46;12;17;146;608
6128;71,12;56,35;0,00;0,00;0,00;0,06;0,00;0,00;106;71;54;23;17;257;474
6129;92,23;208,57;0,00;0,00;0,00;0,21;0,00;0,00;415;181;109;36;18;554;949
6130;45,15;-256,88;0,00;0,00;0,00;-0,26;0,00;0,00;23;193;179;43;37;670;486
6131;51,25;-234,46;0,00;0,00;0,00;-0,23;0,00;0,00;18;181;37;25;39;994;681
6132;11,04;-604,07;0,00;0,00;0,00;-0,60;0,00;0,00;408;189;137;47;19;265;398
6133;67,62;-71,78;0,00;0,00;0,00;-0,07;0,00;0,00;70;118;49;44;28;129;855
6134;62,05;-125,07;0,00;0,00;0,00;-0,13;0,00;0,00;373;111;89;18;20;338;617
6135;83,86;159,25;0,00;0,00;0,00;0,16;0,00;0,00;432;58;75;22;31;161;553
6136;35,15;-326,89;0,00;0,00;0,00;-0,33;0,00;0,00;230;114;95;11;29;113;235
6137;42,62;-269,51;0,00;0,00;0,00;-0,27;0,00;0,00;353;70;194;44;24;538;262
6138;51,61;-217,80;0,00;0,00;0,00;-0,22;0,00;0,00;450;70;48;36;25;840;101
6139;56,55;-158,71;0,00;0,00;0,00;-0,16;0,00;0,00;410;29;117;23;22;912;101
6140;26,21;-345,39;0,00;0,00;0,00;-0,35;0,00;0,00;300;41;92;32;19;578;702
6141;58,47;-83,40;0,00;0,00;0,00;-0,08;0,00;0,00;162;50;138;25;19;140;458
6142;27,40;-403,28;0,00;0,00;0,00;-0,40;0,00;0,00;330;140;62;32;30;437;835
6143;69,34;-55,40;0,00;0,00;0,00;-0,06;0,00;0,00;328;108;163;48;15;346;857
6144;59,22;-153,15;0,00;0,00;0,00;-0,15;0,00;0,00;360;108;161;36;16;744;447
6145;70,40;-45,10;0,00;0,00;0,00;-0,05;0,00;0,00;384;185;164;28;37;125;344
6146;70,99;51,40;0,00;0,00;0,00;0,05;0,00;0,00;37;151;184;33;20;894;224
6147;0,00;-648,27;0,00;0,00;0,00;-0,65;0,00;0,00;470;141;109;15;28;242;932
6148;54,38;-203,38;0,00;0,00;0,00;-0,20;0,00;0,00;370;143;11;16;36;812;600
6149;5,37;-640,37;0,00;0,00;0,00;-0,64;0,00;0,00;495;178;128;43;27;390;773
6150;62,56;-112,85;0,00;0,00;0,00;-0,11;0,00;0,00;350;31;107;13;31;778;564
6151;50,57;-165,10;0,00;0,00;0,00;-0,17;0,00;0,00;148;132;87;18;27;230;779
6152;17,67;-591,84;0,00;0,00;0,00;-0,59;0,00;0,00;256;64;53;43;33;579;707
6153;44,25;-178,45;0,00;0,00;0,00;-0,18;0,00;0,00;412;127;100;16;22;302;888
6154;21,33;-480,35;0,00;0,00;0,00;-0,48;0,00;0,00;43;99;187;30;18;674;820
6155;38,18;-287,54;0,00;0,00;0,00;-0,29;0,00;0,00;336;14;76;18;27;578;403
6156;58,00;-125,85;0,00;0,00;0,00;-0,13;0,00;0,00;333;68;146;24;25;788;529
6157;80,83;135,63;0,00;0,00;0,00;0,14;0,00;0,00;404;64;89;27;33;541;792
6158;73,43;34,54;0,00;0,00;0,00;0,03;0,00;0,00;292;147;180;15;18;492;517
6159;69,81;-45,72;0,00;0,00;0,00;-0,05;0,00;0,00;27;194;158;27;34;973;306
6160;95,91;331,62;0,00;0,00;0,00;0,33;0,00;0,00;430;154;168;15;36;904;983
6161;51,28;-146,78;0,00;0,00;0,00;-0,15;0,00;0,00;94;29;80;25;19;336;921
6162;33,49;-467,75;0,00;0,00;0,00;-0,47;0,00;0,00;44;17;21;19;30;183;420
6163;46,12;-216,24;0,00;0,00;0,00;-0,22;0,00;0,00;172;183;144;31;17;969;344
6164;100,00;377,45;0,00;0,00;0,00;0,38;0,00;0,00;460;170;116;36;17;761;560
6165;57,45;-87,26;0,00;0,00;0,00;-0,09;0,00;0,00;413;143;69;34;20;639;875
6166;69,83;-7,37;0,00;0,00;0,00;-0,01;0,00;0,00;448;66;35;16;33;854;980
6167;85,46;90,50;0,00;0,00;0,00;0,09;0,00;0,00;174;89;163;16;35;916;527
6168;6,07;-734,50;0,00;0,00;0,00;-0,73;0,00;0,00;26;85;82;35;35;672;713
6169;65,34;-35,23;0,00;0,00;0,00;-0,04;0,00;0,00;483;51;176;46;21;491;982
6170;54,13;-117,05;0,00;0,00;0,00;-0,12;0,00;0,00;71;15;141;16;22;181;730
6171;100,00;234,96;0,00;0,00;0,00;0,23;0,00;0,00;344;115;141;34;19;251;131
6172;34,92;-353,62;0,00;0,00;0,00;-0,35;0,00;0,00;26;22;86;46;29;548;416
6173;71,55;-33,00;0,00;0,00;0,00;-0,03;0,00;0,00;451;42;64;41;34;879;806
6174;45,37;-248,79;0,00;0,00;0,00;-0,25;0,00;0,00;233;114;31;33;21;955;198
6175;57,52;-94,04;0,00;0,00;0,00;-0,09;0,00;0,00;105;162;71;24;30;191;600
6176;43,25;-229,31;0,00;0,00;0,00;-0,23;0,00;0,00;439;128;90;44;28;211;879
6177;35,25;-348,81;0,00;0,00;0,00;-0,35;0,00;0,00;409;77;133;48;17;709;343
6178;49,18;-272,88;0,00;0,00;0,00;-0,27;0,00;0,00;213;82;38;35;17;663;997
6179;43,61;-272,20;0,00;0,00;0,00;-0,27;0,00;0,00;410;57;124;28;18;113;360
6180;85,82;187,93;0,00;0,00;0,00;0,19;0,00;0,00;376;164;36;36;20;890;261
6181;34,98;-308,03;0,00;0,00;0,00;-0,31;0,00;0,00;21;138;111;13;20;593;450
6182;54,18;-122,49;0,00;0,00;0,00;-0,12;0,00;0,00;425;155;155;23;29;433;332
6183;41,33;-316,61;0,00;0,00;0,00;-0,32;0,00;0,00;206;67;192;33;15;938;796
6184;19,22;-548,30;0,00;0,00;0,00;-0,55;0,00;0,00;363;131;125;15;31;419;374
6185;49,89;-221,58;0,00;0,00;0,00;-0,22;0,00;0,00;54;130;145;14;36;348;820
6186;52,01;-187,37;0,00;0,00;0,00;-0,19;0,00;0,00;440;41;185;47;30;564;180
6187;44,36;-306,08;0,00;0,00;0,00;-0,31;0,00;0,00;232;160;88;26;36;890;790
6188;68,16;-74,53;0,00;0,00;0,00;-0,07;0,00;0,00;263;119;96;13;32;264;520
6189;30,49;-389,28;0,00;0,00;0,00;-0,39;0,00;0,00;114;186;115;37;37;813;115
6190;45,96;-207,37;0,00;0,00;0,00;-0,21;0,00;0,00;26;125;39;27;23;264;901
6191;33,62;-447,07;0,00;0,00;0,00;-0,45;0,00;0,00;432;84;115;19;18;193;643
6192;23,47;-445,96;0,00;0,00;0,00;-0,45;0,00;0,00;217;40;185;20;33;305;850
6193;58,75;-141,85;0,00;0,00;0,00;-0,14;0,00;0,00;305;11;180;35;31;415;913
6194;4,99;-652,57;0,00;0,00;0,00;-0,65;0,00;0,00;393;184;177;11;38;944;892
6195;68,61;58,50;0,00;0,00;0,00;0,06;0,00;0,00;323;72;29;29;29;632;354
6196;36,46;-419,75;0,00;0,00;0,00;-0,42;0,00;0,00;36;137;181;28;26;215;770
6197;55,65;-123,58;0,00;0,00;0,00;-0,12;0,00;0,00;257;92;58;31;18;962;494
6198;29,44;-408,04;0,00;0,00;0,00;-0,41;0,00;0,00;217;160;97;28;28;858;215
6199;10,17;-587,57;0,00;0,00;0,00;-0,59;0,00;0,00;306;135;48;15;26;651;528
6200;88,82;205,02;0,00;0,00;0,00;0,21;0,00;0,00;425;19;113;43;24;404;778
6201;3,35;-662,18;0,00;0,00;0,00;-0,66;0,00;0,00;429;166;151;14;22;556;320
6202;41,66;-256,88;0,00;0,00;0,00;-0,26;0,00;0,00;305;118;196;31;28;428;998
6203;15,94;-522,27;0,00;0,00;0,00;-0,52;0,00;0,00;69;17;45;41;39;482;460
6204;37,31;-301,63;0,00;0,00;0,00;-0,30;0,00;0,00;440;198;162;10;34;508;645
6205;54,69;-86,22;0,00;0,00;0,00;-0,09;0,00;0,00;132;122;45;31;39;277;272
6206;61,12;86,88;0,00;0,00;0,00;0,09;0,00;0,00;18;184;43;42;27;266;440
6207;43,80;-317,18;0,00;0,00;0,00;-0,32;0,00;0,00;491;134;21;27;33;232;808
6208;46,20;-233,44;0,00;0,00;0,00;-0,23;0,00;0,00;118;84;85;25;33;358;910
6209;7,61;-660,39;0,00;0,00;0,00;-0,66;0,00;0,00;328;95;87;22;31;688;513
6210;69,70;-47,03;0,00;0,00;0,00;-0,05;0,00;0,00;392;140;58;21;39;650;450
6211;100,00;261,21;0,00;0,00;0,00;0,26;0,00;0,00;11;196;188;14;28;956;149
6212;43,83;-226,33;0,00;0,00;0,00;-0,23;0,00;0,00;118;190;78;24;34;893;754
6213;79,29;114,22;0,00;0,00;0,00;0,11;0,00;0,00;262;89;84;19;28;835;246
6214;80,46;61,46;0,00;0,00;0,00;0,06;0,00;0,00;440;114;144;44;22;843;764
6215;14,43;-559,14;0,00;0,00;0,00;-0,56;0,00;0,00;223;46;40;44;34;680;419
6216;35,01;-333,07;0,00;0,00;0,00;-0,33;0,00;0,00;108;153;90;30;39;978;821
6217;38,35;-242,73;0,00;0,00;0,00;-0,24;0,00;0,00;286;109;29;21;37;952;723
6218;35,72;-279,22;0,00;0,00;0,00;-0,28;0,00;0,00;65;131;190;27;25;903;377
6219;83,78;36,85;0,00;0,00;0,00;0,04;0,00;0,00;432;26;145;13;28;872;432
6220;42,30;-335,48;0,00;0,00;0,00;-0,34;0,00;0,00;165;105;37;38;32;592;582
6221;46,15;-215,55;0,00;0,00;0,00;-0,22;0,00;0,00;86;29;158;17;34;741;411
6222;64,15;-129,84;0,00;0,00;0,00;-0,13;0,00;0,00;442;133;120;46;30;997;999
6223;62,02;-118,69;0,00;0,00;0,00;-0,12;0,00;0,00;314;106;135;23;38;715;836
6224;89,66;109,40;0,00;0,00;0,00;0,11;0,00;0,00;321;150;151;25;16;386;548
6225;79,44;128,74;0,00;0,00;0,00;0,13;0,00;0,00;172;149;79;24;15;571;145
6226;31,44;-389,04;0,00;0,00;0,00;-0,39;0,00;0,00;164;129;34;17;18;858;877
6227;7,87;-643,50;0,00;0,00;0,00;-0,64;0,00;0,00;56;11;31;25;29;496;599
6228;37,74;-429,28;0,00;0,00;0,00;-0,43;0,00;0,00;201;130;44;12;30;894;528
6229;11,64;-620,82;0,00;0,00;0,00;-0,62;0,00;0,00;490;186;181;23;17;640;196
6230;65,16;-55,71;0,00;0,00;0,00;-0,06;0,00;0,00;402;62;140;42;24;781;869
6231;52,01;-128,72;0,00;0,00;0,00;-0,13;0,00;0,00;27;15;195;21;17;265;587
6232;38,67;-418,02;0,00;0,00;0,00;-0,42;0,00;0,00;137;33;47;47;25;785;667
6233;28,79;-446,52;0,00;0,00;0,00;-0,45;0,00;0,00;235;78;74;24;22;716;777
6234;70,42;-32,61;0,00;0,00;0,00;-0,03;0,00;0,00;131;177;110;27;27;465;409
6235;30,14;-365,91;0,00;0,00;0,00;-0,37;0,00;0,00;205;87;27;22;33;383;827
6236;49,38;-290,74;0,00;0,00;0,00;-0,29;0,00;0,00;387;131;28;14;34;520;545
6237;5,54;-592,32;0,00;0,00;0,00;-0,59;0,00;0,00;144;107;70;44;19;528;385
6238;100,00;285,32;0,00;0,00;0,00;0,29;0,00;0,00;175;172;72;28;21;971;334
6239;65,51;38,28;0,00;0,00;0,00;0,04;0,00;0,00;416;142;151;29;25;717;252
6240;48,03;-177,14;0,00;0,00;0,00;-0,18;0,00;0,00;496;31;133;35;27;428;742
6241;13,13;-572,13;0,00;0,00;0,00;-0,57;0,00;0,00;103;62;64;33;39;907;179
6242;68,53;-28,06;0,00;0,00;0,00;-0,03;0,00;0,00;10;105;185;31;18;370;146
6243;40,35;-328,24;0,00;0,00;0,00;-0,33;0,00;0,00;230;172;29;28;36;471;181
6244;0,00;-753,89;0,00;0,00;0,00;-0,75;0,00;0,00;450;32;147;35;24;416;986
6245;22,45;-392,68;0,00;0,00;0,00;-0,39;0,00;0,00;401;169;179;15;18;171;441
6246;81,74;98,31;0,00;0,00;0,00;0,10;0,00;0,00;331;44;197;20;23;120;891
6247;38,08;-285,80;0,00;0,00;0,00;-0,29;0,00;0,00;43;72;53;22;31;322;915
6248;50,87;-187,62;0,00;0,00;0,00;-0,19;0,00;0,00;252;143;144;44;23;908;963
6249;80,37;94,25;0,00;0,00;0,00;0,09;0,00;0,00;373;153;99;14;36;804;567
6250;49,77;-151,42;0,00;0,00;0,00;-0,15;0,00;0,00;143;124;168;13;26;984;257
6251;76,45;1,55;0,00;0,00;0,00;0,00;0,00;0,00;96;108;47;36;28;676;370
6252;21,95;-513,02;0,00;0,00;0,00;-0,51;0,00;0,00;112;21;170;13;19;476;661
6253;63,41;-34,58;0,00;0,00;0,00;-0,03;0,00;0,00;421;157;186;21;15;560;928
6254;52,97;-155,65;0,00;0,00;0,00;-0,16;0,00;0,00;252;71;74;19;29;475;976
6255;48,52;-196,25;0,00;0,00;0,00;-0,20;0,00;0,00;494;70;38;17;17;238;351
6256;60,02;38,25;0,00;0,00;0,00;0,04;0,00;0,00;142;81;128;22;25;549;740
6257;10,94;-623,12;0,00;0,00;0,00;-0,62;0,00;0,00;342;38;79;18;20;852;728
6258;58,83;-136,84;0,00;0,00;0,00;-0,14;0,00;0,00;144;141;57;47;32;814;286
6259;85,34;83,62;0,00;0,00;0,00;0,08;0,00;0,00;44;144;84;40;31;188;843
6260;6,62;-663,97;0,00;0,00;0,00;-0,66;0,00;0,00;397;169;30;47;18;562;480
6261;82,34;152,96;0,00;0,00;0,00;0,15;0,00;0,00;211;142;81;30;31;259;219
6262;56,45;-147,06;0,00;0,00;0,00;-0,15;0,00;0,00;195;164;84;47;34;453;773
6263;99,21;334,00;0,00;0,00;0,00;0,33;0,00;0,00;452;77;161;10;37;919;889
6264;59,05;-192,98;0,00;0,00;0,00;-0,19;0,00;0,00;391;91;60;35;20;154;614
6265;63,71;-43,71;0,00;0,00;0,00;-0,04;0,00;0,00;438;14;112;41;18;243;153
6266;49,78;-219,23;0,00;0,00;0,00;-0,22;0,00;0,00;78;33;96;34;19;526;164
6267;56,52;-179,22;0,00;0,00;0,00;-0,18;0,00;0,00;448;13;178;36;28;257;229
6268;48,65;-199,55;0,00;0,00;0,00;-0,20;0,00;0,00;384;67;175;48;27;941;735
6269;72,23;67,69;0,00;0,00;0,00;0,07;0,00;0,00;469;13;38;38;36;294;897
6270;47,93;-199,97;0,00;0,00;0,00;-0,20;0,00;0,00;354;44;100;44;23;481;657
6271;2,23;-646,23;0,00;0,00;0,00;-0,65;0,00;0,00;186;13;190;29;24;426;648
6272;22,89;-423,86;0,00;0,00;0,00;-0,42;0,00;0,00;435;124;176;13;34;911;856
6273;76,18;189,77;0,00;0,00;0,00;0,19;0,00;0,00;191;69;107;28;35;302;957
6274;68,07;-83,08;0,00;0,00;0,00;-0,08;0,00;0,00;364;159;96;25;39;742;747
6275;60,23;-97,51;0,00;0,00;0,00;-0,10;0,00;0,00;141;115;55;43;19;874;261
6276;51,67;-166,71;0,00;0,00;0,00;-0,17;0,00;0,00;318;55;12;14;36;673;713
6277;50,18;-186,68;0,00;0,00;0,00;-0,19;0,00;0,00;12;66;176;33;24;266;906
6278;78,49;50,64;0,00;0,00;0,00;0,05;0,00;0,00;183;187;162;49;34;881;945
6279;44,37;-169,53;0,00;0,00;0,00;-0,17;0,00;0,00;361;186;44;16;18;816;554
6280;37,14;-410,84;0,00;0,00;0,00;-0,41;0,00;0,00;231;15;74;24;29;703;874
6281;51,31;-216,02;0,00;0,00;0,00;-0,22;0,00;0,00;164;67;113;44;26;756;628
6282;56,42;-202,72;0,00;0,00;0,00;-0,20;0,00;0,00;239;141;101;45;31;767;895
6283;9,13;-653,64;0,00;0,00;0,00;-0,65;0,00;0,00;451;109;138;47;19;952;972
6284;31,93;-314,79;0,00;0,00;0,00;-0,31;0,00;0,00;344;55;66;26;21;338;633
6285;86,91;57,79;0,00;0,00;0,00;0,06;0,00;0,00;125;22;125;15;30;785;850
6286;64,64;23,29;0,00;0,00;0,00;0,02;0,00;0,00;258;57;167;12;25;123;287
6287;58,69;-112,41;0,00;0,00;0,00;-0,11;0,00;0,00;306;12;58;31;18;132;705
6288;50,04;-129,73;0,00;0,00;0,00;-0,13;0,00;0,00;105;168;54;48;17;444;857
6289;70,63;41,01;0,00;0,00;0,00;0,04;0,00;0,00;487;23;167;43;25;750;218
6290;54,45;-167,43;0,00;0,00;0,00;-0,17;0,00;0,00;393;18;112;31;25;399;945
6291;39,31;-234,85;0,00;0,00;0,00;-0,23;0,00;0,00;430;57;157;33;31;281;705
6292;26,45;-424,61;0,00;0,00;0,00;-0,42;0,00;0,00;146;198;21;15;34;378;182
6293;18,24;-523,06;0,00;0,00;0,00;-0,52;0,00;0,00;449;56;96;36;17;827;505
6294;0,00;-682,48;0,00;0,00;0,00;-0,68;0,00;0,00;257;44;49;15;33;523;681
6295;32,11;-423,53;0,00;0,00;0,00;-0,42;0,00;0,00;29;102;84;45;31;276;210
6296;75,33;-12,42;0,00;0,00;0,00;-0,01;0,00;0,00;161;136;148;32;23;808;190
6297;38,31;-320,26;0,00;0,00;0,00;-0,32;0,00;0,00;374;114;62;47;23;136;566
6298;14,87;-574,48;0,00;0,00;0,00;-0,57;0,00;0,00;489;141;64;36;23;337;770
6299;55,43;-181,39;0,00;0,00;0,00;-0,18;0,00;0,00;95;58;157;40;29;352;295
6300;26,64;-471,07;0,00;0,00;0,00;-0,47;0,00;0,00;122;93;161;22;36;241;750
6301;24,31;-452,06;0,00;0,00;0,00;-0,45;0,00;0,00;305;135;61;25;17;165;490
6302;51,71;-150,79;0,00;0,00;0,00;-0,15;0,00;0,00;205;187;19;12;26;516;356
6303;34,37;-334,14;0,00;0,00;0,00;-0,33;0,00;0,00;202;85;164;31;33;130;659
6304;49,08;-243,74;0,00;0,00;0,00;-0,24;0,00;0,00;283;173;90;47;35;305;111
6305;45,50;-284,83;0,00;0,00;0,00;-0,28;0,00;0,00;202;155;178;26;26;179;595
6306;26,33;-426,41;0,00;0,00;0,00;-0,43;0,00;0,00;17;144;147;33;16;311;279
6307;60,43;-172,02;0,00;0,00;0,00;-0,17;0,00;0,00;124;51;39;39;28;294;699
6308;16,40;-588,43;0,00;0,00;0,00;-0,59;0,00;0,00;451;64;193;27;32;570;969
6309;82,31;93,59;0,00;0,00;0,00;0,09;0,00;0,00;256;117;116;40;20;797;310
6310;62,74;-70,96;0,00;0,00;0,00;-0,07;0,00;0,00;138;181;127;30;36;821;669
6311;50,63;-172,32;0,00;0,00;0,00;-0,17;0,00;0,00;84;144;115;41;27;771;636
6312;14,56;-492,47;0,00;0,00;0,00;-0,49;0,00;0,00;428;90;76;29;25;530;644
6313;17,52;-555,11;0,00;0,00;0,00;-0,56;0,00;0,00;448;178;62;16;26;758;852
6314;99,33;297,42;0,00;0,00;0,00;0,30;0,00;0,00;310;155;71;32;39;626;651
6315;52,27;-219,11;0,00;0,00;0,00;-0,22;0,00;0,00;240;151;65;18;33;801;193
6316;55,18;-151,68;0,00;0,00;0,00;-0,15;0,00;0,00;315;71;106;38;26;667;196
6317;71,18;-14,94;0,00;0,00;0,00;-0,01;0,00;0,00;152;152;153;17;22;232;686
6318;77,67;114,10;0,00;0,00;0,00;0,11;0,00;0,00;162;175;17;24;34;771;185
6319;16,92;-599,87;0,00;0,00;0,00;-0,60;0,00;0,00;478;57;104;46;32;278;510
6320;32,76;-334,07;0,00;0,00;0,00;-0,33;0,00;0,00;382;82;94;12;31;243;393
6321;65,13;-104,11;0,00;0,00;0,00;-0,10;0,00;0,00;108;87;153;24;39;795;231
6322;59,92;-105,87;0,00;0,00;0,00;-0,11;0,00;0,00;112;186;103;37;35;450;830
6323;55,52;-90,35;0,00;0,00;0,00;-0,09;0,00;0,00;296;79;87;10;36;696;682
6324;54,49;-156,55;0,00;0,00;0,00;-0,16;0,00;0,00;57;10;16;37;22;513;870
6325;54,20;-169,78;0,00;0,00;0,00;-0,17;0,00;0,00;269;75;159;21;22;608;498
6326;49,19;-314,96;0,00;0,00;0,00;-0,31;0,00;0,00;343;27;46;40;28;932;150
6327;61,06;-129,24;0,00;0,00;0,00;-0,13;0,00;0,00;363;59;142;13;26;175;254
6328;86,30;168,97;0,00;0,00;0,00;0,17;0,00;0,00;249;122;196;29;33;735;928
6329;26,17;-382,87;0,00;0,00;0,00;-0,38;0,00;0,00;229;84;27;33;20;316;787
6330;66,93;-71,34;0,00;0,00;0,00;-0,07;0,00;0,00;125;33;153;22;34;383;453
6331;24,03;-517,68;0,00;0,00;0,00;-0,52;0,00;0,00;248;83;122;18;39;652;807
6332;0,00;-738,24;0,00;0,00;0,00;-0,74;0,00;0,00;434;124;94;39;15;225;349
6333;61,77;-50,56;0,00;0,00;0,00;-0,05;0,00;0,00;215;180;136;28;36;449;378
6334;37,69;-357,43;0,00;0,00;0,00;-0,36;0,00;0,00;325;89;104;11;19;718;953
6335;72,62;7,88;0,00;0,00;0,00;0,01;0,00;0,00;10;198;77;43;31;460;450
6336;77,81;126,68;0,00;0,00;0,00;0,13;0,00;0,00;186;85;75;43;28;821;550
6337;77,48;151,98;0,00;0,00;0,00;0,15;0,00;0,00;367;189;92;46;39;357;848
6338;89,41;196,31;0,00;0,00;0,00;0,20;0,00;0,00;203;13;197;18;31;343;560
6339;78,50;166,33;0,00;0,00;0,00;0,17;0,00;0,00;490;10;72;17;15;170;299
6340;30,24;-462,92;0,00;0,00;0,00;-0,46;0,00;0,00;32;101;191;23;33;203;137
6341;50,93;-214,65;0,00;0,00;0,00;-0,21;0,00;0,00;185;96;100;16;19;628;734
6342;54,76;-128,64;0,00;0,00;0,00;-0,13;0,00;0,00;425;10;195;39;31;881;925
6343;56,13;-35,48;0,00;0,00;0,00;-0,04;0,00;0,00;28;124;26;10;25;171;759
6344;63,40;-43,93;0,00;0,00;0,00;-0,04;0,00;0,00;295;191;82;39;20;911;444
6345;55,97;-157,87;0,00;0,00;0,00;-0,16;0,00;0,00;156;199;156;32;16;884;539
6346;0,00;-729,99;0,00;0,00;0,00;-0,73;0,00;0,00;379;70;84;24;33;817;182
6347;17,13;-478,58;0,00;0,00;0,00;-0,48;0,00;0,00;154;12;17;45;17;584;858
6348;51,41;-187,19;0,00;0,00;0,00;-0,19;0,00;0,00;408;109;51;40;29;149;853
6349;20,18;-470,60;0,00;0,00;0,00;-0,47;0,00;0,00;269;184;12;19;29;857;758
6350;29,67;-409,52;0,00;0,00;0,00;-0,41;0,00;0,00;266;191;120;10;16;383;217
6351;88,27;155,84;0,00;0,00;0,00;0,16;0,00;0,00;212;76;125;48;20;764;996
6352;41,66;-309,88;0,00;0,00;0,00;-0,31;0,00;0,00;265;106;70;34;30;344;717
6353;39,42;-407,84;0,00;0,00;0,00;-0,41;0,00;0,00;376;21;100;30;38;830;474
6354;62,63;-87,29;0,00;0,00;0,00;-0,09;0,00;0,00;373;148;34;21;19;378;466
6355;50,38;-235,61;0,00;0,00;0,00;-0,24;0,00;0,00;302;115;169;22;20;843;931
6356;64,76;-98,24;0,00;0,00;0,00;-0,10;0,00;0,00;142;45;20;42;15;973;392
6357;60,62;-46,14;0,00;0,00;0,00;-0,05;0,00;0,00;392;121;110;44;37;477;449
6358;51,38;-177,82;0,00;0,00;0,00;-0,18;0,00;0,00;67;33;175;15;18;313;997
6359;62,50;-171,81;0,00;0,00;0,00;-0,17;0,00;0,00;436;198;138;43;25;198;966
6360;77,58;67,62;0,00;0,00;0,00;0,07;0,00;0,00;410;24;169;16;27;496;216
6361;100,00;368,92;0,00;0,00;0,00;0,37;0,00;0,00;172;69;78;38;28;493;405
6362;69,40;25,86;0,00;0,00;0,00;0,03;0,00;0,00;476;41;97;12;31;340;975
6363;69,61;-60,80;0,00;0,00;0,00;-0,06;0,00;0,00;482;199;159;30;22;916;698
6364;31,11;-337,93;0,00;0,00;0,00;-0,34;0,00;0,00;53;140;10;19;21;635;846
6365;54,69;-147,62;0,00;0,00;0,00;-0,15;0,00;0,00;32;105;24;41;29;942;244
6366;57,86;-86,63;0,00;0,00;0,00;-0,09;0,00;0,00;193;97;145;37;22;152;778
6367;84,93;125,26;0,00;0,00;0,00;0,13;0,00;0,00;235;26;21;17;25;219;655
6368;22,71;-581,39;0,00;0,00;0,00;-0,58;0,00;0,00;213;69;102;17;33;946;816
6369;54,08;-144,36;0,00;0,00;0,00;-0,14;0,00;0,00;225;187;98;38;23;416;423
6370;26,43;-468,54;0,00;0,00;0,00;-0,47;0,00;0,00;72;62;123;45;37;781;861
6371;59,32;-165,44;0,00;0,00;0,00;-0,17;0,00;0,00;386;20;199;31;39;919;683
6372;0,00;-744,42;0,00;0,00;0,00;-0,74;0,00;0,00;94;128;176;36;29;769;209
6373;52,42;-151,34;0,00;0,00;0,00;-0,15;0,00;0,00;140;49;186;36;25;658;210
6374;97,30;275,55;0,00;0,00;0,00;0,28;0,00;0,00;335;137;68;31;35;564;472
6375;35,46;-348,88;0,00;0,00;0,00;-0,35;0,00;0,00;391;87;103;30;32;232;244
6376;81,97;197,15;0,00;0,00;0,00;0,20;0,00;0,00;51;113;54;41;21;803;845
6377;60,66;-61,03;0,00;0,00;0,00;-0,06;0,00;0,00;174;133;23;18;38;347;412
6378;62,18;-51,37;0,00;0,00;0,00;-0,05;0,00;0,00;145;89;29;40;28;926;199
6379;20,94;-584,22;0,00;0,00;0,00;-0,58;0,00;0,00;490;60;120;39;16;158;748
6380;38,08;-233,10;0,00;0,00;0,00;-0,23;0,00;0,00;322;124;65;12;17;785;332
6381;74,15;87,28;0,00;0,00;0,00;0,09;0,00;0,00;109;126;178;24;24;569;641
6382;40,78;-329,88;0,00;0,00;0,00;-0,33;0,00;0,00;271;43;189;13;26;801;711
6383;23,05;-531,46;0,00;0,00;0,00;-0,53;0,00;0,00;258;138;101;15;15;854;843
6384;34,00;-353,00;0,00;0,00;0,00;-0,35;0,00;0,00;217;193;183;25;27;174;118
6385;61,54;-210,07;0,00;0,00;0,00;-0,21;0,00;0,00;487;59;26;29;21;564;318
6386;33,12;-272,16;0,00;0,00;0,00;-0,27;0,00;0,00;417;116;118;18;33;460;934
6387;32,34;-334,06;0,00;0,00;0,00;-0,33;0,00;0,00;323;192;163;44;15;471;816
6388;28,05;-395,24;0,00;0,00;0,00;-0,40;0,00;0,00;373;155;138;24;34;631;357
6389;38,08;-314,69;0,00;0,00;0,00;-0,31;0,00;0,00;454;132;176;33;22;993;351
6390;43,87;-203,78;0,00;0,00;0,00;-0,20;0,00;0,00;237;119;148;39;31;286;867
6391;41,88;-269,40;0,00;0,00;0,00;-0,27;0,00;0,00;374;35;186;27;18;129;340
6392;30,86;-450,27;0,00;0,00;0,00;-0,45;0,00;0,00;419;54;144;35;26;480;730
6393;61,15;-192,96;0,00;0,00;0,00;-0,19;0,00;0,00;311;185;162;14;29;324;655
6394;50,49;-158,58;0,00;0,00;0,00;-0,16;0,00;0,00;243;95;171;14;20;405;588
6395;84,77;85,21;0,00;0,00;0,00;0,09;0,00;0,00;58;97;109;14;27;480;428
6396;54,04;-126,39;0,00;0,00;0,00;-0,13;0,00;0,00;457;14;177;48;25;905;375
6397;39,42;-314,92;0,00;0,00;0,00;-0,31;0,00;0,00;117;101;112;20;16;930;179
6398;64,98;-84,91;0,00;0,00;0,00;-0,08;0,00;0,00;133;190;31;39;17;319;575
6399;0,00;-630,82;0,00;0,00;0,00;-0,63;0,00;0,00;188;99;157;22;22;638;655
6400;62,51;-113,17;0,00;0,00;0,00;-0,11;0,00;0,00;449;169;185;27;38;528;605
6401;0,33;-663,39;0,00;0,00;0,00;-0,66;0,00;0,00;201;169;31;20;37;479;744
6402;51,89;-65,38;0,00;0,00;0,00;-0,07;0,00;0,00;72;35;36;49;33;151;828
6403;49,10;-258,74;0,00;0,00;0,00;-0,26;0,00;0,00;252;165;80;12;28;162;850
6404;11,48;-662,83;0,00;0,00;0,00;-0,66;0,00;0,00;51;131;110;29;29;883;810
6405;32,50;-314,32;0,00;0,00;0,00;-0,31;0,00;0,00;134;184;108;28;16;920;866
6406;49,09;-242,44;0,00;0,00;0,00;-0,24;0,00;0,00;325;17;81;37;37;570;722
6407;82,79;63,43;0,00;0,00;0,00;0,06;0,00;0,00;298;159;172;48;28;145;412
6408;35,90;-365,20;0,00;0,00;0,00;-0,37;0,00;0,00;252;51;21;10;33;259;431
6409;83,39;153,76;0,00;0,00;0,00;0,15;0,00;0,00;456;97;136;25;38;193;988
6410;17,68;-506,41;0,00;0,00;0,00;-0,51;0,00;0,00;407;40;16;16;29;665;415
6411;44,63;-267,90;0,00;0,00;0,00;-0,27;0,00;0,00;469;178;160;41;26;455;328
6412;38,38;-411,03;0,00;0,00;0,00;-0,41;0,00;0,00;165;167;19;31;38;138;258
6413;49,75;-173,32;0,00;0,00;0,00;-0,17;0,00;0,00;284;90;178;20;31;745;356
6414;80,72;136,55;0,00;0,00;0,00;0,14;0,00;0,00;114;140;136;26;37;169;743
6415;79,34;123,53;0,00;0,00;0,00;0,12;0,00;0,00;222;28;56;10;23;587;692
6416;89,26;141,40;0,00;0,00;0,00;0,14;0,00;0,00;94;68;41;26;33;926;773
6417;5,10;-475,50;0,00;0,00;0,00;-0,48;0,00;0,00;13;164;197;43;29;743;650
6418;39,77;-297,50;0,00;0,00;0,00;-0,30;0,00;0,00;400;156;78;22;15;242;438
6419;22,77;-508,70;0,00;0,00;0,00;-0,51;0,00;0,00;165;135;56;40;15;684;436
6420;79,67;135,75;0,00;0,00;0,00;0,14;0,00;0,00;472;155;177;15;25;640;770
6421;52,55;-179,99;0,00;0,00;0,00;-0,18;0,00;0,00;261;37;48;41;19;141;239
6422;45,44;-118,36;0,00;0,00;0,00;-0,12;0,00;0,00;136;148;24;41;22;178;216
6423;46,25;-225,44;0,00;0,00;0,00;-0,23;0,00;0,00;157;68;178;49;30;617;377
6424;79,78;129,82;0,00;0,00;0,00;0,13;0,00;0,00;123;187;107;33;16;935;670
6425;67,08;-40,39;0,00;0,00;0,00;-0,04;0,00;0,00;411;160;74;38;39;890;324
6426;25,23;-396,45;0,00;0,00;0,00;-0,40;0,00;0,00;184;22;41;45;24;429;660
6427;37,58;-358,46;0,00;0,00;0,00;-0,36;0,00;0,00;203;151;106;13;36;292;353
6428;22,41;-411,38;0,00;0,00;0,00;-0,41;0,00;0,00;306;143;44;19;32;388;791
6429;75,25;121,40;0,00;0,00;0,00;0,12;0,00;0,00;478;193;30;27;30;805;187
6430;75,65;42,86;0,00;0,00;0,00;0,04;0,00;0,00;378;164;123;11;21;604;414
6431;68,42;-14,40;0,00;0,00;0,00;-0,01;0,00;0,00;61;131;188;46;17;808;323
6432;69,73;-41,89;0,00;0,00;0,00;-0,04;0,00;0,00;45;21;142;42;39;427;744
6433;25,96;-426,76;0,00;0,00;0,00;-0,43;0,00;0,00;150;178;190;39;23;337;524
6434;33,76;-382,74;0,00;0,00;0,00;-0,38;0,00;0,00;342;100;165;27;28;425;580
6435;45,85;-203,52;0,00;0,00;0,00;-0,20;0,00;0,00;328;93;155;19;38;622;185
6436;75,47;155,95;0,00;0,00;0,00;0,16;0,00;0,00;300;22;196;12;15;681;924
6437;19,41;-441,16;0,00;0,00;0,00;-0,44;0,00;0,00;310;77;145;34;32;184;231
6438;24,07;-474,51;0,00;0,00;0,00;-0,47;0,00;0,00;172;182;26;19;30;386;478
6439;17,78;-534,22;0,00;0,00;0,00;-0,53;0,00;0,00;276;144;189;44;20;453;429
6440;46,02;-187,16;0,00;0,00;0,00;-0,19;0,00;0,00;379;35;24;40;25;201;767
6441;64,13;-66,50;0,00;0,00;0,00;-0,07;0,00;0,00;360;82;96;17;19;679;696
6442;49,69;-210,90;0,00;0,00;0,00;-0,21;0,00;0,00;59;144;51;45;22;813;573
6443;72,54;-50,18;0,00;0,00;0,00;-0,05;0,00;0,00;391;132;95;47;39;714;727
6444;100,00;310,67;0,00;0,00;0,00;0,31;0,00;0,00;360;100;131;15;17;846;625
6445;57,61;-136,12;0,00;0,00;0,00;-0,14;0,00;0,00;406;154;188;35;15;145;608
6446;87,34;198,62;0,00;0,00;0,00;0,20;0,00;0,00;294;182;55;36;24;251;141
6447;64,36;-78,24;0,00;0,00;0,00;-0,08;0,00;0,00;297;12;15;48;18;792;271
6448;73,59;10,76;0,00;0,00;0,00;0,01;0,00;0,00;364;117;165;37;35;472;954
6449;61,05;-2,69;0,00;0,00;0,00;-0,00;0,00;0,00;210;97;135;12;23;508;719
6450;21,57;-538,82;0,00;0,00;0,00;-0,54;0,00;0,00;429;46;139;29;25;561;436
6451;27,23;-428,53;0,00;0,00;0,00;-0,43;0,00;0,00;327;195;197;48;24;394;769
6452;44,22;-275,97;0,00;0,00;0,00;-0,28;0,00;0,00;206;60;137;21;35;794;424
6453;30,34;-404,36;0,00;0,00;0,00;-0,40;0,00;0,00;267;138;54;27;32;260;727
6454;78,49;101,46;0,00;0,00;0,00;0,10;0,00;0,00;197;51;70;34;22;574;285
6455;58,08;-23,34;0,00;0,00;0,00;-0,02;0,00;0,00;96;154;42;36;16;864;743
6456;38,28;-284,49;0,00;0,00;0,00;-0,28;0,00;0,00;179;106;198;35;24;630;156
6457;52,74;-128,52;0,00;0,00;0,00;-0,13;0,00;0,00;378;25;103;24;27;204;605
6458;38,99;-329,91;0,00;0,00;0,00;-0,33;0,00;0,00;245;148;67;49;20;496;729
6459;16,82;-584,91;0,00;0,00;0,00;-0,58;0,00;0,00;452;77;107;23;33;197;591
6460;36,37;-312,19;0,00;0,00;0,00;-0,31;0,00;0,00;156;182;48;46;16;424;933
6461;25,07;-423,39;0,00;0,00;0,00;-0,42;0,00;0,00;414;121;88;45;15;162;231
6462;49,03;-141,67;0,00;0,00;0,00;-0,14;0,00;0,00;274;83;69;48;25;575;617
6463;77,83;59,65;0,00;0,00;0,00;0,06;0,00;0,00;19;142;169;14;33;159;556
6464;89,55;178,71;0,00;0,00;0,00;0,18;0,00;0,00;365;157;163;41;23;650;355
6465;34,33;-280,42;0,00;0,00;0,00;-0,28;0,00;0,00;101;120;80;39;24;383;759
6466;32,82;-352,96;0,00;0,00;0,00;-0,35;0,00;0,00;125;35;120;14;32;447;351
6467;46,01;-204,37;0,00;0,00;0,00;-0,20;0,00;0,00;56;85;47;34;33;202;562
6468;65,33;43,22;0,00;0,00;0,00;0,04;0,00;0,00;360;57;57;16;24;660;403
6469;28,65;-335,19;0,00;0,00;0,00;-0,34;0,00;0,00;120;84;29;34;36;155;379
6470;24,73;-524,78;0,00;0,00;0,00;-0,52;0,00;0,00;111;58;13;11;22;245;549
6471;71,65;55,83;0,00;0,00;0,00;0,06;0,00;0,00;68;169;122;38;34;937;736
6472;52,71;-205,32;0,00;0,00;0,00;-0,21;0,00;0,00;357;62;159;40;26;344;972
6473;30,01;-448,13;0,00;0,00;0,00;-0,45;0,00;0,00;212;81;156;27;34;847;800
6474;62,25;-116,71;0,00;0,00;0,00;-0,12;0,00;0,00;242;85;125;37;30;599;713
6475;65,99;-114,92;0,00;0,00;0,00;-0,11;0,00;0,00;181;136;81;42;39;814;317
6476;76,90;-38,42;0,00;0,00;0,00;-0,04;0,00;0,00;355;71;12;10;16;407;354
6477;53,85;-115,86;0,00;0,00;0,00;-0,12;0,00;0,00;409;191;98;38;28;539;577
6478;42,52;-266,04;0,00;0,00;0,00;-0,27;0,00;0,00;282;110;179;39;36;449;315
6479;50,01;-126,56;0,00;0,00;0,00;-0,13;0,00;0,00;432;130;89;10;27;723;844
6480;100,00;286,71;0,00;0,00;0,00;0,29;0,00;0,00;263;163;31;12;15;794;281
6481;51,86;-185,17;0,00;0,00;0,00;-0,19;0,00;0,00;422;79;103;23;15;756;174
6482;63,41;-64,29;0,00;0,00;0,00;-0,06;0,00;0,00;469;109;98;42;18;397;217
6483;11,33;-595,68;0,00;0,00;0,00;-0,60;0,00;0,00;242;62;164;16;39;195;994
6484;59,02;-242,15;0,00;0,00;0,00;-0,24;0,00;0,00;482;26;83;29;20;541;659
6485;87,63;243,18;0,00;0,00;0,00;0,24;0,00;0,00;32;85;179;46;34;480;694
6486;47,28;-309,31;0,00;0,00;0,00;-0,31;0,00;0,00;189;86;144;21;39;935;339
6487;23,45;-397,17;0,00;0,00;0,00;-0,40;0,00;0,00;16;163;190;31;35;803;388
6488;0,00;-659,51;0,00;0,00;0,00;-0,66;0,00;0,00;39;15;69;25;17;133;647
6489;43,49;-184,38;0,00;0,00;0,00;-0,18;0,00;0,00;397;155;189;27;15;139;615
6490;62,05;23,66;0,00;0,00;0,00;0,02;0,00;0,00;467;171;149;47;32;962;814
6491;54,36;-193,38;0,00;0,00;0,00;-0,19;0,00;0,00;25;68;121;40;15;193;794
6492;38,32;-287,88;0,00;0,00;0,00;-0,29;0,00;0,00;123;171;193;42;25;971;225
6493;4,01;-650,04;0,00;0,00;0,00;-0,65;0,00;0,00;219;48;165;25;39;482;964
6494;48,24;-233,82;0,00;0,00;0,00;-0,23;0,00;0,00;344;146;43;31;36;890;554
6495;63,00;-87,39;0,00;0,00;0,00;-0,09;0,00;0,00;61;72;91;10;26;952;518
6496;47,33;-298,73;0,00;0,00;0,00;-0,30;0,00;0,00;365;171;180;14;24;143;450
6497;76,97;7,67;0,00;0,00;0,00;0,01;0,00;0,00;359;130;67;32;20;917;657
6498;38,65;-358,87;0,00;0,00;0,00;-0,36;0,00;0,00;51;49;57;40;17;845;384
6499;64,36;-126,05;0,00;0,00;0,00;-0,13;0,00;0,00;450;117;60;44;33;747;124
6500;43,46;-256,08;0,00;0,00;0,00;-0,26;0,00;0,00;78;17;177;38;26;921;650
6501;11,29;-583,84;0,00;0,00;0,00;-0,58;0,00;0,00;459;50;41;35;35;406;489
6502;15,40;-614,10;0,00;0,00;0,00;-0,61;0,00;0,00;22;146;67;22;28;362;917
6503;66,94;-66,76;0,00;0,00;0,00;-0,07;0,00;0,00;192;180;10;25;31;306;854
6504;69,96;13,59;0,00;0,00;0,00;0,01;0,00;0,00;297;121;100;24;25;791;625
6505;47,61;-255,05;0,00;0,00;0,00;-0,26;0,00;0,00;128;157;87;16;31;497;308
6506;86,78;237,51;0,00;0,00;0,00;0,24;0,00;0,00;282;138;135;38;35;745;236
6507;40,13;-301,51;0,00;0,00;0,00;-0,30;0,00;0,00;91;22;42;36;29;592;684
6508;31,26;-356,62;0,00;0,00;0,00;-0,36;0,00;0,00;354;104;51;37;28;499;986
6509;50,82;-211,84;0,00;0,00;0,00;-0,21;0,00;0,00;154;111;17;20;32;968;440
6510;99,63;323,07;0,00;0,00;0,00;0,32;0,00;0,00;69;128;55;20;25;647;550
6511;55,74;-136,44;0,00;0,00;0,00;-0,14;0,00;0,00;246;135;173;39;38;547;565
6512;37,11;-328,07;0,00;0,00;0,00;-0,33;0,00;0,00;301;111;135;16;29;993;336
6513;32,02;-460,73;0,00;0,00;0,00;-0,46;0,00;0,00;93;75;198;18;32;384;567
6514;33,31;-335,90;0,00;0,00;0,00;-0,34;0,00;0,00;403;144;95;27;22;363;111
6515;54,27;-130,14;0,00;0,00;0,00;-0,13;0,00;0,00;264;30;195;32;37;677;851
6516;86,51;198,33;0,00;0,00;0,00;0,20;0,00;0,00;239;135;133;22;21;763;298
6517;37,91;-324,94;0,00;0,00;0,00;-0,32;0,00;0,00;237;142;16;10;21;574;516
6518;46,02;-250,26;0,00;0,00;0,00;-0,25;0,00;0,00;65;164;76;27;36;644;739
6519;100,00;358,88;0,00;0,00;0,00;0,36;0,00;0,00;96;22;187;22;36;350;268
6520;87,26;249,29;0,00;0,00;0,00;0,25;0,00;0,00;301;154;72;47;30;913;799
6521;74,77;73,09;0,00;0,00;0,00;0,07;0,00;0,00;424;55;166;34;25;195;397
6522;50,08;-145,83;0,00;0,00;0,00;-0,15;0,00;0,00;105;13;164;21;29;242;642
6523;17,52;-530,82;0,00;0,00;0,00;-0,53;0,00;0,00;456;14;12;25;20;782;674
6524;23,12;-465,18;0,00;0,00;0,00;-0,47;0,00;0,00;310;28;159;15;30;465;446
6525;46,62;-101,25;0,00;0,00;0,00;-0,10;0,00;0,00;287;139;114;47;15;433;591
6526;25,52;-413,44;0,00;0,00;0,00;-0,41;0,00;0,00;270;82;152;13;33;686;992
6527;62,05;-129,18;0,00;0,00;0,00;-0,13;0,00;0,00;148;103;153;28;21;522;484
6528;40,03;-359,80;0,00;0,00;0,00;-0,36;0,00;0,00;492;34;98;33;30;589;515
6529;58,58;-72,10;0,00;0,00;0,00;-0,07;0,00;0,00;323;55;22;17;34;606;628
6530;66,48;-64,66;0,00;0,00;0,00;-0,06;0,00;0,00;491;63;164;19;36;965;593
6531;93,33;222,93;0,00;0,00;0,00;0,22;0,00;0,00;180;90;38;42;36;869;517
6532;30,20;-434,13;0,00;0,00;0,00;-0,43;0,00;0,00;120;48;168;31;39;590;511
6533;21,42;-466,65;0,00;0,00;0,00;-0,47;0,00;0,00;444;73;85;32;18;695;403
6534;24,97;-467,88;0,00;0,00;0,00;-0,47;0,00;0,00;399;48;129;22;22;609;558
6535;57,21;-139,33;0,00;0,00;0,00;-0,14;0,00;0,00;375;20;130;18;34;711;181
6536;43,69;-260,88;0,00;0,00;0,00;-0,26;0,00;0,00;250;84;146;29;34;623;934
6537;53,91;-262,85;0,00;0,00;0,00;-0,26;0,00;0,00;124;22;192;16;38;375;576
6538;64,12;-40,21;0,00;0,00;0,00;-0,04;0,00;0,00;173;120;155;23;37;822;316
6539;65,12;-80,15;0,00;0,00;0,00;-0,08;0,00;0,00;324;107;151;20;15;793;934
6540;73,12;-16,22;0,00;0,00;0,00;-0,02;0,00;0,00;484;67;54;39;21;631;663
6541;26,82;-374,91;0,00;0,00;0,00;-0,37;0,00;0,00;203;171;13;16;21;652;884
6542;75,40;24,36;0,00;0,00;0,00;0,02;0,00;0,00;428;160;29;13;15;274;499
6543;83,99;176,13;0,00;0,00;0,00;0,18;0,00;0,00;270;90;188;12;17;786;989
6544;65,05;-45,14;0,00;0,00;0,00;-0,05;0,00;0,00;36;100;18;15;29;266;547
6545;26,19;-409,01;0,00;0,00;0,00;-0,41;0,00;0,00;300;64;160;48;23;269;522
6546;45,42;-208,91;0,00;0,00;0,00;-0,21;0,00;0,00;72;143;153;47;21;163;734
6547;100,00;318,57;0,00;0,00;0,00;0,32;0,00;0,00;159;62;178;38;37;944;847
6548;81,13;58,05;0,00;0,00;0,00;0,06;0,00;0,00;52;166;172;29;26;182;746
6549;67,09;-28,44;0,00;0,00;0,00;-0,03;0,00;0,00;384;189;51;41;18;211;308
6550;69,48;113,20;0,00;0,00;0,00;0,11;0,00;0,00;237;88;101;35;18;222;315
6551;92,39;215,20;0,00;0,00;0,00;0,22;0,00;0,00;439;93;177;32;26;211;844
6552;100,00;266,29;0,00;0,00;0,00;0,27;0,00;0,00;101;77;48;13;39;143;581
6553;55,42;-119,13;0,00;0,00;0,00;-0,12;0,00;0,00;92;54;28;29;15;775;344
6554;82,06;103,38;0,00;0,00;0,00;0,10;0,00;0,00;278;128;143;39;20;247;627
6555;53,48;-177,12;0,00;0,00;0,00;-0,18;0,00;0,00;131;153;55;12;31;495;789
6556;49,14;-242,45;0,00;0,00;0,00;-0,24;0,00;0,00;480;39;80;40;39;276;920
6557;43,55;-160,53;0,00;0,00;0,00;-0,16;0,00;0,00;382;110;106;38;31;577;524
6558;77,42;92,16;0,00;0,00;0,00;0,09;0,00;0,00;336;22;186;48;20;901;742
6559;62,32;-92,09;0,00;0,00;0,00;-0,09;0,00;0,00;175;44;187;16;34;125;235
6560;53,41;-201,80;0,00;0,00;0,00;-0,20;0,00;0,00;401;173;46;43;35;428;910
6561;65,18;-11,65;0,00;0,00;0,00;-0,01;0,00;0,00;106;30;56;47;24;248;767
6562;56,13;-190,91;0,00;0,00;0,00;-0,19;0,00;0,00;300;13;194;25;34;479;919
6563;46,11;-193,75;0,00;0,00;0,00;-0,19;0,00;0,00;123;130;137;29;23;628;930
6564;59,05;-104,14;0,00;0,00;0,00;-0,10;0,00;0,00;237;173;110;29;37;962;984
6565;34,50;-358,85;0,00;0,00;0,00;-0,36;0,00;0,00;420;151;180;43;28;596;583
6566;100,00;319,79;0,00;0,00;0,00;0,32;0,00;0,00;311;57;174;20;19;167;291
6567;28,75;-366,91;0,00;0,00;0,00;-0,37;0,00;0,00;465;156;60;36;23;295;453
6568;31,03;-402,20;0,00;0,00;0,00;-0,40;0,00;0,00;175;180;102;47;26;858;537
6569;43,67;-273,10;0,00;0,00;0,00;-0,27;0,00;0,00;35;163;105;41;32;595;137
6570;37,09;-370,52;0,00;0,00;0,00;-0,37;0,00;0,00;286;98;44;49;28;831;136
6571;14,85;-541,75;0,00;0,00;0,00;-0,54;0,00;0,00;295;36;131;32;35;527;979
6572;35,50;-375,03;0,00;0,00;0,00;-0,38;0,00;0,00;405;115;106;34;25;317;374
6573;66,34;-59,26;0,00;0,00;0,00;-0,06;0,00;0,00;73;124;39;14;36;998;546
6574;2,68;-704,17;0,00;0,00;0,00;-0,70;0,00;0,00;338;198;199;14;15;107;540
6575;45,76;-122,11;0,00;0,00;0,00;-0,12;0,00;0,00;291;171;13;28;16;736;611
6576;61,54;-101,52;0,00;0,00;0,00;-0,10;0,00;0,00;162;138;34;11;36;807;211
6577;43,60;-192,89;0,00;0,00;0,00;-0,19;0,00;0,00;362;78;28;12;21;509;898
6578;75,09;51,63;0,00;0,00;0,00;0,05;0,00;0,00;145;187;88;30;23;164;755
6579;66,88;-64,43;0,00;0,00;0,00;-0,06;0,00;0,00;11;142;29;46;35;795;325
6580;38,12;-298,16;0,00;0,00;0,00;-0,30;0,00;0,00;472;189;33;31;24;157;492
6581;25,82;-408,89;0,00;0,00;0,00;-0,41;0,00;0,00;458;120;25;23;18;788;742
6582;72,49;109,83;0,00;0,00;0,00;0,11;0,00;0,00;72;145;60;42;17;724;354
6583;74,15;61,06;0,00;0,00;0,00;0,06;0,00;0,00;346;173;108;38;35;124;618
6584;87,92;193,32;0,00;0,00;0,00;0,19;0,00;0,00;373;23;74;41;23;817;691
6585;38,41;-271,00;0,00;0,00;0,00;-0,27;0,00;0,00;380;21;126;39;28;509;865
6586;31,26;-284,57;0,00;0,00;0,00;-0,28;0,00;0,00;191;60;37;16;21;867;638
6587;33,94;-319,93;0,00;0,00;0,00;-0,32;0,00;0,00;242;170;102;21;19;102;444
6588;34,25;-272,58;0,00;0,00;0,00;-0,27;0,00;0,00;473;188;179;21;26;523;914
6589;35,46;-330,31;0,00;0,00;0,00;-0,33;0,00;0,00;470;144;192;20;18;717;476
6590;75,05;82,87;0,00;0,00;0,00;0,08;0,00;0,00;254;82;24;21;31;706;511
6591;23,29;-341,66;0,00;0,00;0,00;-0,34;0,00;0,00;486;166;154;31;29;405;740
6592;52,00;-152,02;0,00;0,00;0,00;-0,15;0,00;0,00;360;54;173;36;35;196;333
6593;84,86;160,82;0,00;0,00;0,00;0,16;0,00;0,00;206;76;120;35;38;958;470
6594;64,10;-16,33;0,00;0,00;0,00;-0,02;0,00;0,00;18;155;85;45;24;809;429
6595;63,19;-126,28;0,00;0,00;0,00;-0,13;0,00;0,00;355;144;40;33;18;326;979
6596;53,42;-114,80;0,00;0,00;0,00;-0,11;0,00;0,00;127;10;147;31;18;158;325
6597;61,47;-26,41;0,00;0,00;0,00;-0,03;0,00;0,00;495;57;47;30;37;446;656
6598;57,89;-166,69;0,00;0,00;0,00;-0,17;0,00;0,00;350;61;101;44;32;493;498
6599;21,67;-507,82;0,00;0,00;0,00;-0,51;0,00;0,00;69;143;188;32;21;103;243
6600;43,26;-295,26;0,00;0,00;0,00;-0,30;0,00;0,00;439;108;162;33;35;926;895
6601;43,60;-268,98;0,00;0,00;0,00;-0,27;0,00;0,00;78;123;27;16;16;501;364
6602;22,33;-435,70;0,00;0,00;0,00;-0,44;0,00;0,00;178;130;31;25;33;491;732
6603;21,58;-498,40;0,00;0,00;0,00;-0,50;0,00;0,00;171;153;11;48;18;117;159
6604;65,71;7,28;0,00;0,00;0,00;0,01;0,00;0,00;344;10;143;32;38;843;781
6605;59,01;-141,28;0,00;0,00;0,00;-0,14;0,00;0,00;183;128;125;10;34;740;763
6606;90,07;215,56;0,00;0,00;0,00;0,22;0,00;0,00;156;25;138;12;36;266;107
6607;100,00;276,40;0,00;0,00;0,00;0,28;0,00;0,00;103;31;81;42;36;440;959
6608;24,92;-329,89;0,00;0,00;0,00;-0,33;0,00;0,00;63;140;52;37;22;140;895
6609;32,00;-321,91;0,00;0,00;0,00;-0,32;0,00;0,00;488;45;115;16;20;134;423
6610;85,64;189,92;0,00;0,00;0,00;0,19;0,00;0,00;365;39;161;47;22;637;612
6611;93,82;213,70;0,00;0,00;0,00;0,21;0,00;0,00;181;122;97;15;27;610;443
6612;13,72;-517,42;0,00;0,00;0,00;-0,52;0,00;0,00;165;66;124;34;29;517;426
6613;77,90;97,85;0,00;0,00;0,00;0,10;0,00;0,00;175;133;124;45;24;427;435
6614;44,38;-243,18;0,00;0,00;0,00;-0,24;0,00;0,00;278;89;128;10;31;959;180
6615;50,69;-157,69;0,00;0,00;0,00;-0,16;0,00;0,00;198;165;83;41;24;798;907
6616;14,18;-577,88;0,00;0,00;0,00;-0,58;0,00;0,00;66;185;177;29;22;673;354
6617;100,00;190,78;0,00;0,00;0,00;0,19;0,00;0,00;465;143;73;42;31;246;244
6618;64,35;-97,74;0,00;0,00;0,00;-0,10;0,00;0,00;370;120;191;21;22;351;756
6619;48,82;-131,54;0,00;0,00;0,00;-0,13;0,00;0,00;450;178;78;11;29;732;292
6620;43,20;-340,23;0,00;0,00;0,00;-0,34;0,00;0,00;446;67;106;15;36;962;451
6621;97,00;282,08;0,00;0,00;0,00;0,28;0,00;0,00;72;96;139;22;24;781;819
6622;10,78;-570,16;0,00;0,00;0,00;-0,57;0,00;0,00;200;197;178;14;35;839;665
6623;42,72;-258,70;0,00;0,00;0,00;-0,26;0,00;0,00;499;176;74;29;21;241;217
6624;22,92;-477,46;0,00;0,00;0,00;-0,48;0,00;0,00;102;137;68;41;27;650;794
6625;65,63;-53,95;0,00;0,00;0,00;-0,05;0,00;0,00;137;172;116;34;39;593;930
6626;90,35;180,33;0,00;0,00;0,00;0,18;0,00;0,00;355;100;146;10;34;744;853
6627;93,53;137,04;0,00;0,00;0,00;0,14;0,00;0,00;487;131;130;32;33;994;917
6628;95,02;293,17;0,00;0,00;0,00;0,29;0,00;0,00;290;143;89;14;18;679;568
6629;8,16;-576,24;0,00;0,00;0,00;-0,58;0,00;0,00;170;127;71;47;20;887;255
6630;52,65;-89,57;0,00;0,00;0,00;-0,09;0,00;0,00;29;149;70;49;30;694;975
6631;7,34;-502,23;0,00;0,00;0,00;-0,50;0,00;0,00;95;58;182;34;17;166;176
6632;15,35;-621,39;0,00;0,00;0,00;-0,62;0,00;0,00;163;146;81;14;39;812;623
6633;71,42;39,37;0,00;0,00;0,00;0,04;0,00;0,00;449;25;148;17;25;265;895
6634;53,50;-124,36;0,00;0,00;0,00;-0,12;0,00;0,00;233;76;115;25;17;648;415
6635;21,10;-495,70;0,00;0,00;0,00;-0,50;0,00;0,00;251;78;98;30;17;591;662
6636;63,24;-126,01;0,00;0,00;0,00;-0,13;0,00;0,00;195;137;97;35;39;277;555
6637;22,54;-483,67;0,00;0,00;0,00;-0,48;0,00;0,00;70;198;118;17;26;873;615
6638;75,44;66,52;0,00;0,00;0,00;0,07;0,00;0,00;418;100;171;29;29;967;609
6639;76,53;30,63;0,00;0,00;0,00;0,03;0,00;0,00;160;39;71;15;17;161;572
6640;27,94;-471,34;0,00;0,00;0,00;-0,47;0,00;0,00;240;139;190;48;17;312;195
6641;47,28;-109,64;0,00;0,00;0,00;-0,11;0,00;0,00;154;129;113;15;38;976;104
6642;100,00;353,26;0,00;0,00;0,00;0,35;0,00;0,00;499;128;184;39;15;367;437
6643;83,79;170,75;0,00;0,00;0,00;0,17;0,00;0,00;326;140;131;18;37;412;413
6644;42,33;-311,96;0,00;0,00;0,00;-0,31;0,00;0,00;449;138;176;20;37;769;363
6645;17,30;-584,01;0,00;0,00;0,00;-0,58;0,00;0,00;478;37;159;44;36;379;155
6646;48,26;-265,67;0,00;0,00;0,00;-0,27;0,00;0,00;426;52;49;33;29;770;887
6647;34,44;-342,84;0,00;0,00;0,00;-0,34;0,00;0,00;188;36;39;43;37;263;125
6648;29,05;-374,38;0,00;0,00;0,00;-0,37;0,00;0,00;232;153;175;43;24;252;458
6649;19,55;-549,84;0,00;0,00;0,00;-0,55;0,00;0,00;67;79;59;26;30;709;735
6650;56,21;-95,68;0,00;0,00;0,00;-0,10;0,00;0,00;419;156;196;38;20;426;864
6651;1,63;-777,80;0,00;0,00;0,00;-0,78;0,00;0,00;238;147;99;47;37;194;413
6652;20,12;-402,39;0,00;0,00;0,00;-0,40;0,00;0,00;230;70;67;30;32;742;279
6653;36,25;-407,59;0,00;0,00;0,00;-0,41;0,00;0,00;452;159;16;25;17;796;741
6654;49,41;-207,44;0,00;0,00;0,00;-0,21;0,00;0,00;294;190;63;10;26;671;571
6655;41,07;-319,92;0,00;0,00;0,00;-0,32;0,00;0,00;87;121;85;14;16;276;390
6656;12,76;-604,39;0,00;0,00;0,00;-0,60;0,00;0,00;74;20;50;29;22;929;168
6657;17,66;-572,00;0,00;0,00;0,00;-0,57;0,00;0,00;372;194;41;44;23;468;551
6658;65,52;-48,81;0,00;0,00;0,00;-0,05;0,00;0,00;454;20;63;10;15;758;491
6659;63,86;-140,04;0,00;0,00;0,00;-0,14;0,00;0,00;125;45;64;38;23;937;983
6660;56,82;-81,53;0,00;0,00;0,00;-0,08;0,00;0,00;330;113;178;18;26;866;651
6661;42,28;-165,38;0,00;0,00;0,00;-0,17;0,00;0,00;29;37;183;22;15;462;739
6662;91,30;203,09;0,00;0,00;0,00;0,20;0,00;0,00;298;147;56;30;26;870;217
6663;34,57;-355,39;0,00;0,00;0,00;-0,36;0,00;0,00;90;86;121;25;27;483;190
6664;19,00;-520,83;0,00;0,00;0,00;-0,52;0,00;0,00;173;28;119;39;25;235;440
6665;5,55;-624,77;0,00;0,00;0,00;-0,62;0,00;0,00;416;92;199;27;28;925;754
6666;47,83;-233,86;0,00;0,00;0,00;-0,23;0,00;0,00;447;91;93;10;20;620;514
6667;21,25;-503,23;0,00;0,00;0,00;-0,50;0,00;0,00;291;123;126;20;15;185;644
6668;42,70;-240,72;0,00;0,00;0,00;-0,24;0,00;0,00;278;195;99;13;25;793;352
6669;39,84;-249,57;0,00;0,00;0,00;-0,25;0,00;0,00;12;65;173;16;15;126;897
6670;62,92;-88,40;0,00;0,00;0,00;-0,09;0,00;0,00;440;163;31;40;37;564;597
6671;44,12;-288,18;0,00;0,00;0,00;-0,29;0,00;0,00;368;55;85;17;31;472;295
6672;0,00;-643,72;0,00;0,00;0,00;-0,64;0,00;0,00;168;66;49;14;29;470;396
6673;51,05;-152,52;0,00;0,00;0,00;-0,15;0,00;0,00;497;31;98;25;34;247;271
6674;36,54;-332,84;0,00;0,00;0,00;-0,33;0,00;0,00;287;176;24;28;19;120;759
6675;34,81;-352,58;0,00;0,00;0,00;-0,35;0,00;0,00;45;139;128;11;33;732;193
6676;73,51;-14,89;0,00;0,00;0,00;-0,01;0,00;0,00;232;139;143;46;35;681;603
6677;50,13;-194,46;0,00;0,00;0,00;-0,19;0,00;0,00;410;173;163;37;17;966;596
6678;19,83;-501,95;0,00;0,00;0,00;-0,50;0,00;0,00;25;35;104;19;28;787;786
6679;26,05;-367,49;0,00;0,00;0,00;-0,37;0,00;0,00;420;157;76;47;35;331;226
6680;0,00;-754,02;0,00;0,00;0,00;-0,75;0,00;0,00;352;136;147;19;24;723;301
6681;5,96;-608,92;0,00;0,00;0,00;-0,61;0,00;0,00;253;20;23;41;24;711;129
6682;8,22;-591,91;0,00;0,00;0,00;-0,59;0,00;0,00;87;110;28;20;22;952;475
6683;95,01;266,71;0,00;0,00;0,00;0,27;0,00;0,00;370;95;130;47;23;520;800
6684;24,60;-496,29;0,00;0,00;0,00;-0,50;0,00;0,00;134;18;28;39;36;125;112
6685;43,93;-239,28;0,00;0,00;0,00;-0,24;0,00;0,00;135;176;135;48;20;877;183
6686;81,09;154,99;0,00;0,00;0,00;0,15;0,00;0,00;17;151;84;29;23;718;137
6687;33,59;-387,19;0,00;0,00;0,00;-0,39;0,00;0,00;141;146;104;14;32;609;840
6688;67,62;39,82;0,00;0,00;0,00;0,04;0,00;0,00;411;176;67;17;23;675;623
6689;10,24;-679,28;0,00;0,00;0,00;-0,68;0,00;0,00;448;91;57;14;20;479;418
6690;68,07;10,68;0,00;0,00;0,00;0,01;0,00;0,00;134;154;39;15;18;850;449
6691;83,48;167,45;0,00;0,00;0,00;0,17;0,00;0,00;457;110;150;39;23;774;784
6692;36,59;-362,37;0,00;0,00;0,00;-0,36;0,00;0,00;85;104;179;27;22;600;555
6693;33,94;-318,20;0,00;0,00;0,00;-0,32;0,00;0,00;360;76;196;43;22;303;484
6694;36,74;-372,29;0,00;0,00;0,00;-0,37;0,00;0,00;340;144;198;14;28;123;145
6695;78,28;62,95;0,00;0,00;0,00;0,06;0,00;0,00;456;133;20;16;24;895;773
6696;21,31;-537,03;0,00;0,00;0,00;-0,54;0,00;0,00;360;86;195;35;31;770;780
6697;52,43;-225,22;0,00;0,00;0,00;-0,23;0,00;0,00;82;50;104;34;24;155;856
6698;19,80;-445,21;0,00;0,00;0,00;-0,45;0,00;0,00;442;132;76;19;27;152;762
6699;66,85;-96,94;0,00;0,00;0,00;-0,10;0,00;0,00;306;133;109;11;30;278;287
6700;64,82;-146,50;0,00;0,00;0,00;-0,15;0,00;0,00;256;63;183;29;22;229;840
6701;61,71;-136,30;0,00;0,00;0,00;-0,14;0,00;0,00;130;70;95;26;23;163;551
6702;6,26;-725,85;0,00;0,00;0,00;-0,73;0,00;0,00;249;54;50;27;32;597;470
6703;70,48;-33,95;0,00;0,00;0,00;-0,03;0,00;0,00;261;13;131;33;23;848;882
6704;0,00;-653,85;0,00;0,00;0,00;-0,65;0,00;0,00;362;40;198;29;16;503;697
6705;78,07;135,51;0,00;0,00;0,00;0,14;0,00;0,00;324;58;56;22;23;499;723
6706;22,12;-613,56;0,00;0,00;0,00;-0,61;0,00;0,00;124;148;148;12;23;701;237
6707;20,59;-491,58;0,00;0,00;0,00;-0,49;0,00;0,00;441;176;191;35;19;385;554
6708;71,28;77,74;0,00;0,00;0,00;0,08;0,00;0,00;414;101;130;41;31;513;288
6709;17,76;-502,71;0,00;0,00;0,00;-0,50;0,00;0,00;445;44;136;13;20;831;695
6710;57,60;-114,07;0,00;0,00;0,00;-0,11;0,00;0,00;462;83;192;17;22;995;654
6711;91,06;153,38;0,00;0,00;0,00;0,15;0,00;0,00;277;14;80;21;38;844;187
6712;64,32;-148,06;0,00;0,00;0,00;-0,15;0,00;0,00;313;67;16;33;31;817;507
6713;77,09;65,74;0,00;0,00;0,00;0,07;0,00;0,00;482;185;167;20;32;134;414
6714;98,28;290,21;0,00;0,00;0,00;0,29;0,00;0,00;442;30;46;12;37;723;202
6715;22,28;-419,25;0,00;0,00;0,00;-0,42;0,00;0,00;288;82;187;39;37;245;354
6716;0,00;-657,64;0,00;0,00;0,00;-0,66;0,00;0,00;224;34;62;39;18;798;353
6717;96,41;306,92;0,00;0,00;0,00;0,31;0,00;0,00;143;125;105;11;23;129;385
6718;42,42;-300,72;0,00;0,00;0,00;-0,30;0,00;0,00;292;183;174;34;29;813;994
6719;54,32;-114,35;0,00;0,00;0,00;-0,11;0,00;0,00;80;13;11;46;30;696;942
6720;61,78;-105,26;0,00;0,00;0,00;-0,11;0,00;0,00;60;52;170;47;33;957;200
6721;75,26;76,85;0,00;0,00;0,00;0,08;0,00;0,00;361;177;138;10;23;596;779
6722;77,58;121,15;0,00;0,00;0,00;0,12;0,00;0,00;229;178;120;13;30;202;894
6723;57,24;-202,27;0,00;0,00;0,00;-0,20;0,00;0,00;445;85;119;24;21;521;395
6724;37,61;-294,23;0,00;0,00;0,00;-0,29;0,00;0,00;219;128;15;17;32;552;510
6725;14,40;-462,53;0,00;0,00;0,00;-0,46;0,00;0,00;183;23;91;24;36;484;321
6726;68,99;62,38;0,00;0,00;0,00;0,06;0,00;0,00;102;142;137;26;26;931;296
6727;50,64;-169,29;0,00;0,00;0,00;-0,17;0,00;0,00;307;86;98;43;26;588;918
6728;58,20;-43,92;0,00;0,00;0,00;-0,04;0,00;0,00;247;174;78;20;16;747;324
6729;81,12;193,36;0,00;0,00;0,00;0,19;0,00;0,00;180;47;95;34;15;479;822
6730;100,00;204,86;0,00;0,00;0,00;0,20;0,00;0,00;487;133;143;39;38;460;111
6731;43,14;-225,76;0,00;0,00;0,00;-0,23;0,00;0,00;217;189;17;48;37;362;554
6732;14,96;-541,10;0,00;0,00;0,00;-0,54;0,00;0,00;273;160;25;41;36;505;802
6733;33,72;-372,55;0,00;0,00;0,00;-0,37;0,00;0,00;109;53;126;13;16;390;648
6734;61,44;-101,67;0,00;0,00;0,00;-0,10;0,00;0,00;381;163;108;22;19;978;696
6735;45,34;-305,09;0,00;0,00;0,00;-0,31;0,00;0,00;393;27;194;29;17;634;956
6736;76,74;16,04;0,00;0,00;0,00;0,02;0,00;0,00;201;28;169;43;16;456;771
6737;44,76;-271,26;0,00;0,00;0,00;-0,27;0,00;0,00;86;197;94;42;36;987;484
6738;57,25;-166,05;0,00;0,00;0,00;-0,17;0,00;0,00;470;91;187;31;24;671;196
6739;72,41;0,69;0,00;0,00;0,00;0,00;0,00;0,00;383;34;125;33;22;665;233
6740;85,18;152,35;0,00;0,00;0,00;0,15;0,00;0,00;318;157;82;26;24;393;877
6741;60,46;-25,93;0,00;0,00;0,00;-0,03;0,00;0,00;222;19;81;29;33;517;299
6742;40,42;-354,32;0,00;0,00;0,00;-0,35;0,00;0,00;185;65;58;34;27;879;998
6743;45,08;-271,75;0,00;0,00;0,00;-0,27;0,00;0,00;158;140;14;34;17;125;723
6744;71,71;-33,16;0,00;0,00;0,00;-0,03;0,00;0,00;196;89;131;35;28;303;635
6745;100,00;202,22;0,00;0,00;0,00;0,20;0,00;0,00;30;72;190;28;29;617;412
6746;67,93;-44,62;0,00;0,00;0,00;-0,04;0,00;0,00;453;58;115;14;28;427;447
6747;60,63;-126,45;0,00;0,00;0,00;-0,13;0,00;0,00;278;64;13;41;32;289;730
6748;82,22;102,82;0,00;0,00;0,00;0,10;0,00;0,00;100;69;135;30;17;177;990
6749;9,88;-643,83;0,00;0,00;0,00;-0,64;0,00;0,00;168;100;186;20;19;522;206
6750;33,37;-385,42;0,00;0,00;0,00;-0,39;0,00;0,00;408;111;84;15;30;502;981
6751;82,24;204,90;0,00;0,00;0,00;0,20;0,00;0,00;213;93;185;17;20;723;512
6752;41,75;-348,78;0,00;0,00;0,00;-0,35;0,00;0,00;74;132;182;46;29;902;107
6753;72,18;30,12;0,00;0,00;0,00;0,03;0,00;0,00;136;82;177;23;19;290;310
6754;52,83;-136,09;0,00;0,00;0,00;-0,14;0,00;0,00;181;88;132;39;20;483;848
6755;38,94;-300,67;0,00;0,00;0,00;-0,30;0,00;0,00;371;59;20;26;32;644;660
6756;63,98;-59,56;0,00;0,00;0,00;-0,06;0,00;0,00;63;190;143;21;37;125;850
6757;2,18;-675,93;0,00;0,00;0,00;-0,68;0,00;0,00;136;190;189;13;34;489;875
6758;50,69;-181,97;0,00;0,00;0,00;-0,18;0,00;0,00;105;164;124;32;35;549;629
6759;11,29;-613,91;0,00;0,00;0,00;-0,61;0,00;0,00;484;164;53;12;24;408;858
6760;39,93;-369,24;0,00;0,00;0,00;-0,37;0,00;0,00;164;111;178;49;25;986;194
6761;21,65;-404,89;0,00;0,00;0,00;-0,40;0,00;0,00;39;144;197;38;19;120;843
6762;47,69;-226,48;0,00;0,00;0,00;-0,23;0,00;0,00;271;52;117;27;35;140;749
6763;65,48;-65,20;0,00;0,00;0,00;-0,07;0,00;0,00;115;115;32;19;24;539;362
6764;28,93;-354,76;0,00;0,00;0,00;-0,35;0,00;0,00;419;130;76;18;15;805;285
6765;24,04;-473,32;0,00;0,00;0,00;-0,47;0,00;0,00;130;77;129;16;20;464;316
6766;48,85;-225,93;0,00;0,00;0,00;-0,23;0,00;0,00;386;141;27;48;23;639;513
6767;57,30;-180,17;0,00;0,00;0,00;-0,18;0,00;0,00;414;114;56;27;36;553;802
6768;95,18;324,92;0,00;0,00;0,00;0,32;0,00;0,00;300;36;138;35;35;638;753
6769;99,65;249,84;0,00;0,00;0,00;0,25;0,00;0,00;128;54;189;13;32;448;400
6770;33,04;-341,06;0,00;0,00;0,00;-0,34;0,00;0,00;244;113;149;46;26;231;833
6771;9,19;-633,79;0,00;0,00;0,00;-0,63;0,00;0,00;388;73;136;19;20;565;519
6772;21,29;-583,14;0,00;0,00;0,00;-0,58;0,00;0,00;38;15;94;36;33;323;695
6773;55,56;-129,22;0,00;0,00;0,00;-0,13;0,00;0,00;127;191;85;26;16;877;246
6774;81,60;163,90;0,00;0,00;0,00;0,16;0,00;0,00;147;165;46;33;38;668;865
6775;17,85;-508,48;0,00;0,00;0,00;-0,51;0,00;0,00;403;54;174;47;35;951;501
6776;68,64;-23,54;0,00;0,00;0,00;-0,02;0,00;0,00;88;26;140;30;16;998;226
6777;39,84;-322,07;0,00;0,00;0,00;-0,32;0,00;0,00;85;39;196;12;36;527;578
6778;10,75;-642,67;0,00;0,00;0,00;-0,64;0,00;0,00;349;179;172;45;30;230;828
6779;39,36;-216,88;0,00;0,00;0,00;-0,22;0,00;0,00;30;131;90;12;29;166;716
6780;64,82;-80,44;0,00;0,00;0,00;-0,08;0,00;0,00;477;13;187;27;32;342;226
6781;54,62;-153,80;0,00;0,00;0,00;-0,15;0,00;0,00;347;198;155;26;15;851;341
6782;44,68;-320,46;0,00;0,00;0,00;-0,32;0,00;0,00;469;171;78;31;21;372;267
6783;61,01;-67,93;0,00;0,00;0,00;-0,07;0,00;0,00;132;159;20;36;34;187;473
6784;36,15;-398,94;0,00;0,00;0,00;-0,40;0,00;0,00;67;79;52;43;38;590;212
6785;26,19;-438,31;0,00;0,00;0,00;-0,44;0,00;0,00;203;133;139;34;36;610;699
6786;94,21;220,50;0,00;0,00;0,00;0,22;0,00;0,00;227;151;83;36;39;421;347
6787;0,00;-737,74;0,00;0,00;0,00;-0,74;0,00;0,00;399;71;72;14;32;564;517
6788;80,42;190,01;0,00;0,00;0,00;0,19;0,00;0,00;129;68;135;32;21;110;609
6789;70,19;-16,30;0,00;0,00;0,00;-0,02;0,00;0,00;383;39;197;28;36;841;298
6790;42,54;-254,70;0,00;0,00;0,00;-0,25;0,00;0,00;382;149;88;18;25;679;879
6791;16,56;-585,98;0,00;0,00;0,00;-0,59;0,00;0,00;137;73;16;43;35;344;225
6792;48,88;-207,18;0,00;0,00;0,00;-0,21;0,00;0,00;411;32;23;26;38;144;414
6793;63,91;-4,85;0,00;0,00;0,00;-0,00;0,00;0,00;342;186;135;30;20;528;317
6794;44,33;-349,42;0,00;0,00;0,00;-0,35;0,00;0,00;489;32;133;45;22;108;570
6795;32,44;-388,15;0,00;0,00;0,00;-0,39;0,00;0,00;431;158;17;46;22;276;484
6796;73,00;-39,55;0,00;0,00;0,00;-0,04;0,00;0,00;295;77;139;12;15;388;954
6797;88,40;58,03;0,00;0,00;0,00;0,06;0,00;0,00;381;147;195;19;31;432;563
6798;63,34;-51,05;0,00;0,00;0,00;-0,05;0,00;0,00;308;129;55;32;19;835;196
6799;32,40;-525,32;0,00;0,00;0,00;-0,53;0,00;0,00;305;19;91;49;19;255;894
6800;20,67;-445,35;0,00;0,00;0,00;-0,45;0,00;0,00;271;140;13;41;24;172;944
6801;44,40;-239,41;0,00;0,00;0,00;-0,24;0,00;0,00;93;132;138;47;31;165;919
6802;24,38;-417,55;0,00;0,00;0,00;-0,42;0,00;0,00;314;45;47;36;20;925;117
6803;13,67;-550,11;0,00;0,00;0,00;-0,55;0,00;0,00;252;19;149;37;21;227;371
6804;46,65;-174,78;0,00;0,00;0,00;-0,17;0,00;0,00;82;65;55;39;26;286;230
6805;79,72;46,16;0,00;0,00;0,00;0,05;0,00;0,00;395;99;187;49;33;592;197
6806;72,60;-3,41;0,00;0,00;0,00;-0,00;0,00;0,00;25;172;71;16;39;449;161
6807;67,35;-28,65;0,00;0,00;0,00;-0,03;0,00;0,00;302;171;45;46;34;982;616
6808;45,04;-199,81;0,00;0,00;0,00;-0,20;0,00;0,00;415;76;71;17;23;694;929
6809;24,94;-428,25;0,00;0,00;0,00;-0,43;0,00;0,00;361;63;131;25;33;615;271
6810;50,98;-118,56;0,00;0,00;0,00;-0,12;0,00;0,00;23;55;170;15;27;837;426
6811;22,25;-524,70;0,00;0,00;0,00;-0,52;0,00;0,00;63;136;167;26;28;602;936
6812;78,56;139,17;0,00;0,00;0,00;0,14;0,00;0,00;149;169;12;22;34;765;321
6813;49,24;-178,25;0,00;0,00;0,00;-0,18;0,00;0,00;85;98;94;11;33;395;227
6814;82,05;96,47;0,00;0,00;0,00;0,10;0,00;0,00;154;27;193;39;19;604;111
6815;40,87;-305,87;0,00;0,00;0,00;-0,31;0,00;0,00;471;168;178;33;34;508;665
6816;52,74;-234,92;0,00;0,00;0,00;-0,23;0,00;0,00;356;135;65;35;23;425;887
6817;76,60;82,69;0,00;0,00;0,00;0,08;0,00;0,00;155;64;114;14;35;781;582
6818;25,46;-436,93;0,00;0,00;0,00;-0,44;0,00;0,00;115;95;176;47;28;315;997
6819;65,16;-164,20;0,00;0,00;0,00;-0,16;0,00;0,00;237;111;135;18;19;850;883
6820;45,28;-276,39;0,00;0,00;0,00;-0,28;0,00;0,00;336;172;196;38;17;344;981
6821;82,67;172,31;0,00;0,00;0,00;0,17;0,00;0,00;473;103;113;42;35;633;194
6822;74,67;28,32;0,00;0,00;0,00;0,03;0,00;0,00;189;10;70;38;18;736;439
6823;53,17;-175,91;0,00;0,00;0,00;-0,18;0,00;0,00;496;102;181;44;33;654;247
6824;49,22;-219,72;0,00;0,00;0,00;-0,22;0,00;0,00;319;10;104;36;18;654;750
6825;45,14;-202,57;0,00;0,00;0,00;-0,20;0,00;0,00;252;116;115;43;36;985;936
6826;45,49;-289,35;0,00;0,00;0,00;-0,29;0,00;0,00;471;34;76;28;36;252;297
6827;3,24;-678,71;0,00;0,00;0,00;-0,68;0,00;0,00;188;39;27;42;27;896;405
6828;73,34;92,86;0,00;0,00;0,00;0,09;0,00;0,00;434;195;143;17;23;419;958
6829;48,88;-260,85;0,00;0,00;0,00;-0,26;0,00;0,00;246;107;13;17;15;740;676
6830;50,48;-152,15;0,00;0,00;0,00;-0,15;0,00;0,00;373;195;91;48;27;510;835
6831;41,69;-330,66;0,00;0,00;0,00;-0,33;0,00;0,00;481;117;113;21;15;887;534
6832;14,41;-566,80;0,00;0,00;0,00;-0,57;0,00;0,00;18;169;11;26;17;202;460
6833;68,48;-48,37;0,00;0,00;0,00;-0,05;0,00;0,00;79;149;134;38;18;834;239
6834;72,54;34,99;0,00;0,00;0,00;0,03;0,00;0,00;394;48;113;44;27;331;186
6835;65,55;-29,12;0,00;0,00;0,00;-0,03;0,00;0,00;281;119;28;20;39;517;827
6836;31,37;-411,38;0,00;0,00;0,00;-0,41;0,00;0,00;391;70;137;43;33;400;371
6837;30,38;-451,49;0,00;0,00;0,00;-0,45;0,00;0,00;397;35;35;15;16;689;272
6838;45,30;-226,63;0,00;0,00;0,00;-0,23;0,00;0,00;242;145;42;23;26;607;882
6839;81,19;84,81;0,00;0,00;0,00;0,08;0,00;0,00;174;97;168;13;21;525;929
6840;57,72;-108,41;0,00;0,00;0,00;-0,11;0,00;0,00;307;110;179;44;30;828;694
6841;51,46;-182,51;0,00;0,00;0,00;-0,18;0,00;0,00;431;156;146;40;25;183;239
6842;66,25;-98,75;0,00;0,00;0,00;-0,10;0,00;0,00;118;186;88;31;25;841;928
6843;57,02;-127,63;0,00;0,00;0,00;-0,13;0,00;0,00;27;56;116;18;25;923;824
6844;34,53;-306,19;0,00;0,00;0,00;-0,31;0,00;0,00;276;94;189;27;38;365;673
6845;21,89;-505,09;0,00;0,00;0,00;-0,51;0,00;0,00;74;71;57;49;16;178;715
6846;46,92;-267,95;0,00;0,00;0,00;-0,27;0,00;0,00;117;48;11;45;24;327;348
6847;39,61;-357,19;0,00;0,00;0,00;-0,36;0,00;0,00;176;139;62;34;17;828;835
6848;82,50;91,92;0,00;0,00;0,00;0,09;0,00;0,00;107;71;49;46;25;911;370
6849;61,23;-122,63;0,00;0,00;0,00;-0,12;0,00;0,00;64;122;128;28;18;950;316
6850;5,78;-655,10;0,00;0,00;0,00;-0,66;0,00;0,00;394;42;62;16;32;206;634
6851;48,75;-327,31;0,00;0,00;0,00;-0,33;0,00;0,00;417;134;114;26;18;130;142
6852;17,33;-572,71;0,00;0,00;0,00;-0,57;0,00;0,00;219;70;153;38;22;382;868
6853;57,56;-116,61;0,00;0,00;0,00;-0,12;0,00;0,00;394;111;11;28;32;600;171
6854;57,29;-98,34;0,00;0,00;0,00;-0,10;0,00;0,00;202;105;164;34;27;268;994
6855;36,38;-256,33;0,00;0,00;0,00;-0,26;0,00;0,00;227;193;32;21;23;642;612
6856;68,55;-25,64;0,00;0,00;0,00;-0,03;0,00;0,00;39;66;182;13;32;819;329
6857;13,34;-521,97;0,00;0,00;0,00;-0,52;0,00;0,00;112;74;101;21;33;144;271
6858;59,66;-137,18;0,00;0,00;0,00;-0,14;0,00;0,00;398;159;146;21;29;719;568
6859;8,16;-517,28;0,00;0,00;0,00;-0,52;0,00;0,00;468;36;73;44;32;130;709
6860;48,64;-234,19;0,00;0,00;0,00;-0,23;0,00;0,00;378;77;20;49;23;859;509
6861;16,74;-528,17;0,00;0,00;0,00;-0,53;0,00;0,00;193;122;76;48;18;684;666
6862;34,35;-407,44;0,00;0,00;0,00;-0,41;0,00;0,00;455;70;187;29;17;767;628
6863;33,29;-313,09;0,00;0,00;0,00;-0,31;0,00;0,00;284;185;72;41;31;145;731
6864;87,45;225,51;0,00;0,00;0,00;0,23;0,00;0,00;417;160;31;26;31;214;232
6865;83,05;168,61;0,00;0,00;0,00;0,17;0,00;0,00;150;163;58;33;17;273;550
6866;86,36;253,20;0,00;0,00;0,00;0,25;0,00;0,00;363;52;25;20;26;268;611
6867;71,53;85,05;0,00;0,00;0,00;0,09;0,00;0,00;315;152;187;34;21;587;311
6868;48,78;-229,32;0,00;0,00;0,00;-0,23;0,00;0,00;206;173;34;35;16;892;363
6869;5,24;-712,62;0,00;0,00;0,00;-0,71;0,00;0,00;98;105;146;42;31;211;500
6870;51,17;-227,54;0,00;0,00;0,00;-0,23;0,00;0,00;479;125;82;23;20;666;812
6871;98,37;251,89;0,00;0,00;0,00;0,25;0,00;0,00;286;43;53;26;37;717;731
6872;38,95;-383,36;0,00;0,00;0,00;-0,38;0,00;0,00;482;146;40;44;24;519;334
6873;0,00;-684,91;0,00;0,00;0,00;-0,68;0,00;0,00;285;64;48;47;37;999;687
6874;49,75;-206,37;0,00;0,00;0,00;-0,21;0,00;0,00;271;124;73;33;24;218;163
6875;51,30;-148,49;0,00;0,00;0,00;-0,15;0,00;0,00;343;17;172;34;32;579;234
6876;58,63;-72,22;0,00;0,00;0,00;-0,07;0,00;0,00;325;130;47;14;19;578;363
6877;28,09;-391,21;0,00;0,00;0,00;-0,39;0,00;0,00;89;158;134;31;26;326;962
6878;58,15;-129,24;0,00;0,00;0,00;-0,13;0,00;0,00;85;146;58;20;16;726;564
6879;37,76;-300,39;0,00;0,00;0,00;-0,30;0,00;0,00;379;134;176;42;27;909;729
6880;57,13;-33,17;0,00;0,00;0,00;-0,03;0,00;0,00;332;56;58;23;16;243;113
6881;8,36;-583,39;0,00;0,00;0,00;-0,58;0,00;0,00;496;83;36;26;29;433;377
6882;32,90;-371,80;0,00;0,00;0,00;-0,37;0,00;0,00;146;101;101;40;22;477;384
6883;100,00;377,05;0,00;0,00;0,00;0,38;0,00;0,00;95;45;152;18;36;803;109
6884;38,41;-329,61;0,00;0,00;0,00;-0,33;0,00;0,00;117;69;45;29;22;217;974
6885;68,48;65,97;0,00;0,00;0,00;0,07;0,00;0,00;296;195;140;29;20;805;632
6886;26,39;-483,29;0,00;0,00;0,00;-0,48;0,00;0,00;213;68;82;15;31;443;577
6887;55,35;-199,48;0,00;0,00;0,00;-0,20;0,00;0,00;87;53;165;38;32;595;163
6888;40,07;-265,36;0,00;0,00;0,00;-0,27;0,00;0,00;147;193;131;10;23;582;542
6889;21,65;-493,71;0,00;0,00;0,00;-0,49;0,00;0,00;318;64;47;14;22;494;163
6890;51,73;-170,73;0,00;0,00;0,00;-0,17;0,00;0,00;317;152;191;42;37;353;532
6891;52,64;-75,22;0,00;0,00;0,00;-0,08;0,00;0,00;441;53;60;31;33;656;874
6892;70,18;-14,48;0,00;0,00;0,00;-0,01;0,00;0,00;436;13;87;11;24;115;390
6893;62,04;-40,33;0,00;0,00;0,00;-0,04;0,00;0,00;372;45;90;43;24;441;878
6894;33,97;-384,86;0,00;0,00;0,00;-0,38;0,00;0,00;446;110;53;18;29;936;236
6895;54,33;-216,28;0,00;0,00;0,00;-0,22;0,00;0,00;106;166;162;43;17;247;944
6896;34,82;-430,67;0,00;0,00;0,00;-0,43;0,00;0,00;280;181;129;24;29;592;855
6897;76,17;90,99;0,00;0,00;0,00;0,09;0,00;0,00;148;191;39;19;32;552;820
6898;52,76;-156,99;0,00;0,00;0,00;-0,16;0,00;0,00;273;11;78;29;29;511;546
6899;34,72;-229,93;0,00;0,00;0,00;-0,23;0,00;0,00;96;45;196;13;24;778;709
6900;74,17;18,42;0,00;0,00;0,00;0,02;0,00;0,00;351;29;166;23;37;505;360
6901;64,29;-79,57;0,00;0,00;0,00;-0,08;0,00;0,00;132;166;157;45;26;580;254
6902;18,80;-541,37;0,00;0,00;0,00;-0,54;0,00;0,00;19;85;108;27;36;824;235
6903;17,12;-499,57;0,00;0,00;0,00;-0,50;0,00;0,00;306;136;65;43;24;880;226
6904;83,02;123,55;0,00;0,00;0,00;0,12;0,00;0,00;186;192;20;33;17;196;289
6905;70,87;-86,42;0,00;0,00;0,00;-0,09;0,00;0,00;482;28;103;20;16;607;949
6906;87,68;236,82;0,00;0,00;0,00;0,24;0,00;0,00;414;12;148;43;25;743;657
6907;37,59;-350,44;0,00;0,00;0,00;-0,35;0,00;0,00;242;181;15;31;32;902;769
6908;31,99;-383,16;0,00;0,00;0,00;-0,38;0,00;0,00;158;126;67;13;23;451;787
6909;34,16;-416,59;0,00;0,00;0,00;-0,42;0,00;0,00;239;19;176;39;20;679;109
6910;45,64;-265,18;0,00;0,00;0,00;-0,27;0,00;0,00;116;183;103;42;39;414;487
6911;67,00;23,64;0,00;0,00;0,00;0,02;0,00;0,00;228;69;22;28;23;687;510
6912;20,00;-528,99;0,00;0,00;0,00;-0,53;0,00;0,00;449;113;48;27;26;316;369
6913;92,11;201,30;0,00;0,00;0,00;0,20;0,00;0,00;422;164;140;47;37;191;557
6914;55,64;-187,63;0,00;0,00;0,00;-0,19;0,00;0,00;456;180;137;38;34;240;620
6915;48,86;-122,38;0,00;0,00;0,00;-0,12;0,00;0,00;272;15;199;26;31;631;508
6916;43,69;-258,10;0,00;0,00;0,00;-0,26;0,00;0,00;243;52;198;31;30;909;712
6917;74,50;75,27;0,00;0,00;0,00;0,08;0,00;0,00;81;42;155;42;36;943;874
6918;34,96;-287,72;0,00;0,00;0,00;-0,29;0,00;0,00;173;13;172;39;22;483;219
6919;68,63;-9,66;0,00;0,00;0,00;-0,01;0,00;0,00;291;198;141;42;39;638;698
6920;57,52;-149,64;0,00;0,00;0,00;-0,15;0,00;0,00;469;115;63;36;19;965;986
6921;39,95;-297,73;0,00;0,00;0,00;-0,30;0,00;0,00;317;35;63;27;22;408;338
6922;35,74;-351,25;0,00;0,00;0,00;-0,35;0,00;0,00;338;61;152;45;27;612;128
6923;35,59;-408,68;0,00;0,00;0,00;-0,41;0,00;0,00;475;145;108;12;34;516;483
6924;31,15;-407,94;0,00;0,00;0,00;-0,41;0,00;0,00;16;196;183;21;22;437;369
6925;51,79;-207,25;0,00;0,00;0,00;-0,21;0,00;0,00;463;68;70;22;19;387;939
6926;41,72;-286,45;0,00;0,00;0,00;-0,29;0,00;0,00;216;48;94;19;36;757;566
6927;33,91;-337,61;0,00;0,00;0,00;-0,34;0,00;0,00;323;147;182;49;18;658;998
6928;46,95;-161,54;0,00;0,00;0,00;-0,16;0,00;0,00;161;145;191;17;18;165;177
6929;62,08;-111,41;0,00;0,00;0,00;-0,11;0,00;0,00;456;123;191;33;38;536;111
6930;47,70;-228,98;0,00;0,00;0,00;-0,23;0,00;0,00;88;129;190;25;28;758;892
6931;74,82;-3,46;0,00;0,00;0,00;-0,00;0,00;0,00;94;186;125;39;20;899;706
6932;70,18;-21,93;0,00;0,00;0,00;-0,02;0,00;0,00;21;59;171;49;39;382;454
6933;11,56;-557,26;0,00;0,00;0,00;-0,56;0,00;0,00;295;178;123;20;33;899;558
6934;32,99;-301,05;0,00;0,00;0,00;-0,30;0,00;0,00;320;108;29;20;36;801;871
6935;76,57;96,20;0,00;0,00;0,00;0,10;0,00;0,00;429;173;65;36;39;926;398
6936;98,42;233,24;0,00;0,00;0,00;0,23;0,00;0,00;391;140;194;25;22;900;135
6937;70,70;88,36;0,00;0,00;0,00;0,09;0,00;0,00;487;154;141;36;25;640;571
6938;34,18;-428,27;0,00;0,00;0,00;-0,43;0,00;0,00;88;146;16;37;19;190;840
6939;37,19;-264,68;0,00;0,00;0,00;-0,26;0,00;0,00;111;198;17;14;20;967;347
6940;42,09;-274,90;0,00;0,00;0,00;-0,27;0,00;0,00;452;120;37;26;29;358;980
6941;93,63;201,08;0,00;0,00;0,00;0,20;0,00;0,00;85;36;34;46;20;794;735
6942;71,09;16,98;0,00;0,00;0,00;0,02;0,00;0,00;244;120;95;11;22;962;625
6943;20,32;-526,56;0,00;0,00;0,00;-0,53;0,00;0,00;109;160;175;24;27;877;272
6944;7,96;-530,41;0,00;0,00;0,00;-0,53;0,00;0,00;450;145;47;15;19;431;264
6945;64,05;-17,48;0,00;0,00;0,00;-0,02;0,00;0,00;259;153;187;43;35;622;661
6946;35,05;-397,35;0,00;0,00;0,00;-0,40;0,00;0,00;262;12;112;23;39;586;262
6947;22,32;-454,33;0,00;0,00;0,00;-0,45;0,00;0,00;313;130;153;28;27;654;396
6948;52,53;-201,36;0,00;0,00;0,00;-0,20;0,00;0,00;112;33;32;10;29;216;333
6949;50,91;-285,31;0,00;0,00;0,00;-0,29;0,00;0,00;22;61;135;46;35;690;932
6950;52,97;-143,59;0,00;0,00;0,00;-0,14;0,00;0,00;273;147;176;28;15;662;167
6951;19,26;-434,91;0,00;0,00;0,00;-0,43;0,00;0,00;42;64;51;48;33;352;280
6952;47,30;-223,44;0,00;0,00;0,00;-0,22;0,00;0,00;242;130;68;32;30;808;111
6953;97,67;345,89;0,00;0,00;0,00;0,35;0,00;0,00;29;28;58;43;17;376;419
6954;66,34;-52,88;0,00;0,00;0,00;-0,05;0,00;0,00;352;190;48;47;23;324;580
6955;65,88;-51,16;0,00;0,00;0,00;-0,05;0,00;0,00;306;69;97;16;30;523;139
6956;55,05;-108,62;0,00;0,00;0,00;-0,11;0,00;0,00;108;151;37;14;37;706;287
6957;34,57;-321,83;0,00;0,00;0,00;-0,32;0,00;0,00;434;155;105;42;37;710;516
6958;75,78;92,17;0,00;0,00;0,00;0,09;0,00;0,00;379;80;31;21;16;320;148
6959;50,73;-135,73;0,00;0,00;0,00;-0,14;0,00;0,00;410;38;91;36;36;136;397
6960;83,10;126,14;0,00;0,00;0,00;0,13;0,00;0,00;170;75;35;31;22;813;453
6961;87,08;151,69;0,00;0,00;0,00;0,15;0,00;0,00;423;54;18;49;30;599;524
6962;32,60;-265,73;0,00;0,00;0,00;-0,27;0,00;0,00;37;158;66;39;18;673;576
6963;59,18;-58,46;0,00;0,00;0,00;-0,06;0,00;0,00;227;198;14;23;31;992;583
6964;51,06;-163,87;0,00;0,00;0,00;-0,16;0,00;0,00;14;102;34;37;20;543;435
6965;13,55;-594,21;0,00;0,00;0,00;-0,59;0,00;0,00;169;102;160;47;23;131;124
6966;52,90;-119,17;0,00;0,00;0,00;-0,12;0,00;0,00;245;138;61;30;15;679;259
6967;49,83;-131,78;0,00;0,00;0,00;-0,13;0,00;0,00;142;181;105;36;39;150;902
6968;67,74;-69,36;0,00;0,00;0,00;-0,07;0,00;0,00;281;109;12;39;21;197;138
6969;61,00;-130,89;0,00;0,00;0,00;-0,13;0,00;0,00;190;140;129;41;18;197;592
6970;0,00;-674,45;0,00;0,00;0,00;-0,67;0,00;0,00;442;65;108;45;36;216;272
6971;3,38;-832,68;0,00;0,00;0,00;-0,83;0,00;0,00;430;100;93;47;24;677;410
6972;6,72;-595,15;0,00;0,00;0,00;-0,60;0,00;0,00;75;86;25;37;30;760;382
6973;55,13;-194,02;0,00;0,00;0,00;-0,19;0,00;0,00;228;15;120;27;38;438;623
6974;63,83;-109,55;0,00;0,00;0,00;-0,11;0,00;0,00;399;48;17;12;22;999;147
6975;63,14;-161,32;0,00;0,00;0,00;-0,16;0,00;0,00;271;130;97;40;20;933;941
6976;40,57;-300,25;0,00;0,00;0,00;-0,30;0,00;0,00;491;70;169;20;16;912;451
6977;34,36;-325,06;0,00;0,00;0,00;-0,33;0,00;0,00;244;45;160;37;32;578;370
6978;49,25;-225,69;0,00;0,00;0,00;-0,23;0,00;0,00;408;198;70;18;31;746;284
6979;24,78;-561,39;0,00;0,00;0,00;-0,56;0,00;0,00;422;92;78;11;32;559;837
6980;63,36;-87,17;0,00;0,00;0,00;-0,09;0,00;0,00;200;28;156;42;19;220;989
6981;61,63;14,61;0,00;0,00;0,00;0,01;0,00;0,00;473;172;13;15;36;751;310
6982;55,08;-182,35;0,00;0,00;0,00;-0,18;0,00;0,00;377;36;190;21;16;617;752
6983;26,33;-352,75;0,00;0,00;0,00;-0,35;0,00;0,00;385;194;188;17;26;958;865
6984;25,33;-484,53;0,00;0,00;0,00;-0,48;0,00;0,00;294;59;126;31;16;856;763
6985;35,66;-330,18;0,00;0,00;0,00;-0,33;0,00;0,00;22;117;49;41;37;960;302
6986;51,04;-208,16;0,00;0,00;0,00;-0,21;0,00;0,00;411;95;183;10;29;931;716
6987;49,07;-211,82;0,00;0,00;0,00;-0,21;0,00;0,00;132;167;141;47;22;449;643
6988;33,20;-349,11;0,00;0,00;0,00;-0,35;0,00;0,00;184;33;95;15;32;318;506
6989;56,73;-193,37;0,00;0,00;0,00;-0,19;0,00;0,00;73;30;11;42;38;213;197
6990;45,23;-274,88;0,00;0,00;0,00;-0,27;0,00;0,00;459;142;175;40;32;223;684
6991;47,12;-257,27;0,00;0,00;0,00;-0,26;0,00;0,00;104;170;183;10;24;593;644
6992;1,87;-616,32;0,00;0,00;0,00;-0,62;0,00;0,00;249;91;102;34;21;830;820
6993;38,54;-316,09;0,00;0,00;0,00;-0,32;0,00;0,00;91;142;72;40;34;166;102
6994;66,74;-75,25;0,00;0,00;0,00;-0,08;0,00;0,00;283;90;92;20;21;939;458
6995;36,66;-299,95;0,00;0,00;0,00;-0,30;0,00;0,00;245;185;172;13;15;533;814
6996;75,48;91,92;0,00;0,00;0,00;0,09;0,00;0,00;361;44;84;28;25;357;509
6997;83,79;91,39;0,00;0,00;0,00;0,09;0,00;0,00;241;44;115;46;38;572;805
6998;97,09;242,20;0,00;0,00;0,00;0,24;0,00;0,00;384;17;32;19;18;485;312
6999;46,41;-189,73;0,00;0,00;0,00;-0,19;0,00;0,00;361;36;124;19;39;112;478
7000;47,64;-281,58;0,00;0,00;0,00;-0,28;0,00;0,00;150;93;140;40;34;233;286
7001;70,55;-13,44;0,00;0,00;0,00;-0,01;0,00;0,00;327;37;158;34;27;575;445
7002;12,10;-530,17;0,00;0,00;0,00;-0,53;0,00;0,00;260;182;14;22;17;474;217
7003;24,93;-493,66;0,00;0,00;0,00;-0,49;0,00;0,00;241;20;32;20;28;237;772
7004;41,58;-323,79;0,00;0,00;0,00;-0,32;0,00;0,00;252;143;160;45;39;770;723
7005;77,13;20,55;0,00;0,00;0,00;0,02;0,00;0,00;280;61;114;48;15;536;502
7006;80,52;38,23;0,00;0,00;0,00;0,04;0,00;0,00;16;110;148;34;36;342;200
7007;11,73;-567,27;0,00;0,00;0,00;-0,57;0,00;0,00;364;175;98;20;31;110;936
7008;0,00;-671,81;0,00;0,00;0,00;-0,67;0,00;0,00;189;98;52;12;37;360;928
7009;50,29;-138,77;0,00;0,00;0,00;-0,14;0,00;0,00;462;83;19;34;17;865;569
7010;33,07;-359,07;0,00;0,00;0,00;-0,36;0,00;0,00;349;178;195;31;34;524;776
7011;60,16;-64,13;0,00;0,00;0,00;-0,06;0,00;0,00;400;66;177;38;17;928;999
7012;33,96;-402,77;0,00;0,00;0,00;-0,40;0,00;0,00;400;28;180;12;35;181;878
7013;51,82;-195,76;0,00;0,00;0,00;-0,20;0,00;0,00;200;52;194;20;29;486;665
7014;27,90;-491,59;0,00;0,00;0,00;-0,49;0,00;0,00;252;162;153;17;30;467;596
7015;34,64;-325,98;0,00;0,00;0,00;-0,33;0,00;0,00;29;152;147;38;19;640;692
7016;0,00;-665,72;0,00;0,00;0,00;-0,67;0,00;0,00;139;11;194;38;21;153;207
7017;98,99;315,80;0,00;0,00;0,00;0,32;0,00;0,00;317;76;177;33;24;556;202
7018;60,63;-159,27;0,00;0,00;0,00;-0,16;0,00;0,00;405;144;182;49;22;339;898
7019;38,14;-326,66;0,00;0,00;0,00;-0,33;0,00;0,00;439;23;128;22;23;451;815
7020;44,63;-293,97;0,00;0,00;0,00;-0,29;0,00;0,00;29;194;20;45;24;705;761
7021;77,56;49,78;0,00;0,00;0,00;0,05;0,00;0,00;49;88;60;34;33;449;731
7022;79,88;26,95;0,00;0,00;0,00;0,03;0,00;0,00;377;45;161;45;20;455;510
7023;40,91;-269,10;0,00;0,00;0,00;-0,27;0,00;0,00;471;56;115;11;21;823;960
7024;72,55;18,30;0,00;0,00;0,00;0,02;0,00;0,00;158;159;153;13;27;230;169
7025;48,29;-244,09;0,00;0,00;0,00;-0,24;0,00;0,00;90;173;143;22;20;238;381
7026;42,67;-243,81;0,00;0,00;0,00;-0,24;0,00;0,00;419;153;186;23;27;421;492
7027;58,17;-73,28;0,00;0,00;0,00;-0,07;0,00;0,00;30;84;139;49;17;751;402
7028;25,93;-453,36;0,00;0,00;0,00;-0,45;0,00;0,00;220;61;64;45;17;545;294
7029;75,96;79,00;0,00;0,00;0,00;0,08;0,00;0,00;73;138;161;16;30;153;943
7030;62,50;-144,46;0,00;0,00;0,00;-0,14;0,00;0,00;318;151;175;28;26;584;965
7031;0,00;-665,37;0,00;0,00;0,00;-0,67;0,00;0,00;217;117;195;17;30;235;190
7032;45,10;-274,11;0,00;0,00;0,00;-0,27;0,00;0,00;263;45;15;37;38;888;465
7033;37,96;-248,88;0,00;0,00;0,00;-0,25;0,00;0,00;115;93;163;24;21;801;733
7034;26,75;-395,19;0,00;0,00;0,00;-0,40;0,00;0,00;25;191;141;10;23;783;631
7035;33,95;-385,50;0,00;0,00;0,00;-0,39;0,00;0,00;78;53;99;36;25;755;833
7036;50,90;-181,87;0,00;0,00;0,00;-0,18;0,00;0,00;360;186;26;29;16;448;158
7037;74,70;155,68;0,00;0,00;0,00;0,16;0,00;0,00;325;177;128;42;17;770;747
7038;34,54;-367,23;0,00;0,00;0,00;-0,37;0,00;0,00;42;91;44;11;22;157;207
7039;71,30;-89,44;0,00;0,00;0,00;-0,09;0,00;0,00;450;110;196;11;22;425;210
7040;67,52;-35,85;0,00;0,00;0,00;-0,04;0,00;0,00;456;56;183;10;20;845;747
7041;30,17;-468,01;0,00;0,00;0,00;-0,47;0,00;0,00;423;153;179;25;36;462;438
7042;59,38;-111,05;0,00;0,00;0,00;-0,11;0,00;0,00;201;13;162;24;20;639;780
7043;59,30;-129,28;0,00;0,00;0,00;-0,13;0,00;0,00;178;195;198;42;17;376;358
7044;87,36;229,09;0,00;0,00;0,00;0,23;0,00;0,00;479;134;192;25;36;217;148
7045;69,82;-57,05;0,00;0,00;0,00;-0,06;0,00;0,00;17;134;131;38;27;386;163
7046;43,68;-244,52;0,00;0,00;0,00;-0,24;0,00;0,00;335;146;75;36;34;618;303
7047;23,86;-493,36;0,00;0,00;0,00;-0,49;0,00;0,00;233;78;98;32;26;965;421
7048;37,43;-344,89;0,00;0,00;0,00;-0,34;0,00;0,00;247;141;122;16;21;404;672
7049;25,02;-417,96;0,00;0,00;0,00;-0,42;0,00;0,00;489;192;68;26;24;176;402
7050;47,80;-327,77;0,00;0,00;0,00;-0,33;0,00;0,00;367;29;80;42;36;953;369
7051;49,53;-219,68;0,00;0,00;0,00;-0,22;0,00;0,00;469;162;92;26;19;953;688
7052;72,42;-50,48;0,00;0,00;0,00;-0,05;0,00;0,00;304;42;24;25;35;914;868
7053;25,68;-429,60;0,00;0,00;0,00;-0,43;0,00;0,00;203;84;46;31;26;992;665
7054;94,47;231,85;0,00;0,00;0,00;0,23;0,00;0,00;348;57;82;30;29;635;373
7055;56,03;-182,46;0,00;0,00;0,00;-0,18;0,00;0,00;251;116;174;44;31;217;381
7056;49,33;-130,76;0,00;0,00;0,00;-0,13;0,00;0,00;154;134;50;15;21;419;685
7057;79,86;158,66;0,00;0,00;0,00;0,16;0,00;0,00;470;120;139;36;28;274;624
7058;53,56;-187,65;0,00;0,00;0,00;-0,19;0,00;0,00;302;97;50;46;16;747;494
7059;72,14;60,15;0,00;0,00;0,00;0,06;0,00;0,00;49;85;127;26;27;448;581
7060;27,17;-440,18;0,00;0,00;0,00;-0,44;0,00;0,00;204;151;15;35;15;422;207
7061;20,32;-604,33;0,00;0,00;0,00;-0,60;0,00;0,00;266;120;189;49;32;746;774
7062;54,29;-121,51;0,00;0,00;0,00;-0,12;0,00;0,00;260;51;116;30;22;351;472
7063;60,75;-53,74;0,00;0,00;0,00;-0,05;0,00;0,00;172;102;51;22;16;484;848
7064;84,25;128,32;0,00;0,00;0,00;0,13;0,00;0,00;321;126;157;37;33;314;877
7065;13,76;-506,93;0,00;0,00;0,00;-0,51;0,00;0,00;210;116;74;21;17;490;774
7066;28,08;-384,65;0,00;0,00;0,00;-0,38;0,00;0,00;123;62;43;30;20;565;765
7067;33,64;-414,50;0,00;0,00;0,00;-0,41;0,00;0,00;219;130;48;39;18;148;383
7068;33,10;-336,53;0,00;0,00;0,00;-0,34;0,00;0,00;244;96;125;24;23;583;398
7069;82,84;91,39;0,00;0,00;0,00;0,09;0,00;0,00;92;24;176;27;32;951;400
7070;72,08;-15,77;0,00;0,00;0,00;-0,02;0,00;0,00;473;176;32;48;15;433;840
7071;0,00;-669,09;0,00;0,00;0,00;-0,67;0,00;0,00;308;119;190;19;36;252;437
7072;62,09;-116,78;0,00;0,00;0,00;-0,12;0,00;0,00;232;184;107;46;22;494;835
7073;58,20;-67,40;0,00;0,00;0,00;-0,07;0,00;0,00;494;91;43;40;34;515;539
7074;60,40;-155,28;0,00;0,00;0,00;-0,16;0,00;0,00;215;104;184;12;22;714;992
7075;37,14;-340,51;0,00;0,00;0,00;-0,34;0,00;0,00;322;199;111;12;16;406;654
7076;27,50;-434,57;0,00;0,00;0,00;-0,43;0,00;0,00;25;70;169;28;38;547;368
7077;37,24;-349,20;0,00;0,00;0,00;-0,35;0,00;0,00;297;83;109;15;34;739;859
7078;51,84;-160,19;0,00;0,00;0,00;-0,16;0,00;0,00;449;147;41;16;19;702;941
7079;19,69;-462,39;0,00;0,00;0,00;-0,46;0,00;0,00;231;155;128;36;26;200;432
7080;34,82;-405,70;0,00;0,00;0,00;-0,41;0,00;0,00;145;62;175;11;35;842;527
7081;55,60;-79,04;0,00;0,00;0,00;-0,08;0,00;0,00;305;32;81;32;31;608;204
7082;75,28;89,54;0,00;0,00;0,00;0,09;0,00;0,00;209;103;54;39;20;251;451
7083;84,87;105,87;0,00;0,00;0,00;0,11;0,00;0,00;453;108;87;38;16;790;139
7084;48,06;-206,59;0,00;0,00;0,00;-0,21;0,00;0,00;314;163;147;16;39;197;696
7085;40,67;-300,22;0,00;0,00;0,00;-0,30;0,00;0,00;148;180;121;12;28;644;532
7086;49,43;-327,06;0,00;0,00;0,00;-0,33;0,00;0,00;156;33;43;42;30;474;123
7087;35,48;-322,93;0,00;0,00;0,00;-0,32;0,00;0,00;99;46;47;28;38;917;532
7088;62,79;-63,54;0,00;0,00;0,00;-0,06;0,00;0,00;318;57;19;31;25;422;561
7089;48,33;-166,92;0,00;0,00;0,00;-0,17;0,00;0,00;364;38;166;16;30;784;864
7090;58,25;-69,42;0,00;0,00;0,00;-0,07;0,00;0,00;47;172;72;35;16;235;413
7091;100,00;280,94;0,00;0,00;0,00;0,28;0,00;0,00;265;38;146;39;35;736;123
7092;95,00;326,97;0,00;0,00;0,00;0,33;0,00;0,00;314;62;188;44;18;332;894
7093;62,41;-116,13;0,00;0,00;0,00;-0,12;0,00;0,00;496;73;119;35;36;707;616
7094;66,81;27,41;0,00;0,00;0,00;0,03;0,00;0,00;475;120;42;28;30;625;977
7095;67,66;-28,49;0,00;0,00;0,00;-0,03;0,00;0,00;66;34;188;17;15;469;816
7096;6,70;-581,57;0,00;0,00;0,00;-0,58;0,00;0,00;126;48;28;40;39;569;543
7097;32,38;-408,40;0,00;0,00;0,00;-0,41;0,00;0,00;406;103;138;43;23;890;184
7098;49,99;-238,14;0,00;0,00;0,00;-0,24;0,00;0,00;435;25;12;28;30;736;976
7099;75,36;-28,33;0,00;0,00;0,00;-0,03;0,00;0,00;87;192;94;23;21;223;811
7100;0,00;-714,52;0,00;0,00;0,00;-0,71;0,00;0,00;354;32;139;11;29;400;815
7101;100,00;358,89;0,00;0,00;0,00;0,36;0,00;0,00;230;99;115;46;39;908;300
7102;0,00;-775,78;0,00;0,00;0,00;-0,78;0,00;0,00;355;58;85;11;25;882;866
7103;58,83;-84,21;0,00;0,00;0,00;-0,08;0,00;0,00;131;109;110;10;18;852;450
7104;51,07;-247,66;0,00;0,00;0,00;-0,25;0,00;0,00;490;163;141;32;36;676;905
7105;1,37;-705,63;0,00;0,00;0,00;-0,71;0,00;0,00;264;136;161;12;24;278;429
7106;44,43;-369,10;0,00;0,00;0,00;-0,37;0,00;0,00;56;59;23;32;20;279;662
7107;54,92;-194,96;0,00;0,00;0,00;-0,19;0,00;0,00;370;144;170;25;20;757;805
7108;35,79;-265,24;0,00;0,00;0,00;-0,27;0,00;0,00;385;155;181;19;24;978;914
7109;72,64;24,20;0,00;0,00;0,00;0,02;0,00;0,00;455;197;120;44;15;713;853
7110;27,46;-378,81;0,00;0,00;0,00;-0,38;0,00;0,00;495;98;48;18;37;955;582
7111;50,66;-162,87;0,00;0,00;0,00;-0,16;0,00;0,00;389;107;185;14;23;803;424
7112;27,34;-398,88;0,00;0,00;0,00;-0,40;0,00;0,00;180;17;110;32;22;780;509
7113;35,58;-303,17;0,00;0,00;0,00;-0,30;0,00;0,00;101;185;56;44;18;228;327
7114;14,25;-556,23;0,00;0,00;0,00;-0,56;0,00;0,00;353;105;12;37;17;257;138
7115;26,62;-458,03;0,00;0,00;0,00;-0,46;0,00;0,00;243;148;34;40;22;744;934
7116;57,35;-92,02;0,00;0,00;0,00;-0,09;0,00;0,00;127;82;71;23;23;860;994
7117;36,80;-366,96;0,00;0,00;0,00;-0,37;0,00;0,00;428;48;176;16;38;323;684
7118;39,73;-277,08;0,00;0,00;0,00;-0,28;0,00;0,00;166;144;85;19;22;719;410
7119;76,54;48,04;0,00;0,00;0,00;0,05;0,00;0,00;490;178;27;20;24;298;679
7120;34,42;-391,93;0,00;0,00;0,00;-0,39;0,00;0,00;75;134;96;43;30;873;318
7121;54,31;-202,93;0,00;0,00;0,00;-0,20;0,00;0,00;491;101;34;26;30;913;176
7122;35,16;-439,21;0,00;0,00;0,00;-0,44;0,00;0,00;140;156;103;19;26;941;430
7123;51,12;-233,33;0,00;0,00;0,00;-0,23;0,00;0,00;343;78;53;19;31;915;670
7124;79,56;168,88;0,00;0,00;0,00;0,17;0,00;0,00;107;147;90;15;29;229;140
7125;69,16;-23,63;0,00;0,00;0,00;-0,02;0,00;0,00;169;193;61;15;30;534;352
7126;24,60;-519,50;0,00;0,00;0,00;-0,52;0,00;0,00;403;112;158;45;16;364;759
7127;30,95;-413,32;0,00;0,00;0,00;-0,41;0,00;0,00;382;176;75;39;26;506;617
7128;93,03;239,10;0,00;0,00;0,00;0,24;0,00;0,00;296;47;159;28;24;311;581
7129;61,00;-128,84;0,00;0,00;0,00;-0,13;0,00;0,00;173;134;124;30;31;610;145
7130;38,76;-345,70;0,00;0,00;0,00;-0,35;0,00;0,00;132;132;88;19;26;231;507
7131;77,44;104,44;0,00;0,00;0,00;0,10;0,00;0,00;10;153;14;21;34;369;724
7132;60,11;-192,45;0,00;0,00;0,00;-0,19;0,00;0,00;159;13;45;45;37;284;376
7133;21,41;-443,00;0,00;0,00;0,00;-0,44;0,00;0,00;169;152;32;19;21;405;913
7134;69,01;-56,09;0,00;0,00;0,00;-0,06;0,00;0,00;310;44;51;34;34;683;881
7135;60,20;-39,56;0,00;0,00;0,00;-0,04;0,00;0,00;55;118;93;23;36;544;601
7136;42,59;-200,30;0,00;0,00;0,00;-0,20;0,00;0,00;77;180;171;48;18;646;915
7137;56,13;-171,19;0,00;0,00;0,00;-0,17;0,00;0,00;231;193;127;28;36;174;245
7138;39,54;-327,37;0,00;0,00;0,00;-0,33;0,00;0,00;353;38;92;18;21;956;518
7139;53,98;-150,77;0,00;0,00;0,00;-0,15;0,00;0,00;192;151;116;11;33;328;325
7140;84,82;191,42;0,00;0,00;0,00;0,19;0,00;0,00;327;140;192;24;39;523;378
7141;39,34;-359,98;0,00;0,00;0,00;-0,36;0,00;0,00;58;147;106;32;23;887;201
7142;61,54;-23,03;0,00;0,00;0,00;-0,02;0,00;0,00;197;27;115;13;18;345;317
7143;64,84;-70,73;0,00;0,00;0,00;-0,07;0,00;0,00;464;119;44;25;25;878;977
7144;57,71;-92,95;0,00;0,00;0,00;-0,09;0,00;0,00;56;119;95;15;34;116;702
7145;30,21;-434,68;0,00;0,00;0,00;-0,43;0,00;0,00;155;147;15;30;15;912;682
7146;65,88;-50,31;0,00;0,00;0,00;-0,05;0,00;0,00;167;97;189;17;15;359;880
7147;62,67;-37,15;0,00;0,00;0,00;-0,04;0,00;0,00;474;137;75;35;26;540;118
7148;42,77;-269,34;0,00;0,00;0,00;-0,27;0,00;0,00;369;194;129;40;32;586;401
7149;0,00;-656,51;0,00;0,00;0,00;-0,66;0,00;0,00;364;31;143;42;38;960;185
7150;30,70;-485,23;0,00;0,00;0,00;-0,49;0,00;0,00;246;169;40;19;20;673;409
7151;41,75;-327,62;0,00;0,00;0,00;-0,33;0,00;0,00;392;11;31;12;17;468;583
7152;0,00;-649,29;0,00;0,00;0,00;-0,65;0,00;0,00;387;96;106;17;20;950;567
7153;61,77;-97,80;0,00;0,00;0,00;-0,10;0,00;0,00;232;139;89;41;23;586;899
7154;83,02;142,32;0,00;0,00;0,00;0,14;0,00;0,00;425;50;195;45;27;701;567
7155;31,55;-297,72;0,00;0,00;0,00;-0,30;0,00;0,00;190;77;115;13;20;204;307
7156;6,72;-627,32;0,00;0,00;0,00;-0,63;0,00;0,00;198;93;92;21;28;989;718
7157;56,49;-53,41;0,00;0,00;0,00;-0,05;0,00;0,00;143;120;66;38;30;655;684
7158;38,54;-261,92;0,00;0,00;0,00;-0,26;0,00;0,00;481;106;160;44;25;497;112
7159;4,65;-671,37;0,00;0,00;0,00;-0,67;0,00;0,00;180;59;101;47;26;526;873
7160;58,58;-145,18;0,00;0,00;0,00;-0,15;0,00;0,00;99;120;169;11;20;770;363
7161;62,90;-85,00;0,00;0,00;0,00;-0,09;0,00;0,00;273;42;90;18;33;761;936
7162;45,06;-263,75;0,00;0,00;0,00;-0,26;0,00;0,00;124;104;25;43;19;505;396
7163;28,47;-445,04;0,00;0,00;0,00;-0,45;0,00;0,00;210;78;99;39;25;604;294
7164;71,48;20,02;0,00;0,00;0,00;0,02;0,00;0,00;58;165;73;38;35;694;902
7165;50,36;-162,09;0,00;0,00;0,00;-0,16;0,00;0,00;72;105;69;32;18;384;754
7166;77,84;-5,58;0,00;0,00;0,00;-0,01;0,00;0,00;341;15;152;42;32;581;608
7167;39,76;-300,92;0,00;0,00;0,00;-0,30;0,00;0,00;264;17;136;38;32;628;935
7168;71,05;14,73;0,00;0,00;0,00;0,01;0,00;0,00;18;43;163;43;32;600;709
7169;53,24;-127,82;0,00;0,00;0,00;-0,13;0,00;0,00;274;98;127;24;21;210;678
7170;85,27;96,70;0,00;0,00;0,00;0,10;0,00;0,00;242;113;154;18;27;579;753
7171;46,37;-195,73;0,00;0,00;0,00;-0,20;0,00;0,00;82;74;66;49;33;374;837
7172;73,91;97,80;0,00;0,00;0,00;0,10;0,00;0,00;90;165;95;44;28;138;824
7173;28,77;-482,26;0,00;0,00;0,00;-0,48;0,00;0,00;336;162;153;49;28;110;762
7174;63,92;-96,09;0,00;0,00;0,00;-0,10;0,00;0,00;410;194;15;26;19;514;351
7175;87,60;164,55;0,00;0,00;0,00;0,16;0,00;0,00;398;86;41;31;33;855;578
7176;41,73;-310,96;0,00;0,00;0,00;-0,31;0,00;0,00;313;127;32;19;17;226;886
7177;53,28;-95,41;0,00;0,00;0,00;-0,10;0,00;0,00;351;144;77;28;16;515;858
7178;58,37;-46,44;0,00;0,00;0,00;-0,05;0,00;0,00;387;171;132;47;29;839;689
7179;35,09;-302,32;0,00;0,00;0,00;-0,30;0,00;0,00;257;188;122;19;35;890;686
7180;7,42;-662,47;0,00;0,00;0,00;-0,66;0,00;0,00;287;87;27;29;17;692;991
7181;43,81;-237,03;0,00;0,00;0,00;-0,24;0,00;0,00;174;179;26;10;19;562;416
7182;69,85;-37,11;0,00;0,00;0,00;-0,04;0,00;0,00;479;110;56;45;25;982;932
7183;7,76;-588,41;0,00;0,00;0,00;-0,59;0,00;0,00;189;125;41;31;35;167;374
7184;46,09;-267,33;0,00;0,00;0,00;-0,27;0,00;0,00;499;159;187;40;30;436;547
7185;34,18;-350,86;0,00;0,00;0,00;-0,35;0,00;0,00;195;141;147;47;25;727;493
7186;82,28;120,37;0,00;0,00;0,00;0,12;0,00;0,00;421;162;45;27;30;357;321
7187;65,55;-105,70;0,00;0,00;0,00;-0,11;0,00;0,00;195;16;137;36;32;982;147
7188;22,23;-411,80;0,00;0,00;0,00;-0,41;0,00;0,00;262;35;106;42;35;376;926
7189;89,37;109,71;0,00;0,00;0,00;0,11;0,00;0,00;91;195;69;21;35;113;627
7190;49,28;-181,54;0,00;0,00;0,00;-0,18;0,00;0,00;359;21;21;14;16;787;952
7191;56,82;-261,28;0,00;0,00;0,00;-0,26;0,00;0,00;193;101;44;33;17;650;773
7192;31,12;-401,84;0,00;0,00;0,00;-0,40;0,00;0,00;460;48;26;23;34;208;878
7193;25,11;-428,59;0,00;0,00;0,00;-0,43;0,00;0,00;410;41;187;44;19;877;437
7194;57,12;-78,17;0,00;0,00;0,00;-0,08;0,00;0,00;177;137;136;41;39;972;795
7195;61,90;-94,74;0,00;0,00;0,00;-0,09;0,00;0,00;168;176;127;33;16;678;411
7196;10,70;-539,45;0,00;0,00;0,00;-0,54;0,00;0,00;177;167;133;11;39;476;295
7197;53,74;-151,09;0,00;0,00;0,00;-0,15;0,00;0,00;307;91;181;39;33;404;823
7198;76,17;37,75;0,00;0,00;0,00;0,04;0,00;0,00;405;145;34;32;32;146;783
7199;38,27;-399,28;0,00;0,00;0,00;-0,40;0,00;0,00;207;66;59;41;22;112;225
7200;91,82;262,14;0,00;0,00;0,00;0,26;0,00;0,00;462;193;28;13;18;873;139
7201;54,67;-129,90;0,00;0,00;0,00;-0,13;0,00;0,00;344;68;129;18;20;769;928
7202;26,29;-404,24;0,00;0,00;0,00;-0,40;0,00;0,00;21;18;40;40;37;544;234
7203;28,93;-335,10;0,00;0,00;0,00;-0,34;0,00;0,00;190;79;10;45;34;145;336
7204;40,18;-302,67;0,00;0,00;0,00;-0,30;0,00;0,00;192;183;102;33;26;822;652
7205;48,68;-230,72;0,00;0,00;0,00;-0,23;0,00;0,00;286;189;114;42;20;352;614
7206;76,58;78,32;0,00;0,00;0,00;0,08;0,00;0,00;70;177;51;31;25;147;579
7207;43,08;-363,65;0,00;0,00;0,00;-0,36;0,00;0,00;188;36;96;34;22;306;334
7208;79,06;187,37;0,00;0,00;0,00;0,19;0,00;0,00;269;183;177;11;30;219;104
7209;24,61;-383,25;0,00;0,00;0,00;-0,38;0,00;0,00;448;42;30;35;19;551;262
7210;7,31;-614,97;0,00;0,00;0,00;-0,61;0,00;0,00;490;19;74;16;22;183;288
7211;53,54;-128,32;0,00;0,00;0,00;-0,13;0,00;0,00;59;123;56;42;36;729;112
7212;21,68;-507,65;0,00;0,00;0,00;-0,51;0,00;0,00;78;26;153;35;31;584;850
7213;25,08;-302,33;0,00;0,00;0,00;-0,30;0,00;0,00;102;145;106;36;22;785;272
7214;43,77;-227,30;0,00;0,00;0,00;-0,23;0,00;0,00;196;57;182;15;20;263;226
7215;69,00;-57,35;0,00;0,00;0,00;-0,06;0,00;0,00;485;172;98;20;25;883;485
7216;40,78;-264,93;0,00;0,00;0,00;-0,26;0,00;0,00;11;33;137;38;31;463;999
7217;44,17;-212,92;0,00;0,00;0,00;-0,21;0,00;0,00;79;37;164;48;26;878;280
7218;42,78;-257,08;0,00;0,00;0,00;-0,26;0,00;0,00;130;138;40;45;16;292;610
7219;63,38;-104,68;0,00;0,00;0,00;-0,10;0,00;0,00;386;72;14;11;22;308;785
7220;47,92;-151,19;0,00;0,00;0,00;-0,15;0,00;0,00;111;54;176;47;33;344;571
7221;38,67;-395,49;0,00;0,00;0,00;-0,40;0,00;0,00;20;54;168;10;35;552;677
7222;24,07;-403,82;0,00;0,00;0,00;-0,40;0,00;0,00;224;51;151;41;28;506;809
7223;47,85;-260,33;0,00;0,00;0,00;-0,26;0,00;0,00;458;138;170;48;16;312;213
7224;65,02;-37,76;0,00;0,00;0,00;-0,04;0,00;0,00;420;111;17;39;26;310;211
7225;44,80;-216,39;0,00;0,00;0,00;-0,22;0,00;0,00;343;28;130;35;29;840;488
7226;0,00;-743,27;0,00;0,00;0,00;-0,74;0,00;0,00;419;108;172;35;38;281;776
7227;76,02;72,29;0,00;0,00;0,00;0,07;0,00;0,00;263;53;117;47;18;806;938
7228;0,57;-771,87;0,00;0,00;0,00;-0,77;0,00;0,00;418;115;20;21;38;897;406
7229;81,74;107,73;0,00;0,00;0,00;0,11;0,00;0,00;166;88;174;18;28;986;973
7230;42,35;-285,52;0,00;0,00;0,00;-0,29;0,00;0,00;280;15;133;18;31;935;163
7231;63,30;-132,00;0,00;0,00;0,00;-0,13;0,00;0,00;348;43;196;27;28;878;113
7232;21,16;-542,20;0,00;0,00;0,00;-0,54;0,00;0,00;200;112;11;34;19;743;832
7233;39,17;-257,10;0,00;0,00;0,00;-0,26;0,00;0,00;306;87;102;34;18;881;374
7234;24,37;-396,50;0,00;0,00;0,00;-0,40;0,00;0,00;352;109;34;43;34;282;545
7235;41,95;-279,61;0,00;0,00;0,00;-0,28;0,00;0,00;385;58;79;16;34;654;496
7236;87,12;169,88;0,00;0,00;0,00;0,17;0,00;0,00;386;22;48;13;35;364;944
7237;77,94;108,90;0,00;0,00;0,00;0,11;0,00;0,00;289;180;43;33;32;502;519
7238;54,07;-255,63;0,00;0,00;0,00;-0,26;0,00;0,00;98;112;194;19;33;933;707
7239;92,12;172,90;0,00;0,00;0,00;0,17;0,00;0,00;112;159;32;43;19;959;459
7240;48,08;-306,00;0,00;0,00;0,00;-0,31;0,00;0,00;114;34;177;27;37;482;224
7241;74,92;-60,96;0,00;0,00;0,00;-0,06;0,00;0,00;290;45;164;22;24;140;212
7242;15,88;-650,54;0,00;0,00;0,00;-0,65;0,00;0,00;133;169;168;43;21;813;203
7243;74,78;54,50;0,00;0,00;0,00;0,05;0,00;0,00;206;167;129;30;32;821;873
7244;44,27;-222,59;0,00;0,00;0,00;-0,22;0,00;0,00;475;93;160;47;22;791;910
7245;61,80;-50,63;0,00;0,00;0,00;-0,05;0,00;0,00;142;49;36;39;25;733;520
7246;0,00;-700,58;0,00;0,00;0,00;-0,70;0,00;0,00;257;59;102;43;20;821;621
7247;58,60;-97,07;0,00;0,00;0,00;-0,10;0,00;0,00;119;106;107;24;25;688;871
7248;78,49;137,22;0,00;0,00;0,00;0,14;0,00;0,00;354;19;126;33;17;966;574
7249;45,18;-235,66;0,00;0,00;0,00;-0,24;0,00;0,00;299;154;25;36;22;245;659
7250;72,99;72,21;0,00;0,00;0,00;0,07;0,00;0,00;272;43;199;32;34;793;808
7251;50,01;-151,86;0,00;0,00;0,00;-0,15;0,00;0,00;135;158;142;19;16;769;550
7252;61,80;-61,10;0,00;0,00;0,00;-0,06;0,00;0,00;480;125;58;12;34;196;173
7253;0,00;-685,52;0,00;0,00;0,00;-0,69;0,00;0,00;463;37;141;38;28;908;564
7254;47,15;-183,12;0,00;0,00;0,00;-0,18;0,00;0,00;270;92;142;25;29;159;214
7255;11,44;-564,67;0,00;0,00;0,00;-0,56;0,00;0,00;181;104;136;14;34;837;613
7256;49,33;-150,57;0,00;0,00;0,00;-0,15;0,00;0,00;403;147;168;33;18;290;330
7257;39,26;-324,24;0,00;0,00;0,00;-0,32;0,00;0,00;137;30;188;10;39;443;335
7258;64,61;-59,60;0,00;0,00;0,00;-0,06;0,00;0,00;112;173;42;25;37;933;705
7259;55,30;-181,44;0,00;0,00;0,00;-0,18;0,00;0,00;477;91;35;41;38;241;703
7260;64,43;-177,68;0,00;0,00;0,00;-0,18;0,00;0,00;28;56;80;18;32;573;137
7261;36,17;-329,38;0,00;0,00;0,00;-0,33;0,00;0,00;376;157;36;14;27;762;868
7262;100,00;313,14;0,00;0,00;0,00;0,31;0,00;0,00;17;136;183;33;32;435;716
7263;54,52;-144,95;0,00;0,00;0,00;-0,14;0,00;0,00;67;150;82;16;33;621;899
7264;90,59;223,74;0,00;0,00;0,00;0,22;0,00;0,00;33;81;87;26;31;877;159
7265;99,52;289,48;0,00;0,00;0,00;0,29;0,00;0,00;103;151;13;18;24;648;974
7266;57,02;-204,34;0,00;0,00;0,00;-0,20;0,00;0,00;235;139;47;45;33;829;599
7267;43,83;-256,32;0,00;0,00;0,00;-0,26;0,00;0,00;132;28;151;48;17;248;879
7268;58,28;-92,40;0,00;0,00;0,00;-0,09;0,00;0,00;285;63;98;31;30;469;114
7269;72,71;43,60;0,00;0,00;0,00;0,04;0,00;0,00;145;178;189;10;20;231;468
7270;11,31;-634,86;0,00;0,00;0,00;-0,63;0,00;0,00;318;29;69;38;24;672;970
7271;0,73;-654,27;0,00;0,00;0,00;-0,65;0,00;0,00;298;26;149;40;34;113;779
7272;0,00;-708,23;0,00;0,00;0,00;-0,71;0,00;0,00;407;121;137;31;29;854;131
7273;76,27;22,33;0,00;0,00;0,00;0,02;0,00;0,00;17;188;36;38;31;244;579
7274;58,34;-167,24;0,00;0,00;0,00;-0,17;0,00;0,00;226;173;70;25;37;238;777
7275;69,90;62,29;0,00;0,00;0,00;0,06;0,00;0,00;22;17;138;11;20;519;466
7276;35,84;-290,31;0,00;0,00;0,00;-0,29;0,00;0,00;82;172;82;25;19;458;702
7277;88,25;285,06;0,00;0,00;0,00;0,29;0,00;0,00;208;163;106;31;33;453;853
7278;59,29;-159,23;0,00;0,00;0,00;-0,16;0,00;0,00;381;16;161;25;17;133;783
7279;67,51;-10,35;0,00;0,00;0,00;-0,01;0,00;0,00;72;25;59;47;27;381;994
7280;36,64;-394,48;0,00;0,00;0,00;-0,39;0,00;0,00;424;52;99;29;30;410;362
7281;41,11;-311,06;0,00;0,00;0,00;-0,31;0,00;0,00;289;23;192;36;20;642;916
7282;100,00;331,32;0,00;0,00;0,00;0,33;0,00;0,00;228;126;20;17;22;945;193
7283;61,64;-55,38;0,00;0,00;0,00;-0,06;0,00;0,00;149;68;105;20;28;580;856
7284;65,78;-149,83;0,00;0,00;0,00;-0,15;0,00;0,00;394;149;121;35;17;747;567
7285;0,00;-762,72;0,00;0,00;0,00;-0,76;0,00;0,00;179;27;38;47;35;830;228
7286;44,16;-227,87;0,00;0,00;0,00;-0,23;0,00;0,00;355;182;97;29;38;434;153
7287;32,90;-359,90;0,00;0,00;0,00;-0,36;0,00;0,00;468;97;55;44;20;679;897
7288;15,81;-610,88;0,00;0,00;0,00;-0,61;0,00;0,00;59;194;156;11;18;738;174
7289;100,00;308,15;0,00;0,00;0,00;0,31;0,00;0,00;392;146;45;28;26;714;671
7290;45,56;-206,09;0,00;0,00;0,00;-0,21;0,00;0,00;442;87;146;28;25;295;868
7291;35,09;-400,57;0,00;0,00;0,00;-0,40;0,00;0,00;465;120;24;24;39;561;359
7292;44,18;-271,81;0,00;0,00;0,00;-0,27;0,00;0,00;20;195;101;26;18;454;926
7293;18,08;-606,99;0,00;0,00;0,00;-0,61;0,00;0,00;267;35;191;14;35;665;135
7294;13,43;-619,33;0,00;0,00;0,00;-0,62;0,00;0,00;17;24;108;13;38;877;901
7295;71,91;52,84;0,00;0,00;0,00;0,05;0,00;0,00;367;117;134;16;30;820;190
7296;100,00;290,11;0,00;0,00;0,00;0,29;0,00;0,00;317;191;123;14;22;116;166
7297;73,57;67,57;0,00;0,00;0,00;0,07;0,00;0,00;66;130;158;47;25;331;318
7298;49,36;-257,68;0,00;0,00;0,00;-0,26;0,00;0,00;131;33;133;11;21;692;680
7299;82,85;177,64;0,00;0,00;0,00;0,18;0,00;0,00;323;91;114;29;37;503;911
7300;73,61;40,69;0,00;0,00;0,00;0,04;0,00;0,00;189;164;192;22;26;856;292
7301;59,55;-144,16;0,00;0,00;0,00;-0,14;0,00;0,00;290;151;18;29;27;942;473
7302;75,10;66,18;0,00;0,00;0,00;0,07;0,00;0,00;498;35;120;38;36;898;814
7303;59,39;-101,41;0,00;0,00;0,00;-0,10;0,00;0,00;181;111;65;33;34;137;286
7304;40,56;-287,96;0,00;0,00;0,00;-0,29;0,00;0,00;323;42;49;31;37;871;150
7305;61,72;-63,58;0,00;0,00;0,00;-0,06;0,00;0,00;429;47;105;36;35;492;771
7306;34,48;-382,25;0,00;0,00;0,00;-0,38;0,00;0,00;139;116;169;25;26;852;710
7307;100,00;255,05;0,00;0,00;0,00;0,26;0,00;0,00;458;18;167;10;18;583;223
7308;8,92;-668,22;0,00;0,00;0,00;-0,67;0,00;0,00;58;41;187;25;19;365;275
7309;68,97;-24,27;0,00;0,00;0,00;-0,02;0,00;0,00;72;139;17;19;34;558;573
7310;24,55;-585,96;0,00;0,00;0,00;-0,59;0,00;0,00;103;183;125;10;38;346;939
7311;44,00;-263,76;0,00;0,00;0,00;-0,26;0,00;0,00;417;136;146;38;16;977;498
7312;40,57;-229,27;0,00;0,00;0,00;-0,23;0,00;0,00;242;10;150;22;18;848;824
7313;61,93;-45,81;0,00;0,00;0,00;-0,05;0,00;0,00;402;179;41;15;21;236;620
7314;69,76;15,37;0,00;0,00;0,00;0,02;0,00;0,00;354;132;37;35;32;167;531
7315;25,70;-462,77;0,00;0,00;0,00;-0,46;0,00;0,00;171;133;161;16;32;574;331
7316;43,12;-169,82;0,00;0,00;0,00;-0,17;0,00;0,00;18;147;87;49;28;825;581
7317;40,14;-206,11;0,00;0,00;0,00;-0,21;0,00;0,00;414;171;143;30;22;629;528
7318;85,14;77,99;0,00;0,00;0,00;0,08;0,00;0,00;55;155;178;18;31;605;644
7319;44,39;-255,79;0,00;0,00;0,00;-0,26;0,00;0,00;69;105;58;28;31;813;447
7320;0,00;-684,25;0,00;0,00;0,00;-0,68;0,00;0,00;209;40;51;13;17;954;830
7321;49,88;-132,91;0,00;0,00;0,00;-0,13;0,00;0,00;497;109;189;28;31;867;644
7322;34,77;-263,46;0,00;0,00;0,00;-0,26;0,00;0,00;328;171;55;44;20;845;290
7323;69,58;100,82;0,00;0,00;0,00;0,10;0,00;0,00;150;73;163;45;18;567;883
7324;93,11;238,13;0,00;0,00;0,00;0,24;0,00;0,00;491;75;31;45;33;198;822
7325;22,72;-448,46;0,00;0,00;0,00;-0,45;0,00;0,00;38;63;34;31;38;973;146
7326;100,00;260,33;0,00;0,00;0,00;0,26;0,00;0,00;121;69;32;25;32;861;925
7327;55,55;-182,35;0,00;0,00;0,00;-0,18;0,00;0,00;356;18;175;10;17;392;229
7328;47,22;-229,25;0,00;0,00;0,00;-0,23;0,00;0,00;207;164;104;27;17;566;871
7329;0,00;-689,85;0,00;0,00;0,00;-0,69;0,00;0,00;498;78;85;20;22;318;530
7330;82,07;207,22;0,00;0,00;0,00;0,21;0,00;0,00;169;97;92;36;31;609;104
7331;38,72;-317,33;0,00;0,00;0,00;-0,32;0,00;0,00;80;126;176;35;25;486;281
7332;29,22;-331,70;0,00;0,00;0,00;-0,33;0,00;0,00;107;25;163;33;17;147;208
7333;70,08;26,25;0,00;0,00;0,00;0,03;0,00;0,00;12;88;163;44;26;581;167
7334;69,97;19,61;0,00;0,00;0,00;0,02;0,00;0,00;107;126;32;24;19;963;126
7335;47,86;-177,43;0,00;0,00;0,00;-0,18;0,00;0,00;334;39;109;43;28;383;523
7336;53,63;-232,54;0,00;0,00;0,00;-0,23;0,00;0,00;268;182;104;21;19;836;437
7337;65,92;-49,14;0,00;0,00;0,00;-0,05;0,00;0,00;292;149;173;22;30;491;213
7338;41,51;-263,98;0,00;0,00;0,00;-0,26;0,00;0,00;153;182;110;45;16;928;466
7339;80,82;137,54;0,00;0,00;0,00;0,14;0,00;0,00;128;156;184;41;17;943;785
7340;49,11;-127,49;0,00;0,00;0,00;-0,13;0,00;0,00;116;198;190;25;20;953;723
7341;70,32;6,68;0,00;0,00;0,00;0,01;0,00;0,00;248;19;78;22;22;987;404
7342;59,27;-74,63;0,00;0,00;0,00;-0,07;0,00;0,00;203;146;97;43;17;607;830
7343;76,45;70,49;0,00;0,00;0,00;0,07;0,00;0,00;228;112;129;44;17;216;801
7344;35,55;-420,05;0,00;0,00;0,00;-0,42;0,00;0,00;56;150;199;32;34;125;455
7345;67,82;-32,63;0,00;0,00;0,00;-0,03;0,00;0,00;117;25;141;20;18;200;177
7346;32,82;-363,31;0,00;0,00;0,00;-0,36;0,00;0,00;199;194;94;45;17;333;253
7347;50,33;-88,83;0,00;0,00;0,00;-0,09;0,00;0,00;294;103;141;27;17;702;435
7348;23,69;-494,32;0,00;0,00;0,00;-0,49;0,00;0,00;386;67;130;15;19;900;885
7349;57,13;-55,77;0,00;0,00;0,00;-0,06;0,00;0,00;63;192;164;29;29;778;852
7350;27,03;-448,61;0,00;0,00;0,00;-0,45;0,00;0,00;139;169;194;28;23;925;417
7351;50,66;-217,59;0,00;0,00;0,00;-0,22;0,00;0,00;422;137;187;15;35;447;751
7352;20,15;-540,04;0,00;0,00;0,00;-0,54;0,00;0,00;223;81;64;25;27;533;242
7353;23,00;-414,18;0,00;0,00;0,00;-0,41;0,00;0,00;217;57;197;27;38;812;742
7354;29,16;-481,82;0,00;0,00;0,00;-0,48;0,00;0,00;49;193;30;28;33;131;410
7355;41,94;-332,51;0,00;0,00;0,00;-0,33;0,00;0,00;326;102;28;36;17;729;980
7356;59,16;-115,49;0,00;0,00;0,00;-0,12;0,00;0,00;222;137;164;31;32;155;343
7357;80,20;144,74;0,00;0,00;0,00;0,14;0,00;0,00;428;47;168;10;29;833;160
7358;78,01;101,97;0,00;0,00;0,00;0,10;0,00;0,00;153;25;121;12;23;105;277
7359;68,04;-57,72;0,00;0,00;0,00;-0,06;0,00;0,00;65;36;113;19;17;669;740
7360;14,78;-599,28;0,00;0,00;0,00;-0,60;0,00;0,00;319;69;124;24;38;119;336
7361;20,78;-504,35;0,00;0,00;0,00;-0,50;0,00;0,00;396;192;12;45;29;485;358
7362;57,77;-55,13;0,00;0,00;0,00;-0,06;0,00;0,00;292;53;162;47;29;750;237
7363;49,28;-260,80;0,00;0,00;0,00;-0,26;0,00;0,00;43;72;195;20;15;916;564
7364;100,00;225,87;0,00;0,00;0,00;0,23;0,00;0,00;305;75;93;27;19;163;752
7365;100,00;423,50;0,00;0,00;0,00;0,42;0,00;0,00;369;59;12;10;32;178;782
7366;73,12;34,48;0,00;0,00;0,00;0,03;0,00;0,00;496;60;163;27;21;586;189
7367;82,31;150,85;0,00;0,00;0,00;0,15;0,00;0,00;270;26;50;14;20;108;340
7368;76,22;60,35;0,00;0,00;0,00;0,06;0,00;0,00;327;26;146;37;29;357;365
7369;57,15;-34,15;0,00;0,00;0,00;-0,03;0,00;0,00;32;79;161;38;25;911;775
7370;55,85;-175,34;0,00;0,00;0,00;-0,18;0,00;0,00;109;38;156;27;32;510;441
7371;74,02;-20,36;0,00;0,00;0,00;-0,02;0,00;0,00;161;75;154;33;37;447;222
7372;60,38;-11,82;0,00;0,00;0,00;-0,01;0,00;0,00;175;122;28;49;30;232;160
7373;72,43;76,76;0,00;0,00;0,00;0,08;0,00;0,00;443;153;194;16;34;539;625
7374;29,03;-372,01;0,00;0,00;0,00;-0,37;0,00;0,00;304;188;157;21;35;902;837
7375;55,17;-212,95;0,00;0,00;0,00;-0,21;0,00;0,00;87;175;147;18;29;414;198
7376;42,01;-271,79;0,00;0,00;0,00;-0,27;0,00;0,00;181;144;96;34;21;500;659
7377;37,38;-306,51;0,00;0,00;0,00;-0,31;0,00;0,00;163;144;25;14;17;767;772
7378;0,00;-696,25;0,00;0,00;0,00;-0,70;0,00;0,00;81;15;100;47;34;462;432
7379;42,82;-289,85;0,00;0,00;0,00;-0,29;0,00;0,00;33;54;117;11;22;192;754
7380;20,72;-517,28;0,00;0,00;0,00;-0,52;0,00;0,00;378;60;143;10;17;165;528
7381;89,64;189,52;0,00;0,00;0,00;0,19;0,00;0,00;474;17;21;42;24;394;801
7382;57,43;-103,57;0,00;0,00;0,00;-0,10;0,00;0,00;167;82;144;48;35;382;965
7383;23,55;-423,46;0,00;0,00;0,00;-0,42;0,00;0,00;207;48;109;39;34;766;625
7384;52,91;-167,88;0,00;0,00;0,00;-0,17;0,00;0,00;290;67;30;48;39;620;384
7385;40,66;-387,35;0,00;0,00;0,00;-0,39;0,00;0,00;199;194;78;28;31;268;787
7386;27,30;-449,72;0,00;0,00;0,00;-0,45;0,00;0,00;79;23;59;17;20;429;214
7387;39,55;-293,16;0,00;0,00;0,00;-0,29;0,00;0,00;113;58;135;43;18;127;589
7388;55,45;-162,55;0,00;0,00;0,00;-0,16;0,00;0,00;303;38;154;19;27;293;325
7389;74,83;62,49;0,00;0,00;0,00;0,06;0,00;0,00;36;38;105;46;27;585;740
7390;52,87;-200,46;0,00;0,00;0,00;-0,20;0,00;0,00;289;135;94;33;38;390;345
7391;32,85;-381,16;0,00;0,00;0,00;-0,38;0,00;0,00;472;102;63;42;30;450;986
7392;56,43;-82,13;0,00;0,00;0,00;-0,08;0,00;0,00;298;94;43;48;31;589;150
7393;15,81;-463,40;0,00;0,00;0,00;-0,46;0,00;0,00;119;29;22;18;31;935;932
7394;48,72;-270,81;0,00;0,00;0,00;-0,27;0,00;0,00;338;198;37;22;29;812;653
7395;14,05;-582,55;0,00;0,00;0,00;-0,58;0,00;0,00;328;126;160;37;15;737;324
7396;60,46;-152,60;0,00;0,00;0,00;-0,15;0,00;0,00;476;34;19;48;29;890;415
7397;40,71;-349,57;0,00;0,00;0,00;-0,35;0,00;0,00;138;85;168;36;19;204;587
7398;56,87;-91,47;0,00;0,00;0,00;-0,09;0,00;0,00;361;58;85;21;15;970;367
7399;95,26;217,61;0,00;0,00;0,00;0,22;0,00;0,00;151;86;151;11;37;876;132
7400;67,90;21,33;0,00;0,00;0,00;0,02;0,00;0,00;14;192;123;24;22;432;255
7401;32,14;-405,04;0,00;0,00;0,00;-0,41;0,00;0,00;231;87;54;21;34;106;200
7402;28,25;-364,31;0,00;0,00;0,00;-0,36;0,00;0,00;147;23;12;15;33;184;888
7403;64,55;-45,12;0,00;0,00;0,00;-0,05;0,00;0,00;262;156;47;34;36;977;612
7404;69,43;-58,45;0,00;0,00;0,00;-0,06;0,00;0,00;314;15;55;13;19;461;844
7405;40,79;-294,41;0,00;0,00;0,00;-0,29;0,00;0,00;448;89;173;10;36;855;955
7406;67,18;-30,47;0,00;0,00;0,00;-0,03;0,00;0,00;135;46;119;38;37;330;780
7407;35,48;-418,56;0,00;0,00;0,00;-0,42;0,00;0,00;340;178;150;48;34;968;737
7408;63,40;5,10;0,00;0,00;0,00;0,01;0,00;0,00;268;40;91;37;30;152;853
7409;45,41;-194,82;0,00;0,00;0,00;-0,19;0,00;0,00;172;59;31;31;37;622;689
7410;7,41;-666,62;0,00;0,00;0,00;-0,67;0,00;0,00;349;55;105;49;30;376;973
7411;41,13;-402,02;0,00;0,00;0,00;-0,40;0,00;0,00;154;38;86;29;17;995;873
7412;18,22;-484,76;0,00;0,00;0,00;-0,48;0,00;0,00;160;165;49;44;25;205;310
7413;18,70;-510,55;0,00;0,00;0,00;-0,51;0,00;0,00;348;18;96;18;28;311;504
7414;50,19;-155,73;0,00;0,00;0,00;-0,16;0,00;0,00;268;55;78;18;23;206;836
7415;55,88;-117,87;0,00;0,00;0,00;-0,12;0,00;0,00;397;130;180;27;19;511;202
7416;76,46;147,40;0,00;0,00;0,00;0,15;0,00;0,00;283;185;195;30;25;197;263
7417;84,37;148,81;0,00;0,00;0,00;0,15;0,00;0,00;324;155;186;43;28;871;121
7418;23,91;-415,29;0,00;0,00;0,00;-0,42;0,00;0,00;162;92;51;23;38;911;513
7419;50,86;-254,98;0,00;0,00;0,00;-0,25;0,00;0,00;159;138;36;32;31;865;974
7420;11,92;-579,31;0,00;0,00;0,00;-0,58;0,00;0,00;348;158;176;45;18;180;424
7421;39,22;-306,48;0,00;0,00;0,00;-0,31;0,00;0,00;79;17;162;40;25;945;924
7422;90,27;256,53;0,00;0,00;0,00;0,26;0,00;0,00;311;177;30;37;26;562;355
7423;26,31;-399,66;0,00;0,00;0,00;-0,40;0,00;0,00;93;119;144;43;25;379;991
7424;69,05;3,48;0,00;0,00;0,00;0,00;0,00;0,00;343;180;83;43;27;496;607
7425;0,00;-620,91;0,00;0,00;0,00;-0,62;0,00;0,00;20;85;154;47;24;398;458
7426;63,17;-58,15;0,00;0,00;0,00;-0,06;0,00;0,00;67;45;14;43;34;738;702
7427;39,14;-326,80;0,00;0,00;0,00;-0,33;0,00;0,00;212;25;142;12;33;870;200
7428;91,13;208,23;0,00;0,00;0,00;0,21;0,00;0,00;40;96;69;31;18;976;737
7429;52,99;-203,00;0,00;0,00;0,00;-0,20;0,00;0,00;87;75;103;40;22;299;232
7430;100,00;209,57;0,00;0,00;0,00;0,21;0,00;0,00;306;36;129;19;33;437;579
7431;45,18;-314,22;0,00;0,00;0,00;-0,31;0,00;0,00;37;179;186;47;19;949;329
7432;62,89;-106,40;0,00;0,00;0,00;-0,11;0,00;0,00;21;66;102;48;16;304;335
7433;54,77;-207,13;0,00;0,00;0,00;-0,21;0,00;0,00;424;31;195;22;29;142;346
7434;100,00;384,09;0,00;0,00;0,00;0,38;0,00;0,00;127;118;58;49;25;362;692
7435;55,18;-206,08;0,00;0,00;0,00;-0,21;0,00;0,00;448;25;144;41;37;974;193
7436;0,00;-780,33;0,00;0,00;0,00;-0,78;0,00;0,00;434;154;81;14;38;604;114
7437;25,85;-472,24;0,00;0,00;0,00;-0,47;0,00;0,00;423;174;127;21;27;733;998
7438;50,26;-250,17;0,00;0,00;0,00;-0,25;0,00;0,00;25;19;18;15;27;762;822
7439;22,05;-508,57;0,00;0,00;0,00;-0,51;0,00;0,00;233;127;100;24;17;838;885
7440;49,99;-197,06;0,00;0,00;0,00;-0,20;0,00;0,00;310;118;175;46;34;384;137
7441;45,75;-259,87;0,00;0,00;0,00;-0,26;0,00;0,00;220;28;19;11;37;345;103
7442;41,97;-314,67;0,00;0,00;0,00;-0,31;0,00;0,00;324;146;158;10;25;304;822
7443;82,31;36,82;0,00;0,00;0,00;0,04;0,00;0,00;391;10;99;35;30;639;976
7444;54,72;-163,52;0,00;0,00;0,00;-0,16;0,00;0,00;186;175;150;14;26;268;444
7445;63,62;-76,27;0,00;0,00;0,00;-0,08;0,00;0,00;122;158;182;30;29;831;391
7446;86,44;174,29;0,00;0,00;0,00;0,17;0,00;0,00;62;19;133;12;15;284;403
7447;71,62;50,27;0,00;0,00;0,00;0,05;0,00;0,00;125;21;28;13;22;784;642
7448;50,89;-168,88;0,00;0,00;0,00;-0,17;0,00;0,00;201;23;32;36;18;170;576
7449;55,55;-127,43;0,00;0,00;0,00;-0,13;0,00;0,00;297;198;38;44;17;884;525
7450;62,52;-165,72;0,00;0,00;0,00;-0,17;0,00;0,00;244;137;179;10;21;332;158
7451;74,78;-19,57;0,00;0,00;0,00;-0,02;0,00;0,00;206;54;80;38;19;723;990
7452;55,11;-156,04;0,00;0,00;0,00;-0,16;0,00;0,00;421;78;142;15;26;226;507
7453;37,85;-248,74;0,00;0,00;0,00;-0,25;0,00;0,00;243;81;103;13;17;767;797
7454;41,52;-305,59;0,00;0,00;0,00;-0,31;0,00;0,00;300;169;81;20;29;940;290
7455;47,01;-258,84;0,00;0,00;0,00;-0,26;0,00;0,00;88;184;121;15;35;867;462
7456;61,62;0,80;0,00;0,00;0,00;0,00;0,00;0,00;165;38;78;41;39;454;816
7457;78,10;73,67;0,00;0,00;0,00;0,07;0,00;0,00;430;146;10;14;30;324;677
7458;88,76;245,66;0,00;0,00;0,00;0,25;0,00;0,00;265;82;44;38;35;132;668
7459;77,37;115,32;0,00;0,00;0,00;0,12;0,00;0,00;359;129;49;22;23;874;962
7460;16,46;-520,09;0,00;0,00;0,00;-0,52;0,00;0,00;300;90;182;43;22;346;498
7461;100,00;335,87;0,00;0,00;0,00;0,34;0,00;0,00;469;47;83;45;29;364;999
7462;68,69;10,46;0,00;0,00;0,00;0,01;0,00;0,00;270;178;28;23;16;837;539
7463;43,57;-265,63;0,00;0,00;0,00;-0,27;0,00;0,00;320;190;193;45;21;607;507
7464;57,46;-153,54;0,00;0,00;0,00;-0,15;0,00;0,00;433;101;120;15;28;616;386
7465;74,38;25,79;0,00;0,00;0,00;0,03;0,00;0,00;218;21;46;15;21;909;312
7466;44,76;-244,82;0,00;0,00;0,00;-0,24;0,00;0,00;326;127;162;48;17;884;244
7467;72,69;78,29;0,00;0,00;0,00;0,08;0,00;0,00;78;13;14;45;18;468;312
7468;79,99;84,68;0,00;0,00;0,00;0,08;0,00;0,00;298;153;62;34;25;753;963
7469;62,26;-28,82;0,00;0,00;0,00;-0,03;0,00;0,00;159;165;49;22;34;696;513
7470;28,99;-346,46;0,00;0,00;0,00;-0,35;0,00;0,00;173;53;157;19;15;794;292
7471;63,86;-128,17;0,00;0,00;0,00;-0,13;0,00;0,00;484;68;42;48;29;722;540
7472;36,41;-346,07;0,00;0,00;0,00;-0,35;0,00;0,00;398;143;136;19;27;246;280
7473;38,78;-284,78;0,00;0,00;0,00;-0,28;0,00;0,00;218;197;169;16;17;197;568
7474;11,08;-549,50;0,00;0,00;0,00;-0,55;0,00;0,00;428;99;38;10;35;736;659
7475;77,56;67,31;0,00;0,00;0,00;0,07;0,00;0,00;213;13;20;42;31;166;696
7476;96,15;195,23;0,00;0,00;0,00;0,20;0,00;0,00;29;10;89;12;39;529;446
7477;21,85;-541,58;0,00;0,00;0,00;-0,54;0,00;0,00;186;89;13;10;23;928;526
7478;28,49;-369,95;0,00;0,00;0,00;-0,37;0,00;0,00;323;90;148;26;25;315;674
7479;33,83;-409,45;0,00;0,00;0,00;-0,41;0,00;0,00;74;198;194;43;24;544;567
7480;23,29;-496,02;0,00;0,00;0,00;-0,50;0,00;0,00;95;173;77;45;28;383;897
7481;37,84;-301,22;0,00;0,00;0,00;-0,30;0,00;0,00;224;32;20;48;27;907;403
7482;50,20;-161,43;0,00;0,00;0,00;-0,16;0,00;0,00;133;163;96;36;19;418;595
7483;62,33;-57,48;0,00;0,00;0,00;-0,06;0,00;0,00;230;63;138;28;31;368;531
7484;41,00;-226,80;0,00;0,00;0,00;-0,23;0,00;0,00;268;44;12;11;19;793;252
7485;41,64;-318,81;0,00;0,00;0,00;-0,32;0,00;0,00;457;46;155;35;23;322;700
7486;59,04;-68,57;0,00;0,00;0,00;-0,07;0,00;0,00;354;128;192;25;15;734;803
7487;39,68;-339,23;0,00;0,00;0,00;-0,34;0,00;0,00;248;181;196;33;35;412;198
7488;49,10;-200,01;0,00;0,00;0,00;-0,20;0,00;0,00;108;17;59;22;30;213;188
7489;67,06;13,19;0,00;0,00;0,00;0,01;0,00;0,00;197;185;176;13;25;733;741
7490;27,95;-378,35;0,00;0,00;0,00;-0,38;0,00;0,00;172;46;85;29;28;415;405
7491;38,32;-366,69;0,00;0,00;0,00;-0,37;0,00;0,00;71;43;67;19;32;903;185
7492;60,41;-53,21;0,00;0,00;0,00;-0,05;0,00;0,00;356;57;79;48;27;978;678
7493;32,98;-352,79;0,00;0,00;0,00;-0,35;0,00;0,00;24;160;74;42;36;846;421
7494;67,89;-13,52;0,00;0,00;0,00;-0,01;0,00;0,00;432;62;140;48;34;805;218
7495;66,52;8,72;0,00;0,00;0,00;0,01;0,00;0,00;341;161;17;29;32;532;274
7496;95,50;298,37;0,00;0,00;0,00;0,30;0,00;0,00;334;47;155;20;36;146;263
7497;53,13;-158,02;0,00;0,00;0,00;-0,16;0,00;0,00;329;25;164;31;28;874;678
7498;17,90;-549,58;0,00;0,00;0,00;-0,55;0,00;0,00;391;136;28;38;15;466;184
7499;21,83;-618,21;0,00;0,00;0,00;-0,62;0,00;0,00;262;23;41;43;37;675;838
7500;51,95;-235,65;0,00;0,00;0,00;-0,24;0,00;0,00;382;168;15;28;29;781;736
7501;25,62;-456,30;0,00;0,00;0,00;-0,46;0,00;0,00;106;187;27;22;38;740;317
7502;43,26;-322,76;0,00;0,00;0,00;-0,32;0,00;0,00;313;14;40;29;31;211;449
7503;67,05;5,19;0,00;0,00;0,00;0,01;0,00;0,00;145;33;159;26;35;215;833
7504;0,00;-723,31;0,00;0,00;0,00;-0,72;0,00;0,00;138;54;81;33;18;304;567
7505;63,86;-60,91;0,00;0,00;0,00;-0,06;0,00;0,00;412;24;163;35;37;385;721
7506;65,73;-22,43;0,00;0,00;0,00;-0,02;0,00;0,00;404;81;46;27;33;335;933
7507;62,46;-106,09;0,00;0,00;0,00;-0,11;0,00;0,00;79;174;71;46;37;435;133
7508;49,37;-208,48;0,00;0,00;0,00;-0,21;0,00;0,00;357;157;125;27;21;966;778
7509;27,39;-331,81;0,00;0,00;0,00;-0,33;0,00;0,00;324;64;41;20;32;456;120
7510;44,58;-90,06;0,00;0,00;0,00;-0,09;0,00;0,00;155;125;77;28;20;758;727
7511;93,42;224,08;0,00;0,00;0,00;0,22;0,00;0,00;104;94;147;10;22;380;971
7512;76,84;143,38;0,00;0,00;0,00;0,14;0,00;0,00;82;124;87;42;33;390;595
7513;29,98;-332,08;0,00;0,00;0,00;-0,33;0,00;0,00;72;124;162;35;26;351;741
7514;57,22;-151,57;0,00;0,00;0,00;-0,15;0,00;0,00;225;30;82;27;28;487;484
7515;41,35;-366,61;0,00;0,00;0,00;-0,37;0,00;0,00;175;53;159;21;24;881;966
7516;79,73;95,87;0,00;0,00;0,00;0,10;0,00;0,00;481;122;30;30;17;678;501
7517;29,96;-406,45;0,00;0,00;0,00;-0,41;0,00;0,00;491;77;38;38;24;601;311
7518;58,78;-130,53;0,00;0,00;0,00;-0,13;0,00;0,00;261;55;62;34;37;278;320
7519;52,71;-130,02;0,00;0,00;0,00;-0,13;0,00;0,00;424;83;33;19;20;804;294
7520;18,62;-530,95;0,00;0,00;0,00;-0,53;0,00;0,00;15;192;92;34;38;210;942
7521;74,57;44,12;0,00;0,00;0,00;0,04;0,00;0,00;403;138;27;46;16;443;221
7522;25,75;-518,50;0,00;0,00;0,00;-0,52;0,00;0,00;459;123;150;26;21;137;570
7523;47,98;-201,49;0,00;0,00;0,00;-0,20;0,00;0,00;413;93;144;33;31;429;232
7524;54,30;-214,57;0,00;0,00;0,00;-0,21;0,00;0,00;173;108;79;15;25;244;176
7525;60,33;-149,14;0,00;0,00;0,00;-0,15;0,00;0,00;363;116;187;36;29;290;460
7526;63,08;-144,72;0,00;0,00;0,00;-0,14;0,00;0,00;265;150;130;32;36;470;827
7527;84,55;192,68;0,00;0,00;0,00;0,19;0,00;0,00;340;169;38;22;27;488;873
7528;33,03;-351,55;0,00;0,00;0,00;-0,35;0,00;0,00;304;99;116;25;24;308;486
7529;11,72;-540,01;0,00;0,00;0,00;-0,54;0,00;0,00;12;94;122;27;37;464;395
7530;50,19;-238,58;0,00;0,00;0,00;-0,24;0,00;0,00;30;77;79;46;39;413;230
7531;60,37;-119,71;0,00;0,00;0,00;-0,12;0,00;0,00;467;164;69;18;26;143;908
7532;16,63;-574,25;0,00;0,00;0,00;-0,57;0,00;0,00;291;106;60;39;31;986;502
7533;95,15;162,83;0,00;0,00;0,00;0,16;0,00;0,00;224;81;35;31;39;435;721
7534;57,85;-131,32;0,00;0,00;0,00;-0,13;0,00;0,00;216;57;23;32;16;815;507
7535;60,97;-52,36;0,00;0,00;0,00;-0,05;0,00;0,00;210;13;63;33;18;770;181
7536;54,97;-91,40;0,00;0,00;0,00;-0,09;0,00;0,00;278;184;122;25;29;699;875
7537;58,52;-161,66;0,00;0,00;0,00;-0,16;0,00;0,00;169;115;47;42;16;135;524
7538;28,63;-400,15;0,00;0,00;0,00;-0,40;0,00;0,00;201;120;65;30;30;729;530
7539;25,00;-489,37;0,00;0,00;0,00;-0,49;0,00;0,00;52;37;97;30;38;480;188
7540;60,75;-99,47;0,00;0,00;0,00;-0,10;0,00;0,00;113;49;128;24;27;131;922
7541;51,25;-178,43;0,00;0,00;0,00;-0,18;0,00;0,00;194;138;192;39;33;950;357
7542;67,10;-80,02;0,00;0,00;0,00;-0,08;0,00;0,00;18;94;18;13;29;903;874
7543;7,62;-554,72;0,00;0,00;0,00;-0,55;0,00;0,00;115;66;169;32;38;490;765
7544;61,27;-53,24;0,00;0,00;0,00;-0,05;0,00;0,00;436;197;37;48;19;652;894
7545;37,54;-309,72;0,00;0,00;0,00;-0,31;0,00;0,00;357;102;68;27;26;573;729
7546;83,44;172,28;0,00;0,00;0,00;0,17;0,00;0,00;351;110;88;36;31;816;562
7547;71,34;-28,86;0,00;0,00;0,00;-0,03;0,00;0,00;439;70;76;38;27;983;548
7548;58,77;-143,54;0,00;0,00;0,00;-0,14;0,00;0,00;294;115;186;49;35;360;880
7549;19,76;-513,47;0,00;0,00;0,00;-0,51;0,00;0,00;147;78;81;14;23;135;315
7550;43,59;-324,06;0,00;0,00;0,00;-0,32;0,00;0,00;419;56;141;10;35;509;292
7551;92,44;225,25;0,00;0,00;0,00;0,23;0,00;0,00;90;30;50;27;32;198;183
7552;38,30;-290,60;0,00;0,00;0,00;-0,29;0,00;0,00;300;24;160;33;29;896;786
7553;13,01;-506,39;0,00;0,00;0,00;-0,51;0,00;0,00;248;71;48;28;33;888;723
7554;55,97;-112,43;0,00;0,00;0,00;-0,11;0,00;0,00;375;11;137;12;19;967;608
7555;5,61;-673,62;0,00;0,00;0,00;-0,67;0,00;0,00;371;81;174;43;32;898;827
7556;77,45;78,40;0,00;0,00;0,00;0,08;0,00;0,00;89;186;131;42;35;306;221
7557;40,10;-304,42;0,00;0,00;0,00;-0,30;0,00;0,00;89;96;155;25;19;659;139
7558;57,52;-129,50;0,00;0,00;0,00;-0,13;0,00;0,00;297;41;145;44;22;191;559
7559;46,40;-217,58;0,00;0,00;0,00;-0,22;0,00;0,00;338;172;148;27;31;321;149
7560;58,46;-66,07;0,00;0,00;0,00;-0,07;0,00;0,00;491;29;140;42;28;722;513
7561;69,65;-16,02;0,00;0,00;0,00;-0,02;0,00;0,00;417;126;14;10;32;175;462
7562;34,19;-349,46;0,00;0,00;0,00;-0,35;0,00;0,00;250;191;178;27;37;936;189
7563;43,84;-171,09;0,00;0,00;0,00;-0,17;0,00;0,00;447;156;192;12;18;399;909
7564;70,46;89,03;0,00;0,00;0,00;0,09;0,00;0,00;402;148;158;14;30;323;628
7565;77,07;97,31;0,00;0,00;0,00;0,10;0,00;0,00;304;89;121;36;21;784;889
7566;50,78;-173,28;0,00;0,00;0,00;-0,17;0,00;0,00;230;48;80;17;23;402;262
7567;22,62;-499,34;0,00;0,00;0,00;-0,50;0,00;0,00;45;17;196;11;19;914;850
7568;41,41;-247,86;0,00;0,00;0,00;-0,25;0,00;0,00;78;183;26;23;34;163;140
7569;48,23;-196,78;0,00;0,00;0,00;-0,20;0,00;0,00;375;122;150;27;25;989;517
7570;88,85;255,30;0,00;0,00;0,00;0,26;0,00;0,00;57;89;69;44;28;553;667
7571;63,38;-74,26;0,00;0,00;0,00;-0,07;0,00;0,00;302;39;98;33;24;937;726
7572;39,00;-305,35;0,00;0,00;0,00;-0,31;0,00;0,00;31;76;11;15;23;871;919
7573;57,85;-86,04;0,00;0,00;0,00;-0,09;0,00;0,00;389;21;108;31;34;723;636
7574;27,67;-411,93;0,00;0,00;0,00;-0,41;0,00;0,00;216;107;32;35;18;840;883
7575;69,02;18,02;0,00;0,00;0,00;0,02;0,00;0,00;94;170;82;47;20;354;628
7576;68,96;-8,18;0,00;0,00;0,00;-0,01;0,00;0,00;362;35;109;29;39;806;736
7577;75,20;69,36;0,00;0,00;0,00;0,07;0,00;0,00;347;111;138;49;28;693;949
7578;19,15;-525,33;0,00;0,00;0,00;-0,53;0,00;0,00;381;27;94;37;33;679;195
7579;51,98;-184,54;0,00;0,00;0,00;-0,18;0,00;0,00;380;95;34;15;16;284;550
7580;56,60;-163,16;0,00;0,00;0,00;-0,16;0,00;0,00;382;79;36;49;24;607;293
7581;0,00;-746,80;0,00;0,00;0,00;-0,75;0,00;0,00;469;99;176;42;26;382;307
7582;54,88;-180,95;0,00;0,00;0,00;-0,18;0,00;0,00;437;87;164;24;22;941;263
7583;93,46;149,78;0,00;0,00;0,00;0,15;0,00;0,00;204;146;66;20;15;497;245
7584;38,78;-232,52;0,00;0,00;0,00;-0,23;0,00;0,00;209;64;12;45;16;350;797
7585;32,08;-409,31;0,00;0,00;0,00;-0,41;0,00;0,00;433;30;120;11;36;129;593
7586;21,22;-418,06;0,00;0,00;0,00;-0,42;0,00;0,00;379;149;27;49;33;763;754
7587;11,31;-626,15;0,00;0,00;0,00;-0,63;0,00;0,00;131;99;102;31;33;367;744
7588;0,00;-664,15;0,00;0,00;0,00;-0,66;0,00;0,00;154;54;72;10;16;417;795
7589;84,23;248,96;0,00;0,00;0,00;0,25;0,00;0,00;334;27;169;49;32;827;126
7590;30,32;-452,36;0,00;0,00;0,00;-0,45;0,00;0,00;95;162;199;39;35;496;411
7591;41,34;-273,41;0,00;0,00;0,00;-0,27;0,00;0,00;82;68;80;13;25;427;107
7592;65,06;-87,60;0,00;0,00;0,00;-0,09;0,00;0,00;258;152;44;10;21;261;417
7593;70,01;-15,72;0,00;0,00;0,00;-0,02;0,00;0,00;90;75;171;38;31;662;309
7594;80,51;113,72;0,00;0,00;0,00;0,11;0,00;0,00;325;84;27;15;15;954;710
7595;81,16;62,61;0,00;0,00;0,00;0,06;0,00;0,00;307;82;46;20;26;243;490
7596;62,79;-58,37;0,00;0,00;0,00;-0,06;0,00;0,00;191;35;100;35;39;502;704
7597;42,60;-331,85;0,00;0,00;0,00;-0,33;0,00;0,00;215;42;109;41;16;854;897
7598;44,88;-306,12;0,00;0,00;0,00;-0,31;0,00;0,00;254;14;195;29;22;127;575
7599;30,39;-371,16;0,00;0,00;0,00;-0,37;0,00;0,00;277;47;11;18;36;817;126
7600;65,47;-11,55;0,00;0,00;0,00;-0,01;0,00;0,00;79;59;36;49;29;462;959
7601;38,53;-372,99;0,00;0,00;0,00;-0,37;0,00;0,00;406;122;108;41;38;358;100
7602;29,93;-391,74;0,00;0,00;0,00;-0,39;0,00;0,00;432;98;61;15;26;533;829
7603;18,98;-535,14;0,00;0,00;0,00;-0,54;0,00;0,00;441;86;164;24;39;162;980
7604;73,94;35,58;0,00;0,00;0,00;0,04;0,00;0,00;306;62;116;33;19;424;884
7605;75,67;48,10;0,00;0,00;0,00;0,05;0,00;0,00;289;145;113;38;37;754;639
7606;53,62;-224,73;0,00;0,00;0,00;-0,22;0,00;0,00;438;34;138;25;26;822;474
7607;55,83;-38,36;0,00;0,00;0,00;-0,04;0,00;0,00;498;112;58;47;25;347;178
7608;78,30;39,92;0,00;0,00;0,00;0,04;0,00;0,00;461;175;123;36;27;205;322
7609;51,06;-218,87;0,00;0,00;0,00;-0,22;0,00;0,00;236;105;110;21;31;169;624
7610;0,00;-703,94;0,00;0,00;0,00;-0,70;0,00;0,00;448;175;76;46;16;425;813
7611;68,09;-58,89;0,00;0,00;0,00;-0,06;0,00;0,00;360;101;90;31;24;371;495
7612;47,99;-225,26;0,00;0,00;0,00;-0,23;0,00;0,00;466;154;165;45;18;196;389
7613;18,24;-579,66;0,00;0,00;0,00;-0,58;0,00;0,00;454;151;93;42;15;302;411
7614;87,13;181,30;0,00;0,00;0,00;0,18;0,00;0,00;381;127;126;12;33;108;608
7615;54,96;-121,15;0,00;0,00;0,00;-0,12;0,00;0,00;477;122;16;43;18;379;664
7616;17,90;-455,78;0,00;0,00;0,00;-0,46;0,00;0,00;287;125;64;20;33;103;258
7617;19,27;-503,52;0,00;0,00;0,00;-0,50;0,00;0,00;387;36;29;23;36;797;462
7618;19,50;-451,70;0,00;0,00;0,00;-0,45;0,00;0,00;163;156;63;17;18;302;797
7619;7,91;-623,05;0,00;0,00;0,00;-0,62;0,00;0,00;169;95;165;29;20;759;113
7620;11,09;-609,02;0,00;0,00;0,00;-0,61;0,00;0,00;497;171;14;30;25;363;497
7621;69,09;-40,89;0,00;0,00;0,00;-0,04;0,00;0,00;416;199;58;30;23;588;192
7622;46,40;-175,55;0,00;0,00;0,00;-0,18;0,00;0,00;410;35;10;19;23;665;371
7623;25,84;-375,90;0,00;0,00;0,00;-0,38;0,00;0,00;235;109;141;35;26;323;843
7624;4,29;-711,62;0,00;0,00;0,00;-0,71;0,00;0,00;91;50;117;34;32;638;870
7625;56,17;-117,44;0,00;0,00;0,00;-0,12;0,00;0,00;266;56;89;45;24;627;668
7626;42,97;-227,91;0,00;0,00;0,00;-0,23;0,00;0,00;54;139;170;43;15;383;337
7627;9,02;-607,46;0,00;0,00;0,00;-0,61;0,00;0,00;280;70;77;24;31;748;273
7628;27,82;-329,98;0,00;0,00;0,00;-0,33;0,00;0,00;42;26;61;20;26;260;376
7629;92,68;232,92;0,00;0,00;0,00;0,23;0,00;0,00;372;139;195;14;22;117;630
7630;53,99;-160,32;0,00;0,00;0,00;-0,16;0,00;0,00;412;128;57;38;15;140;713
7631;71,98;22,05;0,00;0,00;0,00;0,02;0,00;0,00;179;176;169;47;18;334;156
7632;68,77;-7,29;0,00;0,00;0,00;-0,01;0,00;0,00;73;57;58;43;18;566;698
7633;74,18;100,70;0,00;0,00;0,00;0,10;0,00;0,00;205;70;39;46;30;529;376
7634;70,12;32,75;0,00;0,00;0,00;0,03;0,00;0,00;176;42;186;47;24;147;940
7635;43,17;-298,98;0,00;0,00;0,00;-0,30;0,00;0,00;221;126;192;21;33;555;385
7636;14,92;-557,12;0,00;0,00;0,00;-0,56;0,00;0,00;252;32;27;12;29;341;389
7637;35,47;-323,87;0,00;0,00;0,00;-0,32;0,00;0,00;342;127;146;30;28;882;576
7638;46,85;-128,07;0,00;0,00;0,00;-0,13;0,00;0,00;315;166;129;15;16;394;433
7639;50,97;-98,97;0,00;0,00;0,00;-0,10;0,00;0,00;429;136;55;15;28;876;201
7640;72,85;61,06;0,00;0,00;0,00;0,06;0,00;0,00;219;165;139;33;26;514;803
7641;62,77;-106,96;0,00;0,00;0,00;-0,11;0,00;0,00;185;17;61;49;26;170;381
7642;46,02;-246,96;0,00;0,00;0,00;-0,25;0,00;0,00;451;183;49;12;19;297;490
7643;15,38;-582,08;0,00;0,00;0,00;-0,58;0,00;0,00;343;150;68;11;23;882;513
7644;24,05;-306,21;0,00;0,00;0,00;-0,31;0,00;0,00;316;91;153;10;38;130;909
7645;67,16;8,80;0,00;0,00;0,00;0,01;0,00;0,00;109;21;74;17;27;732;403
7646;39,82;-295,22;0,00;0,00;0,00;-0,30;0,00;0,00;173;162;142;26;33;657;406
7647;100,00;344,31;0,00;0,00;0,00;0,34;0,00;0,00;361;78;26;26;24;757;795
7648;89,82;248,49;0,00;0,00;0,00;0,25;0,00;0,00;257;60;37;31;18;347;157
7649;25,40;-405,90;0,00;0,00;0,00;-0,41;0,00;0,00;126;19;14;47;15;661;894
7650;54,35;-149,17;0,00;0,00;0,00;-0,15;0,00;0,00;32;95;36;24;27;409;429
7651;100,00;242,75;0,00;0,00;0,00;0,24;0,00;0,00;166;158;26;10;26;718;858
7652;46,19;-164,08;0,00;0,00;0,00;-0,16;0,00;0,00;425;72;73;36;16;423;844
7653;53,55;-187,56;0,00;0,00;0,00;-0,19;0,00;0,00;219;198;138;30;25;319;223
7654;40,03;-225,62;0,00;0,00;0,00;-0,23;0,00;0,00;205;169;158;30;19;288;472
7655;34,41;-371,91;0,00;0,00;0,00;-0,37;0,00;0,00;150;169;118;47;31;397;103
7656;49,25;-269,24;0,00;0,00;0,00;-0,27;0,00;0,00;140;102;53;30;36;696;978
7657;34,48;-379,36;0,00;0,00;0,00;-0,38;0,00;0,00;368;136;44;41;24;379;949
7658;18,23;-571,42;0,00;0,00;0,00;-0,57;0,00;0,00;293;62;89;38;21;108;426
7659;100,00;318,42;0,00;0,00;0,00;0,32;0,00;0,00;85;84;113;18;25;965;943
7660;21,53;-573,04;0,00;0,00;0,00;-0,57;0,00;0,00;245;10;123;32;37;605;358
7661;60,07;-90,72;0,00;0,00;0,00;-0,09;0,00;0,00;358;174;153;21;27;768;157
7662;58,33;-48,03;0,00;0,00;0,00;-0,05;0,00;0,00;21;136;159;42;21;574;381
7663;56,79;-209,26;0,00;0,00;0,00;-0,21;0,00;0,00;462;114;108;34;26;146;306
7664;16,10;-505,71;0,00;0,00;0,00;-0,51;0,00;0,00;59;17;11;16;26;736;840
7665;17,58;-486,06;0,00;0,00;0,00;-0,49;0,00;0,00;335;197;194;35;36;876;246
7666;24,72;-390,89;0,00;0,00;0,00;-0,39;0,00;0,00;462;19;19;19;29;878;949
7667;57,75;-188,17;0,00;0,00;0,00;-0,19;0,00;0,00;364;63;45;43;37;798;162
7668;69,27;50,49;0,00;0,00;0,00;0,05;0,00;0,00;457;194;97;42;31;368;675
7669;34,45;-383,28;0,00;0,00;0,00;-0,38;0,00;0,00;34;156;106;25;29;851;914
7670;41,15;-254,62;0,00;0,00;0,00;-0,25;0,00;0,00;167;183;31;30;21;151;119
7671;50,29;-243,55;0,00;0,00;0,00;-0,24;0,00;0,00;81;123;98;26;18;533;263
7672;73,11;107,65;0,00;0,00;0,00;0,11;0,00;0,00;234;119;176;21;18;262;922
7673;29,47;-368,41;0,00;0,00;0,00;-0,37;0,00;0,00;352;104;112;37;15;576;830
7674;32,12;-375,91;0,00;0,00;0,00;-0,38;0,00;0,00;497;108;167;26;39;467;783
7675;60,59;-62,65;0,00;0,00;0,00;-0,06;0,00;0,00;433;88;157;26;32;696;380
7676;31,60;-392,22;0,00;0,00;0,00;-0,39;0,00;0,00;115;124;171;14;34;261;105
7677;34,78;-312,02;0,00;0,00;0,00;-0,31;0,00;0,00;391;98;138;45;24;577;116
7678;79,69;170,95;0,00;0,00;0,00;0,17;0,00;0,00;470;71;91;26;27;672;935
7679;100,00;184,27;0,00;0,00;0,00;0,18;0,00;0,00;358;173;72;29;26;120;735
7680;57,18;-136,21;0,00;0,00;0,00;-0,14;0,00;0,00;287;137;119;24;16;791;835
7681;54,55;-111,08;0,00;0,00;0,00;-0,11;0,00;0,00;243;177;148;21;18;217;260
7682;33,01;-298,58;0,00;0,00;0,00;-0,30;0,00;0,00;224;94;144;33;21;651;254
7683;68,40;-45,10;0,00;0,00;0,00;-0,05;0,00;0,00;256;77;97;29;29;318;899
7684;54,61;-145,16;0,00;0,00;0,00;-0,15;0,00;0,00;156;125;165;16;35;505;681
7685;0,00;-792,52;0,00;0,00;0,00;-0,79;0,00;0,00;420;190;51;37;19;878;633
7686;64,36;-171,48;0,00;0,00;0,00;-0,17;0,00;0,00;392;150;165;48;18;886;528
7687;35,27;-361,07;0,00;0,00;0,00;-0,36;0,00;0,00;445;69;49;22;32;264;931
7688;61,01;-153,83;0,00;0,00;0,00;-0,15;0,00;0,00;264;40;140;35;16;372;472
7689;0,03;-774,66;0,00;0,00;0,00;-0,77;0,00;0,00;248;154;11;24;32;119;111
7690;52,75;-120,66;0,00;0,00;0,00;-0,12;0,00;0,00;170;76;186;46;23;205;482
7691;21,45;-488,08;0,00;0,00;0,00;-0,49;0,00;0,00;45;173;179;31;34;304;161
7692;71,84;38,39;0,00;0,00;0,00;0,04;0,00;0,00;208;61;60;40;30;942;836
7693;53,18;-189,02;0,00;0,00;0,00;-0,19;0,00;0,00;211;176;16;24;28;857;431
7694;12,50;-598,58;0,00;0,00;0,00;-0,60;0,00;0,00;382;107;43;36;30;128;245
7695;61,02;-83,49;0,00;0,00;0,00;-0,08;0,00;0,00;479;99;22;10;28;816;872
7696;44,58;-267,85;0,00;0,00;0,00;-0,27;0,00;0,00;442;189;109;27;22;706;891
7697;48,01;-278,73;0,00;0,00;0,00;-0,28;0,00;0,00;201;136;36;43;17;841;168
7698;81,97;138,64;0,00;0,00;0,00;0,14;0,00;0,00;220;29;141;31;25;417;893
7699;66,21;-92,73;0,00;0,00;0,00;-0,09;0,00;0,00;364;62;104;29;34;928;503
7700;52,10;-202,46;0,00;0,00;0,00;-0,20;0,00;0,00;270;197;184;17;26;568;388
7701;52,54;-248,64;0,00;0,00;0,00;-0,25;0,00;0,00;211;94;42;34;37;749;141
7702;29,41;-375,22;0,00;0,00;0,00;-0,38;0,00;0,00;157;145;61;16;33;332;719
7703;68,48;84,84;0,00;0,00;0,00;0,08;0,00;0,00;265;130;67;14;22;992;283
7704;49,83;-232,65;0,00;0,00;0,00;-0,23;0,00;0,00;316;37;44;27;19;535;657
7705;36,82;-245,84;0,00;0,00;0,00;-0,25;0,00;0,00;422;32;167;30;17;771;283
7706;45,06;-219,33;0,00;0,00;0,00;-0,22;0,00;0,00;254;177;193;10;39;861;526
7707;4,27;-760,98;0,00;0,00;0,00;-0,76;0,00;0,00;189;162;190;40;32;538;383
7708;29,66;-421,25;0,00;0,00;0,00;-0,42;0,00;0,00;468;42;17;36;19;660;409
7709;0,00;-639,38;0,00;0,00;0,00;-0,64;0,00;0,00;66;33;19;15;26;876;565
7710;9,75;-590,87;0,00;0,00;0,00;-0,59;0,00;0,00;35;182;192;23;30;731;697
7711;45,12;-253,83;0,00;0,00;0,00;-0,25;0,00;0,00;127;143;173;28;32;132;791
7712;90,54;138,54;0,00;0,00;0,00;0,14;0,00;0,00;32;10;101;42;16;241;447
7713;50,87;-225,79;0,00;0,00;0,00;-0,23;0,00;0,00;209;162;92;23;24;332;769
7714;26,36;-499,78;0,00;0,00;0,00;-0,50;0,00;0,00;393;11;87;22;16;315;777
7715;52,34;-119,23;0,00;0,00;0,00;-0,12;0,00;0,00;343;98;86;43;31;138;402
7716;65,22;-42,51;0,00;0,00;0,00;-0,04;0,00;0,00;208;58;191;14;29;728;325
7717;81,68;115,15;0,00;0,00;0,00;0,12;0,00;0,00;188;18;142;33;18;712;895
7718;49,49;-230,31;0,00;0,00;0,00;-0,23;0,00;0,00;384;190;26;26;18;193;770
7719;52,13;-170,04;0,00;0,00;0,00;-0,17;0,00;0,00;313;78;21;12;25;505;218
7720;65,80;-99,46;0,00;0,00;0,00;-0,10;0,00;0,00;213;67;175;34;30;638;827
7721;94,04;162,10;0,00;0,00;0,00;0,16;0,00;0,00;127;69;149;36;28;290;949
7722;67,82;-0,57;0,00;0,00;0,00;-0,00;0,00;0,00;20;191;190;46;39;851;838
7723;82,71;134,20;0,00;0,00;0,00;0,13;0,00;0,00;492;164;130;40;30;773;788
7724;60,46;-179,16;0,00;0,00;0,00;-0,18;0,00;0,00;437;61;87;18;27;137;438
7725;42,76;-261,00;0,00;0,00;0,00;-0,26;0,00;0,00;405;182;185;16;39;162;727
7726;63,08;-112,73;0,00;0,00;0,00;-0,11;0,00;0,00;407;168;162;11;32;945;641
7727;72,37;-27,74;0,00;0,00;0,00;-0,03;0,00;0,00;256;48;132;41;17;548;407
7728;49,31;-257,58;0,00;0,00;0,00;-0,26;0,00;0,00;371;80;106;44;16;291;721
7729;75,55;27,90;0,00;0,00;0,00;0,03;0,00;0,00;304;58;134;27;38;633;388
7730;82,88;132,53;0,00;0,00;0,00;0,13;0,00;0,00;243;144;179;17;34;425;431
7731;43,01;-301,01;0,00;0,00;0,00;-0,30;0,00;0,00;477;55;35;42;39;901;752
7732;51,53;-200,62;0,00;0,00;0,00;-0,20;0,00;0,00;161;70;151;11;27;728;137
7733;12,72;-597,91;0,00;0,00;0,00;-0,60;0,00;0,00;407;115;48;40;36;760;636
7734;41,03;-351,21;0,00;0,00;0,00;-0,35;0,00;0,00;216;117;43;15;19;271;901
7735;54,21;-116,99;0,00;0,00;0,00;-0,12;0,00;0,00;459;55;19;31;29;990;369
7736;0,00;-667,08;0,00;0,00;0,00;-0,67;0,00;0,00;66;156;10;48;32;554;660
7737;56,75;-92,65;0,00;0,00;0,00;-0,09;0,00;0,00;265;19;139;47;29;433;121
7738;68,92;25,88;0,00;0,00;0,00;0,03;0,00;0,00;117;168;28;28;24;503;265
7739;50,98;-117,84;0,00;0,00;0,00;-0,12;0,00;0,00;366;46;186;35;28;689;622
7740;37,56;-293,51;0,00;0,00;0,00;-0,29;0,00;0,00;201;185;98;43;30;205;552
7741;79,54;150,16;0,00;0,00;0,00;0,15;0,00;0,00;218;165;173;45;19;850;521
7742;64,55;-68,54;0,00;0,00;0,00;-0,07;0,00;0,00;36;78;175;19;18;341;457
7743;45,01;-247,99;0,00;0,00;0,00;-0,25;0,00;0,00;218;52;186;12;27;268;164
7744;69,63;-32,02;0,00;0,00;0,00;-0,03;0,00;0,00;296;126;124;27;24;615;325
7745;59,93;-55,56;0,00;0,00;0,00;-0,06;0,00;0,00;147;19;11;21;26;364;594
7746;62,11;-145,28;0,00;0,00;0,00;-0,15;0,00;0,00;351;162;84;49;22;389;964
7747;56,76;-97,96;0,00;0,00;0,00;-0,10;0,00;0,00;336;64;104;19;32;386;815
7748;52,68;-105,94;0,00;0,00;0,00;-0,11;0,00;0,00;183;189;194;43;22;288;826
7749;63,71;-5,87;0,00;0,00;0,00;-0,01;0,00;0,00;69;41;131;49;17;759;820
7750;16,63;-539,56;0,00;0,00;0,00;-0,54;0,00;0,00;59;126;193;13;28;856;658
7751;49,82;-254,67;0,00;0,00;0,00;-0,25;0,00;0,00;363;129;91;37;22;344;122
7752;23,58;-464,51;0,00;0,00;0,00;-0,46;0,00;0,00;414;67;34;47;36;339;367
7753;70,92;12,43;0,00;0,00;0,00;0,01;0,00;0,00;90;50;51;29;17;840;644
7754;45,01;-196,04;0,00;0,00;0,00;-0,20;0,00;0,00;67;79;86;47;34;191;280
7755;58,49;-101,82;0,00;0,00;0,00;-0,10;0,00;0,00;326;89;13;44;38;376;411
7756;22,78;-514,99;0,00;0,00;0,00;-0,51;0,00;0,00;298;158;86;32;36;707;114
7757;26,30;-463,72;0,00;0,00;0,00;-0,46;0,00;0,00;388;56;40;32;38;760;850
7758;61,37;-50,19;0,00;0,00;0,00;-0,05;0,00;0,00;70;119;54;43;19;657;348
7759;26,83;-467,73;0,00;0,00;0,00;-0,47;0,00;0,00;130;62;173;41;17;415;194
7760;22,21;-393,01;0,00;0,00;0,00;-0,39;0,00;0,00;315;57;50;37;19;624;366
7761;82,28;26,31;0,00;0,00;0,00;0,03;0,00;0,00;195;17;101;10;37;709;377
7762;56,32;-170,63;0,00;0,00;0,00;-0,17;0,00;0,00;249;108;35;15;37;102;762
7763;38,05;-428,75;0,00;0,00;0,00;-0,43;0,00;0,00;426;124;100;21;17;698;545
7764;37,46;-391,34;0,00;0,00;0,00;-0,39;0,00;0,00;42;30;112;10;27;591;972
7765;41,60;-330,82;0,00;0,00;0,00;-0,33;0,00;0,00;444;125;178;23;31;237;990
7766;19,48;-528,39;0,00;0,00;0,00;-0,53;0,00;0,00;176;86;162;11;35;187;507
7767;66,33;31,29;0,00;0,00;0,00;0,03;0,00;0,00;324;104;112;46;34;513;736
7768;68,03;-25,71;0,00;0,00;0,00;-0,03;0,00;0,00;245;166;152;37;17;970;119
7769;77,68;51,22;0,00;0,00;0,00;0,05;0,00;0,00;113;115;92;28;16;711;757
7770;37,78;-352,48;0,00;0,00;0,00;-0,35;0,00;0,00;79;106;47;32;38;623;457
7771;34,78;-298,91;0,00;0,00;0,00;-0,30;0,00;0,00;338;109;92;37;17;957;352
7772;67,15;-31,72;0,00;0,00;0,00;-0,03;0,00;0,00;203;143;170;15;16;221;450
7773;100,00;243,67;0,00;0,00;0,00;0,24;0,00;0,00;321;40;70;24;38;595;491
7774;73,63;9,63;0,00;0,00;0,00;0,01;0,00;0,00;141;74;143;34;18;136;265
7775;8,45;-678,75;0,00;0,00;0,00;-0,68;0,00;0,00;380;43;190;15;31;712;854
7776;0,00;-684,11;0,00;0,00;0,00;-0,68;0,00;0,00;34;70;114;17;36;301;527
7777;22,14;-508,20;0,00;0,00;0,00;-0,51;0,00;0,00;116;58;28;35;32;317;939
7778;41,99;-362,39;0,00;0,00;0,00;-0,36;0,00;0,00;493;195;161;20;39;233;125
7779;60,35;-129,17;0,00;0,00;0,00;-0,13;0,00;0,00;105;31;73;40;22;241;388
7780;59,02;-93,74;0,00;0,00;0,00;-0,09;0,00;0,00;420;57;179;37;17;964;542
7781;53,81;-169,76;0,00;0,00;0,00;-0,17;0,00;0,00;332;67;67;43;30;465;795
7782;51,72;-162,71;0,00;0,00;0,00;-0,16;0,00;0,00;188;132;17;39;26;995;573
7783;54,04;-239,19;0,00;0,00;0,00;-0,24;0,00;0,00;60;147;111;45;38;878;488
7784;42,72;-212,28;0,00;0,00;0,00;-0,21;0,00;0,00;324;199;185;11;30;875;947
7785;84,92;125,54;0,00;0,00;0,00;0,13;0,00;0,00;349;135;181;37;22;248;269
7786;93,33;242,17;0,00;0,00;0,00;0,24;0,00;0,00;203;27;168;10;27;246;174
7787;60,03;-124,56;0,00;0,00;0,00;-0,12;0,00;0,00;57;50;23;30;18;510;724
7788;91,14;214,14;0,00;0,00;0,00;0,21;0,00;0,00;269;146;48;37;19;600;491
7789;42,46;-306,63;0,00;0,00;0,00;-0,31;0,00;0,00;343;106;187;16;35;317;774
7790;57,11;-125,10;0,00;0,00;0,00;-0,13;0,00;0,00;101;53;66;47;34;247;317
7791;72,49;7,30;0,00;0,00;0,00;0,01;0,00;0,00;136;50;46;19;37;206;712
7792;77,71;147,08;0,00;0,00;0,00;0,15;0,00;0,00;272;168;182;27;16;259;995
7793;63,85;-134,48;0,00;0,00;0,00;-0,13;0,00;0,00;286;195;27;11;29;603;928
7794;19,82;-480,31;0,00;0,00;0,00;-0,48;0,00;0,00;307;137;156;49;20;810;963
7795;65,05;-74,10;0,00;0,00;0,00;-0,07;0,00;0,00;284;153;80;26;34;233;406
7796;52,58;-168,53;0,00;0,00;0,00;-0,17;0,00;0,00;488;140;153;24;20;741;938
7797;40,00;-246,00;0,00;0,00;0,00;-0,25;0,00;0,00;390;80;107;28;31;611;203
7798;89,27;100,43;0,00;0,00;0,00;0,10;0,00;0,00;167;179;91;42;19;235;302
7799;51,94;-206,81;0,00;0,00;0,00;-0,21;0,00;0,00;385;36;25;43;27;884;102
7800;67,20;-78,60;0,00;0,00;0,00;-0,08;0,00;0,00;298;187;24;22;37;421;778
7801;69,56;-9,46;0,00;0,00;0,00;-0,01;0,00;0,00;57;142;174;35;22;302;783
7802;61,66;-91,80;0,00;0,00;0,00;-0,09;0,00;0,00;201;131;66;39;39;971;782
7803;75,55;22,15;0,00;0,00;0,00;0,02;0,00;0,00;185;65;111;25;21;641;293
7804;75,78;146,50;0,00;0,00;0,00;0,15;0,00;0,00;495;22;99;30;19;256;754
7805;30,64;-392,28;0,00;0,00;0,00;-0,39;0,00;0,00;418;87;23;43;39;384;548
7806;49,20;-145,11;0,00;0,00;0,00;-0,15;0,00;0,00;451;68;193;15;23;821;285
7807;14,40;-577,41;0,00;0,00;0,00;-0,58;0,00;0,00;12;81;165;23;27;838;466
7808;72,86;5,45;0,00;0,00;0,00;0,01;0,00;0,00;59;133;32;29;18;238;463
7809;68,61;-54,03;0,00;0,00;0,00;-0,05;0,00;0,00;201;12;51;36;20;427;295
7810;56,81;-135,37;0,00;0,00;0,00;-0,14;0,00;0,00;492;126;165;34;18;290;321
7811;23,35;-434,23;0,00;0,00;0,00;-0,43;0,00;0,00;155;117;198;43;30;236;985
7812;52,87;-244,13;0,00;0,00;0,00;-0,24;0,00;0,00;97;150;131;21;21;242;396
7813;63,16;-24,26;0,00;0,00;0,00;-0,02;0,00;0,00;403;94;48;41;30;255;216
7814;39,70;-357,71;0,00;0,00;0,00;-0,36;0,00;0,00;348;112;81;32;22;665;278
7815;53,03;-133,94;0,00;0,00;0,00;-0,13;0,00;0,00;411;187;120;13;20;377;940
7816;61,09;-132,64;0,00;0,00;0,00;-0,13;0,00;0,00;113;191;117;25;19;849;503
7817;28,60;-446,09;0,00;0,00;0,00;-0,45;0,00;0,00;315;99;115;14;25;183;317
7818;35,09;-298,74;0,00;0,00;0,00;-0,30;0,00;0,00;243;150;120;12;27;632;311
7819;81,96;184,72;0,00;0,00;0,00;0,18;0,00;0,00;336;101;77;18;20;813;815
7820;55,05;-177,21;0,00;0,00;0,00;-0,18;0,00;0,00;359;21;39;41;18;963;116
7821;61,84;-10,21;0,00;0,00;0,00;-0,01;0,00;0,00;100;127;15;34;28;716;493
7822;73,46;114,30;0,00;0,00;0,00;0,11;0,00;0,00;399;178;96;30;29;806;906
7823;38,96;-207,55;0,00;0,00;0,00;-0,21;0,00;0,00;363;131;66;36;35;814;992
7824;15,23;-511,13;0,00;0,00;0,00;-0,51;0,00;0,00;89;10;176;23;25;503;778
7825;62,90;-15,16;0,00;0,00;0,00;-0,02;0,00;0,00;385;47;152;45;39;334;147
7826;60,64;-88,18;0,00;0,00;0,00;-0,09;0,00;0,00;342;181;139;24;36;150;362
7827;67,74;4,24;0,00;0,00;0,00;0,00;0,00;0,00;483;132;127;17;31;676;432
7828;25,29;-329,27;0,00;0,00;0,00;-0,33;0,00;0,00;54;51;44;33;38;982;937
7829;46,41;-166,67;0,00;0,00;0,00;-0,17;0,00;0,00;312;38;43;41;34;833;445
7830;55,88;-203,62;0,00;0,00;0,00;-0,20;0,00;0,00;284;126;92;44;30;775;395
7831;46,83;-237,80;0,00;0,00;0,00;-0,24;0,00;0,00;358;31;194;34;38;820;838
7832;43,04;-300,87;0,00;0,00;0,00;-0,30;0,00;0,00;311;105;131;40;33;882;300
7833;55,44;-156,44;0,00;0,00;0,00;-0,16;0,00;0,00;295;79;114;39;28;935;794
7834;41,51;-266,87;0,00;0,00;0,00;-0,27;0,00;0,00;147;52;75;42;25;958;555
7835;52,61;-149,39;0,00;0,00;0,00;-0,15;0,00;0,00;84;184;144;43;22;687;479
7836;68,47;-1,10;0,00;0,00;0,00;-0,00;0,00;0,00;136;176;75;26;39;211;974
7837;0,00;-714,96;0,00;0,00;0,00;-0,71;0,00;0,00;142;138;156;44;39;713;186
7838;17,92;-486,73;0,00;0,00;0,00;-0,49;0,00;0,00;291;152;141;12;34;576;592
7839;15,81;-583,79;0,00;0,00;0,00;-0,58;0,00;0,00;175;163;97;34;36;205;501
7840;28,11;-393,93;0,00;0,00;0,00;-0,39;0,00;0,00;142;168;104;31;21;235;480
7841;51,15;-166,12;0,00;0,00;0,00;-0,17;0,00;0,00;173;21;17;12;19;219;105
7842;13,09;-621,19;0,00;0,00;0,00;-0,62;0,00;0,00;434;114;70;29;32;156;307
7843;36,96;-386,23;0,00;0,00;0,00;-0,39;0,00;0,00;452;88;112;21;23;864;948
7844;63,39;-54,33;0,00;0,00;0,00;-0,05;0,00;0,00;321;64;51;12;25;439;557
7845;54,66;-199,94;0,00;0,00;0,00;-0,20;0,00;0,00;250;85;120;34;23;554;594
7846;44,26;-328,19;0,00;0,00;0,00;-0,33;0,00;0,00;364;126;60;24;39;946;137
7847;7,36;-638,67;0,00;0,00;0,00;-0,64;0,00;0,00;447;23;40;23;36;282;601
7848;26,02;-379,26;0,00;0,00;0,00;-0,38;0,00;0,00;87;196;31;19;26;607;328
7849;52,40;-285,70;0,00;0,00;0,00;-0,29;0,00;0,00;385;183;132;21;32;777;790
7850;63,87;-40,06;0,00;0,00;0,00;-0,04;0,00;0,00;165;22;93;12;25;527;791
7851;57,06;-41,64;0,00;0,00;0,00;-0,04;0,00;0,00;44;171;79;45;19;105;531
7852;42,92;-282,47;0,00;0,00;0,00;-0,28;0,00;0,00;357;24;132;41;27;708;287
7853;42,21;-299,50;0,00;0,00;0,00;-0,30;0,00;0,00;91;169;167;12;28;802;725
7854;24,18;-444,24;0,00;0,00;0,00;-0,44;0,00;0,00;126;151;101;29;35;922;264
7855;81,85;84,30;0,00;0,00;0,00;0,08;0,00;0,00;63;18;154;49;34;142;296
7856;13,38;-548,33;0,00;0,00;0,00;-0,55;0,00;0,00;323;24;105;44;15;855;615
7857;5,64;-600,14;0,00;0,00;0,00;-0,60;0,00;0,00;457;101;180;13;29;646;932
7858;86,53;82,10;0,00;0,00;0,00;0,08;0,00;0,00;198;161;133;19;20;403;208
7859;34,41;-377,32;0,00;0,00;0,00;-0,38;0,00;0,00;224;159;187;43;31;748;711
7860;21,76;-492,81;0,00;0,00;0,00;-0,49;0,00;0,00;411;76;94;19;30;213;821
7861;50,24;-231,60;0,00;0,00;0,00;-0,23;0,00;0,00;108;108;180;30;23;931;624
7862;36,10;-371,06;0,00;0,00;0,00;-0,37;0,00;0,00;377;103;65;40;19;566;459
7863;91,74;158,44;0,00;0,00;0,00;0,16;0,00;0,00;129;93;122;47;30;112;635
7864;43,16;-301,25;0,00;0,00;0,00;-0,30;0,00;0,00;31;178;34;36;31;402;426
7865;83,61;180,29;0,00;0,00;0,00;0,18;0,00;0,00;215;58;19;36;21;382;781
7866;32,19;-314,30;0,00;0,00;0,00;-0,31;0,00;0,00;35;55;27;30;24;516;519
7867;57,05;-134,38;0,00;0,00;0,00;-0,13;0,00;0,00;309;111;99;15;25;891;456
7868;46,57;-295,70;0,00;0,00;0,00;-0,30;0,00;0,00;481;107;148;20;16;661;117
7869;85,64;171,10;0,00;0,00;0,00;0,17;0,00;0,00;29;90;30;12;25;854;303
7870;49,27;-163,60;0,00;0,00;0,00;-0,16;0,00;0,00;438;37;29;47;28;127;311
7871;87,74;173,93;0,00;0,00;0,00;0,17;0,00;0,00;185;153;16;27;34;189;627
7872;42,60;-220,35;0,00;0,00;0,00;-0,22;0,00;0,00;195;183;123;36;36;660;662
7873;32,57;-414,29;0,00;0,00;0,00;-0,41;0,00;0,00;176;164;159;17;23;457;757
7874;97,24;305,57;0,00;0,00;0,00;0,31;0,00;0,00;129;25;56;39;36;747;931
7875;62,73;-16,53;0,00;0,00;0,00;-0,02;0,00;0,00;183;43;139;19;34;622;418
7876;42,83;-281,32;0,00;0,00;0,00;-0,28;0,00;0,00;254;62;34;30;34;580;933
7877;71,72;64,23;0,00;0,00;0,00;0,06;0,00;0,00;213;40;175;13;25;511;163
7878;22,46;-525,10;0,00;0,00;0,00;-0,53;0,00;0,00;483;176;157;24;36;801;757
7879;69,12;44,43;0,00;0,00;0,00;0,04;0,00;0,00;227;188;198;12;36;340;913
7880;38,77;-331,75;0,00;0,00;0,00;-0,33;0,00;0,00;342;116;97;31;21;286;466
7881;55,31;-199,42;0,00;0,00;0,00;-0,20;0,00;0,00;220;102;79;39;36;649;394
7882;23,66;-472,20;0,00;0,00;0,00;-0,47;0,00;0,00;49;71;196;32;28;383;945
7883;70,05;2,86;0,00;0,00;0,00;0,00;0,00;0,00;314;132;44;38;32;689;841
7884;63,39;-116,37;0,00;0,00;0,00;-0,12;0,00;0,00;375;101;114;20;24;784;883
7885;45,92;-236,83;0,00;0,00;0,00;-0,24;0,00;0,00;259;129;59;32;34;376;587
7886;63,06;-2,23;0,00;0,00;0,00;-0,00;0,00;0,00;260;126;105;18;31;375;570
7887;81,65;132,24;0,00;0,00;0,00;0,13;0,00;0,00;281;88;143;17;28;365;574
7888;90,47;255,13;0,00;0,00;0,00;0,26;0,00;0,00;410;87;151;17;33;891;900
7889;0,00;-693,31;0,00;0,00;0,00;-0,69;0,00;0,00;450;35;193;42;33;498;538
7890;0,00;-691,16;0,00;0,00;0,00;-0,69;0,00;0,00;288;49;73;10;24;156;349
7891;16,66;-396,02;0,00;0,00;0,00;-0,40;0,00;0,00;215;164;119;11;34;400;993
7892;86,75;164,47;0,00;0,00;0,00;0,16;0,00;0,00;445;110;151;13;31;628;319
7893;59,33;-67,55;0,00;0,00;0,00;-0,07;0,00;0,00;77;32;62;48;20;526;306
7894;15,40;-553,97;0,00;0,00;0,00;-0,55;0,00;0,00;57;105;97;35;20;135;626
7895;60,91;-96,82;0,00;0,00;0,00;-0,10;0,00;0,00;293;136;157;49;23;185;937
7896;96,00;238,62;0,00;0,00;0,00;0,24;0,00;0,00;331;153;137;22;16;180;305
7897;18,95;-444,88;0,00;0,00;0,00;-0,44;0,00;0,00;24;17;159;39;15;218;575
7898;33,54;-425,57;0,00;0,00;0,00;-0,43;0,00;0,00;78;42;177;24;33;521;359
7899;33,84;-331,77;0,00;0,00;0,00;-0,33;0,00;0,00;250;170;60;30;16;594;776
7900;45,10;-168,01;0,00;0,00;0,00;-0,17;0,00;0,00;278;72;96;27;34;900;566
7901;23,51;-433,33;0,00;0,00;0,00;-0,43;0,00;0,00;48;94;190;29;17;776;248
7902;90,31;216,61;0,00;0,00;0,00;0,22;0,00;0,00;81;143;73;24;30;844;449
7903;70,61;-2,29;0,00;0,00;0,00;-0,00;0,00;0,00;27;88;77;24;16;770;946
7904;66,62;43,02;0,00;0,00;0,00;0,04;0,00;0,00;320;154;134;41;30;575;297
7905;32,41;-416,42;0,00;0,00;0,00;-0,42;0,00;0,00;373;131;154;47;35;331;862
7906;87,38;103,63;0,00;0,00;0,00;0,10;0,00;0,00;107;74;131;48;30;821;222
7907;62,13;-40,79;0,00;0,00;0,00;-0,04;0,00;0,00;272;149;23;30;32;226;985
7908;38,43;-337,09;0,00;0,00;0,00;-0,34;0,00;0,00;272;94;138;22;18;940;371
7909;86,73;154,02;0,00;0,00;0,00;0,15;0,00;0,00;230;169;67;31;30;237;803
7910;24,80;-438,08;0,00;0,00;0,00;-0,44;0,00;0,00;415;135;80;49;34;649;460
7911;20,57;-531,74;0,00;0,00;0,00;-0,53;0,00;0,00;488;127;169;34;39;611;157
7912;100,00;392,88;0,00;0,00;0,00;0,39;0,00;0,00;199;156;30;47;31;673;445
7913;29,56;-328,86;0,00;0,00;0,00;-0,33;0,00;0,00;81;141;109;17;32;913;796
7914;82,32;74,32;0,00;0,00;0,00;0,07;0,00;0,00;45;77;162;43;29;937;238
7915;45,28;-219,87;0,00;0,00;0,00;-0,22;0,00;0,00;294;108;84;43;18;247;908
7916;74,97;39,57;0,00;0,00;0,00;0,04;0,00;0,00;53;124;11;23;35;153;365
7917;47,59;-182,15;0,00;0,00;0,00;-0,18;0,00;0,00;446;170;28;27;20;983;166
7918;59,02;-133,66;0,00;0,00;0,00;-0,13;0,00;0,00;109;134;109;37;35;180;876
7919;39,78;-287,06;0,00;0,00;0,00;-0,29;0,00;0,00;345;187;132;48;22;581;800
7920;22,24;-445,65;0,00;0,00;0,00;-0,45;0,00;0,00;415;128;110;45;35;662;940
7921;35,84;-312,83;0,00;0,00;0,00;-0,31;0,00;0,00;420;25;32;20;19;518;809
7922;45,46;-161,80;0,00;0,00;0,00;-0,16;0,00;0,00;163;47;63;22;20;756;124
7923;62,35;-93,08;0,00;0,00;0,00;-0,09;0,00;0,00;280;174;86;32;36;110;405
7924;73,11;119,43;0,00;0,00;0,00;0,12;0,00;0,00;73;171;190;37;17;192;924
7925;49,85;-369,28;0,00;0,00;0,00;-0,37;0,00;0,00;396;84;97;45;25;807;280
7926;0,00;-745,57;0,00;0,00;0,00;-0,75;0,00;0,00;451;167;85;29;32;156;611
7927;72,88;-40,15;0,00;0,00;0,00;-0,04;0,00;0,00;436;156;169;36;19;474;442
7928;42,39;-312,16;0,00;0,00;0,00;-0,31;0,00;0,00;314;94;75;21;15;181;285
7929;53,20;-226,00;0,00;0,00;0,00;-0,23;0,00;0,00;138;99;84;24;39;598;674
7930;6,83;-564,66;0,00;0,00;0,00;-0,56;0,00;0,00;274;88;191;12;23;224;562
7931;74,99;63,55;0,00;0,00;0,00;0,06;0,00;0,00;357;171;33;36;17;108;770
7932;60,18;-160,14;0,00;0,00;0,00;-0,16;0,00;0,00;211;177;104;16;30;253;972
7933;30,60;-351,35;0,00;0,00;0,00;-0,35;0,00;0,00;109;47;102;31;20;954;287
7934;100,00;323,70;0,00;0,00;0,00;0,32;0,00;0,00;252;66;35;38;33;551;823
7935;62,68;-118,07;0,00;0,00;0,00;-0,12;0,00;0,00;369;48;91;26;32;688;726
7936;0,00;-712,78;0,00;0,00;0,00;-0,71;0,00;0,00;434;29;94;12;36;745;953
7937;11,11;-618,90;0,00;0,00;0,00;-0,62;0,00;0,00;447;64;120;15;34;216;678
7938;77,10;47,22;0,00;0,00;0,00;0,05;0,00;0,00;185;176;180;27;38;433;250
7939;58,03;-53,34;0,00;0,00;0,00;-0,05;0,00;0,00;174;143;192;14;15;599;448
7940;65,00;-38,64;0,00;0,00;0,00;-0,04;0,00;0,00;454;163;86;18;17;377;572
7941;64,03;-43,43;0,00;0,00;0,00;-0,04;0,00;0,00;47;30;85;34;28;445;860
7942;26,17;-449,01;0,00;0,00;0,00;-0,45;0,00;0,00;402;85;188;37;28;526;555
7943;65,98;-55,91;0,00;0,00;0,00;-0,06;0,00;0,00;267;145;46;25;20;901;760
7944;69,07;-46,99;0,00;0,00;0,00;-0,05;0,00;0,00;71;45;95;31;18;418;296
7945;74,79;111,14;0,00;0,00;0,00;0,11;0,00;0,00;273;66;149;49;37;561;893
7946;91,40;261,75;0,00;0,00;0,00;0,26;0,00;0,00;414;25;81;37;27;396;490
7947;0,00;-727,62;0,00;0,00;0,00;-0,73;0,00;0,00;275;109;186;34;26;474;622
7948;47,05;-185,25;0,00;0,00;0,00;-0,19;0,00;0,00;372;196;144;21;33;772;555
7949;14,56;-611,38;0,00;0,00;0,00;-0,61;0,00;0,00;461;116;188;35;18;140;390
7950;35,66;-294,93;0,00;0,00;0,00;-0,29;0,00;0,00;397;26;27;24;26;628;567
7951;79,93;25,49;0,00;0,00;0,00;0,03;0,00;0,00;29;184;63;21;23;752;222
7952;15,19;-507,04;0,00;0,00;0,00;-0,51;0,00;0,00;175;147;59;35;17;656;151
7953;38,95;-285,90;0,00;0,00;0,00;-0,29;0,00;0,00;148;136;159;32;23;498;770
7954;76,27;15,98;0,00;0,00;0,00;0,02;0,00;0,00;244;46;154;48;25;899;401
7955;52,14;-188,54;0,00;0,00;0,00;-0,19;0,00;0,00;482;61;137;44;24;862;761
7956;0,00;-557,93;0,00;0,00;0,00;-0,56;0,00;0,00;142;148;191;45;19;468;202
7957;37,82;-294,34;0,00;0,00;0,00;-0,29;0,00;0,00;463;112;28;24;28;520;772
7958;88,72;107,48;0,00;0,00;0,00;0,11;0,00;0,00;128;116;77;19;21;947;570
7959;21,57;-555,80;0,00;0,00;0,00;-0,56;0,00;0,00;373;42;178;43;31;493;267
7960;61,29;-133,64;0,00;0,00;0,00;-0,13;0,00;0,00;382;76;148;17;25;146;118
7961;57,21;-82,50;0,00;0,00;0,00;-0,08;0,00;0,00;229;53;154;37;27;343;177
7962;86,02;208,43;0,00;0,00;0,00;0,21;0,00;0,00;22;150;165;31;37;581;648
7963;47,36;-284,87;0,00;0,00;0,00;-0,28;0,00;0,00;160;19;13;23;24;151;251
7964;52,11;-225,44;0,00;0,00;0,00;-0,23;0,00;0,00;107;31;36;24;33;740;677
7965;6,10;-772,27;0,00;0,00;0,00;-0,77;0,00;0,00;353;143;179;40;24;639;496
7966;76,16;119,33;0,00;0,00;0,00;0,12;0,00;0,00;463;74;198;17;32;266;369
7967;20,18;-444,14;0,00;0,00;0,00;-0,44;0,00;0,00;41;41;123;12;31;966;690
7968;45,16;-314,00;0,00;0,00;0,00;-0,31;0,00;0,00;200;191;193;15;22;813;488
7969;50,00;-132,73;0,00;0,00;0,00;-0,13;0,00;0,00;493;43;31;47;39;682;475
7970;0,00;-714,23;0,00;0,00;0,00;-0,71;0,00;0,00;392;193;161;10;31;885;139
7971;52,45;-146,91;0,00;0,00;0,00;-0,15;0,00;0,00;68;97;164;36;22;789;450
7972;30,45;-341,21;0,00;0,00;0,00;-0,34;0,00;0,00;119;108;184;40;30;131;370
7973;16,87;-424,57;0,00;0,00;0,00;-0,42;0,00;0,00;461;98;68;26;31;448;168
7974;46,32;-258,96;0,00;0,00;0,00;-0,26;0,00;0,00;324;155;80;34;30;908;392
7975;59,06;-142,77;0,00;0,00;0,00;-0,14;0,00;0,00;31;135;27;48;19;290;620
7976;18,94;-413,79;0,00;0,00;0,00;-0,41;0,00;0,00;184;198;82;45;29;640;157
7977;40,08;-315,49;0,00;0,00;0,00;-0,32;0,00;0,00;482;24;127;22;22;875;161
7978;66,32;-60,23;0,00;0,00;0,00;-0,06;0,00;0,00;242;185;29;43;35;926;958
7979;44,95;-318,40;0,00;0,00;0,00;-0,32;0,00;0,00;314;165;60;31;32;546;864
7980;26,95;-401,89;0,00;0,00;0,00;-0,40;0,00;0,00;364;46;116;34;36;268;344
7981;77,38;111,75;0,00;0,00;0,00;0,11;0,00;0,00;464;77;29;26;18;112;459
7982;67,31;-74,30;0,00;0,00;0,00;-0,07;0,00;0,00;427;159;138;49;39;269;728
7983;49,53;-211,75;0,00;0,00;0,00;-0,21;0,00;0,00;277;150;37;47;38;444;280
7984;31,20;-347,28;0,00;0,00;0,00;-0,35;0,00;0,00;347;19;36;16;30;385;303
7985;53,45;-195,97;0,00;0,00;0,00;-0,20;0,00;0,00;438;70;64;11;22;216;343
7986;47,86;-274,90;0,00;0,00;0,00;-0,27;0,00;0,00;407;63;197;14;29;546;981
7987;53,40;-225,50;0,00;0,00;0,00;-0,23;0,00;0,00;382;184;186;40;31;422;584
7988;58,50;-48,74;0,00;0,00;0,00;-0,05;0,00;0,00;70;26;57;25;25;607;560
7989;32,60;-400,19;0,00;0,00;0,00;-0,40;0,00;0,00;75;61;187;24;27;381;957
7990;88,75;275,34;0,00;0,00;0,00;0,28;0,00;0,00;398;26;131;46;24;128;189
7991;52,88;-184,90;0,00;0,00;0,00;-0,18;0,00;0,00;101;130;67;14;26;261;127
7992;73,31;-29,65;0,00;0,00;0,00;-0,03;0,00;0,00;278;145;124;42;32;186;891
7993;19,89;-476,15;0,00;0,00;0,00;-0,48;0,00;0,00;136;27;152;11;36;457;192
7994;15,43;-626,53;0,00;0,00;0,00;-0,63;0,00;0,00;493;139;104;18;30;466;482
7995;29,30;-377,95;0,00;0,00;0,00;-0,38;0,00;0,00;341;161;33;46;17;559;343
7996;78,72;100,55;0,00;0,00;0,00;0,10;0,00;0,00;106;156;117;32;26;422;128
7997;63,08;-44,19;0,00;0,00;0,00;-0,04;0,00;0,00;269;186;13;22;27;206;669
7998;26,41;-444,16;0,00;0,00;0,00;-0,44;0,00;0,00;394;145;189;48;36;980;776
7999;51,41;-161,29;0,00;0,00;0,00;-0,16;0,00;0,00;492;171;131;38;39;582;425
8000;91,73;323,61;0,00;0,00;0,00;0,32;0,00;0,00;111;137;30;22;25;419;497
8001;58,70;45,70;0,00;0,00;0,00;0,05;0,00;0,00;376;87;30;16;25;610;343
8002;23,35;-505,84;0,00;0,00;0,00;-0,51;0,00;0,00;300;70;127;39;34;119;376
8003;55,93;-177,44;0,00;0,00;0,00;-0,18;0,00;0,00;81;138;54;14;15;433;177
8004;60,88;18,99;0,00;0,00;0,00;0,02;0,00;0,00;166;118;113;21;37;158;280
8005;36,85;-231,13;0,00;0,00;0,00;-0,23;0,00;0,00;281;154;120;14;33;116;814
8006;16,02;-497,81;0,00;0,00;0,00;-0,50;0,00;0,00;152;22;115;33;19;582;230
8007;53,98;-215,95;0,00;0,00;0,00;-0,22;0,00;0,00;469;98;121;11;26;523;339
8008;38,67;-390,40;0,00;0,00;0,00;-0,39;0,00;0,00;203;154;43;19;29;349;614
8009;39,92;-366,09;0,00;0,00;0,00;-0,37;0,00;0,00;13;44;147;40;22;747;385
8010;79,52;171,43;0,00;0,00;0,00;0,17;0,00;0,00;73;159;146;19;30;573;174
8011;7,26;-616,91;0,00;0,00;0,00;-0,62;0,00;0,00;13;192;10;13;21;591;677
8012;0,00;-665,39;0,00;0,00;0,00;-0,67;0,00;0,00;162;70;66;46;26;479;178
8013;31,62;-475,46;0,00;0,00;0,00;-0,48;0,00;0,00;243;103;53;32;38;173;502
8014;89,32;187,21;0,00;0,00;0,00;0,19;0,00;0,00;354;24;173;49;26;618;208
8015;27,28;-435,27;0,00;0,00;0,00;-0,44;0,00;0,00;220;184;156;27;37;354;467
8016;94,02;250,21;0,00;0,00;0,00;0,25;0,00;0,00;196;46;154;26;16;886;559
8017;70,24;-34,01;0,00;0,00;0,00;-0,03;0,00;0,00;256;150;60;28;19;803;231
8018;17,78;-460,72;0,00;0,00;0,00;-0,46;0,00;0,00;216;45;35;41;34;157;785
8019;19,67;-401,40;0,00;0,00;0,00;-0,40;0,00;0,00;388;147;156;45;20;787;788
8020;15,12;-568,86;0,00;0,00;0,00;-0,57;0,00;0,00;387;45;102;26;23;446;868
8021;36,08;-350,25;0,00;0,00;0,00;-0,35;0,00;0,00;353;98;19;45;24;397;160
8022;28,37;-510,65;0,00;0,00;0,00;-0,51;0,00;0,00;156;180;137;22;31;827;870
8023;13,15;-597,13;0,00;0,00;0,00;-0,60;0,00;0,00;445;49;109;22;25;387;743
8024;9,56;-603,06;0,00;0,00;0,00;-0,60;0,00;0,00;268;177;155;29;21;733;599
8025;71,02;55,05;0,00;0,00;0,00;0,06;0,00;0,00;431;63;161;44;19;494;874
8026;80,57;160,76;0,00;0,00;0,00;0,16;0,00;0,00;290;96;87;27;15;853;500
8027;80,66;106,53;0,00;0,00;0,00;0,11;0,00;0,00;152;152;56;18;37;927;852
8028;40,30;-358,06;0,00;0,00;0,00;-0,36;0,00;0,00;234;74;44;40;21;544;538
8029;41,59;-321,73;0,00;0,00;0,00;-0,32;0,00;0,00;143;13;107;24;15;410;674
8030;29,75;-429,12;0,00;0,00;0,00;-0,43;0,00;0,00;57;98;159;35;15;854;525
8031;48,14;-258,63;0,00;0,00;0,00;-0,26;0,00;0,00;481;191;107;21;27;322;722
8032;78,39;173,60;0,00;0,00;0,00;0,17;0,00;0,00;160;22;122;13;17;879;687
8033;49,88;-202,70;0,00;0,00;0,00;-0,20;0,00;0,00;455;176;17;26;23;595;431
8034;26,40;-438,43;0,00;0,00;0,00;-0,44;0,00;0,00;240;16;79;39;26;296;969
8035;32,62;-374,33;0,00;0,00;0,00;-0,37;0,00;0,00;82;158;14;47;22;883;578
8036;67,96;-70,82;0,00;0,00;0,00;-0,07;0,00;0,00;400;88;37;20;18;270;488
8037;100,00;361,59;0,00;0,00;0,00;0,36;0,00;0,00;255;32;194;22;30;368;369
8038;59,77;-65,51;0,00;0,00;0,00;-0,07;0,00;0,00;129;171;197;24;18;695;165
8039;58,07;-105,16;0,00;0,00;0,00;-0,11;0,00;0,00;277;77;140;36;19;999;760
8040;56,62;-192,48;0,00;0,00;0,00;-0,19;0,00;0,00;291;30;11;19;32;693;286
8041;57,58;-70,96;0,00;0,00;0,00;-0,07;0,00;0,00;64;163;91;43;28;140;413
8042;72,62;-52,51;0,00;0,00;0,00;-0,05;0,00;0,00;246;30;55;14;24;750;541
8043;42,35;-294,85;0,00;0,00;0,00;-0,29;0,00;0,00;343;42;143;48;33;977;364
8044;31,76;-274,99;0,00;0,00;0,00;-0,27;0,00;0,00;26;193;27;19;34;619;892
8045;91,88;246,66;0,00;0,00;0,00;0,25;0,00;0,00;370;24;130;30;25;267;707
8046;97,02;283,02;0,00;0,00;0,00;0,28;0,00;0,00;308;125;113;19;38;780;443
8047;29,91;-401,33;0,00;0,00;0,00;-0,40;0,00;0,00;474;117;155;16;39;130;429
8048;51,09;-174,88;0,00;0,00;0,00;-0,17;0,00;0,00;254;108;167;18;22;279;279
8049;21,71;-479,07;0,00;0,00;0,00;-0,48;0,00;0,00;238;162;55;12;35;458;988
8050;86,94;94,51;0,00;0,00;0,00;0,09;0,00;0,00;323;182;124;13;18;142;355
8051;27,72;-404,37;0,00;0,00;0,00;-0,40;0,00;0,00;441;157;38;24;30;616;764
8052;58,18;-142,88;0,00;0,00;0,00;-0,14;0,00;0,00;303;21;147;21;22;526;455
8053;46,48;-269,88;0,00;0,00;0,00;-0,27;0,00;0,00;11;141;94;25;35;755;565
8054;44,42;-236,34;0,00;0,00;0,00;-0,24;0,00;0,00;496;161;77;43;35;717;708
8055;12,95;-547,38;0,00;0,00;0,00;-0,55;0,00;0,00;290;17;188;28;29;314;176
8056;83,81;144,98;0,00;0,00;0,00;0,14;0,00;0,00;143;112;42;24;17;310;240
8057;15,45;-507,10;0,00;0,00;0,00;-0,51;0,00;0,00;136;57;14;39;29;282;152
8058;32,30;-288,69;0,00;0,00;0,00;-0,29;0,00;0,00;194;185;65;39;28;415;505
8059;56,02;-184,55;0,00;0,00;0,00;-0,18;0,00;0,00;15;99;80;39;23;399;351
8060;44,21;-231,39;0,00;0,00;0,00;-0,23;0,00;0,00;349;94;46;37;22;650;751
8061;83,21;100,63;0,00;0,00;0,00;0,10;0,00;0,00;308;87;162;30;32;768;455
8062;53,99;-146,38;0,00;0,00;0,00;-0,15;0,00;0,00;376;61;69;46;17;201;128
8063;40,02;-266,64;0,00;0,00;0,00;-0,27;0,00;0,00;337;65;30;10;17;285;704
8064;45,93;-190,78;0,00;0,00;0,00;-0,19;0,00;0,00;324;25;63;46;19;202;824
8065;23,16;-401,11;0,00;0,00;0,00;-0,40;0,00;0,00;348;34;70;47;30;346;506
8066;5,20;-731,10;0,00;0,00;0,00;-0,73;0,00;0,00;261;187;13;45;31;270;927
8067;7,14;-601,25;0,00;0,00;0,00;-0,60;0,00;0,00;218;11;49;12;38;595;576
8068;39,50;-294,67;0,00;0,00;0,00;-0,29;0,00;0,00;476;164;180;27;21;632;975
8069;54,51;-36,18;0,00;0,00;0,00;-0,04;0,00;0,00;33;156;57;31;34;545;488
8070;20,44;-496,64;0,00;0,00;0,00;-0,50;0,00;0,00;181;126;12;33;15;884;904
8071;53,02;-221,86;0,00;0,00;0,00;-0,22;0,00;0,00;275;22;169;32;19;685;604
8072;45,86;-264,50;0,00;0,00;0,00;-0,26;0,00;0,00;439;118;177;34;19;841;475
8073;1,87;-638,47;0,00;0,00;0,00;-0,64;0,00;0,00;132;139;152;32;33;720;680
8074;45,14;-256,49;0,00;0,00;0,00;-0,26;0,00;0,00;354;182;82;12;18;828;175
8075;35,83;-381,84;0,00;0,00;0,00;-0,38;0,00;0,00;178;12;157;24;25;706;566
8076;83,75;130,60;0,00;0,00;0,00;0,13;0,00;0,00;202;166;151;28;22;337;187
8077;90,68;198,70;0,00;0,00;0,00;0,20;0,00;0,00;303;68;65;14;28;672;803
8078;94,77;247,98;0,00;0,00;0,00;0,25;0,00;0,00;412;109;96;39;35;999;708
8079;79,53;150,71;0,00;0,00;0,00;0,15;0,00;0,00;21;195;11;16;15;162;218
8080;64,18;-142,74;0,00;0,00;0,00;-0,14;0,00;0,00;64;122;145;40;20;170;911
8081;36,41;-392,25;0,00;0,00;0,00;-0,39;0,00;0,00;247;26;152;19;32;920;723
8082;74,43;79,09;0,00;0,00;0,00;0,08;0,00;0,00;288;101;49;11;19;865;120
8083;42,11;-301,25;0,00;0,00;0,00;-0,30;0,00;0,00;386;28;136;37;38;462;496
8084;68,51;-12,90;0,00;0,00;0,00;-0,01;0,00;0,00;184;100;162;12;24;739;724
8085;22,21;-548,25;0,00;0,00;0,00;-0,55;0,00;0,00;232;54;186;25;35;469;262
8086;85,46;161,81;0,00;0,00;0,00;0,16;0,00;0,00;176;19;70;28;18;663;919
8087;0,00;-616,40;0,00;0,00;0,00;-0,62;0,00;0,00;295;140;52;29;36;518;316
8088;13,07;-572,36;0,00;0,00;0,00;-0,57;0,00;0,00;88;75;70;38;39;406;291
8089;38,28;-335,81;0,00;0,00;0,00;-0,34;0,00;0,00;279;79;54;16;38;980;523
8090;51,91;-241,73;0,00;0,00;0,00;-0,24;0,00;0,00;269;21;178;12;29;890;673
8091;45,61;-258,01;0,00;0,00;0,00;-0,26;0,00;0,00;21;107;67;43;34;301;482
8092;74,03;46,87;0,00;0,00;0,00;0,05;0,00;0,00;109;62;74;43;36;679;316
8093;65,86;-91,77;0,00;0,00;0,00;-0,09;0,00;0,00;86;132;155;47;15;187;671
8094;28,09;-501,81;0,00;0,00;0,00;-0,50;0,00;0,00;321;82;64;49;31;907;623
8095;42,74;-320,38;0,00;0,00;0,00;-0,32;0,00;0,00;376;75;117;16;30;683;886
8096;63,28;-12,31;0,00;0,00;0,00;-0,01;0,00;0,00;494;71;103;12;24;664;860
8097;26,48;-460,24;0,00;0,00;0,00;-0,46;0,00;0,00;150;25;45;27;36;567;166
8098;43,31;-285,01;0,00;0,00;0,00;-0,29;0,00;0,00;25;145;185;14;29;979;500
8099;62,95;-129,34;0,00;0,00;0,00;-0,13;0,00;0,00;281;11;34;49;23;721;538
8100;71,15;30,48;0,00;0,00;0,00;0,03;0,00;0,00;304;44;44;13;37;838;148
8101;45,17;-207,41;0,00;0,00;0,00;-0,21;0,00;0,00;248;13;157;44;29;952;951
8102;63,54;-47,04;0,00;0,00;0,00;-0,05;0,00;0,00;334;74;124;20;31;584;983
8103;92,88;187,20;0,00;0,00;0,00;0,19;0,00;0,00;320;76;143;41;19;954;316
8104;58,16;-113,77;0,00;0,00;0,00;-0,11;0,00;0,00;69;91;57;14;30;770;473
8105;52,27;-119,96;0,00;0,00;0,00;-0,12;0,00;0,00;476;136;60;35;21;427;668
8106;44,53;-216,45;0,00;0,00;0,00;-0,22;0,00;0,00;43;145;127;13;26;691;216
8107;58,43;-129,08;0,00;0,00;0,00;-0,13;0,00;0,00;453;116;107;33;22;302;209
8108;0,00;-590,47;0,00;0,00;0,00;-0,59;0,00;0,00;478;125;85;42;31;450;531
8109;68,16;-72,77;0,00;0,00;0,00;-0,07;0,00;0,00;112;119;183;19;26;801;158
8110;34,04;-382,35;0,00;0,00;0,00;-0,38;0,00;0,00;189;198;169;21;33;795;303
8111;37,35;-256,93;0,00;0,00;0,00;-0,26;0,00;0,00;484;74;68;48;33;488;845
8112;46,12;-160,25;0,00;0,00;0,00;-0,16;0,00;0,00;81;89;114;27;20;389;421
8113;21,81;-494,52;0,00;0,00;0,00;-0,49;0,00;0,00;74;144;125;28;20;654;308
8114;24,20;-467,91;0,00;0,00;0,00;-0,47;0,00;0,00;190;20;179;37;15;603;178
8115;21,63;-395,96;0,00;0,00;0,00;-0,40;0,00;0,00;276;100;30;12;31;397;160
8116;52,11;-242,98;0,00;0,00;0,00;-0,24;0,00;0,00;132;172;153;18;15;239;202
8117;10,96;-645,88;0,00;0,00;0,00;-0,65;0,00;0,00;144;40;65;35;35;921;931
8118;28,63;-397,80;0,00;0,00;0,00;-0,40;0,00;0,00;471;17;92;30;26;953;110
8119;18,45;-552,46;0,00;0,00;0,00;-0,55;0,00;0,00;195;72;44;11;21;691;494
8120;35,43;-327,66;0,00;0,00;0,00;-0,33;0,00;0,00;222;87;182;46;18;668;997
8121;80,94;137,84;0,00;0,00;0,00;0,14;0,00;0,00;143;26;53;21;20;188;986
8122;53,34;-156,05;0,00;0,00;0,00;-0,16;0,00;0,00;75;54;55;46;16;416;225
8123;100,00;376,08;0,00;0,00;0,00;0,38;0,00;0,00;222;113;136;31;25;161;596
8124;37,96;-397,57;0,00;0,00;0,00;-0,40;0,00;0,00;207;182;102;19;32;511;219
8125;67,03;15,40;0,00;0,00;0,00;0,02;0,00;0,00;480;49;151;48;27;779;959
8126;14,71;-604,02;0,00;0,00;0,00;-0,60;0,00;0,00;131;127;121;25;21;303;464
8127;46,97;-198,24;0,00;0,00;0,00;-0,20;0,00;0,00;77;43;176;17;21;337;495
8128;66,52;4,91;0,00;0,00;0,00;0,00;0,00;0,00;307;87;104;19;39;992;785
8129;31,02;-407,72;0,00;0,00;0,00;-0,41;0,00;0,00;265;17;136;45;20;876;993
8130;68,10;-59,83;0,00;0,00;0,00;-0,06;0,00;0,00;430;118;175;37;22;265;404
8131;32,65;-373,81;0,00;0,00;0,00;-0,37;0,00;0,00;25;183;100;12;35;587;161
8132;69,32;-27,45;0,00;0,00;0,00;-0,03;0,00;0,00;178;69;177;19;30;624;952
8133;42,76;-209,48;0,00;0,00;0,00;-0,21;0,00;0,00;483;146;137;38;35;867;170
8134;43,29;-238,66;0,00;0,00;0,00;-0,24;0,00;0,00;475;24;39;23;25;631;949
8135;60,24;-113,21;0,00;0,00;0,00;-0,11;0,00;0,00;482;71;176;21;24;760;338
8136;23,59;-428,13;0,00;0,00;0,00;-0,43;0,00;0,00;421;12;175;47;29;297;946
8137;64,98;-22,43;0,00;0,00;0,00;-0,02;0,00;0,00;220;110;124;10;17;299;322
8138;63,50;-96,54;0,00;0,00;0,00;-0,10;0,00;0,00;366;36;118;29;36;367;836
8139;71,26;-8,19;0,00;0,00;0,00;-0,01;0,00;0,00;168;97;166;38;22;609;664
8140;69,68;42,18;0,00;0,00;0,00;0,04;0,00;0,00;123;185;190;43;26;201;485
8141;79,78;70,30;0,00;0,00;0,00;0,07;0,00;0,00;164;99;190;43;24;111;131
8142;52,11;-112,84;0,00;0,00;0,00;-0,11;0,00;0,00;394;61;144;42;32;221;726
8143;82,70;136,95;0,00;0,00;0,00;0,14;0,00;0,00;129;189;147;11;35;542;320
8144;0,00;-774,34;0,00;0,00;0,00;-0,77;0,00;0,00;250;28;190;37;28;323;924
8145;53,29;-205,21;0,00;0,00;0,00;-0,21;0,00;0,00;468;103;191;40;17;410;648
8146;48,18;-245,15;0,00;0,00;0,00;-0,25;0,00;0,00;303;112;91;48;18;983;695
8147;55,30;-143,51;0,00;0,00;0,00;-0,14;0,00;0,00;338;190;129;41;35;934;980
8148;50,63;-209,62;0,00;0,00;0,00;-0,21;0,00;0,00;121;38;37;14;24;447;989
8149;27,90;-367,96;0,00;0,00;0,00;-0,37;0,00;0,00;41;99;137;45;17;865;886
8150;30,12;-328,05;0,00;0,00;0,00;-0,33;0,00;0,00;431;199;92;46;19;629;315
8151;53,48;-261,70;0,00;0,00;0,00;-0,26;0,00;0,00;71;60;38;35;32;841;331
8152;38,07;-334,12;0,00;0,00;0,00;-0,33;0,00;0,00;368;190;63;17;20;504;627
8153;10,35;-593,37;0,00;0,00;0,00;-0,59;0,00;0,00;401;83;81;27;29;685;640
8154;65,89;-11,92;0,00;0,00;0,00;-0,01;0,00;0,00;323;166;51;17;26;961;859
8155;33,50;-320,58;0,00;0,00;0,00;-0,32;0,00;0,00;461;33;41;10;25;746;295
8156;48,41;-164,84;0,00;0,00;0,00;-0,16;0,00;0,00;186;35;98;49;20;170;242
8157;21,92;-438,94;0,00;0,00;0,00;-0,44;0,00;0,00;336;191;135;26;15;507;906
8158;66,59;-7,04;0,00;0,00;0,00;-0,01;0,00;0,00;147;156;76;18;37;913;224
8159;80,51;97,95;0,00;0,00;0,00;0,10;0,00;0,00;405;157;199;37;32;121;727
8160;63,85;74,07;0,00;0,00;0,00;0,07;0,00;0,00;114;61;25;13;29;238;727
8161;63,47;-15,07;0,00;0,00;0,00;-0,02;0,00;0,00;159;99;45;18;34;508;366
8162;47,98;-228,52;0,00;0,00;0,00;-0,23;0,00;0,00;219;30;16;43;21;215;862
8163;45,45;-234,13;0,00;0,00;0,00;-0,23;0,00;0,00;330;79;191;41;38;700;411
8164;74,05;18,09;0,00;0,00;0,00;0,02;0,00;0,00;97;133;81;23;25;540;985
8165;3,45;-668,72;0,00;0,00;0,00;-0,67;0,00;0,00;471;19;100;30;35;793;328
8166;46,45;-248,51;0,00;0,00;0,00;-0,25;0,00;0,00;411;158;79;38;20;188;850
8167;78,26;109,39;0,00;0,00;0,00;0,11;0,00;0,00;307;38;193;20;29;642;150
8168;19,76;-447,08;0,00;0,00;0,00;-0,45;0,00;0,00;401;130;123;18;36;195;607
8169;72,46;-38,43;0,00;0,00;0,00;-0,04;0,00;0,00;263;152;152;31;26;585;477
8170;66,58;-11,25;0,00;0,00;0,00;-0,01;0,00;0,00;466;110;183;48;22;847;669
8171;65,44;-45,91;0,00;0,00;0,00;-0,05;0,00;0,00;116;167;43;17;26;600;863
8172;66,54;-5,29;0,00;0,00;0,00;-0,01;0,00;0,00;424;164;184;39;22;157;346
8173;17,72;-580,28;0,00;0,00;0,00;-0,58;0,00;0,00;59;95;85;25;27;279;193
8174;68,91;1,13;0,00;0,00;0,00;0,00;0,00;0,00;455;38;196;47;15;745;182
8175;26,64;-515,02;0,00;0,00;0,00;-0,52;0,00;0,00;450;84;133;10;34;511;926
8176;32,01;-432,63;0,00;0,00;0,00;-0,43;0,00;0,00;413;154;126;11;18;888;569
8177;57,27;-76,85;0,00;0,00;0,00;-0,08;0,00;0,00;292;157;30;16;25;396;624
8178;65,28;-49,91;0,00;0,00;0,00;-0,05;0,00;0,00;355;72;58;49;21;353;506
8179;75,23;42,99;0,00;0,00;0,00;0,04;0,00;0,00;265;10;165;19;36;720;394
8180;47,74;-231,22;0,00;0,00;0,00;-0,23;0,00;0,00;199;64;153;25;20;699;868
8181;68,12;-68,19;0,00;0,00;0,00;-0,07;0,00;0,00;131;66;177;43;19;490;629
8182;73,13;-40,89;0,00;0,00;0,00;-0,04;0,00;0,00;284;119;59;43;31;433;680
8183;45,36;-260,23;0,00;0,00;0,00;-0,26;0,00;0,00;129;70;158;17;15;488;538
8184;65,10;15,61;0,00;0,00;0,00;0,02;0,00;0,00;179;189;11;28;33;940;315
8185;62,37;-52,37;0,00;0,00;0,00;-0,05;0,00;0,00;470;116;98;44;34;874;365
8186;17,75;-443,55;0,00;0,00;0,00;-0,44;0,00;0,00;134;90;184;21;33;607;130
8187;100,00;343,42;0,00;0,00;0,00;0,34;0,00;0,00;141;136;143;39;36;135;538
8188;66,58;-75,31;0,00;0,00;0,00;-0,08;0,00;0,00;257;16;136;27;22;947;853
8189;87,09;140,91;0,00;0,00;0,00;0,14;0,00;0,00;231;82;15;21;36;487;211
8190;78,99;-38,97;0,00;0,00;0,00;-0,04;0,00;0,00;445;22;55;35;23;152;232
8191;56,86;-85,02;0,00;0,00;0,00;-0,09;0,00;0,00;19;179;123;48;33;589;445
8192;43,73;-314,65;0,00;0,00;0,00;-0,31;0,00;0,00;438;51;168;22;18;128;675
8193;76,19;98,14;0,00;0,00;0,00;0,10;0,00;0,00;114;31;154;13;39;621;831
8194;38,14;-369,19;0,00;0,00;0,00;-0,37;0,00;0,00;215;141;180;26;17;179;419
8195;43,25;-239,23;0,00;0,00;0,00;-0,24;0,00;0,00;19;105;27;22;33;708;550
8196;75,72;37,53;0,00;0,00;0,00;0,04;0,00;0,00;328;165;160;37;33;119;275
8197;1,91;-636,29;0,00;0,00;0,00;-0,64;0,00;0,00;419;101;108;13;25;169;299
8198;61,16;-113,61;0,00;0,00;0,00;-0,11;0,00;0,00;450;69;171;24;16;216;171
8199;70,28;41,79;0,00;0,00;0,00;0,04;0,00;0,00;188;128;54;12;38;994;272
8200;19,81;-540,64;0,00;0,00;0,00;-0,54;0,00;0,00;343;35;141;46;38;558;620
8201;50,98;-159,87;0,00;0,00;0,00;-0,16;0,00;0,00;199;94;125;44;35;303;321
8202;58,36;-100,32;0,00;0,00;0,00;-0,10;0,00;0,00;19;127;129;27;36;584;399
8203;44,96;-291,09;0,00;0,00;0,00;-0,29;0,00;0,00;190;116;108;16;34;315;473
8204;62,23;-67,88;0,00;0,00;0,00;-0,07;0,00;0,00;391;76;180;22;24;204;976
8205;54,17;-187,81;0,00;0,00;0,00;-0,19;0,00;0,00;456;132;24;22;30;591;437
8206;92,68;240,19;0,00;0,00;0,00;0,24;0,00;0,00;82;97;79;13;27;938;358
8207;76,58;9,08;0,00;0,00;0,00;0,01;0,00;0,00;433;190;163;32;20;283;454
8208;65,34;36,34;0,00;0,00;0,00;0,04;0,00;0,00;255;15;191;49;17;839;366
8209;37,30;-345,71;0,00;0,00;0,00;-0,35;0,00;0,00;457;154;24;10;24;687;424
8210;100,00;384,72;0,00;0,00;0,00;0,38;0,00;0,00;237;150;184;42;32;411;180
8211;57,52;-153,81;0,00;0,00;0,00;-0,15;0,00;0,00;115;56;182;27;39;698;769
8212;0,00;-646,52;0,00;0,00;0,00;-0,65;0,00;0,00;239;188;147;29;19;238;420
8213;55,24;-33,16;0,00;0,00;0,00;-0,03;0,00;0,00;342;79;16;26;15;432;111
8214;51,50;-159,65;0,00;0,00;0,00;-0,16;0,00;0,00;319;104;139;10;17;731;382
8215;58,15;-115,94;0,00;0,00;0,00;-0,12;0,00;0,00;111;80;68;20;35;319;647
8216;52,92;-159,54;0,00;0,00;0,00;-0,16;0,00;0,00;31;147;12;29;33;126;298
8217;35,10;-358,70;0,00;0,00;0,00;-0,36;0,00;0,00;213;40;86;26;23;376;120
8218;38,88;-357,90;0,00;0,00;0,00;-0,36;0,00;0,00;154;25;91;31;17;486;265
8219;65,29;-23,62;0,00;0,00;0,00;-0,02;0,00;0,00;189;149;171;15;20;803;796
8220;83,55;146,75;0,00;0,00;0,00;0,15;0,00;0,00;86;100;31;11;37;692;421
8221;67,47;-57,07;0,00;0,00;0,00;-0,06;0,00;0,00;477;75;74;25;29;848;261
8222;47,60;-215,14;0,00;0,00;0,00;-0,22;0,00;0,00;82;183;88;22;34;142;866
8223;25,85;-430,87;0,00;0,00;0,00;-0,43;0,00;0,00;85;191;24;46;36;718;629
8224;70,87;-54,87;0,00;0,00;0,00;-0,05;0,00;0,00;191;108;16;39;22;798;260
8225;42,88;-297,24;0,00;0,00;0,00;-0,30;0,00;0,00;430;44;184;33;17;551;477
8226;43,22;-258,72;0,00;0,00;0,00;-0,26;0,00;0,00;387;166;192;48;27;123;838
8227;55,72;-41,80;0,00;0,00;0,00;-0,04;0,00;0,00;158;102;92;34;15;923;525
8228;83,03;161,73;0,00;0,00;0,00;0,16;0,00;0,00;450;144;99;46;35;517;174
8229;38,16;-364,96;0,00;0,00;0,00;-0,36;0,00;0,00;387;64;73;34;31;143;801
8230;60,08;-47,00;0,00;0,00;0,00;-0,05;0,00;0,00;32;51;127;21;20;486;299
8231;68,19;-68,68;0,00;0,00;0,00;-0,07;0,00;0,00;156;162;62;20;29;316;476
8232;35,35;-335,17;0,00;0,00;0,00;-0,34;0,00;0,00;59;42;167;42;30;980;241
8233;23,70;-417,51;0,00;0,00;0,00;-0,42;0,00;0,00;114;161;144;18;24;623;684
8234;90,65;255,32;0,00;0,00;0,00;0,26;0,00;0,00;198;103;132;27;34;157;101
8235;67,73;23,26;0,00;0,00;0,00;0,02;0,00;0,00;147;35;63;29;38;520;129
8236;9,13;-631,05;0,00;0,00;0,00;-0,63;0,00;0,00;493;24;74;31;38;203;865
8237;42,95;-343,86;0,00;0,00;0,00;-0,34;0,00;0,00;436;105;96;33;17;982;570
8238;58,77;-123,16;0,00;0,00;0,00;-0,12;0,00;0,00;298;47;57;13;16;299;759
8239;24,39;-490,00;0,00;0,00;0,00;-0,49;0,00;0,00;274;97;49;27;23;744;554
8240;27,66;-441,96;0,00;0,00;0,00;-0,44;0,00;0,00;175;126;28;23;16;557;632
8241;28,02;-459,47;0,00;0,00;0,00;-0,46;0,00;0,00;227;45;32;38;31;199;947
8242;43,38;-338,82;0,00;0,00;0,00;-0,34;0,00;0,00;458;29;153;33;22;921;839
8243;57,15;-131,12;0,00;0,00;0,00;-0,13;0,00;0,00;124;87;76;25;20;697;868
8244;61,04;-95,61;0,00;0,00;0,00;-0,10;0,00;0,00;347;193;127;19;16;304;181
8245;64,23;-100,10;0,00;0,00;0,00;-0,10;0,00;0,00;281;21;182;28;25;443;149
8246;83,22;167,02;0,00;0,00;0,00;0,17;0,00;0,00;397;43;141;29;24;113;320
8247;60,57;-122,23;0,00;0,00;0,00;-0,12;0,00;0,00;416;49;25;39;32;475;970
8248;73,83;-37,84;0,00;0,00;0,00;-0,04;0,00;0,00;402;127;180;22;39;937;530
8249;76,38;136,68;0,00;0,00;0,00;0,14;0,00;0,00;378;116;163;18;37;902;530
8250;41,79;-262,78;0,00;0,00;0,00;-0,26;0,00;0,00;186;36;112;12;15;651;737
8251;41,42;-312,30;0,00;0,00;0,00;-0,31;0,00;0,00;360;119;183;17;30;172;625
8252;100,00;238,79;0,00;0,00;0,00;0,24;0,00;0,00;165;67;153;42;29;812;202
8253;37,04;-292,53;0,00;0,00;0,00;-0,29;0,00;0,00;153;78;94;12;16;489;109
8254;87,48;169,82;0,00;0,00;0,00;0,17;0,00;0,00;340;158;192;22;36;408;428
8255;34,39;-350,80;0,00;0,00;0,00;-0,35;0,00;0,00;358;81;67;15;29;764;305
8256;58,05;-190,90;0,00;0,00;0,00;-0,19;0,00;0,00;155;165;125;26;34;396;525
8257;50,55;-148,11;0,00;0,00;0,00;-0,15;0,00;0,00;32;121;120;46;36;210;780
8258;1,19;-645,54;0,00;0,00;0,00;-0,65;0,00;0,00;468;41;122;26;37;681;144
8259;81,95;154,51;0,00;0,00;0,00;0,15;0,00;0,00;458;34;61;35;28;613;462
8260;54,75;-169,17;0,00;0,00;0,00;-0,17;0,00;0,00;407;49;138;42;37;575;721
8261;100,00;227,28;0,00;0,00;0,00;0,23;0,00;0,00;329;31;15;38;24;824;540
8262;33,67;-418,33;0,00;0,00;0,00;-0,42;0,00;0,00;48;195;59;17;21;234;984
8263;69,51;-10,17;0,00;0,00;0,00;-0,01;0,00;0,00;72;193;23;34;37;206;362
8264;56,52;-171,04;0,00;0,00;0,00;-0,17;0,00;0,00;441;142;82;10;29;805;259
8265;83,15;153,32;0,00;0,00;0,00;0,15;0,00;0,00;248;173;27;32;35;959;706
8266;83,36;75,76;0,00;0,00;0,00;0,08;0,00;0,00;404;18;44;17;23;986;659
8267;33,73;-419,34;0,00;0,00;0,00;-0,42;0,00;0,00;351;151;86;17;20;542;969
8268;67,28;-108,20;0,00;0,00;0,00;-0,11;0,00;0,00;474;35;114;44;20;550;454
8269;43,53;-339,84;0,00;0,00;0,00;-0,34;0,00;0,00;293;133;107;20;32;614;159
8270;33,93;-414,04;0,00;0,00;0,00;-0,41;0,00;0,00;325;140;66;28;16;433;226
8271;20,39;-454,71;0,00;0,00;0,00;-0,45;0,00;0,00;303;23;157;19;16;971;768
8272;66,69;42,37;0,00;0,00;0,00;0,04;0,00;0,00;224;40;191;20;28;255;543
8273;0,00;-699,39;0,00;0,00;0,00;-0,70;0,00;0,00;392;21;173;31;29;843;702
8274;59,82;-182,31;0,00;0,00;0,00;-0,18;0,00;0,00;212;54;196;42;33;679;921
8275;72,85;83,09;0,00;0,00;0,00;0,08;0,00;0,00;190;68;82;24;36;323;337
8276;32,31;-390,28;0,00;0,00;0,00;-0,39;0,00;0,00;92;175;173;18;38;863;685
8277;56,26;-125,65;0,00;0,00;0,00;-0,13;0,00;0,00;238;113;26;31;27;799;680
8278;54,41;-107,80;0,00;0,00;0,00;-0,11;0,00;0,00;267;27;38;21;17;181;216
8279;26,55;-445,09;0,00;0,00;0,00;-0,45;0,00;0,00;277;151;128;44;32;816;573
8280;40,07;-234,40;0,00;0,00;0,00;-0,23;0,00;0,00;164;124;168;29;18;660;108
8281;0,00;-712,04;0,00;0,00;0,00;-0,71;0,00;0,00;351;189;110;22;29;439;707
8282;61,66;-110,76;0,00;0,00;0,00;-0,11;0,00;0,00;482;99;19;46;35;739;598
8283;33,54;-409,16;0,00;0,00;0,00;-0,41;0,00;0,00;423;177;99;40;29;231;938
8284;59,39;-127,18;0,00;0,00;0,00;-0,13;0,00;0,00;441;104;59;46;29;346;890
8285;77,96;-7,90;0,00;0,00;0,00;-0,01;0,00;0,00;460;130;56;18;19;263;726
8286;0,00;-618,66;0,00;0,00;0,00;-0,62;0,00;0,00;279;106;99;39;37;513;249
8287;38,86;-342,51;0,00;0,00;0,00;-0,34;0,00;0,00;118;112;182;14;33;209;676
8288;38,31;-368,87;0,00;0,00;0,00;-0,37;0,00;0,00;234;16;188;30;29;441;936
8289;41,11;-236,54;0,00;0,00;0,00;-0,24;0,00;0,00;238;102;135;44;22;297;247
8290;41,82;-213,62;0,00;0,00;0,00;-0,21;0,00;0,00;186;46;44;22;37;923;638
8291;61,90;-49,21;0,00;0,00;0,00;-0,05;0,00;0,00;272;113;145;42;17;317;459
8292;2,07;-576,82;0,00;0,00;0,00;-0,58;0,00;0,00;165;119;37;48;26;640;655
8293;44,96;-234,65;0,00;0,00;0,00;-0,23;0,00;0,00;209;186;170;14;21;972;452
8294;91,08;264,05;0,00;0,00;0,00;0,26;0,00;0,00;360;70;148;17;24;436;355
8295;38,52;-210,58;0,00;0,00;0,00;-0,21;0,00;0,00;260;189;150;13;19;730;787
8296;36,36;-285,84;0,00;0,00;0,00;-0,29;0,00;0,00;102;71;41;30;35;995;554
8297;84,58;154,67;0,00;0,00;0,00;0,15;0,00;0,00;410;125;67;47;15;119;522
8298;48,47;-220,84;0,00;0,00;0,00;-0,22;0,00;0,00;488;43;42;35;39;500;946
8299;45,69;-239,49;0,00;0,00;0,00;-0,24;0,00;0,00;46;41;33;18;21;445;239
8300;46,86;-203,05;0,00;0,00;0,00;-0,20;0,00;0,00;114;33;30;40;33;849;281
8301;42,49;-314,96;0,00;0,00;0,00;-0,31;0,00;0,00;208;188;49;21;37;986;469
8302;58,09;-121,88;0,00;0,00;0,00;-0,12;0,00;0,00;220;135;83;11;22;974;792
8303;67,59;-102,01;0,00;0,00;0,00;-0,10;0,00;0,00;178;21;101;16;36;612;757
8304;42,47;-266,51;0,00;0,00;0,00;-0,27;0,00;0,00;107;138;133;14;23;353;250
8305;35,01;-400,97;0,00;0,00;0,00;-0,40;0,00;0,00;315;192;28;45;37;207;896
8306;32,55;-353,89;0,00;0,00;0,00;-0,35;0,00;0,00;392;127;96;47;23;902;981
8307;51,89;-272,31;0,00;0,00;0,00;-0,27;0,00;0,00;13;199;36;11;35;440;171
8308;54,36;-153,38;0,00;0,00;0,00;-0,15;0,00;0,00;114;198;36;25;28;711;601
8309;52,99;-125,44;0,00;0,00;0,00;-0,13;0,00;0,00;117;50;151;33;28;514;302
8310;89,60;162,83;0,00;0,00;0,00;0,16;0,00;0,00;50;163;141;32;31;383;528
8311;74,58;71,66;0,00;0,00;0,00;0,07;0,00;0,00;109;19;125;32;29;323;884
8312;39,96;-264,53;0,00;0,00;0,00;-0,26;0,00;0,00;109;192;198;41;22;693;633
8313;53,13;-149,19;0,00;0,00;0,00;-0,15;0,00;0,00;393;148;12;31;38;585;814
8314;0,00;-730,03;0,00;0,00;0,00;-0,73;0,00;0,00;304;85;147;22;34;781;479
8315;43,46;-300,60;0,00;0,00;0,00;-0,30;0,00;0,00;481;112;146;26;30;844;925
8316;6,76;-531,60;0,00;0,00;0,00;-0,53;0,00;0,00;44;190;57;28;22;145;241
8317;52,48;-231,54;0,00;0,00;0,00;-0,23;0,00;0,00;167;104;137;39;15;936;287
8318;53,29;-43,37;0,00;0,00;0,00;-0,04;0,00;0,00;263;16;146;39;22;697;815
8319;54,91;-187,63;0,00;0,00;0,00;-0,19;0,00;0,00;439;169;120;49;16;524;614
8320;33,13;-306,80;0,00;0,00;0,00;-0,31;0,00;0,00;232;191;93;19;32;863;531
8321;41,94;-288,75;0,00;0,00;0,00;-0,29;0,00;0,00;335;36;187;23;23;870;597
8322;39,84;-312,93;0,00;0,00;0,00;-0,31;0,00;0,00;264;169;96;41;36;628;114
8323;100,00;311,50;0,00;0,00;0,00;0,31;0,00;0,00;455;139;128;46;30;718;521
8324;36,02;-363,38;0,00;0,00;0,00;-0,36;0,00;0,00;150;178;112;36;33;104;339
8325;1,41;-661,96;0,00;0,00;0,00;-0,66;0,00;0,00;100;105;130;21;30;319;285
8326;50,08;-159,01;0,00;0,00;0,00;-0,16;0,00;0,00;120;25;137;44;18;640;810
8327;31,26;-386,84;0,00;0,00;0,00;-0,39;0,00;0,00;391;148;107;37;26;285;864
8328;36,89;-351,36;0,00;0,00;0,00;-0,35;0,00;0,00;148;105;117;37;32;377;685
8329;0,00;-773,29;0,00;0,00;0,00;-0,77;0,00;0,00;292;149;35;25;39;684;101
8330;43,84;-273,28;0,00;0,00;0,00;-0,27;0,00;0,00;310;139;91;42;38;918;621
8331;0,00;-712,30;0,00;0,00;0,00;-0,71;0,00;0,00;284;30;177;20;31;629;152
8332;53,78;-217,74;0,00;0,00;0,00;-0,22;0,00;0,00;414;33;86;13;23;779;220
8333;47,49;-224,24;0,00;0,00;0,00;-0,22;0,00;0,00;424;12;140;30;28;712;968
8334;92,10;312,06;0,00;0,00;0,00;0,31;0,00;0,00;244;44;87;23;23;266;590
8335;20,20;-400,45;0,00;0,00;0,00;-0,40;0,00;0,00;482;160;26;36;16;515;778
8336;40,65;-238,26;0,00;0,00;0,00;-0,24;0,00;0,00;191;103;118;34;35;726;692
8337;11,17;-548,67;0,00;0,00;0,00;-0,55;0,00;0,00;258;47;148;11;34;225;133
8338;75,23;36,45;0,00;0,00;0,00;0,04;0,00;0,00;110;139;20;11;22;161;284
8339;45,94;-180,34;0,00;0,00;0,00;-0,18;0,00;0,00;241;38;32;18;29;352;975
8340;74,80;45,98;0,00;0,00;0,00;0,05;0,00;0,00;123;71;39;21;28;169;952
8341;29,20;-421,21;0,00;0,00;0,00;-0,42;0,00;0,00;58;129;19;11;35;902;189
8342;100,00;366,36;0,00;0,00;0,00;0,37;0,00;0,00;309;150;42;32;19;516;171
8343;93,53;190,05;0,00;0,00;0,00;0,19;0,00;0,00;85;151;20;45;37;790;802
8344;36,66;-407,41;0,00;0,00;0,00;-0,41;0,00;0,00;46;83;145;33;32;866;490
8345;17,09;-495,79;0,00;0,00;0,00;-0,50;0,00;0,00;184;189;196;48;32;281;855
8346;57,63;-109,26;0,00;0,00;0,00;-0,11;0,00;0,00;478;160;94;45;16;963;575
8347;80,49;118,62;0,00;0,00;0,00;0,12;0,00;0,00;326;147;132;14;32;327;336
8348;55,64;-93,95;0,00;0,00;0,00;-0,09;0,00;0,00;217;154;192;22;35;431;844
8349;78,85;178,74;0,00;0,00;0,00;0,18;0,00;0,00;29;185;41;18;30;513;432
8350;73,50;45,15;0,00;0,00;0,00;0,05;0,00;0,00;184;106;103;15;27;888;499
8351;61,96;-128,15;0,00;0,00;0,00;-0,13;0,00;0,00;379;117;85;45;24;165;894
8352;21,73;-481,26;0,00;0,00;0,00;-0,48;0,00;0,00;187;83;176;49;21;743;920
8353;14,74;-526,58;0,00;0,00;0,00;-0,53;0,00;0,00;353;144;127;30;19;903;873
8354;76,16;52,38;0,00;0,00;0,00;0,05;0,00;0,00;46;192;125;46;32;608;506
8355;25,84;-486,87;0,00;0,00;0,00;-0,49;0,00;0,00;360;10;43;35;32;991;368
8356;83,95;118,25;0,00;0,00;0,00;0,12;0,00;0,00;176;129;197;48;28;806;717
8357;32,81;-314,40;0,00;0,00;0,00;-0,31;0,00;0,00;280;110;36;44;16;878;489
8358;24,93;-379,87;0,00;0,00;0,00;-0,38;0,00;0,00;356;77;171;25;34;814;289
8359;25,83;-438,42;0,00;0,00;0,00;-0,44;0,00;0,00;366;20;52;15;27;631;533
8360;58,75;-207,34;0,00;0,00;0,00;-0,21;0,00;0,00;35;191;136;32;15;291;543
8361;54,88;-128,60;0,00;0,00;0,00;-0,13;0,00;0,00;333;42;97;22;25;207;697
8362;42,72;-241,09;0,00;0,00;0,00;-0,24;0,00;0,00;135;113;12;33;22;903;309
8363;20,85;-523,98;0,00;0,00;0,00;-0,52;0,00;0,00;157;38;93;35;37;802;593
8364;2,52;-711,55;0,00;0,00;0,00;-0,71;0,00;0,00;378;38;68;18;34;534;745
8365;74,82;45,08;0,00;0,00;0,00;0,05;0,00;0,00;487;66;122;27;25;181;554
8366;84,56;160,18;0,00;0,00;0,00;0,16;0,00;0,00;96;117;112;47;20;209;194
8367;61,33;-112,32;0,00;0,00;0,00;-0,11;0,00;0,00;252;112;20;32;16;597;247
8368;54,42;-81,44;0,00;0,00;0,00;-0,08;0,00;0,00;352;170;145;32;36;492;502
8369;44,66;-282,60;0,00;0,00;0,00;-0,28;0,00;0,00;420;96;107;17;33;163;757
8370;61,10;-75,29;0,00;0,00;0,00;-0,08;0,00;0,00;23;100;180;26;35;391;499
8371;76,74;41,21;0,00;0,00;0,00;0,04;0,00;0,00;182;121;161;33;26;916;354
8372;8,39;-581,11;0,00;0,00;0,00;-0,58;0,00;0,00;58;156;168;18;23;350;742
8373;45,76;-266,34;0,00;0,00;0,00;-0,27;0,00;0,00;145;34;37;34;31;255;359
8374;69,57;-104,58;0,00;0,00;0,00;-0,10;0,00;0,00;85;187;170;25;38;565;755
8375;53,14;-197,87;0,00;0,00;0,00;-0,20;0,00;0,00;434;34;129;36;38;903;843
8376;28,32;-472,97;0,00;0,00;0,00;-0,47;0,00;0,00;163;148;120;25;36;604;482
8377;81,24;101,10;0,00;0,00;0,00;0,10;0,00;0,00;76;190;106;31;16;833;814
8378;74,34;62,96;0,00;0,00;0,00;0,06;0,00;0,00;332;191;176;19;37;884;134
8379;7,85;-619,85;0,00;0,00;0,00;-0,62;0,00;0,00;113;42;103;21;24;268;893
8380;21,55;-461,12;0,00;0,00;0,00;-0,46;0,00;0,00;161;114;65;48;38;224;879
8381;65,04;-165,00;0,00;0,00;0,00;-0,17;0,00;0,00;421;33;45;17;33;218;914
8382;36,49;-377,44;0,00;0,00;0,00;-0,38;0,00;0,00;426;148;141;42;30;984;494
8383;40,06;-239,84;0,00;0,00;0,00;-0,24;0,00;0,00;484;124;133;22;24;640;927
8384;18,81;-538,09;0,00;0,00;0,00;-0,54;0,00;0,00;418;179;92;39;28;401;549
8385;40,35;-329,68;0,00;0,00;0,00;-0,33;0,00;0,00;406;151;162;30;37;692;927
8386;71,63;20,51;0,00;0,00;0,00;0,02;0,00;0,00;150;142;196;39;20;931;601
8387;40,66;-286,20;0,00;0,00;0,00;-0,29;0,00;0,00;442;42;196;29;29;525;269
8388;74,68;122,34;0,00;0,00;0,00;0,12;0,00;0,00;267;176;186;19;33;157;983
8389;58,33;-47,44;0,00;0,00;0,00;-0,05;0,00;0,00;320;12;113;47;27;369;861
8390;14,59;-618,95;0,00;0,00;0,00;-0,62;0,00;0,00;460;27;107;38;30;199;465
8391;49,43;-184,71;0,00;0,00;0,00;-0,18;0,00;0,00;257;193;133;13;30;444;701
8392;33,53;-405,47;0,00;0,00;0,00;-0,41;0,00;0,00;344;139;73;27;36;973;751
8393;54,28;-141,88;0,00;0,00;0,00;-0,14;0,00;0,00;302;156;168;21;23;652;958
8394;64,56;-108,46;0,00;0,00;0,00;-0,11;0,00;0,00;395;198;107;30;19;776;211
8395;60,21;-132,91;0,00;0,00;0,00;-0,13;0,00;0,00;327;173;65;28;17;902;935
8396;63,55;-77,56;0,00;0,00;0,00;-0,08;0,00;0,00;41;40;151;39;34;211;528
8397;27,38;-438,43;0,00;0,00;0,00;-0,44;0,00;0,00;190;12;175;34;36;898;951
8398;25,74;-439,56;0,00;0,00;0,00;-0,44;0,00;0,00;291;89;115;37;32;313;538
8399;64,72;-75,00;0,00;0,00;0,00;-0,08;0,00;0,00;370;93;189;41;29;411;250
8400;54,60;-182,97;0,00;0,00;0,00;-0,18;0,00;0,00;165;189;75;26;24;401;670
8401;40,12;-269,31;0,00;0,00;0,00;-0,27;0,00;0,00;311;126;20;48;28;974;942
8402;21,68;-429,33;0,00;0,00;0,00;-0,43;0,00;0,00;477;62;124;28;27;767;844
8403;42,82;-367,83;0,00;0,00;0,00;-0,37;0,00;0,00;271;14;11;18;32;542;181
8404;53,82;-136,00;0,00;0,00;0,00;-0,14;0,00;0,00;220;15;83;16;16;262;575
8405;75,72;149,66;0,00;0,00;0,00;0,15;0,00;0,00;292;97;196;30;34;747;487
8406;35,89;-297,23;0,00;0,00;0,00;-0,30;0,00;0,00;84;106;153;20;36;278;333
8407;15,15;-537,28;0,00;0,00;0,00;-0,54;0,00;0,00;338;106;10;10;27;328;710
8408;69,80;-0,49;0,00;0,00;0,00;-0,00;0,00;0,00;193;176;182;39;35;881;214
8409;39,27;-366,33;0,00;0,00;0,00;-0,37;0,00;0,00;446;189;47;33;18;945;205
8410;24,99;-411,31;0,00;0,00;0,00;-0,41;0,00;0,00;387;195;28;38;18;194;230
8411;41,85;-275,26;0,00;0,00;0,00;-0,28;0,00;0,00;33;89;85;22;36;848;150
8412;56,40;-113,90;0,00;0,00;0,00;-0,11;0,00;0,00;414;134;101;29;37;425;777
8413;100,00;244,01;0,00;0,00;0,00;0,24;0,00;0,00;107;181;17;38;32;415;715
8414;80,00;-0,06;0,00;0,00;0,00;-0,00;0,00;0,00;432;66;104;33;24;397;530
8415;61,11;-65,05;0,00;0,00;0,00;-0,07;0,00;0,00;56;163;61;37;21;885;540
8416;80,87;82,76;0,00;0,00;0,00;0,08;0,00;0,00;490;73;98;16;22;504;786
8417;89,04;173,09;0,00;0,00;0,00;0,17;0,00;0,00;315;113;68;49;24;986;106
8418;69,55;-72,58;0,00;0,00;0,00;-0,07;0,00;0,00;386;18;143;37;37;943;497
8419;65,97;55,50;0,00;0,00;0,00;0,06;0,00;0,00;334;78;188;15;23;891;649
8420;98,93;264,77;0,00;0,00;0,00;0,26;0,00;0,00;258;124;25;10;17;231;781
8421;23,14;-470,51;0,00;0,00;0,00;-0,47;0,00;0,00;191;110;187;43;39;366;689
8422;50,08;-153,60;0,00;0,00;0,00;-0,15;0,00;0,00;419;168;161;28;27;814;349
8423;62,76;-85,47;0,00;0,00;0,00;-0,09;0,00;0,00;361;48;69;49;32;196;321
8424;40,75;-252,39;0,00;0,00;0,00;-0,25;0,00;0,00;343;120;21;49;21;382;464
8425;33,03;-338,12;0,00;0,00;0,00;-0,34;0,00;0,00;319;151;154;29;38;856;542
8426;31,23;-428,39;0,00;0,00;0,00;-0,43;0,00;0,00;462;50;186;16;21;758;467
8427;87,59;163,77;0,00;0,00;0,00;0,16;0,00;0,00;454;151;132;12;30;253;951
8428;54,91;-155,44;0,00;0,00;0,00;-0,16;0,00;0,00;238;155;113;46;17;650;188
8429;81,99;112,42;0,00;0,00;0,00;0,11;0,00;0,00;87;119;126;22;31;977;641
8430;39,07;-365,72;0,00;0,00;0,00;-0,37;0,00;0,00;53;120;133;49;17;635;549
8431;70,74;-53,12;0,00;0,00;0,00;-0,05;0,00;0,00;499;58;197;27;18;402;141
8432;32,58;-497,99;0,00;0,00;0,00;-0,50;0,00;0,00;10;191;134;31;34;992;598
8433;77,92;32,31;0,00;0,00;0,00;0,03;0,00;0,00;203;32;185;38;22;995;786
8434;53,34;-87,12;0,00;0,00;0,00;-0,09;0,00;0,00;440;106;96;13;24;952;521
8435;55,29;-180,93;0,00;0,00;0,00;-0,18;0,00;0,00;412;111;179;15;15;968;132
8436;53,49;-171,73;0,00;0,00;0,00;-0,17;0,00;0,00;74;52;187;36;19;187;407
8437;37,93;-279,94;0,00;0,00;0,00;-0,28;0,00;0,00;217;56;39;14;30;801;322
8438;61,38;-114,03;0,00;0,00;0,00;-0,11;0,00;0,00;335;38;92;40;26;192;717
8439;63,44;-50,59;0,00;0,00;0,00;-0,05;0,00;0,00;434;176;90;17;33;206;525
8440;32,40;-337,01;0,00;0,00;0,00;-0,34;0,00;0,00;429;60;94;29;15;957;215
8441;47,16;-307,27;0,00;0,00;0,00;-0,31;0,00;0,00;481;117;37;23;34;454;812
8442;46,19;-164,22;0,00;0,00;0,00;-0,16;0,00;0,00;224;41;176;24;29;572;514
8443;7,42;-625,59;0,00;0,00;0,00;-0,63;0,00;0,00;309;111;102;42;32;598;169
8444;39,21;-352,54;0,00;0,00;0,00;-0,35;0,00;0,00;123;166;103;20;33;122;591
8445;25,49;-409,45;0,00;0,00;0,00;-0,41;0,00;0,00;255;10;14;32;34;586;852
8446;38,89;-279,39;0,00;0,00;0,00;-0,28;0,00;0,00;480;52;14;43;35;908;841
8447;15,40;-549,70;0,00;0,00;0,00;-0,55;0,00;0,00;244;139;161;41;22;479;598
8448;57,82;-136,60;0,00;0,00;0,00;-0,14;0,00;0,00;165;123;63;45;39;293;282
8449;54,54;-93,88;0,00;0,00;0,00;-0,09;0,00;0,00;327;83;186;25;32;302;100
8450;46,44;-191,19;0,00;0,00;0,00;-0,19;0,00;0,00;234;168;53;46;39;316;647
8451;52,04;-159,53;0,00;0,00;0,00;-0,16;0,00;0,00;35;36;115;21;31;493;794
8452;76,88;4,13;0,00;0,00;0,00;0,00;0,00;0,00;199;78;87;28;35;497;550
8453;73,21;51,24;0,00;0,00;0,00;0,05;0,00;0,00;48;108;68;41;21;268;433
8454;13,98;-503,66;0,00;0,00;0,00;-0,50;0,00;0,00;373;19;43;22;26;574;976
8455;37,35;-317,30;0,00;0,00;0,00;-0,32;0,00;0,00;420;194;135;37;16;571;574
8456;57,18;-187,14;0,00;0,00;0,00;-0,19;0,00;0,00;27;118;14;48;26;797;413
8457;53,52;-144,99;0,00;0,00;0,00;-0,14;0,00;0,00;399;48;148;31;18;994;365
8458;40,26;-346,48;0,00;0,00;0,00;-0,35;0,00;0,00;59;21;19;40;32;961;113
8459;21,86;-434,55;0,00;0,00;0,00;-0,43;0,00;0,00;112;98;125;17;39;965;899
8460;52,03;-171,08;0,00;0,00;0,00;-0,17;0,00;0,00;457;135;130;41;17;751;338
8461;49,11;-218,89;0,00;0,00;0,00;-0,22;0,00;0,00;443;144;184;23;35;527;213
8462;42,35;-254,50;0,00;0,00;0,00;-0,25;0,00;0,00;82;75;93;18;17;343;495
8463;48,95;-217,68;0,00;0,00;0,00;-0,22;0,00;0,00;126;170;195;31;29;452;908
8464;28,39;-441,68;0,00;0,00;0,00;-0,44;0,00;0,00;114;146;15;25;25;856;539
8465;0,00;-694,50;0,00;0,00;0,00;-0,69;0,00;0,00;54;44;110;10;17;738;461
8466;74,43;48,95;0,00;0,00;0,00;0,05;0,00;0,00;495;156;49;12;19;747;520
8467;52,01;-76,32;0,00;0,00;0,00;-0,08;0,00;0,00;455;35;171;46;18;132;100
8468;21,22;-438,79;0,00;0,00;0,00;-0,44;0,00;0,00;295;54;102;22;39;492;465
8469;41,02;-270,51;0,00;0,00;0,00;-0,27;0,00;0,00;90;103;198;43;39;318;279
8470;38,24;-282,73;0,00;0,00;0,00;-0,28;0,00;0,00;102;128;137;49;32;114;462
8471;61,49;-141,58;0,00;0,00;0,00;-0,14;0,00;0,00;225;87;103;23;38;666;355
8472;5,53;-653,01;0,00;0,00;0,00;-0,65;0,00;0,00;102;92;33;17;29;497;722
8473;75,28;45,06;0,00;0,00;0,00;0,05;0,00;0,00;365;65;42;46;19;183;149
8474;22,29;-561,89;0,00;0,00;0,00;-0,56;0,00;0,00;420;183;14;26;18;692;616
8475;37,57;-352,00;0,00;0,00;0,00;-0,35;0,00;0,00;73;63;162;10;29;758;177
8476;80,20;163,51;0,00;0,00;0,00;0,16;0,00;0,00;168;32;44;33;15;250;174
8477;37,93;-307,51;0,00;0,00;0,00;-0,31;0,00;0,00;421;164;101;19;25;654;380
8478;87,89;173,46;0,00;0,00;0,00;0,17;0,00;0,00;23;141;148;36;21;162;269
8479;31,85;-352,06;0,00;0,00;0,00;-0,35;0,00;0,00;325;42;63;44;36;726;780
8480;100,00;264,43;0,00;0,00;0,00;0,26;0,00;0,00;467;122;79;12;25;672;192
8481;52,97;-172,89;0,00;0,00;0,00;-0,17;0,00;0,00;205;38;71;25;19;937;270
8482;0,00;-663,72;0,00;0,00;0,00;-0,66;0,00;0,00;156;18;115;30;15;316;345
8483;0,00;-630,09;0,00;0,00;0,00;-0,63;0,00;0,00;428;111;12;15;32;419;731
8484;28,67;-349,12;0,00;0,00;0,00;-0,35;0,00;0,00;199;67;177;48;39;119;282
8485;26,92;-527,07;0,00;0,00;0,00;-0,53;0,00;0,00;53;160;24;36;34;771;587
8486;46,00;-286,62;0,00;0,00;0,00;-0,29;0,00;0,00;292;102;79;22;25;219;469
8487;38,85;-293,94;0,00;0,00;0,00;-0,29;0,00;0,00;242;190;81;25;23;772;654
8488;61,70;-159,72;0,00;0,00;0,00;-0,16;0,00;0,00;272;151;145;29;21;178;662
8489;60,76;-85,57;0,00;0,00;0,00;-0,09;0,00;0,00;428;85;183;13;37;961;841
8490;59,94;-106,13;0,00;0,00;0,00;-0,11;0,00;0,00;339;72;155;44;30;911;754
8491;51,77;-279,17;0,00;0,00;0,00;-0,28;0,00;0,00;481;196;49;16;24;826;255
8492;68,67;-36,70;0,00;0,00;0,00;-0,04;0,00;0,00;241;10;54;12;35;378;438
8493;26,58;-388,40;0,00;0,00;0,00;-0,39;0,00;0,00;440;146;167;45;34;480;563
8494;43,72;-235,32;0,00;0,00;0,00;-0,24;0,00;0,00;45;159;44;22;39;659;191
8495;28,82;-370,21;0,00;0,00;0,00;-0,37;0,00;0,00;313;75;42;35;21;933;291
8496;96,27;207,88;0,00;0,00;0,00;0,21;0,00;0,00;92;14;45;31;38;677;595
8497;57,63;-93,13;0,00;0,00;0,00;-0,09;0,00;0,00;313;92;121;11;22;425;486
8498;51,80;-141,36;0,00;0,00;0,00;-0,14;0,00;0,00;495;51;88;45;37;831;906
8499;100,00;290,52;0,00;0,00;0,00;0,29;0,00;0,00;112;112;16;18;15;749;267
8500;54,00;-161,73;0,00;0,00;0,00;-0,16;0,00;0,00;391;78;146;39;24;869;677
8501;39,33;-361,13;0,00;0,00;0,00;-0,36;0,00;0,00;474;183;66;23;37;727;161
8502;9,83;-638,99;0,00;0,00;0,00;-0,64;0,00;0,00;200;76;138;18;24;165;606
8503;44,63;-220,92;0,00;0,00;0,00;-0,22;0,00;0,00;91;119;80;49;29;665;543
8504;0,00;-598,73;0,00;0,00;0,00;-0,60;0,00;0,00;364;157;171;45;18;519;521
8505;51,59;-220,22;0,00;0,00;0,00;-0,22;0,00;0,00;333;163;61;10;21;487;824
8506;88,97;131,56;0,00;0,00;0,00;0,13;0,00;0,00;290;56;45;44;15;790;404
8507;33,73;-318,95;0,00;0,00;0,00;-0,32;0,00;0,00;467;63;115;38;30;368;180
8508;46,85;-182,26;0,00;0,00;0,00;-0,18;0,00;0,00;273;18;199;11;20;702;487
8509;37,19;-346,70;0,00;0,00;0,00;-0,35;0,00;0,00;376;35;158;34;29;416;233
8510;59,26;-146,06;0,00;0,00;0,00;-0,15;0,00;0,00;401;56;138;19;34;639;908
8511;61,20;-155,64;0,00;0,00;0,00;-0,16;0,00;0,00;165;83;131;38;33;841;799
8512;76,03;-53,52;0,00;0,00;0,00;-0,05;0,00;0,00;140;31;121;26;28;650;841
8513;34,59;-344,47;0,00;0,00;0,00;-0,34;0,00;0,00;108;193;187;43;30;426;473
8514;5,94;-642,95;0,00;0,00;0,00;-0,64;0,00;0,00;71;79;151;30;39;423;330
8515;50,28;-78,36;0,00;0,00;0,00;-0,08;0,00;0,00;330;41;68;18;22;985;280
8516;34,91;-323,36;0,00;0,00;0,00;-0,32;0,00;0,00;389;89;178;47;28;506;814
8517;45,65;-156,21;0,00;0,00;0,00;-0,16;0,00;0,00;205;31;12;39;36;470;607
8518;63,36;-101,60;0,00;0,00;0,00;-0,10;0,00;0,00;395;83;12;28;27;881;469
8519;41,54;-261,42;0,00;0,00;0,00;-0,26;0,00;0,00;42;199;174;38;33;194;259
8520;6,62;-556,82;0,00;0,00;0,00;-0,56;0,00;0,00;40;29;18;22;29;633;819
8521;50,32;-240,29;0,00;0,00;0,00;-0,24;0,00;0,00;139;43;125;24;27;678;713
8522;0,00;-600,31;0,00;0,00;0,00;-0,60;0,00;0,00;405;169;156;39;21;713;262
8523;39,67;-232,06;0,00;0,00;0,00;-0,23;0,00;0,00;224;136;115;46;37;326;278
8524;52,61;-181,28;0,00;0,00;0,00;-0,18;0,00;0,00;215;84;20;15;36;719;323
8525;55,77;-90,21;0,00;0,00;0,00;-0,09;0,00;0,00;50;159;177;26;22;797;636
8526;39,22;-265,99;0,00;0,00;0,00;-0,27;0,00;0,00;338;98;85;27;39;191;677
8527;36,89;-357,13;0,00;0,00;0,00;-0,36;0,00;0,00;59;47;33;45;22;885;952
8528;62,68;-73,18;0,00;0,00;0,00;-0,07;0,00;0,00;371;177;149;40;21;395;597
8529;35,74;-430,22;0,00;0,00;0,00;-0,43;0,00;0,00;190;63;182;32;33;176;649
8530;28,38;-372,44;0,00;0,00;0,00;-0,37;0,00;0,00;368;40;178;34;38;310;839
8531;100,00;322,72;0,00;0,00;0,00;0,32;0,00;0,00;421;36;134;40;39;762;219
8532;38,20;-254,33;0,00;0,00;0,00;-0,25;0,00;0,00;229;139;122;16;39;588;426
8533;18,29;-515,12;0,00;0,00;0,00;-0,52;0,00;0,00;199;38;123;29;37;347;721
8534;92,91;209,06;0,00;0,00;0,00;0,21;0,00;0,00;331;198;70;28;31;550;310
8535;96,78;207,55;0,00;0,00;0,00;0,21;0,00;0,00;257;140;68;34;32;135;255
8536;62,94;-123,57;0,00;0,00;0,00;-0,12;0,00;0,00;192;24;38;35;34;864;499
8537;32,48;-372,58;0,00;0,00;0,00;-0,37;0,00;0,00;407;118;144;20;27;973;604
8538;36,92;-335,72;0,00;0,00;0,00;-0,34;0,00;0,00;390;10;93;33;22;104;242
8539;62,75;-66,56;0,00;0,00;0,00;-0,07;0,00;0,00;453;138;114;32;30;575;726
8540;39,29;-317,10;0,00;0,00;0,00;-0,32;0,00;0,00;297;18;159;25;27;253;815
8541;60,04;-162,47;0,00;0,00;0,00;-0,16;0,00;0,00;421;47;143;32;23;792;952
8542;20,82;-472,25;0,00;0,00;0,00;-0,47;0,00;0,00;326;159;109;10;34;603;846
8543;3,13;-642,54;0,00;0,00;0,00;-0,64;0,00;0,00;334;158;189;12;15;219;618
8544;66,42;-64,08;0,00;0,00;0,00;-0,06;0,00;0,00;256;195;66;12;31;674;399
8545;93,11;178,68;0,00;0,00;0,00;0,18;0,00;0,00;201;140;115;12;17;866;100
8546;45,83;-307,56;0,00;0,00;0,00;-0,31;0,00;0,00;421;23;85;24;17;777;281
8547;27,21;-451,06;0,00;0,00;0,00;-0,45;0,00;0,00;392;125;110;43;24;521;981
8548;63,07;-64,51;0,00;0,00;0,00;-0,06;0,00;0,00;168;27;96;20;38;396;333
8549;13,50;-525,96;0,00;0,00;0,00;-0,53;0,00;0,00;421;125;107;35;17;752;843
8550;46,13;-191,04;0,00;0,00;0,00;-0,19;0,00;0,00;18;126;141;47;39;691;345
8551;55,17;-163,58;0,00;0,00;0,00;-0,16;0,00;0,00;122;41;73;46;39;286;883
8552;68,31;-31,60;0,00;0,00;0,00;-0,03;0,00;0,00;424;100;189;45;26;969;592
8553;47,25;-216,62;0,00;0,00;0,00;-0,22;0,00;0,00;341;189;73;20;33;160;475
8554;48,01;-198,38;0,00;0,00;0,00;-0,20;0,00;0,00;83;19;164;11;31;221;906
8555;19,08;-600,31;0,00;0,00;0,00;-0,60;0,00;0,00;293;196;193;28;16;585;763
8556;76,56;44,85;0,00;0,00;0,00;0,04;0,00;0,00;287;79;40;15;32;338;778
8557;71,48;1,33;0,00;0,00;0,00;0,00;0,00;0,00;184;35;165;23;39;220;247
8558;28,98;-412,43;0,00;0,00;0,00;-0,41;0,00;0,00;187;133;173;26;38;301;584
8559;64,94;-6,83;0,00;0,00;0,00;-0,01;0,00;0,00;136;12;85;38;27;657;448
8560;45,57;-248,49;0,00;0,00;0,00;-0,25;0,00;0,00;472;123;103;25;21;904;954
8561;22,86;-454,75;0,00;0,00;0,00;-0,45;0,00;0,00;16;119;13;34;34;227;348
8562;46,56;-165,12;0,00;0,00;0,00;-0,17;0,00;0,00;22;125;110;15;22;770;196
8563;50,98;-218,75;0,00;0,00;0,00;-0,22;0,00;0,00;288;54;10;17;24;368;403
8564;32,18;-357,52;0,00;0,00;0,00;-0,36;0,00;0,00;488;164;146;16;26;776;653
8565;10,71;-633,71;0,00;0,00;0,00;-0,63;0,00;0,00;166;122;102;22;25;781;318
8566;60,25;-67,85;0,00;0,00;0,00;-0,07;0,00;0,00;199;53;115;12;15;384;138
8567;43,44;-348,68;0,00;0,00;0,00;-0,35;0,00;0,00;232;46;148;38;22;363;301
8568;55,78;-172,50;0,00;0,00;0,00;-0,17;0,00;0,00;89;46;117;19;28;794;182
8569;34,50;-268,84;0,00;0,00;0,00;-0,27;0,00;0,00;242;162;107;25;28;763;337
8570;55,30;-193,86;0,00;0,00;0,00;-0,19;0,00;0,00;193;154;114;46;38;131;347
8571;79,17;67,92;0,00;0,00;0,00;0,07;0,00;0,00;396;37;12;48;28;957;387
8572;35,19;-378,93;0,00;0,00;0,00;-0,38;0,00;0,00;408;61;52;13;27;963;677
8573;62,73;-75,88;0,00;0,00;0,00;-0,08;0,00;0,00;460;186;37;32;20;739;125
8574;100,00;372,67;0,00;0,00;0,00;0,37;0,00;0,00;320;97;124;48;26;834;447
8575;52,43;-108,78;0,00;0,00;0,00;-0,11;0,00;0,00;267;147;54;31;34;244;866
8576;50,07;-139,09;0,00;0,00;0,00;-0,14;0,00;0,00;40;101;193;17;15;175;332
8577;43,88;-228,28;0,00;0,00;0,00;-0,23;0,00;0,00;449;149;82;26;20;144;836
8578;76,14;74,06;0,00;0,00;0,00;0,07;0,00;0,00;87;75;41;40;19;172;545
8579;39,21;-268,75;0,00;0,00;0,00;-0,27;0,00;0,00;417;83;177;32;17;179;852
8580;76,71;62,26;0,00;0,00;0,00;0,06;0,00;0,00;317;24;56;12;37;912;387
8581;38,20;-323,27;0,00;0,00;0,00;-0,32;0,00;0,00;141;167;17;39;17;890;353
8582;32,20;-369,15;0,00;0,00;0,00;-0,37;0,00;0,00;476;132;49;36;32;557;964
8583;46,79;-210,71;0,00;0,00;0,00;-0,21;0,00;0,00;38;37;80;23;34;134;269
8584;74,32;95,91;0,00;0,00;0,00;0,10;0,00;0,00;124;99;71;43;35;567;980
8585;24,96;-396,62;0,00;0,00;0,00;-0,40;0,00;0,00;456;74;34;46;34;155;501
8586;78,37;107,11;0,00;0,00;0,00;0,11;0,00;0,00;57;49;34;42;23;397;638
8587;15,05;-509,28;0,00;0,00;0,00;-0,51;0,00;0,00;33;195;101;38;39;511;334
8588;38,03;-381,86;0,00;0,00;0,00;-0,38;0,00;0,00;484;47;142;36;16;756;650
8589;67,60;-97,38;0,00;0,00;0,00;-0,10;0,00;0,00;267;61;141;25;25;361;101
8590;82,19;107,57;0,00;0,00;0,00;0,11;0,00;0,00;325;39;149;34;37;864;655
8591;47,39;-230,43;0,00;0,00;0,00;-0,23;0,00;0,00;107;93;120;21;22;598;934
8592;60,18;-104,15;0,00;0,00;0,00;-0,10;0,00;0,00;79;49;90;11;15;141;557
8593;52,32;-175,15;0,00;0,00;0,00;-0,18;0,00;0,00;350;19;177;47;39;948;139
8594;28,55;-346,67;0,00;0,00;0,00;-0,35;0,00;0,00;230;165;160;20;23;597;273
8595;47,17;-245,57;0,00;0,00;0,00;-0,25;0,00;0,00;99;193;162;30;25;327;121
8596;3,14;-725,47;0,00;0,00;0,00;-0,73;0,00;0,00;213;78;123;20;15;200;215
8597;31,85;-432,07;0,00;0,00;0,00;-0,43;0,00;0,00;129;113;45;19;27;824;846
8598;82,29;133,81;0,00;0,00;0,00;0,13;0,00;0,00;126;34;104;12;23;786;340
8599;45,07;-167,92;0,00;0,00;0,00;-0,17;0,00;0,00;187;57;156;21;26;179;567
8600;75,68;38,39;0,00;0,00;0,00;0,04;0,00;0,00;440;133;199;26;30;368;629
8601;70,26;49,91;0,00;0,00;0,00;0,05;0,00;0,00;160;195;164;36;38;173;904
8602;23,51;-441,67;0,00;0,00;0,00;-0,44;0,00;0,00;77;179;134;34;39;995;609
8603;28,66;-433,05;0,00;0,00;0,00;-0,43;0,00;0,00;264;36;15;25;37;137;203
8604;76,24;66,65;0,00;0,00;0,00;0,07;0,00;0,00;396;90;36;22;17;340;757
8605;35,10;-308,26;0,00;0,00;0,00;-0,31;0,00;0,00;285;165;135;43;23;100;202
8606;54,26;-134,19;0,00;0,00;0,00;-0,13;0,00;0,00;190;132;93;23;21;543;786
8607;76,38;-0,74;0,00;0,00;0,00;-0,00;0,00;0,00;50;11;11;23;24;669;618
8608;84,33;88,16;0,00;0,00;0,00;0,09;0,00;0,00;285;161;123;18;32;498;160
8609;40,83;-236,62;0,00;0,00;0,00;-0,24;0,00;0,00;394;151;29;39;36;868;778
8610;33,95;-307,67;0,00;0,00;0,00;-0,31;0,00;0,00;384;163;179;35;28;963;949
8611;20,33;-569,11;0,00;0,00;0,00;-0,57;0,00;0,00;418;46;136;27;38;466;209
8612;25,73;-346,30;0,00;0,00;0,00;-0,35;0,00;0,00;114;42;46;28;27;765;224
8613;19,46;-489,59;0,00;0,00;0,00;-0,49;0,00;0,00;479;178;98;34;21;920;391
8614;68,05;-65,51;0,00;0,00;0,00;-0,07;0,00;0,00;307;89;79;49;24;682;950
8615;45,54;-220,26;0,00;0,00;0,00;-0,22;0,00;0,00;92;97;175;23;32;538;959
8616;53,18;-162,99;0,00;0,00;0,00;-0,16;0,00;0,00;198;121;75;47;35;899;742
8617;100,00;226,40;0,00;0,00;0,00;0,23;0,00;0,00;58;38;124;16;20;162;282
8618;67,53;64,41;0,00;0,00;0,00;0,06;0,00;0,00;187;79;39;27;16;728;545
8619;50,06;-200,78;0,00;0,00;0,00;-0,20;0,00;0,00;348;160;85;28;31;675;286
8620;31,13;-257,47;0,00;0,00;0,00;-0,26;0,00;0,00;134;130;148;17;15;296;721
8621;10,98;-680,12;0,00;0,00;0,00;-0,68;0,00;0,00;342;17;86;30;32;959;550
8622;37,77;-295,45;0,00;0,00;0,00;-0,30;0,00;0,00;181;58;121;38;33;508;261
8623;18,10;-556,37;0,00;0,00;0,00;-0,56;0,00;0,00;85;153;65;35;28;173;625
8624;45,00;-236,05;0,00;0,00;0,00;-0,24;0,00;0,00;294;43;130;42;27;536;593
8625;36,54;-437,71;0,00;0,00;0,00;-0,44;0,00;0,00;340;159;16;38;18;401;612
8626;58,72;-129,39;0,00;0,00;0,00;-0,13;0,00;0,00;119;88;85;43;36;928;929
8627;64,75;-68,46;0,00;0,00;0,00;-0,07;0,00;0,00;277;115;146;21;34;515;371
8628;72,12;-25,98;0,00;0,00;0,00;-0,03;0,00;0,00;94;129;142;11;36;943;380
8629;55,22;-76,14;0,00;0,00;0,00;-0,08;0,00;0,00;388;11;59;21;31;339;550
8630;54,15;-106,81;0,00;0,00;0,00;-0,11;0,00;0,00;40;12;19;33;29;258;555
8631;58,47;-175,01;0,00;0,00;0,00;-0,18;0,00;0,00;267;162;70;41;21;882;292
8632;33,26;-259,22;0,00;0,00;0,00;-0,26;0,00;0,00;126;135;177;26;29;866;728
8633;34,35;-361,12;0,00;0,00;0,00;-0,36;0,00;0,00;229;121;119;31;15;490;100
8634;34,43;-309,93;0,00;0,00;0,00;-0,31;0,00;0,00;421;171;12;27;15;823;703
8635;50,42;-156,47;0,00;0,00;0,00;-0,16;0,00;0,00;385;178;124;10;20;928;110
8636;74,03;64,78;0,00;0,00;0,00;0,06;0,00;0,00;28;163;167;48;39;215;866
8637;73,77;28,69;0,00;0,00;0,00;0,03;0,00;0,00;72;91;68;24;16;721;325
8638;60,11;-75,01;0,00;0,00;0,00;-0,08;0,00;0,00;356;161;62;15;29;688;728
8639;23,49;-525,37;0,00;0,00;0,00;-0,53;0,00;0,00;422;156;130;18;17;276;939
8640;26,71;-497,41;0,00;0,00;0,00;-0,50;0,00;0,00;487;80;173;42;22;126;708
8641;50,38;-238,66;0,00;0,00;0,00;-0,24;0,00;0,00;37;58;155;18;39;324;912
8642;51,39;-125,52;0,00;0,00;0,00;-0,13;0,00;0,00;434;188;26;40;34;413;511
8643;71,20;34,21;0,00;0,00;0,00;0,03;0,00;0,00;280;61;13;18;16;421;604
8644;100,00;398,14;0,00;0,00;0,00;0,40;0,00;0,00;97;113;105;22;25;913;304
8645;79,68;138,52;0,00;0,00;0,00;0,14;0,00;0,00;190;198;180;37;26;179;161
8646;75,69;67,94;0,00;0,00;0,00;0,07;0,00;0,00;174;31;64;31;21;427;912
8647;40,69;-334,83;0,00;0,00;0,00;-0,33;0,00;0,00;179;129;76;16;32;476;507
8648;39,59;-235,54;0,00;0,00;0,00;-0,24;0,00;0,00;330;116;149;35;28;310;242
8649;65,31;6,33;0,00;0,00;0,00;0,01;0,00;0,00;60;79;104;44;38;824;692
8650;58,10;-107,15;0,00;0,00;0,00;-0,11;0,00;0,00;413;143;176;29;19;419;558
8651;58,12;-166,65;0,00;0,00;0,00;-0,17;0,00;0,00;211;151;102;21;36;694;365
8652;40,08;-317,92;0,00;0,00;0,00;-0,32;0,00;0,00;444;155;19;48;18;299;276
8653;74,44;46,32;0,00;0,00;0,00;0,05;0,00;0,00;209;47;69;44;20;531;165
8654;44,36;-345,78;0,00;0,00;0,00;-0,35;0,00;0,00;479;172;193;42;39;553;845
8655;0,00;-628,59;0,00;0,00;0,00;-0,63;0,00;0,00;391;96;106;24;36;208;991
8656;50,59;-170,79;0,00;0,00;0,00;-0,17;0,00;0,00;213;187;177;36;15;254;332
8657;34,72;-309,20;0,00;0,00;0,00;-0,31;0,00;0,00;19;54;132;42;30;485;645
8658;80,30;181,30;0,00;0,00;0,00;0,18;0,00;0,00;207;197;66;13;31;389;404
8659;38,37;-252,80;0,00;0,00;0,00;-0,25;0,00;0,00;56;41;69;33;19;940;731
8660;34,37;-414,16;0,00;0,00;0,00;-0,41;0,00;0,00;475;104;144;35;37;170;272
8661;55,30;-317,41;0,00;0,00;0,00;-0,32;0,00;0,00;216;146;46;34;16;704;186
8662;47,71;-174,58;0,00;0,00;0,00;-0,17;0,00;0,00;168;175;68;28;27;559;173
8663;43,87;-192,89;0,00;0,00;0,00;-0,19;0,00;0,00;479;153;119;44;35;827;372
8664;33,11;-316,58;0,00;0,00;0,00;-0,32;0,00;0,00;360;135;44;43;39;353;591
8665;30,12;-493,85;0,00;0,00;0,00;-0,49;0,00;0,00;262;144;107;22;31;745;615
8666;75,33;-40,16;0,00;0,00;0,00;-0,04;0,00;0,00;473;171;144;36;32;668;978
8667;28,87;-462,77;0,00;0,00;0,00;-0,46;0,00;0,00;198;75;59;30;34;609;629
8668;59,75;-48,74;0,00;0,00;0,00;-0,05;0,00;0,00;490;193;74;41;39;591;910
8669;50,57;-140,13;0,00;0,00;0,00;-0,14;0,00;0,00;36;95;195;45;30;909;244
8670;91,06;237,12;0,00;0,00;0,00;0,24;0,00;0,00;459;35;19;24;19;804;803
8671;53,58;-152,02;0,00;0,00;0,00;-0,15;0,00;0,00;146;47;162;21;18;944;930
8672;32,60;-431,73;0,00;0,00;0,00;-0,43;0,00;0,00;144;119;68;45;22;956;142
8673;73,80;58,04;0,00;0,00;0,00;0,06;0,00;0,00;56;110;188;35;24;154;897
8674;46,60;-227,00;0,00;0,00;0,00;-0,23;0,00;0,00;116;171;176;15;35;831;940
8675;18,35;-568,84;0,00;0,00;0,00;-0,57;0,00;0,00;210;122;23;46;17;209;891
8676;46,18;-300,53;0,00;0,00;0,00;-0,30;0,00;0,00;168;118;16;20;25;603;527
8677;23,95;-465,55;0,00;0,00;0,00;-0,47;0,00;0,00;79;171;110;48;28;182;878
8678;73,72;9,30;0,00;0,00;0,00;0,01;0,00;0,00;412;93;83;23;19;857;602
8679;57,25;-40,04;0,00;0,00;0,00;-0,04;0,00;0,00;378;16;161;39;38;890;555
8680;100,00;274,10;0,00;0,00;0,00;0,27;0,00;0,00;378;92;104;36;17;582;887
8681;55,72;-276,79;0,00;0,00;0,00;-0,28;0,00;0,00;281;138;171;26;35;505;716
8682;100,00;342,21;0,00;0,00;0,00;0,34;0,00;0,00;436;24;114;30;26;350;512
8683;65,65;-98,26;0,00;0,00;0,00;-0,10;0,00;0,00;52;138;103;14;18;659;909
8684;13,45;-594,41;0,00;0,00;0,00;-0,59;0,00;0,00;55;86;10;10;15;912;167
8685;57,71;-144,86;0,00;0,00;0,00;-0,14;0,00;0,00;287;176;156;41;17;127;784
8686;72,75;0,26;0,00;0,00;0,00;0,00;0,00;0,00;116;159;97;32;32;706;909
8687;70,38;23,82;0,00;0,00;0,00;0,02;0,00;0,00;206;102;139;20;35;530;135
8688;88,44;227,05;0,00;0,00;0,00;0,23;0,00;0,00;116;187;130;20;27;829;666
8689;62,31;-36,53;0,00;0,00;0,00;-0,04;0,00;0,00;328;70;63;38;21;971;631
8690;14,56;-587,98;0,00;0,00;0,00;-0,59;0,00;0,00;135;122;65;32;36;257;870
8691;29,87;-426,13;0,00;0,00;0,00;-0,43;0,00;0,00;487;123;163;13;31;659;200
8692;39,77;-295,46;0,00;0,00;0,00;-0,30;0,00;0,00;189;172;89;47;32;297;747
8693;48,56;-178,15;0,00;0,00;0,00;-0,18;0,00;0,00;266;73;184;11;31;931;162
8694;83,14;122,93;0,00;0,00;0,00;0,12;0,00;0,00;106;103;28;30;38;466;633
8695;75,83;33,83;0,00;0,00;0,00;0,03;0,00;0,00;103;132;95;19;17;387;557
8696;45,87;-239,78;0,00;0,00;0,00;-0,24;0,00;0,00;171;58;39;40;28;717;282
8697;68,33;-47,32;0,00;0,00;0,00;-0,05;0,00;0,00;499;193;129;28;27;924;863
8698;38,83;-304,99;0,00;0,00;0,00;-0,30;0,00;0,00;334;100;74;29;34;922;393
8699;81,18;126,87;0,00;0,00;0,00;0,13;0,00;0,00;422;50;62;32;29;427;229
8700;45,05;-285,47;0,00;0,00;0,00;-0,29;0,00;0,00;457;97;38;10;33;755;437
8701;98,46;357,31;0,00;0,00;0,00;0,36;0,00;0,00;207;142;107;41;16;256;149
8702;86,27;245,21;0,00;0,00;0,00;0,25;0,00;0,00;314;177;45;10;15;437;442
8703;76,53;-48,06;0,00;0,00;0,00;-0,05;0,00;0,00;321;114;131;10;22;342;517
8704;84,11;63,58;0,00;0,00;0,00;0,06;0,00;0,00;416;178;66;25;18;838;757
8705;44,52;-210,12;0,00;0,00;0,00;-0,21;0,00;0,00;426;62;88;22;26;778;505
8706;67,25;-2,34;0,00;0,00;0,00;-0,00;0,00;0,00;322;80;80;14;29;278;941
8707;86,40;167,89;0,00;0,00;0,00;0,17;0,00;0,00;481;29;144;41;31;469;194
8708;72,55;23,62;0,00;0,00;0,00;0,02;0,00;0,00;396;109;91;39;32;740;829
8709;66,10;-2,93;0,00;0,00;0,00;-0,00;0,00;0,00;427;85;39;40;16;246;918
8710;99,81;307,53;0,00;0,00;0,00;0,31;0,00;0,00;399;83;72;22;31;329;910
8711;76,89;52,42;0,00;0,00;0,00;0,05;0,00;0,00;379;177;164;32;39;199;253
8712;25,52;-405,23;0,00;0,00;0,00;-0,41;0,00;0,00;27;92;68;16;16;603;906
8713;0,00;-717,42;0,00;0,00;0,00;-0,72;0,00;0,00;487;108;185;40;15;662;892
8714;87,90;177,90;0,00;0,00;0,00;0,18;0,00;0,00;131;10;154;37;35;307;534
8715;66,24;-42,69;0,00;0,00;0,00;-0,04;0,00;0,00;321;46;52;40;34;952;582
8716;43,86;-266,59;0,00;0,00;0,00;-0,27;0,00;0,00;215;151;37;44;15;492;896
8717;16,18;-502,95;0,00;0,00;0,00;-0,50;0,00;0,00;462;78;128;18;19;120;715
8718;73,05;-10,69;0,00;0,00;0,00;-0,01;0,00;0,00;238;166;180;38;38;441;642
8719;9,02;-593,97;0,00;0,00;0,00;-0,59;0,00;0,00;295;153;105;12;23;745;998
8720;45,73;-249,09;0,00;0,00;0,00;-0,25;0,00;0,00;302;65;55;29;25;921;990
8721;31,74;-416,07;0,00;0,00;0,00;-0,42;0,00;0,00;472;65;107;35;25;124;630
8722;50,95;-238,93;0,00;0,00;0,00;-0,24;0,00;0,00;271;162;160;27;27;453;396
8723;0,00;-730,22;0,00;0,00;0,00;-0,73;0,00;0,00;424;46;159;42;18;929;387
8724;53,42;-199,56;0,00;0,00;0,00;-0,20;0,00;0,00;204;53;57;31;25;718;181
8725;67,87;-35,68;0,00;0,00;0,00;-0,04;0,00;0,00;286;118;12;26;22;940;864
8726;79,94;193,04;0,00;0,00;0,00;0,19;0,00;0,00;341;35;151;44;23;757;521
8727;16,63;-483,24;0,00;0,00;0,00;-0,48;0,00;0,00;410;15;52;23;25;887;122
8728;23,92;-432,24;0,00;0,00;0,00;-0,43;0,00;0,00;144;117;149;32;16;963;423
8729;28,61;-517,00;0,00;0,00;0,00;-0,52;0,00;0,00;319;193;135;38;35;763;932
8730;36,76;-315,90;0,00;0,00;0,00;-0,32;0,00;0,00;86;92;197;12;28;508;320
8731;49,89;-170,28;0,00;0,00;0,00;-0,17;0,00;0,00;115;95;100;33;34;720;871
8732;70,35;119,00;0,00;0,00;0,00;0,12;0,00;0,00;17;107;143;44;18;167;298
8733;54,13;-207,71;0,00;0,00;0,00;-0,21;0,00;0,00;213;119;105;48;15;367;119
8734;11,84;-571,10;0,00;0,00;0,00;-0,57;0,00;0,00;464;73;53;42;17;818;875
8735;63,62;-60,68;0,00;0,00;0,00;-0,06;0,00;0,00;290;115;32;26;20;534;750
8736;51,11;-226,50;0,00;0,00;0,00;-0,23;0,00;0,00;363;185;135;18;25;126;298
8737;60,73;-36,58;0,00;0,00;0,00;-0,04;0,00;0,00;162;34;146;29;16;389;771
8738;82,46;37,56;0,00;0,00;0,00;0,04;0,00;0,00;191;183;147;48;22;451;487
8739;45,91;-209,48;0,00;0,00;0,00;-0,21;0,00;0,00;306;187;116;33;34;329;503
8740;25,20;-507,67;0,00;0,00;0,00;-0,51;0,00;0,00;114;78;188;13;16;780;902
8741;93,44;300,04;0,00;0,00;0,00;0,30;0,00;0,00;119;29;194;33;35;908;213
8742;2,42;-705,19;0,00;0,00;0,00;-0,71;0,00;0,00;167;171;12;41;37;339;339
8743;57,58;-117,20;0,00;0,00;0,00;-0,12;0,00;0,00;451;81;142;45;28;485;103
8744;34,94;-275,18;0,00;0,00;0,00;-0,28;0,00;0,00;180;129;17;28;29;619;242
8745;15,52;-444,90;0,00;0,00;0,00;-0,44;0,00;0,00;241;158;152;41;38;348;751
8746;48,20;-185,50;0,00;0,00;0,00;-0,19;0,00;0,00;11;181;92;11;33;670;628
8747;50,34;-232,46;0,00;0,00;0,00;-0,23;0,00;0,00;418;167;143;43;28;234;184
8748;60,02;-120,14;0,00;0,00;0,00;-0,12;0,00;0,00;109;30;23;14;22;923;690
8749;56,52;-111,98;0,00;0,00;0,00;-0,11;0,00;0,00;487;133;70;40;19;687;540
8750;22,42;-499,36;0,00;0,00;0,00;-0,50;0,00;0,00;22;122;14;10;27;920;392
8751;63,41;-100,75;0,00;0,00;0,00;-0,10;0,00;0,00;439;167;81;24;28;315;493
8752;79,02;195,02;0,00;0,00;0,00;0,20;0,00;0,00;473;146;160;42;15;273;946
8753;52,15;-256,27;0,00;0,00;0,00;-0,26;0,00;0,00;441;166;67;30;18;505;323
8754;21,27;-548,42;0,00;0,00;0,00;-0,55;0,00;0,00;66;189;137;49;16;482;937
8755;81,53;103,19;0,00;0,00;0,00;0,10;0,00;0,00;130;146;144;17;23;776;436
8756;30,54;-376,23;0,00;0,00;0,00;-0,38;0,00;0,00;495;177;35;48;33;859;344
8757;60,98;-98,23;0,00;0,00;0,00;-0,10;0,00;0,00;191;172;81;36;15;986;209
8758;71,85;6,68;0,00;0,00;0,00;0,01;0,00;0,00;232;131;124;30;17;642;774
8759;54,10;-270,77;0,00;0,00;0,00;-0,27;0,00;0,00;238;193;78;37;30;543;743
8760;9,29;-596,88;0,00;0,00;0,00;-0,60;0,00;0,00;359;49;180;12;26;421;208
8761;39,36;-308,41;0,00;0,00;0,00;-0,31;0,00;0,00;82;40;57;42;38;154;855
8762;39,80;-241,43;0,00;0,00;0,00;-0,24;0,00;0,00;31;135;40;19;36;571;573
8763;14,83;-573,66;0,00;0,00;0,00;-0,57;0,00;0,00;456;37;81;42;32;119;504
8764;68,15;29,22;0,00;0,00;0,00;0,03;0,00;0,00;343;170;135;24;27;808;541
8765;16,18;-491,08;0,00;0,00;0,00;-0,49;0,00;0,00;14;54;142;27;33;973;440
8766;40,30;-253,00;0,00;0,00;0,00;-0,25;0,00;0,00;366;139;167;31;39;155;192
8767;81,26;225,24;0,00;0,00;0,00;0,23;0,00;0,00;199;116;88;48;34;697;645
8768;84,63;78,94;0,00;0,00;0,00;0,08;0,00;0,00;191;166;195;40;35;858;101
8769;33,37;-371,17;0,00;0,00;0,00;-0,37;0,00;0,00;338;29;138;20;33;995;774
8770;69,41;-4,86;0,00;0,00;0,00;-0,00;0,00;0,00;287;139;171;47;25;531;809
8771;100,00;300,10;0,00;0,00;0,00;0,30;0,00;0,00;428;83;144;17;38;298;380
8772;40,34;-338,07;0,00;0,00;0,00;-0,34;0,00;0,00;174;127;197;37;38;114;186
8773;74,05;78,36;0,00;0,00;0,00;0,08;0,00;0,00;203;71;53;16;37;631;318
8774;34,33;-341,24;0,00;0,00;0,00;-0,34;0,00;0,00;448;21;34;39;25;374;459
8775;8,48;-591,74;0,00;0,00;0,00;-0,59;0,00;0,00;141;79;199;16;31;807;637
8776;47,48;-193,92;0,00;0,00;0,00;-0,19;0,00;0,00;151;199;80;14;16;567;742
8777;71,88;-51,35;0,00;0,00;0,00;-0,05;0,00;0,00;441;115;111;17;39;794;971
8778;100,00;252,78;0,00;0,00;0,00;0,25;0,00;0,00;208;188;50;14;33;854;207
8779;21,23;-519,73;0,00;0,00;0,00;-0,52;0,00;0,00;53;194;71;42;22;959;678
8780;74,25;87,25;0,00;0,00;0,00;0,09;0,00;0,00;445;21;12;17;30;211;820
8781;11,82;-490,91;0,00;0,00;0,00;-0,49;0,00;0,00;242;87;113;49;15;569;616
8782;47,88;-262,57;0,00;0,00;0,00;-0,26;0,00;0,00;28;151;14;39;15;904;347
8783;78,60;108,25;0,00;0,00;0,00;0,11;0,00;0,00;242;159;190;32;26;151;279
8784;74,06;65,49;0,00;0,00;0,00;0,07;0,00;0,00;162;76;13;28;26;830;175
8785;29,49;-397,52;0,00;0,00;0,00;-0,40;0,00;0,00;10;106;155;10;32;527;720
8786;0,00;-766,44;0,00;0,00;0,00;-0,77;0,00;0,00;354;84;96;35;25;441;930
8787;78,70;40,75;0,00;0,00;0,00;0,04;0,00;0,00;146;164;43;24;26;349;271
8788;50,40;-279,94;0,00;0,00;0,00;-0,28;0,00;0,00;367;142;42;14;20;820;766
8789;64,29;-104,27;0,00;0,00;0,00;-0,10;0,00;0,00;325;138;177;42;30;137;662
8790;21,05;-444,74;0,00;0,00;0,00;-0,44;0,00;0,00;242;136;120;21;17;790;113
8791;68,04;27,88;0,00;0,00;0,00;0,03;0,00;0,00;31;29;61;41;17;387;220
8792;100,00;230,70;0,00;0,00;0,00;0,23;0,00;0,00;446;109;135;40;20;324;790
8793;79,18;123,04;0,00;0,00;0,00;0,12;0,00;0,00;416;11;125;13;29;216;954
8794;95,94;314,62;0,00;0,00;0,00;0,31;0,00;0,00;83;198;132;12;39;512;784
8795;62,95;-130,77;0,00;0,00;0,00;-0,13;0,00;0,00;366;20;77;30;16;707;808
8796;57,80;-123,59;0,00;0,00;0,00;-0,12;0,00;0,00;413;157;114;12;22;397;482
8797;42,14;-322,89;0,00;0,00;0,00;-0,32;0,00;0,00;193;120;113;24;34;729;763
8798;58,21;-180,02;0,00;0,00;0,00;-0,18;0,00;0,00;464;118;146;48;18;588;271
8799;17,71;-565,02;0,00;0,00;0,00;-0,57;0,00;0,00;37;131;88;40;21;316;924
8800;23,85;-568,02;0,00;0,00;0,00;-0,57;0,00;0,00;143;94;123;30;25;440;151
8801;63,56;-161,82;0,00;0,00;0,00;-0,16;0,00;0,00;42;175;93;27;35;472;651
8802;22,49;-451,52;0,00;0,00;0,00;-0,45;0,00;0,00;235;77;152;20;37;287;694
8803;35,47;-390,17;0,00;0,00;0,00;-0,39;0,00;0,00;449;185;105;32;15;695;551
8804;61,61;-164,51;0,00;0,00;0,00;-0,16;0,00;0,00;70;87;161;39;23;775;428
8805;67,43;-51,68;0,00;0,00;0,00;-0,05;0,00;0,00;112;43;141;17;29;276;750
8806;51,42;-261,39;0,00;0,00;0,00;-0,26;0,00;0,00;396;111;182;43;19;195;619
8807;40,79;-392,54;0,00;0,00;0,00;-0,39;0,00;0,00;54;97;184;47;15;960;137
8808;27,21;-369,66;0,00;0,00;0,00;-0,37;0,00;0,00;62;99;44;17;30;613;469
8809;62,60;-81,79;0,00;0,00;0,00;-0,08;0,00;0,00;264;118;144;10;17;855;552
8810;38,58;-319,84;0,00;0,00;0,00;-0,32;0,00;0,00;82;146;11;38;20;506;330
8811;69,06;94,28;0,00;0,00;0,00;0,09;0,00;0,00;77;92;150;31;37;442;155
8812;91,83;286,28;0,00;0,00;0,00;0,29;0,00;0,00;357;178;68;45;26;603;452
8813;47,34;-244,84;0,00;0,00;0,00;-0,24;0,00;0,00;333;116;191;30;20;259;285
8814;50,67;-254,62;0,00;0,00;0,00;-0,25;0,00;0,00;183;100;185;40;34;242;524
8815;64,60;-31,46;0,00;0,00;0,00;-0,03;0,00;0,00;214;49;167;21;32;940;644
8816;70,90;9,81;0,00;0,00;0,00;0,01;0,00;0,00;301;144;116;25;23;214;447
8817;44,49;-241,25;0,00;0,00;0,00;-0,24;0,00;0,00;417;103;195;39;36;326;757
8818;57,09;-98,94;0,00;0,00;0,00;-0,10;0,00;0,00;87;149;196;19;27;502;420
8819;47,96;-212,30;0,00;0,00;0,00;-0,21;0,00;0,00;136;183;90;34;34;222;277
8820;44,73;-221,88;0,00;0,00;0,00;-0,22;0,00;0,00;451;98;171;14;24;125;726
8821;48,41;-176,55;0,00;0,00;0,00;-0,18;0,00;0,00;212;170;190;16;16;459;899
8822;39,18;-257,11;0,00;0,00;0,00;-0,26;0,00;0,00;182;12;117;17;35;653;168
8823;80,65;117,46;0,00;0,00;0,00;0,12;0,00;0,00;181;136;103;13;17;766;631
8824;44,87;-245,84;0,00;0,00;0,00;-0,25;0,00;0,00;35;52;37;14;21;146;718
8825;61,98;-134,86;0,00;0,00;0,00;-0,13;0,00;0,00;364;182;45;33;35;101;192
8826;54,30;-110,02;0,00;0,00;0,00;-0,11;0,00;0,00;105;159;133;11;20;715;937
8827;83,76;128,08;0,00;0,00;0,00;0,13;0,00;0,00;462;54;158;22;34;287;647
8828;20,12;-419,20;0,00;0,00;0,00;-0,42;0,00;0,00;51;77;177;19;18;957;793
8829;39,23;-277,48;0,00;0,00;0,00;-0,28;0,00;0,00;33;114;181;38;21;749;181
8830;61,26;-57,20;0,00;0,00;0,00;-0,06;0,00;0,00;41;56;96;25;38;508;444
8831;0,00;-719,97;0,00;0,00;0,00;-0,72;0,00;0,00;115;190;128;45;33;314;449
8832;65,19;-51,79;0,00;0,00;0,00;-0,05;0,00;0,00;110;73;60;42;19;661;420
8833;31,38;-318,83;0,00;0,00;0,00;-0,32;0,00;0,00;490;149;49;34;23;955;222
8834;38,93;-209,85;0,00;0,00;0,00;-0,21;0,00;0,00;257;36;131;46;15;257;160
8835;57,21;-50,18;0,00;0,00;0,00;-0,05;0,00;0,00;241;170;40;41;35;765;669
8836;38,50;-364,18;0,00;0,00;0,00;-0,36;0,00;0,00;256;92;124;34;28;355;916
8837;37,87;-359,76;0,00;0,00;0,00;-0,36;0,00;0,00;122;154;152;49;27;278;657
8838;17,86;-503,09;0,00;0,00;0,00;-0,50;0,00;0,00;367;78;91;40;20;458;656
8839;72,49;37,40;0,00;0,00;0,00;0,04;0,00;0,00;19;187;142;18;17;365;159
8840;50,30;-101,74;0,00;0,00;0,00;-0,10;0,00;0,00;156;112;180;32;15;319;214
8841;49,15;-163,02;0,00;0,00;0,00;-0,16;0,00;0,00;334;113;156;48;24;391;659
8842;56,28;-176,64;0,00;0,00;0,00;-0,18;0,00;0,00;223;27;36;22;30;596;242
8843;45,60;-249,95;0,00;0,00;0,00;-0,25;0,00;0,00;81;15;182;12;22;245;212
8844;30,82;-404,37;0,00;0,00;0,00;-0,40;0,00;0,00;329;80;146;11;36;991;608
8845;31,37;-413,36;0,00;0,00;0,00;-0,41;0,00;0,00;75;81;12;30;37;680;125
8846;62,56;-74,10;0,00;0,00;0,00;-0,07;0,00;0,00;319;24;44;17;35;934;817
8847;22,58;-438,05;0,00;0,00;0,00;-0,44;0,00;0,00;250;35;179;21;23;401;875
8848;62,11;-39,76;0,00;0,00;0,00;-0,04;0,00;0,00;185;108;52;30;21;944;425
8849;41,48;-274,64;0,00;0,00;0,00;-0,27;0,00;0,00;454;184;171;46;35;780;775
8850;56,16;-302,06;0,00;0,00;0,00;-0,30;0,00;0,00;372;25;17;13;16;739;529
8851;30,81;-431,13;0,00;0,00;0,00;-0,43;0,00;0,00;368;182;190;28;16;156;479
8852;51,45;-239,11;0,00;0,00;0,00;-0,24;0,00;0,00;81;178;171;33;32;246;819
8853;40,94;-296,81;0,00;0,00;0,00;-0,30;0,00;0,00;456;113;88;29;19;911;817
8854;22,78;-491,21;0,00;0,00;0,00;-0,49;0,00;0,00;127;91;50;49;22;919;632
8855;36,38;-371,36;0,00;0,00;0,00;-0,37;0,00;0,00;337;91;151;40;22;349;854
8856;41,89;-252,53;0,00;0,00;0,00;-0,25;0,00;0,00;402;50;184;40;24;129;737
8857;93,36;251,76;0,00;0,00;0,00;0,25;0,00;0,00;304;195;94;43;28;180;894
8858;61,51;-31,56;0,00;0,00;0,00;-0,03;0,00;0,00;299;189;141;25;17;995;745
8859;43,39;-190,83;0,00;0,00;0,00;-0,19;0,00;0,00;401;100;167;49;32;636;753
8860;70,33;58,70;0,00;0,00;0,00;0,06;0,00;0,00;145;135;190;18;38;480;665
8861;85,14;147,21;0,00;0,00;0,00;0,15;0,00;0,00;254;12;122;38;15;817;806
8862;18,52;-547,45;0,00;0,00;0,00;-0,55;0,00;0,00;313;131;92;11;35;498;580
8863;46,21;-223,10;0,00;0,00;0,00;-0,22;0,00;0,00;114;183;43;24;30;941;183
8864;63,80;-109,18;0,00;0,00;0,00;-0,11;0,00;0,00;274;187;193;24;32;806;293
8865;46,67;-250,29;0,00;0,00;0,00;-0,25;0,00;0,00;255;110;118;39;17;779;988
8866;15,88;-612,66;0,00;0,00;0,00;-0,61;0,00;0,00;477;176;14;29;19;435;636
8867;25,66;-446,40;0,00;0,00;0,00;-0,45;0,00;0,00;364;17;102;28;21;445;749
8868;30,23;-472,22;0,00;0,00;0,00;-0,47;0,00;0,00;79;93;74;48;27;538;695
8869;41,59;-281,61;0,00;0,00;0,00;-0,28;0,00;0,00;351;183;31;14;20;633;517
8870;47,98;-288,88;0,00;0,00;0,00;-0,29;0,00;0,00;70;68;151;28;25;387;364
8871;7,06;-624,40;0,00;0,00;0,00;-0,62;0,00;0,00;201;53;177;47;18;443;716
8872;83,46;153,74;0,00;0,00;0,00;0,15;0,00;0,00;484;97;14;19;34;638;408
8873;68,49;-66,40;0,00;0,00;0,00;-0,07;0,00;0,00;361;164;103;26;35;108;273
8874;27,07;-456,46;0,00;0,00;0,00;-0,46;0,00;0,00;19;69;64;30;37;206;271
8875;64,65;-133,81;0,00;0,00;0,00;-0,13;0,00;0,00;281;130;76;48;26;308;559
8876;48,74;-167,54;0,00;0,00;0,00;-0,17;0,00;0,00;292;136;159;11;32;241;763
8877;11,20;-640,00;0,00;0,00;0,00;-0,64;0,00;0,00;172;109;15;23;19;862;603
8878;16,71;-601,11;0,00;0,00;0,00;-0,60;0,00;0,00;154;187;181;39;39;989;659
8879;84,75;168,10;0,00;0,00;0,00;0,17;0,00;0,00;471;27;12;48;33;698;306
8880;58,44;-107,56;0,00;0,00;0,00;-0,11;0,00;0,00;424;175;139;25;27;626;987
8881;46,50;-306,40;0,00;0,00;0,00;-0,31;0,00;0,00;152;147;185;18;30;187;979
8882;72,33;74,31;0,00;0,00;0,00;0,07;0,00;0,00;264;35;155;48;29;620;201
8883;63,17;-69,16;0,00;0,00;0,00;-0,07;0,00;0,00;43;124;131;37;17;550;242
8884;75,82;3,83;0,00;0,00;0,00;0,00;0,00;0,00;263;188;196;42;28;545;588
8885;47,70;-310,90;0,00;0,00;0,00;-0,31;0,00;0,00;246;184;40;34;15;870;704
8886;50,44;-238,62;0,00;0,00;0,00;-0,24;0,00;0,00;134;174;34;31;34;188;464
8887;29,49;-435,06;0,00;0,00;0,00;-0,44;0,00;0,00;271;186;87;47;37;100;462
8888;0,00;-755,73;0,00;0,00;0,00;-0,76;0,00;0,00;441;21;103;21;34;572;908
8889;1,14;-676,44;0,00;0,00;0,00;-0,68;0,00;0,00;177;142;45;22;21;135;771
8890;41,13;-270,79;0,00;0,00;0,00;-0,27;0,00;0,00;361;120;50;47;15;572;259
8891;69,61;-75,11;0,00;0,00;0,00;-0,08;0,00;0,00;107;133;21;37;22;251;991
8892;58,88;-35,69;0,00;0,00;0,00;-0,04;0,00;0,00;212;52;95;33;24;300;507
8893;33,91;-318,09;0,00;0,00;0,00;-0,32;0,00;0,00;338;189;68;32;31;672;981
8894;66,37;-76,02;0,00;0,00;0,00;-0,08;0,00;0,00;226;33;90;41;37;558;823
8895;0,00;-660,71;0,00;0,00;0,00;-0,66;0,00;0,00;287;77;119;36;37;657;113
8896;79,83;44,25;0,00;0,00;0,00;0,04;0,00;0,00;73;189;154;40;15;396;900
8897;64,68;-67,02;0,00;0,00;0,00;-0,07;0,00;0,00;109;86;24;11;17;752;734
8898;42,05;-341,87;0,00;0,00;0,00;-0,34;0,00;0,00;353;96;150;28;37;998;666
8899;45,78;-309,76;0,00;0,00;0,00;-0,31;0,00;0,00;403;42;21;13;34;505;481
8900;86,37;171,46;0,00;0,00;0,00;0,17;0,00;0,00;499;154;104;17;30;350;648
8901;55,67;-105,62;0,00;0,00;0,00;-0,11;0,00;0,00;136;43;110;26;36;125;610
8902;19,09;-528,76;0,00;0,00;0,00;-0,53;0,00;0,00;313;73;21;46;22;287;942
8903;80,54;128,66;0,00;0,00;0,00;0,13;0,00;0,00;485;108;80;25;39;419;809
8904;69,13;-19,62;0,00;0,00;0,00;-0,02;0,00;0,00;339;100;199;15;38;126;964
8905;30,58;-375,99;0,00;0,00;0,00;-0,38;0,00;0,00;472;88;49;16;37;591;658
8906;73,42;101,06;0,00;0,00;0,00;0,10;0,00;0,00;333;156;123;28;19;551;280
8907;68,55;-149,72;0,00;0,00;0,00;-0,15;0,00;0,00;270;195;183;15;16;705;223
8908;61,96;-53,89;0,00;0,00;0,00;-0,05;0,00;0,00;73;28;152;13;30;325;619
8909;79,30;56,12;0,00;0,00;0,00;0,06;0,00;0,00;243;147;66;25;20;887;312
8910;57,24;-113,06;0,00;0,00;0,00;-0,11;0,00;0,00;416;49;116;12;28;677;917
8911;49,44;-152,38;0,00;0,00;0,00;-0,15;0,00;0,00;31;109;34;10;32;259;341
8912;65,04;-14,18;0,00;0,00;0,00;-0,01;0,00;0,00;284;194;26;24;27;881;819
8913;30,04;-363,60;0,00;0,00;0,00;-0,36;0,00;0,00;39;69;193;11;19;590;197
8914;43,79;-250,75;0,00;0,00;0,00;-0,25;0,00;0,00;436;195;195;48;33;780;922
8915;74,60;68,07;0,00;0,00;0,00;0,07;0,00;0,00;248;23;86;11;28;103;206
8916;49,49;-174,44;0,00;0,00;0,00;-0,17;0,00;0,00;208;62;37;21;20;178;742
8917;13,51;-565,50;0,00;0,00;0,00;-0,57;0,00;0,00;113;59;56;19;25;574;815
8918;25,49;-487,54;0,00;0,00;0,00;-0,49;0,00;0,00;65;14;90;45;36;183;620
8919;76,99;170,75;0,00;0,00;0,00;0,17;0,00;0,00;412;64;131;47;20;309;765
8920;75,61;63,53;0,00;0,00;0,00;0,06;0,00;0,00;338;38;76;12;31;247;450
8921;69,13;128,41;0,00;0,00;0,00;0,13;0,00;0,00;477;50;159;19;32;960;879
8922;55,18;-91,65;0,00;0,00;0,00;-0,09;0,00;0,00;150;25;114;31;20;543;159
8923;40,66;-301,79;0,00;0,00;0,00;-0,30;0,00;0,00;169;199;57;15;28;996;343
8924;15,78;-492,25;0,00;0,00;0,00;-0,49;0,00;0,00;400;33;132;41;34;638;997
8925;79,77;108,17;0,00;0,00;0,00;0,11;0,00;0,00;314;17;176;21;18;112;345
8926;50,73;-247,23;0,00;0,00;0,00;-0,25;0,00;0,00;451;10;31;49;28;416;545
8927;17,84;-505,74;0,00;0,00;0,00;-0,51;0,00;0,00;366;139;35;14;18;768;285
8928;30,46;-482,87;0,00;0,00;0,00;-0,48;0,00;0,00;69;167;29;37;20;177;522
8929;33,04;-362,29;0,00;0,00;0,00;-0,36;0,00;0,00;136;155;17;49;37;825;444
8930;86,05;101,71;0,00;0,00;0,00;0,10;0,00;0,00;410;136;90;40;19;489;786
8931;33,59;-391,90;0,00;0,00;0,00;-0,39;0,00;0,00;32;157;179;19;29;370;360
8932;80,74;84,29;0,00;0,00;0,00;0,08;0,00;0,00;372;77;166;16;37;924;169
8933;50,74;-135,44;0,00;0,00;0,00;-0,14;0,00;0,00;77;134;31;30;22;886;396
8934;20,19;-420,60;0,00;0,00;0,00;-0,42;0,00;0,00;282;20;158;26;26;488;613
8935;36,18;-315,64;0,00;0,00;0,00;-0,32;0,00;0,00;317;38;44;33;17;121;999
8936;81,50;103,83;0,00;0,00;0,00;0,10;0,00;0,00;233;97;166;10;21;646;441
8937;0,00;-635,14;0,00;0,00;0,00;-0,64;0,00;0,00;143;73;16;35;15;879;383
8938;21,82;-444,26;0,00;0,00;0,00;-0,44;0,00;0,00;372;25;152;32;19;664;917
8939;59,06;-78,93;0,00;0,00;0,00;-0,08;0,00;0,00;50;56;31;44;21;996;164
8940;33,29;-337,36;0,00;0,00;0,00;-0,34;0,00;0,00;493;184;119;33;22;946;461
8941;17,62;-496,06;0,00;0,00;0,00;-0,50;0,00;0,00;308;176;115;35;23;521;499
8942;97,39;347,93;0,00;0,00;0,00;0,35;0,00;0,00;307;20;156;39;34;441;947
8943;97,05;347,53;0,00;0,00;0,00;0,35;0,00;0,00;286;67;134;38;24;360;774
8944;22,79;-475,13;0,00;0,00;0,00;-0,48;0,00;0,00;68;34;175;39;38;403;754
8945;22,36;-431,11;0,00;0,00;0,00;-0,43;0,00;0,00;271;151;197;24;37;156;366
8946;100,00;220,75;0,00;0,00;0,00;0,22;0,00;0,00;481;58;138;16;39;374;207
8947;39,04;-276,68;0,00;0,00;0,00;-0,28;0,00;0,00;497;88;143;22;36;263;675
8948;66,70;35,88;0,00;0,00;0,00;0,04;0,00;0,00;101;67;97;26;29;320;445
8949;86,53;155,13;0,00;0,00;0,00;0,16;0,00;0,00;38;29;171;14;32;329;481
8950;28,96;-362,48;0,00;0,00;0,00;-0,36;0,00;0,00;207;87;104;39;25;321;895
8951;65,04;-112,30;0,00;0,00;0,00;-0,11;0,00;0,00;456;42;21;45;34;432;599
8952;24,87;-469,90;0,00;0,00;0,00;-0,47;0,00;0,00;29;79;86;41;36;656;658
8953;71,06;37,39;0,00;0,00;0,00;0,04;0,00;0,00;25;66;110;25;16;605;728
8954;42,47;-306,87;0,00;0,00;0,00;-0,31;0,00;0,00;452;90;52;42;30;153;213
8955;28,81;-360,11;0,00;0,00;0,00;-0,36;0,00;0,00;332;120;190;47;34;671;948
8956;19,95;-552,34;0,00;0,00;0,00;-0,55;0,00;0,00;321;157;78;44;38;859;542
8957;26,02;-379,67;0,00;0,00;0,00;-0,38;0,00;0,00;289;138;135;46;28;256;795
8958;54,19;-173,65;0,00;0,00;0,00;-0,17;0,00;0,00;234;167;185;31;35;735;888
8959;61,50;-111,95;0,00;0,00;0,00;-0,11;0,00;0,00;290;124;42;14;19;611;806
8960;31,46;-335,88;0,00;0,00;0,00;-0,34;0,00;0,00;226;62;66;49;15;859;338
8961;27,54;-438,67;0,00;0,00;0,00;-0,44;0,00;0,00;238;103;195;25;36;114;563
8962;54,27;-182,89;0,00;0,00;0,00;-0,18;0,00;0,00;173;120;165;26;22;604;675
8963;37,15;-239,56;0,00;0,00;0,00;-0,24;0,00;0,00;495;60;145;35;28;297;760
8964;49,85;-218,49;0,00;0,00;0,00;-0,22;0,00;0,00;165;145;46;13;34;276;777
8965;45,62;-192,67;0,00;0,00;0,00;-0,19;0,00;0,00;333;89;112;44;39;257;505
8966;45,99;-231,96;0,00;0,00;0,00;-0,23;0,00;0,00;29;96;32;41;17;950;114
8967;11,45;-586,41;0,00;0,00;0,00;-0,59;0,00;0,00;484;135;177;23;21;596;213
8968;75,67;125,20;0,00;0,00;0,00;0,13;0,00;0,00;453;65;144;29;27;988;671
8969;52,83;-117,15;0,00;0,00;0,00;-0,12;0,00;0,00;256;46;124;27;19;211;836
8970;69,44;-111,52;0,00;0,00;0,00;-0,11;0,00;0,00;474;36;125;21;29;566;634
8971;36,54;-353,58;0,00;0,00;0,00;-0,35;0,00;0,00;145;22;179;45;36;119;652
8972;29,65;-392,28;0,00;0,00;0,00;-0,39;0,00;0,00;258;191;80;24;21;403;548
8973;18,71;-525,60;0,00;0,00;0,00;-0,53;0,00;0,00;495;168;34;42;25;230;658
8974;35,06;-391,43;0,00;0,00;0,00;-0,39;0,00;0,00;266;80;78;46;39;931;447
8975;63,24;-44,62;0,00;0,00;0,00;-0,04;0,00;0,00;373;135;170;17;23;806;207
8976;66,36;-86,86;0,00;0,00;0,00;-0,09;0,00;0,00;238;145;88;33;38;737;735
8977;60,51;-203,07;0,00;0,00;0,00;-0,20;0,00;0,00;220;107;175;33;35;505;242
8978;49,93;-282,68;0,00;0,00;0,00;-0,28;0,00;0,00;238;51;35;39;20;230;959
8979;67,59;19,41;0,00;0,00;0,00;0,02;0,00;0,00;328;25;199;16;35;891;371
8980;74,79;48,10;0,00;0,00;0,00;0,05;0,00;0,00;44;162;20;35;27;524;642
8981;63,58;-91,99;0,00;0,00;0,00;-0,09;0,00;0,00;273;171;42;42;35;456;856
8982;39,55;-273,37;0,00;0,00;0,00;-0,27;0,00;0,00;350;89;51;27;25;868;394
8983;29,05;-410,75;0,00;0,00;0,00;-0,41;0,00;0,00;81;165;82;27;31;500;955
8984;24,56;-484,01;0,00;0,00;0,00;-0,48;0,00;0,00;344;146;81;37;16;767;255
8985;68,14;-67,95;0,00;0,00;0,00;-0,07;0,00;0,00;315;196;64;46;36;889;884
8986;65,86;-146,89;0,00;0,00;0,00;-0,15;0,00;0,00;78;140;29;37;19;120;447
8987;32,06;-436,07;0,00;0,00;0,00;-0,44;0,00;0,00;434;39;178;23;19;170;901
8988;24,07;-441,41;0,00;0,00;0,00;-0,44;0,00;0,00;108;30;143;15;35;647;111
8989;35,00;-335,20;0,00;0,00;0,00;-0,34;0,00;0,00;396;182;149;44;24;700;119
8990;86,51;100,28;0,00;0,00;0,00;0,10;0,00;0,00;103;45;195;39;27;730;319
8991;44,09;-210,05;0,00;0,00;0,00;-0,21;0,00;0,00;158;178;189;35;35;768;546
8992;28,10;-483,91;0,00;0,00;0,00;-0,48;0,00;0,00;406;25;137;27;36;735;950
8993;17,22;-515,29;0,00;0,00;0,00;-0,52;0,00;0,00;237;187;84;20;31;130;384
8994;15,63;-480,89;0,00;0,00;0,00;-0,48;0,00;0,00;494;56;54;15;38;534;486
8995;62,07;-46,40;0,00;0,00;0,00;-0,05;0,00;0,00;293;163;37;47;34;562;363
8996;32,60;-401,60;0,00;0,00;0,00;-0,40;0,00;0,00;111;121;84;35;22;218;705
8997;60,56;-113,45;0,00;0,00;0,00;-0,11;0,00;0,00;263;182;96;33;36;254;851
8998;43,68;-297,17;0,00;0,00;0,00;-0,30;0,00;0,00;104;68;65;31;19;576;542
8999;81,20;85,74;0,00;0,00;0,00;0,09;0,00;0,00;39;53;181;15;31;266;649
9000;48,35;-239,26;0,00;0,00;0,00;-0,24;0,00;0,00;72;158;158;15;22;967;479
9001;19,79;-463,79;0,00;0,00;0,00;-0,46;0,00;0,00;133;19;161;38;37;267;728
9002;53,16;-121,41;0,00;0,00;0,00;-0,12;0,00;0,00;404;120;20;25;16;542;522
9003;97,35;203,64;0,00;0,00;0,00;0,20;0,00;0,00;66;38;92;22;39;661;914
9004;56,29;-74,31;0,00;0,00;0,00;-0,07;0,00;0,00;144;145;135;14;20;107;867
9005;48,12;-116,19;0,00;0,00;0,00;-0,12;0,00;0,00;265;70;23;45;30;560;229
9006;11,49;-589,26;0,00;0,00;0,00;-0,59;0,00;0,00;206;11;41;15;29;589;156
9007;53,31;-126,07;0,00;0,00;0,00;-0,13;0,00;0,00;277;138;153;10;24;788;504
9008;42,91;-344,49;0,00;0,00;0,00;-0,34;0,00;0,00;137;67;20;38;18;303;483
9009;54,01;-160,15;0,00;0,00;0,00;-0,16;0,00;0,00;446;26;125;24;30;135;488
9010;27,74;-467,33;0,00;0,00;0,00;-0,47;0,00;0,00;470;60;56;18;31;560;686
9011;68,36;95,52;0,00;0,00;0,00;0,10;0,00;0,00;81;68;23;37;34;698;273
9012;31,69;-337,86;0,00;0,00;0,00;-0,34;0,00;0,00;381;182;133;18;23;108;195
9013;85,10;131,14;0,00;0,00;0,00;0,13;0,00;0,00;25;160;194;16;26;670;549
9014;35,54;-346,30;0,00;0,00;0,00;-0,35;0,00;0,00;298;89;107;49;18;256;745
9015;66,13;-74,48;0,00;0,00;0,00;-0,07;0,00;0,00;366;67;55;16;15;354;315
9016;51,64;-153,12;0,00;0,00;0,00;-0,15;0,00;0,00;293;85;60;20;32;142;191
9017;21,61;-493,15;0,00;0,00;0,00;-0,49;0,00;0,00;183;95;52;25;15;232;187
9018;79,73;70,40;0,00;0,00;0,00;0,07;0,00;0,00;426;22;75;17;35;931;535
9019;0,00;-630,18;0,00;0,00;0,00;-0,63;0,00;0,00;131;173;157;43;19;310;786
9020;80,61;175,68;0,00;0,00;0,00;0,18;0,00;0,00;294;84;118;11;23;877;791
9021;100,00;298,12;0,00;0,00;0,00;0,30;0,00;0,00;59;83;120;45;33;222;140
9022;46,67;-227,77;0,00;0,00;0,00;-0,23;0,00;0,00;300;195;76;26;23;191;580
9023;38,80;-282,75;0,00;0,00;0,00;-0,28;0,00;0,00;357;47;34;47;27;215;661
9024;4,37;-573,85;0,00;0,00;0,00;-0,57;0,00;0,00;374;169;158;36;18;509;244
9025;45,19;-278,76;0,00;0,00;0,00;-0,28;0,00;0,00;260;40;176;20;32;997;511
9026;62,58;-56,22;0,00;0,00;0,00;-0,06;0,00;0,00;126;55;186;28;22;438;538
9027;37,24;-411,17;0,00;0,00;0,00;-0,41;0,00;0,00;384;99;100;27;22;769;849
9028;69,86;5,50;0,00;0,00;0,00;0,01;0,00;0,00;201;98;107;45;26;376;531
9029;37,43;-381,33;0,00;0,00;0,00;-0,38;0,00;0,00;478;156;69;30;26;267;597
9030;13,24;-608,99;0,00;0,00;0,00;-0,61;0,00;0,00;259;43;125;23;32;435;707
9031;47,74;-206,24;0,00;0,00;0,00;-0,21;0,00;0,00;38;166;62;19;25;205;176
9032;39,42;-284,84;0,00;0,00;0,00;-0,28;0,00;0,00;406;184;56;22;21;258;978
9033;43,61;-283,36;0,00;0,00;0,00;-0,28;0,00;0,00;419;109;70;41;33;745;462
9034;18,43;-516,40;0,00;0,00;0,00;-0,52;0,00;0,00;170;77;60;28;32;951;611
9035;31,71;-325,33;0,00;0,00;0,00;-0,33;0,00;0,00;391;158;18;17;20;259;424
9036;39,85;-418,29;0,00;0,00;0,00;-0,42;0,00;0,00;237;33;153;35;23;735;926
9037;85,73;157,09;0,00;0,00;0,00;0,16;0,00;0,00;359;73;162;29;34;643;661
9038;100,00;417,54;0,00;0,00;0,00;0,42;0,00;0,00;324;110;60;16;37;676;792
9039;57,94;-158,59;0,00;0,00;0,00;-0,16;0,00;0,00;435;154;133;42;17;521;324
9040;64,26;-65,61;0,00;0,00;0,00;-0,07;0,00;0,00;30;123;46;13;33;180;689
9041;21,34;-500,63;0,00;0,00;0,00;-0,50;0,00;0,00;109;62;183;21;26;559;774
9042;75,62;79,97;0,00;0,00;0,00;0,08;0,00;0,00;29;151;114;10;37;928;264
9043;37,98;-314,26;0,00;0,00;0,00;-0,31;0,00;0,00;300;128;47;43;28;870;476
9044;54,87;-136,19;0,00;0,00;0,00;-0,14;0,00;0,00;318;33;18;24;30;307;506
9045;66,85;-73,79;0,00;0,00;0,00;-0,07;0,00;0,00;146;179;82;27;15;501;543
9046;59,32;-110,24;0,00;0,00;0,00;-0,11;0,00;0,00;173;167;182;48;30;418;789
9047;26,68;-426,54;0,00;0,00;0,00;-0,43;0,00;0,00;273;110;31;49;30;195;981
9048;61,04;-52,56;0,00;0,00;0,00;-0,05;0,00;0,00;302;149;16;34;27;519;956
9049;54,01;-133,87;0,00;0,00;0,00;-0,13;0,00;0,00;353;20;86;37;34;387;734
9050;80,44;128,76;0,00;0,00;0,00;0,13;0,00;0,00;327;169;196;29;36;314;892
9051;55,10;-90,87;0,00;0,00;0,00;-0,09;0,00;0,00;75;57;180;22;24;362;519
9052;47,88;-250,87;0,00;0,00;0,00;-0,25;0,00;0,00;45;38;133;10;19;450;462
9053;47,84;-218,23;0,00;0,00;0,00;-0,22;0,00;0,00;219;53;81;29;33;109;615
9054;76,23;-3,37;0,00;0,00;0,00;-0,00;0,00;0,00;433;55;22;10;34;718;354
9055;69,41;-35,60;0,00;0,00;0,00;-0,04;0,00;0,00;198;128;144;14;23;865;717
9056;46,69;-284,20;0,00;0,00;0,00;-0,28;0,00;0,00;305;93;197;35;19;341;862
9057;80,22;86,69;0,00;0,00;0,00;0,09;0,00;0,00;81;62;135;29;33;490;175
9058;57,32;-78,78;0,00;0,00;0,00;-0,08;0,00;0,00;49;154;54;44;30;467;657
9059;90,47;205,24;0,00;0,00;0,00;0,21;0,00;0,00;178;192;56;16;34;607;950
9060;26,21;-414,34;0,00;0,00;0,00;-0,41;0,00;0,00;364;11;35;14;30;323;149
9061;34,63;-507,90;0,00;0,00;0,00;-0,51;0,00;0,00;191;165;83;10;19;678;237
9062;34,99;-347,36;0,00;0,00;0,00;-0,35;0,00;0,00;483;31;122;12;33;900;564
9063;100,00;326,24;0,00;0,00;0,00;0,33;0,00;0,00;24;101;128;10;33;243;437
9064;36,42;-403,85;0,00;0,00;0,00;-0,40;0,00;0,00;99;13;130;41;33;237;580
9065;36,48;-421,98;0,00;0,00;0,00;-0,42;0,00;0,00;254;23;113;45;17;904;142
9066;37,74;-197,71;0,00;0,00;0,00;-0,20;0,00;0,00;361;146;80;11;15;210;874
9067;49,22;-210,52;0,00;0,00;0,00;-0,21;0,00;0,00;250;77;114;47;35;394;297
9068;83,29;120,80;0,00;0,00;0,00;0,12;0,00;0,00;65;189;80;39;37;646;669
9069;52,62;-206,15;0,00;0,00;0,00;-0,21;0,00;0,00;279;185;109;32;26;885;536
9070;27,62;-438,12;0,00;0,00;0,00;-0,44;0,00;0,00;447;16;121;41;23;447;932
9071;83,13;224,10;0,00;0,00;0,00;0,22;0,00;0,00;14;31;33;30;31;850;958
9072;78,62;-80,77;0,00;0,00;0,00;-0,08;0,00;0,00;498;31;97;48;21;677;168
9073;50,70;-212,99;0,00;0,00;0,00;-0,21;0,00;0,00;233;193;33;38;38;255;553
9074;41,47;-227,87;0,00;0,00;0,00;-0,23;0,00;0,00;382;139;134;14;25;955;503
9075;62,52;-76,20;0,00;0,00;0,00;-0,08;0,00;0,00;331;195;32;44;36;253;184
9076;52,55;-173,95;0,00;0,00;0,00;-0,17;0,00;0,00;91;10;197;12;27;892;517
9077;79,36;93,03;0,00;0,00;0,00;0,09;0,00;0,00;180;68;62;17;16;889;128
9078;71,34;-9,94;0,00;0,00;0,00;-0,01;0,00;0,00;326;48;11;18;25;201;937
9079;8,01;-628,73;0,00;0,00;0,00;-0,63;0,00;0,00;182;127;163;44;17;870;670
9080;56,83;-76,13;0,00;0,00;0,00;-0,08;0,00;0,00;392;174;17;17;17;653;169
9081;0,00;-686,91;0,00;0,00;0,00;-0,69;0,00;0,00;194;29;94;32;29;488;388
9082;35,41;-332,90;0,00;0,00;0,00;-0,33;0,00;0,00;76;154;17;33;23;219;245
9083;27,50;-529,93;0,00;0,00;0,00;-0,53;0,00;0,00;459;10;67;45;32;934;340
9084;37,77;-278,27;0,00;0,00;0,00;-0,28;0,00;0,00;288;70;88;33;30;936;332
9085;66,58;-4,15;0,00;0,00;0,00;-0,00;0,00;0,00;23;65;15;15;16;611;374
9086;45,93;-302,03;0,00;0,00;0,00;-0,30;0,00;0,00;56;150;46;45;15;235;755
9087;73,39;50,16;0,00;0,00;0,00;0,05;0,00;0,00;164;188;164;46;30;548;620
9088;37,66;-348,78;0,00;0,00;0,00;-0,35;0,00;0,00;182;35;68;15;35;870;989
9089;48,30;-179,94;0,00;0,00;0,00;-0,18;0,00;0,00;33;99;135;27;37;815;160
9090;15,86;-625,23;0,00;0,00;0,00;-0,63;0,00;0,00;66;111;45;41;19;636;870
9091;59,75;-137,68;0,00;0,00;0,00;-0,14;0,00;0,00;436;19;168;31;36;843;207
9092;61,13;-62,23;0,00;0,00;0,00;-0,06;0,00;0,00;307;10;46;39;39;566;496
9093;44,47;-216,75;0,00;0,00;0,00;-0,22;0,00;0,00;104;52;74;28;25;454;586
9094;57,53;-161,68;0,00;0,00;0,00;-0,16;0,00;0,00;470;118;50;12;20;111;733
9095;36,72;-406,17;0,00;0,00;0,00;-0,41;0,00;0,00;79;84;60;39;29;589;130
9096;30,67;-403,18;0,00;0,00;0,00;-0,40;0,00;0,00;115;121;43;49;28;739;561
9097;62,35;-96,03;0,00;0,00;0,00;-0,10;0,00;0,00;466;34;72;10;21;525;478
9098;70,06;-50,07;0,00;0,00;0,00;-0,05;0,00;0,00;287;193;20;27;25;856;431
9099;15,99;-564,28;0,00;0,00;0,00;-0,56;0,00;0,00;55;24;93;45;30;526;528
9100;8,44;-699,44;0,00;0,00;0,00;-0,70;0,00;0,00;140;54;160;19;15;329;582
9101;67,42;-3,03;0,00;0,00;0,00;-0,00;0,00;0,00;436;132;197;46;38;924;298
9102;72,84;17,62;0,00;0,00;0,00;0,02;0,00;0,00;321;91;107;27;37;471;261
9103;31,32;-393,77;0,00;0,00;0,00;-0,39;0,00;0,00;480;29;121;42;17;733;382
9104;38,49;-325,37;0,00;0,00;0,00;-0,33;0,00;0,00;251;157;135;41;25;426;472
9105;21,11;-494,74;0,00;0,00;0,00;-0,49;0,00;0,00;223;87;81;40;20;731;330
9106;81,23;160,41;0,00;0,00;0,00;0,16;0,00;0,00;185;15;107;20;23;481;504
9107;48,60;-169,67;0,00;0,00;0,00;-0,17;0,00;0,00;264;187;167;40;24;308;461
9108;39,22;-235,11;0,00;0,00;0,00;-0,24;0,00;0,00;67;45;17;13;30;821;752
9109;15,54;-478,19;0,00;0,00;0,00;-0,48;0,00;0,00;433;35;111;25;35;982;669
9110;97,38;289,53;0,00;0,00;0,00;0,29;0,00;0,00;58;85;139;24;29;959;594
9111;19,72;-556,59;0,00;0,00;0,00;-0,56;0,00;0,00;171;139;80;33;29;537;221
9112;63,10;6,74;0,00;0,00;0,00;0,01;0,00;0,00;193;49;16;12;25;969;848
9113;93,41;183,53;0,00;0,00;0,00;0,18;0,00;0,00;24;118;54;23;15;752;566
9114;43,63;-288,87;0,00;0,00;0,00;-0,29;0,00;0,00;341;88;161;20;17;164;401
9115;41,71;-340,33;0,00;0,00;0,00;-0,34;0,00;0,00;287;50;149;48;29;182;235
9116;67,91;1,14;0,00;0,00;0,00;0,00;0,00;0,00;284;78;58;30;28;718;246
9117;51,03;-181,34;0,00;0,00;0,00;-0,18;0,00;0,00;128;53;180;20;32;461;956
9118;29,28;-445,45;0,00;0,00;0,00;-0,45;0,00;0,00;123;62;129;15;33;214;289
9119;52,30;-259,25;0,00;0,00;0,00;-0,26;0,00;0,00;246;32;14;14;35;453;424
9120;47,49;-164,78;0,00;0,00;0,00;-0,16;0,00;0,00;129;122;85;48;37;580;609
9121;38,98;-349,01;0,00;0,00;0,00;-0,35;0,00;0,00;355;98;131;16;25;256;692
9122;68,12;-69,61;0,00;0,00;0,00;-0,07;0,00;0,00;330;68;111;38;33;175;401
9123;10,54;-577,38;0,00;0,00;0,00;-0,58;0,00;0,00;252;137;85;31;36;407;431
9124;43,45;-346,10;0,00;0,00;0,00;-0,35;0,00;0,00;203;32;157;16;17;321;102
9125;20,96;-505,40;0,00;0,00;0,00;-0,51;0,00;0,00;352;105;44;35;25;491;699
9126;71,68;91,74;0,00;0,00;0,00;0,09;0,00;0,00;144;73;53;24;16;982;799
9127;47,58;-149,88;0,00;0,00;0,00;-0,15;0,00;0,00;383;74;102;23;19;305;397
9128;35,39;-358,40;0,00;0,00;0,00;-0,36;0,00;0,00;457;146;128;32;39;553;301
9129;65,55;-14,39;0,00;0,00;0,00;-0,01;0,00;0,00;344;64;93;38;24;915;521
9130;86,79;129,78;0,00;0,00;0,00;0,13;0,00;0,00;126;31;54;36;34;520;844
9131;77,00;-13,37;0,00;0,00;0,00;-0,01;0,00;0,00;164;87;71;37;29;541;295
9132;61,80;-99,51;0,00;0,00;0,00;-0,10;0,00;0,00;121;96;98;28;35;718;452
9133;78,70;131,36;0,00;0,00;0,00;0,13;0,00;0,00;40;187;188;13;19;731;418
9134;75,16;79,91;0,00;0,00;0,00;0,08;0,00;0,00;77;17;33;32;39;624;223
9135;36,69;-354,65;0,00;0,00;0,00;-0,35;0,00;0,00;188;186;33;28;25;784;341
9136;64,79;-56,40;0,00;0,00;0,00;-0,06;0,00;0,00;328;81;143;34;36;294;160
9137;50,21;-208,20;0,00;0,00;0,00;-0,21;0,00;0,00;401;64;71;13;21;623;225
9138;9,27;-610,08;0,00;0,00;0,00;-0,61;0,00;0,00;53;75;160;43;36;185;168
9139;96,26;215,41;0,00;0,00;0,00;0,22;0,00;0,00;380;30;180;22;39;816;443
9140;60,44;-76,51;0,00;0,00;0,00;-0,08;0,00;0,00;274;181;13;44;18;991;512
9141;58,88;-194,68;0,00;0,00;0,00;-0,19;0,00;0,00;373;133;54;49;15;214;174
9142;78,20;111,40;0,00;0,00;0,00;0,11;0,00;0,00;348;191;24;44;20;240;352
9143;28,44;-400,89;0,00;0,00;0,00;-0,40;0,00;0,00;494;52;109;10;23;121;923
9144;61,68;-71,06;0,00;0,00;0,00;-0,07;0,00;0,00;81;60;46;13;24;186;861
9145;22,93;-537,19;0,00;0,00;0,00;-0,54;0,00;0,00;248;52;40;30;26;376;575
9146;45,48;-281,97;0,00;0,00;0,00;-0,28;0,00;0,00;235;23;79;25;22;644;510
9147;30,03;-398,70;0,00;0,00;0,00;-0,40;0,00;0,00;428;94;147;45;26;691;884
9148;89,69;256,34;0,00;0,00;0,00;0,26;0,00;0,00;292;174;76;34;27;599;591
9149;0,00;-786,00;0,00;0,00;0,00;-0,79;0,00;0,00;138;137;191;44;15;739;660
9150;36,23;-269,14;0,00;0,00;0,00;-0,27;0,00;0,00;431;89;137;38;23;479;692
9151;48,59;-266,98;0,00;0,00;0,00;-0,27;0,00;0,00;467;158;179;46;26;288;614
9152;13,94;-613,31;0,00;0,00;0,00;-0,61;0,00;0,00;307;80;24;46;15;962;197
9153;11,66;-612,46;0,00;0,00;0,00;-0,61;0,00;0,00;243;127;75;13;18;923;910
9154;47,47;-209,28;0,00;0,00;0,00;-0,21;0,00;0,00;233;98;97;22;20;797;269
9155;84,93;182,35;0,00;0,00;0,00;0,18;0,00;0,00;103;121;110;39;21;738;960
9156;61,81;-95,49;0,00;0,00;0,00;-0,10;0,00;0,00;425;66;119;30;22;445;900
9157;70,21;50,76;0,00;0,00;0,00;0,05;0,00;0,00;315;149;11;34;19;706;636
9158;38,58;-287,22;0,00;0,00;0,00;-0,29;0,00;0,00;120;12;38;24;32;513;605
9159;68,59;11,35;0,00;0,00;0,00;0,01;0,00;0,00;83;184;48;30;34;793;917
9160;33,40;-350,38;0,00;0,00;0,00;-0,35;0,00;0,00;91;135;150;40;39;894;333
9161;52,11;-130,88;0,00;0,00;0,00;-0,13;0,00;0,00;264;133;107;37;26;603;445
9162;43,45;-282,74;0,00;0,00;0,00;-0,28;0,00;0,00;483;108;74;47;23;796;284
9163;65,44;74,48;0,00;0,00;0,00;0,07;0,00;0,00;313;25;62;31;39;308;844
9164;50,72;-180,47;0,00;0,00;0,00;-0,18;0,00;0,00;344;12;175;46;32;267;587
9165;84,78;240,65;0,00;0,00;0,00;0,24;0,00;0,00;419;68;57;47;33;697;524
9166;22,94;-477,00;0,00;0,00;0,00;-0,48;0,00;0,00;174;84;170;28;25;462;703
9167;49,68;-196,39;0,00;0,00;0,00;-0,20;0,00;0,00;72;158;110;32;38;379;979
9168;59,04;-181,76;0,00;0,00;0,00;-0,18;0,00;0,00;223;68;49;44;33;216;969
9169;77,11;-34,54;0,00;0,00;0,00;-0,03;0,00;0,00;339;163;194;45;23;435;446
9170;3,98;-610,12;0,00;0,00;0,00;-0,61;0,00;0,00;254;99;157;44;35;496;108
9171;16,09;-630,51;0,00;0,00;0,00;-0,63;0,00;0,00;449;55;112;27;17;393;102
9172;74,25;35,01;0,00;0,00;0,00;0,04;0,00;0,00;36;46;43;24;30;117;983
9173;64,17;-193,99;0,00;0,00;0,00;-0,19;0,00;0,00;149;90;68;21;36;696;405
9174;27,30;-520,02;0,00;0,00;0,00;-0,52;0,00;0,00;40;68;91;36;33;507;602
9175;41,43;-273,55;0,00;0,00;0,00;-0,27;0,00;0,00;353;30;150;46;23;375;408
9176;42,40;-321,08;0,00;0,00;0,00;-0,32;0,00;0,00;247;29;59;16;37;989;720
9177;44,77;-246,32;0,00;0,00;0,00;-0,25;0,00;0,00;420;48;182;14;27;596;981
9178;92,93;276,80;0,00;0,00;0,00;0,28;0,00;0,00;375;127;177;45;15;232;357
9179;40,82;-254,62;0,00;0,00;0,00;-0,25;0,00;0,00;247;102;93;30;23;526;306
9180;0,00;-632,90;0,00;0,00;0,00;-0,63;0,00;0,00;285;119;23;49;26;822;905
9181;32,60;-318,31;0,00;0,00;0,00;-0,32;0,00;0,00;18;80;28;14;33;724;488
9182;5,21;-685,70;0,00;0,00;0,00;-0,69;0,00;0,00;200;59;33;30;21;426;706
9183;33,04;-405,23;0,00;0,00;0,00;-0,41;0,00;0,00;377;36;24;43;28;638;598
9184;50,09;-187,04;0,00;0,00;0,00;-0,19;0,00;0,00;88;145;75;18;19;269;340
9185;47,33;-259,15;0,00;0,00;0,00;-0,26;0,00;0,00;73;54;29;49;15;824;272
9186;11,21;-557,57;0,00;0,00;0,00;-0,56;0,00;0,00;232;114;26;18;24;624;491
9187;27,88;-342,08;0,00;0,00;0,00;-0,34;0,00;0,00;95;156;22;48;26;613;655
9188;60,80;-86,27;0,00;0,00;0,00;-0,09;0,00;0,00;362;126;169;13;23;321;423
9189;53,36;-186,99;0,00;0,00;0,00;-0,19;0,00;0,00;66;54;141;32;26;207;969
9190;26,31;-459,14;0,00;0,00;0,00;-0,46;0,00;0,00;213;112;124;44;32;232;780
9191;20,46;-540,84;0,00;0,00;0,00;-0,54;0,00;0,00;85;159;197;10;21;109;382
9192;55,24;-104,29;0,00;0,00;0,00;-0,10;0,00;0,00;471;133;24;32;18;668;442
9193;53,66;-105,05;0,00;0,00;0,00;-0,11;0,00;0,00;46;44;166;45;35;171;528
9194;42,02;-261,19;0,00;0,00;0,00;-0,26;0,00;0,00;464;104;133;22;27;313;468
9195;69,56;-71,21;0,00;0,00;0,00;-0,07;0,00;0,00;348;125;69;10;23;486;215
9196;26,92;-398,07;0,00;0,00;0,00;-0,40;0,00;0,00;442;157;75;44;29;575;970
9197;51,50;-159,52;0,00;0,00;0,00;-0,16;0,00;0,00;81;67;126;32;30;191;462
9198;61,83;-124,27;0,00;0,00;0,00;-0,12;0,00;0,00;400;196;99;47;38;145;488
9199;44,35;-252,04;0,00;0,00;0,00;-0,25;0,00;0,00;214;78;118;20;38;849;591
9200;53,80;-182,82;0,00;0,00;0,00;-0,18;0,00;0,00;264;140;182;35;37;703;410
9201;72,02;42,70;0,00;0,00;0,00;0,04;0,00;0,00;447;53;88;11;33;685;915
9202;49,94;-197,67;0,00;0,00;0,00;-0,20;0,00;0,00;419;94;39;14;29;707;755
9203;22,25;-568,32;0,00;0,00;0,00;-0,57;0,00;0,00;331;104;182;47;24;923;651
9204;89,52;193,40;0,00;0,00;0,00;0,19;0,00;0,00;138;43;152;28;20;230;519
9205;11,59;-513,91;0,00;0,00;0,00;-0,51;0,00;0,00;34;189;116;40;27;444;393
9206;100,00;286,29;0,00;0,00;0,00;0,29;0,00;0,00;270;121;74;44;26;816;873
9207;40,77;-265,30;0,00;0,00;0,00;-0,27;0,00;0,00;158;102;36;24;18;365;725
9208;97,14;223,14;0,00;0,00;0,00;0,22;0,00;0,00;163;35;24;43;22;326;397
9209;81,11;90,96;0,00;0,00;0,00;0,09;0,00;0,00;144;47;156;41;29;507;580
9210;71,19;57,23;0,00;0,00;0,00;0,06;0,00;0,00;414;195;111;27;26;780;970
9211;61,06;-134,75;0,00;0,00;0,00;-0,13;0,00;0,00;187;128;174;46;30;468;792
9212;62,13;-59,72;0,00;0,00;0,00;-0,06;0,00;0,00;201;89;25;25;35;935;831
9213;43,90;-249,03;0,00;0,00;0,00;-0,25;0,00;0,00;125;171;100;38;35;897;512
9214;44,17;-202,54;0,00;0,00;0,00;-0,20;0,00;0,00;173;130;53;25;37;667;718
9215;0,00;-714,17;0,00;0,00;0,00;-0,71;0,00;0,00;79;76;45;14;25;163;193
9216;79,28;26,43;0,00;0,00;0,00;0,03;0,00;0,00;150;51;117;42;33;937;692
9217;43,80;-259,34;0,00;0,00;0,00;-0,26;0,00;0,00;461;181;17;38;32;810;129
9218;35,77;-379,27;0,00;0,00;0,00;-0,38;0,00;0,00;207;118;107;30;29;841;216
9219;33,29;-310,36;0,00;0,00;0,00;-0,31;0,00;0,00;378;184;57;40;27;344;960
9220;64,21;-38,82;0,00;0,00;0,00;-0,04;0,00;0,00;96;48;27;27;37;644;646
9221;0,00;-746,20;0,00;0,00;0,00;-0,75;0,00;0,00;95;40;39;18;39;184;827
9222;83,16;98,51;0,00;0,00;0,00;0,10;0,00;0,00;158;159;23;13;32;142;441
9223;0,00;-699,53;0,00;0,00;0,00;-0,70;0,00;0,00;171;124;161;16;21;185;436
9224;59,52;-185,67;0,00;0,00;0,00;-0,19;0,00;0,00;200;36;73;36;36;818;579
9225;53,80;-160,42;0,00;0,00;0,00;-0,16;0,00;0,00;122;79;10;18;25;709;560
9226;27,64;-427,10;0,00;0,00;0,00;-0,43;0,00;0,00;80;112;173;47;22;600;786
9227;64,60;-26,50;0,00;0,00;0,00;-0,03;0,00;0,00;183;145;186;18;37;610;984
9228;28,14;-439,97;0,00;0,00;0,00;-0,44;0,00;0,00;202;130;189;47;16;381;248
9229;56,80;-35,22;0,00;0,00;0,00;-0,04;0,00;0,00;73;40;20;12;26;342;702
9230;89,19;188,89;0,00;0,00;0,00;0,19;0,00;0,00;449;139;47;29;34;963;166
9231;74,16;54,12;0,00;0,00;0,00;0,05;0,00;0,00;334;64;40;26;22;936;762
9232;17,50;-530,90;0,00;0,00;0,00;-0,53;0,00;0,00;295;149;54;18;33;777;252
9233;70,23;56,17;0,00;0,00;0,00;0,06;0,00;0,00;256;188;197;33;39;976;146
9234;65,72;-26,25;0,00;0,00;0,00;-0,03;0,00;0,00;43;27;190;22;33;434;675
9235;21,35;-548,41;0,00;0,00;0,00;-0,55;0,00;0,00;155;63;31;49;23;120;361
9236;68,16;-58,95;0,00;0,00;0,00;-0,06;0,00;0,00;188;52;168;11;31;335;444
9237;34,96;-403,73;0,00;0,00;0,00;-0,40;0,00;0,00;45;192;58;38;39;131;914
9238;86,80;83,99;0,00;0,00;0,00;0,08;0,00;0,00;376;174;101;36;26;347;822
9239;11,70;-586,31;0,00;0,00;0,00;-0,59;0,00;0,00;135;170;197;31;36;726;530
9240;57,93;-112,82;0,00;0,00;0,00;-0,11;0,00;0,00;308;152;98;15;25;656;854
9241;52,24;-250,05;0,00;0,00;0,00;-0,25;0,00;0,00;83;137;124;46;28;167;100
9242;9,56;-642,00;0,00;0,00;0,00;-0,64;0,00;0,00;420;160;141;22;19;794;700
9243;14,10;-632,62;0,00;0,00;0,00;-0,63;0,00;0,00;165;32;72;35;28;662;505
9244;41,10;-231,17;0,00;0,00;0,00;-0,23;0,00;0,00;250;108;141;36;20;459;561
9245;67,48;9,80;0,00;0,00;0,00;0,01;0,00;0,00;97;133;13;37;35;341;202
9246;85,97;163,40;0,00;0,00;0,00;0,16;0,00;0,00;353;42;11;42;20;157;945
9247;46,05;-310,36;0,00;0,00;0,00;-0,31;0,00;0,00;177;20;81;48;28;789;721
9248;27,73;-425,59;0,00;0,00;0,00;-0,43;0,00;0,00;419;157;185;43;36;476;495
9249;63,79;-102,97;0,00;0,00;0,00;-0,10;0,00;0,00;496;30;117;11;37;408;246
9250;37,06;-372,22;0,00;0,00;0,00;-0,37;0,00;0,00;22;31;171;45;25;762;570
9251;39,82;-258,97;0,00;0,00;0,00;-0,26;0,00;0,00;470;108;32;46;37;812;791
9252;72,65;-28,28;0,00;0,00;0,00;-0,03;0,00;0,00;32;180;20;31;28;403;258
9253;41,17;-311,37;0,00;0,00;0,00;-0,31;0,00;0,00;289;185;133;32;34;726;667
9254;20,26;-488,93;0,00;0,00;0,00;-0,49;0,00;0,00;267;124;31;48;31;935;330
9255;0,00;-673,28;0,00;0,00;0,00;-0,67;0,00;0,00;120;153;142;40;29;199;755
9256;64,75;-123,97;0,00;0,00;0,00;-0,12;0,00;0,00;78;77;112;18;27;324;368
9257;60,08;-48,62;0,00;0,00;0,00;-0,05;0,00;0,00;204;82;83;23;28;468;510
9258;98,64;264,86;0,00;0,00;0,00;0,26;0,00;0,00;407;87;44;47;35;727;586
9259;35,14;-317,45;0,00;0,00;0,00;-0,32;0,00;0,00;415;156;115;35;16;133;131
9260;3,89;-691,43;0,00;0,00;0,00;-0,69;0,00;0,00;199;120;36;27;37;948;190
9261;46,46;-224,38;0,00;0,00;0,00;-0,22;0,00;0,00;398;105;12;16;30;888;376
9262;40,49;-372,46;0,00;0,00;0,00;-0,37;0,00;0,00;233;69;137;45;34;275;905
9263;32,46;-329,72;0,00;0,00;0,00;-0,33;0,00;0,00;289;192;151;16;26;757;816
9264;50,70;-173,62;0,00;0,00;0,00;-0,17;0,00;0,00;79;13;86;39;17;804;746
9265;67,09;6,02;0,00;0,00;0,00;0,01;0,00;0,00;216;19;158;13;34;201;419
9266;22,37;-421,55;0,00;0,00;0,00;-0,42;0,00;0,00;218;123;175;39;30;590;438
9267;66,42;-72,38;0,00;0,00;0,00;-0,07;0,00;0,00;169;166;167;12;29;617;364
9268;39,67;-302,71;0,00;0,00;0,00;-0,30;0,00;0,00;144;184;33;46;25;685;496
9269;75,20;-4,24;0,00;0,00;0,00;-0,00;0,00;0,00;300;176;144;11;33;620;344
9270;41,11;-272,79;0,00;0,00;0,00;-0,27;0,00;0,00;433;83;153;46;27;503;151
9271;48,71;-249,43;0,00;0,00;0,00;-0,25;0,00;0,00;44;16;20;36;23;945;398
9272;92,72;262,78;0,00;0,00;0,00;0,26;0,00;0,00;112;183;171;20;21;507;456
9273;10,77;-574,63;0,00;0,00;0,00;-0,57;0,00;0,00;450;82;38;41;32;684;531
9274;83,65;39,50;0,00;0,00;0,00;0,04;0,00;0,00;487;35;77;26;17;315;698
9275;27,57;-396,08;0,00;0,00;0,00;-0,40;0,00;0,00;292;88;144;29;18;770;775
9276;32,98;-333,04;0,00;0,00;0,00;-0,33;0,00;0,00;294;194;139;24;34;611;465
9277;29,90;-426,25;0,00;0,00;0,00;-0,43;0,00;0,00;362;27;62;24;25;574;647
9278;71,72;64,04;0,00;0,00;0,00;0,06;0,00;0,00;429;55;19;25;15;378;509
9279;12,30;-606,55;0,00;0,00;0,00;-0,61;0,00;0,00;38;73;20;30;16;672;617
9280;53,55;-224,22;0,00;0,00;0,00;-0,22;0,00;0,00;273;98;158;29;23;370;750
9281;42,25;-371,60;0,00;0,00;0,00;-0,37;0,00;0,00;72;100;92;20;19;519;945
9282;58,72;-34,47;0,00;0,00;0,00;-0,03;0,00;0,00;111;189;110;44;27;363;992
9283;69,43;-26,86;0,00;0,00;0,00;-0,03;0,00;0,00;253;150;170;42;22;742;711
9284;38,16;-239,49;0,00;0,00;0,00;-0,24;0,00;0,00;312;25;150;21;37;797;839
9285;18,02;-564,19;0,00;0,00;0,00;-0,56;0,00;0,00;321;62;10;15;20;549;327
9286;20,54;-521,45;0,00;0,00;0,00;-0,52;0,00;0,00;186;137;42;15;39;559;274
9287;65,19;-74,41;0,00;0,00;0,00;-0,07;0,00;0,00;380;195;81;43;30;680;245
9288;45,86;-270,06;0,00;0,00;0,00;-0,27;0,00;0,00;315;42;38;17;21;733;468
9289;55,30;-163,10;0,00;0,00;0,00;-0,16;0,00;0,00;324;85;75;25;17;367;207
9290;81,16;168,85;0,00;0,00;0,00;0,17;0,00;0,00;270;14;21;36;26;737;325
9291;6,16;-679,25;0,00;0,00;0,00;-0,68;0,00;0,00;494;182;195;43;25;185;819
9292;3,46;-703,67;0,00;0,00;0,00;-0,70;0,00;0,00;50;143;33;19;31;687;651
9293;0,27;-683,37;0,00;0,00;0,00;-0,68;0,00;0,00;385;199;73;10;30;923;876
9294;53,79;-127,47;0,00;0,00;0,00;-0,13;0,00;0,00;232;126;113;13;30;313;143
9295;98,32;306,78;0,00;0,00;0,00;0,31;0,00;0,00;38;31;165;18;38;882;570
9296;66,60;-130,64;0,00;0,00;0,00;-0,13;0,00;0,00;92;88;57;39;21;984;790
9297;48,65;-218,13;0,00;0,00;0,00;-0,22;0,00;0,00;202;43;90;19;26;985;470
9298;63,91;-119,74;0,00;0,00;0,00;-0,12;0,00;0,00;141;29;196;38;17;246;405
9299;76,07;-38,45;0,00;0,00;0,00;-0,04;0,00;0,00;211;67;173;41;24;446;495
9300;70,70;24,50;0,00;0,00;0,00;0,02;0,00;0,00;28;24;73;26;23;416;187
9301;45,41;-259,76;0,00;0,00;0,00;-0,26;0,00;0,00;354;196;97;38;28;129;218
9302;45,00;-297,51;0,00;0,00;0,00;-0,30;0,00;0,00;204;21;74;24;23;478;319
9303;37,91;-352,29;0,00;0,00;0,00;-0,35;0,00;0,00;405;85;73;15;25;136;867
9304;100,00;307,27;0,00;0,00;0,00;0,31;0,00;0,00;147;111;19;44;18;630;200
9305;7,64;-579,72;0,00;0,00;0,00;-0,58;0,00;0,00;481;88;75;24;38;634;338
9306;26,08;-479,84;0,00;0,00;0,00;-0,48;0,00;0,00;362;195;199;12;27;255;128
9307;30,99;-381,54;0,00;0,00;0,00;-0,38;0,00;0,00;293;109;80;32;24;905;631
9308;34,07;-440,83;0,00;0,00;0,00;-0,44;0,00;0,00;275;85;38;38;25;553;949
9309;56,44;-183,03;0,00;0,00;0,00;-0,18;0,00;0,00;492;151;196;33;22;519;717
9310;57,44;-81,13;0,00;0,00;0,00;-0,08;0,00;0,00;210;66;175;17;24;291;446
9311;89,91;235,16;0,00;0,00;0,00;0,24;0,00;0,00;67;132;93;36;33;782;159
9312;60,22;-99,07;0,00;0,00;0,00;-0,10;0,00;0,00;274;81;73;42;26;649;870
9313;44,23;-248,46;0,00;0,00;0,00;-0,25;0,00;0,00;246;51;69;23;27;341;289
9314;0,00;-625,96;0,00;0,00;0,00;-0,63;0,00;0,00;145;62;191;17;17;413;671
9315;38,47;-338,71;0,00;0,00;0,00;-0,34;0,00;0,00;140;170;27;16;37;254;498
9316;82,96;42,18;0,00;0,00;0,00;0,04;0,00;0,00;112;171;56;37;15;782;970
9317;66,12;-36,59;0,00;0,00;0,00;-0,04;0,00;0,00;482;22;167;19;22;195;494
9318;38,76;-225,72;0,00;0,00;0,00;-0,23;0,00;0,00;487;92;30;37;19;146;272
9319;43,93;-242,71;0,00;0,00;0,00;-0,24;0,00;0,00;480;71;20;45;20;284;170
9320;83,52;112,47;0,00;0,00;0,00;0,11;0,00;0,00;113;113;157;49;37;337;423
9321;70,39;-54,64;0,00;0,00;0,00;-0,05;0,00;0,00;235;119;56;34;19;594;401
9322;21,00;-499,02;0,00;0,00;0,00;-0,50;0,00;0,00;288;147;66;31;38;411;683
9323;0,00;-663,68;0,00;0,00;0,00;-0,66;0,00;0,00;487;124;181;19;25;217;869
9324;17,97;-526,75;0,00;0,00;0,00;-0,53;0,00;0,00;192;77;49;35;27;159;988
9325;32,13;-403,98;0,00;0,00;0,00;-0,40;0,00;0,00;79;105;65;29;15;994;154
9326;59,27;-162,26;0,00;0,00;0,00;-0,16;0,00;0,00;53;106;53;11;30;694;953
9327;100,00;229,72;0,00;0,00;0,00;0,23;0,00;0,00;408;81;17;43;21;374;689
9328;78,13;82,72;0,00;0,00;0,00;0,08;0,00;0,00;364;142;53;36;36;263;105
9329;56,22;-171,12;0,00;0,00;0,00;-0,17;0,00;0,00;339;175;118;15;21;996;778
9330;74,31;99,29;0,00;0,00;0,00;0,10;0,00;0,00;495;80;50;27;24;433;151
9331;17,57;-613,84;0,00;0,00;0,00;-0,61;0,00;0,00;153;161;13;10;29;610;917
9332;67,03;34,55;0,00;0,00;0,00;0,03;0,00;0,00;428;166;85;15;24;413;185
9333;90,75;223,88;0,00;0,00;0,00;0,22;0,00;0,00;83;39;124;46;37;200;400
9334;46,79;-211,72;0,00;0,00;0,00;-0,21;0,00;0,00;146;108;10;11;21;669;901
9335;100,00;249,54;0,00;0,00;0,00;0,25;0,00;0,00;77;171;88;46;27;204;101
9336;44,41;-258,56;0,00;0,00;0,00;-0,26;0,00;0,00;16;75;31;42;32;854;683
9337;47,96;-262,21;0,00;0,00;0,00;-0,26;0,00;0,00;199;133;53;22;17;893;132
9338;47,99;-273,07;0,00;0,00;0,00;-0,27;0,00;0,00;438;176;68;43;38;268;120
9339;32,54;-393,60;0,00;0,00;0,00;-0,39;0,00;0,00;127;119;172;14;19;525;155
9340;23,88;-493,70;0,00;0,00;0,00;-0,49;0,00;0,00;264;112;61;33;22;458;543
9341;43,64;-259,91;0,00;0,00;0,00;-0,26;0,00;0,00;457;58;102;32;20;351;978
9342;53,74;-186,13;0,00;0,00;0,00;-0,19;0,00;0,00;488;152;26;39;16;787;775
9343;47,92;-227,38;0,00;0,00;0,00;-0,23;0,00;0,00;266;142;171;47;33;680;121
9344;23,66;-553,91;0,00;0,00;0,00;-0,55;0,00;0,00;458;109;164;18;26;572;853
9345;39,30;-292,47;0,00;0,00;0,00;-0,29;0,00;0,00;57;50;16;20;35;924;913
9346;37,40;-344,74;0,00;0,00;0,00;-0,34;0,00;0,00;216;127;191;39;25;947;722
9347;100,00;327,85;0,00;0,00;0,00;0,33;0,00;0,00;330;87;18;39;33;227;697
9348;41,19;-297,05;0,00;0,00;0,00;-0,30;0,00;0,00;140;139;35;43;23;122;651
9349;22,01;-446,05;0,00;0,00;0,00;-0,45;0,00;0,00;183;167;153;43;19;926;904
9350;53,30;-99,19;0,00;0,00;0,00;-0,10;0,00;0,00;438;75;23;43;21;260;994
9351;100,00;306,02;0,00;0,00;0,00;0,31;0,00;0,00;321;45;105;25;38;283;898
9352;65,88;30,43;0,00;0,00;0,00;0,03;0,00;0,00;445;15;35;27;27;409;541
9353;56,47;-68,88;0,00;0,00;0,00;-0,07;0,00;0,00;260;27;19;25;35;309;518
9354;1,65;-706,08;0,00;0,00;0,00;-0,71;0,00;0,00;43;57;109;36;24;375;341
9355;67,53;47,89;0,00;0,00;0,00;0,05;0,00;0,00;372;142;74;23;19;125;343
9356;38,99;-338,28;0,00;0,00;0,00;-0,34;0,00;0,00;33;122;30;36;30;967;424
9357;39,57;-299,24;0,00;0,00;0,00;-0,30;0,00;0,00;345;86;71;27;38;184;662
9358;39,90;-305,52;0,00;0,00;0,00;-0,31;0,00;0,00;329;82;80;46;24;622;921
9359;45,04;-275,57;0,00;0,00;0,00;-0,28;0,00;0,00;186;42;27;41;17;467;271
9360;49,76;-225,75;0,00;0,00;0,00;-0,23;0,00;0,00;472;142;12;48;18;165;648
9361;18,80;-586,04;0,00;0,00;0,00;-0,59;0,00;0,00;166;112;147;46;37;964;736
9362;44,14;-320,14;0,00;0,00;0,00;-0,32;0,00;0,00;83;134;159;46;26;814;426
9363;49,41;-227,02;0,00;0,00;0,00;-0,23;0,00;0,00;42;123;51;44;27;886;448
9364;50,81;-148,16;0,00;0,00;0,00;-0,15;0,00;0,00;43;44;196;31;28;774;294
9365;8,56;-574,57;0,00;0,00;0,00;-0,57;0,00;0,00;76;48;13;22;24;395;557
9366;68,96;-54,54;0,00;0,00;0,00;-0,05;0,00;0,00;451;169;144;10;22;843;425
9367;72,80;103,93;0,00;0,00;0,00;0,10;0,00;0,00;162;53;26;23;20;556;980
9368;40,45;-339,72;0,00;0,00;0,00;-0,34;0,00;0,00;184;109;34;40;16;291;158
9369;3,04;-803,66;0,00;0,00;0,00;-0,80;0,00;0,00;346;110;119;49;24;545;428
9370;56,92;-44,37;0,00;0,00;0,00;-0,04;0,00;0,00;199;105;90;43;32;785;885
9371;28,67;-450,22;0,00;0,00;0,00;-0,45;0,00;0,00;344;189;70;27;26;477;877
9372;62,97;-46,87;0,00;0,00;0,00;-0,05;0,00;0,00;151;144;70;12;30;692;981
9373;34,65;-340,00;0,00;0,00;0,00;-0,34;0,00;0,00;254;28;50;14;23;230;349
9374;61,05;-156,33;0,00;0,00;0,00;-0,16;0,00;0,00;188;20;197;11;15;458;871
9375;22,05;-536,98;0,00;0,00;0,00;-0,54;0,00;0,00;53;68;115;39;19;955;375
9376;37,92;-345,51;0,00;0,00;0,00;-0,35;0,00;0,00;385;79;137;20;37;440;552
9377;50,79;-103,29;0,00;0,00;0,00;-0,10;0,00;0,00;444;43;149;37;33;475;560
9378;42,15;-329,14;0,00;0,00;0,00;-0,33;0,00;0,00;66;100;149;47;16;107;710
9379;53,28;-162,63;0,00;0,00;0,00;-0,16;0,00;0,00;463;132;148;10;18;268;363
9380;59,12;-119,45;0,00;0,00;0,00;-0,12;0,00;0,00;309;32;49;14;31;428;253
9381;72,09;-25,84;0,00;0,00;0,00;-0,03;0,00;0,00;92;115;24;42;26;945;750
9382;39,56;-310,19;0,00;0,00;0,00;-0,31;0,00;0,00;312;107;110;12;19;579;678
9383;40,82;-345,94;0,00;0,00;0,00;-0,35;0,00;0,00;142;88;33;20;19;952;411
9384;83,70;161,29;0,00;0,00;0,00;0,16;0,00;0,00;220;149;72;38;20;215;495
9385;40,71;-219,69;0,00;0,00;0,00;-0,22;0,00;0,00;101;65;41;21;36;168;513
9386;46,01;-280,82;0,00;0,00;0,00;-0,28;0,00;0,00;440;17;54;41;37;740;627
9387;83,07;107,50;0,00;0,00;0,00;0,11;0,00;0,00;483;22;22;46;33;202;555
9388;43,05;-228,64;0,00;0,00;0,00;-0,23;0,00;0,00;469;54;138;37;38;429;176
9389;53,15;-153,62;0,00;0,00;0,00;-0,15;0,00;0,00;328;95;24;45;31;810;399
9390;79,15;32,45;0,00;0,00;0,00;0,03;0,00;0,00;292;147;103;36;34;781;964
9391;23,02;-493,52;0,00;0,00;0,00;-0,49;0,00;0,00;118;197;155;20;32;343;575
9392;37,64;-233,39;0,00;0,00;0,00;-0,23;0,00;0,00;372;122;25;32;28;173;242
9393;19,28;-467,75;0,00;0,00;0,00;-0,47;0,00;0,00;405;178;55;11;17;785;639
9394;60,97;-145,25;0,00;0,00;0,00;-0,15;0,00;0,00;425;171;99;43;31;929;578
9395;95,55;322,88;0,00;0,00;0,00;0,32;0,00;0,00;313;54;80;42;24;793;917
9396;67,30;22,38;0,00;0,00;0,00;0,02;0,00;0,00;105;190;115;47;28;961;336
9397;84,11;49,75;0,00;0,00;0,00;0,05;0,00;0,00;267;169;92;14;27;477;860
9398;46,45;-271,59;0,00;0,00;0,00;-0,27;0,00;0,00;244;40;70;27;34;506;723
9399;34,98;-398,39;0,00;0,00;0,00;-0,40;0,00;0,00;358;101;113;37;23;483;466
9400;65,34;-50,75;0,00;0,00;0,00;-0,05;0,00;0,00;496;23;162;22;24;568;306
9401;28,80;-384,69;0,00;0,00;0,00;-0,38;0,00;0,00;404;12;199;29;34;825;737
9402;20,67;-519,82;0,00;0,00;0,00;-0,52;0,00;0,00;268;155;70;36;36;326;851
9403;41,84;-293,57;0,00;0,00;0,00;-0,29;0,00;0,00;18;145;34;21;36;978;997
9404;8,02;-621,62;0,00;0,00;0,00;-0,62;0,00;0,00;50;145;37;38;25;790;258
9405;98,14;357,61;0,00;0,00;0,00;0,36;0,00;0,00;300;98;109;47;34;848;737
9406;2,08;-616,22;0,00;0,00;0,00;-0,62;0,00;0,00;475;197;46;30;31;429;932
9407;34,33;-315,04;0,00;0,00;0,00;-0,32;0,00;0,00;423;142;145;23;31;161;865
9408;30,18;-477,36;0,00;0,00;0,00;-0,48;0,00;0,00;205;120;76;30;18;935;564
9409;61,45;-119,26;0,00;0,00;0,00;-0,12;0,00;0,00;137;109;82;20;19;245;905
9410;67,03;-1,85;0,00;0,00;0,00;-0,00;0,00;0,00;184;164;38;22;28;661;352
9411;55,80;-68,86;0,00;0,00;0,00;-0,07;0,00;0,00;491;51;140;14;32;564;909
9412;39,91;-303,00;0,00;0,00;0,00;-0,30;0,00;0,00;80;54;100;46;37;332;349
9413;78,97;28,56;0,00;0,00;0,00;0,03;0,00;0,00;296;11;14;17;15;817;660
9414;42,05;-250,86;0,00;0,00;0,00;-0,25;0,00;0,00;429;129;195;31;18;109;555
9415;53,52;-136,96;0,00;0,00;0,00;-0,14;0,00;0,00;398;103;153;28;39;265;764
9416;55,57;-201,08;0,00;0,00;0,00;-0,20;0,00;0,00;259;110;165;23;18;214;191
9417;14,12;-588,99;0,00;0,00;0,00;-0,59;0,00;0,00;41;198;85;30;20;968;775
9418;34,88;-315,09;0,00;0,00;0,00;-0,32;0,00;0,00;116;28;136;47;18;857;383
9419;61,15;-69,18;0,00;0,00;0,00;-0,07;0,00;0,00;189;73;195;15;22;524;884
9420;6,58;-536,30;0,00;0,00;0,00;-0,54;0,00;0,00;100;116;195;24;23;277;698
9421;50,48;-131,46;0,00;0,00;0,00;-0,13;0,00;0,00;488;109;151;46;19;614;931
9422;30,82;-429,77;0,00;0,00;0,00;-0,43;0,00;0,00;328;30;77;27;17;773;488
9423;40,90;-311,55;0,00;0,00;0,00;-0,31;0,00;0,00;34;78;92;11;33;409;301
9424;48,98;-155,75;0,00;0,00;0,00;-0,16;0,00;0,00;185;188;91;22;16;316;403
9425;97,60;181,50;0,00;0,00;0,00;0,18;0,00;0,00;478;179;18;28;31;859;333
9426;53,29;-153,94;0,00;0,00;0,00;-0,15;0,00;0,00;147;94;126;44;21;666;488
9427;59,25;-92,06;0,00;0,00;0,00;-0,09;0,00;0,00;72;22;14;12;20;408;976
9428;82,56;137,65;0,00;0,00;0,00;0,14;0,00;0,00;435;72;93;48;25;605;315
9429;64,40;-135,79;0,00;0,00;0,00;-0,14;0,00;0,00;461;164;163;39;21;855;735
9430;45,21;-263,29;0,00;0,00;0,00;-0,26;0,00;0,00;405;72;155;33;27;816;215
9431;53,11;-164,07;0,00;0,00;0,00;-0,16;0,00;0,00;150;158;82;19;20;956;409
9432;32,58;-368,47;0,00;0,00;0,00;-0,37;0,00;0,00;104;151;74;27;33;924;947
9433;19,86;-489,62;0,00;0,00;0,00;-0,49;0,00;0,00;100;122;89;27;18;671;696
9434;65,24;-84,23;0,00;0,00;0,00;-0,08;0,00;0,00;123;99;96;17;21;240;628
9435;52,80;-231,41;0,00;0,00;0,00;-0,23;0,00;0,00;279;185;118;18;25;967;582
9436;45,19;-350,80;0,00;0,00;0,00;-0,35;0,00;0,00;446;58;77;36;18;554;847
9437;19,41;-497,12;0,00;0,00;0,00;-0,50;0,00;0,00;451;144;24;18;37;392;624
9438;0,53;-646,21;0,00;0,00;0,00;-0,65;0,00;0,00;110;103;88;41;30;277;723
9439;43,66;-302,60;0,00;0,00;0,00;-0,30;0,00;0,00;306;105;113;38;24;470;907
9440;27,53;-350,22;0,00;0,00;0,00;-0,35;0,00;0,00;147;122;154;19;36;699;651
9441;44,11;-285,33;0,00;0,00;0,00;-0,29;0,00;0,00;272;179;55;14;27;145;220
9442;52,68;-159,24;0,00;0,00;0,00;-0,16;0,00;0,00;283;147;159;14;31;925;244
9443;62,04;-80,62;0,00;0,00;0,00;-0,08;0,00;0,00;102;55;67;48;25;747;286
9444;59,97;-7,55;0,00;0,00;0,00;-0,01;0,00;0,00;304;193;177;19;38;721;605
9445;58,03;-173,09;0,00;0,00;0,00;-0,17;0,00;0,00;255;63;15;44;26;828;566
9446;51,98;-119,20;0,00;0,00;0,00;-0,12;0,00;0,00;66;116;53;41;28;417;546
9447;30,33;-394,83;0,00;0,00;0,00;-0,39;0,00;0,00;130;110;193;29;36;577;593
9448;62,03;-53,01;0,00;0,00;0,00;-0,05;0,00;0,00;223;144;18;13;38;473;666
9449;35,38;-395,50;0,00;0,00;0,00;-0,40;0,00;0,00;59;63;137;35;25;161;257
9450;72,40;61,36;0,00;0,00;0,00;0,06;0,00;0,00;299;47;45;10;19;475;795
9451;76,44;112,17;0,00;0,00;0,00;0,11;0,00;0,00;41;56;175;22;32;792;208
9452;43,63;-255,24;0,00;0,00;0,00;-0,26;0,00;0,00;118;84;96;27;33;755;690
9453;70,63;11,49;0,00;0,00;0,00;0,01;0,00;0,00;50;128;112;11;22;619;342
9454;26,78;-420,05;0,00;0,00;0,00;-0,42;0,00;0,00;99;85;21;27;35;180;215
9455;54,91;-174,34;0,00;0,00;0,00;-0,17;0,00;0,00;178;173;129;32;37;695;969
9456;67,95;-67,39;0,00;0,00;0,00;-0,07;0,00;0,00;99;160;181;15;23;923;928
9457;35,96;-310,17;0,00;0,00;0,00;-0,31;0,00;0,00;64;168;57;42;21;190;136
9458;28,13;-493,21;0,00;0,00;0,00;-0,49;0,00;0,00;289;43;105;38;21;411;206
9459;46,19;-242,55;0,00;0,00;0,00;-0,24;0,00;0,00;401;145;172;41;33;977;789
9460;47,00;-163,50;0,00;0,00;0,00;-0,16;0,00;0,00;160;80;188;23;38;108;138
9461;64,12;-111,76;0,00;0,00;0,00;-0,11;0,00;0,00;281;117;23;47;22;249;178
9462;72,84;9,29;0,00;0,00;0,00;0,01;0,00;0,00;424;122;33;46;15;839;469
9463;52,16;-175,35;0,00;0,00;0,00;-0,18;0,00;0,00;90;83;50;17;35;818;906
9464;27,74;-409,55;0,00;0,00;0,00;-0,41;0,00;0,00;346;125;157;23;27;417;295
9465;72,42;36,31;0,00;0,00;0,00;0,04;0,00;0,00;479;193;157;26;38;614;664
9466;47,94;-209,40;0,00;0,00;0,00;-0,21;0,00;0,00;284;125;179;12;35;604;487
9467;14,28;-533,15;0,00;0,00;0,00;-0,53;0,00;0,00;194;185;139;33;34;127;497
9468;56,81;-97,36;0,00;0,00;0,00;-0,10;0,00;0,00;396;41;158;15;19;492;752
9469;34,50;-372,11;0,00;0,00;0,00;-0,37;0,00;0,00;116;119;44;37;29;902;335
9470;49,32;-41,54;0,00;0,00;0,00;-0,04;0,00;0,00;301;100;128;19;26;171;328
9471;25,16;-477,05;0,00;0,00;0,00;-0,48;0,00;0,00;446;156;45;34;24;631;914
9472;32,79;-369,82;0,00;0,00;0,00;-0,37;0,00;0,00;329;82;47;38;35;532;407
9473;66,03;-87,30;0,00;0,00;0,00;-0,09;0,00;0,00;272;96;87;19;27;210;561
9474;37,24;-337,49;0,00;0,00;0,00;-0,34;0,00;0,00;377;141;55;35;35;179;385
9475;100,00;359,06;0,00;0,00;0,00;0,36;0,00;0,00;208;101;33;35;37;649;224
9476;55,45;-115,14;0,00;0,00;0,00;-0,12;0,00;0,00;490;199;169;45;39;238;735
9477;34,84;-347,60;0,00;0,00;0,00;-0,35;0,00;0,00;66;129;63;44;21;949;662
9478;86,10;250,29;0,00;0,00;0,00;0,25;0,00;0,00;481;81;114;11;19;866;958
9479;63,19;-72,02;0,00;0,00;0,00;-0,07;0,00;0,00;71;172;148;36;19;900;501
9480;39,58;-272,55;0,00;0,00;0,00;-0,27;0,00;0,00;300;129;19;30;18;277;371
9481;66,80;47,45;0,00;0,00;0,00;0,05;0,00;0,00;319;106;65;15;25;228;234
9482;37,95;-244,02;0,00;0,00;0,00;-0,24;0,00;0,00;471;161;76;41;27;556;370
9483;100,00;337,69;0,00;0,00;0,00;0,34;0,00;0,00;351;132;186;38;15;717;312
9484;33,21;-381,89;0,00;0,00;0,00;-0,38;0,00;0,00;375;104;66;40;15;656;995
9485;100,00;219,25;0,00;0,00;0,00;0,22;0,00;0,00;403;194;152;46;35;733;171
9486;60,16;-110,86;0,00;0,00;0,00;-0,11;0,00;0,00;171;50;176;11;22;664;841
9487;60,97;-116,42;0,00;0,00;0,00;-0,12;0,00;0,00;265;17;142;28;15;723;449
9488;74,19;-28,13;0,00;0,00;0,00;-0,03;0,00;0,00;105;142;185;33;36;899;430
9489;68,30;-27,82;0,00;0,00;0,00;-0,03;0,00;0,00;12;187;170;34;20;340;897
9490;66,56;11,33;0,00;0,00;0,00;0,01;0,00;0,00;435;160;104;30;30;644;498
9491;26,63;-411,65;0,00;0,00;0,00;-0,41;0,00;0,00;348;15;76;26;17;843;129
9492;89,12;161,55;0,00;0,00;0,00;0,16;0,00;0,00;132;56;120;43;34;113;959
9493;63,53;-32,50;0,00;0,00;0,00;-0,03;0,00;0,00;25;24;158;22;17;423;120
9494;22,58;-490,34;0,00;0,00;0,00;-0,49;0,00;0,00;91;67;122;26;16;935;633
9495;32,33;-317,33;0,00;0,00;0,00;-0,32;0,00;0,00;178;68;84;36;15;904;663
9496;81,21;108,84;0,00;0,00;0,00;0,11;0,00;0,00;246;25;22;26;29;636;968
9497;58,57;-74,10;0,00;0,00;0,00;-0,07;0,00;0,00;199;11;19;24;37;741;414
9498;53,52;-257,05;0,00;0,00;0,00;-0,26;0,00;0,00;20;159;56;43;17;166;679
9499;52,23;-160,39;0,00;0,00;0,00;-0,16;0,00;0,00;56;107;164;15;37;863;768
9500;0,07;-669,05;0,00;0,00;0,00;-0,67;0,00;0,00;69;103;12;29;15;870;573
9501;62,61;33,36;0,00;0,00;0,00;0,03;0,00;0,00;226;49;21;20;26;942;732
9502;0,00;-661,72;0,00;0,00;0,00;-0,66;0,00;0,00;244;175;48;15;39;245;393
9503;54,55;-134,61;0,00;0,00;0,00;-0,13;0,00;0,00;269;92;99;11;17;886;261
9504;97,82;283,61;0,00;0,00;0,00;0,28;0,00;0,00;267;169;68;12;39;134;905
9505;39,96;-362,51;0,00;0,00;0,00;-0,36;0,00;0,00;190;198;13;14;36;661;971
9506;47,23;-306,08;0,00;0,00;0,00;-0,31;0,00;0,00;166;35;31;12;19;868;184
9507;53,75;-77,83;0,00;0,00;0,00;-0,08;0,00;0,00;303;18;155;28;29;773;649
9508;45,37;-255,40;0,00;0,00;0,00;-0,26;0,00;0,00;448;81;72;24;16;610;576
9509;53,77;-173,47;0,00;0,00;0,00;-0,17;0,00;0,00;47;20;62;46;24;845;232
9510;59,82;-96,37;0,00;0,00;0,00;-0,10;0,00;0,00;113;80;186;25;29;777;760
9511;30,14;-422,20;0,00;0,00;0,00;-0,42;0,00;0,00;198;93;18;27;23;424;204
9512;25,71;-514,19;0,00;0,00;0,00;-0,51;0,00;0,00;321;78;101;38;25;956;166
9513;41,94;-240,19;0,00;0,00;0,00;-0,24;0,00;0,00;27;139;173;20;21;203;646
9514;35,14;-381,64;0,00;0,00;0,00;-0,38;0,00;0,00;462;79;188;42;22;415;925
9515;59,90;-104,67;0,00;0,00;0,00;-0,10;0,00;0,00;69;18;19;39;31;634;364
9516;91,20;197,85;0,00;0,00;0,00;0,20;0,00;0,00;373;119;14;19;28;709;823
9517;36,33;-384,87;0,00;0,00;0,00;-0,38;0,00;0,00;304;75;42;38;32;465;570
9518;82,41;105,23;0,00;0,00;0,00;0,11;0,00;0,00;446;26;162;33;24;369;738
9519;0,00;-660,94;0,00;0,00;0,00;-0,66;0,00;0,00;424;111;134;45;22;340;729
9520;12,07;-576,19;0,00;0,00;0,00;-0,58;0,00;0,00;55;140;88;34;34;420;111
9521;26,14;-499,97;0,00;0,00;0,00;-0,50;0,00;0,00;34;20;102;31;15;874;822
9522;70,21;42,34;0,00;0,00;0,00;0,04;0,00;0,00;487;42;12;44;27;386;149
9523;2,49;-731,34;0,00;0,00;0,00;-0,73;0,00;0,00;401;86;179;20;15;808;202
9524;49,13;-285,33;0,00;0,00;0,00;-0,29;0,00;0,00;121;147;84;39;30;499;334
9525;89,62;187,65;0,00;0,00;0,00;0,19;0,00;0,00;284;147;29;21;38;716;551
9526;22,45;-453,21;0,00;0,00;0,00;-0,45;0,00;0,00;496;71;155;11;25;274;486
9527;0,00;-731,08;0,00;0,00;0,00;-0,73;0,00;0,00;111;67;24;29;30;647;608
9528;46,21;-164,55;0,00;0,00;0,00;-0,16;0,00;0,00;100;57;132;21;22;891;677
9529;76,90;18,48;0,00;0,00;0,00;0,02;0,00;0,00;204;166;185;16;32;955;376
9530;0,00;-752,88;0,00;0,00;0,00;-0,75;0,00;0,00;181;189;62;48;24;470;700
9531;8,97;-476,25;0,00;0,00;0,00;-0,48;0,00;0,00;263;179;186;45;17;168;824
9532;28,85;-408,83;0,00;0,00;0,00;-0,41;0,00;0,00;194;113;84;47;16;448;305
9533;36,69;-350,01;0,00;0,00;0,00;-0,35;0,00;0,00;75;134;175;23;24;655;916
9534;34,37;-320,41;0,00;0,00;0,00;-0,32;0,00;0,00;205;78;148;26;18;755;817
9535;67,42;-57,00;0,00;0,00;0,00;-0,06;0,00;0,00;67;53;16;44;21;219;913
9536;57,34;-64,31;0,00;0,00;0,00;-0,06;0,00;0,00;409;167;61;38;15;622;886
9537;100,00;306,55;0,00;0,00;0,00;0,31;0,00;0,00;140;26;122;10;18;808;288
9538;38,84;-299,05;0,00;0,00;0,00;-0,30;0,00;0,00;332;108;10;46;19;584;578
9539;65,01;-1,68;0,00;0,00;0,00;-0,00;0,00;0,00;482;155;93;18;26;182;360
9540;61,79;-22,10;0,00;0,00;0,00;-0,02;0,00;0,00;152;143;92;19;38;601;669
9541;18,54;-480,11;0,00;0,00;0,00;-0,48;0,00;0,00;43;29;172;42;32;898;840
9542;55,00;-168,17;0,00;0,00;0,00;-0,17;0,00;0,00;122;20;135;34;19;120;837
9543;29,65;-337,52;0,00;0,00;0,00;-0,34;0,00;0,00;427;134;60;44;34;919;714
9544;32,20;-393,67;0,00;0,00;0,00;-0,39;0,00;0,00;277;141;172;19;17;832;555
9545;18,76;-506,35;0,00;0,00;0,00;-0,51;0,00;0,00;239;182;63;29;35;838;117
9546;30,79;-407,87;0,00;0,00;0,00;-0,41;0,00;0,00;478;107;181;30;29;689;882
9547;57,18;-157,93;0,00;0,00;0,00;-0,16;0,00;0,00;190;18;82;11;22;798;708
9548;39,58;-265,63;0,00;0,00;0,00;-0,27;0,00;0,00;42;90;42;49;29;285;761
9549;44,17;-285,68;0,00;0,00;0,00;-0,29;0,00;0,00;419;86;112;19;18;262;324
9550;41,13;-326,24;0,00;0,00;0,00;-0,33;0,00;0,00;63;60;42;48;24;660;203
9551;3,16;-687,50;0,00;0,00;0,00;-0,69;0,00;0,00;468;48;46;26;32;883;206
9552;48,15;-198,46;0,00;0,00;0,00;-0,20;0,00;0,00;371;98;111;25;30;700;517
9553;47,40;-229,39;0,00;0,00;0,00;-0,23;0,00;0,00;429;83;21;49;32;723;311
9554;43,78;-263,01;0,00;0,00;0,00;-0,26;0,00;0,00;392;168;52;33;33;579;228
9555;56,06;-124,95;0,00;0,00;0,00;-0,12;0,00;0,00;67;33;125;38;32;401;643
9556;43,64;-241,10;0,00;0,00;0,00;-0,24;0,00;0,00;454;11;56;45;35;721;131
9557;58,60;-167,36;0,00;0,00;0,00;-0,17;0,00;0,00;278;117;149;21;18;809;433
9558;55,42;-174,25;0,00;0,00;0,00;-0,17;0,00;0,00;103;80;188;42;36;311;281
9559;45,93;-187,14;0,00;0,00;0,00;-0,19;0,00;0,00;386;163;12;23;31;582;904
9560;50,31;-231,40;0,00;0,00;0,00;-0,23;0,00;0,00;399;141;92;29;38;474;125
9561;66,36;-46,72;0,00;0,00;0,00;-0,05;0,00;0,00;17;83;179;40;17;529;515
9562;79,28;22,15;0,00;0,00;0,00;0,02;0,00;0,00;304;123;192;20;20;223;242
9563;29,21;-463,04;0,00;0,00;0,00;-0,46;0,00;0,00;25;21;100;37;25;436;686
9564;54,92;-160,82;0,00;0,00;0,00;-0,16;0,00;0,00;197;95;85;29;39;955;442
9565;37,97;-239,17;0,00;0,00;0,00;-0,24;0,00;0,00;162;20;77;37;27;138;653
9566;62,01;-103,97;0,00;0,00;0,00;-0,10;0,00;0,00;300;81;181;34;28;257;733
9567;36,80;-355,61;0,00;0,00;0,00;-0,36;0,00;0,00;305;163;20;32;24;260;753
9568;76,24;128,30;0,00;0,00;0,00;0,13;0,00;0,00;44;147;190;23;24;524;985
9569;98,02;195,41;0,00;0,00;0,00;0,20;0,00;0,00;402;80;90;34;34;734;693
9570;62,38;-97,80;0,00;0,00;0,00;-0,10;0,00;0,00;256;10;62;14;18;774;558
9571;67,58;-31,51;0,00;0,00;0,00;-0,03;0,00;0,00;238;46;182;35;15;396;761
9572;39,34;-319,03;0,00;0,00;0,00;-0,32;0,00;0,00;457;137;189;24;20;797;115
9573;53,90;-187,99;0,00;0,00;0,00;-0,19;0,00;0,00;455;188;147;11;30;445;519
9574;34,01;-484,76;0,00;0,00;0,00;-0,48;0,00;0,00;100;115;37;48;20;619;435
9575;20,04;-541,29;0,00;0,00;0,00;-0,54;0,00;0,00;94;47;70;13;34;952;620
9576;33,58;-399,47;0,00;0,00;0,00;-0,40;0,00;0,00;79;53;182;25;37;618;828
9577;13,22;-602,81;0,00;0,00;0,00;-0,60;0,00;0,00;315;102;149;16;32;435;799
9578;18,79;-596,45;0,00;0,00;0,00;-0,60;0,00;0,00;477;191;63;23;21;244;390
9579;49,25;-226,62;0,00;0,00;0,00;-0,23;0,00;0,00;351;125;153;35;31;596;896
9580;92,99;246,81;0,00;0,00;0,00;0,25;0,00;0,00;363;17;183;10;22;450;499
9581;55,97;-113,33;0,00;0,00;0,00;-0,11;0,00;0,00;80;86;168;17;28;397;418
9582;23,97;-387,41;0,00;0,00;0,00;-0,39;0,00;0,00;38;12;196;25;33;379;897
9583;57,10;-152,25;0,00;0,00;0,00;-0,15;0,00;0,00;34;72;60;14;22;611;979
9584;90,16;159,88;0,00;0,00;0,00;0,16;0,00;0,00;200;77;18;39;29;562;395
9585;14,81;-418,03;0,00;0,00;0,00;-0,42;0,00;0,00;63;99;123;49;39;937;563
9586;68,76;0,76;0,00;0,00;0,00;0,00;0,00;0,00;84;42;136;23;24;948;705
9587;56,47;-86,34;0,00;0,00;0,00;-0,09;0,00;0,00;76;78;37;23;27;689;658
9588;32,92;-425,26;0,00;0,00;0,00;-0,43;0,00;0,00;266;51;41;35;38;523;941
9589;13,14;-568,80;0,00;0,00;0,00;-0,57;0,00;0,00;100;21;71;36;28;748;355
9590;27,14;-485,48;0,00;0,00;0,00;-0,49;0,00;0,00;201;81;96;24;32;680;775
9591;39,23;-313,53;0,00;0,00;0,00;-0,31;0,00;0,00;214;28;103;34;25;110;611
9592;53,26;-70,97;0,00;0,00;0,00;-0,07;0,00;0,00;74;165;44;20;29;376;146
9593;96,57;301,32;0,00;0,00;0,00;0,30;0,00;0,00;280;93;97;16;17;940;891
9594;22,90;-469,01;0,00;0,00;0,00;-0,47;0,00;0,00;363;35;123;10;30;625;429
9595;98,34;267,77;0,00;0,00;0,00;0,27;0,00;0,00;285;69;142;16;20;409;629
9596;84,18;109,70;0,00;0,00;0,00;0,11;0,00;0,00;327;91;131;42;17;727;338
9597;52,94;-192,82;0,00;0,00;0,00;-0,19;0,00;0,00;37;176;155;26;36;561;790
9598;55,22;-161,60;0,00;0,00;0,00;-0,16;0,00;0,00;460;96;101;35;24;927;273
9599;21,95;-551,77;0,00;0,00;0,00;-0,55;0,00;0,00;13;23;90;13;18;933;657
9600;55,64;-173,30;0,00;0,00;0,00;-0,17;0,00;0,00;266;65;149;16;33;695;494
9601;12,64;-489,28;0,00;0,00;0,00;-0,49;0,00;0,00;103;199;198;38;26;418;453
9602;43,20;-215,01;0,00;0,00;0,00;-0,22;0,00;0,00;18;103;71;21;38;773;358
9603;37,51;-455,62;0,00;0,00;0,00;-0,46;0,00;0,00;259;38;127;31;31;365;311
9604;34,36;-397,94;0,00;0,00;0,00;-0,40;0,00;0,00;353;132;33;24;26;997;916
9605;17,89;-538,58;0,00;0,00;0,00;-0,54;0,00;0,00;313;104;154;27;17;498;959
9606;71,25;10,05;0,00;0,00;0,00;0,01;0,00;0,00;402;181;22;17;39;932;706
9607;67,75;-22,73;0,00;0,00;0,00;-0,02;0,00;0,00;106;45;99;26;16;488;948
9608;4,01;-668,11;0,00;0,00;0,00;-0,67;0,00;0,00;150;151;123;41;29;664;679
9609;74,20;67,30;0,00;0,00;0,00;0,07;0,00;0,00;121;110;172;35;30;340;578
9610;47,66;-240,26;0,00;0,00;0,00;-0,24;0,00;0,00;277;155;66;36;17;735;525
9611;0,00;-607,25;0,00;0,00;0,00;-0,61;0,00;0,00;149;87;167;20;39;972;369
9612;63,03;-131,32;0,00;0,00;0,00;-0,13;0,00;0,00;190;125;197;21;21;568;601
9613;59,95;-54,96;0,00;0,00;0,00;-0,05;0,00;0,00;187;163;156;31;25;844;758
9614;54,23;-225,76;0,00;0,00;0,00;-0,23;0,00;0,00;247;91;186;12;27;531;316
9615;93,17;312,30;0,00;0,00;0,00;0,31;0,00;0,00;262;78;32;27;15;280;282
9616;28,71;-421,95;0,00;0,00;0,00;-0,42;0,00;0,00;76;122;43;36;20;641;397
9617;86,79;226,46;0,00;0,00;0,00;0,23;0,00;0,00;85;167;96;37;38;439;422
9618;28,91;-370,04;0,00;0,00;0,00;-0,37;0,00;0,00;483;80;170;22;28;684;783
9619;73,45;31,28;0,00;0,00;0,00;0,03;0,00;0,00;337;107;188;36;19;840;456
9620;50,87;-174,31;0,00;0,00;0,00;-0,17;0,00;0,00;14;166;14;27;32;593;568
9621;57,69;-197,48;0,00;0,00;0,00;-0,20;0,00;0,00;264;36;162;20;30;460;706
9622;26,30;-434,74;0,00;0,00;0,00;-0,43;0,00;0,00;129;75;148;25;25;348;753
9623;62,28;-96,86;0,00;0,00;0,00;-0,10;0,00;0,00;453;45;197;13;33;818;575
9624;43,39;-182,88;0,00;0,00;0,00;-0,18;0,00;0,00;22;161;58;37;29;746;551
9625;70,73;55,07;0,00;0,00;0,00;0,06;0,00;0,00;248;190;66;33;16;991;131
9626;28,32;-366,84;0,00;0,00;0,00;-0,37;0,00;0,00;140;12;57;18;39;784;354
9627;29,96;-362,60;0,00;0,00;0,00;-0,36;0,00;0,00;348;174;159;30;19;620;801
9628;43,54;-221,64;0,00;0,00;0,00;-0,22;0,00;0,00;452;14;195;37;16;877;868
9629;59,98;-184,22;0,00;0,00;0,00;-0,18;0,00;0,00;131;66;137;47;25;302;306
9630;29,13;-344,01;0,00;0,00;0,00;-0,34;0,00;0,00;20;109;190;21;34;202;548
9631;37,73;-343,24;0,00;0,00;0,00;-0,34;0,00;0,00;139;35;30;34;33;445;452
9632;51,28;-130,19;0,00;0,00;0,00;-0,13;0,00;0,00;236;10;71;24;30;725;158
9633;44,81;-236,24;0,00;0,00;0,00;-0,24;0,00;0,00;393;149;148;31;32;262;427
9634;38,24;-326,08;0,00;0,00;0,00;-0,33;0,00;0,00;488;145;13;48;39;729;672
9635;64,98;19,04;0,00;0,00;0,00;0,02;0,00;0,00;374;146;85;24;30;789;417
9636;23,84;-508,19;0,00;0,00;0,00;-0,51;0,00;0,00;495;108;62;35;37;540;480
9637;58,60;-108,24;0,00;0,00;0,00;-0,11;0,00;0,00;299;136;89;15;23;813;718
9638;50,30;-304,86;0,00;0,00;0,00;-0,30;0,00;0,00;176;84;137;26;18;450;733
9639;74,10;-49,88;0,00;0,00;0,00;-0,05;0,00;0,00;485;42;78;38;20;328;856
9640;8,03;-603,38;0,00;0,00;0,00;-0,60;0,00;0,00;314;97;88;30;26;124;159
9641;72,95;67,78;0,00;0,00;0,00;0,07;0,00;0,00;34;160;92;36;16;946;957
9642;56,25;-131,49;0,00;0,00;0,00;-0,13;0,00;0,00;346;118;132;26;37;503;198
9643;53,29;-109,31;0,00;0,00;0,00;-0,11;0,00;0,00;439;61;149;26;15;389;713
9644;30,29;-426,71;0,00;0,00;0,00;-0,43;0,00;0,00;166;25;179;45;29;485;457
9645;0,00;-627,87;0,00;0,00;0,00;-0,63;0,00;0,00;219;166;171;49;18;479;191
9646;22,50;-512,05;0,00;0,00;0,00;-0,51;0,00;0,00;461;100;166;49;35;195;381
9647;73,06;-9,92;0,00;0,00;0,00;-0,01;0,00;0,00;278;98;65;38;38;291;411
9648;36,97;-364,78;0,00;0,00;0,00;-0,36;0,00;0,00;378;169;164;42;39;196;307
9649;65,24;-6,87;0,00;0,00;0,00;-0,01;0,00;0,00;228;98;151;33;15;779;677
9650;56,36;-148,67;0,00;0,00;0,00;-0,15;0,00;0,00;433;33;113;18;20;576;237
9651;83,65;116,71;0,00;0,00;0,00;0,12;0,00;0,00;377;40;144;29;20;695;737
9652;34,57;-469,05;0,00;0,00;0,00;-0,47;0,00;0,00;340;147;92;36;28;581;189
9653;58,67;-69,45;0,00;0,00;0,00;-0,07;0,00;0,00;110;17;25;47;17;506;886
9654;58,25;-79,25;0,00;0,00;0,00;-0,08;0,00;0,00;20;113;195;18;35;305;840
9655;70,00;-42,08;0,00;0,00;0,00;-0,04;0,00;0,00;211;70;87;14;21;297;924
9656;73,35;36,81;0,00;0,00;0,00;0,04;0,00;0,00;195;29;25;14;19;225;959
9657;85,38;190,83;0,00;0,00;0,00;0,19;0,00;0,00;69;182;94;21;30;858;653
9658;24,48;-475,09;0,00;0,00;0,00;-0,48;0,00;0,00;469;122;20;20;24;829;284
9659;66,95;20,77;0,00;0,00;0,00;0,02;0,00;0,00;185;174;68;19;18;558;774
9660;30,60;-417,85;0,00;0,00;0,00;-0,42;0,00;0,00;257;117;115;26;38;611;521
9661;22,29;-523,19;0,00;0,00;0,00;-0,52;0,00;0,00;182;193;172;12;33;872;104
9662;63,22;-37,30;0,00;0,00;0,00;-0,04;0,00;0,00;478;140;32;44;19;165;595
9663;53,98;-187,35;0,00;0,00;0,00;-0,19;0,00;0,00;244;66;24;30;35;758;251
9664;49,12;-266,35;0,00;0,00;0,00;-0,27;0,00;0,00;23;26;33;38;23;338;463
9665;45,33;-310,86;0,00;0,00;0,00;-0,31;0,00;0,00;302;181;162;33;29;185;329
9666;38,44;-346,74;0,00;0,00;0,00;-0,35;0,00;0,00;416;78;24;19;39;466;253
9667;100,00;259,81;0,00;0,00;0,00;0,26;0,00;0,00;117;105;118;41;17;479;573
9668;68,01;-42,33;0,00;0,00;0,00;-0,04;0,00;0,00;413;149;140;30;39;929;171
9669;55,77;-174,14;0,00;0,00;0,00;-0,17;0,00;0,00;199;37;57;40;30;230;145
9670;71,95;-11,17;0,00;0,00;0,00;-0,01;0,00;0,00;318;62;59;46;23;694;214
9671;60,65;-125,77;0,00;0,00;0,00;-0,13;0,00;0,00;151;144;51;37;35;444;157
9672;88,62;239,39;0,00;0,00;0,00;0,24;0,00;0,00;70;147;197;42;35;848;334
9673;92,91;262,12;0,00;0,00;0,00;0,26;0,00;0,00;427;144;53;33;24;735;626
9674;30,92;-405,25;0,00;0,00;0,00;-0,41;0,00;0,00;191;162;43;37;27;537;416
9675;60,81;-68,91;0,00;0,00;0,00;-0,07;0,00;0,00;275;136;96;46;39;955;961
9676;68,03;23,68;0,00;0,00;0,00;0,02;0,00;0,00;278;78;21;34;32;325;599
9677;12,71;-494,73;0,00;0,00;0,00;-0,49;0,00;0,00;157;165;106;37;27;381;724
9678;17,54;-588,59;0,00;0,00;0,00;-0,59;0,00;0,00;459;98;90;13;36;270;265
9679;47,36;-197,95;0,00;0,00;0,00;-0,20;0,00;0,00;373;118;174;42;38;619;315
9680;38,43;-351,76;0,00;0,00;0,00;-0,35;0,00;0,00;247;169;27;48;39;244;858
9681;61,78;-155,12;0,00;0,00;0,00;-0,16;0,00;0,00;187;125;105;21;21;392;834
9682;53,43;-180,24;0,00;0,00;0,00;-0,18;0,00;0,00;320;176;24;30;39;424;823
9683;19,92;-451,67;0,00;0,00;0,00;-0,45;0,00;0,00;275;130;38;38;31;650;682
9684;63,36;-137,45;0,00;0,00;0,00;-0,14;0,00;0,00;17;12;193;31;33;193;636
9685;43,06;-206,91;0,00;0,00;0,00;-0,21;0,00;0,00;249;185;108;17;32;693;589
9686;69,00;44,90;0,00;0,00;0,00;0,04;0,00;0,00;168;123;33;20;17;549;121
9687;88,15;155,91;0,00;0,00;0,00;0,16;0,00;0,00;323;114;65;34;21;574;235
9688;31,17;-486,61;0,00;0,00;0,00;-0,49;0,00;0,00;347;161;22;34;39;156;184
9689;34,26;-353,08;0,00;0,00;0,00;-0,35;0,00;0,00;299;139;142;35;27;637;882
9690;82,43;119,71;0,00;0,00;0,00;0,12;0,00;0,00;388;131;85;27;35;127;247
9691;56,16;-179,95;0,00;0,00;0,00;-0,18;0,00;0,00;426;161;88;46;39;136;303
9692;44,07;-296,17;0,00;0,00;0,00;-0,30;0,00;0,00;146;56;161;22;37;597;257
9693;61,40;-48,31;0,00;0,00;0,00;-0,05;0,00;0,00;122;121;26;16;31;131;418
9694;20,87;-480,93;0,00;0,00;0,00;-0,48;0,00;0,00;87;160;23;12;34;410;152
9695;20,98;-476,83;0,00;0,00;0,00;-0,48;0,00;0,00;94;128;197;25;16;373;553
9696;39,10;-348,07;0,00;0,00;0,00;-0,35;0,00;0,00;442;183;167;40;16;260;447
9697;68,66;-83,86;0,00;0,00;0,00;-0,08;0,00;0,00;114;15;24;37;22;349;895
9698;79,59;73,43;0,00;0,00;0,00;0,07;0,00;0,00;102;30;109;40;21;331;837
9699;43,27;-260,99;0,00;0,00;0,00;-0,26;0,00;0,00;322;35;12;14;21;530;824
9700;37,91;-255,98;0,00;0,00;0,00;-0,26;0,00;0,00;86;75;113;48;28;196;943
9701;64,19;-0,35;0,00;0,00;0,00;-0,00;0,00;0,00;278;191;68;10;19;178;112
9702;30,17;-375,31;0,00;0,00;0,00;-0,38;0,00;0,00;163;97;65;24;37;395;287
9703;57,84;-17,71;0,00;0,00;0,00;-0,02;0,00;0,00;204;112;192;10;35;912;741
9704;77,91;97,39;0,00;0,00;0,00;0,10;0,00;0,00;412;143;144;27;28;882;617
9705;10,43;-615,26;0,00;0,00;0,00;-0,62;0,00;0,00;286;17;94;31;22;934;460
9706;39,39;-325,90;0,00;0,00;0,00;-0,33;0,00;0,00;123;73;137;18;23;439;742
9707;50,80;-133,18;0,00;0,00;0,00;-0,13;0,00;0,00;367;185;176;49;35;407;673
9708;74,66;-19,96;0,00;0,00;0,00;-0,02;0,00;0,00;260;43;158;42;35;676;461
9709;45,87;-283,60;0,00;0,00;0,00;-0,28;0,00;0,00;238;48;181;18;24;753;597
9710;25,08;-403,18;0,00;0,00;0,00;-0,40;0,00;0,00;136;182;90;27;23;221;671
9711;44,05;-265,69;0,00;0,00;0,00;-0,27;0,00;0,00;398;169;12;16;19;144;702
9712;55,93;-110,36;0,00;0,00;0,00;-0,11;0,00;0,00;87;184;120;32;21;384;494
9713;29,19;-250,66;0,00;0,00;0,00;-0,25;0,00;0,00;82;15;66;48;19;205;934
9714;81,40;181,51;0,00;0,00;0,00;0,18;0,00;0,00;107;67;45;17;27;904;753
9715;50,36;-208,38;0,00;0,00;0,00;-0,21;0,00;0,00;445;29;107;19;19;257;961
9716;40,77;-354,15;0,00;0,00;0,00;-0,35;0,00;0,00;378;77;157;12;20;777;902
9717;15,81;-537,51;0,00;0,00;0,00;-0,54;0,00;0,00;499;79;20;31;37;878;257
9718;48,74;-285,69;0,00;0,00;0,00;-0,29;0,00;0,00;310;142;19;21;17;690;676
9719;25,24;-429,32;0,00;0,00;0,00;-0,43;0,00;0,00;403;41;72;22;21;606;697
9720;54,62;-185,81;0,00;0,00;0,00;-0,19;0,00;0,00;406;185;175;14;26;866;571
9721;69,16;-7,15;0,00;0,00;0,00;-0,01;0,00;0,00;484;130;193;12;18;400;230
9722;34,85;-365,39;0,00;0,00;0,00;-0,37;0,00;0,00;427;167;54;23;20;490;666
9723;90,53;157,71;0,00;0,00;0,00;0,16;0,00;0,00;33;199;109;49;15;369;558
9724;29,80;-415,09;0,00;0,00;0,00;-0,42;0,00;0,00;445;93;134;14;22;578;670
9725;57,32;-113,74;0,00;0,00;0,00;-0,11;0,00;0,00;225;112;13;46;32;983;312
9726;71,15;-88,34;0,00;0,00;0,00;-0,09;0,00;0,00;338;185;139;26;28;458;305
9727;22,90;-496,73;0,00;0,00;0,00;-0,50;0,00;0,00;403;68;194;20;39;937;986
9728;89,70;157,82;0,00;0,00;0,00;0,16;0,00;0,00;75;67;101;42;38;121;989
9729;41,69;-255,21;0,00;0,00;0,00;-0,26;0,00;0,00;288;143;17;47;31;950;414
9730;46,82;-217,04;0,00;0,00;0,00;-0,22;0,00;0,00;135;60;54;12;24;273;538
9731;47,69;-235,79;0,00;0,00;0,00;-0,24;0,00;0,00;61;111;25;31;25;338;579
9732;60,96;-105,88;0,00;0,00;0,00;-0,11;0,00;0,00;191;22;184;35;33;169;613
9733;44,71;-292,68;0,00;0,00;0,00;-0,29;0,00;0,00;241;48;148;23;25;985;791
9734;63,08;-133,62;0,00;0,00;0,00;-0,13;0,00;0,00;169;41;42;47;18;149;894
9735;35,61;-384,38;0,00;0,00;0,00;-0,38;0,00;0,00;425;27;123;41;21;428;218
9736;64,00;-69,24;0,00;0,00;0,00;-0,07;0,00;0,00;153;28;44;35;34;267;733
9737;38,21;-346,77;0,00;0,00;0,00;-0,35;0,00;0,00;146;95;133;47;37;408;334
9738;100,00;288,48;0,00;0,00;0,00;0,29;0,00;0,00;482;57;147;48;32;886;501
9739;77,04;35,98;0,00;0,00;0,00;0,04;0,00;0,00;355;177;10;25;33;439;980
9740;59,79;24,81;0,00;0,00;0,00;0,02;0,00;0,00;186;155;19;28;15;180;422
9741;58,62;-190,46;0,00;0,00;0,00;-0,19;0,00;0,00;223;42;62;40;22;387;382
9742;26,02;-505,66;0,00;0,00;0,00;-0,51;0,00;0,00;383;100;40;17;21;567;209
9743;37,58;-306,03;0,00;0,00;0,00;-0,31;0,00;0,00;194;120;17;39;20;797;715
9744;52,21;-135,86;0,00;0,00;0,00;-0,14;0,00;0,00;254;111;157;46;15;732;113
9745;51,70;-179,64;0,00;0,00;0,00;-0,18;0,00;0,00;475;97;46;43;26;359;412
9746;69,39;-41,06;0,00;0,00;0,00;-0,04;0,00;0,00;53;108;76;32;28;849;597
9747;60,26;-126,45;0,00;0,00;0,00;-0,13;0,00;0,00;28;71;197;35;27;448;419
9748;67,88;-79,90;0,00;0,00;0,00;-0,08;0,00;0,00;295;38;18;19;22;461;439
9749;56,04;-148,32;0,00;0,00;0,00;-0,15;0,00;0,00;451;62;105;48;18;157;880
9750;0,00;-752,85;0,00;0,00;0,00;-0,75;0,00;0,00;404;198;71;15;17;892;901
9751;37,57;-297,18;0,00;0,00;0,00;-0,30;0,00;0,00;159;146;117;17;38;185;244
9752;24,23;-458,81;0,00;0,00;0,00;-0,46;0,00;0,00;367;171;181;48;27;494;209
9753;13,47;-596,10;0,00;0,00;0,00;-0,60;0,00;0,00;223;52;131;35;26;358;993
9754;24,39;-499,46;0,00;0,00;0,00;-0,50;0,00;0,00;196;67;103;13;29;569;723
9755;12,08;-546,95;0,00;0,00;0,00;-0,55;0,00;0,00;95;54;193;30;31;293;724
9756;65,28;-71,93;0,00;0,00;0,00;-0,07;0,00;0,00;438;199;133;38;15;798;753
9757;87,03;243,07;0,00;0,00;0,00;0,24;0,00;0,00;467;46;149;39;24;401;370
9758;14,69;-631,36;0,00;0,00;0,00;-0,63;0,00;0,00;377;93;199;33;34;769;577
9759;93,71;247,96;0,00;0,00;0,00;0,25;0,00;0,00;271;174;133;49;23;764;569
9760;57,77;-165,28;0,00;0,00;0,00;-0,17;0,00;0,00;308;97;50;16;21;152;901
9761;77,30;30,75;0,00;0,00;0,00;0,03;0,00;0,00;262;178;184;24;38;962;514
9762;54,60;-217,61;0,00;0,00;0,00;-0,22;0,00;0,00;203;109;60;30;26;652;366
9763;28,49;-419,74;0,00;0,00;0,00;-0,42;0,00;0,00;238;153;154;48;38;820;726
9764;18,10;-362,32;0,00;0,00;0,00;-0,36;0,00;0,00;305;197;146;36;15;345;502
9765;52,53;-202,05;0,00;0,00;0,00;-0,20;0,00;0,00;330;72;75;39;39;981;171
9766;36,71;-342,41;0,00;0,00;0,00;-0,34;0,00;0,00;425;192;142;15;35;801;111
9767;86,97;214,63;0,00;0,00;0,00;0,21;0,00;0,00;171;127;182;18;22;572;739
9768;55,27;-67,04;0,00;0,00;0,00;-0,07;0,00;0,00;262;29;183;19;16;140;668
9769;25,65;-406,22;0,00;0,00;0,00;-0,41;0,00;0,00;265;161;111;49;35;611;832
9770;20,38;-502,63;0,00;0,00;0,00;-0,50;0,00;0,00;285;78;117;21;25;712;836
9771;28,28;-345,67;0,00;0,00;0,00;-0,35;0,00;0,00;125;143;96;22;17;462;468
9772;36,25;-342,37;0,00;0,00;0,00;-0,34;0,00;0,00;200;77;166;22;24;891;991
9773;69,35;-11,68;0,00;0,00;0,00;-0,01;0,00;0,00;237;188;97;13;34;930;241
9774;74,90;54,28;0,00;0,00;0,00;0,05;0,00;0,00;416;90;51;21;34;607;177
9775;94,77;193,60;0,00;0,00;0,00;0,19;0,00;0,00;90;130;62;21;17;797;217
9776;19,57;-573,95;0,00;0,00;0,00;-0,57;0,00;0,00;458;82;104;11;32;828;365
9777;21,17;-521,81;0,00;0,00;0,00;-0,52;0,00;0,00;385;86;43;44;20;713;571
9778;5,84;-608,09;0,00;0,00;0,00;-0,61;0,00;0,00;332;76;181;34;27;254;492
9779;15,67;-462,22;0,00;0,00;0,00;-0,46;0,00;0,00;10;12;75;36;25;283;983
9780;32,38;-410,39;0,00;0,00;0,00;-0,41;0,00;0,00;124;95;13;34;18;360;449
9781;82,61;180,84;0,00;0,00;0,00;0,18;0,00;0,00;441;41;191;12;18;426;879
9782;56,98;-154,68;0,00;0,00;0,00;-0,15;0,00;0,00;23;60;123;44;23;665;391
9783;54,87;-125,34;0,00;0,00;0,00;-0,13;0,00;0,00;111;88;189;20;37;394;733
9784;75,48;108,34;0,00;0,00;0,00;0,11;0,00;0,00;395;74;88;48;25;455;433
9785;43,24;-280,74;0,00;0,00;0,00;-0,28;0,00;0,00;295;25;153;30;17;664;253
9786;15,21;-483,38;0,00;0,00;0,00;-0,48;0,00;0,00;241;174;178;11;36;141;928
9787;98,66;203,86;0,00;0,00;0,00;0,20;0,00;0,00;123;170;82;49;30;183;543
9788;52,93;-258,93;0,00;0,00;0,00;-0,26;0,00;0,00;384;51;121;37;26;817;870
9789;30,21;-353,16;0,00;0,00;0,00;-0,35;0,00;0,00;56;140;89;38;32;518;667
9790;73,30;-12,19;0,00;0,00;0,00;-0,01;0,00;0,00;145;41;110;23;31;969;874
9791;9,46;-619,18;0,00;0,00;0,00;-0,62;0,00;0,00;192;90;141;31;28;620;461
9792;36,10;-306,07;0,00;0,00;0,00;-0,31;0,00;0,00;233;49;30;22;25;932;270
9793;42,33;-176,21;0,00;0,00;0,00;-0,18;0,00;0,00;247;14;182;14;37;456;867
9794;43,77;-272,90;0,00;0,00;0,00;-0,27;0,00;0,00;470;89;69;21;21;912;229
9795;43,45;-260,97;0,00;0,00;0,00;-0,26;0,00;0,00;250;126;120;15;36;447;731
9796;40,82;-296,52;0,00;0,00;0,00;-0,30;0,00;0,00;226;130;161;23;29;336;828
9797;77,82;75,82;0,00;0,00;0,00;0,08;0,00;0,00;160;79;114;48;24;998;713
9798;14,23;-467,40;0,00;0,00;0,00;-0,47;0,00;0,00;98;134;164;22;30;442;666
9799;23,29;-436,61;0,00;0,00;0,00;-0,44;0,00;0,00;477;27;39;24;38;238;187
9800;73,97;9,22;0,00;0,00;0,00;0,01;0,00;0,00;57;129;52;36;20;258;911
9801;76,13;37,70;0,00;0,00;0,00;0,04;0,00;0,00;52;51;34;10;23;480;504
9802;38,94;-315,30;0,00;0,00;0,00;-0,32;0,00;0,00;75;39;119;16;36;595;672
9803;7,08;-680,47;0,00;0,00;0,00;-0,68;0,00;0,00;175;89;90;37;35;502;328
9804;26,68;-391,47;0,00;0,00;0,00;-0,39;0,00;0,00;478;171;107;41;39;535;716
9805;57,59;-57,66;0,00;0,00;0,00;-0,06;0,00;0,00;212;161;47;22;25;539;530
9806;44,09;-254,90;0,00;0,00;0,00;-0,25;0,00;0,00;398;69;25;10;35;688;195
9807;11,74;-581,60;0,00;0,00;0,00;-0,58;0,00;0,00;260;158;161;42;21;646;118
9808;44,04;-312,63;0,00;0,00;0,00;-0,31;0,00;0,00;119;31;101;26;34;342;294
9809;53,48;-246,48;0,00;0,00;0,00;-0,25;0,00;0,00;93;20;97;25;29;688;214
9810;8,17;-647,09;0,00;0,00;0,00;-0,65;0,00;0,00;375;149;171;39;22;849;377
9811;65,43;-35,70;0,00;0,00;0,00;-0,04;0,00;0,00;251;179;136;35;17;740;485
9812;16,49;-432,60;0,00;0,00;0,00;-0,43;0,00;0,00;23;170;51;17;37;309;475
9813;52,53;-166,67;0,00;0,00;0,00;-0,17;0,00;0,00;13;174;148;24;38;815;130
9814;0,00;-723,59;0,00;0,00;0,00;-0,72;0,00;0,00;329;69;148;15;16;525;146
9815;77,03;82,09;0,00;0,00;0,00;0,08;0,00;0,00;487;106;76;45;19;543;515
9816;54,38;-79,93;0,00;0,00;0,00;-0,08;0,00;0,00;285;135;136;44;38;593;815
9817;47,99;-200,90;0,00;0,00;0,00;-0,20;0,00;0,00;96;97;112;19;34;483;524
9818;46,41;-203,15;0,00;0,00;0,00;-0,20;0,00;0,00;212;167;103;29;38;492;595
9819;61,47;-65,21;0,00;0,00;0,00;-0,07;0,00;0,00;291;134;199;32;19;954;521
9820;65,84;-16,60;0,00;0,00;0,00;-0,02;0,00;0,00;321;104;187;11;15;306;725
9821;21,96;-433,68;0,00;0,00;0,00;-0,43;0,00;0,00;120;15;50;30;36;873;632
9822;91,31;184,75;0,00;0,00;0,00;0,18;0,00;0,00;434;23;160;11;16;223;659
9823;28,70;-434,72;0,00;0,00;0,00;-0,43;0,00;0,00;93;148;115;46;18;570;247
9824;90,23;177,21;0,00;0,00;0,00;0,18;0,00;0,00;462;79;21;26;31;724;593
9825;73,36;16,25;0,00;0,00;0,00;0,02;0,00;0,00;86;166;101;44;17;842;911
9826;62,01;-166,70;0,00;0,00;0,00;-0,17;0,00;0,00;215;147;23;16;18;662;204
9827;48,93;-244,12;0,00;0,00;0,00;-0,24;0,00;0,00;393;23;34;16;35;578;171
9828;65,26;-25,20;0,00;0,00;0,00;-0,03;0,00;0,00;499;45;122;20;16;107;126
9829;29,27;-381,99;0,00;0,00;0,00;-0,38;0,00;0,00;110;88;35;22;32;756;720
9830;54,84;-102,23;0,00;0,00;0,00;-0,10;0,00;0,00;285;76;58;23;36;713;401
9831;8,15;-601,86;0,00;0,00;0,00;-0,60;0,00;0,00;383;145;133;14;18;503;178
9832;31,77;-355,67;0,00;0,00;0,00;-0,36;0,00;0,00;471;83;158;36;37;988;339
9833;71,06;-18,30;0,00;0,00;0,00;-0,02;0,00;0,00;284;20;113;28;25;212;970
9834;67,58;-0,70;0,00;0,00;0,00;-0,00;0,00;0,00;184;12;107;43;20;743;623
9835;48,96;-137,22;0,00;0,00;0,00;-0,14;0,00;0,00;14;31;73;37;23;731;873
9836;60,52;-33,46;0,00;0,00;0,00;-0,03;0,00;0,00;88;163;74;31;15;336;311
9837;49,83;-177,20;0,00;0,00;0,00;-0,18;0,00;0,00;307;48;146;35;25;530;527
9838;40,84;-272,43;0,00;0,00;0,00;-0,27;0,00;0,00;31;43;190;49;18;468;824
9839;32,89;-469,64;0,00;0,00;0,00;-0,47;0,00;0,00;406;128;33;16;17;787;115
9840;30,10;-416,32;0,00;0,00;0,00;-0,42;0,00;0,00;19;155;73;41;31;480;827
9841;38,65;-377,84;0,00;0,00;0,00;-0,38;0,00;0,00;14;27;38;22;21;464;184
9842;32,20;-422,55;0,00;0,00;0,00;-0,42;0,00;0,00;71;99;193;38;31;877;290
9843;52,31;-181,37;0,00;0,00;0,00;-0,18;0,00;0,00;477;56;28;35;31;284;178
9844;62,84;-27,70;0,00;0,00;0,00;-0,03;0,00;0,00;422;139;74;17;15;540;899
9845;57,75;-100,17;0,00;0,00;0,00;-0,10;0,00;0,00;375;141;93;47;20;964;539
9846;51,08;-196,57;0,00;0,00;0,00;-0,20;0,00;0,00;220;147;132;23;36;292;821
9847;87,61;84,70;0,00;0,00;0,00;0,08;0,00;0,00;136;11;146;39;19;919;803
9848;22,27;-397,86;0,00;0,00;0,00;-0,40;0,00;0,00;61;103;21;21;16;175;505
9849;26,23;-493,70;0,00;0,00;0,00;-0,49;0,00;0,00;482;12;42;43;18;268;569
9850;45,32;-286,83;0,00;0,00;0,00;-0,29;0,00;0,00;206;46;115;22;17;558;926
9851;1,69;-673,32;0,00;0,00;0,00;-0,67;0,00;0,00;16;85;118;30;28;935;889
9852;3,51;-754,13;0,00;0,00;0,00;-0,75;0,00;0,00;271;161;154;31;36;893;161
9853;24,63;-442,12;0,00;0,00;0,00;-0,44;0,00;0,00;322;57;113;25;17;661;280
9854;71,76;86,94;0,00;0,00;0,00;0,09;0,00;0,00;39;109;163;31;39;385;567
9855;65,66;21,14;0,00;0,00;0,00;0,02;0,00;0,00;295;14;117;34;19;335;583
9856;26,83;-456,04;0,00;0,00;0,00;-0,46;0,00;0,00;495;26;57;21;19;225;852
9857;43,63;-308,48;0,00;0,00;0,00;-0,31;0,00;0,00;239;199;78;42;19;404;425
9858;35,87;-311,21;0,00;0,00;0,00;-0,31;0,00;0,00;268;57;144;20;28;925;235
9859;26,75;-406,54;0,00;0,00;0,00;-0,41;0,00;0,00;354;47;75;11;33;914;294
9860;25,18;-388,47;0,00;0,00;0,00;-0,39;0,00;0,00;112;167;190;10;30;839;478
9861;65,14;-8,06;0,00;0,00;0,00;-0,01;0,00;0,00;396;50;23;19;28;974;752
9862;100,00;279,71;0,00;0,00;0,00;0,28;0,00;0,00;35;108;191;36;30;314;308
9863;47,47;-265,92;0,00;0,00;0,00;-0,27;0,00;0,00;46;94;157;30;35;923;366
9864;53,46;-171,46;0,00;0,00;0,00;-0,17;0,00;0,00;337;108;53;16;28;283;698
9865;49,81;-244,50;0,00;0,00;0,00;-0,24;0,00;0,00;291;32;137;38;18;895;312
9866;58,59;-18,58;0,00;0,00;0,00;-0,02;0,00;0,00;237;62;97;25;21;424;116
9867;96,08;306,75;0,00;0,00;0,00;0,31;0,00;0,00;448;180;41;46;21;242;305
9868;39,85;-306,44;0,00;0,00;0,00;-0,31;0,00;0,00;278;22;170;19;38;571;462
9869;100,00;300,57;0,00;0,00;0,00;0,30;0,00;0,00;379;110;182;31;17;933;742
9870;54,84;-129,07;0,00;0,00;0,00;-0,13;0,00;0,00;360;187;29;48;22;390;424
9871;4,32;-659,19;0,00;0,00;0,00;-0,66;0,00;0,00;437;15;198;28;22;568;304
9872;44,40;-225,14;0,00;0,00;0,00;-0,23;0,00;0,00;305;48;105;48;31;812;531
9873;61,03;-74,12;0,00;0,00;0,00;-0,07;0,00;0,00;264;119;101;46;16;145;576
9874;3,82;-718,88;0,00;0,00;0,00;-0,72;0,00;0,00;325;179;196;15;19;537;377
9875;37,06;-394,97;0,00;0,00;0,00;-0,39;0,00;0,00;393;149;12;24;30;458;589
9876;46,66;-102,10;0,00;0,00;0,00;-0,10;0,00;0,00;421;154;110;38;30;306;769
9877;39,60;-346,61;0,00;0,00;0,00;-0,35;0,00;0,00;242;57;150;44;33;336;819
9878;64,87;-39,03;0,00;0,00;0,00;-0,04;0,00;0,00;216;176;14;37;35;423;664
9879;37,10;-237,10;0,00;0,00;0,00;-0,24;0,00;0,00;422;107;178;48;39;850;579
9880;70,66;18,97;0,00;0,00;0,00;0,02;0,00;0,00;366;110;30;44;19;678;521
9881;58,92;-70,85;0,00;0,00;0,00;-0,07;0,00;0,00;242;66;143;36;31;129;543
9882;74,51;75,95;0,00;0,00;0,00;0,08;0,00;0,00;329;189;186;30;29;546;766
9883;27,83;-412,97;0,00;0,00;0,00;-0,41;0,00;0,00;303;194;39;13;22;108;924
9884;53,93;-135,19;0,00;0,00;0,00;-0,14;0,00;0,00;118;122;108;11;37;288;360
9885;32,46;-335,40;0,00;0,00;0,00;-0,34;0,00;0,00;12;71;133;36;20;540;484
9886;49,33;-158,11;0,00;0,00;0,00;-0,16;0,00;0,00;158;195;85;11;16;748;985
9887;52,51;-111,69;0,00;0,00;0,00;-0,11;0,00;0,00;496;22;10;21;21;635;418
9888;47,56;-254,54;0,00;0,00;0,00;-0,25;0,00;0,00;304;41;104;38;39;226;261
9889;74,71;-1,29;0,00;0,00;0,00;-0,00;0,00;0,00;483;50;134;11;31;386;411
9890;49,67;-229,99;0,00;0,00;0,00;-0,23;0,00;0,00;144;112;120;25;28;204;786
9891;48,53;-258,55;0,00;0,00;0,00;-0,26;0,00;0,00;439;182;68;41;27;258;809
9892;58,92;-93,85;0,00;0,00;0,00;-0,09;0,00;0,00;384;97;84;33;24;115;465
9893;80,93;177,26;0,00;0,00;0,00;0,18;0,00;0,00;211;47;180;32;30;163;277
9894;59,39;-158,55;0,00;0,00;0,00;-0,16;0,00;0,00;46;183;134;23;18;989;707
9895;32,47;-351,84;0,00;0,00;0,00;-0,35;0,00;0,00;432;61;48;21;39;246;410
9896;30,86;-405,90;0,00;0,00;0,00;-0,41;0,00;0,00;103;137;78;34;32;383;174
9897;55,84;-72,79;0,00;0,00;0,00;-0,07;0,00;0,00;110;177;167;22;30;973;153
9898;51,60;-212,27;0,00;0,00;0,00;-0,21;0,00;0,00;445;141;58;14;36;261;780
9899;75,02;32,06;0,00;0,00;0,00;0,03;0,00;0,00;370;30;176;45;34;738;883
9900;40,45;-386,87;0,00;0,00;0,00;-0,39;0,00;0,00;449;161;137;45;22;692;169
9901;24,16;-414,25;0,00;0,00;0,00;-0,41;0,00;0,00;352;190;85;47;24;207;175
9902;47,92;-191,66;0,00;0,00;0,00;-0,19;0,00;0,00;163;64;118;25;38;969;354
9903;28,49;-480,38;0,00;0,00;0,00;-0,48;0,00;0,00;476;135;51;22;38;748;223
9904;69,37;44,09;0,00;0,00;0,00;0,04;0,00;0,00;292;19;121;29;38;193;207
9905;82,39;45,15;0,00;0,00;0,00;0,05;0,00;0,00;104;49;28;27;25;750;208
9906;85,21;283,39;0,00;0,00;0,00;0,28;0,00;0,00;250;72;32;22;18;273;838
9907;48,18;-197,16;0,00;0,00;0,00;-0,20;0,00;0,00;159;184;194;18;23;620;269
9908;100,00;297,72;0,00;0,00;0,00;0,30;0,00;0,00;471;117;117;31;21;713;121
9909;53,03;-224,01;0,00;0,00;0,00;-0,22;0,00;0,00;230;170;113;24;21;466;400
9910;54,15;-187,99;0,00;0,00;0,00;-0,19;0,00;0,00;407;24;159;19;26;409;318
9911;66,00;-11,25;0,00;0,00;0,00;-0,01;0,00;0,00;310;185;47;40;38;993;806
9912;42,02;-236,94;0,00;0,00;0,00;-0,24;0,00;0,00;375;54;104;17;21;307;949
9913;40,05;-252,20;0,00;0,00;0,00;-0,25;0,00;0,00;32;181;169;22;34;214;964
9914;78,10;46,69;0,00;0,00;0,00;0,05;0,00;0,00;266;152;151;19;25;723;427
9915;73,90;66,66;0,00;0,00;0,00;0,07;0,00;0,00;177;16;81;24;24;434;586
9916;10,76;-562,90;0,00;0,00;0,00;-0,56;0,00;0,00;119;79;197;25;27;974;711
9917;81,61;167,40;0,00;0,00;0,00;0,17;0,00;0,00;427;117;21;47;25;144;584
9918;36,36;-335,49;0,00;0,00;0,00;-0,34;0,00;0,00;370;87;19;24;23;635;458
9919;41,20;-372,26;0,00;0,00;0,00;-0,37;0,00;0,00;202;68;46;28;16;683;290
9920;61,93;-2,74;0,00;0,00;0,00;-0,00;0,00;0,00;275;106;122;21;19;621;550
9921;34,48;-450,56;0,00;0,00;0,00;-0,45;0,00;0,00;229;130;79;33;31;834;898
9922;53,19;-241,98;0,00;0,00;0,00;-0,24;0,00;0,00;467;63;127;46;26;842;353
9923;54,14;-149,88;0,00;0,00;0,00;-0,15;0,00;0,00;334;155;36;47;26;691;598
9924;51,44;-256,39;0,00;0,00;0,00;-0,26;0,00;0,00;141;91;173;35;26;379;817
9925;78,00;59,47;0,00;0,00;0,00;0,06;0,00;0,00;104;65;33;10;33;604;710
9926;68,73;4,84;0,00;0,00;0,00;0,00;0,00;0,00;48;128;148;27;26;773;726
9927;42,86;-249,96;0,00;0,00;0,00;-0,25;0,00;0,00;191;107;44;29;18;750;768
9928;77,43;20,69;0,00;0,00;0,00;0,02;0,00;0,00;38;99;46;23;18;516;998
9929;8,61;-664,35;0,00;0,00;0,00;-0,66;0,00;0,00;255;175;140;44;21;111;797
9930;41,68;-299,85;0,00;0,00;0,00;-0,30;0,00;0,00;214;197;183;30;25;459;395
9931;38,08;-252,08;0,00;0,00;0,00;-0,25;0,00;0,00;261;94;184;45;25;494;335
9932;76,84;13,51;0,00;0,00;0,00;0,01;0,00;0,00;174;104;125;10;34;864;276
9933;27,62;-375,75;0,00;0,00;0,00;-0,38;0,00;0,00;314;38;181;44;22;531;145
9934;77,98;121,57;0,00;0,00;0,00;0,12;0,00;0,00;277;107;193;39;18;697;936
9935;65,47;-77,33;0,00;0,00;0,00;-0,08;0,00;0,00;154;52;94;39;24;196;866
9936;58,00;-71,99;0,00;0,00;0,00;-0,07;0,00;0,00;453;14;24;48;33;350;949
9937;17,35;-563,03;0,00;0,00;0,00;-0,56;0,00;0,00;174;43;121;10;35;735;309
9938;72,66;114,66;0,00;0,00;0,00;0,11;0,00;0,00;212;57;41;13;21;675;470
9939;65,62;-69,03;0,00;0,00;0,00;-0,07;0,00;0,00;411;52;38;24;26;608;926
9940;87,59;196,58;0,00;0,00;0,00;0,20;0,00;0,00;191;68;29;29;28;579;864
9941;39,29;-268,88;0,00;0,00;0,00;-0,27;0,00;0,00;380;175;18;29;15;145;219
9942;48,19;-250,05;0,00;0,00;0,00;-0,25;0,00;0,00;384;26;114;16;39;112;838
9943;43,01;-292,20;0,00;0,00;0,00;-0,29;0,00;0,00;70;69;82;49;16;926;527
9944;27,87;-433,52;0,00;0,00;0,00;-0,43;0,00;0,00;378;108;47;31;26;223;618
9945;62,04;-89,09;0,00;0,00;0,00;-0,09;0,00;0,00;352;19;197;45;28;327;500
9946;83,79;104,93;0,00;0,00;0,00;0,10;0,00;0,00;429;135;12;43;27;223;276
9947;61,33;-136,98;0,00;0,00;0,00;-0,14;0,00;0,00;164;77;158;31;27;610;206
9948;37,56;-398,91;0,00;0,00;0,00;-0,40;0,00;0,00;331;157;116;46;29;249;940
9949;31,43;-419,38;0,00;0,00;0,00;-0,42;0,00;0,00;322;97;127;43;20;808;496
9950;100,00;291,90;0,00;0,00;0,00;0,29;0,00;0,00;286;42;160;12;38;447;663
9951;51,31;-271,15;0,00;0,00;0,00;-0,27;0,00;0,00;217;51;65;47;37;754;441
9952;34,25;-389,56;0,00;0,00;0,00;-0,39;0,00;0,00;350;101;176;42;27;277;523
9953;28,68;-355,57;0,00;0,00;0,00;-0,36;0,00;0,00;498;28;58;11;36;129;389
9954;46,42;-220,29;0,00;0,00;0,00;-0,22;0,00;0,00;390;132;49;15;20;902;440
9955;89,48;135,63;0,00;0,00;0,00;0,14;0,00;0,00;51;53;188;12;27;810;468
9956;83,96;95,74;0,00;0,00;0,00;0,10;0,00;0,00;138;145;199;26;36;879;394
9957;69,87;-53,16;0,00;0,00;0,00;-0,05;0,00;0,00;229;37;175;38;39;300;502
9958;47,82;-295,66;0,00;0,00;0,00;-0,30;0,00;0,00;58;172;31;40;31;215;265
9959;28,55;-375,98;0,00;0,00;0,00;-0,38;0,00;0,00;356;37;198;15;28;635;539
9960;43,37;-257,23;0,00;0,00;0,00;-0,26;0,00;0,00;312;143;56;32;30;532;799
9961;73,70;-7,87;0,00;0,00;0,00;-0,01;0,00;0,00;68;71;124;46;29;793;494
9962;19,54;-489,10;0,00;0,00;0,00;-0,49;0,00;0,00;324;116;103;18;24;835;637
9963;54,33;-125,66;0,00;0,00;0,00;-0,13;0,00;0,00;176;40;131;11;31;541;912
9964;72,79;49,13;0,00;0,00;0,00;0,05;0,00;0,00;405;187;120;47;18;987;879
9965;27,92;-421,21;0,00;0,00;0,00;-0,42;0,00;0,00;387;87;102;47;16;386;563
9966;43,24;-176,36;0,00;0,00;0,00;-0,18;0,00;0,00;438;160;38;43;24;672;742
9967;49,14;-256,34;0,00;0,00;0,00;-0,26;0,00;0,00;368;167;155;37;39;871;156
9968;87,61;128,19;0,00;0,00;0,00;0,13;0,00;0,00;203;186;194;28;20;741;326
9969;49,77;-254,66;0,00;0,00;0,00;-0,25;0,00;0,00;131;46;33;43;20;570;700
9970;76,43;90,98;0,00;0,00;0,00;0,09;0,00;0,00;407;36;87;24;37;350;688
9971;88,40;232,94;0,00;0,00;0,00;0,23;0,00;0,00;492;99;185;17;21;895;787
9972;65,33;-50,46;0,00;0,00;0,00;-0,05;0,00;0,00;273;128;66;13;33;757;384
9973;64,42;8,76;0,00;0,00;0,00;0,01;0,00;0,00;143;151;99;17;16;292;860
9974;49,05;-226,10;0,00;0,00;0,00;-0,23;0,00;0,00;126;141;150;17;26;571;171
9975;92,98;335,36;0,00;0,00;0,00;0,34;0,00;0,00;278;10;41;15;32;303;798
9976;44,84;-246,63;0,00;0,00;0,00;-0,25;0,00;0,00;26;73;145;38;32;871;556
9977;78,39;26,51;0,00;0,00;0,00;0,03;0,00;0,00;53;139;70;27;27;245;872
9978;30,93;-369,22;0,00;0,00;0,00;-0,37;0,00;0,00;227;153;131;21;24;754;357
9979;69,27;29,20;0,00;0,00;0,00;0,03;0,00;0,00;63;46;77;11;35;742;620
9980;38,66;-351,18;0,00;0,00;0,00;-0,35;0,00;0,00;403;98;143;14;25;265;931
9981;38,25;-260,43;0,00;0,00;0,00;-0,26;0,00;0,00;406;98;76;21;30;826;268
9982;52,20;-208,15;0,00;0,00;0,00;-0,21;0,00;0,00;112;118;85;47;21;934;571
9983;70,28;-52,76;0,00;0,00;0,00;-0,05;0,00;0,00;106;126;96;44;26;931;658
9984;59,97;-34,46;0,00;0,00;0,00;-0,03;0,00;0,00;284;183;29;11;39;556;270
9985;91,61;195,57;0,00;0,00;0,00;0,20;0,00;0,00;104;31;156;25;21;256;788
9986;46,73;-289,18;0,00;0,00;0,00;-0,29;0,00;0,00;259;179;48;28;31;905;849
9987;57,31;-94,32;0,00;0,00;0,00;-0,09;0,00;0,00;40;101;13;30;23;214;936
9988;0,00;-729,04;0,00;0,00;0,00;-0,73;0,00;0,00;26;112;188;42;38;544;259
9989;60,00;-204,28;0,00;0,00;0,00;-0,20;0,00;0,00;246;59;124;23;21;840;963
9990;83,13;159,83;0,00;0,00;0,00;0,16;0,00;0,00;175;180;173;25;19;769;158
9991;0,00;-644,64;0,00;0,00;0,00;-0,64;0,00;0,00;475;18;161;49;37;685;808
9992;58,63;-110,60;0,00;0,00;0,00;-0,11;0,00;0,00;211;164;148;10;32;817;263
9993;82,15;149,04;0,00;0,00;0,00;0,15;0,00;0,00;57;97;194;20;31;382;661
9994;62,05;-66,02;0,00;0,00;0,00;-0,07;0,00;0,00;457;28;129;29;23;707;159
9995;70,91;-11,54;0,00;0,00;0,00;-0,01;0,00;0,00;182;160;94;37;26;335;155
9996;61,84;-51,25;0,00;0,00;0,00;-0,05;0,00;0,00;358;51;155;16;31;168;984
9997;44,89;-217,95;0,00;0,00;0,00;-0,22;0,00;0,00;90;30;149;11;18;832;158
9998;45,00;-238,73;0,00;0,00;0,00;-0,24;0,00;0,00;474;189;191;17;20;672;313
9999;88,00;140,71;0,00;0,00;0,00;0,14;0,00;0,00;29;62;197;11;34;828;815
10000;76,33;33,23;0,00;0,00;0,00;0,03;0,00;0,00;202;88;168;28;30;287;339
